draw,delta_source_balanced_macro_f1,delta_source_balanced_brier,delta_source_balanced_log_loss
0,-0.00504992367094,-0.00068647605059,0.00194301298668
1,-0.0108890915806,0.00722766809239,0.0139833872862
2,-0.00351984945248,-0.00361216669265,-0.0078929807833
3,-0.00694572741008,-0.00344437065173,-0.0166527373429
4,-0.00912254804617,0.00771247145684,0.0199915553828
5,0.0018548987672,-0.00308705658855,-0.00106907228504
6,0.00239784267274,-0.00487211410174,-0.0125778584862
7,-0.00308864903352,-0.00488640306813,-0.00573948037476
8,-0.00443743231445,-0.00635620113233,-0.0149687062967
9,-0.00136850703238,-0.00804900153311,-0.00879442325385
10,-0.00148947331254,-0.00241762083945,-0.0083837992519
11,-0.015877965365,0.0202199296989,0.0420938831879
12,-0.00806085364609,0.0029196211418,0.0131723676359
13,0.000856608132089,-0.00439162521306,-0.00225110509557
14,-0.00735897085307,-0.00101351518732,-0.00718277164085
15,-0.00780288866777,0.00579748549933,0.0143562706607
16,-0.0115819243395,0.00158093350017,0.00828901103372
17,-0.0133606740432,-0.00205645106606,-0.00833837824105
18,-0.00169277692991,-0.000435200849352,-0.00791233964199
19,-0.0138701587762,0.00754710803345,0.0136857041601
20,0.00361102500365,-0.0102730325799,-0.0190999112763
21,-0.00300356789244,0.00718893730259,0.0183600420246
22,-0.00859954555024,-0.00424602621427,-0.00995599286078
23,-0.0169033312478,0.0122231395542,0.0330554812633
24,-0.00045410618372,-0.00604161493753,-0.00654200307269
25,-0.00588643736248,0.00331557355223,0.0084063879523
26,-0.0131516111508,0.00310994152595,-0.00123855271965
27,-0.0082314721366,-0.000862635150351,0.00436709266548
28,-0.00400196085542,-0.0022374853396,-0.0076785456041
29,-0.00529619651041,-0.00170694083613,-0.00383152910868
30,-0.0025024450643,-0.00136498590367,-0.00888806612956
31,-0.00793958317967,0.00270941665976,0.00325535512308
32,-0.00708645140904,-0.00312931857655,-0.0140197743743
33,-0.00558864327644,0.000578356433652,0.00276894163924
34,-0.00279367144587,-0.000325137239139,0.00876514891676
35,0.00163560472357,-0.0048899520018,-0.0104925120963
36,-0.00587032216963,-0.00379046275126,-0.00274777024313
37,-0.00816496982495,0.00121821554298,0.00860799443936
38,0.00102001323715,-0.00768177545668,-0.00756660326293
39,-0.00489566626752,-0.00493506532837,-0.00509962784526
40,0.00437704940802,-0.0113831260851,-0.00774322388218
41,-0.00249482459306,0.00364216153461,0.0139618180932
42,-0.00209516066206,-0.00667763800412,-0.0118603406294
43,-0.00456293755551,0.00224871841476,0.0061330512182
44,0.0010268251155,-0.0094820910934,-0.00641127473962
45,-0.00759574017227,-0.000234338774002,-0.00336122811292
46,-0.00602648132146,0.00318308646358,0.0153006881838
47,-0.00558590914885,-0.000128628568838,-0.00101245437676
48,-0.0074958671925,9.64375010146e-05,-0.00206334816677
49,-0.00124772866046,-0.00216167464035,-0.0035988566855
50,-0.00224752892905,-0.00046221026905,0.000107882276497
51,-0.00660278541092,-0.00247306099359,0.00220343570476
52,-0.00406090571127,0.00412998240813,0.00739100254233
53,-0.0144570156098,-0.00186334967242,-0.0117239307817
54,-0.00226346733937,-0.003429380965,-0.000188094587826
55,-0.0061697230799,-0.000389339948615,0.00170717048341
56,-0.00789916735481,0.00102226580181,-0.00670118740846
57,-0.004059380809,-0.00773858950844,-0.0181927081366
58,-0.00155662718291,-0.000762130098835,-0.0027730027674
59,0.000603025306802,-0.00458392255229,0.000293033095844
60,-0.00041683577071,-0.00341771556184,-0.0035021931787
61,-0.00512829358697,-6.12800200152e-05,0.000152511015959
62,0.00226817379998,-0.00643249621243,0.000444090332181
63,-0.00317490231758,-0.00299682466131,-0.000608562811065
64,-0.00601665378942,0.00525299496201,0.0105926702629
65,-0.00155726382948,0.00130758632946,0.00725410488397
66,-0.00336898538984,0.00356149833684,0.00605386017893
67,-0.00530426871344,-0.000327423447212,-0.00932937051315
68,-0.00593317744193,-0.00531712730031,-0.0118293101779
69,-0.00768369226102,0.0089932821593,0.0232861815094
70,-0.011780644647,0.0102814347952,0.0277153481554
71,-0.00460425199713,0.00132852382613,0.00663100107489
72,-0.00672801246745,0.00281530404246,0.000880777440738
73,-0.00790366440086,-0.000433379536828,-0.00587212872354
74,-0.0138951344388,0.00538542291313,-0.00148430797067
75,-0.000614593695189,-0.00438711368702,0.000725758715803
76,0.00186066914966,-0.00254625146486,-0.000438250756054
77,-0.0139370842219,0.00748296262815,0.00725259668501
78,-0.0116998863065,0.00057257842034,-0.00223111758451
79,-0.00941530731797,0.00393109694941,0.0054271695114
80,-0.00777601589089,-0.00870889514612,-0.0261345477479
81,-0.0117417759829,0.00691847323256,0.0241467475426
82,-0.00376877816716,0.00293755108201,0.00901815802375
83,-0.00840068395029,0.00118309123408,0.00118544198972
84,0.000900479945182,-0.00774458619526,-0.0210948720283
85,-0.014871089165,0.0091408082737,0.0161837933566
86,-0.00336133156134,-0.00626289235026,-0.0109836300359
87,-0.00938640646633,0.00430893209725,0.0139487499343
88,-0.00690307277952,0.000958531650904,0.00423595391742
89,-0.00203118390872,-0.00298531034982,-0.0012357098855
90,-0.00437470723777,-0.00385544397857,-0.0042590752086
91,-0.00304683792182,-0.00568747037478,-0.0118937251571
92,0.00565843027191,-0.00969852246729,-0.0104630351705
93,-0.00223274336204,-0.00921258625928,-0.0182999313281
94,-0.00569219579523,-0.00329947296236,-0.00431564048176
95,-0.000650298296818,-0.00327392480826,-0.00239310029941
96,-0.00403922338619,-0.000901712616428,0.00257972595476
97,-0.00843856301312,0.00100503420862,0.00153459936498
98,-0.00577184049138,-0.00334876850976,-0.0104719122076
99,-0.0103813277704,0.0047932600217,0.00833287934455
100,-0.00367802923753,-0.00442792556775,-0.00640456992044
101,-0.0058256476489,-0.000391597002353,-0.00425798385233
102,-0.00367724960522,-0.00322013026085,-0.00748305611248
103,-0.00568872731811,-0.00294105203625,-0.0120547057875
104,-0.000799835307721,-0.00637980021905,0.0015345929738
105,-0.00130053131474,-0.000176975299216,0.00674359043398
106,-0.00656606783246,0.00161088996937,-0.000711488410217
107,-0.012489630722,0.00142287483071,0.00201832090223
108,-0.00901057609278,0.00104299974802,-0.00191392979545
109,-0.00851130121309,0.000709702498488,0.000975188540716
110,-0.00906056298245,0.00441634085416,0.0245010095579
111,0.0023107455556,-0.00685062469609,-0.0107420536512
112,-0.0068232193412,-0.000318318522994,0.0140430888374
113,-0.0103214979148,0.000831848207695,-0.000638861772927
114,0.0021701787025,-0.00234582796794,0.00135720318131
115,-0.00520833414159,-0.00251346889754,-0.000300931898439
116,-0.00902788784859,0.00424351680794,0.00254972471865
117,-0.000816732029057,-0.00193184632182,-0.00754013996118
118,-0.0132374439759,0.0084728301877,0.00635237170353
119,-0.000438055274305,-0.00533708618595,-0.00448202222751
120,-0.00354740370597,-0.00152061762463,0.0079610268462
121,0.00191830036956,-0.00405054290319,0.00718250592861
122,-0.000176523125084,-0.00452254402159,0.0111446253653
123,-0.00677919949561,-0.00122610255894,-0.000308070458365
124,-0.00673057419798,0.00532944643264,0.00881467512279
125,0.00146468803028,-0.00189762651831,0.00989274739721
126,0.00176086663605,-0.00693093351293,-0.0091510971333
127,-0.00529583541249,0.00169677781839,0.00294066746814
128,-0.0131417568253,0.00673259125944,0.000694951955977
129,-0.00774982290716,0.000559507258482,0.000776656966918
130,-0.0114559407462,0.00636016168902,0.0146681007827
131,-0.00775612092506,0.000439751828879,-0.00805889593355
132,0.00357112399467,-0.0065457622311,0.00232585221046
133,-0.00690014245434,0.00192010046147,0.00427655598491
134,-0.00838277891568,-0.00278050888766,0.000295202016437
135,-0.00362766470295,-0.00179873422727,-0.0123433447182
136,-0.0107149462268,0.00288406448194,0.00393343139621
137,-0.00190429026809,0.00269865979652,0.00593522726325
138,-0.00812615784654,-0.00293169623959,-0.00426188938321
139,-0.00227641327521,4.25231287565e-05,0.00255014556263
140,-0.000410539622105,-0.00149743920345,0.000334293136904
141,-0.00287550934532,-0.00556464438692,-0.0152333781754
142,-0.00607885475647,-0.00101916927142,0.00278960162735
143,0.00628682961494,-0.00879469199337,-0.0183296807027
144,-0.00237514571418,-0.0112096239291,-0.0230880918617
145,-0.0145099038562,0.00901639814309,0.0208549335133
146,-0.00138078018851,-0.00247366276027,0.00371808342869
147,-0.00408046979913,-0.00210406895721,-0.000367775876204
148,-0.00771028977151,0.00255425757871,0.00493664259563
149,-0.0137400872013,0.00183855827202,-0.00144966960432
150,-0.00013694099582,-0.00682881929425,-0.000839131063546
151,-0.00486119840214,0.00173451856598,0.00162320825665
152,-0.00397866889605,0.00240551581542,0.00454010373131
153,-0.00639989291136,-0.00552637257772,-0.0151722971845
154,-0.00275054597581,-0.00557572612945,-0.010110649694
155,-0.00120183998721,-0.00180743507996,0.00150451517718
156,-0.00825483919061,-0.00344676978351,-0.00206596051926
157,0.000767544012879,-0.00366444476707,0.00189102865661
158,0.00235603563322,-0.00504352858395,-0.0189335134618
159,-0.00968920156836,0.00771925997868,0.0170883650579
160,-0.00753797117402,-0.00903827717118,-0.0283648417616
161,-0.000611695935198,-0.00250294551176,-0.000872297933766
162,-0.0047803147716,-0.00131934675307,-0.00470086293288
163,-0.00571324950224,0.00247364965614,0.00195700742095
164,-0.0046129806113,-0.00518938617446,-0.0123353023407
165,-0.00509787342381,-0.00251824779389,-0.00521264049
166,-0.00967510812066,0.00396783331918,0.00268170784823
167,-0.000793860305079,-0.00625932519539,-0.0159374960407
168,-0.0113696515537,0.00876966607254,0.0240140242642
169,-0.0107339441126,0.00324998201976,0.0155561959286
170,-0.0148823597562,0.00826831185381,0.0183679522318
171,-0.000213183874747,-0.00575054377222,-0.00709295332767
172,-0.00244346488123,-0.00401245463607,-0.00778312259537
173,-0.00892005941631,0.000826546333442,0.0007422356479
174,0.00170013214518,-0.00432711638831,0.00536133088849
175,-0.0034020824139,-0.00454091237755,-0.0116748594954
176,4.31608614924e-05,-0.00836728394099,-0.00540941748595
177,-0.00780392716646,-0.0009453181363,-0.00212516001051
178,-0.0116868029422,0.00409965380707,0.0103213636339
179,-0.00397581576024,0.00165899765476,0.000774848588325
180,-0.00376103170496,0.0044310275912,0.0103250483885
181,-0.0130296595951,-0.000830725528044,-0.00477911997966
182,-0.00398468904259,-0.0017918975493,-0.00788927998718
183,-0.000443079930212,-0.00254916878843,0.00447153331634
184,-0.00124013628516,-0.00507513317645,-0.00318814163649
185,-0.00414113169837,-0.00121522506576,-0.00113207395673
186,-0.00550142509174,5.6598014177e-06,0.00240437172617
187,0.00155635695163,-0.003692483609,0.00131124214548
188,-0.00151800872081,0.00203736723601,0.000819183912576
189,-0.00548548234007,-0.00452903537998,-0.00154974570874
190,-0.0129843308257,-0.00169884029689,-0.0123551630393
191,-0.0042186548535,-0.0067063831697,-0.011413233128
192,0.00022767899582,-0.00109926583662,0.000291511901263
193,-0.00137191288304,-0.000623987865695,-0.00058940533549
194,0.000650907100129,-0.00302331494185,-0.0140667359027
195,-0.0105994084126,0.00307948520674,0.0120911920399
196,-0.00606145846106,-0.00452050246169,-0.00421007912432
197,-0.00544366043989,-0.00189633032789,-0.00486227121316
198,-0.0105363344553,0.00129603602673,0.000483899194124
199,-0.00497573921094,-0.00110988552009,-0.00237985226704
200,-0.00670368272604,0.00181393634039,0.00680290650771
201,-0.00892778241077,0.00654023900453,0.0102177601878
202,-0.0140448453972,0.000991216658376,-0.00210849182706
203,-0.00221607142781,0.00157161803583,0.00439089974829
204,-0.00332362426129,0.000926141509123,-0.000966590002198
205,-0.00220041002692,-0.00574409457809,-0.00629248457068
206,0.00223435413504,-0.00773758315272,-0.0103337170842
207,-0.00744099329596,-0.00263918478762,-0.0136885170275
208,-0.01056709834,0.00720180021335,0.0183511292789
209,-0.0094327346645,0.00158979716799,0.000889089043976
210,-0.0114149914828,0.00145238029362,0.0058287713154
211,-0.00561610529393,0.00217869800587,0.0020340848714
212,0.00715067526258,-0.0113728129526,-0.0226010456024
213,-0.00422540425862,-0.00229453184911,-0.00023342709125
214,0.00292571519145,-0.00380618843711,-0.00183342373563
215,-0.00708056012099,-0.00578797109038,-0.0143059690995
216,-0.010324516338,-0.00124721090338,-0.00711192287851
217,-0.00106182474552,-0.0113267258989,-0.0202970011966
218,0.00173971518146,-0.00349548544802,-0.00587049501477
219,-0.00909734244472,-0.0032607356865,-0.00632626633588
220,-0.00652821578534,-0.000287196949044,-0.00118609988528
221,-0.00436309428442,0.00195881056957,0.0119738148195
222,-0.011566827498,0.00279565584456,0.00103985422736
223,-0.0027129537523,-0.000880313616872,-0.00208864376892
224,-0.00963516999209,0.0040859441705,0.0138391878446
225,-0.0024076260872,-0.000220354197899,-0.00322833419254
226,-0.0160483930479,0.0153290555819,0.0353405365598
227,-0.0100951193743,0.00316920732548,-0.000390254956042
228,-0.01125565104,0.00429625102479,-0.000976765944696
229,-0.00303260337382,-0.00249633156928,0.00660808291352
230,-0.00292601549236,-0.00319583207442,-0.0130916547157
231,-0.0102939898971,-0.00155945275248,-0.0160649942112
232,-0.000208893787284,-0.00691780410722,-0.0049628836225
233,-0.00789336303263,0.00278282247145,0.0103743485989
234,-0.00943034687555,-0.000392424542596,-0.00123030838498
235,-0.000642285228763,-0.00142140529799,0.00263316056089
236,-0.0119852876505,0.00393939814971,0.0143626684159
237,-0.00229066976541,-0.00586700001815,-0.00896132289599
238,-0.0008214169236,-0.00160887957237,0.00778867314988
239,0.000809352089989,-0.00574072317757,-0.0058624401645
240,-0.00449784909316,-0.00210879325607,0.00158440632618
241,-0.00501308603518,-0.00262541139991,0.000827398440345
242,-0.00523757058026,-0.00165934110053,-0.00520062309692
243,-0.00232642951,-0.00460530072645,-0.00161895701603
244,-0.0102221625928,0.00263166582581,0.000899534247461
245,-0.00359839821132,-0.00561445402151,-0.0114203438757
246,-0.00921609407959,0.0105604128539,0.0245421572083
247,-0.00885877176282,0.00154982274509,0.00991245284514
248,-0.00152758571962,-0.00812869773773,-0.00774613836554
249,-0.00394978719422,-0.0067827813459,-0.0143422747829
250,-0.0093853377636,0.000920358136225,-0.00769581838547
251,-0.00159926926333,-0.00275228480441,0.000584545174233
252,0.000891585167647,-0.00336720517121,-0.000834358526741
253,0.00651450572099,-0.00775552413792,0.00507590172086
254,-0.0118217392053,0.004017143882,0.0099668883452
255,-0.00938933712557,0.0044736551102,0.0126732474632
256,-0.0032554817143,-0.00532447596025,0.00191799958219
257,-0.00482436444173,-0.00240896031702,-0.00726663282377
258,-0.000696119297392,-0.00168446751451,0.00307792408558
259,-0.0016729955112,0.00115056738644,0.00609781420225
260,-0.00812032332181,0.00507110263124,0.0168795545585
261,-0.00600314794848,0.000473041226362,-0.000646219073011
262,-0.00314514845795,0.00140916144209,0.00137152566082
263,-0.0148834319814,0.00457825197819,0.00137519318452
264,-0.00234399014549,-0.00517554030414,-0.0129764373942
265,-7.94218801285e-05,-0.0100971189478,-0.0154403139075
266,0.000173330771102,-0.00407982102464,0.0101177375399
267,-0.00228501801453,0.00206681178502,0.0159674177924
268,-0.010245406713,0.00726723863903,0.0191844995371
269,-0.00654776578956,0.00147669786839,-0.0051579248577
270,-0.0114316861383,0.007244816826,0.00798848886435
271,-0.0037164792662,-7.33812565024e-06,0.0106321607694
272,-0.00698607131112,0.00184523358416,0.0117840006023
273,0.00124961497296,0.000487744566243,0.0107604001132
274,-0.0117960767166,0.00474233063649,-0.00140522954383
275,-0.0145504684421,0.00154274036448,-0.0049494228165
276,-0.00706375461481,-0.000898170263905,0.00303786243682
277,-0.00449185617828,-0.00298800590599,0.00585967851281
278,-0.00187298785276,-0.00306046500785,-0.000936604722915
279,-0.00199902235512,-0.00368635620806,-0.00385714345008
280,-0.00102551621546,-0.00246172010629,-0.0089647302719
281,-0.000646905220759,-0.00449059954903,-0.00959736491395
282,0.00166781609466,-0.00316882334996,0.00688449420069
283,-0.0126390578991,0.00176146622343,-0.00675023781765
284,-0.000204192552715,-0.00331803066627,-0.0122740831315
285,-0.0062772487178,0.000106969359671,0.00399050545002
286,-0.00438544171491,-0.000576634975544,-0.00918610632853
287,-0.000697116881006,-0.000839487910182,0.000988478459036
288,0.0013050278648,-0.00821084470503,-0.0105126701704
289,-0.000435171561149,-0.00536995924949,-0.00705806102841
290,-0.0158101914151,0.00809750989669,0.0103519122884
291,0.00431613899468,-0.00948127824386,-0.0260317469282
292,-0.0137418005997,0.0008737383975,-0.00294976488044
293,-0.00710131273479,0.00828221392783,0.0253365889476
294,-0.00420364206369,-0.0014258979256,-0.00150966003117
295,-0.00588318998554,0.000618325957048,0.0100207727554
296,-0.00859385464738,0.000873816023115,0.00456850799436
297,-0.00790941796804,0.000955949261875,0.00224710984826
298,-0.00896479807889,0.00134011586864,0.00874017929343
299,-0.00728497839208,0.000263641653343,0.00335346356945
300,-0.00754433746682,0.000741548036198,-0.00516884290827
301,-0.00319164734438,-0.00264296684586,-0.00372260152969
302,-0.00534115333447,-0.0018571728405,-0.00730325992205
303,-0.004898425657,0.00289831887653,0.00527418067602
304,-4.60921654929e-05,-0.00458430241587,-0.000600686680142
305,-0.00765934061283,0.00108167462888,-0.0111381210521
306,-0.00108439609894,-0.00344521663189,-0.00393854594762
307,0.00179098994276,-0.00730301239954,-0.0139133109981
308,-0.0013577503107,-0.00872958159279,-0.0130712853961
309,-0.0047961592436,-0.00259261068189,0.000400557506251
310,-0.00362714628566,-0.00571437247119,-0.0218034647934
311,-0.00973507014733,0.00853006225319,0.0160211053215
312,-0.00121852617258,-0.00506232339189,-0.016080873975
313,-0.00425269304915,-0.00842982647583,-0.019249497388
314,-0.000453159150733,-0.00333920258006,-0.00139082418136
315,-0.00413451272411,-0.00317260003342,-0.00561659938444
316,-0.00498680542213,-0.00795831060759,-0.013953613406
317,-0.00200641919016,-0.00185873915628,0.00672236251803
318,0.00449135766411,-0.00412257092885,-0.0131528484903
319,-0.00247912696717,-0.0010706188609,-0.00698171076412
320,-0.00639579484514,-0.000159887697269,0.00266997780141
321,-0.00846148957963,0.000830573960273,-0.00558838402711
322,-0.00811253540722,-0.00582892089734,-0.0124782366011
323,-0.00142699283958,-0.00218225200238,0.00493799257277
324,-0.0104219388477,-0.00616573337353,-0.011237617892
325,-0.00181968947927,-0.00178306476276,0.00341561196564
326,-0.011967476139,0.00342682504164,0.00230999648326
327,-0.0174005445003,0.00974580771342,0.0247119099869
328,0.000994470746953,-0.0030921622833,0.00390644224815
329,-0.00697394378572,0.00700008792408,0.0257150595669
330,-0.00331502208891,-0.00229373012335,0.00518773993786
331,-0.0142555543011,0.000981209009811,0.00427794984426
332,-0.012588866174,0.000870683315122,0.0051182043033
333,-0.00213675594534,-0.00173293860854,0.00256534031125
334,-0.000925340509396,-0.0106855966438,-0.02259616366
335,-0.00496647840407,0.00289635896889,0.0132676860637
336,0.00453996265081,-0.0081462247702,-0.00357277977521
337,-0.00316558218844,0.000384211256872,0.00872400308659
338,-0.00971033032907,0.00178828865254,0.00542789480245
339,-0.00503472730068,-0.000975902402279,-0.0120666389736
340,-0.00166064870564,-0.00083535301509,-0.00273251118878
341,-0.00629549003889,0.00458511456527,0.0182414260119
342,-0.00404517383104,-0.00587325491951,-0.00813384187833
343,-0.00296032684742,-0.000515230161131,0.00790964794788
344,0.000169109136773,-0.00373425803196,-0.00103226648523
345,-0.00745264625638,-0.00309472533552,-0.00440282026646
346,0.000598608620573,-0.00598804290349,-0.00800120470818
347,-0.00613391824419,-0.00125005611561,-0.00533759474244
348,0.00124608383321,-0.00166163255781,0.00080385423177
349,-0.001580228996,-0.0064268158587,-0.0175587187417
350,-0.00856875719062,0.00753893346324,0.0196596443476
351,-0.0065956431949,0.000911587916054,0.00711471894008
352,-0.00224699056559,0.00775461636389,0.0106012633455
353,-0.00495234486393,0.00574407927004,0.0134172888817
354,-0.00230023779469,-4.18162261246e-05,0.00247193981463
355,-0.015389561403,0.00218396588763,-0.00276425075256
356,-0.00841139464189,0.0014382221982,0.001752748316
357,-0.00616701312141,-0.00427811785041,0.00106149345017
358,-0.00713950320664,0.00137362867141,0.00392608897658
359,-0.00434231083599,0.00327753246637,-0.00213116200878
360,0.00322776322096,-0.00772043190527,-0.00765650069945
361,-0.00700382397728,0.000379098567083,-0.00119795797576
362,-0.00553466530557,0.00439874175224,0.0117045958735
363,-0.0135624421024,-0.000296604731133,-0.000202999706867
364,-0.00589193592452,-0.00207597991169,0.000293492519198
365,-0.00568868830659,0.00421595680761,0.00313944352167
366,-0.00725365091291,-0.00477292787106,-0.00667356352718
367,-0.00532116853375,-0.00333661796027,-0.00564445382367
368,-0.00810116444377,-0.00533252718615,-0.00862572702255
369,-0.00102915760245,-0.00406985419046,0.00778451118869
370,-0.00881689707354,0.00604896617277,0.0130872046176
371,0.00472116446134,-0.00867972568937,-0.00817228335281
372,-0.00329874103631,-0.000709718160229,-0.000216385337218
373,0.00444772229803,-0.00311122130519,0.00991174639085
374,-0.00766812973113,0.00355332290505,0.0130089946841
375,-0.00933924872638,0.00246085311285,0.0110513805809
376,0.000678403423739,-0.00345598666611,-0.000497641565047
377,-0.00724589727013,0.000444051114454,0.00294670467131
378,-0.00661701083224,-0.0022223194963,0.00507753725335
379,-0.00456791444877,-0.000149800764702,-0.002577060235
380,-0.00333785576563,0.00201640829723,0.0101857521186
381,-0.00139088959613,-0.00454006237127,-0.00534407769188
382,0.00344410252099,-0.00634196703488,-0.00564238603569
383,-0.00459030790912,-0.00409714488044,0.000447492215583
384,0.0011758767615,-0.00270821213381,-0.000613760002004
385,0.00137650400984,-0.00294314353348,-0.00368505886444
386,-0.0106894967617,0.00320705028463,0.00403803803952
387,-0.0003788400663,-0.00281545288724,-0.00647121028095
388,-0.00671770983607,0.00313694786579,-0.00120510585616
389,-0.00706240036469,0.000490854177208,-0.00491201318388
390,-0.00445798358721,-0.0132197816698,-0.0147494017428
391,-0.00733984455778,-0.00167181001186,-0.000361934301044
392,-0.0042985465144,0.00413634784246,0.0151390258713
393,-0.00379319876606,-0.00282474188552,-0.0020190568524
394,-0.00600104418115,0.000949587884346,0.00734528296088
395,-0.0170185978817,0.00569190326467,0.000384615227913
396,-0.00989477989633,0.00398795418762,0.0096601500392
397,-0.00406059627043,0.000360375121124,-0.000878457725578
398,-0.00122341095192,-0.00161907427976,-7.90389034944e-05
399,0.0051038264806,-0.00307933472569,0.00355035276552
400,-0.00819468202058,0.00726624067296,0.0153680183776
401,-0.00983831326893,0.00305457443103,0.00378396983038
402,-0.00420023834124,-0.00597173155217,-0.0155903598245
403,-0.00177677620465,-0.0103060595345,-0.0151437236717
404,-0.00193124685255,0.000893610158079,0.011817035092
405,-0.00484451244977,-0.00110646095463,0.00325886850725
406,0.00120411585255,-0.00429089627585,-0.00890701853663
407,-0.000843070738473,-0.00360390757842,0.00501870863324
408,-0.00508065203499,-0.000877183077867,-0.00254563705168
409,-0.00298979701775,0.00264229090156,0.00852293409773
410,-0.0102748378789,-0.00130228073552,-4.37903881191e-05
411,-0.013470373136,0.00679071687694,0.0153321725552
412,-0.00662539207224,0.00317141604583,0.0117469997928
413,-0.00797522067217,0.00159462526236,-0.00288696876916
414,-0.00880151099063,0.00854636544001,0.0227168527292
415,-0.00529862884216,0.00131008041916,0.00225791804383
416,-0.00322658599769,-0.00707923625534,0.00033758226481
417,0.000362533322807,-0.00907357957138,-0.0149222905084
418,-0.0090409048607,-0.00241232113658,-0.00958960896481
419,0.00254115630082,0.00186864316019,0.0165954665138
420,-0.00176440845628,-0.00329186658253,-0.0108553063974
421,-0.00873912282668,-0.00711272155328,-0.0215161041851
422,-0.0107867031315,0.00185543769489,0.00497801463977
423,-0.00501250933534,0.00465239667444,0.0132806818818
424,-0.00307788950962,-0.0068613533825,-0.0129560713194
425,-0.0112295778841,0.00203611320898,-0.00140137693792
426,-0.0017804642776,-0.00536701086056,-0.0147863169194
427,-0.00211673250742,-0.0147805747212,-0.0246882515633
428,-0.0021454745734,-0.00257406766934,-0.0020330950134
429,-0.00335846694316,0.00161976375068,0.0095054643194
430,0.00313368254487,-0.0074407782744,-0.00529348858229
431,-0.0040206977068,0.00306899848805,0.00482869329434
432,-0.00400411366644,-0.00418667861116,-0.0078758611499
433,-0.00859312252819,0.000116132690018,-0.0109996424145
434,0.00208347145169,-0.00867989483923,-0.010823685688
435,0.000556278420709,2.65405785568e-05,0.00448229147811
436,-0.0114656018595,0.000601225806204,0.00236288233434
437,-0.004249553138,0.00491964816062,0.0114775141159
438,-0.00314031138136,-0.00903358172155,-0.0169913189117
439,-0.00566697169989,-0.00252085085682,0.0016428501097
440,-0.00571963177659,-0.0069831776477,-0.010745078896
441,-0.00615369743885,0.00581655896642,0.0113128872974
442,-0.00390800994063,-0.000939929522475,0.00250539526022
443,-0.00609818614047,-0.00624874966575,-0.0120193945058
444,-0.0095743826463,-0.00152349763823,-0.00458523767106
445,-0.000513250209883,-0.000487766205387,-0.000899887958069
446,-0.00369631833247,-0.00183786124917,-0.00126553445375
447,-0.000433693044675,-0.00266136392182,0.00112033716643
448,-0.00771828978398,-0.00822385811816,-0.0268773891473
449,-0.00584602788973,-0.000679495805653,-0.00865718528225
450,-0.00122967722082,-0.00388158916581,-0.00350883604367
451,-0.00242600644065,-0.00282207786886,-0.00552166903604
452,-0.00234989709187,-0.00357354460731,0.00831986268553
453,-0.00558595062016,-0.00240155938458,0.0062117664171
454,-0.00840073426292,0.00459400069963,0.00988492159689
455,0.00356208744228,-0.00493317404806,-0.0145295655697
456,-0.00997984745706,-0.00236867287788,-0.0021735459852
457,-0.0047989518088,-0.0020773110091,-0.0158205946725
458,0.00119448857546,-0.00481821981404,-0.0104779641049
459,-0.00330025134117,-0.00548590218939,-0.000353508706899
460,-0.00293224149461,-0.0106098526192,-0.013339114131
461,-0.00760528874657,-0.00324026062271,-0.014085521894
462,-0.00831246809158,0.00126184681707,0.000175888581507
463,-0.00736162625082,-0.0024191492721,-0.00185788885859
464,-0.0101270827946,0.00156124231764,0.000835779196143
465,-0.00285648717605,-0.00479287938795,-0.00219679548184
466,-0.00601931890167,0.00442780073944,0.0107399725453
467,0.00166882445169,-0.00262027925387,-0.000860641719687
468,-0.0115873520914,-0.000484029063244,-0.0013598977777
469,-0.00383779248329,-0.00430374463756,-0.0120530324682
470,-0.00694197023008,0.00199448503281,0.00465088098912
471,-0.00452166785881,0.00789432470047,0.0152950914685
472,-0.00695140903042,0.0045309093974,0.0155738428114
473,-0.00235787590782,0.00237292110432,0.00781136206135
474,-0.0130638610644,0.00513250638937,0.00828320567149
475,-0.0127731011535,0.0107769342625,0.0321596074203
476,-0.00673174358002,-0.00252566009474,-0.00149412704125
477,-0.00512340615724,-0.000806575719779,-0.0013135207325
478,-0.0115248458933,0.00828458853188,0.0163804114097
479,0.00453404367277,-0.00815463833834,-0.00893605233036
480,-0.00221404351955,0.000676443065008,0.00657613683055
481,-0.0104476021087,0.00498456662996,0.00880233169772
482,-0.00452466188859,-0.00364755810326,-9.93653595907e-05
483,-0.00177569438075,7.3629673252e-05,0.0084634700908
484,-0.0145635122705,0.00309232858796,0.00521341815696
485,-0.00121385347352,-0.00201568373298,-0.00805880311043
486,0.000154281112864,0.00182476837727,0.0154427831067
487,-0.00251147195045,-0.0069597776371,-0.0161879930255
488,-0.0033386523663,-0.00322118913979,-0.00283552234008
489,-0.00459289019692,-0.00251675764855,-0.000427922750268
490,-0.00798736192532,0.00395208681925,0.00879118733502
491,-0.00921198626274,-0.000410915907635,-0.00778398028528
492,-0.0030152860813,-0.00346875617795,0.00794894740359
493,-0.00700139478586,-0.00089159186863,0.0029248717251
494,-0.0123728160006,-0.00236926482508,-0.0143765669872
495,-0.000119677061657,-0.00755620252904,-0.0243907072281
496,-0.000909363317186,-0.00638019697184,-0.000173073637522
497,-0.002913803016,0.000246059319392,-0.000312325138465
498,-0.000231699682153,-0.00212345089791,0.0049064557791
499,-0.000464004742234,0.000428252527568,0.0106908386361
500,-0.00100246409834,0.00117302755231,0.00258067414459
501,-0.0101410469274,0.00437612372486,0.00589087141952
502,0.00265453902488,-0.00427199082515,-0.000312096490234
503,0.00152160664789,-0.00530013480025,-0.00560162826009
504,-0.00759112458404,0.000240503459002,0.00575863097076
505,-0.00338296734406,-0.000564345167774,0.0103328743359
506,0.00194097889951,-0.00484903581682,-0.00306170230793
507,-0.00574824732721,0.00868120435504,0.0172574382817
508,-0.00455392234603,-0.00490990949335,-0.00910230142656
509,0.000856663824051,-0.00891385921303,-0.0223114855073
510,0.00705044065002,-0.00989151063774,-0.00992092087127
511,-0.0101105245319,-0.000896540674969,-0.0104994728791
512,-0.0093181052738,-0.00506608781483,-0.0134124055845
513,-0.00914666772751,0.00371500072195,-0.000212804978679
514,-0.00891069348335,0.00227273137177,0.00220068054786
515,-0.0068741168765,-0.0066532255657,-0.0124678728475
516,0.00118709946314,-0.00262853636397,-0.00482038147543
517,-0.0189121786088,0.00942246820573,0.0147158600605
518,-0.00733331722577,0.00344958639167,0.0135941353799
519,0.00172974188446,-0.0019742317172,0.00355848015213
520,-0.000948579390704,-0.00681581251724,-0.0201788239026
521,0.00542587389691,-0.00408076370862,0.0018714286435
522,-0.00466657488138,-0.00435632914317,-0.0126687973587
523,-0.00711694471058,0.00250105012357,0.0125096174076
524,-0.0107767126275,-0.000341661021962,0.000601687541031
525,0.000475266457588,-0.0013284882877,0.00314753760573
526,-0.00623537860022,-0.00391823937236,-0.000609581591502
527,0.00162771840022,-0.00194198073838,0.00322106387958
528,-0.00198130734111,-0.00176502662535,-0.00430618768653
529,-0.00381721504625,-0.0012597088751,-0.0066403556716
530,-0.0042962107006,0.00208551714771,0.0141830372428
531,-0.00488695770141,-0.00153442894146,-0.0089854053677
532,-0.0125502362754,0.00550068220805,0.00864968765423
533,-0.00150187183339,-0.000278587334027,0.00580054041051
534,-0.0121646884073,0.0138357060263,0.0199750645797
535,-0.00152014620334,-0.00254595160364,0.00242296030816
536,-0.00365909965695,0.00301544293249,0.00944378880117
537,-0.00903115833948,-0.00260180898774,-0.0081508616697
538,0.00249445108134,-0.00801546961407,-0.00950448576428
539,-0.00704850125304,0.00299087791226,-0.00152623125457
540,-0.00809596565732,-0.0013342114668,-0.00123704715822
541,-0.00378783648198,-0.00089165860229,0.00320102331245
542,-0.00877198798074,-0.0019417847577,-0.00603149429656
543,-0.011694789541,0.00845007194096,0.00919200384871
544,-0.00429613091424,-0.00133965967703,0.00416673581171
545,0.000330478058237,-0.00872636444511,-0.00895010330801
546,-0.000675611331686,-8.79380945293e-05,0.00502207639801
547,-0.00910016030418,0.00621864125221,0.0167948239705
548,-0.00116877169471,-0.00256786282271,-0.00478424439729
549,0.00284218279961,-0.0100172778841,-0.0170872686506
550,-0.00264510454463,-0.00541116787265,-0.0116953433708
551,-0.0158550854917,0.000890362069579,0.000167012659278
552,-0.00625847942461,0.00609735648594,0.0126528085686
553,-0.00130315255001,0.000149639633987,-0.00480679328561
554,-0.000657313776432,-0.00583474192639,-0.00702000460152
555,0.000253196421814,0.000217469218877,0.00314136119348
556,-0.000849416080952,-0.00511235330096,-0.0105726840675
557,-0.0115024477365,0.000970943743581,-0.01124857454
558,-0.019716892712,0.00725881349994,0.0107789107146
559,-0.00616602039778,0.00551656856834,0.0178724746889
560,-0.00996315658672,-0.00170121686602,-0.0111945300482
561,-0.00166834701227,0.000676620030546,0.00859009495217
562,-0.00158896094693,-0.0104142759061,-0.0177177780977
563,0.00146365888259,-0.00909150945633,-0.0131847333499
564,-0.0072557643137,0.00829315805496,0.026698161566
565,-0.00244374160564,-0.000717568861222,0.00728451657543
566,-0.00793507425244,-0.00042835350062,-0.00361323895938
567,-0.00395410519231,-0.000397630535395,0.00925292373355
568,-0.00210927179809,-0.00560996292587,-0.00648760092248
569,-0.00800086519539,0.00113119209867,0.00536690739625
570,-0.0041254291715,-0.00355969502309,0.00413855024101
571,-0.00420323905895,-0.000885048626561,-0.00154223640305
572,-0.00713300199615,-0.00621411810425,-0.0144515278987
573,-0.0140032639418,0.0037383293467,0.000781123790908
574,-0.00731344069775,-0.00335858807548,-0.00844025512601
575,0.000824730529766,-0.00808167310473,-0.00446181016256
576,3.23926934774e-05,0.00419655213343,0.00466295285289
577,-0.00787932180654,0.00310850395803,0.00780623897881
578,-0.0041652971648,-0.00151472203544,1.37554375418e-05
579,-0.00783230166706,-0.00193418764451,0.00210123761016
580,-0.0096192056088,0.00137194350348,0.00434540807539
581,-0.00898570918002,0.00257678366039,0.00286097160111
582,-0.0123109479376,-0.000833136879094,-0.0111978248093
583,-0.0104661294921,0.00508902277413,0.00600493432779
584,-0.00697317990482,0.00028343533305,-0.009664594116
585,-0.012357967617,-0.000543775475072,-0.0121660892265
586,-0.00491972417436,0.00117762896185,-0.00293326790536
587,-0.00865808722745,0.0097719316174,0.0273559864877
588,-0.0107187998092,-0.00158529461843,-0.00823248251936
589,-0.013975955292,-0.00168318830545,-0.0219809932796
590,-0.0024074430148,0.00386007324907,0.00472935565417
591,-0.00384562173816,-0.00302484712856,0.00184315961496
592,0.00517223011121,-0.00894216197382,-0.00361769153897
593,-0.00576848469199,-0.00281048867555,0.000818222546431
594,0.00359763201901,-0.00557924580507,0.00928096616881
595,-0.0087919674263,0.000869556039358,0.00207572788919
596,0.00108599857778,0.000535442067024,-0.000393691366399
597,0.000709771313465,-0.00311485211318,-0.000476896856605
598,-0.0082721616189,0.000130254056306,-0.00673327130087
599,-0.00110336988476,-0.00647300609449,-0.00534398288781
600,-0.000222247046937,-0.0035045547384,-0.00761841887948
601,-0.00675299863186,0.00179508322821,0.00361465974154
602,-0.00633536988857,-0.00749378862027,-0.0121881403511
603,-0.00195930908525,0.00273032062579,0.00375973245645
604,-0.00979584225325,0.00157739561599,-0.0030600228632
605,0.00563991198192,-0.00732049020549,0.00307709262827
606,-0.00215778627168,-0.00327679139498,0.00575203816719
607,-0.0191896085721,0.00829329186811,0.0110587700677
608,-0.00647891452312,0.000230455061246,0.00474030843737
609,-0.00633365190044,0.00610845642828,0.0191299589629
610,-0.00629206725075,-0.000837345485989,0.000700398841017
611,-0.0095815204122,0.00335483459798,0.00942946422952
612,0.000828892772533,-0.00664759874579,-0.00722413531151
613,-0.0158483705317,0.00330153838505,-0.00108137729898
614,-0.00372414865409,-0.00034917549658,0.00332934590161
615,-0.00223115915622,-0.00813152671402,-0.0143246258062
616,0.00140784193073,-0.00412820943718,-0.0110098918886
617,-0.00641569721106,0.000403628773734,0.0043466711617
618,-0.00857050650477,5.83050341098e-05,0.000687393435601
619,-0.00758012975436,0.00117309159449,-0.00102366701344
620,-0.00276127605998,0.000569735453383,-0.00222716133891
621,-0.0131199553023,0.00333436690679,0.00795215092679
622,-0.00547608920964,-0.00322063026127,-0.00580306103134
623,-0.00700894633002,-0.00218229866464,-0.00226274231087
624,-0.00634657142106,-0.00211968089575,-0.00123861898291
625,-0.00581063034798,0.00166103095637,0.0132321019339
626,-0.00185290279788,-0.00329865189083,0.00328979643059
627,0.00868355085635,-0.014046136395,-0.0133228324611
628,-0.015721624287,0.0081732897267,0.020140539195
629,-0.00383593555202,-7.6970988251e-05,0.00153868140058
630,0.00237623980476,-0.00406899532947,-0.00890805837807
631,-0.015278423171,0.00876616846301,0.0145984601558
632,-0.00573491296132,0.00145564946801,0.00506881667372
633,-0.0059588543392,-0.00370322800799,-0.0148882084204
634,-0.00417278810738,-0.00176485001457,-0.0038131387795
635,-0.00696513742194,0.00731815223249,0.00848990221336
636,0.000146326421124,-0.000284494083259,0.00778997476913
637,-0.00189888970228,-0.00587410971927,-0.0121449977723
638,-0.00121680803429,-0.000391269143189,0.00214202122696
639,0.00659525756476,-0.00775071934218,-0.0104919601406
640,-0.00608011051048,-0.000988150432259,0.00448919681426
641,-0.00310121191134,0.000400781183306,0.00831398966929
642,-0.00769263272981,0.00526760442999,0.0125809575457
643,0.00421521183949,-0.0117279517586,-0.0190028510947
644,-0.0129344224034,0.0031609408639,0.0105988010324
645,-0.00636431838945,0.00436631976128,0.0130390753772
646,-0.00645180088314,0.00288173434625,0.00413025317889
647,-0.00402840561738,-0.00738730886705,-0.0114596389476
648,0.00189623570556,9.056894534e-05,0.00651007189282
649,-0.000398354035223,-0.00246232896188,-0.00435720469987
650,-0.00989513987545,0.00167993224512,0.0031013612272
651,-0.00215153083177,-0.000890749551442,0.0102301539371
652,-0.0154446112102,0.00929915809862,0.00872361533107
653,-0.00200460163991,-0.00587160032302,-0.0119397926412
654,0.00137632101232,-0.00181516465811,0.00665824975802
655,-0.00959762609628,0.00227341744668,0.00322392627189
656,-0.00892484288599,0.0015929034091,0.00710679979026
657,0.00273064171448,-0.00990330727541,-0.0190112527936
658,-0.0136025429464,0.00228382347364,-0.00786536306598
659,-0.00732847484836,0.00115879045111,0.00775957243432
660,-0.00617649307557,-0.000609476421404,0.000859747156281
661,-0.0041663288519,0.000296264056829,0.00625126538717
662,-0.00695607312916,0.00189182040048,0.0139517247142
663,-0.00864098077748,0.00100975930382,0.00634730541313
664,0.00326651568959,-0.00648963895349,-0.0138901481205
665,-0.0084209743995,0.00132471529182,0.00205193465883
666,-0.00800822420806,-0.00142207744196,-0.00316550255816
667,-0.00140526760569,-0.00109076043112,0.0052539239474
668,-0.00641309810062,0.00273554802355,0.00544082939808
669,-0.00948159699544,0.00208848148541,0.00713815870074
670,-0.00765145822179,0.00479396586931,0.0138788470239
671,0.00365357908468,-0.00524518216589,-0.00323740452389
672,-0.0081681571222,-0.000598262471753,-0.00427759199126
673,-0.00401808690665,-0.00366072044914,-0.0110773251343
674,-0.00690515098792,0.00121557163381,0.000867600594058
675,0.000750790727342,-0.00952353208058,-0.0150528550715
676,0.00250416049517,-0.0115320321916,-0.00691285531674
677,-0.00181663234938,-0.00730655908625,-0.00161124096793
678,-0.00473474294811,0.00240566780308,0.00640683795854
679,-0.00394866820955,-0.00470781282199,-0.00904441062541
680,0.0060223673758,-0.00599425625224,-0.0037974395261
681,-0.0106455554138,0.00555632849994,0.016522867721
682,-0.0126436195726,0.00245123413205,0.00365829597012
683,-0.0113221323148,0.00524130770939,0.00189082432162
684,-0.00593276177651,0.00302647337322,0.0102647326855
685,-0.000736685232157,-0.00416438336448,-0.0058670223263
686,-0.0129466902099,-0.000421481406215,0.00440199945191
687,-0.00294352857269,-0.00296554758089,-0.00798635616174
688,-0.010953571517,0.00477156417546,0.00611881632728
689,-0.00428895852083,0.00286883792911,0.00628740958105
690,-0.00750349362823,-0.00284691007302,-0.00493216322051
691,-0.00278883036174,-0.00109152057943,0.000883160195885
692,-0.00451501019632,-0.00499443896377,-0.00185556347838
693,-0.0032121426866,0.00411470285987,0.00415617007149
694,-0.0049065602855,0.000347314707589,-0.00310393658029
695,0.00117884991721,-0.00478950172757,-0.00710608670599
696,-0.000129004709392,-0.00790294997508,-0.0125550208201
697,0.00112151366272,-0.00624395774476,-0.00351976690542
698,-0.00827405436324,-0.000899930436653,0.000956435901018
699,-0.0079819552572,0.000647627954007,5.27920814976e-05
700,-0.00408409186473,-0.00466875430834,-0.00661970707512
701,-0.00997366402768,0.00205735225771,0.00991620067675
702,0.00525574194537,-0.00901945457486,-0.0040112140991
703,-0.00519050110328,-0.00628273680018,-0.00792235178391
704,-0.00402110705202,-0.00274187647662,-0.00790398035946
705,-0.000996434112861,-0.00165644756485,0.00550102751699
706,0.000140150665982,-0.00204856118841,0.00565324365033
707,-0.00545690669566,0.00158349157815,0.0118463306953
708,-0.00360836665396,0.00368447297322,0.00738548540918
709,-0.0157899301553,0.00506437748796,0.0182687047915
710,0.00255948208813,-0.00688981672408,-0.0110185830195
711,-0.00153802113987,-0.000589814621341,0.00558648111819
712,0.00118551748209,-0.00227384956457,-0.00252278283797
713,-0.00518434422584,-0.00502430319664,-0.00837752529711
714,-0.0147242504996,0.00966593053186,0.0105022452066
715,-0.00725581378886,0.00889411375809,0.0204445987183
716,-0.00856526025805,-0.00232171286415,-0.00461504998908
717,-0.00420371173035,-0.00030033711319,0.000515452083237
718,-0.00305074319393,0.00200767416259,0.00619630287861
719,-0.00890823658127,0.00603118067898,0.0230220831755
720,-0.00495615377644,-0.00308656450426,-0.007978880561
721,-0.00234156006243,-0.00289617278119,-0.0141405042489
722,-0.00975885516831,0.00457349755298,0.0119793905309
723,-0.0078296228189,-0.0030305647659,-0.00664722725595
724,-0.00608845695102,0.00466995218879,0.00508781271006
725,-0.0122448721883,0.00661327436862,0.0160736415647
726,-0.00840793090797,0.00377997248134,0.003530864806
727,-0.000281576699646,-0.00612868432088,-0.00589164882591
728,-0.00711142499389,0.00279939951897,0.010744683923
729,-0.00320244214531,0.000506691127754,0.00728212626437
730,-0.0134160268248,0.00623132773354,0.0169661056432
731,-0.00283973278202,-0.0011069814601,0.0101080329569
732,-0.00560593047547,0.00350459299024,0.0185385353593
733,-0.00235550923714,-0.00370847593714,-0.000958307009154
734,-0.00674075683801,-4.79348310004e-05,0.0103660218766
735,-0.00403575824132,8.02138706324e-06,-0.00279190492172
736,0.00171949270615,-0.0140904015718,-0.0201914102864
737,-0.00055237086347,-0.00240515070194,0.000337417424808
738,0.00311566390363,-0.00946602823911,-0.0187261166508
739,-0.00692135125553,-0.00174687490555,-0.00266599975457
740,-0.0147318374168,0.00321753187993,-0.0015805573976
741,-0.00458339417617,-0.00151223919543,-0.00657660780726
742,-0.00686759101388,-0.00238910953265,-0.00182863142473
743,0.00177573796736,0.00119177735965,0.0108106447529
744,-0.00903963705247,-0.00468652649062,-0.00281125313267
745,0.00079828928541,-0.00250313762952,0.00719399853387
746,-0.00152234718867,-0.00486806220647,-0.0161602754489
747,-0.00198406539417,-0.00705342815181,-0.00600055112546
748,-0.00282294546672,-0.00233199953071,0.000578994327773
749,-0.00934622480934,0.00211088250404,0.00932409534439
750,-0.00890253834834,0.00474469456185,0.0180092645125
751,-0.00308188373813,0.00271628975513,0.00943432693679
752,-0.00653429672575,0.00264641242557,0.0131462245533
753,-0.000537069148673,-0.00199129744656,0.00468489534415
754,-0.00214633777774,-0.0102177419804,-0.0227122298056
755,-0.00401865154185,-0.00353318574373,0.0097382693212
756,-0.0101016522671,0.00494975932007,0.0126142152376
757,-0.00600104988193,-0.00308292040375,0.00226203017753
758,-0.0019804454769,-0.00305714145366,-0.000113991071174
759,-0.00682949378344,0.000813807727884,0.00544240837578
760,-0.00613437088906,-0.00189166582435,-0.00286302088091
761,-0.0101039606432,0.0133534086403,0.0312544818913
762,0.000219637438928,-0.00641357288421,-0.0178613298545
763,-0.0130136998288,0.00876362297651,0.0153842696845
764,-0.00354029554415,-0.00372097241484,-0.00176122987921
765,-0.0103339681886,5.48045810081e-05,-0.00833470589701
766,0.000384291448881,-0.00535745073762,-0.00610640312774
767,-0.0142413271127,0.00869447357565,0.0216375175928
768,-0.0126334743662,0.00315217247518,0.0131639280009
769,-0.00409588632445,-0.00136337558532,-0.00398679496564
770,-0.00191596105886,0.00152112100975,0.0111036045346
771,0.0043699886586,-0.0068505872492,-0.00775866904302
772,-0.00156253880539,-5.78344172266e-05,-0.00359341947586
773,-0.0115040734132,0.00141677151187,0.00722055883934
774,-0.0045072130939,-0.00161367190123,0.00788981761645
775,-0.00509990134624,0.00175280024968,0.00559995968474
776,0.00194416246975,-0.00310068830205,-0.000353570921423
777,-0.0131660497218,0.00933647203546,0.0174046700649
778,-0.00044450031544,-0.00710981203508,-0.0113530280624
779,-0.00907721869984,-0.00278606768203,-0.00549952639732
780,-0.016251909653,0.00179841214771,0.00175153431897
781,0.00238880059988,-0.00415372967712,-0.00809707107217
782,-0.00828900363367,0.00894586805943,0.0234157566585
783,0.00481958462662,-0.0140513116658,-0.0198945666049
784,-0.00224976712808,0.00101088127252,0.0120874930338
785,0.000573525228411,-0.0162224632646,-0.0376716581594
786,-0.005997131226,-0.00382182019359,-0.0133637649564
787,-0.00695598656464,-6.49066493653e-05,0.00416258626105
788,-0.00133375099788,-0.0015669193102,-0.00690087980652
789,-0.00963188247196,3.99940081562e-05,-0.0058577044627
790,-0.0133854191005,0.00964453603372,0.0213397265572
791,-0.000513043338239,-0.00437743700453,-0.00592032676543
792,-0.00814029891342,0.00121239380496,0.00236611600611
793,-0.000951062409179,-0.00514602687535,0.00112233553776
794,-0.0102168473897,0.00375540338051,0.0103195462727
795,-0.00356576593617,-0.00549135871625,-0.0134186730531
796,-0.0119647432233,0.00436880184739,0.0103270274344
797,0.00181595156148,-0.00436441733503,0.000149680684129
798,-0.0122714750318,0.00223012058336,0.00814552309374
799,-0.00720955167805,0.00421582409312,0.00787999119911
800,0.00290421502864,-0.00413695490935,0.000191524257084
801,-0.0138274721184,0.00656375191102,0.0166664370099
802,0.00378406957173,-0.00812700096295,-0.00245995817345
803,-0.00104765886215,-0.00515557399172,0.00026140494558
804,-0.00136096134663,-0.00688907421512,-0.0184553742187
805,-0.00494415987492,-0.00650445780211,-0.0212420518968
806,0.0067086165361,-0.0118005037234,-0.0197256640878
807,-0.00963480127631,0.0113374000705,0.0236419623886
808,-0.00937558511011,0.00323687035029,0.00987411836036
809,0.00308373721522,-0.0117141304676,-0.0171378829603
810,-0.00822445795319,-0.00268769571022,-0.00535611488573
811,-0.00645754356998,-0.00469318342293,-0.00738893770348
812,-0.0050634335758,-0.00162188219044,-0.000403418528768
813,-0.00976264957829,0.00237864424364,-0.00227460512496
814,0.00165925474429,-0.00896957788482,-0.0172287770243
815,0.00454816142317,-0.00599150116898,-0.0100532511055
816,-0.00194564390886,-0.00134124286234,0.00281259069373
817,0.0015728078714,-0.00475699350485,0.000108110910926
818,-0.016974282727,0.00497912417468,-0.00336455277803
819,-0.0108372138694,-0.000252679868134,-0.0036704925951
820,-0.000140827494519,-0.0013881260795,-0.00897285425903
821,-0.0052283634441,-0.00146090864662,-0.0013053125567
822,0.00507587898165,-0.00816110607604,-0.0121297610413
823,-0.00122113599483,-0.00316100430075,-0.00162045623022
824,-0.00295801113907,-0.000849664174967,0.000862547701198
825,0.00121506793232,-0.00611826198018,-0.0118553614685
826,0.000334201570582,-0.00826852142787,-0.00936437175108
827,-0.0072888416789,0.000900435601435,0.00273771789772
828,-0.00524106102652,0.00235760456609,-0.00194832796439
829,-0.000638917249304,-0.00163285421298,0.00404429735182
830,-0.00460076563425,0.00181973703615,0.00338505096964
831,-0.00189276906387,-0.000668925717136,0.00461410933037
832,-0.00266168811633,0.00168720412392,0.0107563814816
833,-0.0115766192139,-0.00015884855415,-0.00335762091935
834,-0.00798409860586,0.00823857233,0.011126472574
835,-0.0037555966888,-0.00413375158896,-0.00130676202097
836,0.00122248211603,-0.0054149855599,-0.00604221283766
837,-0.00958281619944,0.00333482762966,0.00906641449466
838,-0.00533477152559,-0.00247932704195,0.000414809230598
839,-0.00730197828745,0.00164762587776,0.00544961710882
840,-0.00893805035778,0.00554056345451,0.021607508576
841,-0.00683093656482,-0.00153031077027,-0.00426189994831
842,-0.00057319709688,-0.00229257992388,0.000540364138125
843,-0.00597572137964,0.00225251413046,0.00978816253954
844,0.000169206106115,-0.00277947501474,-0.00895787824825
845,-0.00665230935043,-4.56769467969e-05,0.00230121468694
846,-0.00797046501818,0.000247370907309,0.0075197356603
847,-0.0125395177838,0.00948178449408,0.0224601220391
848,-0.00624859073168,0.00446520996274,0.0193379222357
849,-0.00900959923625,0.00173638701297,0.00556607175359
850,-0.000527549206107,-0.000153483984425,0.00500823624035
851,-0.00281345991014,-0.00470285455064,-0.00921331165498
852,-0.0057003598082,0.00119640478215,-0.00310178372547
853,0.00303852873426,-0.00412591959855,-0.00349863274603
854,-0.00934512060591,0.0069790509023,0.0137377561205
855,0.0041476188382,-0.00693549655338,-0.00459321604771
856,-0.00327009455162,-0.00494677002904,-0.00848772072643
857,0.00643709100626,-0.0083339683436,-0.00258582516166
858,-0.000266257952138,3.77845220463e-05,0.000208241430968
859,-0.0104681550515,0.00207309512537,0.00485484005369
860,-0.00276605377126,-0.00336470585293,0.00506080011461
861,-0.00708655928175,5.87239018096e-06,-0.00233260820133
862,-0.00201480614428,0.00234589225518,0.0129854631937
863,0.00042341598105,-0.00246155544517,-0.00275096876895
864,-0.00801397972696,-0.00570582657675,-0.0033212465553
865,-0.00720307595443,0.0028815161165,0.000835628993296
866,-0.00212798678503,-0.00480483265101,-0.00585659826572
867,0.00115191848807,-0.00577058261597,-0.00517179421834
868,-0.00478681430119,0.000497394762985,0.0114960047079
869,-0.00454212724462,0.00594934077908,0.0162773478605
870,-0.00705497985178,0.00623686292106,0.0186881102196
871,-0.00839084218343,-0.000191807639448,0.00201933762857
872,-0.00629001525187,0.00208536259865,0.00416751041326
873,-0.00724753559336,-0.00158316671031,-0.00166016952223
874,-0.000565089022744,-0.00605981742158,-0.00960558406872
875,0.00432464778336,-0.00724457147241,-0.0157799461999
876,-0.0127181884613,0.00960822877486,0.0189044145904
877,-0.0157968746279,0.00132853434194,-0.00273547995321
878,-0.000644562152874,-0.00223350014697,-0.0204259930492
879,-0.00191142442773,0.00138310953156,-0.000666059835411
880,-0.000336554030616,-0.00752782800987,-0.00182002029332
881,-0.000616248509037,-0.00342616060531,0.00580268388685
882,-0.0063428670826,0.00322467371237,0.0152351275335
883,-0.00246867556486,-0.0017533167532,0.00123946401029
884,-0.0087139866103,0.00297906537112,0.00245405438137
885,-0.0113414841149,-0.000205009423633,-0.00266053716425
886,-0.0079373012759,-0.0010781752709,-0.00341709850346
887,-0.000618484216498,-0.00405770764021,0.00232840616487
888,0.000727902777262,-0.00557868321095,-0.00927294617131
889,-6.44596592131e-05,-0.00218053943024,-0.000412461678852
890,-0.00112096637156,-0.00545061140231,0.00349655968609
891,-0.00756753608447,-0.000499088833568,-0.00697144532871
892,0.000817835242458,0.00270718206676,0.00801400661786
893,-0.00561472893657,0.00206529822727,0.00905551397588
894,-0.0116010738447,0.00438948245405,0.0119701182012
895,-0.0025784362327,-0.00101663676042,-0.00757127251279
896,-0.00467309523824,-0.00770749446862,-0.0135433512685
897,-0.00357019988894,-0.00354120552048,-0.00359055866467
898,-0.00027034360145,-0.00225216635298,0.000844790067987
899,-0.0114603993516,0.0140009783496,0.0182530569818
900,-0.0134348365223,0.000266477009157,-0.0107823051839
901,-0.00842416056572,0.00326678576111,0.0072150747341
902,-0.00644704025204,-0.00201673475025,-0.00144230980529
903,-0.005248405627,0.000702904903983,0.0100608475697
904,-0.00398770160602,0.00215824527958,0.00754103534256
905,-0.0102122252926,0.00653465097259,0.00925663175002
906,-0.0139471991053,0.00148654493928,-0.00406587737923
907,0.0029005124888,-0.00894347423085,-0.016648743032
908,0.00140998007656,-0.0101165729234,-0.0143390886252
909,0.00152019989429,-0.00612717487793,-0.00752816810672
910,-0.0040163165692,0.00240669643845,0.000729850488972
911,-0.00473551747226,0.000880271248241,0.00650879571222
912,0.000841228875245,-0.0040021740261,-0.00562334936937
913,-0.000752388568606,-0.00826511990541,-0.016550023059
914,0.000266751600827,-0.00333272358498,-0.00744427318694
915,-0.0117483633342,-0.00105510220776,-0.0123987767597
916,-0.006205707682,-0.00478635398516,-0.0158861908374
917,-0.00634788010625,-0.00112809235289,-0.00523198586697
918,-0.00294475499703,-0.00764964089455,-0.0115388722493
919,-0.0107438859228,0.00275492673544,0.00784217022766
920,-0.014363401382,0.00967303326232,0.0115603443378
921,-0.00866699954993,0.000921184438771,-0.0110920206207
922,-0.00450200802689,0.00203508507607,0.00455365791969
923,-0.00581683074977,-0.00358132837389,-0.00937927293755
924,-0.00657345956492,0.000345458701308,-0.00442095910182
925,0.00143823771273,-0.0160509904584,-0.0275451303674
926,-0.00511415394694,0.00354345847432,-0.00250680450089
927,-0.00565192070621,-0.00232230675075,-0.00360435711433
928,-0.00802210308143,0.00610972927784,0.013690357886
929,-0.00870329343223,0.00109915647164,0.0080240191764
930,-0.00937518849432,0.00215326889249,-0.00368220617018
931,-0.00221226969622,-0.00286209761168,-0.00132903112445
932,-0.00310232112624,-0.0031750558966,-0.00419314324957
933,-3.05957884412e-05,-0.00248856400595,0.00373325117084
934,-0.0031139356181,0.000688406949133,0.00607757738113
935,0.00087460926909,-0.00580761358461,-0.00707200161679
936,-0.0028435406534,-0.00165929154438,0.00541764687835
937,-0.015654667261,0.00569617976933,0.0233795429734
938,-0.0070014145933,0.00346742369481,0.00678781122779
939,-0.00417916808478,0.00137957849848,-0.0062516464649
940,0.00055933225947,-0.00529441916493,-0.00873611362137
941,-0.00636559207803,0.00437601681879,0.00989312548499
942,-0.0145763908057,0.00708379416858,0.0157682191884
943,-0.00573664456858,-0.00178525550226,-0.00432212305038
944,-0.00160023036183,-0.00363987519793,-0.0081927577558
945,-0.00250426274837,-0.00123026622536,0.00294923736944
946,-0.00466542267122,-0.00772759657591,-0.0143309756968
947,-0.00654363656666,-0.00118560176154,0.000224747566956
948,-0.00524046316675,-0.00318767345875,-0.0001259929627
949,-0.00732068421187,-0.000525630172688,-0.00302029094488
950,-0.00374665749474,-0.00308359732574,-0.00195444328931
951,-0.00270181522636,0.00340031549549,-0.00232136082789
952,-0.000333786992179,-0.00284931778192,-0.00572804928372
953,-0.00792208003202,0.000522600474756,-0.00476571145787
954,-0.00640524523886,-0.00402118872098,-0.005690958501
955,-0.00660871111943,0.00116138744671,0.00335209778734
956,-0.00826093672899,-0.00101373693655,-0.00490033700013
957,-0.00746832204971,-0.00344144628506,0.00673190247519
958,-0.00152111515355,-0.00421023048371,-0.00531872675008
959,-0.00302031177717,-0.00212169441606,0.00431257236886
960,-0.00585444945155,0.0052212210137,0.00348563322331
961,-0.00660929591188,0.000960265193262,-0.000117281195823
962,-0.00942192239521,-0.00276772557369,-0.00699705123455
963,-0.00622087500862,-0.00380620841553,-0.00720663308372
964,-0.00732999294848,0.00013262069583,-0.00227915683459
965,-0.0112863221464,0.00477751661719,0.00636239343331
966,-0.00723675746365,0.000646650545523,0.00731074889479
967,-0.0120860565867,0.00789464158483,0.016529964004
968,-0.00378862523346,-0.00735300066856,-0.0194331911876
969,-0.00670629462615,0.000935617503499,0.00709465627605
970,0.00294318932508,-0.00188301541971,0.00226799615285
971,0.00227891000199,-0.00802529200379,-0.0144571827607
972,-0.00575748870165,-0.00396008908045,-0.0145888095098
973,0.00321361150451,-0.00429413254543,-0.000293642378457
974,-0.000351493495244,0.000351336763375,-0.000398537907515
975,0.00218368894729,-0.00261297654234,0.00942770158111
976,-0.00272657951046,9.84880499601e-05,0.0058964995388
977,-0.00322886513658,-0.00323441093881,-0.00898622918004
978,-0.00920255297431,0.000343010247541,-0.0024555359365
979,-0.00784836190138,0.00181979577371,0.0118841426273
980,-0.0014823754745,0.000459298098723,0.00209041145703
981,0.00214239997559,-6.17239380524e-05,0.0102208663695
982,-0.0048514686528,-3.97293712656e-05,-0.0016785330309
983,-0.0078744795655,0.0055242676286,0.0115189154786
984,-0.0100276632837,-0.00253791205065,-0.00847473859774
985,0.00211989243427,-0.0117718645564,-0.0184332973708
986,-0.00594630404455,0.00415779288939,0.00890325954153
987,-0.00512439427258,-0.00739244137593,-0.00818828299203
988,-0.00708605386738,0.00553865062947,0.0152202395874
989,-6.14396985618e-05,-0.00205539467499,0.0032068138791
990,-0.0061842358725,-0.00365281103804,-0.00468668189287
991,-0.00509703575829,0.00506505480155,0.00172868576667
992,-0.00836140488411,0.000567200701669,-0.00141487947707
993,-0.00827088797091,-0.000982846942479,-0.00328043091615
994,-0.00586527306807,-0.00208787528382,-0.00746180340828
995,-0.00336772241774,-0.00222903370402,-0.0048083549155
996,0.00285934793572,-0.00326108857886,0.000255601509265
997,-0.00681965592451,0.00304963568306,0.011274513718
998,-0.00342692474028,-0.00850450832193,-0.0212013022931
999,-0.0026559657659,0.000802641315198,0.0144942998951
1000,-0.00810475156028,0.00596956186899,0.0143682788953
1001,-0.00538069518179,-0.00332040112179,-0.0138788604362
1002,-0.0113618458504,0.000356714391179,-0.00224791940547
1003,-0.00946808907593,0.00113185257016,0.000235287967164
1004,-0.00962602527976,0.00769285038914,0.0182486368649
1005,0.000752599971665,0.000427195141864,0.00197641355623
1006,-0.00701917951097,-0.00244826240968,-0.00346833754359
1007,0.00214134915802,-0.00323604878484,-0.00112747073893
1008,-0.00480056991561,-0.0056770640406,-0.00947087821781
1009,-0.00437163766984,0.00124474732259,0.00540629284984
1010,-0.0065227192637,-0.00348443252103,-0.017554310125
1011,0.000266236352255,-0.00279284407298,0.000542067205673
1012,-0.00644477884795,-0.000603748837787,0.0038954799379
1013,-0.0062934593602,-0.00174244064563,-0.0120352726856
1014,0.000385117480398,-0.00972342544307,-0.0230789114944
1015,0.00259732978181,0.0010454255615,0.0120230284879
1016,-0.00361416749226,-0.00567067045284,-0.00468595124738
1017,-0.00635603073191,-0.00449588382574,-0.0120483995024
1018,-0.0018784445707,-0.00333699747761,0.00058717832158
1019,-0.00716432260891,0.00265367752113,0.014924637538
1020,-0.00188750335908,-0.00251349237745,-0.00122884256158
1021,0.00137788094639,-0.00114232959263,0.00122102249152
1022,-0.000271345397248,-0.00700075205067,-0.013124892258
1023,-0.0096913576595,0.00358647069096,0.00521291796412
1024,-0.000702809383316,-0.00363196871964,0.00439372688637
1025,0.00102260954949,-0.00337274886489,-0.0109906897548
1026,-0.000153366204213,-0.00270338671715,-0.00731515317773
1027,-8.32765076494e-05,-0.00612716303849,-0.00917479924203
1028,-0.00144503553284,0.00231575245085,0.0148088956259
1029,-0.0102475576412,0.00118344911012,0.00508811533471
1030,-0.00819124010817,-0.00203575121596,-0.0104028132213
1031,-0.0044762637087,0.00233481971475,0.00855707965652
1032,-0.0119017508648,0.00518189208311,0.010727261645
1033,-0.00391486250507,-0.000558593434155,-0.0071037140956
1034,-0.00623107927502,0.000331136875532,0.00774432131701
1035,-0.0100241895204,0.0047637332243,0.0174337031331
1036,-0.00403417498019,0.00225631328797,0.00744853614641
1037,0.00218806523278,-0.00375628298421,-0.0032962874954
1038,-0.0100280176619,0.00748110376581,0.0191758612876
1039,-0.00393402630813,-0.00272678055833,-0.0129077920871
1040,0.000758309057134,-0.00722850983962,-0.00855506127851
1041,-0.0128330014864,0.000349584749307,-0.00522796693634
1042,-0.0106835416488,0.00224667839055,0.00445953291617
1043,-0.00257464979126,0.00211212739033,0.0136614184615
1044,-0.00397175402359,0.00144741910173,0.0123878725431
1045,-0.00543341019439,-0.00412951592633,0.00158059604736
1046,-0.00610504876454,-0.0011185391088,0.0110942079894
1047,-0.010465597974,0.00743168391425,0.00695834079514
1048,-0.00297661153509,-0.00450942929503,-0.00737671762733
1049,-0.00213391068513,-0.00538896177326,-0.0119858302428
1050,-0.0061056653799,-0.00511496604438,-0.00823804325925
1051,-0.00226398725177,-6.52339609722e-05,0.00776996059777
1052,-0.00684356556665,-0.00520096726697,-0.00478206158105
1053,-0.00600727743337,-0.00283117211604,0.00425388633346
1054,-0.00468288744862,0.00252820547068,0.000203653687181
1055,-0.0011432665333,-0.00322133847832,-0.00206476835933
1056,-0.00565398710967,0.0025292128764,0.00713504263407
1057,-0.00647867538326,-0.00197416311572,-0.00144098377479
1058,5.92360973701e-05,-0.00144048724612,0.00285511434058
1059,-0.00819769571599,-0.00699584484076,-0.0173464815346
1060,-0.00693318007156,-0.00743587340627,-0.01461743246
1061,-0.00435012870053,0.000170987904866,-0.00852738163479
1062,0.00384271883632,-0.00246003458469,0.00149589753941
1063,0.00188528627645,-0.0067721454242,-0.00134519539109
1064,-0.00516209796538,0.00528988055633,0.00868687419204
1065,-7.38791869126e-07,-0.00382575833202,-0.00715646477955
1066,-0.00815997537589,-0.00157500065075,-0.012015480723
1067,0.004222879694,-0.00374906454138,-0.00145790893922
1068,-0.00469070712378,-0.00813136667747,-0.0116134474168
1069,-0.00888602449177,0.00729207752004,0.0265345643876
1070,-0.0125964111494,0.00363601590841,0.00668574215332
1071,-0.00166969898345,-0.010058758703,-0.00994662414551
1072,-0.00188827601466,-0.00517565626627,-0.0094701057281
1073,0.00232270062051,-0.00194354846334,-0.00609590394722
1074,-0.002104889809,-0.0034368240329,0.00568232431238
1075,-0.00541738511775,0.00259260486586,0.00901266044569
1076,-0.00670094832244,0.00452394233393,0.0140397701718
1077,0.000248211647649,-0.00455131943049,-0.00474486071739
1078,-0.00555212342457,0.00283817671401,0.0149997085082
1079,-0.00506462330494,0.00566428429077,0.0190152487979
1080,-0.00355373871428,0.00111280664113,0.0129918442571
1081,-0.010222635471,0.000897122420101,-0.000405081011066
1082,-0.00861311208486,0.00445967908327,0.011986880392
1083,-0.000974587394376,-0.00463677782009,-0.00871666981742
1084,-0.00841095262382,-0.00456222067192,-0.0160865483823
1085,0.00407225592914,-0.00736695729318,-0.00203944728776
1086,-0.00443384875263,-0.00434512159591,-0.0147538375984
1087,-0.00188937758348,-0.00614922072044,-0.00425864779311
1088,-0.00893685106831,-0.00358032081132,-0.0100065605698
1089,-0.00418579322744,-0.00701066675338,-0.0176147886318
1090,0.00314964870938,-0.00372579167694,-0.00432893209412
1091,-0.0124882638177,0.00496254213746,0.0099277052635
1092,-0.00248395085286,-0.00727654041382,-0.00318600238847
1093,-0.00767519635054,0.000630456175796,0.00172331538873
1094,-0.00649622671896,0.00404141070989,0.00531125989202
1095,-0.00709552518494,-0.00236547308523,-0.00933853342438
1096,-0.00833080287606,0.00371784103277,0.0107683387656
1097,-0.00551308817598,0.00106323340985,0.0034307811985
1098,-0.0142893458699,0.00689087185098,0.0102852641055
1099,-0.0143264280374,0.00261830271817,0.00696874700562
1100,-0.00852377188387,0.00207385564509,0.0151762635936
1101,-0.00829732933412,0.00455337277883,0.0135663957929
1102,-0.0121707112568,0.00601180185286,0.010851023374
1103,-0.00375360683161,0.00159092188205,0.00534474854721
1104,0.000705576153539,-0.00479093415023,-0.00756555842907
1105,0.00200216862526,-0.00904916056592,-0.0196994863636
1106,-0.00628269789269,-0.00126502745998,-0.00826692113398
1107,-0.00984709858173,-0.00414301605219,-0.0121232275973
1108,8.26505752208e-05,-0.00263596951978,-0.00527628847697
1109,-0.00898674679911,0.00423123393959,0.00089107690828
1110,-0.00901077564318,0.00465933107989,0.0115676302312
1111,-0.00335715825533,-0.00143301724558,0.00222629979341
1112,0.0023560207541,-0.00809337626624,-0.00133842895251
1113,-0.00607864081371,-0.00103367726572,-0.0085858620083
1114,0.00170934450405,-0.00166530801391,0.00224916249856
1115,0.000567050472481,-0.00491691934288,-0.00802332936916
1116,-0.00538784547187,0.00477249132766,0.0101540383178
1117,-0.00642338085567,0.00239225959411,0.00170397767313
1118,0.00090077684168,-0.013116799333,-0.0227072031683
1119,0.000984073336651,0.000439142127261,0.00640077210534
1120,-0.00582093447219,-0.00454041727334,-0.0118368791081
1121,-0.0115776388173,0.00855970815302,0.0159393994948
1122,-0.0111331454145,-0.00186353597033,-0.00917167602965
1123,-0.00225372373926,0.000745159764946,-0.00564567636916
1124,-0.00718648805651,0.00814870818201,0.00907113406103
1125,-0.00509194211979,0.001605616728,0.00714957926676
1126,-0.00584073081703,-0.00089026551898,0.00152930347854
1127,0.00227120995444,-0.00674154442832,-0.000660192941258
1128,-0.00427016017105,-0.00487394080285,-0.00124853484529
1129,-0.00315503455113,0.00292231279389,0.00119774485021
1130,-0.000970253849646,-0.00767991796262,-0.0166365909896
1131,-0.00541113901215,-0.00198735096297,-0.00831551965599
1132,-0.00244314689189,-0.000538692706644,-0.00614475742784
1133,-0.00672750105683,0.00250144059199,0.00941089690823
1134,-0.00348493800565,0.000437981143724,-0.00397941678162
1135,-0.00420527381872,0.000582298161123,0.00735485144867
1136,0.000223707894847,0.000280245515304,-0.00621981503899
1137,-0.00717576464908,0.00105017952827,0.00227024296418
1138,-0.00961918050508,-0.00507240575972,-0.0196952960897
1139,-0.00579385541306,0.000271756865947,0.00321042319724
1140,0.0042460899297,-0.00446087567931,0.00610227584782
1141,0.00204268161499,-0.0029526494647,0.00124770099879
1142,0.00355893848345,-0.00609156279479,0.00343145583071
1143,-0.00819715736799,-0.00302540958787,-0.0025929586314
1144,-0.00413509640201,0.00035011556545,-0.00263303796323
1145,-0.0129525213971,0.00125556067083,0.00635707619816
1146,-0.00178374588221,-0.00151967935769,-0.00650854867451
1147,-0.00721568529661,0.00291622965022,0.0117905650969
1148,-0.0132314784103,0.00887398969996,0.0143859684394
1149,-0.00270830412531,-0.00203525012312,0.00121574439982
1150,-0.0114029326467,-0.000772102452524,-0.0108908123534
1151,-0.0117804111244,-0.00141493354598,-0.013935559117
1152,-0.000492855751473,-0.00244889436076,0.00278517192751
1153,-0.00381102697445,-0.00579840484009,-0.0153505174964
1154,-0.00456270338651,-0.000102514232716,0.00162558221926
1155,-0.000553221234975,-0.00545152120761,-0.0118846059049
1156,-0.00649794796495,0.00322285254273,0.0100551122764
1157,-0.0127270251636,-0.00229907834131,-0.0159324968836
1158,0.00608053691213,-0.00595800137547,-0.00900375940526
1159,-0.0129707437118,-0.000520484741798,-0.00865995433746
1160,-0.0046540681412,-0.00839174582011,-0.0186733199997
1161,-0.00348107884258,-0.000155406965794,0.00819756182302
1162,-0.00268732209831,0.00111518490636,0.00792016084269
1163,-4.0426529935e-05,-0.0117909174074,-0.0260296575901
1164,-0.00993744988678,-0.00372389431411,-0.00430747044628
1165,-0.00711412979134,0.00660088753188,0.0197452517308
1166,-0.0104948740316,0.00250960550518,-0.0042730964126
1167,0.00106318753943,-0.00403979272387,-0.00218692006196
1168,0.000865962329399,-0.00967000133065,-0.0232938943096
1169,0.00511811606581,-0.00720521170077,-0.010395940938
1170,0.00752393314114,-0.0137117661783,-0.0178929125119
1171,-0.00943074417589,0.00642035011646,0.0140928359563
1172,-0.00536996656034,-0.00241307873835,-0.0114256212882
1173,-0.010095043888,0.000408015758606,0.0027232006695
1174,-0.0141680228444,0.00669990037213,0.00936541280799
1175,-0.00709348544366,-0.000714936558393,0.00161118290831
1176,-0.0104186491846,0.00993037944962,0.0231829840193
1177,0.0012476279773,-0.00916659541677,-0.00604855668377
1178,-0.0101423865737,-0.00044448107386,-0.000563546017066
1179,-0.00468370729157,0.000141491052166,0.00464828475404
1180,-0.011169687938,0.00527098759819,0.00762059698292
1181,0.00153640605483,-0.00361051851819,0.0014077428693
1182,-0.00157716172407,-0.00113896244429,0.00351720328887
1183,-0.010955081138,-0.00157035313865,-0.000579184744601
1184,-0.00628554835208,-5.08404252185e-05,-0.00310902865246
1185,-0.00643836595501,0.00550287402783,0.0210915010085
1186,0.00135122803694,-0.00264341211887,0.00831920041848
1187,-0.00312169918117,-0.00564698727923,-0.00198111167708
1188,-0.0133119367013,0.00631140981778,0.0028046518584
1189,-0.00825441866759,-0.00459579513321,-0.00659159614592
1190,0.00231513091247,-0.00765245243846,-0.0172952366524
1191,-0.00716029928087,0.00452505775204,0.0112255251712
1192,-0.00369268763287,0.00352386045373,-0.00144623744012
1193,-0.00297238700884,-0.00626812534049,-0.00867183352108
1194,0.00259495419948,-0.0059369638343,-0.00922753792298
1195,-0.00274853935944,-0.00336320382945,-0.000218128466169
1196,-0.00739674975133,-0.00306971451093,0.00295644282869
1197,-0.00328444829584,-0.00333197145358,-0.0049503011557
1198,-0.00451304283063,0.00446072521654,0.00868439331654
1199,0.00386593806644,-0.00413233437569,0.000661348230287
1200,-0.0103141457474,0.00568998153679,0.0139765386882
1201,-0.00621723193296,0.00134967231603,-0.00693165768337
1202,-0.00963817401478,0.00238711674552,0.00880383723486
1203,-0.010986386042,0.0010343186445,0.00482064777256
1204,0.00261308053736,-0.0102273813734,-0.0177984133829
1205,-0.00307995575734,-0.00522722428633,-0.00519060904889
1206,-0.00687871424777,-0.00155924110101,-0.00337938059458
1207,-0.00238458064896,-0.00288930804668,0.00264680406832
1208,-0.00583513316253,-0.00607014758532,-0.00803888173755
1209,-0.000106289611706,-0.00796520699173,-0.00595243969382
1210,-0.00965255561292,0.00276118940309,0.00684507260854
1211,-0.00165803253461,-0.00307596515239,0.00718936571474
1212,-0.00323103914124,0.00359692883523,0.00918550496806
1213,0.00389783754167,-0.0143069046944,-0.0277670479841
1214,-0.00437264679731,0.00270993279703,0.0163527834035
1215,-0.00219471485526,0.00174181474404,0.0076376059637
1216,0.00105690119988,0.00030513060635,-0.0055192687097
1217,-0.00505406405774,-0.00127455749078,-3.14026425224e-05
1218,-0.00521543042893,-0.0064192076674,-0.011910499211
1219,-0.00995833125499,0.002709604065,0.00812637859784
1220,-0.0079476137616,-0.00360944800497,-0.0148852096097
1221,-0.00321376123659,-0.00719973478334,-0.0194057852935
1222,-0.00537201488869,-0.00419101010545,-0.0107938555645
1223,-0.0126434341234,-0.00104874674029,-0.000918738813331
1224,-0.00861623473723,0.00164600216976,0.00182131768357
1225,-0.00679852980058,-0.00843531904443,-0.00529755018218
1226,-0.000672984298982,-0.00855982875441,-0.0234596310474
1227,-0.00812132721397,-0.0059493075593,-0.014395339826
1228,-0.00513369113668,0.00733937151412,0.0235256229973
1229,-0.00475885852519,-4.45205603019e-05,-0.00512054726311
1230,-0.00647381470195,-0.00658097176639,-0.0125224611546
1231,-0.00879005545709,0.00761348763528,0.0219088405398
1232,-0.00201625028527,-0.00839944553277,-0.0252684383252
1233,-0.00428060950592,-0.00243449006315,-0.00347196654202
1234,-0.00797110891417,-0.00437665193844,-0.016979764745
1235,-0.00906557293478,0.000936187033723,-0.00340813724098
1236,-0.00486217967974,-0.000614334142565,-0.00128439421451
1237,-0.00624228638614,-0.00185519219694,-0.00168782424588
1238,-0.0101238570395,0.00274077738864,0.00564232626618
1239,-0.00669512580708,0.00360570880709,0.00697579487047
1240,-0.0108870182314,0.00768592631458,0.0148125213534
1241,0.00275199651598,-0.000165002845756,0.00897657101444
1242,-0.00560893086265,-0.00518395814869,-0.013170923844
1243,0.000449163829249,-0.000438101037865,0.0132923651177
1244,-0.00655344317142,0.00772729581491,0.00845079218275
1245,-0.00747648314432,0.00194472293446,0.00633885574238
1246,0.00338629123035,-0.00853969771897,-0.0166885239053
1247,0.00205567198575,-0.0021693009434,-0.00128739767493
1248,-0.010859979724,0.00358882704414,-0.000485421664067
1249,-0.0102205368535,-5.0005403468e-06,-0.00482560314833
1250,-0.00516724912483,0.00153810773203,0.00798458515675
1251,-0.00488132517152,0.000307622456125,0.00266360133861
1252,-0.00757834329455,-0.00395742576708,-0.00279272787557
1253,-0.0111932757106,0.00799501693085,0.0196864558803
1254,-0.00886780575118,2.12802035608e-05,-0.00761234214826
1255,-0.00378728298681,-0.000753174913055,-0.00257471769145
1256,-0.00447995957443,-0.0046115411967,-0.0069552292081
1257,0.00137391124611,-0.00481166059976,-0.0115893428907
1258,-0.00216333793906,0.00069237222097,0.00252970265591
1259,-0.0010823388935,-0.00625580771802,-0.0117078950384
1260,-0.0103364603697,-0.00159104951864,-0.00749333096969
1261,-0.00747037481939,0.000640656980179,0.00480974224982
1262,-0.000593885395937,-0.00518873861391,-0.0162116136991
1263,-0.013224764577,0.00304280317738,0.00323678566619
1264,-0.00505893552879,-0.000213167392795,-0.00487218493426
1265,-0.0132570175324,0.00317153640945,0.00411466152322
1266,0.0034760224923,-0.00803018436389,0.00154099490926
1267,-2.13964932709e-05,-0.00225223203348,0.0133888632764
1268,-0.000780063019193,-0.00110131759887,-0.000691482544271
1269,-0.000417045893552,-0.00320746115601,0.000714915922331
1270,-0.00295034203631,-0.00732138586791,-0.0239476099043
1271,-0.00265935135253,0.0010762429625,0.00855784110899
1272,-0.00125084965507,0.00341982500624,0.0162876112842
1273,-0.0039640915851,-0.00598328772858,-0.0108558452412
1274,-0.00110581865885,-0.000590271428752,-0.000741821626449
1275,-0.00769864165879,0.00162853165703,0.00167553924933
1276,-0.00409738460641,0.000246609087862,0.000380173077725
1277,-0.00850976410183,-0.00458949248544,-0.0163412020982
1278,-0.00899663039939,-0.00135764237344,-0.0103422574681
1279,0.000704191230973,0.000294998808434,0.00326746196578
1280,-0.00861301465884,-7.00653080019e-05,0.000294276806827
1281,-0.00514870293198,0.000754282246468,0.00435983928754
1282,-0.0136994346498,0.00471185752307,0.00754151733396
1283,0.00165880636673,-0.000495894895836,0.0102109855566
1284,-0.00685030870356,0.00326049336997,0.00833900172851
1285,-0.0023464518404,-0.00159041404855,-0.00049672761907
1286,-0.0107888635554,0.00377593179616,0.00918525930826
1287,-6.95969107944e-05,-0.0014184798301,0.00301460973494
1288,-0.00221593270584,0.000114808321925,0.0129001963956
1289,-0.00607209112594,0.00255375506093,0.00408455927219
1290,-0.0022241672626,-0.000143635311783,0.00320096383182
1291,-0.00717827333629,0.00404006689969,0.00715678963916
1292,-0.000363019855185,0.00437776079726,0.00841703886968
1293,0.00233898131294,-0.00181254093749,-0.00764463582525
1294,-0.00978383706519,0.00577043561779,0.0160732852079
1295,0.000170704802854,-0.00238161853222,0.00212365817739
1296,0.00437337900983,-0.00225353069687,-0.00214311983325
1297,0.00241205816609,-0.0125359392626,-0.0193208351126
1298,-0.00216317883113,-0.00804677321815,-0.0120980480419
1299,-0.00202382588345,-0.00110902931376,-0.0117443789284
1300,-0.00140265370882,-0.00669834985123,-0.00444807319376
1301,-0.0051391076023,-0.00566266075771,-0.0122935304765
1302,0.00605844868365,-0.00427476842213,-0.00839847302333
1303,-0.00489428812583,0.000771119673332,-0.00636528710951
1304,0.000294904835413,-0.00233391516692,0.00701180223033
1305,-0.00430842010892,-0.00293555291686,0.000568314338772
1306,-0.0106292873738,-0.000930605036971,-0.000205660252345
1307,0.00421374062204,-0.0102741950824,-0.0108633011548
1308,-0.00150370038677,0.000946322170172,0.00290852816719
1309,-0.00915137232141,0.00642338626074,0.0133680389514
1310,-0.0155602221846,0.00927902858944,0.00994141436218
1311,-0.00820964341334,0.00187508098268,0.00435293361873
1312,0.00384889941226,-0.00829863128312,-0.00380114064669
1313,-0.000253512111076,0.000833529877073,0.0114588251273
1314,-0.00663158765524,0.00335272671889,0.00675635074915
1315,-0.00851192106565,-0.00381660696944,-0.00505047125284
1316,-0.00797545639836,0.00363962004143,0.0252991692819
1317,0.00385515277546,-0.00242841878773,0.00699600896791
1318,-0.00516603573576,0.0027659196692,0.00373731541247
1319,-0.00362479932025,0.000341743005476,-0.00294857702021
1320,-0.00550987316284,0.00717181184016,0.0109617058107
1321,-0.00875953791772,0.00745869588046,0.0230344266249
1322,0.000747602663696,-0.00290878767304,0.0101109386419
1323,-0.010059561588,0.00766916923122,0.0122377772742
1324,-0.00197971237846,-0.00716573096307,-0.00436095431994
1325,-0.00596756460407,-0.000819067490269,-0.00548432506329
1326,-0.00695909990405,0.00325889938728,0.0107679979112
1327,-0.00399411928303,-0.00169168792924,0.00180801118881
1328,-0.00697647699179,0.00304730343821,0.00573121972306
1329,-0.00270720526258,-0.00585621031112,-0.00987739488446
1330,-0.00378188192311,-0.000470954798103,-0.00774155856131
1331,-0.00431740051421,-4.71556328181e-05,-0.00441645270708
1332,-0.0014588970973,-0.00834467181563,-0.0146025098974
1333,-0.00647098652636,0.00443103623935,0.0107732846098
1334,0.00259867036175,-0.015512670154,-0.0285290664885
1335,0.00120677682954,-0.00491705023798,-0.00878430751632
1336,-0.00500700970568,0.00111643139599,0.0145011231434
1337,-0.00254679776323,-0.00119696051429,-0.000314698011271
1338,-0.00125296680808,-0.00225311977742,-0.00096849638215
1339,-0.004165967281,0.00152860658462,-0.00400211257233
1340,-0.000549220136987,-0.00569666799709,-0.00054941794851
1341,-0.00599884790772,0.00430779953779,0.0199485867096
1342,-0.0121929523131,0.00624796565217,0.009744248208
1343,-0.0145902125664,-3.70543540673e-05,-0.00117740049283
1344,-0.005909716293,0.00209200392784,0.00987556862159
1345,-0.00285401041023,0.00209451339438,0.00714747117322
1346,-0.00801114831777,0.00216653871436,0.010769657162
1347,-0.00940068968494,0.00491520711838,0.00184039904796
1348,-0.00580036456507,0.00940798825699,0.0196186002301
1349,-0.00589978518733,-0.00370036375999,-0.00419842043247
1350,-0.00541130124013,0.00544441258034,0.0152961956343
1351,-0.0155902318657,0.00492243936904,0.0153114475522
1352,-0.000672337007862,-0.00379745043217,0.00314236543223
1353,-0.00686210474011,0.00213596152826,0.00419829495129
1354,-0.00986895780271,0.000263081781277,0.00365543036489
1355,-0.0128142066198,0.00425403898811,-0.000783667744284
1356,-0.00941428416038,0.00191929778666,0.0028588838452
1357,-0.00116118779624,0.000836915805439,0.0128668655546
1358,-0.00707053183507,-0.00141396873068,0.00294841102088
1359,-0.00695187247852,0.000856031308334,-0.00167030737787
1360,-0.00458201970467,-0.00948689437424,-0.0187205374036
1361,-0.00808448045975,0.00426074146223,0.00955913704213
1362,-0.00444463492848,0.0030213006083,0.00966849362432
1363,0.00149329286291,-0.00850166107715,-0.0163749746688
1364,-0.00487429453408,-0.00288471931584,-0.00496615049107
1365,-0.0154522192399,-0.00545117351367,-0.0138951108202
1366,-0.000967020801344,-0.000345298901745,0.00392284282165
1367,-0.00329145680129,-0.00248793758652,-0.00306166419317
1368,-0.00442669106478,0.00580068984023,0.0136907891517
1369,-0.00739035093653,0.00303237689606,0.00288379937997
1370,0.00776251829441,-0.0114763664742,-0.012967057814
1371,0.0019619927082,-0.00763359624528,-0.0174615759792
1372,-0.0120243179358,0.00608154801855,0.00714174770629
1373,-0.00364164046715,0.00190213239844,0.00663044853924
1374,-0.0126750209164,-0.000412783660393,0.00168440055394
1375,-0.00241086378539,-0.00561185580796,-0.00509608214678
1376,0.000150507472751,-0.00249425917441,-0.0050355588245
1377,-0.00750754718771,-0.00375178655253,-0.0191109106232
1378,-0.0117913644618,0.00300996630574,0.00832866590174
1379,-0.0108312059261,0.000941391133569,-0.00276235913481
1380,-0.0035485018226,-0.00385593503499,-0.00508881065862
1381,-0.00762492018973,-0.00744487570073,-0.0189844849171
1382,-0.00472539687696,0.00125343176976,-0.00440246070838
1383,-0.00482454048721,0.00182162081708,0.0160789481034
1384,-0.0084620300642,4.63738840191e-05,-0.00427087346316
1385,-0.00417718343845,-0.000368968389414,0.000907892676082
1386,-0.0124083534811,0.00386227086576,0.00357428311658
1387,-0.00942406740659,0.00386640440367,0.009316071522
1388,-0.00738017078762,-0.00160894514666,-0.0114219443307
1389,-0.0136692428439,0.000518716766627,-0.00225104366256
1390,-0.00231420931308,0.00058517262694,-0.000793243043196
1391,-0.00516811484827,-0.000679991721733,-0.00116957639666
1392,-0.000638253236026,-0.00416315018936,-0.0100071563636
1393,-0.00538256092426,-0.00210023601285,-0.00527558588417
1394,-0.0129578464732,0.0098470364462,0.0220081333317
1395,-0.00488425329793,-0.00732302752238,-0.0097726590881
1396,-0.00536669413536,4.26580058861e-05,-0.00397764035347
1397,-0.00701091888407,0.0064028606039,0.0122009605919
1398,-0.00270920851573,-0.00601563606233,-0.009451162568
1399,-0.00539710167208,0.000564849921052,-0.00469713152212
1400,-0.00825901505378,0.00608692650684,0.00859249433131
1401,-0.00147568654228,0.000686268774627,-0.00195812759837
1402,-0.000302859957346,-0.00639695171329,-0.0109222855561
1403,-0.00831190254924,0.00282775676226,0.00590104412074
1404,0.00310833412584,-0.0072054290614,-0.00686304630671
1405,-0.00497111143181,-0.00341509416088,-0.0128694246871
1406,-0.0128900894795,-0.00244930885034,0.000597345948683
1407,-0.00514521701564,-0.00308557861666,0.0034171867884
1408,0.00415764681869,-0.00990149959706,-0.00894191956593
1409,-0.0121537548437,0.00182148977023,0.00466849388477
1410,-0.00107044160417,-0.0093500611002,-0.0130543481933
1411,-0.00653320658814,0.00109474017152,-0.00585895789177
1412,-0.00177299497115,-0.00209924486251,-0.014990545743
1413,-0.00668477222603,0.00371472966008,0.00677190252523
1414,0.000541606028081,-0.0002355273707,0.0108455173659
1415,0.00367875266165,-0.00397787620211,0.00231319518586
1416,-0.00799290883867,0.00309772452089,0.00639529174384
1417,0.0016711034207,-0.00683282272106,-0.00599276119074
1418,-0.00281840184885,-0.000155122142052,0.00178488901196
1419,-0.00540959225727,-0.00341865856472,-0.00652181360633
1420,-0.00409346627912,-0.00210966350285,0.00598762219884
1421,-0.0058109710925,0.00161004602802,0.00541533308007
1422,-0.0035582039555,0.00304631357947,0.00373240777474
1423,-0.00633958869102,-0.00119950596966,-0.00631914211209
1424,0.00270077034828,-0.0103415051916,-0.0197774175355
1425,0.00155375827115,-0.000152612626407,0.00968501394806
1426,-0.00606338514431,0.00656801335086,0.0200063854236
1427,-0.00632702325713,0.000550828575135,0.00317342818832
1428,0.000892867120579,-0.00331500737342,-0.00158386316892
1429,0.000751238012592,0.000199194620323,0.0155338195502
1430,-0.000490234207671,-0.0023045690988,-0.00532630587726
1431,-0.00177171808108,-0.00801271133868,-0.0109932081474
1432,0.00110318325971,-0.0106457439434,-0.0188803743428
1433,-0.00976223965275,-0.000844086512387,0.00580089304215
1434,-0.0032384592178,-0.00913660987168,-0.014863494619
1435,-0.00243345941553,-0.00581128793319,-0.0142922813794
1436,-0.00145881354552,-0.00509501647301,-0.013061558478
1437,-0.00677597721748,-0.000170988808294,-0.000502682113253
1438,-0.00280181936897,-0.00145309980452,0.00446410222625
1439,-0.0184462360472,0.00964327477787,0.0038468325545
1440,-0.00413216259912,0.00384248195026,0.0183282342826
1441,0.00256671344908,-0.00584120026098,-0.00233551745971
1442,-0.014399311727,0.00512293173589,0.0112225049924
1443,-0.0118487372563,0.00413487087619,0.0151994225277
1444,0.00310017371413,-0.00448151572072,-0.00372111584903
1445,-0.00656752291767,0.00033383842866,0.00333058599224
1446,0.000102548377602,-0.00137337844527,0.00575694462252
1447,-0.0120256849,0.00503516099699,0.0200036258778
1448,-0.00360670621215,-0.0076376125528,-0.0159174753677
1449,-0.00840203713052,0.00295469772514,0.00811941100667
1450,-0.00397171710272,-0.00100677083318,0.00356329880331
1451,-0.0134748842295,0.000757172931796,-0.00324381218061
1452,-0.00755465743654,0.00127730217882,-0.00143489055082
1453,-0.0134598056476,0.00319615183845,0.0027460869553
1454,-0.00681621158592,0.00190251101605,0.00954439757052
1455,-0.00785559988069,0.00141792622845,-0.00106278185489
1456,-0.0104040170518,-0.000368933654622,-0.00291847913273
1457,-5.08778371264e-05,-0.00623101324696,-0.0113356186943
1458,-0.0186180134121,0.012714680885,0.0185516826086
1459,-0.00518644844581,-0.00157660629686,0.00164839493097
1460,-0.00826648900628,0.000198285008992,-0.00453096355185
1461,-0.00821728390974,0.00116612682712,-0.00385133475061
1462,-0.00699565125432,0.00759812131523,0.0202322977359
1463,-0.00148225741621,-0.00233535009685,-0.00743288671896
1464,-0.00430798323595,-0.0109371559195,-0.0285466214064
1465,-0.00285303455075,-0.00260600132174,-0.00213736669518
1466,0.00867792335248,-0.0168611275431,-0.0305287921138
1467,0.0029976251498,-0.00842883618911,-0.00420714654849
1468,-0.00677811850187,0.000941984989071,0.00237327621065
1469,-0.0042616845225,-6.62894579352e-05,-0.00343434480242
1470,-0.000532687240392,-0.00832837329124,-0.00289925049746
1471,-0.00756653097188,0.000971245739989,0.00246303623756
1472,-0.000947706477262,-0.00371651092433,-0.00917058456849
1473,-0.00825858859372,0.00598255673259,0.0184628763349
1474,-0.00608545194793,-0.0022475324372,-0.0129574474008
1475,-0.00175396045749,0.000852321465894,0.0100763391206
1476,-0.00531473079473,0.00955522031884,0.0174488058822
1477,-0.00758624141769,-0.00070854218683,0.00262227903013
1478,-0.00231081295941,0.000533845617767,-0.00126883593523
1479,-0.00671340824141,-0.00256107177357,-0.00773491931232
1480,-0.00103340581901,-0.000772967624123,0.00578797633732
1481,-0.0106829114136,0.00324909361904,0.0028553612123
1482,-0.00541831505764,-0.000252451457274,0.00893052662302
1483,-0.00938451289001,0.00262156761171,-0.000796795725511
1484,-0.00230230150241,-0.00641051912949,-0.00628739085159
1485,-0.00471037466197,0.000594059231302,0.0125583997431
1486,-0.00203604178214,0.00341423226014,0.0145813297947
1487,0.00364228229943,-0.00629727841794,-0.00749522559797
1488,-0.000454226875461,0.00131665360647,0.0177817041756
1489,-0.00425819788564,-0.000569718796751,0.00760351180268
1490,-0.00653814186949,0.00316060944223,0.00688288315368
1491,-0.0134176330856,0.00946625965752,0.0158485662541
1492,-0.00317415800467,-0.000249157239996,-0.0110393632739
1493,-0.00106472135263,-0.00652573021709,-0.0140179542928
1494,-0.0121057376015,0.00737046056122,0.0207462900449
1495,-0.000992639366025,-0.00240283318264,-0.00463509870304
1496,-0.000455278522569,-0.00187521963183,0.00445384614001
1497,-0.00372260793056,-3.78625915049e-05,-0.00229139003672
1498,4.73465958661e-08,0.00583914403927,0.0188333809856
1499,-0.00560347995887,-0.00229157038562,-0.00385853514438
1500,-0.00368092103292,0.00521451047924,0.020437410122
1501,-0.00355530329611,-0.00111777329173,-0.00245098682255
1502,-0.00288444590849,0.00615772621816,0.0190048488877
1503,-0.0062134732054,0.00565662323729,0.021422206502
1504,-0.00795033187296,0.00120446834258,0.00958106387212
1505,-0.0078014931934,0.00302811003034,0.0048446688846
1506,-0.00385436969072,-0.00545532761572,-0.0110122732391
1507,0.000782323274598,-0.00636727360136,-0.0115576484675
1508,-0.00432016544069,0.00149761821357,0.0171466178612
1509,-0.0146879252693,0.013037070172,0.0289679564642
1510,-0.0204934250308,0.0123574895915,0.0199361835201
1511,0.000703503985603,-0.000763376682203,0.00841170083883
1512,-0.00554328304481,-0.00358016231544,-0.00339161582159
1513,-0.00767178021356,0.0029195239259,-0.000916822987689
1514,-0.00682752652498,0.000468743859611,0.000318863646038
1515,-0.00450802714148,4.00884795513e-05,-0.000322013280255
1516,-0.00804360133336,-0.000464928095109,0.00451333430973
1517,-0.0148541797326,0.0131375666761,0.0173281463225
1518,-0.0109670893737,0.000503933203696,0.00226717874098
1519,-0.00147501878066,-0.000711048003591,-0.00156660230366
1520,-0.00384566887466,0.00304596775383,0.00642213024516
1521,0.000928672203943,-0.00839733836103,-0.00864850153648
1522,-0.00579569968596,0.00235438138907,0.00617063782534
1523,-0.00290160812937,-0.00620731086973,-0.0114796242342
1524,-0.00414330869918,-0.00260474427715,-0.00432476500336
1525,0.00150724893455,-0.00323891616934,-0.00215205066978
1526,0.00326855562279,-0.00538298663917,0.00524982787071
1527,0.00167717129943,-0.00550131572054,-0.0107190759555
1528,-0.00332891561639,-0.00771171071703,-0.0136369509563
1529,-0.00894778245282,-0.00335385969837,-0.000340261501684
1530,-0.00834193957394,-0.00266459508701,0.00199429228437
1531,-0.00107190826082,-0.00299306067357,-0.00377874923702
1532,0.00208255167319,-0.0071205238605,-0.00897621503847
1533,-0.0034086631351,-0.00286171150174,0.00645723255981
1534,-0.00374706273977,0.00629470274626,0.025202870397
1535,-0.00407567906685,-0.00873446340358,-0.00916492469567
1536,-0.006346632905,0.000502832061232,0.00782902719155
1537,-6.59982777267e-05,-0.00333052925003,-0.00521058472912
1538,-0.004359288782,-0.00309416919086,-0.00658418099311
1539,-0.00853866914721,-0.00125293451517,8.6735572309e-05
1540,-0.00605741509337,-0.00031851901746,0.00309970863725
1541,-0.00251464872179,-0.00716163240482,-0.00737149167937
1542,-0.00487652142743,-0.00373871265576,-0.00774093843421
1543,-0.0145749618692,0.00682541228424,0.0119285883559
1544,0.00634821865394,-0.00822999856546,-0.0034575952015
1545,-0.0101203149601,0.00118666159141,-0.00368993277493
1546,-0.00409473659369,0.00152914613462,0.00374789140231
1547,-0.00188442522977,-0.0102509709939,-0.0133130740057
1548,0.00181557305779,-0.00379512099626,0.000823281809911
1549,-0.00696309237307,0.00508151685593,0.00493494055521
1550,-0.00258230890297,-0.000368508623218,-0.00422412149178
1551,-0.00534880202941,0.00313169048223,-0.00570582529988
1552,-0.0119511121162,0.0048762698311,0.00706448662868
1553,-0.00620415218863,-0.00422242882217,-0.00698158173617
1554,-0.00681627937205,0.00120846335642,0.00366560006316
1555,-0.00271326157464,-0.00332017072143,-0.00364718273148
1556,0.00179209106544,-0.00469663110548,-0.00447827293078
1557,-0.00243071937858,-0.00366114866119,-0.00460278319807
1558,-0.00856853829173,-0.00180284811306,-0.00735765652104
1559,-0.00960834839547,0.00346948761253,0.00726352924849
1560,-0.00325536523831,-0.000244570194294,-0.000507886966023
1561,-0.000301970143865,-0.00404898195498,-0.00608581681518
1562,-0.00482854506093,-0.00363324001097,-0.00879956628304
1563,-0.00819500714415,0.00164402091421,0.00469603268069
1564,-0.00286859011136,-0.00120416071046,0.0074585030063
1565,-0.00743326003095,0.00314562370216,0.00951807718767
1566,-0.00192325701641,-0.00405356892102,-0.00705917309962
1567,-0.0032967915806,-0.00646781574846,-0.0122486646069
1568,-0.00317028314886,0.000802052399901,0.00781689479214
1569,-0.00378869568881,-0.00136090668763,-0.00304654125028
1570,-0.00344491748456,-0.00350768402022,-0.00420812339365
1571,0.00236112442562,-0.00815497630916,-0.00773990870086
1572,-0.00423717884595,0.00389717240217,0.00971878240045
1573,-0.00886358562166,0.00399646794803,0.00166536060119
1574,-0.00427865155748,0.00203925665565,0.0102651011128
1575,0.00197582231256,-0.00617085747552,-0.00864265945822
1576,-0.00324965761702,-0.000117976920792,0.0141247920147
1577,-0.0047578114653,0.00164094379628,0.0123625511154
1578,-0.00439825695312,-0.00459234070444,-0.0112749650311
1579,-0.00906370134915,-0.00220137183715,-0.00436361114088
1580,0.0035563018425,-0.00738972570903,-3.82802610993e-05
1581,-0.00488832152764,-0.00445213788089,-0.00430772788931
1582,-0.00272710420074,0.00419701800229,0.00918317147319
1583,-0.00559195094539,-0.00313714882312,-0.00339098754182
1584,-0.00425309126501,0.000685879818647,0.00217934064464
1585,0.00253876313747,-0.00664740057656,-0.00776734489564
1586,-0.00161018597192,0.000714990058487,0.00337341002604
1587,-0.000805275894034,-0.00188457124102,0.00300693065073
1588,-0.00247016198562,-0.00128964558138,0.00148064305882
1589,0.00837028823616,-0.00894145107563,0.00587898458144
1590,-0.00279834087492,-0.00341348750268,-0.00731842931483
1591,0.00262654399709,-0.00815199778124,-0.00925734875137
1592,0.00288277570755,-0.00880965654314,-0.0149472051711
1593,-0.0113495852851,0.0113574316539,0.0240817201777
1594,-0.00276444275458,-0.00590165440219,-0.00990500626197
1595,-0.00281306368602,-0.00468414398763,-0.0025298791609
1596,-0.00549597232226,0.000533133160696,0.00896987447735
1597,-0.000773914736441,-0.00307056286635,-0.0031063517509
1598,-0.00607185595928,0.00358964631845,0.00368537801369
1599,-0.00833581350528,0.00570698717108,0.00726244567613
1600,-0.00821473004411,0.00697421248842,0.00307580334937
1601,-0.00918047485843,0.00309754141624,0.00386394829068
1602,-0.00137359538278,-0.00246538557572,0.00472488454743
1603,-0.00837251727131,0.00365332975745,0.0128961070919
1604,-9.07041384394e-05,-0.00312155569005,-0.00106190970979
1605,-0.00445386419654,0.00505296883269,0.00938865878195
1606,-0.0113989298099,0.00381868759144,0.00891308763392
1607,-0.00392279784439,0.00574262039644,0.0221295720956
1608,-0.00774739674113,0.00703430209089,0.0145409874676
1609,-0.0110383911478,0.00225598221075,0.00996010506949
1610,-0.00475346964204,0.00076674272263,0.00384992258019
1611,-0.00399366117079,-0.0024104121902,-0.0080513513577
1612,-0.00993861486042,-0.00108651149151,-0.0124522381252
1613,-0.0117402561451,0.00396088401222,0.0105885077463
1614,-0.0058418711606,-0.00142568787003,-0.000733297163178
1615,-0.0199168062964,0.0102642968521,0.0147159499076
1616,0.00426239716126,0.000747525034861,0.0138765231776
1617,-0.00133691140439,-0.00383846545382,0.00105940207608
1618,-0.00688089514539,0.000494396202171,0.0118853489395
1619,0.003478436176,-0.00223113786294,0.00696149665279
1620,0.00273515123365,-0.000844425696135,-0.00253108972153
1621,-0.010799526854,-0.00322333572823,-0.00580125934751
1622,-0.00643794351366,0.00238930146828,0.0146801388539
1623,-0.0111103981689,0.00351820587288,0.0115256036301
1624,-0.00506742891174,-0.00340614257283,-0.00889134950188
1625,-0.00811190437104,0.00240209362021,0.00798313465353
1626,-0.0117556685328,0.00893543397608,0.0186375960243
1627,-0.0101667370073,0.00547542186812,0.0103280045221
1628,-0.00269889303955,-0.00631109839974,-0.00257436868392
1629,-0.000439861796537,5.12253689095e-05,0.00398540425416
1630,-0.00596254457849,0.00598474618319,0.0117986045488
1631,-0.00528285701286,-0.00363274895279,-0.00132190663745
1632,-0.00686438617185,0.00195668815974,-0.00247222203221
1633,0.00431202601782,-0.00601883139959,0.00208757298635
1634,-0.00174206097271,-0.00282677990998,0.000369720304309
1635,-0.000493546523488,-0.00431342855812,-0.0041594973402
1636,-0.0078616710044,0.000519352359563,-0.00675258595322
1637,-0.00493810749981,0.000585569442146,-0.000475738921211
1638,-0.00298092562514,0.00281399007141,0.00547228632049
1639,-0.00241568357899,-0.00148465600808,0.00328095705951
1640,-0.00391099962728,-0.00804937061219,-0.0109248486661
1641,0.00322496589054,-0.00105993658039,0.0110925468205
1642,-0.00794794470526,-0.00152117136148,-0.00268674408771
1643,-0.0029274284704,-0.00217424015222,-0.000594762882262
1644,-0.00363660439516,-0.000408066423338,-0.000132380284186
1645,-0.00151864532583,-0.00207844636211,-0.0056106021134
1646,0.000428690464611,-0.00179013302003,-0.00528373280526
1647,-0.000556470576299,0.00213894726082,0.00456612630442
1648,-0.00559456047713,-0.0018890640468,0.0073169723929
1649,-0.00878488252606,7.87209348023e-05,0.0016963654316
1650,-0.00481571912016,0.000515751664211,0.00576638221677
1651,-0.0102321192784,-0.000372322760177,0.00237089370212
1652,-0.0111375469408,0.00302270234638,-0.00643205027195
1653,-0.0028068104291,-0.00225703376717,-0.00124525652394
1654,-0.00536130535117,-0.000806369981907,-0.0119480217946
1655,-0.00128721955038,-0.0063116065723,-0.0194995809344
1656,-0.00131515277929,-0.00678398862375,-0.00963012469442
1657,-0.00828512097985,0.00230727720484,0.0102687927549
1658,-0.00290392768866,-0.00408113619609,-0.00663656853843
1659,-0.00392098670082,-0.00129264613507,-0.00490809404637
1660,-0.00681094409342,-0.00102324834276,-0.00100362406452
1661,-0.00564752589102,-0.000623605379573,-0.0025812796622
1662,-0.0126247532736,0.00326438874747,0.0104065800722
1663,-0.00183919709112,-0.0086204206791,-0.0209876865247
1664,-0.00645211704364,-0.00433978503276,-0.00304201159145
1665,-0.00685334387219,-0.000263058797992,0.00416805294613
1666,-0.00327311648778,0.00593013649577,0.0146503585042
1667,-0.00526230827458,-0.00104021640962,-0.00695167203857
1668,-0.00700775620007,0.00501223524673,0.0222186589901
1669,-0.00548687673678,0.00291344537466,0.00174681521994
1670,-0.0128564234888,0.00725715376558,0.00106261917179
1671,0.000764725977704,-0.00352661682621,-0.00899379714276
1672,-0.0160991316631,0.00109806677762,0.00397128285128
1673,-0.00280252804165,-0.00451402794699,-0.00607062008012
1674,-0.00930090753997,0.00234431549621,-0.00184317515695
1675,-0.00303203244086,-0.00111518547826,0.00833677789977
1676,-0.009777610681,0.00305521299409,0.00759069118841
1677,-0.0100274969697,0.00911103535269,0.015415319578
1678,-0.00418081713029,-0.00398533963343,0.00256115757058
1679,0.00015723594228,-0.00750843134858,-0.00753484186746
1680,0.000728814968734,-0.00115836597758,0.00716165199007
1681,-0.00349969263507,-0.000546071288799,-0.00694433382065
1682,-0.00928395822126,0.00924458250226,0.0263142341542
1683,-0.00594101658858,-0.00179224573046,-0.00492044261415
1684,-0.00512296033124,-0.00569716627631,-0.0175785556181
1685,-0.00423766115904,-0.00239492560779,-0.00318665856365
1686,-0.00275226484797,0.00343613905912,0.0174748421831
1687,-0.00326158037189,-0.000874873816816,0.00898213777592
1688,-0.00305287545094,0.00396777899968,0.0188346210754
1689,-0.00430591142567,-0.000334908502008,0.015010719989
1690,0.00396961422137,-0.00805846397247,-0.0142285053152
1691,-0.00256826562191,-0.00495216328135,-0.0117719467091
1692,-0.000364246102472,-0.005550434754,-0.0109363230626
1693,-0.0037726910593,-0.00531750091316,0.00164114118468
1694,-0.00118737647407,-0.00392760663741,0.00127491302415
1695,0.00117205731753,-0.00507405447591,-0.00703038405799
1696,-0.00852245050351,0.00066164327025,0.00109601005796
1697,-0.00842166094045,-0.00342074461048,-0.0119438854281
1698,-0.00953848438776,0.0102543610459,0.0199604590364
1699,0.00922387244984,-0.00638836009605,-0.0136294179475
1700,-0.00140357406504,-0.00251173081919,-0.00195813310667
1701,-0.000762016427583,-0.00269735823193,-0.00251750368135
1702,0.00181423909767,-0.00827323992332,-0.00667943278485
1703,-0.00221772947972,-0.00330010295475,-0.00183183199756
1704,-0.00561753697197,-0.000285387976807,-0.00115431693435
1705,-0.0149120879651,0.00321977591324,-0.00403802991823
1706,0.00143332005601,-0.00725556789835,-0.0222315607119
1707,0.00209730673735,-0.00987742067251,-0.00917402219745
1708,0.00241265328517,-0.00281136557249,-0.00202421895043
1709,-0.00268065595691,-0.00190981471297,-0.0050788029646
1710,-0.0103928256493,-0.00335888651878,-0.0120471591917
1711,-0.00542830921384,0.0032126296541,0.0111988012323
1712,0.00639016512956,-0.0055293325816,0.00870783084605
1713,-0.00370573660462,-0.00661279957191,-0.0129749953975
1714,-0.0110964665635,0.000866939040874,0.000124735626178
1715,-0.00440587211517,-0.0041801720197,-0.0051456166957
1716,-0.00581978765293,-0.000612645489035,-0.0020268060803
1717,-0.00588555802553,-0.003396921609,0.00266317350539
1718,0.00287523250735,-0.00980935618295,-0.0155271317322
1719,-0.00902284575866,0.00581754142906,0.0170850516206
1720,0.00305003198883,-0.00644952552312,-0.000880638485849
1721,-0.00304080239646,-0.00125020733619,0.0132153810713
1722,-0.00698710320785,0.00193382117378,0.0151036466368
1723,-0.00883599926996,0.000904504426226,0.00592830733265
1724,0.001006324539,-0.0062010323919,-0.00698902341146
1725,-0.00670049449329,0.0027844778395,0.00808446283439
1726,-0.000695473757762,-0.00358269172974,-0.00832855493841
1727,-0.00651105868892,0.00861177815633,0.0160831171168
1728,0.000274243664939,-0.000819474442171,-0.00220584106664
1729,-0.00109942339305,0.000483058823276,0.0100568220496
1730,-0.00634998131677,0.000898237619021,-0.00347408908584
1731,-0.00476215016325,-0.00217932350501,-0.00857127717838
1732,-0.0077603951284,0.00242255859318,0.014203707369
1733,-0.00597207574645,0.00647986268252,0.0202186364269
1734,-0.00269797056764,-0.00309697089282,-0.0135563681392
1735,-0.00364718617163,-0.0094155803978,-0.0305437562793
1736,-0.0122996693812,0.00516040809422,0.00793156943164
1737,-0.00939430857786,-0.000642519316656,-0.00276663797421
1738,-0.00450645070535,-0.000498618532826,-0.00147383053929
1739,0.00478717911096,-0.00537010177094,-0.00137201331034
1740,-0.00313950634746,0.00295042913315,0.0165176449431
1741,-0.0101227098547,0.0057646686002,0.0136631556484
1742,-0.00787116291095,0.00375570238407,0.004291099087
1743,-0.00536854107642,0.00316985447977,0.00457333845392
1744,-0.0031196118594,-0.00583435911123,0.00274118203366
1745,-0.00387015289108,0.00190477777857,0.00545055000509
1746,-0.0112912396299,0.00682592382461,0.0101597257248
1747,-0.00211354465991,-0.00320346365117,0.00489479563243
1748,-0.0104160277369,0.00461940006173,0.00965937754982
1749,-0.00160726225137,0.000270534879504,0.00561173596737
1750,-0.00113006151739,-0.00283432138089,0.0051622618186
1751,-0.00824713386713,0.00577510909415,0.00186327312506
1752,-0.0018463709174,-0.00162711011019,-0.00149378241947
1753,-0.000811501134822,0.0021094401103,0.0124727277408
1754,-0.00227684107822,-0.00598434705463,-0.0189881065312
1755,-0.0103677930958,0.007377694571,0.0167518785994
1756,-0.00640086514536,0.00147343814864,-0.00108878566782
1757,-0.00351907950053,-0.00302373816229,-0.00460482461906
1758,-0.000406134687077,-0.00436137294406,-0.00839706466633
1759,-0.00692276495208,-0.00442455662227,-0.00257290523282
1760,-0.00461882899744,0.0010222425398,-7.54767970378e-05
1761,-0.0134053804723,0.000837837508522,0.00869555749638
1762,-0.00430781899507,-0.00183589925961,-0.00891421933738
1763,-0.0121075368554,-0.000934056294455,-0.0110172960245
1764,-0.00642035260299,-0.0073929485095,-0.00858815248018
1765,-0.000139260963042,0.000735935039567,0.00866683023649
1766,-0.00159725837699,-0.00478761859134,-0.0114019843398
1767,-0.0132055811159,0.00866519415215,0.00467689126191
1768,-0.00913763147667,-0.00198305909848,-0.014376768551
1769,0.000645759103643,-0.00395427316031,0.00718181969414
1770,-0.00767964851944,2.32313147688e-05,-0.0027430071055
1771,-0.00763159063263,0.00701251999907,0.0100695663766
1772,-0.0143699731354,0.00703275988789,0.0173099857245
1773,0.00235115387502,-0.0101837295791,-0.017640208211
1774,-0.0108789906297,0.00289976966583,0.0100099754904
1775,-0.00341518933644,-0.0035856108284,0.000655503819055
1776,0.0118639260736,-0.0100761539475,-0.00473747545446
1777,-0.000375669649688,-0.00611552726412,-0.0138719870868
1778,-0.00825635396603,-0.00421283818638,-0.00302903271075
1779,-0.0134387033425,-0.00010936510941,-0.00669653155536
1780,0.00317962471871,-0.0157732339157,-0.0369956323492
1781,-0.00513288003618,-0.00212635826255,-0.00268187923763
1782,0.00198983983612,-0.00946587692182,-0.0127227601327
1783,0.000866527392451,-0.00252583591884,-0.0116153801315
1784,-0.00440257889788,-0.000930515937148,-0.00620106907591
1785,-0.00362196738008,-0.00247022992239,0.00107227443275
1786,-0.00313705183809,-0.00156366607805,0.00141507649059
1787,-0.0114139808901,0.00072497700334,-0.0034632251424
1788,-0.00533242226113,-0.00291192054631,-0.00904751421218
1789,-0.00430866548987,-0.00822423599692,-0.0152916285784
1790,-0.00218396520578,0.000676273362498,0.0174823265905
1791,-0.00528482294896,-0.00753885752706,-0.0274354012897
1792,0.000968763093134,-0.00184602997921,-0.00279591237656
1793,-0.016451929924,0.00303014931204,0.000136072739573
1794,-0.00870697473805,0.00417686732382,0.0200056467952
1795,-0.0140111985054,0.00841580330569,0.0149406537878
1796,-0.00792661409872,-0.00554811298567,0.00129987344125
1797,-0.0110321499889,0.00764592452284,0.00739421662389
1798,-0.000831450698583,-0.00780080768444,-0.0190563341815
1799,-0.0194860306035,0.0122214246957,0.015420243986
1800,-0.00948933302958,0.00212866158994,0.00499335160195
1801,-0.00619327229733,-0.000188236311655,-0.0114408146138
1802,-0.00365558973705,-0.00388442563063,-0.00274922826861
1803,-0.0063692061516,0.00313096995946,0.00897505546157
1804,-0.00679945249871,0.0042334723546,0.0088082384287
1805,-0.00464990795947,0.000230321133412,0.00536068098528
1806,-0.00538515192299,-0.00359147719891,-0.000879344877757
1807,-0.00814462162179,-0.00216198193053,-0.00691366975441
1808,-0.00587419198574,-0.00240665317875,-0.00315412877991
1809,-0.00854288931188,0.00380269984843,0.0150927236232
1810,0.00252584820608,-0.00393063982877,-0.00485727466067
1811,-0.00702940963987,0.00349731789265,0.00113820991359
1812,-0.00652783315034,0.000560188143778,0.00485179672205
1813,0.00417708540761,-0.00667951753031,-0.00501480786523
1814,0.00468930239514,-0.00752647297973,-0.0106954736374
1815,-0.0086234916415,-0.00349509267872,-0.00166639713737
1816,-0.00417509788582,-0.000731820766903,0.00561413531627
1817,-0.00354571785583,-0.00360345088265,-0.0016062984528
1818,0.00193288849515,-0.00180648713651,0.00500169573159
1819,0.00490350973413,-0.00553923959847,-0.00644331351493
1820,0.000309480762105,-0.00705633889601,-0.00954788247025
1821,-0.00566207788599,-0.00314764517542,-0.00390219342871
1822,-0.0131858484323,0.0123333579701,0.0196270284763
1823,0.00276422972604,-0.00837521370117,-0.0205108796512
1824,-0.00375861045984,-0.00178045977174,-0.00107973498784
1825,-0.00868995249803,0.00484387254895,0.0164738620865
1826,-0.00120909456792,-0.00337877094347,0.0044395786614
1827,0.00111906898695,-0.001693969485,-0.00251326572683
1828,0.00297681118411,-0.00114317820706,0.0198161739104
1829,-0.0125016720076,0.00447041019086,0.0098699396314
1830,-0.00688259555153,0.00185224927375,0.00826702639468
1831,-0.00461820877404,-0.00130251457089,0.0029488800763
1832,-0.00865127044815,0.00762952139632,0.0119418590545
1833,0.00312929278553,-0.0102670777152,-0.03043393518
1834,-0.00152638080098,-0.00406826377688,-0.012504076194
1835,-0.00210502264623,-0.0032440326854,0.00934582956638
1836,-3.17870792321e-06,-0.00609644560309,-0.00649302666706
1837,-0.00219029499853,-0.00754353465181,-0.0160414864987
1838,0.00846609468114,-0.0140196689181,-0.0149588823521
1839,0.00790442789096,-0.0075952195463,0.00113498158138
1840,-0.00359662164848,-0.00159200988164,0.00831379135903
1841,-0.0030292982754,0.00268445132314,0.0119631191504
1842,0.00256054012401,-0.00766941773834,-0.0155606031448
1843,-0.00972409414496,0.00569092413777,0.00690910709775
1844,-0.00491355599163,-0.000856219017597,0.00536461914387
1845,-0.00816212480793,-0.0018457401011,-0.000576079053361
1846,-0.00427529486538,-0.000665262963607,-4.77478166959e-05
1847,-0.00135973516146,-0.00349014992584,-0.0107357384334
1848,-0.00148740866783,-0.00254923493186,0.00711520420519
1849,-0.0124265013482,0.00458662532613,0.014813860992
1850,-0.00560433401208,-0.00419844231871,-0.00918618308929
1851,-0.00523641544056,-0.000498830662374,-0.00578324812943
1852,-0.00886106993911,0.00190246645148,0.00652398532421
1853,-0.00639078367259,-0.00370808930133,-0.00489995976466
1854,-0.00734068795582,-0.00232063691986,-0.0039768964459
1855,-0.0143623794587,0.000334254454689,0.00336037563356
1856,-0.00338328846678,-0.00194639878852,6.04201331135e-05
1857,-0.0119455151688,0.00592456238153,0.0112738812452
1858,-0.0071621628196,0.00272615810089,0.00982573361633
1859,-0.00486785215346,-0.00127518896173,-0.0061597922217
1860,-0.0049132113218,-0.00154930144062,0.00589479188898
1861,-0.00151169924826,-0.00496706376562,-0.0054700224902
1862,0.00246811016264,-0.00752281094642,-0.00735446300503
1863,-0.00979570384923,0.00867884611138,0.0264185968009
1864,0.00135751691683,0.00220897302475,0.0156760767487
1865,-0.00153771821458,-0.00593088701763,-0.0130457328647
1866,-0.0100024032942,0.0070731058048,0.013770803098
1867,-0.00205184735309,-0.00481649932402,0.00284503328537
1868,-0.00358132607427,0.000472974198024,0.0028129881369
1869,-0.0103720188516,0.00471014400981,0.0151240078756
1870,-0.00221747521662,-0.00112452508243,-0.000282596568278
1871,0.00403963595832,-0.00491577851447,-0.0114972245964
1872,-0.00722152180325,-0.00451120889675,-0.0118789930567
1873,0.00144779352036,-0.00533938861506,-0.00110426699692
1874,-0.010197549105,0.0035764267795,0.00407841270525
1875,-0.00437480915341,0.0011909991039,0.00993480000429
1876,-0.00517300826422,0.000366191353413,-3.27390451682e-06
1877,0.00183342893769,0.00320656982265,0.0111898173634
1878,-0.00286686341772,-0.00469765394317,-0.0054737455156
1879,-0.0053518060237,-0.00334895458241,-0.00174815552705
1880,-0.0128788827614,0.00441552193727,0.00786937196685
1881,-0.0114799104928,0.0071125756489,0.0160007962665
1882,-0.00584522950236,0.00509094325491,0.0223853903733
1883,0.000508205373011,-0.00501906897675,-0.0184038585912
1884,0.00176931749473,-0.00370210451765,-0.00199826120123
1885,-0.00189914015008,-0.00881921919318,-0.00741744932795
1886,-0.0024767104144,-0.00625241718872,-0.00286049348077
1887,-0.00229451576128,-0.00102907674305,0.0126465584131
1888,-0.00756550996733,-0.00280999826968,-0.00739720693379
1889,-0.00255768208747,-0.00393185702117,-0.00936872256735
1890,-6.9416317967e-05,-0.00511865202441,0.00521141866919
1891,-0.00609086157507,-0.00474882466762,-0.0124802063278
1892,-0.0106740990969,0.000630310564918,-0.00594853233548
1893,0.000637730630367,-0.00541020630537,-0.0109426255911
1894,-0.0122162015961,-0.000438152060294,-0.00115719853979
1895,0.000768697696139,-0.00748284320197,-0.0145047040149
1896,0.00418955784891,-0.00951948166254,-0.0105389505606
1897,0.00328277302035,-0.0146582104371,-0.0297580154537
1898,-0.00227418167942,-0.00249862563873,0.00588208513761
1899,0.00381572186144,-0.00276418752872,-0.0112637864949
1900,-0.0092590859615,-0.000145292319878,0.00502756612306
1901,-0.0114687347817,0.00511522962984,0.00860949797543
1902,-0.00768589649696,-0.00538000745016,-0.00435476724542
1903,-0.00621557427593,6.72702576421e-05,-0.012767982457
1904,-0.000310410126844,-0.00576721179263,-0.0055765041003
1905,-0.00171687853633,0.00150911738639,0.0113990839711
1906,-0.010738645975,-0.00481983791485,-0.0140387354622
1907,-0.00806471256783,0.00301296187618,0.0119340736243
1908,-0.0199896649527,0.00646950492522,0.00712215087016
1909,-0.00105359017144,-0.00244100190485,0.00149283275973
1910,-0.010260758347,0.00637464772102,0.0152291933543
1911,-0.000614981587427,-0.00340799004848,0.0059834100254
1912,-0.00711137536013,0.00334950572193,0.0129265800729
1913,-0.00451407954745,0.00254401851701,0.00969920775849
1914,-0.000827849470162,-0.00223323560329,-0.000467625630273
1915,-0.00325104363571,-0.00182633428715,0.00427546217436
1916,-0.00376182878163,-0.0111681257624,-0.016847706329
1917,-0.00715645977975,0.000461521119426,0.0153322644084
1918,0.000907665097542,-0.00609532129633,-0.0141607069139
1919,-0.0149386197609,0.00710539095331,0.0130561129061
1920,-0.00946034692925,0.00359756753141,0.0126379258108
1921,-0.0022707823188,0.00373927081465,0.00527865729342
1922,-0.00961002702127,-0.000688466190516,0.00103761420781
1923,0.00291028996903,-0.00755991014443,-0.0129288639204
1924,-0.00415883576983,-0.00629188347256,-0.0163775404922
1925,0.00126969312173,-0.0133382001723,-0.0206007169296
1926,-0.00428216282348,-0.0052011091917,-0.02246348152
1927,-0.0105542781025,0.00179766103544,0.00480244002309
1928,-0.0117742459177,0.00949682173088,0.013859289464
1929,-0.0122249237552,0.00348372841375,-0.00221438596014
1930,-0.0137912842689,0.00707774381344,0.0216039016545
1931,0.000670905949794,-0.00345403980443,0.00293601181208
1932,0.00436161575128,-0.00791494580179,-0.00755098539086
1933,0.00467002333654,-0.0067382529189,-0.0030660367669
1934,-0.00718855238622,0.00671914545665,0.0166745489939
1935,-0.00617781137925,-0.000797977900123,-0.00268592856836
1936,-0.00115358847917,-0.00200125050351,0.00989046411042
1937,-0.00788026668457,0.00620481788207,0.0163932274368
1938,-0.0122838587205,0.00751027570474,0.0177098587241
1939,-0.00632107114233,-0.000947091269802,0.00223351651458
1940,-0.00358957304523,0.00232108568604,0.0192007583389
1941,-0.000991745701937,-0.00193085219429,0.0060846600078
1942,-0.000443886022483,-0.00769397276505,-0.0125421808175
1943,-0.0125985596345,0.00864625178503,0.0205429177971
1944,-0.00693660427195,-0.00733936146082,-0.0145434435892
1945,-0.00419025884637,-0.00341607348548,-0.0143058876673
1946,0.00416798606119,-0.00697846758676,-0.0173432511529
1947,-0.0113076298058,0.00360992439202,0.0181032331132
1948,0.00164618405368,-0.00671951434817,-0.00647817865409
1949,-0.00758649999871,0.00370085762696,0.005577365076
1950,0.000951315133941,-0.000813214480975,0.00672801054919
1951,-0.00583563207412,0.0042800369227,0.00879697119827
1952,-0.000651532629052,-0.00334847787588,0.00280480479306
1953,-0.00230469437333,-0.00326103416807,-0.00522477447521
1954,-0.0020703048997,0.000138465351904,0.000609010226743
1955,-0.00909638177339,-0.000336462036671,0.00289466426193
1956,-0.000843805416244,-0.00433140976152,0.00159116043171
1957,-0.00330601259557,0.000618146008292,0.00895770611047
1958,-0.00784723592618,0.00292806141103,0.0118908425911
1959,-0.00699630899819,0.00398888799377,0.00686211256981
1960,-0.0119164179239,0.00453317459768,0.00727700231276
1961,-0.00526908970791,-0.00335574473239,-0.00638751565764
1962,-0.00603427242662,0.00307209297008,0.0118469385088
1963,-0.0117583403821,-0.0016329847831,-0.00220197061766
1964,0.00542606531172,-0.00814184158646,-0.00571012279752
1965,-0.000510794828639,-0.00480064305098,-0.00371121640421
1966,-0.00673490614608,0.00221037227126,0.00411234609862
1967,-0.00891748705748,0.00639631316542,0.00709104782049
1968,-0.00527387697053,0.00097472252298,-0.000696578515906
1969,-0.00225248301177,0.00137788868932,-0.00212911580665
1970,-0.0133736257362,0.000824838565658,-0.00465890366287
1971,-0.0090710097559,0.0067148995793,0.0293332037901
1972,-0.00494767464806,-0.000309093413682,0.00722688068098
1973,0.00101594850114,-0.00358972463469,0.000868978057625
1974,-0.00569417092755,-0.000443285637508,0.000949918346424
1975,-0.00868642014816,-0.00200678407762,-0.00279674677976
1976,0.00692287132714,-0.00655496172883,-0.00402186377686
1977,-0.00267579726224,0.00141781343135,0.00399980343601
1978,-0.0022298452737,0.00232498253312,0.00596618209737
1979,-0.00132133679573,-0.00485316511792,-0.00303343619959
1980,-0.00265173709984,0.000180179038697,0.00849702458276
1981,-0.00376955502581,-0.00438834691687,-0.00517770455602
1982,0.00340690189262,-0.00580482237717,-0.0061860081208
1983,-0.00620159100926,0.00130889100407,0.00437406036039
1984,0.00109826709797,-0.00432314074156,0.00741054133038
1985,-0.00799620765367,0.000464524626131,0.0033229185848
1986,-0.00142554980489,-0.00600261175565,-0.00214640296201
1987,-0.0112519978511,0.000302082932199,0.00419013705016
1988,0.00198357924653,-0.00966704869771,-0.00247875643449
1989,-0.00238907399709,-0.00288193818951,-0.00852992442447
1990,0.00165706799452,-0.012087951747,-0.0224574145947
1991,-0.00412141181622,0.00349115735215,0.01469438801
1992,-0.00531780228606,-0.00691155647715,-0.0108389697473
1993,-0.00536762559599,0.000382462250708,0.0203700875377
1994,-0.00282425723466,0.00163489001822,0.00772765333713
1995,0.00227458088734,-0.00373100519905,-0.00211499860872
1996,0.00607855471189,-0.00900912483487,-0.0154442366638
1997,-0.00878915176732,0.00159735268847,0.0050080148201
1998,-0.00847355772355,0.00390001731431,0.0136050987171
1999,-0.00160850075646,-0.00845257216912,-0.0016614945761
2000,-0.0114958481489,0.00764678196255,0.00366443530019
2001,-0.00884871846772,0.00795164500973,0.0124788765054
2002,-0.0066156644945,0.00237910521512,0.00351676099572
2003,0.00443694848155,-0.00767855838088,-0.00622775398759
2004,0.00114460970917,-0.00645627381033,-0.0117290737748
2005,-0.0142727233714,0.00750655651524,0.00520338497365
2006,-0.018115786873,0.00725217955338,0.0218930387463
2007,-0.00750183068123,0.00897109103748,0.0249634980587
2008,-0.00648143496169,-0.000197860467418,0.00352074507499
2009,-0.00133458026626,-0.00392794928362,-0.000397776910121
2010,-0.00701046617248,-0.00219506156913,0.00451853945874
2011,-0.00731717498045,-0.000836760990198,0.00214888891473
2012,-0.0118628657164,0.00584918047618,0.00686013858554
2013,-0.00617736635541,0.00519222999037,0.00761911132349
2014,-0.000671719555925,-0.00948151062873,-0.00817812004197
2015,-0.00396862612086,0.0046616384411,0.0153973722525
2016,0.0011638498912,-0.0100147162252,-0.0099531911533
2017,-0.00686116348897,0.000234352180608,0.0082330758274
2018,-0.0030023779273,0.00227315647186,0.00841955491728
2019,-0.00710430714209,0.00115906876144,0.00731653612611
2020,-0.0015082349369,-0.00617444577217,-0.0111500124556
2021,-0.00260323816407,-0.00202036083406,0.00600536295057
2022,-0.0127487140021,0.00558897788602,0.00430067497498
2023,-0.00454476311628,0.00449604855319,0.00600956860593
2024,-0.00462331756653,-0.00633611843072,-0.0134860601456
2025,-0.00180124726529,-0.00555289651345,-0.00708416629277
2026,-0.00571388122519,0.00772140052515,0.0260082326473
2027,-0.00528890575392,-0.00221181875403,-0.00188459981805
2028,-0.0035748822987,-0.000908095893432,0.00653883884195
2029,-0.00791565068478,0.0015159385464,0.0122691375216
2030,-0.00294372800783,-0.00442923707502,-0.00125905845954
2031,-0.00364294167595,-0.00172365094319,0.00280598635013
2032,0.00131675003063,-0.00143469338147,0.00280300306203
2033,0.00245405526655,-0.00481133320274,-0.0034324119998
2034,0.000915726844901,-0.00761562183217,-0.00630788156332
2035,-0.0058309928206,0.00325789940139,0.00369293866576
2036,-0.00511077617175,-0.0050778908062,-0.00892253863024
2037,-0.0157649025483,0.0163453051604,0.0187971264742
2038,-0.00907336876621,0.00462592255629,0.0108905750833
2039,-0.00354650442572,0.00205806772874,0.0151097828924
2040,3.14899156321e-05,0.000711978286088,0.00539172018451
2041,-0.00431177871003,0.000562656883972,0.00288711817666
2042,-0.0112666400461,-0.00314181376079,-0.00673404837072
2043,-0.00124361642348,-0.00540071278996,-0.0172595732639
2044,-0.00671891542763,0.00247668014931,0.00324962929308
2045,-0.00115556111526,0.00279330477001,0.00121958609892
2046,-0.00750546414176,-0.00506151439486,-0.00980972766849
2047,-0.00582702871788,0.00188422783605,0.00930695386949
2048,-0.00886039246832,0.00346713955231,0.020350162569
2049,-0.00124186297729,-0.00318017439726,0.00278872334022
2050,4.03274144251e-05,-0.00133132650787,-0.00148534464729
2051,-0.00230728109354,0.000977662121352,0.00787715959958
2052,-0.00427084438611,0.000894645345814,0.00777262641556
2053,-0.00254846676298,-0.00297019010039,-0.00609093451158
2054,0.00381943011513,-0.0115712999889,-0.0181880513707
2055,-0.00873142586707,0.00224908631017,0.00768908623962
2056,-0.0125077274763,0.00676065390208,0.00616041593959
2057,-0.00888120126158,-0.00237684461705,-0.00439993473066
2058,-0.00336107681618,0.00185875862391,0.00224395586576
2059,-0.0123941705598,0.00392569577399,0.00222076913342
2060,-0.0083798935024,0.0040970006687,0.00721393432589
2061,-2.83418061131e-05,-0.0027466379357,-0.00247900643117
2062,-0.000579189994445,-0.00761767334516,-0.0216938810004
2063,-0.00432696647423,-0.00427011713714,-0.00791657387153
2064,0.0025304797038,-0.00893457118798,-0.0066250234519
2065,-0.00608653697028,-0.00535821113476,-0.00440977051988
2066,0.00650110612222,-0.00954934643731,-0.012853296923
2067,-0.000716047085108,-0.00627431091194,-0.0114915232897
2068,-0.00677625771326,-0.00239565852249,-0.00515957702766
2069,-0.000798333051427,-0.00590488263703,-0.00857031950488
2070,0.00937174147735,-0.0117456672898,-0.0087327813108
2071,-0.00591017820543,-0.00508976621596,-0.0136849566068
2072,-0.00231628892115,0.00151126756138,0.00404811316768
2073,-0.00516238032139,-0.00597218928935,-0.00851222334978
2074,-0.000436752258669,-0.00915667567226,-0.00639007139663
2075,-0.0109650455618,0.00253355477132,0.0122025796431
2076,-0.00229806746247,0.0025564944458,0.00547971097114
2077,-0.0107930116252,0.00285922873408,0.00349107882513
2078,-0.00331366564022,0.00135958983718,0.00611816194682
2079,-0.0133125553115,0.00309765896176,0.000237620041984
2080,-0.00501516022645,0.00638894839182,0.0182799637857
2081,0.00322690497784,-0.00812259294626,0.00393831130378
2082,-0.00319659318176,0.000438966439148,0.0102430005308
2083,0.00169755606698,-0.00824710294007,-0.012918740136
2084,0.00225000811187,0.000464835373966,0.00725694236369
2085,0.0022614269363,-0.014068850843,-0.0265572202805
2086,-0.00108804808249,-0.000404653832362,0.00416504867647
2087,-0.00533711837517,0.00377802238326,0.0207493811542
2088,-0.0105572926512,0.0014307579356,0.00298278947396
2089,-0.0119208757659,-0.00301297739315,-0.00506101361306
2090,-0.00839562745883,-0.00224187694148,0.00958904083396
2091,-0.00500576529007,-0.00252750778122,-0.00274977227348
2092,-0.00592011952884,0.000993668850874,0.00232299101766
2093,-0.00262110570862,-0.00192025258302,0.00358376539415
2094,-0.00561551987555,0.00227742178386,0.0115555129948
2095,-0.0145891968588,0.00741722378508,0.0133370677423
2096,-0.00610984979058,-0.00290038145856,-0.0149805414295
2097,-0.000557827926398,-0.00864581960835,-0.0166118162739
2098,-0.00261953312634,0.00324537517902,0.00698247951722
2099,0.00264500724703,-0.0116919065696,-0.0223477422198
2100,-0.00973999831651,0.00988478521374,0.0165491267967
2101,-0.00385384149314,-0.00118886792565,0.00248777142397
2102,-0.000415639648422,0.000707908909007,0.00766501365992
2103,-0.00196329665379,-0.000390530260653,0.00293456113652
2104,-0.00498876664079,-0.00226140871195,-0.00422731020302
2105,0.0010333911534,-0.00342012264212,-0.00147776318759
2106,-0.010394998191,0.00258887861165,0.00557591829251
2107,0.00311790191699,-0.00625854151616,-0.0106686958832
2108,0.00185363476477,-0.0123964212337,-0.0141083522021
2109,-0.00714514253621,0.000969252927819,-0.00119719275719
2110,-0.00449996962683,-0.00247395830473,0.000468223547544
2111,0.00162674417531,-0.00257620341795,-0.00167926396751
2112,0.0057865779049,-0.00760926073634,-0.0058757403166
2113,-0.0126317362232,0.00385410732176,0.0133629768466
2114,0.00110630904893,-0.00604895538895,-0.00787178702578
2115,-0.00819411630652,0.00352256956491,0.0127469662429
2116,-0.0101592676255,-0.00738673994127,-0.0198556568422
2117,-0.00366579005564,0.00339786229263,0.00819781639839
2118,-0.00915125261782,0.00291260048655,0.0114300782128
2119,-0.00228224357013,-0.00426216033369,-0.00850098678014
2120,-0.00627292446219,-0.000126304594332,0.00664088877035
2121,-0.00925820163355,0.00259686874442,-0.00203651855907
2122,-0.00093144605026,-0.00574963688414,-0.00108670444727
2123,-0.00502514916294,0.0025859401292,-0.00723944687995
2124,-0.0147962445432,0.00705128614697,0.000310291336488
2125,-0.00234240348207,-0.00306223920839,-0.0100810929182
2126,-0.00194531341503,-0.00296301797916,0.00199972446583
2127,0.00076596675899,-0.00304286670904,-0.00161231451484
2128,-0.00400649300949,-0.00803316528986,-0.0170016742075
2129,-0.0162839910893,0.00518636628214,0.00629706185474
2130,0.000229747684294,-0.00399599199939,0.00143556819488
2131,-0.00510983574465,0.00130477828024,0.000379816866219
2132,-0.010193324781,0.00495854530949,0.0123844760624
2133,-0.0084400605893,0.00207457960106,-0.00227436798235
2134,-0.00834235656125,0.00256279263755,0.0127615285673
2135,-0.0115008702873,0.00599792158887,0.0126271688265
2136,-0.00741532335606,0.00303462206773,0.0145806627035
2137,0.00126911286639,-0.00184898225135,0.00363506832388
2138,0.0055678679052,-0.000751639860045,0.00683603848194
2139,-0.00272558385772,-0.00076345355265,-0.000351977068959
2140,-0.00349855090217,-0.00667725003067,-0.0127206704463
2141,0.00347366658544,-0.00591638466502,-0.00701768090993
2142,-0.0114954830088,0.00595446989187,0.0124395760304
2143,-0.0106344931684,-0.000503429787863,-0.00305307688845
2144,-0.0154313489081,-0.000339703564166,-0.0193922688601
2145,-0.00564789297536,0.00702469721752,0.00555700932539
2146,-0.00320324500898,-0.0035166356794,0.000262504462987
2147,-0.0056846338276,0.000142167195931,-0.00249080584353
2148,-0.00841253280807,0.00944612545015,0.0216791888366
2149,-0.00102332883858,-0.00218475003294,-0.00680218780242
2150,-0.00280253198678,-0.000706013391562,0.00331555839252
2151,-0.00273419455925,-0.00789866920534,-0.00837138793815
2152,-0.00863606187137,0.00616386252344,0.0151777524709
2153,-0.0059675486936,0.000356411334039,0.00690156431083
2154,0.000373864793804,-0.00757887439415,-0.00972940171108
2155,-0.0154620964503,-0.00575611729222,-0.022662388655
2156,0.00705813730804,-0.00875417696852,-0.0202395438729
2157,-0.00290382283286,0.00331198731438,0.00933482782528
2158,-0.00169338981439,-0.00697150473058,-0.011718584478
2159,-0.000135666393257,-0.00193384866065,0.00520456610351
2160,-0.00468491749335,-0.000956173128397,-0.00149781356361
2161,0.000331864851927,-0.000551371686882,0.000977551347104
2162,-0.00509220704827,0.00224845972693,0.00184643193826
2163,-0.000489261433005,0.00136835692022,-0.00127974368827
2164,-0.00580101248096,0.00305487972865,0.000415370123685
2165,0.00500274995431,-0.00161151708412,0.00271631491618
2166,-0.00275840695266,-0.000745341170016,-0.00441312388413
2167,-0.0125261839829,0.00409505515741,0.00657558590635
2168,0.00191268987059,-0.00478488945397,-0.0037275267852
2169,-0.010497533743,-0.004661438944,-0.0132782503497
2170,-0.00404681126719,-0.00432221644568,-0.0141289585645
2171,-0.00197318968236,-0.00449564750371,-0.0104650016389
2172,-0.00876032958028,0.000488363024637,0.00594906966288
2173,-0.00737022086673,0.00657352464525,0.0222751214811
2174,-0.00542691929245,-0.00261491738542,-0.00236673554776
2175,-0.0029043992461,-0.00271453627799,0.00500762175695
2176,-0.00452620522674,-0.00152223948104,-0.00634558510294
2177,-0.00420407970118,-0.000989503372242,-0.000708704840417
2178,-0.00597821909292,0.000264163663333,0.00642744321
2179,-0.00692229876993,0.00574444515778,0.0172130773911
2180,-0.0117775063656,0.0109008148441,0.0239853750431
2181,-0.00319182408043,0.00215167737904,0.00199548238126
2182,-0.000212014909182,-5.32640095247e-06,0.00437746810444
2183,-0.00693578234205,0.00317697146998,0.0132640404526
2184,-0.00885111779087,0.00516558383958,0.0143703850247
2185,-0.00344027885534,-0.00711972524352,-0.0147721846857
2186,0.0012961485612,-0.000582120540132,0.00840087180355
2187,-0.0142540467543,0.00799574872732,0.0104473760916
2188,-0.00766424946656,0.00266677115394,0.00835388240534
2189,-0.00961420786392,-0.00187841996759,-0.00366297313902
2190,-0.00168747574226,-0.00411291832161,-0.0115653033112
2191,-0.00328317001077,-0.000943930318196,-0.00864425523069
2192,-0.00251679903892,0.00157076745036,0.00991757488179
2193,-0.00262091919917,-0.002086396588,-0.0030519053137
2194,-0.000210960560943,-0.00545554151675,-0.00864170338839
2195,-0.0113088217958,-0.000101557279512,0.0024717417756
2196,-0.00293085686829,-0.000974302885921,0.00352204431257
2197,-0.00620878735289,-0.00134020589081,-0.00522282200014
2198,-0.00599270073846,-0.00280709968439,-0.00215164709739
2199,-0.00244290541626,-0.00253418511191,0.000206971129488
2200,-0.00558212254629,0.00730149965075,0.0153174103347
2201,0.00767796015541,-0.00839230330728,-0.009359776726
2202,-0.00370832492528,-0.00592590216718,-0.00921739537458
2203,-0.00496537821447,-0.00271493341249,-0.00506460919018
2204,-0.00357732640229,-0.00407836103087,0.00194692737408
2205,-0.0117195936346,0.000375744626266,0.000757837649818
2206,-0.00268079884773,-0.0011994408083,-0.00380841846776
2207,-0.00511641414039,-0.00344388412223,-0.00420095704096
2208,-0.0069106131545,0.00194239732538,0.0160955131419
2209,-0.00915609700502,-0.00338012266555,-0.000754412568502
2210,-0.00545445601629,0.00141024450729,0.00743809285828
2211,-0.00201148725848,-0.00344422769098,5.39861043477e-05
2212,-0.00590161891583,-0.00262804261858,-0.00030306479935
2213,-0.013274038573,0.00329131637908,0.00659630164616
2214,-0.00236539694089,-0.00258589421783,-0.00928847466649
2215,0.00328951494741,-0.00881922444022,-0.0106909546457
2216,-0.0089229934714,0.00825463062204,0.0219766202501
2217,-0.00708195095087,-0.00267795466891,-0.0158125945458
2218,0.000499368264548,-0.00118913034557,0.00324534868014
2219,-0.003877454647,0.00334101883844,0.00278450540682
2220,0.00195067736835,-0.000568088146131,0.0114546859437
2221,-0.00799097342768,0.000975570876721,0.00309156578588
2222,-0.00203695311461,0.00137643121859,0.0130253617593
2223,-0.00116463706418,-0.00780658304716,-0.0118725535962
2224,-0.000196548864486,-0.00428852535206,-0.0130262770603
2225,-0.00425706941172,-0.00297862917986,-0.00793783660481
2226,0.00366843945736,-0.0138786180713,-0.0272019341559
2227,-0.00621809117622,-0.0035599487554,-0.00543115574826
2228,0.00151186321146,-0.00526101219289,-0.00405677037788
2229,-0.00288024760488,-0.00683826210103,-0.00920433656025
2230,-0.00861984515056,0.00525103432575,0.0138070388895
2231,-0.00015325594813,-0.0035693112107,0.00164947231737
2232,0.000341700631983,-0.00301801858602,-0.00155915216742
2233,-0.00296238464665,0.00157012760538,0.00748255897295
2234,-0.00443577199136,-0.00116885041518,0.00294476799684
2235,-0.0122261054148,0.00690384025692,0.0206680856639
2236,-0.00165808267728,-0.00642607305884,-0.00492278077403
2237,-0.00406576260323,-0.00395169379423,-0.0102668692258
2238,-0.00529349248613,0.00357604057426,0.00892016089226
2239,-0.00972106110848,-0.00628073010267,-0.00146734455847
2240,0.00055286153344,-0.00855224997808,-0.0180801899609
2241,-0.00629608704539,0.00261064866687,0.00296794648832
2242,-0.00451364835857,-0.0014170394254,-0.00555421937432
2243,-0.00802282552849,0.00358333919382,0.00592714883867
2244,-0.000456022012819,-0.000798360171238,0.0017584027073
2245,-0.00595648512629,0.000113487935307,0.00330875391309
2246,-0.00048026351871,0.00403395579309,0.0210868043839
2247,-0.0132210837847,-0.000189295405027,0.00285882366784
2248,-0.00688987656221,0.0056587601788,0.0121760801271
2249,-0.00237027699364,0.000920920691122,0.0131667664233
2250,-0.00376698939551,0.00145779301534,0.00777795682722
2251,-0.00607431546743,-0.00186861982951,-0.00731706419206
2252,0.0012803500064,-0.0105185248381,-0.00811583563732
2253,-0.00534244858465,-0.00479909113996,-0.00800394790541
2254,-0.00127237726849,-0.00406548708267,-0.00528976022658
2255,-0.00894537134779,-0.000326451924572,0.00327991996819
2256,-0.000843199904802,0.000765420839733,0.00580928763968
2257,0.00258549659418,-0.00258636051101,-0.00843439251433
2258,-0.00994702958782,-0.00116726051585,0.00354394662908
2259,-0.00567789049494,-0.00169699209474,0.0052326217745
2260,-0.0027276784338,-0.000720009867172,0.00650611434023
2261,-0.00667135146317,-0.00170169012013,0.00890481843069
2262,-0.00152590415095,-0.0101128495792,-0.0119014669515
2263,-0.00342299142106,0.00339117218105,0.00264914632717
2264,-4.31432875282e-05,-0.00518236563521,-0.00623587214101
2265,-0.000286057882038,0.00122659318194,0.00414534216595
2266,-0.00790494724826,-0.00714060405988,-0.0101234057628
2267,-2.79259409378e-05,-0.00778365215065,-0.0189732214955
2268,-0.00733368499046,0.00555909420649,0.00930556231816
2269,-0.008201752468,-1.74395772478e-05,-0.000309855292623
2270,-0.00967391903946,0.00356852294913,0.0161168467668
2271,-0.000827267410582,-0.00512631043753,-0.0101278199517
2272,-0.00709745534021,-0.000336558279611,-0.00011320701363
2273,-0.00174229493415,-0.00278073462918,0.0015663534271
2274,-0.0100583999205,0.00470366467763,0.0064605575419
2275,-0.00838430745401,-0.00124338042124,-0.00363823671954
2276,-0.0119731551566,0.0015940011281,0.00106259789143
2277,-0.00484125559738,-0.000912618569658,-0.000470270601952
2278,0.00972120535279,-0.00917190146932,-0.0154676383705
2279,-0.000641215323867,0.000841288349366,0.0125668941654
2280,-0.00296117155733,-0.00433807869288,-0.00322749521846
2281,-0.00587586916089,0.00183277317572,0.0163455800402
2282,-0.00996826666946,0.00051624333684,0.00632973760349
2283,0.000894158282422,-0.00590382449607,-0.0110949063753
2284,-0.0113211227378,0.0090023016343,0.0174407440439
2285,-0.00297914332895,0.000131308699677,0.007766116312
2286,-0.00473834895506,0.000649427154762,0.0112963616639
2287,-0.000187927297294,-0.00631198238026,-0.0129958067397
2288,-0.00668460143659,0.00714383133539,0.0265436165446
2289,-0.00635392906732,-0.00709982186823,-0.00711149426805
2290,-0.00503541610995,-0.00116524854936,-0.00578463534867
2291,-0.00646427117802,0.00259970355793,0.0116593630376
2292,-0.000570978032011,-0.00389639687086,-0.00541624291953
2293,5.50941957795e-05,-0.00377775143309,-0.0162599536503
2294,-0.00168542450724,-0.00144360181724,0.00442302749102
2295,-0.00516314270142,-0.00330751333384,-0.00757145804261
2296,-0.00758241795917,0.000621230339861,-0.0012259905771
2297,0.00179565503334,-0.0102803704029,-0.0207169623844
2298,-0.00111500762135,0.00113307469712,0.00820890798794
2299,0.00425202461605,-0.00906167789792,-0.0185310190675
2300,-0.00266251141386,-0.00268086799661,-0.00222999239904
2301,-0.00260268271404,-0.00830246338968,-0.0163371206805
2302,-0.0169870885374,0.000176436689214,-0.00504437092329
2303,-0.00684986000144,0.00199400100562,0.00417211558513
2304,-0.00508619756526,-0.00101429669805,0.000915195617415
2305,-0.00269015738563,-0.00474602360668,-0.0134437379534
2306,-0.0038293848048,0.00155987449389,0.0157981786823
2307,-0.00488840906525,0.00185607004729,0.00681965941213
2308,-0.00271941022925,-0.000517961335716,0.00351206198625
2309,-3.70962044175e-05,-0.00164755423362,-0.00443883396565
2310,-0.00896752026519,0.0052059488276,0.0143039373313
2311,0.0017300012044,-0.00603738214877,-0.00717178124294
2312,-0.00870149089122,-0.00530931992313,-0.0162923979263
2313,-0.00533678052309,0.00181736130708,0.0106349566188
2314,-0.00912729134786,0.00108363240765,0.00398127059321
2315,-0.00415629953749,-0.00314924121436,-0.0095942264144
2316,-0.00395680427085,0.000436882920519,0.00881773634555
2317,-0.0146591007919,0.00390730407741,0.00610185817603
2318,0.000721035453833,-0.00471114044239,-0.000765438267938
2319,-0.0020728773753,-0.00519091257676,-0.00130776124687
2320,-0.00789800498452,0.00250099017763,0.00814921461966
2321,-0.00377503590638,0.00250223944379,0.0158491811595
2322,-0.00648221372366,-0.00181087822642,-0.0112132371981
2323,0.00342494656027,-0.00643796542471,-0.00567956530012
2324,0.00226727887434,-0.0025438381384,0.00326772725126
2325,-0.000884135995813,-0.00668778688097,-0.013152877734
2326,-0.00454726858357,0.0017702734824,0.00336810164871
2327,-0.0029466469908,0.000535201172877,0.0101339433202
2328,-0.000549600791013,-0.00519912509822,-0.00913032215635
2329,-0.00269567329837,-0.00821150732508,-0.0138381492784
2330,-0.00651387363888,-0.00352129205954,-0.00289719260234
2331,-0.00559265498884,-0.00170880869203,0.00473509297839
2332,-0.00353192717607,-0.0038547359401,-0.00185491689883
2333,-0.00353226378701,-0.00144933949054,-0.00129386711152
2334,-0.00274417279758,0.00427698741228,0.00988720225959
2335,-0.00712937494084,0.0036159396759,0.0147756755045
2336,-0.00707591385758,-0.00259140529804,-0.0029139747212
2337,-0.00614870313605,0.000792565156404,0.00470412729481
2338,0.00105767963924,-0.00777664395392,-0.0132140849569
2339,-0.00669108389982,0.00212669519523,0.0111479959964
2340,-0.014015318232,0.00570416908093,0.0177226726302
2341,-0.0063703876369,0.000183997660926,-0.000987264131794
2342,-0.0109933962146,0.000966701640842,0.0021095173258
2343,-0.00777285411736,0.00263654280978,0.00767736896605
2344,-0.000478587849108,0.00026355786025,0.0122384227471
2345,0.00173354364697,-0.00606631358965,-0.00546604877525
2346,-0.0148307926836,0.0121272129699,0.0261758155061
2347,0.00348973277809,-0.00875684148012,-0.015411443115
2348,-0.00359019403552,-0.00463396327214,-0.00412441994498
2349,-0.00151937607472,-0.00558281968082,-0.010413182446
2350,-0.00415265222664,-0.00406619786747,-0.00266600832395
2351,0.00890477914033,-0.00973148867828,-0.0104646191083
2352,-0.00323495270381,-0.00230320647342,0.00862645905411
2353,-0.0121262049114,0.00564455057952,0.00793876679705
2354,-0.0025052747091,-0.000892456045153,-0.00155971588975
2355,-0.000810164015674,-0.0026031922207,0.00963058112015
2356,-0.00193309270125,-0.00577785146933,-0.0114562070678
2357,-0.000958264276251,-0.00421937500413,-0.0116767638427
2358,-0.00914416109977,0.00150097386452,0.00633576848543
2359,-0.00204737027144,-0.00562178362226,-0.00608724390599
2360,-0.00799021745908,0.000854563687388,0.00852530100834
2361,-0.00095783104011,0.0036067531977,0.012872903513
2362,-0.00584946992637,-0.00562708435059,-0.00507834139865
2363,0.00510832511723,-0.000731786537274,0.00785231238792
2364,-0.012840594283,0.00387654210606,0.00876185496829
2365,2.88751426003e-05,-0.00104227904913,0.00719950139302
2366,-0.00815442011936,0.0041807191824,0.000533695069758
2367,-0.00416445938627,-0.00226318373975,-0.00491597800547
2368,-0.00366795938755,-0.0051430785932,-0.0143972169503
2369,-0.00428647974242,-0.00224825981032,-0.00442072894618
2370,-0.000545002741285,-0.00780226132102,-0.00469450818435
2371,-0.00802235097934,0.00494602876116,0.0141689210613
2372,-0.010441190393,0.00590781046977,0.0181349589676
2373,0.00137072424522,-0.00617741815361,-0.00647611376683
2374,-0.0137872522624,0.00874797743729,0.0127284326631
2375,-0.0113616572485,-0.00344545205903,0.0015935055978
2376,-0.00440348108761,-0.00626717051355,-0.0239467567457
2377,-0.00295907662792,0.000733563914972,0.0130690069812
2378,-0.00570689293904,-0.00217112798204,-0.00610285528257
2379,-0.00752087429121,0.00308584479293,0.00932681048011
2380,-0.000342125904633,-0.000128507590621,0.0119691540988
2381,-0.00828973866526,-0.00835869803197,-0.00938992816478
2382,-0.00689857493721,-0.00217762598745,-0.0015315230191
2383,-0.0013625933145,-0.00529315322774,-0.00744022976888
2384,0.00210134897513,-0.00848860768287,-0.00404842310848
2385,-0.00537466043015,-0.00241684146944,0.00170880377535
2386,-0.00616069866885,-0.00401875081663,-0.00537038511154
2387,-0.0047050864452,-0.00469441735109,-0.00785846859607
2388,-0.0132943343958,0.00603235166005,0.0105247681341
2389,-0.00966152356141,0.00465191837723,0.0153671196205
2390,-0.00145720655664,0.00237485577581,0.0146801851345
2391,0.00656695735242,-0.0128065802817,-0.0123547640515
2392,-0.00949331772782,0.000321245264201,0.0047844156613
2393,-0.00745453647375,0.000321716503011,0.00569331129809
2394,0.000504077547078,-0.00381369855601,-0.00508180926472
2395,-0.00407793660473,-0.00207778332819,-0.00408230555622
2396,-0.00784114104902,-0.000311691029487,-0.000858377699144
2397,-0.00723222594671,-0.00481264608515,-0.0133334615412
2398,-0.0102111772027,0.00059791990066,-0.00802046602519
2399,-5.98753691506e-05,-0.00255802337654,-0.00581811210615
2400,-0.00535028882358,0.00241280651113,0.014461447581
2401,-0.00248321776575,-0.00311747653678,-0.0043530412473
2402,-0.00820381352809,3.50165417762e-05,-0.00532980020363
2403,-0.0110290503659,0.0063860788116,0.0166600223838
2404,-0.00422312335107,-0.0017770121192,-0.00132804690984
2405,-0.00635494628274,-0.00360258791484,-0.0137304400385
2406,0.00261431673526,-0.00124910900478,-0.00556366303675
2407,0.00158311407573,-0.00459589498296,-0.0112961825548
2408,-0.00826571295548,0.00294524923653,0.0109128217443
2409,-0.00108197566606,-0.00449599431601,-0.00183086228337
2410,0.00149096399599,-0.0089463233476,-0.0116741915955
2411,-0.00961594500418,-0.00192614023106,0.00246172317811
2412,-0.00433606018637,-0.00510533220757,-0.00741215054568
2413,-0.00460386266998,0.000670131673186,0.00986743109761
2414,-0.0114205502489,0.00701989933188,0.0234642810079
2415,-0.00378269626249,-0.00531417729195,-0.00047405573358
2416,0.00136686827998,-0.00315467703926,-0.00328582108144
2417,-0.00939433716482,0.000320724122872,0.000933726791293
2418,-0.0036087308126,-0.00580746232117,-0.00719383035417
2419,-0.00376019629496,-0.00274833246155,-0.0162791365863
2420,-0.0115991890382,0.00460489029841,0.00586645227832
2421,0.000337170214763,-0.000641911463285,0.00719290087898
2422,-0.00422990992195,4.33092481587e-05,0.000368229777521
2423,5.12569122672e-05,-0.00493709930605,-0.00561641364316
2424,-0.00735453568253,-0.00331085934783,-0.00967403387195
2425,-0.00609052064872,0.00251901552134,-0.00502535160955
2426,0.00221251918542,-0.00313457282707,-0.00884558912351
2427,-0.00793635140302,-0.00178239789805,-0.00234645653747
2428,-0.00512320722423,-0.00259462608064,-0.00286155275663
2429,-0.00984384679864,0.000218537423302,-0.000269300687134
2430,-0.00676190157895,0.0014377446392,-0.00324815358211
2431,-0.000926631357478,-0.00412720432932,-0.0047983758742
2432,-0.0047325475407,-0.0030947649301,-0.00491176605891
2433,-0.00887972570847,0.00404993008167,0.00962698249183
2434,-0.0048364126006,0.00110362272508,0.00261038519661
2435,-0.0048343144895,0.000774746520567,-0.000374473772899
2436,-0.00478235684123,-0.00288451546421,0.00320773086301
2437,-0.00379864753928,0.00334659860355,0.0096630719939
2438,0.00166513357118,-0.00851553005534,-0.0154650125585
2439,1.90155285228e-05,-0.00112644913792,-0.00135016366539
2440,0.00715198756551,-0.00984966172799,-0.00602328537432
2441,-0.000615091672034,-0.00326648031139,-0.00645802135053
2442,-0.0116531534235,0.00811980755184,0.00640809517583
2443,0.00909244160439,-0.00869858509421,-0.00895723568647
2444,-0.00996742549242,-9.61087126269e-05,0.00138438195688
2445,-0.0111469409014,0.00104734241816,-0.0032657372211
2446,-0.00299183924342,-0.00365838352858,-0.00756624963171
2447,-0.00672951844156,-0.00217830159428,-0.00691068311227
2448,-0.00661101259347,-0.00414376436868,-0.00526793734613
2449,-0.00824472056677,0.00103860584752,0.0101682102109
2450,0.00192904649814,-0.00889048014684,-0.0115520734366
2451,-0.0128092602972,0.00964093895725,0.0195770368217
2452,-0.0115197991907,0.00584635674291,0.0107496853354
2453,0.000767449120405,-0.0017584049499,0.00818010429057
2454,-0.00928358719935,0.000101812620649,-0.00118276192816
2455,-0.00961341014618,0.0081693873111,0.0136835127851
2456,-0.00779067271933,0.00141605230691,0.00271934318086
2457,0.00637013953056,-0.00482754787392,0.00275656829978
2458,-0.0100914933314,0.00214196741057,0.00672232619035
2459,-0.0138763711985,0.00583771434553,0.00410690827302
2460,-0.00232279801345,-0.000524956169156,-0.00408955623594
2461,-0.00362023754023,0.000681647740348,0.00176601217084
2462,-0.00731268082892,0.00666977970394,0.00979708516107
2463,-0.0135162068328,0.0012484863273,0.00438265634027
2464,-0.00656617244313,0.00162583033497,0.00771847684164
2465,0.00283406433432,-0.00660511866357,-0.00889267791931
2466,-0.0134190210392,0.00542807168278,0.00901718055649
2467,-0.00339629777174,-0.00244934039305,-0.0102012441872
2468,0.000754354176984,-0.00322644682469,-0.00647926462021
2469,-0.00444998027166,-0.00120112594829,-0.00605090391589
2470,-0.011301007415,0.00649603917005,0.00564380998757
2471,-0.00288859724808,-0.000269376116651,0.00545907066833
2472,-0.0026195740422,-0.00255631258381,-0.00617274462037
2473,-0.00762444897321,0.00907336078533,0.0110300381397
2474,-0.00395729155365,-0.00551259052513,-0.0140680990667
2475,-0.00580100987678,0.000905129123209,0.00488555962238
2476,-0.0103612772018,0.000805980370593,0.00504535899577
2477,-0.000739005716603,-0.00383558706288,-0.0116271442276
2478,-0.0123242458662,0.000270609549823,-0.00481290751214
2479,-0.00998261423876,0.00346435634947,0.00691023126226
2480,-0.000297340153838,-0.00479993232106,0.0022771894044
2481,-0.00485090309242,0.00237761050441,0.00387999351139
2482,-0.000376372128673,-0.00197215071716,-0.00349979247529
2483,-0.00475418232923,-0.00904142647811,-0.019559261725
2484,-0.00936898904202,0.00535380570523,0.0162798978648
2485,-0.000694334281745,-0.000763987256148,0.00295341267892
2486,0.00256305062141,-0.0052185217142,-0.00815429067577
2487,-0.00988827593604,0.00206560903558,0.00921805822983
2488,0.00163247740068,-0.000928971776377,0.00758810193183
2489,-0.00426221797113,-0.00344054765272,0.00218479422739
2490,-0.00323885809481,2.08025908904e-05,-0.0033544379219
2491,-0.0102358513512,0.00492006566834,0.0105771368491
2492,-0.0066032960843,-0.0033283499559,-4.09054214422e-05
2493,-0.00245530412609,-0.00311090514319,0.00312068110295
2494,-0.0119864494021,-0.0026253389907,-0.0145616731804
2495,-0.00709591057304,0.00145102860207,0.00538857935791
2496,-0.000445865033567,-0.00557576677037,-0.0107754926366
2497,-0.00738446016929,0.000195795037167,0.000217060331531
2498,0.00102844348273,-0.00558954238894,-0.0185464941233
2499,-0.00784155206667,-0.00170379364782,0.00549168203048
2500,-0.00257426639803,-0.00686560346707,-0.0136122866726
2501,-0.00702199817015,0.00612119701262,0.0179143442338
2502,-0.00212755842649,-0.00843402045477,-0.0122334842647
2503,-0.00340223198472,-0.00619647168849,-0.00648875161488
2504,-0.000778101758285,-0.00214805588191,0.00217680617585
2505,-0.00431044113649,-0.00140081213332,-0.0070607714992
2506,-0.0126702000407,0.00694258487832,0.00467313752553
2507,-0.00882881381686,-0.000173129431578,0.00366772863243
2508,-0.0063443710334,0.000724738048479,0.00444260508207
2509,-0.0112739827868,0.00680650848075,0.0204709588278
2510,-0.0050851671254,-0.00443203506471,-0.0147069530082
2511,-0.0065310605024,0.00172660656623,0.00305116058213
2512,-0.00691994859346,0.00144982435043,0.00996232398037
2513,-0.00561190466656,0.00500027080096,0.00890456443783
2514,-0.00543939637234,0.00551636704203,0.00776181288086
2515,-0.00177883569584,-0.00672988993492,-0.0116446102373
2516,-9.69850668706e-05,-0.00785403646072,-0.00734961812056
2517,-0.009216880309,-0.00423454095882,-0.00801548246718
2518,-0.00900716339955,0.00632574249623,0.00815691517748
2519,-0.0012761487624,-0.0064809315595,-0.00832534039514
2520,-0.00312802279298,0.00458589146515,0.00124590613582
2521,0.00127717996227,-0.00506256091,0.00132845391594
2522,-0.00410189590374,-0.00116602416318,-0.00771856586158
2523,-0.00197810820307,-0.00166275874498,-0.00503222789458
2524,-0.00527665779216,0.000390556432106,0.00989161782906
2525,-0.00236229203028,-0.00774501557788,-0.0146420734876
2526,-0.0101002874258,0.00349741161827,0.0120672320183
2527,-0.00644803683415,-0.00130992354976,-0.00903914206099
2528,-0.0108358951508,0.00278001567546,-0.00364572633242
2529,-0.0101822570367,0.00506008557735,0.00505341044505
2530,-0.00922981680273,0.00396008238844,0.00726888460099
2531,-0.00583848784263,0.0049117198955,0.014789491747
2532,-0.00444357138267,-0.000206180110889,-0.0141422400138
2533,-0.00604361210615,-0.00376804381587,-0.003458846521
2534,-0.00657200580762,-0.00369853169599,-0.0079265532694
2535,0.00167836753828,-0.00771808975333,-0.006356483098
2536,-0.00143150363034,-0.00517711190167,-0.0112102258666
2537,-0.00573512273791,-0.00484358251394,-0.0262323073972
2538,-0.0123150685117,0.0112584943673,0.0187934318554
2539,-0.00583871313481,0.00560708590193,0.0141827123845
2540,0.000270679484709,-0.00891170204262,-0.0174762540319
2541,0.00112619756817,-0.00631831886683,-0.00301310584764
2542,-0.00509964905681,0.00406779396583,0.0111808008592
2543,-0.00461303564847,-0.00835090428516,-0.0180911340572
2544,-0.00495108666722,0.00373471957195,0.0137743929594
2545,-0.00966881840753,0.00373321187273,0.0069491179478
2546,-0.0154493608795,0.00194353178252,-0.00358690592679
2547,-0.0129293280002,0.00607942354293,0.00529248396689
2548,-0.0154845368384,0.0071611775489,0.0145692845829
2549,0.000608995780223,-0.00161471706859,-0.00102899098482
2550,-0.00156981440489,-0.000379820598277,0.0064737428976
2551,-0.000263890783884,0.000755244743708,0.00893363739099
2552,-0.0111656160428,0.00527205942252,0.00664311630558
2553,-0.0107766524057,0.00314205270283,0.0182138396332
2554,-0.00329402907816,0.00278089540669,0.00866300939196
2555,-0.00361640837323,-0.00462394657365,-0.00861631956183
2556,-0.0152294201274,0.00527164889462,-0.000927050313175
2557,0.0015593401486,-0.00162144638879,0.00488134376164
2558,-0.00272571841332,0.00116702280814,0.00270145911577
2559,-0.00496510874212,0.000589176659018,0.00365721317961
2560,-0.00526947394091,-0.00668721554486,-0.0102361601437
2561,-0.0105709729413,0.00417390235654,0.0158133030249
2562,-0.00207797665745,-0.00393405043661,-0.00163477991094
2563,0.000701227628096,-0.00306499447782,0.00631130118532
2564,-0.0116300507608,0.00247005116894,0.0119022692514
2565,-0.000366282768788,-8.22664533673e-05,0.00731816407755
2566,-0.00262366764024,0.00300420593136,0.00638496297272
2567,-0.00157833742678,-0.00136057237103,0.0155253298866
2568,-0.00550257635524,-0.000189958276122,0.00104515834729
2569,-0.00507072516003,-0.00694883296741,-0.00920579550184
2570,-0.00673008049466,0.00250989093468,0.0117506917771
2571,-0.00484233745334,-0.00486002311572,-0.00573804728511
2572,-0.00513072802191,0.00136433637237,0.00739725822219
2573,-0.00721623708517,0.00144691899603,-0.00312528214981
2574,-0.00477548740686,-0.00186392108562,-0.00907624248019
2575,-0.0033798646926,-0.00159231550826,-0.00769458001969
2576,-0.00450023276892,-9.90757706975e-05,0.00567179060141
2577,-0.00536409727129,0.00371822555848,-0.00786895608806
2578,-0.00411258201474,0.000432021824505,0.00260602093796
2579,-0.0091004836962,0.0055023379866,0.00674308585716
2580,-0.00228030597364,-0.000919062814089,-0.000582857722381
2581,-0.00257684312326,-0.0025384027732,-0.00647801437131
2582,-0.00346849621119,-0.00649185718893,-0.0162221630996
2583,-0.00726558218916,-0.00507475421983,-0.00882693705141
2584,-0.00345641033107,0.00177334859997,0.00667427196151
2585,0.00121566501586,-0.000576185018008,0.0134621137893
2586,-0.0081287363542,0.00785960089794,0.00931924686732
2587,-0.00104158658589,-0.00358437013384,-0.0066073360759
2588,-0.00652788887712,-0.00359534723414,-0.0142239746536
2589,-0.00575448429408,0.000133864654832,-0.00186327606898
2590,0.00206121323731,-0.00280536710793,0.000874318906569
2591,0.00143918640262,-0.0049284199282,-0.0132544667921
2592,-0.00528822879093,-0.00619701836489,-6.05258157274e-05
2593,-0.00950622810013,-0.00115915632143,-0.011350712896
2594,-0.0155470678513,0.0106299182082,0.0163890785116
2595,-0.0129913822572,0.00348217074045,0.0056189847834
2596,-0.0113146338517,0.00332540081741,0.00390129201856
2597,-0.00573581945415,0.008109058884,0.0131723475016
2598,-0.00637886887982,0.00598007283999,0.0191112689234
2599,-0.0041825283555,0.00425671936029,0.00458495531049
2600,-0.00650822119632,0.00172404593574,0.0108016189623
2601,-0.00307606947063,-0.00392153758383,-0.0012969132922
2602,-0.00569630418041,0.00171079667865,-0.00883330431716
2603,0.00471764995811,-0.0068461685636,-0.0109058985006
2604,0.0114421501632,-0.0147305244633,-0.0220752220467
2605,-0.0126539443979,-9.66527998135e-05,0.00366845004635
2606,0.0014902907641,-0.00583185655435,-0.00921682510573
2607,-0.00274173926619,-0.00642904046318,-0.0083458951334
2608,-0.00827327808565,0.00412740069542,0.0137980713398
2609,-0.00598183882467,-0.00061808517908,0.00660980347913
2610,-0.00308788795385,-0.00416538592565,-0.0114601519839
2611,-0.0115896278487,0.00304001789284,0.00208197456053
2612,-0.00626598603552,-0.00612365497435,-0.0194352320509
2613,0.00676888602543,-0.0051065062096,-0.00464603249998
2614,0.00372677421137,-0.00667901954094,-0.0117859974042
2615,-0.000807483564353,-0.000518195201296,0.00414910944064
2616,-0.00658866468042,0.00547024739203,0.016237294926
2617,-0.00898292559129,0.000179780386054,-0.00343209198739
2618,0.000645709721426,-2.76162436627e-05,0.00968124371912
2619,-0.0164791288093,0.00454747515889,0.00828857131899
2620,-9.47430711221e-05,-0.00115759116613,0.0033897099372
2621,-0.00401892714384,0.0024610574343,0.00464442384857
2622,-0.00113772877312,-0.00665679757799,-0.014711581895
2623,-2.14754154412e-05,-0.00759175638961,-0.0164338615094
2624,-0.0024703785848,-0.00319479677225,-0.00796214489813
2625,-0.00946261765301,0.00207019688769,-0.00523623912515
2626,-0.00713948523192,-0.00390005144199,-0.00974490728054
2627,-0.00236110648643,-0.000886066987654,0.00390457668165
2628,-0.00957214265939,-0.00427361953276,0.00229713860076
2629,-0.00558082795804,7.35840257826e-06,0.000513655217679
2630,-0.0147767135016,0.00689449754023,0.0121124243799
2631,-0.00875572956008,0.00312297631588,0.0169560335844
2632,-0.0081907382868,0.0053231383191,0.00959615730648
2633,-0.00878452188962,0.0033958729857,0.00705014995316
2634,-0.0135519499204,-0.000721064937592,-0.00062813446304
2635,-0.000215514503199,-0.00591981091502,-0.0101839631967
2636,-0.00970078726124,0.00152626386956,0.000340878381654
2637,-0.00815389555563,0.0010227358693,-0.00559168504488
2638,-0.0058564482441,-0.00277392207704,-0.00695816689857
2639,-0.00728903847523,0.00332704307446,0.00895085875552
2640,-0.00133583577727,-0.0070877657855,-0.0152940595299
2641,-0.00187344299877,0.000883283999744,0.00299480081414
2642,-0.00318339407891,0.00444126241135,0.0201944246062
2643,-0.00967969792973,-0.00335488239153,0.0038908119428
2644,0.00033167079931,-0.0114367939895,-0.0214013652586
2645,0.0029754910613,-0.00793165313652,-0.0154509490738
2646,-0.00958772251423,0.00590037255125,0.0093832035433
2647,-0.0057220048102,-0.00277890725229,-0.0172600887293
2648,-0.00468879327481,0.0022955091769,0.0105807949383
2649,-0.00592640481053,0.00106109812289,0.00260923814708
2650,-0.00134193798532,-0.00489332989548,-0.0106729467424
2651,-0.00268672893834,-0.000685781702912,-0.00387958831744
2652,-0.0106572169989,0.00625858186989,0.0122765898944
2653,-0.0100702326668,-0.000628029088173,-0.00561569751639
2654,-0.0139883189417,0.00521050766756,0.00412148776806
2655,-0.00455830775205,0.00111481700868,-0.0056541767332
2656,-0.00638080368261,-0.00384062488695,-0.0121590579326
2657,-0.00673149060075,-0.00377989956597,-0.00443912780933
2658,-0.00155383219722,-0.00370189564069,0.00320158667138
2659,-0.000898320924747,-0.00517584899094,-0.0108578344121
2660,-0.0117434315887,0.00880133475776,0.0184286785274
2661,-0.00286944211501,-0.00279533579323,-0.00242785386001
2662,-0.00165720419383,-0.00584225586614,-0.00594388025963
2663,-0.00392366982959,0.00119852952576,0.00930917437071
2664,-0.0111278572153,0.000286779630304,-0.00997186047254
2665,-0.00306306170883,-0.00991998802747,-0.012306466803
2666,-0.00636950830886,-0.00088100639011,0.00115788728154
2667,-0.00253490420031,-0.00445138772939,-0.00585157329237
2668,-0.00121633766549,-0.00402721995068,-0.00459697969465
2669,-0.00414162548637,-0.00263164185975,0.00527638001184
2670,-0.0178173386467,0.00886808615345,0.0195455752006
2671,-0.00355287544449,-0.00319289900623,0.00433172871161
2672,0.00714879665611,-0.0110441118917,-0.0218273537728
2673,0.0057440592586,-0.00681077176994,0.00143851892687
2674,-0.00916910069964,0.00128116427315,-0.00216016037
2675,-0.00651469313095,-0.00146292458556,-0.00910702800223
2676,-0.0153021678684,0.00922540541822,-0.000450946629383
2677,-0.00668761621361,0.00306005057813,-0.00115351706687
2678,-0.00398543607737,0.000227093480592,-0.000316939608765
2679,-0.0126937031527,0.000801246737854,-0.0025877642716
2680,-0.00794999310709,0.00134625588964,-0.00376600361024
2681,0.00122679346808,-0.00945052611354,-0.0176038443411
2682,0.00496102899073,-0.00659521320005,-0.00396075238659
2683,-0.00716942987894,0.00492296985619,0.00868651482787
2684,0.0034737062009,-0.00355947648648,-0.00660578162484
2685,-0.0136216288214,0.00718313597514,0.00956432209974
2686,-0.0132571380574,0.00470705181337,0.00293367249291
2687,-0.00300442050545,0.000537952145493,-0.000494404050458
2688,-0.0079565883436,-0.00391832924485,-0.00159277957004
2689,7.39687486656e-05,-0.0122493729409,-0.0130171394533
2690,0.00277648520091,-0.00709564962947,-0.0131309932792
2691,-0.00634400085534,0.0058975590614,0.01718575523
2692,-0.0140370467495,0.0090699555903,0.0264803973695
2693,-0.00480443298417,-0.00570569923645,-0.0115295269546
2694,-0.00534503995315,-0.000926998892546,-0.00452421732881
2695,-0.00325455229959,-0.00280786064046,-0.0156267437261
2696,-0.0018624797635,0.000284726696883,0.0162887847294
2697,0.0037138967392,-0.00412670503399,0.00690301528168
2698,-0.00974557276425,-0.00210041321751,-0.00188306173634
2699,-0.00553754035319,0.0011271119384,-0.00539350075544
2700,0.0013468281732,-0.00571131908556,-0.00974336577752
2701,0.00281234861467,-0.0112984604398,-0.00521585338162
2702,0.00529867491103,-0.00742474055718,-0.0104305187392
2703,-0.00690149285185,-0.0030633602765,-0.0104019382389
2704,-0.0130018560784,0.0069241105087,0.0110298069696
2705,0.00338626777426,-0.00868471469602,-0.00972967305282
2706,-0.00407396174604,-0.00308898198817,-0.00860972850985
2707,0.00117801709868,-0.00409561616033,-0.0128143787825
2708,-0.00932201134261,0.00276452939771,0.000522826299171
2709,-0.00329092462718,-0.0134423973223,-0.0342929442972
2710,0.000685718051299,-0.00465065647972,0.00266846119455
2711,0.0129702357883,-0.0176618542829,-0.0251136945237
2712,-0.0136526966817,0.00913910763368,0.0162526985822
2713,-0.00574751775403,0.00313715519719,0.00521910916654
2714,-0.0178805501165,0.00214832832449,0.0073480478204
2715,0.00101440607892,-0.00377147868632,-0.00334832318306
2716,-0.00612905878833,0.00144886354646,0.00351696233952
2717,-0.000373644902104,-0.00451680743077,-0.0082644463276
2718,-0.0067596715295,0.000369898716226,-0.000792624307249
2719,-0.0102011165955,0.00241441472361,0.0120766039973
2720,0.000674393309432,-0.00601680565563,-0.00464275440207
2721,-0.00561435942219,0.00109588430329,0.00507594023183
2722,-0.0037891504977,0.00124472614302,0.00768926029644
2723,-0.0040578744953,-0.00227329364713,-0.0087118821717
2724,0.00369231471917,-0.0097503655673,-0.017196697978
2725,-0.00510482320355,0.000374602496252,0.0127122370262
2726,-0.00541219041285,-0.0011729806194,-0.0011036105377
2727,-0.00551386462557,0.00153046403317,0.00691784809372
2728,-0.00184639431412,-0.000173586806741,0.00107091593662
2729,0.00558388658508,-0.00629362610116,-0.00541001692763
2730,-0.00731295928776,-0.00156983178699,-0.00357924307046
2731,-0.00680764132637,0.00161128507726,0.0057418334673
2732,-0.00702972604237,0.00250870411871,0.00666993708623
2733,-0.00454053609223,0.00617507331608,0.0152520280778
2734,-0.00200054673993,-0.00695701813112,-0.0129070266345
2735,-0.00987491099207,0.00627835968755,0.0205337802093
2736,0.0030898949419,-0.00560807859601,-0.000860289896114
2737,0.000103851342975,-0.000566542661603,0.00860486636211
2738,1.2972411747e-06,-0.00806233648395,-0.0170421931037
2739,-0.00328388706043,-0.00801177266362,-0.0153614454133
2740,0.00212624715944,-0.00278053565035,-0.00289943086141
2741,-0.00541896399474,0.000973826413067,0.0049045751697
2742,-0.00475717839566,-0.00621532092709,-0.00798969291118
2743,-0.00569710405685,0.00227680458472,0.0124432348979
2744,0.00107284103222,-0.00189308560022,0.00818205791776
2745,-0.00453856889858,-0.00534462643044,-0.00464441862757
2746,-0.001688142511,-0.00876775101895,-0.014253673623
2747,-0.0072978752408,0.00159698230499,0.00458961358766
2748,0.000337590878938,-0.000406175886697,0.00540822043526
2749,-0.00463005380799,-0.00115036531633,-0.00215758976468
2750,-0.00596547878396,0.000924100675884,-0.000353897054195
2751,-0.00648646529353,-0.00233138811672,-0.00133416045792
2752,-0.00924520955566,0.00491608443825,0.0199680813885
2753,-0.000596175465248,-0.00558740935958,-0.00273598354992
2754,-0.0082190263067,0.000945931979694,0.00788504595924
2755,-0.00949347905703,0.00490802094134,0.00694414897432
2756,-0.00976021435215,0.00203724182977,6.67427264597e-05
2757,-0.00926522507034,-0.001480317687,0.00126886918241
2758,-0.00248791668233,-0.00127125446,0.00192553243479
2759,-0.0115177875894,0.00797864786412,0.0244431764072
2760,-0.000643560825696,-0.00446071770589,0.00179205899704
2761,-0.00598631334898,0.00249202372356,0.00469166158273
2762,-0.0114305351575,-0.00114336999488,-0.000850681807501
2763,-0.0118953669661,0.0045455537073,0.00804575203639
2764,-0.0153380722485,0.0120257133726,0.0217257461313
2765,-0.00288208689263,0.00127223985521,0.00282502097636
2766,-0.00415315163654,-0.00186835596007,-0.00640215277365
2767,-0.00387944829052,-0.00164467179182,-0.00874887443152
2768,0.00325460534977,-0.00551446918131,-0.0072200653326
2769,-0.00371761909948,-0.00415276961972,-0.00228837668855
2770,-0.00724008024101,0.00105363422272,0.00410996810496
2771,-0.0124036637888,0.00780988159177,0.0104045435029
2772,0.00784417969356,-0.00969512050463,-0.00931738202755
2773,0.00338171284741,-0.0017330419602,-0.000801383938342
2774,-0.0107807333218,0.00694354765527,0.00402570912818
2775,-0.00778412873078,0.00184824897403,0.00544168619153
2776,-0.00519501718305,-0.00464422330674,-0.013283140458
2777,-0.00362455922541,-0.000222227119844,-0.00327125134317
2778,-0.0118613136349,-0.00537019960165,-0.010503681058
2779,-0.00380030944602,-0.00810079958647,-0.0199367945386
2780,-0.00507967140726,-0.0031236568477,0.0042380235115
2781,-0.00453759747422,-0.00237523798096,4.39010529079e-05
2782,-0.00799169036313,0.00187963131191,0.0028525026752
2783,-0.0115310435228,0.000811762684925,-0.000290724303228
2784,-0.00111703855412,-0.00139570185839,0.0069958314469
2785,-0.00211099788626,-0.00226011203713,0.00242031729442
2786,-0.00767058904782,0.00499304487138,0.0200609074643
2787,-0.0103745449675,0.00107001433177,0.00565139825207
2788,-0.00307210374431,0.000590002052311,0.00430073959883
2789,-0.0051939302379,0.000791350892213,0.0115445448335
2790,-0.00388748978066,-0.000239550288173,0.00200455052867
2791,-0.00431391973171,0.00214406034147,0.000135107298218
2792,8.45329925746e-05,0.00437774195845,0.0174071699205
2793,-0.00231618994069,-0.00160112481733,-0.00392409183256
2794,-0.00325492724913,-0.000464239012941,0.00189589432308
2795,-0.00802553027121,-0.0013032475336,0.00255902526729
2796,-0.00368695551309,0.00103747207918,0.00553391426377
2797,-0.00210918532357,-0.001836940575,-0.00394058160334
2798,4.01439554916e-05,-0.00543557963387,-0.0111231035351
2799,-0.00170885502416,-0.00274259058515,-0.0071350941849
2800,-0.00479985372051,-0.00169638270863,0.00082673377719
2801,0.00184239551944,-0.00745210693855,-0.0223350576857
2802,-0.00709820047452,-0.00250513180771,-0.00361896341175
2803,-0.00116024217373,-0.00674857648217,-0.0144234734353
2804,0.003515127854,-0.00783391365197,-0.00320933182231
2805,-0.00658023367104,0.00757308386025,0.0186986211335
2806,0.00279712045046,-0.00756761808817,-0.00913427206436
2807,-0.00448898137001,-0.00465119242117,-0.00257843044012
2808,-0.00734558532723,0.0034422987344,0.0068073518218
2809,-0.00514461454765,-0.00149779262835,-0.0145309046422
2810,-0.00795279876749,-0.00299625685916,-0.00451776966245
2811,-0.00783862057632,0.00054134819524,-0.00388166003054
2812,-0.0107824771813,0.00708606944078,0.0202651047555
2813,-0.00394822659267,0.00099233615316,0.00998375981796
2814,-0.00869126302775,-0.000770711721365,0.00507335958806
2815,-0.00596804304098,-0.000666581324705,0.00124651106229
2816,-0.00434563140927,-0.00238361922503,0.000361821585
2817,-0.0167806931962,0.00372481829786,-8.77560078605e-07
2818,0.00139945071465,-0.00473562954233,-0.00924847596212
2819,0.00375140993132,-0.00778179564558,-0.00758833101233
2820,-0.00138675189209,0.0033158279205,0.0139716121491
2821,-0.00311120727454,0.000949902223552,0.00784512918871
2822,-0.00855211887215,0.00566633873051,0.0157634919452
2823,-0.00337384495448,-0.00957638701662,-0.01746375269
2824,-0.00320715654327,-0.00560040661602,-0.0136036828069
2825,-0.00534275069078,0.00409519841186,0.0144760534171
2826,-0.00969303495948,0.000808726932602,-0.00201159368808
2827,-0.00702599622381,0.00389370469906,0.0113027255553
2828,-0.000508113237009,-0.000460750781769,5.25769686376e-05
2829,-3.31201790364e-05,-0.00542364193486,-0.000916376616978
2830,-0.0104330431325,0.00623756909255,0.0109441943406
2831,-0.0116909622092,0.00166654688512,-0.00713426353564
2832,-0.00460041403206,-0.00682527608976,-0.00370194411221
2833,-0.0164215312445,0.00677147949162,0.00315807915191
2834,-0.00296915073884,-0.000806975979309,-0.00435872443295
2835,0.00127052196652,-0.000366395272518,-0.00402088543021
2836,-0.00390655047036,-0.00245664612541,-0.0076861897828
2837,0.00439255281718,-0.00774718415025,-0.00989415432267
2838,-0.00778273536056,0.000414051159446,-0.00481103073812
2839,-0.00769394952729,0.0066335055464,0.0151696816893
2840,-0.0013759852088,-0.001097185053,0.000225553600001
2841,-0.000665499955148,-0.00127261013446,0.00977491847206
2842,-0.0124651422916,0.00218819070233,0.00116909306166
2843,-0.00542818687279,0.000283214813667,0.00340763797792
2844,-0.00665847801184,-0.00754382753727,-0.0110876691482
2845,-0.00288156068697,-0.00335253202512,-0.00784940131667
2846,0.00275794345814,-0.00428837015977,-0.000496251378063
2847,-0.00808885877012,0.000737923650043,0.000315403236634
2848,-0.00485364372841,-0.0106402957929,-0.0199005432995
2849,-0.00845680680047,-0.00395342032531,-0.0133334242535
2850,-0.00874045714124,-0.0043290426572,-0.00400820421164
2851,-0.00311382042557,0.000363765729271,-0.0075014714527
2852,0.000627734254376,0.00197575487478,0.0149890669189
2853,0.00627321262788,-0.00694101014914,-0.00837939989549
2854,-0.00254713407762,0.00165970912861,0.0087058766678
2855,-0.00820890531601,0.00745369992647,0.0227203673535
2856,-0.0120560571366,0.00254475424214,-9.69127593669e-05
2857,-0.0101371077645,0.000613779221644,-0.0107167043292
2858,-0.00165313455828,-0.000655450669016,0.00184750736311
2859,-0.00963253643707,0.00898201507714,0.0273272537424
2860,-0.00261965686692,-0.00410772214451,-0.0101348626818
2861,-0.000329912826318,0.00182929118905,0.000895307786715
2862,-0.00652953962079,0.000330079851937,-0.0075444915609
2863,0.00486971361753,-0.00411172265675,0.00181520764064
2864,-0.00491662864045,-0.00109907193453,-0.00144904638384
2865,-0.00737466195214,-0.000823055145729,0.00217171835049
2866,-0.00265106627545,0.000208771770086,-0.00173306812424
2867,-0.00744884371037,-0.0042420404907,-0.00451291073274
2868,-0.00513696540252,-0.00998486131024,-0.0231433212242
2869,-0.00518608399791,-0.00126331722742,-0.00494568673554
2870,-0.00470377738322,-0.0059670878189,-0.00914532271765
2871,-0.00714963124796,0.00474532987607,0.0060382652483
2872,-0.0146154254985,0.00640902770422,0.0011909642943
2873,-0.0141863153734,0.00526988042184,0.0112082348824
2874,0.00328529842468,-0.00911055811865,-0.00111177143344
2875,-0.00237087940016,0.000637964365615,0.00207971336523
2876,-0.0106852872671,0.0049397205011,0.00691686525602
2877,-0.0113052664325,-0.000130431151591,0.00646154695448
2878,-0.00910736770217,0.00271896555438,-0.00356397801849
2879,-0.00621573734419,-0.000105447076245,-0.00517228748522
2880,-0.000574519169631,-0.00779055964846,-0.00730899549631
2881,-0.00659606734347,0.00168206279601,0.00981235567725
2882,-0.00492633315827,-0.0019476975344,0.00203770789678
2883,-0.00979630239452,0.00436606126712,0.00629813368422
2884,-0.00598183704643,0.00275198307287,0.00642183095009
2885,-0.00728259472583,0.0012673591624,0.00424554031576
2886,-0.00480297574036,-0.00119790326397,-0.00460334905485
2887,-0.0105762884521,0.00543146279585,0.00254562967315
2888,-0.00511746516014,-0.000920996981292,-0.00500712733141
2889,-0.00142969818134,0.00202091561603,0.0130405982764
2890,-0.00724773511476,0.00353624280062,0.0102665475206
2891,-0.011681118698,0.0028776919843,0.00789519265806
2892,-0.00937552403992,0.00207840317395,0.0134565009111
2893,-0.000686482361884,-0.00539889338337,-0.00774177050562
2894,-0.00476355140183,-0.000557990055325,-0.00142133228132
2895,-0.00384480202206,-0.000247233549992,0.00391307076024
2896,-0.0103419958071,-0.00123169644897,0.000222886906052
2897,-2.01551710541e-05,-0.00398966263547,-0.00217373327873
2898,-0.00757549830791,0.00174516510222,0.00298562078891
2899,-0.000476327281672,-0.00507987024947,-0.00603052020516
2900,-0.00679894580739,0.00238523436868,0.00720329125671
2901,0.0034329660537,-0.00811886598138,-0.00690024929489
2902,-0.00440743917792,-0.00221935172058,-0.00020346578565
2903,-0.00746474936381,-0.000254957311744,0.00507988319203
2904,-0.00654913457489,3.76767822304e-05,0.00508550001613
2905,-0.0108360752605,0.00108066457966,0.000823260861632
2906,-0.00779469168962,0.00362563225836,0.0128745198754
2907,-0.00213753039111,-0.0027417547631,-0.00302775141823
2908,-0.00705053950505,0.00579507940466,0.0199553669173
2909,-0.002679943134,-0.00224465344092,-0.00190892685529
2910,-0.000915802248402,-0.00524492100623,-0.0116604034551
2911,-0.01182277166,0.0066981873046,0.0211578914998
2912,-0.00977822179692,-0.00336580669104,-0.00675535641962
2913,-0.005995173295,0.00358285762021,0.0170389464092
2914,0.00280540986955,-0.00733077496447,-0.00418089532397
2915,-0.004131584734,-0.0010430390316,0.000936991106826
2916,-0.000973385894287,-0.000111803332763,-0.00317738268948
2917,-0.000722850346023,-0.00124574577218,-0.00533302371339
2918,-0.0121313121194,0.00181084836416,0.00104002955463
2919,-0.00568723655362,-0.00489381669376,-0.0152549722272
2920,-0.00396869747127,0.00629508422906,0.0244838886662
2921,-0.00533826124928,-0.00169932253273,-0.000275160369184
2922,0.000741474827505,-0.00331873220794,-0.00170067984533
2923,0.00260040813106,-0.00898446590054,-0.021917676528
2924,-0.00222580617706,-0.00424153671903,-0.0067000601978
2925,-0.00455453086628,-0.00592298818503,-0.00895724881338
2926,-0.0101166689093,0.00307483991935,0.0170635394406
2927,0.00044401904443,-0.00340355452141,0.0012306833026
2928,-0.00676250765729,0.000670009803569,0.00148986258498
2929,0.000976901818226,-0.0106063885797,-0.0132979935472
2930,-0.00373565988738,-0.000894569153745,0.00390716341041
2931,-0.0128452381202,0.0106557453527,0.0242895139511
2932,-0.00373280073242,0.000515477284119,-0.00540403779355
2933,0.00240494439243,-0.00901323852204,-0.0112043394756
2934,-0.000889890676925,-0.00936681398717,-0.0137691497751
2935,-0.00541725930844,-0.00242890922249,0.00630660474675
2936,-0.000739346773093,-0.0041307854927,0.0031107566526
2937,0.00341201229679,-0.00543761575616,-0.00541755594173
2938,-0.00669847939741,-0.000476352134392,0.00879721788567
2939,-0.00279189149278,0.000370222331568,0.000245331091507
2940,-0.00528475708527,-0.000577638199369,0.000117193208797
2941,-0.00688908588294,0.00277090807998,0.0106165253312
2942,-0.0106064990921,0.00109482566171,0.00251450797737
2943,-0.00306577884034,-0.0101698777465,-0.0185832361304
2944,-0.00490694576604,-0.00169450373846,-0.00823605790484
2945,-0.00310910727706,0.000276617811368,0.00759300762943
2946,0.000604067916352,-0.00533466261915,-0.0121305471512
2947,-0.0170508803313,0.00755547832194,0.0107685889528
2948,-0.00825727383452,0.00379831863457,0.0136971749526
2949,-0.00168963504218,-0.00286149471422,-0.00332624975805
2950,0.00154590328753,-0.00752005897217,-0.00660039878796
2951,-0.00578388110952,0.00501725088494,0.00596178367776
2952,-0.00954539851082,0.00699970518465,0.017785062649
2953,0.000719058004548,-0.00733800963925,-0.0109327845839
2954,-7.32912303669e-06,-0.00929076416842,-0.0132950350405
2955,-0.00551126275486,-0.0072531042253,-0.0182080610276
2956,0.00179996626917,0.00180969834391,0.0220659142645
2957,-0.00627908572639,0.00313526663333,0.0115781448222
2958,-0.00937895276997,0.00330464210112,0.00722323324302
2959,-0.0127803907514,-0.000855516127349,-0.000887274202239
2960,-0.0078827652522,0.00668176024417,0.00225854780395
2961,0.000673645627884,-0.0033536158349,0.0016880964034
2962,-0.0129921124968,0.00508001344266,0.0106177656213
2963,-0.0080738247248,-0.00254615741844,-0.00504978082632
2964,-0.00765946467201,0.00435243328411,0.0143562001525
2965,-0.000909136497179,-0.00170487009392,-0.0158456651788
2966,-0.00417348711317,-0.00145592481506,-0.00604618949926
2967,-0.00467057753884,-0.00056851541011,0.00137350440796
2968,-0.00306594222035,-0.000616495681794,0.000877480793451
2969,-0.00298405442621,-0.00723720123505,-0.00721029260463
2970,-0.00660634705998,0.00202519918983,-0.00282730189007
2971,-0.00717186529225,-0.00206638433633,0.00277232666484
2972,-0.00563600806414,0.000952564134439,0.00350976263026
2973,-0.00122904832759,0.000593504662622,0.0115309535586
2974,-0.000978331332767,0.000444432697244,0.00391085275189
2975,-0.00581490722053,0.000915945490216,0.00783899492331
2976,-0.00186896869693,0.00298476048378,0.00978444021291
2977,-0.00352429921595,0.00160393965272,0.000947113019106
2978,-0.00382017552171,-0.000454862405191,0.00340800706083
2979,-0.00781511043582,0.00826133503223,0.0152420793868
2980,-0.0073312814961,0.00105837967976,0.000413209689888
2981,-0.00289647002453,0.00122408216409,0.0108717629956
2982,-0.00408541046668,-0.000427411517348,-0.00527774034278
2983,0.00365692573399,-0.00985383969432,-0.0195978690993
2984,0.00385501964682,-0.00407471684113,-0.000225185557745
2985,-0.00279053758375,-0.00421878500838,-0.00639765409643
2986,-0.00703350585504,0.00153114716697,0.00344262365147
2987,0.00319813646754,-0.00262640085001,-0.000850361025478
2988,-0.00754463336827,0.00137439859603,0.0032772634208
2989,-0.00088188344032,-0.000828252592254,0.00822899482123
2990,-0.000441692519849,0.00129588216949,0.0118133433578
2991,-0.00766085685663,0.00519357530136,0.00737892839677
2992,0.00601594944951,-0.00978397041381,-0.00707946570881
2993,-0.00206429181134,-0.0074668186282,-0.00662501130296
2994,-0.0017144177969,-8.33064548905e-05,0.00810110915222
2995,-0.00392442272409,0.000602975074329,-0.00200300541615
2996,-0.00418850084595,0.00112574403674,0.00538987315936
2997,-0.00975328760257,0.00222251887876,0.00785069654913
2998,-0.00386529023014,-0.00923824347825,-0.00953158579058
2999,-0.0054735996151,0.00295261463533,0.00497643891354
3000,-0.00727464143737,0.0051055010096,0.0117572341851
3001,-0.00750707085574,-0.00217353798025,-0.00632100507221
3002,-0.00572516122368,0.00220797424374,-0.00311761222697
3003,-0.00640789357628,0.00173627040998,0.001750898149
3004,-0.00249526938346,-0.00431936477973,-0.00494613156683
3005,-0.00738705468903,0.00345326042548,0.00292859025844
3006,-0.00935203700217,0.00353119242435,0.00933695842048
3007,0.00592318450904,-0.0150238052281,-0.0278503835869
3008,-0.000326958515225,-0.00891967026049,-0.00711249221011
3009,-0.00698559712174,-0.00120395957577,-0.000712538438563
3010,-0.00375048624437,0.00210888941582,0.00488724530538
3011,-0.00743796051881,0.000314598863364,0.000338735981959
3012,-0.0023508603333,-0.000348353159303,0.00399030104187
3013,-0.00389268577684,-0.000898168328414,0.0029683399774
3014,-0.00563204867381,0.00196783153687,0.00163677863376
3015,-0.0110884825603,0.00574326653053,0.0217940089975
3016,0.0003074710482,-0.00490966537923,-0.00897853397893
3017,-0.00516947170439,-0.000685988872721,0.0140973690918
3018,-0.00297056364031,-0.00116344010824,0.00749961053205
3019,0.00170185536681,-0.00553950162428,-0.00860152743802
3020,-0.00741410496427,-0.00512706598291,-0.0160677910833
3021,-0.00765371208849,-0.00227957476137,-0.00997056331517
3022,-0.0111641392412,0.00262538911757,0.00875405792557
3023,0.00242716603329,-0.00840308936648,-0.0187988714847
3024,-0.00123318739623,-0.0024998338965,0.000115276232432
3025,-0.0050658993136,0.00385733471067,0.0154198217981
3026,-0.013453257371,0.00413101764166,0.0082054056189
3027,-0.0121798975633,0.00432946507389,0.0036268377782
3028,0.00177081112841,-0.00161058215797,0.000627257493933
3029,-0.00443246543458,-0.0083286113981,-0.0130829603587
3030,-0.00649702529115,0.00183081157518,0.00114944527449
3031,-0.00708354017821,0.000902795488242,-0.0054625881583
3032,-0.00516306779617,-0.00255267177673,-0.00745205404296
3033,0.000519397431155,-0.0031064844286,0.00592916482637
3034,-0.00636050468019,0.00377411768434,0.0111075896098
3035,0.00667629333151,-0.00783909520038,-0.00561623157178
3036,-0.00690789566401,-0.00110328504256,-0.00741284143968
3037,-0.00633051029291,0.0025744184334,0.0136639428622
3038,-0.00642312163582,-0.000631606259386,0.00149563418257
3039,-0.00698529931512,0.00423266532697,0.00506134471787
3040,-0.0130652010369,0.00404047288118,0.00655372993102
3041,-0.00987556385272,-0.000366415083187,-0.00779537374824
3042,-0.0144803914841,0.00164224848401,-0.00369808688288
3043,-9.70764839467e-05,0.000808152291192,0.00760811826372
3044,-0.00714811990271,0.00243973914214,0.00576231208836
3045,0.000121053394286,-0.00377237425702,0.00510067655707
3046,-0.00883145039971,0.00220369253685,0.00476817680586
3047,-0.0145634044667,0.00791805424442,0.0149588013133
3048,-0.00990285496396,0.000649999325868,0.00451227250954
3049,-0.00649160365311,-0.00285772423805,-0.00737636964838
3050,-0.00215840735906,-0.00225160580541,0.00439682432018
3051,-0.0112379625688,0.00544794448372,0.00976253661279
3052,-0.00363303363218,-0.00105410218384,-0.00426741490226
3053,0.000626049173758,-0.010041657215,-0.00782231386756
3054,-0.0100186793409,0.00292578136304,0.0106632858274
3055,-0.00488100653628,-0.00172882883271,0.00291493214613
3056,-0.0152932699585,0.0053335349715,0.00985455753796
3057,-0.00462564460762,-0.00271086377726,0.0055398354844
3058,-0.00853794379976,-0.00205274041864,-0.00529309685995
3059,-0.00544890284626,0.00178883661971,-0.00249815357895
3060,-0.00750324694382,0.00179451124082,0.00584716324642
3061,-0.00270180258215,-0.00719702347622,-0.0141096385017
3062,-0.00508286904828,-0.00702060581985,-0.00812730185901
3063,-0.00921151440216,-0.00198437321207,-0.00332880967207
3064,-0.00724225095063,0.00068911652488,0.00484136607702
3065,-0.00207663540293,-0.00713282608129,-0.0171681294891
3066,-0.000435309992574,-0.0115922320126,-0.0244658213463
3067,-0.0109905205451,0.00644146599801,0.0121294962839
3068,-0.0044892537109,0.000436753772741,-0.00540327891543
3069,-0.00461446762434,0.00370764991328,0.0176904593171
3070,-0.0182850942222,0.0102393784444,0.0155953729555
3071,-0.00750689418375,-0.00215465869764,-0.00656350530252
3072,0.00262742297722,-0.00615339485673,-0.0115116796392
3073,-0.00928755948304,-0.00415945632084,-0.00600771427683
3074,-0.0093775137191,0.00625815152224,0.013351322301
3075,-0.00341225853122,0.00458552671275,0.0125799740516
3076,-0.0061106824937,0.000410784803152,0.00221386576625
3077,-0.0069756229981,0.00117419733431,-0.00465733710459
3078,-0.00848065094661,-0.00378505653512,-0.00955161476472
3079,-0.00360359217991,0.000650423357801,0.0020079358863
3080,-0.0114378784615,0.00123188735671,-0.00696493317963
3081,-0.00661875579839,0.00683724704648,0.0208088994928
3082,-0.00643737064519,-0.00501128612,-0.00441030845887
3083,-0.00733541556956,-2.18284182697e-05,-0.00452961826629
3084,-0.00711729463987,-0.00220051905918,0.000349780184405
3085,-0.0125415334503,0.00546894682498,0.00491618757815
3086,-0.00234892444619,0.00180639349798,0.00539496741511
3087,0.0150682316801,-0.014366941951,-0.0232426821397
3088,-0.00283641527515,-0.0119175463574,-0.0175953190447
3089,-0.00345557864511,0.00483763260873,0.0155840175005
3090,0.00108864384872,-0.0032465113805,-0.010467775446
3091,0.000917649538969,-0.00483042832497,-0.00145450903278
3092,-0.007769081718,0.000856006651869,-0.0049698666862
3093,-0.0128193423552,0.000512700870075,0.00387713545132
3094,-0.0039287331618,0.00186136807801,0.00347968805152
3095,-0.00483183343351,0.00592766625753,0.0147154560361
3096,-0.004631754647,-0.00529611244845,-0.0129482717762
3097,-0.00420956021392,-0.00515148062826,-0.00511653750344
3098,-0.00598481425877,-0.00502893601196,-0.0137737772738
3099,-0.0084384543532,-0.00284838460756,-0.00593523148198
3100,-0.00947772747864,-0.000118351402756,-0.00569777711708
3101,-0.00522489548469,-0.000678681346134,0.00239317799634
3102,-0.00309073015583,-0.00562574188558,-0.00410942810447
3103,-0.000400698028816,-0.00298522281666,-0.00119960095877
3104,-0.0039997302749,0.00119403166411,0.0058569638853
3105,-0.00784685120078,5.45959508338e-05,0.000770792871203
3106,0.000448103577323,-0.0043741239837,-0.0118305711757
3107,-0.00123564022438,-0.00552465499016,-0.0170613519769
3108,-0.00834139101836,0.00746972358189,0.0105412568174
3109,-0.00178595037861,-0.00683253186288,-0.0095500444981
3110,-0.00514046546929,-0.000788396952675,-0.0029621614262
3111,-0.00353253328003,-0.0048984016051,-0.0011561354334
3112,-0.0125735108564,0.00849818959892,0.00998022276287
3113,-0.00760533516469,0.0075766612605,0.0176743179277
3114,-0.00201542046528,-0.00250179452574,-0.00535423684724
3115,-0.0122369769225,0.00324908819557,0.00782618590427
3116,0.00110687118081,-0.00565121699835,-0.0111975901805
3117,0.0010098444477,-0.000523236520282,0.00147546700556
3118,-0.00134673833415,0.00198915709443,0.0155871485218
3119,-0.00280931188734,-0.00554030575325,-0.00620366956998
3120,-0.0152216745827,0.00744351393919,0.023996406726
3121,-0.0039438384287,0.000915267898976,-0.00570381427882
3122,-0.0105873973447,0.00237512424492,0.00365061124679
3123,0.00296671700493,-0.00743562900384,-0.0025960006135
3124,0.000346396088349,-0.0022738493703,-0.015337173484
3125,-0.00128139359507,-0.00239274257043,-0.0136984048182
3126,0.00519369799454,-0.000856908614915,0.0143047765797
3127,-0.00882041978592,-0.00133389139126,-0.00461072930571
3128,-0.00260333827219,-0.00206135407125,0.00312546063678
3129,-0.00673353761301,-0.0017574265986,0.00146297180222
3130,0.00323455581894,-0.00836646641015,-0.0070781254415
3131,-0.00338986871224,-0.00705547578345,-0.00431563309095
3132,-0.0019224293121,-0.00503116155839,-0.00487450993468
3133,-0.00411657576801,-0.00108849865315,-0.00638688109432
3134,-0.0109767056567,0.00209153095578,0.00360788289485
3135,-0.00513943524484,0.00243414688256,-0.000309137013345
3136,0.00292676630493,-0.0117732929999,-0.0144725997728
3137,-0.00686711534309,-0.00224083060709,-0.0120611821746
3138,-0.000339300819664,-0.00354815067875,-0.00127596705352
3139,0.000945321839109,-0.0053388346177,-0.00505732404349
3140,-0.000919047907439,-0.00728097629838,-0.00439077157727
3141,-0.00641719523728,-0.00397529689283,-0.00621559252405
3142,-0.0053020830827,-0.00321728721519,0.00176687648309
3143,-0.0126161776036,-0.0016688400601,-0.00739398894181
3144,-0.00139397115511,-0.00161728269829,-0.000353410832832
3145,-0.00440455901148,0.00126250586986,0.00677166459377
3146,-0.0106518114344,0.00877166310659,0.0165771714568
3147,-0.00196470732942,-0.00361572260117,-0.0112946963924
3148,-0.0172430685964,0.00832741305012,0.0207831991458
3149,-0.0146917663599,0.0113288468082,0.0219250089573
3150,-0.00162029637452,-0.00182006498975,0.00191048373664
3151,-0.00392254831334,0.00108115876651,0.00530141603713
3152,-0.00420387153076,-0.00478927466294,-0.0130361073343
3153,0.00212540369608,-0.00287262056474,-0.00408977039999
3154,-0.00520213956078,-0.0032515529301,0.00212648744437
3155,-0.00556397732058,0.00527205779541,0.0163210136227
3156,0.00412911304667,-0.00779390498848,-0.0126801486122
3157,-0.00524474164936,0.00405392051648,0.0111969845072
3158,-0.00782443220807,-0.00332587245849,-0.0134003315041
3159,-0.00487636240774,-0.00140866699476,-0.00922399409674
3160,-0.00459481921068,-0.000929041479476,0.000464372856476
3161,-0.0015582632582,-0.00215989190254,-0.00365713681015
3162,-0.0106298315831,0.0017077327644,-0.000301662109393
3163,-0.00508250362719,-0.00144226151163,0.00573204040022
3164,-0.00746850362972,0.00382161716454,0.00147250801586
3165,-0.0107603019452,0.00599902449184,0.00978208969117
3166,-0.00437397998843,0.000691852228108,0.00824522378205
3167,0.00454803656828,-0.00768304210915,-0.0159442858407
3168,-0.00393451691385,0.00351311800233,0.00703933298242
3169,-0.00903119546172,0.00108643960599,-0.00101508331553
3170,0.000867234716036,-0.00909434429578,-0.0086346358252
3171,-0.0102316692915,-0.00269940414466,-0.00832535660903
3172,0.00168678270599,-0.0036514591663,-0.0147569028349
3173,-0.0083787728561,0.00269135355927,0.00109315407337
3174,-0.000355948170664,-0.00366002875674,-0.0012058472658
3175,-0.00566835108331,0.00738385728778,0.0163418207149
3176,0.00136969503833,-0.00625616283769,-0.00887975721334
3177,-0.0106889329951,0.00696752894629,0.0130737160908
3178,0.00172587098977,-0.00847669124467,-0.0228782975464
3179,-0.00586723466989,-0.00782601103079,-0.0225070176734
3180,0.00202174021466,-0.00380145794271,0.0034404162173
3181,-0.0137600565014,0.00340798367926,0.0043815197902
3182,-0.013462831982,0.0068449575619,0.0188107945059
3183,-0.00176598556591,-0.00314736499241,-0.00383494002592
3184,-0.00313538386536,-0.0027478580053,-0.00988839419265
3185,-0.00828453898566,0.00102863881894,0.00761671306805
3186,-0.00851662693138,0.00420209353944,0.0214556048622
3187,-0.0054035891128,8.33247881009e-05,-0.00107469135156
3188,-0.00509675965374,0.000197511811512,0.00415200205659
3189,0.00024239887823,-0.00438589374369,-0.00144326253966
3190,-0.00607732882388,0.00256232684445,-0.000150766665085
3191,-0.0062730654407,0.00158551424657,0.00669846759527
3192,-0.000674369786651,-0.0089527052786,-0.0186077088043
3193,-0.00698118287981,-0.000846807523983,-0.00495385330431
3194,-0.00726298465568,-0.00177550162392,-0.0195270465346
3195,-0.0091158605213,0.00121568338604,0.00621603526038
3196,-0.0102774452874,0.00286708246186,0.00790214564419
3197,-0.00794530234335,0.00395234984082,0.00249570509312
3198,-0.0104675128872,0.00167088876536,-0.00042306006409
3199,-0.00337845551498,0.00312075838872,0.00245913363287
3200,0.00181218372373,-0.0109688310155,-0.0119137849708
3201,-0.0139289085894,0.00394080151313,-0.000533431840806
3202,0.00627722871211,-0.00728700257433,0.000309542344134
3203,0.000424475910639,-0.0101315336302,-0.0127820597938
3204,-0.0115691583401,0.00599808971216,0.0117651166792
3205,-0.0106826686164,0.00249890283725,0.0058240768177
3206,-0.0060522333402,0.000589969004606,-0.00376906960158
3207,-0.00607575902926,0.00214288502891,0.00987627044459
3208,0.00114116335745,-0.00524484659368,-0.00850446224494
3209,-0.011092277079,0.000113155805599,0.0118597336332
3210,0.00246019313139,-0.00213138959447,0.0058532328263
3211,-0.00299837848502,0.000165602322639,0.00764796621127
3212,-0.00581617047745,0.00379040007796,0.0139027393951
3213,-0.0115601302394,0.00707285861844,0.00986061686727
3214,-0.00552164679469,0.00560356658477,0.0195454214767
3215,-0.00217534008577,-0.00512179480359,-0.00773114356745
3216,-0.00357997539538,-0.000384105766812,0.00405452044494
3217,-0.00583457678242,-0.0072098881295,-0.012998312599
3218,-0.00145156852295,-0.000939345011248,0.00626581307632
3219,-0.00826882728531,0.000480074344145,0.0011686068079
3220,0.000162226519826,-0.0043498624729,-0.00705174518039
3221,-0.00628270185291,0.000867341618114,-0.00690836287129
3222,-0.00686287624438,0.00337469380036,0.00194463527223
3223,-0.00650765141374,0.00562809770907,0.0161317460476
3224,-0.00244744852943,0.00240505602859,0.00661531099713
3225,0.00452233244115,-0.0111614176005,-0.0159976370787
3226,-0.00367687699949,-0.000838421219516,-8.34513145537e-05
3227,-1.11709039963e-06,-0.00989327175593,-0.0144844437321
3228,-0.00571522219895,0.000735910588019,0.0100241005567
3229,-0.00807341655688,-3.38797158011e-05,-0.00143682003458
3230,-0.00847539642196,0.00648334425052,0.0166175623773
3231,-0.00224591388353,-0.00113487694609,-0.00141162846084
3232,-0.0118983958916,9.73761443129e-05,-0.00783294519067
3233,-0.00490118826863,-0.00815413077843,-0.0281804123039
3234,0.000736445309488,-0.000742921772045,-0.00478828614839
3235,-0.00320791527167,-0.00926455615607,-0.00817811398307
3236,-0.00476768216092,-0.000806308726388,0.00494777375465
3237,-0.00271107386459,0.000523435145936,0.00359567295755
3238,0.000325870973211,-0.00702738995208,-0.013586511266
3239,-0.00488822482267,-0.00343587495338,-0.0150082384027
3240,-0.00479172685035,4.89890949897e-05,0.0093154900791
3241,0.00388720354424,-0.0150680825753,-0.0318221024511
3242,-0.00118042498366,-0.000324314757339,0.0107311995697
3243,-0.00549482134252,-0.000117396748492,0.00178541980428
3244,-0.00688522341372,-0.00438571263408,-0.0075377923651
3245,0.00568028923269,-0.00163929158961,0.0129185470398
3246,-0.0155621901531,0.0168355934232,0.0356405105198
3247,-0.00940817423456,-0.00388989177833,-0.00448013541051
3248,-0.00479445699215,-0.00313400919268,-0.00422193747099
3249,-0.0149286963248,0.00433069413413,0.0101710783489
3250,-0.00754319570374,0.00393039280293,0.00127404049222
3251,-0.00722491115899,0.00428048332772,0.0177786402019
3252,-0.0156142122338,0.00730685308436,0.00676982161212
3253,-0.0101416360708,-0.00145806749118,0.00119853829417
3254,-0.00484194041582,-0.00329720086655,-0.0122270008382
3255,-0.00415829208976,0.000198733915109,0.000126850700405
3256,-0.00447098327506,0.00192950910295,0.00848992711577
3257,-0.00951108084764,0.000467965926863,0.000293420195362
3258,0.000140240499848,-0.00342770113447,0.00734651578394
3259,0.00116991418299,-0.00922564743493,-0.0151464100666
3260,-0.0025404814015,-0.00181137891229,-0.00246038052654
3261,-0.0056873703124,-0.000323061881995,0.000107184629323
3262,-0.00185349782428,-0.00925123797433,-0.0119258544648
3263,0.00352712400672,-0.00812721359259,-0.00711106088275
3264,-0.00252938273537,-0.0049927993049,-0.00575689812214
3265,-0.00578705483259,-0.00684803647864,-0.0142947648465
3266,0.00220889744499,-0.00199674902847,-0.00926264748514
3267,-0.00300322653817,-0.00194588097012,0.000689708005925
3268,-0.0126825152607,0.00417517343846,0.00993374827332
3269,-0.00843575334967,0.00316153761008,0.00154293173715
3270,-0.0113767594054,0.00745041495078,0.013371871661
3271,-0.00818948462601,-0.00548256882576,-0.00407610880592
3272,-0.00909699450887,-2.48594839006e-05,0.00822222235276
3273,-0.00698414388102,0.00420802954714,0.0109005160152
3274,-0.00832189908553,0.00316665335288,0.00845145692466
3275,-0.00177884522332,-0.00402774070666,0.0136474632937
3276,0.00188543219384,-0.00176065754338,-0.00731359398458
3277,-0.00568060734356,-9.56360493891e-05,-0.00215751520429
3278,-0.00191084150572,-0.00682506974631,-0.0208331424238
3279,-0.00225223659606,-0.00479630746996,-0.0093674931497
3280,-0.00623949799964,-0.00393767084259,-0.00660973016605
3281,-0.00659740717647,0.00244369338944,0.00340941906874
3282,-0.00578829058823,0.00253182280107,0.00453939329975
3283,-0.00415250593123,-0.00337878489771,-0.00439477411154
3284,-0.00301417249835,0.00478145238662,0.00454358131487
3285,-0.00943268064895,0.00259303809638,-0.00154361232056
3286,-0.00739968819951,0.0011052473854,0.0016966115259
3287,-0.00380363306306,-0.00359052864838,-0.00849325018484
3288,-0.00156410491371,0.000111092606504,0.0067254366521
3289,-0.00356597469961,-0.00224226164763,0.00434431970699
3290,-0.00806640370515,0.00256564751325,0.0158813685471
3291,0.000622319860935,-0.00516534546149,0.00608967842474
3292,-0.00586655936163,0.000696992724487,0.00798788598154
3293,-0.0032255104879,-0.00345239552396,-0.00616466884584
3294,-0.00741008564949,0.00392984497289,0.0118920230466
3295,-0.00978249720242,0.0137216919017,0.021228404987
3296,-0.00482741518401,-0.0055879225651,-0.0159206787611
3297,-0.00271419012797,-0.000211717060276,-0.0025694401316
3298,0.00131468113759,-0.0117835535723,-0.0227783068015
3299,-0.00303293912184,-0.00360933201841,0.00508341056688
3300,0.00244973917138,-0.000309055978201,0.0102414444976
3301,-0.00378762666803,-0.00444879288877,-0.00473851948346
3302,-0.0119717049845,0.000820320132975,0.00114265333199
3303,0.000494426143846,-0.00151938203267,0.0118982303267
3304,-0.00991826890606,0.0022891187286,0.0153660969662
3305,-0.000275887551657,-0.00119521411448,0.00172532483542
3306,0.00345665954952,-0.00628905394723,-0.0119334326237
3307,0.000388682253817,-0.00320005855393,-0.00226180344435
3308,0.001256518379,-0.00539719421825,-0.0103575230211
3309,-0.00232993666376,0.000381096514214,0.00253369387747
3310,-0.00786832436052,-0.00405143412455,-0.0112905815972
3311,-0.00526491418369,-0.0047038845855,-0.00522838222411
3312,-0.00188766427459,-0.00535645415725,-0.0129387039327
3313,-0.00127179499055,-0.00338298693753,-0.00543602593013
3314,0.000641201084418,0.000690678393078,0.00810187868777
3315,-0.00635368213741,0.00153938778196,0.0117768714479
3316,0.00126866521225,-0.0062232934152,-0.00988263807054
3317,0.00127999591338,-0.00382939464611,-0.00922921383608
3318,-0.00959556503366,0.00663578062599,0.020377160903
3319,-0.0153351660653,0.00624002587304,0.0109844714961
3320,-0.0025288050618,-0.00496949758185,-0.0169169185035
3321,-0.00822599650954,-0.00454552663344,-0.0131302442309
3322,-0.00741574769558,0.00138162742706,0.01270084396
3323,-0.0106622507344,0.00131299744375,-0.00159892422972
3324,-0.00884564809971,-0.000810527317223,-0.00135777245692
3325,-0.00720332048289,-0.000122861656897,0.0132921070779
3326,-0.00275994062584,-0.00513047167341,-0.00217561099861
3327,-0.00858076137978,-0.00255227134927,-0.0076222478767
3328,-0.00915497732767,0.00127166803059,-0.0109302399668
3329,-0.00379309961778,-0.00269112703182,-0.00173238435907
3330,-0.006683447439,-0.00244121511467,-0.00972000791085
3331,-0.00993499190977,0.00104053340256,-0.00548735128797
3332,-0.0164391347236,0.00827893107968,0.0144339843346
3333,-0.0024255110355,-0.00131359167727,0.00352016639756
3334,-0.0077129422746,0.001077901397,0.00262500185475
3335,-0.00223528004321,-0.00910741171051,-0.0144179050414
3336,-0.00299767424382,0.000636089187966,0.00257023059023
3337,-0.00274459331432,-0.000639085657426,-0.00373475358904
3338,-0.00356846896126,4.61416196406e-05,-0.0024138576103
3339,-0.00927153975681,0.0028497703309,0.00718058933207
3340,-0.00300717637535,-0.00385392730459,0.00144335796509
3341,-0.00923840658629,0.00217335676402,0.00327793609008
3342,-0.00688059113697,-0.0073467020522,-0.0158421904979
3343,0.00132849811477,-0.00392682808613,-0.00374076656415
3344,0.00054358641297,-0.00367343763291,-0.0025353103491
3345,-0.00706157310898,0.00779983657004,0.0190978495831
3346,-0.00659860002771,0.00239085818887,0.0129694769994
3347,-0.010556609248,0.00200165798186,0.00774853785981
3348,-0.00553622279258,-0.0035218448162,-0.0127390059745
3349,-0.00227632039003,0.00407760865361,0.0204036590228
3350,-0.00721141295509,-0.000119901218037,-0.00735363751037
3351,-0.00560886662603,0.000616233133307,0.00840927374876
3352,-0.00113949045683,-0.00414721048503,-0.00353928839833
3353,-0.00851105307248,0.00142668656951,-0.000833115922454
3354,-0.0110484333834,0.00597799658188,0.0209070348265
3355,-0.00497204158496,0.00234639836706,0.00224247722345
3356,-0.00722529135443,0.0045497749059,0.0125701096544
3357,-0.00417300580594,-0.00218000176458,0.00281763229712
3358,-0.00933574607516,0.00119102291823,0.00991192603631
3359,0.00225186918254,-0.00535754872824,-0.0112895544466
3360,-0.00264112336915,-0.00403766401468,0.00105823010615
3361,0.00169739071361,-0.00323912420513,0.00371665238559
3362,-0.00976218835293,0.00452544193539,0.00474696141968
3363,-0.00931277800739,-0.00569183736192,-0.0239304319947
3364,-0.000277090672019,-0.00618942400018,-0.00632456328482
3365,-0.00913888527175,-0.00128505422234,-0.00301180223399
3366,-0.0134248132429,0.00371785793834,0.00144352010004
3367,0.00119791823533,-0.00567949903594,-0.00795836985331
3368,-0.00846093002543,0.0026421480588,0.00448158905343
3369,-0.0040678803301,0.00332415797441,0.0064909114713
3370,0.00309923384212,-0.00457748593202,0.00809549854003
3371,-0.00869730302616,-0.00364262143077,-0.00604992122719
3372,-0.00452041860477,-0.00727978682337,-0.0289771749109
3373,-0.0108803266196,-0.000766764082825,-0.00423118529473
3374,-0.00773666039858,0.00616042145386,0.0183632052604
3375,-0.00298506624383,0.00121537191885,0.00655064532356
3376,-0.00382176992133,-0.00397014998262,-0.0111582459996
3377,-0.0109945800764,0.00849611176841,0.012830790865
3378,0.000417437189491,-0.00184990972494,0.00780121328229
3379,-0.00687444706862,0.0061141969496,0.0173921186789
3380,-0.00578682831806,-0.00336401153085,-0.00875711950857
3381,-0.00560484433467,0.000210221421396,0.00507765505901
3382,0.00168067623974,-0.00456753341668,-0.00980593340986
3383,-0.00917383614586,0.00220650059904,0.00266530900835
3384,-0.00921450483307,-0.000618700175155,-0.00191083459227
3385,-0.00527048181791,-0.0119098942089,-0.0217496155933
3386,-0.0160688681879,0.00274578080755,-0.00128337940899
3387,-0.00343325123471,-0.00193402381636,-0.00104888935737
3388,-0.00662760951781,-0.000464854763391,-0.000281820119317
3389,-0.0106148617039,0.00600495950433,0.0186961456092
3390,-0.01394555462,0.00754280821956,0.00764834959517
3391,-0.00480396972573,-0.00386740809307,-0.0155669562517
3392,-0.000504231928618,-0.00979508214491,-0.0164765131995
3393,-0.0114534066998,0.00572949704218,0.00386929464105
3394,-0.00470503071868,-0.00436307100147,-0.00307058011709
3395,-0.00265119930004,0.000853647349944,-0.00391966911522
3396,-0.00193820829252,-0.00254401894405,0.00321329743875
3397,0.000195213349567,-0.00787510151834,-0.0097713725041
3398,-0.00150335598473,-0.000959228605574,-0.00266140979611
3399,-0.00266532415191,-0.00369816398966,-0.00225070729917
3400,-0.00137622345151,-0.00188034870016,0.00242207823949
3401,-0.00809956097026,0.00176121054025,0.00435069369924
3402,0.00431519271365,-0.0164233004215,-0.0369215346332
3403,-0.00570540913291,-0.00320319705385,-0.00596182064498
3404,-0.00270815543692,-0.00480631327989,0.00277961282282
3405,-0.00873609837491,0.00339248530598,0.00376164643116
3406,-0.00580536074263,-0.000959885091541,0.00261082706811
3407,-0.00448436330399,-0.00385844123676,-0.012242505668
3408,-0.00626992672863,-0.00204785061151,-0.00617739022155
3409,-0.00107529872606,-0.00621847290947,-0.0100884684587
3410,-0.00495447360336,-0.00293481103014,-0.00881389465699
3411,-0.0059169635183,0.000913077306916,-0.00599097492184
3412,-0.00435180871739,-0.00125894258605,0.00532981432554
3413,-0.0122481891368,-0.000491949535775,-0.00344605254428
3414,-0.00731502875285,-0.00276946609337,-0.0158682916122
3415,-0.00277971944414,-0.00554346067363,-0.00684697427032
3416,-0.0143951234459,0.0111463164594,0.0238462963451
3417,-0.00682012764588,0.0018979158213,0.00395573664294
3418,-0.0142264437138,0.00845501562206,0.0148796590435
3419,-0.00705955690052,0.00256036122224,0.0146880419027
3420,-0.00878491334982,0.00327990932675,0.0093429656819
3421,-0.000259302716941,-0.00467187289697,-0.00230373426382
3422,-0.00680261605227,0.00314976446142,9.34874131109e-05
3423,0.0029455799772,-0.00537253397263,-0.00563074908602
3424,-0.00744988979307,0.00280667817747,0.00834560130719
3425,-0.00921409830651,0.0012815504823,0.0106921564796
3426,-0.00827843355175,-0.000423963145163,0.00367030961397
3427,2.00594075624e-05,-0.00955704160961,-0.0185971254285
3428,-0.00790912993015,-0.00692411126305,-0.0289120190929
3429,0.000697704334996,-0.00157233598829,0.00302362893709
3430,-0.0101596119027,0.00639353714221,0.0156438608442
3431,-0.00449057928968,-0.0010204747493,-0.00400528378185
3432,-0.00380619387308,0.000855413687602,0.0062392837198
3433,-0.00559392174256,-0.000140056162776,-0.00527797222748
3434,0.00195872650828,-0.00672048984962,-0.00718204256149
3435,-0.0104964536236,0.00646734585677,0.0099663787413
3436,-0.00681447088348,-0.00171079052072,0.0025196425801
3437,-0.0136536989806,0.00311248095423,0.00655457159167
3438,-0.00888410993844,0.00680693315491,0.0188919860061
3439,-0.00134538936392,-0.00532830480261,-0.00977367376728
3440,0.000457504264628,-0.00336937929418,0.00108157980128
3441,-0.00199668265817,-0.00380997748353,0.000704517999408
3442,-0.00330018205189,0.00275861853253,0.00420544011438
3443,-0.00147960549751,-0.0043966806401,-0.00655739311404
3444,-0.0107357912969,0.00762951284084,0.0150430314576
3445,-0.000612936141167,5.11865694758e-05,0.00967120243991
3446,-0.0117872325775,0.00780119639546,0.0191574670049
3447,0.000293887276585,-0.00415132795099,-0.00283650946958
3448,-0.00543513109173,0.00387547432659,0.00733858962688
3449,0.00493906762328,-0.00554114207689,0.000872303077114
3450,-0.0133831355242,0.00150729487066,-0.0014570093985
3451,-0.00424923049226,-0.0082675147973,-0.0191069620953
3452,-0.00386290009722,-0.00109715417181,-0.00359577213244
3453,-0.00536485077469,0.00558154257135,0.0190945332465
3454,-0.010294504697,0.00646933889761,0.00648629713887
3455,-0.00746465942535,-0.000101119176904,0.00701612604059
3456,-0.00982715375802,0.000362766485558,-0.0054006326455
3457,-0.00344105869496,-0.00726919523359,-0.0131110023848
3458,-0.0104310950432,0.00787283339147,0.0217627172619
3459,0.0101190803595,-0.0118547011,-0.0178413520214
3460,-0.00179417457644,-0.00170195635423,-0.00321447385648
3461,0.00276150807299,-0.00904018791296,-0.0193937836484
3462,-0.00705774457754,1.25277452816e-05,0.00235649143608
3463,-0.00527766735938,-0.000156370865609,0.00473071551376
3464,-0.00327098653942,-0.00389647983063,0.000685871607017
3465,0.00460467562347,-0.00367299990182,-0.000762642564981
3466,-0.00408022457902,-0.00116455457539,-0.0030681580012
3467,-0.00840955290099,0.0029749485179,0.00861161816597
3468,-0.00372630469597,-0.00396454555698,-0.0129371235645
3469,-0.00452474690138,-0.00507845122626,-0.00870491200418
3470,-0.00447875504662,0.000228448447906,0.00721868474118
3471,-0.00317708368014,-0.000601324296232,0.000166384604454
3472,0.00157997870141,-0.00431366114465,-0.0103091860181
3473,-0.0153954204763,-0.00353298093119,-0.0151985934692
3474,-0.0034473374281,0.000817064045954,-0.00173118832618
3475,-0.00556746584053,0.00422204946689,0.0105581218136
3476,-0.000658682363581,-0.00744798670055,-0.0194988921734
3477,-0.00983043308506,0.00644358313882,0.00898630448295
3478,-0.00323770966722,-0.00749253577782,0.000216483573692
3479,-0.00227306033451,-0.000164174480321,0.00577880839027
3480,-0.00135790727386,-0.00309626915528,0.00852773515644
3481,-0.00105468009868,-0.00237691600372,-0.000836787394798
3482,0.0005405231958,-0.00150644910195,-0.00813120020299
3483,-0.00729397924121,-0.00355582467613,-0.00651241754886
3484,0.00282529477813,-0.00392911361674,0.00213896136585
3485,-0.00647711714558,0.00560175630553,0.00805149424262
3486,0.00537649784076,-0.0103882962162,-0.0105488157758
3487,-0.00795326213665,0.00342245849354,0.010833546857
3488,-0.00559615042331,-0.00095342190874,-0.00411831568806
3489,-0.00803125483505,0.0062631153952,0.015785566349
3490,-0.00941376778613,-0.0026629758623,0.0052714892307
3491,-0.00520256163992,-0.000332757240844,3.90792639088e-05
3492,-0.00183080265541,-0.00571245311882,-0.020407121046
3493,-0.00932059879609,-0.000994772719373,0.00305523343721
3494,-0.00576023346831,-0.00473041411072,-0.00301291399058
3495,-0.00482379600056,0.00275408775687,0.00804836154984
3496,-0.00967449299318,0.00491897226002,0.0150820160555
3497,-0.00301867733823,-0.00265756549044,0.000443145686463
3498,-0.00566369544593,-0.00270432820054,0.00647950919255
3499,-0.000729177459479,-0.00585129614355,-0.013951434018
3500,-0.00478392423504,0.00433802545137,0.00506907149729
3501,-0.00556239102032,0.000912233406762,0.00699088098768
3502,-0.0107402686568,0.00546533572732,0.00798132604877
3503,0.00330123865649,-0.00744881160409,-0.0179954259872
3504,-0.0141179327854,0.00131086133911,-0.00467420461751
3505,-0.00356233740375,-0.0063210853488,0.00982180778219
3506,-0.00740308983198,0.00164684674051,0.00208167884311
3507,-0.00432607428465,0.00661428298423,0.0301015655785
3508,-0.00297283562111,-0.000642381319674,-0.00821261660476
3509,0.0018960580132,-0.00288018889523,0.0125509752146
3510,-0.00610938163723,-0.00169084108236,-0.00128808075189
3511,-0.00623365292357,0.000121120770087,-0.00420114575284
3512,-0.00668420636288,0.0027779681149,0.014166511256
3513,-0.00452950744954,-7.70458368047e-05,0.00150169542897
3514,-0.00381076699673,-0.00467174232308,0.00340291301417
3515,-0.00935407047546,0.00114889722412,0.00646632946032
3516,-0.0106018331726,0.00705391795605,0.0156586823752
3517,0.0117208682959,-0.00940144907393,-0.00310631809002
3518,-0.0137172676142,0.00779194093455,0.0172342020552
3519,-0.00332744590046,0.00170381221422,0.000179116618746
3520,-0.00258044518231,-0.0063796752895,-0.00594586285598
3521,-0.00465375660074,0.00123804298231,0.0104331129111
3522,-0.00683138854485,0.00279340574125,0.00809551520618
3523,-0.00550955933011,-0.00435207513793,-0.00165909643515
3524,-0.00665953989869,-0.000575430022298,0.0149644931462
3525,0.000192202798694,-0.00283768737057,0.00575509150711
3526,-0.00926487907815,0.0112257561377,0.0292203182536
3527,-0.0059581690536,8.86426349245e-05,-0.00036328242882
3528,0.00359668175258,-0.0049928790605,-0.00368742806524
3529,-0.00361940517839,-0.00147683589628,-0.00562400983709
3530,-0.0066105409481,-0.000209581594382,0.00846946809216
3531,-0.00664735139362,0.00394268767975,0.00316531317313
3532,0.00132886904871,-0.00145397132937,-0.000529444477986
3533,-0.00647515603829,-0.00466425980549,-0.0014737485206
3534,-0.00224893106521,-0.00687278454643,-0.0185713010209
3535,-0.00775600318642,-0.000619238543246,7.72219376506e-05
3536,0.00069539943653,-0.000735226902334,-0.0052885890566
3537,-0.00756421048429,-0.000355075414797,-0.00903770209501
3538,-0.0104561628588,0.00479050013176,0.00584313243922
3539,-0.0021040851308,-0.00285846836873,-0.00131077359503
3540,-0.00181508838006,-0.00406936887497,-0.00533731088588
3541,-0.00105183081155,-0.00253350983982,0.000352604640033
3542,0.00134675865168,-0.00289638155708,0.00644844278739
3543,0.00247957949257,-0.00554743137454,-0.00939120688309
3544,-0.0117349038809,0.00212608731953,-0.0021746105869
3545,0.00235264981715,0.00284881971075,0.0189243878045
3546,-0.00749958463835,0.00416196266796,0.00997040809851
3547,-0.0043928190102,-0.000578076167969,-0.00356906240767
3548,-0.0100423197473,0.00215693117463,0.0121545790671
3549,-0.00359615178197,0.00111967946747,0.00664110620049
3550,0.00250840513581,-0.00810219415905,-0.0128634494222
3551,-0.0071390786244,0.00345297097454,0.0162004613459
3552,-0.0044760396133,0.0021000985843,0.00332832771842
3553,-0.000677862337801,-0.00337858152938,0.00261052739836
3554,-0.00441993367699,-0.00174511551685,-0.00192850287609
3555,-0.00662675831694,0.0037075355404,0.00490612582121
3556,-0.0124056485793,0.0144039137126,0.0203448599946
3557,-0.00671502033171,0.00501559728197,0.0170744551817
3558,-0.00663683805102,0.00300939899626,0.00887001103823
3559,-0.0124164584712,0.0014454582315,-0.00215390183568
3560,-0.00762797820992,0.000120500288128,-0.00389589411601
3561,0.000783999298495,-0.00163886559421,0.00304558222528
3562,-0.00992219698457,-0.00836827576013,-0.0133129812365
3563,-0.00851242769593,0.00374832846167,0.0112507628783
3564,-0.0127699131458,0.00704283466211,0.00976496172535
3565,-0.00546910451621,0.00260860381334,0.00433891669175
3566,-0.00710553052356,-0.0023095240643,-0.00132185524069
3567,-0.00827893691728,-0.00802608712679,-0.0100957212908
3568,-0.00981319058409,-0.000816697552214,0.00765352433955
3569,-0.00296679601665,0.00217075510566,0.00424258801685
3570,-0.0117859441113,-0.00118501328485,-0.00196521768657
3571,-0.00957137941512,-0.0026684993481,-0.00978935888323
3572,-0.0142176873832,0.00403293799551,0.00534387209474
3573,-0.00457919415378,0.00420928409999,6.4211853298e-05
3574,-0.000822012455057,-0.00977808356503,-0.0205912103939
3575,-0.0076741734716,-0.000179037970261,0.00476757116484
3576,-0.0044197833736,-0.00810346711666,-0.00976300633075
3577,-0.000849378068276,-0.000863524261796,0.000863069390735
3578,-0.0085204759947,0.00735146129113,0.0210567771707
3579,-0.00737789117573,0.00471487100924,0.0152391318344
3580,-0.00633367094154,0.0026583424319,0.014801311844
3581,-0.00685844014572,0.00220249493513,0.0175163030378
3582,0.00429223087693,-0.00849861546098,-0.00726920886914
3583,-0.0140251616211,0.00599239689524,0.00702411470274
3584,-0.00625589205529,0.00410439189904,0.0100161421678
3585,0.00227628495175,-0.00534804816996,-0.00890012805221
3586,-0.00807876909272,0.00208803944905,0.000409261172625
3587,0.00483372242706,-0.0137266644737,-0.0214325765822
3588,-0.00236817611739,-0.00731237791338,-0.0207275621732
3589,-0.00910871892292,0.000430573927519,-0.00416058260786
3590,-0.0140401883947,-0.00117224863314,-0.0115753559752
3591,0.000405547384355,-0.00192672398975,9.94546364761e-05
3592,-0.00353045083311,-0.00289768954009,-0.00850285187784
3593,-0.00680614231022,0.00885962489664,0.0248917211599
3594,-0.00631678951758,0.000700227274559,0.00346384620496
3595,-0.0061623598343,-0.000971871207217,-0.00533107874069
3596,-0.00838226566974,0.00473497182491,0.0099684709872
3597,-0.00221089980194,0.0023697129843,0.0127310315384
3598,0.00152836600942,-0.00378337688869,-0.00161408140708
3599,-0.00175619251428,-0.00398148575687,-0.0126110988616
3600,-0.00296195486409,0.00413672308382,0.014499948209
3601,-0.0107391801769,0.00390406003123,0.00539449710609
3602,0.00202937070847,-0.00662482789006,-0.00404135002582
3603,-0.00729518109298,0.00520516049966,0.0130019820048
3604,-0.00780449064952,0.00396960718776,0.00751183542099
3605,-0.00340852935764,0.00278310209511,0.0213590261156
3606,-0.0083968053876,0.00326858375377,0.00763315388508
3607,0.000703154062522,-0.00153276299936,0.00364873267711
3608,-0.00598317215676,-0.00508360802554,-0.0175544475241
3609,0.00226067868808,-0.00529558677628,-0.00830210067709
3610,0.00546458739964,-0.0112875482507,-0.0113109823109
3611,-0.007522590487,0.00256996792975,0.0196149533998
3612,-0.0116286295134,0.00305699908907,0.00306659433571
3613,-0.00309580046614,0.00222128405583,0.00993257215245
3614,-0.0116261030891,-4.52777306935e-05,-0.00380703374995
3615,-0.00420421890555,-0.00529375115741,-0.00285161037985
3616,0.00131978044232,-0.00190529447047,-0.00338041087527
3617,-0.00631076655145,-6.98326391733e-05,-0.00193269947078
3618,-0.00363817499059,0.00332452270308,0.0080432534491
3619,-0.0011811189464,-0.00444225685467,-0.0115595845373
3620,-0.00189923642872,-0.00557782948996,-0.0181822352452
3621,-0.0088250478222,0.00457792837478,0.0119096879609
3622,-0.00765380053741,-0.00389469192143,-0.0115637365427
3623,-0.00533478891904,0.00369161553592,0.0107366505392
3624,-0.00484174223975,-0.00193199693734,-0.014528025153
3625,-0.00776714884359,0.00359507838606,0.00367698432664
3626,-0.0039686618166,-0.00604373842981,-0.00702192217329
3627,-0.00916794968576,-0.00176025256827,0.00413384269101
3628,-0.00682278584673,-0.0034718646644,-0.00527571613277
3629,-0.00199844924117,0.00161913485204,0.00614181379506
3630,-0.00152999891596,-0.00423623248603,-0.00836009335984
3631,-0.000837408927246,-0.00593903860581,-0.00818553860729
3632,-0.00189062514357,-0.00351579692729,-0.00403677997676
3633,-0.0131253844353,0.0024545422846,-0.00143245972074
3634,0.00391159776062,-0.00839587894906,-0.00387449188218
3635,-0.00207253049204,0.00306233929237,0.0179211565521
3636,-0.0036793232255,0.000723309707283,-0.00460317383844
3637,-0.0080809436637,-0.00704880769642,-0.00593401786071
3638,0.00203387326861,-0.00467740572218,0.00371575685958
3639,-0.00162719486929,-0.000424248618267,0.00583979041108
3640,-0.00748286238803,0.00293187848543,0.0139188090898
3641,-0.000569024728969,-0.00038219811463,0.00185044105103
3642,0.00564294299046,-0.0137031671843,-0.0188078101534
3643,-0.00489704096007,0.00234729878501,0.0120971806925
3644,-0.00815906106009,0.0032533851931,0.00728126022873
3645,-0.00575106564812,-0.00490232751435,-0.0102163737232
3646,-0.000134917352143,0.00573943804237,0.017196415979
3647,0.00425404802064,-0.00740387582194,-0.00112074035382
3648,-0.000583923607298,-0.00134056448173,0.0141166407184
3649,-0.00965327816936,0.0108007912439,0.0163235693103
3650,-0.00349978497388,-0.00236979874663,-0.00774710718059
3651,-0.00712735331785,0.00454648383545,0.0142607375011
3652,-0.0121267443064,0.00702428466776,0.0186303535381
3653,-0.00942976145531,0.00365794320073,0.00519717620221
3654,-0.0050081838275,-0.00285896005484,-0.00592332829936
3655,-0.00266659262049,-0.00300075716234,-0.00619924872762
3656,-0.0010988227855,-0.00430130148758,0.00489501938743
3657,-0.0113078004946,-0.00239223313153,-0.00549500750615
3658,-0.000148769328587,-0.00095495289617,0.0165242852102
3659,0.00168785378203,-0.00610333563595,-0.00514304640184
3660,0.00595061738325,-0.01090624317,-0.0160109232087
3661,-0.000960795264224,0.0032299112194,0.00571188692298
3662,-0.00673973400319,0.00361026322398,0.00545012371575
3663,-0.00208249007263,-0.00690198006412,-0.00428530807481
3664,-0.000322147951255,-0.00468948737452,-0.00379289449354
3665,-0.00604086726458,0.00169809097546,0.00766471809654
3666,0.000430826158013,-0.00544842667435,-0.00204346116656
3667,0.000286478208292,-0.00365501713434,-0.00442934426647
3668,-0.00477066071499,0.00174094466786,0.00704402341445
3669,-0.00734867952535,0.0026190417061,0.00342287688034
3670,-0.0113413441232,0.00511132334709,0.00985728987382
3671,-0.0118901372123,0.00494554508934,0.00653533317011
3672,-0.00214869271321,-0.00149115841264,0.00361034519061
3673,-0.0082223019005,-0.000516889947842,0.0042444403663
3674,-0.00133296602176,-0.00835150739629,-0.018617919733
3675,-0.00916447084462,-6.7963523574e-06,-0.00384120165244
3676,0.000108252295938,0.000538361889678,0.0164690313932
3677,-0.00734123397343,0.00216623534919,-0.00536667944654
3678,0.00110198373907,-0.00361464365473,-0.00213437885659
3679,-0.00467565665386,0.00107934943342,0.00382397118073
3680,-0.000902109323883,-0.000868369655159,-0.00373938519763
3681,-0.00927231393129,-0.00082314308768,-0.002591040275
3682,-0.00360573260999,-0.00475247090525,-0.00362340531151
3683,-0.0117742602351,0.00113411582463,-0.0063123781753
3684,-0.00687603856382,-0.00119912365869,-0.00118937732341
3685,-0.0126679076263,0.00334314354623,0.0100824078535
3686,-0.00676087738364,-0.002559347927,-0.0047305509666
3687,-0.00666757327326,-0.00540590613318,-0.00335283556143
3688,-0.00755148292925,0.00281327863829,0.0124081755662
3689,-0.00618263920333,0.00152482491596,0.0105594240049
3690,-0.00548057292115,0.00211054121084,-0.003486566374
3691,-0.0100736970436,0.00197496353654,0.00432403749475
3692,-0.00837700120345,0.0043560238928,-0.00207537129553
3693,-0.00487280059122,-0.00499504882049,-0.00774568898022
3694,0.00320023057038,-0.00790470015357,-0.014276711307
3695,0.00138311135057,-0.00914967470488,-0.0121413634294
3696,0.00221220773043,-0.00466711980167,0.00728890983336
3697,0.00167936614821,-0.00662934446589,-0.0109883211517
3698,-0.00402475497663,-0.00107927627139,0.00288722200632
3699,-0.00513810506393,-0.00147468936307,0.00465942766729
3700,-0.00934377889589,0.00360893780056,0.00637332969215
3701,-0.0053105796737,-0.00413768517797,-0.00722275218824
3702,-0.0116558575396,0.00204619838643,0.00314044852577
3703,-0.00886971616674,-0.00382482888778,-0.00347898776511
3704,-0.0101287285666,-0.0043220314914,-0.0135325669111
3705,-0.0058266677362,-0.00171905038008,-0.0054061627444
3706,-0.00190609451403,-0.00414630649472,0.00658600608531
3707,-0.0144656877349,0.00345754193797,0.0119122311851
3708,-0.00993326031797,0.00399828674013,0.00702564021419
3709,-0.0134258128398,0.00481033468731,0.00404721858697
3710,-0.0010065377045,-0.00077039072376,0.0027364809544
3711,-0.00264938302719,-0.00296355139187,-0.00450805917815
3712,-0.00417315718376,0.00547232916442,0.0210693846762
3713,-0.00829777003683,-0.000849979960181,-0.00551398556826
3714,-0.00178289258334,-0.00711396985581,-0.0104625077354
3715,-0.00399492615668,-0.00207740021021,-0.00618677068845
3716,-0.00224109640434,0.00144215587971,0.00393789903675
3717,0.000711238890373,-0.00272050654181,-0.00247885014303
3718,-0.00465928792601,-0.00333100531033,-0.00566973402506
3719,-0.00678975848636,-0.00551895909012,-0.0165717650484
3720,-0.00895132431187,0.00455580124789,0.0141504942973
3721,-0.00533204525569,0.000336241112667,0.00901354022893
3722,-0.0081495465155,0.000917809202394,0.00290132203941
3723,-0.00606063191335,-0.00364211374888,-0.00149009961624
3724,-0.0115013769245,0.00256289154292,0.00196021357899
3725,-0.00191009712117,0.00302860531792,0.0131500086262
3726,6.6634529579e-05,-0.00228815110207,0.00261951051518
3727,-0.00521151077534,-0.00199053237433,0.000898649203042
3728,-0.0104356204902,0.00470439347506,0.0120037651456
3729,-0.0168420415499,0.010249296989,0.00849388229784
3730,-0.00611207983741,0.0026897454211,0.00432268232381
3731,-0.00492606710344,-0.00182924035815,0.00839824435656
3732,3.97419379473e-05,5.0710350581e-05,0.00968653391548
3733,-0.00644336060544,0.0010706661666,0.00461663864582
3734,-0.0049665878434,0.000853372812441,-0.00373012836969
3735,-0.00706585772409,-0.00290442109361,-0.00303341124056
3736,-0.00726181984542,0.00134364229975,0.00443579243484
3737,-0.00104170673163,0.000843218114341,0.00290860997518
3738,-0.00746414457715,-0.0038381756219,-0.010342437663
3739,0.00018589451195,-0.00498743723912,-0.00834876212498
3740,-0.00126079421038,-0.0047663381385,-0.00124621903392
3741,-0.00559153844056,0.00505983086584,0.0173514251053
3742,-0.00363702134633,0.00190086859067,0.0143423318915
3743,-0.0183018992953,0.00717838237434,0.00877322481343
3744,-0.00468498310842,-0.00692167576114,-0.016985681334
3745,-0.00354665539092,0.00152803555001,-0.00298538617854
3746,0.00180909151221,-0.00684103148776,-0.00649324191859
3747,-0.00694088354901,0.00293320215287,0.00597838875994
3748,-0.00407775049992,-0.00179929232451,-0.0037090407241
3749,-0.0088448787334,0.00266201304463,0.0107990336548
3750,0.00183794330729,-0.00616272724561,-0.0151600256539
3751,-0.00387625484805,-0.0100843232384,-0.0172862658354
3752,0.00476651493501,-0.00344127753749,-0.00745922068604
3753,-0.00517007691753,0.00106112663684,-0.00122348945729
3754,-0.00604648782935,0.00175027381982,0.0138282382591
3755,0.000663159585881,-0.00558606447442,-0.00923647276049
3756,-0.00574044527294,0.0026620452003,0.00752132267831
3757,-0.0122142123772,0.00363840184538,0.00894869228402
3758,0.00457314311585,-0.00970096766152,-0.00810497985051
3759,-0.00357240553814,-0.00374799459949,-0.00676621437737
3760,-0.00888335063028,0.000496185145565,0.00415433617841
3761,-0.013067483202,-0.00256739357585,-0.00606254766026
3762,-0.00464614020814,-0.00593469231126,-0.0109688944332
3763,0.0038758941775,-0.0102471513052,-0.0130732256477
3764,-0.00484848773979,0.00301977783402,0.0156783270276
3765,-0.00396277685778,-0.00285864788102,-0.00420468036031
3766,0.000551183730485,-0.00799990278764,-0.00975670316654
3767,-0.00429467577199,0.00534856769917,0.0156372305928
3768,-0.00250922554884,0.00170292210833,0.0103708274552
3769,-0.000423588460408,0.00125842818435,0.00994959975896
3770,-0.0115721747909,0.00644789292939,0.00419288492812
3771,-0.00438575566588,0.00292736931719,0.00681180373848
3772,-0.0015200704781,-0.00841524705146,-0.0149136493962
3773,-0.0103247820123,0.00620791242513,0.0143219136007
3774,-0.0168486284794,0.0022792436857,-0.00760609839886
3775,-0.0137300177286,0.00315817832037,0.00092975944197
3776,-0.0088168203656,0.000289781946491,-0.00135508686467
3777,0.000528646800556,-0.00875276142483,-0.0118354369907
3778,-0.00796224743571,0.00650073757941,0.00554255445584
3779,0.00013841729654,0.0030681471574,0.00953522120702
3780,0.00395163346319,-0.00465776946282,-0.0035046746585
3781,-0.0061126857287,-0.000977359251758,-0.00436492114596
3782,-0.00694617485695,0.00420626512756,0.00867116629015
3783,-0.00739428573183,0.00143959208036,0.00833026686828
3784,-0.00550044611711,-0.00249308256836,0.00274416732201
3785,-0.00423817139735,0.000211262546508,-0.000792311818973
3786,-0.00689760197547,-0.00451496088725,0.00104153080054
3787,0.00677764030035,-0.00254030664173,0.00736063937424
3788,-0.00419649635065,-0.00543977752118,-0.00807609538771
3789,-0.00496230301474,0.0012852876903,0.00700269914401
3790,-0.00140735493965,-0.00265658511197,0.000176594117089
3791,-0.0123993610215,0.0029321182657,0.00309347184608
3792,-0.0118058125755,-0.00471158071204,-0.0233100498072
3793,-0.00347505990276,0.00183059866338,0.0114505671747
3794,-0.00468533602522,-0.00417878358647,-0.000591344285574
3795,-0.00692049909681,0.000442023833011,0.00183625290267
3796,-0.00765612139184,0.000541647969983,0.00262862017986
3797,-0.00620219865276,-0.00130396639413,-0.00375921562898
3798,-0.00442793614711,-0.00641424139403,-0.0148726280358
3799,-0.00385520771213,0.00133873663248,0.0059152854065
3800,-0.00233060711033,0.000362319946915,0.0125331703273
3801,-0.00898290497741,0.00863244258123,0.0188303933123
3802,0.00103861285607,-0.0064285209623,-0.00695118305508
3803,-0.00475893736603,-0.000426290855031,0.00321012876372
3804,-0.00716627049654,-0.00151823504221,-0.0077080350722
3805,0.00337882716601,-0.00490917993246,-0.00991371416527
3806,0.00757512012089,-0.00896952603628,-0.0193915169603
3807,0.000255183543924,-0.0074408055565,-0.0196203628906
3808,-0.000711751967106,-0.00412015765322,-0.0067343135486
3809,-0.0011598717583,-0.00461660273128,-0.01526966188
3810,-0.0121127116953,0.00744025396909,0.0251149614744
3811,0.00161482976875,-0.00803185270683,-0.0136679965182
3812,-0.00730655921221,0.000349458343186,0.00922125760595
3813,-0.0108610489039,0.00709580552731,0.0104313796489
3814,-0.00225415300067,-0.00791771782853,-0.00841594511
3815,-0.00344522378293,-0.00441524837939,-0.0100082530874
3816,-0.0108350218141,0.00154026328813,-0.000389480750134
3817,0.00222929297198,-0.00478327687692,-0.0167436816288
3818,-0.0128726668752,0.00985767144146,0.0130452057999
3819,-0.00456406050246,-0.0029710780817,0.00035064394119
3820,-0.00871914777458,0.00673880520452,0.0163974212061
3821,-0.0101275422655,0.00515850219297,0.00983405781318
3822,-0.00686941251721,-0.00332290244062,-0.00355737588102
3823,0.00827922015353,-0.0132439278403,-0.0184681055253
3824,-0.0018477676223,0.00228760440803,0.00477077261034
3825,-0.00389069692548,-0.00365249955608,-0.000268289895246
3826,0.00114882672072,-0.00197664135751,-0.00474945486498
3827,0.00525465598874,-0.00345806816122,-0.00592542724219
3828,-0.000618897514088,-0.00373754371732,-0.00453416475938
3829,-0.00426629831664,-0.00142564117006,0.00277253644874
3830,-0.00196945554778,-0.00329369126375,-0.00116000219387
3831,0.00387920504843,-0.00968562187197,-0.0156081057109
3832,0.00577788971863,-0.00609560156768,0.000280735991753
3833,-0.00319723938584,-0.0028202452157,0.00381555686573
3834,-0.010912962302,0.00353392344734,0.00408992337943
3835,0.00158518579821,-0.00529136097668,-0.00437640575354
3836,-0.00323874056748,-0.00804542817923,-0.0104404386625
3837,0.00308366893219,-0.011484157465,-0.0238302053773
3838,-0.0146873554337,0.0090500494244,0.0100484215832
3839,-0.00395299631642,-0.000941629537466,-0.00847913764093
3840,-0.00488250776421,-0.000739602875855,0.000347954245243
3841,-0.00625484121753,-0.00157855619908,0.00877958205409
3842,-0.0130799697971,0.0062402237281,0.0116652385403
3843,-0.00159323257037,-0.00649634844707,-0.00827466897592
3844,-0.00233029178266,-0.00358369106053,-0.0117358186648
3845,0.00129511817127,-0.00672687044619,-0.002780232129
3846,-0.00525030989772,0.000805335781969,0.00375051582819
3847,0.00173069539872,0.00174198534545,0.00647640489398
3848,0.00296608433873,-0.0100606365413,-0.00946508863002
3849,-0.00387744154056,-0.00110806670811,0.000676319875747
3850,-0.000612340057459,-0.00186828889314,-0.00185149587236
3851,0.00252084273941,-0.00694415949879,-0.0100559706279
3852,-0.00501975237045,-0.00138841148705,-0.00570979213138
3853,0.00457482994778,-0.00544003508481,0.00564214913883
3854,0.00161835043401,-0.00765864427676,-0.00739982971747
3855,-0.0144096868174,0.0127640626155,0.0231621870557
3856,-0.00502654967205,-0.00295161932312,0.000410755031433
3857,-0.000581795311332,-0.00318973854059,0.00448282478346
3858,-0.0126678382256,0.00159602881134,0.00236902978583
3859,-0.00264556947264,-0.00179886531385,0.00279785289265
3860,-0.0141861221058,0.0114275547685,0.0280031803691
3861,0.00398605698418,-0.00559222329541,-0.0214585248549
3862,-0.0115377642813,-0.00221204310217,-0.0013785499204
3863,0.000562287067056,-0.00598767464448,0.00188116288472
3864,0.00370804564291,-0.00652252857812,-0.00482208713024
3865,-0.00407607057278,0.00125903954242,0.00531964683361
3866,-0.00468486680266,0.00903690139717,0.0251011894441
3867,-0.000976992127247,-0.0102915012112,-0.0220181526344
3868,-0.000141844787658,-0.00222869818051,0.00517822752881
3869,-0.0110570953219,0.00796120944429,0.011107187075
3870,-0.00531164568766,0.00126692092919,0.0118061644257
3871,-0.00338769880574,-0.00144294753431,0.00529164573592
3872,0.00117371975563,-0.000743662548472,0.0100582954983
3873,-0.00931424343467,0.00675648007297,0.0163022866873
3874,-0.00411972030053,-0.00380149738569,-0.0138455375985
3875,0.00196722075435,-0.000550255881126,0.00197088353492
3876,-0.0086372910146,0.00539266235224,0.0111374081689
3877,-0.0105732654659,0.00259585570367,0.00946283772767
3878,-0.00624821108159,0.000549726021817,0.00328628017114
3879,-0.0077031807314,0.00196984384757,0.00371356429671
3880,-2.46354084383e-05,-0.00522398382949,-0.00411222391139
3881,-0.0109828454602,-0.000972440013218,0.00364178547312
3882,0.00343608966317,-0.00737068551427,-0.00701818267674
3883,0.00779633519703,-0.011346277992,-0.0140828579363
3884,0.00183701392885,-0.00493676046634,-0.0125236339909
3885,-0.00675550345709,0.00114374614035,0.00404914449711
3886,-0.00728136647167,-0.000307989404761,-0.00863643269737
3887,0.000983672019169,-0.00822591491638,-0.01153874806
3888,-0.00757695031959,0.00175728280453,0.00512221117731
3889,-0.00780476765621,0.00141644056062,0.00900994588967
3890,-0.0035252183116,-0.00218819399136,-0.00466207998255
3891,-0.00548073268704,0.00193662455082,0.000657901363308
3892,0.00239821911425,-0.00776181440378,-0.00688920735679
3893,0.00187503325882,-0.00648720664034,0.00225350653439
3894,-0.0131556389462,0.00862786129875,0.0120880146554
3895,0.00119668876119,0.00373168762004,0.00891000204517
3896,-0.0081910895472,-0.00278800870179,-0.0177368664225
3897,0.00171804778184,-0.00034334723317,0.000196661340071
3898,-0.00872141480609,0.0062588144519,0.00465919678933
3899,0.0122144352415,-0.0113584626635,-0.00973104239344
3900,-0.00860885052655,0.00127896121181,0.0023442658485
3901,-0.0011949292181,-0.00639270300482,-0.0135776907836
3902,-0.00810680554633,0.00596130034219,0.0155581497298
3903,-0.000924810100875,-0.00713694195459,-0.0115045469999
3904,-0.004604597892,0.000596714921513,0.000234249350534
3905,-0.00611184884647,-0.00191195445368,-0.00263054111214
3906,-0.00581186180108,0.00295851979421,0.00887327272288
3907,0.00273054859221,-0.0101041893478,-0.0169945818937
3908,-0.00352691465629,-0.000139915091785,0.00689371373805
3909,-0.00888323001372,0.00150481375292,-0.00517016083644
3910,-0.00525239523137,-0.00161136711469,0.00270933680961
3911,-0.00164004115407,-0.00584297237417,-0.022475318557
3912,-0.00913192568715,0.000808649928632,0.00870185691547
3913,-0.00074112496501,-0.000445857195056,0.00866782748137
3914,-0.0107012722584,-0.0028402993292,-0.00292965875425
3915,0.00180153992879,-0.00426680130753,-0.00228712840287
3916,-0.00134554336298,-0.000406726033752,-0.00176474327118
3917,-0.00591577168118,-5.45054431233e-05,-0.00102471950032
3918,0.00154463930806,-0.00438920502958,-0.00413443634721
3919,-0.00660726186036,-0.00154904100233,-0.000632831179466
3920,-0.0111685522127,0.00986884487896,0.0175984159097
3921,-0.00840365675163,0.000220876149793,-0.00235132075603
3922,-0.00393309088294,0.00129343538982,0.00469993195122
3923,-0.00309125579353,-0.00316622575037,-0.00628654259268
3924,0.000986853338135,-0.00662334603951,-0.0150171379522
3925,0.00589182223911,-0.0116692761695,-0.0188931956896
3926,-0.00642631053242,0.00252514352451,0.00753976961644
3927,-0.00269768416393,-0.00404687721044,-0.00790075382656
3928,-0.000863000438072,-0.000927250115618,0.00435636681763
3929,-0.00291731357211,-0.00124096445034,0.00232501771588
3930,-0.00626524218889,-0.00739105513157,-0.0185647259271
3931,0.0024198832489,-0.00417891800426,0.00345123177407
3932,-0.000606079606077,-0.0126246687198,-0.0185431935556
3933,-0.00414905729897,0.00132717881512,0.00286898555782
3934,-0.00878078805776,0.00506643047888,0.00839779594287
3935,-0.00469391662447,0.00116008002875,0.0108737318249
3936,-0.00556849956651,0.00012511847289,0.015736347441
3937,0.000453592033521,-0.00519758442878,-0.00787619045492
3938,-0.00604011429573,-0.000947202512766,-0.00335596762503
3939,-0.00469655078271,0.00381076455283,0.0116459671776
3940,-0.00615562254464,-0.00107283202694,0.00521503904215
3941,-0.0065842669335,0.00479089339531,0.00958986903799
3942,-0.0114390497391,0.00761774949473,0.00594295532538
3943,0.01072267083,-0.0123040295781,-0.00726430180704
3944,-0.000379768189604,-0.00646317280769,-0.0189002802453
3945,-0.00634815276014,0.00362676176668,0.0152076728591
3946,-0.00157938888021,-0.0105849979963,-0.0263442866483
3947,-0.00346795150171,0.00406923308165,0.00419877542173
3948,-0.00990973850816,0.00213146282007,0.00813973941567
3949,-0.00726434216797,0.00166633554456,0.0129113146915
3950,0.00202790694406,-0.00851708494568,-0.0152965891493
3951,-0.0108094883851,0.00606711361965,-0.00143376266524
3952,-0.00899376590634,0.00235649098064,-0.00424924245695
3953,-0.0137907741646,-0.00389166226144,-0.0108107158397
3954,0.00362286524592,-0.00892400173545,-0.0100332965975
3955,-0.00312916025975,-0.00251098141322,-0.0067059348866
3956,-0.00659229577601,0.00602719448859,0.011446670246
3957,8.10087198428e-05,-0.00342832653506,-0.00212247398685
3958,-0.0157342289651,-0.000918533534005,-0.00672963651195
3959,-0.0103428951354,-0.000407009128745,0.000294016986941
3960,-0.00292466062499,-0.00470188525048,-0.00270102109111
3961,-0.0151827796382,0.00235863236629,0.00523153863689
3962,0.00207410159187,-0.00623568692941,-0.00189655515371
3963,-0.0124085149723,0.00851740651371,0.0248768654318
3964,-0.00138816377065,-0.000828989133268,0.00288123101963
3965,0.00618721325099,-0.0109574234787,-0.0126951370419
3966,-0.00137137892132,-0.00150663852556,-0.00870528458713
3967,-0.00899103581535,-0.00497118917057,-0.0216618269964
3968,0.00309002905581,-0.00244124830284,0.0142545956906
3969,0.00272455074928,-0.00357552216251,-0.000304608931319
3970,-0.00873065907401,0.00421573527358,0.0158231706502
3971,-0.0120567256738,0.00724727469687,0.0159970461775
3972,-0.00618103018055,-0.00302837457956,-0.00851721322755
3973,-0.00910918126971,-0.00168529386853,-0.000364700114411
3974,0.000584720312491,-0.00321001447636,0.00353796274676
3975,-0.00371382724413,-0.00523644442673,-0.0098359602005
3976,-0.00336697220431,0.00398434953082,0.0142976258856
3977,-0.00224860435014,-0.00485154533135,-0.0123840037634
3978,-0.00897530290443,0.00389489803919,0.00856129712837
3979,-0.00664318535477,-0.00116132868475,-0.00146403246867
3980,0.00314072051432,-0.00401541506136,0.00668822843582
3981,-0.00623771266757,0.00391403254038,0.0116423146952
3982,-0.00624322042222,0.00213761344752,0.00919452958344
3983,-0.00549819649436,-0.000584328563629,0.00955564605936
3984,0.0116574813064,-0.00573540872933,-0.00309336875691
3985,-0.00505168168248,-0.00591199121201,-0.0112287735499
3986,-0.00406298943042,-0.000519681110182,-0.00270952902307
3987,-0.00116206042989,-0.00427717175365,-0.00804454694217
3988,-0.00377058091001,0.00115388170355,-0.00660700575441
3989,-0.0110632352213,0.00743113201419,0.017488045418
3990,-0.00705442437408,0.00236686683001,0.00727426035441
3991,-0.00523682665218,0.000385438765467,-0.00246943196534
3992,-0.0062368053475,-0.00186503648158,-0.00582449929841
3993,-0.00261256800234,-0.000314360166771,-0.0038291183976
3994,-0.00657278931813,0.00600835110042,0.0187000233018
3995,-0.00276829654109,-0.00288975425706,0.00310764913566
3996,0.000841016798039,-0.0072299865879,-0.00842863890625
3997,-0.00349539899996,-0.00216824972855,-0.000749900714068
3998,0.00314244611475,-0.00621235171326,-0.0115496239382
3999,-0.00304338180086,-0.00708561372183,-0.0242408711184
4000,-0.00395176153819,-0.00299014241594,-0.00633812281068
4001,-0.000888096524,-0.0033716727987,-0.0066490546928
4002,-0.00980397578412,0.00584265288347,0.00697793664574
4003,-0.00241908326504,-0.00669992189015,-0.0221230777651
4004,-0.00895586565257,-0.00142464105424,-0.00154792618158
4005,-0.00480293811062,-0.00308795458037,-0.00801241336741
4006,-0.0165095706306,0.014627639754,0.0215389206547
4007,-0.0014424131819,-0.00752872457717,-0.0131936268706
4008,-0.0105687101847,0.00547389317405,0.00665800272649
4009,-0.00965784960974,0.00195262891177,0.00363908739295
4010,0.00124723895444,-0.00391024964096,-0.00570050126885
4011,-0.00459743434112,0.000833151411698,-0.00020253306847
4012,0.00429852967046,-0.00480551773464,-0.00578577988939
4013,-0.00372421327178,-0.000959023057036,0.0147599578551
4014,-0.00878207039555,0.00333112497589,0.0106027087891
4015,-0.00662035180721,0.000203094561988,0.00135337944554
4016,-0.00940422833088,0.00457203656483,0.0125524266411
4017,-0.00489659608092,-0.000784270430929,6.55548424344e-06
4018,-0.00685127435525,-0.000222154052026,0.00394957476439
4019,-0.00125574929621,-0.00112534741496,0.00597140596896
4020,-0.00863287153625,-0.000119556958249,-0.00503631169788
4021,-0.0143249756844,0.00753408155862,0.0186703746152
4022,-0.00135448524263,-0.00710968696568,-0.00623480612517
4023,-0.00846885156261,-0.00568079993819,-0.00964569981684
4024,-0.0113767163193,0.000753963630164,0.00343802646973
4025,-0.0134014449056,0.00316345438763,0.00299647979232
4026,-0.00418544275411,0.00731512330717,0.0150168036011
4027,0.00374157834529,-0.00558905002625,-0.00833961324896
4028,-0.0163956221167,0.0117879288592,0.0227869481728
4029,0.000552730971558,-0.00874714049184,-0.0132503247459
4030,-0.0109402010084,0.0039768226581,0.0141113088692
4031,-0.00613002799034,-0.00302997126635,-0.000242035351674
4032,0.000255849988133,-0.00229667805269,0.000170715592481
4033,-0.00988916552158,-0.000236412164176,-0.0027023735005
4034,0.00520373953191,-0.00872177683425,0.000342215630492
4035,-0.00604055201117,0.00176901388186,0.00369320655761
4036,-0.00310131145445,-0.00278208929984,-0.00140301499877
4037,-0.00736187890979,0.00455704619741,0.0119978051332
4038,-4.53125116117e-05,-0.00538727473072,-0.0112144625943
4039,-0.00500561660755,0.00390206852366,0.0111357688322
4040,-0.010235320939,-0.00325735910168,-0.00750352953227
4041,0.000684912218354,-0.00156311930199,-0.000351615780541
4042,-0.00523777095051,-0.00295741912556,-7.99437484542e-05
4043,0.00179064919793,-0.00528199077901,-0.00488585603414
4044,-0.00301065072116,-0.0120513006818,-0.0317131109371
4045,-0.00455347781763,-0.000432347135224,0.000806133539193
4046,-0.00626224251732,0.00237423918716,0.0059947195812
4047,7.06683533576e-05,-0.00753504301271,-0.0079995349618
4048,-0.00247450162322,-0.00537930399281,0.00321727026094
4049,-0.0048002588115,0.00434660986777,0.0201273839067
4050,-0.0103852452984,0.00187155034528,0.00591426245689
4051,-0.00141963031644,-0.00421311840608,-0.00487285038536
4052,-0.0126114886164,-0.000267206414655,-0.00683730492791
4053,-0.0101147334625,0.00337915628386,0.00723195696481
4054,-0.00895229087772,-0.00173657367143,-0.0119829086406
4055,-0.00379958915007,-0.00397030318566,-0.0110392355764
4056,-0.00483176818589,-0.000475643728022,0.0123518828515
4057,-0.00791668181793,0.0004392139229,0.00270994605817
4058,-0.0021653603422,-0.00912990669426,-0.0134499865685
4059,-0.015550790455,0.00711085303086,0.00176862982797
4060,-0.00590443649527,0.00206171968459,0.00857738026556
4061,-0.0108686097476,0.00626089136896,0.0100598128791
4062,-0.00205258147086,-0.00581360823183,-0.00534790887168
4063,-0.012238899682,0.00910354300682,0.01935531903
4064,0.0011216492462,-0.0100411712479,-0.0119330084862
4065,-0.00152316640422,0.00199623365334,0.0180148478854
4066,-0.000945855912435,-0.00578658188683,-0.00689838843846
4067,-0.0109388385835,0.00740171798773,0.0184843119512
4068,0.000194454683762,-0.00444288054108,-0.00725959732889
4069,-0.0100101833499,0.00219293700589,-0.00142416055808
4070,0.00121859820794,-0.00794675833927,-0.00480511639052
4071,-0.0068427870922,-0.00312425752226,0.000718420435337
4072,-0.00495270601478,0.000925083942342,0.00474869348063
4073,-0.00330696534547,-0.00110724825725,-0.00603858391574
4074,0.00326368322587,-0.00584894832191,-0.000145297185368
4075,-0.00638273772911,-0.00179480367574,-0.0125646571207
4076,-0.00592744862981,0.00350372876207,0.00827265820558
4077,-0.000456465406026,-0.00911865578562,-0.0288255196668
4078,-0.0107136272373,0.00359553840535,0.0106339175493
4079,0.00174426199523,-0.0115992474278,-0.0165857130084
4080,-0.00578371702535,0.000978520340405,0.01113612864
4081,-0.00241470921872,-0.00810296045804,-0.0157158202964
4082,-0.00960855418885,0.00857764471463,0.0158861920779
4083,-0.0119800682669,0.00943469082329,0.0186167222745
4084,-0.0134978874843,0.00138885619139,0.00371638967242
4085,-0.00551729107936,-0.00872504165901,-0.017749541383
4086,-0.00573787556389,-0.00518119537562,-0.000130016545776
4087,-0.0104968961474,-0.00101033924358,0.000609856641121
4088,-0.00726898117247,-0.00187603528079,0.00768090378035
4089,-0.00199250352304,-0.0004551839483,0.00598634653278
4090,-0.00286136838807,-0.00286172800669,-0.00192075760057
4091,-0.0072767439785,-0.00415884012757,-0.0105669095379
4092,-0.00113224676396,-0.00777663097042,-0.0106493541593
4093,-0.00228127655988,0.000585438605066,0.015681450392
4094,-0.0082422255215,0.00389739121074,0.00903168649946
4095,-0.000711988830512,-0.00502278545749,-0.00589869423326
4096,-0.0124242115852,0.0026256784133,0.0201027574263
4097,-0.00883311421027,0.00670713836554,0.00627856213402
4098,-0.00169527297512,-0.00438564163651,-0.0057560763207
4099,-0.00725618308411,-0.00133776894334,-0.00263015141306
4100,-0.00781252950049,0.00580342142793,0.0142136425913
4101,-0.00104042373171,-0.0100585416856,-0.0212561621255
4102,-0.0102029599523,0.00383857758242,0.0109194731395
4103,-0.00610086288025,-0.00370955239822,-0.0125915052771
4104,-0.00645064875945,-0.00764090062836,-0.0198927403958
4105,-0.0137107432717,0.00672469606653,0.0137060709431
4106,-0.0075055133517,0.00242209639436,0.0036252814951
4107,0.00218227303749,-0.0115853251515,-0.0168292329269
4108,-0.00277048279461,0.000470068452973,-0.00409550179696
4109,-0.00306288866067,-0.00258591712548,-0.00578776671038
4110,-0.00502545357656,0.000283167125215,0.00107409317976
4111,-0.00341297238849,-0.00434885588359,-0.00742255490897
4112,-0.00320113228564,-0.00258238338241,-0.00473113306559
4113,-0.00124816572566,-0.00374657853951,-0.00913038588398
4114,-0.0026973046035,-0.00153867129526,0.00248247855165
4115,-0.00521064885898,0.000169673714386,0.00207663221878
4116,-0.00271605264526,-0.00556111445332,-0.0120514971091
4117,-0.00268559647455,-0.0043340891148,-0.0147197708454
4118,-0.00986093194979,-0.000468551734718,-0.00286882882733
4119,-0.00397080919104,-0.00141070386321,-0.000577991564018
4120,-0.00296775184014,-0.000209688128257,0.000600992662914
4121,-0.00618471506568,-0.000634119260098,-0.00360565777273
4122,-0.00373580912079,0.00116226774814,0.0061741589316
4123,-0.0023182072869,-0.00892045813532,-0.0174508876326
4124,-0.000896810466479,0.00245888790292,0.000488270534311
4125,-0.00569850015661,-0.00329782131293,-0.00130360042801
4126,-0.00711613374786,0.00335292074711,0.0122081055496
4127,-0.00718147757487,-0.00356711211635,-0.00713305163932
4128,-0.00775921051454,0.00281978023485,0.0136007834314
4129,-0.0106610257076,-0.00573620051001,-0.0216546626401
4130,-0.00145315525388,-0.00185312681514,-0.00724933397737
4131,-0.00136423280995,-5.54942342484e-05,0.00274856317827
4132,-0.00171059806504,-0.00413181750298,-0.0115139410929
4133,0.00125590032264,-0.00283128165824,0.000272429282039
4134,-8.3799735251e-07,0.00223752386327,0.0169776429674
4135,-0.00553942985561,0.00234910372313,0.00351398217649
4136,-0.0126131570373,0.00588610482572,0.0117081471154
4137,-0.0105100414558,0.00534048458399,0.00939862245868
4138,-0.00677732732875,0.00431030936982,0.0147770907202
4139,-0.00457674864739,-0.00428799700356,-0.00653100918478
4140,-0.0062051626785,-0.000248312707978,-0.00380240940628
4141,-0.0068408441621,0.00522234570142,0.00908309271384
4142,-0.00684095887747,-0.000995153173744,0.0038983861327
4143,0.000267825558573,-0.00812125041345,-0.0077926855596
4144,-0.00732522640162,-0.000631832723735,-0.0114125269546
4145,0.00310631431345,-0.00832692059026,-0.0192070920723
4146,0.000679349109414,-0.00437902234341,-0.0158734658659
4147,-0.00360840885599,0.000167823755781,-0.00266782647862
4148,-0.00612657996197,-0.00660175580581,-0.0084610662792
4149,-0.0124994957871,0.00224981189981,0.00417138734272
4150,-0.0133764911826,0.00714839747951,0.0158121493417
4151,0.00443927409516,-0.010802179907,-0.0156091278387
4152,-0.0047975664721,-0.00507682899028,-0.0117909161314
4153,-0.00721715274219,0.000296132784629,-0.00701037205523
4154,-0.000920213766814,-0.000970084621205,0.00767965955948
4155,-0.00290066669403,-0.00427193557402,0.00297756946453
4156,0.00644604644042,-0.00476731938742,0.00269274028363
4157,-0.00268606450251,-0.000311373130942,-0.00043972138704
4158,-0.00149171533033,-0.00488617099697,-0.00660231916679
4159,-0.0114447207852,0.00438319260503,0.0177369620917
4160,-0.00473296445278,0.000244297800614,0.0106357258781
4161,-0.0124956383526,0.00480709828797,0.00497946889839
4162,-0.00939287139189,0.00404591663418,0.00202403824793
4163,-0.00194912270136,0.000957049828566,0.00300392094203
4164,-0.000798398882139,-0.00891872884142,-0.0164516531736
4165,-0.00671901295305,0.0011492641633,0.00914196774248
4166,-0.00652070900658,0.00251920906158,0.00991545508757
4167,0.00303472203674,-0.013059689827,-0.0189578522268
4168,-0.00807495373195,0.00016789912763,0.0017827705674
4169,0.000776739832893,-0.00849768577282,-0.0105004667015
4170,-0.0128825100038,0.00512722822854,-0.000596845247586
4171,0.000911771256304,-0.00403782628265,-0.0124371349386
4172,-0.000272399502103,-0.00457126261252,-0.00666936170016
4173,0.00119034236432,-0.00755932034865,-0.00879522837214
4174,-0.0146314027919,0.00105702346287,-0.001410704303
4175,-0.00455096364207,0.00810506101615,0.0144210518866
4176,-0.00655723979578,0.00215767396267,0.00473865310813
4177,-0.0127425295867,0.0013969482681,0.00654306300926
4178,-0.00702418632353,-0.000891688674484,0.00325592085671
4179,-0.00679368900406,0.00236064077629,0.0117077599147
4180,-0.0110739626948,0.00860271525395,0.012456826329
4181,-0.00873088083037,-0.00269604974105,-0.00271047488429
4182,0.000325089781171,-0.00458192245483,-0.0107096591289
4183,-0.00517084788234,-0.000477591756665,-0.000317960554667
4184,-0.0127117388472,0.0058565315327,0.0118262068475
4185,-0.00356565272193,-0.00390943998976,-0.00837749511829
4186,-0.00193206964823,-0.00623790364029,-0.00881869168001
4187,-0.0158408375468,0.00486494455321,0.00396213599002
4188,-0.0104384864897,0.000675399454462,0.0033103439368
4189,-0.0069180434392,0.00103073152791,0.012499460391
4190,-0.00608723608662,0.00110520471237,0.00088401136333
4191,-0.010107952771,4.13079625767e-05,0.001024096537
4192,-0.00338062011801,-0.00378512093884,-0.0155681115728
4193,-0.0114046633247,0.00630242228233,0.0114636399338
4194,-0.00458480918105,0.00717704950015,0.0200804385165
4195,-0.00810679505341,-4.28963530157e-05,-0.00395011237747
4196,-0.00443808848966,0.000109407641709,0.0118313173821
4197,-0.00818786030916,0.00190839955695,0.00764130083871
4198,-0.00656248654848,0.00155591520657,0.00722023635635
4199,-0.00655394137492,-0.000523958437414,0.00788638098998
4200,-0.00819159799488,-0.00315827719855,-0.017919399774
4201,-0.00634749624491,0.000611374014076,0.00174400473007
4202,-0.003186266242,0.00141086863609,0.00846592191949
4203,-0.0104389498448,0.00569445530399,0.0146756485135
4204,-0.00146811053065,0.000537370670928,0.00445785120832
4205,-0.00367647555313,0.00175680245182,0.00459292673577
4206,-0.0034736970114,0.000475069283803,0.0127590043638
4207,-0.00150473016879,-0.00650410917748,-0.00614040300701
4208,-0.00677514579076,-0.00538904506465,-0.00821816394435
4209,-0.00113431552766,-0.00518586273642,-0.00720878402052
4210,-0.0026556159315,0.00338540844473,0.0084278895158
4211,-0.0103702329403,0.00375901600277,0.00146671713396
4212,-0.00377059535968,0.00303778927875,0.0133923484635
4213,0.00049611100261,-0.00877442536432,-0.0248743244699
4214,-0.00345710509498,-0.000908939931036,-0.00678359473578
4215,-0.010335363763,-0.00175336955854,0.00562933620585
4216,-0.00264500796948,-0.00077820252224,0.00462151541929
4217,-0.00467478192319,-0.00773263888705,-0.011136836601
4218,-0.0107815418593,0.00167151056286,0.000796714153214
4219,-0.0084379912243,0.00443239072274,0.0130194821359
4220,-0.00279491351523,-0.00291718649775,0.00736680800677
4221,0.00182974537142,0.0026138092379,0.00768005565603
4222,-0.0120208352013,0.0015898247744,-0.00920985946092
4223,-0.00611024834714,-0.00247258526118,0.00651665182885
4224,0.00163946637788,-0.00592318904552,0.0109380059925
4225,-0.002105359039,-0.00663939226927,-0.0103182015621
4226,-0.00241341903429,-0.00278112767935,-0.00775122127431
4227,-0.0142100626113,0.00404633963405,-0.00885179861875
4228,-0.00467209893886,-6.83105651617e-05,-0.00491051911456
4229,-0.00441464250484,-0.00180405171117,0.00294777601844
4230,-0.0111235966772,-0.00583772784089,-0.00957750723323
4231,0.000118313163366,-0.00894153177451,-0.0084704322493
4232,-0.00365105660704,-0.00238451903849,0.000762477402154
4233,-0.00470110886225,0.00166333436545,0.0026776702223
4234,-0.00414842482505,0.00320440389126,0.00470245603464
4235,-0.0112278025881,0.00219618757422,0.0041781912082
4236,0.00191246011532,-0.00459845429098,-0.00705941069188
4237,-0.00752871280524,-0.000285211200552,0.00366514624488
4238,-0.0015894757375,-0.00323465978508,-0.00782310449526
4239,0.00147285574311,-0.00833689033866,-0.0123345095686
4240,0.000496847190312,-0.00553403686081,-0.0149043921445
4241,0.00072338227133,-0.00277966785194,-0.00629468538701
4242,-0.0063246376854,-0.00494496325221,-0.0177980782217
4243,-0.00484123091803,-0.00536125242402,-0.0156470522839
4244,-0.00958104690117,0.00915919083845,0.015298942858
4245,-0.00468284165457,0.0021276763739,0.0122290760598
4246,-0.00801832396327,0.00557793793921,0.0145550992118
4247,-0.00511107995794,0.00128398950493,0.00379325326787
4248,-0.00739372266879,-0.000727662488662,-0.000119792162794
4249,-0.00610332742683,-0.00325539616468,-0.00675103682295
4250,-0.00477176193693,-0.0013702241196,-0.000902885030815
4251,-0.00297480779312,-0.00412903346689,-0.00646795339279
4252,-0.0103255838875,0.00488774616782,0.0137714263902
4253,0.000125206567558,-0.00333351993862,-0.000510749844478
4254,-0.00477471547399,-0.00194611771596,-0.00249060203298
4255,0.00229026307991,-0.00390094105968,0.00460222409167
4256,-0.00767740275037,0.00481171495618,0.0130371870608
4257,-0.0110000447948,-0.000927047368513,-0.00071391884922
4258,-0.00251110218388,-0.0141860593927,-0.0209722773638
4259,0.00589694866245,-0.00942766163173,-0.0147145793527
4260,-0.0129249544339,0.00404136785591,0.00153394772515
4261,-0.0134707731164,0.00738472303111,0.0203934047108
4262,-0.00256438705009,-0.00539681491322,-0.000355772688543
4263,-0.000117526688408,-0.00146705428146,0.00768102836354
4264,-0.0075601971645,-0.00277474303872,-0.00265619945093
4265,-0.0061080495916,0.00135648547528,0.0167264925976
4266,0.00193080083838,-0.00801783292328,-0.0164759609867
4267,-0.00332192515271,-0.000855473872433,-0.00638027237418
4268,-0.00749171317436,-0.000467920256345,0.00773005336493
4269,-0.00170031738747,-0.00228078723708,0.000626226662239
4270,0.000454622087714,-0.00606555474307,-0.00288662797445
4271,0.0016268158041,-0.0107905935755,-0.0227091678867
4272,0.00105145337629,-0.00476207299587,-0.00384329132332
4273,-0.00413385377511,-0.00545580797017,-0.00506693573746
4274,-0.00109348714293,-0.00377498313209,-0.00777037692831
4275,-0.00382719083346,0.00155099050873,0.00462357799411
4276,-0.00363005009035,0.00208043825998,0.0169778933081
4277,-0.0111068124827,0.00402390205521,0.00739332804189
4278,-0.0123473032996,0.00470342943026,0.00445147785431
4279,-0.0061766226107,0.00310636605155,0.012272905849
4280,-0.000966009040452,-0.000716771879309,-0.000109901849728
4281,-0.00178481183004,-0.00314294972257,-0.00151777221283
4282,-0.00158560520883,-0.00357153638666,-0.000272940752471
4283,-0.00999342557089,0.00415703241501,0.0122937443225
4284,0.00316824753188,-0.00663850374349,-0.0151218271118
4285,-0.00730896508532,0.00274352385021,-0.00285036956958
4286,-0.00450017670889,0.00436410034445,0.0132691732361
4287,-0.0103283228879,0.00437438054463,0.0105593984901
4288,-0.00749490673767,-0.000239220093608,-0.00417879893081
4289,-0.0117529360334,0.00835830441968,0.025389847314
4290,-0.00573754992781,-0.00244063247862,0.00393188096741
4291,-0.00374258610878,-0.00759649907765,-0.0122224645093
4292,-0.00445881038437,0.00123566257547,0.00254325421733
4293,-0.0125896624203,0.0106346682991,0.0211595728129
4294,-0.0088368811145,0.00114338432459,-0.00163313783747
4295,-0.00796670728961,0.00339629974983,0.011976372567
4296,-0.00613683928345,-0.00210939999028,-0.00534419547856
4297,-0.00249792994966,-0.00290643091707,0.00203401694671
4298,-0.0159766993903,0.00188731660436,0.00738859138771
4299,-0.00922628369726,-0.00104557212633,-0.00767126888473
4300,-0.0100010263548,0.000703877415149,0.0101472986119
4301,-0.00465834226407,0.00233198120733,0.0111178902007
4302,0.00238324503406,0.00120730512633,0.00861739075834
4303,-0.000791098267796,0.00108602097161,-0.00626835023365
4304,-0.00359884737431,-0.00251010829866,-0.00660297847265
4305,-0.0029403765275,-0.00599550470905,-0.00182132476341
4306,-0.00698002825064,0.00211248869869,0.00816715929185
4307,-0.000596661828425,-0.00110259591315,0.00375679336236
4308,-0.00483345491864,0.00158054421747,0.0105884929935
4309,-0.00111003720702,-0.00748670688068,-0.0260541653546
4310,-0.00485652956806,0.000262120746188,0.0140993784019
4311,-0.0109510120424,0.00617548648678,0.00517966105045
4312,-0.00639187576007,-0.000197893509605,0.0108330909273
4313,-0.00683098665149,-0.00500208409927,-0.0180134480126
4314,0.00463215649888,-0.00815822986524,-0.010605195668
4315,-0.0108066478048,0.00880778103929,0.02261982586
4316,-0.0120623399847,0.0064100527764,0.00888870786704
4317,-0.00310219877815,-0.000828814772524,0.000875998673677
4318,-0.00667863021524,0.00546196717402,0.0114359655591
4319,-0.00372575828986,-0.00145805615923,-0.00778794740943
4320,-0.00607297673914,-0.00133810761904,0.00130285772245
4321,-0.00155164474136,-0.00304888754461,0.00269593251317
4322,-0.0128562863949,-0.0013859665285,0.00244978885144
4323,-0.00486568992361,0.00252451156905,0.0133662218044
4324,-0.0129971819034,0.00198940733509,0.00415411301455
4325,-0.00290582530577,0.00231441021602,0.0104416073886
4326,-0.00453777839727,-0.00818797321303,-0.0243499150094
4327,0.00237118482025,-0.00442694328371,-0.00260707177687
4328,-0.0121451706978,0.00268375735651,-0.00370241453356
4329,-0.00720612518316,0.00264577293848,0.00740193111873
4330,-0.00640588142172,-0.0021766215212,-0.00424723872954
4331,-0.0115417714228,0.00754538108794,0.0217290291561
4332,-0.0072235066768,0.00164236885936,0.00560926623731
4333,-0.00244551573049,-0.00914258441628,-0.0139438616461
4334,-0.011779471682,-0.00236814800069,-0.00443266087946
4335,-0.00204795225302,-0.00332084191138,-0.0116176586551
4336,-0.00887913879894,-0.0033293839517,-0.00287530682187
4337,-0.00562973964711,-0.0024947625626,0.00206434894686
4338,0.0068894336285,-0.0114441861457,-0.0163451177723
4339,-0.00657245471747,0.0036191364655,0.00899507821858
4340,-0.00205763561873,0.00417018679743,0.00519688950123
4341,4.87415983972e-05,-0.00451865467478,-0.0123310860303
4342,-0.010866826045,0.00499571943584,0.00347633054065
4343,-0.0177113202847,0.00804668818167,0.0142459623863
4344,-0.00908681781076,0.00734040322771,0.0172792116067
4345,-0.00798548281971,-0.00120190153145,-0.0104520349571
4346,-0.0132214298084,0.00149186687195,-0.000885085523647
4347,-0.00745721530985,0.000106891157526,-0.0072426773602
4348,-0.00243290989109,0.000707505097734,0.00642723059078
4349,-0.00802814323388,-0.00296907067925,-0.00469013874306
4350,-0.00168967870493,-0.00641393465229,-0.010560555409
4351,-0.00344203846979,-0.00280693763489,-0.00808417560904
4352,-0.00861564966306,-0.000454196758681,-0.00489239919518
4353,0.000684052889532,-0.00900816038575,-0.0168121701189
4354,-0.00810630268418,0.00638524106484,0.0166096977686
4355,-0.0101972492343,0.00639213687212,0.00466160292233
4356,-0.00717894169667,0.00524022446795,0.00542926998124
4357,-0.00497598894808,-0.00441047677736,-0.0213582115312
4358,0.00344755272684,-0.00826966140181,-0.00560271115824
4359,-0.000247980728976,-0.00147852887091,0.00221222864811
4360,0.00352090175808,-0.00483192898746,-0.00152856365357
4361,-0.00307392098591,-0.00366428637912,-0.00427526900344
4362,0.00270944054506,-0.00796314427777,-0.0109255493339
4363,-0.00234897555086,-0.00197386178858,-0.00219315566675
4364,0.000393747211545,-0.00588929955328,-0.0121448489296
4365,-0.00153263879817,-0.00235375712974,-0.00892053151592
4366,-0.00122435147489,0.000726091339035,-0.00121582021353
4367,-0.00919278039482,0.00370917580156,0.00893251477748
4368,-0.00675346844,0.00290198511599,0.00306591816462
4369,0.000959615752207,-0.00524918093285,-0.00883627875084
4370,-0.00886036245805,0.0039313795934,0.00936236837058
4371,-0.00597495525465,0.00079959874275,0.00379998207551
4372,-0.00401712957648,-0.00153277172177,0.000780801136378
4373,8.75892377512e-05,-0.0112834060674,-0.0202481989537
4374,-0.00211364823068,-0.00171070172908,0.00757136405406
4375,-0.0106077552127,0.00431522194886,0.00383252160449
4376,0.000306625864888,-0.00839298389332,-0.00887188740631
4377,0.00246712447914,-0.00489472463915,-0.0114031025344
4378,-0.00501065742632,-0.00443630891353,-0.00144985640397
4379,-0.0102539672948,0.00534200978646,0.0120326917536
4380,0.00254201449788,-0.0120738378912,-0.0270340164235
4381,-0.0034695230155,-0.00521582554137,-0.0122471734124
4382,-0.000100467365985,-0.0107659850675,-0.0124730637616
4383,-0.00920323290171,0.00405072740795,0.00238922018804
4384,-0.000332513025794,-0.00322847144267,-0.0101603638
4385,0.00112735498444,-0.00545679260229,-0.00504149524834
4386,0.000284702503007,-0.0046665253229,-0.0219998508048
4387,-0.00237550219407,-0.00415574298153,0.00516477442073
4388,-0.00342171715861,-0.00292671574661,-0.00150145736402
4389,-0.00156977499444,-0.00499392956316,-0.0068349034476
4390,-0.00115586568946,-0.00678920754046,-0.0160276438005
4391,-0.00700707124373,0.00202908047466,0.00812871671612
4392,-0.00224953489159,0.000376195239425,0.0146023581474
4393,-0.00470738761765,-9.02499773788e-05,0.00305244264087
4394,0.00511577705017,-0.00539643407121,-0.00768504281927
4395,-0.00189296605204,0.000558001049748,0.00377083720496
4396,0.00419469954052,-0.00866372217897,-0.00871390813963
4397,-0.00444454750072,-0.00735793738004,-0.0138753867108
4398,-0.0110045124227,0.00572559797181,0.00557798558474
4399,0.00092416677256,-0.00731305397253,-0.0173255680992
4400,-0.00393967522307,-0.000573330049501,-0.000974676398556
4401,-0.0192539208844,0.00890016329621,0.0130541892709
4402,-0.00578900137621,0.00123690062849,0.00997720440374
4403,-0.0122399378694,0.00394498292604,0.00153678806833
4404,-0.0135801888292,0.00686095216138,0.0178363544685
4405,-0.00674935235191,-0.00198158146315,-0.00509764909814
4406,-0.0182453415847,0.00827803463608,0.0170276398836
4407,-0.00286464544099,-0.00734356624267,-0.0057652031441
4408,-0.00266715686044,-0.00328993443575,0.000278026175126
4409,-0.003973962485,0.00517054321734,0.0095407930592
4410,-0.0102944861969,0.00176452313119,0.0065214580479
4411,0.0014157959799,-0.006001900216,0.00735538222009
4412,-0.000774923897267,-0.00225665575565,0.00845350223424
4413,-0.00700604867341,0.00535632039284,0.0118798317111
4414,-0.00461704389028,-0.00304929393003,-0.0132767177959
4415,-0.00670098960222,-0.000711467883816,-0.0134850510203
4416,-0.00446171169955,0.00101633394928,0.000651962156998
4417,0.00705446067358,-0.00650952494846,-0.00193073308093
4418,-0.00927491664966,-0.00117410440961,0.00531775928735
4419,0.0038273250185,-0.00822868640804,-0.0194656943136
4420,0.000827733093644,-0.00372939644332,0.00203783006404
4421,-0.00814354809256,0.00360159283304,0.00709529160646
4422,-0.00269484655102,0.0014109079089,0.00311749236064
4423,-0.00676863534384,-0.00129644076936,0.000545027939008
4424,-0.0142687454806,0.00762568879531,0.0131959416167
4425,-7.64114950964e-05,-0.00680582985828,-0.0151343432781
4426,0.00609283226446,-0.006412071289,-0.00179366879472
4427,-0.00561272468388,0.000704021667241,0.00350771268427
4428,-0.00805452465226,-0.00287355220678,-0.0126900494183
4429,-0.0105905482749,0.00651196855892,0.00921064560598
4430,-0.0107866296581,0.00149740712675,0.0044770600746
4431,-0.00143250650857,-0.00212389556772,-0.00500910261347
4432,-0.00582940569627,0.00164450464856,0.010159748914
4433,-0.00161249374631,-0.00494334176802,-0.00516436117676
4434,0.000860267267907,-0.00728624759702,-0.00745034472104
4435,-0.00597699329151,-0.00187536752895,0.00618034108767
4436,-0.0036717735366,-0.00534485143942,-0.00964198074823
4437,-0.0137057146558,-0.000345801641493,0.00411902227814
4438,-0.00746837304185,0.00351893929608,0.00197183866619
4439,-0.00281355534931,0.00011180092495,0.000720614071258
4440,-0.00273484577052,-0.00620730231523,-0.0221182588179
4441,-0.000935347709932,-0.00452276941599,-0.0040693255241
4442,-0.00226640075357,-0.00649415625788,-0.00524681007158
4443,-0.00994971395407,0.00512766798124,0.016343270237
4444,-0.00387139340372,-0.00655336718434,-0.00862188048777
4445,-0.00736877684942,-0.00414346890782,-0.00426331698586
4446,-0.00537849639212,-0.00468738864438,-0.00699307516196
4447,0.00157254285958,-0.00717180729378,-0.0121701450843
4448,-0.00488109575891,0.00245749923436,0.0136123672532
4449,0.00333507383515,-0.00635868708273,-0.0121327599442
4450,-0.00856340834298,0.00124203341207,0.00403725551569
4451,-0.0048437229334,0.00653733476776,0.0229716523004
4452,-0.00853835406147,0.00560300094233,0.0153120414184
4453,-0.00882808366775,-0.00291452478837,-0.0109818800754
4454,-0.0100043669905,0.012052376404,0.0229270873136
4455,-0.0119728169754,0.00669941399932,0.00629636314537
4456,-0.00459418648378,0.00487963701131,0.00357894796677
4457,0.00179489743135,-0.0124608252583,-0.0239938306932
4458,-0.00263786395815,-0.00584028729107,-0.0113318798942
4459,-0.00339096662399,-0.00118704497744,0.0137637012747
4460,0.00576770174958,-0.00769596499182,0.00336369003235
4461,-0.00537753574869,0.00550216216316,0.00226335525573
4462,-0.010850784809,0.00469486070119,0.00347319060581
4463,-0.00613608776873,0.000816080641074,0.000944403602887
4464,-0.00034727704198,0.000141724604156,0.0043499658865
4465,0.00241214115611,-0.0110020981595,-0.0235183875681
4466,-0.0117556814203,0.00423851427493,0.00750678178474
4467,-0.0053664263292,0.000177278079585,-0.00374089711007
4468,-0.0104630494564,0.00369822884995,0.0147809691468
4469,-0.00283686039867,-0.00130717406477,-0.00528330525471
4470,-0.0061871030244,-0.00259328264291,-0.00153502641318
4471,-0.00845105736252,-0.000598364308795,0.0140468359959
4472,-0.00762294206596,-0.0070289908077,-0.00900896922444
4473,-0.018668396474,0.00691919616964,0.00687032342243
4474,-0.00984852994169,0.00743493608795,0.010493605566
4475,-0.00253591893555,0.000535610926946,-0.00534471535409
4476,-0.00677683899318,0.00180773008781,0.00501877756524
4477,-0.00341554763765,-0.00890154712325,-0.0305260006106
4478,-0.00659243116844,0.0022287728158,0.00220738416559
4479,0.00532979302913,-0.00364092377337,0.00209168980535
4480,-0.00604652233323,-0.0027769887014,0.00781557992941
4481,-0.00656019775484,0.00237711852211,0.00269513552095
4482,-0.00527561464926,0.00316253203859,0.0115359133147
4483,-0.00176740695317,-0.000409428094001,0.011694853105
4484,-0.0076333190575,-0.00216571516144,0.00481200808085
4485,-0.00983767300278,0.00246395417774,-0.00681463378473
4486,0.00179189595586,-0.0120030033403,-0.0217243221807
4487,-0.0141545573555,0.00523596420665,0.017480224713
4488,0.00154427167204,-0.00364553049927,-0.00306454410495
4489,-0.00691702726899,0.00392645093413,0.00962628314225
4490,-0.00271946252221,0.00429609781603,0.0128344875518
4491,-0.0178909476725,0.0141615022896,0.0253605837876
4492,-0.00512682520363,-0.000210698503319,-0.00959423055244
4493,-0.00289860446864,0.00289274749419,0.0113744267337
4494,-0.00194072052667,-0.00344247590815,-0.00622076899657
4495,-0.00923238150975,0.00643208502244,0.00715612135767
4496,-0.000456751779591,-0.00197183318861,0.00439196783767
4497,-0.0062318316955,0.00137019659101,-0.00430013799921
4498,-0.00247966585298,0.00227092977759,0.0164764650439
4499,-0.00120635699733,-0.00295149928699,-0.00302884243509
4500,0.00624822194574,-0.00684633184975,-0.00287588212179
4501,-0.00487897471807,0.00601984784191,0.0194324516909
4502,0.00405931181621,-0.00405094778899,-0.0134215217267
4503,-0.00293725524397,-0.0032466933463,-0.000726540357467
4504,-0.0013806246652,-0.00177306933633,0.00323944948253
4505,-0.00339130426271,0.00408044242934,0.0167212264491
4506,-0.00337856284335,-0.000949779905491,-0.00330377916375
4507,-0.00205147243448,-0.00581772837533,-0.0043448013721
4508,-0.0040468136543,-0.0086897855961,-0.0267271415842
4509,0.00270043212251,0.00404193832849,0.0169893520893
4510,-0.00587401697643,-0.00676244118115,-0.0119425448063
4511,-0.00802671072978,-0.00218468221887,-0.00198246926282
4512,-0.00338830948584,0.000311829114029,0.000891782077866
4513,-0.0011796375456,-0.00552148712551,-0.00393573892084
4514,-0.0123617081071,0.00516016259856,0.00790158186351
4515,-0.0036118556606,-0.00556219463655,-0.0132308252924
4516,0.00353698151681,-0.00392861200964,-0.00283616889956
4517,-0.00675516819291,-0.00169182332132,0.00955971413026
4518,-0.00636697057029,-0.000406776433252,0.00382025034719
4519,-0.00340360010831,-0.00530853481976,-0.0135620605243
4520,-0.00306327680776,-0.000563692520297,-2.81421794944e-05
4521,0.00452544684511,-0.00669156508552,-0.0115016076029
4522,-0.00629769417538,0.00145278034059,0.00684999023967
4523,-0.0133460361881,0.00242909107738,-0.00182645997394
4524,-0.00326967503199,-0.000608030701981,0.0108304702075
4525,-0.012147514736,0.00742083898178,0.00815319859735
4526,-0.00520457509244,-0.00256254540692,0.00396876440469
4527,-0.00155317058423,-0.00187032914167,0.0139653103235
4528,-0.0137886527992,0.00104051289615,0.00158444906945
4529,-0.00767834771813,-8.20415910006e-05,-0.000340575283578
4530,-0.0177072297867,0.011136170213,0.0159392678353
4531,-0.00175952433008,-0.00380575640356,-0.0123058439898
4532,-0.0106452927499,0.00799577258622,0.0107951707546
4533,-0.00690551688484,0.00451260305715,0.0159484836972
4534,0.000368623623363,-0.00297148150173,0.00575790418846
4535,-0.0118145041174,-0.00125911991788,0.000674062758211
4536,-0.00496655565184,0.00088484160733,0.00776064924223
4537,-0.00466380124013,0.003258589606,0.00746117283205
4538,-0.00655035202291,-0.00498746138837,-0.00732072679684
4539,-0.00307056960004,-0.0020698104668,0.00991611073427
4540,-0.00140024272557,0.00366581991346,0.00804266867493
4541,-0.00859428469942,0.00138681207821,-0.000548237393005
4542,-0.00364392576207,-0.00445587133472,0.000627383488307
4543,-0.00861723728664,0.00590486032848,0.00848164877346
4544,-0.0036708498499,-0.0055384643696,-0.0118028232595
4545,-0.00300554857235,0.000502614730514,0.0136157648136
4546,0.00590597861314,-0.00916163640969,-0.0104234242638
4547,-0.00539817894189,-0.000916916062908,0.00496818510697
4548,-0.00544368996601,0.00190133499685,0.00156560611254
4549,-0.00172320439889,-0.00589650902146,-0.0032227866118
4550,-0.000545899316591,-0.00338387391178,-0.00900407842349
4551,-0.00775991818327,-0.00422699084528,-0.00450220962376
4552,-0.00747267508504,0.00475927723078,0.0209502161194
4553,-0.00981526585109,0.00629703527641,0.00708267308104
4554,-0.0186639635195,0.0144970728266,0.0270959189442
4555,-0.0140590126211,0.00425745668981,0.0166111308512
4556,-0.00349513477561,-0.00453256639586,-0.00352077042831
4557,-0.00173707185634,-0.00217822429645,0.00415735578554
4558,-0.00947183232338,0.00595301886373,0.0155754560091
4559,0.00459597085542,-0.0104670880762,-0.010380293376
4560,-0.00929958552224,0.00204428513139,0.00940872033802
4561,-0.0012309941054,-0.00040207297035,0.00329833490762
4562,-0.00929053710832,0.00170011367104,-0.00297308976458
4563,-0.00485993563175,-0.00214276026631,0.00286346483871
4564,0.000879014375427,-0.00569435170133,-0.00562773668144
4565,-0.00376275854678,-0.0049727297891,-0.00754987256614
4566,-0.00525407344284,-0.000627582480958,0.000456809403901
4567,-0.0150658440206,0.010154668124,0.0161843543315
4568,-0.00408284864241,-0.00241045421593,-0.00625348640982
4569,-0.00358969064123,-0.00138689716106,-0.010728840852
4570,0.00351508382939,-0.000309692047906,0.00791787639553
4571,-0.000879895155825,-0.00757822702401,-0.000826961654018
4572,-0.00511886819213,-0.00697097103214,-0.00741307487792
4573,-0.0030324027586,-0.00125556152397,0.00820447078918
4574,0.00196541179727,-0.00360750283597,-0.00476871283268
4575,-0.0128300774263,0.00705371688061,0.0177965898269
4576,-0.00696132286428,0.00455781219145,0.0122492795993
4577,-0.00528628186056,-0.00154571374828,-0.00414459029621
4578,-0.00124283946216,-0.00724170224476,-0.0098268309403
4579,-0.00651028759038,-0.000630268362407,-0.00201464207962
4580,-0.00386148483363,-0.000197414028075,0.00587722518976
4581,0.00644641766543,-0.0117194105056,-0.018984914124
4582,-0.00717774012151,0.00150639605087,-0.00630090712685
4583,-0.0115212052619,0.00432130775829,0.00706845165716
4584,-0.00543068806558,-0.00290589315726,-0.00117326222228
4585,0.0041275929367,-0.00887880604106,-0.0157017894758
4586,-0.0104147580943,0.00188957545087,0.00755972049357
4587,-0.00715014159198,0.00634447889464,0.0164594511775
4588,-0.00091965272663,0.00384311832713,0.012653565051
4589,-0.0111928664778,0.00496413022731,0.000487241843172
4590,0.00211109278442,-0.00867187383156,-0.00238307082739
4591,-0.00152548476616,-0.000692225790838,0.00162380518176
4592,-0.0074555511851,0.00748119782963,0.0107054590656
4593,-0.00254030829489,-0.0040509822788,-0.00620861979331
4594,-0.00702955382165,-0.00247081754216,-0.00924778702357
4595,-0.00922314430979,0.00179741200314,0.00824126330908
4596,-0.00437878047866,-0.000296210222266,0.00470872009427
4597,0.00218708640369,-0.00821311139235,-0.00793083015462
4598,-0.0048018372309,-0.00655615833455,-0.0112057493562
4599,-0.00757809000542,-0.00188582127883,-0.00405479370173
4600,-0.00592320473627,-0.00205548681843,-0.00446817777588
4601,-0.00333468311326,-0.0011692604792,0.00677608545099
4602,-0.00481497739837,-0.00387722488024,-0.00675955438236
4603,-0.00327012124881,0.00147267709575,0.00541952244717
4604,-0.00530210067471,0.00102853986336,0.00308274391376
4605,-0.000888240787021,-0.00718265645571,-0.0132392819869
4606,-0.00233495614435,-0.00205971488239,-0.00110022193686
4607,-0.00145325326959,0.00243345355082,0.00106899193073
4608,0.00160862327016,0.0021875697764,0.0176941709263
4609,-0.00567701275931,-0.00715483840605,-0.0165440050024
4610,-0.00229530635967,0.000788828401207,0.000483786828939
4611,-0.00997179175165,0.00188647813539,0.00471796187541
4612,-0.00812530324702,-0.00451170958754,-0.00165847791964
4613,-0.0150652586259,0.00529334937981,0.00486591293173
4614,0.000192918777515,-0.00527104101147,0.00262317262392
4615,-0.0103498287125,0.0100938612272,0.0221120180945
4616,-0.00612351519926,0.00176546536017,0.000646534678728
4617,0.000923272744167,-0.0064015530264,-0.00856624424076
4618,-0.00391834544001,0.00348598823966,0.0104586432857
4619,-0.0037689936461,-0.0112233488918,-0.0279601129335
4620,-0.000472263569543,-0.00557170195481,-0.00976356362014
4621,-0.00826115814054,0.000780725085075,0.00143865868983
4622,-0.00984089962394,5.43510308203e-05,-0.000599464402429
4623,-0.0127954832999,0.00805719040374,0.0138134568526
4624,-0.00439707449501,0.00300151997532,0.0123416959027
4625,-0.00225633129548,-0.00225131549381,-0.00351859780157
4626,-0.00526908898617,-0.00531026821337,-0.00491894173018
4627,-0.00269232100284,-0.00297437961375,-0.000547623461033
4628,-0.00290213099728,0.0012281471873,0.00179310521577
4629,0.00702393211972,-0.00859516525143,-0.00763988635202
4630,-0.00199338109906,-0.00124047650342,0.00871250427593
4631,-0.00210193191632,-0.00667228154745,-0.0110009408901
4632,-0.000390124937593,0.000368810089421,0.0167163241931
4633,-0.00959923600437,0.00148181449301,0.00269296814095
4634,-0.00473429508208,-0.00449467983653,-0.00647253954617
4635,0.00722664490856,-0.00756900039311,-0.00192970135764
4636,-0.0175755708656,0.00321106006658,0.00722398186238
4637,-0.00129258885508,-0.0045328564271,-0.0058957049674
4638,-0.0161389656428,0.00853774481977,0.0171630439052
4639,-0.00608495430689,-0.00218529104117,-0.00435253148775
4640,-0.00702449102602,-0.0040873727998,-0.0117284285386
4641,-0.0111057158353,0.00747308795674,0.0233579675081
4642,-0.00829253149052,0.00295850562092,0.00405665384496
4643,-0.0098714287123,0.00441265818356,0.0148446584115
4644,0.0041401218559,-0.0033525736477,-0.00135771192269
4645,-0.00982838938332,0.00859766439679,0.0128761212998
4646,-0.0153379812281,0.00509922585865,0.000799706490171
4647,-0.00776637602446,0.0016468046205,0.00234590791219
4648,-0.00965810477193,0.00255889502327,0.00252147194878
4649,-0.00342936918497,-0.00234381833937,-0.000706457787682
4650,-0.0105756997835,0.00547007011421,0.00977426359037
4651,-0.00483105155683,0.00185018732292,0.00273872822183
4652,-0.000912789137533,0.00245318219974,0.00807988245018
4653,-0.0102222620227,0.00156358262063,0.000619629633507
4654,-0.0148138004865,0.00670093897665,0.0120430914172
4655,-0.00491291921477,0.00156998163459,0.0127659690129
4656,-0.00151115660815,-0.00207214953006,0.0013691721732
4657,-0.000757600223961,-0.00149458217246,0.00181508027944
4658,-0.0164938630246,-7.02037570405e-06,-0.000966122805984
4659,-0.000717661086157,-0.00474800540628,-0.0203812678468
4660,-0.00855134927958,-0.00230733594488,-0.0156420402373
4661,-0.0110716276183,0.00492907529681,0.0102158575994
4662,-0.00418851229106,0.00179390392239,0.00870184975464
4663,-0.00252354341903,-9.3346033515e-05,0.00527419163537
4664,-0.00112280835177,-0.00530611595963,-0.00287008030726
4665,-0.00759618424201,0.00344712604098,0.0109307687848
4666,-0.00533748074761,-0.00363341305284,-0.001124695907
4667,-0.00981244659234,-0.00306454522957,-0.00482064373403
4668,-0.00452439750424,0.00547042066816,0.0152276348373
4669,-0.0007247258831,-0.00171483446248,-0.00131368526632
4670,0.00278248620115,-0.00609080348615,-0.00561250079539
4671,-0.00827952998931,-1.24206904568e-05,0.00238060528147
4672,0.00245396022579,-0.00467663445416,-0.00258814307335
4673,-0.00236626600584,-0.00774967257384,-0.014001199733
4674,-0.00569522372823,-0.00493970711703,-0.0044448268424
4675,-0.0100706734469,-0.000325110319914,-0.00532709751513
4676,-0.00172086231939,-0.00564382032004,0.000240410609852
4677,-0.0111934574406,0.00775673137573,0.0136196615952
4678,-0.00534710992384,-0.00668765063432,-0.0213245087532
4679,-0.00318451564353,-0.00365810706376,-0.00192454480947
4680,-0.00595996345338,0.00192700452831,0.00102960935672
4681,-0.00507478422751,-0.00146119181366,0.0114243835267
4682,-0.000736313034724,-0.00529251426808,-0.00742916494684
4683,-0.00114498115088,-0.0030452573902,0.00330062732431
4684,-0.000864473362479,-0.0049898184875,-0.00768968923772
4685,-0.00787086631573,-0.00523483826088,-0.0134157049886
4686,0.00177822593518,-0.012421620381,-0.0139742466879
4687,-0.00809379486714,-0.000799354909285,-0.00512716792858
4688,-0.00218352946952,-0.0117979820136,-0.0145966232323
4689,-0.00588705047158,-0.00416425817021,-0.0124104522418
4690,-0.00574731413187,-0.00299088916581,-0.00569454999622
4691,-0.00125795962913,-0.00848679625659,-0.0195190561347
4692,0.000507657188074,0.00122216116518,0.0140567270713
4693,-0.00764093475726,0.00130437350177,-0.00545607354522
4694,-0.00384236677332,-0.00333048647277,-0.00501475877963
4695,-0.00195731399661,-0.00327086108906,-0.00153390906449
4696,-0.00903271531611,0.0073552765057,0.0182314804319
4697,-0.000231882778682,-0.00286193309585,-0.0076575698464
4698,-0.0038397567452,0.00154717043172,0.0101299819747
4699,-0.00363203836502,-8.74342214474e-06,0.00765474553596
4700,-0.00872781954009,0.00474465755061,0.0104713501835
4701,-0.00474345556857,-0.00299712047851,-0.00304109513199
4702,0.000311744452241,9.09121641036e-05,0.00808395715901
4703,-0.00173661525257,-0.00549187608967,-0.00479235887681
4704,0.000940592294208,-0.00124606905342,0.0131714060114
4705,-0.00132353143029,-0.00514758980926,-0.0120694338743
4706,0.00207104488835,-0.00480883107765,-0.011139877243
4707,-0.000791712410795,-0.0019788339037,-0.00677513537702
4708,-0.00800054986815,0.0060559481218,0.00554019541577
4709,-0.00152615341794,-0.00796174931524,-0.0214466591177
4710,-0.00701155966584,0.00161595299158,0.0058845501478
4711,0.00589519097729,-0.00583688133542,-0.00920820997405
4712,-0.00735475123896,0.000376830174379,-0.000830933647023
4713,-0.000421493247397,-0.0101269172234,-0.0213363255031
4714,-0.0085311120004,0.00133910403255,0.00273724021454
4715,-0.00688422119314,-0.00380989514033,-0.00768750797679
4716,-0.00276935279797,-0.00521740065276,-0.00101817691517
4717,0.00261102558742,-0.00784038631468,-0.00765156822173
4718,-0.00857159996481,-0.00148959326608,0.00151330353339
4719,-0.0142706375508,0.00602428845282,0.0124717859952
4720,-0.00122585907564,-0.00263225124588,-0.00126530507822
4721,0.00105422316098,-0.00730761454375,-0.0100688297452
4722,-0.00755038788763,-0.00296633769611,-0.0147744636478
4723,-0.007741661825,0.0091537688136,0.0186746068616
4724,-0.0040157370005,0.00101527665486,-0.0010239970252
4725,-0.00271246691062,-0.000178343220298,0.00109778655376
4726,-0.00154130090871,-0.0014266319342,0.00442290178593
4727,-0.00744756122328,0.00847239385709,0.0163543181282
4728,-0.00916288091402,0.0043025629257,0.0138963328651
4729,-0.00755742047191,0.0010861081013,0.00897113903823
4730,-0.0101891941481,-0.00250328296168,-0.00197518172304
4731,-0.00196191263818,-0.00252787703532,0.00446199944468
4732,-0.00578944286923,0.00578181977276,-0.00121010257629
4733,-0.00986662504902,0.00861619526053,0.0170185433476
4734,-0.00498770483567,0.000416454362672,-0.0057927206983
4735,-0.00542759279134,0.00391155375759,0.0175116265916
4736,-0.0137555750985,-0.00129465781903,-0.0106234481166
4737,0.00254486404789,-0.00473528527854,-0.00568300050078
4738,-0.00577451671135,0.000994762150114,0.00766757218498
4739,0.00120660381853,-0.00471136063042,0.000713044233754
4740,-0.00709838234904,0.00136427647368,0.00665808216746
4741,-0.00333068566268,-0.00187410812107,-0.00847775398587
4742,-0.00724392185901,0.00443980374366,0.00891746703723
4743,-0.00524339035307,-0.00161553796107,0.00440099930011
4744,0.00196605628063,-0.00240099429896,0.000971858538733
4745,-0.00333655317761,-0.00417541058285,-0.0132229909362
4746,-0.0143909928359,0.0108544461689,0.0154815953738
4747,0.0020439407509,-0.00799825357521,-0.00981548204003
4748,0.00408307171084,-0.00364454758111,-0.00455207899835
4749,-0.00547044385902,-0.00209283510442,-0.00779696822206
4750,-0.00320471060042,-0.00437692301202,-0.00454651266352
4751,-0.00753487285831,0.000258811162901,0.00126145634816
4752,-0.00741610713829,0.00670065401423,0.0134537597221
4753,-0.0175105650101,0.00030782864314,-0.0206240534978
4754,-0.00576403965802,-0.00336039684487,-0.0143132174708
4755,-0.00502709820421,0.00026609850223,0.00228490090408
4756,-0.00652697747963,0.00160830347657,-0.0013419980026
4757,-0.00878507865204,0.00380399259429,0.00500195175295
4758,-0.000504653756657,-0.00145222079032,0.00481207257541
4759,0.00018894001072,-0.0124073559417,-0.0213320691686
4760,-0.00774149284815,-0.00784413394604,-0.019389813875
4761,-0.00630204799474,-0.00135624512776,0.00476098548118
4762,-0.00773245943109,-0.00552166256653,-0.0170191924487
4763,-0.0095850426851,-0.000581277053312,-0.00450357065424
4764,-0.00658275178425,0.00131973131227,0.00172147999193
4765,-0.00660446296806,-0.0032734672562,-0.0115362444591
4766,-8.35545646906e-05,-0.00539567689527,-0.0161468696607
4767,-0.0100015332355,-1.3913437694e-05,0.00263685181806
4768,-0.00967030735645,0.000581952415391,0.00674440673935
4769,-0.0116934316047,0.00588913359152,0.0109323577862
4770,0.0033951307984,-0.00889915099213,-0.00842073697464
4771,-0.00534791093678,-0.000370144214628,-0.00245002981395
4772,-0.00485366114944,-0.00207704415552,-0.0115601130001
4773,0.000389593899814,-0.00144445969953,0.0109957984863
4774,-0.00410642793377,-0.00973708194662,-0.0217568671022
4775,-0.00973305250533,0.00766093923268,0.0164269564201
4776,-0.00640250226325,0.000209328454771,-0.00449523433999
4777,-0.00750435062817,0.00164726903823,0.0147270991866
4778,0.00621861904777,-0.00759121455761,-0.0132144812128
4779,-0.00586665584544,-0.00270402317558,-0.00505173983001
4780,-0.00599902046626,0.00110526443827,0.0105311766935
4781,-0.0060645551182,0.00466237359309,0.0137869985378
4782,-0.010685703405,0.00233209914336,0.00481502780855
4783,-0.00647752951978,0.00581010972148,0.00929626948648
4784,0.00479839574417,-0.0129520422428,-0.0237353223881
4785,-0.000462328781146,-0.00604745356167,-0.0138292769728
4786,0.00326612200672,-0.0121765769699,-0.0196041860681
4787,4.97609964157e-05,0.00371827244108,0.00675767368445
4788,-0.0134161225338,0.0010349057531,0.000345100130437
4789,-0.00831607065509,-0.00111500452503,0.00268965328588
4790,0.000165685465227,-0.00547444588925,-0.0096866693693
4791,-0.00751557985212,0.000536409454872,0.0118518302211
4792,-0.00870502208433,0.000280729640942,0.000910477043173
4793,0.000659617281409,-0.00435764121458,-0.000775150577117
4794,-0.00948490666119,0.00377510229072,0.0126602654767
4795,0.000523650531262,-0.00326730180056,0.00653886024139
4796,0.00192034192634,-0.00427872883784,-0.0100349010117
4797,0.00337936826731,-0.0028415668046,0.000435067495943
4798,-0.000464739093155,-0.00197695979359,0.00719289665498
4799,0.00298879460659,-0.0127046053893,-0.00607562013621
4800,-0.0121135491573,0.00405566673173,0.0121827453926
4801,-0.00241540134923,-0.00422044067999,-0.0104865329678
4802,-0.00444837077427,0.00105849587683,6.55456760562e-05
4803,-0.00448709310632,-0.00283438253441,-0.00469920160167
4804,-0.00261208980337,-0.00635477485159,-0.0165508916071
4805,-0.0091150544637,0.00186120971896,0.0055203780505
4806,0.00101896102163,-0.00381942256494,0.00231981985236
4807,-0.0159176156312,0.011166664211,0.0203500682203
4808,0.00119852239597,-0.00816950318631,-0.0162003654384
4809,-0.00268109282539,0.00295763896938,0.00389977706911
4810,-0.00296493281512,-0.0035046284654,0.00241644078894
4811,0.0044629473616,-0.010768177099,-0.0123507881883
4812,-0.00894746255391,0.0154168218507,0.0317928495073
4813,-0.000504114535673,-0.00401679860417,0.00636850640622
4814,-0.00446040840774,0.00398806736195,0.0116645925313
4815,-0.00255986281898,-0.00110189090261,-0.00123344416742
4816,-0.00553797105688,0.00346789616416,0.0144580186484
4817,0.000596100769896,-0.00462107982906,-0.00753785182199
4818,-0.00549743531093,-3.85099231027e-05,0.00399763340822
4819,-0.00535796780133,-0.00821815829635,-0.020304461939
4820,-0.00226515319557,-0.00390279816884,-0.00327903973942
4821,-0.00266754528338,-0.00362000679922,-0.00915926442237
4822,-0.00782209656038,0.00973800265909,0.0279710630101
4823,-0.00178068571833,-0.00307497891852,-0.00483414928842
4824,-0.0120592935169,0.00158290804142,0.00199231623266
4825,-0.00180018668985,-0.00934857234119,-0.0196408603412
4826,-0.00731961927483,-0.00211395883638,-0.00681943407639
4827,-0.00401921145976,8.44826872716e-05,-0.00216446666748
4828,-0.0091901294795,-0.00209601053842,-0.015080361063
4829,-0.000400478618512,-0.0007916003573,0.0023875414002
4830,-0.00608173569557,0.00119772567598,0.00657612879537
4831,0.00450298499594,-0.00632516919965,-0.00986045668563
4832,-0.0119191805459,0.00584245842649,0.00940230063887
4833,-0.000361622338326,-0.000586161846705,0.0027572039231
4834,0.007869614711,-0.00412321051858,0.000286283964348
4835,-0.00539547078806,-0.00595026002357,-0.0121362151696
4836,-0.00790974665354,-0.00221290695056,-0.00847545129293
4837,-0.00535604618815,0.00768529748193,0.0154080401522
4838,-0.002218340152,-0.00757282971007,-0.0122951985641
4839,-0.000248530015544,0.0032917861467,0.00642964925024
4840,-0.00453122526592,-0.000740950511059,0.00368074134404
4841,-0.00859043851011,-0.000520395529003,0.000712820973465
4842,-0.0110248652311,0.00750709583008,0.010244540639
4843,0.00128109466225,-0.00200761694268,0.0153681871876
4844,-0.00599664251396,-0.00335660873242,-0.0056772885854
4845,-0.00650443471647,0.00191165157935,0.00443826514251
4846,-0.000253457161067,-0.0019647002735,0.0147905893617
4847,-0.0069135465891,0.000611020019936,0.0109937687339
4848,-0.00218712151064,-0.00421760407275,0.00319715647229
4849,-0.00847603677377,-0.00661202878146,-0.00867317640288
4850,0.000177251483718,0.00141178489302,0.0204657085172
4851,-0.00435577594378,-0.00569737445391,-0.0118068801812
4852,-0.0162399364952,0.00547610977637,0.0171626945452
4853,-0.0025961644516,0.00113196167633,0.00576170778213
4854,0.00111656388651,-0.00761726405063,-0.021288212962
4855,-0.00125375283103,-0.00437737940237,0.00571146116272
4856,-0.0109903900877,0.00299665484356,0.00768253694933
4857,0.00094362000901,0.00367086412426,0.0199930930558
4858,-0.000465537074465,-0.0044950977817,-0.0118819637501
4859,-0.00894767808739,0.000962843684622,0.00847293363273
4860,-0.00969022095583,0.00442010006354,0.00707765879901
4861,0.00136183606686,-0.00504032808499,-0.00259612660797
4862,-0.00359634811348,8.3052327125e-06,0.000895271827865
4863,0.00290936693748,-0.00938711098584,-0.00743295439535
4864,-0.00828892687035,0.00364526119155,0.00384122044075
4865,-0.00383342812027,-0.00495905113256,-0.00754899159491
4866,-0.00380220229519,0.00118577000266,0.00626005626984
4867,0.0043172114491,-0.0046662570148,-0.0017644951352
4868,0.00799721360492,-0.005760788679,-0.00118582693474
4869,-0.00738971216624,0.00146066166738,0.00692431113396
4870,0.00058430809886,-0.00624507381741,-0.00709423934072
4871,-0.00489721937203,0.000925594998657,0.0112867531707
4872,-0.00596482496278,0.00640884858515,0.0173355891646
4873,0.00391056301162,-0.0037667634095,-0.00539645728319
4874,-0.0117638427548,0.00096628068564,0.00785043020768
4875,-0.00330950937104,-0.00608512879279,-0.0211347147869
4876,0.000233414296132,-0.0111520957823,-0.0205502197704
4877,-0.00350508824958,-0.00205161754462,-0.00605402884274
4878,0.00166884651577,-0.00391802338436,0.00113300019257
4879,-0.00144855914883,-0.00568595952208,0.000348895568516
4880,-0.00848285249865,0.00498177840264,0.00525033859795
4881,-0.00531450759624,-0.00477518067596,-0.00231321268329
4882,0.00762812812634,-0.0129112282637,-0.0240051067658
4883,-0.00514868489572,0.00110025845154,0.00194413423891
4884,-0.0134302910573,0.00575090956924,0.0138090178905
4885,-0.00261384413224,-0.00203712219237,-0.010946127992
4886,0.00208178697018,-0.00210050541535,-0.0073260263888
4887,0.00509138340407,-0.00724028712555,-0.00830284252157
4888,-0.00919202518278,0.0105919821117,0.0270169175909
4889,-0.00757622325833,0.00213105151178,0.0035912479557
4890,-0.0107948652303,0.000521150281284,-0.00394847899784
4891,-0.00689393514505,-0.00344887896602,-0.00523936429466
4892,-0.0113555098693,0.00341067261686,-0.00196088322897
4893,-0.00771654151255,0.0040860094867,0.00801680125547
4894,-0.0119720133308,0.0055069479007,0.00834375009287
4895,-0.00734535098166,-0.000952721061149,-0.0108375218278
4896,-0.0027963823987,-0.00275164380439,-0.00273649157865
4897,0.00505860018997,-0.00818514856802,-0.00634324108213
4898,0.00171720691805,0.000985183773484,0.0132698049557
4899,-0.0145564278541,0.00529526792483,0.00945773561005
4900,-0.00325954518927,-0.0010874721462,-0.00430826110895
4901,0.00337946363969,-0.00195449197115,0.00194588522989
4902,-0.0003287223796,-0.0027677539662,-0.00433764849989
4903,-0.00627795038418,0.00788534808316,0.0224008258402
4904,-0.0104266525904,-0.000571365454795,-0.00237255295429
4905,-0.000530197732922,-0.00308428464991,-0.00406954485784
4906,-0.0107609089163,0.00580727077104,0.012845829391
4907,-0.00587644767055,-0.000965722836777,0.004811175884
4908,-0.00316489366533,-0.00164027001116,0.00398586907489
4909,-0.00777752191972,0.00274497141606,0.00528771322335
4910,-0.00762291371401,0.00491562564502,0.0156800305768
4911,-0.00528336043389,8.89354882866e-05,0.00151181387251
4912,-0.015277112757,0.00150716984303,-0.000707674441209
4913,-0.0121475798292,0.00178520410478,0.000118682815431
4914,-0.00544453449333,0.000251591649947,0.004459958309
4915,0.000121692589818,-0.00700283599716,-0.00883000325998
4916,-5.23649792639e-06,-0.0115304586863,-0.0152782478788
4917,-0.00363743727734,0.00570523106808,0.00952780015253
4918,-0.000180580532438,-0.000487727179114,0.00283625973571
4919,-0.0137104946856,0.00695804470757,0.0154228385462
4920,-0.0117257821373,0.00278100285363,0.0019294286177
4921,-0.00762411086365,0.00137426633914,0.0105099759366
4922,-0.00807625051543,0.00192932779754,0.00482088226297
4923,0.000486641396639,-0.000453789677098,0.00623120842874
4924,-0.00609621455513,0.00107442993312,-0.0034675296671
4925,-0.00495014493243,0.000469750489917,-0.000723110851852
4926,-0.00417289050159,-0.00416471205275,-0.0152987229439
4927,-0.00685425010131,0.00203796028132,0.00273671139941
4928,-0.00417884619738,-0.0069392491246,-0.017586544894
4929,-0.00367611673237,-0.00120852267005,0.00180997013427
4930,-0.00569773353366,-0.00180542222799,0.000701061087212
4931,-0.00307249912311,-0.000490382909916,0.010671644856
4932,-0.0042855047492,-0.000994974822086,-0.00382170539994
4933,-0.0105447011634,0.000663817831612,-0.00429759336269
4934,-0.00202256616403,0.000535867974836,0.00268866487316
4935,9.16944424101e-05,-0.00575566730351,-0.00920211323032
4936,0.00193989788398,-0.00361171245546,-0.00319680563182
4937,0.00153414580179,-0.0114075753278,-0.0146340845026
4938,-0.0163093963296,0.00789796117753,0.00220974350133
4939,0.00248198829478,-0.00992776480137,-0.00839826389762
4940,-0.00109021877077,-0.00251194691438,0.000296531568909
4941,-0.00435399117664,-0.0072560479466,-0.0117799337872
4942,-0.00434790138573,0.00141157396635,0.00446909743558
4943,-0.00475179180155,0.00496043312154,0.0219203084581
4944,-0.00129307327622,-0.00573460947301,-0.0164991177367
4945,-0.00206551590911,-0.00922314530966,-0.0219045465251
4946,-0.00683707942354,0.00234940960803,0.00241875828464
4947,-0.00177735858509,-0.00791785455569,-0.0147645339056
4948,-0.00464082916202,-0.00166350433477,0.00319708364521
4949,-0.0112341275134,0.00744071224912,0.0149116362105
4950,-0.0139141851889,0.00679733384767,0.0137102330485
4951,-0.010865864654,0.0051988159275,0.00593978795155
4952,-0.0165851968764,0.00241734988118,0.00289985955225
4953,-0.00855277896395,0.0107673993886,0.0196356087165
4954,-0.00233994961824,-0.00690458991901,-0.00626081451939
4955,-0.00390303458065,-0.00209978593235,-0.0164438202535
4956,-0.00540983612957,-0.000879910019958,-0.000976913959113
4957,-0.0025870226246,-0.00974912247597,-0.0154994559917
4958,0.00207657869865,-0.00377740375786,0.00253201643136
4959,0.00175739968703,0.000773473485532,0.0195951331792
4960,-0.00389676855441,0.000177944362277,0.00386949407754
4961,0.00232738076798,0.0013534787542,0.0134749184433
4962,-0.00321433173509,0.00131073918599,0.0118717915214
4963,-0.00372350632686,-0.0107935884928,-0.0152852296164
4964,-0.00612599255339,0.00573646412336,0.0205268728428
4965,-0.000127483150227,-0.00512342907313,-0.0118610103507
4966,-0.0103505247126,0.00122559044365,0.00579273713707
4967,0.00206606437693,-0.0111445188339,-0.0318128877982
4968,-0.00916918998429,0.000966727938113,0.00435931980248
4969,-0.000105513812038,-0.00664067655999,-0.000325972413266
4970,-0.00639972720413,-0.00100935103497,0.00732021245896
4971,-0.00960222790125,0.00229001572819,0.00626621947965
4972,-0.0101385785628,-0.0011911823036,-0.00358312918653
4973,0.00086163529133,-0.00114570858955,-0.00712272643749
4974,0.000945320859639,-0.00160098839104,-0.00108701359229
4975,-0.00509991237014,-0.00153144436245,-0.00604072840566
4976,-0.0027435142246,0.00126704713067,0.0108555802041
4977,-0.000681484493777,0.00141495269511,0.0122246221669
4978,-0.0158256129536,0.00732009475508,0.01273623216
4979,-0.000433980252257,-0.00531347350532,0.00087119479385
4980,-0.00764442808371,0.00335067445492,0.00337544997428
4981,0.0039504416734,-0.00966195089921,-0.00307814063786
4982,-0.00420419370688,0.000239092921654,0.0117105928126
4983,0.00100338498338,-0.00796697298426,-0.00809138851779
4984,0.00553831176161,-0.0089978957459,-0.0100734410606
4985,-0.00152209992928,-0.00308098648482,-0.00700989471774
4986,-0.0028991609738,-0.00112305145116,-0.00461720663854
4987,-0.00764832562942,-0.000765990640934,-0.0113955383103
4988,-0.00738871795742,0.00704582275744,0.00960094097242
4989,-0.00189290544806,0.00770939197754,0.0195000939223
4990,-0.000329353113948,-0.000843546249944,0.011401291148
4991,0.000268301074101,-0.00282219116933,-0.000415780407585
4992,-0.0130184588773,0.0104898408785,0.0262734975682
4993,-0.00770256304968,0.00727953378431,0.0253730717665
4994,-0.00974503139926,0.000822665568614,0.000990675023333
4995,-0.00963396315036,-0.000882696889828,-0.00271866243569
4996,-0.00699708226276,0.000459628260829,-0.00383759166199
4997,-0.0052442776033,0.00280316974144,0.00472850435138
4998,-0.000593749849268,-0.00211913944199,0.000461973273067
4999,-0.00568875825619,0.0030122957366,0.012976435049
5000,-0.00819113601273,0.00353131427581,0.0102259872748
5001,-0.00698264973424,-0.00134809492051,-0.0078519295551
5002,-0.00971293187312,-0.00505819504638,-0.0218478047673
5003,-0.000176610982573,-0.00751425416718,-0.0110919488757
5004,-0.00217989810943,-0.000785478094063,-0.00396513063627
5005,-0.00651676689037,0.000855846024818,0.0126025482065
5006,-0.00617612088975,0.00158449370415,0.00243084498903
5007,-0.0133022863297,0.00385538363297,0.0103931444843
5008,-0.00735835484383,0.00256515756592,0.00678373658201
5009,-0.0123112270567,0.00181452523108,-8.92403211973e-05
5010,-0.0164778418166,0.0116417423978,0.0117555679833
5011,-0.00121414776005,-0.00219007761971,0.00130765880716
5012,0.00110138314888,-0.00580049170663,-0.00985981574717
5013,0.00390193525766,-0.00353806785332,-0.00449417996908
5014,-0.00265222691917,0.00172329603929,0.00488544436222
5015,0.000123581728033,0.00137713261057,0.00847029031987
5016,-0.00250376081064,0.00124033786426,0.00639477230609
5017,-0.00865070943367,0.00372058605676,0.0105274443469
5018,-0.0168737990455,0.012979433115,0.0333812063284
5019,-0.000957740877586,-0.00686595837078,-0.00931443513112
5020,-0.00576147732203,-0.0050394085676,-0.0107262665415
5021,-0.00661048645045,-0.00225650341859,-0.0104560032255
5022,-0.00833597227583,0.00559168453528,0.0276929885261
5023,-0.00446375885037,-0.00579843404664,-0.016160107313
5024,-0.0111598644544,0.00692511395428,0.0161045157191
5025,-0.00797137814458,-0.00448270470378,-0.00680756298208
5026,-0.0135897823312,0.00871589033676,0.0129164156895
5027,-0.00769682262318,-0.0006544478682,-0.00516536253399
5028,0.00500640150548,-0.0105500679797,-0.0142700234545
5029,0.00298538137021,-0.0129992480675,-0.0228953663425
5030,-0.00249158210902,0.00113241565275,0.00499317229731
5031,-0.00214656396971,-0.00302836035163,-0.00377619694254
5032,-0.00378911805418,0.00277318548997,0.0198091803817
5033,-0.00191485514549,-0.00755898148853,-0.0131810706755
5034,-2.73164555016e-05,-0.00278342819012,0.00276192190637
5035,-0.010087683801,-0.00187006703112,-0.0097054671322
5036,0.00127887279108,-0.00266665432837,-0.00325174775771
5037,-0.00398837750586,0.00168082622207,0.00360728762647
5038,0.00347454771745,-0.00539756652725,0.00350316137578
5039,-0.00698780818235,0.00604439895517,0.0232479389418
5040,-0.00794974229117,-0.00202274796241,-0.00652881806241
5041,-0.000138371117632,-0.0070075892366,-0.0189921269459
5042,-0.0133969064342,0.00632521657285,0.0121141873379
5043,-0.00397124327504,-0.0125134500813,-0.025753563217
5044,-0.00318779953751,-0.00516803766998,-0.00325213146538
5045,-0.00324874504573,0.00348876019706,0.00364973234633
5046,-0.0083482485095,0.00404580172723,0.00783358326501
5047,-0.00566335482403,0.000329404185704,-0.00854778561349
5048,-0.00561926879632,0.00228235478651,0.00798477472391
5049,-0.00423702161482,-0.00222896268558,-0.00307965686536
5050,0.00052059300644,-0.00503526065758,-0.00888705046648
5051,-0.0053336882792,-0.000240063945696,-0.0061827166006
5052,-0.0139499754158,0.0105474119539,0.0133911769871
5053,-0.0090626034155,-0.000281720165099,0.00279248645777
5054,-0.00426770234598,0.00179022274667,0.000188744270343
5055,-0.0133478865604,0.00575023498862,0.0130687187162
5056,-0.0101915217308,0.00196786888874,0.00769140677643
5057,-0.00890504879219,0.00303024012949,0.00551666582333
5058,-0.00743408583476,-0.00422771109375,-0.0087514911918
5059,-0.00571142680531,-0.00241022091273,-0.00145262985073
5060,-0.0012636715306,-0.00416205347086,-0.00187773569895
5061,-0.00527324597134,-0.00321144906788,0.0013930721682
5062,-0.00411832944267,-0.000630562976152,0.00319683578806
5063,-0.0104503427484,-0.000357285596147,-0.0085712180624
5064,-0.00259205633511,-0.00302284828254,0.00158265595655
5065,-0.00525343606197,0.00296246096959,0.00368497118082
5066,-0.00403287364245,-0.005666016668,-0.00955232135906
5067,-0.0104357841891,0.00200376289976,0.00341370054778
5068,-0.00392212367652,-0.00955816233293,-0.00441025761258
5069,-0.00753278510089,0.00601470731738,0.0117555336095
5070,-0.0128993352493,0.00410277151383,0.00556426861038
5071,0.00354590999253,-0.000792475957005,0.00877270743364
5072,-0.00522100366495,-0.00387492763736,-0.00982337083419
5073,-0.0092722882314,-0.0012167221296,-0.0058275103298
5074,-0.000503492735879,-0.00235378578802,-0.000356471682456
5075,-0.00370837536915,-0.000777115340668,-0.00164337457983
5076,-0.00898196002214,0.00514213054532,0.00280380470813
5077,0.0024651207606,-0.00786077432081,-0.0217041136562
5078,-0.00676587508144,0.000862185288311,-0.000944124920859
5079,-0.0110401021514,0.0117461010043,0.0218417909806
5080,-0.00546195134381,-0.00469494286536,-0.00881118794123
5081,-0.00756950392449,-0.00150375154129,0.00446576867913
5082,-0.0104652157393,0.0021872425687,0.00638911464931
5083,-0.0153183332638,0.009613806175,0.0209622333632
5084,0.00936001598442,-0.0145574830845,-0.0199372771294
5085,-0.010840727773,0.00657575463804,0.0153816533871
5086,-0.00182440449045,-0.00314243347839,0.00278803975772
5087,-0.00259985931486,-0.00268455573749,0.00452639355755
5088,0.00465037467261,-0.00785095490784,0.00201224997452
5089,-0.00924560143781,0.0025315344665,0.00618653959014
5090,-0.00690321968482,0.000311240502224,-0.00221676837869
5091,-0.00902488455822,0.00197777297,0.00253187477835
5092,-0.00872231424365,0.00447622217216,0.0126393095917
5093,-0.00435940204136,-0.00163077313441,0.00112585063574
5094,-0.00891704179463,0.000542610793765,-0.00239951166603
5095,-0.00101208771586,0.00548864261635,0.0180883684194
5096,-0.0060628870013,0.00118341788517,0.0107891993431
5097,-0.00141820547806,-0.000228546180003,-0.00469619982033
5098,-0.007197788355,0.00314411399684,0.00958575837374
5099,-0.00634460091805,-0.00588911699692,-0.00451626921185
5100,-0.00718558347284,-0.00432672891811,-0.0136211315643
5101,-0.0104789416586,0.00153849431195,0.00113941932452
5102,-0.00271468015535,-0.00577173785697,-0.00625542331581
5103,0.000499129532523,0.00319128885018,0.0119614426156
5104,-0.00102981685713,-0.00452945934644,0.00856130759206
5105,-0.00494447176671,0.00568534488892,0.0126441878086
5106,-0.00266036345542,-0.00478218080366,-0.0060142171611
5107,-0.014897562899,0.00756162383143,0.0196704796633
5108,0.00149928346064,-0.00682209521151,-0.0111766253194
5109,-0.00999024784565,0.00785883986106,0.0191799607014
5110,-0.00829494807291,0.00401964675159,0.0147286990536
5111,-0.00356015391178,-0.00732272871951,-0.00672818915069
5112,-0.00539588226175,0.00196225010323,0.00512167365231
5113,-0.00382224642976,-0.00999400786278,-0.0163731152766
5114,-0.00836075848172,0.00772488093382,0.0157695876116
5115,-0.0165747680261,0.00462825500665,-0.00037663660372
5116,-0.00387200011507,-0.00377511200612,0.00686747411007
5117,-0.0128895580847,0.00341888665076,0.000631217046082
5118,-0.00298830122067,0.00327048716874,0.0102341726893
5119,-0.00617253342923,0.00388091045721,0.013482093372
5120,-0.00893496980874,0.00419144652276,0.0105771784046
5121,-0.00142610594058,-0.0036769399391,-0.000599290384165
5122,-0.00818548280604,0.00832356227268,0.015534879835
5123,-0.00780111341695,0.00319293825907,0.00605376438864
5124,-0.00910873701815,0.00262527549095,0.00610455733791
5125,-0.00765564507593,-6.9435950638e-05,-0.000678717119463
5126,0.000626826092206,-0.00829064281116,-0.00659487207578
5127,-0.00320318536355,0.00188988938338,0.013696432803
5128,0.00156740750663,-0.00581449628908,-0.0124915969563
5129,-0.00703014931897,-0.00456454959225,-0.0107659084592
5130,-0.00405005985907,-0.00241721534838,-0.0025720469695
5131,-0.000421005551329,0.000406690429711,0.00932375322392
5132,-0.00804978675761,-0.00387189180949,-0.02251133561
5133,-0.00623015491148,-0.00173052390534,-0.00229542972465
5134,-0.00093026295183,-0.00318005936474,-0.004705406238
5135,-0.00610022068334,0.00226532436449,0.00797327519614
5136,-0.00112494468785,-0.00538447352436,0.000208246295414
5137,-0.00138881116597,-0.00538036435053,-0.00518564197426
5138,-0.00332877112611,-0.00391089322783,-0.0085832488869
5139,-0.00938780035622,0.000356440847462,0.00540820001443
5140,-0.00179211821623,-0.00455990792582,-0.0156218948088
5141,-0.00684145173346,-0.00103441093746,-0.00202202568935
5142,-0.00439325245288,-0.000499800306527,0.00484222550964
5143,-0.000213762847473,0.00386462735475,0.0194518625684
5144,-0.000786560634552,-0.00730608689678,-0.0139209032008
5145,-0.0112164639249,0.000509325704044,-0.00726082825875
5146,0.00557958813746,-0.00612290431517,-0.00623382247285
5147,-0.00383820953605,0.00133670634861,0.00151673897571
5148,-0.00455844381893,-0.00207826214163,-0.00936074310969
5149,-0.00110507660391,0.000886783821236,0.0111496401078
5150,-0.00615145325801,-0.00242623833077,-0.010674136266
5151,-0.00767305236065,-0.00165994710928,-0.00328637224176
5152,-0.00436198225617,-0.00290657178225,0.000539543254841
5153,-0.00245165029923,-0.00273777261058,0.00246990075069
5154,-0.00381452541923,-0.00160679776915,0.00616630550233
5155,-0.00873465701028,0.0054189895905,0.0169013644508
5156,-0.00511137064498,-0.00170750038181,-0.00505669405492
5157,-0.00989792958867,0.00226498188758,0.00828827306853
5158,-0.00637643267358,0.000667978496957,0.0075519018896
5159,-0.00397745653597,-0.00309595284588,-0.00351374863425
5160,-0.00164168664866,-0.00639831832432,-0.0137543788223
5161,-0.00452441478221,-0.000247539384155,0.0114653865714
5162,-0.012514786598,0.00157535984876,0.00286147929917
5163,0.000791831256328,-0.00290339246904,-0.00260253473023
5164,-0.00621704976014,-0.00226784352319,-0.00725769135715
5165,-0.00113760003933,-4.32784969394e-05,-0.00117814145508
5166,-0.00535468175699,-0.00212051368171,0.00389094039001
5167,0.00104609180095,-0.00625187047744,-0.00835216237258
5168,-0.00857038998172,0.00359365360397,0.0127303687993
5169,-0.00557837546713,-0.000708974776422,0.000140702424054
5170,0.0004620275527,-0.00436449535518,-0.011413097506
5171,-0.00467503906972,-0.00173673029121,-0.00882971545711
5172,0.00629494183699,-0.00835646813931,-0.0186429425709
5173,-0.00606248573063,-0.00309339545418,-0.0116175055496
5174,-0.00369088323734,-0.00453538309616,-0.0109983060641
5175,-0.0024526149795,-1.20860254861e-05,0.000647147017401
5176,-0.0100768966186,0.00430711163652,0.00135754767646
5177,-0.00124515441733,-0.00764845288531,-0.0200817741337
5178,0.00218341942179,-0.0104195612088,-0.0158578103023
5179,-0.00343202384111,-0.000221263663659,-0.000474405476776
5180,2.42095971162e-05,-0.00169487280682,0.00239121277403
5181,-0.00430979636564,0.00598190818906,0.016894133004
5182,-0.0157937807577,0.00494927652142,0.0176474116736
5183,-0.00299303144814,0.00280385270526,0.01518057233
5184,-0.00303540847385,-0.00211329857905,0.000182158041183
5185,-0.00320528630186,-0.00287479772772,-0.00433026819067
5186,-0.00981972910583,0.000462603932055,0.00152062043777
5187,-0.000237309492085,-0.00304863829228,-0.00892830500596
5188,-0.00482817705996,-0.00263168880336,-0.00240055433201
5189,0.000593525668412,-0.00232679020882,0.00594328730402
5190,-0.00787505705273,0.00469309820535,0.0114930050746
5191,-0.00561648265801,-0.00424593312188,-0.00775469245581
5192,-0.000258459923629,-0.00241037981232,0.00846912932809
5193,-0.00197888876775,-0.00382253729408,-0.0131701763164
5194,-0.0118339925075,0.00973121815118,0.0124524417398
5195,-0.00684045650778,0.00139072564292,-0.00500021283961
5196,-0.00299646062613,0.00448200131197,0.0163225975512
5197,0.00480979135073,-0.01393651218,-0.0159244078425
5198,-0.00509799613223,0.00151231420821,-0.00118766642892
5199,-0.00306293153842,-0.00117810776855,0.00536275569915
5200,-0.012106458084,0.00525927059667,0.0138798503837
5201,-0.00887788531473,0.00112632903448,-0.00435429995683
5202,-0.0017438580088,0.0016736882301,0.01999473842
5203,0.00505967156374,-0.0118218067532,-0.025472061427
5204,-0.00203121210029,-0.0051911614362,-0.0169202613983
5205,-0.00494758602406,0.0018185142845,0.00653150603541
5206,-0.00494302537749,-0.00647274581394,-0.00282345826827
5207,-0.00616415937987,0.00481720944305,0.00656898394847
5208,-0.00446132820996,0.00223758500401,0.00618309692987
5209,-0.00812735522312,0.00184229751346,0.00449977714385
5210,-0.00370628972228,-0.00112708312788,0.00732844956235
5211,-0.0124152946362,0.00461396201779,0.0181981778801
5212,0.00137128392957,-0.00660149723994,-0.0164100968249
5213,-0.0070875276435,-0.00220883931117,-0.0065518395198
5214,-0.00498152591198,-0.000892736773898,-0.00601474641345
5215,-0.0118240628768,-0.00485802556103,-0.0175086021398
5216,-0.00660333814447,0.00239161316674,0.00537413596583
5217,-0.00758985262384,-0.000834375656655,0.00106620928161
5218,0.00110774436626,-0.00431462918979,0.000375003901916
5219,-0.0189030850904,0.00149797803804,-0.00379327265265
5220,-0.00943192569225,0.00189522809529,0.00688545561891
5221,-0.00358997210986,-0.00461368253526,-0.00601511394493
5222,-0.0029496496926,-0.000247114047419,-0.00260675373838
5223,-0.00200163404308,-0.0044252302838,-0.00418086380586
5224,-0.00535668726213,-0.00578067566733,-0.0168384709536
5225,-0.00724647815599,-0.0029983975634,-0.0085247530659
5226,-0.00515170960559,0.00205507230199,0.00890222436515
5227,-0.00705822772879,-0.00015383903058,-0.000518456217159
5228,-0.00198730686473,0.00170927191945,0.0130513080175
5229,-0.00384308321722,0.00616322539493,0.0126642897953
5230,-0.0076358930752,-0.00309569051522,0.00115937670826
5231,-0.00461107321906,0.000498311535525,-0.0116363150151
5232,0.00418305148518,-0.010846282795,-0.0136276128566
5233,-0.00383654667519,0.0010051976751,0.00593124607916
5234,-0.00535730960424,0.000432276182176,-0.00547151080649
5235,-0.000637863638953,-0.00718456382533,-0.0118677482387
5236,0.00648106182874,-0.0080390725499,-0.00636225344313
5237,-0.00699796058515,-0.00372211713655,-0.0104540460727
5238,-0.01274594786,0.00746259681508,0.00971426741631
5239,-0.00433404069776,0.00340806435372,0.00569755578387
5240,0.00180297690029,-0.00770498216186,-0.0180573988155
5241,0.00288569450453,-0.00506985097673,-0.000748506495659
5242,-0.0100057447327,0.00173208634125,0.00644073754775
5243,-0.00866059471095,0.00088317405641,-0.00669248570581
5244,-0.00187073478936,-0.00394344453539,0.00835922967073
5245,-0.00299570992412,0.00220446324158,0.00579936566918
5246,-0.00600695041875,-0.006795764015,-0.0123238612053
5247,-0.006266792823,0.00440420182368,0.0131385715797
5248,0.00160782198111,-0.00516750625335,-0.0062056486677
5249,-0.00620395148518,-0.00870470177287,-0.00726463612457
5250,0.00096212381031,-0.0118212202222,-0.0175502635853
5251,0.00124515504092,-0.00500510266513,-0.000455771415574
5252,-0.00890872364875,0.00108252310729,0.00512130969739
5253,-0.00643709378292,-0.000896457355432,-0.00471139234858
5254,-0.0112766429776,0.00130537090144,0.00645108089494
5255,0.0019063059318,-0.00794327259014,-0.00627799268802
5256,-0.00799688166002,0.0028628857978,0.0111204287126
5257,-0.00224180979008,-0.00495804973882,-0.00759816981031
5258,0.000186908510971,0.000327002645577,0.00555574406717
5259,-0.000843489909865,-0.00312592950144,0.00299608470978
5260,-0.00280729773273,-0.000933673138897,0.00492356413117
5261,-0.00130450849262,-0.000876038046095,-0.00169578491107
5262,0.00188601071941,-0.0097618969459,-0.0084422742887
5263,-0.0057469980477,-0.00676690523094,-0.0113458473595
5264,-0.00584228807429,0.00146395218047,-0.00211314947069
5265,-0.0112683316513,0.00784830242773,0.0129719259984
5266,-0.00666180319261,0.00357668584704,0.00979888565335
5267,-0.00112358070081,-0.00154782457025,0.00539745330349
5268,-0.00566197422156,-0.00555614640747,-0.0142208586643
5269,-0.000211075356686,-0.00242787150826,-1.95240279357e-05
5270,-0.00325962920943,-0.00391068717018,-0.00677088079793
5271,-0.0122642941286,0.00692981964339,0.00643125255451
5272,0.000545150744299,-0.00307857217522,-0.00176097230318
5273,-0.00754037672997,0.00614262503529,0.0103687459525
5274,-0.00471694618093,0.000830353970937,-0.00245336355272
5275,-0.0107690554911,0.000424232335841,-0.00491410977117
5276,-0.0113625494759,0.00329745717081,0.00347661763325
5277,-0.00592091043096,0.000589694375408,-0.00135260680996
5278,-0.00997229680521,0.00352379277702,0.0109652991608
5279,-0.00950089544781,0.00343381074993,0.0127508765177
5280,-0.00175467256601,-0.00571819030818,-0.00794118816686
5281,0.00530926209255,-0.00921512057654,-0.0185378147132
5282,0.00139600392628,-0.00885668892757,-0.0201355037164
5283,0.00485459198922,-0.00847745143763,-0.0220104299923
5284,-0.010943902256,0.00320223850582,0.00692897697614
5285,-0.00671175181497,0.00144187324222,0.0127180563457
5286,-0.000965514702832,-0.000558687954339,0.0172707260189
5287,0.000924888124683,-0.00386875104481,-0.00035058183167
5288,-0.00548566614934,0.00271370251357,0.00962316720608
5289,-0.0156261840021,0.00194610922381,-0.00640570040237
5290,-0.00334514628462,0.00306326576012,0.00767939578461
5291,-0.00600755370699,0.00130507364671,0.0106018017189
5292,-0.00100694223207,-0.00258609203947,-0.00752792645391
5293,-0.0102259666625,-0.0028765434828,-0.00532990737846
5294,-0.00336094257352,0.0016300865109,0.0102873667348
5295,-0.00343008008667,-0.00156472298475,-0.0022079599555
5296,-0.00175434801888,-0.00487506216039,0.000688396536269
5297,0.000519841657436,-0.00528718141539,-0.012433541578
5298,0.00159784697529,-0.00596810701636,-0.0124989649114
5299,-0.011201946558,0.00480717937844,0.00357146922887
5300,-0.0106372230084,0.00295682928753,0.00104324054791
5301,-0.00958547350273,0.00753770175384,0.0211839954229
5302,-0.00379174037588,0.000444402380456,-0.00668547546284
5303,-0.00328550604295,-0.000320684610011,-0.000102761821315
5304,-0.00390191927422,0.00115308758781,0.0171873982464
5305,-0.00429307366746,-0.00446821964008,-0.00420514164719
5306,0.000122411261748,-0.00648976791312,-0.0102934722184
5307,-0.00718637772457,-0.00231477941883,0.00152303971493
5308,-0.007353979351,0.00091009599365,0.0156687335737
5309,-0.00583084501152,0.00225423234401,0.00317092323409
5310,-0.0131668121901,0.00315527674462,0.00305716542242
5311,-0.00575564329175,0.000731391350414,0.00242724205528
5312,-0.00683385685033,0.00343956339224,-0.00227766063207
5313,-0.00164644362665,-0.00767127712783,-0.0167261011068
5314,0.00229605102103,-0.00864105884358,-0.00369526003548
5315,-0.00640566325243,0.000350092372542,-0.00333961437783
5316,-0.00966996543563,-0.00179299111187,-0.00753775066178
5317,-0.00763649620957,-0.0036391399264,-0.0113453044723
5318,-0.00318760471191,-0.00377588943267,-0.00501397311272
5319,-0.0113050325717,0.00314460284607,0.00220349275836
5320,0.00180452506447,-0.00778076790832,-0.007898578132
5321,-0.0055255802845,-0.00418604275852,-0.0133762611175
5322,-0.00366890544835,-0.00160870005418,-0.0113870416028
5323,-0.00348954462193,-0.00337784487521,-0.00155362330681
5324,0.000401322197385,-0.00644838290873,-0.00702627208424
5325,0.00220706025821,-0.00654368113072,0.00615352527614
5326,-0.00663371679995,-0.00399664366443,-0.0027365228753
5327,0.00172584947677,-0.00836822498117,-0.01132147258
5328,-0.0024274604205,-0.00183333036532,-0.0086263815407
5329,-0.00258044485211,0.00440565495881,0.0171220557183
5330,-0.00302753181126,-0.00616780132353,-0.00016899631599
5331,-0.00807695398968,0.000183982316945,-9.32894336468e-05
5332,-0.00655882684276,0.00182025572378,0.00565552436605
5333,-0.00175055607091,-0.00187437044938,0.0129534090116
5334,-0.000185321162889,-0.00407477300985,-0.0048593073106
5335,-0.0076665798345,0.000720487646425,0.0135633499513
5336,-0.00595763168054,0.00479768584017,0.0105075337048
5337,-0.0152698183705,0.00609739034811,0.00609821724665
5338,-0.00303503082802,-0.00238886639879,0.00171162289253
5339,-0.00104398226052,-0.00103526343543,0.00168886520098
5340,0.00366663042562,0.000587591381999,0.00535008993064
5341,-0.00995289487712,0.00208491079765,-0.00485340789243
5342,-0.000614385938951,-0.00390452550268,-0.0095466284561
5343,-0.0111851376033,0.00611692602492,0.020490853007
5344,-0.00257390015027,-0.00854115891521,-0.0139429059709
5345,-0.0105826637366,0.00384059057817,0.00400912594996
5346,-0.00231701560303,-0.00157030729305,0.00399266604879
5347,-0.00983720419319,-0.00138817446153,-0.00375341532496
5348,0.000666233421586,-0.00469871573179,-0.00245881913426
5349,-0.003504455937,0.00241829039883,0.0103910962662
5350,-0.000100046872743,0.00346405884179,0.0109229333748
5351,0.00124487776495,-0.00932148906094,-0.0190105643483
5352,-0.0116060593703,0.00400626663119,0.00344133094939
5353,0.00439818396852,-0.0113620305323,-0.0150008430683
5354,-0.0102458071514,0.00539398784923,0.00420278000852
5355,0.00311513066533,-0.00684667253537,-0.000790285613515
5356,-0.00316696273859,0.00106667091946,0.00401153599954
5357,0.00213836136445,-0.00354005109039,0.00117796074915
5358,-0.00768516970954,0.00412033980239,0.0149402230958
5359,-0.00175870744052,-0.012472357159,-0.0280925251146
5360,-0.00518553393187,0.000707285391822,0.00182171802066
5361,-0.00485918818834,-0.0040676759807,-0.00549443382931
5362,-0.00273408251006,-0.00168544251839,0.00310528426693
5363,0.00156681731927,-0.00336289016284,0.000206298845916
5364,-0.00366338412573,-0.00556319231851,-0.0120722748098
5365,-0.00171821182963,-0.00505163163311,-0.00857637192803
5366,-0.0061327158935,-0.00337555096409,0.00190301484163
5367,-0.00379585316075,-0.00099297525099,0.00104160516703
5368,-0.00671542624094,-0.000571962232213,-0.00262177189574
5369,-0.00760435994453,0.00606004336086,0.0171128000161
5370,-0.008876942498,0.00470203567042,0.0106014926404
5371,-0.00360392245179,0.000177036425365,0.00481418800531
5372,-0.0092858249013,0.00342922637888,0.00564365829186
5373,-0.019008676091,0.00655489176084,0.0180387080669
5374,-0.00369426523526,-0.00611830123702,-0.0182233546738
5375,-0.008140233206,0.000790612344525,-0.00268317501313
5376,-0.00453945042543,-0.00528353397033,-0.0227717560265
5377,-0.00677201557798,0.00175208844007,0.00437590471267
5378,-0.001268466253,-0.00630848414664,-0.0113490485631
5379,0.00207947979428,-0.0032095633904,-0.00323297504085
5380,-0.00513437769029,-0.00100818537114,-0.000598954393945
5381,-0.00610011638956,-0.00524218711874,-0.00769288889308
5382,-0.00192200152941,-0.00340549142036,0.00153508528168
5383,-0.00343183265531,-0.00262987282997,-0.00420013082643
5384,-0.00203220811619,-0.000682301567444,0.00408728959323
5385,0.00226984203632,-0.00670003493381,-0.00780418599378
5386,-0.00502629105152,-0.00525561978866,-0.0152698359347
5387,-0.00387224830469,-0.00138305117076,-0.00313917340478
5388,-0.0100098657387,0.00559596291422,0.010203302284
5389,-0.00405946142776,-0.000814765858246,0.00453337460663
5390,-0.00978924771142,0.00857500758975,0.0158139423618
5391,-0.00793662819168,0.00280169106911,0.000224238209061
5392,4.59041503114e-05,-0.000329289186093,0.00513406152298
5393,-0.00388811609761,-0.0103810348577,-0.0289454942772
5394,-0.01204245207,0.00653536754006,0.00895081816296
5395,0.00382590734016,-0.00538636254287,-0.0126247662399
5396,-0.00248472601944,-0.0111895494114,-0.0250894609286
5397,-0.00137739804439,-0.00144057333854,0.00201861219216
5398,-0.00435869307638,-0.00047595422627,0.00175330010068
5399,-0.00746477301323,0.00322849421798,0.00304294783326
5400,-0.00369542390167,-0.00309590517334,-0.00794626779779
5401,-0.013260294146,0.00331568128314,-0.00107178610295
5402,-0.0025310815557,-0.00156813815848,0.00289572138369
5403,0.00198085750544,-0.0128423987265,-0.0267585814983
5404,-0.00833370418925,0.00459093610554,0.00799628256512
5405,-0.00793697021465,-0.00394322920253,-0.0173837297332
5406,0.00685019075735,-0.011650807105,-0.0201718892916
5407,-0.00917874045691,0.00867888307345,0.0241096027207
5408,-0.00559747747757,0.00234916090446,0.0101015921272
5409,-0.00917163002387,-0.00564566567213,-0.0108786845019
5410,-0.0112385264734,-0.00118942204634,8.60138586465e-05
5411,0.00177329870125,-0.00402799650914,-0.0153162089149
5412,-0.00248332043509,-0.00302436316439,-0.0080015895278
5413,0.000969026192559,-0.00510481946022,-0.01542515712
5414,-0.000964057516687,-0.00619187291974,-0.00411472416992
5415,-0.00983901817178,0.00508058708454,0.0167180512194
5416,0.000683958622715,-0.00167133759429,-0.0061601327549
5417,-0.00884326270317,-0.00322803443465,-0.019716135934
5418,-0.00659601337623,0.00340114640525,0.00820285666833
5419,0.00337837764222,-0.0094490849986,-0.0122078611377
5420,0.000420698936239,-0.00165142337198,0.0071945229214
5421,-0.00362941020065,-0.0038618733445,-0.00389801925184
5422,-0.00670672301048,9.10863155246e-05,0.00951541801102
5423,-0.000479929332709,0.00105680493551,0.00331579229144
5424,-0.00188870060675,-0.00252110838573,-0.00117976817632
5425,0.00463495187158,-0.00595856587003,0.00446643320986
5426,-0.00399358563757,-0.00620343478741,-0.0138825846372
5427,-0.00399088231891,0.00066993180713,0.00545177015373
5428,-0.00247292510174,-0.00488974410892,-0.0130842515506
5429,-0.000496737772828,-0.00503980646001,-0.0181936469838
5430,-0.00724961155918,-0.00290473216169,-0.00176616136018
5431,0.00100643223343,-0.00619728644761,-0.00773493132244
5432,-0.00496697539449,-0.00467005713662,-0.0115764558988
5433,-0.00754582696429,-0.00288853970842,0.00770272912952
5434,-0.00243465495849,-0.00372947896943,-0.000955544143873
5435,-0.00896290471538,0.00963154651753,0.0140920156515
5436,-0.00389971352398,0.000344117995387,-0.00205721030385
5437,-0.00201585811362,-0.0068757378159,0.00177816946485
5438,-0.00483080068931,-0.00629036744346,-0.0217593486796
5439,0.000703986311039,-0.00500580449878,-0.00631857207035
5440,-0.00652288381633,0.002331550999,-0.000976491832528
5441,-0.00579729443805,0.00130286014052,-0.000920642474948
5442,-0.0118528029496,0.000510122767082,0.00293312384799
5443,-0.000274758553893,0.00124088270508,0.00168012593493
5444,-0.00115433806712,-0.00433181067903,0.00343307274635
5445,0.00594198046932,-0.0064085615352,-0.00617143303829
5446,-0.00436224806254,0.00516783278148,0.0112245476927
5447,-0.0105262067254,0.00185454364697,-0.00287210126855
5448,-3.40856531745e-05,-0.00423338592037,-0.00778553555381
5449,-0.00910058884493,0.000895695343712,0.00193263312367
5450,-0.00845443589809,0.00571136562458,0.00212147794965
5451,-0.00445362323588,2.51200906128e-05,0.00479220618954
5452,0.00107635088918,-0.00710795628142,-0.00846651808846
5453,-0.00544372586287,-0.0063252528864,-0.0138954428453
5454,-0.0108148892665,0.00193898773848,0.0114162940433
5455,-0.00862167793393,0.00299589710975,0.0100904826257
5456,-0.00664930302193,-0.00175214887477,0.00253757402249
5457,-0.00074984979435,-0.00374884012379,-2.18909257557e-05
5458,-0.00770374062117,0.00511021396502,0.0138342483189
5459,-0.00496194263865,-0.00316381275038,-0.00949371853502
5460,-0.00585051327903,-0.00480457378468,-0.0182165702765
5461,-0.00117440771713,-0.00169671756422,-0.00679040382543
5462,0.00608727537097,-0.00990383048144,-0.0172888631334
5463,-0.0114101562046,0.000320200695987,-0.00839916875702
5464,-0.00860055771038,-0.000514834126797,-0.00431509215363
5465,-0.00350120500578,-0.006509026431,-0.00594987349557
5466,-0.00708155246363,-0.00165042141951,0.00631709140374
5467,-0.00310987344848,0.000336399026828,0.00881699370072
5468,-0.00762539389916,0.000442260757548,-0.00423930272919
5469,-0.00227583847128,-0.0056436395732,-0.00872748475262
5470,-0.00394203543271,-0.00279013325001,-0.0027833821078
5471,-0.00848481115826,-0.000670839560114,-0.00607197699431
5472,-0.00801805795881,0.00183482319681,-0.00307166100561
5473,-0.00830052886376,0.00177332543833,0.000894253470871
5474,-0.00514102921367,0.000370906809585,-0.00407945793768
5475,-0.00554126235423,0.00564241509656,0.0113311949211
5476,0.00162133517956,-0.0132658647328,-0.0226124328891
5477,-0.0128684110286,0.00116708113019,-0.00996395865697
5478,-0.0102097107288,0.00756808259594,0.0215488818938
5479,-0.0110475732291,5.43418175609e-05,-0.00215125575852
5480,-0.00389093329843,0.00338954014235,0.0138547395486
5481,-0.00244918915721,0.00076147038207,0.0100727926054
5482,-0.00257291942553,-0.00774064557491,-0.0267562002662
5483,-0.00222453288185,-0.00160804814491,0.0024244056167
5484,0.00181140045988,-0.0092337345867,-0.0126911055017
5485,-0.00639854936097,-0.00103500181225,-0.00327513766609
5486,-0.00838549021297,-0.00149674541205,-0.000331585999553
5487,0.00373862818948,-0.00617149685441,-0.0172887853977
5488,-0.00140045666753,-0.000565994816433,0.00442260407779
5489,-0.00733346343672,0.00537317847376,0.0114384405017
5490,-0.00365070864545,-0.00250523467871,0.00806985904674
5491,-0.0112640775313,0.00845533486021,0.0106812574986
5492,-0.00744342543185,0.000213918711584,0.00506352361957
5493,-0.00316168628721,0.000852892612812,0.0132916499722
5494,-0.0041271792964,0.000261981472046,0.000699086321735
5495,0.00161573938633,-0.00139460802955,-0.0017599608239
5496,-0.000741023535142,-0.00703654095159,-0.0123265272465
5497,-0.0138789431812,0.00342918304327,0.00112005083285
5498,-0.00874364354264,0.0115034061302,0.0140889367344
5499,-0.00350231625562,0.00416387006056,0.0155267812804
5500,0.00256516815,-0.0102873054561,-0.0187545715779
5501,-0.00661569284159,-0.000554802451678,0.00313287586346
5502,-0.00969196437945,0.00409066669012,0.00882597442509
5503,-0.00717655230098,-0.000500627042584,0.00153278941414
5504,0.00131616320084,-0.00165194572255,0.00197066655483
5505,-0.00764836042133,0.0025337606836,0.0125202016073
5506,-0.00346521775478,0.0010450870914,0.00253820845173
5507,-0.00172101046494,-0.00167352129131,0.012423572722
5508,-0.00141801679131,-0.00327704521394,-0.00567219437061
5509,-0.0113847173967,0.0007718377577,-0.00999643581551
5510,0.0011215570065,-0.00225641630269,0.00358153748303
5511,-0.00566744438811,-0.00516333835864,-0.00797661748471
5512,9.79231880421e-05,-0.000769354494085,0.000511410844626
5513,0.000171148884842,-0.00857923400942,-0.0016258739764
5514,-0.0024543070444,-0.00665315711823,-0.00620382384902
5515,-0.00554868782495,-0.000905676603841,-0.00156466770739
5516,-0.0109193472323,-0.0033002360636,-0.00247518730736
5517,-0.016214784995,0.00960745553706,0.0104477311014
5518,-0.014714509518,0.00592988076378,0.00632737257524
5519,-0.00343428620063,-0.00203550907032,-0.0036093366282
5520,0.00904001775307,-0.0144631207627,-0.0189953653055
5521,-0.00413768033732,-0.00358024764876,-0.00414569467092
5522,-0.00862274608732,-0.00265778911664,-0.00375828477071
5523,-0.00493764871772,0.000279742527938,0.000986870074875
5524,-0.00163673081678,-0.00143032697642,-0.00519242303691
5525,-0.00564384052839,0.00142485941332,-0.00713094685983
5526,-0.00882086806412,0.000557022629791,0.000656390067986
5527,-0.0154688942586,0.00839180134813,0.0162314233088
5528,-0.00567056904295,0.00110995341683,0.0117719696496
5529,0.000885090894713,-0.0040349850874,-0.00139734299765
5530,0.0025573631003,-0.0104443297912,-0.0184746053018
5531,-0.0125581690804,0.00533494789084,0.0100916312665
5532,-0.00690333533692,0.00172318768951,0.00319961200583
5533,-0.00214504085627,-0.00600615949294,-0.0114773545739
5534,-0.00229372854278,-0.00533085668864,0.00206701631873
5535,4.03784965038e-05,-0.0110783445332,-0.0274192453767
5536,-0.0018551679189,-0.00598035905639,-0.0115732353306
5537,0.0023360183895,-0.00380055428211,0.00463486399104
5538,-0.00921403101201,0.00534965794673,0.0121038633861
5539,-0.000699538423786,-0.00230952713593,-0.00360893508449
5540,-0.0075365283949,0.00282294506933,0.00376482808396
5541,-0.00426883835341,-0.00400077752047,0.000474814130702
5542,-0.0102965683087,0.00455501240177,0.00971997883728
5543,0.001001934055,0.00156845921649,0.0116432486715
5544,-0.00150498949948,-0.00222008211915,0.00106043049973
5545,-0.000282471377696,0.000272821487636,0.0117074183417
5546,-0.00552916807998,0.00237622789888,0.00897925227711
5547,-0.00230258880365,-0.00248395922994,-0.00844072525499
5548,-0.00413571866623,0.00270244348702,0.0200385714947
5549,-0.00834394937637,0.00396670107318,0.0142638211135
5550,-0.0111990786158,0.00339230100211,0.00530093878433
5551,0.00115535966425,-0.00951791026167,-0.0151989121471
5552,-0.00121929465064,0.000726223959979,0.0165089905277
5553,-0.00813583660943,-0.000248556073286,-0.00418067828684
5554,-0.00901210924081,0.0033591700666,0.0111145112324
5555,-0.0100483346731,0.00554423603642,0.0163960327372
5556,-0.00570433463002,-0.0032581447527,-0.00657510119277
5557,-0.0066071819361,0.00066878577481,-0.00736118986403
5558,-0.0105618651109,0.00331303452499,0.000968203192275
5559,-0.00925459969767,0.00184518732449,-0.005182149225
5560,-0.00988614315333,0.00414900863763,-0.00178147784842
5561,-0.00132396523722,0.000547887634632,0.00419013284127
5562,-0.0114336918387,0.00834526503145,0.0233452188043
5563,-0.0131824241713,0.00153397638873,-1.17708222158e-06
5564,-0.019961946013,0.00921642145478,0.0127826400464
5565,0.000511064291856,-0.00114826010565,0.000881226266884
5566,-0.00559236757417,-0.00102982518332,0.00657946811604
5567,-0.00389100879141,0.00118681212767,-0.00339687749083
5568,-0.0052414340783,-0.00381469629174,-0.00152050335887
5569,-0.0122055001951,0.00507677556523,0.00754297064333
5570,-0.00127810492687,-0.00362423912893,-0.0054227942061
5571,-0.00835532323198,0.00678942341094,0.0176351949457
5572,-0.0122681700164,0.00902291923152,0.0180194999718
5573,-0.00953774291928,0.00388145547238,0.0101792558414
5574,0.000780889248187,-0.00624225156087,-0.0134994231439
5575,0.0013301044546,-0.0136677051309,-0.0308031502166
5576,0.00420658384988,-0.00664113881902,-0.0146071960979
5577,0.00284111246241,-0.00457753855807,-0.000227752144741
5578,-0.0001427847944,-0.00816091421846,-0.0155796514924
5579,-0.00417933089543,-0.00587004340542,-0.0137743349562
5580,0.00226851822075,-0.0131453098271,-0.0245407690675
5581,-0.0100847092597,0.00146067315767,-0.000272737268228
5582,0.00372274933907,-0.00909866653894,-0.006609662946
5583,0.00529372795529,-0.00919689058842,-0.0214652433464
5584,0.000185731069392,-0.00229457038839,0.00515258098631
5585,0.000600296867321,-0.00479579826076,-0.00764685169605
5586,-0.00254841765852,-0.0096813148025,-0.0290051951519
5587,-0.00256335599272,0.0012024802306,-0.00026197915485
5588,-0.00193756155839,-0.0033680337704,-0.00144568563543
5589,-0.00503530118659,-0.00245702768841,-0.00633264318462
5590,-0.00600274516737,0.00176899789115,-6.66697365825e-05
5591,-0.00542586171195,0.00503801763325,0.00819015639826
5592,-0.00397414450097,0.000716015083859,0.00786606332281
5593,-0.0129578135426,0.004813900609,0.015708951382
5594,-0.00221325165805,-0.00702270120171,-0.004098828488
5595,-0.00747156144461,0.00480559029135,0.0127276244136
5596,-0.00229709119019,-0.00149663066303,-0.00327232328078
5597,-0.0021690687158,-0.00541365621721,-0.0151755019945
5598,6.57136344845e-05,-0.00700182550027,-0.0101388243042
5599,-0.00528257820809,-0.00375054061094,-0.00846029957763
5600,0.000546620787473,-0.00987691362513,-0.00859299837004
5601,-0.00927387824028,-0.00172748356646,0.000411905989
5602,-0.00102391659023,-0.00648261918275,-0.0181481776518
5603,-0.00470523125903,0.00696960661343,0.02298322921
5604,-0.001468243903,-0.00170873820789,0.00585751205573
5605,-0.000986846094198,-0.00287495679166,-0.0027594769879
5606,0.00138435838631,-0.00786869510128,-0.011243535082
5607,0.00091217322914,-0.0139247395559,-0.0228160137809
5608,-0.0022351248438,-0.000294491904185,-0.00156542961264
5609,-0.0141408792077,0.00867488303475,0.0171812691347
5610,-0.00756694409847,0.00156834938666,-0.00140003520103
5611,-0.0117930998242,0.00484072458333,0.00514908545842
5612,-0.00366938702479,-0.00200584726879,-0.00102667077651
5613,-0.0140737721633,0.00882407564873,0.0119432584361
5614,-0.0134861570004,0.00498846128656,0.013437583157
5615,-0.00456588664027,0.000664608860935,-0.000585340662616
5616,-0.00530795872975,0.00434695649251,0.0181103117681
5617,-0.00837374418867,0.00578377291696,0.0145014573527
5618,-0.00301938820853,0.00228640258507,0.0047902830762
5619,-0.00780324771554,-0.000655362947575,0.00651845137976
5620,-0.0103164546462,0.000642661114435,-0.00204521960633
5621,-0.0112410558381,0.00215743655247,0.000289467726365
5622,-0.000762440639771,-0.00320139579104,-0.00344714634151
5623,-0.00120736926073,-0.00151975635602,0.00178438173401
5624,-0.00647893272142,0.00109149013583,0.00856105137385
5625,-0.00990960346182,0.00684605926706,0.0233039396245
5626,-0.00871148331957,-0.0040077563021,-0.016107756209
5627,-0.00396707692262,-0.00453110189488,-0.00719106861404
5628,-0.0062069849059,-0.00269338385546,0.00138987448408
5629,-0.00918614110068,0.00135528498339,0.00334551806568
5630,-0.0070366995933,-2.8472005868e-05,0.00209553843729
5631,-0.00660921583707,-0.00193560444311,-0.00455481791139
5632,0.00756278799445,-0.00716434945655,-0.00981893592994
5633,-0.00582382233611,-0.000984579364899,-0.00466261331458
5634,-0.0126345355849,0.00233157441663,0.0130592281713
5635,-0.00792862206161,0.000606825648324,-0.00192648031641
5636,-0.00118402287803,-0.00149424468408,0.0040766358595
5637,0.00150865007885,-0.00631129236077,-0.0123844774081
5638,-0.018291274626,0.000682831920011,-0.0126989428292
5639,0.00634871964416,-0.0109474499423,-0.0150419876532
5640,0.00055984923189,-0.0011989893025,0.00113309345646
5641,-0.00881622707961,0.00945080448936,0.0204940143078
5642,0.000411536190105,-0.00351588011605,0.00169534932226
5643,-1.48562827906e-05,-0.000604922127077,0.0118699511172
5644,-0.000137983125236,-0.00600021401572,-0.00832729728476
5645,-0.00786485306525,0.000709784771418,6.60399003904e-05
5646,0.000852660725998,-0.000966796358218,0.0168622792396
5647,-0.0152339019105,0.00642848051964,0.00993135132684
5648,-0.00593885430062,0.00346197038965,0.00855042405293
5649,0.00517794143954,-0.0105666173606,-0.00665773827793
5650,-0.0058886238033,-0.000645890631502,0.00318152541117
5651,-0.0111087580565,0.00164674316463,-0.0144201737149
5652,-0.00996619095765,-0.000374322831079,-0.00963409686063
5653,0.00432148214827,-0.0115344002809,-0.0235692913387
5654,-0.00257174475246,-0.000504690528146,0.00166056055873
5655,-0.00785114000765,0.00221585608862,0.00503509308701
5656,-0.00650245679357,0.00252883236667,0.00796853685813
5657,-0.00873975787233,-0.00456414065047,-0.0235343360917
5658,0.00335081917367,-0.00176526071561,0.00277512731156
5659,-9.62291395328e-05,0.00169401388221,0.013808123624
5660,-0.0103549852687,0.00663564223682,0.010412315914
5661,-0.00809407335676,-0.00203013970632,-0.00386038830346
5662,0.00467585219885,-0.00704138052703,-0.00888055268841
5663,-0.00744145989818,0.000888046958628,0.00596317692403
5664,-0.00679065750699,-0.00402250612129,-0.0222571812349
5665,0.00378284402902,-0.00581970958911,-0.0140958137563
5666,-0.00566896527463,-0.00225120224406,-0.00382517525289
5667,-0.00376191938695,0.00120872946138,-0.00299611118251
5668,0.00125359431938,-0.00350372438042,-0.00634275036822
5669,0.00126144579299,-0.00220044231559,0.00166125723485
5670,0.000569003160803,-0.00240813128986,0.000135745167259
5671,0.00245272213547,-0.00617070179682,-0.0150369197132
5672,-0.00836059300975,-0.000439645826631,0.00903078436442
5673,0.00425246929784,-0.00877918304485,-0.0106110012851
5674,-0.00943204388806,-0.000784777720336,0.00621094998589
5675,-0.00605466162077,-0.00238414527689,0.00468149238046
5676,-0.00888703323901,0.000149091188419,-0.00804470242422
5677,-0.00101635725852,-0.00121072598222,0.000448423654836
5678,-0.00656661909744,0.00143854561624,0.00432695816249
5679,-0.00307530098352,0.00257794147922,0.00650941831991
5680,-0.000570364149666,-0.00179051867006,-0.00461281977062
5681,-0.00844566170252,0.00271932405805,0.00455731269016
5682,-0.00427174903456,0.00220923949832,0.00633535590682
5683,-0.00244217468927,-0.00107051694763,0.0026376039019
5684,-0.00516431552195,-0.000722787514074,-0.000535274641996
5685,-0.00663174397076,-0.000109981327836,-0.0079894078978
5686,-0.00338462649562,-4.43304279168e-06,0.00430148639295
5687,0.00017807012426,-0.00484043653391,0.00317640278383
5688,0.00596885532789,-0.00627073564664,-0.000621836460462
5689,-0.00293629991594,-0.00603332023436,-0.00730415425032
5690,-0.00396974862095,0.00468433411755,0.00840965170508
5691,-0.00346690458627,0.00241388010226,7.0030611581e-05
5692,-0.00446609046504,0.00132251905846,0.00911752865327
5693,-0.00640174721729,0.000682137968149,0.00879516953738
5694,-0.0123816990569,0.0115388549026,0.0276184401186
5695,0.00582039280254,-0.00953717146737,-0.0148327112365
5696,-0.00143758757384,-0.010103125545,-0.0236101834709
5697,-0.004515000549,0.000250157825582,0.00555007405618
5698,-0.00256627660495,-0.00288245302985,-0.00729254070512
5699,-0.00343447281327,0.00331576951137,0.00599391736348
5700,0.0079307343053,-0.0117836712457,-0.0153530551478
5701,0.0016811759091,-0.00408435686216,-0.0105541612299
5702,-0.000806126783757,-0.00613792077302,-0.0135198751724
5703,-0.0117048783759,0.0120862304138,0.0270011623298
5704,0.00151649354146,-0.008799804612,-0.014110875058
5705,-0.00417072488204,-0.00106384729404,-0.0053835811169
5706,-0.00741689880122,0.000584899086455,0.000143041462504
5707,-0.0042675996821,-0.0049585398718,-0.0224709351188
5708,-0.00881558187068,0.00410852083079,0.00752042011162
5709,0.00477946793656,-0.00469870774125,-0.00086654809886
5710,-0.00950103189925,0.00443891419269,0.0136061269189
5711,-0.00786626939067,-0.00436204274764,-0.00935922878157
5712,-0.010367406566,0.00166683195628,0.0107145671874
5713,-0.00298051804641,-0.00235433776684,0.000879881351156
5714,-0.00682070455082,0.000651735203201,0.000135750307791
5715,-0.000783985844588,-0.00408942459507,0.00439717619289
5716,-0.00482778634859,0.00116209835168,-0.00431578157145
5717,-0.00452386309051,0.00175775806773,0.00960121824589
5718,-0.00269209749762,-0.0118825287171,-0.0294358837751
5719,-0.0123492530768,0.00435575463103,0.0163537596614
5720,-0.00827212573749,0.00330007847009,0.00973309050984
5721,-0.0115478103001,0.00461265605356,0.0032496662265
5722,-0.00368815290624,-0.000655744678994,0.00554711304948
5723,-0.00140327498736,0.00264108974653,0.00478861949321
5724,-0.00647497164586,0.000738816963174,0.00295788208944
5725,-0.0049901804124,-0.00515885398005,-0.0144062215632
5726,-0.0133338881959,0.00786226248072,0.0192667854612
5727,-0.00180664448974,0.00677612823673,0.0159613491935
5728,-0.000842094744102,-0.000417643329043,0.007557001482
5729,-0.00788385993174,0.00248011090665,0.00770044416393
5730,-0.00391381069674,0.00297453373585,0.010054058593
5731,-0.00359444194406,0.00162572489924,0.00575070116055
5732,-0.0152039036161,0.00280814483215,-9.16502666434e-05
5733,-0.00533065988581,-0.00221357749435,-0.000625737395746
5734,-0.0140592860498,0.00465069403992,0.016507826827
5735,-0.0147288784176,-0.000357158375912,-0.0122632676805
5736,-0.00385105779444,0.00248829245389,0.00761129362334
5737,-0.00556033695057,-0.0038097010211,0.00146108493679
5738,-0.00965893314295,0.00571898016213,0.0222731389748
5739,-0.00610084484659,0.00192949181285,0.000659572578617
5740,-0.00347655425255,-0.00279424083248,-0.0151476556697
5741,-0.00285321522329,-0.00456314422539,-0.00750343286322
5742,-0.00256287729735,-0.00578748925042,-0.00927880229901
5743,-0.00532802416234,-0.00689117564562,-0.0149621397541
5744,4.38656340063e-05,-0.00709098192182,-0.0080850991357
5745,0.00128518383514,-0.0130958582074,-0.0277210499027
5746,-0.00622916544169,-0.00534694474253,-0.0155100202486
5747,0.0046585001909,-0.0104802941565,-0.0114255626542
5748,-0.0157739173685,0.00671516556317,0.00709257474896
5749,0.000303659513275,-0.00180782070984,-0.0124468626899
5750,-0.00609345137506,-0.00338311894878,-0.00303887452717
5751,-0.00239106054017,0.00178878410186,0.0109942551872
5752,0.00227120087862,-0.000928829007915,0.000687836326446
5753,0.00453552499969,-0.00563491276302,0.00104007574198
5754,-0.0113914194847,0.0034493032385,0.0111102241682
5755,0.00271550498142,-0.00329167181483,0.00835647799872
5756,0.0065716095445,-0.0092988381636,-0.00760821131365
5757,-0.00179629282999,0.0017790378795,0.0116982296447
5758,-0.00871994096622,0.00230097915071,0.0151572425983
5759,-0.00749258627104,0.00720288398131,0.0199942715695
5760,-0.00752823342294,8.91227591177e-05,0.00106800290143
5761,-0.00268992703665,0.00418430345483,0.0165325891708
5762,-0.00536925648331,0.00131706012502,-0.00282519170215
5763,-0.00181154612119,0.000482698216572,0.0163515240751
5764,0.00359364403044,-0.0143276760048,-0.0177183615655
5765,-0.00779477848475,-0.00806498423461,-0.0138775940248
5766,-0.000848709729033,-3.17453439138e-05,0.00758748906079
5767,-0.000990866034178,8.50096720614e-05,-0.00193305582485
5768,-0.00582809907489,-0.00810261828798,-0.010933213697
5769,0.0045798272399,-0.00797897401068,-0.00111844947935
5770,-0.0128581689776,0.00405340060994,0.00297673415284
5771,0.00803454469263,-0.0133302362058,-0.0200507616815
5772,-0.00653879744432,-0.0011983558018,0.00796520362089
5773,-0.00299343868193,-9.04066893886e-05,0.00219817906287
5774,-0.00973644198965,0.00290133081078,0.000707095222497
5775,-0.000245240268357,-0.00242595753138,0.00604592683571
5776,-0.000706287256068,-0.0114134997539,-0.0256469053744
5777,-0.00345236821423,-0.00390996181612,-0.00648202541987
5778,-0.00445204487614,0.00217961501024,0.00575480280701
5779,-0.000764651225711,-0.000420378190344,0.011120646684
5780,-0.00446733287267,0.0021641206022,0.0038828551597
5781,0.0110575388925,-0.0141255163775,-0.0236799305657
5782,-0.00431813859262,0.00318910289966,0.00760733361039
5783,0.000150697831541,-0.00215594211022,-0.00162013512238
5784,-0.00308086364754,0.00284396630911,0.013445992271
5785,-0.00820610035163,-0.00890086872673,-0.0163578471368
5786,0.00126308585773,-0.00348263248695,-0.0133456507403
5787,-0.00709393422945,0.00273261505537,0.00522566297881
5788,-0.0184637582035,0.0106771560101,0.0169283629078
5789,-0.00500897590928,-0.0078717743916,-0.0252226545967
5790,-0.010771709018,-0.000341301019697,0.00423682369874
5791,-0.00552451797963,-0.00266446927517,0.00232266704881
5792,-0.00348575510098,-0.00358638323231,-0.0103273434666
5793,-0.00839944626219,0.0013487425223,0.00765258570322
5794,-0.00173091342777,-0.00433861304936,-0.018322190453
5795,-0.0104461546203,0.00443556197587,0.00113127925653
5796,-0.00598952620493,-0.00161632776829,-0.0057404086866
5797,0.00227359475578,-0.0030632762325,0.00320707568594
5798,-0.0129827219112,0.00596908107225,0.00680229209161
5799,-0.00772500320246,0.00171733445807,0.00343329160901
5800,0.00272029150596,-0.0045156950352,0.00163615565026
5801,-0.00737120530583,0.00381996404473,0.0120802882825
5802,-0.00773448318645,0.00545803781063,0.0173661427172
5803,-0.00462175363068,0.00239622686304,-0.0028345633311
5804,-0.00642436610854,-0.0012698998957,-0.00767058582242
5805,-0.00781329950736,0.00740003487108,0.0175635806343
5806,-0.0071852454835,-0.000996058937194,-0.00694867840274
5807,-0.00650322210534,-0.00178633848112,-0.0040209459046
5808,0.000380938868599,-0.00515375245364,-0.00599471555772
5809,-0.00308892810074,-0.00116234870228,0.00418943577307
5810,-0.0112843399269,-9.46116907902e-05,-0.00331169524966
5811,-0.00952495946285,0.0034496686741,0.010449475034
5812,-0.00950720372417,0.00137687222634,0.0102536460935
5813,-0.00527095873867,-0.000752562180697,0.00326285922591
5814,0.00733570504508,-0.0144622360116,-0.0188813492218
5815,-0.00884373505513,0.00275305428861,0.00397330351641
5816,-0.00233968830366,0.00283857264757,0.010142268307
5817,-0.000523113761541,-0.00465321374264,-0.0106429604487
5818,-0.00156137449114,-0.00262693195867,-0.00875388072365
5819,-0.0028530969104,0.0107755150789,0.018889216952
5820,-0.00248137088482,0.00239193802392,0.0120262379313
5821,-0.00703172062799,0.000978831053481,0.00576995030057
5822,-0.0126310412747,0.00738035744948,0.0139889532631
5823,-8.48335750879e-05,-0.00294267946924,-0.0133164108124
5824,-0.0123291285159,0.0101864904071,0.0237523327622
5825,-0.00231088078366,0.00263228013788,0.017930434657
5826,-0.00271334856165,-0.00418480504854,-0.00646901596329
5827,-0.0069046735558,-0.00501821185097,-0.00437463046836
5828,-0.00227483333094,-0.00152736354209,-0.00646452353182
5829,-0.00370003235513,-0.00193489177428,0.00471566987275
5830,-0.000938378399518,-0.00391489139454,0.00490780558559
5831,-0.00698392767475,0.00453232057918,0.00509772822851
5832,-0.00647639394247,0.0050553414345,0.00534453091728
5833,-0.0116252348919,0.000294967089578,0.000975668550236
5834,0.00216952319607,-0.00540493473854,-0.00231430075103
5835,-0.00832069521341,0.00132404449226,0.00780409017839
5836,-0.00667031865085,-0.00448375921327,-0.00256176169818
5837,-0.000569248576787,-0.00230202428644,0.00595383626163
5838,-0.00849393160733,0.00182592144774,0.000361999317315
5839,0.00257316762458,-0.00706332220952,-0.00282303901278
5840,-0.00719328101422,0.00403097964437,0.0135034199726
5841,-0.00339880545576,0.00263014309824,0.00971264264132
5842,-0.00832211095034,0.0020070882588,0.0114970719076
5843,-0.00958023398821,0.003563786207,0.00733262397274
5844,-0.00746986641776,0.00275774593818,0.0030824706327
5845,0.00650817455426,-0.00772670214839,-0.00541120705475
5846,-0.00298758980819,-0.0101742452671,-0.0130455554824
5847,-0.0025209241808,-0.00807629320355,-0.00906022936219
5848,-0.00233493372918,-0.00256146753683,0.000665128103057
5849,-0.00672796487612,-0.000561410378936,0.0141801222389
5850,-0.00838533994598,0.00140348360873,0.0138893083302
5851,-0.00923008581581,-0.0030161126657,-0.00580008670091
5852,-0.0105413182819,0.00359124264331,-0.00268564079581
5853,-0.000751933733985,-0.00659928300382,-0.00793807208246
5854,-0.00604189078529,-0.00494663120406,-0.00458083781353
5855,-0.0072733179411,0.0032956490835,0.0203526456711
5856,-0.00410531363451,-0.00345329814778,-0.00989480484999
5857,0.00264026125762,-0.00607213420864,0.00365521849211
5858,0.00415984674276,-0.0112253357564,-0.0168249970543
5859,-0.00814463824652,0.00493968331251,0.0164174025373
5860,-0.00643858788783,-0.00187203962144,-0.00456473903255
5861,-0.00219435261071,-0.00713673294347,-0.013424775647
5862,-0.0041574404297,-0.00273697316497,0.00670927005433
5863,-0.00234566640946,0.0041510208642,0.0150397230423
5864,-0.0109507915263,0.0047293254805,0.00158369582244
5865,-0.0101275746837,0.00601817993504,0.0157417018829
5866,-0.00696094373749,0.000314409585449,-0.0060666491477
5867,0.000219456388543,-0.00330909136695,0.000770692450618
5868,-0.00682860978726,0.00218552541877,0.0133574260698
5869,-0.00259749900661,-0.00241791016998,-0.00619445156409
5870,-0.00690279068366,0.00384106923101,0.0109036443229
5871,-0.00818331733597,-0.00232051794791,-0.0167822524082
5872,-0.000834668001774,-0.00404225630153,-0.00346271015928
5873,0.00385307348679,-0.00737974560522,-0.00365211763762
5874,-0.0023008666663,-0.00547525202657,-0.00137511491676
5875,0.00368714284478,-0.00295531002148,-4.17522985825e-05
5876,-0.00613960176532,-0.00775579517109,-0.0177169173975
5877,-0.00921304614506,0.000467813286996,-0.00317474251387
5878,-0.0148052116722,0.00948642317175,0.00846841994375
5879,-0.00219008147547,-0.00262278761779,-0.00118521049725
5880,-0.00421269609032,-0.00438740315854,-0.00394943073409
5881,-0.00513680155859,-0.00464389539775,-0.0201932709174
5882,0.00108597789947,-0.00372093853445,0.000345211591251
5883,-0.000824724684247,-0.00344746634706,0.00440710825718
5884,0.00113711043483,-0.0040394687261,-0.00638312447141
5885,-0.00548116750962,-0.00344582603296,-0.00327604865079
5886,0.00295261544367,-0.00629717283716,-0.0106611684291
5887,-0.0111810111296,0.0101171324409,0.0160103755431
5888,-0.00228600579437,0.00687933316629,0.0119934011456
5889,-0.00676609028839,-0.00150651729913,0.00381732128684
5890,-0.0121238839567,0.00777367706885,0.016412096613
5891,-0.0214609446786,0.00551233080498,0.00228102231632
5892,-0.0109211052799,0.0108598992683,0.0210723905536
5893,-0.0047532465285,0.00542606853398,0.0190943902097
5894,-0.00802211165718,0.00474753133236,0.0116907230511
5895,-0.00905125765918,-0.00084729082089,0.00075403203691
5896,-0.00560828609827,-0.00532257481428,-0.0031908691571
5897,0.0002569956233,-0.00172653501486,0.0061791977802
5898,-0.000453594433315,-0.0091381550438,-0.00654025001655
5899,-0.0113259808103,0.000612864227133,0.0170864417148
5900,0.000404921164444,-0.00473712533745,-0.00524094152203
5901,-0.0173875850591,0.00689225023854,0.0126249867326
5902,-0.000962616938341,-0.00668549416535,-0.000670637148362
5903,-0.00522138755641,0.0063289368537,0.01506427629
5904,-0.014887118055,0.0099673699535,0.0170519985275
5905,-0.00419736105237,-0.00263093779739,-0.0101889711933
5906,0.00333938348935,-0.00150121692882,0.00872733402193
5907,-0.000499237659153,-0.00806582369841,-0.0217650877064
5908,-0.0137118504291,0.00403026624094,-0.00147916885447
5909,-0.000562487697526,-0.00190953141096,-0.00135563366304
5910,-0.00267474147983,-0.000642646035509,-0.00524013859868
5911,-0.00598651412343,0.00372499774418,0.00904483808886
5912,-0.000228144347825,-0.00496881754211,-0.0117839897868
5913,-0.000881030044131,-0.00590016747004,-0.0100151283751
5914,-0.00398601517651,0.00670850982419,0.0281566626192
5915,-0.00766778451817,0.00230929749254,0.0124044159442
5916,-0.00735435147595,-0.0043002490414,-0.00676262835297
5917,0.000755793358861,-0.00309508188295,0.00438658675847
5918,-0.00133841251349,0.00139553017808,0.00196564953927
5919,-0.00135313625569,0.00251605582452,0.0102227016153
5920,-0.00493130502737,0.000493069382486,0.00345886257082
5921,-0.00720096543093,-0.00282518447953,-0.000228678850419
5922,-0.00861445139315,-0.00367220370193,-0.00630268353911
5923,0.00062535501235,-0.00799550044048,-0.00919891560537
5924,-0.0114789460152,0.00179591472774,-9.59708670091e-05
5925,-0.0105861850409,0.000485967937446,-0.00526655406351
5926,-0.00577860605179,-0.00464813155616,-0.0145371880303
5927,0.00322422373766,-0.00783649541714,-0.00599972769259
5928,-0.011205858262,-0.00070958681048,-0.000159743914758
5929,-0.00861002247671,0.000215421397851,0.000958461787556
5930,-0.00411861783764,0.00309472286302,0.0023105428778
5931,-0.00723527159864,-0.00774262967345,-0.021868787829
5932,-0.00174627007869,-0.00226272659059,-0.00675318032618
5933,-0.0044987283141,-0.0069998241047,-0.0140125972925
5934,-0.00714766566624,-0.00401835892527,-0.00303542254233
5935,-0.00398091537405,-0.00011694516221,-0.0111109703562
5936,-0.0160835454416,0.0126948731,0.0337842357508
5937,-0.00409025492917,0.00177038703425,0.0055205278904
5938,-0.00281210856243,0.000784352338766,-0.00317511617867
5939,-0.00145096536185,-0.00301573665629,-0.000137595767504
5940,-0.00796544282039,-0.000543438780947,0.00471185447853
5941,-0.00395144114251,-0.000683307354861,-0.00503273402088
5942,-0.00748690549483,0.00298927782956,0.00368467141332
5943,-0.00784856721737,-0.00373528821999,-0.0118162901655
5944,-0.0012953493035,-0.00164986920471,-0.000725587340856
5945,0.00320597348012,-0.000602669474868,0.00317257941564
5946,-0.0129304488288,-0.000371412282319,-0.00803592461166
5947,-0.00525893067088,0.00302356972575,0.0185879554376
5948,-0.00881658693497,0.00260648316267,0.0106506992105
5949,-0.00849254991003,-0.00101293077911,0.000229744358662
5950,-0.00714866719242,0.00457622466287,0.0122513495216
5951,-0.00642582774745,0.00339224105907,0.00827122746851
5952,-0.00813150406906,0.00451846704152,0.00959714291976
5953,-0.00408119384102,0.00206655517485,0.0176911888304
5954,-0.00311185796664,-0.00262938836235,-0.0015652841277
5955,-0.00899726882979,0.00766864902811,0.0228897115407
5956,-0.00531258267309,-0.00440158962989,0.000296666737651
5957,-0.00349879519539,0.000861067892487,0.00105233642795
5958,-0.0132049857002,0.00259427046621,0.00189831885458
5959,-0.00664137004214,-0.00376275567472,-0.00693329438237
5960,-0.00693690662536,-0.000640802476686,0.00699514672063
5961,-0.0113792358468,-0.00210673507113,-0.002936309665
5962,-0.00418404314893,0.000136477433674,-0.00135500707116
5963,-0.00951987647164,0.00324660030596,0.00982437946794
5964,-0.0051844927304,0.00321791379842,0.00682996461862
5965,-0.00791717538306,0.0033018186923,-0.00628701215885
5966,-0.00659684916419,-0.00679375264197,-0.0127111774089
5967,-0.0105055331182,-0.00137233817052,-0.00310837809124
5968,-0.0131201802443,0.00389071877331,0.0166198837238
5969,-0.00742350718637,0.0034107285326,0.00693147815403
5970,-0.000671134356447,-0.0035646961473,0.00243674618975
5971,-0.0114904927808,0.00477790644725,0.00428107866488
5972,-0.00919856367114,-0.000428130114184,0.00251558634409
5973,-0.00884613133158,0.00135271948191,-0.000611879650836
5974,0.00547571521516,-0.00538437571856,0.00613611730284
5975,-0.00943078150176,0.00391417199419,0.00409782265751
5976,-0.000550745167527,-0.000500090789262,0.0143680742345
5977,0.000748512182301,-0.00772906464547,-0.00442553927822
5978,-0.0133699931652,-0.000610798015339,0.000449042660896
5979,-0.00584221153432,0.00298411142251,0.0149173476666
5980,-0.00587797286672,0.0031695812465,0.00883954822887
5981,-0.0061825450219,-0.00606632770438,-0.0142880115727
5982,0.00246389483214,-0.00782501805794,-0.0116064911725
5983,-0.00890083317848,0.0072200695655,0.0146908024338
5984,0.00116318545289,-0.00274432005927,0.000403683554168
5985,-0.00327807855563,0.00408572223063,0.0051612706425
5986,-0.000728220566133,-0.0071406872323,-0.00597855731173
5987,-0.00390671862314,0.00282151925318,-0.00525508406879
5988,-0.00567122941121,-0.00573394220726,-0.00885105401092
5989,-0.00802364870146,0.00532143406094,0.0155342295033
5990,-0.0012228872426,-0.00557739047427,-0.00897498913001
5991,-0.00271131245924,-0.00171296933229,0.00348688346758
5992,0.00106885761928,-0.0135627223186,-0.0294989859457
5993,-0.00567449114132,-0.00125030523588,0.00108498634551
5994,-0.00531988796218,0.00104534238647,0.005770727856
5995,-0.00900414920683,-0.00143713246217,0.0054996874111
5996,-0.00600214604893,0.000600125982775,0.00595484251643
5997,-0.0116970998921,0.000465134940438,0.0120683617811
5998,-0.015901504034,0.00586055191352,0.0132573519606
5999,-0.0107098631351,0.00611499720269,0.00502351173027
6000,0.00228806701132,-0.00898669066427,-0.021541545132
6001,0.00140820706377,-0.00459561270891,-0.0174544707715
6002,-0.00309388636868,0.00487830118246,0.0171580320609
6003,-0.00663973809416,-0.000441465264581,0.00889931576057
6004,-0.0062901114075,-0.00250504945031,-0.00113738217837
6005,-0.00231056166929,-0.00608257188356,-0.0155538595217
6006,-0.0080415132368,0.000464843154311,-0.000135925754654
6007,-0.00485486968326,-0.00528702454328,-0.0105912436249
6008,-0.00594428037764,-0.00273219949749,-0.00162909294888
6009,0.00157427858717,-0.00617161369349,-0.0186577366782
6010,-0.00401033598,-0.00230159360468,0.00157821657546
6011,-0.00587798884632,-0.00405025722204,-0.0175261435313
6012,0.00379571096313,-0.00577971818923,-0.00838983088533
6013,-0.00966137669539,0.00545332811143,0.0131089652004
6014,-0.00407640240232,-0.00574509512974,-0.0145639471737
6015,-0.00239860954175,0.00107402071378,0.00673381208469
6016,-0.0122314657756,0.00233165401785,-0.00044195701445
6017,-0.00598254578474,-0.00447992994547,-0.00648023623664
6018,-0.00260651685803,0.000336761691719,0.00671830874797
6019,-0.0101350020375,0.00635682766769,0.0172252284539
6020,-0.0106048002592,0.00500573026252,0.00785072703212
6021,-0.00670222647225,-0.0067574586561,-0.0136078920111
6022,-0.00542620985289,0.003251642922,0.0135955114842
6023,0.00125370933194,-0.00652122471371,0.0016767420823
6024,-0.00213443085703,-0.00610758257253,-0.0130271904628
6025,-0.0110120147394,0.00542069885238,0.0134421108877
6026,0.00312177921548,-0.00398661668062,0.000279577301081
6027,-0.00952460592858,0.00171569002665,0.00809065139102
6028,-0.00901393112203,-0.00111839251819,-0.00458680539491
6029,0.00429780792186,-0.0087452515391,-0.0125577075781
6030,0.00509144033513,-0.00489217750754,-0.00834607117492
6031,-0.00271101617762,0.00225695181567,0.00930433478253
6032,-0.00707185920987,-0.00397321039068,-0.00626068987003
6033,-0.00556873566974,-0.000100911160434,0.00301729881289
6034,-0.006683906819,-0.00349852409168,-0.000817970034947
6035,-0.0033604541494,0.00432825551288,0.0142705443912
6036,-0.00334632509232,-0.0075408429823,-0.0101691035621
6037,-0.00239342893379,0.000377796435311,0.0133276510359
6038,-0.0102059631124,0.00419523872426,0.0118837595543
6039,-0.00499930742994,0.00358594275707,0.0100625787772
6040,0.00325053256741,-0.00857001560025,-0.00773830753599
6041,-0.00517871618226,0.00221369016129,0.0161990199117
6042,-0.0114110994586,0.00123851283324,0.00404687599712
6043,-0.00345344370043,-0.00281322475487,0.00762008610689
6044,-0.00343518736233,-0.00318489452625,-0.0130860202193
6045,-0.00996251594922,0.00231958583329,0.0115957864276
6046,-0.00746918439229,-0.000159141567506,0.00366318158097
6047,0.00389542787362,-0.00676817411309,-0.00680680521339
6048,-0.00982627438032,0.00499607611993,0.0137670281389
6049,-0.00245491988138,-0.00445089878666,-0.0104560036085
6050,-0.000496098840775,-0.00393353012558,-0.0118664489491
6051,0.000228062721015,-0.00419261971424,-0.00443610405248
6052,-0.0112426592191,0.00487489005693,0.00949351703411
6053,-0.00759895855918,-0.00293299177285,-0.00495961877399
6054,-0.00571840209401,-0.00409654608745,-0.0081663991628
6055,-0.00681255416686,0.00833831859191,0.020133235185
6056,-0.00220923691346,-0.00464759617786,-0.00965171337262
6057,-0.00518249527344,-0.00375603784032,-4.54446280005e-05
6058,0.00211392098305,-1.49385261343e-05,0.0104245091013
6059,-0.0101972201475,0.0063546837446,0.0125895073584
6060,-0.00517108280024,-0.00800242154377,-0.0205903817476
6061,-0.00355362307263,0.00602583531911,0.0164291772168
6062,-0.00521596373861,0.00332744775226,0.0118001827245
6063,-0.00215643590028,-0.00299794075531,0.00192797854842
6064,-0.013735086095,0.00400506878499,0.00455742504112
6065,-0.00658415128071,0.00203656671879,0.00579209708016
6066,0.00198382351613,-0.0107536060361,-0.0149932365704
6067,-0.0024097489929,-0.000458965037038,0.0036334332334
6068,-0.00325750483828,-0.0020383527468,-0.00193124648581
6069,-0.00277787057992,-0.000700099650491,-0.0008360369078
6070,-0.00595847588657,0.00381620647551,0.00951139647087
6071,-0.00729787178419,0.002476299403,0.0022361104234
6072,-0.0037160704323,-0.00563431506777,-0.00930842364704
6073,-0.00933270282642,0.00321276460127,0.0162953192785
6074,-0.012927817474,0.00617964388704,0.0123990864504
6075,-0.0133363658726,-0.000879817817861,-0.00628618579173
6076,-0.00890912993617,0.00514443714309,0.0157474421182
6077,-0.00629661611906,0.00258864469765,-0.00246413249747
6078,-0.0064198629725,-0.00159006242153,-0.00548994926938
6079,-0.00898414501903,-0.000193022458309,-0.00103090740292
6080,-0.0130386106481,0.00636219967585,0.0143302485861
6081,-0.00440805886123,-0.003913659449,-0.000739541757763
6082,0.000502686554653,-0.00418582598869,0.00633860997294
6083,-0.0067371637061,0.00578594869841,0.0122452051561
6084,-0.00978863119749,-0.000135100361951,-0.00398824677359
6085,-0.00182669301142,-0.0071975087705,-0.0107995530178
6086,-0.0067511426893,0.00496048707721,0.0139034825479
6087,-0.0132843347814,0.00576916514038,0.00699109928975
6088,-0.00505175971162,-0.00160830856957,-0.00537149778403
6089,-0.010157651736,0.00230340641727,0.00958347501396
6090,0.00314415428607,-0.00859341098744,-0.0134043042851
6091,-0.00289072447126,-0.0081863362106,-0.0137998458851
6092,-0.00804367718638,0.00178848127778,-0.00298243221231
6093,-0.00860700389519,0.00779753884797,0.0194832516343
6094,-0.00104219717151,0.00167746806723,0.00153979877636
6095,-0.016409396288,0.00930407814314,0.0181601555886
6096,-0.00665433117247,0.00154152845285,0.0058936684342
6097,-0.00271637016115,0.000200722026989,0.0163976319261
6098,0.00720837403371,-0.00867005500717,-0.0189647927325
6099,-0.00317678545935,0.00184529703914,0.000152622610705
6100,-0.00314772650508,-0.00468485943205,0.00113154693649
6101,-0.010497641386,0.0110850716281,0.0259468433565
6102,-0.000647136815097,-0.00391470906288,0.00124758868325
6103,-0.00397100483963,-0.00367757815277,-0.0100351543911
6104,-0.00921661871014,0.00700990080802,0.0134170250345
6105,0.0021508123069,-0.00613730018476,-0.00859512979238
6106,0.000488110136605,-0.00761184394789,-0.01121304191
6107,-0.00443911190345,-0.00335161182314,0.00842574768027
6108,-0.0043968428629,0.00187178857436,0.0101853914163
6109,-0.0108990963645,0.00573156202707,0.00774094684872
6110,-0.00164932020567,-0.00494805132981,-0.00285282027777
6111,0.0100977259111,-0.0136142603028,-0.0198525142062
6112,-0.0103789911058,0.00279068573386,0.0050585944263
6113,-0.00116606374028,0.00180021263608,0.0184012086017
6114,-0.0113310338203,0.00332124283437,0.00788922958172
6115,-0.00501154938802,-0.00289446253479,-0.00517548645839
6116,-0.00472220911789,-0.00176453485438,0.00630315126428
6117,-0.0146290906893,0.00723621420124,0.0119424923782
6118,-0.00387113733137,-0.00139693189599,-0.00748258376176
6119,-0.00185692684328,-0.00407005005803,0.000790600719598
6120,-0.0025203533932,-0.00869753597889,-0.0140071931248
6121,-0.00362098116686,-0.00316987686163,-0.00342984720759
6122,-0.00124669662984,-0.00465481157751,-0.00969542834843
6123,-0.00196401533486,-0.00818289539101,-0.0160268499352
6124,-0.00652844915676,0.00333461748597,0.00922111098344
6125,-0.0114963301974,0.00602196093766,0.0087913260633
6126,-0.0053412556569,0.00156227009153,0.0022789366269
6127,-0.0027144290772,-0.00306449442633,-0.00595160321709
6128,-0.00244609572535,-0.00604954622216,-0.00305281809909
6129,-0.0171740463466,0.0105604079693,0.0101382858176
6130,-0.00645789680982,-0.0080602796134,-0.0174137325215
6131,-0.00860816216178,0.000821688814119,0.0016937068546
6132,-0.00141598349654,-0.00153009503436,-0.0122348328832
6133,-0.00468240495148,0.00172011844782,0.00287075819424
6134,-0.00153060045181,-0.00361360556652,0.000360551763804
6135,-0.0114540741358,0.005814166864,0.0128939528273
6136,-0.00446068033801,0.00545641018408,0.0123596789601
6137,-0.00617702467518,-0.00435883693825,-0.0125118156324
6138,-0.00368635252077,-0.00353839047826,-0.00733300227585
6139,-0.00206608032249,-0.00628937457552,-0.00863575878279
6140,-0.0060172677588,-0.0035119909957,-0.00678807473658
6141,-0.00238896252212,-0.000789754305551,0.00313964908828
6142,-0.00617204138746,-0.00608422899284,-0.0154905218873
6143,-0.00903912280929,0.00145598248277,0.00253785012499
6144,-0.0110788073016,0.00865938943708,0.0118196845215
6145,-0.00531978899289,-0.00306105869954,-0.00460823351738
6146,-0.00457168697924,0.00130155645804,0.00193330004542
6147,-0.000879098556584,-0.0104350064512,-0.0161656986083
6148,-0.00979752167229,-0.00211447762758,-0.00551359329259
6149,-0.000665281491525,-0.000176210242595,0.00797541673017
6150,-0.00354861917828,-0.00780264970488,-0.0310518951245
6151,-0.00449567541306,0.000922013813646,0.000106497317678
6152,-0.00112257160748,-0.000612355288949,0.00270493849527
6153,-0.00179778571722,-0.010459428439,-0.0246959537023
6154,-0.00381091761971,-0.00125576339309,0.00425078958967
6155,-0.00195308766437,-0.00256763848939,0.0080009730093
6156,-0.00490398827709,-0.00560412944304,-0.0201287210568
6157,0.000789440273099,-0.00636244360988,-0.00768129062535
6158,-0.0127617870663,0.00490550790562,0.00860495778042
6159,-0.00650846907318,0.00174753314864,-0.00203291031325
6160,-0.0064582334907,0.00133724850265,0.00385015333295
6161,-0.0110597255067,0.00358444501249,0.00568780995568
6162,0.00259137684411,-0.00644347604487,-0.00462070189338
6163,-0.0125876287534,0.00203323310656,-0.00135888540008
6164,-0.00947861859964,-0.00454949024099,-0.0109302879519
6165,-0.0108958447533,0.00472433251698,0.00888653253949
6166,0.00122555169294,-0.00819496194039,0.0014958859488
6167,0.00104635826335,-0.00843486273175,-0.0163248999771
6168,-0.0134517756767,0.0065838236582,0.0116127724497
6169,-0.00624763106479,0.00619931155957,0.0139772152547
6170,0.00706483678532,-0.00189121400578,0.00823619774977
6171,-0.008777275354,0.000401781993273,-0.0011642352551
6172,-0.0112879396314,-0.00166456347356,-0.00172765368632
6173,0.00258558086414,-0.0045148702991,-0.00693199515174
6174,-0.0140368141395,0.00752284155155,0.0110600242757
6175,-0.00485241312683,-0.00425571132242,-0.00163969574215
6176,-0.000871275305671,-0.00442327484316,0.0135107290003
6177,-0.00545635238465,-0.00542608883831,-0.0125447282436
6178,-0.00687591206625,-0.00391432188315,-0.00882181330952
6179,-0.00710806247183,0.000655823912401,0.00968834001112
6180,-0.0100857115238,0.00362491763519,0.00711469330295
6181,-0.00190262648964,-0.00062918317931,0.00720552903209
6182,-0.0131959803293,0.00539374186498,0.0100560525923
6183,-0.00853895532927,-0.00242374674463,-0.00211751059801
6184,-0.00832790599486,0.000870788192917,0.00378780822772
6185,0.00270075958019,-0.00185787188298,0.00236458058067
6186,-0.0138929536336,0.0042963270002,-0.00287714702325
6187,-0.00290821810405,-0.00163967673533,0.00173858867871
6188,-0.000686809172073,-0.00723225967254,-0.00939944876536
6189,-0.00636952352812,-0.00760694726495,-0.0186553987102
6190,-0.00415919477946,0.00230046465736,0.00911128516239
6191,-0.00263813933838,-0.00069103468547,0.00470183817506
6192,4.22603247118e-05,-0.000601989795959,-0.00764668941957
6193,-0.00479467257032,-0.00141898839321,5.33549350025e-05
6194,-0.000296040313959,-0.00479039132437,-0.00741379726671
6195,0.00069092386679,-0.00505040100665,-0.00229299528454
6196,0.00984654355008,-0.014079926664,-0.0259822026119
6197,-0.00147277868334,-0.00248567097527,0.00401380111211
6198,-0.0105815674863,-0.00198133573554,-0.00229133974706
6199,0.000520664519159,-0.00769234824347,-0.0125108858436
6200,0.00132077670731,-0.00751226870273,-0.00962379459213
6201,-0.00384732572209,0.00157635447138,0.00481072941114
6202,-0.00375726333922,0.00122484236864,0.00504467028483
6203,-0.00166427221712,-0.000342353928022,0.00309674936059
6204,0.000916867149754,-0.00796794169092,-0.00926370941541
6205,-0.00939348982202,0.00933868558864,0.0224733018323
6206,-0.00332078641352,0.000702043559619,0.00398326318214
6207,-0.00717486411876,0.00673756745079,0.00996788287264
6208,-0.00844259257001,0.00451082939206,0.00999486461261
6209,-0.00997186964501,-0.000767705044777,-0.00539333825763
6210,-0.0076125474002,-0.00226922150004,0.000907442427446
6211,-0.000152531974373,-0.00179981823805,-0.00180216455681
6212,-0.00957806505924,0.000587759085789,0.0101637168434
6213,-0.00819768933098,-0.00619145130963,-0.0133418451631
6214,0.0028766987757,-0.0106097517662,-0.0249682505149
6215,-0.00240650655451,0.00133162226815,0.000545899564945
6216,-0.000214258399037,0.000390472432765,0.00908127468766
6217,-0.00280271782741,-0.00440890984871,-0.00573949337845
6218,-0.00578083170545,-0.00183908360718,-0.00752098719431
6219,-0.0102201816072,0.00129938705263,0.00940683558191
6220,-0.0004556858803,-0.000920359198496,0.00288942632989
6221,-0.00634869851681,-0.00121272700488,-0.000157856321298
6222,-0.00437763273021,-0.00485508263851,8.9209767509e-05
6223,-0.00894078713711,0.00394974894833,0.0108961313038
6224,-0.00707106281446,0.00231722424178,-0.00179374377665
6225,-2.71044334571e-05,-0.00772193499176,-0.0125769783503
6226,-0.00379175074262,-0.00506025694973,-0.00650813564631
6227,-0.000992501080455,-0.00198507179939,0.00305526119349
6228,-0.00211836188249,0.00509840388211,0.0273898431286
6229,-0.00406112708751,-0.00715966945422,-0.0162885677334
6230,-0.00410666362375,0.00227013317953,0.00531780685439
6231,-0.00168352577321,-0.00700386470362,-0.00790347997701
6232,-0.00224819860412,-0.00365297647224,-0.000763150295144
6233,-0.000742187856032,-0.00529900827654,-0.00435958483667
6234,-0.011077951919,0.00690270407858,0.0202483475121
6235,-0.00283516998777,-0.0061159483562,-0.0142294094874
6236,-0.0168987698096,0.00374573860468,0.0103489028175
6237,-0.00608516910061,-0.00379901901654,-0.00629408197203
6238,-0.0046518428162,-0.0035973314033,0.00364258342632
6239,-0.00471148859974,0.00248569361212,0.00131036132424
6240,-0.00961431558249,-0.000152334154383,-0.00266926893865
6241,-0.00147537988392,-0.00532152251202,-0.00437717062659
6242,0.00502729902495,-0.00651929431459,-0.00706225413845
6243,-0.00546579121575,-0.00337301019701,-0.00868816096059
6244,-0.0123259706514,0.00598026980017,0.0133233046578
6245,-0.00561624476655,0.00295760506931,0.00998249726261
6246,-0.00369194693342,-0.00137780945422,0.0035507895873
6247,-0.00280785615088,-0.00351720850491,-0.0111644508553
6248,-0.00316563259687,-0.00373910788781,0.00643142825559
6249,0.00654173859805,-0.00796890395271,-0.00469146089742
6250,-0.0103764888788,0.00118177314002,0.00349962265935
6251,-0.00066991919005,-0.00549646548024,-0.00154875967593
6252,-0.00358652253767,-0.00969127073817,-0.0107295872851
6253,-0.0106273856737,0.00132501003923,0.000156526999522
6254,0.000646245979225,-0.00985207509728,-0.027259291737
6255,-0.00702001872908,-0.000126897104123,-0.00643422914952
6256,-0.00170428779562,-0.00960514621664,-0.0224832870176
6257,5.17436974991e-05,-0.00429850826177,-0.00908778756882
6258,-0.00523782630902,0.00783540312987,0.0229666736307
6259,-0.0133808143066,0.00787948440676,0.0178770609659
6260,-0.00477289349692,-0.00331387742244,-0.00708099925554
6261,-0.0112297388557,0.00413243590168,0.00695099357186
6262,-0.00235152606691,-0.00620937088106,-0.0124289835092
6263,0.00123591960889,-0.00697575112125,-0.015795748413
6264,-0.00593577302229,0.00158188702709,0.00753383207224
6265,-0.00171521158496,-0.00229955433717,0.0026275826038
6266,0.00545315267049,-0.00871582389312,-0.012771637439
6267,-0.00297256619609,-0.00217432079661,0.00306680037322
6268,0.000978134547713,-0.0122291163623,-0.0317017376815
6269,-0.00140455993288,-0.00841191755828,-0.0170933452669
6270,0.000332598783333,-0.00608360514445,-0.00922156613579
6271,-0.0019311827449,0.00403917327889,0.00908456250633
6272,-0.00653590103258,-0.00210900779529,-0.0117115802113
6273,-0.00429309073916,-0.00585085873407,-0.0164240620358
6274,0.000702435349354,-0.00244075136245,0.00194748131675
6275,-0.0106399568668,0.00648062043959,0.01918041151
6276,-0.0161409085303,0.0118730902057,0.0269224591803
6277,-0.0149854180466,0.0103245329934,0.0216662389927
6278,-0.00381300892653,-0.000276557682547,0.00603058847343
6279,-0.00153356653447,-0.00513888569417,-0.00536838900048
6280,-0.00223200293057,-0.00610301152891,-0.00650997868392
6281,-0.00424274804782,-0.00567595551632,-0.0206729322366
6282,-0.00799270123462,0.00434193116573,0.0207724532668
6283,0.00384420640937,-0.00969738610557,-0.0122785732174
6284,-0.00960130017075,0.0028372045375,-0.00205949791502
6285,-0.00965818759073,0.00487591732755,-0.00201034599386
6286,-0.00165899937802,-0.00643616661196,-0.00592960208275
6287,-0.00794766134599,-0.00174811638012,-0.00419058670337
6288,-0.00491336886406,-0.00153922737427,-0.00428144109723
6289,-0.00658141701461,0.00315749660818,0.00591502695165
6290,-0.00907792377844,0.00270416339139,-0.00633144638393
6291,-0.00742895688281,-0.00314045333982,-0.00477182922619
6292,-0.00426169359842,-0.00195069592411,-0.00381468198785
6293,0.000476335226934,-0.00240785023421,0.00532090617685
6294,-0.00140443144749,-0.00770678725676,-0.0144990628489
6295,-0.00911313799847,0.00555304965093,0.0147944698228
6296,-0.010805912699,0.0049080739134,0.00626623264849
6297,0.00101801708615,-0.00539345043854,-0.00779193395912
6298,-0.00436302345872,-0.00113659135596,-0.00151400526182
6299,-0.000565042170175,0.000386930137016,0.00631056390199
6300,0.0096457065771,-0.0154549874582,-0.0252402106302
6301,-0.00832381738806,0.00289635816421,0.0053096434062
6302,-0.00441969849618,-0.00322515873307,-0.000382951471494
6303,-0.00282194976861,0.00116455237586,0.0019334573145
6304,-0.00970468321013,-0.000735485333086,0.00426299475616
6305,-0.00147070758867,-0.00162809134003,0.000404473121634
6306,-0.00480618584418,-0.00279301446962,-0.00874051341156
6307,-0.00113229173373,-0.00383267412617,-0.00517531650361
6308,-0.00457744082304,-0.000782477778657,-0.00629776873015
6309,-0.00164301191878,-0.00776942708814,-0.0183625159815
6310,0.00120079618565,-0.00589594580991,-0.00324057150437
6311,-0.00514911314728,-0.0037167278579,-0.00748141362104
6312,0.00228265650635,-0.0130204076751,-0.0199709865421
6313,-0.00925460008504,0.00264460646593,0.00167093634724
6314,-0.00182926399217,-0.00256970498025,0.000169160728949
6315,-0.00661529837429,0.00184741988749,-0.00110187570124
6316,-0.0111448230429,0.0075676115253,0.0160309400498
6317,0.00181712487667,-0.0101764735237,-0.0119232319782
6318,-0.011888229018,0.00516888870627,0.00897204636778
6319,-0.00888894212792,0.00542364256738,0.0168474979973
6320,-0.000207642251423,-0.00166372202944,-0.00239976806343
6321,-0.00582683441454,0.00402864945738,0.0126221973597
6322,-0.0162707329125,0.00695078203237,0.0304604250346
6323,-6.99551228903e-05,-0.00400541990366,0.000695771716046
6324,-0.000149497648783,-0.00348827024092,-0.00996522831207
6325,-0.00241860148381,-0.00676320786134,-0.0172072552676
6326,-0.00227387080675,-0.000841106383512,-0.00113669112785
6327,0.000386526835211,-0.00418469775282,-0.00403691611449
6328,-0.00969065520823,0.00720398223678,0.00559356160349
6329,-0.00727675186513,0.00440823007293,0.00504568254262
6330,-0.00216821296636,-0.00156223572568,0.00131329082191
6331,0.000425055060493,-0.00408904663205,-0.00365283785353
6332,-0.0104719254461,-0.00315248495208,-0.00569369810679
6333,-0.000849929103958,-0.00536809340171,-0.00481227876129
6334,-0.0037313927479,-0.00820085558238,-0.0133316675986
6335,-0.00260265139755,0.00143589559087,0.0106893732838
6336,-0.0112047492569,0.000536374647002,-0.0103357318303
6337,0.00447844812343,-0.00594144853455,-0.0113240128833
6338,-0.0100022412437,0.00163680586143,-0.00440824248923
6339,-0.00679132098761,-0.000372894154028,0.00103701074166
6340,-0.00732187070238,0.00369010685395,0.0146758113329
6341,-0.0165328142518,-6.97718021451e-05,0.00250988061802
6342,-0.00816918585803,0.00291205008547,0.0059835158538
6343,-0.0124237267349,0.00471790203764,0.00241268018392
6344,-0.015525727229,0.00871345050697,0.0157892536883
6345,-0.000701688106595,-0.00151400307357,-0.00448629932184
6346,0.00178506740173,-0.00463879796124,-0.00166479136782
6347,-0.008369252756,0.00437622355882,0.00413495206936
6348,-0.0115702498073,0.00657754257713,0.014142756372
6349,-0.00881603426352,0.000734075615676,0.010542534643
6350,-0.00508669050904,-0.000730773775204,0.0117954728202
6351,-0.00338765108541,-0.00241396143144,-0.00650917325657
6352,-0.0104499462155,0.00696528761251,0.0185445148665
6353,-0.00972745173631,-0.0027213318507,-0.0167081529667
6354,-0.00640020425973,-0.00178511596319,-0.00793261925887
6355,-0.00771510129036,0.00309960602903,-0.000735601933799
6356,-0.000497595925817,-0.00293762609034,-0.00037913506575
6357,-0.0142854865269,0.00075199989834,-0.000892429703298
6358,-0.000561114238337,-0.00478871800063,-0.00686099870262
6359,-0.00908222259893,0.00793639776168,0.012576710722
6360,-0.00194791692121,-0.00575090686847,-0.0105317612487
6361,0.00324315087856,-0.00299012135272,0.00520041710926
6362,-0.00378680444047,-0.000689866651817,-0.00233442278181
6363,-0.00841554449162,0.00336134768365,0.00666236729611
6364,-0.00580216614297,0.00204587464282,0.0152285218668
6365,-0.00906289702096,0.00481956797289,0.00516103954425
6366,0.00451663293602,-0.00257745046934,-0.00419790352747
6367,-0.0110235504882,0.00483319626153,0.00948363477958
6368,-0.00869165401866,-0.00268563817559,-0.00603205695679
6369,-0.00795213803153,0.00456248173747,0.0116000224216
6370,-0.00505263492143,0.000489387147289,-0.000781910687205
6371,0.00370185243355,-0.00193692028461,-0.00706786787157
6372,0.00108439817024,-0.00769940885877,-0.0175869022099
6373,-0.000360134321903,-0.00425981060119,-0.0151181316026
6374,-0.00271354219613,0.000469192122074,0.000200964124782
6375,-0.000692239083861,0.00282640765851,0.014514757131
6376,-0.000785497083914,-0.000826717796531,0.0105903176931
6377,0.000841792617857,0.00148752978327,0.00475782386606
6378,0.00145444496389,-0.00164997811204,0.00347787657174
6379,-0.00461434547573,0.0038376373829,0.0195689745955
6380,-0.0152536712177,0.00408034077898,-0.0016793554913
6381,0.00096956406206,-0.006151788343,-0.00975175960758
6382,-0.0112333293092,-0.00199874768343,-0.00828459896
6383,-0.0111635284519,0.00659609319998,0.00637494335103
6384,-0.00452919009207,0.00151861921244,0.0170981055857
6385,0.00761278392693,-0.0136884938387,-0.0226215721262
6386,-0.00247185419789,-0.00359312710517,-0.00356441219516
6387,-0.00480240217881,-0.0072307484151,-0.00696229531912
6388,-0.00550641439802,1.8185915487e-05,-0.00340492071473
6389,-0.0045684924897,-0.00100905285384,0.00593974353293
6390,0.00351993926049,-0.0109287644992,-0.0131690380312
6391,0.000930756501258,-0.00334165921948,0.00830045232081
6392,-0.0034760283794,-0.00633335976125,-0.0168542173875
6393,-0.0056212974941,0.00323682864604,0.0140293065423
6394,0.000690891718443,-0.000793519860668,0.00147604746107
6395,-0.00602298042483,-0.00440997006288,-0.00467341936584
6396,-0.00384533293168,-0.00101237102842,-0.000709114041299
6397,0.00398066550613,-0.00544616712871,-0.0155213799816
6398,-0.00226595539377,-0.00473072073563,-0.0126751766923
6399,0.00282322061346,-0.00720836002393,0.00395570214279
6400,-0.00038017628973,-0.00645673529436,-0.00277952010496
6401,0.00280974667204,0.00073345360919,0.00715114246954
6402,-0.0032332771714,0.000595542787489,0.00133897912606
6403,-0.0069170652989,0.00310292318331,0.00370944709186
6404,0.000348701169556,-0.00940349562533,-0.0200572123518
6405,-0.00339502272825,0.00344324874086,0.0114542422965
6406,-0.00552331816959,-0.000150812484415,0.000480710450683
6407,-0.00734310364242,0.00320217434984,0.0159952017744
6408,-0.0148466099407,0.000142412555906,-0.00659099983266
6409,-0.0103668644867,0.000811486381807,0.00218946495308
6410,-0.00778534332363,0.00486208152934,0.00633991853405
6411,-0.00959973829418,0.00242681089469,0.00832287943581
6412,-0.00212443105147,0.00211634978719,0.0117598551084
6413,0.00535110662976,-0.010783042905,-0.0163557581431
6414,-0.00815134074826,0.00224284185126,-0.0013452700419
6415,-0.00113866056802,-0.00989293589615,-0.0211876461085
6416,-0.0116953837719,0.00403370339432,0.00405128804332
6417,-0.00858996098331,0.00385467945686,0.00739135534244
6418,-0.0102754549602,0.00244782593619,0.00212105181136
6419,0.00365415777628,-0.00555116668003,0.000464271493409
6420,-0.0054338343568,-0.00132414938901,0.00228057467431
6421,-0.013835354556,0.00508373928534,0.0193908675936
6422,-0.00183049638526,-0.0028099969031,0.00169255323523
6423,-0.0027078143028,-0.00133396194929,0.00166261550322
6424,-0.00306483974077,0.00082277216523,0.00572196994968
6425,-0.00983344497932,0.00233665357432,0.00116982189154
6426,0.000913995642882,-0.00458205067598,-0.0103332928107
6427,0.00512944839533,-0.00467876985717,0.000742773604963
6428,-0.00534815714801,0.00363613295883,0.00552698095513
6429,-0.000445386206593,-0.00607875180433,-0.00499743696878
6430,-0.0127147450252,0.00336195651503,-0.00605272088581
6431,-0.00844060122014,-0.000882758113425,8.68077642079e-05
6432,0.00519951844557,-0.0101915477865,-0.0148114917296
6433,-0.00723923437386,0.005395218204,0.00325290828225
6434,-0.000621617887049,-0.00752884543895,-0.0134091979448
6435,-0.00748001908367,0.00401124791125,0.007264996897
6436,-0.00459593525367,-0.00174076598593,-0.00741543498157
6437,-0.00977191423557,0.00588764263413,0.0119875231322
6438,0.00371294305012,-0.0092949388347,-0.0108144283186
6439,0.00373236108237,0.000794465781968,0.00442345175001
6440,-0.00142886891523,-0.00374904631608,-0.0049274964184
6441,0.000747342131253,-0.00730248134387,-0.00644596696255
6442,-0.0087337469967,0.000829858302931,0.00332609649406
6443,0.00232127699808,-0.00850923625403,-0.00562992983176
6444,-0.00332303083646,0.0013479538966,0.0133433406899
6445,-0.0100967299395,0.00571062587013,0.00746323685049
6446,-0.00297868838548,-0.00555603223968,-0.00393728927427
6447,-0.000257247868147,-0.00661824491302,-0.0135439347503
6448,-0.0104992467854,-3.11684160856e-05,-0.00562848513797
6449,-0.00654148354775,-0.00788129076242,-0.0182377616728
6450,0.001176737572,0.001447211871,0.00862506653441
6451,-0.012930467371,0.00324546320311,-0.00382812867698
6452,-0.000275801483216,-0.00772319263754,-0.0143438219943
6453,-0.0120132525979,0.00550984540427,0.0145911245596
6454,-0.00297229649995,-0.00839217043454,-0.0193044522545
6455,-0.0103903481282,0.00065770983135,-0.00971139407885
6456,-0.0154222247538,0.0102634056857,0.0245977858018
6457,-0.00577032253901,0.00272860224662,0.0077272043353
6458,-0.00214490503192,-0.000334603851216,-0.00209649733208
6459,-0.00527975078069,0.00142463313328,0.017408962537
6460,0.00384456035677,-0.00882496353809,-0.00444962696144
6461,-0.00259838744425,-0.00210731329523,-0.00141600980416
6462,-0.00313118463954,0.00655743289741,0.00640174894103
6463,-0.000930136346414,-0.00587235482444,-0.013227281675
6464,-0.0024985677588,-0.00680417096963,-0.00892811871944
6465,-0.00230308784751,-0.0030581407568,-0.00164571051718
6466,-0.0059153882164,-0.004829526225,-0.0117546073279
6467,-0.00159765176384,-0.00870572753545,-0.00908960824266
6468,-0.0105319790007,0.00212824213732,0.00776041246259
6469,-0.00435605943705,-0.00258251501685,0.0107488311542
6470,-0.000623675309883,-0.00167474527691,-0.0035152928136
6471,-0.0022206411023,-0.00543342772358,-0.00527184271131
6472,-0.00626591083648,0.000765546675205,0.00545509954623
6473,0.000647906671852,0.00275056019984,0.00786987093298
6474,0.00449282039311,-0.0112277487435,-0.0110917951251
6475,0.00481760673349,-0.0114971739097,-0.0232102718816
6476,-0.00907294650918,0.0014034922959,0.00157848235626
6477,-0.00346556555776,-0.000132893095687,-0.0130058211745
6478,-0.00406862993838,-0.00737432758051,-0.000596826245508
6479,-0.00664311431061,0.00169917790455,0.0135488842028
6480,-0.00532722024456,-0.000904322581968,-0.00161346109203
6481,-0.0124861986455,0.00989281264356,0.014858368618
6482,-0.00413060927279,-0.000324404512111,0.00981493971785
6483,-0.0181276494615,0.00890329481222,0.0114844062802
6484,-0.00619744725165,0.00529312113307,0.00579260979195
6485,0.00087975548499,-0.00653430613988,-0.0100124736725
6486,-0.00913530717306,0.0051367880942,0.013868059149
6487,-0.00347751032616,-0.000826517722933,0.00668459708781
6488,-0.00331727102624,-0.0036097874613,-0.004744528618
6489,0.00146985822646,-0.00320266106249,0.00511552606711
6490,-0.0140457045389,0.00972725063797,0.0174342912359
6491,-0.0030155365707,-0.00440506087429,0.00455857164196
6492,-0.00332578346376,-0.00473719394673,-0.0121575975387
6493,0.00093013296288,-0.0102785192885,-0.0250556181124
6494,-0.00816498090768,-0.00106229987195,-0.00678379653198
6495,-0.00443373993684,0.00032050296644,-0.0013727845487
6496,-0.00310458436489,-0.00369582733403,-0.00157081296651
6497,-0.0128125746413,0.0125176901931,0.0290083117447
6498,-0.0104580548475,0.00521874708258,0.0128599873285
6499,-0.0013495552205,-0.00703424071346,-0.00662050964448
6500,-0.00195372218953,-0.0020654427056,-0.00587902063144
6501,6.66791149553e-05,-0.00281970124078,-0.00134824439404
6502,0.000176975410324,-0.00673614966086,-0.00955818104258
6503,-0.00668957787422,0.00110878398404,0.00398191461228
6504,-0.00482463507103,0.00639698215747,0.0246414007577
6505,0.00219949240686,-0.0121663210244,-0.0239002162218
6506,-0.00280476221359,0.00269561087471,0.0057106873593
6507,-0.0110301451227,0.00629811270596,0.00953563261046
6508,-0.00276851886921,-0.00221054812859,-0.00647109012186
6509,0.00047030229894,-0.00437250602064,-0.0119224598185
6510,-0.0034938946021,0.000246734233568,0.00897565087553
6511,-0.0110028406886,0.0120644015613,0.0275321137909
6512,-0.0103215748407,0.00605819047644,0.0153017127435
6513,-0.0128424871771,0.00520960722639,0.00789356398905
6514,-0.00429761141853,-0.00369956653995,-0.00688138468731
6515,-0.00468663250171,-0.00387879458805,-0.0120846543066
6516,0.00106594641171,-0.0055420551651,-0.00245735333553
6517,-0.000937387683708,-0.00673775573801,-0.00895441392572
6518,-0.00529622875993,0.000188925140176,0.00763045731012
6519,-0.00400661931725,-0.00796113723663,-0.0113723944804
6520,-0.00843852554646,0.00126989263976,0.00334053691215
6521,-0.00201974969213,-0.00793073183985,-0.0105545455947
6522,-0.00536679806539,0.000655196588336,-0.00440359271329
6523,-0.00738702838445,0.00557624350489,0.0147786361034
6524,-0.0045199105101,-0.000928122696576,0.000399906901652
6525,-0.00685515850459,0.00464081976937,0.0110810468831
6526,-0.0107290172382,0.00484573903446,0.0103571463811
6527,0.00591491027643,-0.00743169927118,-0.000142242195443
6528,0.00168012304431,-0.00528693821637,-0.00450445494715
6529,-0.0166043895472,0.00636140849378,0.00223449703543
6530,-0.00445075928256,-0.00370470951091,0.000119442858746
6531,-0.0062630676213,-0.00219941002283,-0.0126635686741
6532,-0.0100496369509,0.00175577728163,0.0049606650857
6533,0.00227769430972,-0.00685512663683,-0.00609331106026
6534,-0.00584210838882,-0.000925364053439,-0.00047849990265
6535,-0.00827774903294,0.00566430603607,0.0111017503389
6536,-0.00362988308264,0.0013143171464,0.00150014913486
6537,-0.00231433918494,-0.00958232663289,-0.0183204400433
6538,-0.00701228379146,-0.00169452890978,0.00371507023737
6539,-0.00313293512659,-0.00535599198587,-0.0123821036033
6540,-0.000451522674197,-0.00681559461691,-0.0109407823374
6541,-0.00913954611403,-0.00199296406762,-0.000145168093416
6542,-0.0043421415224,0.000242573581777,0.00474868777007
6543,0.00025527244638,-0.00493863445566,-0.0073539098347
6544,0.00353974826671,-0.00751807772048,-0.00787164692906
6545,-0.00413166455348,-0.00107231115959,0.00179345165999
6546,-0.0170160757487,0.00461907702899,0.0111091465954
6547,-0.00033229817959,-0.00632262828319,-0.00408710081427
6548,-0.00465855836927,-0.0043575618791,-0.00975724617134
6549,-0.00585020927598,0.0040528463659,0.012315704981
6550,0.000523761710111,-0.0126435825339,-0.0122659387908
6551,0.00119091373629,-0.00635921553875,-0.00543988432995
6552,-0.0096092309707,0.00220045286889,0.00202513302342
6553,-0.00441583351842,-0.00183170369559,0.00271904770901
6554,-0.00874777706748,-0.000394024826909,0.00486370949712
6555,-0.0108751388924,0.00374924857404,0.010189938066
6556,-0.00274857362858,-6.2348294967e-05,-0.00207197280569
6557,-0.00963512868033,0.00499573575797,0.013892104105
6558,-0.00895917664164,0.00540014600303,0.0276341923238
6559,-0.00639242980474,0.00453081783648,0.00867120085906
6560,-0.000767017489783,-0.00651249937319,-0.0224493489997
6561,-0.00739194532714,0.00463251089213,0.0107553232993
6562,-0.00279502792712,-0.000150754913368,0.00622328948169
6563,-0.00510533714233,-0.00284592733802,-0.00691323506199
6564,-0.00362076907313,-0.00258782492063,0.000144279373868
6565,0.00151268538888,-0.00329222271423,-0.00304403128478
6566,-0.00634992670377,-0.00471217634048,-0.00779581471946
6567,-0.00265532956627,-0.00363547512824,-0.00928367880024
6568,-0.00765008881984,0.000851354374867,9.49092912217e-05
6569,-0.000236677721211,-0.00298491367988,-0.0035544226457
6570,-0.010471575233,-0.00358713512967,-0.00374488867403
6571,-0.00621294062231,-0.00600948128424,-0.00768129599804
6572,-0.0024033567647,-0.00422603928685,-0.00223063813729
6573,-0.0150569481147,0.00105992114453,-0.00243493410701
6574,-0.00471180617944,-0.0046610337959,-0.0121905052062
6575,-0.00951435970461,0.00442108471081,0.0135051040981
6576,-0.00829515618299,-0.00293310327085,0.00534085578741
6577,-0.000594013389204,-0.00521456080749,-0.0100644449399
6578,-0.00604547469989,0.00124946045765,0.0036894950563
6579,-0.00804322791383,0.0011993198959,0.00101454127058
6580,-0.00359871925235,0.00418184349705,0.0130026544994
6581,0.00554809109346,-0.00745064506307,-0.0108060162874
6582,0.000577613724764,-0.00473920115654,-0.00891889432349
6583,-0.00995746359127,0.00290105080601,0.00600772809991
6584,0.000473071582743,-0.00216659360492,-0.000736497940601
6585,-0.0132235684451,0.00466688265045,0.0150296589794
6586,-0.00571665832945,0.000634882544638,0.00866379893699
6587,0.00573406882582,-0.0152586851176,-0.0106488843385
6588,-0.0045843625085,0.00220400600122,0.0100129110014
6589,-0.00273737368558,0.000255007357847,0.010907527637
6590,0.0023320207344,-0.0110079760388,-0.0250127765731
6591,-0.00726449056728,-0.00359961718546,-0.0108247385528
6592,0.00499009743946,-0.00698669332335,-0.0114900750635
6593,-0.00344324628282,0.00571113866177,0.0214535715598
6594,-0.00578928895203,0.00457353347818,0.00337414270719
6595,-0.00182963233789,-0.00737761984409,-0.012161440611
6596,-0.00177329816895,-0.00681358386801,-0.00467081483485
6597,0.0016365532876,-0.00653615430741,-0.00726291917122
6598,-0.00569633720616,0.00246233104716,0.01382551878
6599,-0.0151783612189,0.013464415086,0.0253597511583
6600,0.000785605988239,-0.00166729357244,0.0025320692835
6601,0.00119226080504,-0.00909073336345,-0.0273012863187
6602,-0.0106556701118,0.00309051000191,0.00243107192093
6603,-0.00154162324084,0.000882503691989,0.0131162511554
6604,0.00275613190871,-0.0058198536245,-0.00534303855825
6605,-5.42581159658e-05,-0.0103672849643,-0.0154195896768
6606,-0.00263498524194,-0.00441983252607,-0.0130564034966
6607,-0.00372633284202,-0.00697477271408,-0.0280923005089
6608,-0.00444025154753,-0.00311669547464,-0.00399605366503
6609,-0.00521154938459,0.00416092665109,0.00764892173097
6610,-0.00587575493603,-0.000793549399714,0.00355346248181
6611,-0.00552176203484,-0.00219927826262,-0.00557101457174
6612,-0.00651344834046,0.00460680729633,0.0135497383445
6613,0.00019268279372,-0.000859174831449,-0.0038138099861
6614,-0.00462712521373,-0.00288189046617,-0.00615188285811
6615,-0.0122991874246,5.63321282677e-05,0.00951464067638
6616,-0.00246505336873,-0.000284965546769,0.000789432415475
6617,-8.44079000505e-05,-0.00181839906396,-0.00494566172976
6618,2.46614842955e-05,-0.00438360988687,-0.00982716489054
6619,0.00365771132473,-0.00755653662679,0.00834257820763
6620,-0.00500164557013,0.00463574877989,0.0171689904519
6621,-0.00790038206123,0.0014747749106,0.00595768885439
6622,-0.00371506569313,0.000137553722223,0.00453307689511
6623,-0.00816229044036,0.00133464955738,-0.00846392459102
6624,-0.0136542403061,0.0108408523788,0.0104008050944
6625,-0.00404453783734,-0.000960081520381,0.00531509185188
6626,-0.0036419335776,-0.000308975136508,0.00459583951512
6627,-0.00746245889946,-0.00472664263259,-0.0188397609695
6628,-0.00494979606877,-0.00326950319758,-0.000296457382564
6629,-0.00614424647994,-0.00417467736425,-0.0132825925525
6630,-0.00938547324983,0.00973503979849,0.0174248078507
6631,0.00221400126544,-0.000400739704082,-0.0051553142203
6632,-0.0120479078535,-0.00139315825754,-0.00714434308756
6633,-0.00619905006904,0.001166841365,0.000762223656299
6634,-0.0048335896025,0.000361468640823,0.00559384087085
6635,0.00266302186921,-0.00539929589381,-0.00812830399217
6636,-0.0134733173976,0.00530800901812,0.012883046869
6637,0.00164292202779,-0.00143040054616,0.0107185130378
6638,-0.00323099052011,-0.000855650992001,0.0119285578275
6639,-0.00422373384085,0.000360452162101,0.00181368209806
6640,-0.0113587634881,0.00574253050866,0.0115242623615
6641,-0.00398482111192,-0.00340784966549,-0.0170089545547
6642,0.000658825816917,-0.00666445714314,-0.00696205343042
6643,-0.00144014180463,0.00228063637181,0.0050975023309
6644,-0.00513693548502,-0.00237478945702,-0.00504373148158
6645,-0.0123146273435,0.00433304574092,0.0130057817228
6646,-0.00150636566706,-0.00768592387954,-0.020690162579
6647,-0.0075729316687,0.00625187837698,0.00543756001513
6648,-0.0020506114786,-0.006036232357,-0.012432751103
6649,-0.00451727255543,-0.00125165510413,-0.00490889966031
6650,-0.00242714281605,-0.000133078368627,0.00329967219312
6651,-0.00162327621046,-0.00821488277471,-0.0124738708504
6652,-0.012012577491,0.00115616528089,-0.00743695129934
6653,-0.00143532386214,-0.00443906431222,0.00184508123173
6654,-0.0069522446515,-0.00234439253325,-0.00653358741004
6655,-0.00329407275998,0.0031192275621,0.0106006283026
6656,-0.0102444712961,0.00688789920151,0.0130042213931
6657,-0.00428736401838,-0.00221251257175,-0.00916226584041
6658,-0.00310559294673,-0.00337193902959,-0.00429292368775
6659,-0.000235640486864,-0.00786070360572,-0.00991929669003
6660,-0.000866805794483,-0.00355469852767,0.00939309518686
6661,-0.00833974858592,0.00169191259012,-0.0060955301325
6662,-0.00118089303947,-0.00165533279636,0.000141559971263
6663,-0.0157598459257,0.00375686295657,0.000532493714668
6664,-0.00231211724219,-0.00476114100161,-0.0146726396787
6665,-0.0108929368948,0.00763253331366,0.0110524989082
6666,-0.0121475588405,-0.000385567006794,0.00344322457277
6667,-0.0144516174659,0.00472210558456,0.00970246483299
6668,-0.00236841684379,-0.00598079358277,-0.0151517986202
6669,-0.01194827175,0.00984357436746,0.00938139258183
6670,-0.007110566952,0.00170306340097,-0.00385735290764
6671,0.00341087672253,-0.00741918273708,-0.0071716236365
6672,-0.00417057682897,-0.00680664461783,-0.0113179939178
6673,-0.0145721311905,0.00334403400498,-0.00470457472834
6674,-0.00154087712968,-0.00629552455121,-0.00999417776086
6675,-0.0126082825274,0.00823875311324,0.0144455737155
6676,-0.00175327526625,0.000583808652571,-0.00054271143332
6677,-0.00870315859081,-0.000944793248263,0.00682493422699
6678,-0.00605422425978,0.00119991494831,0.0037563633238
6679,-0.00321552177549,0.00250628257064,0.0141756078238
6680,-0.00838450402374,-0.00329746721632,0.00103666788913
6681,0.00166330161374,-0.00620036866706,-0.00912987823446
6682,-0.0119878551607,0.00827341990386,0.0186005175168
6683,-0.00237892062399,-0.0018983082114,-0.0017602624618
6684,0.00170979972398,-0.0099736942459,-0.0211299888952
6685,-0.00674513262869,0.00146136940652,0.00757967709836
6686,-0.0107437786929,-0.00105408796821,-0.0111853298419
6687,-0.00697689691977,0.000294347503173,0.00768892994316
6688,-0.000554821432113,-0.00189108162103,0.00238055982202
6689,-0.0145776074819,0.0072670761764,0.018749734571
6690,-0.00421948648858,-0.00214669016223,-0.00804401627087
6691,-0.00581688238803,-0.00291807769606,0.00162637964923
6692,-0.00897974459761,0.000126375220481,-0.0021558694089
6693,-0.00808803947488,-0.00189084963006,-0.00684009131985
6694,-0.00142285246207,-0.00693159143032,-0.0190082349229
6695,0.00211199926771,-0.0103709515508,-0.0204986499194
6696,-0.0142281467464,0.00785687427007,0.0308144446521
6697,-0.00405199703436,0.000986913421731,0.00473626458153
6698,0.000918680848673,-0.00694114442533,-0.010387746811
6699,-0.0103429763993,0.0093404482423,0.012342020251
6700,-0.0129644936492,0.0021203282932,0.00907419470554
6701,-0.0109070997126,0.00973623723541,0.026730501868
6702,0.00331281314659,-0.00416676816792,0.00666919655996
6703,-0.0121293539242,0.00322666646385,0.00319677138706
6704,-0.00119174517614,-0.00405555550647,-0.00502767160264
6705,-0.00814276708925,0.00339973805,0.00230949345373
6706,9.27444310568e-05,-0.00551215224078,-0.00159402172817
6707,-0.0115288108205,-0.000328466254705,-0.00596488050219
6708,-0.0114399978917,0.00673695463194,0.0142703241176
6709,-0.00484598187804,-0.00385669073095,-0.0135888981144
6710,-0.00984016350748,0.00277739540626,0.00221214991827
6711,-0.0118293380568,0.00169576694923,0.00597336811536
6712,-0.00313292141597,0.00610199828636,0.0172051351628
6713,-0.0102487474867,-0.00252260628344,-0.00735156198391
6714,-0.00351147913639,-0.00414143387568,0.00198619185716
6715,-0.00953474251196,0.000760829214741,-0.00161534889659
6716,-0.00720582884154,0.00197035515135,0.0121755292844
6717,-0.00467804589982,-0.00266601018279,-0.00532131492618
6718,-0.00762843917221,-0.00213641283518,4.34804935598e-05
6719,0.000127611729485,-0.000639492932048,0.0107050980429
6720,-0.000875463877688,-0.00292376781383,-0.011007168376
6721,-0.00818319004886,-0.00250001602897,0.0036847280481
6722,-0.00614554493916,0.00199186107923,0.00605350640799
6723,-0.0098546982569,-0.00107999092167,-0.00584964487752
6724,-0.00810461368447,0.00743370551971,0.00887866516155
6725,-0.00700667329116,0.00585725448519,0.0136441185361
6726,-0.00592232422439,-0.00197168427571,-0.000439218758194
6727,-0.00273071420464,0.00217000251999,0.00134784817975
6728,-0.00639253285615,0.00022524309664,0.00244646104257
6729,-0.0100833221927,-0.000783081170099,-0.00457082712344
6730,-0.00786644825955,0.0047726335079,0.000337169301409
6731,-0.00252845488791,0.0022033566525,0.0159459597707
6732,-0.013324085812,-0.000660448483304,0.00454972896737
6733,-0.00432564803217,-0.00332614425398,-0.0058513943127
6734,-0.00267302179168,0.000271679755514,0.00964844543402
6735,-0.001003983331,-0.00209303955251,0.00333473902805
6736,-0.00650657049846,-0.0105466183735,-0.0234231451175
6737,-0.00400454756431,-0.000786351068809,-0.00680799060286
6738,-1.50098979613e-05,-0.00215574106697,0.00235941285446
6739,0.00309070183445,-0.00438340032899,0.00323528570671
6740,-0.00987054767911,0.00809167881179,0.0132639051038
6741,-0.00412052524734,-0.00179122851022,-0.0160907381118
6742,0.0081110571671,-0.0104483615931,-0.0231076023549
6743,-0.010043353665,0.00169547687575,0.0116214741586
6744,-0.0085043096286,8.20131452776e-05,0.00248245910045
6745,-0.00544231292757,-0.00167884187995,-0.00724607169866
6746,0.0014593467805,-0.00606719947368,-0.0131683079765
6747,-0.000857056152034,0.00313266678815,0.0113123499522
6748,-0.00485377309671,0.00402605750086,0.00979609280989
6749,-0.00670788059219,-0.00110481952822,-0.00352042050629
6750,-0.00582591196697,-0.000319781337813,0.00562491404591
6751,-2.95958430719e-05,-0.00574171628531,0.000406557624652
6752,0.00235468791727,-0.000432423618437,0.00654935244478
6753,-0.00109088384614,-0.00490359588832,-0.0048356375461
6754,-0.00693175603644,-0.000392496288225,0.00576222568516
6755,-0.0113610778311,0.00695276729798,0.0105332139624
6756,-0.00490606758451,0.00396962682425,0.00867736679732
6757,-0.0019161138164,-0.0133786850742,-0.0318252269476
6758,0.00690951960108,-0.00896949692632,-0.013347398295
6759,-0.000743071248597,-0.00737229433958,-0.0153248148348
6760,5.41376216545e-05,-0.00640896012312,-0.0180379078853
6761,-0.0131080860268,0.000278289043318,-0.00544830112114
6762,0.00132872855944,-0.00178119883439,-0.00095463099187
6763,-0.0026823506952,-0.00500449195268,-0.00757257468964
6764,-0.00490989081757,0.0065551648232,0.0231728439
6765,-0.00278885559937,-0.00784682701726,-0.0147654062055
6766,-0.0034860717902,-0.00359537805534,-0.00626401742997
6767,-0.00981150597594,0.00867314866753,0.0197321221175
6768,-0.0101509982378,-0.00272095050059,-0.00459013700984
6769,-0.00205538054005,-0.00123664985973,0.000391969109807
6770,0.00140959287709,-0.000958618266656,-0.00744720165618
6771,-0.00470794831599,-0.000815957299109,0.00758813985363
6772,-0.00223620701748,-0.000131723129156,0.00369407691119
6773,-0.00369618343136,-0.0101447990466,-0.0311862590708
6774,-0.00850993489057,0.00753899772712,0.0208028385002
6775,-0.00673747966305,-0.000133650191748,0.00452142542334
6776,-0.0016792097134,-0.00325622609035,-0.000417294784919
6777,-0.0089543015855,0.00119045064495,0.00170539090689
6778,0.00158582024945,-0.00370318728449,-0.00253687739178
6779,0.00385797743141,-0.00513525512789,-0.00898519090819
6780,-0.00791605626209,-0.0014911900583,-0.00204237236598
6781,-0.00395409465363,-0.00123459346352,-0.00166990362748
6782,-0.0063935748525,-0.00251305156271,-0.00261873887746
6783,0.00209728429373,-0.00650054064231,-0.0160843144845
6784,-0.00427000043365,-0.00326457648072,-0.00591828715626
6785,-0.00983807595997,0.00882969194845,0.0132416234951
6786,-0.0101454325854,0.00539949788892,0.00879592246918
6787,-0.00660477645735,0.00611421035221,0.01568210453
6788,-0.00193460366197,-0.00447076390889,-0.00529109734967
6789,-0.00525479691453,0.00126729535756,0.00663843781334
6790,-0.0102173990805,0.0076684455252,0.00873637933943
6791,-0.00780845727961,0.00461574999571,0.00648004071379
6792,-0.00719143737325,-0.00118388295793,-0.00570344796074
6793,-0.0062490491095,-0.0041491122085,-0.00667171100031
6794,0.00079443528369,-0.0025977316182,-0.00132861574728
6795,-0.00477511163175,-0.00169315754022,-0.01194567276
6796,0.0009753776224,-0.00323624770601,-0.00688104201209
6797,-0.00782728623543,-0.000132883140819,0.00592372276239
6798,-0.00575705524109,0.00292893968748,0.000710942693594
6799,-0.00360104674873,-0.00195653508738,0.00379728337306
6800,7.11822081157e-05,-0.00180552970475,0.000203287558153
6801,0.00276749160924,-0.00602275036992,-0.00943444276896
6802,-0.00720842433446,-0.00033366805962,0.00157288310133
6803,-0.00172180246451,-0.00125217724177,0.0196361233018
6804,-0.00452906839257,-9.73892499843e-05,0.000528993761794
6805,-0.0111124862926,0.00880528491275,0.0204305418369
6806,0.00408848658235,-0.0134341521113,-0.018789632294
6807,-0.00511251195263,-0.00615390660253,-0.0191077005735
6808,-0.00137006603666,-0.00798159813555,-0.0112661628049
6809,-0.00070430971735,-0.00417130902859,-0.000926701734956
6810,-0.00342391823554,-0.00395517795158,-0.0116026037947
6811,-0.00726938928242,0.00345110869573,0.0111004398298
6812,9.51841178024e-05,-0.000385297663091,0.00987004988044
6813,-0.0125639924249,0.00547918201964,0.00583119167337
6814,-0.00795079838501,0.000708205108451,0.00131828535256
6815,-0.00982185691919,0.00323822519616,-0.00717298057311
6816,-0.00539194660244,0.00067649775685,-0.00440212516752
6817,0.0035664060845,-0.0106306730292,-0.018298727246
6818,-0.0114921992879,0.00221943179078,-0.00618652864287
6819,-0.00224662514853,0.000379401884218,0.0103131570991
6820,-0.00897744682885,0.00579903655985,0.0123310204047
6821,-0.00592983086716,-0.00666309252007,-0.029377548087
6822,-0.00311795062299,-0.00181692740871,-0.00841240894255
6823,0.00268087809965,-0.00707574138858,-0.005616046909
6824,-0.00311433080232,-0.00742104225702,-0.00415780801721
6825,-0.00357165836282,-0.0030686963144,-0.0111632489356
6826,-0.00662152525024,0.00281742119548,0.00546453050112
6827,-0.0118906461275,0.00629914588393,0.0193881999167
6828,-0.0058408476589,0.00214950723184,0.0121908957772
6829,-0.00361270527486,0.00448056255238,0.00733846887426
6830,0.00243801548704,-0.00501649780386,-0.00571382024155
6831,0.00248958387917,-0.00505524921007,0.00515978356724
6832,0.00333953174605,-0.00284626460903,-0.00395212624359
6833,-9.08962747729e-05,-0.00805288410195,-0.00868989828231
6834,0.000615964953884,-0.00702887656241,-0.00719610316966
6835,0.000798503180427,-0.00792708274676,-0.00989390553781
6836,-0.0021205188323,-0.00612446867785,-0.00864830949197
6837,-0.00258948828902,-0.00506468680995,-0.00995810022162
6838,0.0016103893692,-0.000983808928873,0.00293627692012
6839,-0.00534561905536,-0.00167063532305,-0.00496297843306
6840,-0.00700524562962,0.00605177644084,0.023267460393
6841,-0.00797335068468,0.00417050995822,0.00767380347329
6842,-0.0145519935806,0.0127251711518,0.0237946499336
6843,-0.000826854449544,-0.00177002413336,0.00687989985225
6844,-0.0106340485409,0.00298612722206,0.00709750497761
6845,-0.00942439351343,0.00184215441536,0.0103681667743
6846,-0.00765531358868,0.000963610413866,-0.00400241134431
6847,-0.00329060185044,-0.00407489594056,-0.00196058866665
6848,-0.00561597858823,-0.00449877258411,-0.00848928631518
6849,-0.0152469590058,0.0123586162871,0.0264528927645
6850,-0.00417659694999,-0.0043332454961,-0.0157133702437
6851,0.00120341431913,-0.0027386955659,-0.00217557481083
6852,-0.00654270734838,-0.00271356171864,-0.00850629123904
6853,-0.0049712182695,-0.00530385700732,-0.0196624060883
6854,-0.00263952773608,-0.00271049514918,0.00661694416372
6855,-0.00376020206357,-0.00148486947132,-0.00385431475013
6856,-0.00601237642185,0.0050834451177,0.0203679368579
6857,0.00662001400247,-0.00548845319026,-2.66594067422e-06
6858,-0.0101283933749,0.00104091094164,-0.00340951660333
6859,-0.0122327118148,0.00359387507745,0.000671107259641
6860,0.00108550186545,-0.00834799599702,-0.00480041559546
6861,-0.00950728106891,0.0034660246552,0.00685903410958
6862,-0.00107687331535,-0.00255497674967,0.00358987012865
6863,-0.00793759711358,0.00189351667274,0.00585249028812
6864,-0.00674274338784,0.000185501782838,-0.000732042724571
6865,0.000755303802166,-0.00138795808984,0.00015603359355
6866,0.000445432571111,-0.00337417892026,0.00107530085512
6867,-0.0144236622904,0.00980892103047,0.014395107257
6868,-0.0129524959226,0.00359120506155,0.00427845881916
6869,-0.00459352546086,0.00314282288751,0.0120301555408
6870,-0.00239105616194,-0.00245582019561,0.0032125584701
6871,-0.00271497705629,-0.00385943069107,-0.00724412537829
6872,-0.00296096624482,0.00438245821514,0.0108542923192
6873,-0.00135590941183,-0.00774866092317,-0.00422504482353
6874,0.000416792234311,-0.00161219910664,-0.00946800106622
6875,-0.00369476864008,-0.00690643621131,-0.012414272539
6876,-0.0101771612502,-0.000360714636843,-0.000980259666453
6877,-0.00678353252094,-0.00053185686689,0.00478774366395
6878,-0.00588798271168,-0.00239121000608,-0.00306421592047
6879,-0.00455387572638,0.000938770532053,0.00971913750629
6880,-0.00807226084746,0.00263739740341,-0.00313877800346
6881,-0.00844731385909,0.00898914654321,0.0198854209787
6882,-0.0115320637909,0.0023376974831,-0.00580730150411
6883,-0.0030690552213,0.00011845788192,0.00164527296229
6884,0.00317795532267,-0.00880886313661,-0.0215753721353
6885,0.00423177483115,-0.0075523642934,-0.0106287988487
6886,-0.000891395986619,-0.00883563489121,-0.0155930834661
6887,-0.00775022527444,2.69311448431e-05,-0.00389021711483
6888,-0.0028557702063,-0.000357166785525,0.0067405700483
6889,-0.0105174406464,0.00666156208369,0.0161926091141
6890,-0.00252694317047,-0.000145699062889,0.00943233476531
6891,-0.0076045162419,0.00587199728921,0.0069263457851
6892,-0.0131747933437,0.00632926392237,0.0133315550821
6893,-0.00610426659839,0.00450969957991,0.00942300525545
6894,-0.0105893399999,0.00527482998603,0.0133405324671
6895,-0.00718461785691,0.00483128392233,0.0143501279672
6896,0.00362438945213,-0.00726848472935,-0.00460188628164
6897,-0.00300187426107,-0.0022690288729,-0.006866054828
6898,-0.00893624008276,0.00409856968839,0.0045368179677
6899,-0.00947927591654,0.00547847384896,0.0117961315565
6900,-0.00331546483322,-0.00843983647505,-0.0145440144273
6901,-0.0017434437755,-0.00465014389643,0.0102641644975
6902,0.0049436565534,-0.00915502167085,-0.00941766103981
6903,-0.0105163444462,0.00680238157052,0.0137506836146
6904,-0.00476565018366,0.00493962250895,0.0155677966343
6905,-0.000771581330535,-0.00297176971505,-0.00394930206816
6906,-0.000492544893003,-0.00109887989272,0.0098505282733
6907,-0.000663236999839,0.000463511080395,0.00817610746261
6908,-0.0010875942681,-0.00425169200445,-0.00923885061031
6909,-0.00147813261498,0.00253977907571,0.0167261790444
6910,-0.00490479299026,-0.00420717739737,-0.000771292411883
6911,-0.000692190756059,0.000292633461787,0.0044102622879
6912,-0.00450326186875,-0.000535438547065,-0.00863575756825
6913,-0.00122545204516,-0.00637717201565,-0.000723864469526
6914,0.00505152818931,-0.00579905880247,0.00367637777084
6915,-0.00666410059068,0.00859675840896,0.0221609509494
6916,-0.00152036461455,0.000329902543309,0.00471783336934
6917,-0.00551579331717,-0.00274415085402,0.00167632274232
6918,-0.00540269622317,-0.00299155938381,-0.00644049003196
6919,-0.0137896542502,0.00418099755181,0.00325859516429
6920,-0.00261095721332,-0.00457411742772,-0.00377026649873
6921,0.0063348327429,-0.00683840761822,0.000167309747924
6922,-0.00492441884248,-0.00428047091287,-0.00673389503923
6923,-0.00658979623349,0.00747999331877,0.0200836979903
6924,-0.00466297057448,-0.00597519313278,-0.00239436310024
6925,-0.00550133753389,0.00354775331658,0.00702067077562
6926,0.00110853300114,-0.00586140409946,-0.0126299558699
6927,-0.00507717847953,-0.00402245390212,0.00839703368254
6928,-0.000919638710752,-0.00636828940563,-9.46863424244e-05
6929,-0.00687517056377,0.00460729853412,0.0118405284542
6930,-0.00995595147834,0.00674482008632,0.0105426650762
6931,-0.00148579958924,0.00205078346174,0.016567818346
6932,0.00225065299902,-0.00349286747972,-0.00720207294513
6933,-0.0035039782099,0.00312782737421,0.00858161062097
6934,0.00457188950991,-0.00257402810352,0.00564674493459
6935,-0.00372080650885,3.94006707535e-05,0.00276773055986
6936,-0.00221769892654,-0.00498610688332,-0.00177931688997
6937,-0.0122900907342,0.00171857598133,-0.00119052105835
6938,-0.00823868761093,0.00805260641419,0.00929310353138
6939,-0.00781095350772,0.0023525405382,-0.000321841633617
6940,-0.00952299014449,0.00717583328779,0.00834753426811
6941,-0.00356783711018,-0.00599943092588,-0.00443388309318
6942,-5.26359113703e-05,-0.0021298600246,0.00252124949038
6943,-0.0037367081779,-0.00159187072472,0.00286924389661
6944,-0.0092088661002,0.00334114227761,0.0104554744
6945,-0.00109759518634,-0.00175165935192,-0.00466870389172
6946,-0.00725577032814,-0.00206001002149,-0.00386377544293
6947,-0.00598692691144,0.0048370174213,0.00602597504016
6948,-0.00655495068922,-0.0011176572048,0.00353078781553
6949,-0.00698971066632,0.00177947361953,0.000134649480006
6950,-0.00781814207677,0.000372920016921,0.00208866892692
6951,0.00383064589721,-0.0107294879446,-0.0135603541082
6952,-0.0109790517669,0.00629711238902,0.00591217903712
6953,-0.0066324841514,0.00105573524134,0.000768788120522
6954,-0.0027367878615,0.000104940617927,0.00219804338386
6955,-0.0117199454147,0.000885592904495,-0.00569139328466
6956,0.00139083474774,-0.00673232625639,-0.0133181892284
6957,-0.00014978044032,-0.00336571107324,-0.00331589219657
6958,-1.65771600436e-05,-0.00471052944085,-0.0109338849395
6959,0.00160426737069,0.000416579617305,0.00473360695829
6960,-0.00351476616484,-0.00155851002833,-0.0156521322298
6961,-0.00865653580373,-5.99302625742e-06,0.00241223134514
6962,-0.00741827383715,0.00282745992444,0.01943389492
6963,-0.00516084857915,0.00574084845938,0.0145728741972
6964,-0.00248342746344,-0.00928703028152,-0.0244626596175
6965,-0.00816030357397,-0.0013679212972,-0.00314883580505
6966,0.00543114613494,-0.0108249124641,-0.0181776737659
6967,-0.0202264571961,0.00806817870847,0.0119535797437
6968,-0.00821548985759,0.000366836028724,0.00696750485777
6969,-0.00966229959629,0.00334520881146,-0.000245557736638
6970,-0.00124889083248,0.00389641933285,0.0125333383175
6971,-0.00179708867312,-0.00528758919091,0.00163315010112
6972,0.00277254585068,-0.00303342375199,-0.00327989332987
6973,0.000103558787169,0.00124720499279,0.00816304865332
6974,-0.00299805429805,-0.00479525559758,-0.00396169622902
6975,-0.00247656381632,0.00669119759154,0.017005312817
6976,-0.00630436308247,0.000450398088123,0.00276366704279
6977,-0.0113449186146,0.00355170374469,0.0102339853245
6978,0.00387504440307,0.000163039480785,0.00853750850411
6979,-0.0101875120383,-0.00133976292227,-0.00397558085366
6980,0.00509278366408,-0.00866465315999,-0.00625202092073
6981,-0.00114497101788,-0.00360286504365,-0.00548291473818
6982,-0.0110571203294,0.00374888144565,0.00635426663279
6983,-0.0014836246686,-0.00323402596093,0.000862399142379
6984,-0.000732309368078,-0.00296381805651,-0.00935451035446
6985,-0.00875867441223,-0.00279846777637,-0.0109007281049
6986,0.00638941276406,-0.00278192660302,0.00709815631093
6987,0.00538795674014,-0.00896462817898,-0.0123441275636
6988,-0.00142192192595,-0.00363984029688,-0.00550551561873
6989,-0.00917978385981,-0.00355175316401,-0.00736285936542
6990,-0.000604514784551,-0.000720922837464,-0.000160262833436
6991,-0.00862359226169,-0.0046546800043,-0.0156163815893
6992,-0.00443764469933,0.00199519419785,0.0196244942068
6993,-0.00268881844675,-0.00451263219836,0.00199237335288
6994,0.00370512555791,-0.00904457544361,-0.0152833928893
6995,-0.0110923840335,0.000566740970066,0.00104408293049
6996,-0.00242532840649,-0.00616388837529,-0.00806060232619
6997,-0.00535797740651,-0.000846767070954,0.00972902840997
6998,0.00166160742929,-0.00516167513069,-0.0111362957912
6999,-0.00424720834175,-0.00440780257085,-0.0122137771958
7000,-0.00237074179119,-0.000828649159065,0.0092961816453
7001,-0.00235379913649,-0.000812748231136,-0.00216903523528
7002,-0.00281693756152,-0.00471628939382,-0.0116764652736
7003,-0.00931363959846,0.00307728115161,-7.79634139646e-05
7004,-0.00441205319215,-0.00462996407336,-0.0120732250436
7005,-0.00780958842863,0.000655176802433,-0.00516628561428
7006,-0.0101545723391,0.00745897763284,0.0205151216187
7007,-0.00469886936168,-0.00442688985524,-0.0119965421056
7008,-0.00526254711726,-0.0102169171476,-0.0271351272383
7009,0.00275075906528,-0.00760018870661,-0.0154023059838
7010,-0.00298741446231,0.00167350346517,0.00453271677959
7011,-0.00802929185222,-0.00441600405517,-0.0187028668313
7012,-0.00604797557771,-0.00209842601052,-0.000808188501649
7013,-0.0099773138118,0.00138095247695,0.00902518004467
7014,-0.00506520723453,0.00063319718018,0.0110557630589
7015,-0.000845928227529,-0.00406050736418,-0.00194011870706
7016,-0.00260110762941,-0.00341348454993,-0.00100484518063
7017,-0.00512713255099,-0.000252413062834,0.000736855805727
7018,-0.00694287386137,-0.00449825412725,-0.0137471708127
7019,0.000167651535551,-0.00349473843082,-0.0055780087724
7020,-0.00580334873449,0.00411908614517,0.00547767253149
7021,-0.00275096397567,-0.00472663764116,-0.0070057405523
7022,-0.00942912223366,-0.0019956236788,-0.00573772952926
7023,-0.000255313834189,-0.00516805778951,-0.0112682022728
7024,-0.000526720784099,0.000861995039982,0.00274605162499
7025,-0.00308193993382,-0.000700142747176,0.00285148664507
7026,0.000204436839754,-0.00831258315788,-0.00495089200774
7027,-0.0115221033847,0.00922636019895,0.0215347908657
7028,-0.00188511238256,-0.00325336370835,0.0022140500818
7029,0.00563002974226,-0.00790507948654,-0.0112773749638
7030,0.00411462772557,-0.00696501550167,0.00302889742299
7031,-0.0028023120587,-0.00665461833848,-0.00516716995417
7032,0.00381819450713,-0.00420348425854,-0.00689140979527
7033,-0.00615779076838,0.00587644701607,0.0118800382362
7034,0.000285626426075,-0.0033098336067,-0.00828177173112
7035,-0.00768591702019,4.79215567764e-05,0.00602476046273
7036,0.00407663043339,-0.00523339193971,0.00216714526598
7037,-0.00753558801171,0.000873257734873,-0.00240867722868
7038,-0.00728487280989,0.00151303660783,0.014178266384
7039,-0.0127244095403,0.00954040109519,0.00957678626963
7040,-0.000793600249384,-0.00342586632151,0.00191747158107
7041,0.000924832747021,-0.00655289853906,-0.0163879280918
7042,-0.00462371105221,0.0011315757835,0.00214338658907
7043,-0.00814352641207,0.00370712170278,0.0121109906298
7044,-0.00936955952236,-0.00278751285081,-0.00772113339123
7045,-0.00554382143344,0.00341280944124,0.00962264228399
7046,-0.00424891553571,0.00445648652182,0.0100899627667
7047,-0.00838788503651,-0.00209956333442,-0.0120698431455
7048,-0.0109635819192,0.00464404162875,0.00120192174648
7049,-0.00509778914719,-0.00059463170174,0.00611363406355
7050,-0.00687952206783,-0.00252032239455,0.000343542501443
7051,8.80154160032e-05,-0.00432668137031,0.0026414334096
7052,-0.00495005285854,-0.000207704525959,0.000217602148213
7053,0.00114344925007,-0.00856036461398,-0.00731792972938
7054,-0.00202710594212,-0.00153365524376,-0.00110002432316
7055,0.0043990823878,-0.0092884722968,-0.0066124346563
7056,0.00105618312712,-0.00371806075388,-0.00276754747948
7057,-0.00398169681596,-0.0061258424673,-0.0101621492936
7058,-0.00262685261604,-0.00630629646522,-0.00109586526499
7059,-0.00691981079142,0.00041676362137,-0.000999693671448
7060,-0.0082338547057,-0.00168753376485,-0.00892819798115
7061,-0.00219911877525,-0.00496587592992,-0.00250887450735
7062,-0.00774963623803,0.00262136265549,0.00856018329726
7063,-0.00617694188844,-0.00400180907583,-0.00975276719663
7064,-0.016755059795,0.00852820038339,0.0159842342433
7065,0.00142809096778,-0.00904564549027,-0.0166242382673
7066,-0.00422586421804,-0.00390239458611,-0.00936345106094
7067,-0.0077874765551,0.00254661047923,0.00173317083602
7068,0.000704520975204,-0.00693238432202,-0.0174100836566
7069,-0.00419062509206,0.00182858781747,0.000222767973698
7070,-0.00621283544578,-0.00390797884642,-0.0103603776362
7071,-0.00865093597781,0.000979890180385,-0.00634365383837
7072,-0.00466137651952,-0.00427594389961,-0.0174642513212
7073,0.000365074866842,-0.00298875789678,-0.00637538470081
7074,0.00478345062022,-0.0114577516334,-0.0158342514785
7075,0.00353056370243,-0.0061984392981,4.15929360129e-05
7076,-0.00324956139294,-0.00378673330347,0.00232425969421
7077,-0.00327840325218,-0.00321708263444,-0.0122675669794
7078,-0.00871143018326,0.00431208764531,-0.0022381376859
7079,0.00204081556227,-0.00327399947504,0.00646031644259
7080,-0.0126957541092,0.00725479687028,0.0099628927406
7081,-0.00172685362451,-0.00402862637142,-0.00609167351946
7082,-0.00483869279425,0.00481490124421,0.017785094936
7083,-0.00707914462069,-0.000441471560894,-0.00259461308714
7084,-0.00716224094915,-0.00452540132427,-0.0206885449619
7085,-0.000778166014328,-0.00158453782376,0.000151799769752
7086,-0.00449398355895,-0.00620232855459,-0.0130706936208
7087,-0.00791074681394,0.00202835746014,0.00641470739383
7088,-0.00803285243422,0.00711711316157,0.028208626365
7089,-0.014079678644,0.00807510406843,0.012168182156
7090,-0.00482343750391,0.00308689376654,0.00230366945091
7091,-0.000227576258361,-0.00760632890746,-0.00958295200397
7092,-0.00472023761756,0.00146564804694,0.000524019068486
7093,-0.00122147169176,0.00161850873341,0.0154907920625
7094,0.000306822383188,-0.00277159129279,0.00367155480677
7095,-0.00241901038183,-0.00693921746735,-0.0016803577381
7096,0.00124151511742,-0.0116327880133,-0.0130132809903
7097,-0.00656647290009,-0.0014514298977,-0.000695506677839
7098,-0.00939431762088,-0.00168329227412,-0.0088474150031
7099,-0.0079589122366,0.000132856449299,-8.39810168546e-05
7100,-0.00922706702794,0.00279182912447,0.00545134867403
7101,-0.00162472960977,-0.00413586286974,-0.0114608610942
7102,-0.000157632754437,-0.00656507672585,-0.0119036986202
7103,-0.00188448704847,-0.00764988960516,-0.010929921498
7104,-0.00659854211989,0.00826033605613,0.0222694438849
7105,-0.000401547916876,-0.00148865748188,0.00161719491551
7106,-0.0087099057708,0.00399053642332,0.00740554480439
7107,-0.0125973731162,0.00131949073032,-0.00536148526962
7108,-0.00841205686934,-0.00367036111412,0.00200264346591
7109,-0.010203705477,0.00115653832661,-0.000420915220982
7110,-0.00576718837468,0.00484394476343,0.012148692858
7111,0.00374585883818,-0.00914346491601,-0.0114057440301
7112,-0.00573344039438,0.000449036896825,0.00676783285153
7113,-0.000755095715937,0.0016492913237,0.00745554384916
7114,-0.0150295231597,0.00638937163981,0.0109449186399
7115,-0.00356675705893,-0.00127154419222,0.00285991035985
7116,-0.0117601835141,-0.000940289834703,-0.0133230822456
7117,-0.0104244941833,0.00293213980187,0.0107037497587
7118,0.00456849928671,-0.00752097539011,-0.00952034583956
7119,-0.0135214169704,0.000476042560168,0.00131504325749
7120,-0.00522715742085,0.00158573135055,-0.000433184808101
7121,-0.00666246780033,0.000591337574307,-0.00487669927267
7122,-0.00441300876657,-0.0028988449666,0.00721071270422
7123,-0.00621115769024,0.00356358345204,0.00864786503221
7124,-0.0104718842821,0.00638606187242,0.00956360100126
7125,-0.00756885604277,0.00384211691589,0.00479016779257
7126,-0.00678498146433,0.00177387406544,0.0094719991193
7127,-0.00491768627636,-0.000798268056362,0.0075867171579
7128,-0.00394534345405,-0.00408554774893,0.00230727668464
7129,0.00130847828235,-0.0106276744856,-0.0162420693062
7130,0.00282870420161,-0.00456928504229,0.00162212153468
7131,-0.00416165971236,0.00897189979825,0.0165757527595
7132,-0.00770433671658,0.00560935774174,0.00933171945238
7133,-0.00179945144393,-0.00759319507842,-0.00605231201835
7134,-0.00631844941293,0.00257725330054,0.00864386565758
7135,-0.00771005100106,0.00383035218752,0.0121456173018
7136,3.70369600733e-06,-0.00808750104519,0.000598892433354
7137,0.000156414631392,0.00202821282545,0.0107228960993
7138,-0.00609719811802,-0.000198637059447,-0.0023724637461
7139,-0.00393448992155,-0.00609437254111,-0.021457900606
7140,-0.00195448608115,-0.0012073967259,0.00882084319402
7141,0.0032262554936,-0.00494271284689,0.00277429253763
7142,-0.0101281107023,0.00335385288561,0.00190058500365
7143,-0.000171884465053,-0.000854900976671,0.00625946945479
7144,5.51962953369e-05,-0.0067854028829,-0.0135057354134
7145,-0.000840660823154,-0.00789444509697,-0.00635689390463
7146,-0.0036172919885,-0.0091769056825,-0.0174536532215
7147,0.00683172070412,-0.00874478295543,-0.00914633920952
7148,-0.00613185448073,-0.000249137498853,0.00144290813438
7149,0.0035508045472,-0.00475227284309,-0.00518629281419
7150,-0.00916410041126,0.00278037782205,0.00819422611354
7151,-0.000829589991964,-0.00448150227737,-0.00411421156491
7152,-0.00195645372581,-0.00247281218827,-0.0070194314355
7153,-0.00403562545751,-0.0029790794605,-0.0141123826093
7154,-0.00191160119006,0.00246222517681,0.0141598502526
7155,0.000220993419157,0.0039674419768,0.0144149111222
7156,0.00271344908249,-0.00335801975332,-0.00380472513848
7157,-0.010260716999,0.00537477560997,0.0139352707529
7158,0.00243091559675,-0.00335118870058,0.00395687211216
7159,-0.0128446044415,0.00703269246054,0.0100999832455
7160,0.00670019625148,-0.007614952721,-0.00186173834272
7161,-0.0072001926279,-0.000332813097881,-0.00729986091745
7162,-0.00470449183881,0.00206749382983,-0.00123862428101
7163,-0.00810791525698,0.00699358411991,0.0107431233394
7164,-0.00157216296152,0.000575307518453,0.00662995375915
7165,-0.00757412663979,0.00246331240314,-0.000489722534135
7166,-0.00355428336948,-0.00152693057047,0.00321717040594
7167,-0.0107873088644,-0.000251903905894,0.00350024908295
7168,0.0010157339745,-0.000361528906426,0.011079987806
7169,-0.0148953601221,0.00578252853749,0.0118711352695
7170,-0.00564755634877,2.31095770188e-05,0.0077493019147
7171,-0.0096956219429,0.000660138184512,0.00366359731185
7172,0.00084299852794,-0.00496139699603,-0.00430473306902
7173,-0.00879291365021,0.00262781347508,0.0129175174855
7174,-0.00301726520427,-6.83903235043e-05,0.000812301566553
7175,-0.00761289773146,0.00114445085842,0.0015767998134
7176,0.00284848426727,-0.00914201565655,-0.0111477129481
7177,-0.0172141693481,0.00512366910749,0.0122133301442
7178,-0.00134280219251,8.0262231554e-05,-0.0048613078064
7179,0.00108155057693,-0.00820752653712,-0.0224233182274
7180,-0.000765643468991,-0.0048431899759,-0.00416337066299
7181,-0.00818894707339,-0.0017005426907,-0.00166238306659
7182,-0.00620393274276,0.00150369172272,-0.00479642893685
7183,-0.00567969194397,0.00172647281026,-0.000537955298214
7184,-0.00804983262882,-0.000989867654678,-0.00562767281778
7185,-0.00475188218446,-0.00426374892201,-0.00390780401496
7186,-0.000409609803435,-0.00621668352056,-0.00457012990117
7187,-0.00716721802496,0.00617414503454,0.0200422944869
7188,0.00276285474494,-0.00247666827265,-0.00196503803178
7189,-0.00985569876613,0.000765122042746,0.000434234502923
7190,-0.0112348960503,0.00643792232115,0.0156945369509
7191,-0.0111157743323,0.00771435690777,0.01501344106
7192,0.0011486979783,-0.00220465642716,-0.00427946360637
7193,0.00297343232465,-0.00539366456165,-0.00594755154674
7194,0.00107648781082,0.000212355800788,0.00461697036696
7195,0.000846641858748,-0.00886567562467,-0.0118944393719
7196,-0.0133076104062,0.00523798494631,0.00677273504604
7197,-0.0039794638741,0.00404855352606,0.0122028646567
7198,-0.014920840391,0.00358313580131,0.00875954947493
7199,-0.0108180787829,0.00115590774459,0.0146276901228
7200,-0.00491222129894,-0.00139388486758,-0.00203509637269
7201,0.0025927200991,-0.00574760588815,-0.0104542661555
7202,-0.00724343371476,-0.00425192830454,0.00154366688939
7203,-0.00241096589808,-0.00301588671288,0.000206246413584
7204,-0.00493169695103,0.00461688743168,0.0110872468043
7205,-0.00572286346309,-0.000599660656664,0.00014878354499
7206,0.0105726499876,-0.00985598766688,-0.0141038448546
7207,-0.003040261444,-0.000931540495848,0.00158657269756
7208,-0.0116930226269,-0.000254108356418,-0.00719348322774
7209,-0.00233474669698,-0.00273184582511,-0.00535477709392
7210,-0.00245671816637,-0.00179450741251,-0.000777192001338
7211,-0.00762492458885,-0.0010456532825,-0.00566369933411
7212,-0.00208735806397,-0.00448109135491,-0.00846115749594
7213,-0.00342708554726,-0.00304871482139,-0.00504611182519
7214,-0.00167708602609,-0.00200753324866,-6.2396024989e-05
7215,-0.00325264840565,0.00140251460224,0.00920544729955
7216,-0.00556219951294,-0.000654534028008,0.000690391333119
7217,0.00552413111591,-0.00915201497555,-0.0171742317982
7218,-0.0067454179394,-0.00296445383856,0.00123739069537
7219,0.000157348627439,-0.00547682614314,-0.0120912801512
7220,-0.0101512571471,-0.00157705793621,-0.0176422538941
7221,-0.00264214797929,0.00132825100171,0.00530723950587
7222,-0.00103103238684,0.00319397842477,0.0215683153377
7223,-0.00126019144296,-0.0039220342955,-0.00586328298523
7224,0.00312440778013,0.00131788535354,0.00758773607969
7225,-0.00242955074179,-0.00631131100157,-0.00130364437263
7226,0.00143668310744,-0.0101030676492,-0.0158250699158
7227,0.000270000598459,-0.00392118259586,-0.00353999825193
7228,-0.0162352905539,0.00747659072869,0.0103693295506
7229,-0.00370042648704,0.00040965431703,-0.00635779483032
7230,-0.00264846007046,-0.00215616436735,-0.00382251405606
7231,0.00233144365446,-0.00766278304959,-0.00720377219016
7232,-0.0058422231706,-0.00434649820679,-0.00928174400041
7233,-0.00536353237674,-0.00143433278406,0.00196635324492
7234,0.00203421458097,-0.00512807459261,-0.0114939146767
7235,0.00451860796639,-0.0114826323699,-0.0264459032249
7236,-0.00956806327262,0.00598333520667,0.0107156723475
7237,-0.00834555969742,0.00608044139272,0.00932547781873
7238,0.000167205883218,-0.00746942656389,-0.00566039678427
7239,-0.0074158432142,0.000803652276697,0.011487100336
7240,-0.00456665802731,0.000961977069842,-0.000440899352031
7241,-0.00306751247221,0.000486369439979,0.00330074852537
7242,-0.0125792250964,0.00477192258166,0.0128537638272
7243,-0.00189779466273,-0.00616511985863,-0.0132452393815
7244,-1.81944209635e-05,-0.000571801896878,0.0102013701596
7245,0.000427541478707,-0.00778448225121,-0.00437845677434
7246,-0.00279644208385,-0.0025963439609,-0.00871929191211
7247,0.00270768912619,-0.00741483534045,-0.0032452926775
7248,-0.00552493748482,-0.00641703629326,-0.0155564838461
7249,0.00289402310906,-0.0113177837598,-0.0230411009932
7250,-0.00544778118827,-0.0024137383925,-0.00496560245872
7251,-0.00163654415818,-0.00298925854908,-0.00328976366405
7252,-0.0134823030348,-0.00103327115367,-0.0168083912294
7253,-0.0105416425788,-4.83830522575e-05,-0.00794531707388
7254,-0.00957341214487,0.00635109019138,0.0181617304292
7255,-0.00894788620726,0.00349609910567,0.00107578698438
7256,-0.00534337010062,0.000792449934885,0.0229463067386
7257,-0.00365092190202,-0.00174451061847,0.00411213209076
7258,0.00649075414157,-0.00650369007487,0.00510735540954
7259,-0.0082575193136,-8.14965881437e-05,-0.00205669608354
7260,-0.00455544927453,-0.0041441116489,-0.0106163782455
7261,-0.00302763671027,-0.00108922007029,0.00814584170879
7262,-0.0248496073402,0.0133082443422,0.0138514517122
7263,-0.00381822669369,-0.00523689494024,-0.00792112202102
7264,-0.00284781113746,-0.000102876237998,0.00527294821842
7265,-0.000747874745972,0.00290094661908,0.00332294480241
7266,-0.00682690308606,-0.00581709036348,-0.00933876272805
7267,0.00323519189024,-0.0148209752202,-0.0188182766503
7268,-0.00204805389506,0.000351686300321,0.00496096048798
7269,-0.00107353564266,-0.00276087882892,0.000727588430898
7270,-0.00786771241534,-0.000438232059542,-0.00429231725493
7271,-0.00199235736781,-0.00587172612726,-0.0142117769976
7272,-0.00688200194899,-0.00211310046889,0.00260382147005
7273,-0.0145163101517,0.00553169204153,0.0210253608754
7274,-0.00679103494653,0.00210735212856,0.00266545701
7275,-0.0094848588398,0.00438454918312,0.0126988730074
7276,-0.0105999886389,0.00423401473355,0.0177789757933
7277,-0.00678276599054,-0.00611221907068,-0.0185280208288
7278,-0.00610771725869,0.00505264907927,0.0201933428663
7279,-0.00387585526951,0.00191191510995,0.00769308670083
7280,-0.00911304581098,0.00394211278416,0.0130304041323
7281,-0.00704175525501,0.00230562483452,0.0113327001556
7282,-0.00276287965859,0.00176940172816,0.0106045553074
7283,-0.00614725663758,0.00198738899442,0.0136882864617
7284,-0.0071625798241,0.000157171470311,-0.00312511975713
7285,-0.00726184879454,-0.00299851964903,-0.00666733025807
7286,-0.00492809963627,0.00138037453627,0.00185038262883
7287,-0.00503895773463,-0.00116483234283,0.00442666895573
7288,-0.0133950062589,0.00200570981241,-0.00156506953662
7289,-0.00279654112374,-0.00629497165442,-0.0200563015907
7290,-0.00572586110642,0.00392237540234,0.0196175359769
7291,-0.00272629529789,-0.00641153748774,-0.00081221249932
7292,-0.00316379300445,-7.49250868048e-05,-0.00257343454309
7293,-0.00279122059091,-0.00370588770287,-0.00571463972223
7294,-0.00594782891545,0.00163266296976,0.000920467155213
7295,-0.00615556109822,0.000269849400998,0.00873697585868
7296,-0.0091862427664,0.00120555614576,0.0039854473062
7297,-0.00739110480553,0.00171850118467,0.0038388853249
7298,-0.00123598738212,0.00181451199098,0.0122142712121
7299,-0.00459830403076,-0.00304512054143,-0.00497091816658
7300,-0.00491434083043,-0.00127548873712,0.00433207471619
7301,-0.00638336686636,-0.00388643928246,-0.00759265333474
7302,-0.00343272391193,-0.00287865334737,0.00488837193078
7303,-0.00390224599905,-0.00423067318137,-0.0237329609644
7304,-0.0075852440087,0.00538155272041,0.00791996820576
7305,-0.00295079331925,-0.00417609553944,-0.0120572820695
7306,-0.00705235313656,0.000294043159911,-0.00123972157467
7307,-0.00469200962426,-9.25138855667e-05,0.003197822493
7308,-0.00571410137583,-0.00106963705339,-0.0012208117517
7309,-0.00803483099304,-0.00239579714342,0.00708514712216
7310,-0.00544461617319,-0.000640271503033,-0.00491494040651
7311,-0.00123470306779,-0.00383072594406,-0.0179558959387
7312,0.00635829053348,-0.00847430104711,-0.00618722640659
7313,-0.00065200039463,-0.00429929918931,-0.00997959207676
7314,-0.00556689821164,-0.00476775192929,-0.0142555079807
7315,-0.00472262146012,9.54420942741e-05,-0.000659547687592
7316,0.00137020260617,-0.0038692121157,0.00359501430271
7317,-0.0022745836056,-0.00144260950488,-0.00267164924207
7318,-0.0133592579042,0.00737130216479,0.0181935841608
7319,0.00169436440518,-0.00188051119789,-0.00479146058466
7320,-0.00728084390385,0.00340476899016,0.00433473855541
7321,-0.00590308174841,2.863161031e-05,-0.00395954188369
7322,-0.00401739656651,0.00391968015227,0.0133076484777
7323,-0.00110338770614,0.00115489188194,0.0130513077842
7324,-0.00160233291802,0.00277667864554,0.00761845576687
7325,-0.000127737053455,-0.00888312961013,-0.0152337273194
7326,-0.00727151522732,0.000665886252543,0.00266498703418
7327,-0.00598592306983,0.00270822200014,0.0157080686169
7328,-0.00628270648087,0.00220875365273,0.0141967213944
7329,0.00383484305854,-0.00261485849256,-0.0118856019999
7330,-0.00308744856506,-0.00209236318068,-0.00541309527533
7331,-0.00537338114554,0.00382727224887,0.00425386458551
7332,-0.0144398369523,0.00799897080284,0.020690108861
7333,-0.000844405976357,-0.00611877153844,-0.00964195832013
7334,0.00341112501075,-0.00591283538005,-0.00552319325968
7335,-0.00865513108775,0.00129274720429,0.00468450226528
7336,-0.0117749515644,-0.000614224017396,-0.00348010749474
7337,-0.0078512016751,0.00374036336189,0.00684606986357
7338,-0.00931047500256,-0.000172136637924,0.00849693278981
7339,-0.00480451963476,0.000855098873582,0.0108669093035
7340,-0.0036617791993,-0.00262887362555,-0.00508060707664
7341,-0.00287273174622,-0.00554924208659,-0.00442946637392
7342,-0.00253209445741,-0.00191399820857,0.0030773344826
7343,-0.0045906471134,0.00516121562761,0.0119212940441
7344,-0.0109978175162,0.00526256863752,0.00215449803488
7345,-0.00710298216805,0.00412091886435,0.0118383858286
7346,-0.00102746616604,-0.00205645063938,-0.00420365700865
7347,-0.0051378905936,0.00493398290916,0.0131266750995
7348,-0.00569819775506,0.00270201212455,0.0002142421426
7349,-0.0103265501023,0.00739334236096,0.0175949322734
7350,-0.0057531172143,0.00254205914415,0.00556152435738
7351,-0.00811075326006,0.0043640283078,0.0104602036619
7352,0.000366305868638,-0.0077024434409,-0.0223040224371
7353,-0.00902629019576,0.00134120416841,0.00466392757347
7354,0.00154343427556,0.000489662530503,0.00815839895207
7355,-0.0019104425099,-0.00499685250268,-0.00828349438735
7356,-0.00985006449573,0.00349086057446,0.0104080722765
7357,-0.0151768819519,0.00959693541507,0.016140121402
7358,-0.00343629985482,-0.00137002066352,0.000272161450183
7359,-0.00324327597104,-0.00499854003446,-0.01253424033
7360,-0.0102008059713,-0.00108256011739,-0.00065333405977
7361,-0.00294662965314,-0.00370891668897,-0.00623858760351
7362,-0.00587512010575,-0.00472843660664,-0.00579996051903
7363,0.00192862791077,-0.000969962757057,0.0147562029255
7364,-0.00296475735699,-0.00188491656448,0.00151446952207
7365,0.000478705934503,-0.00129118776309,0.00772492266401
7366,-0.00759178873012,-0.00455020801443,-0.0170708807487
7367,-0.00311224100202,-0.000812761472799,0.0112062013641
7368,0.000878562866784,9.01588855255e-05,0.00804660498719
7369,-0.000406059658039,-0.00558394472502,-0.0130201241045
7370,0.000497229455845,-0.000560422223101,0.00733717656584
7371,0.00741102197953,-0.00854865770107,-0.0140425807563
7372,-0.009204436575,0.00236948112619,-0.00521606151253
7373,-0.00025406531516,0.00441759653435,0.011626381156
7374,-0.00349940666958,-0.0057612374579,-0.0065032942387
7375,-0.00271420815017,-0.000432113372734,0.00231398861587
7376,-0.00709002784449,0.00497097098035,0.0192140105143
7377,0.000323494706733,-0.00278355804234,-0.00285098316514
7378,-0.00372928590663,-0.0103849070948,-0.0162854450077
7379,-0.00436820652828,-0.00557601808713,-0.0172264223801
7380,-0.00352253957984,0.00627103504854,0.0203968877448
7381,-0.00482623447469,-0.000226762572363,-0.00626716367385
7382,-0.00258521420471,-0.00064548995053,0.00193009879348
7383,-0.00495870942451,-0.00482367201575,-0.00858601863159
7384,-0.00625479921138,0.00842328555481,0.0229182854609
7385,-0.00708108256038,0.00349815946525,0.00837597514768
7386,-0.000485755157742,-0.00588420632393,-0.00360455223546
7387,-0.00453595177816,-0.00663249901039,-0.003811621958
7388,-0.00470639637398,0.000331998509465,0.00139233902124
7389,-0.00231141990072,-0.000484096453457,0.00707994898027
7390,-0.00297265739196,-0.00235633388266,-0.00108672317336
7391,-0.0111543677757,-0.000324969903221,-0.00613921187893
7392,-0.00581056332642,-0.00832971586191,-0.0186842130355
7393,-0.00985261622839,0.00364431028131,0.0156253519247
7394,-0.00994200547305,-0.00215416421341,-0.0039150132584
7395,-0.00743314393604,-0.000162392032972,-0.00149028771147
7396,-0.00546433643089,0.00138098659835,0.00970608766085
7397,-0.00852843010053,0.0032915284924,-0.000983850200041
7398,-0.00955608325976,-0.00130116260348,-0.0058726294322
7399,-0.00827097023404,0.00352438769947,0.0116187916644
7400,-0.0055528263348,-0.00460045300719,-0.0245157305695
7401,-0.00625103188959,0.00395979509865,0.0112926730702
7402,-0.000874405317502,-0.00603921339379,-0.00427345373546
7403,0.000783088609339,-0.0036934866867,-0.00669383930847
7404,-0.0109416602722,-0.00331971743296,-0.0119385319922
7405,-0.00702617415542,0.00192622263548,0.00102229580966
7406,0.00116083823912,-0.0073253958593,-0.0043992792942
7407,0.000935789327756,-0.00918472560516,-0.0155559544671
7408,-0.00860220419726,0.00291999081561,0.010434991165
7409,-0.00655228596514,-0.00185841550221,-0.00520985480182
7410,-0.00521197399684,-0.000675487002688,0.0107413475012
7411,-0.0045474159423,-0.00265612757427,0.000842773442601
7412,-0.00175953735969,0.000263751330915,-0.00154632161074
7413,-0.0128619547554,0.0093156018031,0.0187360152954
7414,-0.0085068723789,0.00575071394722,0.0170445703812
7415,-0.00454229857942,-0.00102373688744,0.00401644567456
7416,-0.00291197082939,0.000970654355547,0.011318276847
7417,-0.00882213483575,0.00449679998652,0.00691460147897
7418,-0.00657756559039,0.00356940270472,0.015720434779
7419,-0.00106738824313,-0.00342064853868,0.00739242018242
7420,-0.00751880252456,0.0103099890083,0.0200221759918
7421,-0.00660633116307,0.00227037038412,-0.00512597099606
7422,0.00292098543761,-0.00640521614132,-0.00640183336982
7423,-0.0026725799265,-0.00211512092393,-0.00146140435482
7424,-0.00347721533369,0.00370342054641,0.014620442571
7425,0.000737152485117,-0.000853099215008,0.00173694047813
7426,0.00463355803239,-0.0121977610822,-0.0144973388952
7427,-0.0115469304751,-0.00150580917081,-0.00315404282421
7428,-0.0113515045993,0.00283372573274,0.00266505181668
7429,-0.00760285394581,-0.0020359266929,-0.00227241795667
7430,-0.00306996681346,0.00398419300021,0.0171840812094
7431,0.00141241955339,-0.00701994990597,-0.0142741714147
7432,-0.00807491927177,0.0054099881413,0.01267178845
7433,-0.0111894459539,0.00241746630198,0.00242968252834
7434,0.000637089963885,-0.00149253969118,0.0037861676965
7435,-0.00966961208332,-0.00366508069295,-0.0187216194228
7436,-0.0160771912354,0.0120770684256,0.0218149808189
7437,-0.0144712323271,0.00730565825676,0.013380178965
7438,-0.000424097380122,-0.0030646054284,-0.0056976399861
7439,-0.00328108018277,0.00519534578403,0.011254982619
7440,-0.00149562511996,-0.000793984379854,-0.000443334294823
7441,-0.00869790682568,-0.00474726411377,-0.0115161931612
7442,-0.0106794968222,0.00280755475047,0.0131122237498
7443,-0.00464811706574,-0.00462210431692,-0.0136177484797
7444,-0.012558905829,0.0072366731141,0.0123090157647
7445,-0.00164195217387,-0.000249366843801,0.000392246948149
7446,-0.00407176593665,-0.002850072317,-0.000956932216076
7447,-0.00945004994364,0.00678242174822,0.00925496565135
7448,-0.00468173108509,0.00310063147729,0.0109695292661
7449,0.00482400731136,-0.004838601521,0.00230840769807
7450,-0.00259663956854,0.00201383823636,0.00575212305712
7451,-0.0076622122534,-0.00329273559863,-0.00884177462947
7452,0.000864495086478,-0.0112479017929,-0.00818153314236
7453,0.00112644585668,-0.00473552269719,-0.00188059018314
7454,-0.000676172538435,-0.000173706413393,0.00227682612808
7455,-0.00257766631757,-0.00209708455706,0.00394291239222
7456,-0.00507862744813,0.000932492376298,0.00288579649433
7457,-0.00141984549811,-0.00360229278492,-0.00106485300143
7458,-0.00833075295423,0.000890387102929,0.0037381714315
7459,-0.0154610191864,0.00281085736958,0.00050291552648
7460,-0.000903461331094,-0.00241594065578,-0.00522149397207
7461,-0.00389173171487,-0.00441339708225,-0.00999630598712
7462,-0.0017840362658,-0.00316067135315,-0.006649175457
7463,-0.0054258684946,-0.000254146113928,0.0154989324125
7464,-0.00301437419065,-0.00438676942011,-0.00839508594693
7465,0.00359565846567,-0.00331322195077,-0.00237681889268
7466,-0.00271602304248,-0.00141100127321,-0.000467353905651
7467,-0.00878566613044,0.00161328823759,0.0062947788486
7468,-0.00878001033446,0.00587817245613,0.0130115345153
7469,-0.00693093532078,-0.0050853981908,-0.00756107547674
7470,-0.0027814648893,0.00449016456209,0.00985348268944
7471,-0.000338447944669,-0.00337309615107,0.000662583968617
7472,0.00167402794176,-0.00707939010397,-0.00822123117101
7473,-0.00166968973314,-0.00250075628704,0.00823382129016
7474,-0.00482071817073,0.000187128805788,0.00526368672486
7475,-0.00949952348193,0.00141938212677,-0.00407015647776
7476,-0.0114449061551,0.00210863341732,0.0053877379702
7477,-0.00438940464077,0.00130914961757,-0.00101404586166
7478,-0.00372994967574,0.00414964484996,0.0185775263116
7479,-0.000416430207249,-0.000381606815294,-0.00553139730377
7480,-0.00185837864234,-0.00550087426591,-0.0119984607412
7481,-0.00306497546415,-0.000939780229091,0.00456954154068
7482,-0.00475191805793,-0.00695173230529,-0.0245538725213
7483,-0.0105124609767,-0.000550482989646,-0.00355395271059
7484,-0.00417498652082,0.00277962390425,0.00561907669106
7485,-0.014427344763,0.00911094712027,0.0141384440951
7486,0.000171370655471,-0.00429469582442,-0.0148165103078
7487,-0.00149611677551,-0.00102075583916,0.00475955232255
7488,0.000975511366791,-2.52567247447e-05,0.0116396379263
7489,-0.00263019703713,-0.00218294519506,-0.0117038752766
7490,0.00516521936275,-0.012446909032,-0.0165114418925
7491,-0.00112648796809,-0.00166584634338,-0.00232339729845
7492,-0.00581924428917,0.00326725901746,0.0169540774798
7493,-0.00852631148586,-0.00101041869465,-0.000148127208295
7494,-0.0127231549255,0.00288403866697,0.010065997866
7495,-0.00820138451682,0.00843523091364,0.0214785011659
7496,-0.0122119139655,0.0046138345579,0.00929323390147
7497,-0.00488018002823,0.000875198292956,0.00501207576551
7498,-0.00406490849019,0.00294970972628,0.00959655660076
7499,-0.0108477229643,0.00459728770125,0.00814875209384
7500,0.00246311854398,-0.00670957633468,-0.0110061131994
7501,-0.00246232744313,-0.00080608056863,0.00823748991862
7502,-0.00555541946252,-0.00156010696039,0.00668334705889
7503,-0.00200193724864,-0.00366394350962,-0.00219702651727
7504,-0.0114343083835,0.00908827819187,0.0161681055514
7505,-0.0083863148214,-0.00614520475993,-0.0202236460071
7506,-0.00884323312989,-0.000771293307633,-0.00662726651816
7507,-0.0149899061935,0.00397695794358,0.000650602000844
7508,-0.00477047323075,-0.00104222835995,0.00222438089291
7509,-0.00803607797176,0.0041673922977,0.00583184298853
7510,-0.00476610216347,-0.00393309219872,-0.00106413964201
7511,0.00477306527959,-0.00518408836381,-0.00392819742387
7512,-0.00897812220139,-0.00164689012168,-0.000445955186528
7513,-0.0185441461385,0.00541696316592,0.0058759229113
7514,-0.00622098563105,-0.00173056749798,-0.00505583184153
7515,-0.00897491182419,0.000792559941446,0.000307065958459
7516,-0.00661641185302,-0.000304628180954,0.00175910991642
7517,-0.00643759473061,0.00133629976773,0.00164088042306
7518,-0.00817011719148,0.00782243961787,0.0216596650134
7519,-0.00296989888957,-0.000241268086159,0.00379389209682
7520,-0.00919295500845,0.00563662831589,0.0142276591555
7521,0.00322546825625,-0.00550423076015,-0.000291234265556
7522,0.00511604788792,-0.0124770603791,-0.0137197582
7523,-0.0039285147556,0.00161162531696,-0.00134648277918
7524,-0.00737063952236,0.00272746484795,0.00636985412178
7525,-0.00769190406585,-0.00179946797056,-0.00698660219193
7526,0.00500744703545,-0.00808779585666,-0.0116997733793
7527,0.00229504529502,-0.00647329942964,-0.0019104286484
7528,-0.00544456750531,-0.00124315927337,-0.00330644444975
7529,-0.00922125845018,0.00522396638737,0.013191058481
7530,-0.0153812685481,0.00500058720245,0.015227116292
7531,-0.000692608632174,-0.00569772602726,-0.00618337322504
7532,0.00157554124594,-0.0123962038172,-0.0274342689417
7533,-0.00761399609295,-0.00561768544975,-0.00524337826914
7534,-0.00550901936092,-0.00341946972333,-0.0093510384388
7535,-0.0086288103692,0.00374135926912,0.00281719452985
7536,0.00110803460277,-0.0016939743479,0.00701585792039
7537,-0.00370221761086,0.000858129693979,0.005916408747
7538,0.00127526698549,-0.00816354190413,-0.0066236518703
7539,-0.000885531729889,-0.0038412749868,-0.00450789889456
7540,-0.00448306241463,0.00539265607819,0.0228643414612
7541,0.00276275110587,-0.00102898534728,-0.00151971391877
7542,-0.000700382888469,-0.00361943691409,-0.00060935910049
7543,-0.00528957045927,0.00139104712735,0.012783865035
7544,-0.0040382635203,0.00122128412472,0.0187708192805
7545,-0.00173676329697,-0.0072213841636,-0.0123158792164
7546,-0.00250480785277,-0.00289815192843,-0.00507238647918
7547,-0.00311542127849,-0.00246143703548,0.00463176996717
7548,-0.0179963585661,0.00481962637465,-0.000282770625774
7549,-0.0120773924395,-0.00397841279251,-0.0195520017907
7550,-0.0132405444877,0.00589407618476,0.00591048790595
7551,-0.0144446666469,0.00549765576065,0.00853517827068
7552,-0.00881765253778,0.00345272501319,0.0016635824684
7553,-0.00510769486845,0.00288869815662,0.0112724520974
7554,-0.0128788687078,-0.000697706888789,0.00108335634234
7555,-0.00895714007943,-0.00119157390669,0.00143111519439
7556,-0.0018641959991,-0.00508117371956,-0.00580462437578
7557,-0.00539023479067,0.000133179252528,0.00577644996897
7558,0.00403097614037,-0.0044918850967,-0.00319091279978
7559,-0.00791885794942,-0.00260175431911,-0.00578214516415
7560,0.000415792090241,-0.00156215377207,0.00471332998774
7561,-0.00929608224789,0.00647361900085,0.0202013589708
7562,-0.00932655703226,0.00311316367435,0.00498071434384
7563,-0.00753733202244,0.00415494666457,0.00848927541618
7564,-0.00416559350907,-0.00252573153299,-0.00634821526206
7565,-0.00501743163075,-0.00333835197094,-0.00708520593591
7566,-0.00943823579206,0.00562249151383,0.0158431133951
7567,-0.0108337223513,0.00302598508658,0.0165268624572
7568,0.00214968219518,-0.0107064391916,-0.0130767360411
7569,-0.00227736100754,-0.000476132493755,0.000950556426234
7570,0.000755465898384,-0.0106699801726,-0.0175589371303
7571,-0.00333383846575,-0.00171682869109,-0.00701308838248
7572,-0.00321588202667,-0.00195878652058,-0.00635793298124
7573,0.000803171304414,-0.000787553493372,0.00253107646
7574,-0.00614373349532,-0.00104741883974,0.00441903745829
7575,-0.00507320825128,0.00372219444984,0.00326996391286
7576,-0.00750954035666,0.0041480505893,0.00499697753262
7577,-0.0037752921964,0.00117079447737,0.0102811995945
7578,0.0011949656325,-0.0100079727041,-0.0182072285845
7579,-0.00121078501847,-0.00398142376375,0.00458776676906
7580,-0.00974044534754,0.00047108241266,-0.000141070409231
7581,-0.00799834637165,-0.00213814952331,0.00549111992684
7582,-0.0148436355484,0.00898150616046,0.0268211645031
7583,-0.00580359410347,0.00342838442197,0.0104709618533
7584,-0.00559755336292,0.00473295675004,0.015472365287
7585,-0.0017573013559,-0.00220242554832,-0.00679975280398
7586,-0.00439558800387,-0.00305244106508,-0.000790504020663
7587,-0.00861513086942,-0.0062206626174,-0.022295693124
7588,-0.00351803343939,-0.00435856408686,-0.0131458468546
7589,-0.00323266304634,0.00355493471105,0.0127174120062
7590,-0.00860101297196,-0.000189256834679,-0.00082691435112
7591,-0.00694949901666,-0.00693804740787,-0.01315953021
7592,-0.00302578775315,-0.00909998437084,-0.0159741482473
7593,-0.00235754627027,-0.00467121617232,0.000811872755824
7594,-0.000945898369385,-0.0074696890563,-0.0161569405653
7595,0.00122375974834,0.00118945373602,0.0142381652243
7596,-0.00202932698338,-0.00532085963457,-0.00263823793468
7597,-0.00535729471585,0.00226380931655,0.000776180319498
7598,-0.0056672439508,-0.00488257663903,-0.00940448664574
7599,-0.00380633923556,-0.00163732772226,-0.00025531410898
7600,-0.0066647940131,-0.000268801038871,0.00254607141578
7601,-0.00413952534288,-0.000399383494263,-8.49808477873e-05
7602,-0.0013899417394,-0.00766056934603,-0.00512659246785
7603,-0.00915864962903,-0.00562691944162,-0.0252625476757
7604,-0.005117517787,-0.00318911020211,-0.0121543361512
7605,-0.00461697496105,0.00052507194806,0.00439848069831
7606,-0.00667614329457,-0.00613654636767,-0.00911483939724
7607,-0.00711849868738,0.00242397976151,-0.00225028055562
7608,0.00199488793367,-0.00551395120712,-0.00727952762944
7609,-0.00223798656965,-0.00807117886761,-0.00795145994091
7610,-0.00908268606283,0.005339484995,0.0166061704526
7611,-0.00399440104692,-0.00441765061072,-7.67956585858e-05
7612,-0.00618678721904,0.00226834305193,0.0161983666632
7613,-0.00621335304074,0.00114249133932,-0.000733599799886
7614,0.0091934589656,-0.00827725492357,-0.00412286452148
7615,-0.0018932713957,-0.00392737372401,0.000643531369725
7616,-0.00703543002104,7.19861138826e-05,0.00954268963897
7617,-0.00661073183246,-0.00879069491419,-0.0196689511102
7618,-0.00331536501674,-0.00343777974475,-0.00811549958139
7619,-0.0056219362143,-0.00300670045256,-0.000628302107172
7620,-0.00313497710995,-0.00692153748377,-0.0231784604392
7621,-7.37603680665e-05,-0.00222801105876,0.0035234058834
7622,-0.0097185098677,0.00195806456338,0.00103203433863
7623,-0.00722936551818,0.0028846437677,0.0136629299705
7624,-0.00600406287056,-0.00215605188424,-0.0067284254128
7625,-0.00357641737141,-0.00503334885986,-0.000365289847343
7626,-0.00659333804357,0.000360914133328,-0.00151488046989
7627,0.00434022497772,-0.00798071242227,-0.0117520945406
7628,-0.00322207139502,-0.00808409339519,-0.0111423955724
7629,-0.00873795411221,-0.00165054143951,-0.00425097412514
7630,-0.0058750810269,-0.00227275588702,-0.00284503071254
7631,-0.00117882846778,-0.00195036487627,-0.00340052881779
7632,-0.0102614298139,0.00637353781534,0.0154404640464
7633,0.00396685884396,-0.0060111055799,0.000722541972142
7634,-0.000335813163965,-0.00239574188459,0.00627325142765
7635,-0.0132862731698,0.0066956761292,0.0115767099584
7636,-0.0104604804822,-0.00150114227413,0.00323089571776
7637,0.00255086172578,-0.00662103123096,-0.00132145607406
7638,-0.0042024431989,-0.00958116123812,-0.0104613747304
7639,0.00563913359673,-0.00943825393011,-0.0061148914927
7640,-0.00602924654809,-0.00247263879954,-0.00707179874618
7641,-0.00388766846234,-0.000846395307629,0.00912386323047
7642,-0.00973061332428,0.00705458254612,0.0210195237734
7643,-0.0059939511747,-0.00240095051214,0.00425920569254
7644,-0.00302099460501,-0.00117382818727,-0.00536334389097
7645,-0.00126395172139,0.00101302003041,0.0052351203177
7646,-0.00622988860631,0.00619218047471,0.0123714221962
7647,-0.00196888196159,-0.00524927582545,-0.00384846968155
7648,-0.00864941726849,0.000935775798446,-0.00656385507717
7649,-0.0151124424863,0.0017044913646,-0.00575951072139
7650,-0.0011896694226,-0.00755326988163,-0.0199325396851
7651,-0.00675816548277,0.00294406072683,0.0112600632292
7652,-0.00619457580048,-0.00279010924434,-0.00935005689309
7653,-0.0046114749998,-0.00456805964841,-0.0160112589117
7654,-0.00642916316235,-0.00206461211837,0.000914490947396
7655,-0.00671966127697,-0.0018615111506,-0.0117900964501
7656,0.00216470330859,-0.00444271271363,0.00358906829353
7657,-0.00381014550885,0.0011270949793,-0.00103325414946
7658,-0.00325479212986,0.00135721077449,0.00855982369489
7659,-0.000527151650888,0.000802692502615,0.0129712590977
7660,-0.00531878466077,-0.000489846512552,-0.0020580271657
7661,-0.00419584114511,-0.00155957482343,0.0031544816991
7662,-0.00657848168277,0.000422754651618,0.00506816039453
7663,-0.00419334174537,0.000931503139742,0.0123195651303
7664,-0.00613725017649,0.00305360082036,0.00465407460979
7665,-0.00871613656544,-0.000462745118439,-0.00421220364692
7666,-0.00226608677532,0.000995803357943,0.023672417181
7667,0.00271127513688,-0.00537510710761,-0.00918411286395
7668,0.00217506677882,-0.00816287218939,-0.0181387321015
7669,-0.000804382560762,-0.00567417342854,-0.00499339229568
7670,-0.00472685872225,-0.00268390649939,-0.00525557399655
7671,-0.00846338824022,0.00238990267529,0.00498960068936
7672,-0.0122519927385,0.00371854230053,0.00446805528299
7673,-0.012330409423,0.00598520024925,0.0135560485969
7674,-0.010599997589,0.00422315006988,0.0209329436011
7675,-0.00980067536886,0.000727587451223,-0.00333791232424
7676,0.00313154632938,-0.0110708314609,-0.0218267496465
7677,-0.00715761312503,0.000489843551593,0.00766344126685
7678,-0.00291458342133,0.00118350713586,0.00848060325564
7679,-0.000408750309596,-0.00182448302933,-0.0124463453739
7680,-0.00329275817493,-0.000322460792299,-0.00168782992218
7681,-0.0125792489218,0.00580946495212,0.0105284681723
7682,-0.00538934580576,0.000459416784224,0.0143136497908
7683,-0.00618750855595,-0.00372251588809,-0.00744884399132
7684,-0.00976206262665,0.000857286958292,0.00243264643572
7685,-0.00643836465992,0.00314593871277,0.00854054756107
7686,-0.0119414662191,0.00290851217225,0.00163565967994
7687,-0.00325760440234,-0.00588374251577,-0.0111725273103
7688,0.00515767584214,-0.00521363373043,0.00962562511353
7689,-0.00158651055721,-0.000209243627087,0.000212294615027
7690,-0.00696669508248,0.00606538469985,0.00917017491133
7691,-0.00946736395022,0.00320878070674,-0.0017347113958
7692,-0.0012037476762,-0.00142485217303,-0.00273249657942
7693,-0.00607711317226,0.000193111466848,8.60120744967e-05
7694,-0.00935624550436,0.0045645327907,0.0076892264691
7695,0.00391976979211,-0.00579231586755,-0.00247929228731
7696,-0.00729050347525,0.00400984221878,0.00189695571023
7697,0.00103171711322,-0.00664381812347,-0.0171468096142
7698,-0.0114655963181,-0.000859678108374,-0.00324008307428
7699,-0.000200333841338,-0.00578153270659,-0.0103961997332
7700,-0.00526353571151,-0.00387039163554,-0.0045064296221
7701,-0.00658321795849,0.00185921493934,0.00973133253611
7702,-0.0031173575543,0.00178387468979,0.0162137160312
7703,0.00172542622805,-0.010045321257,-0.0149026997758
7704,-0.00314086078408,-0.000771830637338,-0.00552554830904
7705,-0.0052259639155,0.00626158406575,0.0244251436703
7706,-0.0167926573086,0.00548857821715,-0.00352096725253
7707,-0.0038919478111,0.00382304440279,0.00344496729132
7708,-0.00755680038057,0.00402938032743,0.0174194626589
7709,-0.00932036140126,-0.00266059695478,-0.00526846846682
7710,-0.00408649911389,-0.00246002589224,-0.0145886589584
7711,-0.007282813114,0.00338953427134,0.0108993492894
7712,-0.00443489273799,-0.000423917675532,0.00823032165192
7713,-0.0058411635427,-0.00286248605517,-0.0119862177071
7714,-0.00989569636796,-0.00430573082401,-0.0143210947331
7715,-0.00222067077786,-0.00547760779452,-0.00585833856073
7716,-0.00725271925943,0.00230240481977,0.00846282157253
7717,-0.00172996424614,-0.00417761813651,-0.0146315757324
7718,-0.0117409076389,0.00290388769237,0.000239306302258
7719,-0.0105518346702,0.00418099279449,0.00128954064276
7720,0.00126630015542,-0.00781107939468,-0.015867107885
7721,-0.00573017032182,0.00632668146155,0.0115529354082
7722,-0.0037965623012,-0.00323397890778,0.00173856703896
7723,0.00075431895461,-0.00757079881113,-0.0127253594061
7724,-0.00445877756576,-0.00320743615097,-0.0103787909492
7725,-0.00971812160262,0.00184427200281,-0.0013066294473
7726,-0.00631920342325,-0.000452188316028,0.00480620212154
7727,-0.00439324390708,0.00488002911427,0.00601674615685
7728,-0.00766524763659,-0.00142340772732,-0.00800166709574
7729,-0.00378731280919,0.00233686169813,0.0148698814011
7730,-0.0114551730363,0.00715357650923,0.0248446993824
7731,-0.00159173212051,0.000299084092425,0.0115358848684
7732,-0.00567896553163,-0.00379269012621,-0.00848425717274
7733,0.000414832904921,-0.0125651212049,-0.0263534564715
7734,-0.0081521394756,0.000658666608567,-0.000577109317196
7735,-0.00448569424186,-0.00412118311911,-0.00439800375858
7736,-0.00865971685972,0.00187315975664,0.00356552530468
7737,-0.0133836289046,0.0102223811572,0.0249736133926
7738,0.000739225404123,-0.008094572923,-0.00773551195862
7739,-0.00603418458278,-0.00361170549571,-0.00883272975607
7740,-0.00338476545837,-0.0059027406806,-0.00485975700685
7741,-0.00797289278896,0.00162608804453,0.0159191383492
7742,-0.00480111614322,-0.00240017590264,-0.000161974392749
7743,0.000633939303272,-0.0157443063397,-0.0208242834359
7744,-0.0023768969322,-0.000477993148649,-0.00432847494661
7745,0.00650824579403,-0.0094521445526,-0.0124039471178
7746,0.00172221130513,-0.00574364033127,-0.00685003391396
7747,-0.0111381760914,0.00811288840659,0.0114517536818
7748,0.00220459558235,-0.00855712289916,-0.0128368761574
7749,-0.0033756874513,0.00149709112498,0.0174821921006
7750,-0.0121979487044,-0.000928566615849,-0.00830985264942
7751,0.00271699366528,-0.00925959737528,-0.0133109193087
7752,-0.0023610847146,-0.00696861259744,-0.0144858487684
7753,-0.00290051526417,-0.00259570697814,-0.00116952442749
7754,-0.016338742102,0.00501921387548,0.0155127516624
7755,-0.00749387887052,0.00278411611528,0.00938374307322
7756,-0.00466870189416,-0.00416434190821,-0.00536470214809
7757,-0.00148792114775,-0.00455855238271,-0.00736185625158
7758,0.00480174895583,-0.0120241707696,-0.0116995974069
7759,-0.00752072982168,0.00717685095504,0.0136843679369
7760,-7.03833591105e-05,0.000272389153447,-0.000690973278648
7761,-0.000121218432635,-0.000276870612957,0.00198913834061
7762,-0.00160409945042,-0.00176506973858,0.00170369295149
7763,-0.00216693737023,-0.00277231852599,0.00125192425483
7764,-0.00187994365549,-0.00184674292034,-0.00392900916298
7765,-0.00564894263241,-0.000217430398975,0.00195761896478
7766,0.00198277346566,0.00123938601941,0.00860944489464
7767,0.000217582501814,-0.00624488645572,-0.00667456664468
7768,-0.00562575413967,-0.000240282498973,-0.00780084204364
7769,-0.0119241207168,0.00721026808445,0.0118304006101
7770,-0.00201519149933,-0.00200182050548,-0.00181573212244
7771,-0.00604766948512,0.00267859560607,0.0019660275448
7772,-0.00139682786444,-0.00424191002665,-0.010489584301
7773,-0.0130771651797,0.00322133685627,0.00465045399653
7774,0.000964592898205,-0.0116655678218,-0.0307415557982
7775,-0.00685592667388,-0.00560502408313,-0.0140125966027
7776,-0.00548877691533,-0.00137270934898,0.00119974902887
7777,0.00173927647202,-0.00746999384539,0.0028118209893
7778,-0.00463068176616,-0.00684264530706,-0.00592496342428
7779,-0.01166671656,0.000551706370022,-0.00432142559773
7780,0.00133007865284,-0.00190673946972,-0.00895951077928
7781,-0.00504586554542,-0.0041510421797,-0.0159878874694
7782,-0.00811590571487,0.0015351778693,0.00901987141493
7783,-0.00212310112955,-0.00264230466077,-0.00479279738918
7784,-0.00876429888031,0.00160748922008,0.00342577430847
7785,-0.00908917957515,-0.00154857627496,-0.00469738753889
7786,0.00144401312918,-0.00807408327076,-0.0178223385679
7787,-0.00696475505816,0.00204254579018,0.00632768118166
7788,-0.0055710996412,0.00100300968162,0.0023632042785
7789,-0.00367762220812,0.00101351928563,0.00585024326422
7790,-0.0041314183269,0.00390549764708,0.0200913866985
7791,-0.0112822963682,-0.0010641166912,-0.00558613546245
7792,0.0012834272494,-0.0042061659853,-0.00780895435255
7793,0.00578501960904,-0.0168679795859,-0.0283095748499
7794,-0.00494683705975,-0.00343551419368,-0.0122457821364
7795,-0.00508098413463,-0.00129080329965,-0.00357090320031
7796,-0.0112233966731,0.00585467810353,0.00314475023633
7797,-0.00364597447707,-0.000856599620169,-0.000653762083554
7798,-0.0132889309389,0.00796702426147,0.0151124041146
7799,-0.00850356523343,0.00321985778047,0.00813190163366
7800,-0.00324347539571,-0.000528070255788,-0.00209775948776
7801,-0.00822440813564,0.00452225153126,0.0206977181298
7802,-0.00340027823992,-0.0020877783671,0.00225180256172
7803,-0.00416097537506,-0.00214869144568,-0.00269291185994
7804,-0.0129707248594,0.00694054041847,0.0126459059188
7805,-0.0109783176442,0.00719920120088,0.00925651536413
7806,-0.0042272357171,0.00415032356032,0.0084080295302
7807,0.00814379899775,-0.00896606529403,-0.00470392764662
7808,-0.00165161247313,-0.00619852675159,0.000287062070081
7809,0.00921282834906,-0.0141478226867,-0.0226818516862
7810,-0.013919321432,0.000732949689219,0.00103780913589
7811,-0.00138915507578,0.0033197346609,0.0108076114327
7812,-0.00792650183386,1.62371975233e-05,0.00549192716175
7813,-0.00276931220596,-0.0057891095726,-0.0213476091384
7814,-0.0037066433069,-0.000949090404928,0.00931775977882
7815,0.00132342522739,-0.00520508128245,-0.00448591835218
7816,-0.00981482185518,0.000470686081898,0.00205396255159
7817,-0.00595784986885,-0.00170508135351,-0.0155301328941
7818,-0.00350238528066,-0.00842657503466,-0.00759695103689
7819,-0.000861249871009,-0.00753388807376,-0.014629323087
7820,-0.000907030959693,-0.00341964017059,0.00674513094361
7821,-0.0064688671397,0.00094424025707,0.00320581641369
7822,-0.00513671015512,-0.00228428013411,-0.00036904347933
7823,-0.000916845253931,-0.00258709222214,-0.0104194138497
7824,-0.00908505149161,-0.00432091690272,-0.00988521654949
7825,-0.00417876105219,-0.00429234664311,-0.0143653966578
7826,-0.00586989809792,-0.00765047379383,-0.0194189934575
7827,-0.0168608454479,0.00104370676726,0.00273357553202
7828,-0.00232096126641,-0.00438105673215,-0.00248191033193
7829,-0.00592688314644,-0.00115877631621,-0.00714946768558
7830,-0.0112830375509,0.00381435349442,0.00865920104999
7831,-0.00631606654168,7.950770636e-05,0.0104675120846
7832,-0.0106789432093,0.00341522681046,0.000958999603958
7833,0.00707270297758,-0.00892322917684,-0.00708904689964
7834,0.000271071786666,-0.00559412186462,-0.00497446264121
7835,-0.00517541956617,0.00277893130036,0.0107919015717
7836,-0.0218509435909,0.0120645976832,0.010181699505
7837,-0.00810665849983,0.00649555801443,0.0199697906123
7838,-0.00157227877503,-0.00368393062531,-0.0037292563117
7839,-0.0114169979312,0.00707349294925,0.0123794547145
7840,-0.00431520369239,-0.00205014285863,-0.000211735167045
7841,-0.000773291808204,-0.00314691015555,-0.0064170949008
7842,-0.00969625805125,0.00264040156794,0.00153437769273
7843,-0.00410340493811,-0.00719300668255,-0.0260340932025
7844,-0.000977013703182,-0.00662678326613,-0.00735804563525
7845,-0.0116588355011,-0.00166088885536,0.00681074900083
7846,-0.00998495641676,-0.00164009061585,-0.004680197097
7847,0.00143084920596,-0.00647273974847,-0.009853719442
7848,-0.00289115038973,-0.00359506039199,-0.00802819941887
7849,-0.0086192826641,0.00462484610429,0.0100970247342
7850,0.000401840626122,-0.0139815647327,-0.0255563939478
7851,3.9847498692e-05,-0.000572864507285,-0.00201659434686
7852,-0.00956044356556,0.000697577161456,-0.0035062575283
7853,-0.00748371360877,0.0065812144202,0.020054953289
7854,-0.00617596397352,0.00592401169313,0.0105307409834
7855,-0.0115967049984,0.00420425157169,0.0105475289216
7856,-0.000846640648246,-0.0067391856578,-0.0132340694846
7857,-0.00819112239487,0.00481558780383,0.00722802905942
7858,-0.00062923093624,-0.00285187368572,-0.00940906275783
7859,0.00114033785035,-0.0110137256756,-0.0319110778534
7860,-0.00247905777737,-0.00197623465214,0.00219237265023
7861,-0.00416856622071,0.0031192793118,0.0146963488339
7862,-0.00938212431148,-2.88643893682e-05,0.00820482574075
7863,-0.0103247460408,0.00383480234513,0.00416410229635
7864,-0.00706903262226,0.00605915678921,0.0177637281174
7865,-0.0072887669145,-0.00569792444349,-0.0160594074443
7866,0.000694922889667,-0.00153294077318,0.00253011825133
7867,-0.00572409071803,0.00278588817972,0.00225707617312
7868,-0.00907509757727,0.00762417184144,0.0150800288351
7869,-0.012649549452,0.00321141531307,0.0158861999697
7870,-0.00602734297464,-0.00376015491309,-0.0138472336881
7871,-0.00823998600702,0.00486103349069,0.00853482060691
7872,-0.00852808253616,5.78712444622e-05,-0.00367968578122
7873,-0.0118113787058,0.00599544632613,0.0113654756564
7874,-0.00568379573406,-4.3600662229e-06,-0.00095586159196
7875,-0.00439155334045,-0.0141623937315,-0.0262612977765
7876,-0.00558371154716,-0.000448730689135,-0.0132313087789
7877,-0.00978336403185,0.00398823735541,0.0102332494647
7878,-0.0058089118291,0.00519616458954,0.0221324010505
7879,-0.00779294167276,-0.000409610158937,-0.00356348464202
7880,-0.00491279885559,0.000637141718885,-0.00058850703661
7881,-0.00728645841908,0.00458747276619,0.00368263269788
7882,0.0039553472363,-0.00819378874357,-0.000808903232973
7883,-0.0054675814314,-0.00267703490545,0.000846453427487
7884,-0.00581599913099,-0.0016789552939,-0.00175590263809
7885,0.000115888420045,-0.00279426582508,-0.00398524180002
7886,0.00220030829562,-0.00866506068556,-0.012263572666
7887,-0.00796985153234,-0.000713937988358,-0.00589219101651
7888,-0.00531216288946,-0.00125621842353,-0.0027922711068
7889,-0.00865126878828,0.00156216847143,0.0010896390425
7890,-0.00834381402845,0.000101940761054,-0.00503129701908
7891,-0.0128094112286,0.00393025011904,0.003397529686
7892,-0.00366454363371,0.00680259361638,0.0180799612771
7893,-0.00462102159843,-0.000325422027434,0.00186765137777
7894,-0.0088763376732,-0.0169450993044,-0.0267406406284
7895,-0.00830119512817,-0.000478066591983,-0.00416458704529
7896,-0.00721525153299,0.00335168253535,0.0121460108251
7897,-0.000700437928941,-6.17273243122e-05,0.00728353206352
7898,-0.00233780129171,-0.00510080679915,-0.00144754660917
7899,-0.00707787404738,0.00244227135509,0.000614206906292
7900,-0.00462132234448,0.000974601431329,-0.000108626274114
7901,-0.00788847833092,-0.00269792079222,-0.00705602449774
7902,0.000639554773539,-0.00270530120889,0.00407905626042
7903,-0.0050441025515,0.000267760399838,-0.00249326769127
7904,0.00134912488314,-0.00657466296539,-0.00636870339906
7905,-0.00158846487713,-0.00213943673589,-0.000795793933784
7906,-0.00117925522064,-0.000398901758875,0.00812171236951
7907,-0.00589218118392,-0.00357138441402,-0.00962349450183
7908,0.00217363638253,-0.00718579211179,-0.0117632695972
7909,-0.00419927006204,-0.00668313866856,-0.00807028463811
7910,-0.00819935262079,0.00206379160531,0.0142614549141
7911,-0.00321026273274,0.000623458840911,0.00785090195347
7912,0.00118220591546,-0.00364774212778,0.000126968808599
7913,-0.00371090914601,-0.000855475766198,-0.00278789536392
7914,-0.00905576261771,0.000376649208912,-0.00470751717692
7915,-0.00535897595353,0.00035006239025,-0.00180948847563
7916,-0.0152486017685,0.00322816997299,-0.00117285250849
7917,0.00141225313596,-0.00576148653917,0.000132842235869
7918,-0.0145662557938,0.000540316738615,0.00152201382844
7919,4.43131523745e-05,-0.00279377646168,0.00879442090159
7920,-0.00658755205405,0.000337406187805,-0.00779968893436
7921,-0.00132729893598,-0.00271768344478,0.00314355639074
7922,-0.0103398763245,0.00602207703691,0.0139720886784
7923,-0.00462115157967,-0.000866411051986,0.00222381835825
7924,-0.0110548036232,-0.000139459320664,-0.00724896987565
7925,-0.00307314235354,-0.00413017546119,-0.0142103377344
7926,0.00162395371191,-0.00277068625322,0.0119756983833
7927,-0.00336266332702,-0.000221537020749,-0.00195251900465
7928,0.00105135710802,-0.00480729262841,0.00389741306976
7929,-0.0132567680906,0.00271103950672,0.0012769466963
7930,-0.00270557918316,-0.000102920203167,0.00272989323305
7931,-0.00590025163709,-0.00591168695401,-0.008657803871
7932,-0.00674212924102,0.00373018876149,0.0176949784085
7933,0.00253697623211,-0.00836584076465,-0.0094501039981
7934,0.000134986361787,-0.00328502880281,0.00369226633032
7935,-0.00720409328473,0.00876735737666,0.0197173339132
7936,-0.00135380339257,-0.00234795745584,-0.00151257536542
7937,-0.00234899394987,0.00184282846958,0.00544881691773
7938,-0.000538209588425,-0.00337353425684,-0.00316918382202
7939,-0.0091276700239,0.00446832903766,0.00445890661295
7940,-0.00944080290575,0.00593557727413,0.00476342468817
7941,-0.014564925231,0.0106938521854,0.0201155534165
7942,-0.007027961044,-0.00231200983059,-0.00805620953293
7943,0.000592520697119,-0.00373538844154,-0.00826303285227
7944,0.012998436613,-0.0143739922638,-0.0190894829348
7945,-0.00948468440968,0.00477336900095,0.00811776217144
7946,-0.00991177901557,0.00113802549376,0.00118942719398
7947,-0.00221474594131,-0.00945862248623,-0.0107609165792
7948,0.00139799366938,-0.00499725097438,-0.00924125163746
7949,-0.00448879205569,-0.00259889315909,-0.0135716601246
7950,0.00254813779997,-0.00498138552675,-0.00695893107719
7951,-0.00572999865848,0.00311262778254,0.0111481215191
7952,-0.00280485598578,-0.00509309022661,-0.00604568853344
7953,-0.00148966986649,-0.0088904737549,-0.011018846819
7954,-0.00449856303055,0.00349411599362,0.00699636786983
7955,-0.00874401539507,-0.00332249708736,-0.00295206980968
7956,-0.00384091767004,0.00304113222734,0.0119951710766
7957,-0.00916761949062,-0.00339963908481,-0.0064013969384
7958,0.0102432643724,-0.00942299427866,-0.0148041999405
7959,-0.00952190922014,-0.00237048251162,-0.000797009397273
7960,-0.0100364026969,0.000468432047817,0.000614642365423
7961,0.00113748102243,-0.00662412468567,-0.00674717558084
7962,-0.00699935201079,-0.00221121615632,-0.00985383947279
7963,0.00390331875731,-0.00665782493406,-0.012769243045
7964,0.00138184494858,-0.00189509420145,0.00933989648026
7965,-0.00736870909859,-0.00333558572053,-0.0104708075438
7966,-0.00690624278021,-0.00185209609589,0.00317931419162
7967,-0.0120626423323,0.00692576513022,0.0179409841883
7968,-0.00822481274952,0.00791485837975,0.0163408886607
7969,-0.00472933668123,0.00196318671984,0.00608313258387
7970,-0.00603318758846,0.00234186184999,0.00515244683408
7971,-0.00707259353025,-0.00341722170895,-0.0107325681086
7972,-0.00420075071494,0.00125203244929,-0.00439556809433
7973,-0.00353060867429,-0.000516128020962,0.000142590429361
7974,-0.0059488880665,0.000195856264482,0.003149025171
7975,-0.0014641091426,-0.00155912189735,-0.000547279641385
7976,-0.00536873110883,-0.0018717129818,-0.0108474266125
7977,-0.0142101522429,0.00741683680894,0.012789184161
7978,-0.00483212365688,0.00124763673022,0.000729826156304
7979,-0.00222292890439,-0.00285660265031,-0.00492574357907
7980,-0.00403273871249,-0.00471301196285,-0.00936576723447
7981,-0.00902024400355,0.00327960054946,0.0120506848271
7982,-0.0136030167086,0.00665972850308,0.0147594999769
7983,-0.00226148890021,-0.0091664665016,-0.0232621623119
7984,-0.00830414547747,-0.00203180998009,-0.0137713895179
7985,-0.00691706067859,0.0062711004998,0.0177083014361
7986,-0.00498286344459,-0.00587027158871,-0.00765104028861
7987,-0.00360581725615,0.001355859415,0.008393621414
7988,0.00365875922613,-0.0080217732257,-0.00507425165214
7989,-0.00531082689295,0.00627559864896,0.0248379390513
7990,0.000734312846332,0.00321283259905,0.0134297309301
7991,-0.00922191013049,-0.000128826509833,-0.00256683878467
7992,-0.011684312387,0.00349658956351,0.00376781560227
7993,-0.00661456427936,0.00225381833789,0.0159868812085
7994,-0.010497683028,0.00702404871903,0.0161348605595
7995,-0.00351990378966,-0.00316412530665,0.00336701354324
7996,-0.00647200305443,0.00102926608105,0.00685679047413
7997,-0.00304441269073,-0.00138430896533,0.00029172543475
7998,-0.00743353581039,0.000861331291806,0.0050167101413
7999,-0.00992530692671,-9.24892371449e-05,4.78322417644e-05
8000,-0.00321692989568,0.00189514067315,0.000778795397384
8001,-2.30184423542e-05,-0.00326235483093,-0.00060162633605
8002,0.000177705137556,-0.00442246291534,-0.00470586991528
8003,0.00298798178902,-0.00309284735698,0.00081678361994
8004,-0.00961067173314,-0.00033113930847,0.00357134646722
8005,0.000792824021259,-0.00633118963568,-0.00985798983486
8006,-0.00678706302076,-0.000732980428219,-0.00553950119205
8007,-0.00853682873406,0.00488589483601,0.00844186833108
8008,-0.00372241465413,-0.000600270250843,0.0106618631631
8009,-0.0159156380267,0.00760353521422,0.00685684450642
8010,-0.00217204197168,-0.00280456330374,-0.0106395888452
8011,-0.00889953340434,-0.000457732088617,0.00311563748762
8012,-0.00802940526728,-0.000808364427381,-0.00323290200952
8013,-0.00536373441531,-0.00291958487456,0.00415645010976
8014,-0.0095743233615,0.000262730422303,-0.0160307649161
8015,-0.00411185376569,-0.00124136861878,0.00297617589194
8016,-0.00404528701901,-4.32023086943e-05,0.00300716066223
8017,-0.0111142256669,-0.000569319414832,0.00110386122503
8018,0.000273348027648,-0.0109542967326,-0.0187493651736
8019,0.00206967108781,-0.00268462628846,-0.00900502019298
8020,-0.0106776859196,0.00132890827734,0.00131505823074
8021,0.00340905122396,-0.00422102655637,0.00482789646488
8022,-0.00086058612088,-0.00127360333909,0.00517792390423
8023,-0.00152711008103,-0.00174239831463,0.00429525896773
8024,-0.00823545599756,0.0022994924883,-0.000365768286361
8025,-0.00557025615961,-0.00111977332636,-0.00174638508579
8026,-0.0165296376859,0.00810862356223,0.007400931752
8027,-0.011896915982,0.00520791140185,0.00501163872786
8028,0.00312180455735,-0.00575736811776,-0.00253372359137
8029,-0.000100386459701,-0.00745773202666,-0.00576495687166
8030,0.00159646998627,-0.00388057532645,-0.00480356308649
8031,-0.00278709990477,0.00741288873582,0.0129483476866
8032,0.00123045720222,-0.00550690565233,-0.00140114498771
8033,0.00233233796529,-0.00748678448438,-0.0176916156582
8034,-0.0144233345094,0.00777448516838,0.0179145771655
8035,0.000859231116465,-0.00377009551484,-0.00586633454778
8036,0.00113127979756,-0.00868776962869,-0.015083173997
8037,0.0055027951929,-0.00838631586456,-0.00310378323406
8038,-0.00171739069422,-0.000850800239975,0.00218796051479
8039,-0.0053753760373,-0.0012961398608,-0.00434778598959
8040,0.00184813852165,-0.0092991925403,-0.0160405500613
8041,-0.00742787602933,-0.000731576454799,-0.00287114261968
8042,-0.0197468261934,0.0072787795682,0.0143507921899
8043,-0.0120450924715,0.0012823971164,0.00148156424638
8044,-0.00327927661643,-0.00125279073776,0.00232376472824
8045,-0.00695611088018,0.00486075293634,0.00737492746033
8046,0.00102328108294,-0.00625408882596,-0.00433554202869
8047,-0.0137163561936,0.00301697774161,0.00433387016189
8048,-0.00409582945079,-0.00305968619636,-0.0195796319347
8049,-0.00751329384965,0.00502744638782,0.0111222459267
8050,-0.000329135403955,-0.00058874748017,0.00118197817839
8051,-0.00692147304314,-0.00540743042308,-0.0147154838932
8052,-0.00263628018364,-0.00695730998771,-0.0168363046028
8053,-0.00296924020634,0.00227983683606,0.0212599251647
8054,-0.00615393955127,0.00209405409921,0.00510769550969
8055,-0.0105434691661,0.00743169751062,0.0108533644814
8056,0.00167642636607,-0.0078583535334,-0.0100792658624
8057,-0.0090330783646,0.00360237089422,0.00366140837452
8058,-0.00380546913267,0.00360015467262,0.0138257653473
8059,-0.000354362188421,-0.00668780184964,-0.00731013202968
8060,-0.00870767026733,0.00665838418499,0.0107986046296
8061,-0.00742754422005,0.00279530606508,-0.0039097445383
8062,-0.00657743290788,9.91331192181e-05,0.0117337022869
8063,-0.00880622151333,-0.00136694629051,0.000216768436481
8064,-0.00483330638125,-0.00674174788977,-0.0165601577424
8065,-0.0143435537212,0.000893920731431,0.00244770548769
8066,-0.0020627582341,0.00294847745984,0.00980791009464
8067,-0.00453015755061,-0.00230751862568,9.31199846819e-05
8068,-0.0083176785705,0.00652596501271,0.0128941417597
8069,0.000867923947131,-0.00158888279358,0.00447418370633
8070,-0.00259179464034,-0.00364324594501,-0.00592124060935
8071,-0.00425986348335,-0.00180002249628,-0.000987343873312
8072,-0.00707341224433,0.00256407795992,0.00228233055752
8073,-0.0062554020613,0.00102751607524,0.0161953963232
8074,-0.00479916390843,-0.0048938332141,-0.0111731039919
8075,-0.0105619633507,0.00588097486248,0.0129124028924
8076,0.00164411553672,-0.00888403156874,-0.0264393848503
8077,-0.00899770871843,0.000656342602418,0.00688656540933
8078,-0.00586693882117,0.00234752085414,0.0080728325564
8079,-0.00493972919334,0.0062338551973,0.0220733908855
8080,-0.00604558263714,0.00201940861293,0.0104472248127
8081,-0.000312473182059,-0.00487139188939,-0.00550024556823
8082,-0.00862123524238,0.00436329511493,0.0218737732658
8083,0.00474806345953,-0.00699098084406,-0.00593404989637
8084,-0.000724644412504,-0.00242449040791,-0.00308916216806
8085,-0.000762022928211,-0.00560819247309,-0.00639924281105
8086,-0.00907550187605,-0.00301152472486,-0.00622043158002
8087,0.00741820695203,-0.0056591892801,-0.00121015970187
8088,-0.00257961969659,-0.00253194263086,-0.000168968028224
8089,0.00059463759505,-0.00161287948024,0.00528791094675
8090,0.00635917996233,-0.0111481746399,-0.0178457104456
8091,-0.00211143155774,-0.00878580396664,-0.0171337268674
8092,0.00411429510995,-0.0101170710393,-0.0137008144847
8093,-0.00166756477737,0.00645179394037,0.0175575799655
8094,-0.0013098104223,-3.70376648509e-05,0.00749200658876
8095,-0.00259889101787,-0.00164796639248,-0.0123965330061
8096,-0.00359952571062,0.00110959080388,0.00855719489461
8097,-0.00159049977498,-0.00478020724851,-0.0035951730144
8098,-0.00555105515154,0.00813947579888,0.0216040984205
8099,-0.00661282244045,-0.00186629740888,0.00332859603457
8100,0.0032469362785,-0.00673220896995,-0.00337747189795
8101,-0.00196059157863,-0.00263007771543,-0.00600733444497
8102,0.00166083159509,-0.00108940990966,0.00267587320453
8103,-0.0117180990027,0.00657515800512,0.0147272175163
8104,-0.00264829677115,-0.00366766128404,-0.00887860857913
8105,-0.0145993086153,0.0103580829984,0.0123476386889
8106,0.00495405673314,-0.00814207480144,-0.0161804571368
8107,0.00397252103925,-0.00688074145589,-0.00520367448973
8108,-0.00105697495202,-0.00344268657592,-0.00213225839525
8109,-0.00601459625808,0.00257479593893,0.005032749782
8110,-0.00345273340983,-0.00418178560477,-0.00703537271806
8111,-0.00791752038435,-0.00512773796519,-0.0176628854561
8112,-0.00817235789645,-0.00223324616973,-0.0125131626818
8113,-0.000879033521294,-0.00240653249911,-0.00317676326382
8114,0.00243317483901,-0.00605266834218,-0.0082642153378
8115,-0.00853752035896,-0.00203064274774,-0.00689911025644
8116,-0.00892517227735,0.00264117396247,0.00710109474644
8117,-0.000534757711117,-0.00368397172715,0.00297336730174
8118,-0.00391811246694,-0.00285402929337,0.00693068487593
8119,-0.00961964637498,0.00172700509823,0.00279993904988
8120,-0.00441293472861,-3.12670394474e-05,0.00274808568359
8121,-0.00675306079479,-0.00310731881404,-0.00350384881713
8122,-0.0135690898163,0.00725777472436,0.0114625566843
8123,-0.00572488223382,0.00307379399713,0.00207950172212
8124,-0.00261847947667,-0.00306139223774,-0.00204779593922
8125,-0.0102766145313,0.00209681725672,-0.00626053401229
8126,-0.00140638172599,-0.0041570520089,0.00244130088347
8127,-0.00309458049757,-0.00261676816966,-0.00986382848871
8128,-0.00258380539514,-0.00211697706677,-0.00144181775886
8129,-0.00753267397492,0.0030034609322,0.00404633140925
8130,-0.00195537731423,0.00336480426702,0.0187199701439
8131,-0.00302646927228,0.00271386533771,0.0139178324729
8132,-0.00848840353248,-0.00211236467713,-0.00218150489285
8133,0.000209519349233,-0.00138224014101,-0.00020069839575
8134,-0.00558512941043,-0.00694891819696,-0.0220094496512
8135,-0.000800285931063,-0.0014041113618,0.00450128388241
8136,-0.0141208835915,0.00464776667654,0.00214293343478
8137,-0.0105896577732,0.00124581020063,0.00284807488214
8138,-0.000200006672398,-0.00380081119124,-0.00168897188547
8139,-0.00702205702186,0.00305681161565,0.000746888994369
8140,-0.0108783086739,0.00280306023794,0.000902155342611
8141,5.66762144578e-05,-0.00478211901066,-0.00779102469217
8142,-0.000268324086883,-0.00218154803297,-0.00506108712706
8143,-0.00839383897565,0.006507282619,0.0114121901263
8144,-0.000408535170369,0.00186413224981,0.0142469221869
8145,-0.00522210747012,0.00527748082617,0.0196370695523
8146,0.00528467590666,-0.0102821302084,-0.00917272646978
8147,-0.00304248506726,-0.00293300487453,0.0118855141325
8148,-0.00510482697263,-0.00322850651664,0.000345383919898
8149,-0.000756625346193,-0.00419143114522,-0.000871418472373
8150,-0.00620042318149,0.000117871642449,0.00898535507934
8151,-0.00431947135244,-0.000193443240315,0.00591274108423
8152,-0.0121186520907,0.00932157435319,0.0086620381738
8153,-0.00647991942873,0.00352215565344,0.00717926657176
8154,-0.011562023228,0.0070865277119,0.0126483575008
8155,-0.00786319571201,0.000673447345355,0.00539062249567
8156,0.00176197175062,-0.0018804730472,0.00053288383783
8157,0.00323056059119,0.00271319909367,0.00743209243131
8158,-0.00676320367722,-0.00348298879385,-0.00769105243752
8159,-0.00517137170754,0.00165209815989,0.0105779264799
8160,-0.000760188846809,-0.00145110621145,0.00718813766591
8161,-0.00517200399779,0.000261226650188,0.00118781525123
8162,-0.00499782880677,0.000654814015286,0.00500856899631
8163,-0.00246716128011,-0.0040697650714,-0.0198462519031
8164,-0.00946331767393,-0.0025450358486,-0.0112183786325
8165,-0.00814407552556,0.00434070744128,0.00361577257299
8166,-0.00337463114592,0.0012800892399,0.00703311346061
8167,-0.00428395459986,0.00195322943608,0.00659945276899
8168,-0.00380342770169,-0.00129078195511,-0.0065460882965
8169,0.000412760686927,0.00259549560623,0.00797742529751
8170,0.00407521409638,-0.00900334640131,-0.00127063674468
8171,-0.00396892164439,-0.00624711142381,-0.0169400729879
8172,-0.00998051869874,-0.00338392517829,-0.016337222769
8173,-0.0075496902792,0.00739321555185,0.0218365740254
8174,-0.00804174611447,0.00147989470335,-0.00639148516107
8175,-0.00374469479868,-0.00704794515379,-0.0144038597493
8176,-0.00832216934372,0.00261237909293,0.0135330370899
8177,-0.0117351936397,0.0058391089697,0.00478221953473
8178,-0.00479671893946,-0.00471882155072,-0.00689815208308
8179,-0.0089335973685,0.00763743425677,0.018775617453
8180,-0.0157565693705,0.00679313536516,0.00801998389719
8181,-0.00302378735431,-1.94876830945e-05,8.61162556326e-05
8182,0.00513814949003,-0.00794608704773,-0.0113116299969
8183,-0.0122811926613,0.0079288314334,0.00591255328504
8184,-0.00475662074024,-0.00796835953122,-0.0162542133952
8185,-0.00361402032606,-0.00213561460476,-0.00737793709406
8186,-0.00725853242955,-0.00170190530379,-0.00188694865204
8187,-0.00567594206347,-0.000742205031914,0.00665403938926
8188,-0.0126532284233,0.00522069222551,0.00634494890495
8189,-0.00749322791806,-0.00146559730985,-0.00912805116782
8190,-0.00859813969112,-0.00131949976701,-0.00942827014312
8191,-0.00559384968177,0.00257233486758,0.00639216810995
8192,-0.0040669023433,0.000539128542104,0.00390472808145
8193,-0.00777538410489,0.00442469174657,0.00657001204059
8194,-0.00113181539347,-0.00213190142404,-0.000364563326659
8195,-0.0062447290547,-4.23873259141e-05,-0.00058531485548
8196,-0.00392305207065,-0.00343023258082,-0.00269222921335
8197,-0.00587778477316,-0.000373376028141,0.012214635364
8198,-0.00585510627596,-0.00383084188295,-0.020087400234
8199,-0.0098759562269,0.00287785537036,0.0131280261154
8200,-0.000615515282453,-0.00525002102475,-0.00503799103464
8201,-0.003824606813,-0.00632116286034,-0.014677748099
8202,-0.00296260318948,-0.00105716979831,0.00815333602395
8203,-0.000427708199191,-0.000579232424248,0.00117583947198
8204,-0.00875187152924,0.00568901563034,0.00728438330867
8205,-0.00290103321867,-0.00164028019624,0.00253583082369
8206,-0.00462116953028,-0.00249197111329,-0.00574604066291
8207,0.000362113197717,-0.00529204245232,-0.00988691798436
8208,-0.00127483321789,0.000214457344997,0.00971724725186
8209,0.00452463362826,-0.00496647094368,-0.0102248704322
8210,-0.00924509454183,-0.003067776583,-0.00645141955259
8211,-0.0100682916939,0.00648586088365,0.0064853616954
8212,-0.0136132894923,0.00679009926109,0.0152385898686
8213,-0.00864842239206,0.00271775303001,0.00460271997518
8214,-0.00706827161259,0.00132949660404,-0.00351607906978
8215,-0.000816062894678,-0.00331082814911,0.00235252108505
8216,-0.00299739078432,-0.00404225819868,-0.00888297048847
8217,-0.01469679412,0.0119466824254,0.0218498514613
8218,-0.00840240611044,0.00263603518282,-0.00417428516226
8219,-0.0102885369483,0.000885961863119,-0.00501127239883
8220,-0.0118111240856,-0.000137843179295,0.00288958967563
8221,-0.00479378241149,-0.00334699737847,-0.00132894698512
8222,-0.00406158328565,-0.00346355914143,-1.6772819035e-05
8223,-0.00571176316193,-0.0023284481731,-0.00202169385302
8224,-0.00789249758652,0.00768858373436,0.00996539827883
8225,-0.0156734282705,0.00575307100351,0.00284882975615
8226,-0.0109764618942,0.000766752056503,0.00620758943261
8227,-0.00478223664757,-0.00107394575986,0.00318297428326
8228,-0.00428222924162,0.00073401212975,0.00566235555603
8229,-0.00464440303769,-0.00201769767715,0.00153690924911
8230,-0.00803345365804,0.000220227242858,-0.00314981297754
8231,-0.010466288212,0.00658576314415,0.0123212234822
8232,-0.0097169006363,0.00618403813438,0.015608815521
8233,0.00338684316953,-0.0150540414688,-0.0423348391744
8234,-0.014293528925,0.00122338268803,0.000676517960265
8235,-0.00109225075727,-0.00322547694449,-0.00954062677733
8236,-0.00374376766263,-0.00480408395067,-0.0133537297203
8237,-0.00587247973452,0.00442528576561,0.0159767761829
8238,-0.00277741644215,-0.00796175393514,-0.0146215900914
8239,-0.0158568501803,0.0125741038514,0.018065540735
8240,-0.0010456564801,-0.0102629194678,-0.0194612235622
8241,0.00177763532071,-0.00577882479499,-0.00787923370671
8242,-0.00956829862867,0.00525557424061,0.011469901794
8243,-0.0003249640732,-0.00304652322305,-0.00289361683321
8244,-0.0013876852964,0.00119527374966,0.00823388523035
8245,-0.00592309810561,0.000363054148019,0.00343595822906
8246,-0.00851608133789,0.00527458205836,0.00997563086741
8247,-0.00210013265193,0.0014878340401,0.00617044700429
8248,0.00378095802882,-0.0100917979296,-0.0170855066963
8249,-0.00474639288926,0.00094337957261,-0.00191011224651
8250,0.00375046270169,-0.00819884165881,-0.00551107597486
8251,-0.0108871350186,0.00288809858162,0.00564679206512
8252,-0.00650106945183,-0.00148583854569,-0.00129548074319
8253,-0.000535755204897,-0.00228211757977,-0.0027678014785
8254,-0.00903570807224,0.00184872095367,0.00285189932501
8255,0.00143843336416,-0.00287627174636,0.00235468550336
8256,0.00200179038463,-0.00755193016768,-0.0117144570352
8257,0.000542164102286,-0.0040350192696,-0.00151151238863
8258,-0.000526100162514,-0.0108941062639,-0.0252226362037
8259,-0.011456549715,0.00243014251707,0.00267129371384
8260,-0.0115989704863,0.00497628115527,0.0124658951381
8261,0.00519360806715,-0.00975413484325,-0.0163693022441
8262,-0.00512205135401,-1.28713073865e-05,0.000937262530264
8263,-0.00809096221663,-0.00539351059715,-0.0201034913913
8264,-0.00328185512518,-0.0022967747349,-0.00544258729962
8265,-0.00645502320338,-0.00600106642867,-0.0134767756599
8266,-0.00904264317603,0.00400049382342,0.00402672962525
8267,0.00599216927325,-0.00685538737938,-0.000831728568163
8268,-0.00894279793431,-0.00262259693696,0.000368220565324
8269,0.00321044687915,-0.00606170703313,-0.0101451449493
8270,-0.00214823618729,0.000449738763459,0.000753113399187
8271,0.00225820370602,-0.0045805384137,-0.00492335468075
8272,1.99588835311e-05,-0.00384108574156,0.000825268060676
8273,-0.00671671607325,-0.00109561041783,0.000191624482214
8274,-2.08178450949e-05,-0.00890508707542,-0.00597292894149
8275,0.00293261296943,-0.0105259848603,-0.0161482443133
8276,-0.00122800047414,-0.00314062081503,0.0107509811115
8277,-0.00647606587389,0.00413750128579,0.00712376808241
8278,-0.00177102477214,-0.00415034151474,-0.0052045234081
8279,0.00275684496158,-0.005936680792,-0.00821128007287
8280,-0.00972630063876,-0.0013664828498,-0.00603128847617
8281,-0.00523187784313,0.0061430403274,0.0177898276139
8282,-0.00780922164667,0.000829546759544,0.00465043537756
8283,-0.00268710382246,-0.000343020684311,0.00683207526453
8284,-0.00487893716092,-0.00214123772891,1.84197862575e-05
8285,0.00219501470403,-0.00487501875338,-0.0101754173759
8286,-0.00561134408701,0.000277840194385,1.1830639072e-05
8287,-0.00927699294588,0.00114037186191,0.0040077254616
8288,-0.000797542223988,-0.0062793822604,-0.00185766937375
8289,-8.59895522943e-05,-0.00598395395017,0.00171674465662
8290,-0.00748211516526,-0.00127745282236,0.00131530296224
8291,-0.0111731481581,0.0027397407414,0.00518035003574
8292,-0.00866943079984,0.00310969887466,0.00774613053777
8293,-0.014780794664,0.0125857600254,0.0270518593838
8294,-0.00635251885326,-0.00588899742607,-0.00959658227311
8295,-0.00952649208368,-0.00322437679658,-0.00510731300636
8296,-0.00300036613318,-0.00352810545758,-0.00624081462572
8297,0.00324966268674,0.000258493834932,0.00950238745602
8298,-0.0117339637266,0.00283969301554,0.0135720420821
8299,-0.00973206806335,0.00759042748762,0.0184005332661
8300,-0.00549552755858,-0.00451125862106,-0.00631623688017
8301,-0.0142532360817,0.00366890101931,0.00457143567943
8302,-0.00350771242306,0.00579703238402,0.0167219309543
8303,-0.00274766322436,-0.00603890165199,-0.00983965520719
8304,-0.00596252440964,0.00600123983342,0.0112947078124
8305,0.00286348891048,-0.00764245944286,-0.0171929821523
8306,-0.00655913395206,-0.00170379740288,-0.00522668722789
8307,-0.00245330460107,-0.00485922879098,0.00331119839613
8308,0.000682990696087,-0.00372477430585,0.00152348080092
8309,-0.00104429251485,-0.000141187716644,0.00867881265571
8310,-0.00481336418128,0.0026076970731,0.0125010985968
8311,-0.00448461315356,-0.000905379468741,-0.00233760206656
8312,-0.00298217275098,-0.000862516921281,-0.00724536057909
8313,-0.00351376271967,-0.00306735223029,0.00306498688414
8314,-0.00746289894717,0.00403706736013,0.0089554497096
8315,-0.00970875624407,0.00618128734523,0.00839900002431
8316,-0.00817343178982,-0.00791807207787,-0.0253638259246
8317,-0.00690657182239,-0.00263108085666,-0.00498825291615
8318,-0.0039868422965,-0.0041533451284,-0.0204217165018
8319,-0.00371970421217,0.0015088778386,0.00654781836293
8320,0.00112205396741,-0.00174060492564,0.00732023876026
8321,-0.00573254012096,-0.00855994232503,-0.0132299969953
8322,-0.00931176512072,0.00307167087775,0.00848450344262
8323,-0.0143934689355,0.00555762771873,0.0171320545361
8324,-0.00487279431105,-0.00207022495178,-0.000398551567803
8325,-0.00659347937204,-0.0050700005961,-0.00238282916405
8326,-0.0146975360518,0.00749435980987,0.0124708632777
8327,-0.00370418996047,0.00356114219299,0.00310174184375
8328,0.0071695709702,-0.00672695381662,-0.00104903289801
8329,-0.0113353241434,0.00030140117295,-0.000453861700451
8330,-0.0152244275339,0.014256676923,0.0203469820814
8331,-0.000565922272547,0.00135739605296,0.00827485248337
8332,0.00434050376952,-0.00703218517232,-0.00723248057719
8333,-0.00384784564591,-0.00857563810653,-0.00659219024256
8334,-0.00568648027153,0.00150183409329,0.00743237754998
8335,0.00299909934974,-0.00565938323532,-0.0124448312344
8336,-0.00932241037952,0.0013603776604,-0.000238885172437
8337,-0.00827630266852,0.00647936914853,0.0211920027289
8338,-0.0121844485843,0.00965241981958,0.0229417358187
8339,-0.0129484263176,0.00255095503814,-0.0100561523252
8340,-0.00258286934541,-0.00253086278723,0.00918594895098
8341,-0.00451228484058,-0.00254423683515,-0.00756093720463
8342,-0.00166751427742,-0.00243274860907,0.00556823328556
8343,-0.00845405120536,0.00169525309533,0.00918956028493
8344,0.00263146569617,-0.00852239189432,-0.0170587544133
8345,-4.19056576778e-05,-0.0032933772061,-0.0110531025655
8346,-0.00440822446209,-0.00326895998884,-0.00511309929904
8347,-0.0101775113846,0.0049259454227,0.011583491946
8348,-0.00418257795095,-0.00494946460365,-0.00385630367165
8349,-0.00696207051665,0.00137719260192,0.00324575221258
8350,-6.30298646196e-05,-0.00310003479238,0.0129912940811
8351,-0.00423350883427,0.00305216647128,0.0124212187169
8352,-0.00206787431394,0.0052959150301,0.0117926417549
8353,-0.00295513415231,0.00506153403106,0.0148786456841
8354,-0.0076000319278,-0.00545293153935,-0.0072176054335
8355,-0.00746722760035,-0.00405331208937,-0.000802381312523
8356,-0.00295280699872,0.00359208552746,0.0112415947905
8357,-0.00536061394664,0.00212869124373,0.00721138137367
8358,-0.00435276139262,-0.00951535515892,-0.0150823919012
8359,-0.0095742116566,0.00310755282253,0.00921207195755
8360,-0.00277039325912,-0.00743319918269,-0.00373503041192
8361,-0.00200281009242,-0.00331120707201,-0.00670820785848
8362,-0.0016372487222,-0.00423329926381,-0.0137136713792
8363,-0.0136544018406,0.00480588055354,0.00818052304358
8364,-0.0011741618822,-0.00784919089669,-0.0164486858992
8365,-0.00372440633213,-0.00188454031586,-0.000546340648912
8366,-0.00716850190752,0.000755467675467,0.00278071678809
8367,-0.00459628122581,-0.0020382535661,-0.0117670908205
8368,-0.00712697748351,0.00157061247714,0.00705001542422
8369,-0.00875224291599,0.00053017546599,-7.41503744482e-05
8370,-0.00440341059945,0.000308979437207,0.00680982333113
8371,-0.0135501785127,0.011258893229,0.0174016525334
8372,-0.00907503573902,0.00295450530254,0.00421725476894
8373,-0.0114539438513,0.00353873581176,0.00799518010213
8374,-0.00295159933583,-6.9091109962e-05,0.000537949132856
8375,0.00264254004428,-0.00927281391087,-0.0111693147015
8376,-0.00238389866241,0.00537835619689,0.0102353907675
8377,-0.00952694869031,-0.00015701165757,-0.000560181047302
8378,-0.00919959751655,0.0069262983707,0.0202295240295
8379,-0.015999370826,0.0110199971194,0.0169613953018
8380,-0.00127399470741,-0.00397293550506,-0.00106176428204
8381,0.00109683121761,-0.00078906262337,0.00840867690989
8382,0.00118868290139,-0.00892791198856,-0.00660249719563
8383,-0.00217600203084,-0.00629927120491,-0.00800283316684
8384,-0.00370737812518,-0.00520073729094,-0.0030240695804
8385,-0.0113558182645,0.00436423227979,0.0041228509089
8386,-0.0103702973206,0.00456825153185,0.013239406988
8387,-0.00716666996809,-7.13074581538e-05,0.000466012004492
8388,-0.00985059245819,0.00352246518555,0.00817914858098
8389,-0.00252967430321,0.00284187298806,0.0118570644599
8390,-0.0136887805347,0.0112312386516,0.0257348554166
8391,-0.00930094741238,0.00148328443695,0.00775131986408
8392,-0.00724831024297,0.00132601840211,-0.000670223982504
8393,0.00077116926447,-0.0119749901353,-0.0137123053812
8394,-0.00263187436453,-0.00579087833019,-0.00831724483914
8395,-0.0036872873529,0.000953098298584,0.000994961857008
8396,-0.00978992982952,0.00967595943045,0.0248115824118
8397,-0.00232806172177,0.0013031699639,0.00623987341128
8398,-0.000315620563908,-0.00693178750038,-0.0116557100564
8399,-0.0139255231256,0.00497819665515,0.0131779189741
8400,-0.0047790358608,-0.00660910186733,-0.0207521100976
8401,-0.0107728518121,0.00579757073222,0.00922665213135
8402,0.00506178083354,-0.00287935328502,0.00357479481216
8403,-0.00822472534599,0.00607541742134,0.0118958519851
8404,-0.0145220289729,0.00601175973532,0.00945337268258
8405,-0.00459007536408,-0.00258920997347,-0.00824594707728
8406,0.00595728579697,-0.00912922301807,-0.00525800081321
8407,-0.00421250523472,-0.00250290210057,-0.00681633602519
8408,0.00756317036649,-0.0139585698264,-0.0183317119342
8409,-0.00728867004378,0.00237830849225,0.00833073575096
8410,-0.00509685001331,-4.62218583116e-05,0.000656993696274
8411,-0.00398825473565,-0.00691133801593,-0.0159262497153
8412,0.00228747403463,-0.00889693024311,-0.0190402573272
8413,-0.00717869774924,0.00227749134441,0.00315430527562
8414,-0.0123804149719,0.0065419723634,0.015522357355
8415,-0.0127793593585,0.00768758677488,0.0103917763124
8416,-0.00536495528386,0.0045704083576,0.0182036504936
8417,0.00388059836379,-0.00543196717759,-0.0121997615149
8418,-0.00439818867524,0.000268264871075,0.00843779034624
8419,-0.0134107796797,0.00154562228761,-0.00409716461624
8420,-0.00224105992236,-0.00351944619381,0.00174213641107
8421,-0.00980750519073,0.0042831101051,0.00484153283252
8422,-0.0120451602972,-8.82149531495e-05,-0.0084527607545
8423,-0.0150294486843,0.00119751762514,-0.00206848863013
8424,-0.0120944350967,-0.00440011552772,-0.00608693391505
8425,-0.0100907308762,0.00506095052075,0.014196272603
8426,-0.0066647355487,0.0042414358274,0.00952627111697
8427,0.000792319430669,-0.00647970856694,-0.0158622849042
8428,-0.00847550301095,9.48801162358e-05,0.0128570339768
8429,0.00414882308391,-0.00273697577396,0.00681933049641
8430,-0.0033318729556,0.00369746225045,0.00631032087397
8431,0.000383956876726,-0.0140195866262,-0.0245842859497
8432,0.00118840265977,-0.0115961272473,-0.022907938033
8433,-0.00173434163768,-0.00674034454933,-0.00849917506846
8434,0.00147454521324,-0.00261387551486,0.00534064542047
8435,-0.00639419326862,-0.000869024988132,-0.00244531536578
8436,-0.00768567992053,0.00040669946568,0.00865972432832
8437,-0.0113937902276,0.00206922748764,0.0114167041089
8438,-0.00508434050434,-0.00116663086949,0.00895511407222
8439,-0.0123521060458,0.00525529016802,0.0162195561632
8440,-0.00294452706941,-0.0029462981895,0.0015093778292
8441,-0.00147280718418,0.00475740205769,0.014370788047
8442,-0.00338990193646,0.00700309893925,0.0207343753414
8443,-0.0119683599972,-0.000523992804351,-0.0172244642671
8444,-0.00743459962056,0.00380812829847,0.00318820620978
8445,-0.00222973046021,-0.00106163506639,-0.00288160431579
8446,-0.0128111621939,0.00632798204447,0.0135837189726
8447,-0.00140255740063,-0.00406921341251,0.0033015727315
8448,-0.00480071007085,-0.00401608839387,-0.00243084822914
8449,-0.00155846243304,-0.00203329870618,-0.0067646431406
8450,-0.00147297583398,0.00586531792064,0.0207452112284
8451,0.00122055599386,-0.00268336665016,0.00458875047683
8452,-0.00336792035922,-0.000580264526136,0.00301171881516
8453,-0.0079317687398,0.000133565513275,-0.00433802539235
8454,-0.0129160100347,0.0106301296457,0.0219030093637
8455,-0.007257664665,-0.00129223415732,-0.00143789061675
8456,-0.00673448522914,-0.00216521512125,0.00347615596379
8457,0.00300191681409,-0.00574425461884,-0.0239651742116
8458,-0.00424574516972,-0.000653468481078,-0.00385680621648
8459,0.000682201501092,-0.00338497296515,-0.000134575733078
8460,-0.00108563871889,0.000324679148656,-0.000119610280519
8461,-0.00201478133157,-0.00407633616738,-0.00720016402247
8462,-0.000956474846064,-0.00421260278447,-0.00540728944638
8463,0.00621341483151,-0.00919245728353,-0.00110323192468
8464,-0.0121941171137,0.00178214008911,-0.00939628883185
8465,-0.0144031749846,0.00984852238428,0.0152769363233
8466,-0.00600661339472,-0.00697747895517,-0.00706647648135
8467,-0.00725042750193,-0.00419058212497,-0.011461283456
8468,-0.0107825123864,0.00904354754173,0.0229801814322
8469,-0.00383409219133,-0.00417242838802,-0.00429109489817
8470,-0.0170945825273,0.0058324898377,0.00442859514222
8471,0.00415933043455,-0.0120576630968,-0.0246098348752
8472,-0.00458428826901,0.00551945806295,0.00711964351123
8473,-0.00603955576575,-0.00022510395998,-0.00602346382912
8474,-0.00459785730341,-0.00571899147081,-0.00625425419492
8475,-0.00116706246625,-0.00815421264511,-0.0170367692143
8476,-0.00121880297192,0.000333799324845,0.0169242159938
8477,-0.00506362350639,-0.00558509099283,-0.00612073005666
8478,-0.0104691415668,0.00207668435808,0.00401390300044
8479,-0.00697752125653,-0.000282933627528,-0.00176831880745
8480,-0.00127072651455,-0.00651410771689,-0.00219183200793
8481,-0.00112471585349,0.000121835494112,-0.00117206780124
8482,0.00424605639557,-0.0069598456838,-0.00380867533217
8483,-0.0057297248304,-0.000957542861666,-0.0138230385645
8484,-0.0162194957771,0.00384254357688,0.00538470687337
8485,-0.00969525198508,-0.00103327905233,-0.00193566459725
8486,0.00225725686018,-0.00521951232846,-0.00745640226246
8487,-0.00396394437382,-0.00256981323938,0.00592076829294
8488,0.000345315721001,-0.00292852322191,-0.00573199243711
8489,-0.00974728247938,0.00780951933307,0.0152218883813
8490,0.000330108002788,-0.00932937990382,-0.0234181487005
8491,-0.00346280873877,-0.00275541621979,0.00917794584254
8492,-0.0144009437898,0.00888349318079,0.00983608026636
8493,-0.00526700124695,0.00178440343034,0.00406946341172
8494,-0.00124782744382,-0.00762003259077,0.00338566724524
8495,-0.00291689732714,0.00106372503712,-0.00112145302157
8496,-0.0132260230168,0.000493735620111,-0.000369452358489
8497,0.00556527706474,-0.0148826507912,-0.0152690241829
8498,-0.0143441349394,0.00894177613423,0.0130105230338
8499,-0.00058723834692,7.45467354225e-05,0.00921326015725
8500,-0.00855620449234,0.00359554277137,0.00149153484453
8501,-0.00347255746795,-0.00055860159992,0.00293564191637
8502,-0.00769945096816,0.00222922695756,0.0145747506341
8503,0.00322971067427,-0.00797403332934,-0.00629198388737
8504,0.00526287369619,-0.0118253943263,-0.0163680507961
8505,-0.00220496844109,-8.46097559611e-05,0.0101630053753
8506,-0.00107369726,-0.0048124958337,-0.0124090323196
8507,-0.00747940112635,0.00432654438151,0.00211841738053
8508,-0.00130736064975,-0.00344535956143,-0.00490418544495
8509,-0.00766603614594,0.00142178394866,-0.00414562373133
8510,-0.00902219250706,0.00473442345709,0.00771663027466
8511,-0.00739047267633,0.00550140472697,0.00721297765675
8512,0.00144687324132,-0.0039954392497,-0.00571205531713
8513,-0.00215084351445,-0.00443489020843,-0.0132193345659
8514,-0.0062447955473,-0.0041688315049,-0.0203081736914
8515,-0.0109141301958,-0.000979709839843,-0.00249858929691
8516,0.00216723389171,-0.00804576639881,-0.00787684577394
8517,-0.00276753826059,-0.00340565883362,-0.00495353220357
8518,4.14219666858e-05,-0.00371849776479,-0.002382697318
8519,-0.00343960121981,-0.00629494061664,-0.0258897363647
8520,-0.00777860085331,0.00378102698746,0.00445965505076
8521,-0.00958638467835,0.00629280784309,0.0123203185672
8522,-0.0044093038671,-0.00876920551978,-0.0194204957819
8523,-0.000124339299941,-0.000204541733923,-0.00487737897649
8524,-0.00748832598923,0.00461509987663,0.0102807208239
8525,0.00177436688595,-0.00395830152921,0.00260225519368
8526,-0.000792600405961,-0.00646657806353,-0.0235266645501
8527,0.000268751187124,-0.0110094932169,-0.024904902763
8528,-0.000654366943754,-0.000302552107397,0.00270166021412
8529,0.00228218655253,-0.00999907406987,-0.0127981677162
8530,0.000373871901324,-0.00751570789278,-0.0215452123426
8531,-0.00568304620062,0.00199045168089,0.00817141464744
8532,0.000720285734504,-0.00902591192193,-0.00851211716808
8533,0.00174599090773,0.00262363864531,0.0169068631913
8534,-0.0044405316002,-0.00379163242809,-0.00298397723078
8535,-0.0117757645848,0.0053017100066,0.00534795275066
8536,-0.0150904584858,0.00665733324724,0.0199270964059
8537,-0.00413568655393,-0.00112380563753,-0.00752841364021
8538,-0.00549898893734,0.00130781332151,0.00330778052954
8539,-0.0100009554137,0.00329910101664,0.0112766747364
8540,-0.00245950370156,-0.00626333323698,-0.00437550983723
8541,-0.00551650640178,0.00281164412579,0.0052675991743
8542,-0.00905335396713,0.00298778568602,0.00728656831406
8543,-0.00559840737239,0.00480945954492,0.0238249614379
8544,-0.000662725478547,-0.00465877408382,0.00102418708691
8545,-0.00381645639238,2.69809664797e-05,0.00574933527017
8546,0.00091331745093,-0.00332285236737,-0.000974005762701
8547,-0.00324537483578,-0.000464660643483,0.00813790155693
8548,-0.00718324876473,-0.00116309768592,0.00423634525133
8549,-0.00843029037971,0.0044800907614,0.00150733583864
8550,-0.00758568827715,-0.000591793844815,0.00880354930698
8551,-0.0125900734471,0.00661700255207,0.00596352437259
8552,-0.00264244874084,-0.00228347018924,0.00343062142847
8553,-0.0111669872093,0.00838452500757,0.0195936836739
8554,-0.0128210455274,-0.00705597630285,-0.00933783468742
8555,-0.00756464268856,0.00315503735597,0.0106364697757
8556,-0.00598216018472,-0.00262983061464,-0.012285568266
8557,-0.000809653813584,-0.00118045417619,0.00594056734766
8558,-0.00660790702163,0.00420323588368,0.0063451426725
8559,-0.00854883819634,0.0032704541116,0.0054721531735
8560,0.0026884927764,-0.00391860638462,-0.00527178729696
8561,-0.00686904207819,0.00162886663244,0.00262521611622
8562,0.000624439040124,-0.00749129365334,-0.00929191684422
8563,-0.00239099189895,-0.00751354813012,-0.00866754424319
8564,-0.00464644166568,-0.00237101301046,0.00686939579282
8565,-0.0103829286024,0.00306061321237,0.00047372494093
8566,-0.00382212171736,-0.00579379791796,-0.0109899310455
8567,-0.00334690298657,-0.000124177474172,0.00804299538269
8568,-0.00360557430832,-0.00282905249156,-0.00410380704641
8569,-0.0105069930979,0.000468762940134,0.012327564643
8570,-0.00206298305363,-0.00167486044712,-0.000935564630081
8571,-0.00298465413723,-0.0032600886693,-0.011819276086
8572,0.00380170702716,-0.00423559066541,0.000183199801036
8573,-0.00770826284904,-0.0014242531097,0.00366551088193
8574,-0.00454377812121,0.00122412333571,-0.00130845291308
8575,-0.00789202672793,-0.000220476316931,0.00427431183746
8576,-0.0131663813032,0.00634049140312,0.0071416899687
8577,0.00241804441253,-0.000807822515776,0.0069754860172
8578,-0.00364985054795,0.00249361629004,0.00654373181105
8579,-0.00153039421412,-0.00148713792433,0.00219184075621
8580,-0.00369850680103,0.00142391489388,0.00949407079303
8581,-0.00897802390544,0.00139758952586,0.00799663929781
8582,-0.00318217522444,-0.00499573558306,-0.00709676075648
8583,-0.00275715575982,0.000765594988397,0.0106785111351
8584,-0.00356083049437,0.000551105580585,0.00237255067194
8585,0.00517208739156,-0.00798960843099,-0.00820408363408
8586,-0.00534765631312,0.00279837982099,0.00733288889106
8587,-0.000312570950066,-0.000806764526169,-0.00109487511779
8588,-0.00173517202886,-0.000754879907438,-0.00621698677365
8589,-0.00995462827666,0.0102721689981,0.0221331036513
8590,-0.00694055328507,-0.00339437179926,-0.00524692333024
8591,-0.00597501532799,0.00253168515757,0.010510150524
8592,-0.00629655785245,-0.00342290586701,-0.0127016559652
8593,-0.0120762239177,0.00698259996284,0.0038539826921
8594,0.00208391408038,-0.00725445783434,-0.0168056129023
8595,-0.00658450007049,0.00133342320448,0.0105293928783
8596,-0.00589687145413,-0.00356455856989,-0.0017469456026
8597,-0.00925712689238,0.00694294241909,0.0233401697379
8598,0.000712959090099,-0.00519834111293,-0.00377060652557
8599,-0.00382855776604,0.00381137065017,0.00576938907036
8600,-0.00586657883278,-0.00106213613136,-0.00170917581077
8601,-0.00879277507512,-0.00509973597612,-0.0191174041628
8602,-0.00423823756685,-0.00750368142461,-0.00382468002193
8603,-0.0127804319587,0.00424558417312,0.00624210623601
8604,-0.00241328279131,-0.00295567101118,0.00115627689744
8605,-0.00474355927863,-0.00389483936635,-0.00656795755375
8606,-0.00118872558556,0.000261226095919,0.00460893126666
8607,-0.000492308101029,-0.00154085658671,-0.00444148565187
8608,-0.00759351089384,0.000124020772722,-6.93174342805e-05
8609,-0.00580134985439,0.00208479687356,0.0140561475049
8610,-0.0117219160322,0.00743033227477,0.0150553396383
8611,-0.00169485345733,-0.00584051248897,-0.00847717019469
8612,-0.00237989580398,-0.00704856248899,-0.010938074069
8613,-0.00627251187086,0.00506129915283,0.0117026562832
8614,-0.00150608749277,-0.00375917945635,-0.000153761688277
8615,-0.00835222013929,0.00446251008992,0.0089162571791
8616,-0.00562818281755,-0.00194772386944,-0.00110629511222
8617,-0.00604098882853,0.00464551653277,0.00573677904098
8618,-0.00130366874123,-0.00133462404896,0.00426474971359
8619,-0.00322365228738,0.00273033968938,-0.00463093720942
8620,0.000316025979453,-0.00806343241135,-0.00840427533687
8621,-0.0043128202959,-0.00326461909356,-0.0010879797374
8622,-0.000791561486313,-0.00279259497032,0.00108985111892
8623,0.00811234717977,-0.00811161489801,-0.00659533302419
8624,-0.00449574176016,0.0021062422315,0.00319526748993
8625,-0.00143321197882,-0.00733200411691,-0.0110962964365
8626,-0.0155574919714,-0.00011516506444,0.00232267986794
8627,-0.00672616286686,0.00254543716206,-0.00140022775391
8628,-0.00435830214276,0.0017236872674,0.00962800616714
8629,-0.0088114195216,0.000805996654104,0.00848238109228
8630,-0.0047396050602,0.00178843316538,-0.00649055315335
8631,0.0018985663746,-0.00665785389712,-0.0143320631804
8632,-0.00164686214194,0.00324704219283,0.0165906676894
8633,-0.00995686149982,0.0001299930595,-0.00529575870037
8634,-0.00429061176082,0.00237565383341,0.00794223192351
8635,-0.00712985749829,-5.06693773822e-05,0.0104809774298
8636,-0.00239472526044,-0.00607240814588,-0.00966121744354
8637,0.00225976712687,-0.00574136747576,-0.00494697217677
8638,-0.00550230481639,-0.00190587591041,0.00848291440369
8639,-0.00137929309425,-0.00420962874992,-0.000740587429027
8640,-0.00173255106914,-0.011254619483,-0.0264569758464
8641,-0.00435625585343,0.000300567700622,0.00341512166738
8642,-0.0132089420881,0.00875054402496,0.0155674848233
8643,-0.00572702584195,0.00608704849983,0.0147123139719
8644,-0.0106630601071,0.00325123805985,0.0114035796992
8645,0.000572192567675,-0.00159769811004,-0.000927227834172
8646,-0.0108142514602,0.000153980723779,-0.010780953379
8647,-0.00364154251801,-0.00283554492116,0.00352434248799
8648,-0.0172997104051,0.00558561749284,0.00715061692717
8649,-0.00411867487425,-0.00363210506836,-0.000183757235298
8650,-0.00210557113585,-0.000192561584655,-0.00706805777913
8651,-0.000674466273789,-0.0047073676502,-0.00421576148035
8652,0.00209313860516,-0.00849356298508,-0.0119302264258
8653,-0.00235032400793,-0.000509465768673,0.00106912336474
8654,-0.00378850260271,-0.00534104523859,-0.0113149087509
8655,-0.00228257458984,-0.00949735946215,-0.0208758191556
8656,-0.0234268910027,0.012627292953,0.0248403398589
8657,0.00242496565315,-0.0100563385293,-0.0174426639534
8658,-0.0110584915374,-0.000848017763411,-0.00658455160974
8659,0.0062080674301,-0.0107146440026,-0.0220895776651
8660,-0.0112572773452,0.00835279264676,0.0314466063833
8661,-0.00584064742866,-0.00213831382576,-0.0108464757861
8662,-0.0102607851348,0.00603887393353,0.0137801736424
8663,-0.00692663921103,-0.00138480055908,-0.00607067163416
8664,-0.0199069814819,0.00415526115516,0.00234766678824
8665,0.000504814496766,0.000302587186886,0.00275089321353
8666,-0.0101636098267,-0.0029019272777,-0.00621104251221
8667,0.00090168591538,-0.00759452628789,-0.0157314664789
8668,-0.0130548953082,0.00221214087274,0.00527647413955
8669,0.00584298720043,-0.00500958887667,-0.00387017097697
8670,-0.0119998216942,0.00242684565071,0.00345360283881
8671,-0.00356082574933,0.00575122699172,0.0116333749169
8672,-0.00637128847817,-0.00234923898868,-0.00724240249631
8673,-0.00149742173151,-0.00914587438146,-0.0155846104177
8674,0.00521849749061,-0.00527391253803,-0.00432530784521
8675,-0.00133421602057,-0.000765804923295,0.000183748011109
8676,-0.00448134767836,-0.00191421325175,0.00802285037386
8677,-0.0046113428916,0.00246006357361,0.0134821444122
8678,-0.0100674651532,0.00189671049907,0.00458079660106
8679,-0.0100399604013,0.00268465304043,-0.00718134979104
8680,0.00153916018918,-0.00457117086674,-0.00717958789666
8681,-0.0033723490884,-0.000671870778975,0.0092415062363
8682,-0.000840930001511,-0.00319600473335,-0.00274962726196
8683,-0.00341982951732,-0.00422791626325,-0.00470777606489
8684,-0.00123671433666,0.000334321526644,0.00389362555183
8685,-0.00195812461269,-0.000431914114067,0.000663029538381
8686,-0.000595078967462,0.00018202846739,0.0051961917297
8687,-0.00845289528587,-0.00302392544453,-0.0110996805346
8688,-0.00302176676534,-0.00504028322945,-0.000740055491013
8689,-0.00171095568739,-0.000317987247995,-0.00858029595483
8690,-0.00168457671147,0.00303231245195,0.00798787036197
8691,-0.0102832667288,-0.00465284722733,-0.0149396115753
8692,-0.0140524568728,0.0118170840626,0.0208348649726
8693,-0.0155836263397,0.00420116668144,0.00949978345737
8694,-0.00216184300618,-0.00784855359642,-0.0254600476786
8695,-0.0115049448779,0.00392003844178,0.000756639787433
8696,-0.00285287781783,-0.00519589556117,-0.0163221833525
8697,-0.0108682847956,-0.000863884225182,-0.0149212240917
8698,-0.00281186944938,-0.00498030491325,-0.00221323835283
8699,-0.00397590876564,0.00322116386869,0.0146902334877
8700,-0.00550617811836,0.00178997224679,0.00201724637601
8701,-0.0057587413933,0.00390203099965,0.0135942151692
8702,0.00120303776969,-0.00365570485331,0.00227762190303
8703,-0.0165404713868,0.00876495322605,0.0208777824684
8704,-0.00577455510535,-0.000853311591259,-0.00865675486994
8705,-0.00286276694036,0.00346921411535,0.0109809388804
8706,-0.00954522502191,-0.00508694473138,-0.0162888060912
8707,-0.00703112175661,0.000869325132066,-2.69057793744e-05
8708,-0.0101360939852,0.00175755100738,1.84257863457e-05
8709,0.00132582964237,-0.00282411308662,0.00558522818636
8710,-0.00744654364826,0.000916675762256,-0.00481377617072
8711,-0.00180741926958,-0.00190118642249,0.00309675512874
8712,-0.00343529694047,-0.00441383041145,-0.0155240697341
8713,-0.00623665932294,-0.00111083075146,-0.000276940722295
8714,-0.00129181329356,-0.00116294343819,0.000688765907045
8715,-0.0030709682711,-0.000800674594008,0.00910382019021
8716,-0.00716749116474,0.000256063414098,-0.00634341875082
8717,-0.00362889056591,-0.00288218917303,-0.0107142110886
8718,-0.009166832622,0.00481979711949,0.00964760081595
8719,-0.00661427756208,-0.00207266924138,-0.0126290930164
8720,-0.00830021812764,-0.00276750374955,-0.00528518319262
8721,-0.00538897921135,-0.00449710018564,-0.00702183042605
8722,-0.00600846616245,0.00378554938254,0.0185779932928
8723,0.000522437502412,-0.00213711530152,0.0023512083483
8724,-0.01635552326,0.0108204375974,0.0171834458209
8725,-0.00697955184912,-0.00821249182814,-0.0215086970623
8726,-0.00467515633282,0.00410073826863,0.0083268920052
8727,-0.00364802338292,-0.00177202371539,-0.00941271126614
8728,-0.00928183485702,0.000978986861124,0.000321796559935
8729,0.00238444186495,-0.00948388911802,-0.0150240814665
8730,0.000196302961567,-0.00608041485636,-0.0111507295509
8731,-0.00248060025262,-0.00578680729998,-0.00909302935238
8732,-0.00978927986365,-0.00180722252516,-0.0108208753765
8733,-0.00270958281861,-0.00245420197995,-0.00862703079451
8734,-0.00765820857114,0.00593091321157,0.0104531149795
8735,-0.00843926875536,0.00352949985425,0.00544784779868
8736,-0.00898420743147,-0.00509811953187,-0.0177060997867
8737,-0.00912140045398,0.00531751748851,0.00598820744531
8738,-0.00592580962459,-0.00351717480937,-0.00698999533542
8739,0.0057935140576,-0.00710137134873,-0.00225770344075
8740,0.000307966873417,-0.00515438073529,-0.00243229396793
8741,0.00369977559611,-0.0054581564457,-0.001534632397
8742,0.00101088169525,-0.00406176534337,-0.00323781898303
8743,-0.006023720978,-0.00141383216123,-0.0144214620758
8744,-0.000726653790876,-0.00432019861701,-0.0134469285787
8745,0.00228844661513,-0.00174243908099,-0.000205094613079
8746,-0.00886037740592,0.00709589760588,0.014956179479
8747,-0.00289784752243,0.00105539637597,0.00655696042342
8748,0.00393079678045,-0.0070500092305,-0.0108625489854
8749,-0.0113480265515,0.0034199157465,0.000334780697499
8750,-0.00938579234156,-0.0034664590662,-0.00729126205982
8751,-0.00260756254932,-0.00485379214315,-0.00784627767537
8752,-0.00873510905682,0.0103822819639,0.0359193755021
8753,-0.00398375595011,0.00170242953182,0.00906515178896
8754,-0.00379031179813,0.000415659929941,0.00527876511511
8755,-0.00912634955557,-0.00469698109703,-0.0109353887599
8756,0.00552169726776,-0.00875865337413,-0.0181901344221
8757,0.00158722964873,-0.00506629849396,0.00185882025863
8758,0.00128250790497,-0.00728697750973,-0.0115363062606
8759,-0.00701298761484,-0.00402290334003,-0.00794170407317
8760,-0.00205764876934,-0.00553341866613,-0.00418549750895
8761,-0.000401677758819,-0.00532834964746,-0.0112213887806
8762,-0.0040992126917,-0.00229215792441,-0.0032364015226
8763,0.00264462584258,-0.0141663826688,-0.0267758158877
8764,-0.00177370924988,-0.000171637594244,0.00790402751321
8765,-0.00190664224688,0.00229755111433,0.00986745515173
8766,-0.00329692005834,-0.0008368688411,0.0053221570336
8767,0.000365038463047,-0.00619819831516,-0.0134450201335
8768,-0.0105336950174,-0.00104159233187,-0.000707468786805
8769,-0.00299172615235,-0.00207097780123,-0.00712590540013
8770,0.000137876319183,-0.00371850998795,-0.00666299290784
8771,-0.0157226043804,0.00866183677569,0.0174074663739
8772,-0.00438784548212,-0.000209247149985,-0.00196475656768
8773,-0.00691193073472,-0.00391014593992,0.00414227105219
8774,-0.00875220548174,0.00749199192289,0.0139624572271
8775,-0.00665962847352,0.00268517211225,0.00554348089106
8776,-0.0101314023908,0.00154065315652,0.00828840103619
8777,-0.0115315289998,0.00278827043193,-0.00172561064503
8778,-0.000196999958771,-0.00401445306871,0.00272979082933
8779,-0.00789269695422,-0.00160913414704,-0.00462293097818
8780,0.00160849581483,-0.00484771903243,-0.0121437772856
8781,-0.00126094349746,-0.0101541461209,-0.0176637906985
8782,-0.0135535755849,-0.00394000117659,-0.0188208565337
8783,0.00715809809428,-0.00943313614003,-0.00507772000323
8784,-0.00263005100289,0.00273059280555,0.0123142700161
8785,-0.00862220250212,0.00593759998527,0.00659980098911
8786,-0.0162602245437,0.00508106037948,0.006223548336
8787,-0.00382824550592,-0.00336474084146,-0.0039749969692
8788,-0.00597481696608,-0.000750141050119,0.00095855048298
8789,0.0013576397318,-0.00858177676953,-0.0156604144327
8790,-0.0036153920259,0.000809276650922,0.000638857025497
8791,-0.0053718435374,-0.00530416998059,-0.0136016312007
8792,-0.00824695704847,0.00586637765063,0.00813280601546
8793,0.00797632963714,-0.011313100242,-0.00955207987723
8794,-0.00256654152124,-0.000619720163119,0.00757151752783
8795,-0.0121441147167,0.000116592741501,0.00247060104017
8796,-0.0059895211305,0.000247201401101,0.00375177916552
8797,0.00162513030955,-0.00530971095884,-0.00401206515878
8798,-0.00682057268668,-0.00109668190929,-0.0161741514798
8799,0.00140687137589,-0.0035882506357,-0.00240639582692
8800,-0.00756958486279,-0.00148857006383,0.00475923437384
8801,-0.00702789304222,-0.00111631485866,0.000669273451397
8802,0.00808119960858,-0.0149329504356,-0.0249355192657
8803,0.00157045229052,-0.00153785278261,0.00349571049765
8804,-0.0143590192758,0.00539984253024,0.0119097869123
8805,0.0010685138237,-0.0054045341697,-0.00903070282585
8806,-0.000107061044112,-0.00452418370776,0.00689555836445
8807,-0.00158221346235,-0.00108527007811,0.0143481781669
8808,-0.00535650281482,-0.000560741238391,0.00487944321962
8809,-0.00295172059897,-0.00642608265533,-0.0150018497257
8810,-0.00751993228752,0.00352045820379,0.00690274424323
8811,-0.00582056490455,0.00265620097287,0.00668610502935
8812,-0.00252225032056,-0.0043488832296,-0.0066690345459
8813,-0.00154465512769,-0.00576389375694,-0.0118078446911
8814,0.00418073208373,-0.0111613449282,-0.00633225849413
8815,-0.00225635112229,0.00124366057596,0.0124045251589
8816,-0.00999103932274,-0.000218947359306,-0.00127804166968
8817,-0.00362814068664,-0.00953607311742,-0.0129005062963
8818,0.00291084743405,-0.00221490601124,0.00193291300855
8819,-0.00391045021402,0.00454513196176,0.0126549787376
8820,-0.00841108040115,0.00550948356716,0.0106716248277
8821,-0.00466054348126,-0.00265948765016,-0.0042836669935
8822,-0.00414184682553,-0.00035688733453,-3.49458767839e-05
8823,-0.000294817759687,-0.00500048938848,-0.00345782725198
8824,-0.00618976687216,0.00451604287219,0.0135522713621
8825,-0.000830276177428,0.00246412604902,-0.00338646297024
8826,-0.00238132475729,-0.000653011607213,0.00414958043697
8827,-0.0108429260932,0.00118888091207,-0.00449812783364
8828,-0.00121975660846,0.00135965834497,0.0121161993699
8829,-0.00418211438711,-0.007831310317,-0.0141417681848
8830,-0.00871184717792,0.00851748389491,0.0253164159578
8831,-0.0129191909466,0.00232844910719,-0.000161540930135
8832,0.0013422790374,-0.00409225223245,0.0038800598587
8833,-0.00263959751716,-0.00842735274826,-0.0113422681254
8834,-0.0154002603316,-0.0027078416187,-0.0090114612562
8835,-0.0136433207295,0.00191779137878,0.00443411603217
8836,-0.00715406550808,0.00545928776948,0.0171789220808
8837,-0.00656307785758,0.00315901860807,0.0133788624356
8838,-9.97103265685e-05,-0.000520572406231,-0.00472027232767
8839,-0.00352193798552,0.000924260335232,0.00651377169334
8840,-0.0119096598878,0.00538379669562,0.0111193765837
8841,-0.0140352557179,0.0051377415127,0.00287659866858
8842,-0.00865287199375,-0.00177759511072,0.0041607947062
8843,-0.0037898272685,-0.00480543624379,-0.003315608102
8844,0.000933513264835,-0.000856741577139,0.00483214002275
8845,-0.00439242225575,-0.00298663429312,-0.0109358877513
8846,-0.00214585899929,-0.00214511298869,-0.0103285584803
8847,0.00318113204671,-0.0104444398675,-0.0104793527563
8848,0.0026966330915,-0.00605795028144,-0.0102769085148
8849,-0.00220670024578,0.000566337840418,0.00513538459022
8850,-0.0109495548509,0.00784654586965,0.0149817978004
8851,-0.009945049744,0.00477510196592,0.0173434741935
8852,-0.0107951809978,0.00419996996501,0.0143760484609
8853,-0.00349147865934,0.00116090674557,0.000270775342893
8854,-0.00356018150482,-0.00358870449949,-0.0017836731008
8855,-0.00785205739399,0.00190307407991,-0.000570680639763
8856,-0.000781817164729,-0.00601478914207,-0.0107436658419
8857,-0.0121589280435,0.00135752223107,0.0134022023826
8858,-0.00315251512516,0.000612694350464,0.00887614346574
8859,-0.00355994238457,-0.00154770813305,0.00165386017852
8860,-0.0171202482545,0.00588596053367,0.00635746190388
8861,-0.00522165433115,-0.00162619072926,-0.00948482768959
8862,0.00224627889061,-0.00461945457554,-0.00758310558554
8863,-0.0115408906195,0.00496999570101,0.00473212452974
8864,-0.00158998437058,-0.00602698504825,-0.00723367325894
8865,-0.00697886791679,0.00314122887184,0.00806185099994
8866,-0.00692417476414,-0.00223277937285,0.000617047354223
8867,-0.00279214353315,-0.00370971617509,-0.0028735915027
8868,-0.00996391927275,0.0080213595681,0.0158962023015
8869,-0.0122428257018,-0.00317462529685,-0.0128241817124
8870,-0.000430133033068,-0.00863298462541,-0.00806753191632
8871,-0.0161276645751,0.00743875840451,0.0108962626004
8872,-0.0033980300199,-0.00277986623456,-0.00349602864824
8873,-0.00477140852345,-0.00139165122077,-0.00404411299106
8874,-0.00317424915241,0.00219406129112,0.00281868959272
8875,-0.0135909650621,0.00418540431237,0.00267198753996
8876,-0.00869164234621,0.000547578180086,-0.00466583032974
8877,-0.0104963696834,0.00161647458996,0.00242971888225
8878,-0.00829392634381,0.00132397181854,-0.00158143833919
8879,0.00355571155267,-0.0108524767089,-0.0218681926074
8880,-0.00849751636928,-0.000852911248525,0.00599240608568
8881,-0.00237259698249,-0.00668273691547,-0.00449378635247
8882,-0.00500522993995,0.00172059562538,0.0124580701321
8883,-5.3803248848e-05,-0.00280350005142,-0.00538853321878
8884,-0.00619766885615,0.00390869746624,0.0136729464287
8885,-0.0102161815745,0.00429710565924,0.0158440648656
8886,-0.00459816151884,0.00107759435858,0.00920394900683
8887,0.00276667479026,-0.0036949721863,0.00139128750784
8888,-0.00850930181552,-0.00238038844091,-0.016948819044
8889,-0.00495462787906,-0.00235985416855,0.00127857483358
8890,-0.00597148161695,0.00372954211075,0.0133235923468
8891,-0.00925851144987,0.00307065160703,0.0191789592359
8892,-0.0017115405662,0.0059204505239,0.0160078812696
8893,0.00385024044524,-0.00710618356645,-0.00602498731278
8894,-0.0037444946747,0.00240038997437,0.00376970458834
8895,-0.00291638195369,-0.00484261260635,-0.00360289361487
8896,-0.00592528403458,0.00610038305929,0.0184068291446
8897,-0.0119246311504,-0.00209747632687,-0.00211007919577
8898,-0.00981932080963,0.000932580422757,0.00585816962341
8899,0.00577330780365,-0.00608410701728,-0.00961594233685
8900,-0.00937922742914,0.00376970888862,0.00106098475132
8901,-0.00131612113063,-0.000863616610707,0.00684483159478
8902,-0.00674771545351,-0.000875328145849,-0.00541458205999
8903,0.000693703160995,-0.00641439252838,-0.0164128919577
8904,-0.00336090277964,-0.00193976058934,-0.00955360446684
8905,-0.00748058622996,-0.000495554916725,-0.000698861489261
8906,-0.0024918837508,0.00167903705416,0.00211577199128
8907,-0.00180886984228,-0.00026934589182,0.00635372371247
8908,-0.0038274988784,-0.00751669085863,-0.0158965848942
8909,-0.000912987142123,-0.00636466294533,-0.00810979336313
8910,-0.00658286499017,0.00212425355177,0.00796411428777
8911,-0.00892127664392,0.00225774918064,-0.0001091056873
8912,-0.00033962294644,-0.000999435723713,0.0102452879171
8913,-0.000656196105834,-0.00308182815576,0.00123135008232
8914,-0.00365676851795,-0.000341626297154,0.00926458111789
8915,-0.00080576495611,-0.0057920410045,-0.0159319683717
8916,-0.00129091272408,-0.00131639843012,-0.00103150730341
8917,-0.00260246436824,0.000882646092868,0.0130042528716
8918,-0.00735326561614,0.00536705664659,0.0106665907772
8919,-0.00675428607199,-0.00305665616912,0.00431591696542
8920,-0.00639538985546,0.000297390943133,0.00251131466663
8921,-0.00471858420488,0.00888156254545,0.02122450912
8922,-9.69213579065e-05,-0.0085753219576,-0.014443927851
8923,-0.00723341724403,0.00345858837751,0.00659268216484
8924,-0.00522838136967,-0.00252184512367,0.00744007164161
8925,-0.00799466903199,-0.000429346332193,-0.00883651275361
8926,-0.00902707602525,-0.000188115777114,-0.00262437583738
8927,-0.00434455591343,-0.00047404253093,-0.00573095411435
8928,-0.00460979716121,-6.09141718772e-05,0.00617295074457
8929,-0.0120251337357,0.00409060264529,0.00203407903694
8930,-0.00848082992029,-0.0013012457803,-0.00273306006183
8931,-0.00318336766253,-0.00540384390163,-0.0159926787121
8932,-0.002304936677,-0.00723808979363,-0.0102859914685
8933,-0.00994388805604,0.00838525619887,0.0200985586341
8934,-0.0116165545195,0.00263553312737,0.0163712398843
8935,-0.0154054202235,0.00392773327678,0.0140968341614
8936,0.00145495306894,-0.00642139140669,-0.00883691906434
8937,-0.00437581633995,-0.0030270094873,-0.00811043939297
8938,-0.005692273039,0.00633696101994,0.0161201352913
8939,-0.0107892815181,-0.000591895109007,-0.0113649672353
8940,-0.010960795816,0.00550201507122,0.00363736079314
8941,-0.00613352748852,-0.00562616623714,0.000392781338357
8942,-0.00290179349634,-0.00476214453397,-0.0137929339362
8943,-0.00502796362123,-0.000652964017275,-0.00453251579354
8944,-0.00581629495126,-0.00270107179978,-0.00683106239711
8945,-0.00412946321718,-0.00166965245082,-0.0003342472738
8946,-0.00821363437556,0.00715353169406,0.0178274084676
8947,0.00228565392271,-0.00768414244496,-0.0025315125398
8948,-0.00325190145697,0.00409601094935,0.00783311369058
8949,-0.00659581429228,0.00468259820718,0.0131723223927
8950,-0.00164781870614,-0.0056793145578,0.00949624073549
8951,-0.00761909137842,0.00523320776953,0.00575833160077
8952,-0.00669281557825,0.00572692972815,0.0219563280448
8953,-0.00220521846564,0.00244295378524,0.0105222558678
8954,-0.00908539524334,-0.00423653917972,0.0027721763986
8955,-0.0106842797309,0.00424922668564,0.013176919415
8956,-0.003826891729,-0.00223648407264,-0.00701211569687
8957,-0.00644744397556,0.0011724374124,0.00978499525122
8958,-0.0036590312376,-0.00106453237376,-0.00268272579024
8959,-0.00649635645403,0.00102038492487,-0.00964267985162
8960,-0.000836709559976,-0.00201369600204,0.000360414544762
8961,-0.00953035663296,0.00402316952267,0.011029148388
8962,-0.00265492259056,-0.000341424760155,0.00979113127281
8963,-0.00358735906585,-0.00463396765205,-0.000122502059919
8964,0.00131341203124,-0.00538220529423,-0.0103626442425
8965,0.00216827577924,-0.00574943235364,-0.00413606413606
8966,0.00177929190236,-0.00971394961076,-0.00498188793867
8967,-0.00838283184824,0.00480159616129,0.000957203176587
8968,-0.00272918727943,-0.00190448213961,-0.00223029743773
8969,-0.00508707194256,-0.000579205206532,-0.0076773214697
8970,0.00326788397848,-0.00951882720929,-0.0139014433031
8971,-0.00742207176346,0.00175189163918,0.00593922299208
8972,-0.00438913843618,-0.00177387056559,-0.00503111383846
8973,-0.00950295293518,0.00186422975837,-0.00187919473834
8974,-0.0115679181768,0.00483868625441,0.0131712708418
8975,-0.00537521980634,-0.000469232885492,0.00210730563922
8976,-0.00925547144612,0.00701714957349,0.0182063045079
8977,0.00147971521213,-0.00302751726011,0.00243690600988
8978,0.00312745096545,-0.00757273629563,-0.0103143330325
8979,-0.00254734902111,-0.00590007199947,-0.00704913420535
8980,-0.002484343951,-0.00322807858889,0.00126719300015
8981,-0.0002052255077,-0.00779443377479,-0.0147209002624
8982,-0.00281572928495,0.00265308545491,0.0104406151206
8983,-0.000417137397435,-0.00119347162204,0.0139403750399
8984,-0.00531210902021,0.00175289995217,0.00476909205058
8985,0.00267098515444,0.00133352484219,0.0149173285587
8986,-0.0114695711373,0.0049130395102,0.0144007403164
8987,-0.00326446813608,-0.00718851411248,-0.0194754309353
8988,0.00314438613786,-0.00598845799022,-0.0129140209293
8989,-0.0127240770984,0.00752956474674,0.0135698208865
8990,-0.00660617716035,0.00130191181942,0.00151962741172
8991,-0.00294520836691,-0.00301867085464,-0.00289158629376
8992,-0.00303473712762,-0.00457795309762,0.000284389007595
8993,-0.0159649038704,0.00632507047277,0.0142394072361
8994,-0.0174284538072,0.00115944863933,-0.00398570774461
8995,-0.00667600094983,0.00183148976712,0.00223589516693
8996,-0.00650276129014,-0.00277082148362,-0.00092178737651
8997,-0.0107676593183,-0.00300544025832,-0.00610363922484
8998,0.0028743867293,-0.0148424116386,-0.0218432620271
8999,-0.0108978565003,0.00492512744879,0.0161997427211
9000,3.90605991629e-05,-0.00252726175504,-0.00121786124149
9001,-0.00779582719754,0.00104254824334,0.00224540502462
9002,0.00245397849297,-0.00888339762802,-0.0121383710336
9003,-0.00475827875235,-0.00169969814005,-0.00706199857406
9004,-0.000851157072852,-0.00671602341831,-0.0051050512603
9005,0.00602341980769,-0.00128321152566,0.0170098301449
9006,-0.0038419366043,0.00129665714231,0.000862797053322
9007,-0.00855458011025,0.00208510609369,0.00916959608169
9008,0.00510463731094,-0.00652316141293,-0.00895874958852
9009,-0.00112637632466,-0.00172461022116,-0.00126482417426
9010,-0.00837859097122,0.00726488251189,0.0213002862615
9011,-0.0108196849301,-0.00309071729844,-0.0104358816665
9012,-0.00456272977165,-0.000127045442088,0.000228324106883
9013,0.000337353773932,-0.00703161555297,-0.0163976572168
9014,-0.00903119622668,0.00741576003778,0.0112775201834
9015,-0.000160634542535,-2.64172954034e-05,0.0056912846895
9016,-0.0118358695819,0.00603924877612,0.010052623035
9017,0.00454041384963,-0.00472747824129,-0.00547976899944
9018,-0.00525281345129,-0.00386150934156,-0.00874044808255
9019,-0.00763514030764,-0.000669912141154,-0.00564363011204
9020,0.000266392430321,-0.00799672891133,-0.00194536374125
9021,-0.00760725874918,0.00108628451826,0.00580578347359
9022,-0.00729953123752,0.000466899023993,-0.00111032221194
9023,0.00449002857548,-0.00626945243849,-0.0054309275104
9024,-0.00433405064326,-0.00425045820144,-0.00425064204656
9025,0.00160570501431,-0.0142219948815,-0.0272540779361
9026,-0.00509737585379,0.0043122260974,0.0251548622805
9027,-0.00777997982354,0.00577228772039,0.0260760415277
9028,-0.00169804395425,-0.00293152226043,-0.00127559699055
9029,-0.0032908852371,-0.0065402909701,-0.0120917327189
9030,-0.0117301410482,0.000778562439277,-0.00852779040342
9031,0.00216215912521,-0.000941615189904,0.012322061057
9032,0.00391714902051,-0.00786310006872,-0.00411541960355
9033,0.00365263621671,-0.00631344082646,-0.00518696934743
9034,-0.00935018608753,0.00548614520626,0.00583692526527
9035,-0.0019686468772,-0.004072196601,-0.00985174572847
9036,-0.00590399440328,-0.00163079655404,-0.00764030562771
9037,-0.00329688319396,-0.00910648330601,-0.0172293670193
9038,-0.00867854412756,-0.00147741101826,0.00434940349622
9039,-0.00226886127483,-0.00511128390436,0.000592802580206
9040,-0.00610563428918,0.0019402084233,0.00613091643353
9041,-0.00274124784516,-0.00490815993617,-0.000739194029356
9042,0.00369782061678,-0.00267159296608,0.00603747261625
9043,0.0012221299006,-0.00595004015045,-0.0111341955988
9044,0.00767207446427,-0.00261554322927,0.00401937908921
9045,-0.00254320852306,-0.00309960380656,-0.00188243836561
9046,-0.00170115607485,0.0036700286706,0.00556322055131
9047,-0.00149433416463,0.0025689232415,0.0137743719323
9048,5.49530983824e-05,-0.00212136396137,-0.0040990826689
9049,-0.00774759611608,0.00201779259994,0.0011061934395
9050,-0.00594148194723,-0.00258385165548,-0.00789636686222
9051,-0.00965207521425,0.0088846153851,0.0105577038708
9052,-0.00866861487376,-0.00285741079532,-0.0140627966318
9053,-0.00515970655163,-0.00699967823377,-0.0182803835532
9054,-0.0056394968606,-0.00181084019546,-0.00501904906708
9055,-0.00331234027035,0.000491099892045,-0.00153222654681
9056,0.000382599704879,-0.00956232245179,-0.0116473015858
9057,-0.0112385632856,0.00797142388003,0.0145135484357
9058,-0.0140687642385,0.00263333781512,0.00560194881868
9059,-0.0116446117557,0.00422422585087,0.00808245482784
9060,-0.00633090989664,-0.000451716875669,0.00268089093423
9061,-0.00260961061948,-0.00275758977002,-0.0166087162816
9062,-0.0106303388823,0.00470911848357,0.0158959164177
9063,-0.00711440432799,0.00313720812102,-0.00369568654942
9064,-8.64748601517e-05,0.00226535115416,0.00649648143189
9065,-0.00370488264006,0.00590506078175,0.00753449932647
9066,-0.00905048697961,1.40832180425e-05,-0.00264616789345
9067,0.0015900237229,-0.00736929999867,-0.00659198266442
9068,-0.00914212373716,0.00200313777674,0.00673306637572
9069,-0.0156192746454,0.00732574855728,0.0179772673316
9070,-0.0128097067722,0.00337379640919,0.000437785805303
9071,-0.00758308908539,0.00113172499137,0.00625030881424
9072,-0.00228301351725,0.00147513568934,0.00887250232656
9073,-0.00350668058657,-0.00519860160805,-0.00371630745736
9074,-0.00232164216871,-0.00733215515115,-0.0105770627008
9075,-0.00135016495995,-0.00632884317611,-0.0104275775781
9076,-0.00935180100999,0.00171299919982,0.0128121675354
9077,-0.0046523112215,0.00442270659057,0.00048421774771
9078,-0.00395230765708,-0.00431661293493,-0.00516466719469
9079,-0.000164422320431,-0.00259416059329,-0.00956306806783
9080,-0.00894889242668,0.00287918436524,0.00581287173507
9081,-0.00838053725257,0.000588805345677,0.00747316059998
9082,-0.000391565276246,-0.00305573679787,-0.0047308968131
9083,-0.00101668777509,-0.000739318311438,0.0055440543665
9084,-0.0064671767352,-0.00207470805632,-0.00315083958623
9085,-0.0151230425472,0.0122040848541,0.0300022279849
9086,-0.002837395768,-0.00129283685881,-0.0080397299059
9087,-0.0028123204359,-0.00426092131668,-0.00199456520189
9088,0.00284973396273,-0.00457160375568,-0.000800013734109
9089,-0.0125014837147,-0.00204604463226,-0.00969367044441
9090,0.000144458242277,-0.00584563337148,-0.0149127452823
9091,0.00132578281548,-0.00826934166384,-0.0158261472027
9092,-0.00270051199178,0.000895818490051,-0.000555664643643
9093,-0.00387188101505,-0.0046787271715,-0.00458169547814
9094,0.000168068344434,-0.00443197745942,-0.000455947984543
9095,0.00539981893525,-0.00836824677835,-0.00543146345816
9096,0.00113343132514,0.00133978344365,0.0106879532049
9097,-0.000554278184533,-0.00180390655282,0.00690302399935
9098,-0.00585772473753,-0.00191800700664,0.00216247606291
9099,-0.00169026913301,-0.00651186795756,-0.00335840418814
9100,-0.00825080392778,0.000545680242831,0.00810848314976
9101,-0.000197523001776,-0.00588250171053,-0.00965817891939
9102,-0.00995094334124,0.0050563974788,0.00760065488174
9103,-0.0151712451929,0.0109561099848,0.0281878341927
9104,-0.0169858846194,0.0137743818409,0.0203690875867
9105,-0.00559443747667,0.000620160486031,0.0039192321102
9106,-0.00449815925057,-8.25174082285e-05,-0.000963719813353
9107,0.000421438378183,-0.00227105654848,-0.0159105533975
9108,0.000102713247195,-0.0047764543604,-0.0115606566202
9109,-0.00320953528367,-0.00659499375909,-0.01270880498
9110,0.00220259020494,0.000229313243297,0.00446281433224
9111,-0.000643422692532,-0.00609483386323,-0.00858125284509
9112,-0.0079524973823,-0.00256109117769,-0.00580172368781
9113,0.000785551783691,-0.0031267816996,-0.00106515872983
9114,-0.00797869670175,0.0013577056597,0.00488345962886
9115,-0.00429479529215,-0.00207418272843,-0.00469799863891
9116,-0.00808239302858,0.00555669961488,0.0173865093428
9117,-0.00384864198589,0.00122806878709,-0.00465417038035
9118,-0.00632997307435,0.00186447591245,0.000983182483229
9119,0.00568174699471,-0.0105281366932,-0.0132611016488
9120,-0.00601402690125,-0.00448266546203,-0.015986855366
9121,-0.00550396743687,-0.00105950260904,0.00825515835815
9122,0.00281551926514,-0.00787992226484,-0.00740732777909
9123,-0.0058514870677,0.000654000607537,0.00476940341343
9124,-0.000235452891788,-0.00613051198417,-0.00926553135785
9125,0.000932989873149,-6.17686459184e-05,0.013007195798
9126,-1.68146902032e-05,-0.00813543527418,-0.0072700472753
9127,-0.00940296660788,-0.00618108373184,-0.0142305319523
9128,-0.0123680726411,0.00121644169164,0.00157457391929
9129,-0.00623170262457,-0.000537127165687,0.00278572068689
9130,-0.00554892597044,-0.00233667552478,0.000251201834058
9131,0.0062452808662,-0.0131099662392,-0.0199864656805
9132,0.00155855397352,0.0017674066766,0.00916530966155
9133,-0.0106985998977,0.00342627238001,0.0120886180579
9134,-0.00552962521543,-0.000366991285408,0.00425032493616
9135,0.00102145171544,-3.38610475554e-05,0.00905581852652
9136,0.00901222082466,-0.0138219824207,-0.00721626124713
9137,6.18470611666e-05,-0.00529836665786,-0.00467060728817
9138,-0.0101963177579,0.00258689579994,0.0140221865645
9139,0.000546862018641,-0.00985408085747,-0.0162903426501
9140,-0.00737795193925,-0.00303565009145,-0.00251264044664
9141,-0.00624567826836,0.000981487281507,0.0055006770283
9142,-0.00291327710686,0.00313075268567,0.0166784371364
9143,-0.00273019748409,-0.00344823433401,-0.00765032933118
9144,-0.00221887950101,0.00058854598948,0.000828917953557
9145,-0.0124185502431,0.0108838565945,0.0164750154265
9146,0.000483114701102,-0.000544534920293,-0.00120230991741
9147,-0.00140663300505,0.001019441161,0.0131179349399
9148,0.00390476539119,-0.00828096339699,-0.00624974821919
9149,-0.00396135002107,-0.00374568866099,-0.0240552475734
9150,-0.0100051977483,0.00428590702486,0.0129184624193
9151,0.00301494026452,-0.0115539820132,-0.0219587415341
9152,-0.00567365918291,-0.00741903707512,-0.0195472966669
9153,0.00277788557212,-0.00439703239711,-0.00576066558727
9154,-0.00789592498814,0.00337749683711,0.00942530485293
9155,-0.00277774678527,-0.00116807552991,0.00483854402481
9156,-0.0120801982635,-0.00143962164404,-0.0113143523797
9157,-0.00803330065627,0.00302511558729,0.00910137595214
9158,-0.00353962787359,-0.00178637251364,0.0023429742289
9159,0.00772637781781,-0.00909992076024,-0.0094710306991
9160,-0.017734793926,0.00826146016736,0.0190791987833
9161,-0.00610995636434,0.00591085634822,0.0235756904706
9162,-0.00886683042333,-0.00202060230049,-0.0146112776271
9163,0.000485455585853,-0.00305386004519,0.00182854342918
9164,-0.00623805090439,-0.000815322952104,0.000841621230731
9165,-0.0120880673108,0.000409702855321,0.00266579226649
9166,-0.0106838354628,0.00358402438531,0.00184752957317
9167,0.0071622904157,-0.00676704739658,-0.0104965659987
9168,-0.00458136227981,-0.00575558372152,-0.0143561210452
9169,-0.00754336635948,-0.00179898131229,-0.0125285477661
9170,0.00571912488873,-0.00622319172684,-0.00564530783637
9171,-0.00680011179834,0.00512560975657,0.00389193578776
9172,-0.0131988646194,0.00175482085082,0.00613745902343
9173,-0.00670085903202,-0.00457832202948,-0.0148750629973
9174,-0.0030399867103,0.000144297372649,-0.000590757577497
9175,-0.00761774144476,0.000544818312194,0.00143570328812
9176,-0.00119633460041,-0.000760324339836,0.00322594766594
9177,-0.00541648773069,0.00316074124166,0.00859083039033
9178,-0.0088980952025,0.00310718834629,0.0148151170813
9179,-0.000794956923887,-0.00409870449648,6.39528352435e-05
9180,-0.00590696192693,-0.00200876963832,0.000553350674947
9181,-0.00577274280336,0.00186855076555,0.009126918843
9182,-0.00231882414456,8.35336689473e-05,0.00307110293773
9183,-0.014436196597,0.00769161434698,0.0114812123219
9184,-0.0127333323966,0.0040266187762,0.0117916759539
9185,-0.00339527346023,0.00438045838104,0.00653714699178
9186,-0.00410148067437,-0.00801379728403,-0.0105808821123
9187,-0.00235134925829,-0.000164208401807,3.06836958561e-05
9188,-0.00241235769711,0.00346395167013,0.015706691855
9189,-0.00642250006135,-0.000148500484314,0.0018306399824
9190,-0.00566591722101,0.00265864104745,-0.00253523908906
9191,0.00414240230975,-0.00133737089214,-0.00307835986722
9192,-0.00457645095756,0.00524886136632,0.0131979895897
9193,-0.00533218779008,-0.00066532457531,-0.00620993797264
9194,-0.0148858787765,0.00393689802295,0.00127420329018
9195,-0.0121114353546,0.0038161004225,0.00862105867469
9196,-0.0164626094511,0.00644762694267,0.0122063894199
9197,-0.00550292314632,0.00277417031388,0.00194728806244
9198,-0.00278527063283,-0.000278435528189,0.0129070910166
9199,-0.00134536065457,-0.0123673138304,-0.0181897583051
9200,0.00605273320039,-0.0103881875936,-0.0145831395522
9201,0.00112903700865,-0.001416937668,-0.00370431144102
9202,-0.0065575748029,-0.00279528961025,-0.00322391835489
9203,-0.00180419283036,-0.00151423807589,-0.00310374536643
9204,-0.00592299959875,-0.00216000373412,-0.0104008505086
9205,-0.00647637470707,-0.00472681178175,-0.0129530800929
9206,-0.013509628092,0.0048181092933,0.0132616822298
9207,-0.00857310584571,-0.00149821632771,-0.00592978654253
9208,-0.00563663612576,0.00235856654758,0.00688757606244
9209,-0.00530817499266,0.00313783228465,0.0118974497326
9210,-0.00715857611137,0.00666604443651,0.0125823504104
9211,0.00545647944379,-0.00985404537489,-0.0117840681035
9212,0.00443318681183,-0.0102070870128,-0.0241807023115
9213,-0.00732263609616,0.00758257096959,0.0165399610595
9214,-0.00597519461571,-0.00166340475629,0.000627398090448
9215,-0.0128344812799,0.00178829062418,0.00470036747769
9216,-0.00250340691948,-0.00245114077509,-0.00424394471815
9217,-0.00811908790001,0.000802761133355,0.00401530149468
9218,-0.0170631726818,0.00602190545075,0.0109335411358
9219,-0.00541620586341,-0.00477974357685,-0.0197698521904
9220,-0.00445259622294,-0.00105387451602,0.00928950418635
9221,-0.00389509923942,0.00470382275978,0.0118924554268
9222,-0.0121440720935,0.00889416912114,0.0206703146195
9223,-0.00283034691487,-0.0043308764674,-0.00875769920318
9224,-0.00626304590958,0.00676116304318,0.0210267442519
9225,-0.0037564136634,-0.000466876196493,0.0037985359462
9226,-0.00538746713319,0.00104323395171,0.00279880822943
9227,-0.00214242906217,-0.00112429366072,-0.00108382630278
9228,-0.00673782074817,-0.00104062655246,-0.00303662626418
9229,-0.00681903895108,0.00135075756327,0.00499891052488
9230,-0.000618218386105,-0.00382948280045,0.00268039918384
9231,0.00226057464028,-0.00591463849151,-0.00977879664722
9232,-0.00786205643429,0.00331572532124,0.0106808091353
9233,-0.00716472293636,0.000153278101164,0.00581755667081
9234,-0.00648990419063,0.00739908951693,0.0223293197498
9235,-0.0047017100188,-0.00248953145698,0.00182689590518
9236,-0.0062918794128,-0.00340035018502,-0.00343736905596
9237,-0.0018753398401,-0.002312514181,2.05376061277e-05
9238,-0.0164211959235,0.0126294353785,0.0125797815595
9239,-0.0113334788484,0.00210450820382,0.00406736730146
9240,-0.0108059176343,0.00699045437219,0.0174697837521
9241,-0.00595079038983,0.00723749929661,0.0161113442127
9242,-0.0095937988163,0.00242238834357,0.00801804012394
9243,0.00177169872308,-0.00859603596272,-0.00163439711156
9244,0.00330376701499,-0.00791752977509,-0.0207824322552
9245,-0.00507753867199,5.00690350544e-05,0.00168211784403
9246,-0.00337242281617,-0.00327827714463,0.000290378853312
9247,-0.010722533881,0.000794222808811,-0.00661433176855
9248,0.00492053503515,-0.00547338361315,-0.00532598084954
9249,-0.00285236873437,0.000935065537703,-0.00796915162627
9250,-0.00187752186497,-0.00176311884314,-0.00160745602657
9251,-0.00703578460409,0.000973673123883,-0.00407758605795
9252,-0.00765092600206,-0.00638002631312,-0.0211597019117
9253,-0.00647894870052,-0.00563725611825,-0.0203500094326
9254,0.00139010947834,-0.00674077404197,-0.00708696918321
9255,-0.00881423012719,-0.00219870544034,-0.00784751129544
9256,-0.00423365704031,-0.0085704874039,-0.0124067611865
9257,-0.00508413810945,0.00497306951445,0.00381959120053
9258,-0.00887895628675,-0.000865491865664,-0.0139931531274
9259,-0.00340309904279,0.00042799215567,-0.0035463054969
9260,0.00386573162244,-0.0106038188475,-0.0205927549185
9261,-0.00425272040512,-0.00298022450593,0.000132910001713
9262,-0.00378870472668,-0.00189318579496,-0.00238788336077
9263,-0.00497953558399,-0.00280240008247,-0.0057662929613
9264,-0.0120234583069,0.00384957492155,0.00869234552806
9265,-0.00811271856747,0.00285030401145,0.0116156476808
9266,0.00226067934238,-0.00359534838175,-0.00747744899796
9267,-0.0105929378751,0.0022381163526,-0.000957917799042
9268,-0.00147417345072,-0.00535378157066,-0.00993469092949
9269,-0.0061827950776,0.000869491528503,0.00847495746569
9270,-0.00527947832481,-0.00325434606066,-0.00338614949996
9271,-0.00400785876195,0.00230985340014,0.00776856379214
9272,-0.0144585708759,0.00500567471851,0.00460194605491
9273,-0.00744759356986,-0.00343836500614,-0.012235819696
9274,0.00320604384596,-0.0064470549426,-0.00125141364273
9275,-0.00113183001994,-0.00488562763061,-0.0111457507984
9276,-0.00202794736523,-0.00930665489482,-0.0289403217594
9277,-0.00812664428043,0.0104138269668,0.0269274551991
9278,-0.00373685609512,-0.0016862248044,-0.0140630064328
9279,-0.00940139029667,-0.00259546805168,-0.00631232938831
9280,-0.00334522791412,0.000669000658438,0.00827645681887
9281,0.00291383309136,-0.00604716806137,-0.00949995632744
9282,-0.0026920804035,-0.00243958227458,0.0074970474206
9283,-0.00178713381058,-0.000332719906401,0.002291112725
9284,-0.0113312955668,0.00450986657824,0.0127280837977
9285,-0.00915767284656,0.00494559669239,0.015284793073
9286,-0.00795935236379,-0.00495707463818,-0.0124956741885
9287,-0.00743392957184,-0.00388344846498,-0.00831380086215
9288,-0.00925368114128,-0.0029696690629,-0.0103674468343
9289,-0.00474723363341,-0.00219485343179,0.00457173880516
9290,-0.00220614303358,-0.00405478955197,-0.00362067143791
9291,-0.0171225197129,0.00861512988479,0.00760867046443
9292,0.00428584274424,-0.00612591871383,-0.00463517313882
9293,-0.000404876337094,-0.00551945233715,-0.0169428302432
9294,-0.00284556867629,-0.00306224259983,0.00357921296788
9295,0.000157961145948,-0.00778609105702,-0.00931349561397
9296,-0.00580604178463,0.00773058062654,0.0139612753903
9297,-0.00399075517926,-0.00550106412658,-0.00728286693553
9298,-0.0136539147173,-0.00259859927394,-0.000430896543148
9299,-0.00160718658205,-0.00404991588801,-0.00270661018494
9300,-0.0102205603854,-0.00089775612991,-0.00678883360428
9301,0.00629041210636,-0.0188507132676,-0.0255060355773
9302,-0.00651847327084,-0.00306503617947,-0.0020104650748
9303,-0.00874324291385,0.001588932537,0.00534934275326
9304,-0.00381989418314,0.00227404244336,0.00667446544922
9305,-0.00661868813866,-0.00104082611179,0.00448817587468
9306,-0.0169118383531,0.00474528473342,0.00424952845051
9307,-0.00753977950576,0.0017665204032,-0.00687243775378
9308,-0.0139437753984,0.00255228947388,0.00464414375666
9309,-0.000943099824487,0.00143637705458,0.020339404312
9310,-0.0116486601274,0.00234805398612,0.000878628055962
9311,-0.00619814822677,0.00444626777499,0.0178352190261
9312,-0.00232204172185,-0.00395057018512,-0.00459202058304
9313,0.00524062535337,-0.0131608354264,-0.0121228675412
9314,-0.00883584517694,0.00219600532361,0.0145670925439
9315,0.0055164047955,-0.00784007969137,-0.00910497391533
9316,0.00421297281598,-0.00396059962945,-0.00193973581574
9317,-0.00182240920437,0.000672138389037,-0.0028297166175
9318,-0.010437617774,0.000269327717194,-0.00250279231948
9319,-0.0165517518901,0.00679505714862,0.0111686280339
9320,-0.0082859366261,0.000420432586966,-0.00132722736904
9321,-0.0114712681323,0.00465570053622,0.0117014122199
9322,-0.00471847873925,0.00490962911876,0.00904372178765
9323,0.000610394888897,-0.00388358138472,-0.00349452408884
9324,-0.00493656664088,-0.00237815100707,-0.0112915822123
9325,-0.00768750434038,-0.00332639268917,0.00601723836356
9326,-0.000640473642016,-0.00732144138601,-0.0186373739051
9327,0.000429115918298,-0.00627068420184,-0.0135650823808
9328,0.000233634998449,-0.0113043016983,-0.0179796928819
9329,0.00250740341898,-0.00680179809018,-0.00466661829545
9330,-0.013492159013,0.00845421904584,0.024671396823
9331,-0.00432649258799,-0.000705872590385,0.00516755041178
9332,-0.00250468989739,0.00376482397653,0.0105553545215
9333,-0.00571049080491,0.00390649358032,0.0179309452572
9334,-0.00900525186931,-0.00218005649288,-0.00852421090707
9335,-0.00257793973515,-0.00532662882686,-0.0103114967895
9336,0.0001692593955,-0.000815971243111,0.00563554703372
9337,0.0028729823365,-0.00014941277467,0.00437388284264
9338,-0.011327630628,0.00668889211792,0.00901079077661
9339,-0.0116430744876,0.00416825836769,0.00173106471464
9340,-0.0100660904245,0.00418774642071,-0.00317912726446
9341,-0.00908928992418,0.00472806065319,0.012240587867
9342,-0.00504195903034,0.00332593400738,0.00350467434044
9343,0.00163389954249,-0.00323555018832,0.00810343547461
9344,-0.00749956296788,-0.00305613706052,-0.0040557418235
9345,-0.0114494583163,0.00656050761031,0.00313757084226
9346,0.0018949278752,-0.00641042311592,-0.00497534455064
9347,-0.00940287470113,0.00752233632198,0.0175261590745
9348,-0.00684394159987,-0.000472030866925,-0.0123203102025
9349,-0.00111747549468,-0.00449875551589,-0.00156727657064
9350,0.0035480230216,-0.00365910552995,0.00267078285357
9351,-0.00473028827293,0.00411605334121,0.0144303813578
9352,-0.00191075252396,-0.00169386708995,0.00377645109935
9353,-0.00133556308068,0.00117873107222,0.00211757936821
9354,-0.0106985749587,0.000770819445038,0.00540993960358
9355,-0.00227561669131,-0.00177743305295,-0.000904179612037
9356,0.00873555701572,-0.0109357428319,-0.017009086249
9357,-0.00886878802026,-0.000738485361216,-0.00823861973526
9358,-0.000162103782809,0.00424074801054,0.0116850134896
9359,-0.000161011730058,-0.00745153000392,-0.00889708377298
9360,-0.000968414816752,-0.00768503173307,-0.0166199682867
9361,-0.00434510798128,-0.00386128255427,-0.0074318696575
9362,-0.00500233889849,-0.000317353360697,0.0010230877093
9363,-0.00670049537507,-0.0033579528753,-0.0012001134986
9364,-0.0053401663806,-0.00188801505704,0.000921178801399
9365,-0.00338844230761,-0.00143392725454,0.00441985356366
9366,0.00378979122958,-0.012451570462,-0.029153758498
9367,-0.00661179385216,0.00525532241426,0.00839410348192
9368,-0.00118614601416,0.000185497865698,0.00362168040741
9369,-0.0117154901755,0.00162944958352,-0.00164848360881
9370,-0.00484143262019,0.000572265274001,0.0143989016607
9371,-0.0105724259526,0.00410091890026,0.00509224288408
9372,-0.00418818684429,-0.00380032419436,-0.00797547235736
9373,-0.0074975802111,0.00712268948586,0.0103674346326
9374,-4.55821220087e-05,-0.00391356979403,-0.00173855697259
9375,-0.00828064057775,0.00861382402028,0.0304731323278
9376,-0.00164590812908,-0.00227394601256,0.00208130323125
9377,-0.00722687064892,0.00237016618038,0.00296221348093
9378,-0.0079520708646,0.00497648600902,0.00544835941952
9379,-0.00698264847167,0.00245688204084,0.00286917229321
9380,-0.00778148388367,0.00257840372579,0.0044189305513
9381,-0.00280640828884,0.00203865496133,0.00353870976267
9382,-0.00296465904585,0.00701571262186,0.0125541807197
9383,-0.00119137965486,-0.00466564244513,-0.0042510499467
9384,0.00271563855549,-0.0112315379776,-0.0201740364058
9385,0.0056931355069,-0.00466333427045,0.00150415070539
9386,-0.00729868820234,-0.00301828452149,-0.0132896680945
9387,-0.00442442486006,0.00069562714318,0.0028565273229
9388,-0.0048493300765,-0.00681725398259,-0.0171435757808
9389,-0.0041198451103,3.80952778479e-05,0.00650353100782
9390,-0.00856825309386,-0.00345139259569,-0.0166144083739
9391,-0.00370999193763,0.00107055311116,-0.00595715544974
9392,-0.000284072595285,-0.00110807255519,0.00058863670693
9393,-0.00281720282976,0.00158638486868,0.00495614728194
9394,-0.00486320994817,-0.00195015939874,-0.0043363982139
9395,0.00229173141053,-0.00266149820472,-0.00403208106966
9396,-0.00701052396759,0.00931680539568,0.0190844054613
9397,-0.0148649006329,0.00638663586608,0.0168786658936
9398,-0.00984133715701,-0.000898796728878,-0.00195292530398
9399,-0.00232829300304,-0.0102663879484,-0.0237299326957
9400,0.00111055643101,-0.00554228873317,-0.00620459392183
9401,-0.00186613959154,-0.00399992328996,0.00374546256401
9402,-0.00253680281425,-0.00219529247353,0.00033619965219
9403,-0.00240406298284,-0.00275596943015,-0.0102803892839
9404,-0.00992855477702,0.00459643634721,-0.000274659730848
9405,-0.0065465672112,-0.00549858291039,-0.017207625888
9406,-0.0123282369699,0.0046751245113,0.00628023888246
9407,-0.00609815331068,0.00085111922352,0.0162196852318
9408,0.000716001205632,-0.00733900067884,-0.00593584989218
9409,0.00314752211669,-0.00897326901182,-0.0107704724617
9410,-0.00383798637132,-0.00153567452261,-0.0030014760592
9411,-0.00646077311618,-0.00480250609529,-0.0027461065384
9412,-0.00488333454861,-0.00391053123678,-0.0104016170733
9413,-0.0054577597514,-0.000790437534652,-0.00200665452908
9414,-0.0018854124077,-0.00152494243526,-0.0074391546952
9415,-0.00723389337984,-0.00239518132673,-0.00524209293613
9416,-0.0101433999069,0.00541841172252,0.00715140032197
9417,-0.00469301088978,0.00431444226395,0.015344325972
9418,0.002616662783,-0.0078165046271,-0.00746026185098
9419,-0.000772415060921,-0.00193396830716,-0.000949688073023
9420,-0.0195337810818,0.00557820957767,0.0090044580879
9421,-0.00765902701196,-0.00103328730072,-0.00849065787001
9422,-0.00639709283576,-0.00786326929553,-0.0131992935154
9423,-0.00113228439143,-0.00480822098236,-0.017962446942
9424,-0.00731692505706,8.65531846143e-05,0.00231995973157
9425,-0.00977068319051,-0.00137160378074,0.000248582618277
9426,0.00143003583169,-0.00596978630204,-0.0087462110236
9427,-0.0142810052132,0.00328476645918,0.00750487795237
9428,-0.00142901727492,-0.00333611757445,-0.00538761634638
9429,0.00579158889146,-0.0100129171727,-0.0103084096661
9430,-0.00386909280537,0.00609654332821,0.0195845536969
9431,-0.00702993184448,0.00427094221449,0.00954942433109
9432,-0.0113708807971,0.00834659172229,0.0211728964248
9433,-0.00989210945806,0.00293504467654,0.00340994456621
9434,-0.00657254210204,0.00195878344946,0.00351719078441
9435,-0.0100780522504,0.0034902366139,0.0107124522591
9436,-0.00615863684205,-0.00213730741344,-0.00543542447787
9437,-0.00289657768651,0.00682204609511,0.0279044910185
9438,-0.00566446837407,-0.00593137967821,-0.0206496996945
9439,-0.00820090804306,0.00174720797262,-0.00733722479209
9440,0.00131968398906,-0.0063132319012,-0.0111924486908
9441,-0.00703988998758,0.0021648017756,0.0136827309847
9442,-0.0121540822216,0.00581852696777,0.00781129821626
9443,-0.0108259158454,0.00203517767297,0.00748248028527
9444,-0.00167799719793,-0.00433124119061,-0.0170888838741
9445,0.00301002216737,-1.66152040231e-05,0.00859749830584
9446,-0.00265326415195,0.00485057556103,0.0211672567323
9447,-0.00528095450604,-0.00665571585994,-0.022831782808
9448,0.00153723843056,-0.00201302572487,-0.00241733939855
9449,0.00264446935323,-0.00690953061286,-0.0127543004727
9450,-0.0179184510372,0.00658651055858,0.011473809796
9451,-0.00619536001832,-0.00904473693538,-0.0170305161369
9452,-0.0077422656165,0.00384665096092,-0.000967315921208
9453,0.000337160988303,-0.00492999758145,-0.0124466898798
9454,-0.00564125325881,0.00295530678859,0.00594862355132
9455,0.00221825502416,0.000587723364425,0.0100436479685
9456,-0.00478139553057,0.00205577624104,0.0052966605902
9457,0.00153302530206,-0.00210346135422,-0.000479782788817
9458,0.000187329503905,-0.00813006610769,-0.00349662672575
9459,0.00201322002725,-0.00931904229558,-0.0111367440688
9460,0.00470823503109,-0.0151969545075,-0.0266413445569
9461,-0.00552160123032,0.000599104379988,-0.00113455305605
9462,-0.00111128699175,-0.0037898026271,-0.00654029691937
9463,0.00291470837955,-0.00520051238679,-0.00920153735317
9464,-0.00445235525635,-0.00458120020964,-0.0209513993992
9465,-0.00590549459192,0.00137791625512,0.0121397805143
9466,0.000718086525773,-0.00182024446262,-0.00538806364336
9467,-0.00330239583438,-0.00848224637041,-0.0282424953177
9468,-0.0148149262752,0.00545314564356,0.0127768385253
9469,-0.00261720287476,0.000962484034582,0.0148719650323
9470,-0.0088024477927,0.00165694014667,0.00515989439898
9471,-0.000878929989881,-0.00547814260937,-0.0096827202447
9472,-0.00583415122638,0.00237244472423,0.00892054744544
9473,-0.0146183299533,0.0104293913602,0.0170742402813
9474,-0.00695061183161,-0.00342183366515,-0.0120044693368
9475,-0.00259733034156,-0.00480521058054,-0.0106275096776
9476,-0.00613478527602,0.000707417555814,-0.00395669952963
9477,-0.00483675196209,-0.00518980221627,-0.00981659444065
9478,-0.00270686848883,-0.0067808244719,-0.00201685311591
9479,-0.00394618306914,0.000829034984039,0.00617267078292
9480,-0.00534979173366,-0.00105469935567,8.04960759656e-05
9481,-0.00439447150436,-0.0117849394909,-0.0251764927597
9482,-0.00628298025369,-0.00132884669627,-0.00843796169542
9483,-0.0101211544689,-0.00149678097783,-0.00965754566019
9484,-0.019624181572,0.0109507506316,0.0126306536847
9485,-0.0188647777451,0.00696560638265,0.0114058794101
9486,-0.000578476126498,-0.000380911925588,0.00663459393174
9487,-0.0109252396333,0.0034299460169,0.0132699717601
9488,-0.0113877278161,0.00640646724049,0.0123909836604
9489,-0.00632136079483,0.00131358327588,0.00681994389271
9490,-0.00915605347882,0.00908251051746,0.0181484189356
9491,-0.018514972084,0.00518438610702,0.0187287357819
9492,-0.00493984947553,-5.60748703304e-06,-0.00880797966144
9493,-0.00372265593469,-0.00188867839977,0.00242192716348
9494,0.00588091891927,-0.00639628277869,-0.0076093913428
9495,-0.0093575547864,0.00633378875017,0.00833905430266
9496,-0.0041550266015,-0.00666593724682,-0.0156198618466
9497,-0.00227379411846,0.000697322374079,-0.00634212718747
9498,0.0102123674226,-0.00876806491548,-0.00578935119322
9499,-0.00646562088022,0.00133852733811,0.00102046728154
9500,-0.00506335336738,-0.00285761280629,-0.00916356415576
9501,-0.00118323059186,-0.00545143825713,-0.00853257119752
9502,-0.00716965047579,-0.00361411006008,-0.000542968136397
9503,-0.00423506732022,0.0045051037981,0.0134144669701
9504,-0.00221840163033,-0.00426677600889,0.000366229968356
9505,0.00226342481084,-0.00530421336782,-0.0115403273853
9506,-0.00678020016265,-0.00142204190312,-0.00454920762243
9507,-0.000965471089332,-0.00206911107197,0.0014825707173
9508,-0.00109614223145,-0.00359914334461,6.02207131384e-07
9509,-0.00361601022149,-0.00343475512687,-0.00668647502484
9510,-0.00712740386945,0.000318505908024,0.00667537439635
9511,-0.00305244185612,-0.00110852330729,0.00738159469534
9512,-0.00724186784785,-0.00127146860355,-0.00953901786243
9513,-0.0082572462205,0.000678739549414,-0.00567357986487
9514,-0.00940620883563,0.00785011579481,0.0126915580166
9515,-0.00475619990694,0.00116093585357,-0.00295966739622
9516,0.00123927874504,-0.00886915718067,-0.0110833416791
9517,0.00215966742646,-0.00514083611567,0.00613994309346
9518,-0.0112157383516,0.00577150483473,0.00781939824746
9519,-0.00843608506842,0.00317427673376,0.00108591211636
9520,-0.0115829672067,0.00686834808618,0.0147286954797
9521,-0.0093703604578,0.000213450010374,0.00120062984545
9522,0.00237575772587,-0.00430116608092,0.00320439425312
9523,-0.00302589932041,-0.00610247480327,-0.00942891265502
9524,-0.0090939057186,0.00431178665133,0.0252210098226
9525,-0.00075070364739,-0.00407952414885,-0.00673137118291
9526,-0.00709453382241,0.00461513828547,0.0142921370713
9527,0.000467759576562,-0.00152734972812,0.00755965742654
9528,-0.00516613998054,0.00107086857696,0.00678298187274
9529,0.0035322186068,-0.010209379681,-0.0153517419206
9530,-0.00282178752831,0.00112548763916,0.00410766976877
9531,-0.00379812825673,-0.00116321363966,0.00369018530036
9532,-0.00911196114977,0.00672230505144,0.0120900948352
9533,0.00048104716119,-0.00691414053063,-0.0097380514471
9534,-0.00984716110314,-0.00259851855717,-0.00527071926714
9535,-0.0024215780163,0.000107194214253,0.00132326037091
9536,0.00026317753292,-0.00923563125253,-0.012144483327
9537,-0.0103654618675,0.00499033051717,0.012678854092
9538,-0.00040347666141,-0.00447680086367,-0.00712602515413
9539,-0.00577887550286,0.00172027869862,0.00602995186892
9540,-0.0127092899806,0.00665824532275,0.0152368495572
9541,-0.00441763635826,0.000927772065755,0.00382388592552
9542,-0.0128336669998,0.00491546373142,0.0172287468044
9543,-0.00542419442127,-0.000240191687805,-0.00545453707076
9544,-0.00618882559483,0.00237630590048,0.00608257424661
9545,-0.00884934221146,-0.00180939692686,-0.000201024326006
9546,-0.00568848550552,0.00160686175136,0.00140729101626
9547,-0.00977900692669,-0.000324117475673,0.00261887797881
9548,-0.000577943213217,-0.00293688869758,0.00183205147424
9549,-0.00231872865699,-0.000228504100867,0.00326586008833
9550,-0.00114073367885,0.00247900167454,0.0103545012656
9551,-0.0103084155677,0.00134549666696,-0.00273105371509
9552,-0.00747049418833,-0.00108647331493,1.57237693666e-05
9553,-0.0012006175232,-0.00368451038327,-0.0116194295415
9554,-0.0044752434025,0.00374589380838,0.00393446997077
9555,-0.00301267365998,-0.00169638528189,0.000471567355739
9556,-0.00386878960252,0.000913941988917,0.0140307826182
9557,0.00393892855118,-0.00542585142848,0.00961344814089
9558,-0.0112825596037,0.00861174824093,0.0197920771787
9559,0.00367102756476,-0.00766252865828,-0.0237032615948
9560,-0.00760997655857,0.00426060297247,0.00223132917384
9561,-0.0039099134779,0.00302575876021,0.0104888382319
9562,-0.00557479766256,-0.00481566215256,-0.0138123448324
9563,-0.00847934704413,0.00288689078733,0.00687599723261
9564,-0.0033643099728,-0.00513220138239,-0.00770574423549
9565,-0.0041129829375,-0.00286252088735,0.00131998952849
9566,-0.00814311827251,0.00287139102121,-0.00324680465893
9567,-0.00888520203361,0.0039908814258,0.0088608626265
9568,0.00302915858853,-0.00415431413057,-0.00979103672018
9569,-0.0156483202744,-0.000211220026964,-0.00418422690275
9570,-0.00507702199939,0.000222102093452,0.00163682887746
9571,-0.00403620904564,0.00399891581201,0.0126357578142
9572,-0.00234286162561,-0.00530839153548,-0.0102871194674
9573,0.000197525573077,-0.00302943009675,0.0101494766268
9574,-0.00286029912689,-0.00687611257644,-0.0138595351588
9575,-0.0068440619836,-0.00117793614324,-0.00408156599646
9576,-0.00475545947858,0.00156225305866,0.00920130355992
9577,-0.00847015843455,0.00263379521157,-0.00328575481334
9578,-0.00513660294477,-0.000639052347858,0.00161445200286
9579,-0.00940476517063,-0.00464902205426,-0.0158748795927
9580,-0.0069805105124,-0.00185015397684,-0.0119654291738
9581,-0.0106400468151,0.00213047899796,0.00162519197736
9582,-0.00928429203201,0.00193266752283,0.0126793422465
9583,-0.00303316608107,0.000881107631337,0.00448539118525
9584,-0.00257347255425,-0.00361589287384,-0.00383591359544
9585,-0.00262262404362,-0.00297794848352,-0.0116280148457
9586,-0.0092470009731,0.00605617956272,0.0235084117551
9587,0.00520040922324,-0.00219933327103,-0.00214043070979
9588,0.0025958124895,-0.00894259172066,-0.0149617153303
9589,-0.0124603710558,0.00319320395286,0.0186290983046
9590,-0.0101630062271,-0.00301496893034,-0.00436513866699
9591,-0.00625322559577,-0.0063619982695,-0.0162580305565
9592,-0.013212361715,0.00808520942653,0.0093545318454
9593,0.00152774889499,-0.00644303845223,-0.0161911046819
9594,-0.0137065876355,4.61184448557e-05,-0.00291805052954
9595,-0.00637183937494,-0.00202500328707,-0.0150568470873
9596,-0.0125421980478,0.0105065837076,0.0223263938807
9597,-0.00412343079375,-0.00296494457805,-0.00333905912803
9598,0.00297983980413,-0.00854797241264,-0.0113962192661
9599,-0.00945783087647,0.00195587216426,0.011981728413
9600,-0.00223965724898,-0.00666644263271,-0.00526239177061
9601,-0.0159444829617,0.00662049070548,0.0216824660806
9602,-1.00355902831e-05,-0.00313280606347,-0.00422212480678
9603,-0.00857602121059,0.0019654192217,0.010296387487
9604,-0.0208667369855,0.0113359431139,0.017414187481
9605,-0.00610298990596,0.00524451347143,0.00579104666979
9606,-0.00536829641811,0.0055561085737,0.0121504165445
9607,-0.0041908569665,-0.00449216829126,-0.0119646167046
9608,-0.000409847031445,-0.00148674143767,0.00311008623146
9609,-0.00623042343978,0.00424475001779,0.00858038424163
9610,-0.0141850986941,0.00886351610532,0.010870717018
9611,0.000472418994174,-0.00836605399858,-0.0169419055083
9612,0.0025818155268,-0.00642709064058,-0.00805829276056
9613,-0.00189675008288,0.000540443242439,0.0119825088163
9614,-0.00573405896284,0.00159912206603,0.010068882552
9615,-0.00707027508151,0.00607413764651,0.0121617869613
9616,0.0039533963497,-0.0103721892595,-0.0118081176529
9617,0.00109382221625,0.000871008858979,0.0117711350463
9618,-0.00247560794922,0.00248279527385,0.0132578395438
9619,-0.00769415030613,-0.00147822283885,-0.00322225914422
9620,-0.00352690735333,-0.00504067623326,-0.00877117862986
9621,-0.00420110927837,0.004418361349,0.0110997304586
9622,-0.00987036049624,-1.50565177078e-05,0.0056628143474
9623,-0.00315641813781,-0.000888991712977,-0.00162361911947
9624,-0.00264831703453,-0.00380283517203,-0.0157425213125
9625,-0.00233404452795,-0.00745194716618,-0.0151958335715
9626,-0.0105361392132,0.000263822457177,-0.00161260395289
9627,-0.0037091349612,-0.0047334500852,-0.0081282101561
9628,-0.00220490827548,-0.00535413938141,-0.00963257907836
9629,-0.00124009292588,-0.00156481857889,0.00738305372614
9630,-0.0095365220191,-0.00097831792377,-0.00174484859097
9631,-0.00481258510237,-0.00354375744467,-0.0187658232242
9632,-0.00338930397214,-0.00305206906176,-0.000814660773544
9633,-0.00279825974258,-0.00123074689575,-0.00225862280048
9634,0.000143946520665,-0.00451956372025,-0.00568457840017
9635,-0.00143766406392,-0.00635729131081,-0.00440376866067
9636,-0.0115353277184,0.0031067394781,-0.000193649300621
9637,-0.00539076270933,-0.00343997206787,-0.0081268661192
9638,-0.00557573223494,0.000915130860286,0.00438816278335
9639,-0.0102082526626,0.00249225446989,-0.00351409656038
9640,-0.00231125552481,-6.17468456955e-05,0.00231023713127
9641,0.00480027088616,-0.00792708706471,-0.00302977882453
9642,0.000565245411797,-0.00768077624586,-0.0109244445353
9643,-0.00762422178682,0.00293034662324,0.0156318496885
9644,-0.0148858537319,0.00249036671807,-0.003688718454
9645,-0.00135096880729,-0.00773752303285,-0.00609266556381
9646,-0.00559905983391,-0.00421752165847,-0.00591354158152
9647,-0.00464917236782,-0.00469095720409,-0.0110342255047
9648,-0.00690681218821,-0.000984210802718,-0.00472219370638
9649,-0.0122668173525,0.00370637633575,-0.00175097544926
9650,-0.00280991180015,0.000185880180877,-3.9128948405e-05
9651,-0.00592624817091,-0.00187396512179,-0.00239726985674
9652,-0.00726139981901,-0.00336991102228,-0.0104035076869
9653,-0.00358877438881,0.000386200029832,0.00613330372533
9654,-0.00496500907863,0.000737642623128,0.00586004478656
9655,-0.00286325438247,-0.00212355615175,0.00239461936733
9656,-0.00655943247244,-0.00545568862779,-0.0165922414839
9657,-0.00328064706717,-0.00475360041833,-0.00758967767048
9658,-0.00667677620298,0.00479284248179,0.0137563538382
9659,-0.000828263738546,-0.00912154157898,-0.0106413883418
9660,-0.00811953444483,0.00414426622898,0.0129877038594
9661,-0.000502630127833,-0.00573103306451,-0.0030825226532
9662,0.000724168992576,0.000778184701487,0.00214342583511
9663,-0.00647007368779,-0.0023357607604,-0.00446619307188
9664,-0.00171278680112,-0.00120071097909,-0.00069568563254
9665,-0.00765556321088,0.000406042039938,0.00382468975376
9666,-0.00514441615391,-0.00106347341249,-0.00221920065785
9667,-0.0125509201009,0.00305681797735,0.0130456368954
9668,-0.00718830247399,0.00062906508422,0.00748679481159
9669,-0.00675603286811,0.00222901284327,0.00314271775534
9670,0.00460487963766,-0.00621591359956,-0.00812027470842
9671,-0.0136283219282,0.00373011266714,0.00602190779867
9672,-0.00190624042889,-0.00238612981519,-0.00473504670768
9673,-0.00221536531242,-0.00204923777271,0.00516987984213
9674,-0.00295155258606,0.000671433699188,0.00930031173367
9675,0.0031337380126,-0.00355540322994,0.00827642938799
9676,-0.00533401916602,0.00367449074686,0.0181166987974
9677,-0.00499613776445,0.00555431971156,0.0253698217195
9678,-0.00643672447689,0.00596732128698,0.0156406864549
9679,-0.0094992685207,0.00520878914701,0.00672282129431
9680,0.000400808651311,-0.000823597650482,-0.00187201783072
9681,-0.0110477909022,0.00229869135595,-0.00129712944737
9682,-0.00800909317056,0.00633676741372,0.0139276151326
9683,-0.0109551183414,-0.000344596296524,0.00121477044056
9684,-0.00596778715744,-0.000285092579699,8.74980526034e-05
9685,-0.00930772420467,-0.00358203906083,0.00160351070187
9686,-0.00397331466922,-0.00274021978222,-0.0140188535081
9687,-0.0103895516122,0.000514988127247,-0.00169075076245
9688,-0.00514449592544,0.00454956125059,0.00769297818426
9689,0.00143884974483,-0.00703444814631,-0.00793227000086
9690,-0.00562233248667,-0.00657449495162,-0.018664177169
9691,0.000332504913548,-0.0059874817992,-0.0138486969925
9692,0.00422693114179,-0.0133364576284,-0.0142735421409
9693,-0.00904437113612,-0.0021607058272,-0.00383387853676
9694,-0.00241318017447,-0.00295926323746,-0.0139294114437
9695,-0.00754449570163,0.002369122131,0.00238260552318
9696,0.00224177351673,-0.00417161428655,-0.000605404926521
9697,-0.00664720734824,0.00229021281093,0.00196547730771
9698,-0.00569341701817,-0.00537696742411,-0.0193404902442
9699,0.00590749868224,-0.00412744904935,0.00173540359662
9700,-0.0146558906987,0.00786517343655,0.0112783031732
9701,-0.0060067279714,0.00218279942183,0.00699167778561
9702,-0.00151937268454,-0.00446507628297,-0.00255123621959
9703,-0.00164300159246,-0.00456510136131,-0.00380481663141
9704,-0.00543323724589,-0.00546960316347,-0.00934202338441
9705,0.000339262159262,-0.00354974265719,-0.00134184888119
9706,-0.00941029210377,-0.000801940026528,-0.00416602869049
9707,-0.00724188966491,-0.00339178371053,-0.0131130439331
9708,-0.0078276131944,-0.00504155683357,-0.0153308586035
9709,-0.00169602662916,0.000614818785097,0.0118292568057
9710,-0.0104871433787,0.00348905627532,-0.00415722705447
9711,-0.00197876381726,-0.00543423199114,-0.0128905380251
9712,-0.00813991743782,1.59363961244e-06,-0.000266557905581
9713,-0.0122785017341,0.00901277749967,0.0100823745699
9714,-0.00852454976627,-0.00038464251678,-0.00476274649613
9715,-0.000467443132106,-0.001171852685,0.00483190056133
9716,-0.00711861091393,-7.09074298036e-05,0.00561572898288
9717,-0.00543537702016,0.000530031288569,0.00211497276117
9718,-0.00660551873689,0.000888843672347,-0.00842057433363
9719,-0.00468416276747,0.0060310728977,0.010917169999
9720,-0.00190460688012,0.00447877326189,0.0105504800022
9721,0.0018652765303,-0.00308166035309,0.00567554600305
9722,0.00534225384794,-0.00585513519916,-0.00193430813949
9723,-0.00599892311901,0.00590128347765,0.00684655035847
9724,-0.00837817086168,0.00659061501228,0.0115058139452
9725,-0.00331963395764,-0.00348161560808,-0.00803661505068
9726,0.000370567112299,-0.0077976236339,-0.0029448696684
9727,-0.0039625070851,0.000475532045853,0.00599501504914
9728,-0.00810052570773,0.00235423820357,0.0123286129888
9729,0.00155802216148,-0.0043477984591,-0.00459755183097
9730,-0.00400706064052,0.00299443991288,0.00462844027086
9731,-0.00256400058311,-0.00386330590392,-0.0022742579149
9732,0.000781655075605,-0.00411713957076,-0.00172885167692
9733,-0.00316884351695,-0.00279744250877,-0.00803789236917
9734,-0.00346282847226,0.000672575195217,0.00962217991942
9735,0.0017754470739,1.03299221859e-05,0.0063769632778
9736,-0.0150658143338,0.00440889071782,0.00861611657339
9737,-0.00646912297252,0.00815896672191,0.0112473789976
9738,-0.00258484180146,-0.00100552840457,0.0052482517745
9739,-0.00613306799978,-0.00151388623593,-0.00482452361041
9740,-0.00249703388196,-0.00113458232496,0.00820411817801
9741,-0.00354654658839,0.00150916573111,0.00601096543686
9742,-0.0161268957531,0.00267337743994,0.00456319156424
9743,-0.0032995719355,-0.0060461194737,-0.0166762573253
9744,-0.000199537035177,-0.00227212116964,0.00291152268965
9745,-0.00201784293749,0.00170328536884,0.0042664154303
9746,-0.00254401433021,-0.000883345426701,0.0058988572363
9747,-0.00814268670007,0.00641738371333,0.0050701097431
9748,-0.00450440780753,-0.00261384552631,0.000851724463987
9749,0.00279151148298,-0.00532456123382,-0.00678983789023
9750,-0.0100766907118,0.00112511275945,0.000169505915203
9751,-0.00219402271647,-0.00645913321131,-0.0108327645549
9752,-0.00121520515911,-0.000756748540125,-0.00396332458783
9753,-0.00543751222972,0.00515488717278,0.0148488722351
9754,-0.00521640915474,-0.000476501253783,0.00425366162086
9755,-0.00668152980129,-0.00122425778411,0.0024835000292
9756,0.00402694623059,-0.00256675788347,-0.00956448306296
9757,-0.00169213167749,-0.0025625985818,-0.003412696356
9758,0.00335733831761,-0.00285448515275,0.0102955170365
9759,-0.00325162506278,-0.00688680973839,-0.00817956719359
9760,-0.00909475609857,0.00161567885142,0.00586827395317
9761,-0.000340073024332,-0.00635059912629,-0.0200819224686
9762,-0.00173369559156,-0.00527047277709,-0.00446372798543
9763,-0.00665415045523,0.00335567079316,0.0111932219351
9764,-0.00379794207401,0.00192944658357,0.0057336263747
9765,-0.00913873966025,0.00523152992077,0.0172436213385
9766,-0.00636491840361,0.00752131358209,0.00962600721776
9767,-0.00023998373086,-0.00802837244553,-0.0162531899441
9768,0.000442136248491,-0.00640052389122,-0.010547798829
9769,-0.00803612083631,-0.00158459655154,-0.0153485938888
9770,-0.00320996805537,0.00821212575411,0.0204888020315
9771,-0.00295970324162,-0.00656482143784,-0.00139298661803
9772,-0.0070396707939,0.00186175667222,0.00243025454104
9773,-0.000731821771431,-0.00758646741066,-0.00204866011795
9774,-0.00668079505378,-0.00248199988604,0.00187389945476
9775,-0.00561257654617,0.00255054452496,-0.000188323211486
9776,-0.00795877364736,-3.85759100107e-05,0.00610538319111
9777,-0.00160615307455,-0.000127394468626,0.000868636070093
9778,-0.00538251134639,0.00682958382629,0.0207224167655
9779,-0.00311679119247,-0.00912675847099,-0.0163665293011
9780,-0.0098240895058,0.00754514433708,0.014107233488
9781,-0.00563622844852,0.00308572082432,0.00379719141683
9782,-0.00819627600481,0.00191107441811,0.000808025563885
9783,-0.00815346637563,-0.000396937846799,0.000540001749066
9784,0.00285200155464,-0.0129294801317,-0.0119564761369
9785,-0.0127742488347,0.00286833450278,-0.0054017046117
9786,-0.00495157756547,0.00130512833383,0.00193726795593
9787,-0.01005243886,0.00737353979603,0.0132790245086
9788,-0.00427147828594,0.000701768301985,0.000802796194692
9789,-0.0051719293684,-0.00301599076256,-0.00217431556542
9790,-0.00876620186283,-0.00360739611561,-0.000153512932073
9791,-0.0168285398942,0.00721752952702,0.0143857964598
9792,-0.00445681570285,-0.00343624025708,-0.0181461606693
9793,-0.020179619349,0.0131787604492,0.0278679228857
9794,-0.00453532068283,-0.00100601171962,-0.00392413509523
9795,-0.00610297895876,0.00668690302874,0.0175763575629
9796,-0.0122466044769,0.00397850537673,0.0130660133264
9797,-0.0109528307107,0.00338033424236,0.00869147456637
9798,-0.00348204542016,0.0024208465508,0.00669793358812
9799,0.00204076498495,-0.00997213471799,-0.01695624766
9800,0.00171587960988,2.64351588157e-05,0.0150769025147
9801,-0.00389009680939,-0.00096565569133,-0.00254943757253
9802,0.00301119255038,-0.00574856012492,-0.00324740232215
9803,-0.00383673268863,-0.00576887322768,-0.0119561156037
9804,-0.00649014955357,0.000905890800433,-0.00205918295578
9805,-0.00747685080944,0.000939966902252,0.00339037755249
9806,-0.0103277155734,0.000949632107925,0.00255782843954
9807,-0.000206617422014,-0.0047167073257,0.00077724412432
9808,-0.00757963981743,-0.000511433658199,0.0013701477007
9809,-0.00232289694009,-0.00163551249108,-0.010395820413
9810,0.00547494299687,-0.0115986282689,-0.0166667987678
9811,-0.0057006168127,-0.00428640767209,-0.0191331661973
9812,0.00120443061735,-0.00515112289127,-0.00885742817196
9813,-0.0135383726281,0.00752780208156,0.0163497483185
9814,-0.0036366797182,0.00420551109681,0.00576755129497
9815,-0.00708137103769,-0.00180197399891,-0.00338723702373
9816,-0.00855059449575,-0.00227259894834,-0.0124591068968
9817,-4.16302869757e-05,-0.00122813848819,0.0024692099705
9818,-0.00678756851082,-0.00898184648319,-0.0177020440185
9819,-0.00686683155528,0.00254225348466,0.0062939005861
9820,-0.00569109664044,0.00178266637641,0.0194319029473
9821,-0.000353434439269,-0.00230886349531,0.00151177417076
9822,0.00175546459237,-0.00786412041532,-0.0127811431186
9823,-0.00754397799206,-0.00267517292963,-0.00959079122669
9824,-0.00382688808163,-0.00487445969303,-0.00330989211782
9825,-0.0145650939956,0.00896501002061,0.0235010220694
9826,-0.00181021742486,2.28965352593e-05,0.0121632493937
9827,-0.00149191566952,-0.00125120854053,-0.00224801647525
9828,-0.00300410240911,-0.0106406083866,-0.0210825163679
9829,-0.00337776139873,-0.00677641808728,-0.0190253647485
9830,-0.00102824818365,-0.00681576669386,-0.00236979224617
9831,-0.00484024222279,0.00194451879467,0.00264142977764
9832,-0.00479373132817,-0.00098078375967,-0.00359063454348
9833,-0.0132135382467,0.00598365024861,0.00649339550609
9834,-0.0106704114175,0.00823247930449,0.0220105693184
9835,0.00261902628266,-0.00310409460917,0.00238139743742
9836,-0.00356616648162,-0.00419648915093,-0.00356465699382
9837,-0.00928815255985,0.00155666054899,0.00615886558502
9838,-0.000680360851803,-0.00477601946393,-0.011917063642
9839,0.00341226641283,-0.00632435679338,-0.00546625959729
9840,-0.00348726286265,-0.000210474459499,0.0116986011712
9841,0.00489871318701,-0.00229834168545,0.00724190140683
9842,-0.00928175283846,0.000660639845221,-0.00299233905861
9843,-0.00155489073289,-0.00184937790996,-0.00197123716395
9844,-0.00498688337597,0.0070618971582,0.00926174874067
9845,0.00258167756592,-0.00386036655645,0.00496184724477
9846,-0.0107864262985,0.0065342414275,0.00709044615278
9847,-0.00604847915607,-0.000587651545584,0.00188979032448
9848,-0.00230140078753,0.00262956945762,0.0112523062095
9849,-0.0140185216242,0.00369269209874,0.0054038750132
9850,-0.00616197043534,-0.00614732276549,-0.0152329287001
9851,-0.00774581070776,0.000504804784651,-0.00311737818873
9852,0.00245986824642,-0.00696270853984,-0.00692387594554
9853,0.000792007252936,-0.00560747956168,0.0013710505789
9854,-0.0117820679083,0.00699918485916,0.0103582981554
9855,0.00181549939461,-0.00119163415874,0.00261230798058
9856,-0.0095513816886,0.00187971090273,0.0067902513441
9857,-0.00386761539308,-0.00774294374395,-0.0203167997509
9858,-2.78019028213e-05,-0.00640407350814,-0.00429057305718
9859,-0.00979963559275,0.00339822005087,0.00746527483605
9860,-0.00950560438798,0.00201915621941,-0.00484875296607
9861,-0.00656264780018,-0.000899049496977,0.000127684967844
9862,-0.0109056260774,0.00664838443864,0.017129574557
9863,-0.00342722417638,-0.00165447978302,0.00397040301912
9864,-0.00721315274753,0.00321968181543,0.00937740613067
9865,-0.00740152042958,0.00442132513506,0.0101141872718
9866,-0.00853276630772,0.00036047125136,0.0020070274275
9867,-0.00667965190429,0.00193886436116,0.00904896070989
9868,-0.00450221694644,0.000526856788247,0.00916906187033
9869,-0.00912037445786,0.00474770144275,0.0101735617033
9870,-0.0117422077808,0.00440267875868,0.00320253513423
9871,0.00381516765759,-0.00525608727924,-0.00239500981474
9872,-0.00667193279572,0.0029702723715,0.0105259629765
9873,0.000491281992732,-0.00195200757303,0.00215981377988
9874,-0.00327925048084,-0.000371882547968,0.00728962406224
9875,-0.0045637466428,-0.000179753950646,-0.0016218921974
9876,-0.00594738040681,-0.00211279086976,0.000876755597674
9877,-0.00323283278929,-0.00137111326144,-0.00691646447593
9878,-0.00830763231318,-0.00570310372543,-0.00497438213144
9879,-0.0183716334077,0.00553593235962,0.0044057887969
9880,0.00147148495556,-0.00482928801582,-0.00582459462902
9881,-0.0109302329654,0.0024268249204,0.0082977749734
9882,0.000471931889864,-0.00503903529359,-0.0111250020325
9883,-0.0105911346584,-0.00269892801021,-0.00930174636294
9884,-0.00784007977781,0.00336209392602,0.00547997994255
9885,-0.000485857844435,0.00515751541334,0.0135278669758
9886,-0.0106692687663,0.00950328347229,0.030397728937
9887,-0.001397258789,-0.00382242605272,0.00270404159809
9888,-0.00720188946245,0.00200682636097,0.00842938694213
9889,-0.000322146846454,-0.00832733910977,-0.0148085459047
9890,-0.0144276568005,0.0129929365265,0.0327058554191
9891,0.00547419880324,-0.00724986472885,-0.00931699675637
9892,0.00327266860491,-0.00699794116374,-0.00869170249334
9893,-0.00695126223988,-0.00686595986983,-0.0195866735407
9894,-0.00318117646715,-0.000647651483162,-0.00484389104325
9895,-0.000195030576451,-0.00369653598477,0.000904897924596
9896,-0.000784510622824,-0.00760934800701,-0.00967969647323
9897,-0.00521151517823,-0.00243334197162,-0.00218376660119
9898,-0.00820062341998,-0.00437098038169,-0.00929607188171
9899,-0.0102034070874,-0.00304757441458,-0.0158592615972
9900,-0.0066206273869,-0.00112984593819,0.00524665768399
9901,-0.013911843981,0.00382264255232,-0.00581672126292
9902,-0.00243185368297,-0.00109923467247,-0.00641880295446
9903,-0.00643729051834,-0.00275683024161,-0.00199129889054
9904,0.00366701369505,-0.00435633317862,-0.0026957630309
9905,-0.00475860737816,-0.00604576133772,-0.0114212293094
9906,0.00251935896571,-0.00535792527899,-0.00391248137802
9907,-0.00508891768309,-0.0054383398109,-0.00404768101452
9908,-0.0052932606318,-0.0108108733429,-0.0214679847836
9909,-0.000194609253069,-0.00672801056269,-0.0101312485395
9910,0.00478587995997,-0.00546734388189,-0.00566527502929
9911,-0.013863239528,0.00348123922931,0.00632512992264
9912,-0.00878938660224,0.00967885019965,0.0163961537489
9913,-0.00604306098041,0.00289892851235,0.00253439437376
9914,-0.000140680013443,-0.00523997416428,-0.00945964856322
9915,0.00140631709022,-0.00175747553032,0.00722909054216
9916,-0.0089595020875,-9.34329423083e-05,-0.00325704496826
9917,-0.00595337787845,0.00352839545924,0.0157334610316
9918,-0.00551905472205,-0.0075815893291,-0.0129983826848
9919,-0.00864090113782,0.00413274322096,0.00712899863785
9920,-0.00757423108729,-0.00547396987477,-0.00923988915758
9921,0.00531904468418,-0.0160508909205,-0.0276909391061
9922,0.00310028902088,-0.00634586623069,-0.00169118196271
9923,-0.00576178182011,-0.00172696477576,-0.00373337460844
9924,-0.00269581081431,-0.000996568863557,-8.12282901641e-05
9925,0.00140623440411,-0.00279581234786,0.000237344203322
9926,-0.00430116854254,-0.000627126663379,0.00673909482109
9927,0.00191488263678,-0.00467375477503,0.00255634157268
9928,-0.00576798144134,0.00149426202471,0.00635102483556
9929,-0.00269321878379,-0.00271533162016,-0.0116303251517
9930,0.00113705978639,-0.00512297703079,-0.0057408479444
9931,-0.00260780708231,-0.00326341100218,-0.00626562643992
9932,-0.000649701791949,-0.00527768724871,2.3411356612e-05
9933,-0.00217219593522,-0.00197798537853,-0.0108181002207
9934,-0.0150835541818,0.00619054381593,0.00508717555221
9935,-0.0117412493692,0.00757076770223,0.0109963580189
9936,-0.00465919426896,-0.0032688909096,-0.0114782180714
9937,-0.00735851934297,0.00365816070867,0.00195020555241
9938,-0.00728847854384,0.00415221409432,0.0129829248143
9939,-0.00831025892253,0.00137227589326,0.000937039663101
9940,-0.00430603443919,-0.00482054143806,-0.0100656306143
9941,-0.00448168719162,-0.00499396569903,-0.00713989513277
9942,-0.00118219601588,-0.00262084850864,-0.00240185937093
9943,-0.00778750069995,0.00160977625104,0.00360462070986
9944,-0.0116202499861,0.00327561807793,0.00136101137542
9945,-0.00470184161687,0.00111827237465,0.00463763417246
9946,-0.0136655055499,0.00838519325086,0.0198593411643
9947,-0.00914111299937,0.00147505168377,0.00999955050286
9948,-0.00762659192972,-0.00225947839591,-0.00939275603009
9949,-0.0043185596385,-0.00233306782571,0.000167191578594
9950,-0.000629065901885,-0.00252978123182,0.00632407710105
9951,-0.00058908096235,-0.00201989882542,0.00356335465146
9952,-0.0118426166573,-0.000757090477075,-0.00139885839649
9953,0.00315946686177,-0.00952054200961,-0.00302942150274
9954,-0.000302645610272,-0.00203350165561,-0.00357016255318
9955,0.000375062758212,-0.00424909492845,-0.00855444564572
9956,-0.00735831814387,0.000523733006827,0.000870403087888
9957,-0.00454648341722,-0.00396420461293,-0.0028891841901
9958,-0.0101967001946,0.000939088001083,-0.00168737865588
9959,0.000791621384451,-0.00697181180562,-0.00999690716129
9960,-0.00809172875459,-0.00076593579802,0.0014752805953
9961,-0.00312835769091,0.000176404035759,-0.00280448421778
9962,-0.010992620029,0.00986382571337,0.0213373382108
9963,-0.00460650114334,0.00340088578262,0.00707488243767
9964,-0.00195379818992,-0.000401078070909,-4.31210608015e-05
9965,-0.00191005859827,-0.00491470626638,-0.0122257331872
9966,-0.00282690273076,0.000153524103805,-0.00384172589016
9967,-0.0029161711912,-0.00213786578484,0.00787277760456
9968,-0.00858516335789,0.00479387617804,0.00351276235874
9969,0.00232429055695,-0.00776811155876,-0.00741753847426
9970,-0.0120340715308,0.00140600857987,-0.00414751401876
9971,-0.0115272795128,0.00153161367433,0.000202291869717
9972,-0.00555675191019,-0.00528161583788,-0.016348468946
9973,-0.00223627474505,0.00467919488355,0.0087018971431
9974,0.00763008321275,-0.0163750550887,-0.0269761156237
9975,-0.00576923180245,0.000502340253746,0.00361426194453
9976,-0.00956601165299,0.00132950543895,0.00752446176304
9977,-0.00531567864575,0.00195696664321,0.0137547528088
9978,1.91782636449e-05,-0.00194755161612,0.0123901210422
9979,-0.0125159522523,0.00918621381268,0.0258100274899
9980,0.000411249133923,-0.000745107171627,0.00108658752963
9981,-0.0140498094249,0.00472834924665,0.00456811437126
9982,-0.00659794951959,-0.00059703675215,0.00740553759737
9983,-0.00569991406096,0.00356516164465,0.0225387050388
9984,-0.0083810410057,-0.00144047236848,-0.0077497440431
9985,-0.00238971638454,-0.00374066042615,0.00331827724957
9986,-0.00492710857936,0.0061178142925,0.0221905275321
9987,-0.00762610283458,0.00315525427456,-0.000872992131831
9988,-0.000219796999748,0.00131991479781,0.0136858584365
9989,-0.00643278700744,-0.00235318177082,-0.00400802150195
9990,-0.00817202686288,0.000520753681036,0.00301342173923
9991,-0.00674941264623,0.00261954522998,0.00413028689048
9992,0.00596713587783,-0.00765143556905,-0.00689716863451
9993,-0.00354275537294,-2.99715647525e-05,0.00905027382647
9994,0.00318682075883,-0.00543851108431,-0.0128006557306
9995,-0.0053457834671,-0.000881634077252,-0.00109876551107
9996,-0.00231928733704,0.000879813032406,0.0045322753809
9997,-0.000713487010515,-0.00712054522719,-0.0130755044202
9998,-0.00809596509754,0.00476948303315,0.010694752535
9999,-0.00202269285689,0.00176441863349,0.00788618508335
