candidate,draw,task_c_macro_f1_delta,task_c_brier_delta,task_a_t10_balanced_accuracy_delta,task_a_t10_brier_delta
m3_discounted,0,-0.01234095493,0.002956529829,-0.1749471459,0.02250212993
m3_discounted,1,-0.02794758503,0.002861884319,-0.1589673913,-0.0003943467305
m3_discounted,2,-0.03302905902,0.00126465771,-0.1731182796,0.0002521756749
m3_discounted,3,0.006495415378,-0.002984772191,-0.1838709677,-0.005917665436
m3_discounted,4,-0.004801924919,-0.005734785586,-0.1073369565,-0.01018206376
m3_discounted,5,-0.03053463343,0.002666063553,-0.1698369565,0.006971377169
m3_discounted,6,-0.01229722541,-0.001146299999,-0.04318181818,-0.008402975465
m3_discounted,7,-0.01197344131,0.003905224537,-0.1494565217,-0.003845150335
m3_discounted,8,-0.03036779445,-0.000788200406,-0.1726190476,0.01667489944
m3_discounted,9,-0.01354143385,0.0001702066873,-0.1325145443,0.001796382532
m3_discounted,10,-0.02803947936,0.00673684512,-0.1405919662,-0.01838837634
m3_discounted,11,-0.02265319808,-0.003757862353,-0.1644501279,0.01686390769
m3_discounted,12,-0.02780393685,0.001109608665,-0.1182065217,-0.004346526514
m3_discounted,13,0.0006439968434,0.0001788475116,-0.2486413043,-0.001214518578
m3_discounted,14,-0.02927102496,0.007458416485,-0.1968325792,0.006547632611
m3_discounted,15,-0.0006428264363,0.0008742189585,-0.1344086022,-0.0005800507216
m3_discounted,16,0.008729986691,-0.005240624864,-0.1674208145,-0.002235260297
m3_discounted,17,-0.02824699719,-0.002853610218,-0.2159090909,0.01798039351
m3_discounted,18,-0.0122629835,-0.0002948880242,-0.1485933504,0.002542080561
m3_discounted,19,-0.02726265065,0.005217596627,-0.2317388494,0.001128182447
m3_discounted,20,-0.01513404289,-0.005996455213,-0.03869047619,-0.01065772323
m3_discounted,21,-0.0490720572,0.00472339338,-0.1657608696,0.009496008577
m3_discounted,22,0.002347757974,-0.006220958795,-0.1333333333,0.0004682994487
m3_discounted,23,-0.01503698104,-0.00199226137,-0.00752688172,-0.03824966745
m3_discounted,24,-0.0128902535,8.246823431e-06,-0.2491071429,0.05035800108
m3_discounted,25,-0.009754251014,-0.000869739389,-0.2294500296,0.01929870533
m3_discounted,26,-0.03618168472,0.004888827334,-0.2093596059,0.02532911736
m3_discounted,27,-0.04223895464,0.003014202384,-0.1300211416,0.00818648901
m3_discounted,28,-0.00952613709,-0.007889923517,-0.0858662614,-0.01010845183
m3_discounted,29,-0.02183594057,-0.003696097244,-0.1224127735,1.291144897e-05
m3_discounted,30,-0.0284052856,0.0009811071816,-0.2129032258,-0.01249610756
m3_discounted,31,-0.0449572597,0.006503465749,-0.1473820297,-0.009788356114
m3_discounted,32,-0.004988603493,-0.003055732083,-0.2364130435,-0.01646918728
m3_discounted,33,-0.01538919112,0.003053811295,-0.1956989247,-0.01634413315
m3_discounted,34,-0.01173188175,-0.005440252917,-0.06416321703,-0.01941960631
m3_discounted,35,-0.01524556215,0.001563335761,-0.06819650937,-0.01762289043
m3_discounted,36,-0.004150084196,-0.006844072447,-0.09239130435,-0.0109467708
m3_discounted,37,-0.001152331985,-0.00596199318,-0.2772727273,0.02810214506
m3_discounted,38,-0.004603582082,-0.006316386006,-0.144499179,0.02365436139
m3_discounted,39,-0.04219391716,0.00137999155,-0.1548913043,-0.003339988384
m3_discounted,40,-0.002553497142,-0.001395301861,-0.1795698925,-0.00994435458
m3_discounted,41,-0.04487267924,0.01352382237,-0.0338280227,0.01596986629
m3_discounted,42,0.002033117882,-0.005048230354,-0.1306990881,-0.01384895308
m3_discounted,43,-0.008680227304,-0.001595207874,-0.1712550607,-0.01830090513
m3_discounted,44,-0.01626485293,0.0001886508204,-0.2277777778,0.007014077699
m3_discounted,45,-0.004925971978,-0.004970535554,-0.1987718164,-0.01749300576
m3_discounted,46,-0.01803074043,-0.001042878574,-0.1823708207,-0.0007281695116
m3_discounted,47,-0.005688612954,0.0008636236655,-0.1738636364,0.003402219504
m3_discounted,48,-0.006197428004,-0.008572289604,-0.1829545455,0.01371739295
m3_discounted,49,-0.02276430797,0.009572024552,-0.1715909091,0.01636869444
m3_discounted,50,-0.0122639562,-0.002464539426,-0.1,-0.0238608638
m3_discounted,51,0.00826279233,-0.00207003252,-0.1674208145,-0.0005784013082
m3_discounted,52,-0.01634946789,0.002616432301,-0.08695652174,-0.02431424266
m3_discounted,53,-0.01054159699,-0.0003195108805,-0.1654170572,-0.02449196584
m3_discounted,54,-0.01348575467,-0.002266705416,-0.2040816327,-0.0113751219
m3_discounted,55,0.003978129634,-0.0004352717055,-0.1564318035,-0.0177049732
m3_discounted,56,-0.01137459846,-0.002587595014,-0.2320295983,0.01758632133
m3_discounted,57,-0.02668716617,0.004503343707,-0.09688013136,0.01023062991
m3_discounted,58,-0.02055784006,0.003657670347,-0.1880544057,0.007912387319
m3_discounted,59,-0.0216846318,0.004512797665,-0.146656535,-0.007161999337
m3_discounted,60,-0.004636091589,-0.00210869585,-0.1754756871,0.01078455103
m3_discounted,61,-0.03710489461,-0.001701132598,-0.1681818182,-0.004395046126
m3_discounted,62,-0.03821438343,0.002976694268,-0.2614807873,-0.006445816064
m3_discounted,63,-0.01915929554,-0.005531949763,-0.1502463054,0.003667796457
m3_discounted,64,-0.002618115877,0.002423449638,-0.05027173913,-0.003485957647
m3_discounted,65,-0.03513111926,0.004427028682,-0.1858435682,-3.927141899e-05
m3_discounted,66,-0.04188311283,0.008795018204,-0.1073329391,0.01713425885
m3_discounted,67,-0.0003003493015,-0.006046163304,-0.08337595908,0.0005070692116
m3_discounted,68,-0.007453543784,0.0007813752264,-0.1055555556,0.0006030273772
m3_discounted,69,-0.003631314775,-0.003834960397,-0.1698369565,0.005948882545
m3_discounted,70,-0.02204034906,-0.0006659551455,-0.07159090909,-0.007334148098
m3_discounted,71,-0.01410022143,-0.002779610987,-0.3199088146,0.00328253155
m3_discounted,72,-0.004002040408,0.003676512977,-0.09760827408,-0.01601880846
m3_discounted,73,-0.005165572176,-0.006425409376,-0.1862803075,0.000219079546
m3_discounted,74,-0.02116238285,0.001291875508,-0.04008097166,-0.034464186
m3_discounted,75,-0.0362083966,0.001358525898,-0.1191815857,0.0008885087214
m3_discounted,76,-0.008351374948,-0.00702844169,-0.1318181818,-0.01248743398
m3_discounted,77,-0.007712048181,-0.0009396526254,-0.2290322581,-0.01513527773
m3_discounted,78,-0.02399850081,-0.0008099891144,-0.1561206387,0.005877535463
m3_discounted,79,-0.01807853994,-0.004641930763,-0.2271255061,-0.02451540318
m3_discounted,80,0.002061256708,-0.009498335945,-0.3582995951,-0.003389552892
m3_discounted,81,-0.02524238479,-0.001991220344,-0.197865353,0.006977034462
m3_discounted,82,-0.00166810444,-0.005560146845,-0.2215909091,0.02306578358
m3_discounted,83,-0.02231126217,0.003342138946,-0.05698924731,-0.02276626233
m3_discounted,84,-0.01617899176,-0.005373500856,-0.1294559099,0.01942381523
m3_discounted,85,0.01403580825,-0.006876649964,-0.09318181818,-0.007889582144
m3_discounted,86,-0.01657291228,0.003975763693,-0.223832052,0.00418969155
m3_discounted,87,-0.02271456495,-0.003339105312,-0.2537993921,0.003215983521
m3_discounted,88,-0.01451837018,-0.003246846881,-0.1017149616,0.001164680189
m3_discounted,89,-0.0171119348,-0.006297149051,-0.1625615764,0.002884521296
m3_discounted,90,-0.008185049917,-0.0006390414634,-0.1083743842,0.01395906618
m3_discounted,91,-0.007861375657,-0.0003106966266,-0.1129032258,-0.008565257903
m3_discounted,92,0.008461865699,-0.005982075947,-0.1712004731,0.001924964094
m3_discounted,93,-0.003236403254,-0.0003342739485,-0.232388664,-0.01045434304
m3_discounted,94,0.0194210023,-0.006292578658,-0.2907608696,0.01583484737
m3_discounted,95,-0.02054834825,0.004512474938,-0.2414322251,0.04757734337
m3_discounted,96,-0.02618479126,0.004446099606,-0.2916666667,-0.006367011861
m3_discounted,97,-0.02482025952,0.005143125111,-0.09211376858,-0.02172910345
m3_discounted,98,-0.01205073292,-0.009521962328,-0.146656535,-0.0107394461
m3_discounted,99,-0.001890811118,-0.002348737373,-0.1927083333,-0.00721312912
m3_discounted,100,0.0064921567,-0.007292130004,-0.21875,-0.02437585898
m3_discounted,101,0.01902177943,-0.01186587846,-0.1102272727,0.001768957772
m3_discounted,102,-0.0167389847,0.001671448785,-0.1344086022,-0.005911532586
m3_discounted,103,-0.01445873011,0.004192864223,-0.1698369565,-0.01237765277
m3_discounted,104,-0.02344529306,0.003974153091,-0.1555555556,-0.0143692929
m3_discounted,105,-0.01728840444,-0.001627657564,-0.0557544757,-0.002660346043
m3_discounted,106,-0.0423784127,0.004074107574,-0.1142857143,-0.02854011515
m3_discounted,107,-0.0006962042458,-0.0002817459026,-0.1181818182,0.004254371208
m3_discounted,108,-0.01242999101,-0.004342871106,-0.06275303644,-0.02603339598
m3_discounted,109,-0.006930875846,-0.00362753721,-0.2111111111,-0.002424214271
m3_discounted,110,-0.01779751458,-0.003942325841,-0.3206521739,-8.718964693e-05
m3_discounted,111,-0.01314685216,-0.003461344019,-0.1938618926,0.02214278601
m3_discounted,112,0.0008040820659,-0.007196704739,-0.07369101487,-0.01656962322
m3_discounted,113,0.0008278168853,-0.006072690281,-0.2166666667,0.01059303516
m3_discounted,114,-0.02780266439,-0.001624811257,-0.1111111111,-0.007481950466
m3_discounted,115,-0.00125286283,-0.002854719156,-0.1021505376,-0.03183567155
m3_discounted,116,-0.01445368972,6.073487368e-05,-0.05,-0.02864891966
m3_discounted,117,-0.004850619366,-0.001477689357,-0.1696617336,0.02125530319
m3_discounted,118,-0.01516440518,-0.001567278702,-0.1770833333,-0.002964808398
m3_discounted,119,-0.03114825372,0.007488361941,-0.1516129032,-0.007840299559
m3_discounted,120,0.006224233429,-0.0007879560548,-0.2314901593,-0.01201198951
m3_discounted,121,-0.01653288579,5.380284254e-05,-0.2331691297,0.02454410758
m3_discounted,122,-0.01071331954,-0.003788475252,-0.06819650937,-0.01431712855
m3_discounted,123,-0.004069870523,0.001603355656,-0.09609698403,-0.00328371424
m3_discounted,124,0.00917613821,-0.01019260261,-0.1333333333,-0.004497799367
m3_discounted,125,0.01198748189,-0.00221330224,-0.1913978495,-0.02975038711
m3_discounted,126,-0.02429737006,-0.0002048791962,-0.2024456522,-0.006639612367
m3_discounted,127,-0.01979621942,0.001240421273,-0.09335038363,0.005556138039
m3_discounted,128,-0.02333334481,0.001726314288,-0.1833333333,0.003475751667
m3_discounted,129,-0.03070194776,0.001477152006,-0.04483695652,-0.004091466446
m3_discounted,130,-0.01050956877,0.002760695167,-0.1623655914,-0.02537409395
m3_discounted,131,-0.03330579171,0.00309315259,-0.08279124778,0.01507582869
m3_discounted,132,-0.01524345205,0.004574931207,-0.2219277108,0.0365600876
m3_discounted,133,-0.02670996454,0.002762120205,-0.1818181818,-0.01351571491
m3_discounted,134,-0.01314536637,-0.007176890387,-0.03607332939,-0.009974655868
m3_discounted,135,0.00272112246,-0.001661961934,-0.09609698403,-0.01035757679
m3_discounted,136,-0.009021592546,0.003689658147,-0.1876899696,-0.01371647317
m3_discounted,137,-0.01199392707,-0.002580392212,-0.1298048492,0.005108412801
m3_discounted,138,-0.03519240067,-0.001300842644,-0.235483871,-0.01121923156
m3_discounted,139,-0.02525912041,0.007020805236,-0.04139562389,-0.004513055739
m3_discounted,140,-0.0116614881,-0.001166817567,-0.17291532,0.009469363104
m3_discounted,141,0.02908170073,-0.004836754608,-0.2055555556,-0.003236421966
m3_discounted,142,-0.006508053228,-0.001320334155,-0.1353065539,-0.007241513655
m3_discounted,143,0.01323803806,-0.007189061154,-0.1666666667,-0.007237628047
m3_discounted,144,-0.04898214322,0.009112271674,-0.2378419453,-0.002623929358
m3_discounted,145,-0.008350305552,7.634323148e-06,-0.1824364281,0.001042077866
m3_discounted,146,-0.008839780699,-0.002332367059,-0.08855850032,-0.01174007145
m3_discounted,147,-0.01025983708,0.0003828555832,-0.09047900651,-0.001489773113
m3_discounted,148,-0.01218018493,-0.0008006457453,-0.1510673235,0.008209157372
m3_discounted,149,0.0219633445,-0.009351538799,-0.1944444444,0.003405587034
m3_discounted,150,-0.01163599842,-0.003512272098,-0.1454427925,-0.01474171228
m3_discounted,151,-0.02535922989,-0.003722549302,-0.06111111111,-0.01299295992
m3_discounted,152,0.00636010186,-0.009993769913,-0.08906882591,-0.0104838212
m3_discounted,153,-0.01797049366,-0.006243308061,-0.1625,-0.006992981056
m3_discounted,154,-0.03299887806,0.01028845585,-0.09068825911,-0.01989360431
m3_discounted,155,-0.02204686693,0.00152442461,-0.1901241869,8.34492672e-05
m3_discounted,156,-0.01673685566,0.002847798108,-0.1833333333,-0.0161960752
m3_discounted,157,-0.0243095268,0.001072764547,-0.1130952381,0.009747844644
m3_discounted,158,-0.001674047147,-0.003631185264,-0.1589673913,-0.03023157477
m3_discounted,159,-0.01066546481,0.001283212565,-0.1111111111,-0.004512078441
m3_discounted,160,-0.008608150567,-0.004356677355,-0.06031933767,-0.008449818878
m3_discounted,161,-0.0102461072,0.002380490416,-0.1496247655,0.01869205373
m3_discounted,162,-0.01232285871,0.002956528999,-0.2125,0.03828532469
m3_discounted,163,-0.00274780547,0.001724409601,-0.150937298,-0.01371994646
m3_discounted,164,-0.01506694354,-0.003006666301,-0.1852272727,0.007413842658
m3_discounted,165,-0.01197038125,-0.0005448768784,-0.1712550607,0.01166114313
m3_discounted,166,-0.02359289631,0.001300462287,-0.1855500821,0.01742789734
m3_discounted,167,-0.01391352749,0.003638661444,-0.1599870718,0.01373061436
m3_discounted,168,-0.02024852001,0.003423521667,-0.01827956989,-0.0165152925
m3_discounted,169,-0.03637797664,0.004237666203,-0.1585623679,0.01390542963
m3_discounted,170,-0.03518568241,-0.0008725275699,-0.2152553329,0.006067580646
m3_discounted,171,0.002291775005,-0.002409087039,-0.1242071882,0.00257389632
m3_discounted,172,-0.02612223859,-0.005487403867,-0.21875,-0.008260948492
m3_discounted,173,-0.02983874112,0.007975704409,-0.08152173913,-0.01118407252
m3_discounted,174,0.003263452113,-0.004918843514,-0.09569892473,-0.005303859981
m3_discounted,175,-0.01018247454,-0.003178747842,-0.2484802432,0.001358782286
m3_discounted,176,-0.00270940491,0.0001425757148,-0.1444444444,0.003236545134
m3_discounted,177,-0.0212671521,0.001421874125,-0.2295454545,0.0161656521
m3_discounted,178,-0.02085727039,0.003164188857,-0.1031027796,-0.009959475832
m3_discounted,179,-0.01291276641,0.0002233699153,-0.1494565217,-0.0001823499366
m3_discounted,180,-0.01530595193,-0.002042462808,-0.2127659574,-0.002314987881
m3_discounted,181,0.007859072068,-0.004154103095,-0.1508903468,0.003237368366
m3_discounted,182,-0.02676800647,-0.0006654976516,-0.1380090498,0.001251383732
m3_discounted,183,0.004380742238,-0.003477542882,-0.2129032258,-0.005271792442
m3_discounted,184,-0.01533041259,-0.005026594141,-0.1711956522,0.007545768861
m3_discounted,185,0.02270607885,-0.01540554603,-0.1344086022,-0.006367681217
m3_discounted,186,-0.01826328021,-0.002052798068,-0.132183908,0.01052476693
m3_discounted,187,-0.03034240662,-0.005941053392,0.02003878474,-0.02997859282
m3_discounted,188,-0.002566418056,0.005683360306,-0.1333333333,0.002181733127
m3_discounted,189,-0.003246923724,0.001076619322,-0.1462365591,-0.007765582895
m3_discounted,190,-0.02333025899,-0.007508784642,-0.2301075269,0.0009098039441
m3_discounted,191,0.001245525706,-0.00188284897,-0.2069781195,0.004647383833
m3_discounted,192,0.007156897813,-0.009436054327,-0.2542283298,0.02074327748
m3_discounted,193,-0.03757469872,0.004355615284,-0.1045454545,-0.01379185376
m3_discounted,194,-0.003923711201,0.004444131891,-0.05927051672,-0.002509179386
m3_discounted,195,-0.01396147569,0.0004834761133,-0.1374296435,0.02244858024
m3_discounted,196,-0.02795545012,0.004401518386,-0.1675,-0.01966009478
m3_discounted,197,-0.01602578853,-0.003221769741,-0.3002717391,-0.0002352221578
m3_discounted,198,-0.03120082468,0.005352470203,-0.1693600517,-0.01764067993
m3_discounted,199,-0.005960039737,0.0004767564783,-0.304048583,0.003535067771
m3_discounted,200,-0.009448039674,0.002499893146,-0.1688172043,-0.007553293008
m3_discounted,201,-0.01353303401,0.005344593236,-0.1698369565,-0.0002287887445
m3_discounted,202,-0.03722194255,0.007361770625,-0.2181818182,-0.004312389923
m3_discounted,203,0.01046558159,-0.003631227966,-0.2020460358,0.01670870786
m3_discounted,204,-0.008011592262,0.0004174962077,-0.2333333333,0.01305812985
m3_discounted,205,-0.03979030499,0.003797962809,-0.09444444444,-0.02189826717
m3_discounted,206,-0.01536643059,0.007957706266,-0.1855500821,0.01102839236
m3_discounted,207,-0.03630378881,0.002506163711,-0.2827380952,0.03904535288
m3_discounted,208,-0.01657416605,0.0002171819609,-0.1145833333,-0.01928393504
m3_discounted,209,-0.008737706855,0.004780225842,-0.01785714286,-0.009902703276
m3_discounted,210,0.006735569197,-0.007515791713,-0.1683087028,0.01242881417
m3_discounted,211,-0.01431254062,0.0003520788349,-0.2317388494,0.0004603578549
m3_discounted,212,-0.03072114681,0.006504372368,-0.1755952381,0.01686210616
m3_discounted,213,-0.002547307766,-0.001319658708,-0.215,-0.02210201843
m3_discounted,214,-0.0314004262,0.005457323942,-0.1277777778,0.000668301061
m3_discounted,215,-0.07269853778,0.005574803291,-0.08101714962,0.0003555819317
m3_discounted,216,-0.001460138937,-0.003204885976,-0.1256157635,0.01987300967
m3_discounted,217,-0.01755704471,-0.005036637949,-0.04621848739,-0.01731967605
m3_discounted,218,-0.01630481391,0.002589694965,-0.1086956522,0.0007841696352
m3_discounted,219,-0.03338890093,-0.002091621839,-0.1270200388,-0.02322788517
m3_discounted,220,0.004192600632,-0.007867766991,-0.129076087,-0.006863882089
m3_discounted,221,-0.02931573574,-0.009387858092,-0.1160310278,-0.01071309856
m3_discounted,222,-0.02130748248,0.004699834403,-0.08855850032,-0.02856604815
m3_discounted,223,0.01449560032,-0.00901797734,-0.140625,-0.01499895434
m3_discounted,224,-0.03510639914,0.007045564988,-0.1200607903,-0.01564434968
m3_discounted,225,-0.007726118769,-0.0004698177563,-0.1798029557,0.01482516789
m3_discounted,226,-0.0002544605425,-0.009483919138,-0.2031342401,0.007763463916
m3_discounted,227,-0.004430058213,-0.004913966198,-0.2234042553,-0.003765635092
m3_discounted,228,-0.005872643131,-0.004275740129,-0.2159277504,0.01577931861
m3_discounted,229,0.01353383943,-0.002604552995,-0.1085972851,0.01090151748
m3_discounted,230,-0.02082410244,0.005433938314,-0.1125792812,0.00862713
m3_discounted,231,-0.01072562364,-0.003365848265,-0.1448846836,-0.007127372635
m3_discounted,232,-0.02941397019,0.004789920088,-0.1623655914,-0.001827760379
m3_discounted,233,-0.005732252051,-0.004263473109,-0.1516129032,-0.01167439614
m3_discounted,234,0.01177289562,-0.003569050469,-0.1852272727,0.004412482558
m3_discounted,235,-0.005732995434,0.003546288713,-0.1956521739,-0.02668564257
m3_discounted,236,-0.0239545663,-0.002489285108,-0.1398809524,0.01517596946
m3_discounted,237,-0.03842918561,0.006620722092,-0.1858435682,0.0035350434
m3_discounted,238,-0.01532713835,-7.385795839e-05,-0.2166666667,0.02143517227
m3_discounted,239,-0.0301291209,0.00280751544,-0.06990881459,-0.01065798899
m3_discounted,240,-0.01483975653,-0.002221619957,-0.1166666667,-0.008979655339
m3_discounted,241,-0.03543457225,0.003188258276,-0.1268542199,0.01331027356
m3_discounted,242,-0.0251000872,-0.0008885854225,-0.1105365223,-0.01316969612
m3_discounted,243,-0.01734858051,0.005250781978,-0.1091070373,-0.0005834707181
m3_discounted,244,-0.02130519811,0.004552816727,-0.2102272727,0.008426213663
m3_discounted,245,-0.03520602983,0.002985123837,-0.1991902834,0.002523032229
m3_discounted,246,-0.006793807866,0.002226587109,-0.0652173913,-0.01532018482
m3_discounted,247,-0.02309586544,0.0002991684423,-0.1149425287,0.01893133451
m3_discounted,248,0.01946477011,-0.009090924494,-0.1469344609,0.003040548022
m3_discounted,249,-0.03911477442,0.002711483437,-0.07924305145,-0.001755632661
m3_discounted,250,0.0001563256515,-0.002582496678,-0.1715909091,-0.003554284
m3_discounted,251,-0.005788668594,-0.00118676514,-0.2055555556,-0.006372392226
m3_discounted,252,-0.01360462138,0.001522077013,-0.1666666667,0.03697286208
m3_discounted,253,-0.02532007762,0.01002252819,-0.09512652296,-0.01847512656
m3_discounted,254,-0.01348446583,0.0005550162526,-0.146656535,-0.01945827954
m3_discounted,255,-0.01859300875,-0.002889210494,-0.09017453135,-0.005035868396
m3_discounted,256,-0.01638913938,0.004825311491,-0.0978313253,0.007833040473
m3_discounted,257,0.02435692161,-0.01584793033,-0.1426630435,-0.01979526951
m3_discounted,258,-0.04683883957,0.007586107592,-0.1902173913,-0.01861694004
m3_discounted,259,-0.03112949911,0.003712264426,-0.2045454545,0.01798534929
m3_discounted,260,-0.01860427889,-0.001878322358,-0.1516129032,-0.006216818275
m3_discounted,261,-0.01982869688,0.002441244711,-0.02779573368,-0.01371200681
m3_discounted,262,0.006629506033,-0.00621861196,-0.1711956522,0.001000730495
m3_discounted,263,-0.01567426815,0.004298334869,-0.1168797954,0.003069557415
m3_discounted,264,-0.04281937763,0.01181594942,-0.1067653277,-0.003432122629
m3_discounted,265,-0.02086507706,0.004178087586,-0.1117408907,-0.00522099262
m3_discounted,266,-0.02896326233,0.005152211627,-0.1031027796,-0.0071247617
m3_discounted,267,-0.02669392705,-0.003753312481,-0.1820971867,0.01803850124
m3_discounted,268,-0.006083705238,-0.00175351143,-0.2034883721,0.01340155607
m3_discounted,269,-0.03213790431,-0.006026156117,-0.1224127735,-0.00453020463
m3_discounted,270,-0.01548697487,0.00259890964,-0.1458333333,0.01881029941
m3_discounted,271,-0.03322621859,0.001313073105,-0.1920716113,0.02592091964
m3_discounted,272,-0.007855725607,-0.002269548356,-0.2023270847,0.009738540893
m3_discounted,273,-0.01032494121,-0.003146488084,-0.1428571429,0.01323918461
m3_discounted,274,-0.0003583208857,-0.005448096048,-0.2531969309,0.02296070545
m3_discounted,275,-0.01693366297,0.0007043975459,-0.1457357076,-0.0162229714
m3_discounted,276,-0.04337990569,0.008170202226,-0.1053571429,0.01958033443
m3_discounted,277,0.005887974398,-0.00256962358,-0.1056231003,-0.01708247486
m3_discounted,278,-0.00932998231,-0.004904653574,-0.1301075269,-0.0166906585
m3_discounted,279,-0.03410044013,0.005061666954,-0.1026272578,0.007757238913
m3_discounted,280,0.002315834869,-0.00278726194,-0.1438554217,0.007900127912
m3_discounted,281,-0.008944635559,-0.006052882587,-0.1739130435,-0.009293577207
m3_discounted,282,-0.01871691319,0.003583692635,-0.1717325228,0.003267819278
m3_discounted,283,-0.02409140261,0.003762569867,-0.1693877551,-0.003177957866
m3_discounted,284,-0.02506117503,-0.002172302636,-0.05,0.002888164866
m3_discounted,285,-0.01410901908,-0.005566235695,-0.1579545455,0.01199460784
m3_discounted,286,-0.01781393882,0.002061616549,-0.04891304348,-0.04451732404
m3_discounted,287,-0.01474410752,-0.005543681706,-0.1988636364,0.001406302121
m3_discounted,288,-0.006639015847,0.001026814365,-0.1502463054,0.009035614174
m3_discounted,289,-0.02353953074,-0.0003127488592,-0.1777777778,0.005429182719
m3_discounted,290,-0.007811349891,-0.001620886853,-0.2873563218,0.01241522229
m3_discounted,291,0.01698233338,-0.006629863235,-0.1547619048,0.003809698765
m3_discounted,292,-0.01894308131,0.005263680305,-0.07608695652,-0.01602410214
m3_discounted,293,0.009977083515,-0.004342658524,-0.04451733833,-0.03064430486
m3_discounted,294,-0.01371721754,-0.00310230603,-0.1392667061,0.0124133223
m3_discounted,295,-0.04524657091,0.006738055562,-0.1833333333,0.002024600082
m3_discounted,296,-0.0110501755,0.002455309699,-0.2569892473,0.003361443295
m3_discounted,297,-0.02172621748,0.001447329785,-0.2209302326,0.02333316716
m3_discounted,298,-0.02038782114,0.00256921935,-0.160326087,-0.007528829451
m3_discounted,299,-0.03120186329,0.003989478105,-0.1781376518,-0.009433267389
m3_discounted,300,-0.03412201583,0.003865529508,-0.2446633826,0.02087353803
m3_discounted,301,-0.009162879973,0.002624163954,-0.1674208145,0.001010963039
m3_discounted,302,-0.006496808976,-0.004185505034,-0.1880544057,0.01454801511
m3_discounted,303,-0.01254968203,-0.004430690317,-0.1876899696,-0.007122110466
m3_discounted,304,-0.03273931602,9.459331411e-05,-0.1360182371,-0.02139548072
m3_discounted,305,-0.01094187387,-0.004801001215,-0.1222826087,-0.00839867355
m3_discounted,306,0.008617472396,-0.00929741644,-0.2182795699,-0.006049699794
m3_discounted,307,-0.02624824991,-0.0005091730238,-0.1852272727,0.001937386612
m3_discounted,308,-0.03012341677,0.007706628265,-0.05161290323,-0.01419052402
m3_discounted,309,-0.006960995102,-0.004976667837,-0.08494623656,-0.01581869593
m3_discounted,310,-0.001019705172,-0.004323412267,-0.1879795396,0.03118291504
m3_discounted,311,-0.02734873242,0.0008524159869,-0.04987212276,-0.01431774263
m3_discounted,312,-0.01347014152,0.002777906059,-0.2271255061,-0.009775414531
m3_discounted,313,0.003652804606,0.002559762141,-0.2262443439,0.005950030655
m3_discounted,314,-0.02335733193,0.001642674008,-0.2333333333,-0.009002108936
m3_discounted,315,0.0005410049707,-0.01053916375,-0.1651785714,0.0424147913
m3_discounted,316,-0.01219188402,-0.0008444510272,-0.2277777778,0.01021662516
m3_discounted,317,-0.0188690861,0.000586680872,-0.159964518,0.01004315442
m3_discounted,318,-0.00196835194,-0.005101147265,-0.1238636364,0.009737788104
m3_discounted,319,-0.01254609055,-0.005947816587,-0.06929347826,-0.02029085983
m3_discounted,320,-0.003768566335,-0.004536162207,-0.2188106012,0.007555852011
m3_discounted,321,-0.03325540555,0.006274945389,-0.2690217391,0.005494001973
m3_discounted,322,-0.003823517102,-0.001311617962,-0.03010752688,-0.03399478788
m3_discounted,323,0.00583009611,-0.006134543306,-0.09118541033,-0.001616579569
m3_discounted,324,-0.02700279863,-0.002256836599,-0.255765819,0.02013961986
m3_discounted,325,-0.004022788574,0.0001884126094,-0.2718072289,0.01121453274
m3_discounted,326,-0.0237125724,-0.006569747769,-0.1863711002,0.004187991039
m3_discounted,327,-0.03529646735,0.006783229897,-0.07956989247,-0.0228907904
m3_discounted,328,-0.01865924106,0.001639764814,-0.1354166667,-0.01455338702
m3_discounted,329,-0.02355587868,-0.004071439705,-0.1673565937,0.02004515923
m3_discounted,330,-0.007653737093,0.002032718909,-0.1,-0.01332503187
m3_discounted,331,0.002911703702,-0.002134664799,-0.1888888889,-0.01321582755
m3_discounted,332,0.002039395963,-0.008192904794,-0.2102272727,0.01042003328
m3_discounted,333,-0.004110184625,-0.001289755311,-0.09566596195,0.004098370753
m3_discounted,334,-0.0313160208,-0.003731768318,-0.1740558292,0.01733658489
m3_discounted,335,-0.02572169165,0.01107000331,-0.06666666667,0.007215064609
m3_discounted,336,-0.02092780758,0.004815780734,-0.1559934319,0.01310480713
m3_discounted,337,-0.01359017249,-0.001635712082,-0.1222222222,-0.01182888247
m3_discounted,338,-0.01354684198,0.00242500325,-0.08522727273,0.009238959121
m3_discounted,339,-0.01975972576,-0.002706633887,-0.1555555556,0.01193273223
m3_discounted,340,-0.02010681931,-0.001797582447,-0.08522727273,-0.0001884848415
m3_discounted,341,-0.01737033656,-0.0006747336357,-0.1212121212,-0.02734875279
m3_discounted,342,-0.0206504647,-0.0002657007212,-0.09498480243,-0.01478077398
m3_discounted,343,-0.004480093293,-0.001396389659,-0.1505026611,-0.003869387804
m3_discounted,344,0.004670890021,0.0001368601267,-0.09226190476,-0.001562258766
m3_discounted,345,-0.03291669644,0.001568417341,-0.123655914,-0.00344727083
m3_discounted,346,0.001634172552,-0.004805083744,-0.1183932347,0.003536756743
m3_discounted,347,-0.02001324797,0.0009348805838,-0.2125,0.007016078402
m3_discounted,348,-0.01191330179,0.0008516358201,-0.06157635468,-0.005857768467
m3_discounted,349,-0.01562811547,0.00370841075,-0.08746803069,-0.01625522524
m3_discounted,350,0.007528835059,-0.00101022787,-0.1504559271,-0.003165598381
m3_discounted,351,-0.0254169873,0.004563058956,-0.1902173913,-0.0140302192
m3_discounted,352,0.005147583449,-0.007656574401,-0.1717325228,-0.01448746767
m3_discounted,353,-0.001487790403,-0.003290442127,-0.1329545455,-0.001820947403
m3_discounted,354,-0.008059275025,0.003007605182,-0.06578947368,0.02873542675
m3_discounted,355,-0.02003210098,0.007272227128,-0.1913380737,-0.003683380893
m3_discounted,356,-0.01908521719,0.005853394959,-0.2222222222,0.002479542749
m3_discounted,357,-0.001781515004,-0.001520159252,-0.1489980608,0.002735063372
m3_discounted,358,-0.01157651779,-0.006311898288,-0.125,-0.02142516399
m3_discounted,359,-0.004460015093,-0.0003023276072,-0.1379310345,0.01751539539
m3_discounted,360,-0.01592276125,0.001274601582,-0.1251171509,-0.01658184722
m3_discounted,361,-0.0250426913,0.006242894262,-0.2346938776,-0.01589782389
m3_discounted,362,-0.02058643139,-0.0003339405605,-0.09335038363,-0.01401554769
m3_discounted,363,-0.01427586858,-0.0009742492969,-0.1040816327,-0.01861147754
m3_discounted,364,-0.03790369177,0.002372448643,-0.04648625055,0.007635994411
m3_discounted,365,-0.04439500081,0.007548796299,-0.1807610994,0.01939226367
m3_discounted,366,-0.03172111356,0.0007190146882,-0.3,0.00798666098
m3_discounted,367,-0.008688190284,0.00321286182,-0.2388888889,0.0069681723
m3_discounted,368,-0.005753947054,-0.006831354903,-0.09954751131,-0.0269836107
m3_discounted,369,-0.0143454736,-0.002239095567,-0.1068181818,0.005789079662
m3_discounted,370,-0.0203259489,0.006651383447,-0.06666666667,-0.01330653584
m3_discounted,371,-0.02663421244,0.002229464806,-0.1722222222,0.01364827494
m3_discounted,372,-0.0126578402,0.001911135447,-0.1344984802,-0.02728538404
m3_discounted,373,-0.006470603582,-0.007587624913,-0.2519219397,0.02685243783
m3_discounted,374,-0.0265295196,0.001720306634,-0.06275303644,-0.0210566703
m3_discounted,375,-0.02325109129,0.001047192482,-0.1149425287,0.009110645786
m3_discounted,376,-0.01490371772,-0.0001312695785,-0.0896656535,-0.03143558485
m3_discounted,377,-0.006844597311,-0.001804155954,-0.2079283887,0.004569221733
m3_discounted,378,0.001054935067,-0.005838535941,-0.1075268817,-0.007531205968
m3_discounted,379,0.000498906185,-0.009290292164,-0.1833333333,-0.007344911958
m3_discounted,380,-0.003860296434,-0.009742376369,-0.197044335,0.01763161278
m3_discounted,381,-0.02206435611,0.006355541759,-0.2222222222,0.002751352463
m3_discounted,382,-0.0127366636,0.0001038344534,-0.1494565217,-0.001588288803
m3_discounted,383,-0.0316262982,0.0006976781839,-0.2021276596,-0.02028270995
m3_discounted,384,-0.0289314556,-0.0007725589323,-0.1454427925,-0.002110867555
m3_discounted,385,-0.01805119689,-0.004695218057,-0.1555555556,-0.007351086637
m3_discounted,386,-0.009162615869,-0.001376586936,-0.1435035553,0.009062454801
m3_discounted,387,-0.02571202432,0.0005847557815,-0.1808809747,-0.01979473419
m3_discounted,388,-0.01612430357,-0.003308173449,-0.1696617336,0.01435647334
m3_discounted,389,-0.03786263594,0.004464603617,-0.1544757033,0.003452581676
m3_discounted,390,-0.03240406577,5.649034413e-05,-0.2377717391,0.01177949355
m3_discounted,391,-0.008918197483,-0.004630685576,-0.1505026611,-0.001236172172
m3_discounted,392,-0.02570405693,0.006008466071,-0.140625,-0.02329140861
m3_discounted,393,-0.01370627659,-0.003382059177,-0.1543465405,0.006101694983
m3_discounted,394,-0.0066105857,-0.007631622175,-0.1642857143,0.02234019282
m3_discounted,395,0.010607869,-0.005589989245,-0.2218623482,-0.009301971249
m3_discounted,396,-0.04131698237,0.00603260839,-0.1614583333,-0.02572653107
m3_discounted,397,-0.02827574145,0.001302321169,-0.2204502814,0.02813312739
m3_discounted,398,-0.02616807104,-0.003632587043,-0.1270200388,0.0009662878975
m3_discounted,399,-0.01959970734,-0.002377437244,-0.06157635468,-0.006294935345
m3_discounted,400,0.007706495279,-0.002266095554,-0.1610942249,-0.001132292169
m3_discounted,401,-0.02162399012,0.003887948978,-0.08695652174,-0.006838088948
m3_discounted,402,-0.02739689974,0.003635976053,-0.1677419355,-0.01130165352
m3_discounted,403,-0.02884664451,0.003877067428,-0.1675,-0.01495719917
m3_discounted,404,-0.01713179727,0.005729637985,-0.2550607287,-0.005588306401
m3_discounted,405,-0.03234264266,0.002681371039,-0.1301075269,-0.02561870584
m3_discounted,406,-0.004423474466,-0.0008573906208,-0.2042663219,0.0003556238265
m3_discounted,407,-0.02047425453,0.0001657288082,-0.25,0.006540101578
m3_discounted,408,-0.01078437651,-0.0008157517566,-0.1451612903,-0.007041057256
m3_discounted,409,-0.03066238376,0.002157636842,-0.09659090909,0.02032632632
m3_discounted,410,0.004530049898,-0.009597582097,-0.203125,-0.01402549771
m3_discounted,411,0.01886288598,-0.00733621788,-0.1768184506,0.01179218191
m3_discounted,412,-0.00160636186,-0.005752096778,-0.1833333333,-0.007804101469
m3_discounted,413,-0.0187370959,0.001355368688,-0.1887755102,-0.0395772834
m3_discounted,414,-0.04104790108,0.002395704146,-0.1833333333,0.002276100737
m3_discounted,415,-0.02124636309,0.006415165423,-0.1185688941,-0.005177617737
m3_discounted,416,-0.04284995561,0.005700159887,-0.1386189258,0.003676128451
m3_discounted,417,-0.006568822646,-0.005291385735,-0.1516129032,-0.004516067934
m3_discounted,418,-0.01878753092,0.0008944695738,-0.08494623656,-0.03893464417
m3_discounted,419,-0.03081674167,0.0001059328382,-0.1770833333,-0.01978693215
m3_discounted,420,-0.01377629567,-0.003557602006,-0.1129509166,0.01381737028
m3_discounted,421,-0.04195351872,-0.0009735081155,-0.06270200388,-0.0007769364752
m3_discounted,422,0.01009304877,-0.0007917249188,-0.2087522176,0.01849640086
m3_discounted,423,0.01232535999,-0.01302253654,-0.2159090909,0.0121920133
m3_discounted,424,-0.01234155508,-0.001741797917,-0.1306990881,-0.01955539454
m3_discounted,425,-0.0240817146,0.002302395816,-0.1740558292,0.01466091269
m3_discounted,426,-0.01315782608,-0.004416445996,-0.1191369606,-0.003345156959
m3_discounted,427,-0.04954483229,0.00978079428,-0.07327935223,-0.02726364567
m3_discounted,428,-0.02671160925,0.001474167403,-0.1655824956,0.01489704464
m3_discounted,429,-0.048274946,0.002296557976,-0.1295454545,-0.01215979499
m3_discounted,430,-0.005919806923,-0.008412794175,-0.1073369565,8.880844259e-05
m3_discounted,431,-0.00831236973,-0.003727497977,-0.1344086022,-0.004042935819
m3_discounted,432,-0.03250422708,0.001306258258,-0.150937298,0.000155084636
m3_discounted,433,-0.006620020191,-0.002361997961,-0.2127659574,-0.001094665661
m3_discounted,434,0.01185225356,-0.007938114038,-0.2271255061,-0.01124299714
m3_discounted,435,-0.0009688205473,-0.000180641357,-0.1182795699,-0.01147241767
m3_discounted,436,0.005290962233,-0.001378457364,-0.06458966565,-0.02375963055
m3_discounted,437,-0.01220677417,-0.0001820580509,-0.1795918367,-0.02352878094
m3_discounted,438,-0.00483630526,-0.003945254506,-0.1731182796,-0.008918778314
m3_discounted,439,-0.01569219019,0.004699030468,-0.0910326087,-0.009488252417
m3_discounted,440,-0.02355630292,-0.004213797552,-0.191898285,0.001098644537
m3_discounted,441,-0.04671173117,0.0006765744413,-0.2527173913,0.003580489031
m3_discounted,442,-0.017326622,0.004020341543,-0.2166666667,0.01915889972
m3_discounted,443,-0.01925285786,-0.00318678366,-0.1852272727,-0.008666966581
m3_discounted,444,-0.0106117647,-0.00157178769,-0.1449392713,-0.02190976796
m3_discounted,445,-0.02128879863,-0.002291938109,-0.1717325228,-0.0141563555
m3_discounted,446,-0.00879907547,0.003561722736,-0.1806239737,0.01847645973
m3_discounted,447,-0.001178339826,-0.004739388476,-0.1968085106,-0.008480686376
m3_discounted,448,-0.0228345746,-0.0004169752223,-0.2127659574,-0.009125397728
m3_discounted,449,-0.02072642356,0.009288904884,-0.06114130435,-0.02456357971
m3_discounted,450,-0.01158667081,-0.006044146891,-0.08925831202,0.007701104729
m3_discounted,451,-0.02322745245,0.001384988102,-0.1732522796,0.009501814086
m3_discounted,452,-0.01107168844,0.002171434855,-0.2119565217,0.006110682324
m3_discounted,453,-0.01138285704,0.001016710601,-0.1345108696,0.001384109982
m3_discounted,454,-0.01841529446,-0.00584916278,-0.2397849462,-0.006092307179
m3_discounted,455,-0.02931000621,-0.003079027588,-0.159964518,-0.009779102751
m3_discounted,456,-0.02403429759,0.0007440635825,-0.1262626263,-0.01898298006
m3_discounted,457,-0.02629599684,0.002801515344,-0.1564318035,-0.0008356034205
m3_discounted,458,-0.01642621589,-0.003554335983,-0.1380090498,-0.001172818016
m3_discounted,459,-0.008306493532,-0.001928882532,-0.1914893617,-0.004470323392
m3_discounted,460,0.002197616837,-0.000571129449,-0.1519756839,-0.01890751914
m3_discounted,461,-0.01087738378,-0.0006406201808,-0.1238636364,-0.003998731932
m3_discounted,462,-0.03816760058,0.001813625737,-0.159964518,-0.008739649917
m3_discounted,463,-0.008097504906,-0.00184960092,-0.128030751,-0.01018503897
m3_discounted,464,-0.02085693648,0.005692593906,-0.2331691297,0.01109704853
m3_discounted,465,-0.01224097744,0.000820188086,-0.0688172043,-0.0242930828
m3_discounted,466,0.005788896634,-0.017298724,-0.1944444444,0.001086163507
m3_discounted,467,-0.02753004609,0.003868789223,-0.1888888889,0.0140510876
m3_discounted,468,0.01210241606,-0.01268646812,-0.15,-0.008865688514
m3_discounted,469,0.02338936403,-0.006853017834,-0.1444444444,0.00474047316
m3_discounted,470,-0.03037593431,-0.0002426736986,-0.1555555556,0.01059757454
m3_discounted,471,0.00864806535,-0.004591584328,-0.141337386,-0.002336265576
m3_discounted,472,-0.01500222665,-0.001775120909,-0.09688013136,0.0008833396062
m3_discounted,473,-0.02816070299,0.01021628209,-0.2451612903,0.004419789539
m3_discounted,474,-0.005407730698,0.003852812124,-0.1010230179,-0.0006352669811
m3_discounted,475,-0.0117938894,0.0009933173715,-0.1181818182,-0.004000763254
m3_discounted,476,-0.02060104344,-0.0005145157513,-0.141337386,-0.01992647763
m3_discounted,477,0.001951848378,-0.002467485143,-0.1580338266,0.01369021402
m3_discounted,478,-0.0240321613,0.007242837714,-0.1185688941,0.008321120571
m3_discounted,479,-0.01810854384,-0.001679258472,-0.1183932347,0.004017929729
m3_discounted,480,-0.02518388417,-0.001879880383,-0.2692939245,0.01973630184
m3_discounted,481,-0.02017995312,-0.002592137454,-0.09113300493,0.02539744409
m3_discounted,482,0.0006171821061,-0.007467541795,-0.1625615764,0.006868584864
m3_discounted,483,-0.00864063742,0.0004640806371,-0.09760827408,-0.01388748455
m3_discounted,484,-0.002841555996,-0.004922998611,-0.1125,-0.0007775401989
m3_discounted,485,-0.02037570993,0.007292002147,-0.167611336,-0.01376965143
m3_discounted,486,0.005617620069,-0.01131594294,-0.2182795699,-0.02345573085
m3_discounted,487,-0.03430124517,0.003424909165,-0.161926309,-0.002326064973
m3_discounted,488,-0.0232799599,0.002898044671,-0.1149425287,-0.01605821138
m3_discounted,489,-0.02504985667,0.000821055087,-0.2064516129,-0.005708446362
m3_discounted,490,-0.01346082687,-0.0003086456337,-0.1129509166,-0.01570933901
m3_discounted,491,-0.03060333864,-0.004864619625,-0.1181818182,-0.01792447923
m3_discounted,492,-0.009960217709,-0.0009747402251,-0.1790123457,0.02497267685
m3_discounted,493,-0.003710603174,-0.002877716449,-0.1034890597,-0.002270664599
m3_discounted,494,-0.03895590597,0.005605821077,-0.2572890026,0.02228371284
m3_discounted,495,0.008075711722,-0.00725741309,-0.1560449859,-0.01425811785
m3_discounted,496,-0.02747540082,0.004584678962,-0.07966260544,-0.024575479
m3_discounted,497,0.0009702069794,-0.003317449353,-0.1698369565,-0.008923802509
m3_discounted,498,0.003999163897,0.001989877796,-0.191898285,0.01298629593
m3_discounted,499,-0.01093134286,0.002641406445,-0.2238636364,0.01527412037
m3_discounted,500,-0.02175691856,0.003580247817,-0.1494565217,0.007393214226
m3_discounted,501,-0.005242522699,-0.004699873803,-0.2578313253,0.0388189212
m3_discounted,502,-0.002072318217,-0.008035680568,-0.2332939089,0.01072098307
m3_discounted,503,-0.009506526481,-0.002339185121,-0.07369101487,-0.003726128734
m3_discounted,504,-0.01898071994,-0.004190495838,-0.1888888889,-0.01143703704
m3_discounted,505,-0.03723239471,0.007443707676,-0.1380090498,-0.00982551454
m3_discounted,506,-0.02043308093,0.002314852827,-0.2388888889,0.002550310047
m3_discounted,507,-0.01837258973,0.001717223121,-0.1125,-0.0005019740078
m3_discounted,508,-0.04066967287,-0.001340062795,-0.1829545455,0.02915880431
m3_discounted,509,-0.008262000831,0.002647676643,-0.3842921784,0.004838690733
m3_discounted,510,-0.01426397319,-0.0001747104556,-0.09113300493,-0.01257696631
m3_discounted,511,0.01084236952,-0.007781809054,-0.2127659574,-0.008679824696
m3_discounted,512,0.001609518692,-0.004841995152,-0.2614807873,-0.01441106193
m3_discounted,513,-0.03983107946,0.005591244671,-0.212596097,-0.001523933127
m3_discounted,514,0.01233599654,-0.003787973437,-0.1094224924,-0.02926523018
m3_discounted,515,-0.01220370485,-0.002002709021,-0.1623655914,0.0120680963
m3_discounted,516,-0.01713834263,-0.002834984216,-0.1465909091,0.007160335107
m3_discounted,517,-0.002321560113,-0.006620922376,-0.1956989247,0.0002780061772
m3_discounted,518,0.01005763411,-0.00770133672,-0.1591836735,-0.01946098042
m3_discounted,519,-0.04593051958,0.007858085033,-0.2451612903,0.004133542389
m3_discounted,520,-0.007575043088,0.002109765367,-0.0987654321,0.02870986806
m3_discounted,521,0.01448437522,-0.005520933044,-0.1625,0.019486554
m3_discounted,522,0.004792597599,-0.007387977993,-0.1777777778,0.002229925059
m3_discounted,523,-0.006509764662,0.001783368103,-0.1833333333,0.007172114624
m3_discounted,524,-0.01159754179,-0.003617951035,-0.1182795699,-0.009029728141
m3_discounted,525,-0.00488103544,0.0007419095141,-0.05111018014,0.01700168691
m3_discounted,526,-0.02905420094,0.002479500753,-0.2344086022,0.003925100812
m3_discounted,527,0.01061730855,-0.001356268901,-0.1674208145,0.01076263145
m3_discounted,528,-0.0149836733,0.00177205166,-0.1698795181,0.02236537574
m3_discounted,529,-0.007894777018,-0.007459019879,-0.181547619,0.008330836191
m3_discounted,530,-0.01195549808,0.002225632901,-0.0652173913,-0.008136693858
m3_discounted,531,-0.03386772246,0.004540830924,-0.1913580247,0.04814222154
m3_discounted,532,-0.01924606887,0.001804137582,-0.2378435518,0.01433188125
m3_discounted,533,-0.01320388705,0.002734260801,-0.1938618926,0.02423333275
m3_discounted,534,-0.008708473572,-0.001199281858,-0.1185688941,-0.00461534605
m3_discounted,535,-0.007828465716,0.001421534319,-0.1970108696,0.006450245601
m3_discounted,536,0.01103692266,-0.00551323449,-0.1440217391,-0.006446906998
m3_discounted,537,-0.01091580325,0.0005909136431,-0.2239583333,-0.0007653739927
m3_discounted,538,-0.002878897143,0.002174045666,-0.1091070373,0.003802223612
m3_discounted,539,-0.009019081119,-0.007416071039,-0.171875,-0.01682507113
m3_discounted,540,-0.01845281215,-0.003361215429,-0.1215255333,-0.003804577253
m3_discounted,541,-0.01527826473,-0.002894227984,-0.2469135802,0.04409483706
m3_discounted,542,-0.02401272201,-0.003391911774,-0.0960591133,-0.001691152907
m3_discounted,543,-0.009214578451,-0.00262448099,-0.191576087,0.006993448917
m3_discounted,544,-0.001236009381,-0.005376823617,-0.07777777778,-0.006288764182
m3_discounted,545,0.002012467174,-0.006127372944,-0.1920716113,0.01610003958
m3_discounted,546,0.01023952295,-0.005494626375,-0.2377717391,-0.004140445602
m3_discounted,547,-0.01623492342,-0.003346935377,-0.1589673913,-0.010089162
m3_discounted,548,-0.01358600686,0.0007892191411,-0.1762148338,0.01117300436
m3_discounted,549,-0.005603302702,0.0002413015639,-0.2031342401,0.01117679638
m3_discounted,550,-0.004502000348,-0.002910637872,-0.1604938272,0.02054995793
m3_discounted,551,-0.0001542284665,-0.0008940531665,-0.08494623656,-0.01975566406
m3_discounted,552,0.003391787713,-0.001064865101,-0.09464285714,0.02933872342
m3_discounted,553,-0.003079386667,-0.00169547154,-0.2013601419,-0.005815894086
m3_discounted,554,-0.02030004037,-0.001884666595,-0.144499179,-0.0007344651757
m3_discounted,555,-0.03439652141,0.002648043641,-0.1397727273,-0.005451122196
m3_discounted,556,-0.03543675124,-0.0003775063659,-0.1242071882,0.01122581964
m3_discounted,557,-0.006638128544,-0.002097879483,-0.01827956989,-0.02832047863
m3_discounted,558,0.0119257219,-0.004010939857,-0.09139784946,-0.005217841731
m3_discounted,559,0.009903742098,0.0009802917942,-0.1149425287,0.0008464365624
m3_discounted,560,-0.02309355851,0.001706395186,-0.02604166667,-0.01606014557
m3_discounted,561,-0.004870708967,-0.002602646012,-0.2010752688,0.01231063539
m3_discounted,562,-0.0006069905051,-0.007402631444,-0.1548913043,-0.01691779697
m3_discounted,563,-0.007750450768,0.005702194288,-0.1091954023,0.009910280105
m3_discounted,564,-0.01970714156,0.0002216746004,-0.0652173913,-0.01764906197
m3_discounted,565,-0.04318247259,0.005404691983,-0.09090909091,0.002571087947
m3_discounted,566,0.009339965152,-0.0139180847,-0.1379310345,0.002037851156
m3_discounted,567,-0.002257579176,-0.006595150525,-0.1182065217,-0.0121923738
m3_discounted,568,-0.002869906738,-0.008683612115,-0.1038554217,0.01374574949
m3_discounted,569,-0.007677225983,-0.0004712523783,-0.08,-0.02733741787
m3_discounted,570,-0.05452634402,0.0106534206,-0.1820971867,0.008497148433
m3_discounted,571,0.01797457185,-0.005455364565,-0.1777777778,-0.004008422478
m3_discounted,572,-0.02764530788,0.001864018593,-0.06131078224,0.005453043945
m3_discounted,573,-0.005464194457,-0.001397295839,-0.09566596195,-0.005037864727
m3_discounted,574,-0.02798631446,0.001543212143,-0.1464059197,-0.01192479992
m3_discounted,575,-0.03134807479,0.00114988691,-0.09566596195,0.02404522366
m3_discounted,576,-0.03332273983,0.001122324679,-0.2522727273,0.02236121758
m3_discounted,577,-0.0181012468,-0.009356695384,-0.07608695652,-0.01070178545
m3_discounted,578,-0.009303453956,0.0004890893883,-0.02429149798,-0.0282853794
m3_discounted,579,-0.01163807907,-0.005029236151,-0.1727272727,-0.001497386696
m3_discounted,580,-0.02858103871,0.003351262423,-0.1353065539,0.01806301924
m3_discounted,581,0.01406741207,-0.003069696091,-0.1655824956,0.008512548843
m3_discounted,582,-0.02902113772,0.001472316652,-0.1050420168,-0.01193668105
m3_discounted,583,0.008702155884,-0.002292975087,-0.1823708207,-0.01016964287
m3_discounted,584,-0.04629360428,0.006537011929,-0.2165991903,-0.02168088759
m3_discounted,585,-0.002292528319,-0.00355790871,-0.1166666667,-0.008223076569
m3_discounted,586,-0.005794806673,-0.002865785278,-0.1795698925,-0.02243678766
m3_discounted,587,-0.01841935048,-0.002732283748,-0.2010752688,0.003452249337
m3_discounted,588,-0.0286417973,0.002934922025,-0.1336487286,-0.01397311633
m3_discounted,589,-0.01637288087,-0.005272609555,-0.1762148338,0.008941967503
m3_discounted,590,-0.006415361886,-0.004421630118,-0.159964518,-0.004824392287
m3_discounted,591,-0.01015518868,0.004681154706,-0.15,0.009461746741
m3_discounted,592,-0.01700463851,0.000125140165,-0.08630952381,0.02059684681
m3_discounted,593,-0.004112689709,-0.000943328015,-0.1436781609,0.008625723795
m3_discounted,594,-0.03394836297,0.002970879239,-0.1454427925,-0.008012211129
m3_discounted,595,0.01858534177,-0.01038716943,-0.1728744939,-0.02127012204
m3_discounted,596,-0.01703969828,0.002597993936,-0.1505628518,0.01038183572
m3_discounted,597,-0.007174056453,0.0002115062921,-0.129076087,0.0065541344
m3_discounted,598,-0.03182276014,0.0001600895206,-0.1861413043,-0.01348587247
m3_discounted,599,-0.02117946782,-0.002956871109,-0.1829545455,0.004137457361
m3_discounted,600,-0.004866174538,-0.005408900718,-0.1522727273,0.003782027086
m3_discounted,601,0.001061034466,0.0008582727751,-0.152688172,-0.02187399926
m3_discounted,602,-0.0131679982,0.003009342504,-0.1578313253,0.01844122576
m3_discounted,603,-0.01519673942,-0.001351325398,-0.04863221884,-0.009580185962
m3_discounted,604,-0.03195169403,0.005482185217,-0.1527484144,0.01246587823
m3_discounted,605,-0.01383580094,-0.0004571047983,-0.1863711002,0.001623050227
m3_discounted,606,-0.03818516086,0.002793198697,-0.1032608696,-0.003813589132
m3_discounted,607,0.009033542522,-0.007250374431,-0.1795698925,-0.0002385886644
m3_discounted,608,-0.008215213664,-0.001796944826,-0.1955465587,-0.02310455246
m3_discounted,609,-0.02718416808,0.002869772066,-0.05805626598,-0.008069070667
m3_discounted,610,-0.01962576597,0.002894472405,-0.05570652174,-0.01078302072
m3_discounted,611,-0.02002892794,-0.001689516876,-0.1372282609,-0.006904682281
m3_discounted,612,-0.01011389176,-0.002260628618,-0.2013601419,-0.01078611728
m3_discounted,613,-0.01706271255,0.00164851622,-0.2726197516,0.004673447043
m3_discounted,614,0.01395004613,-0.005990820877,-0.1019021739,-0.01626297343
m3_discounted,615,-0.02527700467,-0.0006232376962,-0.03645833333,-0.02965790377
m3_discounted,616,-0.006622258171,-0.002594445694,-0.1140917906,0.003648099409
m3_discounted,617,-0.02581849555,0.005498182684,-0.07340153453,0.011209644
m3_discounted,618,-0.03513427055,-0.002554740668,-0.09569892473,-0.01903196758
m3_discounted,619,-0.01099290497,-0.002965827964,-0.1982029598,0.005287135261
m3_discounted,620,-0.02038150278,-0.002039547922,-0.03799392097,-0.02693941176
m3_discounted,621,-0.0049013186,-0.001245906741,-0.2222222222,-0.006203248486
m3_discounted,622,-0.01927336243,0.002414298246,-0.1555555556,-0.007780916318
m3_discounted,623,-0.009253909469,0.000801656212,-0.1067653277,0.006319436055
m3_discounted,624,0.01952475368,-0.008064061819,-0.1834008097,-0.01512000584
m3_discounted,625,-0.002198208602,-0.003486335339,-0.04483695652,-0.0307174099
m3_discounted,626,0.01743331473,-0.002404456827,-0.2512315271,0.02773833814
m3_discounted,627,-0.01906579357,0.006957922329,-0.1045454545,0.009148157519
m3_discounted,628,0.005818696759,-0.003557843822,-0.2537168714,0.007298707125
m3_discounted,629,-0.02400066305,-0.002859805738,-0.1847826087,-0.008774054094
m3_discounted,630,-0.03100395286,0.005674842989,-0.2323369565,-0.008084174132
m3_discounted,631,-0.007357072431,-0.001430304735,-0.1358350951,0.008172001298
m3_discounted,632,-0.0008384347141,0.0004900126917,-0.2888888889,0.02691699954
m3_discounted,633,-0.01634996494,-0.00061846968,-0.123655914,-0.004122586759
m3_discounted,634,-0.01658308707,0.002115414492,-0.1784098255,0.005064265537
m3_discounted,635,-0.02581870464,0.004170187797,-0.1215255333,-0.02088307233
m3_discounted,636,-0.007984446922,0.00332990911,-0.07065217391,-0.02144383215
m3_discounted,637,-0.02102133568,-0.001443714654,-0.2111111111,0.004136822059
m3_discounted,638,0.003265486917,-0.007880188696,-0.2579545455,0.03207829199
m3_discounted,639,-0.04537820534,0.002958357879,-0.1807610994,0.02150712901
m3_discounted,640,-0.0313994169,4.821617698e-06,-0.2556561086,0.01070445175
m3_discounted,641,-0.04173611715,0.00244001724,-0.1714285714,0.03399782398
m3_discounted,642,-0.04783950244,0.006245328637,-0.1448846836,-0.004013767403
m3_discounted,643,-0.02114920015,0.005943895576,-0.1222222222,0.001252109164
m3_discounted,644,-0.01340831879,0.0003364729027,-0.1833333333,0.01635548852
m3_discounted,645,-0.0005140360065,-0.009342305201,-0.123655914,-0.02152804451
m3_discounted,646,-0.001652934721,0.001449201943,-0.1354228267,0.003477428984
m3_discounted,647,-0.01839323776,-0.001835045887,-0.1795454545,-0.0003786520655
m3_discounted,648,-0.01365402707,8.329874735e-05,-0.1019021739,-0.01107325298
m3_discounted,649,-0.02135901334,-0.0002634541008,-0.1824364281,-0.003261007193
m3_discounted,650,0.001995186933,-0.009504565325,-0.1623655914,-0.006774816686
m3_discounted,651,-0.0244032329,-0.0006418503684,-0.1537349398,0.01630120835
m3_discounted,652,0.01204029246,-0.007910939574,-0.1462365591,-0.01089266231
m3_discounted,653,-0.01847569394,-0.002267712541,-0.1569892473,-0.002843885264
m3_discounted,654,-0.03738971971,0.004814553133,-0.1182795699,-0.009652482713
m3_discounted,655,-0.0165366288,-0.003126515065,-0.1294926004,-0.006082620174
m3_discounted,656,-0.02659506207,0.004674278527,-0.1722222222,0.008712591224
m3_discounted,657,-0.02061825049,0.001145485116,-0.1185688941,0.00960404297
m3_discounted,658,0.005702726043,0.001095371002,-0.1331521739,-0.01405102366
m3_discounted,659,-0.009670288965,-0.002907502061,-0.2034883721,0.008497023704
m3_discounted,660,-0.02905682901,0.009783369642,-0.139948287,-0.01133434171
m3_discounted,661,-0.03541541438,0.001760098489,-0.1544757033,0.0133257447
m3_discounted,662,-0.01406773171,-0.005240902796,-0.25,-0.006123803398
m3_discounted,663,-0.0311841681,-0.001200502562,-0.1236786469,-0.0001025248904
m3_discounted,664,-0.005762778479,-0.002195249523,-0.1655824956,-0.0007049701676
m3_discounted,665,-0.01278704018,-0.0001560867869,-0.06416321703,-0.02679616531
m3_discounted,666,-0.02039413317,0.003807605127,-0.1129509166,-0.009734866689
m3_discounted,667,0.02357148027,-0.006938242631,-0.1072938689,0.001781815391
m3_discounted,668,-0.02054696933,-0.0006696015478,-0.2105978261,-0.01549653414
m3_discounted,669,-0.01884839313,-0.001706308274,-0.1294926004,0.01213968008
m3_discounted,670,-0.008256105055,-0.009204285612,-0.1823708207,-0.0112813606
m3_discounted,671,-0.0165269616,0.0009080619842,-0.04166666667,0.002596843695
m3_discounted,672,-0.02882782475,-0.002333502943,-0.2444444444,0.01156685513
m3_discounted,673,0.007637027289,-0.00593477576,-0.06270200388,-0.01136272189
m3_discounted,674,-0.03446103211,0.004648974512,-0.1674208145,-0.01094461022
m3_discounted,675,-0.03052705885,0.004301768094,-0.1182065217,0.00217136539
m3_discounted,676,-0.01358004592,0.004171428386,-0.1236413043,-0.004047424288
m3_discounted,677,-0.03040815774,0.004116871693,-0.1085972851,-0.008987782718
m3_discounted,678,-0.009781270567,-0.004031606715,-0.2119565217,-0.007660072027
m3_discounted,679,-0.00369035405,0.000372048062,-0.08925831202,0.0002253875252
m3_discounted,680,-0.02247288992,0.001792185261,-0.1386189258,0.008074648759
m3_discounted,681,-0.03799143582,0.002475732456,-0.1752717391,0.0006049458284
m3_discounted,682,-0.04231425984,0.008351353258,-0.1909090909,0.02210194885
m3_discounted,683,0.01276954092,-0.00467033185,-0.08641975309,0.02536682647
m3_discounted,684,-0.04843541034,0.008699939272,-0.1696428571,0.01057179155
m3_discounted,685,-0.02877340159,0.006193455132,0.003643724696,-0.02159508027
m3_discounted,686,-0.005255137414,-0.005398092664,-0.1527484144,0.02514504489
m3_discounted,687,-0.02820631857,0.002758754221,-0.2350680071,0.00876091246
m3_discounted,688,-0.002957433061,-0.006008129415,-0.1901241869,-0.00172077077
m3_discounted,689,-0.003780652922,-0.00386162911,-0.1548913043,0.005681892901
m3_discounted,690,-0.02309365936,0.006402953742,-0.1543209877,0.01525598448
m3_discounted,691,0.01485055215,-0.00748551968,-0.1768184506,-0.009212356032
m3_discounted,692,0.006992711095,-0.007809549338,-0.1026272578,-0.004487678649
m3_discounted,693,-0.02887373755,0.002312347549,-0.1548913043,-0.004068221229
m3_discounted,694,-0.01786082834,0.0005407901876,-0.1253799392,-0.009415982201
m3_discounted,695,-0.02719099451,0.003582938744,-0.1014799154,-0.00204218313
m3_discounted,696,-0.005977406368,-0.004590077869,-0.226744186,0.02777787923
m3_discounted,697,-0.02038035067,0.0100756852,-0.1876899696,0.004426960661
m3_discounted,698,-0.02893594912,0.003917149344,-0.08152173913,-0.008169401672
m3_discounted,699,-0.007384484589,-0.000173242625,-0.1902173913,-0.015248591
m3_discounted,700,-0.01997224878,0.001187222619,-0.1664133739,-0.02066296415
m3_discounted,701,-0.02817674845,0.003220734149,-0.2666666667,0.01845146674
m3_discounted,702,-0.02218287296,0.002974745787,-0.2023270847,0.006646369061
m3_discounted,703,0.0001795085542,-0.002926666506,-0.1693877551,-0.005528064719
m3_discounted,704,-0.0272468692,0.001059075265,-0.1939271255,-0.0141408691
m3_discounted,705,-0.02942773154,0.003829668908,-0.210180624,0.003542747811
m3_discounted,706,-0.001496631718,-0.001668602472,-0.2726197516,0.02644939767
m3_discounted,707,-0.003605629278,-0.002589345619,-0.141337386,-0.00661959379
m3_discounted,708,-0.02253394279,-3.544454028e-06,-0.1385869565,-0.009714203861
m3_discounted,709,-0.01350337298,0.0005686001056,-0.2795698925,-0.008687297527
m3_discounted,710,-0.03398001844,0.001256312904,-0.1564318035,-0.006043017277
m3_discounted,711,-0.01257398413,-0.001888533269,-0.1378313253,0.01836583814
m3_discounted,712,-0.01941102392,-0.004235269068,-0.1236413043,0.00739043499
m3_discounted,713,-0.02426941218,0.003252410514,-0.06774193548,-0.006958863577
m3_discounted,714,-0.01785248913,-0.005245772094,-0.2896115234,0.06225788209
m3_discounted,715,-0.001280327176,-0.008108174953,-0.07522796353,-0.009521718929
m3_discounted,716,-0.01992126413,-0.005954050263,-0.1397849462,0.01035712768
m3_discounted,717,-0.005150469035,0.002757441832,-0.09017453135,0.005396309409
m3_discounted,718,-0.003531125531,-0.008184974367,-0.1440217391,-0.005895069515
m3_discounted,719,-0.005857818148,-0.007812344272,-0.2022727273,0.009461424919
m3_discounted,720,-0.02197128115,-0.0008691502177,-0.1147416413,-0.02065849929
m3_discounted,721,-0.004070084278,-0.004083622502,-0.1397727273,-0.0008248938681
m3_discounted,722,-0.01686852329,-0.004683804799,-0.2179028133,0.01335174185
m3_discounted,723,-0.0346206987,0.004984603827,-0.06031933767,-0.008214639092
m3_discounted,724,-0.01404983313,0.002466632059,-0.244529864,0.0208668818
m3_discounted,725,0.008418991861,-0.005460002496,-0.07918552036,-0.01434078074
m3_discounted,726,-0.03165505879,0.004740375442,-0.1904761905,0.03424859225
m3_discounted,727,-0.02345973167,-0.0006085667839,-0.1580338266,0.008708186516
m3_discounted,728,-0.004394779352,-0.003936183805,-0.2173913043,-0.01107438449
m3_discounted,729,-0.009330861344,0.0003741699859,-0.1411205074,-0.0001173176403
m3_discounted,730,-0.01652154236,-0.002522904199,-0.1279761905,-0.001358198204
m3_discounted,731,-0.01471932457,0.0004347434778,-0.04844006568,-0.01140704758
m3_discounted,732,0.00518116746,-0.001964307696,-0.1545454545,-0.0006529708442
m3_discounted,733,-0.02156970797,0.001195845885,-0.1633825944,0.004746561605
m3_discounted,734,0.009335593417,-0.005543258138,-0.1085972851,0.002346977039
m3_discounted,735,-0.0298503279,0.008443407499,-0.2909090909,0.009487441425
m3_discounted,736,0.0202578394,-0.006253438202,-0.1858435682,0.01790787556
m3_discounted,737,-0.01647499148,0.001511224617,-0.2142857143,0.007504145381
m3_discounted,738,0.002367658678,0.002617054413,-0.2352272727,0.02116111575
m3_discounted,739,0.003018728681,-0.003535578654,-0.2944444444,0.001783465977
m3_discounted,740,0.0002063796393,-0.007127229095,0.008906882591,-0.01537700233
m3_discounted,741,-0.02556876895,-0.002102790211,-0.1691297209,-0.004252416751
m3_discounted,742,0.00461894294,-0.005090226348,-0.2216748768,-0.007915045171
m3_discounted,743,-0.04714553944,0.00418900828,-0.1275303644,-0.01252088061
m3_discounted,744,-0.01078287172,-0.005519187405,-0.1888888889,0.008960039772
m3_discounted,745,-0.01232467806,-0.002856581787,-0.1159090909,0.01519515273
m3_discounted,746,-0.01115180354,0.0002622629935,-0.08888888889,-0.02076762371
m3_discounted,747,-0.009665268608,-0.00166075919,-0.1722222222,-0.01127164058
m3_discounted,748,-0.02381723596,0.007304208263,-0.1834008097,-0.01382320099
m3_discounted,749,-0.01215299991,-0.00398410957,-0.2294500296,0.005973355031
m3_discounted,750,0.03218203914,-0.008929302153,-0.1888888889,-0.003050344813
m3_discounted,751,-0.02002601947,-0.0009414573861,-0.1617405583,-7.844624321e-05
m3_discounted,752,-0.008225777312,-0.00591666974,-0.1875,-0.007245044468
m3_discounted,753,-0.005523379771,-0.002348580223,-0.1956989247,-0.01690215879
m3_discounted,754,-0.009035703532,-0.003009304785,-0.1436781609,0.009049181308
m3_discounted,755,-0.002350727945,-0.000121066689,-0.1129509166,-0.003320524581
m3_discounted,756,-0.02714260478,-0.004200290273,-0.2066541706,-0.0005461421443
m3_discounted,757,-0.01162365508,0.001118542849,-0.1807065217,-0.006106106066
m3_discounted,758,-0.007947167145,0.001247232727,-0.07954545455,-0.01371251273
m3_discounted,759,-0.01292669209,-0.002788289967,-0.2397372742,0.01833678317
m3_discounted,760,-0.02849260892,-0.001898662973,-0.1159090909,-0.007595423709
m3_discounted,761,-0.0249335426,-0.001754258359,-0.1,-0.003557115353
m3_discounted,762,-0.01568647841,0.001153221299,-0.1197916667,-0.01977778119
m3_discounted,763,-0.02491125393,0.003256996278,-0.1300211416,0.009925385033
m3_discounted,764,-0.02293836704,0.001115853749,-0.08380566802,-0.007350724618
m3_discounted,765,0.003748427163,-0.008046733625,-0.03878474467,-0.01595616352
m3_discounted,766,-0.03424479308,0.00414646392,-0.07222222222,-0.009284320499
m3_discounted,767,-0.02583113075,0.002943386051,-0.09995635094,0.03885297063
m3_discounted,768,-0.03450930428,0.00679220887,-0.1034482759,-0.006513101854
m3_discounted,769,-0.01850274068,-0.002185389424,-0.1666666667,-0.01211408337
m3_discounted,770,0.01537025363,-0.01208754778,-0.1236413043,-0.001600991553
m3_discounted,771,-0.01303057412,-4.584377451e-05,-0.1368286445,-9.929649199e-05
m3_discounted,772,-0.00299925907,-0.01171835673,-0.1717325228,-0.01057600717
m3_discounted,773,-0.0080720743,-0.003675701782,-0.1075268817,-0.01981697401
m3_discounted,774,-0.01176702497,0.001709907439,-0.1462365591,-0.003233411933
m3_discounted,775,0.007877317642,-0.004608258775,-0.1073369565,-0.008951816184
m3_discounted,776,-0.01340686893,-0.004903922476,-0.1543465405,-0.01245101177
m3_discounted,777,-0.01626968801,0.003806463573,-0.07065217391,-0.01372888372
m3_discounted,778,-0.004052639801,0.002519573971,-0.1944444444,-0.00560156622
m3_discounted,779,0.000257246964,-0.006402771008,-0.2317388494,0.0003719962038
m3_discounted,780,-0.02664307412,0.002801747051,-0.2129032258,-0.01601822543
m3_discounted,781,-0.004797921083,-0.006334138234,-0.1325145443,-0.009708090494
m3_discounted,782,-0.0263153215,0.003171527276,-0.1102272727,0.001183659144
m3_discounted,783,-0.02265572478,0.00123763089,-0.09090909091,0.01147305339
m3_discounted,784,-0.0195252512,-0.005628060323,-0.2408602151,-7.477313674e-05
m3_discounted,785,0.007797213737,-0.00800752061,-0.03951367781,-0.01182664882
m3_discounted,786,-0.02713732361,-0.004045724283,-0.1064516129,-0.003317845954
m3_discounted,787,-0.006983600508,-0.005925146219,-0.05698924731,-0.01472049024
m3_discounted,788,-0.01105064051,-0.004991693332,-0.01111111111,-0.03514186804
m3_discounted,789,-0.01994651411,-0.004670439715,-0.2350680071,0.01133193803
m3_discounted,790,-0.03438352005,0.006514650191,-0.2350680071,0.00422750496
m3_discounted,791,-0.01470985398,-0.01222604126,-0.1732348112,0.01332460402
m3_discounted,792,-0.00422040561,-0.002241359301,-0.2222222222,-0.008461996278
m3_discounted,793,-0.01354048738,-0.0055123163,-0.179757085,-0.02623668987
m3_discounted,794,-0.02326266572,0.004377471212,-0.08434650456,-0.02845791933
m3_discounted,795,-0.01466993656,0.0006941804023,-0.2323369565,0.00580549788
m3_discounted,796,-0.005864557425,0.001743909974,-0.2290322581,-0.01834939718
m3_discounted,797,0.01538167907,-0.003270397261,-0.155465587,-0.02550849104
m3_discounted,798,0.002782881649,-0.002118773523,-0.1318746304,-0.002094832214
m3_discounted,799,0.004280631527,-0.005388044995,-0.1306990881,-0.007364790234
m3_discounted,800,-0.03147768307,0.004687538149,-0.1944444444,0.02152982034
m3_discounted,801,-0.05738668096,0.008626919407,-0.2098308668,0.03549195356
m3_discounted,802,-0.03655401632,0.002149560741,-0.1268542199,0.00112231069
m3_discounted,803,-0.01646597583,0.002218808373,-0.1102272727,-0.01076162439
m3_discounted,804,-0.00409173039,-0.002103248435,-0.0597826087,-0.01543601442
m3_discounted,805,-0.04514902654,0.008733770253,-0.05027173913,-0.01818246571
m3_discounted,806,-0.01380556783,-0.003336112391,-0.1091070373,0.01015084049
m3_discounted,807,-0.01869766037,0.002280631929,-0.15,-0.002074396461
m3_discounted,808,-0.0274466057,0.004186336893,-0.2021505376,-0.007472464068
m3_discounted,809,-0.002070084642,-0.004730130266,-0.1585623679,0.01082090806
m3_discounted,810,0.008687328854,-0.006190049922,-0.1435035553,0.01143243609
m3_discounted,811,-0.04103514926,0.007541435241,-0.09444444444,-0.01241524534
m3_discounted,812,-0.0122458976,-0.00164061764,-0.2093023256,0.01767680579
m3_discounted,813,-0.03284256254,0.001297171086,-0.1748545572,-0.01264899711
m3_discounted,814,-0.01626775935,-0.005430301703,-0.1192307692,0.0250308096
m3_discounted,815,0.006625917984,-0.004359937717,-0.1277173913,-0.001426631199
m3_discounted,816,-0.01127121255,-0.004971420011,-0.1425891182,0.007939274891
m3_discounted,817,-0.01868864014,-0.003466509493,-0.2216748768,0.005919588752
m3_discounted,818,-0.001236872125,-0.007073790239,-0.1458333333,0.0360716109
m3_discounted,819,-0.003343649895,0.001196605765,-0.07307060755,0.002108475359
m3_discounted,820,-0.036408052,0.005881979197,-0.1215909091,0.004243795041
m3_discounted,821,-0.01224881938,-0.002138348432,-0.1102272727,0.01683656503
m3_discounted,822,-0.007020015523,0.0007734556531,-0.1860465116,0.0214417517
m3_discounted,823,-0.02277495388,-0.001053893928,-0.09760827408,-0.01068430128
m3_discounted,824,-0.0134595614,0.001985251385,-0.1064516129,-0.01770747433
m3_discounted,825,-0.003956035773,-0.009479268128,-0.1444444444,-0.005726755715
m3_discounted,826,-0.03345251624,-0.0001753666781,-0.1149425287,-0.007414681411
m3_discounted,827,-0.02599527859,-0.0008934207444,-0.3,0.009851884403
m3_discounted,828,-0.007609869402,-0.001072660479,-0.08016304348,-0.02762912828
m3_discounted,829,-0.03048142927,-0.0004761430975,-0.1795698925,-0.01310358443
m3_discounted,830,-0.005249650753,0.0007573814218,-0.2075268817,-0.01823524639
m3_discounted,831,-0.01635873156,0.0009449008008,-0.1469344609,0.01720129039
m3_discounted,832,-0.008813999105,0.00760202421,-0.08434650456,-0.01667696026
m3_discounted,833,0.01101113195,0.001116484642,-0.1277173913,-0.006139040461
m3_discounted,834,-0.0165391087,0.003264831573,-0.1021505376,-0.009635830581
m3_discounted,835,-0.00602160661,-0.006820036117,-0.02309782609,-0.02587566615
m3_discounted,836,-0.01065542513,0.002845693214,-0.1625,0.006781022192
m3_discounted,837,-0.000726972988,-0.005659030746,-0.08661926309,-0.02253162208
m3_discounted,838,-0.009990765842,-0.004379871232,-0.1399456522,0.005398644834
m3_discounted,839,-0.00574349976,-0.005361694908,-0.1666666667,-0.03237854046
m3_discounted,840,-7.079741766e-05,-0.002838452603,-0.0896656535,-0.02008487008
m3_discounted,841,-0.01964213399,0.002808452076,-0.1688172043,-0.02375460227
m3_discounted,842,-0.006959865253,-0.003912673886,-0.2569786535,0.03122576061
m3_discounted,843,-0.0192528573,0.004734604767,-0.09566903685,-0.01032944556
m3_discounted,844,-0.02109809491,0.003427942833,-0.0858662614,-0.001444841464
m3_discounted,845,-0.00491237669,-0.001953325439,-0.161926309,-0.0103747075
m3_discounted,846,-0.009593841348,0.0008533490831,-0.2497975709,-0.02038426146
m3_discounted,847,-0.01772574704,-8.453795758e-05,-0.2777777778,0.00611901998
m3_discounted,848,-0.006367130022,-0.0001389920708,-0.1369047619,0.01103839196
m3_discounted,849,-0.01528043526,-0.001956285448,-0.1939271255,-0.005116895315
m3_discounted,850,-0.02122851278,-0.00016418985,-0.117260788,0.01920415427
m3_discounted,851,-0.00732331437,0.001767668256,-0.2457831325,0.03539442454
m3_discounted,852,-0.009839046599,0.003546096389,-0.1454545455,-0.01194287459
m3_discounted,853,0.0242517243,-0.01087147176,-0.193452381,0.009054495727
m3_discounted,854,-0.00564158457,-0.005855753274,-0.0625,-0.007988746225
m3_discounted,855,-0.01216372967,-0.004976552296,-0.1789819376,0.02074664939
m3_discounted,856,0.009826471333,-0.002768555029,-0.01022727273,-0.01719685138
m3_discounted,857,0.0009549297876,0.0006043526915,-0.07717327025,0.01446003018
m3_discounted,858,-0.0130019328,0.001566098327,-0.1034890597,-0.003348327903
m3_discounted,859,0.007931744264,-0.008007968422,-0.03936269916,-0.02847363053
m3_discounted,860,-0.01998386478,0.003309276712,-0.08663512714,-0.01606809273
m3_discounted,861,-0.01843980878,-0.006970235483,-0.1705357143,0.01284715855
m3_discounted,862,0.00517668953,-0.005944915395,-0.04483695652,-0.01081790461
m3_discounted,863,0.01150513991,-0.0004304381446,-0.1162613982,-0.002647267427
m3_discounted,864,-0.01506735988,0.003118675334,-0.123358349,0.03159431645
m3_discounted,865,-0.0003490654539,-0.005561114431,-0.1555555556,0.003891759512
m3_discounted,866,-0.0197465854,0.001308159101,-0.1397849462,-0.02480675227
m3_discounted,867,0.008307290077,-0.006066983488,-0.1659090909,0.01841794007
m3_discounted,868,0.007725663423,-8.168039508e-05,-0.1580338266,0.009362926794
m3_discounted,869,-0.005881358111,-0.006801346035,-0.1833333333,0.005441096208
m3_discounted,870,-0.00470222427,-0.002146385056,-0.2389162562,0.01564177582
m3_discounted,871,-0.01581413896,-0.007295388493,-0.06666666667,-0.02519315098
m3_discounted,872,-0.02843459573,0.005374205457,-0.1861413043,-0.001073226397
m3_discounted,873,0.01491904217,-0.002807836922,-0.3290322581,0.004230328828
m3_discounted,874,-0.007347083247,-0.004707829738,-0.18066233,0.008405640406
m3_discounted,875,-0.01390708621,-0.003953262649,-0.1677419355,-0.01188676047
m3_discounted,876,0.0005011604275,-0.003481158238,-0.02903225806,-0.01797201669
m3_discounted,877,-0.03054752822,0.001448212205,-0.2238636364,0.003777543694
m3_discounted,878,0.002584114975,-0.0007901186258,-0.1466587818,0.01764634231
m3_discounted,879,0.003740769098,-0.002828532463,-0.2427557658,0.01060934144
m3_discounted,880,-0.01300628604,0.007243926362,-0.3235294118,-0.0193070472
m3_discounted,881,-0.0005424244959,-0.002716761795,-0.125,0.01126700076
m3_discounted,882,-0.0153481651,-0.001703220573,-0.191898285,-0.009016197401
m3_discounted,883,-0.0155677948,0.002018810736,-0.1291497976,-0.02189589545
m3_discounted,884,-0.003928096055,-0.002365051999,-0.1270200388,-0.01081577855
m3_discounted,885,-0.008641368363,-0.004011166032,-0.2677419355,0.008572972644
m3_discounted,886,0.009120863964,-0.005418536477,-0.1617386162,0.008322403114
m3_discounted,887,-0.01793717236,0.002196777272,-0.1375,-0.01307881252
m3_discounted,888,0.01387564181,-0.006096608598,-0.1277777778,-0.002893374648
m3_discounted,889,0.004814013606,-0.002617167619,-0.1369047619,0.01588727502
m3_discounted,890,-0.0155080219,-0.005111958505,-0.1505026611,0.008209489671
m3_discounted,891,-0.02962992337,-0.002105979571,-0.159964518,-0.01098957239
m3_discounted,892,-0.02134528913,0.003726719964,-0.04086021505,-0.0301147925
m3_discounted,893,-0.02463960061,0.01102237744,-0.1975162626,0.004753902458
m3_discounted,894,-0.0260912085,9.066675531e-05,-0.1807065217,-0.005056386177
m3_discounted,895,-0.0206447126,0.003049925177,-0.1462365591,-0.01532362689
m3_discounted,896,-0.03938224125,0.003582100943,-0.2600422833,0.02952546204
m3_discounted,897,-0.04086147379,0.001458576713,-0.05570652174,-0.006046670433
m3_discounted,898,-0.02538609876,0.004751533412,-0.1345108696,0.004968679278
m3_discounted,899,-0.02884082176,0.002375769048,-0.1762148338,0.01013506439
m3_discounted,900,-0.03281436808,-0.003728717021,-0.11205074,-0.002482084731
m3_discounted,901,-0.000912405219,-0.01051241628,-0.2118088097,-0.01679178031
m3_discounted,902,-0.01860140165,0.006458133343,-0.2,-0.01409388998
m3_discounted,903,-0.007106463845,-0.003202665319,-0.09886363636,0.006619611484
m3_discounted,904,-0.01319750363,-0.005106795154,-0.09886363636,-0.01258231348
m3_discounted,905,-0.01470058846,0.001571529502,-0.1253799392,-0.01456490414
m3_discounted,906,-0.004102624069,-0.007879702707,-0.2611111111,0.02087267977
m3_discounted,907,-0.01469778536,0.00204524535,-0.09225310467,0.001537128399
m3_discounted,908,-0.03294980103,0.00543875111,-0.1944444444,0.01304385861
m3_discounted,909,0.01168868122,-0.007879625372,-0.1045454545,-0.005125329372
m3_discounted,910,-0.009572444904,-0.005743612036,-0.05470136014,0.00361752782
m3_discounted,911,-0.04169984357,0.005660625244,-0.2021505376,-0.02884062163
m3_discounted,912,-0.01600454538,0.001385836981,-0.023556231,-0.02920940201
m3_discounted,913,-0.000891525427,9.888479937e-05,-0.1638477801,0.01295262774
m3_discounted,914,-0.009069914439,0.003317853846,-0.1955465587,-0.01662682063
m3_discounted,915,-0.01676837657,-0.0008366709414,-0.1898795181,0.02115508062
m3_discounted,916,-0.01648390012,-0.001384935473,-0.09782608696,-0.004769079208
m3_discounted,917,-0.01131813564,-0.005918671938,-0.1182065217,0.001592421491
m3_discounted,918,-0.02934122015,0.00312424866,-0.223832052,0.007872242907
m3_discounted,919,-0.01294775359,-0.003309021284,-0.2407407407,0.03537351474
m3_discounted,920,-0.001087894013,-0.005890776137,0.015625,-0.03707790683
m3_discounted,921,-0.007026652526,-0.004203418922,-0.1688172043,-0.005457516327
m3_discounted,922,-0.02313193684,0.004165424394,-0.1444652908,0.02410226801
m3_discounted,923,-0.02103333786,-0.003887237545,-0.1610942249,-0.02806807487
m3_discounted,924,-0.006621625264,-0.002753429146,-0.1222222222,-0.01211040997
m3_discounted,925,-0.01717357403,-0.001061851347,-0.2078804348,0.01377973471
m3_discounted,926,0.02925188783,-0.0123781334,-0.279028133,0.02478963975
m3_discounted,927,-0.03455532739,0.002848395218,-0.1502024291,-0.0130590827
m3_discounted,928,-0.01507908062,0.0009884720589,-0.1462365591,-0.01987978365
m3_discounted,929,-0.02918420514,0.000558519405,-0.07822410148,-0.01544543781
m3_discounted,930,-0.03143497448,-0.001003964165,-0.09444444444,-0.005919400454
m3_discounted,931,-0.01726087124,0.00102648788,-0.1448846836,0.005564793147
m3_discounted,932,-0.02528898169,0.01113385223,-0.06113360324,-0.02134212143
m3_discounted,933,-0.02601907301,0.0005096824415,-0.1352272727,-0.009377434764
m3_discounted,934,-0.0276027752,0.004486330348,-0.1489980608,0.008991586483
m3_discounted,935,0.01569052433,-0.01086572959,-0.08663512714,-0.01176640583
m3_discounted,936,-0.006722351097,0.006799287712,-0.1182795699,-0.006581818857
m3_discounted,937,-0.01874708519,0.00177180232,-0.05602536998,-0.005458880481
m3_discounted,938,-0.02124521506,-0.0007633631114,-0.123655914,-0.01670751345
m3_discounted,939,-0.03452151552,0.00433434275,-0.1923890063,0.0303827117
m3_discounted,940,-0.02019516758,-0.0006499691533,-0.06732348112,0.009927280133
m3_discounted,941,-0.01701216923,-0.004554719444,-0.1049382716,0.006754248882
m3_discounted,942,-0.0170579082,-0.004596930199,-0.1017149616,-0.003409322048
m3_discounted,943,-0.009234286673,-0.006307059876,-0.1329545455,0.008779550402
m3_discounted,944,0.002617021309,-0.002880846245,-0.1003039514,-0.01799898574
m3_discounted,945,-0.001379795496,-0.004624856753,-0.1353065539,0.01179347456
m3_discounted,946,-0.02477345213,0.008776903509,-0.109375,-0.03518730373
m3_discounted,947,-0.01667648386,0.001910649033,-0.0896656535,-0.009023922072
m3_discounted,948,-0.01824738732,0.003033665155,-0.1448846836,-0.009321488373
m3_discounted,949,-0.009381499123,-0.004961964187,-0.1914893617,-0.01205832531
m3_discounted,950,-0.01186925978,-0.006095331293,-0.2098765432,0.03352433315
m3_discounted,951,-0.0002899131206,-0.005446669929,-0.1583710407,-0.0150205237
m3_discounted,952,0.002724693882,-0.006210292955,-0.09821428571,-0.001507735975
m3_discounted,953,-0.006413392397,0.0006887088585,-0.2761133603,-0.00903484408
m3_discounted,954,-0.02273352862,-0.0001469078676,-0.1270200388,0.00485603766
m3_discounted,955,-0.005868680115,-0.002785568974,-0.07419354839,-0.02509841095
m3_discounted,956,-0.01698047311,0.003759179622,-0.04863221884,-0.02845227139
m3_discounted,957,-0.02284735588,-0.003377842449,-0.1083743842,-0.002999152017
m3_discounted,958,-0.01561684895,0.002007059644,-0.1182065217,-0.01216210846
m3_discounted,959,-0.01020638537,0.0005382355264,-0.2180851064,-0.01475407818
m3_discounted,960,-0.02251457206,-0.002430671281,-0.1166666667,-0.008320607528
m3_discounted,961,0.02562948545,-0.0124108673,-0.09444444444,-0.003471377343
m3_discounted,962,-0.0370893151,-0.0006721802037,-0.1369047619,0.01926615841
m3_discounted,963,-0.02400691005,0.0005949897389,-0.07918552036,-0.007137482573
m3_discounted,964,-0.0003269394309,-0.008674946662,-0.1344537815,-0.02082615873
m3_discounted,965,0.001121269849,-0.005373980862,-0.2501616031,-0.0005832335644
m3_discounted,966,0.008504282567,-0.005399730753,-0.1655824956,-0.01075299888
m3_discounted,967,0.0005463583365,-0.01002953875,-0.08578313253,0.0002846115989
m3_discounted,968,-0.01070206311,-0.0005865660996,-0.1627579737,0.03416687028
m3_discounted,969,-0.02367189654,-0.00255968519,-0.1577380952,0.03187958054
m3_discounted,970,-0.008870081906,0.003423086943,0.03181818182,-0.0086270395
m3_discounted,971,-0.02874900681,0.005611908674,-0.1306990881,-0.0192907713
m3_discounted,972,-0.01131316235,0.001653286655,-0.1181988743,0.015557728
m3_discounted,973,-0.03385968776,-9.636073474e-05,-0.1149425287,-0.0151819158
m3_discounted,974,-0.01742689246,0.004108840791,-0.1674208145,0.01204683283
m3_discounted,975,-0.0312571071,0.005260478996,-0.09677419355,-0.02553233046
m3_discounted,976,-0.007582840443,-0.003360538324,-0.2021276596,-0.01677008797
m3_discounted,977,0.008887429101,-0.003579264828,-0.2013601419,0.001341966011
m3_discounted,978,-0.01362530804,-0.004510274042,-0.1913380737,-0.005188455955
m3_discounted,979,0.006378177096,-0.008724252523,-0.07386363636,0.007866180779
m3_discounted,980,-0.0185687699,0.002118820007,-0.150937298,-0.01176277361
m3_discounted,981,0.008648719352,-0.005152645663,-0.1464059197,0.005686547039
m3_discounted,982,-0.02336582538,0.0008984389896,-0.2199881727,0.006447585479
m3_discounted,983,-0.02486124912,-0.004937803644,-0.1617405583,-0.001754754415
m3_discounted,984,-0.006326288808,0.005322174995,-0.07222222222,-0.005672833471
m3_discounted,985,-0.0251857427,-0.001224493463,-0.1611111111,0.008397143221
m3_discounted,986,-0.01860438947,-0.003917173374,-0.07142857143,-0.007493937078
m3_discounted,987,-0.008827243572,-0.004844807015,-0.1257831325,0.02738500235
m3_discounted,988,-0.01914874728,0.007075030193,-0.1968325792,0.00211806271
m3_discounted,989,0.0009370928662,0.004556592936,-0.1777777778,-0.004077795086
m3_discounted,990,-0.01873293351,-0.002025051392,-0.1808809747,-0.01789600331
m3_discounted,991,-0.03438120552,0.005172779958,-0.1014799154,0.01736205431
m3_discounted,992,-0.01456754953,3.218955855e-06,-0.2377717391,-0.001348647216
m3_discounted,993,-0.007403198954,-0.007331518683,-0.2531969309,0.03650472215
m3_discounted,994,-0.02332281538,0.00296206465,-0.2708502024,0.004853607212
m3_discounted,995,-0.01139575568,-0.001042438896,-0.05161290323,-0.01828404628
m3_discounted,996,-0.004303031209,-0.002141605975,-0.2483737433,0.0002514793727
m3_discounted,997,-0.04690728419,0.006355773953,-0.09895833333,-0.006697153007
m3_discounted,998,-0.01732119231,0.002938190128,-0.197044335,0.03083352019
m3_discounted,999,-0.02036164113,-0.00271932641,-0.1807065217,-0.0003200900313
m3_discounted,1000,-0.01844719331,0.00219906197,-0.2119565217,0.001209624318
m3_discounted,1001,-0.02141775688,-0.001681179383,-0.191898285,0.0005720957337
m3_discounted,1002,-0.0356106269,-0.0001124628072,-0.141337386,-0.0138058968
m3_discounted,1003,-0.03026001132,0.004129173054,-0.1002811621,-0.01221250721
m3_discounted,1004,-0.002703361704,0.0003208619528,-0.1409090909,0.005808397656
m3_discounted,1005,-0.001260222008,-0.01006317654,-0.2602272727,0.02508098054
m3_discounted,1006,-0.01919417714,-3.886964573e-06,-0.0623655914,-0.01732827242
m3_discounted,1007,-0.0004326174607,-0.01051853647,-0.06819650937,-0.009312657092
m3_discounted,1008,-0.02470860509,0.003034487699,-0.1602272727,0.001171316691
m3_discounted,1009,-0.01868481764,0.0007565692647,-0.1405919662,-0.001980632454
m3_discounted,1010,-0.01121173875,-0.005054714536,-0.1611111111,-0.005350838335
m3_discounted,1011,-0.02159821526,-0.002072060192,-0.2282608696,-0.003858173974
m3_discounted,1012,-0.01961490371,0.0001369856441,-0.1333333333,-0.003289710013
m3_discounted,1013,-0.03398123223,0.002140291469,-0.3111413043,0.003789537841
m3_discounted,1014,-0.01222800288,-0.006652824666,-0.1256157635,0.0182686809
m3_discounted,1015,-0.008142957949,-0.002122797534,-0.0978710822,-0.001291125324
m3_discounted,1016,-0.02784759396,0.006711703479,-0.1961636829,-0.001256073813
m3_discounted,1017,-0.03518136555,0.003641828489,-0.1355534709,0.02388072593
m3_discounted,1018,0.003497143425,-0.002830034715,-0.265625,-0.00997570549
m3_discounted,1019,-0.03847755331,0.001266631885,-0.2237851662,0.0189161335
m3_discounted,1020,-0.01279763671,-0.001517864327,-0.1011635423,0.008168238247
m3_discounted,1021,-0.001517934721,-0.003342669925,-0.1855500821,-0.0002410385526
m3_discounted,1022,-0.02316769665,-0.0004693143646,-0.1409207161,-0.01540809031
m3_discounted,1023,0.0190630568,-0.009587052899,-0.1555555556,0.008489051357
m3_discounted,1024,-0.003531340623,-0.0009367540465,-0.09886363636,-0.006808996353
m3_discounted,1025,-0.01699964306,0.002024949514,-0.1913380737,-0.01021703541
m3_discounted,1026,-0.02049247694,-0.003272062006,-0.1045454545,0.009812745245
m3_discounted,1027,-0.0003289628016,-0.001331025325,-0.1849462366,-0.001528191099
m3_discounted,1028,-0.02267147457,0.006192650698,-0.1936723832,0.00277551811
m3_discounted,1029,-0.005602288683,-0.004779173107,-0.2589285714,0.03521759608
m3_discounted,1030,-0.02175481064,0.003950729862,-0.2406859846,0.0004188607647
m3_discounted,1031,-0.01722967444,-0.001576480986,-0.08333333333,-0.0116898296
m3_discounted,1032,0.02502416116,-0.01210244865,-0.1505026611,-0.000269023101
m3_discounted,1033,-0.03367267168,0.006591601303,-0.1913380737,-0.007735084778
m3_discounted,1034,-0.02998254873,-8.387831772e-05,-0.2173913043,-0.003466938546
m3_discounted,1035,-0.002601424902,0.001564265827,-0.123655914,0.002364380672
m3_discounted,1036,-0.02150530327,0.002718794653,-0.2323369565,-0.01126737009
m3_discounted,1037,-0.01805770862,-0.003243633598,-0.1975162626,0.005436332451
m3_discounted,1038,-0.0251441606,-0.001561240514,-0.0896656535,-0.02223528487
m3_discounted,1039,-0.02612946124,0.00311460493,-0.06990881459,-0.02575485574
m3_discounted,1040,-0.008569590917,-0.0005504900721,-0.1388888889,-0.003478257831
m3_discounted,1041,-0.006435486939,0.00165731325,-0.07419354839,-0.02268969852
m3_discounted,1042,-0.01272962991,0.0007628071872,-0.01290322581,-0.02830395481
m3_discounted,1043,0.00647320935,-0.004680566794,-0.0375,-0.01823990292
m3_discounted,1044,-0.01110186668,0.0007761410949,-0.2556561086,0.00795470144
m3_discounted,1045,-0.01760778701,-0.003709611877,-0.1777777778,-0.001263340675
m3_discounted,1046,-0.01398998356,-0.003902984673,-0.02903225806,-0.0262099168
m3_discounted,1047,-0.01451684878,-0.006926678818,-0.1290322581,-0.01510592371
m3_discounted,1048,-0.0005034559439,-0.003226190204,-0.2537993921,-0.002475879107
m3_discounted,1049,0.005541292359,-0.003396692228,-0.1068181818,0.01104529332
m3_discounted,1050,0.002009562653,-0.00476299028,-0.2063789869,0.03112335069
m3_discounted,1051,-0.006765484224,-0.008742991545,-0.08016194332,-0.03136789872
m3_discounted,1052,-0.02268214736,0.004993169346,-0.1436781609,0.001249192594
m3_discounted,1053,-0.02604995613,-0.0004362441987,-0.191898285,-0.005425648929
m3_discounted,1054,-0.04955152751,0.004161269603,-0.203125,-0.006303381182
m3_discounted,1055,0.03177748334,-0.0150184308,-0.1750443525,-0.01416290057
m3_discounted,1056,-0.02222925112,-0.002679558414,-0.2320295983,0.02004586472
m3_discounted,1057,0.01281066774,-0.004928959589,-0.1054358013,-0.02305967525
m3_discounted,1058,0.0002708011646,-0.009938808289,-0.1833333333,-0.009995301224
m3_discounted,1059,0.002858241935,-0.002562589519,-0.1602272727,0.01173656893
m3_discounted,1060,-0.009934085513,-0.007097512336,-0.1927083333,0.001378043198
m3_discounted,1061,-0.04420832736,0.005818777742,-0.1129509166,0.007959009098
m3_discounted,1062,-0.001334671724,-0.0003510489497,-0.04008097166,-0.01619641106
m3_discounted,1063,-0.01661410165,4.614867254e-05,-0.1654170572,-0.03363145538
m3_discounted,1064,-0.006279208641,-0.002003844943,-0.2274220033,0.01856769632
m3_discounted,1065,-0.01761549529,-0.004764909752,-0.1398809524,0.01751083898
m3_discounted,1066,-0.02729917426,0.004739016021,-0.2222222222,0.01415402264
m3_discounted,1067,-0.02671152713,-0.0001690929003,-0.150937298,-0.009505999692
m3_discounted,1068,0.004538816363,-0.009760233616,-0.01680672269,-0.03774352441
m3_discounted,1069,-0.005630565,-0.00489676938,-0.1642857143,-0.02034521333
m3_discounted,1070,-0.02725376843,0.004664757588,-0.1577380952,0.01477948859
m3_discounted,1071,-0.002521388998,-0.002940272595,-0.1611111111,0.001239116015
m3_discounted,1072,0.004884676513,0.00132720155,-0.1448846836,0.004601611239
m3_discounted,1073,-0.02076194796,-0.001877673906,-0.2427278604,-0.003650262798
m3_discounted,1074,-0.02700057099,-0.008497523932,-0.1777777778,-0.02039075479
m3_discounted,1075,-0.02819269932,-0.000326523122,-0.02604166667,-0.03486103819
m3_discounted,1076,-0.01688882729,-0.003505330859,-0.1855500821,0.02142622538
m3_discounted,1077,-0.004013355712,-0.002700842587,-0.1527484144,0.006643400103
m3_discounted,1078,0.008314679969,-0.004378449235,-0.1217808817,0.006473999786
m3_discounted,1079,-0.02559710021,-0.0009786145202,-0.09444444444,-0.013244657
m3_discounted,1080,-0.00608891057,6.81764639e-07,-0.1681818182,-0.006634700592
m3_discounted,1081,0.006577081002,-0.006692283343,-0.06666666667,-0.009372304254
m3_discounted,1082,-0.01105625512,0.007076233875,-0.1677419355,-0.01247789455
m3_discounted,1083,-0.02348135108,0.005914911627,-0.09180722892,0.005059211485
m3_discounted,1084,-0.001438260871,-0.002598122397,-0.1448846836,-0.01194056821
m3_discounted,1085,-0.0116847213,0.004684520864,-0.123655914,0.001192720648
m3_discounted,1086,-0.01687196696,-0.002914917672,-0.2196930946,0.01034802434
m3_discounted,1087,-0.02938168946,0.004207161232,-0.1011904762,0.0004279883872
m3_discounted,1088,-0.02408958309,-0.003219411502,-0.2569892473,0.009094015953
m3_discounted,1089,0.001945955711,-0.004470617078,-0.2623655914,0.01188141986
m3_discounted,1090,-0.0196092382,0.001645227007,-0.2825,-0.02126696297
m3_discounted,1091,-0.03773769801,0.008989656793,-0.1657608696,-0.005494276888
m3_discounted,1092,-0.02628687412,-0.0008699702061,-0.191576087,0.0004735044474
m3_discounted,1093,-0.006805622012,0.00104208203,-0.2380952381,0.04273848466
m3_discounted,1094,-0.01685133676,-0.003323587275,-0.1331521739,-0.03215446302
m3_discounted,1095,-0.009901234754,-0.008977079914,-0.1131078224,0.004388095111
m3_discounted,1096,-0.01630063599,0.002183001427,-0.1462365591,-0.01245637855
m3_discounted,1097,-0.02600947938,0.00260423425,-0.1435035553,-0.003638784916
m3_discounted,1098,-0.01088176276,-0.005001024654,-0.06770833333,-0.02212374837
m3_discounted,1099,-0.009052142134,-0.004427857338,-0.2767857143,0.0513274284
m3_discounted,1100,-0.004987092975,-0.004876939062,-0.1880544057,0.02114431864
m3_discounted,1101,0.01899581422,-0.007522670097,-0.2271255061,-0.003532912115
m3_discounted,1102,-0.01794657261,-0.0007950807866,-0.095,-0.01863440951
m3_discounted,1103,-0.006133710805,0.002538192417,0.05,-0.04225749045
m3_discounted,1104,-0.05243486403,0.006178491896,-0.2666354264,-0.01666281563
m3_discounted,1105,-0.01715118037,0.003849418735,-0.265625,0.002967596385
m3_discounted,1106,-0.01301645704,-0.003617181846,-0.1823708207,-0.007528494243
m3_discounted,1107,0.0008618471635,0.001373421035,-0.06163682864,0.01353575794
m3_discounted,1108,-0.01685458903,-0.009708171428,-0.2102272727,0.01048539306
m3_discounted,1109,-0.03795846211,0.00357768984,-0.2136363636,0.005371269962
m3_discounted,1110,-0.007351171384,-0.003571992828,-0.1803490627,-0.0120390213
m3_discounted,1111,-0.01401533094,-0.0006940095976,-0.1129032258,-0.01806082054
m3_discounted,1112,-0.009050632658,9.162456187e-05,-0.1638477801,0.01273005387
m3_discounted,1113,-0.01417948384,-0.002031019943,-0.1580338266,0.001847736864
m3_discounted,1114,0.001332394142,-0.002419729739,-0.1564318035,-0.01095207039
m3_discounted,1115,-0.02128262979,0.005709879825,-0.1975308642,0.04334055192
m3_discounted,1116,-0.007354125626,-0.001767784603,-0.1440217391,0.006185513589
m3_discounted,1117,-0.02582531802,0.00542488316,-0.1387755102,-0.03150933516
m3_discounted,1118,-0.03751004117,0.003435080116,-0.1405810684,-0.02173658415
m3_discounted,1119,0.00803323295,-0.006012874556,-0.1345108696,0.01010597233
m3_discounted,1120,-0.04663789848,0.001862479077,-0.1555555556,-0.01750172283
m3_discounted,1121,-0.02163459226,0.001587006285,-0.2040169133,0.03309412967
m3_discounted,1122,-0.01947894782,-0.00287365189,-0.1182795699,-0.01185852616
m3_discounted,1123,-0.01881365992,-0.00505878629,-0.2652276759,0.01899939966
m3_discounted,1124,-0.01274502556,-0.003682529147,-0.2408622306,-0.01993865467
m3_discounted,1125,-0.02144611228,0.003682769749,-0.07954545455,0.0009495753293
m3_discounted,1126,0.0102986926,-0.0051081279,-0.2372333549,0.01934983693
m3_discounted,1127,-0.01778275903,-0.0003929370804,-0.08152173913,-0.004494139942
m3_discounted,1128,-0.03160914701,0.003312052504,-0.1807065217,0.00760603809
m3_discounted,1129,-0.04530967099,0.004709441927,-0.08661926309,-0.02148960329
m3_discounted,1130,-0.03835451532,0.00301785593,-0.155775076,-0.01441291091
m3_discounted,1131,-0.001925529812,-0.00949798283,-0.1392857143,0.00036359356
m3_discounted,1132,0.009760119762,-0.004970143442,-0.1625615764,0.00937285123
m3_discounted,1133,-0.01315233477,0.001645974013,-0.06836734694,-0.04428489316
m3_discounted,1134,-0.01729380692,0.0006859837034,-0.07419354839,-0.01678134044
m3_discounted,1135,-0.008203678304,-0.008642596674,-0.06712473573,0.006854245361
m3_discounted,1136,0.0009344243044,-0.001078403248,-0.07875264271,-0.002407703432
m3_discounted,1137,0.0018014604,-0.006410643447,-0.1306990881,-0.005779127736
m3_discounted,1138,-0.008557189611,-0.001237995822,-0.1011904762,0.01870239996
m3_discounted,1139,0.0002266739922,-0.003303559757,-0.1944444444,0.009810866992
m3_discounted,1140,-0.003891910789,0.001809687659,-0.1777777778,0.005923586866
m3_discounted,1141,-0.02760784813,0.004391977478,-0.1755952381,0.03478014126
m3_discounted,1142,0.0008913353278,-0.005815221158,-0.1056231003,-0.0146972172
m3_discounted,1143,-0.00504480804,-0.001462088002,-0.1438554217,0.0246496498
m3_discounted,1144,0.0007476673633,-0.006541518435,-0.2366447985,-0.006823467305
m3_discounted,1145,-0.03443848104,0.008525114392,-0.2427557658,-0.0006560314041
m3_discounted,1146,0.003241603346,-0.006860584772,-0.1444444444,-0.003321307476
m3_discounted,1147,0.002172588113,-0.004844845316,-0.1555555556,0.006798188611
m3_discounted,1148,-0.003062428731,-0.004854222823,-0.210180624,0.007566693572
m3_discounted,1149,0.003783887709,-0.004005495889,-0.2339901478,0.01471842487
m3_discounted,1150,-0.03872549332,0.003197750151,-0.01290322581,-0.02916126642
m3_discounted,1151,-0.02631488197,0.004728409101,-0.2378419453,-0.01629635444
m3_discounted,1152,-0.01848578257,0.001658545975,-0.1111111111,0.01347139977
m3_discounted,1153,-0.003496106206,-0.001277761798,-0.2519219397,0.02396255802
m3_discounted,1154,-0.04065561482,0.003244722621,-0.1602272727,0.01748433347
m3_discounted,1155,-0.01179282317,0.0009479433434,-0.06131078224,-0.01071121568
m3_discounted,1156,-0.01067024064,8.412052148e-05,-0.1871035941,0.01528362804
m3_discounted,1157,-0.001682936415,-0.002532005573,-0.08985200846,0.000357043122
m3_discounted,1158,-0.02301405436,0.006075435508,-0.0625,-0.0427715734
m3_discounted,1159,-0.01847558686,0.008010238733,-0.2180851064,-0.007271971895
m3_discounted,1160,-0.01548617699,-0.001869766453,-0.1257831325,-0.003699012522
m3_discounted,1161,-0.01896838799,-0.002633155875,-0.08152173913,-0.003611095803
m3_discounted,1162,-0.01215426419,0.002161414483,-0.003238866397,-0.03558683937
m3_discounted,1163,-0.01298450895,-0.003322385653,-0.2222222222,0.003875756277
m3_discounted,1164,0.007452525551,-0.003359646439,-0.1544757033,0.02024326772
m3_discounted,1165,-0.01647227666,-0.0005429415533,-0.05161290323,-0.0258586011
m3_discounted,1166,-0.01348561762,-0.004907609255,-0.1983282675,0.002677157704
m3_discounted,1167,-0.0166940689,-0.002118250612,-0.2722222222,0.007918264855
m3_discounted,1168,-0.001611976821,-0.003214052211,-0.1182065217,-0.01191294161
m3_discounted,1169,-0.02213813296,-0.005847590594,-0.1251171509,-0.02677790888
m3_discounted,1170,-0.0395095493,0.003273570408,-0.06990881459,-0.01534198485
m3_discounted,1171,-0.03237997988,0.003053355491,-0.146656535,-0.003430162927
m3_discounted,1172,-0.01936641141,0.003771661311,-0.04623655914,-0.02048096193
m3_discounted,1173,-0.02254496505,0.004588858096,-0.1435035553,0.001631731636
m3_discounted,1174,-0.02869130472,0.00391350673,-0.06270200388,-0.008101809036
m3_discounted,1175,-0.01365503446,0.004889426958,-0.1286133222,0.02956523667
m3_discounted,1176,0.01127265205,-0.003816234629,-0.1807065217,0.007159098972
m3_discounted,1177,-0.0318769977,0.002671284081,-0.1067653277,0.004302424094
m3_discounted,1178,-0.03445430844,0.0004971512492,-0.09032258065,-0.02313280116
m3_discounted,1179,-0.005196383977,-0.002710317261,-0.2623655914,0.007472727881
m3_discounted,1180,-0.01517089627,-0.000356564066,-0.08468002586,0.007633098273
m3_discounted,1181,-0.02589222804,-0.002086550773,-0.0964673913,-0.01869972504
m3_discounted,1182,-0.01937326182,-0.00293925201,-0.1545454545,0.01817270645
m3_discounted,1183,-0.03663041632,0.001853937066,-0.1921182266,-0.009162132706
m3_discounted,1184,-0.02777817681,0.00514980983,-0.1829545455,0.01118481678
m3_discounted,1185,-0.02080068398,-0.0002022946658,-0.1003039514,-0.02388737723
m3_discounted,1186,-0.03165423543,0.001033682506,-0.1862803075,0.009125557851
m3_discounted,1187,-0.003581641027,0.0002945651613,-0.2611111111,-0.007954165309
m3_discounted,1188,-0.009647038288,-0.007504567204,-0.1374926079,-0.009853489476
m3_discounted,1189,-0.02318694537,0.006909545773,-0.1768184506,0.02397057914
m3_discounted,1190,-0.0196616556,0.002344450186,-0.08337595908,0.006350625235
m3_discounted,1191,-0.03027299278,-0.006028003546,-0.1657608696,-0.003569707907
m3_discounted,1192,-0.008792019359,-0.008752925233,-0.1979539642,0.00457835723
m3_discounted,1193,-0.03334676757,0.001681850796,-0.171875,0.0006888018416
m3_discounted,1194,-0.01161776259,0.0003298553576,-0.2556561086,0.01529757312
m3_discounted,1195,-0.004092393082,-0.004391224021,-0.1806239737,0.007182707561
m3_discounted,1196,-0.02812837764,-0.002412782561,-0.132183908,0.009317091173
m3_discounted,1197,-0.0235140442,0.002614465601,-0.1516129032,-0.0115248607
m3_discounted,1198,-0.01619848724,0.0002419373073,-0.1191369606,-0.01358467681
m3_discounted,1199,-0.0222430309,0.002339012729,-0.2287234043,-0.01517458924
m3_discounted,1200,-0.02456165575,0.001490052417,-0.1625615764,0.01225297893
m3_discounted,1201,-0.01439519136,0.001207741285,-0.2462365591,0.009379894444
m3_discounted,1202,0.001951857037,-0.003483091535,-0.1655824956,-0.004333862115
m3_discounted,1203,-0.006203816572,-0.005928081075,-0.15,-0.004494055694
m3_discounted,1204,-0.03745552903,0.006484932181,-0.1559934319,0.009917262895
m3_discounted,1205,-0.02889754714,0.003739127218,-0.2376518219,-0.004939528035
m3_discounted,1206,0.01114024912,-0.005651706738,-0.1696617336,0.02052548933
m3_discounted,1207,-0.03518513017,-0.0003816952999,-0.2138107417,0.01692936621
m3_discounted,1208,-0.02083251087,-0.002431728964,-0.09180722892,-0.003449366869
m3_discounted,1209,0.001188222066,2.897703652e-05,-0.2339901478,0.008618811335
m3_discounted,1210,-0.001391259284,-0.006553478234,-0.1360182371,-0.01675414196
m3_discounted,1211,-0.01948724514,-0.001009218088,-0.2484802432,0.008138280718
m3_discounted,1212,-0.02712842272,0.002203650469,-0.1352272727,0.01336305013
m3_discounted,1213,-0.0155021652,0.0008083036493,-0.1812896406,0.008500575234
m3_discounted,1214,-0.01631671386,-0.004938115556,-0.1159090909,0.006598560244
m3_discounted,1215,0.01486020697,-0.007930784495,-0.1075533662,0.01048892898
m3_discounted,1216,-0.01562563538,-0.0002406116306,-0.1189217759,0.01176821019
m3_discounted,1217,-0.006203915041,-0.005751826949,-0.2074468085,-0.0005213338994
m3_discounted,1218,-0.01612478208,0.003540471326,-0.2020460358,0.01388020186
m3_discounted,1219,-0.02579199303,0.008815387921,-0.01823708207,-0.0305563592
m3_discounted,1220,-0.01239739536,0.001547346931,-0.08337595908,0.0148233157
m3_discounted,1221,-0.009118834761,0.001140183758,-0.1862803075,0.001106348657
m3_discounted,1222,-0.01639294856,-0.006572514475,-0.1444444444,-0.008685976389
m3_discounted,1223,-0.006931649391,-0.001343205995,-0.1127717391,-0.0196039806
m3_discounted,1224,-0.02749611478,0.001004225593,-0.1203429923,0.006707866363
m3_discounted,1225,-0.001665914218,-0.008323655213,-0.1477108434,0.02653698486
m3_discounted,1226,-0.02066381164,-0.003462816441,-0.1688172043,-0.01847748295
m3_discounted,1227,-0.03207907579,-0.001795256732,-0.1109974425,-0.009449700955
m3_discounted,1228,-0.003269504964,-0.004296910227,-0.1888888889,-0.004347883056
m3_discounted,1229,-0.03173715008,-0.000356476042,-0.1449392713,-0.01269026773
m3_discounted,1230,-0.003114313075,-0.002124825268,-0.1064777328,-0.03793389044
m3_discounted,1231,-0.02102026687,-0.001583308527,-0.2409090909,0.02093038404
m3_discounted,1232,-0.02256662661,-0.00106479763,-0.1494565217,-0.002983073164
m3_discounted,1233,-0.02060335691,0.005520577737,-0.1488095238,0.0086285514
m3_discounted,1234,-0.05361445799,0.004019377734,-0.1129509166,-0.005634909084
m3_discounted,1235,-0.03480950794,0.006328422336,-0.2501616031,-0.005280276478
m3_discounted,1236,-0.008643017439,0.001275687115,-0.07450796626,-0.02179353486
m3_discounted,1237,-0.03984572599,0.001337070559,-0.125,-0.02226251495
m3_discounted,1238,-0.03407623429,0.003109676369,-0.1544925663,0.01646501327
m3_discounted,1239,-0.02503972824,0.007395511704,-0.2022727273,-0.004363144708
m3_discounted,1240,-0.02003849357,0.001135480865,-0.1666666667,-0.02871455866
m3_discounted,1241,-0.02247986484,0.002202682557,-0.2075268817,0.01137860464
m3_discounted,1242,-0.008815388324,-0.00295321162,-0.07065217391,-0.0166065682
m3_discounted,1243,-0.003928085944,-0.006164969441,-0.2023270847,0.005442570724
m3_discounted,1244,-0.01749052053,0.002682630222,-0.1327365729,0.00322107448
m3_discounted,1245,-0.01860282834,-0.006341449578,-0.1064777328,-0.01814085703
m3_discounted,1246,-0.002788203653,-0.003677446386,-0.1222222222,-0.009492370962
m3_discounted,1247,-0.00141605262,-0.00203006673,-0.2339901478,0.01694393621
m3_discounted,1248,-0.03234061707,0.000617332817,-0.2237851662,0.01952738453
m3_discounted,1249,-0.02741840228,0.006718919045,-0.1569892473,-0.001753943762
m3_discounted,1250,-0.01778064521,0.001951000982,-0.05555555556,0.007821604032
m3_discounted,1251,-0.03312865979,0.006381058541,-0.0597826087,-0.02205399792
m3_discounted,1252,-0.006553502532,-0.005061116839,-0.08997188379,-0.01037355277
m3_discounted,1253,-0.004552713353,-0.0006355638451,-0.07902735562,-0.02768003595
m3_discounted,1254,-0.02909126749,0.004129785949,-0.07370820669,-0.02170802301
m3_discounted,1255,-0.009571668141,-0.01088853822,-0.3172446111,-0.01129619147
m3_discounted,1256,-0.02171869469,0.0004578746593,-0.05027173913,-0.02267330546
m3_discounted,1257,-0.03135499574,-0.0005094689822,-0.146656535,-0.009846889323
m3_discounted,1258,-0.01790056615,0.002359305743,-0.0623655914,-0.0176945949
m3_discounted,1259,-0.002834174187,-0.004294672317,-0.1956989247,-0.01552468221
m3_discounted,1260,-0.02622268194,-0.0007063715349,-0.1748768473,-0.007705893329
m3_discounted,1261,-0.02578976643,-0.001429114913,-0.07045454545,0.01076989946
m3_discounted,1262,-0.02902088609,0.004059479968,-0.1694263749,-0.007401279139
m3_discounted,1263,-0.01467136998,-0.000415419423,-0.1364915572,0.01335510608
m3_discounted,1264,-0.03887511696,0.003872350965,-0.1579545455,0.008045231643
m3_discounted,1265,-0.009868041652,-0.0005696105199,-0.1045454545,-0.01749655859
m3_discounted,1266,-0.01174101721,0.00246894607,-0.09886363636,-0.001376815218
m3_discounted,1267,-0.03709776038,0.003512810543,-0.06131078224,0.005157851702
m3_discounted,1268,-0.02304223239,-0.001344572838,-0.1277777778,0.004203934697
m3_discounted,1269,-0.02875409974,0.0003759014445,-0.1717171717,-0.02555261738
m3_discounted,1270,-0.02796313368,-0.002528642438,-0.1729745713,0.008258768774
m3_discounted,1271,-0.03633171184,0.003955851508,-0.2002814259,0.03928159298
m3_discounted,1272,-0.009600206064,0.003305917022,-0.1336487286,-0.005940278548
m3_discounted,1273,-0.01737994737,-0.003062845113,-0.1913380737,0.000159703772
m3_discounted,1274,-0.006230831356,-0.01198088411,-0.1170040486,-0.007566905432
m3_discounted,1275,-0.04387596314,0.006419616992,-0.1385869565,-0.01086991346
m3_discounted,1276,-0.01484106054,-0.002259005978,-0.1277777778,-0.01442731729
m3_discounted,1277,-0.03359574268,0.008721392902,-0.2003878474,0.01978838307
m3_discounted,1278,0.0006714018034,0.002926360236,-0.1331521739,-0.002070610719
m3_discounted,1279,0.008077940088,-0.0003727889323,-0.1253799392,-0.01318510084
m3_discounted,1280,0.003662812834,-0.006992754093,-0.09566596195,-0.005114569332
m3_discounted,1281,-0.031788927,0.008290890603,-0.1075268817,-0.02257880399
m3_discounted,1282,-0.01660430223,-0.003775851008,-0.2425,-0.03461971446
m3_discounted,1283,0.008776990283,-0.004294470563,-0.1109422492,-0.007099967032
m3_discounted,1284,-0.02919204245,6.915546446e-05,-0.2460168697,-0.012406958
m3_discounted,1285,-0.03003288537,0.001597648428,-0.2027914614,0.02464292503
m3_discounted,1286,-0.01480386069,-0.006919820687,-0.1236786469,0.005355880989
m3_discounted,1287,0.01098491075,-0.006982579995,-0.2301075269,-0.01276802624
m3_discounted,1288,-0.01344886535,-0.005680872055,-0.1379310345,0.001376228822
m3_discounted,1289,-0.01792847724,0.002402401564,-0.1647807638,-0.03199859239
m3_discounted,1290,-0.02460380872,0.006718286927,-0.2010869565,-0.008867325809
m3_discounted,1291,-0.00111440023,0.0005600481316,-0.1344086022,-0.01546137486
m3_discounted,1292,-0.0088579008,0.002379942766,-0.2069781195,0.009808605091
m3_discounted,1293,0.005811748765,-0.006629210157,-0.2173913043,0.003821301498
m3_discounted,1294,0.006553717881,-0.008277588437,-0.135483871,-0.02011731088
m3_discounted,1295,-0.01468934392,-0.007729431653,-0.150937298,-0.00740327817
m3_discounted,1296,-0.02821618237,0.00117757841,-0.09375,-0.02524546768
m3_discounted,1297,-0.01750053652,-0.002520218541,-0.1638477801,-0.006067421368
m3_discounted,1298,-0.007181212589,-0.003204137155,-0.1555555556,-0.007066101288
m3_discounted,1299,-0.0153048741,-0.003059820006,-0.1527484144,0.01220062783
m3_discounted,1300,-0.0305608277,0.008047192748,-0.03940217391,-0.02364197505
m3_discounted,1301,-0.02946555702,5.963700787e-05,-0.08385542169,0.004108125862
m3_discounted,1302,-0.03278101836,8.645087083e-05,-0.2272727273,-0.01886725109
m3_discounted,1303,-0.01490577358,0.0003592961248,-0.1129509166,-0.008534974377
m3_discounted,1304,-0.03363712511,0.001516863282,-0.111827957,0.0006513007525
m3_discounted,1305,-0.04617338176,0.004300932797,-0.141337386,-0.01830654629
m3_discounted,1306,-0.0331536467,0.004968321852,-0.2378435518,0.008180067842
m3_discounted,1307,-0.01254974849,0.004303659336,-0.2397372742,0.01153957647
m3_discounted,1308,-0.008659632339,0.002862373563,-0.2631713555,0.01738170481
m3_discounted,1309,-0.008163449498,-0.003470738941,-0.1215255333,-0.001001730872
m3_discounted,1310,-0.01961658988,0.003500930776,-0.1074168798,-0.009865995446
m3_discounted,1311,-0.02566725139,-0.0003021265309,-0.1623655914,-0.01033657174
m3_discounted,1312,-0.01843919416,-0.0009607138572,0.01215805471,-0.03805041713
m3_discounted,1313,-0.02758758985,0.004228036294,-0.2202380952,0.01265491123
m3_discounted,1314,-0.04858927437,0.008632499974,-0.222826087,-0.008087603888
m3_discounted,1315,-0.009648631037,-0.004999008601,-0.09444444444,-0.008621779003
m3_discounted,1316,-0.01863243855,0.005873976867,-0.3055555556,0.01600526319
m3_discounted,1317,0.002988552104,0.001140457123,-0.07539917209,-0.01111213217
m3_discounted,1318,-0.0289509967,-0.005064316821,-0.1465909091,-0.004645257838
m3_discounted,1319,-0.04260458799,0.006986711126,-0.1829545455,0.01145504164
m3_discounted,1320,-0.009744479436,0.0006203348707,-0.1913978495,-0.009664691638
m3_discounted,1321,-0.005522230539,-0.002990209095,-0.191190253,-0.004158760149
m3_discounted,1322,-0.0003098774872,0.001036021923,-0.1444444444,-0.01533013943
m3_discounted,1323,-0.02532914762,0.001700221274,-0.111827957,-0.01299069755
m3_discounted,1324,-0.02696129099,0.0004849845125,-0.06666666667,-0.01219632294
m3_discounted,1325,-0.004876846059,-0.01235942302,-0.1581904199,-0.006814794823
m3_discounted,1326,-0.01123296047,0.003987981847,-0.25,-0.007416991428
m3_discounted,1327,-0.0124396648,-0.007653147869,-0.1073369565,-0.02009455814
m3_discounted,1328,-0.01741819369,0.001981195019,-0.1749471459,0.01079083219
m3_discounted,1329,-0.02778057175,-0.002531737052,-0.1833333333,0.004575062167
m3_discounted,1330,-0.0007584153975,-0.003118099542,-0.02777777778,-0.003489611068
m3_discounted,1331,-0.004515173781,-0.002700902609,-0.1408602151,-0.02025190527
m3_discounted,1332,-0.02827046027,0.004613935868,-0.1944444444,-0.005880071263
m3_discounted,1333,-0.003983492688,-0.00500904713,-0.132183908,0.01187334994
m3_discounted,1334,-0.03111047516,0.004237825416,-0.1222222222,0.003543447036
m3_discounted,1335,-0.0203752837,-0.00692078145,-0.1330049261,0.001623175402
m3_discounted,1336,-0.005685965122,-0.003132184898,-0.1849462366,-0.01773313642
m3_discounted,1337,-0.0141933926,-0.00456501452,-0.07924305145,-0.0170956489
m3_discounted,1338,-0.01453884721,0.004663730717,-0.06935332709,-0.03282225884
m3_discounted,1339,0.009195414004,-0.009153630804,-0.2431289641,0.01385436828
m3_discounted,1340,-0.005115076875,-0.002090198269,-0.07749360614,0.009424218469
m3_discounted,1341,-0.01046030961,-0.003072564943,-0.1222222222,-0.01159462205
m3_discounted,1342,-0.001804992078,-0.0009277796861,-0.07065217391,-0.01090168714
m3_discounted,1343,-0.005837498519,-0.006117887131,-0.07370820669,-0.01234331841
m3_discounted,1344,-0.0189784935,0.007081477068,-0.2222222222,0.01515884269
m3_discounted,1345,-0.002943124076,-0.007708422435,-0.1777777778,0.008897034031
m3_discounted,1346,-0.007171578173,0.0001032547843,-0.1789819376,0.009342120308
m3_discounted,1347,0.006070332537,-0.007768199176,-0.2677419355,0.00585830845
m3_discounted,1348,-0.02827911371,-0.0009398394477,-0.1360182371,-0.02434953678
m3_discounted,1349,-0.02895027957,-0.003980778662,-0.0659373152,-0.002424411264
m3_discounted,1350,-0.01394013019,0.0003460548882,-0.1182795699,-0.01712197352
m3_discounted,1351,-0.01704785144,-0.002303409536,-0.03940217391,-0.02013968252
m3_discounted,1352,-0.02171675052,-0.005523507863,-0.1222222222,-0.01061423641
m3_discounted,1353,-0.01784561085,0.0002911851224,-0.123655914,-0.007023781196
m3_discounted,1354,-0.05019529988,0.001304157064,-0.285326087,0.0101670503
m3_discounted,1355,-0.03177181881,0.00279700045,-0.2605708245,0.00813496915
m3_discounted,1356,-0.01069764281,0.0007247346755,-0.06458966565,-0.03289997984
m3_discounted,1357,-0.0255334605,-0.0003980938934,-0.1784946237,-0.003272048758
m3_discounted,1358,-0.008816986607,-0.006106457429,-0.1923890063,0.01626033807
m3_discounted,1359,-0.02594724525,0.004759834086,-0.1344086022,0.003689340362
m3_discounted,1360,-0.02624592473,0.004695792575,-0.132183908,0.006359741348
m3_discounted,1361,-0.007879432826,0.001778873552,-0.01376518219,-0.01427735458
m3_discounted,1362,-0.01732910287,0.0009930206398,-0.1333333333,-0.001092599524
m3_discounted,1363,-0.02183423444,-0.001565724155,0.03655913978,-0.03745445551
m3_discounted,1364,-0.01106355582,-0.0003584232358,-0.1518072289,0.02340774457
m3_discounted,1365,-0.01806250867,0.001581497088,-0.2093596059,0.01301317832
m3_discounted,1366,-0.02305338974,0.008616846807,-0.1253799392,-0.02592395077
m3_discounted,1367,-0.01190049639,-0.008036064854,-0.2397849462,-0.001852455334
m3_discounted,1368,-0.03934181762,0.006786799394,-0.1659090909,-0.01001604828
m3_discounted,1369,-0.03632678768,0.005135080439,-0.1666666667,-0.00641534615
m3_discounted,1370,0.01336000937,-0.00795570184,-0.2010869565,-0.01675350574
m3_discounted,1371,-0.005328266563,-0.004706754429,-0.2215909091,0.01705851408
m3_discounted,1372,-0.02118149222,0.0004533633988,-0.1545454545,-0.006964455079
m3_discounted,1373,-0.02234921749,-0.003114449648,-0.1921182266,-0.007550207508
m3_discounted,1374,-0.02050647746,-0.0007645909268,-0.1555555556,-0.01075757841
m3_discounted,1375,-0.01928477192,-0.002701924104,-0.1781376518,-0.006690208735
m3_discounted,1376,-0.02461971891,0.003685111376,-0.0756302521,-0.02575087792
m3_discounted,1377,-0.02514723014,0.0005743877612,-0.254076087,0.0005876602399
m3_discounted,1378,-0.0102793087,0.001369478694,-0.07419354839,-0.02989186488
m3_discounted,1379,-0.02161052269,-0.002578714798,-0.1387520525,-0.002993883955
m3_discounted,1380,0.0113889865,-0.009868549696,-0.1488636364,0.0004465812432
m3_discounted,1381,-0.02402123295,0.003686854156,-0.191576087,0.003969349644
m3_discounted,1382,-0.01271522206,-0.007893844705,-0.2133928571,0.0480439816
m3_discounted,1383,0.01452371426,-0.005707463085,-0.1722222222,-0.002851994376
m3_discounted,1384,-0.003863293793,-0.001861411082,-0.07956989247,-0.01600625931
m3_discounted,1385,-0.01704915114,0.002854771434,-0.141337386,-0.02790363306
m3_discounted,1386,0.01499138887,-0.01228272295,-0.2320295983,0.008660273897
m3_discounted,1387,-0.01551775679,-0.001602813323,-0.1440217391,0.0005386424413
m3_discounted,1388,-0.01559331698,-0.0007648060182,-0.1127717391,0.01097918863
m3_discounted,1389,0.01748072705,-0.00966530873,-0.1056231003,-0.01312395358
m3_discounted,1390,0.001525628735,0.001819845855,-0.1410408043,0.01278597135
m3_discounted,1391,-0.0344813314,0.003742713503,-0.1295454545,-0.006377039465
m3_discounted,1392,-0.004540326267,-0.0003881968154,-0.1125,0.00382007342
m3_discounted,1393,-0.02695202012,-0.0002946607344,-0.1913380737,-0.0001337022929
m3_discounted,1394,-0.0127990409,0.0006666767381,-0.1215805471,-0.007675302593
m3_discounted,1395,-0.008556673579,0.002043836114,-0.1941838649,0.03086177742
m3_discounted,1396,-0.01152942497,0.0001980409698,-0.1241868717,-0.002144489428
m3_discounted,1397,-0.01838006546,0.004563132486,-0.1823708207,0.002246535873
m3_discounted,1398,0.005301830192,-0.0024593746,-0.08456486043,-0.003253185017
m3_discounted,1399,-0.01236564972,0.001201582028,-0.02905342081,-0.02413521606
m3_discounted,1400,-0.04687348668,0.0001434147462,-0.1352272727,0.007761095648
m3_discounted,1401,-0.0214457408,0.002948055105,-0.119047619,0.0175201259
m3_discounted,1402,-0.02508390143,0.0009083681746,-0.3015513898,0.006720051509
m3_discounted,1403,-0.01135312278,0.001280085615,-0.07608695652,-0.005931789982
m3_discounted,1404,-0.01613630486,-0.001541111596,-0.1079545455,0.01714029396
m3_discounted,1405,-0.001206564807,-0.004195057705,-0.1659090909,0.00552156143
m3_discounted,1406,0.01017803378,-0.00855495475,-0.1674208145,0.007239878538
m3_discounted,1407,-0.01553873436,-0.003965742319,-0.1306990881,-0.01375362726
m3_discounted,1408,0.003106995477,-0.00717605498,-0.203125,-0.0340563112
m3_discounted,1409,-0.04612712742,0.005448477995,-0.2290322581,0.003997649169
m3_discounted,1410,0.0001804505317,-0.001757041487,-0.09032258065,-0.01747896778
m3_discounted,1411,-0.02215397714,0.003462170358,-0.1313131313,-0.01442054304
m3_discounted,1412,-0.01899630385,0.00125774499,-0.2013601419,0.00460467272
m3_discounted,1413,-0.02853219255,-0.00293239207,-0.07918552036,-0.01662336458
m3_discounted,1414,-0.01809650685,-0.0005704848816,-0.17291532,0.007305937806
m3_discounted,1415,-0.03750865602,0.007645184385,-0.2,0.01084797434
m3_discounted,1416,0.005918394853,0.004949642066,-0.15,0.007551594732
m3_discounted,1417,-0.01791857712,0.0006514529318,-0.2108716026,-0.03479822682
m3_discounted,1418,0.0007052674048,0.002270166734,-0.2255754476,0.01657744173
m3_discounted,1419,-0.01800901858,-0.0003885160958,-0.1785714286,0.01831878171
m3_discounted,1420,-0.007460806639,-0.005414785852,-0.09886363636,-0.01275069397
m3_discounted,1421,-0.004314060683,0.000190780996,-0.15625,-0.0236873869
m3_discounted,1422,-0.02625531035,0.00499723361,-0.1956989247,-0.00258141597
m3_discounted,1423,-0.01049009393,0.003459216355,-0.125,-0.004676058285
m3_discounted,1424,-0.003110604055,-0.001196993432,-0.09195402299,-0.007049933461
m3_discounted,1425,0.005959497321,-0.003439096338,-0.003238866397,-0.04168252128
m3_discounted,1426,-0.00184212556,-0.007946185887,-0.1752717391,0.006698478652
m3_discounted,1427,0.001040827601,-0.007476546633,-0.1559036145,0.02087996111
m3_discounted,1428,-0.008113756917,0.00084410238,-0.1358024691,0.01333000404
m3_discounted,1429,-0.02846976668,0.00262816705,-0.2798913043,-0.00639871464
m3_discounted,1430,-0.0003861289991,-0.005944826512,-0.1913319239,-0.007006874026
m3_discounted,1431,-0.02248362221,0.005850423163,-0.1031027796,0.007521040054
m3_discounted,1432,0.003736058536,-0.001410520904,-0.2395833333,-0.00227706311
m3_discounted,1433,-0.009079489959,-0.003250235755,-0.1722222222,-0.0009759882038
m3_discounted,1434,-0.0171268382,-0.006877941463,-0.2431610942,0.002838737179
m3_discounted,1435,0.00952232517,-0.008954451312,-0.1903225806,-0.004121677734
m3_discounted,1436,-0.03069393902,0.008294082241,-0.1012145749,-0.02710840076
m3_discounted,1437,0.02032161558,-0.009127971946,-0.1657831325,0.01751473287
m3_discounted,1438,-0.03681427866,0.001323604846,-0.04427925016,-0.01821080875
m3_discounted,1439,-0.03892853623,-0.0009719058902,-0.2431610942,-0.01413668077
m3_discounted,1440,-0.01915213747,-0.001080258578,-0.06666666667,-0.01632572888
m3_discounted,1441,-0.02249857473,-0.001703501521,-0.1168797954,0.009622255907
m3_discounted,1442,-0.01662281927,-0.001010068978,-0.1876899696,-0.004490219022
m3_discounted,1443,-0.01282212687,0.006746588267,-0.2432065217,-0.0007111843202
m3_discounted,1444,-0.01257508306,-0.004446974206,-0.1307692308,-0.01919938622
m3_discounted,1445,-0.01716514687,0.00609760469,-0.1568181818,-0.005441308842
m3_discounted,1446,-0.025978461,-0.0009665715536,-0.2717900656,-0.01900973849
m3_discounted,1447,-0.02811216373,0.001618231747,-0.07307060755,-0.01357813858
m3_discounted,1448,-0.02646728597,-0.001688168079,-0.116794796,0.003261374665
m3_discounted,1449,-0.01733505442,0.001903137392,-0.1518072289,0.02495341578
m3_discounted,1450,-0.02293640009,-0.0005852642799,-0.1129032258,-0.02542700226
m3_discounted,1451,-0.02367289607,0.001576891592,-0.2708456535,0.00516026105
m3_discounted,1452,-0.002596805456,0.0004877984546,-0.1395730706,-0.008499609996
m3_discounted,1453,-0.02490866253,0.001655615427,-0.1469344609,0.02856726994
m3_discounted,1454,0.004032013539,-0.0108694075,-0.1182795699,-0.01300355115
m3_discounted,1455,-0.04642458045,-0.0001211087,-0.04578005115,0.001161875908
m3_discounted,1456,-0.02074265772,-0.002043114725,-0.1409090909,0.01551452486
m3_discounted,1457,-0.01747371669,-0.0004755736257,-0.1987718164,-0.000784207688
m3_discounted,1458,-0.01867935191,-0.001878890074,-0.1388888889,-0.007630627946
m3_discounted,1459,-0.02012131004,0.001560167399,-0.1387755102,-0.03906813788
m3_discounted,1460,-0.02891859198,0.00525651877,-0.08888888889,0.006035309137
m3_discounted,1461,-0.03118493273,0.004937169527,-0.1050420168,-0.009725884597
m3_discounted,1462,-0.02664141334,0.001008403022,-0.1547619048,0.02590233965
m3_discounted,1463,0.004468654879,-0.01055577369,-0.2677419355,0.00750315475
m3_discounted,1464,-0.03126854176,0.005110011906,-0.1611111111,0.006974320696
m3_discounted,1465,-0.02811764211,0.005259913981,-0.1494565217,-0.01497508277
m3_discounted,1466,-0.0155482576,-0.001890709816,-0.09444444444,0.006170696789
m3_discounted,1467,-0.01477328785,0.002039696377,-0.1923890063,0.01194801224
m3_discounted,1468,-0.009941708681,-0.01073330554,-0.2111111111,0.01971977428
m3_discounted,1469,-0.02192405848,-0.004769637538,-0.1325145443,-0.01284171462
m3_discounted,1470,-0.003355396737,-0.005611848195,-0.1083743842,0.008573546472
m3_discounted,1471,-0.03766652909,0.008048177919,-0.04977375566,-0.01418467341
m3_discounted,1472,-0.004856064415,-0.002231485625,-0.07963875205,4.091746299e-05
m3_discounted,1473,-0.01710053214,-0.007016239504,-0.1215255333,-0.003702677786
m3_discounted,1474,-0.01621647386,-0.006779651601,-0.0875,-0.01982375199
m3_discounted,1475,-0.0188268953,0.002892158938,-0.1717325228,0.002283906677
m3_discounted,1476,-0.02271852805,0.002482923522,-0.0896656535,-0.008216813605
m3_discounted,1477,0.01269365867,-0.01057961817,-0.191576087,0.0001127008834
m3_discounted,1478,-0.02056818888,-0.001074693938,-0.1655824956,0.005160486833
m3_discounted,1479,-0.008527569143,-0.001148152483,-0.1930091185,0.008070515712
m3_discounted,1480,-0.01588768941,0.003248131642,-0.2152553329,0.006576983881
m3_discounted,1481,-0.01212390535,-0.004485996866,-0.2196930946,0.01747822517
m3_discounted,1482,-0.01214767826,0.002643196795,-0.2220579539,0.01314649966
m3_discounted,1483,-0.01767630531,0.001063012861,-0.1064516129,-0.02861284378
m3_discounted,1484,0.005807368919,-0.004822033547,-0.1055555556,-0.01233696707
m3_discounted,1485,-0.03103114968,0.002863332796,-0.2472826087,-0.00852937711
m3_discounted,1486,-0.01313454691,-0.002740341393,-0.0625,-0.004800849308
m3_discounted,1487,-0.01153837563,-0.003592590468,-0.2829545455,0.02557655943
m3_discounted,1488,0.003829802168,-0.009345593125,-0.0978710822,0.001657520214
m3_discounted,1489,-0.008203169447,-0.001516234767,-0.15,-0.009017671666
m3_discounted,1490,0.01233071429,-0.0009481784125,-0.2344086022,-0.001321113195
m3_discounted,1491,-0.02904007279,0.002511010069,-0.1331521739,-0.01242251367
m3_discounted,1492,-0.01156327181,-0.001126140566,-0.1034482759,-0.002368618208
m3_discounted,1493,-0.03527751766,0.00400888583,-0.1360182371,-0.01265865644
m3_discounted,1494,-0.03283740674,-0.0001757265336,-0.18066233,-0.002118081296
m3_discounted,1495,0.02117546019,-0.0006687927772,-0.1674208145,-0.00174331477
m3_discounted,1496,-0.005706897923,0.0007672473907,-0.1264367816,-0.005060462744
m3_discounted,1497,-0.01542390641,-0.002070433087,-0.1820971867,0.01394051966
m3_discounted,1498,0.008768274074,-0.001388810782,-0.09569892473,-0.00842371058
m3_discounted,1499,-0.03500897284,0.01059525344,-0.1643763214,0.02606111723
m3_discounted,1500,-0.02484501917,0.004266884219,-0.1681818182,-0.009872737135
m3_discounted,1501,-6.289253822e-05,-0.002900136406,-0.1602272727,0.001484108707
m3_discounted,1502,-0.01891178081,0.004314636634,-0.1353065539,-0.007806523848
m3_discounted,1503,-0.01230466707,-0.003539845756,-0.1427109974,0.003997469727
m3_discounted,1504,-0.006140461215,-0.004234750345,-0.1451612903,-0.007458476226
m3_discounted,1505,-0.01572063865,-0.004646148267,-0.1768184506,0.02117917651
m3_discounted,1506,-0.008881849693,0.003505790894,-0.130575307,0.01713656285
m3_discounted,1507,-0.004019757144,-0.003051366877,-0.08888888889,-0.01325528203
m3_discounted,1508,-0.01898960749,-0.004032202403,-0.1659090909,0.002162358324
m3_discounted,1509,-0.0002646742596,-0.00450148061,-0.2129032258,-0.0148382056
m3_discounted,1510,0.006414718108,-0.006442150091,-0.1291497976,-0.02863258642
m3_discounted,1511,-0.02717065247,0.0001649325109,-0.1055555556,0.01510652797
m3_discounted,1512,-0.01331495678,8.292446645e-06,-0.1564318035,0.008060271685
m3_discounted,1513,-0.02879065001,-0.002992303309,-0.1607287449,-0.005841153005
m3_discounted,1514,-0.01391976453,-0.007441298179,-0.2271255061,-0.02077025397
m3_discounted,1515,-0.00727681084,-0.003212347407,-0.2333333333,-0.00724076019
m3_discounted,1516,-0.006125135648,-0.001287519733,-0.02429149798,-0.02119413489
m3_discounted,1517,-0.003721592797,-0.001817830217,-0.120971867,0.0004303593297
m3_discounted,1518,-0.001329347312,-0.001596357166,-0.197865353,0.008768927217
m3_discounted,1519,-0.02388821559,-0.0006841014567,-0.1091954023,-0.01168994007
m3_discounted,1520,-0.01840479433,-0.004482147384,-0.1448846836,-0.007544828423
m3_discounted,1521,-0.02282585989,-0.003367585461,-0.2013601419,0.01038206146
m3_discounted,1522,-0.02959414654,0.004111070121,-0.1551724138,0.009072633008
m3_discounted,1523,-0.01753260555,0.0001054232394,-0.2841945289,0.002722480318
m3_discounted,1524,-0.007642628233,0.0008920794144,-0.1865750529,0.003855170641
m3_discounted,1525,-0.04574726504,0.007755141143,-0.09193245779,0.01634949824
m3_discounted,1526,-0.005720285848,-0.003184968173,-0.1055555556,-0.008097700287
m3_discounted,1527,-0.03812161077,0.003278139884,-0.129076087,-0.009765367597
m3_discounted,1528,-0.01041895131,0.002437504242,-0.1666666667,0.02343623796
m3_discounted,1529,0.001075164865,-0.004313595267,-0.2197590361,0.0184765778
m3_discounted,1530,0.008237537173,-0.004540307264,-0.2031342401,0.003280552308
m3_discounted,1531,0.005522092018,-0.005315736375,-0.1744897959,-0.0131321529
m3_discounted,1532,0.003605217485,0.00299400462,-0.1564318035,-0.008464142799
m3_discounted,1533,-0.0150125525,0.005401007563,-0.1469344609,0.008215383747
m3_discounted,1534,0.006169755658,-0.007109715085,-0.1440217391,0.005809162869
m3_discounted,1535,-0.02669155482,-0.001805689361,-0.1215255333,-0.00290931724
m3_discounted,1536,-0.00810448939,0.0008297806873,-0.07854251012,-0.001899186688
m3_discounted,1537,-0.01553328043,0.002492412547,-0.1580338266,0.007632957787
m3_discounted,1538,-0.04351923896,0.004445366857,-0.2436575053,0.0150872839
m3_discounted,1539,-0.02299539958,0.003681120437,-0.1991902834,-0.003178273618
m3_discounted,1540,-0.002698635433,6.157230886e-06,-0.144499179,0.02626396132
m3_discounted,1541,-0.008292806228,0.0001369270528,0.01766304348,-0.01880515895
m3_discounted,1542,-0.006996029589,-0.001872778427,-0.04886363636,0.0003086843063
m3_discounted,1543,-0.005555580856,0.002366454313,-0.181547619,0.01958945443
m3_discounted,1544,-0.03620034729,-0.006794027767,-0.1458333333,-0.02368725035
m3_discounted,1545,-0.02036305941,-0.001441455977,-0.15625,-0.02071163289
m3_discounted,1546,-0.002263165528,0.001717986566,-0.1968325792,-0.002492299667
m3_discounted,1547,-0.006996278595,-0.003043158155,-0.2282430213,0.02235271286
m3_discounted,1548,-0.01910222365,0.002402449678,-0.1625,-0.002518732606
m3_discounted,1549,-0.02934499152,-0.001936820516,-0.1768184506,0.003547790365
m3_discounted,1550,0.001694393836,0.0006541154193,-0.197865353,-0.002591411746
m3_discounted,1551,-0.006830084513,-0.001955227661,-0.02779573368,-0.02514241776
m3_discounted,1552,-0.0006219663488,-0.005192036403,-0.2238554217,0.01398329168
m3_discounted,1553,-0.02052180139,-0.0004071827713,-0.08746803069,0.003781124795
m3_discounted,1554,-0.01317235516,0.003135134223,-0.2431289641,0.02650527085
m3_discounted,1555,-0.03351340625,0.002255756512,-0.1979166667,-0.02872417648
m3_discounted,1556,-0.0001373230251,-0.008974488742,-0.2068181818,0.001641321355
m3_discounted,1557,-0.01502773698,0.0005974554762,-0.1617386162,0.02140776043
m3_discounted,1558,-0.02454393022,0.007147707562,-0.1198686371,0.02255982043
m3_discounted,1559,-0.02246609521,0.0007303191883,-0.1302717901,-0.02375863224
m3_discounted,1560,-0.01729191725,0.003019703516,-0.07222222222,-0.01836135338
m3_discounted,1561,-0.004773325176,-0.006324708404,-0.1306990881,-0.02281778404
m3_discounted,1562,-0.005399241504,-0.003934512362,-0.244529864,0.01808526188
m3_discounted,1563,-0.02090545467,-0.003700415616,-0.1186234818,-0.02305615869
m3_discounted,1564,0.006334560458,-0.01050063511,-0.1623481781,-0.03092426195
m3_discounted,1565,-0.02040732953,-0.009194779318,-0.1295454545,-0.005199339773
m3_discounted,1566,0.01453746254,-0.001079813555,-0.1277777778,0.01151682857
m3_discounted,1567,0.003545132587,-0.003811954448,-0.2055555556,0.01011972376
m3_discounted,1568,-0.005611468112,-0.002548902893,-0.1784098255,-0.006828435965
m3_discounted,1569,-0.01484086488,-0.003637298004,-0.1544757033,0.009521391263
m3_discounted,1570,0.006032185928,-0.006337116129,-0.1111111111,-0.004681321212
m3_discounted,1571,-0.01119766067,-0.003028626209,-0.1617405583,0.007642354666
m3_discounted,1572,-0.01797708046,-0.001656533964,-0.1440217391,-0.01106094927
m3_discounted,1573,-0.01039292773,0.002111406162,-0.1,-0.008488051363
m3_discounted,1574,-0.01748475062,-0.00291250445,-0.1644021739,-0.01033775518
m3_discounted,1575,-0.01065589299,-0.002120939099,-0.1979539642,0.02722308892
m3_discounted,1576,0.001118637685,-0.01040804686,-0.1091954023,0.007570048334
m3_discounted,1577,-0.01631222661,-0.001743957891,-0.2151067323,0.01003009243
m3_discounted,1578,0.01671392411,-0.00695425317,-0.1644021739,-0.01619135668
m3_discounted,1579,-0.00988162385,-0.001505162635,-0.197865353,0.00687700588
m3_discounted,1580,-0.005873669996,-0.003086600609,-0.1677419355,-0.0002370111849
m3_discounted,1581,-0.004121981668,-0.0006325143364,-0.1448846836,0.008825685753
m3_discounted,1582,-0.01531356123,0.00336494106,-0.1860356139,-0.01878437335
m3_discounted,1583,0.007512603372,-0.003165650262,-0.1172839506,0.00694814106
m3_discounted,1584,-0.02325012522,0.0009262574248,-0.2074468085,0.001509079771
m3_discounted,1585,-0.002813638445,-0.0001258457359,-0.1548913043,0.001632290532
m3_discounted,1586,-0.02737962898,-0.003982368812,-0.2684729064,0.01226124106
m3_discounted,1587,-0.00037203476,-0.003831881216,-0.1302083333,-0.01390469453
m3_discounted,1588,-0.01363190724,-0.003793992793,-0.2595108696,0.01724085488
m3_discounted,1589,-0.0216938839,-0.003013605751,-0.1705357143,0.03695283453
m3_discounted,1590,-0.002824242301,-0.005446095609,-0.1976744186,0.01318409125
m3_discounted,1591,-0.01659914112,0.002312842335,-0.1354264292,-0.02061962841
m3_discounted,1592,-0.02389318573,0.005407064363,-0.2489429175,-0.002519683978
m3_discounted,1593,-0.008862368661,-0.001583252087,-0.1049382716,0.001559202845
m3_discounted,1594,-0.03472368456,0.004293297308,-0.2065217391,0.009226247198
m3_discounted,1595,-0.01739659199,0.003271276721,-0.193452381,0.01333241643
m3_discounted,1596,-0.005630291381,-0.003947555246,-0.1056231003,-0.001066761096
m3_discounted,1597,0.00407329122,-0.002128176439,-0.152685422,0.003648470488
m3_discounted,1598,-0.02248237621,-0.002492291622,-0.2298795181,0.0316413265
m3_discounted,1599,-0.006303588135,-0.001147706391,-0.150937298,-0.02206315092
m3_discounted,1600,-0.02567166454,-0.005283231844,-0.09677419355,-0.01561036359
m3_discounted,1601,-0.04210407717,0.004122355997,-0.1197590361,-0.005318304703
m3_discounted,1602,-0.02890248585,-0.001731000594,-0.1722222222,-0.001884256624
m3_discounted,1603,-0.02698416858,0.005245503351,-0.1272577997,0.008773462813
m3_discounted,1604,-0.001838185806,-0.002864716622,-0.119047619,0.0117145635
m3_discounted,1605,-0.02404932361,0.006933290006,-0.1111768185,-0.01802484166
m3_discounted,1606,-0.02133315316,0.003587643719,-0.05496828753,-0.01227618548
m3_discounted,1607,-0.02832570687,0.005773953463,-0.03776683087,-0.02589584565
m3_discounted,1608,0.006547444731,-0.006518773945,-0.1206896552,-0.004180490648
m3_discounted,1609,-0.02613900106,0.002986863214,-0.1168478261,-0.02187485266
m3_discounted,1610,-0.01995606478,-0.003174622644,-0.08695652174,-0.01934377314
m3_discounted,1611,-0.03710086948,0.00651362838,-0.1504559271,-0.01393688516
m3_discounted,1612,-0.001965138776,-0.0009434028347,-0.1766304348,0.008648501334
m3_discounted,1613,-0.03135268007,0.001695043795,-0.123655914,-0.006572170897
m3_discounted,1614,-0.0004976469209,-0.001105954574,-0.1465909091,0.004443763786
m3_discounted,1615,-0.004528795164,-0.005424615245,-0.1750443525,-0.001544590994
m3_discounted,1616,-0.01210116086,0.002446638511,-0.03888888889,-0.03945757012
m3_discounted,1617,-0.0137912832,0.0002875964898,-0.1657608696,0.003633614404
m3_discounted,1618,-0.01464811788,-0.002675032661,-0.2651785714,0.02733725558
m3_discounted,1619,-0.03204836967,0.001017407285,-0.1462365591,-0.02037158511
m3_discounted,1620,-0.01550899296,0.001649409277,-0.2603238866,-0.00851203888
m3_discounted,1621,-0.0202702318,0.006250718141,-0.1913380737,-0.003386575189
m3_discounted,1622,-0.003825137901,-0.002537970861,0.005050505051,-0.03915564093
m3_discounted,1623,-0.01914488409,0.002306141833,-0.1633192389,0.01037017659
m3_discounted,1624,-0.01594991607,0.0003719831935,-0.167611336,-0.01524071033
m3_discounted,1625,-0.02187187305,0.005946673066,-0.08932346723,0.006330430034
m3_discounted,1626,-0.01367325434,7.611258335e-05,-0.1109974425,0.01216326649
m3_discounted,1627,-0.02688774308,0.004313720666,-0.1516129032,-0.002264439987
m3_discounted,1628,-0.0219634766,0.0032867375,-0.2283950617,0.02267533726
m3_discounted,1629,0.002670167667,-0.008562039264,-0.09433198381,-0.02603464568
m3_discounted,1630,-0.01394552909,-0.003329396106,-0.08855850032,-0.03263935419
m3_discounted,1631,-0.02363769833,0.003935452203,-0.1555555556,-0.008674789432
m3_discounted,1632,-0.004813371368,-0.002485267863,-0.1683087028,-0.008026047233
m3_discounted,1633,-0.01942426171,-0.002652641223,-0.1785714286,0.01898583844
m3_discounted,1634,0.007025658388,-0.009357545113,-0.2074468085,-0.01499705151
m3_discounted,1635,-0.02724034298,0.01009838272,-0.1336734694,-0.02595768192
m3_discounted,1636,-0.00514454218,0.0004779704246,-0.2550607287,-0.01206364619
m3_discounted,1637,-0.01396940632,-0.0002477537554,-0.2031342401,0.001661494975
m3_discounted,1638,0.02231281225,-0.003221512886,-0.09782608696,0.00259082235
m3_discounted,1639,0.002775939083,-0.00495733949,-0.2372333549,0.005346507174
m3_discounted,1640,-0.02985795421,-0.0002164491611,-0.1354228267,-0.01095787177
m3_discounted,1641,-0.004424298115,-0.00163935303,-0.1468030691,-0.01098578077
m3_discounted,1642,-0.02611177252,0.0009495813308,-0.1330049261,-0.001259038105
m3_discounted,1643,-0.02397501941,0.0001038993046,-0.1666666667,-0.01695880241
m3_discounted,1644,-0.008688117951,-0.003769514602,-0.1589673913,-0.007349216464
m3_discounted,1645,-0.01786018724,0.002471513575,-0.2145877378,0.008902057905
m3_discounted,1646,-0.04053392593,0.001954069389,-0.2129032258,0.006733984396
m3_discounted,1647,-0.01376169398,0.0007708846397,-0.1003039514,-0.01527559915
m3_discounted,1648,-0.02548651577,-7.036230428e-05,-0.1451612903,-0.003091032763
m3_discounted,1649,0.001651928291,-0.001500870467,-0.1833333333,0.007163660801
m3_discounted,1650,-0.03451947175,0.00237721563,-0.1129032258,-0.01019735534
m3_discounted,1651,-0.002890992904,-0.004491413863,-0.2010752688,-0.006951250899
m3_discounted,1652,-0.05623743555,0.008503480862,-0.2352272727,0.01102882145
m3_discounted,1653,-0.01237050444,0.003481653147,-0.1127717391,-0.0130992005
m3_discounted,1654,-0.01252349183,-0.0036194115,-0.2623655914,0.0002508461912
m3_discounted,1655,0.005208819484,-0.004666274819,-0.1545454545,0.0090766556
m3_discounted,1656,-0.009542682249,-0.002650836145,-0.06819650937,-0.01706646557
m3_discounted,1657,-0.03529543889,0.0006009880177,-0.2795733678,0.004689058526
m3_discounted,1658,0.001393557944,-0.004328029885,-0.1306990881,-0.004722193354
m3_discounted,1659,-0.01078174685,-0.003317902934,-0.1435035553,-0.003915835391
m3_discounted,1660,-0.03478292159,0.005751592061,-0.1659090909,0.008753572638
m3_discounted,1661,-0.01468300118,0.0007475174028,-0.140625,-0.01562255186
m3_discounted,1662,-0.0264687499,-0.0002172969564,-0.1575052854,-0.008321791529
m3_discounted,1663,-0.01592164088,0.004063764757,-0.1222222222,-0.01177437888
m3_discounted,1664,-0.01534619352,0.004487145077,-0.2182795699,0.004471571259
m3_discounted,1665,-0.008585553821,-0.006495062677,-0.1545454545,0.003426872734
m3_discounted,1666,-0.0070506134,-0.003489429424,-0.007687758723,-0.01411292426
m3_discounted,1667,-0.03174860452,0.007345419362,-0.1055555556,0.008251913399
m3_discounted,1668,-0.03767210247,0.003024964253,-0.1598214286,0.03992461989
m3_discounted,1669,-0.008829504157,-0.002508665465,-0.1681818182,0.008149735863
m3_discounted,1670,-0.009957676211,-0.005816288535,-0.1902813299,0.003752268072
m3_discounted,1671,-0.02082554813,0.00319216473,-0.2021505376,-0.02121683315
m3_discounted,1672,-0.02996979839,0.005800617918,0.003548196334,-0.02172055891
m3_discounted,1673,-0.03824108164,0.004417797861,-0.128030751,0.00878876399
m3_discounted,1674,-0.001969267743,-0.007863057701,-0.1458333333,0.02514911768
m3_discounted,1675,-0.008844588461,-0.004491361684,-0.1519756839,-0.005783876719
m3_discounted,1676,-0.01059302733,-0.004925539201,-0.1569892473,-0.005499403957
m3_discounted,1677,0.007052914611,-0.01197034248,-0.09226190476,0.01087726127
m3_discounted,1678,-0.0123135592,0.002794410669,-0.09566596195,0.006098402423
m3_discounted,1679,0.008588811163,0.0007415165271,-0.2314901593,-0.01341316895
m3_discounted,1680,-0.01121119323,-0.002975137876,-0.1585623679,0.03516834241
m3_discounted,1681,-0.01106806674,0.004225311288,-0.2182140745,0.009807800583
m3_discounted,1682,-0.02874905112,0.008980132823,-0.1991902834,-0.009559268283
m3_discounted,1683,-0.0076460571,-0.005977054885,-0.2604166667,-0.00649397385
m3_discounted,1684,-0.02521058523,0.00345430505,-0.1823708207,0.001976455673
m3_discounted,1685,-0.005999553162,-0.004508117658,-0.1481481481,0.02374834537
m3_discounted,1686,0.0003897977339,0.0008205208034,-0.1448846836,0.01048603906
m3_discounted,1687,-0.004193708092,-0.005375785229,-0.2501616031,0.01761684189
m3_discounted,1688,-0.03090516898,-0.0009864445418,-0.1997442455,0.02469141057
m3_discounted,1689,0.007949304132,-0.006338171397,-0.09609698403,-0.01472401875
m3_discounted,1690,-0.02166279802,0.003131302801,-0.07902735562,-0.01194131366
m3_discounted,1691,-0.005821180284,-0.006627850679,-0.234375,-0.02340088003
m3_discounted,1692,-0.02636634243,0.002665351385,-0.1625615764,0.01621928882
m3_discounted,1693,-0.02877267939,-0.0009717832744,-0.2296675192,0.01372181874
m3_discounted,1694,0.007488976371,-0.00623796719,-0.2446670976,0.01011766314
m3_discounted,1695,0.0006449382115,0.001418227644,-0.1673565937,-0.004069199336
m3_discounted,1696,-0.003489532673,-0.006890194105,0.001616031028,-0.02534692526
m3_discounted,1697,-0.026759982,0.0007669258936,-0.1505026611,-0.00943873812
m3_discounted,1698,-0.01298308463,-0.004958552217,-0.07222222222,-0.02074950567
m3_discounted,1699,-0.01640290146,-0.005128370502,-0.1149425287,0.007286677754
m3_discounted,1700,-0.003737596237,-0.00257688624,-0.1083743842,0.01067774731
m3_discounted,1701,-0.03303531611,0.005297008187,-0.07744565217,0.002321911842
m3_discounted,1702,-0.01173682007,-0.006624671266,-0.1150895141,0.005962567891
m3_discounted,1703,-0.01962176333,-0.002155245702,-0.1012145749,-0.0205953449
m3_discounted,1704,-0.01037057481,-0.008205121168,-0.2138107417,0.01900270266
m3_discounted,1705,-0.01221200052,-0.003865254347,-0.1858435682,0.00160586652
m3_discounted,1706,0.002627057351,-0.00552999867,-0.155775076,-0.00963813431
m3_discounted,1707,-0.007154553628,-0.005541938311,-0.1222222222,0.00183531626
m3_discounted,1708,-0.03489363588,0.005241500906,-0.1131078224,0.005380390197
m3_discounted,1709,-0.02750061015,0.008199826089,-0.1975162626,0.004802779349
m3_discounted,1710,-0.0135838311,-0.002256328036,-0.1909090909,0.01766946898
m3_discounted,1711,-0.0351766237,0.005159299876,-0.07924305145,-0.009300404947
m3_discounted,1712,0.0227997103,-0.01001324168,-0.06183932347,-0.003812834915
m3_discounted,1713,-0.01466694919,0.003150770915,-0.1655824956,0.005595185032
m3_discounted,1714,-0.007681290296,-0.002420757852,0.007110536522,-0.02438985231
m3_discounted,1715,-0.04908089918,0.009996109521,-0.1664133739,-0.01086461856
m3_discounted,1716,-0.01888214801,0.007975750487,-0.07311827957,-0.002570285964
m3_discounted,1717,-0.00825314419,-0.003736735751,-0.1290322581,-0.008921939295
m3_discounted,1718,-0.02076444191,0.0001607260182,-0.1279761905,0.01730028459
m3_discounted,1719,-0.01383810916,-0.001562252758,-0.1654170572,-0.02005608989
m3_discounted,1720,-0.006559908121,-0.004761810001,-0.06978119456,-0.01414202994
m3_discounted,1721,0.00738661587,-0.00535305464,-0.1623655914,0.009913329785
m3_discounted,1722,-0.03363173992,0.003413744128,-0.1752717391,-0.001303286338
m3_discounted,1723,-0.01168638665,0.001352081931,-0.05602536998,-0.006737221816
m3_discounted,1724,-0.008309996653,-0.001082314608,-0.1440217391,-0.009719972913
m3_discounted,1725,-0.02401289464,0.003683312809,-0.1339285714,0.004651307098
m3_discounted,1726,0.001259040381,-0.007260529615,-0.2102272727,0.003741992966
m3_discounted,1727,-0.03350842731,0.003031944225,-0.1294642857,0.02904823265
m3_discounted,1728,-0.02742371866,0.003376576427,-0.1380090498,-0.002845376073
m3_discounted,1729,-0.01433862605,-0.002317593282,-0.2129032258,-0.009823269977
m3_discounted,1730,-0.02675329749,0.004691971434,-0.1031027796,-0.005558418942
m3_discounted,1731,-0.03231885338,0.009674897248,-0.1569892473,-0.02054435976
m3_discounted,1732,-0.04483398343,0.007172691921,-0.1522198732,0.008181028527
m3_discounted,1733,0.01520640687,-0.002750125984,-0.1333333333,-0.001104964005
m3_discounted,1734,-0.02960242186,0.007745551857,-0.1277777778,0.001889657778
m3_discounted,1735,-0.008876677097,-0.001523515257,-0.2159090909,0.01558330972
m3_discounted,1736,-0.03399461169,0.00133406554,-0.09659090909,0.01843111091
m3_discounted,1737,-0.02358359322,-0.003053607147,-0.1003039514,-0.02750933241
m3_discounted,1738,-0.01782673097,0.002905155055,-0.1644021739,0.002728035832
m3_discounted,1739,-0.02232124648,0.0007282093705,-0.1464059197,0.008645347902
m3_discounted,1740,-0.004937911851,-0.004142611071,-0.1754756871,0.02315719286
m3_discounted,1741,-0.001186623982,-0.008237542017,-0.2591836735,-0.01153917393
m3_discounted,1742,-0.04059478134,-0.001811578904,-0.1077108434,-4.294987597e-05
m3_discounted,1743,-0.03031751237,-0.0007959800804,-0.1275303644,-0.01689055161
m3_discounted,1744,-0.008183524702,0.001522438788,-0.1858435682,0.008692122837
m3_discounted,1745,-0.0278254718,-0.0005585284337,-0.08888888889,0.0005429840735
m3_discounted,1746,-0.03705341065,0.003091978678,-0.1041666667,0.01943413456
m3_discounted,1747,-0.004721018339,-0.00820051864,-0.3039513678,-0.0207183057
m3_discounted,1748,-0.007906599058,-0.005152103338,-0.1236786469,-0.003512051196
m3_discounted,1749,0.01885986848,-0.006418581491,-0.223832052,0.01890912058
m3_discounted,1750,-0.01249977288,-0.005224726868,-0.2129032258,0.0002943146281
m3_discounted,1751,-0.03275657772,0.001323409301,-0.1291497976,-0.02529469358
m3_discounted,1752,-0.04007709741,0.004485627923,-0.1397849462,0.0009530172727
m3_discounted,1753,-0.003380900244,-0.002249852463,-0.2344086022,0.007605012
m3_discounted,1754,-0.00142101343,-0.001342389683,-0.1105365223,-0.02557638654
m3_discounted,1755,0.001616622842,-0.002011461559,-0.07777777778,-0.01415456414
m3_discounted,1756,-0.003518617704,0.0003148566706,-0.1344129555,-0.02809619309
m3_discounted,1757,-0.02357633217,0.004834871074,-0.1938618926,0.02491590054
m3_discounted,1758,-0.02062113317,0.001763986678,-0.1222672065,-0.01813576213
m3_discounted,1759,0.005339265155,-0.001622330161,-0.1384615385,0.01032438168
m3_discounted,1760,-0.01186145659,0.005459085259,-0.1677419355,-0.01211163923
m3_discounted,1761,0.0001666404163,-0.006393826241,-0.1755952381,0.02440041977
m3_discounted,1762,0.007289363062,-0.002545835236,-0.1405919662,0.006590145458
m3_discounted,1763,-0.04211446313,0.003308374221,-0.1603580563,0.01247286826
m3_discounted,1764,-0.04075426705,0.002889966773,-0.2119565217,0.005914479339
m3_discounted,1765,-0.006611789008,-0.007046753761,-0.2173913043,0.00772487292
m3_discounted,1766,0.004232560905,-0.003919753667,-0.06416321703,-0.01871457199
m3_discounted,1767,-0.03581695238,-0.0006992388152,-0.1182795699,-0.03014684852
m3_discounted,1768,-0.02676684105,-0.001213783441,-0.06270200388,-0.01056658184
m3_discounted,1769,-0.02412729494,0.0006939199063,-0.1444444444,-0.009375510709
m3_discounted,1770,-0.006708125052,0.001270805726,-0.2436575053,0.02326060643
m3_discounted,1771,-0.01604994529,-0.01214054378,-0.1166666667,0.01298550955
m3_discounted,1772,-0.006972297616,-0.004782065977,-0.009372979961,-0.01011641088
m3_discounted,1773,0.01805816234,-0.005618284677,-0.1102272727,-0.0007957661777
m3_discounted,1774,0.0004148086398,-0.006359974313,-0.1797590361,0.01567501162
m3_discounted,1775,-0.03723003324,0.003523851343,-0.273556231,-0.01240705349
m3_discounted,1776,-0.01781654983,0.006628597865,-0.1607287449,-0.007724528171
m3_discounted,1777,-0.04342679148,0.006082385828,-0.1488636364,-0.004171627347
m3_discounted,1778,-0.01830309833,-0.0004641895588,-0.1440217391,-0.01251361987
m3_discounted,1779,-0.03776733282,0.0048009939,-0.0597826087,-0.00880219721
m3_discounted,1780,-0.03745053912,-0.003562643982,-0.1681818182,0.005046834227
m3_discounted,1781,0.01828315306,-0.007098560627,-0.1748768473,0.00438148086
m3_discounted,1782,-0.007592139494,-0.004933038072,-0.2142857143,-0.006097206278
m3_discounted,1783,-0.04553538497,0.01024285499,-0.2333333333,0.02818952481
m3_discounted,1784,9.524345302e-05,-0.004195253676,-0.1435035553,0.002072818542
m3_discounted,1785,-0.03210872275,0.003827736019,-0.09513742072,0.003988921696
m3_discounted,1786,0.02271881256,-0.003792121326,-0.160326087,-0.001949071954
m3_discounted,1787,0.0003553444827,-0.006759723518,-0.161926309,-0.006864938611
m3_discounted,1788,-0.026182536,0.006232100894,-0.1617405583,0.02295199571
m3_discounted,1789,-0.03885985193,0.01051119848,-0.0744047619,-0.006224451449
m3_discounted,1790,-0.02926385584,0.00376817179,-0.1508903468,-0.01452833591
m3_discounted,1791,0.0006108663946,-0.002475443744,-0.1617405583,0.0114457129
m3_discounted,1792,-0.02540487566,-0.002497063917,-0.08288043478,-0.001178886213
m3_discounted,1793,-0.03131827335,0.00979320699,-0.09895833333,-0.01638444146
m3_discounted,1794,-0.008867146597,-0.007280617795,-0.1644501279,0.01665000362
m3_discounted,1795,-0.00697402892,-8.530975806e-05,-0.1555555556,0.008459109736
m3_discounted,1796,-0.02569325157,0.0002003126772,-0.2688172043,-0.002543102966
m3_discounted,1797,-8.890934103e-05,-0.005709141296,-0.2064516129,-0.004327893726
m3_discounted,1798,-0.01100808468,-0.002369976106,-0.09211376858,-0.01663781108
m3_discounted,1799,-0.02882640415,0.009003665364,-0.1270200388,-0.01135343321
m3_discounted,1800,0.007134468978,-0.008483926742,-0.1392667061,-0.001528522814
m3_discounted,1801,-0.01613813167,0.001423847086,-0.2052040213,-0.007383229819
m3_discounted,1802,-0.02379526003,0.002683214738,-0.07777777778,-0.008279508032
m3_discounted,1803,-0.02192805613,-0.00467837439,-0.1111111111,-0.008016193337
m3_discounted,1804,-0.01701926193,0.002993527788,-0.1336734694,-0.03020393191
m3_discounted,1805,0.0008629295293,-0.006728400198,-0.1502463054,0.0100076753
m3_discounted,1806,0.01318902738,-0.006115014129,-0.2138107417,0.02311643795
m3_discounted,1807,-0.0190532189,0.002619755471,-0.2350680071,0.001048034498
m3_discounted,1808,0.02563473687,-0.0108737397,-0.2005623243,-0.01622602499
m3_discounted,1809,0.0007588361356,0.003564036067,-0.1272577997,-0.01386225364
m3_discounted,1810,-0.01528994102,0.003599362666,-0.1722222222,0.01211632094
m3_discounted,1811,-0.009738677182,0.003444239515,-0.129076087,-0.01361424972
m3_discounted,1812,0.005432191725,-0.003836203502,-0.2070707071,-0.03252966578
m3_discounted,1813,-0.01630402406,0.001976523383,-0.1457357076,-0.01672660514
m3_discounted,1814,-0.02085200423,0.0006314820768,-0.2079283887,0.01318708792
m3_discounted,1815,-0.03242456236,0.003108857971,-0.1902173913,0.0002477540629
m3_discounted,1816,-0.01570824577,-0.001743003078,-0.1055555556,-0.02422251598
m3_discounted,1817,0.0001936716889,6.517312238e-05,-0.1102272727,-0.002986559431
m3_discounted,1818,-0.0331349484,0.001766724721,-0.1277777778,-0.003460061224
m3_discounted,1819,-0.02115753735,-0.006858269777,-0.1545454545,-0.01034521359
m3_discounted,1820,-0.008698219164,-0.005057210765,-0.2722222222,0.01948180276
m3_discounted,1821,-0.0234400535,-0.001851759141,-0.2119565217,0.007298591927
m3_discounted,1822,0.004661214845,-0.002843642965,-0.1388888889,0.001099705309
m3_discounted,1823,0.002325344459,-0.00337884054,-0.1655824956,-0.002628380479
m3_discounted,1824,-0.03410785887,0.001128743862,-0.2064516129,0.006853423051
m3_discounted,1825,-0.008112389903,-0.000313934429,-0.09566596195,-0.01199424171
m3_discounted,1826,-0.02475867527,-0.0009606920849,-0.05927051672,-0.03269419261
m3_discounted,1827,-0.03446620462,0.0051027315,-0.09566596195,0.02230679387
m3_discounted,1828,0.0004978281124,-0.0005685971526,-0.09318181818,-0.01475981726
m3_discounted,1829,0.006999064435,-0.009315489598,-0.1247311828,-0.03253847421
m3_discounted,1830,-0.02856922615,0.002415980426,-0.1448846836,-0.001214529751
m3_discounted,1831,-0.01611433824,-0.002974315629,-0.1833333333,0.00272785202
m3_discounted,1832,0.0005268109121,-0.002339172844,-0.1354228267,0.006895207214
m3_discounted,1833,-0.01906930456,0.001257728905,-0.09444444444,0.001003078042
m3_discounted,1834,-0.02657563095,0.001350743756,-0.2682370821,-0.01785174435
m3_discounted,1835,-0.01283521025,-0.001045728174,-0.1818181818,0.003217114621
m3_discounted,1836,0.01186738563,-0.002935874031,-0.1336487286,0.01384247395
m3_discounted,1837,-0.03118925401,0.0007011535935,-0.1469344609,-0.00174063966
m3_discounted,1838,-0.01488087574,0.002152381719,-0.2587044534,0.005124252506
m3_discounted,1839,0.01855125784,-0.006923365238,-0.1607287449,-0.01617114692
m3_discounted,1840,-0.03484680268,0.006068305948,-0.1503836317,0.008176572211
m3_discounted,1841,-0.02028542676,0.000673720176,-0.2097608274,-0.01387993426
m3_discounted,1842,-0.02995368747,0.003584276688,0.02811550152,-0.03075071404
m3_discounted,1843,-0.01638103892,0.002141825274,-0.141337386,-0.007282308606
m3_discounted,1844,-0.02206587421,-0.001954337069,-0.2244897959,0.002578806233
m3_discounted,1845,-0.0364165603,0.005694172479,-0.05555555556,-0.002961278922
m3_discounted,1846,0.001905305602,-0.004030674986,-0.1388888889,-0.001983577672
m3_discounted,1847,-0.02689716202,0.002667544314,-0.09688013136,-0.01090121943
m3_discounted,1848,-0.02143819009,0.005090219789,-0.1449392713,-0.01119496711
m3_discounted,1849,-0.02946574058,0.0004217820481,-0.1674876847,0.01436302005
m3_discounted,1850,-0.0053652629,-0.005073163872,-0.06666666667,0.003409565007
m3_discounted,1851,-0.01512097301,0.001928384333,-0.1253799392,-0.01580980705
m3_discounted,1852,0.004536810028,5.964829761e-05,-0.0978710822,-0.007979473715
m3_discounted,1853,-0.02293483435,0.002525201606,-0.109375,-0.03849684538
m3_discounted,1854,-0.01082903369,-0.00446461688,-0.150937298,-0.003603141977
m3_discounted,1855,-0.0007176384803,-0.002312298881,-0.1458333333,-0.02794085842
m3_discounted,1856,-0.01416822359,0.001087334088,-0.123655914,-0.01013330158
m3_discounted,1857,-0.02609014608,-0.003670250055,-0.1498795181,0.01382394208
m3_discounted,1858,-0.03635544575,0.00527767382,-0.1294926004,0.01286411388
m3_discounted,1859,-0.005117765631,-0.001753270469,-0.2093023256,0.01202833603
m3_discounted,1860,-0.01494485714,0.001307738216,-0.1768184506,0.00441304635
m3_discounted,1861,0.002319493432,-0.001214850446,-0.03940217391,-0.02471096886
m3_discounted,1862,-0.003575741401,-0.005101807015,-0.08468002586,-0.004312666194
m3_discounted,1863,0.009283250486,-0.006726754197,-0.1578313253,0.02212558787
m3_discounted,1864,0.008498385285,-0.008139714778,-0.09659090909,0.0003692696673
m3_discounted,1865,-0.009998307743,-0.005506562326,-0.1777777778,0.01082219188
m3_discounted,1866,0.0002310355442,-0.002491398876,-0.1178646934,0.01197345496
m3_discounted,1867,-0.01421409924,-0.0004665169311,-0.07570332481,-0.02589814318
m3_discounted,1868,-0.02808307618,0.005563673505,-0.1502024291,-0.02014667087
m3_discounted,1869,-0.0220667824,-0.007952260692,-0.1344129555,-0.03136325998
m3_discounted,1870,-0.02856936978,0.00359090673,-0.1561206387,-0.0006826965213
m3_discounted,1871,-0.02359102271,-0.001600654711,-0.1636904762,0.009209239532
m3_discounted,1872,-0.04659109991,0.001905240013,-0.1965909091,0.007299154468
m3_discounted,1873,0.01109417217,-0.005166360154,-0.1385869565,-0.008852601931
m3_discounted,1874,-0.01426338809,-0.003190171339,-0.06657608696,-0.01483378154
m3_discounted,1875,-0.01975583384,-0.002808340343,-0.1875,0.02189998948
m3_discounted,1876,-0.01783356347,-0.00651874234,-0.1693877551,-0.01068640993
m3_discounted,1877,-0.02023407118,0.001088878639,-0.197865353,0.01433607177
m3_discounted,1878,0.005389583144,-0.001356418333,-0.170212766,-0.0135741719
m3_discounted,1879,-0.005536669139,-0.002616298928,-0.2261904762,0.02776929971
m3_discounted,1880,-0.01391350136,0.002118332758,-0.2469604863,-0.02252919931
m3_discounted,1881,-0.01309688368,-0.003991342289,-0.07881773399,0.000484418554
m3_discounted,1882,-0.03196646955,0.000650979172,-0.2277777778,0.006004511507
m3_discounted,1883,-0.02012608608,0.001207279811,-0.1527484144,0.007873429125
m3_discounted,1884,-0.01079560992,-0.00243752831,-0.07224958949,0.007563111066
m3_discounted,1885,-0.0118025328,-0.000738571268,-0.1166666667,-0.004368561792
m3_discounted,1886,-0.01306828145,-0.003883731722,-0.1448846836,0.001733365747
m3_discounted,1887,-0.009340695345,-0.004315960003,-0.1215909091,-0.004754178726
m3_discounted,1888,-0.01015545508,-0.003366232645,-0.1055555556,-0.001426824958
m3_discounted,1889,0.02639781659,-0.01381786042,-0.2010752688,-0.01616100801
m3_discounted,1890,-0.0003312280103,-0.008817649107,-0.1849462366,-0.002510665901
m3_discounted,1891,-0.01038858356,-7.605615026e-05,-0.1898795181,0.02023012822
m3_discounted,1892,0.01976382083,-0.008441253612,0.01124648547,-0.03040075754
m3_discounted,1893,-0.008302887917,-0.004956458697,-0.09590361446,0.005497175296
m3_discounted,1894,0.01251158981,-0.01063588731,-0.1275303644,-0.01641508819
m3_discounted,1895,-0.03594200245,0.004558022998,-0.1448846836,0.001484099992
m3_discounted,1896,0.006358611056,-0.001881599391,-0.01827956989,-0.008574545121
m3_discounted,1897,-0.0138685971,-0.002031921698,-0.3064516129,-0.003924231281
m3_discounted,1898,-0.01780246698,-0.003360088013,-0.07902735562,-0.02449157078
m3_discounted,1899,-0.05046000719,0.007936237012,-0.191898285,0.001246403585
m3_discounted,1900,0.002241350088,-0.003562609037,-0.1807065217,-0.002004549324
m3_discounted,1901,-0.009777146073,-0.004219749123,-0.07180722892,0.004670234609
m3_discounted,1902,-0.02166664229,0.0001507107833,-0.17291532,0.003307592074
m3_discounted,1903,0.0008281711845,-0.006488926654,-0.2271255061,-0.01130036764
m3_discounted,1904,-0.02400101213,-0.001149300585,-0.1611996251,-0.01491272244
m3_discounted,1905,-0.01681338829,-0.002293780062,-0.1505026611,0.006481778974
m3_discounted,1906,-0.007778233826,-0.005456860228,-0.1615384615,0.01411333643
m3_discounted,1907,-0.04604796413,0.003902762551,-0.1559934319,0.003674625915
m3_discounted,1908,0.004168218541,-0.003729526887,-0.141337386,-0.01190036881
m3_discounted,1909,-0.01535308246,0.002522345639,-0.00752688172,-0.02516282509
m3_discounted,1910,-0.02084347319,0.00514060114,-0.1560449859,-0.005794842006
m3_discounted,1911,-0.006739293895,0.001693722328,-0.1585623679,0.02835229123
m3_discounted,1912,-0.009320185646,-0.002776360988,-0.02887537994,-0.02809296285
m3_discounted,1913,0.003336123392,-0.004545801437,-0.125,0.01936266574
m3_discounted,1914,-0.02487301095,-0.004935340777,-0.2052040213,-0.0009392060421
m3_discounted,1915,-0.02869002293,-0.0009203701723,-0.125,-0.009562676136
m3_discounted,1916,-0.01458699667,-0.002094807306,-0.160262418,-0.02449591143
m3_discounted,1917,-0.01545398452,0.0009895314963,-0.07472826087,-0.03195994002
m3_discounted,1918,-0.03531914139,0.001261854519,-0.1234647705,-0.008666688936
m3_discounted,1919,-0.004625119377,-0.003137258108,-0.1970108696,-0.0001144796714
m3_discounted,1920,0.01863333083,-0.005822889787,-0.1715909091,0.003911340535
m3_discounted,1921,-0.02214809377,0.002458590001,-0.2975632615,0.005705816042
m3_discounted,1922,0.01449139304,-0.001892077911,-0.1159090909,0.001758344381
m3_discounted,1923,0.003233770481,-0.006335935916,-0.1979166667,-0.008489788504
m3_discounted,1924,-0.02603163367,-0.007171895891,-0.1357142857,0.01121245256
m3_discounted,1925,-0.01197173445,0.0002256269444,-0.155465587,-0.00652461448
m3_discounted,1926,-0.01695563747,0.0006207663277,-0.1051150895,0.02366658726
m3_discounted,1927,-0.02062978355,-0.002848155364,-0.2065217391,-0.001288043217
m3_discounted,1928,-0.02275891485,0.003299362104,-0.0652173913,-0.01926723822
m3_discounted,1929,-0.0238113453,0.0006399782196,-0.129076087,-0.005566068614
m3_discounted,1930,-0.02779021152,-0.001689406042,-0.2014995314,-0.005735873264
m3_discounted,1931,-0.05208835755,0.005164160247,-0.155465587,-0.01691230441
m3_discounted,1932,-0.01286496322,-0.003498307804,-0.1578313253,0.01211286913
m3_discounted,1933,-0.03986075485,0.0006075054154,-0.09090909091,0.007787852532
m3_discounted,1934,-0.01916899548,-0.002318910834,-0.1195862961,-0.005639790812
m3_discounted,1935,-0.03630813734,-0.0002415996508,-0.1298048492,0.003450033626
m3_discounted,1936,-0.005864881352,-0.007017731883,-0.1449392713,-0.008302363977
m3_discounted,1937,0.004205558696,-0.007460078804,-0.3142857143,-0.01949206795
m3_discounted,1938,-0.01667499554,-0.007606083866,-0.2093596059,0.02707808003
m3_discounted,1939,-0.02497632415,0.0003178373877,-0.2159277504,0.01792657719
m3_discounted,1940,-0.01840580727,0.000446958417,-0.08522727273,0.009513711916
m3_discounted,1941,-0.01412311397,-0.001558488297,-0.2611111111,0.01616271776
m3_discounted,1942,-0.02139205574,0.003992712107,-0.1409090909,0.01467013191
m3_discounted,1943,-0.03854620954,0.006599569619,-0.1830357143,0.02660158418
m3_discounted,1944,-0.02457286409,-0.002841708164,-0.1130952381,0.01022816881
m3_discounted,1945,-0.01229119762,0.001563400784,-0.1277777778,0.002110761255
m3_discounted,1946,-0.02323500306,0.00182988096,-0.1683087028,0.02062152373
m3_discounted,1947,-0.03142842318,0.009831072924,-0.09433198381,0.0008771285988
m3_discounted,1948,-0.03101164676,-0.0004632560779,-0.07854251012,-0.009462119555
m3_discounted,1949,-0.01805697553,0.00520145403,-0.1277777778,-0.005379915364
m3_discounted,1950,0.007460263539,-0.01071677356,-0.1033248082,0.01234583718
m3_discounted,1951,-0.02929456745,0.01039276592,-0.0625,-0.03884167549
m3_discounted,1952,-0.01243936196,-0.002297555236,-0.1469344609,0.01281596601
m3_discounted,1953,-0.02557044361,0.003208145564,-0.1242071882,0.01437219056
m3_discounted,1954,-0.03502369446,0.004719022527,-0.1696617336,-0.001750954407
m3_discounted,1955,-0.00532691024,-0.007473552192,-0.07749360614,0.00872308886
m3_discounted,1956,-0.02756985566,0.006416332396,-0.1829545455,0.01742527907
m3_discounted,1957,-0.007005492751,0.001565002673,-0.2611111111,0.01998772876
m3_discounted,1958,0.01216187217,-0.004616634861,-0.1444444444,-0.002066684343
m3_discounted,1959,-0.02917158501,-0.002531698112,-0.0688172043,-0.01449651151
m3_discounted,1960,-0.02773546138,-0.0004365487824,-0.05729166667,-0.01743131328
m3_discounted,1961,-0.01457438816,-0.0005924766158,-0.2143701952,0.01617195376
m3_discounted,1962,-0.01204515772,0.003058961762,-0.09782608696,-0.01352732346
m3_discounted,1963,-0.02221451774,0.003879379923,-0.1623655914,0.001036337826
m3_discounted,1964,-0.005425874069,-0.006339612706,-0.2474747475,-0.004243120842
m3_discounted,1965,-0.03208209439,0.005251977047,-0.07369101487,-0.02622361635
m3_discounted,1966,-0.04140774234,0.002226600261,-0.09498480243,-0.02211068518
m3_discounted,1967,-0.003318440285,-0.003766879871,-0.2069781195,0.003335337257
m3_discounted,1968,-0.007702466023,-0.00378349096,-0.2784946237,0.01499012107
m3_discounted,1969,-0.02553482299,-0.002054042801,-0.2152553329,0.01420377377
m3_discounted,1970,0.001277050631,-0.001259636951,-0.2432065217,0.003768671449
m3_discounted,1971,-0.02338488501,0.005969955348,-0.1464059197,0.01880088303
m3_discounted,1972,-0.008299270675,0.003261559023,-0.2208538588,0.0251983269
m3_discounted,1973,-0.0560767557,0.006920731172,-0.1380090498,-0.003401429981
m3_discounted,1974,-0.01978340185,0.001528685896,-0.2372333549,0.009396632789
m3_discounted,1975,-0.00426204266,-0.00516446734,-0.1181988743,0.005129130966
m3_discounted,1976,-0.02274899226,-0.001191597407,-0.1051150895,0.008693592677
m3_discounted,1977,-0.03279339933,0.005485147521,-0.0875,-0.004850829186
m3_discounted,1978,-0.02034975323,0.002710317617,-0.1674208145,0.002927602191
m3_discounted,1979,-0.02050591508,0.001906467549,-0.1535326087,-0.03316806381
m3_discounted,1980,0.0005317780111,0.003729919623,-0.1197916667,-0.03062868426
m3_discounted,1981,0.008722876062,-0.002171949984,-0.02052545156,-0.003905959924
m3_discounted,1982,-0.01666099662,-0.002571231735,-0.03481781377,-0.0336746586
m3_discounted,1983,-0.03681664438,0.006310977129,-0.2,0.01321420417
m3_discounted,1984,-0.006909686549,-0.004719759195,-0.04008097166,-0.0275345431
m3_discounted,1985,-0.01284690249,-0.00509022016,-0.09569892473,0.002539118174
m3_discounted,1986,-0.01261628978,-0.002278736059,-0.1740558292,0.003213658365
m3_discounted,1987,-0.03893235774,0.003681448828,-0.1655824956,-0.002476681405
m3_discounted,1988,-0.0110366529,-0.006608388799,-0.1888888889,0.004779418006
m3_discounted,1989,-0.0278317095,0.003625222852,-0.1820971867,0.01064420727
m3_discounted,1990,-0.001344195833,0.0002063471768,-0.1160310278,-0.01038878375
m3_discounted,1991,-0.01247891797,0.002427389397,-0.07142857143,-0.007662018627
m3_discounted,1992,-0.04712686299,0.006862629315,-0.2604166667,-0.006049458683
m3_discounted,1993,0.01089803533,-0.003158027325,-0.05408163265,-0.01855757876
m3_discounted,1994,-0.007440252451,-1.347902948e-05,-0.159964518,0.01267647625
m3_discounted,1995,-0.01710906694,0.001737105807,-0.1851851852,0.01698749121
m3_discounted,1996,0.01352960652,-0.008196512272,-0.1976744186,0.01347517429
m3_discounted,1997,-0.02278259786,-0.0007844908081,-0.09068825911,-0.03380772215
m3_discounted,1998,-0.01667990404,0.002013036719,-0.1457831325,0.01833459693
m3_discounted,1999,-0.01122861328,0.002345389743,-0.1625615764,0.01533968523
m3_discounted,2000,-0.0198514309,0.002600533545,-0.2044534413,0.008950282699
m3_discounted,2001,-0.007512785312,-0.002525325466,-0.1634408602,-0.01607133073
m3_discounted,2002,-0.03749298603,0.01108696151,-0.1436781609,0.02242751812
m3_discounted,2003,-0.01863900073,-0.006659638796,-0.09090909091,0.008344515562
m3_discounted,2004,-0.001861029615,-0.007300056031,-0.1298048492,0.001994471038
m3_discounted,2005,-0.02368705925,0.002570315192,-0.05555555556,0.0001011745989
m3_discounted,2006,0.008006034308,-0.0007501638073,-0.1666666667,-0.009545893134
m3_discounted,2007,-0.01416894008,0.004072400572,-0.06458966565,-0.007352991567
m3_discounted,2008,-0.0256342598,-0.003988024228,-0.1944444444,-0.001436367497
m3_discounted,2009,-0.01562378674,-0.004145892908,-0.1392667061,-0.003799586619
m3_discounted,2010,-0.03665328188,0.002285622069,-0.1289640592,-0.0104176053
m3_discounted,2011,-0.005596485819,-0.0006496495136,-0.1957421644,0.01372712301
m3_discounted,2012,-0.01447355807,0.0004865237147,-0.1385869565,-0.01119874129
m3_discounted,2013,-0.009439201924,-0.004401039696,-0.1277777778,-0.005057539967
m3_discounted,2014,-0.01480416751,0.002665044865,-0.1073329391,-0.01633652594
m3_discounted,2015,0.00869891597,0.000919585172,-0.07608695652,-0.00759483311
m3_discounted,2016,-0.02550023855,-0.00237847788,-0.1397849462,0.006887637399
m3_discounted,2017,0.001461993955,-0.001344045934,-0.1795454545,0.008641568233
m3_discounted,2018,-0.001390331175,-0.001036700702,-0.1354166667,-0.01154865326
m3_discounted,2019,-0.02576303287,0.002450857523,-0.2127659574,-0.007208392336
m3_discounted,2020,-0.02259454118,-0.0001223168137,-0.1545454545,0.006571849457
m3_discounted,2021,0.007920916416,-0.002857314222,-0.15,0.01085202802
m3_discounted,2022,-0.04009156006,0.006068444437,-0.1440217391,-0.03319615171
m3_discounted,2023,-0.0171256037,0.007136001003,-0.1125,-0.009508277868
m3_discounted,2024,0.006973236411,0.001748279905,-0.1863711002,0.00831078192
m3_discounted,2025,-0.03329770692,0.001412308506,-0.07327935223,-0.01325160615
m3_discounted,2026,-0.03109036533,0.0009987993965,-0.1564318035,0.001587650753
m3_discounted,2027,0.009009621422,-0.005746588965,-0.08661926309,-0.02014542524
m3_discounted,2028,-0.009085063147,0.0008224515683,-0.095951417,-0.01863472316
m3_discounted,2029,-0.02111597889,0.002253783908,-0.2317388494,0.01447934129
m3_discounted,2030,-0.006208046717,-0.006867580065,-0.07777777778,-0.01597268329
m3_discounted,2031,-0.0229926867,0.00257419601,-0.2377717391,0.001504276641
m3_discounted,2032,-0.01736696694,0.00471745294,-0.1585677749,0.01966640738
m3_discounted,2033,-0.005846619502,0.001076648931,-0.1185688941,-0.006775090603
m3_discounted,2034,-0.01058640585,-0.003279381273,-0.05500821018,0.02084131929
m3_discounted,2035,-0.006375653747,-0.001154537527,-0.123655914,-0.009348074732
m3_discounted,2036,0.005778809102,-0.007409857045,-0.1428571429,0.00963490587
m3_discounted,2037,-0.03694128945,-0.002544769442,-0.1200607903,-0.01256809277
m3_discounted,2038,-0.01864027406,0.0001112815445,-0.0339673913,-0.02140440048
m3_discounted,2039,-0.02829296178,0.01110934075,-0.2262443439,-0.01805300149
m3_discounted,2040,-0.01620316032,-0.002558163267,-0.1264367816,-0.0100101616
m3_discounted,2041,-0.02470298072,0.0002341380969,-0.1638477801,0.02056547764
m3_discounted,2042,0.008335169879,-0.005028922472,-0.09180722892,0.01411324698
m3_discounted,2043,-0.001975569879,-4.664749603e-06,-0.1264367816,0.01229059566
m3_discounted,2044,-0.03836464587,0.007283703764,-0.1458333333,0.02686690031
m3_discounted,2045,-0.01480606589,-0.008615195577,-0.2093023256,0.001116108358
m3_discounted,2046,-0.01418173801,0.0003145574697,-0.1705716963,-0.0232764638
m3_discounted,2047,-0.01893481624,0.002006821957,-0.1655824956,0.004813946388
m3_discounted,2048,-0.05436227783,0.003883958983,-0.2708333333,0.04383828771
m3_discounted,2049,-0.01076889194,-0.0006755017,-0.07159090909,-0.00677757347
m3_discounted,2050,-0.0116640169,-0.00123506365,-0.02989130435,-0.01110054183
m3_discounted,2051,-0.03345423622,0.003013484561,-0.1057831325,-0.003665261523
m3_discounted,2052,-0.004325711694,-0.002183458686,-0.1777777778,-0.01557091697
m3_discounted,2053,0.004312675837,0.001520591592,-0.1277173913,-0.01206526582
m3_discounted,2054,-0.001961514093,-0.004777357194,-0.2589285714,0.01645140231
m3_discounted,2055,-0.02980884677,0.001979996489,-0.2294500296,0.02395313905
m3_discounted,2056,-0.02790465511,0.005164581079,-0.1465909091,0.01208348249
m3_discounted,2057,-0.03433426042,0.007661473504,-0.08333333333,-0.02255999918
m3_discounted,2058,-0.008225020469,-0.002971126037,-0.1026272578,0.006511599335
m3_discounted,2059,-0.03035833645,0.006535855775,-0.1766304348,0.01836046895
m3_discounted,2060,-0.01901058804,0.00411392219,-0.2207498384,-0.0001839151663
m3_discounted,2061,0.001809419922,0.0003139843643,-0.1488095238,0.009856345805
m3_discounted,2062,0.01509628471,-0.001027672051,-0.1085972851,-0.02606960521
m3_discounted,2063,-0.002909316676,0.002139799709,-0.1643763214,0.0273458234
m3_discounted,2064,-0.006055409246,0.0001720455255,-0.1607287449,-0.02019335137
m3_discounted,2065,-0.008346441248,0.001067322438,-0.1930091185,0.01728233448
m3_discounted,2066,-0.03795118589,0.003039394351,-0.1683087028,-8.904064968e-05
m3_discounted,2067,-0.01222961143,0.0006571379575,-0.1502463054,0.01345925225
m3_discounted,2068,-0.006983901027,-0.000821810186,-0.1569892473,0.005072914083
m3_discounted,2069,-0.008542916955,-0.001294224125,-0.1609195402,0.01606805873
m3_discounted,2070,-0.007734862622,-0.004110318708,-0.1938618926,0.01442780484
m3_discounted,2071,-0.02202762948,0.003099104221,-0.1440217391,-0.00486646853
m3_discounted,2072,-0.02671063395,0.001993009051,-0.07749360614,0.01443055993
m3_discounted,2073,0.002163636883,-0.005113746871,-0.07222222222,-0.03107618659
m3_discounted,2074,-0.002892159202,0.00916978725,-0.09886363636,-0.007476308875
m3_discounted,2075,-0.01190831853,-0.003055533683,-0.06270200388,0.00560085622
m3_discounted,2076,0.005931702333,-0.007685289837,-0.0328407225,-0.02300307616
m3_discounted,2077,-0.02286943168,0.001563494997,-0.1515151515,-0.01847395021
m3_discounted,2078,-0.002498476599,-0.003942083603,-0.1657608696,0.007294617095
m3_discounted,2079,-0.009538375288,-0.001088925273,-0.1505026611,0.002697726286
m3_discounted,2080,-0.009324887496,-0.003754277599,-0.1666666667,0.002030154362
m3_discounted,2081,-0.02975893864,0.00136825608,-0.1944444444,0.004242059587
m3_discounted,2082,-0.02352365701,-0.001173073159,-0.2,0.01371687502
m3_discounted,2083,-0.04115815569,0.01052807521,-0.254076087,0.01063679065
m3_discounted,2084,-0.01045306771,0.001455636921,-0.15,0.0006322788647
m3_discounted,2085,-0.01698154692,-0.0003682262854,-0.1770516717,-0.007644410783
m3_discounted,2086,-0.02325921092,-0.005479124381,-0.04534412955,-0.009517092122
m3_discounted,2087,-0.02161974062,-9.206446049e-05,-0.1125792812,-0.001440914505
m3_discounted,2088,-0.04598678096,0.006661060455,-0.1752717391,-0.01181104722
m3_discounted,2089,-0.02428709165,0.006342376269,-0.06572890026,-0.002511127537
m3_discounted,2090,-0.0236461545,0.005429402585,-0.1749471459,0.01257432857
m3_discounted,2091,-0.009590043857,-0.0003082677722,-0.2182795699,-0.008672257148
m3_discounted,2092,-0.04558144924,0.007959394554,-0.1166666667,0.003492818681
m3_discounted,2093,-0.01589427668,-0.005440667986,-0.1378313253,0.02659440663
m3_discounted,2094,-0.03716140822,0.002543445499,-0.1392667061,-0.003573567311
m3_discounted,2095,-0.009337870874,-0.005432621228,-0.123655914,-0.009394301076
m3_discounted,2096,-0.006604604622,-0.004904411259,-0.2098765432,0.01692420791
m3_discounted,2097,-0.03166878106,0.003247773099,-0.1109422492,-0.0166244402
m3_discounted,2098,-0.01265968057,-0.003308209866,-0.1749471459,0.01607943567
m3_discounted,2099,-0.0093325158,0.0001398592674,-0.1215255333,-0.00286382332
m3_discounted,2100,-0.01468490692,-0.005257810279,-0.2021276596,-0.007235425418
m3_discounted,2101,-0.01496591323,-0.002979492807,-0.1444444444,-0.00144136701
m3_discounted,2102,-0.03068894555,0.008241067144,-0.04926108374,0.00507338905
m3_discounted,2103,0.003455168513,-0.0009531092343,-0.1031027796,-0.0001294147436
m3_discounted,2104,-0.01565961071,-0.001739890104,-0.1683087028,0.02002476838
m3_discounted,2105,-0.02577622313,0.0002401696036,-0.1086956522,-0.00929799547
m3_discounted,2106,-0.03301328891,0.00309872075,-0.1903225806,-0.01147854034
m3_discounted,2107,-0.02743387188,0.0001977406752,-0.1784098255,0.004369432488
m3_discounted,2108,-0.01541241488,0.004345601539,-0.1091954023,0.002516850592
m3_discounted,2109,-0.001207198437,-0.008317221683,-0.1683087028,0.008677741036
m3_discounted,2110,0.02059118454,-0.005215415596,-0.1336487286,0.003914383683
m3_discounted,2111,-0.006270680022,-0.003565074172,-0.2036124795,0.01611741593
m3_discounted,2112,-0.01486778174,-0.007625596627,-0.2556561086,0.008255916297
m3_discounted,2113,-0.02597354283,0.00658281497,-0.1674876847,0.006168386377
m3_discounted,2114,-0.01281792836,0.001248028626,-0.2454844007,0.03028961882
m3_discounted,2115,0.002329961898,-0.007385624668,-0.193877551,-0.03868973378
m3_discounted,2116,-0.04683364254,0.01037081042,-0.1387520525,-0.002719195007
m3_discounted,2117,-0.02566140173,-0.002719008343,-0.2277777778,-0.003817760398
m3_discounted,2118,-0.01410777831,-0.002649368665,-0.1807610994,0.01046636021
m3_discounted,2119,-0.01392566073,-0.006152320643,-0.15,-0.01117363883
m3_discounted,2120,-0.0396639621,0.01000852714,-0.001642036125,-0.01269504549
m3_discounted,2121,0.00137516664,-0.004300256827,-0.2283950617,0.04239636034
m3_discounted,2122,-0.02062127272,-0.0002404466157,-0.05470136014,-0.02005073979
m3_discounted,2123,-0.0111556438,-0.003357277394,-0.3040816327,-0.01195926306
m3_discounted,2124,-0.01560360452,0.004517017795,-0.1215255333,-0.02185528804
m3_discounted,2125,-0.02700435888,0.00239977159,-0.1431818182,-0.004030442521
m3_discounted,2126,-0.003725191184,0.0007342093642,-0.2188106012,0.007089337339
m3_discounted,2127,0.04161033849,-0.01486014793,-0.1944444444,-0.008342980062
m3_discounted,2128,-0.01141790069,0.001282918912,-0.08380566802,-0.005864417551
m3_discounted,2129,-0.02160908955,-0.0001266425779,-0.1851851852,0.01212751338
m3_discounted,2130,-0.03645040777,0.002620682095,-0.1597590361,-0.0001756791131
m3_discounted,2131,-0.005786876085,0.0003409163748,-0.1336487286,-0.006000389373
m3_discounted,2132,-0.02383089201,0.004146014164,-0.2378419453,-0.01878656368
m3_discounted,2133,-0.01155574381,-0.005552897477,-0.08054711246,-0.0002041084286
m3_discounted,2134,0.001656106083,-0.005605369269,-0.2036124795,0.02101438715
m3_discounted,2135,-0.00507397246,-0.007363608685,-0.1206896552,0.0189374856
m3_discounted,2136,-0.02031983852,0.001953418009,-0.008152173913,-0.02617170168
m3_discounted,2137,0.01096964481,-0.00211591339,-0.2023270847,0.01358114663
m3_discounted,2138,-0.06046359638,0.008889060173,-0.1388888889,-0.008702606203
m3_discounted,2139,-0.03494594943,0.00814358374,-0.2833333333,0.0002081268123
m3_discounted,2140,-0.0004975144347,-0.005318639242,-0.1019021739,-0.01628383944
m3_discounted,2141,-0.01966163062,0.008393639896,-0.1944444444,0.008929654418
m3_discounted,2142,-0.02736296493,0.004584164091,-0.2022727273,0.01263117169
m3_discounted,2143,-0.02454750657,0.003311177113,-0.1698795181,0.0126863209
m3_discounted,2144,-0.009218550305,-0.0009154508973,-0.210180624,0.02303795312
m3_discounted,2145,-0.01417451373,0.003050703858,-0.2611506141,0.002413928873
m3_discounted,2146,-0.02895950888,-0.002863505774,-0.1861413043,0.006428546152
m3_discounted,2147,-0.01132955498,-0.001440332134,-0.1045454545,0.0006784740075
m3_discounted,2148,-0.000736166954,-0.009105750772,-0.1820971867,0.02293156348
m3_discounted,2149,-0.02223336457,-0.001589955426,-0.009372979961,-0.0003323269098
m3_discounted,2150,-0.006081012895,-0.00425625211,-0.2,0.01016394204
m3_discounted,2151,-0.01940102242,2.538807613e-05,-0.2142857143,0.01902453141
m3_discounted,2152,-0.008683226449,-0.004980388589,-0.2078215902,0.01035782951
m3_discounted,2153,-0.03330121247,0.009665670009,-0.09335038363,-0.002618892191
m3_discounted,2154,-0.03216687928,0.004051792394,-0.0597826087,-0.02399295216
m3_discounted,2155,-0.02633871907,0.006175300861,-0.2215909091,0.01349635817
m3_discounted,2156,-0.0200004115,-0.001840989529,-0.1354228267,0.01116855394
m3_discounted,2157,-0.02811821934,0.003023165636,-0.1057831325,0.005137835797
m3_discounted,2158,-0.01757195427,0.002035058771,-0.1890243902,0.02059894182
m3_discounted,2159,-0.01277234639,-0.001953873931,-0.1096532334,-0.04078018607
m3_discounted,2160,-0.006619345659,-9.907779638e-05,-0.08585858586,-0.04036826888
m3_discounted,2161,0.01687614941,-0.009965682449,-0.1296296296,0.02290547635
m3_discounted,2162,0.008957485879,-0.01241947668,-0.09285714286,0.03275742939
m3_discounted,2163,-0.007171715809,-0.003128102403,-0.06572890026,-0.01383727823
m3_discounted,2164,-0.03093224063,0.004857832309,-0.1275303644,-0.0007493722065
m3_discounted,2165,-0.02527052948,0.00623105818,-0.08985200846,-0.01038694546
m3_discounted,2166,0.005208719529,-0.009152710275,-0.1717325228,0.004147533373
m3_discounted,2167,-0.004872687136,-0.001652187315,0.006838905775,-0.008992091512
m3_discounted,2168,-0.0083138331,-0.008247547702,-0.1489980608,-0.009728321301
m3_discounted,2169,-0.03276280748,0.001947373498,-0.2097608274,-0.01535009684
m3_discounted,2170,-0.02203921321,0.002467879086,-0.1331521739,-0.004834300198
m3_discounted,2171,-0.009682543589,0.002915072468,-0.03776683087,0.01138959659
m3_discounted,2172,-0.01969034428,0.001646483395,-0.1599870718,0.01146136843
m3_discounted,2173,0.0002666403748,-0.005141350992,-0.266384778,0.026744688
m3_discounted,2174,-0.02534132868,0.002044271142,-0.07327935223,-0.03265641876
m3_discounted,2175,0.01491859836,-0.00581415199,-0.09032258065,-0.009562188324
m3_discounted,2176,-0.02472251005,0.004114483399,-0.1277777778,-0.01832655853
m3_discounted,2177,-0.02367747215,-0.001063355147,-0.1374926079,-0.002450426159
m3_discounted,2178,-0.03640443271,0.003958601888,-0.2238636364,0.01747557165
m3_discounted,2179,0.005954832072,-0.0007668253,-0.09895833333,-0.03588973342
m3_discounted,2180,-0.02494936934,0.004546759864,-0.2408602151,-0.002119124746
m3_discounted,2181,-0.006741288178,-0.0002149075568,-0.1182065217,-0.01139466294
m3_discounted,2182,-0.008669677924,-0.001985872957,-0.1477108434,0.004379267991
m3_discounted,2183,-0.02501582638,-0.002743536299,-0.1845238095,0.01716309411
m3_discounted,2184,0.02167659116,-0.00718688835,-0.2102272727,0.01227892645
m3_discounted,2185,-0.03596475995,0.006335696071,-0.1968085106,-0.02728294074
m3_discounted,2186,-0.03918986339,0.005545702652,-0.1795698925,-0.01498347901
m3_discounted,2187,-0.01222024784,0.0001870594215,-0.01594746717,0.01507446243
m3_discounted,2188,0.007440434854,-0.003595881082,-0.2603238866,-0.01710261676
m3_discounted,2189,-0.01174568588,0.0005369568298,-0.1858435682,-0.00209670135
m3_discounted,2190,-0.01714860998,0.001994293037,-0.1125792812,0.00551382716
m3_discounted,2191,0.01044926757,-0.007587119795,-0.2135416667,-0.01452232447
m3_discounted,2192,-0.01089017427,-0.004075225236,-0.1755952381,0.02051729981
m3_discounted,2193,-0.0006065247474,0.001830590402,-0.1331521739,-0.0162906377
m3_discounted,2194,-0.03436576464,-0.0001929764204,-0.2078215902,0.008718764044
m3_discounted,2195,-0.01661184837,-0.0001838335947,-0.1,0.002935231128
m3_discounted,2196,-0.008241616869,0.001571000993,-0.0625,-0.01429088617
m3_discounted,2197,-0.00165819621,-0.005362158928,-0.2375,0.01084250751
m3_discounted,2198,-0.01093811924,0.001075888354,-0.2031342401,0.0008177950986
m3_discounted,2199,-0.04433461158,0.005713548759,-0.2436575053,0.03103280922
m3_discounted,2200,-0.02235572096,-0.002481970249,-0.1757263355,-0.01602543284
m3_discounted,2201,-0.009724152662,-0.002807414654,-0.1730769231,0.007479903515
m3_discounted,2202,0.002100326236,0.001982495317,-0.1625615764,0.01408681565
m3_discounted,2203,-0.02622367253,0.001888744257,-0.0075,-0.04241753674
m3_discounted,2204,-0.01457132752,0.0009555862246,-0.1956989247,0.005899622311
m3_discounted,2205,-0.0003661488419,0.001095412457,-0.08538587849,0.001860876266
m3_discounted,2206,-0.02488087868,0.00332197983,-0.1547619048,0.01443001491
m3_discounted,2207,0.02008772016,-0.01764690449,-0.1502463054,0.01741079286
m3_discounted,2208,-0.01377682816,-0.0007985563762,-0.1051150895,0.0001243028987
m3_discounted,2209,0.02095639106,-0.007601914691,-0.06625727214,-0.02371995934
m3_discounted,2210,-0.02702666525,-0.00445238505,-0.1368286445,0.00971332525
m3_discounted,2211,-0.04724205777,0.007810452887,-0.191898285,-0.001514850433
m3_discounted,2212,-0.02418166078,0.00936787602,-0.1327935223,-0.002942496205
m3_discounted,2213,-0.01650291694,0.001324138868,-0.1752717391,0.007455224524
m3_discounted,2214,-0.02902365534,0.008127749852,-0.2093023256,0.03036832029
m3_discounted,2215,-0.02407022976,-0.001630420988,0.02480818414,-0.02923499112
m3_discounted,2216,-0.02712928057,-0.00415884946,-0.1085972851,-0.01319763804
m3_discounted,2217,-0.02927856471,0.0001967430377,-0.2224958949,-0.0007267872982
m3_discounted,2218,-0.02358123404,0.002801232174,-0.2373150106,0.016753145
m3_discounted,2219,-0.00770469128,-0.002753277439,-0.1752717391,-0.00820100705
m3_discounted,2220,-0.01123324874,-0.004861332279,-0.1685421995,0.0003477354534
m3_discounted,2221,-0.0001536666681,-0.006604334291,-0.1740558292,0.002305768131
m3_discounted,2222,-0.006518801393,0.004303792612,-0.1397849462,-0.00385320652
m3_discounted,2223,-0.007807951551,4.748417574e-05,-0.150937298,-0.005007148441
m3_discounted,2224,-0.02056276727,-0.003651572303,-0.2555555556,0.01320086226
m3_discounted,2225,0.0005277790757,-0.0008035347787,-0.1117408907,-0.03219943804
m3_discounted,2226,-0.0190853597,0.003701037516,-0.2159090909,0.01937925208
m3_discounted,2227,-0.02001295929,0.003510016011,-0.155465587,-0.01254225892
m3_discounted,2228,-0.002204249165,-0.005106645357,-0.210180624,0.01011588212
m3_discounted,2229,-0.01027229021,0.0003965699197,-0.1018062397,0.0008123154659
m3_discounted,2230,-0.01277264078,-0.0004756896515,0.003548196334,-0.01818900085
m3_discounted,2231,-0.03450261864,0.003748055722,-0.129076087,-0.01806304621
m3_discounted,2232,-0.01490488233,-0.001038654159,-0.1684782609,-0.008791262263
m3_discounted,2233,-0.02792833148,0.006588797893,-0.08152173913,-0.02303514902
m3_discounted,2234,-0.009643622997,-0.004134681922,-0.07717327025,0.01351788908
m3_discounted,2235,0.01209687193,-0.006052496696,-0.01111111111,-0.02742221544
m3_discounted,2236,-0.02390173369,0.001071078481,-0.2021276596,-0.01302203717
m3_discounted,2237,-0.006204795488,-0.005581748239,-0.1644021739,-0.01373226072
m3_discounted,2238,0.01029416232,-0.002789912514,-0.08888888889,-0.01677684665
m3_discounted,2239,0.003522659341,0.0009966089618,-0.159964518,0.002523650991
m3_discounted,2240,-0.03148393004,-0.0003345607475,-0.07539917209,-0.001548058922
m3_discounted,2241,-0.004255889252,-0.001613776206,-0.2603238866,-0.01485376477
m3_discounted,2242,-0.01891215539,0.003111845802,-0.1277777778,0.006344902429
m3_discounted,2243,0.001733135031,-0.0009075451418,-0.1880544057,0.0104921629
m3_discounted,2244,-0.02522273809,0.005271943209,-0.2218623482,-0.0139375812
m3_discounted,2245,-0.0186328397,0.002177521249,-0.1129509166,-0.0001633831718
m3_discounted,2246,-0.02549726477,0.002749299046,-0.2556561086,0.01660159629
m3_discounted,2247,0.002890798041,-0.01005600805,-0.1031027796,-0.0009849883542
m3_discounted,2248,-0.01523364018,0.001169271302,-0.1803490627,-0.004686063826
m3_discounted,2249,-0.006590267216,0.002212685579,-0.07369101487,-0.01952261928
m3_discounted,2250,-0.02252942062,0.003949168192,-0.1325145443,-0.01778897877
m3_discounted,2251,0.003583239947,-0.002797546007,-0.07450796626,-0.03631765694
m3_discounted,2252,-0.005930979503,-0.004702342533,-0.2388888889,0.000911631836
m3_discounted,2253,-0.008826285667,-0.003864266751,-0.1129032258,-0.01358853505
m3_discounted,2254,-0.03356108699,0.001786852859,-0.2021276596,-0.01620609436
m3_discounted,2255,-3.850779962e-05,-0.004113222287,-0.2218623482,-0.0006966903782
m3_discounted,2256,-0.02395813269,-0.005880693707,-0.08663512714,-0.008536310359
m3_discounted,2257,-0.02204001601,0.003321167234,-0.1798029557,0.02582364026
m3_discounted,2258,-0.01355402211,0.002224383443,-0.2239583333,-0.02163810848
m3_discounted,2259,-0.02156267094,0.006418631944,-0.08101714962,-0.02187158314
m3_discounted,2260,-0.0127662816,0.001789831355,-0.18066233,-0.006082502537
m3_discounted,2261,-0.01080350522,0.001447195251,-0.205,-0.0109028225
m3_discounted,2262,-0.02985211566,0.009265523241,-0.2323369565,-0.005637536758
m3_discounted,2263,-0.01027325489,0.0004270382767,-0.03940217391,-0.02816627108
m3_discounted,2264,-0.02612901687,0.004514425614,-0.1396761134,-0.008741112654
m3_discounted,2265,-0.02055418132,0.001382321504,-0.2272727273,0.006359562042
m3_discounted,2266,-0.0163523437,-0.001022280764,-0.2276759314,-0.002232594767
m3_discounted,2267,-0.02834356436,-0.003395260979,-0.1860356139,-0.03023991903
m3_discounted,2268,0.01048268558,-0.006820259548,-0.08522727273,-0.01030058635
m3_discounted,2269,-0.02416123102,0.007045951141,-0.1397849462,-0.0340945674
m3_discounted,2270,-0.0215360621,0.001321550747,-0.1912972085,0.001657911449
m3_discounted,2271,-0.03658348111,0.005417161971,-0.09226190476,-0.01399019741
m3_discounted,2272,-0.03144853647,0.003927749398,-0.1085972851,-0.0005181623201
m3_discounted,2273,-0.03396415575,-0.002170857745,-0.1738636364,-0.001171448161
m3_discounted,2274,-0.03945672505,0.008212397035,-0.1388888889,-0.008104098526
m3_discounted,2275,0.006302626531,-0.0006718710451,-0.07539917209,0.007347628173
m3_discounted,2276,0.005773043661,-0.009617312537,-0.1427109974,0.008416361944
m3_discounted,2277,-0.01042239748,-0.0054942025,-0.1064777328,-0.02181825799
m3_discounted,2278,-0.01382067896,0.006846552883,-0.1055555556,-0.004309375736
m3_discounted,2279,-0.02058811781,-0.002681291987,-0.2795918367,0.001374918222
m3_discounted,2280,-0.01142055536,-0.0004187615265,-0.155775076,-0.01921040646
m3_discounted,2281,-0.006725589182,0.002677259927,-0.1125,0.007710448229
m3_discounted,2282,-0.01675837974,-0.001895142155,-0.2692939245,0.03504819926
m3_discounted,2283,-0.01893742435,0.002848627498,-0.1770516717,-0.008943496749
m3_discounted,2284,-0.02472729696,-0.002640391049,-0.1017149616,-0.006855955565
m3_discounted,2285,-0.006910786388,0.002200361437,-0.2372333549,0.01380717749
m3_discounted,2286,-0.02349383914,-0.003272430061,-0.1820971867,0.02049929291
m3_discounted,2287,-0.01946661262,0.003626057359,-0.2986322188,-0.002510342268
m3_discounted,2288,0.01210874387,-0.004490047258,-0.1623655914,-0.002422755379
m3_discounted,2289,-0.01442626888,-0.006558220083,-0.1102272727,0.005807513313
m3_discounted,2290,-0.01079610594,-0.0009317548912,-0.1781376518,-0.02370800897
m3_discounted,2291,0.01747771253,-0.004487720979,-0.05482661668,-0.01118907571
m3_discounted,2292,-0.007763508023,-0.001244352962,-0.1625615764,-0.005685816143
m3_discounted,2293,-0.01239779686,0.003295607668,-0.0225,-0.02475015174
m3_discounted,2294,-0.01490801337,-0.005144961243,-0.1806239737,0.01610497461
m3_discounted,2295,-0.01771228603,-0.004657422442,-0.1185688941,-0.01238101945
m3_discounted,2296,-0.02766130193,0.00456393641,-0.009510869565,-0.01174286399
m3_discounted,2297,-0.04896402118,0.009575851198,-0.09195402299,-0.00270476492
m3_discounted,2298,-0.01842279024,0.002369367253,-0.1003039514,-0.01689350242
m3_discounted,2299,-0.03324025109,0.002080023433,-0.004081632653,-0.04005344362
m3_discounted,2300,-0.02127001764,0.005711488562,-0.1448846836,0.009163614452
m3_discounted,2301,-0.01007657413,-0.006275771848,-0.2023270847,-0.002044356403
m3_discounted,2302,-0.004647577202,-0.005951922904,-0.1991902834,-0.006498410304
m3_discounted,2303,0.01702862799,-0.00716957408,-0.2105978261,-0.01277031996
m3_discounted,2304,-0.02043667912,-0.006223958902,-0.1807610994,0.01332863581
m3_discounted,2305,-0.005302510339,-0.001617431017,-0.1494565217,0.00145362133
m3_discounted,2306,-0.008645204362,-0.001660604072,-0.2935222672,-0.008127227167
m3_discounted,2307,-0.02781819405,-0.001360725175,-0.06477272727,-0.02841340136
m3_discounted,2308,-0.03161613358,0.0006082748831,-0.1560449859,-0.01130215244
m3_discounted,2309,-0.02852059333,1.436293912e-05,-0.0896656535,-0.02164983
m3_discounted,2310,-0.03973583948,-0.0069433428,-0.2234042553,-0.003985857879
m3_discounted,2311,-0.03898535316,0.002692437035,-0.1270200388,-0.002533408303
m3_discounted,2312,0.01015536764,-0.008460276897,-0.1503836317,0.02365967575
m3_discounted,2313,-0.0437795109,0.005634736236,-0.1197916667,-0.01402037685
m3_discounted,2314,-0.02869686406,0.002795147945,-0.1133603239,-0.02479386636
m3_discounted,2315,-0.01439756848,-0.004939332481,-0.1749471459,0.01046486856
m3_discounted,2316,-0.02523681249,-0.0003234134895,-0.2397372742,0.01255551183
m3_discounted,2317,-0.007409965933,-0.002382619616,-0.02099349497,-0.01213675823
m3_discounted,2318,-0.008866493031,0.001435019501,-0.03532608696,-0.005252749461
m3_discounted,2319,-0.002398661972,-0.001796127431,-0.1914893617,-0.007979692345
m3_discounted,2320,-0.02458103053,-0.0005608608043,-0.1102272727,-0.003298828086
m3_discounted,2321,-0.03128447452,0.003469017727,-0.09878419453,-0.03471029305
m3_discounted,2322,-0.005413804975,-0.001663594366,-0.1824364281,0.02826782607
m3_discounted,2323,-0.008361019955,-0.001102469353,-0.2339901478,0.009049106241
m3_discounted,2324,0.03848982373,-0.006998298484,-0.1011635423,0.009269703457
m3_discounted,2325,-0.03362120314,0.004240084179,-0.0978710822,0.008587178953
m3_discounted,2326,-0.01254935446,-0.00134541804,-0.1544757033,0.004572694014
m3_discounted,2327,-0.002429033296,-0.003080623983,-0.2010869565,0.01375945315
m3_discounted,2328,-0.008646177935,0.001506215114,-0.1888888889,0.01307748343
m3_discounted,2329,-0.03564700481,0.0007503347752,-0.1444444444,-0.01215055887
m3_discounted,2330,-0.0008831768294,0.003257732084,-0.1294642857,0.034476079
m3_discounted,2331,-0.03117766541,-0.0008479462972,-0.1976744186,-0.005887385152
m3_discounted,2332,0.02863887305,-0.003860175893,-0.109375,-0.0334343662
m3_discounted,2333,0.01325152254,-0.009177142638,-0.1440217391,-0.01018758615
m3_discounted,2334,-0.02915478996,-9.376647147e-05,-0.2427278604,0.01425252995
m3_discounted,2335,0.01350660248,-0.007035172957,-0.226744186,0.03632019444
m3_discounted,2336,0.0009481387351,-0.0004422062987,-0.06270200388,-0.018724779
m3_discounted,2337,-0.02306650856,0.007055084447,-0.1295454545,-0.01141442157
m3_discounted,2338,-0.02851699166,0.004516540286,-0.1178313253,0.01752326433
m3_discounted,2339,-0.003537520685,-0.0065936757,-0.1118072289,0.009284113613
m3_discounted,2340,0.01278992462,-0.01083167183,-0.2055555556,-0.009857581893
m3_discounted,2341,0.01662889637,-0.002436367963,-0.1968325792,0.006945329963
m3_discounted,2342,-0.006750189135,-0.0006520344845,-0.1488636364,0.004662072849
m3_discounted,2343,-0.02522798679,-0.003328660404,-0.07539917209,-0.008139361121
m3_discounted,2344,-0.04126505539,0.01514134228,-0.1920716113,0.03420051457
m3_discounted,2345,-0.01976002028,-0.0007977549486,-0.2053571429,0.02933500402
m3_discounted,2346,0.005000521511,0.001310404083,-0.1666666667,0.01664026181
m3_discounted,2347,-0.01284598908,-0.00122584003,-0.1722222222,-0.01451314437
m3_discounted,2348,-0.03941217671,0.003555015653,-0.1975162626,0.003700836076
m3_discounted,2349,0.007419905694,-0.006862166246,-0.155465587,-0.01610734967
m3_discounted,2350,-0.004383494731,-0.007858242882,-0.1270200388,-0.02798874311
m3_discounted,2351,0.01169640353,-0.006825038693,-0.2196930946,0.02453653847
m3_discounted,2352,-0.01965063389,0.002140330231,-0.2044534413,-0.01385524809
m3_discounted,2353,-0.02263582316,0.003459475373,-0.2195121951,0.01167246373
m3_discounted,2354,0.01920852834,-0.01206688326,-0.123655914,-0.01859160821
m3_discounted,2355,-0.002708888517,-0.003042509103,-0.1275303644,-0.02074989173
m3_discounted,2356,-0.003037587407,-0.004219931296,-0.1722222222,-0.005228030649
m3_discounted,2357,-0.01409834757,-0.001056952634,-0.1956989247,0.01057357657
m3_discounted,2358,0.000896062043,-0.007514704382,-0.05729166667,-0.01969630043
m3_discounted,2359,-0.01865867235,0.003554598392,-0.1045454545,0.00820400792
m3_discounted,2360,0.007465288161,-0.003826837944,-0.1111111111,-0.01132198184
m3_discounted,2361,-0.02895208353,0.007459183144,-0.2717900656,-0.0184269491
m3_discounted,2362,-0.02307550496,-0.001050198307,-0.1451612903,-0.00537547537
m3_discounted,2363,-0.003701874136,-0.001062722257,-0.04387755102,-0.0328676629
m3_discounted,2364,0.002585300923,-0.005750636311,-0.1655824956,0.01051841436
m3_discounted,2365,-0.0184724013,-0.001337603927,-0.1932773109,-0.001116219604
m3_discounted,2366,-0.0001749638718,-0.005901872454,-0.171875,-0.01944906139
m3_discounted,2367,-0.01475389006,0.003809830224,-0.05027173913,-0.01562561363
m3_discounted,2368,-0.01131238075,-0.002628977513,-0.2344086022,-0.0009033452099
m3_discounted,2369,-0.0005190649356,-0.008862660028,-0.1861892583,0.007991448467
m3_discounted,2370,0.007718129503,0.0001931840065,-0.155775076,-0.01704921037
m3_discounted,2371,-0.02010137616,-0.00333042792,-0.1253799392,-0.009581460604
m3_discounted,2372,-0.009555475757,-0.004715028167,-0.1545454545,-0.006250733522
m3_discounted,2373,-0.01260959626,0.0001174172669,-0.2216748768,0.01145234505
m3_discounted,2374,-0.01741407735,0.003683903251,-0.2447916667,-0.02058564143
m3_discounted,2375,-0.0262599726,0.0008501117421,-0.07918552036,-0.006683296126
m3_discounted,2376,-0.01411026371,0.001528934392,-0.2818181818,0.009331419143
m3_discounted,2377,0.007666924183,-0.01216521235,-0.04621848739,-0.02908845003
m3_discounted,2378,0.002845153478,-0.004002438413,-0.1360182371,-0.01404591841
m3_discounted,2379,-0.01386731884,-0.002371739593,-0.1892857143,0.03462119439
m3_discounted,2380,0.001069110153,-0.005608010507,-0.2427278604,0.01373595015
m3_discounted,2381,-0.03160528896,-0.001455756754,-0.1642857143,-0.01962454128
m3_discounted,2382,-0.01433212345,0.004395973878,-0.1722222222,-0.01106862046
m3_discounted,2383,-0.02169521549,-0.006182344593,-0.3195111305,0.06960068632
m3_discounted,2384,0.009853865553,-0.005901258715,-0.06590909091,-0.0002208918364
m3_discounted,2385,0.006415598852,-0.009232130144,-0.2350680071,0.008966759475
m3_discounted,2386,-0.03334122361,0.0006460283822,-0.278012685,0.0291279169
m3_discounted,2387,-0.01211738119,-0.005316690116,0.01111111111,-0.01026113842
m3_discounted,2388,0.002920461519,0.0008650476374,-0.144499179,0.004308405295
m3_discounted,2389,0.02623260485,-0.01260108826,-0.1380090498,-0.01940810931
m3_discounted,2390,-0.0134444274,-0.00101978897,-0.1050420168,-0.003261533433
m3_discounted,2391,-0.01255710808,-0.006667396333,-0.1944444444,-0.003197708414
m3_discounted,2392,-0.01000920543,-0.0007451138467,-0.2111111111,0.002654813067
m3_discounted,2393,-0.02192674669,0.004057082178,-0.06239737274,-0.01887244405
m3_discounted,2394,-0.007026363713,-0.004964837899,-0.1855500821,0.002444422001
m3_discounted,2395,0.001033030236,-0.003705729513,-0.2333333333,-0.001434648163
m3_discounted,2396,-0.03247813405,0.00548323935,-0.2222222222,0.0154004595
m3_discounted,2397,-0.00508612617,0.0007479712554,-0.223832052,0.01255752403
m3_discounted,2398,-0.01807830435,0.001064368495,-0.08152173913,-0.01268689872
m3_discounted,2399,-0.001891651496,-0.005515081184,-0.1638083974,-0.013256489
m3_discounted,2400,-0.01105436413,-0.003350683308,-0.2116071429,0.03545000951
m3_discounted,2401,-0.04552573977,0.004717508574,-0.1238554217,0.01566801096
m3_discounted,2402,0.005567347395,-0.005778282057,-0.07975903614,-0.006894241851
m3_discounted,2403,-0.02586172389,0.001347723757,-0.1064777328,-0.03654867657
m3_discounted,2404,-0.02472427841,-0.0003131541047,-0.1644021739,-0.01849148651
m3_discounted,2405,-0.01366335778,0.003415302036,-0.07222222222,-0.009488286023
m3_discounted,2406,0.006895557127,-0.00594029673,-0.1075,-0.04753863956
m3_discounted,2407,0.007156701391,-0.009213161091,-0.141337386,-0.007917048177
m3_discounted,2408,-0.01520555224,-0.0008656510175,-0.1049382716,0.03038235072
m3_discounted,2409,0.008135509706,-0.005406243226,-0.2093596059,0.0187373431
m3_discounted,2410,-0.02370985926,-0.0007597142615,-0.1129509166,0.002759185127
m3_discounted,2411,0.001614075244,-0.006823732014,-0.1677419355,0.006878392443
m3_discounted,2412,-0.004588649296,-0.008472153949,-0.125,-0.01115272176
m3_discounted,2413,-0.002781190481,-0.007323403036,-0.123655914,0.002145234388
m3_discounted,2414,-0.02454743838,0.002953328461,-0.1569892473,-0.02041814767
m3_discounted,2415,-0.03434997489,0.006340578066,-0.1607287449,-0.01703992078
m3_discounted,2416,-0.02355938297,0.00104095849,-0.2111111111,0.00292901071
m3_discounted,2417,-0.04336240407,0.007772280812,-0.2340425532,-0.002254965285
m3_discounted,2418,-0.03804872136,0.001260027599,-0.2344086022,0.002660121385
m3_discounted,2419,-0.005630503881,-0.003458163775,-0.171875,-0.01598210158
m3_discounted,2420,-0.03233760354,-0.0007948804195,-0.1626139818,-0.001774175031
m3_discounted,2421,-0.02030128816,0.003095568441,-0.1858435682,-0.003746552943
m3_discounted,2422,-0.006169807657,-0.003796922898,-0.1806239737,-0.007903530058
m3_discounted,2423,-0.01564135339,-0.002399127145,-0.1785714286,0.01591353
m3_discounted,2424,-0.007324317074,-0.003891158361,-0.08333333333,-0.01836210577
m3_discounted,2425,-0.01085354868,0.003433385854,-0.1091070373,-0.0007541366206
m3_discounted,2426,-0.02083726787,-0.00595850946,-0.1770833333,-0.01741468009
m3_discounted,2427,-0.01490303008,0.004398977176,-0.1215255333,-4.974648564e-05
m3_discounted,2428,-0.01150682871,-0.002141252012,-0.2655870445,-0.009037952614
m3_discounted,2429,-0.02832390269,0.005323525429,-0.120971867,0.004527623082
m3_discounted,2430,-0.01716821678,0.003461496986,-0.17291532,0.004091718338
m3_discounted,2431,-0.01563849746,-0.002727089769,-0.2069781195,0.01075798716
m3_discounted,2432,0.01238680032,-0.004625158645,-0.1159090909,0.001493020449
m3_discounted,2433,-0.0327620696,0.003182149106,-0.1698369565,-0.01545325137
m3_discounted,2434,-0.001527962459,-0.006427517783,-0.1674208145,-0.002272451505
m3_discounted,2435,0.02342997182,-0.01317067378,-0.1577380952,0.01215156234
m3_discounted,2436,0.002012080422,-0.009186304676,-0.2372333549,0.01813315235
m3_discounted,2437,-0.004326675571,0.006491131843,-0.2021276596,-0.007143320033
m3_discounted,2438,-0.0189561497,2.475730104e-05,-0.1750443525,-0.02546690962
m3_discounted,2439,-0.005858217446,-0.007498204224,-0.1784098255,0.006197592642
m3_discounted,2440,-0.02166766767,-0.006134186231,-0.1886639676,-0.01098033781
m3_discounted,2441,-0.0224783286,-0.002234282013,-0.1408602151,-0.008093715166
m3_discounted,2442,-0.006411558083,0.002255585547,-0.08855850032,-0.01926098963
m3_discounted,2443,-0.0251666549,0.003599911599,-0.1633825944,-0.00427362296
m3_discounted,2444,-0.02655315292,-0.001085462624,-0.1435035553,-0.004020997255
m3_discounted,2445,-0.031623105,0.003179058379,-0.1982029598,0.007549657488
m3_discounted,2446,-0.01484383257,0.002381141188,-0.08888888889,-0.005526385045
m3_discounted,2447,-0.01803327679,0.001587282576,-0.116794796,-0.005561052698
m3_discounted,2448,-0.02874924046,0.005936605894,-0.2462365591,0.003057662772
m3_discounted,2449,-0.007786792722,-0.003954843652,-0.2119565217,-0.001061821382
m3_discounted,2450,-0.01878564314,0.004171297769,-0.1045454545,-0.002330427619
m3_discounted,2451,-0.02573036911,-0.002682596097,-0.1863711002,-0.00340503821
m3_discounted,2452,-0.0145305284,0.004665755533,-0.1380090498,0.003329475277
m3_discounted,2453,-0.01524566331,-0.004261174864,-0.1075268817,-0.01923633598
m3_discounted,2454,-0.004369439728,-0.00398078182,-0.1898795181,0.01593580593
m3_discounted,2455,0.007087394762,-0.0006557993192,-0.02429149798,-0.01390927538
m3_discounted,2456,-0.007299318894,-0.007006654095,-0.02052545156,-0.005745143076
m3_discounted,2457,-0.03886139263,0.002612117784,-0.1387520525,0.008626872738
m3_discounted,2458,-0.0002508201198,-0.003600510386,-0.141337386,-0.008688624872
m3_discounted,2459,-0.02247995002,-0.002008029114,-0.1876899696,-0.006832988783
m3_discounted,2460,-0.03401210234,0.003711106709,-0.1449392713,-0.03671116911
m3_discounted,2461,-0.01492963937,0.004717127166,-0.2427278604,0.009561815371
m3_discounted,2462,-0.01874593159,0.002983336939,-0.09211376858,-0.02209821972
m3_discounted,2463,-0.01618357442,0.002007883424,-0.1,-0.004400251602
m3_discounted,2464,-0.0184550645,0.001062249374,-0.08152173913,-0.007274569878
m3_discounted,2465,-0.009720977566,0.001661958686,-0.1426630435,-0.02238783051
m3_discounted,2466,-0.009052914127,0.0003561676387,-0.1170040486,-0.003888839423
m3_discounted,2467,-0.0177179596,-0.0032876478,-0.1611111111,0.002687941371
m3_discounted,2468,-0.005166724895,0.0008811214198,-0.1440217391,0.004796035907
m3_discounted,2469,-0.00372513058,-0.001927892158,-0.1494565217,0.001693574009
m3_discounted,2470,-0.02781579573,0.004094761977,-0.1544925663,-0.00142974439
m3_discounted,2471,-0.02227614527,0.002210360016,-0.07327935223,-0.01510158138
m3_discounted,2472,-0.02641821951,0.002968172191,-0.1555555556,-0.003549523463
m3_discounted,2473,-0.03950176499,-0.001054062417,-0.2282430213,0.00946321315
m3_discounted,2474,-0.02089998931,-0.006834711056,-0.1544757033,0.01704280749
m3_discounted,2475,-0.009302635249,-0.01204728789,-0.1852272727,0.005815195115
m3_discounted,2476,0.01224140574,-0.009106850707,-0.01585623679,-0.01244244138
m3_discounted,2477,-0.01724736819,0.001978486853,-0.1051150895,0.01016123564
m3_discounted,2478,0.01456225004,-0.00588212613,-0.1502024291,-0.02037287427
m3_discounted,2479,-0.02485841847,-0.0003572178236,-0.1683087028,-0.01473340667
m3_discounted,2480,-0.04027272319,0.002677356127,-0.1886639676,-0.01911560259
m3_discounted,2481,-0.01208689242,-0.005762744563,-0.01827956989,-0.02321165991
m3_discounted,2482,-0.0170101804,-0.001586255249,-0.129076087,-0.003858209676
m3_discounted,2483,-0.0184857312,-0.002548891568,-0.07918552036,-0.004029658507
m3_discounted,2484,-0.03516701251,-0.0003551650566,-0.3396656535,0.001569076316
m3_discounted,2485,-0.01260069221,4.096137366e-05,-0.2501478415,0.01884453216
m3_discounted,2486,0.01859057922,-0.00281850512,-0.1634408602,-0.02517165609
m3_discounted,2487,-0.0320570241,0.003303753886,-0.1580338266,0.02149267069
m3_discounted,2488,0.00483616433,-0.004582779565,-0.1968325792,-0.001674539075
m3_discounted,2489,0.002838280058,-0.005407654471,-0.1545454545,-0.0006046645963
m3_discounted,2490,-0.02050607667,0.003000756438,-0.3220108696,0.01214036879
m3_discounted,2491,0.003706902155,-0.006250969263,-0.2721396251,0.01246014541
m3_discounted,2492,-0.007811749937,-0.01083064901,-0.1956989247,-0.01279406483
m3_discounted,2493,0.0004462884479,-0.002734910672,-0.1986863711,0.009831690081
m3_discounted,2494,-0.03114265665,-0.001918945164,-0.02954545455,-0.01665760655
m3_discounted,2495,-0.01470668526,-0.001844888709,-0.1666666667,0.01271027973
m3_discounted,2496,-0.02247376429,-0.0007265517722,-0.1795454545,-0.0065655525
m3_discounted,2497,-0.03585074699,-0.002403615793,-0.1222222222,-0.01049325622
m3_discounted,2498,-0.01424252421,-0.001658152692,-0.0875,-0.008499302086
m3_discounted,2499,-0.001830755714,0.00186182904,-0.2454844007,0.03460678853
m3_discounted,2500,-0.01826808043,0.003471639831,-0.03978494624,-0.01279798788
m3_discounted,2501,-0.01373845453,-0.008161353958,-0.1479518072,0.01413023495
m3_discounted,2502,-0.01848516315,-0.0004843067246,-0.03962152572,-0.008087093805
m3_discounted,2503,0.004165434883,-0.002776904138,-0.1785925488,0.01455760457
m3_discounted,2504,-0.009780967184,-0.003253896211,-0.1712004731,0.01276826886
m3_discounted,2505,-0.02056559376,0.003294244461,-0.2152553329,-0.003864185316
m3_discounted,2506,-0.01901151033,0.003810971286,-0.0896656535,-0.01500257075
m3_discounted,2507,0.02351279054,-0.01878651658,-0.1494252874,0.01972236029
m3_discounted,2508,-0.03104794476,0.001010920313,-0.1688172043,-0.004033596973
m3_discounted,2509,-0.005859371739,-0.004221892551,-0.0716112532,0.008495163333
m3_discounted,2510,-0.01859743076,-0.002631444659,-0.1858435682,-0.004701807238
m3_discounted,2511,0.003997730292,-0.00458137767,-0.0744047619,0.02602960471
m3_discounted,2512,-0.03164546642,0.003664998044,-0.1172839506,0.02215271396
m3_discounted,2513,-0.03614543379,0.001730069863,-0.1236413043,-0.005413092278
m3_discounted,2514,-0.005544696657,-0.004267632111,-0.2807881773,0.01241261725
m3_discounted,2515,-0.02541175506,0.00714518852,-0.1011904762,-0.003430442299
m3_discounted,2516,-0.03788220758,0.01430636183,-0.1166666667,-0.02284203737
m3_discounted,2517,-0.001953697415,-0.006417821337,-0.1111111111,0.002108825578
m3_discounted,2518,-0.02304962591,-0.006008896442,-0.2013601419,-0.004727085113
m3_discounted,2519,-0.007838154202,-0.005311806651,-0.1318181818,-0.002155428036
m3_discounted,2520,-0.02823456573,0.004274564811,-0.222826087,0.01132734247
m3_discounted,2521,0.01791091878,-0.01026242291,-0.2152553329,0.01416155696
m3_discounted,2522,-0.0227842995,0.003109418408,-0.1010752688,-0.01246019362
m3_discounted,2523,-0.009863674104,-0.00236211379,-0.1557223265,0.0165532996
m3_discounted,2524,-0.007376010944,-0.002411636431,-0.1944444444,0.002798105083
m3_discounted,2525,-0.01775930785,0.005075187225,-0.2031342401,0.008058261611
m3_discounted,2526,-0.03170434618,0.00284341546,-0.169793621,0.0090604546
m3_discounted,2527,-0.01493132037,-0.005251875941,-0.09211376858,0.006141457591
m3_discounted,2528,-0.03114687474,-0.000780400075,-0.02036199095,-0.0118808246
m3_discounted,2529,-0.0004432032627,-0.01198624151,-0.1617386162,0.007618353304
m3_discounted,2530,-0.03172814869,0.002602356922,-0.07369101487,-0.002550411506
m3_discounted,2531,-0.008612435319,0.00146852801,-0.09609698403,-0.02068732593
m3_discounted,2532,-0.003436283787,-0.001014006783,-0.1330049261,0.001508770829
m3_discounted,2533,-0.02805909629,-0.002914656431,-0.09659090909,0.01235390562
m3_discounted,2534,0.01247391591,-0.001054097168,-0.1257831325,0.01412233096
m3_discounted,2535,-0.04135314168,0.002992390141,-0.08468002586,-0.01029612527
m3_discounted,2536,-0.03624202101,0.003434170653,0.01902173913,-0.03278496657
m3_discounted,2537,-0.02893914359,0.003421071699,-0.1516129032,-0.01587750703
m3_discounted,2538,-0.01094503971,-0.0008237431858,-0.1564318035,-0.008990416531
m3_discounted,2539,-0.03474195989,0.007649636255,-0.1141215107,-0.002020511392
m3_discounted,2540,-0.009687832763,-0.00190706569,-0.05914673562,-0.02871538071
m3_discounted,2541,0.001201365037,-0.003621266317,-0.1944444444,0.009476997226
m3_discounted,2542,-0.007716295142,-0.002149819881,-0.1674208145,0.008530281688
m3_discounted,2543,-0.004046228369,-0.0001447667003,-0.06275303644,-0.01916444345
m3_discounted,2544,-0.005772257434,0.0002190440713,-0.05534709193,-0.008213538361
m3_discounted,2545,-0.03985932773,-0.001424527372,-0.181547619,0.01656748139
m3_discounted,2546,-0.01810701593,0.003676913616,-0.1129509166,0.00236178632
m3_discounted,2547,-0.008179067461,-0.0003519032839,-0.1264367816,0.0003309565054
m3_discounted,2548,-0.02262494217,0.001380197318,-0.1353065539,0.005230744117
m3_discounted,2549,-0.02440732744,-0.003407270291,-0.02838557067,-0.01185537999
m3_discounted,2550,-0.03133207392,1.735346726e-05,-0.1215909091,0.006255693133
m3_discounted,2551,-0.001005244527,-0.001316152521,-0.2294500296,0.01531312157
m3_discounted,2552,-0.001099892795,0.00106298485,-0.1963448922,-0.003863550029
m3_discounted,2553,-0.04451199409,0.005577119515,-0.105065666,0.01863927423
m3_discounted,2554,0.005168777272,0.0007021567798,-0.2224958949,-0.007856736616
m3_discounted,2555,0.003308155397,-0.003200187007,-0.1091954023,-0.01102534936
m3_discounted,2556,-0.02004583942,-0.003383515646,-0.1691297209,0.003904377612
m3_discounted,2557,-0.02222648083,-0.002695762347,-0.2418478261,-0.01900998624
m3_discounted,2558,-0.02150229557,4.630296333e-05,-0.2142857143,0.01049108836
m3_discounted,2559,-0.04055753119,0.013319837,-0.1073369565,-0.008744688008
m3_discounted,2560,-0.002026979929,-0.009708416573,-0.07222222222,-0.01542549258
m3_discounted,2561,-0.01616010317,0.005406892862,-0.09566903685,-0.01072947816
m3_discounted,2562,-0.01290595244,-0.002441674654,-0.194893342,0.003449521274
m3_discounted,2563,-0.01384152198,-0.001335469782,-0.1358350951,0.01995363178
m3_discounted,2564,-0.01568639818,-0.0057600239,-0.1290322581,-0.01468592787
m3_discounted,2565,-0.01487574474,0.003181875013,-0.09444444444,-0.009509145286
m3_discounted,2566,-0.02138395817,0.002446776094,-0.1325145443,0.002424145266
m3_discounted,2567,0.02802742301,-0.003443513305,-0.07975903614,-0.001002339996
m3_discounted,2568,-0.001774426701,-0.009596035044,-0.1290322581,-0.01008744701
m3_discounted,2569,-0.02739396904,0.0035589977,-0.2262443439,0.01494746118
m3_discounted,2570,0.004540661276,-0.008177625651,-0.1279761905,0.001128217464
m3_discounted,2571,-0.02193601238,-0.002770129385,-0.2173913043,0.00678410206
m3_discounted,2572,0.01665669725,-0.00815491773,-0.1698795181,0.02824057615
m3_discounted,2573,-0.01627614322,-0.002514573524,-0.06031933767,0.003473177674
m3_discounted,2574,-0.01722354214,-0.001705554057,-0.1561206387,0.001315843583
m3_discounted,2575,-0.03419294803,-0.0004981140938,-0.1634408602,-0.01786916622
m3_discounted,2576,0.01651349459,-0.01595250971,-0.09031198686,0.01370015116
m3_discounted,2577,-0.02086434951,-0.0003041402483,-0.1833333333,0.02684410874
m3_discounted,2578,-0.01197816389,-0.001399755002,-0.2069781195,0.00691015411
m3_discounted,2579,-0.007994034477,-0.007867787906,-0.06978119456,-0.00812686602
m3_discounted,2580,-0.02830663677,-0.001221932766,-0.09770114943,0.006856714554
m3_discounted,2581,-0.01771714878,-0.002710285419,-0.1244897959,-0.01022328573
m3_discounted,2582,-0.02808941844,0.008104177211,-0.1535326087,-0.007355001097
m3_discounted,2583,-0.01613857101,0.0003905350107,-0.2173913043,0.004664184676
m3_discounted,2584,-0.02403563344,-0.001667686881,-0.1222672065,-0.01201657227
m3_discounted,2585,0.001033348428,-0.0026944284,-0.1902173913,-0.01653469277
m3_discounted,2586,-0.02804841875,0.002196229701,-0.1803069054,0.01761825876
m3_discounted,2587,0.0221009143,-0.008887036505,-0.07881773399,-0.009418104577
m3_discounted,2588,-0.0384462741,0.01285424889,-0.05698924731,-0.02219469707
m3_discounted,2589,-0.01909409005,-0.004448280311,-0.139948287,0.0008938515211
m3_discounted,2590,-0.00832137645,-0.008349303179,-0.1655824956,0.01250610896
m3_discounted,2591,0.01459261214,-0.003769717742,-0.1754756871,0.011180733
m3_discounted,2592,-0.01345727966,-0.0009032737682,-0.1879795396,0.01705751088
m3_discounted,2593,-0.03662474132,-0.001297267821,-0.1032608696,-0.01644074611
m3_discounted,2594,-0.006991496573,0.001189717598,-0.1913380737,-0.006696775294
m3_discounted,2595,-0.009683152536,-0.004119257832,-0.01823708207,-0.03821261736
m3_discounted,2596,-0.03013130841,0.007750976164,-0.1159090909,0.01462309109
m3_discounted,2597,-0.02612630927,0.000744870611,-0.2180851064,-0.003706258127
m3_discounted,2598,0.01212230163,-0.00714700176,-0.1206896552,-0.002239271047
m3_discounted,2599,-0.02391341481,-0.001639599323,-0.1345108696,0.00460691914
m3_discounted,2600,-0.008136938475,-0.006005308983,-0.1295454545,0.002366252936
m3_discounted,2601,-0.02969563745,0.002485981609,-0.1559934319,0.01067423273
m3_discounted,2602,-0.02585230172,-0.005502559337,-0.191898285,0.01227582219
m3_discounted,2603,-0.0162468051,0.002929894432,-0.02365591398,-0.02101291782
m3_discounted,2604,0.001064064093,-0.00446487051,-0.04444444444,-0.0137668751
m3_discounted,2605,-0.02827700132,0.003021841816,-0.1932773109,-0.0174951282
m3_discounted,2606,-0.008063399497,-0.00138508109,-0.1677419355,-0.00824791506
m3_discounted,2607,-0.01723076056,-0.001373696194,-0.1079518072,0.01017082859
m3_discounted,2608,-0.005621405668,-0.003526738193,-0.1765182186,-0.0109562693
m3_discounted,2609,-0.03324574264,0.002856727386,-0.0875,0.001610894429
m3_discounted,2610,-0.01413673019,-0.004697631573,-0.1451612903,0.004388794423
m3_discounted,2611,-0.02939453812,0.003456383695,-0.09923273657,-0.007915908031
m3_discounted,2612,-0.03099088088,0.0120816496,-0.1909090909,0.006568769875
m3_discounted,2613,-0.005987280122,-0.005797429403,-0.04090909091,-0.01448233846
m3_discounted,2614,0.01628513355,-0.007395769979,-0.1481885639,0.01394206483
m3_discounted,2615,-0.01808446442,0.003625346246,-0.1657831325,0.02264229231
m3_discounted,2616,-0.004705770753,0.006057250825,-0.08559782609,-0.01576727827
m3_discounted,2617,0.004965488131,-0.01185102945,-0.09760827408,-0.009013873024
m3_discounted,2618,-0.0174100647,-0.006124408287,-0.181686747,0.01522628906
m3_discounted,2619,-0.05189660199,0.009400025973,-0.4020242915,0.0145638656
m3_discounted,2620,-0.0117819099,-0.002425162787,-0.09566596195,0.0080659532
m3_discounted,2621,-0.0208004942,0.001075046845,-0.2432225064,0.03470040039
m3_discounted,2622,-0.02106301547,-0.005272475068,-0.09239130435,-0.01168519762
m3_discounted,2623,0.007808484747,-0.006262442952,-0.2516129032,-0.007350855978
m3_discounted,2624,-0.04645884527,0.0008539934091,-0.06990881459,-0.01246465613
m3_discounted,2625,-0.02882444813,-0.001025488855,-0.07419354839,-0.008295997148
m3_discounted,2626,-0.02558356963,-0.006833286333,0.005208333333,-0.02640392397
m3_discounted,2627,-0.02614003551,-0.003663318741,-0.09782608696,0.00921673852
m3_discounted,2628,-0.0314430911,0.0004837801056,-0.1157635468,-0.02319459393
m3_discounted,2629,-0.009405311752,-0.005249295624,-0.1048582996,-0.009252192554
m3_discounted,2630,-0.02003034492,0.003256631037,-0.1333333333,-0.01190514942
m3_discounted,2631,-0.02041315157,-0.002137186096,-0.2321428571,0.03223309582
m3_discounted,2632,-0.009453582432,0.001260421034,-0.1336734694,-0.04009654829
m3_discounted,2633,-0.004377761762,-0.0007128650733,-0.1768184506,0.003028328523
m3_discounted,2634,-0.01554701175,-0.000692727601,-0.03869047619,-0.01374034866
m3_discounted,2635,-0.01630158293,0.001593817307,-0.1722222222,0.003173946757
m3_discounted,2636,-0.01804269269,0.0004970324432,-0.215601023,0.01408018169
m3_discounted,2637,-0.03811118082,0.004669616387,-0.2333333333,0.002977795829
m3_discounted,2638,0.01151548301,-0.008359314983,-0.2010752688,0.001727562913
m3_discounted,2639,-0.003070780157,0.001292391655,-0.1728395062,0.02848727995
m3_discounted,2640,-9.062783673e-05,-0.006586911032,-0.1755319149,-0.01120671692
m3_discounted,2641,-0.02290825566,0.002337369486,-0.1426630435,-0.00639059023
m3_discounted,2642,-0.0198150503,-0.006986912817,-0.306547619,0.03393182534
m3_discounted,2643,-0.01759732799,-0.00924362755,-0.1125792812,0.005046683654
m3_discounted,2644,-0.02319324229,-0.0008906450422,-0.1555555556,-0.01493479012
m3_discounted,2645,0.002507509303,-0.003195715526,-0.1625615764,0.02229645164
m3_discounted,2646,-0.001348545304,-0.004371215609,-0.07291666667,-0.02454591956
m3_discounted,2647,0.004327925921,-0.008206349459,-0.09688013136,0.003097768522
m3_discounted,2648,-0.01913952667,0.0008644729713,-0.1666666667,-0.01382680463
m3_discounted,2649,-0.02756822524,0.001293346333,-0.1555555556,-0.01159691225
m3_discounted,2650,-0.0436038021,0.001176113115,-0.1206896552,0.001743333084
m3_discounted,2651,-0.01564378632,-0.002268739271,-0.1238866397,-0.02466331265
m3_discounted,2652,-0.03439963001,0.002417782651,-0.1270200388,-0.01074827414
m3_discounted,2653,-0.0184060957,0.0006061226405,-0.1129509166,0.01239075235
m3_discounted,2654,-0.01490617914,-0.001277055922,-0.2721396251,0.01691293687
m3_discounted,2655,-0.02049935098,0.004642370915,-0.07419354839,0.003774284424
m3_discounted,2656,0.001270287966,0.003690749796,-0.1612903226,0.005778729232
m3_discounted,2657,0.01566895142,0.001039035805,-0.1206896552,0.005700529936
m3_discounted,2658,-0.01037123863,-0.002372152182,-0.07407407407,0.008834772663
m3_discounted,2659,-0.02715030913,0.004688340336,-0.1073369565,-0.008107901376
m3_discounted,2660,-0.0139328335,-0.003627596598,-0.1912972085,0.01703844854
m3_discounted,2661,-0.007034560753,0.00343258645,-0.04427925016,-0.01134630332
m3_discounted,2662,-0.01506071295,-0.0004788129761,-0.1655824956,0.004641215885
m3_discounted,2663,-0.003779242886,-0.00357838314,-0.2501478415,0.01648386197
m3_discounted,2664,-0.02114625257,-0.006372212289,-0.1129509166,-0.01699423173
m3_discounted,2665,0.001335422134,-0.003210738102,-0.1166666667,-0.01530509412
m3_discounted,2666,-0.01880215566,-0.000709836543,-0.1748545572,-0.004697963569
m3_discounted,2667,-0.007982765019,0.003235499463,-0.1159090909,-0.01143286699
m3_discounted,2668,0.005091543941,-0.007286621022,-0.1770833333,-0.006827530779
m3_discounted,2669,-0.02964588041,-0.002619944032,-0.148728563,-0.002415827735
m3_discounted,2670,-0.01776432188,-0.004164878646,-0.191898285,0.01880802734
m3_discounted,2671,-0.02593440159,0.003463999905,-0.1215805471,-0.006082092256
m3_discounted,2672,0.004878763904,-0.002037664079,-0.232388664,-0.0006763613566
m3_discounted,2673,-0.02156626574,0.00421185316,-0.2611506141,0.01974826427
m3_discounted,2674,-0.01957785971,0.006355649613,-0.1967741935,-0.02124869811
m3_discounted,2675,-0.02947202936,0.0003367244146,-0.07777777778,-0.01632195018
m3_discounted,2676,0.01284867034,-0.006678282025,-0.1913380737,0.0092687961
m3_discounted,2677,-0.02194983915,0.002749088087,-0.05454545455,-0.0166559115
m3_discounted,2678,-0.001605766596,-0.005208144588,-0.1290322581,-0.008916761597
m3_discounted,2679,0.02197654679,-0.01350419599,-0.1845238095,0.0132519901
m3_discounted,2680,0.007068551015,-0.006204791895,-0.1072938689,0.004257091653
m3_discounted,2681,-0.003004987662,-0.008517886881,-0.0659373152,5.27693288e-05
m3_discounted,2682,-0.008389768031,-0.002891519975,-0.1833333333,0.00214921852
m3_discounted,2683,-0.008628872506,0.0008063163917,-0.1752717391,-0.009451675436
m3_discounted,2684,-0.03017791667,-0.00277329519,-0.08152173913,-0.02194946711
m3_discounted,2685,-0.02777018407,0.001202715898,-0.02483598875,-0.03097955166
m3_discounted,2686,-0.02404387758,-0.001653112453,-0.1754756871,0.02643846784
m3_discounted,2687,-0.04986045157,0.005168707342,-0.05549682875,0.003453175712
m3_discounted,2688,-0.01172064393,0.007009610455,-0.1131078224,0.02271450244
m3_discounted,2689,0.01142392509,-0.0002155102195,-0.1871035941,0.01997146368
m3_discounted,2690,-0.01653970085,-0.004980949102,-0.1325145443,0.0005918180242
m3_discounted,2691,-0.01679252445,0.005645226991,-0.2055555556,0.01454928803
m3_discounted,2692,-0.007031496255,-0.004016617846,-0.155465587,-0.01050278018
m3_discounted,2693,-0.01434121519,0.004719821665,-0.221180881,-0.02239844218
m3_discounted,2694,-0.0222943526,-0.004481144534,-0.09196428571,0.0136436168
m3_discounted,2695,0.004097615331,-0.007761205116,-0.1939271255,-0.009269326528
m3_discounted,2696,-0.01001535604,-0.003840821974,-0.2040816327,-0.02137794454
m3_discounted,2697,-0.03032211855,0.002596293788,-0.1674208145,0.00248768527
m3_discounted,2698,0.00019666028,-0.001455651731,-0.2556561086,0.005308706295
m3_discounted,2699,-0.01675787949,-0.00446242037,-0.1888888889,0.01405537315
m3_discounted,2700,-0.02024805365,-0.0007260950236,-0.1014799154,0.001963518352
m3_discounted,2701,-0.006483020036,-0.005764425284,-0.1580645161,-0.03270057151
m3_discounted,2702,-0.005848969252,0.0007977112752,-0.0247311828,-0.03822446633
m3_discounted,2703,-0.02019859261,0.006596512086,-0.1125,-0.01253648379
m3_discounted,2704,-0.02042182076,0.001619994365,-0.2021505376,-0.01919190543
m3_discounted,2705,-0.02315580853,0.005538407955,-0.2063789869,0.03219836654
m3_discounted,2706,-0.03353638017,0.006682669189,-0.1824364281,0.004980138186
m3_discounted,2707,-0.01344325072,-0.002426311463,-0.1543465405,0.004478372051
m3_discounted,2708,-0.03667610188,0.007169281276,-0.1408602151,-0.01532059642
m3_discounted,2709,-0.03774531904,0.01042160729,-0.1502463054,0.003113449041
m3_discounted,2710,-0.00821482851,-0.000275096479,-0.1353065539,0.00301286823
m3_discounted,2711,-0.01842152899,0.0007858839209,-0.1125,-0.01326525699
m3_discounted,2712,-0.02588888036,0.0005219695178,-0.1222826087,-0.03231797128
m3_discounted,2713,-0.03689422025,0.004187515958,-0.1272727273,0.004941437308
m3_discounted,2714,-0.03225155357,0.0003235610916,-0.1431818182,-0.001281635304
m3_discounted,2715,0.0003976350073,-0.001133056461,-0.2271255061,-0.01102134605
m3_discounted,2716,-0.00816624338,0.001341216569,-0.2613837966,0.02101063266
m3_discounted,2717,-0.01441053844,-0.003965258706,-0.1717171717,-0.03142474492
m3_discounted,2718,-0.005269927406,0.0002051834983,-0.2216748768,0.01910301668
m3_discounted,2719,0.006274927356,-0.002697340047,-0.02309782609,-0.03326766644
m3_discounted,2720,-0.007666546718,0.003709553224,-0.06982097187,-0.01899787095
m3_discounted,2721,0.004799572949,-0.01109060809,-0.1206896552,0.007131498319
m3_discounted,2722,-0.02300169767,0.003587744808,-0.161926309,-0.008889267108
m3_discounted,2723,-0.01177454752,0.001200505716,-0.1129509166,-0.01051869462
m3_discounted,2724,-0.02052197521,0.002911724693,-0.1045454545,-0.001777190956
m3_discounted,2725,-0.005910648799,-0.003672460682,-0.1580338266,-0.002683203762
m3_discounted,2726,-0.05061048722,0.005159415662,-0.1784098255,0.01135668978
m3_discounted,2727,0.007262817589,-0.003236959939,-0.1548913043,-0.004949343859
m3_discounted,2728,-0.02675638986,0.0004286107674,-0.1051150895,0.009094697063
m3_discounted,2729,-0.0389348264,0.003432825029,-0.1718072289,0.02171271163
m3_discounted,2730,0.004359387516,-0.0001781776881,-0.1182065217,0.006389515646
m3_discounted,2731,-0.02326782544,-0.001981882192,-0.1056231003,-0.03536057493
m3_discounted,2732,-0.03772815479,0.00537779399,-0.181547619,0.021751307
m3_discounted,2733,-0.008987927958,-0.006052363349,-0.1236413043,0.001709478557
m3_discounted,2734,-0.01331933303,-0.008685617767,-0.1331521739,-0.008349219327
m3_discounted,2735,-0.04402530204,0.008483114523,-0.1913380737,-0.02212219297
m3_discounted,2736,-0.02078005718,-0.00595979402,-0.1659090909,0.004255789415
m3_discounted,2737,-0.02834939675,0.003200916044,-0.1253799392,-0.01511824388
m3_discounted,2738,0.0003323086264,-0.004967188773,-0.1677419355,-0.001970473118
m3_discounted,2739,-0.007623978239,-0.0001201812661,-0.1777777778,0.01695667695
m3_discounted,2740,-0.001025156212,-0.004532368783,-0.1750443525,-0.002829583083
m3_discounted,2741,-0.006698923938,-0.002102276522,-0.125,-0.01332811348
m3_discounted,2742,-0.001938378392,0.002935103656,-0.07956989247,-0.00356497703
m3_discounted,2743,-0.01481973288,0.006666512229,-0.2595108696,0.007698781239
m3_discounted,2744,-0.01760326772,0.001805856799,-0.1798029557,0.02297984337
m3_discounted,2745,-0.03523598297,0.006472322904,-0.1333333333,0.008002497174
m3_discounted,2746,-0.008096505219,0.001070438784,-0.1715909091,0.002698021639
m3_discounted,2747,-0.03268451886,-7.949476799e-06,-0.2173913043,-0.01416463045
m3_discounted,2748,-0.03073782484,-0.0005844683057,-0.1644021739,-0.001495314308
m3_discounted,2749,-0.01642595762,-0.005154214416,-0.1222222222,0.007187762272
m3_discounted,2750,-0.01748140603,-0.001789692513,-0.1547619048,0.02353310551
m3_discounted,2751,-0.03275051952,0.002403384997,-0.1193548387,-0.02183676675
m3_discounted,2752,-0.03710144221,0.004656255877,-0.1257831325,0.00119613954
m3_discounted,2753,-0.02600374715,0.004147199871,-0.1777777778,0.008387270065
m3_discounted,2754,-0.03891821094,0.004720730951,-0.2232142857,0.02448062764
m3_discounted,2755,-0.01624169615,-0.002788388383,-0.2569892473,0.004715875814
m3_discounted,2756,-0.02736726529,0.003702133372,-0.1617386162,0.008971483111
m3_discounted,2757,0.0002345307833,0.001488772117,-0.1330049261,0.008847258299
m3_discounted,2758,0.01539827361,-0.008485566968,-0.2053571429,0.02651657733
m3_discounted,2759,-0.03093040746,0.00259720988,-0.05698924731,-0.02573380989
m3_discounted,2760,-0.01083714578,-0.009943692848,-0.07369101487,-0.001915208144
m3_discounted,2761,-0.003398495345,-0.0007426798832,-0.1852272727,0.01913497728
m3_discounted,2762,-0.02895875732,-0.0008032367823,-0.004217432052,-0.02191710089
m3_discounted,2763,-0.004383374043,0.0005125758273,-0.1638554217,0.0199202734
m3_discounted,2764,-0.01008144702,-0.002612166631,-0.1715909091,0.02086312825
m3_discounted,2765,-0.002387832252,-0.003531645317,-0.03333333333,-0.0209663482
m3_discounted,2766,-0.03572989489,-0.001930135225,-0.2603238866,-0.004253305119
m3_discounted,2767,-0.001038032879,-0.004392043775,-0.2093596059,0.01160084694
m3_discounted,2768,0.006045253964,-0.006432695864,-0.2272727273,0.01687680208
m3_discounted,2769,-0.0249513061,-0.002708765043,-0.145320197,-0.007754032505
m3_discounted,2770,-0.00175951643,-0.003192734124,-0.1010752688,-0.01101131051
m3_discounted,2771,-0.004939470001,-0.004016344854,-0.1569892473,-0.009441711494
m3_discounted,2772,-0.008211995833,0.002754720795,-0.1464285714,0.006848810808
m3_discounted,2773,0.01726418253,-0.01102643258,-0.1344129555,-0.01643046669
m3_discounted,2774,-0.02499306265,-0.002384429353,0.01417004049,-0.01897762267
m3_discounted,2775,-0.03535122123,0.007626294,-0.1683087028,0.003063208131
m3_discounted,2776,-0.01931997678,0.002551074371,-0.1611111111,-0.009023744949
m3_discounted,2777,0.007318173175,-0.002982000593,-0.1798029557,0.003004005902
m3_discounted,2778,0.0001089595166,-0.0003845579173,-0.1711956522,0.01341577901
m3_discounted,2779,-0.01129448345,0.0001881861352,-0.2444444444,0.01160177673
m3_discounted,2780,-0.02373874569,-0.0003167853797,-0.1444652908,0.02108360953
m3_discounted,2781,-0.02083278919,0.001377374138,-0.1102272727,0.003073375371
m3_discounted,2782,-0.02582289765,0.00126223363,-0.0995951417,-0.002032647501
m3_discounted,2783,-0.01662170177,0.002474919667,-0.2498795181,0.03970960402
m3_discounted,2784,0.003942518366,-0.004045179009,-0.2036124795,0.00401327909
m3_discounted,2785,-0.02094277923,0.00180927968,-0.1309462916,0.005335701084
m3_discounted,2786,-0.01164843537,-0.001755934982,-0.1580645161,-0.02572175618
m3_discounted,2787,-0.02683053347,-0.003404067838,-0.1181818182,-0.01684322302
m3_discounted,2788,-0.03425418209,0.0009960848935,-0.1055555556,-0.006886728995
m3_discounted,2789,-0.0009812934493,-0.002065611954,-0.2410714286,0.04551552761
m3_discounted,2790,-0.01469756397,0.0009771799242,-0.1181818182,-0.007757962171
m3_discounted,2791,-0.007720249445,-0.007247033623,-0.1011635423,0.001551076855
m3_discounted,2792,-0.01734028563,0.002621749994,-0.0964673913,-0.007521490444
m3_discounted,2793,-0.02818929214,0.001601333869,-0.1612903226,-0.01460088378
m3_discounted,2794,-0.02165955079,-0.00395666385,-0.08468002586,-0.0033620362
m3_discounted,2795,-0.004673594581,-0.002513012273,-0.1160310278,-0.01297372023
m3_discounted,2796,0.009162063619,-0.007547344164,-0.1965909091,0.01846652224
m3_discounted,2797,-0.001876597856,-0.001009890256,-0.1886639676,-0.01826393121
m3_discounted,2798,-0.03680006889,0.001430558218,-0.1440217391,-0.02663278023
m3_discounted,2799,-0.006983950557,-0.004855545228,-0.1277777778,-0.0118565984
m3_discounted,2800,-0.01007648611,-0.006789035478,-0.2207498384,0.001131735997
m3_discounted,2801,-0.03132066982,0.004171213477,-0.0978710822,0.01025869601
m3_discounted,2802,-0.03052884353,-0.001719663861,-0.1444444444,-0.001569918938
m3_discounted,2803,-0.01971220481,0.007523647579,-0.1083743842,0.02018073048
m3_discounted,2804,-0.01142316948,-0.0004324038169,-0.2078804348,0.005610310662
m3_discounted,2805,-0.003698055309,-0.004043807287,-0.1325145443,-0.0057498574
m3_discounted,2806,0.01199819043,-0.01107584779,-0.2255754476,0.03176904696
m3_discounted,2807,-0.01867717335,0.004129875517,-0.1861413043,-0.01259578838
m3_discounted,2808,-0.03015776158,0.003659154686,-0.1056231003,-0.01421098333
m3_discounted,2809,-0.03681577562,0.005257064333,-0.06819650937,-0.008736865698
m3_discounted,2810,0.008306268411,-0.008688243233,-0.1674208145,-0.008300385902
m3_discounted,2811,-0.01026010687,-0.002390339924,-0.1863711002,0.006723763836
m3_discounted,2812,-0.02006455095,-0.0006034086383,-0.1748545572,-0.01679010578
m3_discounted,2813,-0.03912114758,0.01116055278,-0.2323481117,0.03484998785
m3_discounted,2814,-0.01512707299,0.0006625576309,-0.1295454545,0.002526202088
m3_discounted,2815,-0.0428712343,0.006017037259,-0.1555555556,0.01241198859
m3_discounted,2816,-0.01076101535,-0.003088018823,-0.2021276596,-0.01338992635
m3_discounted,2817,-0.0356191757,-3.930970749e-05,-0.1904761905,0.005160834109
m3_discounted,2818,-0.01968213042,-0.003328984397,-0.1638477801,0.02952555865
m3_discounted,2819,-0.004128914727,-0.0007569129614,-0.0978710822,-0.001625408414
m3_discounted,2820,0.003499702731,-0.005430518344,-0.11205074,-0.01107770404
m3_discounted,2821,-0.02557185567,0.0001119156707,-0.09387755102,-0.007757111275
m3_discounted,2822,-0.04518610815,0.004718141861,-0.01227621483,-0.009554213382
m3_discounted,2823,-0.04558871509,0.006031695835,-0.2,0.0002152048555
m3_discounted,2824,0.01097757352,-0.003233369315,-0.1636363636,0.007997768762
m3_discounted,2825,-0.01940264997,-0.001696235945,-0.17291532,-0.0127418632
m3_discounted,2826,-0.0271772016,0.005682793928,-0.1886639676,-0.02243153448
m3_discounted,2827,-0.006735904301,-0.0005146875672,-0.196969697,-0.002389585274
m3_discounted,2828,0.002867657459,-0.005088310218,-0.1275303644,0.0003800842
m3_discounted,2829,-0.02915844388,0.008598443177,-0.1909090909,-0.01265471991
m3_discounted,2830,-0.02770044318,-0.002852095376,-0.09204545455,-0.02968984261
m3_discounted,2831,-0.03270428986,-0.005036839024,-0.08456659619,-0.0150282016
m3_discounted,2832,-0.02091377516,0.001715880099,-0.1309462916,-0.001762837201
m3_discounted,2833,-0.004469125756,-0.004250357011,-0.2317388494,0.006779400321
m3_discounted,2834,-0.03488479941,0.005424120715,-0.2108219988,-0.005938765238
m3_discounted,2835,-0.01756958689,-0.003168944951,-0.1290322581,-0.005199336812
m3_discounted,2836,-0.02752704484,-0.006369585248,-0.160262418,-0.04220026993
m3_discounted,2837,-0.01161676776,0.000191234237,-0.1409090909,0.02061979476
m3_discounted,2838,-0.005550343614,0.00216438623,-0.2741935484,-0.005379153388
m3_discounted,2839,-0.009739312432,-0.003191867977,-0.1327935223,-0.01459138121
m3_discounted,2840,-0.03665851182,0.009531218373,-0.1454427925,-0.002173341953
m3_discounted,2841,0.0004040729828,-0.005986049988,-0.1195862961,0.01226600522
m3_discounted,2842,-0.02031417357,0.008884954014,-0.08468002586,-0.001398683133
m3_discounted,2843,-0.006137665694,-0.00427011079,-0.1833333333,-0.001070770914
m3_discounted,2844,0.009660815487,-0.007715747147,-0.2196930946,0.02039224689
m3_discounted,2845,-0.008396104109,-0.009466591775,-0.1511363636,-0.01490578793
m3_discounted,2846,-0.01499504305,0.00109185653,-0.1435035553,0.00612689719
m3_discounted,2847,-0.02157362532,0.002048582846,-0.09895833333,-0.00612729537
m3_discounted,2848,-0.01725240437,-0.0003365092493,-0.1111768185,-0.01216035881
m3_discounted,2849,-0.01051970316,-0.002064709663,-0.1838554217,0.0319159188
m3_discounted,2850,-0.0176323608,0.003424927171,-0.08630952381,0.0001940165716
m3_discounted,2851,0.0007934687309,-0.007999150018,-0.2406859846,0.00938999724
m3_discounted,2852,-0.00633995909,0.001822804659,-0.08854166667,-0.008091876043
m3_discounted,2853,-0.02087105433,0.0003147886987,-0.2377717391,-0.01551442186
m3_discounted,2854,-0.03097225517,-0.001854436073,-0.3177083333,0.006087526444
m3_discounted,2855,-0.001642049645,0.001888157309,-0.1392667061,-0.0001347975229
m3_discounted,2856,-0.009884805318,-0.007793072345,-0.1333333333,0.006006039829
m3_discounted,2857,0.003385224602,-0.01152719954,-0.2055555556,0.01374490098
m3_discounted,2858,-0.01326262975,-0.005688242246,-0.2036124795,0.02189560437
m3_discounted,2859,-0.01788817354,-0.005144025676,-0.254756871,0.01987857543
m3_discounted,2860,-0.04236134124,0.007055217944,-0.1666666667,0.01627518341
m3_discounted,2861,-0.0244361958,0.001770338846,-0.09226190476,0.002719309065
m3_discounted,2862,-0.02546878544,0.005355118143,-0.1516129032,-0.007651381562
m3_discounted,2863,-0.03804879013,0.002838097344,-0.1833333333,-0.001249114975
m3_discounted,2864,-0.01779670055,-0.009152013397,-0.1301075269,-0.02381549184
m3_discounted,2865,-0.03521433125,0.004117272614,-0.1160714286,0.01209983085
m3_discounted,2866,-0.003266918223,-0.007986765305,-0.2466063348,-0.006472435409
m3_discounted,2867,-0.02673017085,0.004359006494,-0.1019021739,0.001666534109
m3_discounted,2868,0.0038698685,-0.004762637679,-0.2619277108,0.02981594736
m3_discounted,2869,0.0003747443426,-0.000970964953,-0.1387520525,-0.01957860129
m3_discounted,2870,-0.0004614013275,0.003519679252,-0.078125,-0.01704098251
m3_discounted,2871,-0.02662449626,-0.004530881141,-0.1991902834,-0.01666966265
m3_discounted,2872,0.005511301555,0.001691077919,-0.2888888889,0.01696097023
m3_discounted,2873,-0.02571539108,0.002512453598,-0.1644021739,-0.003103230151
m3_discounted,2874,-0.01698745144,-0.002985143583,-0.1555555556,0.002390885644
m3_discounted,2875,-0.02396092191,0.008513582249,-0.02222222222,-0.01167801106
m3_discounted,2876,-0.01246051276,-0.0002407931891,-0.2841945289,-0.004754740199
m3_discounted,2877,-0.007766037954,-0.004597514599,-0.1062367865,-0.01260075308
m3_discounted,2878,-0.04348290739,0.0005534293871,-0.2277777778,0.01067831068
m3_discounted,2879,-0.007886364151,-0.001036755074,-0.08695652174,-0.02059759282
m3_discounted,2880,-0.01359453332,-0.002361800145,-0.146656535,-0.004803697788
m3_discounted,2881,-0.02420592985,0.002455171,-0.1464059197,-0.008602881903
m3_discounted,2882,-0.01230602164,-0.001777327054,-0.1290322581,-3.398886514e-05
m3_discounted,2883,0.01161620518,-0.0005112796063,-0.1140917906,-0.005726074653
m3_discounted,2884,0.01291010963,-0.01160259677,-0.1636904762,-0.001299436391
m3_discounted,2885,-0.02219528954,0.005961337297,-0.1242071882,-0.003449075335
m3_discounted,2886,-0.01803178262,0.002352480868,-0.02903225806,-0.02444763204
m3_discounted,2887,-0.01676073404,0.002273141622,-0.1325145443,-0.008525894286
m3_discounted,2888,0.007778398941,-0.003183842939,-0.1883928571,0.02793507079
m3_discounted,2889,-0.009264065595,-0.0006268063425,-0.1555555556,-0.008660236752
m3_discounted,2890,-0.0208044835,0.001520427047,-0.1302083333,-0.01601402034
m3_discounted,2891,-0.01695121172,0.009144029135,-0.1979166667,-0.01508634872
m3_discounted,2892,0.002318801302,-0.003711847987,-0.1569892473,-0.01244637024
m3_discounted,2893,-0.01209280119,-0.003555401664,-0.2182140745,0.01586983738
m3_discounted,2894,-0.01207619089,5.099385142e-06,-0.06990881459,0.004491982443
m3_discounted,2895,-0.02195042756,-0.0008673430015,-0.1770516717,0.0005224862046
m3_discounted,2896,-0.0213410034,0.002744644414,-0.07539917209,-0.01432782957
m3_discounted,2897,-0.03606906807,0.004890894637,-0.07241014799,-0.0004341336231
m3_discounted,2898,-0.01605869331,-0.001187033632,-0.1875,0.01373931537
m3_discounted,2899,-0.01926969671,0.0009325812655,-0.07749360614,0.01378827821
m3_discounted,2900,-0.02691486455,-0.001103240532,-0.1448846836,0.01607276706
m3_discounted,2901,0.0178052074,-0.01392305129,-0.2431289641,0.00914789369
m3_discounted,2902,-0.0280296224,0.00109779203,-0.130952381,0.000266852261
m3_discounted,2903,-0.01613064568,0.004880732463,-0.105065666,-0.00677379822
m3_discounted,2904,-0.01767020559,-0.0008113902759,-0.08538587849,0.005469556295
m3_discounted,2905,-0.01431957113,0.005393874204,-0.08468002586,-0.001124408006
m3_discounted,2906,-0.02051521082,-0.003938057788,-0.07369101487,-0.00549541893
m3_discounted,2907,-0.0233645688,0.0001114062392,-0.1722222222,-0.002520792211
m3_discounted,2908,-0.002240979889,-0.004770196903,-0.09090909091,0.003498842146
m3_discounted,2909,-0.0005839580163,-0.002619316915,-0.1785714286,0.02148011074
m3_discounted,2910,-0.03970307741,0.008619408184,-0.2022727273,0.02310358796
m3_discounted,2911,-0.04212311903,0.009984913385,-0.07954545455,-0.007388625421
m3_discounted,2912,-0.002137159383,-0.00356221462,-0.128030751,-0.001328854609
m3_discounted,2913,0.007643663051,-0.007491196146,-0.1200607903,-0.03699297993
m3_discounted,2914,0.007033995327,-0.0034924393,-0.1172839506,0.0202001616
m3_discounted,2915,-0.005027663513,-0.002787488069,-0.232388664,-0.006585186715
m3_discounted,2916,0.01673375706,-0.006496736663,-0.04444444444,-0.02534410933
m3_discounted,2917,-0.01320081247,-0.00159503753,-0.1572948328,-0.006000227314
m3_discounted,2918,-0.01364595735,-0.006743994636,-0.09444444444,-0.01035151919
m3_discounted,2919,-0.02161376119,-0.005969527288,-0.1277777778,0.005349272009
m3_discounted,2920,0.01600406197,-0.004985748002,-0.2905623788,0.009058056768
m3_discounted,2921,-0.01480167115,-0.001672142033,-0.1956989247,-0.01157773521
m3_discounted,2922,0.01056839097,-0.005970163265,-0.1431818182,0.001121504641
m3_discounted,2923,-0.01737263669,0.001991437903,-0.06458966565,-0.01317810207
m3_discounted,2924,-0.01223152503,-0.0004014973559,-0.1291497976,-0.02066150671
m3_discounted,2925,-0.01109780064,0.002246342671,-0.1686046512,0.01634585529
m3_discounted,2926,-0.02393977284,-0.0006077398302,-0.08888888889,-0.01390281496
m3_discounted,2927,-0.02808944059,-0.003916377549,0.003548196334,-0.01665065513
m3_discounted,2928,-0.008075914326,-0.002923895205,-0.139022261,0.01954207365
m3_discounted,2929,0.0008153101678,-0.006542726326,-0.1754756871,0.02882521518
m3_discounted,2930,-0.01932732285,-0.008003207273,-0.09514066496,0.02360339314
m3_discounted,2931,-0.01712384381,-0.003357247593,-0.1055555556,-0.0008028315132
m3_discounted,2932,-0.02402942635,0.003546610697,-0.1325145443,-0.01593267812
m3_discounted,2933,-0.0319670864,0.005854819882,-0.1858435682,0.001044741878
m3_discounted,2934,-0.01581080315,0.001896495033,-0.1504559271,-0.01555819367
m3_discounted,2935,-0.03346348871,-0.0008061777427,-0.1526785714,0.02560876977
m3_discounted,2936,-0.02552241593,0.01009292449,-0.1440217391,-0.01654239492
m3_discounted,2937,0.007985300929,-0.009002928043,-0.1852272727,0.01626916909
m3_discounted,2938,-0.001784297626,-0.007298367097,-0.1270200388,-0.005870931232
m3_discounted,2939,-0.01644835216,0.004294257479,-0.1091954023,-0.006679313791
m3_discounted,2940,-0.01258421099,-0.005809612013,-0.07777777778,-0.01653340171
m3_discounted,2941,-0.005622829914,-0.008121743539,-0.05654761905,0.01375708749
m3_discounted,2942,-0.01567427538,-0.0003654171997,-0.1125,-0.001687617083
m3_discounted,2943,-0.01989682836,-0.00336994695,-0.2199881727,0.01547242352
m3_discounted,2944,-0.02154279529,0.004883604423,-0.2424242424,-0.01590338415
m3_discounted,2945,-0.007776363731,-0.004531182042,-0.1893988365,0.0009972645469
m3_discounted,2946,-0.02387987344,0.005294788071,-0.2282430213,0.02258440066
m3_discounted,2947,-0.03425166906,0.004896725897,0.01397849462,-0.03444863754
m3_discounted,2948,0.01430691382,-0.007756800399,-0.1888888889,-0.0004361004721
m3_discounted,2949,-0.02337112788,-0.003160280873,-0.15,-0.003700784095
m3_discounted,2950,-0.02209943681,-0.005854342482,-0.0688172043,-0.03581181044
m3_discounted,2951,-0.0008428529526,-0.003542618059,-0.09886363636,0.0128939931
m3_discounted,2952,-0.01314515091,-0.002214389672,-0.1548913043,-0.003481965688
m3_discounted,2953,-0.006174116788,-0.0003111342884,-0.1181818182,-0.004913869843
m3_discounted,2954,-0.008077133559,0.0005566819386,-0.161926309,-0.003018314402
m3_discounted,2955,0.03161747123,-0.007011527367,-0.1543209877,0.0323414258
m3_discounted,2956,-0.01313048841,0.0006928978928,-0.1306990881,0.006102759414
m3_discounted,2957,-0.03166160926,0.002638521594,-0.1041033435,-0.02361620109
m3_discounted,2958,-0.01810324112,-0.0014757094,-0.03401534527,-0.003108498427
m3_discounted,2959,-0.01631188198,-0.004321559734,-0.07590361446,0.02426769005
m3_discounted,2960,-0.009831185216,0.001494461347,-0.2462365591,-0.01157963887
m3_discounted,2961,-0.01297489309,0.001072474838,-0.1040816327,-0.03136679397
m3_discounted,2962,-0.01569388691,0.003291529352,-0.1236786469,-0.002792520262
m3_discounted,2963,-0.01337946768,-0.0008280063076,-0.2171052632,0.05902382218
m3_discounted,2964,-0.02147727615,0.001769046844,-0.2317388494,0.009772982119
m3_discounted,2965,-0.03115152362,9.057799521e-06,-0.2013601419,0.005284707953
m3_discounted,2966,-0.01375989973,-0.003954200777,-0.1250639386,0.0001370351491
m3_discounted,2967,0.006160566449,-0.006730961667,-0.1909090909,0.02322878826
m3_discounted,2968,-0.04476729117,0.008022500144,-0.2262443439,-0.008157306923
m3_discounted,2969,-0.01719540742,-0.009261919525,-0.1033248082,0.003949956961
m3_discounted,2970,-0.02674928133,-0.003455329106,-0.07419354839,-0.01190454707
m3_discounted,2971,0.009615031879,-0.007832527031,-0.08333333333,-0.02125150568
m3_discounted,2972,-0.03013251203,0.001413500885,-0.1876899696,0.0006987693038
m3_discounted,2973,0.003940653889,0.001541791594,-0.2069781195,-0.01173633253
m3_discounted,2974,-0.03854205118,0.01137860822,-0.1109974425,-0.003369027913
m3_discounted,2975,-0.03859763623,0.005544192594,-0.09193245779,0.01846918863
m3_discounted,2976,-0.02049117727,0.007896456086,-0.2152553329,0.004270692295
m3_discounted,2977,-0.01696527247,-0.0006761410936,-0.1277777778,-0.01808449989
m3_discounted,2978,-0.01185223344,-0.00284220448,-0.0716112532,0.007249921769
m3_discounted,2979,-0.01810369574,-0.002308150054,-0.1325145443,-0.01381362154
m3_discounted,2980,0.01839088138,-0.01027410576,-0.155465587,-0.003767327897
m3_discounted,2981,-0.02006652619,-0.0013712963,-0.1963448922,-0.002401856561
m3_discounted,2982,-0.01515942276,0.0009345217721,-0.15625,-0.01659695575
m3_discounted,2983,0.0005809978051,-0.001387336753,-0.07448979592,-0.01395899483
m3_discounted,2984,-0.02197972981,0.000953150349,-0.2444444444,0.004710691081
m3_discounted,2985,-0.01984321679,-0.004319449017,-0.1149425287,0.004549297347
m3_discounted,2986,-0.0246080255,-0.004510162599,-0.1862803075,0.0002975389428
m3_discounted,2987,-0.01655749766,0.0002777664419,-0.2166666667,-0.01211837796
m3_discounted,2988,0.008349351351,-0.003236320875,-0.1140917906,0.003493091725
m3_discounted,2989,-0.01761565319,-0.003520455882,-0.06022727273,-0.003217621354
m3_discounted,2990,0.008911871429,-0.00345319245,-0.1178313253,-0.0004109290902
m3_discounted,2991,-0.02294239585,-0.002433395222,-0.1956521739,0.002912344243
m3_discounted,2992,-0.002355047456,-0.003036992534,-0.05060728745,-0.008634258916
m3_discounted,2993,0.01479566348,-0.006152538288,-0.1604938272,0.01114414083
m3_discounted,2994,-0.009831831831,0.0007735009079,-0.1182795699,-0.03183030752
m3_discounted,2995,-0.0247991536,-0.0005059872213,-0.1585677749,0.01061978262
m3_discounted,2996,-0.009806523574,-0.005416410562,-0.08337595908,0.008427516952
m3_discounted,2997,-0.008499487732,-0.00136851618,-0.05720749838,-0.0192463467
m3_discounted,2998,-0.04290213532,0.0001079151794,-0.1944444444,0.004773832589
m3_discounted,2999,-0.01816852391,-0.002890017715,-0.09895833333,-0.02090264234
m3_discounted,3000,-0.003355790939,-0.005172774263,-0.1564318035,-0.0196437944
m3_discounted,3001,-0.00965822642,-0.002658349185,-0.1946236559,0.01009909139
m3_discounted,3002,0.004930811376,-0.002030717858,-0.1544925663,-0.002982446504
m3_discounted,3003,-0.01342961822,0.006850311884,-0.1411205074,0.01110764981
m3_discounted,3004,-0.008901167182,0.00379646494,-0.09512652296,-0.01161755333
m3_discounted,3005,-0.004562986903,-0.002531917628,-0.1904761905,0.02092636522
m3_discounted,3006,-0.01609279912,-0.0009784391056,-0.03010752688,-0.02624640715
m3_discounted,3007,-0.02990914155,0.000683488015,-0.1674876847,0.009480423411
m3_discounted,3008,-0.002038445726,-0.001066345664,-0.1444444444,-0.005211178436
m3_discounted,3009,-0.0007105555764,-0.008991773673,-0.0875,-0.01028124922
m3_discounted,3010,-0.004823611587,-0.002671816725,-0.1159090909,0.002006222549
m3_discounted,3011,-0.01829731469,0.002087595519,-0.08538587849,-0.001068381768
m3_discounted,3012,-0.03145488191,0.002527016231,-0.08555216063,0.008536774357
m3_discounted,3013,0.01007461046,-0.001775832135,-0.1236413043,-0.0007405212784
m3_discounted,3014,-0.005340677499,0.0006118770344,-0.1270200388,0.0006932038712
m3_discounted,3015,-0.04121649115,0.001938161695,-0.1034482759,0.003470217776
m3_discounted,3016,-0.02022316092,0.00839055387,-0.08663512714,-0.009705902998
m3_discounted,3017,-0.03178082713,0.0001580826481,-0.2290322581,0.006276101029
m3_discounted,3018,0.003191389199,-0.003617554765,-0.287699586,0.01246374447
m3_discounted,3019,-0.01288125814,-0.004798172888,-0.1768184506,0.02188827249
m3_discounted,3020,-0.01316365521,0.001972233323,-0.1111111111,-0.03484254873
m3_discounted,3021,-0.003098326547,-0.005155499208,-0.1789819376,0.0147905975
m3_discounted,3022,-0.02885533633,0.005484934428,-0.1034890597,-0.0004025332175
m3_discounted,3023,-0.01687736433,0.001775286538,-0.3193877551,-0.005393865853
m3_discounted,3024,-0.01292171263,0.002440155965,-0.2182795699,0.002079402627
m3_discounted,3025,-0.03955807747,0.001807006275,-0.1075268817,-0.0289291045
m3_discounted,3026,-0.02214308868,0.0007857669097,-0.2055555556,0.009152597875
m3_discounted,3027,-0.01339607757,0.001590807125,-0.2024456522,0.01812832069
m3_discounted,3028,-0.02078432602,-0.0003314316275,-0.1181818182,-0.02214056906
m3_discounted,3029,-0.0003307131806,-0.001139482664,-0.1026272578,-0.01102914907
m3_discounted,3030,-0.006892172122,-0.006479386546,-0.141564318,-0.004658692611
m3_discounted,3031,0.001319011422,-0.003326888622,-0.2323369565,-0.001151154022
m3_discounted,3032,-0.01655628358,-0.0008583961302,-0.09677419355,-0.0177238431
m3_discounted,3033,-0.001385135387,-0.003966783499,-0.1677419355,0.005338225203
m3_discounted,3034,-0.01853762044,-0.006384474581,-0.06458966565,-0.01561461254
m3_discounted,3035,-0.01035345409,-0.0002083496013,-0.1712004731,0.004202018058
m3_discounted,3036,-0.03750375183,0.006946692088,-0.1664133739,-0.006389270337
m3_discounted,3037,-0.02505806332,0.0008937706697,-0.1754756871,0.01508170759
m3_discounted,3038,-0.009495379338,0.001193787801,-0.09226190476,-0.00541410606
m3_discounted,3039,-0.01920963137,0.003108353813,-0.1939680662,-0.003597524787
m3_discounted,3040,-0.01210873717,-0.005747780648,-0.155775076,-0.02677383856
m3_discounted,3041,-0.003687613867,-0.005508507478,-0.15625,-0.01168238184
m3_discounted,3042,-0.03435426665,0.003040646696,-0.2375,0.004382929286
m3_discounted,3043,-0.02793886316,-0.004642808092,-0.1435035553,0.00571350827
m3_discounted,3044,0.001123160717,0.0005739958838,-0.139948287,-0.005970073594
m3_discounted,3045,-0.02999644307,0.003364544538,-0.1992903607,-0.0004615436247
m3_discounted,3046,-0.04323054529,0.003859016939,-0.1268542199,-0.004588499858
m3_discounted,3047,-0.03349625591,0.005228533979,-0.08403805497,0.004950385674
m3_discounted,3048,-0.005540506079,-0.0003834949456,-0.234375,-0.02279742861
m3_discounted,3049,0.001853939816,-0.001034976276,-0.1168478261,-0.01543202216
m3_discounted,3050,-0.004401370685,-0.004770491611,-0.109375,-0.01647937729
m3_discounted,3051,-0.02057585819,0.00730264599,-0.1241868717,0.003589965175
m3_discounted,3052,0.02213473651,0.0007428445741,-0.1902173913,-0.01068023529
m3_discounted,3053,-0.03393766773,0.009612237842,-0.1777777778,0.01286820438
m3_discounted,3054,-0.03070707429,-0.005566781539,-0.1863711002,0.009538116436
m3_discounted,3055,-0.009994696892,0.00192461721,-0.1888888889,-0.009898947553
m3_discounted,3056,-0.03452826718,5.836212066e-05,-0.1808809747,-0.01530368135
m3_discounted,3057,-0.01597223971,-0.001213503755,-0.2119565217,-0.004013974925
m3_discounted,3058,-0.01199605474,-0.00489129802,-0.1936723832,0.017452221
m3_discounted,3059,-0.001129846724,-0.001846465585,-0.1740558292,0.02197054004
m3_discounted,3060,-0.007066009167,-0.001369328078,-0.2301075269,-0.01185595498
m3_discounted,3061,-0.02518039256,-0.0008983721659,-0.06464124111,-0.0299370421
m3_discounted,3062,-0.0233382489,0.001778248092,-0.183904331,-0.004740525312
m3_discounted,3063,0.00864835325,-0.004015664413,-0.1715909091,0.01312627231
m3_discounted,3064,0.009676494456,-0.004412591309,-0.1904761905,0.01650050917
m3_discounted,3065,-0.02441474084,0.003771998902,-0.1344086022,0.004783562574
m3_discounted,3066,-0.008690186906,-0.002165192602,-0.1599870718,0.003091757616
m3_discounted,3067,-0.03254502896,0.002264680393,-0.0058177117,-0.02514534767
m3_discounted,3068,-0.03314944839,-0.002169740415,-0.2111111111,0.01596516134
m3_discounted,3069,-0.005921594907,-0.005296828305,-0.222826087,0.01627358141
m3_discounted,3070,-0.04344866038,0.01305510149,-0.1044642857,0.005533071337
m3_discounted,3071,0.004120514808,-0.003061552628,-0.1465909091,0.01316375992
m3_discounted,3072,-0.03541643892,0.005738852271,-0.1336487286,-0.008883221469
m3_discounted,3073,0.002463869963,-0.01031475891,-0.1445012788,0.01723164814
m3_discounted,3074,-0.03178007315,0.002602515797,-0.01823708207,-0.0219160471
m3_discounted,3075,-0.03105365643,0.007407486192,-0.08538587849,-0.01043611735
m3_discounted,3076,-0.02051741602,0.001798068795,-0.1679174484,0.02679227715
m3_discounted,3077,-0.02314960621,-0.005500512368,-0.1272727273,0.01534878611
m3_discounted,3078,-0.004903841286,0.005005183575,-0.1527484144,0.02007349754
m3_discounted,3079,0.004979154097,-0.001244553134,-0.2093596059,0.006069487505
m3_discounted,3080,-0.03611532543,0.005264085064,-0.07727272727,0.008921287308
m3_discounted,3081,-0.05064107983,-0.003452053863,-0.2074468085,-0.01285744533
m3_discounted,3082,-0.01612699896,-0.0117134081,-0.1852272727,-0.002590515574
m3_discounted,3083,-0.01177847695,-0.002505183735,-0.1277777778,-0.00944840926
m3_discounted,3084,-0.01115343521,0.002335405781,-0.1546052632,0.04194821794
m3_discounted,3085,-0.02416312393,-0.0001393059439,-0.1359036145,0.02751047024
m3_discounted,3086,0.001968932178,-0.009913571584,-0.1623655914,-0.00911130598
m3_discounted,3087,-0.0252202071,-0.001749854321,-0.1664133739,-0.009319614899
m3_discounted,3088,-0.03508686189,0.003512739451,-0.1677419355,-0.004581476213
m3_discounted,3089,-0.00945994553,0.001895667077,-0.1968085106,-0.009905993581
m3_discounted,3090,0.01768680465,-0.009557756159,-0.1068181818,-0.02852923765
m3_discounted,3091,-0.03590444525,0.001680468782,-0.2447916667,-0.02067307939
m3_discounted,3092,-0.01397779642,0.003050962376,-0.161926309,0.003903341952
m3_discounted,3093,0.01277764148,-0.008441991174,-0.1352272727,0.007213811631
m3_discounted,3094,-0.00918431518,0.001780484403,-0.18066233,-0.0008811425862
m3_discounted,3095,-0.03433878936,0.002462343204,-0.161926309,-0.00730575777
m3_discounted,3096,-0.005104763549,-0.002717506176,-0.07013574661,-0.01953920873
m3_discounted,3097,-0.03944471076,0.004538591846,-0.08333333333,-0.00344212257
m3_discounted,3098,-0.0203572609,0.001316052618,-0.1101190476,0.02152127531
m3_discounted,3099,-0.02543141525,0.003814843463,-0.2339901478,0.006980827076
m3_discounted,3100,-0.01984049003,-0.00124546164,-0.1731182796,-0.003164306026
m3_discounted,3101,-0.009006440263,-0.0004848931064,-0.1166666667,0.002480514143
m3_discounted,3102,-0.006800969721,-0.001319863038,-0.1659919028,-0.01509897872
m3_discounted,3103,-0.01302552646,0.002694088633,-0.1325145443,-0.004010418791
m3_discounted,3104,-0.01002945283,-0.003686784689,-0.1979539642,0.01588458276
m3_discounted,3105,-0.01928755599,0.000392513581,-0.1838709677,0.005908718342
m3_discounted,3106,-0.01427543731,-0.001017308017,-0.03645833333,-0.03449178358
m3_discounted,3107,-0.03254094546,0.004369570094,-0.1913380737,0.005408297172
m3_discounted,3108,-0.02478177087,0.001909905779,-0.2117000646,-0.002197006076
m3_discounted,3109,0.01899759469,-0.001277325521,-0.08985200846,-0.01045401871
m3_discounted,3110,-0.01587365103,0.003333776377,-0.2111111111,-0.00340386726
m3_discounted,3111,-0.008128785498,0.001823919073,-0.2207498384,0.00181053254
m3_discounted,3112,-0.0001079881156,-0.005372470199,-0.06666666667,-0.01610692909
m3_discounted,3113,0.01230561887,-0.00123259953,-0.1516129032,-0.0001756972716
m3_discounted,3114,-0.01116343409,0.0004078792862,-0.1055555556,0.001943112604
m3_discounted,3115,-0.01517522999,0.002955857322,-0.1172839506,0.01609817148
m3_discounted,3116,-0.03830235211,0.0005885587202,-0.2447916667,0.0007817431494
m3_discounted,3117,-0.01252632613,-0.003081517409,-0.07489878543,-0.02679041381
m3_discounted,3118,-0.009595106366,-0.003362038837,-0.08333333333,-0.01967462386
m3_discounted,3119,0.0005900159834,0.002047672034,-0.2013601419,-0.004900153289
m3_discounted,3120,-0.0157775767,-0.00122749455,-0.1302083333,-0.02003672744
m3_discounted,3121,-0.02050790396,0.00441493221,-0.1003039514,-0.01415333486
m3_discounted,3122,-0.04625761674,0.0006064120152,-0.08101714962,-0.009371909826
m3_discounted,3123,-0.006425559692,-0.003571123485,-0.08538587849,-0.00141872473
m3_discounted,3124,-0.01466282001,-0.0006415909632,-0.08434650456,-0.03147837207
m3_discounted,3125,-0.03383799295,0.005081100769,-0.2377717391,-0.003878672736
m3_discounted,3126,0.02369128059,0.001268325171,-0.07222222222,-0.002791684726
m3_discounted,3127,-0.01606214604,-0.003065515923,-0.1717325228,-0.01572887874
m3_discounted,3128,-0.007925845495,-0.004602305411,-0.2652276759,0.003511528009
m3_discounted,3129,-0.01894802685,-0.006907578236,-0.1168797954,0.00570005602
m3_discounted,3130,-0.02242255777,-0.002327760581,-0.09566903685,-0.006930013736
m3_discounted,3131,-0.01822375324,-0.002086249524,-0.1333333333,0.00862043082
m3_discounted,3132,-0.03959529918,0.004134900112,-0.1644021739,-0.01748539786
m3_discounted,3133,-0.01645934434,0.0003308408348,-0.08125,0.005203382441
m3_discounted,3134,-0.03389632159,-0.0005405478986,-0.1215909091,0.01045256799
m3_discounted,3135,-0.02904792526,-0.001496293589,-0.2623655914,-0.000634854077
m3_discounted,3136,-0.02374926574,0.0004930565448,-0.07201086957,0.004390665846
m3_discounted,3137,-0.02798232735,0.004459056402,-0.09569892473,-0.01788487364
m3_discounted,3138,-0.03086720703,0.001617672795,-0.06666666667,0.0005840018189
m3_discounted,3139,-0.01988938561,-0.007628454721,-0.2010869565,-0.002988002856
m3_discounted,3140,-0.02987692107,0.0005846878552,-0.1242964353,0.009837648317
m3_discounted,3141,-0.01929258634,0.003263599539,-0.2269021739,-0.01265222313
m3_discounted,3142,-0.02069781435,0.001384909357,-0.1073329391,0.005593204792
m3_discounted,3143,-0.0008475083719,-0.001851067361,-0.1833333333,-0.00794668837
m3_discounted,3144,-0.03733691732,0.0002838750635,-0.02857142857,-0.03229390917
m3_discounted,3145,0.003897072307,-0.003579473717,-0.2666666667,0.01500496085
m3_discounted,3146,0.01556637123,-0.004799937162,-0.1731182796,0.008338084737
m3_discounted,3147,-0.01308345577,-0.0008159308482,-0.1236413043,-0.007451993094
m3_discounted,3148,-0.01541399969,0.00378740704,-0.1458773784,-0.01007445957
m3_discounted,3149,-0.02405046597,0.007992105222,-0.07777777778,-0.008806953245
m3_discounted,3150,-0.02688689986,0.006719722366,-0.1555555556,0.00213244628
m3_discounted,3151,-0.01629148258,0.001623758192,-0.2317388494,0.003853461761
m3_discounted,3152,-0.01950655645,0.002280994652,-0.1055555556,-0.01155983373
m3_discounted,3153,-0.02872509766,0.003371535768,-0.221483376,0.024299102
m3_discounted,3154,-0.009325065596,0.002303260678,-0.07954545455,-0.007415996744
m3_discounted,3155,-0.01505390475,-0.0004824220668,-0.1833333333,0.01471491336
m3_discounted,3156,-0.02855817303,0.004353300464,-0.2484802432,0.001052926191
m3_discounted,3157,-0.02316197089,0.001920587275,-0.1752717391,-0.001929694171
m3_discounted,3158,0.007771073551,-0.0001712119198,-0.1465909091,0.0009224568946
m3_discounted,3159,0.002461705321,0.0009629232699,-0.3260869565,-0.006249274872
m3_discounted,3160,-0.001662335784,-0.0001604571818,-0.1611111111,-0.01710367104
m3_discounted,3161,-0.01919771876,0.003056758667,-0.09405300582,-0.009587862847
m3_discounted,3162,-0.03259380602,0.006296125703,-0.2218623482,-0.0088729768
m3_discounted,3163,-0.01547930668,0.001875423083,-0.09318181818,-0.02225045844
m3_discounted,3164,-0.02171883167,-0.003670946135,-0.1502024291,-0.01696104172
m3_discounted,3165,0.02077209872,-0.007370975503,-0.1298048492,0.0092210914
m3_discounted,3166,-0.01762434597,-0.006564899253,-0.2160326087,-0.01153993454
m3_discounted,3167,0.0139106047,-0.004158404191,-0.08152173913,-0.0212195933
m3_discounted,3168,-0.01883086531,-0.0009226311192,-0.09770114943,0.001191266688
m3_discounted,3169,-0.01798394846,0.0002340854025,-0.3010752688,-0.002865446203
m3_discounted,3170,-0.02930239436,0.006274398464,-0.1731182796,-0.01121587066
m3_discounted,3171,-0.01439858407,0.001321270191,-0.1979539642,0.01259668147
m3_discounted,3172,-0.006066562127,-0.002189943072,-0.1026272578,0.01013517465
m3_discounted,3173,0.006544755188,-0.007206349327,-0.1295454545,0.01432892974
m3_discounted,3174,0.0110353071,-0.005924302265,-0.1623655914,-0.009296758415
m3_discounted,3175,-0.02634836138,0.002965382716,-0.1731182796,-0.002497907814
m3_discounted,3176,-0.01878164969,0.002543720306,-0.1508903468,-0.01613598076
m3_discounted,3177,-0.0155783505,-0.001540562488,-0.1222222222,0.008839148021
m3_discounted,3178,0.005788292968,-0.001771779641,-0.2717900656,-0.02092605428
m3_discounted,3179,-0.01845093959,0.00926903061,-0.1781376518,-0.02602488538
m3_discounted,3180,-0.005633930415,-0.006690263564,-0.1388888889,-0.003226342694
m3_discounted,3181,-0.001917292985,-0.005758919468,-0.1231501057,-0.004382319329
m3_discounted,3182,-0.01750223296,0.0007314222767,-0.1861413043,0.0001401487703
m3_discounted,3183,-0.03155636842,-0.0002386611255,-0.1162613982,-0.003703003174
m3_discounted,3184,0.0109743025,-0.007304908793,-0.1125792812,0.007327768128
m3_discounted,3185,0.01912649215,-0.008238193999,-0.1109422492,-0.008071562446
m3_discounted,3186,-0.01609840378,-0.0003091410111,-0.1849462366,-0.009431935013
m3_discounted,3187,-0.02989253952,0.002143362426,-0.2352272727,0.02656989097
m3_discounted,3188,-0.0002270297292,-0.002324736031,-0.2377717391,-0.0003371629161
m3_discounted,3189,-0.0181778339,-4.30641614e-06,-0.2395833333,-0.01396141027
m3_discounted,3190,-0.002900735613,0.0005784860399,-0.09444444444,0.00246028128
m3_discounted,3191,-0.007744127185,-0.001068166346,-0.1380090498,-0.001814238178
m3_discounted,3192,-0.01659994896,-0.002929668763,-0.1979539642,0.02396259477
m3_discounted,3193,-0.005691245215,-0.002534817694,-0.09318181818,-0.009377196779
m3_discounted,3194,0.004273940945,-0.005313051848,-0.0659373152,-0.0157344642
m3_discounted,3195,-0.002998265253,-0.003369363051,-0.17291532,-0.009013183477
m3_discounted,3196,0.01321226472,-0.01875262558,-0.1127717391,-0.002088875647
m3_discounted,3197,-0.03341721753,0.002634755229,-0.09239130435,-0.01368276258
m3_discounted,3198,-0.03053660334,0.008059222364,-0.1664133739,-0.01851575613
m3_discounted,3199,-0.01412655928,-0.0002031091313,-0.1294926004,0.008884915934
m3_discounted,3200,0.01018767534,-0.01015090997,-0.1159090909,-0.00445253953
m3_discounted,3201,-0.03976698052,0.00407966708,-0.1847826087,-0.00437725126
m3_discounted,3202,-0.03495686403,0.00765982735,-0.05268817204,-0.05318074991
m3_discounted,3203,0.004487253065,-0.008069722933,-0.2036124795,0.01763937149
m3_discounted,3204,-0.01884983637,0.003408171533,-0.1129032258,-0.02960570573
m3_discounted,3205,-0.03358569358,-0.001214971484,-0.1738636364,0.01937391498
m3_discounted,3206,-0.02886307513,0.007033943733,-0.08333333333,-0.02744547255
m3_discounted,3207,0.001543494138,0.004774263593,-0.08016304348,-0.02901063133
m3_discounted,3208,-0.001944844172,-0.0009510100413,-0.2152553329,-0.001239480433
m3_discounted,3209,-0.02144396726,-0.0006689597418,-0.1544757033,0.009298010532
m3_discounted,3210,-0.01925103857,-0.0002809675127,-0.1697312588,-0.01793046224
m3_discounted,3211,-0.02566984445,0.002200268144,-0.1448846836,-0.007343087189
m3_discounted,3212,-0.006420450841,0.000797363934,-0.1886639676,-0.01990782275
m3_discounted,3213,-0.001002308523,-0.01104324509,-0.1147727273,-0.01563556267
m3_discounted,3214,-0.008915070522,0.001695429899,-0.02777777778,-0.004277983437
m3_discounted,3215,-0.01319462644,-0.002311272498,-0.1691331924,0.0007012864871
m3_discounted,3216,0.003369935756,-0.006732162115,-0.095951417,-0.02880113069
m3_discounted,3217,-0.03031674961,-0.003198717008,-0.1741935484,-0.01115240785
m3_discounted,3218,-0.02136380157,-0.001954887643,-0.1602272727,0.02144159679
m3_discounted,3219,-0.003440475886,-0.002054441673,0.005050505051,-0.04982031841
m3_discounted,3220,-0.02081321233,0.001902151563,-0.2207498384,0.006180038843
m3_discounted,3221,0.002935373799,-0.005232433307,-0.05555555556,0.001435321229
m3_discounted,3222,0.01113660989,-0.00175731634,-0.1352272727,-0.01239094394
m3_discounted,3223,-0.03068915969,-0.006311472899,-0.1674208145,-0.003900098718
m3_discounted,3224,-0.009777167909,0.0009285862934,-0.1498795181,0.01816874295
m3_discounted,3225,-0.01486270085,-0.001469067061,-0.15,-0.003270558936
m3_discounted,3226,-0.01402360946,0.000382934014,-0.09512652296,-0.02420498584
m3_discounted,3227,-0.007246358028,-0.006555185637,-0.1951219512,0.0108383033
m3_discounted,3228,-0.0183095135,0.002048790661,-0.2074468085,-0.002910928867
m3_discounted,3229,-0.01245104602,-0.002165802375,-0.1380090498,-0.009040626716
m3_discounted,3230,-0.007197245435,-0.004577253005,-0.1956521739,-0.01403031045
m3_discounted,3231,-0.001508772578,-0.0003139052258,-0.146656535,-0.02193532817
m3_discounted,3232,-0.01851743507,-4.315306406e-05,-0.08925831202,0.006679315046
m3_discounted,3233,-0.01332549679,-0.001074234366,-0.1014799154,0.01008948236
m3_discounted,3234,-0.01035972649,-0.005738577246,-0.1250808016,5.694746224e-05
m3_discounted,3235,-0.01205637476,0.004395093423,-0.2391725921,-0.01024993709
m3_discounted,3236,0.01430724012,-0.004646314948,-0.223655914,-0.01041038539
m3_discounted,3237,0.006935150093,-0.008744488753,-0.05570652174,-0.02134574493
m3_discounted,3238,-0.02638968305,-0.003734985211,-0.09139784946,-0.02883435584
m3_discounted,3239,-0.02713253007,0.001929947405,-0.2133160957,0.01134196084
m3_discounted,3240,-0.0227508562,0.004221275431,-0.1607287449,-0.01149126827
m3_discounted,3241,-0.0142880919,-0.004630973938,-0.1522198732,-0.00416789423
m3_discounted,3242,-0.01488776664,0.00570981712,-0.07966260544,-0.0311238801
m3_discounted,3243,-0.009788160603,-0.002552187358,-0.1955465587,-0.009500476976
m3_discounted,3244,-0.01375892542,-0.0005330893498,-0.203125,-0.01517595937
m3_discounted,3245,-0.02613205675,0.00395216836,-0.06458966565,-0.0214164724
m3_discounted,3246,0.01340326654,-0.004031179568,-0.1,0.01134878721
m3_discounted,3247,-0.01956775509,0.001062844929,-0.1559036145,0.01995134538
m3_discounted,3248,-0.0360447093,0.004749034274,-0.09239130435,-0.01941122279
m3_discounted,3249,-0.01993135997,-0.009887566419,-0.2545454545,0.01328113584
m3_discounted,3250,-0.05693431083,0.009069605838,-0.1823708207,-0.03047904553
m3_discounted,3251,-0.00983140554,0.002242288056,-0.1182795699,-0.003407812767
m3_discounted,3252,-0.0212858645,-0.00438619369,-0.1912972085,0.01544281411
m3_discounted,3253,0.003485161206,-0.006023305512,-0.1862803075,0.01022056367
m3_discounted,3254,-0.01438162508,-0.003167124871,-0.255765819,0.01556642546
m3_discounted,3255,-0.01889149987,0.001810983954,-0.1752717391,-0.003933267013
m3_discounted,3256,-0.005685204187,0.0005308154273,-0.1807065217,-0.00408203148
m3_discounted,3257,-0.01609087212,-0.002515183537,-0.1597590361,0.0006614457247
m3_discounted,3258,-0.003481170248,-0.006604239792,-0.161926309,-0.008456156322
m3_discounted,3259,-0.05044137312,0.003622869927,-0.07419354839,-0.01336680128
m3_discounted,3260,-0.03973882291,-0.001018668379,-0.1909090909,0.02151659694
m3_discounted,3261,-0.01926577954,0.005047571307,-0.1807065217,-0.00301524276
m3_discounted,3262,-0.01114943056,-0.00289245341,-0.1944444444,0.00618720573
m3_discounted,3263,-0.01169938059,0.002567603103,-0.09770114943,-0.001806873271
m3_discounted,3264,-0.02002351373,0.001464340173,-0.1886639676,0.0003783346633
m3_discounted,3265,0.0010541434,-0.002164220373,-0.1166666667,-0.001357534979
m3_discounted,3266,-0.01134340681,0.004386799703,-0.2378419453,-0.006369567496
m3_discounted,3267,-0.0128627142,0.002554492714,-0.1387520525,0.002994060073
m3_discounted,3268,-0.004459885398,-0.004171206735,-0.232388664,-0.01389413404
m3_discounted,3269,-0.01046820263,-0.001528740307,-0.2658562368,0.02337429528
m3_discounted,3270,-0.02563008295,0.001546270146,-0.1182795699,-0.007560420907
m3_discounted,3271,-0.006381784055,0.003410083374,-0.1871921182,0.004831028366
m3_discounted,3272,-0.005523938402,-0.009126135217,-0.1182065217,0.0001015446513
m3_discounted,3273,-0.02733301165,-0.0003189163708,-0.1064516129,-0.008939968165
m3_discounted,3274,-0.02325372758,0.000893270961,-0.1677419355,0.0111236612
m3_discounted,3275,-0.01329710165,0.003251796754,-0.2238636364,-0.001695623242
m3_discounted,3276,-0.02262319115,-0.001377104783,-0.1976744186,0.01158421767
m3_discounted,3277,-0.01916240001,0.003058720983,-0.1444444444,0.006241443667
m3_discounted,3278,-0.02820383153,-0.003500603136,-0.3055555556,0.02267230024
m3_discounted,3279,0.001643622381,-0.002112044541,-0.1691297209,-0.007352090884
m3_discounted,3280,-0.0318503834,0.002904222187,-0.1559139785,0.006220920669
m3_discounted,3281,-0.02010151771,-0.000772644125,-0.1129509166,-0.005083734372
m3_discounted,3282,-0.02566256151,-0.001106132883,-0.1861413043,0.004568609855
m3_discounted,3283,0.003818204858,-0.005205183831,-0.0625,0.006709834514
m3_discounted,3284,0.016373435,-0.005879166753,-0.1527484144,0.007793296993
m3_discounted,3285,-0.04359640753,0.01248281159,-0.0597826087,-0.02172118981
m3_discounted,3286,-0.009297974174,-0.003300122994,-0.191898285,0.009523300729
m3_discounted,3287,-0.02240048582,-0.001244796284,-0.1444444444,-0.00442052653
m3_discounted,3288,-0.02030445946,0.003438047729,-0.06075533662,-0.0006386538075
m3_discounted,3289,-0.01776110424,0.006790314723,-0.2113360324,-0.0359069595
m3_discounted,3290,-0.02006922859,0.001986873643,-0.1502024291,-0.01335051568
m3_discounted,3291,0.0124027674,-0.005033354125,-0.148728563,0.007938694123
m3_discounted,3292,-0.01311357162,0.001126901042,-0.160326087,-0.004509628711
m3_discounted,3293,-0.02203170204,-0.005480322333,-0.2333333333,0.002633979068
m3_discounted,3294,-0.009134083116,-0.0007408368081,-0.1206896552,0.02467917565
m3_discounted,3295,-0.009923557159,0.003688614894,-0.08333333333,-0.009937466916
m3_discounted,3296,0.001985983615,-0.0009120871321,-0.09569892473,-0.00968761706
m3_discounted,3297,-0.01755263982,-0.002894286911,-0.08468002586,-0.005265158895
m3_discounted,3298,0.006048655712,-0.005436714453,-0.1003039514,-0.01405935946
m3_discounted,3299,-0.03217188332,0.003874474242,-0.1862803075,0.009577499865
m3_discounted,3300,-0.009265651296,-0.006479823815,-0.1535326087,-0.008843066293
m3_discounted,3301,-0.01336992248,-0.00133062801,-0.1806239737,0.01731489731
m3_discounted,3302,0.001888354614,0.001517301843,-0.1306990881,-0.02267789577
m3_discounted,3303,-0.02892688744,0.01062190346,-0.1129032258,-0.0253255987
m3_discounted,3304,-0.003660895193,-0.006282974526,-0.06547619048,0.007724720594
m3_discounted,3305,-0.01649587109,-0.0004327845942,-0.2222222222,-0.01720697077
m3_discounted,3306,-0.01293616653,0.00190525705,-0.0659373152,0.002645547986
m3_discounted,3307,-0.005660037979,-0.002533998945,-0.2944444444,0.02276978093
m3_discounted,3308,-0.009008756311,-0.004827237985,-0.1861413043,0.001359272611
m3_discounted,3309,-0.002869106679,-0.001124190379,-0.2948328267,-0.0001816443352
m3_discounted,3310,0.0002961403371,0.006635090171,-0.2262443439,-0.01377660634
m3_discounted,3311,-0.03980720211,-0.001053688308,-0.123655914,-0.007972445353
m3_discounted,3312,0.01665666022,-0.01000177317,-0.1449392713,-0.00795891059
m3_discounted,3313,0.009268625778,-0.007862566415,-0.1375,-0.02850810024
m3_discounted,3314,-0.02999619555,0.002062717136,-0.1559934319,0.008023541851
m3_discounted,3315,-0.004487261402,0.0001461966247,-0.181547619,0.01471445881
m3_discounted,3316,-0.0175665706,-0.008786948284,-0.1893988365,0.003526716622
m3_discounted,3317,-0.02389210318,0.0003185998198,-0.1462365591,-0.01028208389
m3_discounted,3318,-0.02770377598,0.003027590246,-0.2064516129,-0.00469364093
m3_discounted,3319,-0.019997069,-0.002159577874,-0.2682370821,0.006290130609
m3_discounted,3320,-0.003700531747,-0.001656445006,-0.1829268293,0.00799342767
m3_discounted,3321,-0.01682354915,0.001177959791,-0.05180722892,0.003198013858
m3_discounted,3322,-0.01856263483,0.003858858651,-0.1454427925,-0.01453497285
m3_discounted,3323,0.006235960315,-0.008172798082,-0.05470136014,-0.007824807622
m3_discounted,3324,-0.03777602499,0.006554846916,-0.1064777328,-0.01803676123
m3_discounted,3325,-0.00858699864,-0.00189657882,-0.1435035553,0.001588835463
m3_discounted,3326,-0.007598162081,-0.003464177601,-0.130575307,0.001350883764
m3_discounted,3327,0.001643965516,-0.008060905122,-0.1875,-0.01202416227
m3_discounted,3328,-0.04021188027,0.005983855032,-0.1768184506,-0.01361419784
m3_discounted,3329,-0.01781480486,0.007350847292,-0.2119565217,0.006270440633
m3_discounted,3330,0.0001193289101,-0.0036865783,-0.2034883721,0.007849928877
m3_discounted,3331,-0.006539733114,-0.009229091582,-0.1862803075,0.005810840591
m3_discounted,3332,-0.002775441816,-0.004237335095,-0.1477108434,0.01807367186
m3_discounted,3333,-0.02654087457,-0.003126878816,-0.155465587,0.001654464327
m3_discounted,3334,-0.02583008353,0.007235994919,-0.0623655914,-0.0145575726
m3_discounted,3335,-0.02218047426,-0.004835476864,-0.1968085106,-0.0106331409
m3_discounted,3336,-0.007266586524,0.0007836412461,-0.2024456522,0.006188272879
m3_discounted,3337,-0.00723820509,0.001999392858,-0.1306990881,-0.008211803986
m3_discounted,3338,-0.03573316648,0.000406807207,-0.06732348112,-0.01528068034
m3_discounted,3339,-0.002036957361,-0.004626948596,-0.2180851064,0.00475706497
m3_discounted,3340,-0.01087867954,-0.0006355989434,-0.2512315271,0.009380453605
m3_discounted,3341,-0.004567453233,-0.007127450018,-0.125,0.00691584599
m3_discounted,3342,0.02347426802,-0.01287826331,-0.1659919028,0.004004738683
m3_discounted,3343,-0.03035472772,-0.0002870657357,-0.1451612903,-0.01907943388
m3_discounted,3344,-0.0002057787638,0.0008986483376,-0.1181818182,-1.313663688e-05
m3_discounted,3345,-0.01033065548,-0.001559144702,-0.1847826087,-0.01511327421
m3_discounted,3346,-0.02837913285,0.001627598583,-0.06819650937,-0.006809375954
m3_discounted,3347,-0.01916303197,0.006897033735,-0.2396810507,0.02185290258
m3_discounted,3348,-0.003361644877,0.0005117950214,-0.1903225806,-0.01068232125
m3_discounted,3349,-0.02191473003,0.001597772884,-0.1354228267,0.01290248343
m3_discounted,3350,-0.001476317189,-0.004734838428,-0.1829545455,0.01489051842
m3_discounted,3351,-0.02494128567,-0.000473695626,-0.1494565217,-0.0007892012058
m3_discounted,3352,0.005303122421,-0.002355051754,-0.1073369565,-0.01585859513
m3_discounted,3353,-0.05052462106,0.003455970158,-0.2666451196,0.01314276353
m3_discounted,3354,-0.01445093763,0.00244331118,-0.128030751,-0.01141125566
m3_discounted,3355,0.0117368042,-0.005321770493,-0.1784098255,0.005210627856
m3_discounted,3356,-0.006547989437,-0.007002906821,-0.1494565217,-0.00539315717
m3_discounted,3357,-0.01931899262,-0.0006450937086,-0.09318181818,-4.228154337e-05
m3_discounted,3358,-0.005146553216,0.00112327224,-0.1431105855,-0.001536771129
m3_discounted,3359,-0.05266715498,0.005889288409,-0.1970108696,0.003624707415
m3_discounted,3360,-0.02066888807,-0.0003965730297,-0.09569892473,-0.004504591896
m3_discounted,3361,0.002565592148,-0.00231682511,-0.08695652174,-0.009716431969
m3_discounted,3362,-0.01425957025,0.0004458222467,-0.1838554217,0.02968473514
m3_discounted,3363,-0.003778395747,-0.0018103654,-0.06818181818,-0.004074529057
m3_discounted,3364,-0.02856842503,-0.007634286552,-0.1518072289,0.01663221935
m3_discounted,3365,-0.0246234251,-0.001264871109,-0.1659919028,0.001440189243
m3_discounted,3366,-0.02579282763,0.0002278951136,0.01397849462,-0.04187518006
m3_discounted,3367,0.00217496386,-0.001470824039,-0.1101190476,0.02086760282
m3_discounted,3368,-0.02310197951,0.005626829684,-0.2833333333,0.009970660654
m3_discounted,3369,-0.01003514235,-0.0065421088,-0.1502024291,-0.007445958074
m3_discounted,3370,-0.01314111136,-0.001055663628,-0.1718072289,0.01944191766
m3_discounted,3371,-0.02560395875,0.004269800385,-0.1019021739,-0.00731222764
m3_discounted,3372,-0.009898760657,0.006895009757,-0.1277777778,0.01496919788
m3_discounted,3373,0.0009748690517,-0.003614614779,-0.1803490627,-0.003693470288
m3_discounted,3374,-0.004857518566,-0.001340393185,-0.1741935484,-0.02549588685
m3_discounted,3375,-0.01462554692,-0.001448812694,-0.1449392713,-0.008490692191
m3_discounted,3376,-0.03649030955,0.006278878651,-0.1253799392,-0.02554132121
m3_discounted,3377,-0.007745833498,-0.001152984938,-0.09782608696,-0.00193340392
m3_discounted,3378,-0.01331722167,0.002958412673,-0.1879795396,0.02945412478
m3_discounted,3379,-0.003894490875,0.001709948804,-0.09760827408,-0.00593799215
m3_discounted,3380,-0.03145462344,0.00176685791,-0.1963448922,-0.02592066464
m3_discounted,3381,-0.01203007316,-0.0008284083204,-0.1544925663,0.003310309619
m3_discounted,3382,-0.01207687638,-0.004564191705,-0.2320295983,0.01964723482
m3_discounted,3383,-0.01298286662,-0.0001687270331,-0.06666666667,0.005535123384
m3_discounted,3384,-0.007646473232,0.001591263458,-0.140625,-0.03820705223
m3_discounted,3385,-0.02179631003,-0.0003486011855,-0.2093023256,0.02481301048
m3_discounted,3386,-0.03107296012,-0.001045226825,-0.1849462366,0.001861106109
m3_discounted,3387,0.01303425748,-0.008241113895,-0.1617386162,0.001829214936
m3_discounted,3388,0.01654075355,-0.01011085615,-0.2159090909,0.02277433634
m3_discounted,3389,-0.01199920362,-0.002575423058,-0.1182065217,-0.01730162315
m3_discounted,3390,-0.01280235413,-0.004033218785,-0.108974359,0.03821908394
m3_discounted,3391,-0.0382939136,0.004046901229,-0.1360182371,-0.0005326677653
m3_discounted,3392,-0.02446000363,7.661159435e-05,-0.1923890063,0.01560412935
m3_discounted,3393,-0.01473040925,0.00462907395,-0.132218845,-0.02117598256
m3_discounted,3394,-0.01627454975,-0.002244018229,-0.1795918367,-0.01869606168
m3_discounted,3395,-0.01235195057,-0.003166362601,-0.1569892473,-0.005432861567
m3_discounted,3396,0.02889144025,-0.007743428306,-0.1547619048,0.006261261993
m3_discounted,3397,-0.02612423553,-0.000388591604,-0.1777777778,0.004992457217
m3_discounted,3398,-0.006708571303,0.001393194499,-0.2537993921,0.007327604593
m3_discounted,3399,-0.01406129738,-0.005286876025,-0.2314901593,-0.02286287814
m3_discounted,3400,-0.009742435721,-0.0002587502805,-0.1159090909,0.01842766633
m3_discounted,3401,-0.04282279651,0.008121813575,-0.2375,0.003539014858
m3_discounted,3402,0.006617572509,-0.003335040775,-0.05698924731,-0.02108601456
m3_discounted,3403,-0.03012443427,-0.002267198364,-0.1575052854,0.004997255705
m3_discounted,3404,-0.01094055779,0.004153665043,-0.1181818182,0.0007901120264
m3_discounted,3405,-0.02624200442,0.002969703434,-0.2042663219,-0.001292806466
m3_discounted,3406,0.0046749327,-0.002943704901,0.002717391304,-0.03408582195
m3_discounted,3407,0.007432442981,-0.001979027218,-0.08854166667,-0.01543338493
m3_discounted,3408,-0.008180219278,-0.0007882870348,-0.03878474467,-0.01985270808
m3_discounted,3409,-0.004873683844,-0.002692329334,-0.08925831202,0.02397809244
m3_discounted,3410,0.002915136442,-0.007134911463,-0.1770833333,-0.01596811865
m3_discounted,3411,-0.004512127907,-0.003640465576,-0.09878419453,-0.02039801185
m3_discounted,3412,-0.01659258327,0.0006405531714,-0.2318181818,0.01595665269
m3_discounted,3413,-0.02407997792,-0.002772854745,-0.1712004731,8.142626406e-05
m3_discounted,3414,-0.0156190663,0.0016945161,-0.1614583333,-0.03219862706
m3_discounted,3415,-0.01174066725,-0.005677099713,-0.04086021505,-0.03037877306
m3_discounted,3416,0.01862106285,-0.002681314668,-0.1440217391,-0.003129899057
m3_discounted,3417,-0.01538862488,-0.003323812125,-0.2224958949,0.01087358362
m3_discounted,3418,-0.00101637346,-0.001897872359,-0.1129032258,-0.01122263138
m3_discounted,3419,-0.03806515646,0.00783321115,-0.3222222222,0.0103345408
m3_discounted,3420,-0.01715729849,0.001716411141,-0.1862803075,-0.004062217575
m3_discounted,3421,-0.02662229449,0.0001554496428,-0.2182140745,-0.0006743732421
m3_discounted,3422,-0.01445244426,-0.0009920677035,-0.1021505376,-0.01364942959
m3_discounted,3423,-0.03655797485,-0.001091050897,-0.1222222222,-0.0009944246314
m3_discounted,3424,-0.001665685056,-0.003204029833,-0.1564318035,-0.01109431328
m3_discounted,3425,-0.004064828632,-0.006515540371,-0.1333333333,-0.006401597819
m3_discounted,3426,-0.008588351677,-0.00532580104,-0.159964518,0.004237296443
m3_discounted,3427,-0.00432317871,-0.001507796699,-0.1618198874,0.02880699771
m3_discounted,3428,-0.02747384469,0.001316373582,-0.2111111111,-0.002657585489
m3_discounted,3429,-0.03994007985,-0.003116707933,-0.2044534413,-0.01134621473
m3_discounted,3430,-0.02582471596,0.003143952273,-0.1956989247,-0.003042505897
m3_discounted,3431,-0.0005975163917,-0.003972343672,-0.1353065539,-0.004357772397
m3_discounted,3432,-0.01505151094,-0.003175328773,-0.2291666667,0.009981059209
m3_discounted,3433,-0.01345194349,-0.001572454312,-0.2301075269,0.000650370804
m3_discounted,3434,-0.001762272513,-0.0015414921,-0.1224127735,-0.01371406079
m3_discounted,3435,-0.02602661924,0.001326856992,-0.1929175476,0.03351154465
m3_discounted,3436,0.03781194503,-0.006522159779,-0.1666666667,-0.02157262079
m3_discounted,3437,-0.008054472698,0.007006765088,-0.2182795699,-0.02448014588
m3_discounted,3438,-0.01526073175,-0.001889071494,-0.2833333333,0.01991513013
m3_discounted,3439,0.005945400716,-0.00564647897,-0.2362093352,-0.0260412143
m3_discounted,3440,-0.02650770138,0.002723887382,-0.1861702128,-0.01261042485
m3_discounted,3441,-0.01295227655,-0.0005359122486,-0.09513742072,-0.005621441812
m3_discounted,3442,-0.02692626276,-0.00057291477,-0.1129032258,-0.01782595292
m3_discounted,3443,-0.03031954268,0.001189716649,-0.2457786116,0.01605348381
m3_discounted,3444,-0.02705719172,0.006792273857,-0.15,0.0005087151659
m3_discounted,3445,-0.03640877191,-0.002379304258,-0.1238636364,-0.01103482547
m3_discounted,3446,-0.04153213277,0.004410576891,-0.2261363636,-0.005065453694
m3_discounted,3447,-0.02875638548,0.004573828352,-0.09688013136,0.008983561611
m3_discounted,3448,-0.004222716553,-0.0002400020065,-0.1378313253,0.01280955549
m3_discounted,3449,-0.04219783727,0.008404001356,-0.1277777778,-0.006262672184
m3_discounted,3450,-0.02106697113,0.002960337399,-0.1157635468,-0.0009486530399
m3_discounted,3451,0.004329767872,-0.002998980394,-0.07963875205,-0.01876149468
m3_discounted,3452,-0.02092626151,-0.002672682399,-0.1091954023,-0.009244140807
m3_discounted,3453,-0.01580775054,-0.001970563035,-0.1858435682,0.002619753763
m3_discounted,3454,-0.006016274775,-0.00398325727,-0.09032258065,-0.01041935956
m3_discounted,3455,-0.02783625667,0.003122930763,-0.06344086022,-0.02739135918
m3_discounted,3456,0.03221373864,-0.005586507731,-0.2044534413,0.003257650133
m3_discounted,3457,-0.02528050656,0.002910549267,-0.09090909091,-0.01391695702
m3_discounted,3458,-0.02899275242,0.001344697283,-0.1740558292,0.01102636919
m3_discounted,3459,-0.01641578656,-0.0009684245907,-0.1875,0.006025192479
m3_discounted,3460,-0.0250790818,-0.0003113502631,-0.1944444444,0.002842431988
m3_discounted,3461,-0.01682312236,0.002494717898,-0.2222222222,-0.01065596271
m3_discounted,3462,-0.01421227854,0.002086596944,-0.1505026611,0.01274072496
m3_discounted,3463,-0.01931297636,-0.001244260732,-0.1564318035,0.01374552071
m3_discounted,3464,-0.04556908779,0.01091459027,-0.2378419453,-0.01386677709
m3_discounted,3465,-0.01037451427,8.433121886e-05,-0.07386363636,-0.005717953065
m3_discounted,3466,-0.0103702603,-5.031784195e-05,-0.1757263355,-0.02540417165
m3_discounted,3467,-0.02688279161,0.004596680438,-0.04346540509,-0.01338949302
m3_discounted,3468,-0.02257594644,-0.0001190030399,-0.06075533662,-0.001074128388
m3_discounted,3469,-0.021499123,0.003081352339,-0.1444444444,0.0003504764513
m3_discounted,3470,-0.006387835856,-0.004996768314,-0.1290322581,-0.02302330406
m3_discounted,3471,0.006535489704,-0.00386007934,-0.05161290323,-0.0193315854
m3_discounted,3472,-0.01883051064,-0.001745228719,-0.1396761134,-0.01416289158
m3_discounted,3473,-0.006303544279,-0.003087643701,-0.1408602151,-0.01377027693
m3_discounted,3474,-0.003923541306,-0.003484451596,-0.1396761134,-0.02179039169
m3_discounted,3475,-0.0006761777918,-0.004748646604,-0.3251012146,0.008878447198
m3_discounted,3476,-0.02899320163,0.002793595124,-0.210180624,0.008289969264
m3_discounted,3477,-0.006056132013,-0.008481027001,-0.2180851064,-0.001747133553
m3_discounted,3478,0.007448754138,-0.008847316671,-0.223655914,-0.009205441737
m3_discounted,3479,-0.03424222532,-0.0003685655728,-0.1614583333,-0.03195496706
m3_discounted,3480,-0.002710943476,-0.00432289323,-0.2850678733,0.01424339116
m3_discounted,3481,-0.0006220105962,-0.004054371964,-0.05952380952,-0.003064466297
m3_discounted,3482,-0.03259669494,-0.002465691961,-0.1462365591,-0.01431719947
m3_discounted,3483,-0.01334979659,0.00165122532,-0.1215255333,-0.02838406637
m3_discounted,3484,-0.03047185126,0.005753447493,-0.2332939089,0.00464631858
m3_discounted,3485,0.0007175502636,-0.003695796998,-0.09760827408,-0.01210909557
m3_discounted,3486,0.005313850757,-0.006029247848,-0.1522198732,-0.004158456258
m3_discounted,3487,-0.02973042311,0.0004123131675,-0.1913380737,0.01126704143
m3_discounted,3488,-0.02456976486,-0.00100899429,-0.1253799392,-0.02347449537
m3_discounted,3489,-0.01027704475,-0.003630690649,-0.1888888889,-0.008088553168
m3_discounted,3490,-0.01591759273,-0.003617454791,-0.1548913043,-0.00462116752
m3_discounted,3491,-0.03893625994,0.01022452528,-0.2274220033,0.01689053106
m3_discounted,3492,0.0007529439596,-0.008568936295,-0.1064777328,-0.02796177484
m3_discounted,3493,-0.04682748407,0.002344105669,-0.08468002586,-0.0220100222
m3_discounted,3494,-0.01400710849,-0.004657177379,-0.1505026611,0.002336988735
m3_discounted,3495,-0.02231974866,0.001782423779,-0.1448846836,6.549559921e-05
m3_discounted,3496,-0.0126565857,-0.003280045914,-0.183904331,0.002487688008
m3_discounted,3497,-0.02541000092,0.007248698804,-0.1802325581,0.002530557184
m3_discounted,3498,-0.03155759588,0.006879542118,-0.1738636364,0.01100043324
m3_discounted,3499,0.02683070387,-0.009405557434,-0.02083333333,-0.03838424382
m3_discounted,3500,-0.01102480473,0.001732322983,-0.1160310278,-0.01811462009
m3_discounted,3501,-0.006665050683,-0.002303250932,-0.1988636364,-0.001661626621
m3_discounted,3502,-0.02440563943,-0.005223788173,0.06060606061,-0.03549888307
m3_discounted,3503,-0.007298989019,-0.003993697687,-0.1569892473,-0.00725281714
m3_discounted,3504,-0.01197595844,0.001642579927,-0.1264367816,0.004464670022
m3_discounted,3505,-0.02390030138,0.001080599455,-0.311827957,0.001051328795
m3_discounted,3506,-0.003360953669,0.0004587414249,-0.222826087,0.01233524176
m3_discounted,3507,0.0004488094951,-0.006085992859,-0.1644021739,-0.004499675569
m3_discounted,3508,0.003905255665,-0.01028123704,-0.1318181818,-0.002569339181
m3_discounted,3509,-0.01810059237,0.001786939707,-0.222826087,0.01580024712
m3_discounted,3510,-0.02774407068,0.001476242804,-0.1617405583,0.009926610718
m3_discounted,3511,-0.004353105472,-0.003212002845,-0.2924086223,0.0007996519225
m3_discounted,3512,-0.01292478919,0.003191243223,-0.2769447048,-0.02727549881
m3_discounted,3513,-0.01523000092,0.006933420205,-0.1168797954,0.01570243725
m3_discounted,3514,-0.01742528355,0.001841702618,-0.07407407407,0.01452384418
m3_discounted,3515,-0.02549078822,0.002077257842,-0.08641975309,-0.0006199187879
m3_discounted,3516,-0.007369328206,0.003673546757,-0.01041666667,-0.04108708703
m3_discounted,3517,-0.01915873283,0.001618010603,-0.2406859846,0.01338240439
m3_discounted,3518,-0.002083228538,-2.048926542e-05,-0.09444444444,-0.002607441583
m3_discounted,3519,0.02348660295,-0.007052237308,-0.2295454545,0.005768406877
m3_discounted,3520,-0.009591191164,-0.0002230033108,-0.263546798,0.007256225266
m3_discounted,3521,-0.006417990408,0.003091626686,-0.2346153846,0.04288692927
m3_discounted,3522,-0.02794800874,0.005173685444,-0.06111111111,-0.008079748373
m3_discounted,3523,-0.0247109047,0.002124682821,-0.1375,0.007913261056
m3_discounted,3524,0.01435839835,-0.001499341789,-0.08152173913,-0.01475623434
m3_discounted,3525,-0.01192643213,-0.0008723496161,-0.1738636364,0.001447916526
m3_discounted,3526,-0.02314209354,0.0003841474033,-0.1469344609,0.01082422817
m3_discounted,3527,-0.008343773508,0.0040314169,-0.1435035553,-0.01224873864
m3_discounted,3528,-0.005286025756,-0.005876072352,-0.1440217391,-0.006097565152
m3_discounted,3529,-0.02265588689,-0.003417072162,-0.1571428571,0.02449412364
m3_discounted,3530,-0.02900327152,0.0005798973509,-0.1847826087,-0.003692140519
m3_discounted,3531,-0.0008383484051,0.001826882211,-0.2216748768,0.02153003515
m3_discounted,3532,-0.006706786215,-0.004701424637,-0.1855500821,0.0158050017
m3_discounted,3533,-0.02085093275,0.000535178413,-0.2097165992,0.001158889208
m3_discounted,3534,-0.01267073735,-0.009269370523,-0.2352272727,0.02552664684
m3_discounted,3535,-0.01511597931,-0.002107730857,-0.109375,-0.02398806434
m3_discounted,3536,-0.02236753062,0.001257994882,-0.1770516717,-0.007768816096
m3_discounted,3537,0.01458450576,-0.006261596932,-0.1091954023,0.01281595541
m3_discounted,3538,-0.03590380721,0.001171467182,-0.07070707071,-0.03036843501
m3_discounted,3539,-0.01274269826,-0.002378848995,-0.08729812309,0.01139860761
m3_discounted,3540,-0.02026090169,0.001986288071,-0.2119565217,0.006414797493
m3_discounted,3541,-0.006687298238,-0.001253485607,-0.2074468085,-0.01236750594
m3_discounted,3542,-0.00656098267,-0.002834635988,-0.105065666,0.03046065066
m3_discounted,3543,-0.04215621821,0.003965887036,-0.01395730706,-0.001790533053
m3_discounted,3544,0.01248488792,-0.006375571779,-0.1847826087,-0.0007863173396
m3_discounted,3545,-0.0189365946,0.006893460546,-0.1168478261,-0.02491592848
m3_discounted,3546,-0.01104938136,-0.003738867329,-0.1109422492,-0.009090916645
m3_discounted,3547,-0.006208559872,-0.002102331036,-0.1644501279,0.01057352903
m3_discounted,3548,-0.02585129201,0.003551199324,-0.1392667061,-0.02795323155
m3_discounted,3549,-0.0165222312,0.000290380443,-0.1251171509,-0.01558959163
m3_discounted,3550,-0.03840356619,0.007913323499,-0.1111111111,0.008756298181
m3_discounted,3551,-0.006827915619,-0.006068546929,-0.1759036145,0.03330521819
m3_discounted,3552,-0.02755184393,0.001343455138,-0.0623655914,-0.00923076567
m3_discounted,3553,-0.03516908592,0.00139159839,-0.1410408043,0.0102915274
m3_discounted,3554,-0.0252007109,0.004137051604,-0.2283950617,0.04451040681
m3_discounted,3555,-0.0143794031,0.000753436471,-0.1183932347,0.003470700925
m3_discounted,3556,-0.01925680234,-0.005308366891,-0.181547619,0.01356226686
m3_discounted,3557,-0.01449230599,0.003163282157,-0.1655824956,0.01611787855
m3_discounted,3558,-0.02147455778,-0.003455530616,-0.08387096774,-0.006791326205
m3_discounted,3559,-0.01942427341,0.0005793523902,-0.308397398,0.01396199436
m3_discounted,3560,-0.003729556908,-0.003705077897,-0.1064777328,-0.0229168947
m3_discounted,3561,-0.03893313627,0.005330197673,-0.1440217391,-0.0004195059
m3_discounted,3562,0.002331780329,-0.005639093019,-0.1585677749,0.01758906592
m3_discounted,3563,-0.02130269135,-0.001315165374,-0.1944444444,0.004909958499
m3_discounted,3564,-0.02555932863,0.005757396603,-0.2484802432,0.002027155991
m3_discounted,3565,-0.02831303703,0.002881261224,-0.2323369565,-0.01308938364
m3_discounted,3566,-0.006431377097,-0.004915148997,-0.1073329391,-0.01486577801
m3_discounted,3567,-0.01830499209,0.007935887745,-0.1215255333,-0.01599669897
m3_discounted,3568,-0.009177008834,-0.006121606855,-0.181988743,0.02225429037
m3_discounted,3569,-0.02332019901,0.002342707786,-0.1968085106,-0.013488116
m3_discounted,3570,0.00111242906,-0.001113669675,-0.1268542199,0.01344032491
m3_discounted,3571,0.004045339425,-0.003918251794,-0.1012145749,-0.02247473969
m3_discounted,3572,0.004137159494,-0.009937997117,-0.1749471459,0.003311462921
m3_discounted,3573,-0.002731288093,-0.007793613573,-0.09760827408,-0.009372283188
m3_discounted,3574,-0.02710000717,0.005579960919,-0.2397849462,0.005862167679
m3_discounted,3575,-0.02107951183,0.00265030163,-0.1234647705,-0.01330842816
m3_discounted,3576,-0.01474061578,-0.003328366407,-0.1880544057,0.02180227089
m3_discounted,3577,-0.01729786043,0.0001085737505,-0.1242071882,0.01960454203
m3_discounted,3578,-0.009537948229,0.001842233374,-0.2635869565,-0.004427017821
m3_discounted,3579,0.004023125589,-0.003894687641,-0.2666666667,0.01110200858
m3_discounted,3580,0.01551631255,-0.004548422983,-0.1290322581,-0.004995135339
m3_discounted,3581,-0.003095207452,-0.002988081046,-0.06168674699,0.001895904007
m3_discounted,3582,-0.01565403573,0.0009323935081,-0.15,-0.02058474393
m3_discounted,3583,-0.02532006439,0.0005116266115,-0.1918072289,0.02670447429
m3_discounted,3584,-0.01364802086,0.001583620866,-0.07065217391,-0.01563313918
m3_discounted,3585,0.04622777729,-0.01314600095,-0.1141215107,0.009667781997
m3_discounted,3586,0.003516786041,-0.00249546666,-0.2111111111,0.004265735065
m3_discounted,3587,0.02085364584,-0.01574078689,-0.1920716113,0.02299763897
m3_discounted,3588,-0.02559060756,-0.0008614880125,-0.06131078224,0.002774742475
m3_discounted,3589,-0.002312219921,-0.0008583314486,-0.1547619048,0.01086109877
m3_discounted,3590,-0.03578650657,7.373389302e-05,-0.08054711246,-0.00308238622
m3_discounted,3591,-0.02283725885,0.005741650699,-0.1785714286,0.006254194406
m3_discounted,3592,-0.002740362365,-0.002495222351,-0.2409090909,0.03212256849
m3_discounted,3593,-0.009901844305,-0.002940247926,-0.1331521739,-0.01117199186
m3_discounted,3594,-0.003223142912,-0.004369975937,-0.1111111111,-0.002960760777
m3_discounted,3595,0.007198114758,-0.005459359653,-0.2269021739,6.077833085e-05
m3_discounted,3596,-0.01102862204,0.0008141283168,-0.2269021739,-0.001977644283
m3_discounted,3597,-0.02222532522,-0.005214633077,-0.1111111111,-0.03608635955
m3_discounted,3598,-0.01588846158,-0.001437237919,-0.08695652174,-0.01156920282
m3_discounted,3599,0.004874379697,-0.005257663299,-0.2744565217,0.007004972162
m3_discounted,3600,-0.01403427652,-0.001194479623,-0.1488636364,-0.009350023014
m3_discounted,3601,-0.01091476524,0.00408910353,-0.06978119456,-0.01661775759
m3_discounted,3602,-0.009945189978,-0.001359989862,-0.01902173913,-0.006291883915
m3_discounted,3603,-0.0257545628,0.008197439179,-0.1666666667,0.008930332616
m3_discounted,3604,-0.01219893246,0.005680383735,-0.1379310345,0.007708671701
m3_discounted,3605,0.006878974862,-0.00753520605,-0.1385869565,0.003353369163
m3_discounted,3606,-0.03357634079,0.008977941825,-0.2545454545,0.01697009693
m3_discounted,3607,-0.01525704069,-0.002600251081,-0.1290322581,-0.01220499172
m3_discounted,3608,-0.005397089744,0.0004576980602,-0.05027173913,-0.01849557041
m3_discounted,3609,0.009896643866,-0.006732495024,-0.15625,-0.03235835217
m3_discounted,3610,-0.01941636093,0.004995535905,-0.1222222222,-0.01394982653
m3_discounted,3611,0.02436789469,-0.005234976984,-0.1453804348,0.008956326383
m3_discounted,3612,-0.01782143347,0.001597376852,-0.2093596059,0.0186822347
m3_discounted,3613,-0.03214360872,-0.003264409112,-0.146656535,-0.005088832859
m3_discounted,3614,0.001133235091,-0.009238133774,-0.1313131313,-0.03516148181
m3_discounted,3615,-0.002221077409,0.0007775929484,-0.1181818182,-0.01138931291
m3_discounted,3616,0.004725140894,-0.003665263051,-0.1602272727,0.01232241875
m3_discounted,3617,-0.007067276281,-0.0006242125499,-0.1215255333,-0.008647287572
m3_discounted,3618,-0.02595951054,-0.002278328189,-0.2065217391,-0.001220511393
m3_discounted,3619,-0.01210454884,-0.00276710008,-0.1677419355,-0.01166365359
m3_discounted,3620,-0.009518120737,-0.001523983645,-0.1227621483,0.001588683293
m3_discounted,3621,-0.008965392318,-0.001735806929,-0.05975903614,-0.006395706764
m3_discounted,3622,-0.01656049355,0.003871905326,-0.1440217391,0.004831851816
m3_discounted,3623,-0.008640800685,-0.002131149629,-0.095951417,-0.02353205893
m3_discounted,3624,-0.002854091259,0.0007610581816,-0.1611111111,-0.003544813359
m3_discounted,3625,-0.02070884897,-0.001650144755,-0.1860215054,-0.01688109141
m3_discounted,3626,-0.008260165791,-0.00496008189,-0.1127717391,-0.01280606953
m3_discounted,3627,0.01243401425,-0.01008336693,-0.2277777778,0.008824261583
m3_discounted,3628,-0.02222415443,-0.002547562829,-0.0623655914,-0.003508285112
m3_discounted,3629,0.0008339924763,0.001701533244,-0.05549682875,0.0007123002369
m3_discounted,3630,-0.03974831298,0.003638469718,-0.1655824956,0.001459731799
m3_discounted,3631,-0.01691919173,-0.002688423808,-0.2020460358,0.02142000807
m3_discounted,3632,-0.01321382496,-0.003850064186,-0.09375,-0.01175861994
m3_discounted,3633,0.003878494524,-0.00260153332,-0.1026272578,0.01365120602
m3_discounted,3634,0.009830196552,-0.0002191963276,-0.1354264292,-0.02174783012
m3_discounted,3635,-0.003848511941,-0.003402132003,-0.1755952381,0.01529794964
m3_discounted,3636,-0.03493895017,0.004507892739,-0.1781376518,-0.02153052772
m3_discounted,3637,0.002554596657,-0.004567021577,-0.1111111111,0.02368155191
m3_discounted,3638,0.01289863401,-0.004201972983,-0.03940217391,-0.02305125242
m3_discounted,3639,-0.009504181596,0.001352692956,-0.1111111111,0.006643479906
m3_discounted,3640,-0.02388012417,-0.003755928804,-0.1212121212,-0.03705018095
m3_discounted,3641,-0.004832497961,-2.628078428e-05,-0.2078215902,0.005308620084
m3_discounted,3642,-0.03234868699,0.001902496427,-0.09259259259,0.02955619428
m3_discounted,3643,-0.02551813295,0.0008527347944,-0.1002811621,-0.01597163856
m3_discounted,3644,-0.02238144337,0.0007250621499,-0.128030751,-0.008343996645
m3_discounted,3645,-0.04644013775,0.007158651193,-0.2,0.0002277591886
m3_discounted,3646,-0.03627505436,0.004765788724,-0.1863711002,0.009755429929
m3_discounted,3647,-0.02503521143,0.00236228055,-0.1752717391,-0.01055146314
m3_discounted,3648,-0.02225007521,0.0001870581012,-0.03940217391,-0.02227525647
m3_discounted,3649,-0.01317592745,-0.0004404313398,-0.1109974425,0.00207251016
m3_discounted,3650,-0.01429381239,-0.004609418395,-0.1823708207,0.008203142586
m3_discounted,3651,-0.01373154762,0.004215692258,-0.1666666667,0.01609073281
m3_discounted,3652,-0.009876080545,0.004168068142,-0.1331521739,-0.01141079226
m3_discounted,3653,-0.01028316927,-0.0001173005767,-0.1505376344,-0.008896959096
m3_discounted,3654,-0.01124819248,-0.001043554461,-0.08295454545,0.002083253644
m3_discounted,3655,-0.0184501669,0.0009108863034,-0.2392712551,-0.01630869254
m3_discounted,3656,-0.03216826573,-0.001269656491,-0.1166666667,-0.0141279006
m3_discounted,3657,-0.01026479409,-0.0002802638353,-0.09225310467,0.001737158357
m3_discounted,3658,0.007002206679,0.0004833520651,-0.1944444444,0.01694982792
m3_discounted,3659,-0.02272071416,0.01220341751,-0.1147250148,0.001127024204
m3_discounted,3660,-0.009552491869,0.001507173884,-0.1489980608,0.0008765217728
m3_discounted,3661,0.0075466483,-0.008476947079,-0.05470136014,-0.01731964495
m3_discounted,3662,-0.03185254519,0.001862336611,-0.1663542643,-0.003447845849
m3_discounted,3663,-0.005315777683,-0.0005382885301,-0.197044335,0.01538799426
m3_discounted,3664,-0.002892840528,-0.007439980914,-0.1125,-0.005842892409
m3_discounted,3665,-0.004801731568,-0.004111563651,-0.2053571429,0.02168813231
m3_discounted,3666,-0.03100280271,0.002441385449,-0.09090909091,0.01233905904
m3_discounted,3667,-0.003139873521,-0.005068214387,-0.05171299289,-0.01623096263
m3_discounted,3668,-0.02407906633,0.0004310288361,-0.1330049261,0.002575602153
m3_discounted,3669,-0.0202756882,0.006196361934,-0.161926309,0.005611004633
m3_discounted,3670,-0.003947051338,-0.000665415388,-0.078125,-0.01608058766
m3_discounted,3671,-0.004461407895,-0.004853712102,-0.15,-0.008688489793
m3_discounted,3672,0.01239337058,-0.003823217556,-0.2595108696,0.01638464616
m3_discounted,3673,-0.02244891883,-0.00438998875,-0.159964518,0.004009185322
m3_discounted,3674,-0.02761713789,0.002118139984,-0.1681818182,-0.004034647091
m3_discounted,3675,-0.02252384857,-0.000797778628,-0.09498480243,-0.009295839696
m3_discounted,3676,-0.002275234915,-0.005514809857,-0.1602272727,-0.001994962534
m3_discounted,3677,-0.007205879752,-0.006043968856,-0.1388888889,0.004762784211
m3_discounted,3678,-0.01803035832,0.0009144114978,-0.2193877551,-0.02069322026
m3_discounted,3679,-0.02464112214,-0.002879916888,-0.1749471459,0.006154437861
m3_discounted,3680,-0.03522629932,0.00206182242,-0.1664133739,-0.005651395934
m3_discounted,3681,-0.02890051736,0.006978063732,-0.2705357143,0.03872962512
m3_discounted,3682,-0.009142314532,-0.006475984342,-0.09460887949,0.002733965644
m3_discounted,3683,-0.01543809755,0.001162168091,-0.1602272727,-0.007839870056
m3_discounted,3684,0.007543635321,-0.01412486038,-0.1111111111,-0.008534212992
m3_discounted,3685,-0.02435034567,-1.937819016e-05,-0.09444444444,0.002551853675
m3_discounted,3686,-0.03177370567,-0.001614892459,-0.2269021739,-0.01300127137
m3_discounted,3687,-0.0136439242,-0.007448075645,-0.09335038363,0.001907593847
m3_discounted,3688,-0.004109537141,-0.007607408204,-0.2572633552,-0.001907528111
m3_discounted,3689,-0.01334796975,-0.00416432451,-0.1102272727,-0.004086891513
m3_discounted,3690,-0.00134919664,-0.008565846318,-0.08661926309,-0.01121803871
m3_discounted,3691,-0.004085857272,-0.001218444147,-0.1375,-0.01004273437
m3_discounted,3692,-0.03366879075,0.003659891996,-0.06819650937,-0.002933983111
m3_discounted,3693,0.0007530942286,-0.003868938227,-0.1505026611,0.000632855807
m3_discounted,3694,-0.02767831974,0.003113560386,-0.07327935223,-0.01382188482
m3_discounted,3695,-0.01775831563,1.649576892e-05,-0.1236786469,0.005603465983
m3_discounted,3696,-0.01510974809,-0.004003171113,-0.1449392713,-0.01505164807
m3_discounted,3697,-0.03234805037,0.002848421691,-0.1294926004,0.01062870624
m3_discounted,3698,-0.0207735411,-0.0007584948263,-0.08695652174,-0.04007875645
m3_discounted,3699,-0.0224695073,-0.001883464877,-0.146656535,-0.005130738982
m3_discounted,3700,-0.03865963507,0.003461312851,-0.1677419355,0.001491597455
m3_discounted,3701,-0.04041286241,0.008380177447,-0.07241014799,0.01558028684
m3_discounted,3702,-0.02061685368,0.004710497563,-0.1247311828,-0.03080154862
m3_discounted,3703,-0.03281942728,0.003471114287,-0.1580338266,0.01097932499
m3_discounted,3704,-0.02770244027,0.008962463427,-0.1938618926,0.01795917705
m3_discounted,3705,-0.002138289679,-0.003145552719,-0.1887755102,-0.03390364321
m3_discounted,3706,-0.008070632024,5.64930124e-05,-0.1021505376,-0.01660031587
m3_discounted,3707,0.01254603974,-0.007888014233,-0.197865353,0.01456632715
m3_discounted,3708,-0.02341080865,0.0009595443088,-0.07013574661,-0.0159297943
m3_discounted,3709,-0.01505743298,-0.00114262986,-0.1277777778,-0.0153935858
m3_discounted,3710,-0.004399306238,0.003890905729,-0.1241868717,0.01028664433
m3_discounted,3711,-0.02727849233,0.005574844903,-0.2031342401,0.007154062266
m3_discounted,3712,-0.01110030137,-0.001591600994,-0.1431818182,-0.006432345926
m3_discounted,3713,-0.0130886503,-0.004763805353,-0.0960591133,0.008845827316
m3_discounted,3714,-0.02171417699,-0.003663349202,-0.09886363636,-0.002953411632
m3_discounted,3715,-0.02066413289,0.005875319935,-0.1557223265,0.01096090603
m3_discounted,3716,0.006163878449,-0.008647091539,-0.1519756839,0.001526358666
m3_discounted,3717,-0.009393740066,-0.00205789208,-0.1748545572,-0.003975452869
m3_discounted,3718,-0.0263257263,-0.004845885665,-0.140625,-0.006659625116
m3_discounted,3719,-0.022703,0.0005447435694,-0.09211376858,-0.01038010729
m3_discounted,3720,-0.02701844428,0.007536621615,-0.1898795181,0.0289709597
m3_discounted,3721,-0.02646975526,0.001666337046,-0.1666666667,0.02064168537
m3_discounted,3722,-0.0367576718,-0.0007715900055,-0.2666666667,0.009737825234
m3_discounted,3723,-0.01109127351,0.003327086777,-0.116794796,-0.01744527877
m3_discounted,3724,-0.02033384299,0.004084317493,-0.1,-0.003219629652
m3_discounted,3725,0.0006268057124,0.001955130192,-0.05555555556,-0.009449743437
m3_discounted,3726,-0.04021328304,0.002787046037,-0.1435272045,0.01000422077
m3_discounted,3727,0.01386101644,-0.009791439015,-0.08489681051,0.001912883035
m3_discounted,3728,-0.03150976725,0.002970959832,-0.1306990881,-0.02741530919
m3_discounted,3729,-0.00241283389,-0.001728026189,-0.1055555556,-0.007689266198
m3_discounted,3730,-0.04322732513,0.007456291476,-0.263546798,0.03749554414
m3_discounted,3731,-0.01112616282,0.001379567764,-0.1181818182,-0.009699785433
m3_discounted,3732,-0.04381765082,0.008660069576,-0.1781376518,-0.01139170211
m3_discounted,3733,0.001281969911,-0.003341522472,-0.1568144499,-0.01307478049
m3_discounted,3734,-0.007841721244,0.006212983596,-0.1,-0.01611378258
m3_discounted,3735,-0.0008057179742,-0.00509718608,-0.2097165992,-0.002489225158
m3_discounted,3736,0.005523806352,-0.003557985699,-0.2097608274,0.002911126706
m3_discounted,3737,-0.04754451823,0.001349969269,-0.1380090498,0.004898386289
m3_discounted,3738,-0.01709208287,-0.004886408776,-0.196969697,-0.0239426376
m3_discounted,3739,0.005645239393,-0.006036136316,-0.1818181818,-0.0136022409
m3_discounted,3740,-0.01219180502,0.004159354746,-0.2431289641,0.02191351464
m3_discounted,3741,-0.007032845995,-0.006339602191,-0.2021276596,0.009112980453
m3_discounted,3742,-0.007372990474,-0.002238136117,-0.06239737274,-0.006831908376
m3_discounted,3743,-0.01884869417,0.005324115092,-0.1688555347,0.02955656322
m3_discounted,3744,-0.00184037632,-0.00336856699,-0.05795454545,0.002385321372
m3_discounted,3745,-0.04008272203,0.007563487484,-0.1073329391,-0.006685658269
m3_discounted,3746,-0.01066087526,-0.0002496942102,-0.1781376518,-0.02368600734
m3_discounted,3747,-0.01932396465,0.003969635731,-0.1159090909,0.001200697489
m3_discounted,3748,-0.02038003719,0.00208913401,-0.1125,-0.006908865113
m3_discounted,3749,-0.006763574447,-0.001091012937,-0.1883223684,0.04082850759
m3_discounted,3750,-0.01224643883,0.0001988491835,-0.1712004731,-0.004276006816
m3_discounted,3751,-0.01793181578,0.007127813075,-0.1610942249,-0.02211766378
m3_discounted,3752,-0.004954189783,-0.0002950378671,-0.2079283887,0.00926162959
m3_discounted,3753,-0.01243910028,-0.003355052011,-0.1411205074,0.01736859146
m3_discounted,3754,-0.02111911135,0.003490176611,-0.1677419355,-0.01018427147
m3_discounted,3755,0.009056386411,-0.001599528951,-0.1767676768,-0.03499145755
m3_discounted,3756,-0.008618910652,-0.0115381953,-0.1380090498,-0.0008727934474
m3_discounted,3757,-0.0221812315,0.007780319128,-0.06114130435,-0.004315409908
m3_discounted,3758,-0.01513347845,-0.002887884725,-0.2023270847,-0.005672237662
m3_discounted,3759,0.00550893276,-0.002814176591,-0.1564318035,-0.001895856015
m3_discounted,3760,-0.01273628102,-0.0007085984595,-0.1010230179,0.008554749244
m3_discounted,3761,0.002822812995,-0.006411650796,-0.1548913043,0.001996149051
m3_discounted,3762,-0.050515685,0.004812606347,-0.1344086022,-0.01446692288
m3_discounted,3763,-0.025678109,-0.0001237108272,-0.1075268817,-0.01449242911
m3_discounted,3764,-0.007404824216,0.000175800796,-0.2489429175,0.01827959341
m3_discounted,3765,-0.02080072325,-0.001360895022,-0.1994047619,0.02602136192
m3_discounted,3766,-0.02087370211,0.003533460481,-0.2447916667,-0.02612713383
m3_discounted,3767,-0.03476765885,0.002722039825,-0.2133160957,0.002794972892
m3_discounted,3768,-0.007115497713,0.001119409473,-0.2093596059,0.01460049649
m3_discounted,3769,-0.01432588126,-0.0005936318125,-0.159964518,-0.009001741521
m3_discounted,3770,-0.02886849508,0.0006039058245,-0.1806239737,0.01528777047
m3_discounted,3771,-0.005084065335,-0.004193154735,-0.1823708207,0.006374239306
m3_discounted,3772,0.00235148825,-0.005418340644,-0.1516129032,-0.02032415322
m3_discounted,3773,-0.001378384827,-0.003337199455,-0.2797619048,0.02621931994
m3_discounted,3774,-0.01461953972,-0.0006842982215,-0.07902735562,-0.01619371025
m3_discounted,3775,0.001282884821,-0.006292090382,-0.09896810507,0.01047597747
m3_discounted,3776,-0.02674021239,0.005437888916,-0.08205128205,0.01197738567
m3_discounted,3777,-0.03022675346,0.007318771835,-0.1277777778,-0.001529894006
m3_discounted,3778,-0.02019787333,-0.001388909768,-0.1914893617,-0.01340650666
m3_discounted,3779,-0.01372229814,-0.00537599405,-0.1208997188,-0.01346172355
m3_discounted,3780,0.0008669324175,-0.007343807379,-0.1449392713,-0.005049679599
m3_discounted,3781,-0.0292802581,0.004035749929,-0.1336487286,0.001033449486
m3_discounted,3782,-0.02077014748,-0.0004318089343,-0.1344129555,-0.02790527235
m3_discounted,3783,-0.02164265191,0.007712106535,-0.2214673913,-0.003873921901
m3_discounted,3784,-0.01825080088,0.003347780083,-0.0597826087,-0.03062496308
m3_discounted,3785,0.01248529217,-0.009424320801,-0.07291666667,-0.02831287791
m3_discounted,3786,-0.007614285046,-0.002263229117,-0.0987654321,0.01795202243
m3_discounted,3787,0.004043004475,-0.003642822554,-0.2447916667,-0.01568811256
m3_discounted,3788,-0.02571376609,0.002687067603,-0.1127717391,-0.01622553981
m3_discounted,3789,-0.0276505749,-0.0005661085901,-0.2091836735,-0.0182044882
m3_discounted,3790,-0.01643838605,0.0005134708105,-0.1712004731,0.0003919179157
m3_discounted,3791,-0.024553725,0.0002657012635,-0.148728563,6.668668582e-05
m3_discounted,3792,-0.03767621426,0.004954334585,-0.06111111111,-0.00144172646
m3_discounted,3793,-0.01807471802,0.004018676417,-0.1569892473,-0.01764630815
m3_discounted,3794,-0.003263234468,0.002333967474,-0.2087737844,0.009756627805
m3_discounted,3795,-0.01408701063,-0.002288191455,-0.1920716113,0.01301189289
m3_discounted,3796,-0.01125004847,-0.003853599072,-0.08101714962,-0.003239529327
m3_discounted,3797,-0.02377255369,-0.002377709593,-0.1698369565,-0.001923989184
m3_discounted,3798,-0.00784501902,0.005012467183,-0.1738636364,-0.005937694538
m3_discounted,3799,-0.01914987945,-0.002362825743,-0.1888888889,-0.003118031296
m3_discounted,3800,-0.03865667834,0.006383308396,-0.2196930946,0.0203773351
m3_discounted,3801,-0.02902267309,0.003525658327,-0.1166666667,-0.01381344853
m3_discounted,3802,-0.01525654412,-0.004477278224,-0.1010752688,-0.01012983302
m3_discounted,3803,-0.002251009484,-0.00135089071,-0.1740558292,0.002640340991
m3_discounted,3804,-0.02281029057,0.005712906822,-0.09113300493,-0.01029013016
m3_discounted,3805,-0.02981928237,0.005044862901,0.01666666667,-0.02016006571
m3_discounted,3806,-0.008533216495,0.000791651205,-0.183904331,0.001692925855
m3_discounted,3807,-0.01888048685,0.00471578019,-0.1222222222,-0.01447144531
m3_discounted,3808,0.0008742988355,-0.001897367343,-0.129076087,0.003083835039
m3_discounted,3809,-0.02833333567,0.002086126678,-0.2159090909,0.01436742162
m3_discounted,3810,-0.005585964945,-0.001265804984,-0.1944444444,0.001806789913
m3_discounted,3811,-0.01914230792,-0.001587714401,-0.1009513742,-0.007496402706
m3_discounted,3812,-0.02606181619,0.0009351276201,-0.2684729064,0.02273041828
m3_discounted,3813,-0.0206571217,-0.000565359964,-0.04451733833,-0.0317858246
m3_discounted,3814,-0.01634075509,0.001584678147,-0.08468002586,0.0006356077491
m3_discounted,3815,-0.005572119828,-0.008542951606,-0.2611506141,0.007020628623
m3_discounted,3816,-0.02940299228,0.007082360845,-0.2129032258,-0.01069959061
m3_discounted,3817,-0.01882274982,0.001966297558,-0.1638477801,-0.009294440994
m3_discounted,3818,-0.0257547264,0.003878368109,-0.1469544648,-0.01715742908
m3_discounted,3819,-0.006663262437,-0.005766751505,-0.1503836317,0.01902942504
m3_discounted,3820,-0.02676799494,-0.001538678099,-0.2281835811,-0.008511675379
m3_discounted,3821,-0.02452147186,0.005496774551,-0.08333333333,-0.01582649283
m3_discounted,3822,-0.0205169295,0.0006342087386,-0.135483871,-0.02635008968
m3_discounted,3823,0.006057065905,-0.005087266228,-0.1599870718,0.02629705464
m3_discounted,3824,-0.009433901552,-0.00194927957,-0.1673565937,0.00417796291
m3_discounted,3825,-0.0001478974327,-0.007703967094,-0.223832052,0.001767012422
m3_discounted,3826,-0.00498398139,0.00383687899,-0.2239583333,-0.01331304749
m3_discounted,3827,-0.02684306363,-0.0003843452654,-0.1505026611,0.01436291622
m3_discounted,3828,-0.009145803024,-0.004405713794,-0.2317388494,0.01483880902
m3_discounted,3829,-0.004830304288,-0.007636950717,-0.1674208145,-0.004366485914
m3_discounted,3830,-0.03129976058,0.006356192467,-0.1379310345,0.01215625842
m3_discounted,3831,-0.008498899291,0.0003414487735,-0.1749471459,0.004271349129
m3_discounted,3832,-0.02976391625,-0.0008131103341,-0.1979166667,-0.01254202783
m3_discounted,3833,-0.002216575628,0.004431653888,-0.07727272727,0.004851215278
m3_discounted,3834,-0.02678392636,0.002476076403,-0.1623655914,-0.00124606353
m3_discounted,3835,-0.02648751482,0.002355929555,-0.1398809524,0.01533078605
m3_discounted,3836,-0.004170859095,-0.003632789152,-0.1752717391,0.00301386996
m3_discounted,3837,-0.004485645792,-0.01059444096,-0.1488636364,-0.00457835614
m3_discounted,3838,-0.01625189987,0.003039905019,-0.1166666667,-0.01273636322
m3_discounted,3839,0.005045041503,-0.01391672962,-0.2832980973,0.02792679387
m3_discounted,3840,0.00441639714,-0.001846740401,-0.1147416413,-0.0145669722
m3_discounted,3841,-0.02069263423,0.001063818312,-0.2,0.01838562873
m3_discounted,3842,-0.03199311088,0.003356230353,-0.09609698403,-0.006565508054
m3_discounted,3843,-0.01931775339,0.002480205367,-0.1965909091,0.01491440445
m3_discounted,3844,-0.009679706368,0.002163372818,-0.2432065217,0.004973397271
m3_discounted,3845,0.009293944179,-0.005042537892,-0.1160310278,-0.01321868155
m3_discounted,3846,-0.01547228507,-0.0003669128164,-0.1956521739,-0.01520675101
m3_discounted,3847,-0.03467002853,0.004484590664,-0.1091836735,-0.03382168788
m3_discounted,3848,-0.00320097832,-0.002353448107,-0.1871482176,0.02235585691
m3_discounted,3849,-0.0395490222,0.005098356101,-0.1160310278,-0.0125455599
m3_discounted,3850,0.006235356021,-0.004151122779,-0.2129032258,-0.005909725598
m3_discounted,3851,-0.001277127926,-0.008169725742,-0.1038554217,0.01393035861
m3_discounted,3852,-0.003662983649,-0.001993432511,-0.2034883721,0.01946351254
m3_discounted,3853,-0.03451382711,0.004902436938,-0.1294926004,0.005053620309
m3_discounted,3854,-0.004083493064,-0.007375696893,-0.1623655914,0.007078121697
m3_discounted,3855,0.008396502368,-0.008818881269,-0.1785714286,-0.00405129299
m3_discounted,3856,-0.003216436717,-0.005513701017,-0.1666666667,0.01392040969
m3_discounted,3857,0.03210063751,-0.009612282493,-0.08403805497,0.0007358416075
m3_discounted,3858,-0.0245721901,0.003284870053,-0.08468002586,-0.01509346139
m3_discounted,3859,-0.003200948937,0.0001885715759,-0.09225310467,-0.002774712947
m3_discounted,3860,0.008048056672,-0.004465325649,-0.2604166667,-0.007942104194
m3_discounted,3861,-0.003682316442,-0.003938156535,-0.1172839506,0.01560743196
m3_discounted,3862,-0.01678553235,0.005021201138,-0.175891182,0.02817380231
m3_discounted,3863,0.009807083831,-0.002979246547,-0.07386363636,-0.002915822654
m3_discounted,3864,-0.01487767986,-0.0005560506011,-0.2038363171,0.02310560193
m3_discounted,3865,-0.01292966231,-0.004881794424,-0.15625,-0.01357208792
m3_discounted,3866,-0.03309133056,0.006529999182,-0.1222222222,-0.01721429241
m3_discounted,3867,-0.02467513747,-0.003259155475,-0.1264367816,0.000450574731
m3_discounted,3868,-0.01531348453,0.00282437108,-0.1681818182,-8.396257076e-05
m3_discounted,3869,0.003594520067,-0.003640310048,-0.1909090909,0.01938472311
m3_discounted,3870,-0.0360085414,0.005233195639,-0.2427278604,0.01606735543
m3_discounted,3871,-0.01166854896,0.0006450008805,-0.1511363636,-0.002058581245
m3_discounted,3872,-0.02629779841,0.004336307166,-0.05027173913,-0.01070646976
m3_discounted,3873,-0.01176954715,-0.001500212193,-0.1674208145,-0.01239677049
m3_discounted,3874,-0.02583089496,-0.002628647207,-0.1822916667,0.002708523909
m3_discounted,3875,-0.03408474704,0.0003616184483,-0.1045454545,-0.01712622616
m3_discounted,3876,-0.01119581104,0.002805707022,-0.1182065217,-0.006629145977
m3_discounted,3877,-0.01629458897,0.007727932553,-0.1516129032,-0.01576835294
m3_discounted,3878,-0.01437558243,-0.006271244655,-0.2199881727,0.01152560361
m3_discounted,3879,-0.006118802717,-0.005323065093,-0.1055555556,-0.01908091042
m3_discounted,3880,0.005188539461,-0.006173838934,-0.1270200388,-0.02387303626
m3_discounted,3881,-0.009449143541,-0.001316141348,-0.2151162791,0.004528027544
m3_discounted,3882,-0.0191741302,-0.004637281106,-0.1397849462,-0.0006325100465
m3_discounted,3883,-0.03081299164,0.005199400088,-0.223655914,0.0004872826089
m3_discounted,3884,-0.01366447674,-0.001399568141,-0.1617405583,0.005489253432
m3_discounted,3885,-0.02435330716,-0.001039286437,-0.1644021739,-0.01469737947
m3_discounted,3886,-0.01260322693,-0.00220252151,-0.1431818182,-0.01418254208
m3_discounted,3887,-0.02644093068,-0.002340985136,-0.1485933504,0.01387478757
m3_discounted,3888,-0.01160333763,0.003223309446,-0.09444444444,-0.01142567714
m3_discounted,3889,-0.04841650113,0.009371315464,-0.1516129032,-0.007302915036
m3_discounted,3890,-0.02865309228,-0.0001756950919,-0.06547619048,-0.007987389309
m3_discounted,3891,0.006058874067,-0.002744277478,-0.1548913043,-0.0201664699
m3_discounted,3892,-0.03680019302,-0.0001568007969,-0.1718072289,0.0137516236
m3_discounted,3893,-0.02226135849,-0.004615947398,-0.123655914,-0.01448367213
m3_discounted,3894,-0.02192529979,0.006534430227,-0.3111111111,0.01705419369
m3_discounted,3895,-0.02179870497,0.004417568967,-0.1215909091,0.009810091877
m3_discounted,3896,-0.02744523371,0.007709889227,-0.1833333333,0.01152432508
m3_discounted,3897,-0.01639631906,-0.0008404649798,-0.08620689655,-0.02326293052
m3_discounted,3898,-0.02994383253,-0.001109894296,-0.1294926004,0.0147963532
m3_discounted,3899,0.004537640182,-0.002628554435,-0.1295454545,-0.003497140472
m3_discounted,3900,-0.005810525357,-0.008552035139,-0.1333333333,0.003167346781
m3_discounted,3901,0.002410857551,-0.00500886151,-0.1085972851,-0.007041603028
m3_discounted,3902,-0.01107709828,-0.00580525928,-0.1034890597,-0.01203172993
m3_discounted,3903,-0.004808536943,0.002518363152,-0.1489980608,0.006905634285
m3_discounted,3904,-0.005846596363,-0.005990822129,-0.2083333333,-0.01595124068
m3_discounted,3905,-0.01519610375,-0.004173905973,-0.09239130435,-0.03061182452
m3_discounted,3906,-0.01221548286,-0.0019981588,-0.08925831202,-0.0004240387059
m3_discounted,3907,-0.01728607881,-0.00136638273,-0.1738636364,0.005716546679
m3_discounted,3908,-0.008808913133,0.001448665559,-0.09195402299,-0.01081739745
m3_discounted,3909,-0.01032095652,-0.001878926362,-0.197044335,0.03473118207
m3_discounted,3910,-0.01251651617,6.232049543e-06,-0.1318072289,0.005653435766
m3_discounted,3911,-0.003925981787,-0.009313142831,-0.07419354839,-0.01461566894
m3_discounted,3912,-0.002855184571,-2.333455021e-06,-0.09113300493,-0.01068051869
m3_discounted,3913,-0.001998756466,-0.009243451633,-0.1360698125,-0.00436120132
m3_discounted,3914,-0.01656381255,-0.001327773935,-0.141337386,-0.01317717025
m3_discounted,3915,-0.01289682141,-0.002338539936,-0.3057065217,0.001448719262
m3_discounted,3916,-0.03235775909,0.001565945823,-0.1544925663,0.008042080315
m3_discounted,3917,0.002833553471,-0.001705160788,-0.1125,0.004897949257
m3_discounted,3918,0.0007493803015,-0.002641979986,-0.04444444444,-0.00184073521
m3_discounted,3919,-0.02866787547,0.002183035803,-0.1569892473,-0.005191456845
m3_discounted,3920,-0.019311278,-0.004852768256,-0.1182065217,-0.01307941503
m3_discounted,3921,-0.009910388681,-0.004525644055,-0.1215805471,-0.006337258962
m3_discounted,3922,-0.01825976573,0.0005587185562,-0.1454427925,-0.02767692986
m3_discounted,3923,-0.02022555233,-0.002624173683,-0.09569892473,-0.008127452064
m3_discounted,3924,-0.01509406046,-0.001671569401,-0.1956521739,-0.00868010836
m3_discounted,3925,-0.03039061659,0.007601138777,-0.212596097,0.00822869365
m3_discounted,3926,-0.01687998889,0.004639671334,-0.08434650456,-0.023956583
m3_discounted,3927,-0.009513721617,-0.009044705402,-0.1855500821,0.007576952135
m3_discounted,3928,-0.003604722196,0.004339656645,-0.1272727273,0.01573814678
m3_discounted,3929,-0.007271300277,-0.00115864877,-0.04086021505,-0.007111368218
m3_discounted,3930,-0.03282511303,-0.002455358835,-0.1938618926,0.01850009537
m3_discounted,3931,-0.04090429625,0.004187897232,-0.1834008097,-0.01944363563
m3_discounted,3932,-0.02616470684,0.00354593919,-0.1611111111,-0.007231915274
m3_discounted,3933,-0.01928909647,1.220145292e-05,-0.03329809725,-0.01225954214
m3_discounted,3934,-0.02789557677,-0.00311995393,-0.05555555556,0.004791138294
m3_discounted,3935,-0.01327108648,0.00139548156,-0.1795698925,-0.009818955382
m3_discounted,3936,-0.02575712829,0.00116478533,-0.2323369565,0.001659106278
m3_discounted,3937,-0.00996923192,-0.004887181255,-0.0375,-0.01728638815
m3_discounted,3938,-0.01236123219,-0.0001454275996,-0.1125792812,0.01217285992
m3_discounted,3939,0.005122756346,-0.001329763685,-0.1522727273,-0.002873706183
m3_discounted,3940,-0.01160664086,0.006981598918,-0.1494565217,-0.01089215958
m3_discounted,3941,-0.01586418067,0.002751357745,-0.2406859846,0.009218961155
m3_discounted,3942,-0.02082383445,-0.0007374156372,-0.1298048492,-0.01154129566
m3_discounted,3943,-0.0013394448,-0.001709334849,-0.1091954023,-0.00234279543
m3_discounted,3944,-0.0206048304,0.003612167667,-0.1939271255,-0.008793884131
m3_discounted,3945,0.01491610852,-0.01404942575,-0.1178313253,0.01415125235
m3_discounted,3946,-0.000173414845,-0.003327329194,-0.1522727273,0.01578331228
m3_discounted,3947,-0.04222616961,0.003552991936,-0.1638477801,-0.005772780289
m3_discounted,3948,-0.01768643911,-0.002555444868,-0.1444444444,0.004522494197
m3_discounted,3949,-0.03608454614,0.008940208526,-0.1469344609,0.01162403934
m3_discounted,3950,-0.02421023291,-5.978649052e-05,-0.09113300493,-0.00667100719
m3_discounted,3951,-0.02670811138,0.0007113288832,-0.1055555556,0.008408294951
m3_discounted,3952,-0.02696569645,0.00204602627,-0.09032258065,0.001102783343
m3_discounted,3953,-0.0005563292214,-0.0002615387235,-0.2432225064,0.02563796326
m3_discounted,3954,-0.0256646878,0.004151520638,-0.09659090909,-0.007548386618
m3_discounted,3955,-0.002367491464,-0.001975441138,-0.1185688941,-0.001414832951
m3_discounted,3956,-0.02101023763,-0.008334567535,-0.1602272727,-0.007061587847
m3_discounted,3957,-0.04841281756,-0.006465412265,-0.2531969309,0.02544328658
m3_discounted,3958,-0.00496540603,-0.001916303816,-0.2484802432,-0.008757155082
m3_discounted,3959,-0.05284647599,0.002500029959,-0.1752717391,0.007697391264
m3_discounted,3960,-0.02016564649,0.003569616818,-0.1386189258,0.02117613766
m3_discounted,3961,-0.007690506526,0.003539852598,-0.1388888889,-0.01294527491
m3_discounted,3962,0.01846471954,-0.006439762283,-0.1055555556,-0.007514735155
m3_discounted,3963,0.006252991563,-0.004929949567,-0.1325145443,-0.01704753508
m3_discounted,3964,-0.02157685424,0.003904180367,-0.1861413043,0.007069833978
m3_discounted,3965,0.01499621728,-0.006985627912,-0.1431105855,0.001403549102
m3_discounted,3966,-0.006971560025,-0.0007400834188,-0.04346540509,-0.0198504649
m3_discounted,3967,-0.03054130946,-0.0009885962252,-0.09113300493,0.00387108223
m3_discounted,3968,-0.002445719196,-0.003138304006,-0.1655824956,0.01304937068
m3_discounted,3969,-0.01663938527,-0.0008808911226,-0.08559782609,-0.02334070085
m3_discounted,3970,-0.01341776815,-0.00201796011,-0.2291666667,-0.01990056338
m3_discounted,3971,-0.01641896554,-0.00658740443,-0.1019021739,-0.01528324975
m3_discounted,3972,-0.02759276759,0.005795668589,-0.1385869565,0.002295092099
m3_discounted,3973,-0.01792913424,-0.003175832802,-0.2378313253,0.02124831947
m3_discounted,3974,-0.04253406915,-0.0008398661978,-0.2024456522,2.408072084e-05
m3_discounted,3975,-0.005597897165,-0.00905685008,-0.1003039514,-0.03401319816
m3_discounted,3976,-0.01960125682,0.0008188240399,-0.109375,-0.01691515076
m3_discounted,3977,-0.0234093537,0.001951640154,-0.03888888889,-0.002846733295
m3_discounted,3978,0.01000202985,-0.006617071432,-0.1674208145,0.008807212327
m3_discounted,3979,-0.00241653123,0.0009649257852,-0.2023270847,0.007486233118
m3_discounted,3980,-0.02557809485,0.004231665426,-0.1440217391,-0.02164757128
m3_discounted,3981,-0.02798189972,0.002946964585,-0.01714961561,-0.01265252475
m3_discounted,3982,-0.0271505211,0.003768721074,-0.2391725921,-0.006779989423
m3_discounted,3983,-0.01470272996,-0.003138452541,-0.2239583333,-0.01627543997
m3_discounted,3984,0.0005615161139,-0.0001891070236,-0.197865353,-0.001527488709
m3_discounted,3985,-0.03540460686,0.003769473279,-0.1608467918,0.01877691302
m3_discounted,3986,-0.01839415884,-0.004868579846,-0.1206386753,-0.02452150763
m3_discounted,3987,0.00645062838,-0.005382675922,-0.2708502024,-0.008363200216
m3_discounted,3988,-0.01589480859,0.002011904164,-0.06198166739,0.009101878528
m3_discounted,3989,-0.02371147417,0.002449830127,-0.1659919028,-0.005650798901
m3_discounted,3990,-0.00123518992,-0.004254593752,-0.06657608696,-0.02681794435
m3_discounted,3991,-0.02178171798,0.001117428702,-0.2344086022,-0.007716267647
m3_discounted,3992,0.001580412264,0.001946245598,-0.1166666667,-0.01136542782
m3_discounted,3993,-0.03367634168,0.004925778134,-0.1548913043,-0.01483886037
m3_discounted,3994,-0.02960484712,0.001350385422,-0.1944444444,0.00592084873
m3_discounted,3995,-0.02287274657,0.001522411594,-0.1182795699,-0.01119171948
m3_discounted,3996,-0.01387196525,-0.001039181145,-0.1385869565,-0.003137555092
m3_discounted,3997,-0.01121486879,-0.002053659342,-0.15,-0.004718578278
m3_discounted,3998,-0.002597806015,-0.006230989312,-0.05222672065,-0.03512396438
m3_discounted,3999,-0.02231250183,-0.001038830228,-0.2387429644,0.04270081578
m3_discounted,4000,-0.005326484017,0.001144826258,-0.1580645161,-0.01915830593
m3_discounted,4001,-0.001193932388,-0.004544562652,-0.1067653277,0.02022493813
m3_discounted,4002,-0.03167783705,0.003449502216,-0.1579545455,0.02744359133
m3_discounted,4003,-0.02846195932,-0.0005725670756,-0.1861892583,0.007931253339
m3_discounted,4004,-0.01451016647,0.001272061004,-0.1738636364,0.004603848543
m3_discounted,4005,0.0006841324902,-0.006420495767,-0.1838709677,-0.004080957818
m3_discounted,4006,-0.009169269821,-0.0005532118613,-0.2561576355,0.02772966696
m3_discounted,4007,0.006896622713,-0.001542945202,-0.1666666667,-0.0239352628
m3_discounted,4008,0.01331780874,-0.004150013084,-0.1721227621,0.01102049646
m3_discounted,4009,0.003434828206,-0.002575196203,-0.2079545455,0.02489002683
m3_discounted,4010,-0.02622854736,0.00102203998,-0.2388888889,0.02012515328
m3_discounted,4011,-0.01013228125,0.005231460361,-0.1387520525,0.01756147803
m3_discounted,4012,0.001065023307,-0.002209657537,-0.1578313253,0.001433557101
m3_discounted,4013,0.02193002475,-0.007539205886,-0.2216748768,0.02262418831
m3_discounted,4014,-0.002415968793,-0.002820864602,-0.3315217391,0.01183910029
m3_discounted,4015,-0.03453239812,0.006184135495,-0.2377717391,0.01429415946
m3_discounted,4016,-0.03366156073,-0.0009626675381,-0.1222826087,-0.01149666065
m3_discounted,4017,-0.01989922258,-0.002751662737,-0.1749471459,0.01390868108
m3_discounted,4018,0.003458885896,-0.00506232045,-0.1517857143,0.01394614442
m3_discounted,4019,-0.007916402851,-0.002547688471,-0.2216748768,0.02340214706
m3_discounted,4020,-0.004834850123,0.003439603425,-0.1352272727,8.765481252e-05
m3_discounted,4021,-0.01448804244,0.0002238864233,-0.1657608696,-0.008503614003
m3_discounted,4022,-0.03452935044,0.005693417228,-0.07956989247,-0.01369878259
m3_discounted,4023,-0.01491836334,-0.007418532628,-0.03333333333,-0.01665163556
m3_discounted,4024,-0.01201910392,0.003810828738,-0.1352272727,0.005248001859
m3_discounted,4025,-0.01367657352,0.001505563007,-0.2010752688,-0.005503851446
m3_discounted,4026,-0.0103756281,-0.006612264942,-0.1129509166,-0.003393063769
m3_discounted,4027,-0.02410003046,0.000468058857,-0.05470136014,-0.01194465737
m3_discounted,4028,-0.005251585494,0.001132377092,-0.1654170572,-0.03050386493
m3_discounted,4029,-0.002616258809,-0.002394829702,-0.1325145443,0.003166696065
m3_discounted,4030,-0.06198881156,0.01891296019,-0.1611111111,-0.007581283673
m3_discounted,4031,-0.01159271494,-0.0001308487766,-0.09514066496,0.008697533865
m3_discounted,4032,-0.0135271393,-0.002432643118,-0.15,0.004044375523
m3_discounted,4033,-0.02754530352,-0.0008882591284,-0.1435035553,-0.001195108308
m3_discounted,4034,-0.02708411314,-0.003150537963,-0.1270200388,-0.0029011296
m3_discounted,4035,-0.03270438028,0.006235074132,-0.1031027796,-0.008676237539
m3_discounted,4036,-0.02893103439,-0.005148797995,-0.1833333333,0.01324872268
m3_discounted,4037,-0.01947391968,0.00343989338,-0.1767676768,-0.02984355475
m3_discounted,4038,0.0138536103,-0.003931922244,-0.1380566802,-0.006984781374
m3_discounted,4039,-0.007735144627,-0.000865485785,-0.09444444444,-0.005886769337
m3_discounted,4040,-0.001876030461,-0.0009694461064,-0.2031342401,-0.00639721011
m3_discounted,4041,-0.02455607194,-0.001736626387,-0.0623655914,-0.01200897269
m3_discounted,4042,-0.003843635314,-0.004742153063,-0.1253799392,-0.02179093003
m3_discounted,4043,-0.03085880498,-0.007152031859,-0.1527484144,0.01036825114
m3_discounted,4044,-0.04133237642,0.003997570952,-0.1055555556,-0.001296290776
m3_discounted,4045,-0.01854348288,0.001022370364,-0.161926309,-0.004338689134
m3_discounted,4046,-0.02649271484,-0.0007045790806,-0.08101714962,-0.01024679013
m3_discounted,4047,-0.01143012481,-0.0007580635626,-0.1623655914,-0.003112658364
m3_discounted,4048,-0.02669077063,0.005283566739,-0.1195862961,0.01337268397
m3_discounted,4049,0.003410730596,0.001407070201,-0.1863711002,0.02046341278
m3_discounted,4050,-0.002868354056,-0.003649678983,-0.08152173913,-0.01209083588
m3_discounted,4051,-0.05052824399,0.005280698052,-0.1944444444,0.00425528474
m3_discounted,4052,-0.01819907499,-0.0007591673667,-0.139948287,-0.005167199378
m3_discounted,4053,-0.009271668591,0.007227171867,-0.1117408907,-0.02024158699
m3_discounted,4054,-0.0009549337617,0.002862977475,-0.1085972851,-0.01028957404
m3_discounted,4055,-0.01350567292,-0.0005998968853,-0.2065217391,0.004283892708
m3_discounted,4056,-0.009733630519,-0.001068248132,-0.1092071611,-0.007472628883
m3_discounted,4057,-0.01471522724,0.0001695202098,-0.08152173913,0.00522782838
m3_discounted,4058,0.000683735128,-0.006667290687,-0.2344086022,-0.01071267439
m3_discounted,4059,-0.02948906219,0.005573233623,-0.2159036145,0.03306582418
m3_discounted,4060,-0.03962665221,-0.0004554556515,-0.1345108696,-0.01075905948
m3_discounted,4061,-0.00405303289,0.002814427663,-0.1200607903,-0.01826447363
m3_discounted,4062,-0.002678227533,-1.777786439e-05,-0.181547619,0.02144117873
m3_discounted,4063,0.004223189494,-0.009101643702,-0.255765819,0.01228824836
m3_discounted,4064,-0.0139102748,-0.001004039068,-0.1222672065,-0.01983724032
m3_discounted,4065,-0.03748269996,-0.003188465764,-0.09688013136,-0.004681158637
m3_discounted,4066,-0.0209976031,0.002128015113,-0.1435035553,-0.003254716875
m3_discounted,4067,-0.006107903905,0.002090386731,-0.244529864,0.005659175455
m3_discounted,4068,0.002965657518,0.001950617282,-0.2238636364,0.007635082067
m3_discounted,4069,-0.004286319831,-0.0005159541609,-0.0960591133,0.001159346254
m3_discounted,4070,-0.01659041472,0.0003619430759,-0.2055555556,-0.003871442142
m3_discounted,4071,-0.02550238257,-0.002247375112,-0.1807610994,0.01944365886
m3_discounted,4072,-0.02602502656,0.003325181963,-0.2273657289,0.03863139476
m3_discounted,4073,-0.01067738294,0.002484308699,-0.09895833333,-0.01947435769
m3_discounted,4074,-0.001363285255,0.003715548291,-0.0652173913,-0.01279361635
m3_discounted,4075,-0.01282401025,-0.004255189996,-0.2375,0.04690092135
m3_discounted,4076,-0.02580305371,0.001551018573,-0.2395833333,-0.02527929669
m3_discounted,4077,-0.01864061356,0.0014078478,-0.09569892473,-0.01166728522
m3_discounted,4078,-0.02895930459,0.001759072568,-0.1227621483,0.03227292487
m3_discounted,4079,-0.01971173582,0.004639542939,-0.1845238095,0.02970932263
m3_discounted,4080,-0.00280193186,-0.001063388359,-0.1380090498,-0.008321880713
m3_discounted,4081,-0.01504953036,-0.0009276674444,-0.181547619,0.01639338851
m3_discounted,4082,-0.01044468502,-0.004954994523,-0.1264367816,0.00870049345
m3_discounted,4083,-0.006707795763,-0.00552165213,-0.111163227,0.01195949333
m3_discounted,4084,0.0081069711,-0.004846323417,-0.1185688941,0.001084440989
m3_discounted,4085,-0.04225169974,0.006192937728,-0.1739130435,-0.01314609912
m3_discounted,4086,-0.0197826937,-0.00124642513,-0.1462365591,-0.02369348789
m3_discounted,4087,-0.03162216928,0.009299684844,-0.120971867,-0.003220329293
m3_discounted,4088,-0.01035184943,-0.004717240004,-0.1722222222,0.006557332087
m3_discounted,4089,-0.02084775391,-0.00600912781,-0.1333333333,-0.004659908573
m3_discounted,4090,-0.03061186858,-0.0003392164076,-0.1505026611,0.001417025781
m3_discounted,4091,-0.01118501898,-0.002614995046,-0.1125,-0.01958795339
m3_discounted,4092,0.01250545561,-0.003227225455,-0.1614583333,-0.003829024882
m3_discounted,4093,-0.01088535883,0.003673674305,-0.17291532,-0.003612692414
m3_discounted,4094,-0.004245879381,0.001411483186,-0.1547619048,0.01850726568
m3_discounted,4095,-0.0101316089,0.0002064530128,-0.3198380567,-0.008200656586
m3_discounted,4096,-0.008386268271,0.00530109819,-0.1715909091,0.007513998819
m3_discounted,4097,-0.02046376258,0.004744227105,-0.05681818182,-0.003865090182
m3_discounted,4098,-0.008514104711,0.002026352862,-0.1185688941,-0.005614446347
m3_discounted,4099,-0.01643810219,0.002578648583,-0.07222222222,-0.01205814427
m3_discounted,4100,0.003715580241,-0.007195722076,-0.05927051672,-0.02426086075
m3_discounted,4101,0.01901933118,-0.009951461344,-0.1111111111,-0.001226949041
m3_discounted,4102,-0.0106818575,-0.003692923332,-0.1215909091,0.01542894012
m3_discounted,4103,-0.03562662926,0.00495255482,-0.2216748768,0.01880309954
m3_discounted,4104,0.007986058547,-0.01226908473,-0.1445012788,0.02497679941
m3_discounted,4105,-0.01644980887,0.002472662106,-0.07222222222,-0.0003932642266
m3_discounted,4106,-0.01860434538,-0.0002682590864,-0.2704545455,-0.006312614849
m3_discounted,4107,-0.01110383391,0.00722928655,-0.1777777778,0.001667062846
m3_discounted,4108,-0.009688360823,-0.00844886832,-0.1408602151,-0.02959004767
m3_discounted,4109,-0.02588244068,0.005789581536,-0.1130952381,0.002661015692
m3_discounted,4110,0.0002201502368,-0.005431997479,-0.07369101487,-0.01560771268
m3_discounted,4111,-0.02232236817,0.0008354055642,-0.1392667061,0.004474891839
m3_discounted,4112,-0.02924073259,0.002346532228,-0.1160310278,-0.01470279411
m3_discounted,4113,-0.02835523985,0.003700612869,-0.1666666667,-0.02181596847
m3_discounted,4114,-0.0007380513402,-0.0001322107224,-0.15,-0.003577196483
m3_discounted,4115,-0.01925970911,0.003306683376,-0.1855500821,0.01383681217
m3_discounted,4116,-0.01705206307,-0.002608888964,-0.116794796,-0.01397548226
m3_discounted,4117,-0.02460067126,-0.0002349095409,0.05392156863,-0.03991473124
m3_discounted,4118,-0.02039572297,-0.002539733321,-0.1360182371,-0.01475814311
m3_discounted,4119,-0.00105861868,-0.00138766257,-0.08481724461,-0.02152096272
m3_discounted,4120,-0.003569258739,-0.004462998867,-0.1683087028,-0.008133312473
m3_discounted,4121,0.01712297891,-0.008342372496,-0.2301075269,-0.01684880256
m3_discounted,4122,-0.01891811408,0.005621298551,-0.1611111111,-0.007178720219
m3_discounted,4123,-0.02998673426,-0.003443766998,-0.17291532,0.002014931129
m3_discounted,4124,-0.007926501377,-7.151279008e-05,-0.1444444444,-0.008570354233
m3_discounted,4125,-0.03076715602,0.001463524389,-0.226744186,0.0184122982
m3_discounted,4126,-0.01347809964,-0.006617039618,-0.15625,-0.009684197259
m3_discounted,4127,0.0142534565,-0.01024777876,-0.28125,0.004353300952
m3_discounted,4128,-0.0310134553,0.003925734322,-0.07222222222,-0.006163429458
m3_discounted,4129,-0.02365756942,0.01217141764,-0.2331691297,0.009939823202
m3_discounted,4130,-0.02411267758,0.001975049301,-0.1858435682,0.005339890997
m3_discounted,4131,-0.0283720088,0.001369739687,-0.1663542643,-0.00711042222
m3_discounted,4132,-0.008636787984,-0.0006079821144,-0.2195121951,0.02951513821
m3_discounted,4133,-0.01033740078,-0.006233087813,-0.1117408907,-0.02853231945
m3_discounted,4134,-0.009023868247,-0.003715766665,-0.1385869565,-0.002625357337
m3_discounted,4135,-0.03959698114,0.006112796046,-0.1033248082,-0.0003957323923
m3_discounted,4136,0.01639568058,-0.005759583386,-0.1127717391,0.000330347251
m3_discounted,4137,-0.003290246924,-0.006662364144,-0.05,0.008339645742
m3_discounted,4138,-0.02992343946,0.002509740986,-0.1111111111,0.001441127892
m3_discounted,4139,-0.01231733471,-0.001099658163,-0.1215255333,-0.01617414281
m3_discounted,4140,0.00555861207,-0.00499910537,-0.2556561086,0.00483810661
m3_discounted,4141,0.01713285717,-0.004586773271,-0.1666666667,0.006505947809
m3_discounted,4142,-0.01937954447,-0.00547127205,-0.006882591093,-0.02522948886
m3_discounted,4143,0.003018742003,-0.005086965594,-0.2182795699,0.001895652376
m3_discounted,4144,-0.01599112695,0.001759464882,-0.155465587,-0.01299664638
m3_discounted,4145,-0.04534035833,0.01045884254,-0.1956989247,0.002092040958
m3_discounted,4146,-0.00897993477,-0.003087760937,-0.160326087,-0.005800949685
m3_discounted,4147,-0.005789971457,-0.006355171076,-0.1333333333,-0.01797580303
m3_discounted,4148,-0.02037835419,0.0007332809188,-0.2044534413,0.002509094657
m3_discounted,4149,0.004679164272,-0.0004199357003,-0.2113360324,-0.002929729311
m3_discounted,4150,-0.0007215727932,-0.003516401806,-0.2332939089,0.006856375286
m3_discounted,4151,-0.01851320991,-0.002310099088,-0.1388888889,0.006327056859
m3_discounted,4152,0.007137832046,-0.007484580694,-0.150937298,-0.007647728158
m3_discounted,4153,-0.02664343764,-0.0003501433814,-0.08101714962,-0.005627186811
m3_discounted,4154,-0.008072824105,-0.0003214074123,-0.2042663219,0.0008320655083
m3_discounted,4155,-0.008363549273,-0.007751466919,-0.1589673913,-0.001691784738
m3_discounted,4156,-0.005309339104,0.0003043074826,-0.1849462366,-0.0210213296
m3_discounted,4157,-0.06014796727,0.006177519279,-0.0625,-0.01238124605
m3_discounted,4158,-0.01426680668,-0.005303153873,-0.1956989247,-0.006507795715
m3_discounted,4159,-0.004487900883,-0.003703418716,-0.2215909091,0.01692673204
m3_discounted,4160,-0.01376290575,-0.001634640715,-0.1270200388,-0.00803443504
m3_discounted,4161,0.002079385992,-0.00754862175,-0.1222672065,-0.01106029854
m3_discounted,4162,0.01327949815,-0.00359848504,-0.1168797954,0.01742444604
m3_discounted,4163,-0.005511991955,-0.0005697183278,-0.2596096984,0.01575772789
m3_discounted,4164,-0.01579945024,-0.004976960823,-0.1330049261,-0.01783356936
m3_discounted,4165,-0.01957830777,0.0007063419164,-0.1657831325,-0.001400951876
m3_discounted,4166,-0.02607208766,-0.00101939689,-0.2542283298,0.0003500384903
m3_discounted,4167,-0.01048032673,-0.004366301894,-0.1766304348,0.0006607859718
m3_discounted,4168,-0.02128630455,0.002352555193,-0.1114130435,-0.006257750015
m3_discounted,4169,-0.04331667663,0.002296458665,-0.191898285,0.007910633039
m3_discounted,4170,-0.00801474904,-0.0007790851291,-0.09225310467,-0.003549892288
m3_discounted,4171,0.0007171454309,-0.004602796794,-0.2181818182,0.01177906697
m3_discounted,4172,0.009063129342,-0.0008262627486,-0.1807610994,0.02061555422
m3_discounted,4173,-0.03426208871,0.005735152377,-0.1785714286,0.0134885523
m3_discounted,4174,-0.03549641463,0.004036167427,-0.1129509166,-0.005204340956
m3_discounted,4175,-0.007521609637,-0.007145931829,-0.04891304348,-0.02187553382
m3_discounted,4176,-0.002218372583,-0.003239760451,-0.2142857143,-0.01975791225
m3_discounted,4177,-0.01078200844,-0.003762550951,-0.1638655462,-0.002078882038
m3_discounted,4178,-0.001481422302,-0.002620980208,-0.2173913043,0.002586246934
m3_discounted,4179,-0.00135530108,-0.007088398577,-0.1789819376,0.03307378795
m3_discounted,4180,-0.01484232505,-0.0005826604973,-0.1914893617,-0.007200433038
m3_discounted,4181,-0.01821420024,0.001381635868,-0.08542510121,-0.03241368687
m3_discounted,4182,-0.0110646525,-0.007628887989,-0.2623655914,0.0004746170682
m3_discounted,4183,-0.02226989074,0.005943131804,-0.1354264292,-0.02269758807
m3_discounted,4184,-0.002500029784,-0.0007108527856,-0.148728563,-0.00314945185
m3_discounted,4185,-0.005393432509,0.0006638645286,-0.1913978495,-0.01525816079
m3_discounted,4186,0.005032341285,-0.005582701144,-0.1909090909,0.01430842407
m3_discounted,4187,0.01070648671,-0.007131020967,-0.2060728745,-0.03363526544
m3_discounted,4188,-0.01584360832,-0.004143292406,-0.2159090909,-0.001125504645
m3_discounted,4189,-0.0006951050225,-0.0042219438,-0.1790123457,0.0391850978
m3_discounted,4190,-0.007239896543,0.003371462712,-0.1777777778,-0.01214300741
m3_discounted,4191,0.008417599762,-0.0007067637427,-0.1752717391,-0.006274395752
m3_discounted,4192,-0.02143361903,0.004221610793,-0.07386363636,0.01378472238
m3_discounted,4193,-0.01701930611,0.0003933760596,-0.1072938689,0.02117170859
m3_discounted,4194,-0.008316818957,-0.005696660754,-0.2159277504,0.004663722899
m3_discounted,4195,0.01322731298,-0.005726046851,-0.09239130435,-0.01272292276
m3_discounted,4196,-0.01677677371,-0.004363178565,-0.2486413043,0.01082297722
m3_discounted,4197,0.01316420077,-0.00470671474,-0.1224127735,-0.0005436728724
m3_discounted,4198,-0.01474511271,-0.003310265377,-0.1127717391,-0.01415357341
m3_discounted,4199,0.006653209677,-0.004223784186,-0.1041033435,-0.02833308656
m3_discounted,4200,-0.04596058781,0.005478603986,-0.2336956522,0.01478135494
m3_discounted,4201,-0.008074989245,-0.00125694166,-0.1129509166,-0.003117384793
m3_discounted,4202,-0.01229470726,0.001095360461,-0.1129509166,-0.0139062347
m3_discounted,4203,-0.02964156444,0.002716494974,-0.1182795699,-0.006767003676
m3_discounted,4204,-0.01436452687,-0.002771913505,-0.2083333333,0.0261332437
m3_discounted,4205,-0.01924735486,-0.001338060018,-0.01358695652,-0.02228697471
m3_discounted,4206,-0.004222304501,0.001300214433,-0.03201970443,-0.001455850206
m3_discounted,4207,-0.01597637888,-0.001639119009,-0.1625615764,-0.002615228491
m3_discounted,4208,-0.02188599051,0.005428420102,-0.01823708207,-0.03281565683
m3_discounted,4209,-0.016674371,0.005111723167,-0.1580645161,-0.03594072119
m3_discounted,4210,-0.006851305888,-0.002219294522,-0.1968325792,-0.01224794975
m3_discounted,4211,-0.01043552675,0.004232615014,-0.191898285,0.003501732699
m3_discounted,4212,-0.03574650037,0.007549321343,-0.1611111111,0.01013746734
m3_discounted,4213,0.005268673584,-0.00488562531,-0.1711956522,-0.00733159593
m3_discounted,4214,-0.01154161008,-0.007835036166,-0.1042692939,0.005608327246
m3_discounted,4215,-0.01810096125,-0.001307221814,-0.2841945289,-0.0006452537231
m3_discounted,4216,-0.01541347741,-0.009108059359,-0.139948287,-0.01537961398
m3_discounted,4217,-0.01082629411,0.001029206484,-0.2119565217,0.008536451395
m3_discounted,4218,-0.02725846895,0.002107349674,-0.2272727273,-0.006984231688
m3_discounted,4219,-0.0002933598232,-0.004523807774,-0.167611336,-0.008396473722
m3_discounted,4220,0.00711888672,-0.006550777054,-0.2497975709,-0.01850085949
m3_discounted,4221,-0.02230227438,0.0005650853389,-0.2336780866,-0.01430460133
m3_discounted,4222,-0.003699214066,-0.00223620446,0.01766304348,-0.02505928209
m3_discounted,4223,0.003027331885,-0.002998169288,-0.1812896406,0.01613488523
m3_discounted,4224,-0.01621431283,-0.004337519288,-0.1353065539,0.0132586204
m3_discounted,4225,-0.005009749026,-0.003259883353,-0.2331691297,0.0173154572
m3_discounted,4226,-0.001606014234,-0.001751577554,-0.1295454545,0.009013749253
m3_discounted,4227,-0.008114635477,-0.002971213458,-0.1034482759,-0.00661009632
m3_discounted,4228,-0.02547935848,-0.001005325979,-0.1360182371,-0.006230785155
m3_discounted,4229,-0.02280670722,0.004801060053,-0.09566596195,0.01031930802
m3_discounted,4230,-0.009259091907,-0.004725869724,-0.191898285,-0.004596430635
m3_discounted,4231,-0.01056677116,-0.002952335276,-0.1861413043,2.298601994e-07
m3_discounted,4232,-0.008376021205,0.002865765808,-0.3102272727,0.0110349303
m3_discounted,4233,-0.02801280929,0.00514596262,-0.159964518,0.004149936405
m3_discounted,4234,-0.03540758857,1.673590729e-07,-0.1182065217,-0.0009301401458
m3_discounted,4235,0.00780851402,-0.007605502733,-0.2127659574,0.005571509964
m3_discounted,4236,-0.001013102472,-0.00570123552,-0.2444444444,0.02374989067
m3_discounted,4237,-0.01029326243,-0.001666996435,-0.2290322581,-0.01611099372
m3_discounted,4238,0.01136011517,-0.000961796397,-0.2511715089,-0.02740779877
m3_discounted,4239,-0.01455191818,0.001363703859,-0.2031342401,0.00961721946
m3_discounted,4240,-0.04405860071,0.007306596401,-0.1010752688,-0.01528349384
m3_discounted,4241,-0.02041342821,0.004099540611,-0.1683087028,0.004477853107
m3_discounted,4242,-0.02636906144,0.004141688607,-0.04331306991,-0.02588284737
m3_discounted,4243,-0.01326366904,-0.002223016573,-0.1726190476,0.02369161933
m3_discounted,4244,-0.008792947421,-0.006089857664,-0.150937298,0.005734176754
m3_discounted,4245,0.002363410494,-0.001155669624,-0.128030751,-0.002806101929
m3_discounted,4246,-0.0009367423505,-0.000441392562,-0.2078215902,-0.001091089609
m3_discounted,4247,-0.03324629117,0.005220381397,-0.1298048492,0.009488300786
m3_discounted,4248,-0.01474643544,-0.007232095693,-0.1752717391,-0.01582890567
m3_discounted,4249,-0.006556755494,-0.0008284079673,-0.2255754476,0.01552618347
m3_discounted,4250,-0.02877481708,0.01002017241,-0.1516129032,-0.0139916166
m3_discounted,4251,0.007500744142,-0.002354827812,-0.07311827957,-0.01526169243
m3_discounted,4252,-0.01334699814,-0.000811098516,-0.3080808081,-0.0262892574
m3_discounted,4253,-0.01874790174,0.00317104016,-0.07386363636,-0.01309106896
m3_discounted,4254,-0.007653162753,0.00262009959,-0.1494565217,-0.005925578565
m3_discounted,4255,-0.02100581258,-0.0008739593795,-0.1270200388,-0.00845828096
m3_discounted,4256,-0.02031856313,0.001584409697,-0.1991902834,-0.006719305555
m3_discounted,4257,-0.01297506108,0.003462258227,-0.1659090909,0.013156445
m3_discounted,4258,-0.01067867636,-0.005599545346,-0.07918552036,-0.001692540508
m3_discounted,4259,-0.009337699672,-0.007330754594,-0.1988636364,0.01208026606
m3_discounted,4260,-0.01609219431,-0.005049921781,-0.08456659619,-0.003770391129
m3_discounted,4261,-0.01187433021,0.002287723023,-0.06275303644,-0.03409772745
m3_discounted,4262,-0.003013493944,-0.002752133784,-0.02838557067,-0.005643812942
m3_discounted,4263,-0.01150415854,-0.003619710037,-0.2055555556,-0.01665419483
m3_discounted,4264,-0.002596515293,0.001247208683,-0.09566596195,0.02030752403
m3_discounted,4265,-0.001187069061,-0.003732017914,-0.1385869565,-0.007813049476
m3_discounted,4266,-0.01258410643,-0.005698656992,-0.161926309,0.003385110598
m3_discounted,4267,-0.00737475706,-0.002277372066,-0.2857142857,0.03633029205
m3_discounted,4268,-0.02305970454,0.005064976601,-0.1354166667,-0.003166686575
m3_discounted,4269,-0.02667889043,0.002246522865,-0.1012145749,-0.02220288256
m3_discounted,4270,-0.0223691208,0.003369634757,-0.09760827408,-0.003798278122
m3_discounted,4271,-0.02512698945,0.001228528046,-0.1944444444,-0.01446817519
m3_discounted,4272,0.005178418607,-0.006944267961,-0.1731182796,0.004576952464
m3_discounted,4273,0.001391505687,-0.004838508146,-0.2027914614,0.01262114733
m3_discounted,4274,0.01307973165,-0.007357182797,-0.1277173913,-0.01244102534
m3_discounted,4275,-0.002545385578,-0.01121682734,-0.1876899696,0.005935995117
m3_discounted,4276,-0.03122086826,0.007257590709,-0.03125,-0.02241342736
m3_discounted,4277,-0.02092950388,-0.0007682060369,-0.04427925016,-0.01612369102
m3_discounted,4278,0.002632846379,-0.004901274276,-0.1963448922,-0.001355903598
m3_discounted,4279,-0.02201141896,0.00174336289,-0.1580338266,0.0128039348
m3_discounted,4280,-0.01124473325,0.005213097706,-0.02887537994,-0.02076364736
m3_discounted,4281,-0.01554394489,0.002724571711,-0.07222222222,-0.02066139345
m3_discounted,4282,-0.001099573893,-0.00269921638,-0.1056231003,0.00246950198
m3_discounted,4283,-0.01858550435,0.001385966095,-0.250410509,0.02713812061
m3_discounted,4284,-0.02901164672,-0.001280015996,-0.06657608696,-0.01679461717
m3_discounted,4285,-0.006767734994,-0.003385730219,-0.1932773109,-0.01110798278
m3_discounted,4286,-0.04202060606,0.008810318285,-0.1318181818,0.002279856018
m3_discounted,4287,0.005606060705,-0.004985758818,-0.03989769821,-0.0003749536372
m3_discounted,4288,-0.03083567071,0.008880346817,-0.2078215902,0.01583899211
m3_discounted,4289,-0.009653561667,-0.001881092884,-0.08602150538,-0.02065004989
m3_discounted,4290,-0.01151817168,-0.001652686941,-0.07307060755,-0.002424230285
m3_discounted,4291,-0.0109310675,-0.004756390803,-0.2218623482,-0.01788273755
m3_discounted,4292,-0.01958010855,-0.0002691543806,-0.0597826087,-0.0365711148
m3_discounted,4293,-0.01895866711,0.00146501779,-0.1275303644,-0.007227926303
m3_discounted,4294,-0.01397677681,-0.003347511709,-0.1385869565,-0.01077864128
m3_discounted,4295,-0.006334418929,-0.007571952125,-0.1625,0.003460582701
m3_discounted,4296,-0.02039171269,0.004263722651,-0.1380566802,-0.003240561211
m3_discounted,4297,-0.02395554289,0.002960844022,-0.07777777778,-0.005932393586
m3_discounted,4298,-0.006273635982,-0.002581255116,-0.1129032258,-0.03078387909
m3_discounted,4299,0.003860753831,-0.006780962013,-0.1149425287,0.003783666599
m3_discounted,4300,-0.00805038384,-0.0003210827173,-0.1784098255,-0.0007958751231
m3_discounted,4301,-0.01203947116,0.0032185715,-0.1938618926,0.01982777235
m3_discounted,4302,-0.02737266207,0.00267652247,-0.1277173913,-0.02053427509
m3_discounted,4303,-0.01864458031,0.004902491737,-0.1820652174,0.02407995511
m3_discounted,4304,-0.04510709709,0.0004337226273,-0.2277777778,0.01192229996
m3_discounted,4305,-0.01756773859,-0.007262871516,-0.1585623679,0.01713071085
m3_discounted,4306,0.01286916407,-0.0032413055,-0.211827957,0.008260324873
m3_discounted,4307,0.02628351985,-0.005972587683,-0.1129032258,-0.001390495939
m3_discounted,4308,-0.001542297332,-0.001760927157,-0.04926108374,-0.01576988353
m3_discounted,4309,0.001712648728,-0.007101140095,-0.05,-0.02662352798
m3_discounted,4310,-0.00125431447,-0.003338416568,-0.1798029557,0.002887657848
m3_discounted,4311,-0.01978733079,-0.0004789380559,-0.1222222222,-0.005413434852
m3_discounted,4312,-0.0177406385,-0.00262531788,-0.09444444444,-0.02566467867
m3_discounted,4313,-0.03453833773,0.007008388524,-0.2465909091,0.01946431043
m3_discounted,4314,-0.02331216522,0.003808474209,-0.2262443439,0.008997407962
m3_discounted,4315,0.01270264923,-0.005786541521,-0.1028132992,0.02321759603
m3_discounted,4316,-0.01493321905,-0.001519514724,-0.191898285,0.003463863467
m3_discounted,4317,-0.006124612168,-0.01015171165,-0.1880863039,0.02235437714
m3_discounted,4318,-0.03552261392,0.006988156631,-0.07777777778,-0.01268115348
m3_discounted,4319,0.002537732717,-0.01113359363,-0.1683087028,-0.006383916116
m3_discounted,4320,0.001666660546,0.0008094301757,-0.1182795699,-0.01991701704
m3_discounted,4321,-0.02391680815,0.0005707426778,-0.1543465405,-0.01741379842
m3_discounted,4322,-0.01358443871,-0.001471806623,-0.1705716963,-0.02130788921
m3_discounted,4323,-0.01908467153,-0.0004782109601,-0.1683087028,0.00737726454
m3_discounted,4324,-0.02451556147,0.0001694534581,-0.2065217391,-0.0009843582653
m3_discounted,4325,-0.007128237022,0.001743914719,-0.1703324808,0.01183532616
m3_discounted,4326,-0.01976956756,0.00310652844,-0.2352272727,0.008375956639
m3_discounted,4327,-7.531214174e-05,-0.001731668929,-0.04331306991,-0.03612329508
m3_discounted,4328,0.007725540674,-0.003110175823,-0.2045454545,0.003721099983
m3_discounted,4329,-0.02748927712,0.0005178332214,-0.1145833333,-0.03367906844
m3_discounted,4330,0.01267158803,-0.008363189147,-0.2380952381,0.03743565911
m3_discounted,4331,-0.01525524263,0.001676414053,-0.2097608274,-0.007004642522
m3_discounted,4332,-0.01235742454,-0.004305432892,-0.1677108434,0.02411366949
m3_discounted,4333,-0.04121671688,0.006900165073,-0.2079283887,0.02087646967
m3_discounted,4334,-0.03209358264,0.007605770869,-0.1712004731,-0.01373969636
m3_discounted,4335,-0.003027980529,0.0003672858432,-0.1777777778,0.004589621888
m3_discounted,4336,-0.0152157793,0.0001221366183,-0.09923273657,0.002256393593
m3_discounted,4337,-0.03352307837,0.0009063037556,-0.1659919028,-0.01231412858
m3_discounted,4338,-0.01026706821,-0.001041926782,-0.1750443525,-0.02867605722
m3_discounted,4339,-0.01307394574,-0.0007082809302,-0.1862803075,0.008479555257
m3_discounted,4340,-0.02366367416,-0.0003977143267,-0.1666666667,0.0230310418
m3_discounted,4341,-0.01798418953,-0.0004121149382,-0.161926309,-0.001666338741
m3_discounted,4342,-0.0260136909,0.002675152898,-0.02779573368,-0.01969853821
m3_discounted,4343,-0.02418896954,0.004209907332,-0.1409090909,0.02100249389
m3_discounted,4344,-0.01089540828,0.00103012582,-0.06275303644,-0.03014064859
m3_discounted,4345,-0.0282480065,0.004315965456,-0.1436781609,0.02626991747
m3_discounted,4346,-0.02567905324,0.00506650137,-0.1296296296,0.01148706777
m3_discounted,4347,-0.007329736388,-0.003328589262,-0.1494565217,-0.009497016036
m3_discounted,4348,-0.009989851125,0.0009669490965,-0.2281835811,-0.005891124555
m3_discounted,4349,-0.01188726997,0.002631390995,-0.141337386,-0.01099734716
m3_discounted,4350,-0.02741653119,0.00139626646,-0.1117408907,-0.02657345007
m3_discounted,4351,0.001834448772,-0.001596946199,-0.1602272727,0.01911653756
m3_discounted,4352,-0.02779720019,0.005404585411,-0.2093023256,0.008278963777
m3_discounted,4353,-0.001351701532,-0.000659114503,-0.1662404092,0.01724363634
m3_discounted,4354,-0.01484849037,-0.005063325431,0.02613636364,-0.003158229913
m3_discounted,4355,-0.01248660992,0.003699981502,-0.06547619048,0.0006970960504
m3_discounted,4356,-0.02251618889,0.004268397961,-0.1388888889,0.01090906556
m3_discounted,4357,-0.01197998023,-0.002860029015,-0.1694263749,2.845670063e-05
m3_discounted,4358,-0.008241966212,0.0023409526,-0.2074468085,-0.005333504294
m3_discounted,4359,-0.001178420327,-0.0001722797702,-0.1528765352,-0.02088168012
m3_discounted,4360,-0.02315457117,-0.002339879833,-0.1003039514,-0.01500925335
m3_discounted,4361,-0.03867568594,0.001572780464,-0.1182795699,-0.0273062191
m3_discounted,4362,-0.03641447597,-0.0007878926669,-0.07902735562,-0.03187080001
m3_discounted,4363,-0.005362971842,0.001720290402,-0.160326087,0.01142407226
m3_discounted,4364,-0.02295113782,-0.00103860788,-0.1748545572,-0.009033669695
m3_discounted,4365,-0.02097681314,-0.003094512794,-0.2055555556,0.005121309821
m3_discounted,4366,-0.005140687904,0.0009759520842,-0.2948369565,-0.001661165883
m3_discounted,4367,0.01615128929,-0.00950221467,-0.2173913043,0.009120715986
m3_discounted,4368,-0.0316866581,0.008487577584,-0.1758928571,0.01975023571
m3_discounted,4369,-0.005236453938,0.004015708962,-0.1666666667,-0.003143004952
m3_discounted,4370,-0.003342906143,-0.00632749855,-0.0693877551,-0.03086060544
m3_discounted,4371,0.004968869308,-0.008656927658,-0.1182065217,-0.002953553716
m3_discounted,4372,0.0107854042,0.0002279449637,-0.1360182371,-0.008221061857
m3_discounted,4373,-0.01604810145,0.001101027316,-0.2234693878,-0.04020254573
m3_discounted,4374,-0.01866486717,-0.00466746378,-0.1331521739,-0.02335124331
m3_discounted,4375,-0.02193272279,-0.00531938647,-0.1795698925,-0.01000320218
m3_discounted,4376,-0.02592340039,0.003942849347,-0.07419354839,-0.01654562771
m3_discounted,4377,-0.01822385182,0.002833066375,-0.1544757033,0.01426646095
m3_discounted,4378,-0.003727861184,-0.0005367963274,-0.1449392713,-0.01002911758
m3_discounted,4379,0.01095593878,-0.005260302317,-0.1141215107,0.004401263471
m3_discounted,4380,-0.006250005218,-0.00248193011,-0.1975162626,0.01418072674
m3_discounted,4381,0.01424231789,-0.01385976026,-0.1845238095,0.03468977765
m3_discounted,4382,-0.01549018152,-0.004023257716,-0.05582922824,-0.005749041774
m3_discounted,4383,-0.04552507195,0.005857546346,-0.2336956522,0.01199382622
m3_discounted,4384,-0.002289952058,-0.004643154393,-0.1325145443,-0.004802332063
m3_discounted,4385,0.003160480888,-0.009571494279,-0.2216748768,0.007926050389
m3_discounted,4386,-0.04640055818,0.008810851749,-0.2623655914,0.01077853473
m3_discounted,4387,-0.03334304507,0.003407030469,-0.1644501279,0.01533426182
m3_discounted,4388,-0.007809052109,-0.006207771241,-0.06801619433,-0.02659506692
m3_discounted,4389,-0.004682946369,-0.002436583598,-0.1055555556,-0.005235930229
m3_discounted,4390,-0.01474118964,-0.0008255815899,-0.1555555556,-0.01087584613
m3_discounted,4391,-0.03185981259,0.000624065725,-0.02429149798,-0.03071382606
m3_discounted,4392,-0.01197280366,-0.0007869997449,-0.1236413043,-0.00739325915
m3_discounted,4393,-0.03338414948,0.003543768515,-0.07777777778,-0.008626814591
m3_discounted,4394,-0.007769802166,0.003803897652,-0.1607142857,0.02656965919
m3_discounted,4395,-0.02324015443,0.001164272284,-0.1863711002,0.01052000265
m3_discounted,4396,-0.002005670008,-0.006347388384,-0.1330049261,0.000733198472
m3_discounted,4397,-0.008734920414,-0.0006319011147,-0.2550607287,-0.009510960788
m3_discounted,4398,0.000752060612,-0.005824546831,-0.1040816327,-0.01453813402
m3_discounted,4399,-0.02927194024,0.003362188011,-0.08695652174,-0.01764166444
m3_discounted,4400,-0.01341974771,-0.001917124436,-0.1458333333,0.002173789548
m3_discounted,4401,-0.008338497744,-0.0006902245743,0.02427184466,-0.03193296073
m3_discounted,4402,0.008771090018,-0.00412559886,-0.1802325581,0.01051736808
m3_discounted,4403,-0.02695269768,0.001497463626,-0.1242071882,0.004784770904
m3_discounted,4404,-0.02643274429,-0.001875390762,-0.09566903685,8.131853821e-05
m3_discounted,4405,-0.0009051043304,-0.000279205864,-0.1125,-0.0004724781262
m3_discounted,4406,0.0137616199,-0.00988565151,-0.2182795699,-0.001196229481
m3_discounted,4407,-0.01952440331,0.002564783621,-0.1519756839,-0.009026433359
m3_discounted,4408,-0.03521439277,0.006940876436,-0.07159090909,0.004288808322
m3_discounted,4409,-0.007789949003,-0.001330236367,-0.09512652296,-0.01836239219
m3_discounted,4410,-0.006539660426,-0.007425303323,-0.1378313253,0.01784849679
m3_discounted,4411,0.007174654391,-0.008371338819,-0.2027914614,0.01467612729
m3_discounted,4412,-0.002580026521,-0.005909272855,-0.1358350951,0.004689891889
m3_discounted,4413,-0.03022901043,0.006976885511,-0.11205074,0.0006623864055
m3_discounted,4414,0.00104799467,-0.004678611196,-0.1458333333,-0.02366854031
m3_discounted,4415,-0.03020940958,0.0006063505403,-0.1703324808,0.01238022057
m3_discounted,4416,-0.02444613761,0.002299807948,-0.1803490627,-0.00700904784
m3_discounted,4417,-0.003668450418,-0.002251866312,-0.1858435682,0.007062742083
m3_discounted,4418,0.01108315788,-0.006221581586,-0.03936269916,-0.02706413046
m3_discounted,4419,0.008649146835,-0.0002907068939,-0.2053571429,0.02874084671
m3_discounted,4420,-0.0300012914,0.004687021747,-0.1666666667,0.02140723003
m3_discounted,4421,-0.007699414159,-0.0002286042185,-0.05555555556,-0.01465504383
m3_discounted,4422,-0.02915319578,0.002102819023,-0.1510673235,0.00482625132
m3_discounted,4423,-0.01699911067,-0.0007726823635,-0.1677419355,0.0007891110591
m3_discounted,4424,-0.01742478021,-0.002631308791,-0.1409090909,0.01128720446
m3_discounted,4425,-0.003564256949,0.0004172009617,-0.1453804348,-0.00501793017
m3_discounted,4426,0.01266082408,-0.006349379629,-0.08695652174,-0.01102652233
m3_discounted,4427,-0.01889080161,-0.0008793213956,-0.1166666667,-0.008180871251
m3_discounted,4428,0.003009631376,-0.003381977523,-0.3045977011,0.02413286064
m3_discounted,4429,-0.01041353726,0.002988778721,-0.223655914,-0.002367706683
m3_discounted,4430,-0.008704696245,-0.005472652646,-0.1085972851,0.008943361223
m3_discounted,4431,-0.0294044694,-0.001420424373,-0.1127717391,-0.004396604628
m3_discounted,4432,-0.0295831443,3.44067721e-05,-0.1748768473,0.01168058015
m3_discounted,4433,-0.0181183857,0.000117360452,-0.285326087,0.02211122544
m3_discounted,4434,0.002091198965,-0.005160968045,-0.2105978261,-0.00576154421
m3_discounted,4435,-0.01940589093,0.002420095534,-0.1223214286,0.01856504146
m3_discounted,4436,0.01090835983,-0.005230404597,-0.1414141414,-0.0198331042
m3_discounted,4437,-0.01859844839,0.002343309858,-0.1431818182,0.001459994868
m3_discounted,4438,-0.02137517302,-0.0006320807702,-0.1385869565,-0.007724956905
m3_discounted,4439,-0.01283372846,-0.004255243855,-0.1712004731,0.004755433628
m3_discounted,4440,-0.03138902993,-0.002391122884,-0.1967741935,-0.0208443552
m3_discounted,4441,-0.009545336412,-0.001108551369,-0.1666666667,0.01269614015
m3_discounted,4442,0.01235420593,-0.002484366273,-0.1561206387,0.007491034149
m3_discounted,4443,-0.007643060571,0.001923419003,-0.1181818182,-0.007391745544
m3_discounted,4444,-0.03332572173,0.0009568496473,-0.1510416667,-0.01706346574
m3_discounted,4445,-0.01262702541,0.001196585183,-0.1666666667,-0.0002790976965
m3_discounted,4446,0.006418360628,-0.00621328016,-0.1021505376,-0.02078393668
m3_discounted,4447,-0.0036053283,-0.003883162272,-0.2055555556,0.02368049033
m3_discounted,4448,-0.01587308867,-9.531748268e-05,-0.07419354839,-0.01799483431
m3_discounted,4449,-0.0106687125,0.003789826511,-0.2642857143,-0.01160400707
m3_discounted,4450,-0.002606856511,-0.001392169832,-0.1215909091,0.01930157239
m3_discounted,4451,-9.229998192e-05,-0.003043802034,-0.123655914,-0.01257889864
m3_discounted,4452,0.006913158389,-7.733737046e-06,-0.1396761134,-0.01366715425
m3_discounted,4453,-0.01133435057,-0.004048658388,-0.1712004731,0.007634445063
m3_discounted,4454,-0.02121654853,-0.002145926552,-0.2023270847,0.01268075119
m3_discounted,4455,-0.02568261797,0.002488005691,-0.0339673913,-0.0349056174
m3_discounted,4456,9.203952888e-05,-0.007867737308,-0.2352272727,0.01929290717
m3_discounted,4457,-0.03513658561,0.005949296382,-0.1770833333,-0.009594422958
m3_discounted,4458,-0.008395679703,1.911072618e-05,-0.04908338261,-0.006579219322
m3_discounted,4459,0.0177974254,-0.005103022538,-0.1903225806,-0.006846498304
m3_discounted,4460,-0.00739143523,-0.002568154725,-0.1617405583,0.004592753209
m3_discounted,4461,-0.01770427958,-0.004521396882,-0.2569892473,-0.002505613093
m3_discounted,4462,0.008965622803,-0.006027479614,-0.211827957,0.006446218079
m3_discounted,4463,-0.04643175425,0.0008695341075,-0.04534412955,-0.01297944912
m3_discounted,4464,-0.0173456535,0.003230712058,-0.1555555556,-0.02610248906
m3_discounted,4465,-0.03348530991,0.001862895164,-0.06774193548,0.004680482473
m3_discounted,4466,-0.003865373017,-0.001281197917,-0.1644021739,-0.008406360646
m3_discounted,4467,-0.02792162679,-0.0002359763519,-0.1833333333,-0.004076670855
m3_discounted,4468,0.00502751368,-0.005123154298,-0.1927083333,-0.01671706436
m3_discounted,4469,-0.0217937216,0.00414743452,-0.1698369565,-0.003924961821
m3_discounted,4470,-0.01329764149,0.001360919229,-0.1548913043,-0.01159118227
m3_discounted,4471,-0.0007703626126,-0.001783739207,-0.08746803069,-0.003219846763
m3_discounted,4472,-0.002152617452,0.004912382423,-0.1392667061,-0.01381342211
m3_discounted,4473,-0.03129063013,0.004774042862,-0.1505026611,-0.002740220187
m3_discounted,4474,-0.04422225848,0.009406269878,-0.148728563,-0.01304399597
m3_discounted,4475,-0.008371480932,0.004941952208,-0.1270200388,-0.006782144204
m3_discounted,4476,-0.0218329752,0.0002755344781,-0.1664133739,-0.0160257291
m3_discounted,4477,-0.03181421377,0.007014423147,-0.2721987315,0.02463398859
m3_discounted,4478,-0.00678762384,-0.004766726711,-0.1855500821,0.01948139129
m3_discounted,4479,-0.03057899641,0.00931062383,-0.1971458774,-0.001591977173
m3_discounted,4480,-0.02697088809,0.00217093873,-0.128030751,-0.01476373002
m3_discounted,4481,-0.01520505355,0.0009421186182,-0.05161290323,-0.01470278152
m3_discounted,4482,-0.02066189355,0.006291971264,-0.06076276665,0.00927215383
m3_discounted,4483,-0.002972716208,-0.004447759234,-0.02036199095,-0.01473244053
m3_discounted,4484,-0.03498654919,0.004918808496,-0.3198380567,-0.007910901084
m3_discounted,4485,-0.03960982536,-0.000174939197,-0.2339901478,0.01099011573
m3_discounted,4486,-0.008829598741,0.001350752652,-0.07045454545,-0.01158731632
m3_discounted,4487,-0.004807354898,-0.005261833487,-0.1768184506,0.00348042711
m3_discounted,4488,-0.03015350011,0.001388648997,-0.0623655914,-0.01679976403
m3_discounted,4489,-0.02292520565,0.00207303719,-0.15,-0.007063033516
m3_discounted,4490,-0.03492619953,0.0042158095,-0.1445012788,0.01225562446
m3_discounted,4491,0.0009054356211,-0.00357592298,-0.1378313253,0.01560560658
m3_discounted,4492,-0.0357592753,0.008524154894,-0.2294500296,0.01148861213
m3_discounted,4493,-0.01144479511,0.002273446788,-0.2262156448,0.02146692741
m3_discounted,4494,-0.002598445542,-0.0008589986126,-0.1817813765,0.005815239513
m3_discounted,4495,-0.02055518007,0.005013887587,-0.1073369565,-0.01341251223
m3_discounted,4496,-0.01769816177,-0.003347289769,-0.2317388494,0.000719010953
m3_discounted,4497,-0.003251833165,-0.002017154022,-0.1111111111,-0.01949605851
m3_discounted,4498,-0.01790712037,0.004321942782,-0.2031342401,-0.019219566
m3_discounted,4499,-0.03640133073,0.00642121858,-0.2044534413,-0.0119170526
m3_discounted,4500,0.006775005167,-0.005428297771,-0.2010869565,-0.000533415414
m3_discounted,4501,-0.02620377348,0.003779939474,-0.2218623482,-0.0130758543
m3_discounted,4502,-0.01957744174,0.002156031363,-0.08434650456,-0.02488386854
m3_discounted,4503,0.01913911065,-0.00348502339,-0.1965909091,0.008425901151
m3_discounted,4504,0.01573340722,-0.005280774053,-0.132183908,0.008883052182
m3_discounted,4505,-0.03252058326,0.00347971731,-0.1688555347,0.02137760806
m3_discounted,4506,-0.01916844103,0.0006639913911,-0.1585623679,0.01840541291
m3_discounted,4507,-0.01386071831,-0.002212475958,-0.1385869565,-0.001136423723
m3_discounted,4508,0.008572101233,-0.008875469845,-0.1380090498,0.00119633318
m3_discounted,4509,-0.05200170029,0.00337731436,-0.1823708207,-0.02291531838
m3_discounted,4510,-0.01540742862,-0.002109198895,-0.1833333333,0.006059636819
m3_discounted,4511,-0.03218816957,0.002831478065,-0.1607142857,0.01707618352
m3_discounted,4512,-0.02877950659,0.0002332016659,-0.09896810507,-0.006973020691
m3_discounted,4513,-0.03425036769,0.001089989117,-0.06111111111,-0.006285767686
m3_discounted,4514,-0.02139788265,0.003377949043,-0.1195862961,-0.001227886404
m3_discounted,4515,-0.01628581165,0.002398460926,-0.1677419355,-0.006386899902
m3_discounted,4516,-0.01530639706,-0.003259419334,-0.1818181818,0.003040151272
m3_discounted,4517,-0.01754310473,-0.0007333861643,-0.05918367347,-0.03182727741
m3_discounted,4518,-0.01648225344,0.001411040983,-0.223655914,-0.007026025814
m3_discounted,4519,0.01703761877,-0.006009541918,-0.2956989247,0.005758453886
m3_discounted,4520,-0.02358233434,0.004212524543,-0.07738095238,-0.01070726742
m3_discounted,4521,-0.02531374074,0.005715746855,-0.128030751,0.001315025072
m3_discounted,4522,-0.02642629583,0.002133756436,-0.1535326087,-0.002674419538
m3_discounted,4523,-0.02505937311,-1.912218683e-05,-0.1277108434,-0.0004149554748
m3_discounted,4524,-0.001899782157,-0.003070006611,-0.1182795699,-0.01464791776
m3_discounted,4525,-0.02911341783,0.003082203521,-0.1149425287,-0.003548327948
m3_discounted,4526,-0.02822269382,0.004216045914,-0.08906882591,-0.01396340219
m3_discounted,4527,-0.02049109671,-0.004324515417,-0.1502463054,0.001187873429
m3_discounted,4528,-0.01150483262,-0.004355131576,-0.1469344609,0.01927520072
m3_discounted,4529,-0.01350028792,-0.002740936544,-0.1611111111,-0.01131722824
m3_discounted,4530,-0.00220629306,-0.001382943591,-0.09113300493,-0.0004900249072
m3_discounted,4531,0.01339897051,-0.005253841196,-0.1752717391,0.006387757164
m3_discounted,4532,-0.02403924514,-9.740613197e-05,-0.116794796,-0.01335768553
m3_discounted,4533,-0.009997449851,5.773819041e-05,-0.1818181818,-0.001120616904
m3_discounted,4534,-0.009747431239,-9.961959967e-05,-0.1277777778,-0.004387103367
m3_discounted,4535,-0.009118032588,0.004783861652,-0.1227621483,0.01527116791
m3_discounted,4536,0.005485005061,-0.003047583301,-0.1409090909,0.009013998974
m3_discounted,4537,0.007961243235,-0.0062720635,-0.2055555556,-0.009846581314
m3_discounted,4538,-0.003115049741,-0.002842233283,-0.1444444444,-0.008670385338
m3_discounted,4539,-0.04457355881,0.00836799605,-0.1982029598,0.02373809705
m3_discounted,4540,-0.03669863368,0.004712947772,-0.1215106732,0.001720677679
m3_discounted,4541,-0.03416895506,0.001158590079,-0.1147250148,0.01729021672
m3_discounted,4542,-0.04360909561,0.003018613959,-0.07539917209,-0.02495217757
m3_discounted,4543,-0.02330620081,0.001179302061,-0.1385869565,-0.01569963887
m3_discounted,4544,-0.0229427888,0.004235581625,-0.1865750529,0.007533387212
m3_discounted,4545,-0.01647484571,-0.001926545549,-0.1988636364,0.01334938693
m3_discounted,4546,-0.02471858091,0.004298756264,-0.2271255061,-0.01981602184
m3_discounted,4547,0.001286451508,-0.001162121482,-0.2909090909,0.01544073459
m3_discounted,4548,-0.006743109607,-0.004290228884,-0.247314578,0.001256417718
m3_discounted,4549,-0.01320012716,-0.006171030198,-0.1858435682,-0.003271877014
m3_discounted,4550,-0.02314913333,0.004892895782,-0.07717327025,0.009998792094
m3_discounted,4551,-0.03330527235,0.001615904003,-0.1741935484,-0.01246139971
m3_discounted,4552,-0.05364712075,0.01033545233,-0.2182795699,-0.005824778945
m3_discounted,4553,-0.007476935544,0.0009646198527,-0.07608695652,-0.0002138949575
m3_discounted,4554,-0.031146558,-0.001382742853,-0.1392667061,-0.0003229956767
m3_discounted,4555,0.01521368824,-0.01089453762,-0.2406859846,0.02743555143
m3_discounted,4556,0.0004715734179,-0.005678185166,-0.1354228267,0.005063783478
m3_discounted,4557,-0.02712258133,-0.0008173936903,-0.1777777778,-2.020376529e-05
m3_discounted,4558,0.01849040293,-0.003996867677,-0.191576087,0.0125579159
m3_discounted,4559,-0.003053625718,-0.001170170261,-0.1396761134,-0.0004828901895
m3_discounted,4560,-0.01752054883,0.002322118422,-0.04219948849,-0.006497190104
m3_discounted,4561,-0.01642188219,-0.0009676156193,-0.1111111111,-0.007841762416
m3_discounted,4562,-0.04129967067,0.005017906881,-0.2717900656,-0.0101239316
m3_discounted,4563,-0.01358705009,-0.00313647007,-0.1903225806,0.001304259344
m3_discounted,4564,-0.001888999365,-0.00424365857,-0.1385869565,-0.01029244313
m3_discounted,4565,-0.0290239302,0.001869723082,-0.1462365591,-0.00609174271
m3_discounted,4566,-0.008587499332,-0.003518996469,-0.08333333333,0.02032236855
m3_discounted,4567,-0.00815171402,-0.005250552853,-0.1580645161,-0.01014506398
m3_discounted,4568,0.003367322864,-0.002901695613,-0.1644501279,0.003619719149
m3_discounted,4569,-0.02929765518,0.007334457495,-0.2613837966,0.02490576929
m3_discounted,4570,-0.02238929134,-0.003973409701,-0.1111111111,-0.009910572016
m3_discounted,4571,-0.02888486489,0.004420176869,-0.2690217391,0.0009346979365
m3_discounted,4572,-0.05267330493,0.009949377373,-0.1991902834,-0.01100459346
m3_discounted,4573,0.008415452553,-0.01378206335,-0.1050420168,-0.01153789134
m3_discounted,4574,-0.04514013758,0.009900512228,-0.1203429923,-0.003149026469
m3_discounted,4575,-0.01871166241,-0.007009836604,-0.2807881773,0.0169204033
m3_discounted,4576,-0.005573229757,-0.004715576788,-0.06079027356,-0.00281154753
m3_discounted,4577,-0.01793975234,-0.00398185258,-0.1197590361,0.01100802811
m3_discounted,4578,-0.01336792433,-0.001082831888,-0.06111111111,-0.0119426689
m3_discounted,4579,-0.008708581648,-0.002927384227,-0.1353065539,-0.003132636357
m3_discounted,4580,-0.008068713018,0.0008833173158,-0.0625,-0.02159960279
m3_discounted,4581,-0.02279676999,-0.005681168283,-0.1982029598,0.01134559683
m3_discounted,4582,-0.02244168591,0.01076304404,-0.08522727273,-0.008735329668
m3_discounted,4583,-0.01165215345,-0.002796481897,-0.1169642857,0.02160856155
m3_discounted,4584,-0.02840847457,0.004951196113,-0.1375,-0.007026954603
m3_discounted,4585,-0.00278444576,-0.0003336485285,-0.1331521739,-0.02383864234
m3_discounted,4586,-0.01122595081,-0.002683175503,-0.1903225806,-0.008297890267
m3_discounted,4587,-0.004655493297,-0.000601874421,-0.2352272727,0.01445394374
m3_discounted,4588,-0.01042526236,-0.00217009994,-0.1903225806,-0.004887469424
m3_discounted,4589,-0.009214841574,-0.005843445559,-0.2207498384,-0.000121431474
m3_discounted,4590,-0.01798745879,0.003381846814,-0.1109974425,0.009882862797
m3_discounted,4591,-0.02110964912,-0.001790613273,-0.1544757033,0.01243747568
m3_discounted,4592,-0.02290659531,0.004328168188,-0.06978119456,-0.01450967007
m3_discounted,4593,-0.03701300308,0.003461377827,-0.1602272727,-0.004816775372
m3_discounted,4594,-0.01015350125,0.001434022295,-0.1781376518,-0.01418761325
m3_discounted,4595,0.01614579346,-0.003939731613,-0.2180851064,-0.008548025979
m3_discounted,4596,-0.02123732571,0.005314352658,-0.1608467918,0.02699996731
m3_discounted,4597,-0.01478000377,-0.003499042207,-0.1834008097,-0.0116263178
m3_discounted,4598,0.006456766469,-0.01386593333,-0.1333333333,0.00817713831
m3_discounted,4599,-0.003576497124,-0.004830472135,-0.07777777778,-0.01905961768
m3_discounted,4600,-0.03557301036,0.004320833793,-0.1749471459,0.01926338486
m3_discounted,4601,0.002849697965,-0.001407951283,-0.1762148338,0.00911095267
m3_discounted,4602,-0.01040955295,-0.004908134403,-0.2317388494,0.00551848765
m3_discounted,4603,0.0129789544,-0.00797709976,-0.1644021739,-0.0157338924
m3_discounted,4604,0.007437741724,-0.004534217426,-0.03858350951,-0.002581179986
m3_discounted,4605,0.00189576348,-0.005657178418,-0.1991902834,-0.003347096456
m3_discounted,4606,-0.01838206452,-0.002784580901,-0.1352272727,-0.002341546822
m3_discounted,4607,-0.01350748022,0.0003144493534,-0.171875,-0.0158009823
m3_discounted,4608,-0.01524293371,-0.001685693,-0.02989130435,-0.01350916902
m3_discounted,4609,0.02116684619,-0.00452593567,-0.1824364281,0.01217093418
m3_discounted,4610,0.003646538025,-0.005762061671,-0.1026272578,0.003061386074
m3_discounted,4611,-0.01165719068,-0.009203495051,-0.1807610994,0.01406794304
m3_discounted,4612,-0.02528768009,-0.001230160442,-0.07822410148,-0.004080565348
m3_discounted,4613,-0.02437414879,0.001524560248,-0.263546798,0.01824703505
m3_discounted,4614,-0.009859088571,0.001337662713,-0.07241014799,0.009753876151
m3_discounted,4615,-0.01207883854,0.001098424259,-0.1681818182,0.008614313556
m3_discounted,4616,-0.0291535659,0.004206218127,-0.1465909091,0.01270844055
m3_discounted,4617,-0.02864027898,0.006804718769,-0.1849462366,-0.001316041648
m3_discounted,4618,-0.01843289274,0.000940235213,-0.2125,0.01300453646
m3_discounted,4619,-0.00448092892,-0.00493909038,-0.1698369565,-0.005865748173
m3_discounted,4620,0.01757326693,-0.004935819694,-0.1068181818,-0.01664825937
m3_discounted,4621,-0.03345637983,0.004689901728,-0.0964673913,-0.01332242585
m3_discounted,4622,-0.01826630484,-0.006718666289,-0.1674876847,0.01952625424
m3_discounted,4623,-0.02937627219,0.002245755545,-0.1480978261,-0.01171496145
m3_discounted,4624,-0.01594396879,-0.00651778925,-0.1569892473,-0.003401842592
m3_discounted,4625,-0.02437311146,0.003393203735,-0.1750443525,-0.003772831874
m3_discounted,4626,-0.004229025349,-0.003306440149,-0.1127717391,-0.0004418030608
m3_discounted,4627,0.020191097,-0.005915696665,-0.09375,-0.01810047787
m3_discounted,4628,-0.02414560265,-0.001326591878,-0.06978119456,-0.02869862779
m3_discounted,4629,0.002467252116,-0.007156451383,-0.06990881459,-0.01060727553
m3_discounted,4630,-0.005183291664,0.002052918021,-0.02365591398,-0.02394041539
m3_discounted,4631,-0.02861531606,-0.001577429754,-0.05454545455,-0.02285270737
m3_discounted,4632,-0.02901381424,0.0007781806607,-0.1782051282,0.03449480193
m3_discounted,4633,0.001610198428,-0.00523921125,-0.06458966565,-0.02038837105
m3_discounted,4634,-0.01830508053,0.002364629416,-0.3057065217,0.01791801576
m3_discounted,4635,-0.01627046348,-0.004680508526,-0.1721227621,0.02460996761
m3_discounted,4636,-0.005606701401,-0.002890612688,-0.1909090909,-0.001763751397
m3_discounted,4637,-0.02099796325,0.003739365995,-0.1183932347,0.01341420356
m3_discounted,4638,-0.04647835409,0.001238221415,-0.1754756871,0.01513957669
m3_discounted,4639,-0.03699130389,0.004891813023,-0.2550607287,-0.01189981353
m3_discounted,4640,-0.0002032525329,-0.006201940284,-0.15,-0.002188836736
m3_discounted,4641,-0.01725119846,-0.001096172487,-0.1236413043,0.001177418902
m3_discounted,4642,0.0009193997117,-0.009577168563,-0.2336780866,-0.0007464868335
m3_discounted,4643,-0.03628882878,0.005717607074,-0.1352272727,0.0001225760541
m3_discounted,4644,-0.01458636547,-0.001370855501,-0.07570332481,-0.01197384573
m3_discounted,4645,0.002268373501,-0.005134916891,-0.1444444444,0.0118762961
m3_discounted,4646,0.01266667845,-0.002357079686,-0.1657608696,-0.005932170854
m3_discounted,4647,-0.01207082077,-0.001754275904,-0.1241868717,0.003428842921
m3_discounted,4648,-0.01121876026,-0.009730119452,-0.07201086957,0.004575799693
m3_discounted,4649,-0.01683584268,-0.001607811981,-0.08538587849,-0.00283160278
m3_discounted,4650,-0.02461055773,0.00591293292,-0.2091836735,-0.01756395996
m3_discounted,4651,-0.00709310549,-0.006429191236,-0.2466063348,-0.01305703258
m3_discounted,4652,-0.004583522861,-0.002052971317,-0.1738636364,0.01013936072
m3_discounted,4653,0.007550249319,-0.004141908496,-0.1602272727,-0.002095591415
m3_discounted,4654,-0.02521582878,-0.00119989718,-0.04926108374,-0.003505912066
m3_discounted,4655,-0.02239968695,0.002863416567,-0.1111111111,-0.002029655421
m3_discounted,4656,-0.02190874279,0.003889567412,-0.2055555556,0.01071525043
m3_discounted,4657,-0.006150807207,-0.003578442607,-0.2142857143,0.02489326916
m3_discounted,4658,-0.006436522894,0.001024092639,-0.0978710822,-0.01976202563
m3_discounted,4659,-0.01841453903,-0.004237972581,-0.129076087,-0.01792931523
m3_discounted,4660,-0.01199444789,-0.002167268027,-0.1939271255,-0.01701508313
m3_discounted,4661,-0.02943580118,-0.003493625935,-0.2629179331,0.001827315988
m3_discounted,4662,-0.007864744521,-0.002018666295,-0.1610942249,-0.01937436779
m3_discounted,4663,-0.03963817118,0.006224432288,-0.08434650456,-0.01937058124
m3_discounted,4664,-0.05153726954,0.007835687225,-0.1903225806,-0.007192083357
m3_discounted,4665,-0.01038970189,-0.003149251439,-0.08101714962,-0.007368497311
m3_discounted,4666,0.009041101581,-0.001969484246,-0.06770833333,-0.02944939416
m3_discounted,4667,-0.003385568067,-0.0005367512506,-0.1465909091,0.005705473246
m3_discounted,4668,-0.06573119335,0.009660772569,-0.101010101,-0.03941542125
m3_discounted,4669,0.0116454547,-0.009138457684,-0.2105978261,-0.009428930178
m3_discounted,4670,-0.01480724638,0.0005335566727,-0.1693600517,-0.01230306942
m3_discounted,4671,-0.01001814787,-0.00267964059,-0.1655824956,0.006539482144
m3_discounted,4672,-0.005009547331,0.0005887502643,-0.1330049261,-0.008814332299
m3_discounted,4673,-0.02399529053,0.002044247243,-0.15,0.009346725568
m3_discounted,4674,-0.03492797075,-0.004193755382,-0.1677419355,0.0003138106868
m3_discounted,4675,-0.02878466854,0.0009727948125,-0.1752717391,-0.02047978469
m3_discounted,4676,-0.01214903483,0.0005171518807,-0.1548913043,0.009398899085
m3_discounted,4677,-0.003442987751,-0.002463334442,-0.1145833333,-0.02733657126
m3_discounted,4678,-0.02033869608,0.005017364576,-0.15,0.003353260844
m3_discounted,4679,-0.02930317091,-0.0005552445361,-0.0964673913,-0.01560776015
m3_discounted,4680,-0.01175066693,-0.001553482362,-0.05,-0.007029437499
m3_discounted,4681,-0.02137429281,0.004726090263,-0.1469344609,-0.002270389461
m3_discounted,4682,-0.02876692994,-0.002109273319,-0.05555555556,0.005815865754
m3_discounted,4683,-0.01037274197,-0.01016360625,-0.1858435682,-0.01159717238
m3_discounted,4684,-0.001872727754,-0.001890546822,-0.1674208145,0.004220063771
m3_discounted,4685,-0.006541390309,-0.0011670167,-0.0910326087,-0.02684114988
m3_discounted,4686,0.0008346177771,-0.006348635621,-0.07854251012,-0.01053209523
m3_discounted,4687,-0.03060802701,0.002317227367,-0.1398809524,-4.91712089e-05
m3_discounted,4688,-0.009268071937,-0.004323046717,-0.2323369565,-0.01203307193
m3_discounted,4689,-0.03147834314,-0.00214773473,-0.05570652174,-0.02059662571
m3_discounted,4690,-0.01757537472,0.006076386389,-0.1516129032,-0.008470410454
m3_discounted,4691,-0.008094328845,0.005438560553,-0.03951367781,-0.00986059504
m3_discounted,4692,-0.01315066454,-0.004473214917,-0.2042663219,-0.01011633848
m3_discounted,4693,-0.01197884279,-0.009824887749,-0.0978710822,0.002844649639
m3_discounted,4694,-0.03483878189,0.009674671487,-0.06845238095,0.01732120413
m3_discounted,4695,-0.02375965711,-0.003682555318,-0.1339285714,0.01437372195
m3_discounted,4696,-0.02897111961,0.002228563969,-0.07065217391,-0.02163376258
m3_discounted,4697,-0.03716412248,0.005666283936,-0.08559782609,-0.02197894171
m3_discounted,4698,-0.01122605968,-0.005667841715,-0.222826087,-0.009969541946
m3_discounted,4699,-0.03136047294,0.004282415343,-0.1451367781,-0.006926767985
m3_discounted,4700,-0.02098828719,-0.001468020133,-0.1045454545,0.007330532027
m3_discounted,4701,-0.004298118942,-0.001640408027,-0.2520525452,0.01095880736
m3_discounted,4702,-0.02232675473,-0.002307652838,-0.0915601023,-0.001639991755
m3_discounted,4703,-0.01248161679,0.003368172089,-0.1129509166,0.007103468159
m3_discounted,4704,0.00446596506,-0.005308257403,-0.0625,-0.02166449347
m3_discounted,4705,-0.01376747292,0.002467881463,-0.2010752688,0.003164662255
m3_discounted,4706,-0.003262122039,-0.006989998241,-0.07013574661,-0.03227528713
m3_discounted,4707,-0.01283897363,0.000415735269,-0.1238636364,0.002269692131
m3_discounted,4708,0.002208255407,-0.007756177039,-0.1385869565,-0.01948411831
m3_discounted,4709,-0.008159668582,-0.0007558485148,-0.2172619048,0.02938395405
m3_discounted,4710,-0.007947123003,-0.004028212745,-0.1270200388,-0.01113727171
m3_discounted,4711,-0.01277253111,0.005919598462,-0.08578313253,0.008572558155
m3_discounted,4712,-0.009951419915,-0.003782841756,-0.1019021739,-0.001156240682
m3_discounted,4713,-0.03305113534,0.004565563711,-0.07954545455,-0.0009088841645
m3_discounted,4714,-0.01335567052,-0.005482094626,-0.1021505376,-0.004216867635
m3_discounted,4715,-0.03742412845,0.005547757391,-0.0811247576,-0.019948086
m3_discounted,4716,-0.02143759135,-0.00110563016,-0.2087522176,0.01676274974
m3_discounted,4717,-0.03034321987,0.002105406199,-0.1129032258,-0.006506844057
m3_discounted,4718,-0.01678624191,-0.0009852325408,-0.15,0.0137271275
m3_discounted,4719,-0.0263612086,0.002538044981,-0.2569786535,0.03027122324
m3_discounted,4720,-0.008460723025,-0.001564874328,-0.1936723832,0.02457762869
m3_discounted,4721,-0.02600169098,-0.001609597321,-0.265625,-0.003542479283
m3_discounted,4722,-0.004718412051,-0.004465068336,-0.1845238095,0.02457191566
m3_discounted,4723,-0.02197590675,-0.0006871122936,-0.1711956522,-0.007533207403
m3_discounted,4724,-0.0225347666,0.002367794504,-0.1921182266,0.02463771536
m3_discounted,4725,-0.01180546901,0.0004826357014,-0.1956989247,-0.005761681976
m3_discounted,4726,-0.01442861766,-0.001843796033,-0.1125,-0.003265392526
m3_discounted,4727,0.00877917098,-0.003731265716,-0.07813182017,0.02205405863
m3_discounted,4728,-0.0114385922,-0.002916477094,-0.1369047619,0.02144179865
m3_discounted,4729,-0.01443331161,0.001392490046,-0.1738636364,0.0002409637229
m3_discounted,4730,-0.03182626052,0.01126862922,-0.225,-0.01331550536
m3_discounted,4731,-0.02413669643,-0.002663934146,-0.1698369565,0.006619253427
m3_discounted,4732,-0.006182573691,-0.005345355181,-0.2042663219,-5.868227626e-05
m3_discounted,4733,0.001899014968,-0.006805870783,-0.223655914,-0.001915231219
m3_discounted,4734,-0.0008763107297,-0.004690535064,-0.1781376518,-0.02527926176
m3_discounted,4735,-0.02252865457,0.005555886073,-0.1431818182,-0.006076235153
m3_discounted,4736,-0.0122791666,-6.644622607e-05,-0.1555555556,-0.003635124223
m3_discounted,4737,-0.008493167654,-0.00195659643,-0.1564318035,-0.002281337454
m3_discounted,4738,-0.01945410843,0.001546306796,-0.1579545455,0.0027186738
m3_discounted,4739,-0.03154259111,0.00381530793,-0.2666666667,-0.001264440511
m3_discounted,4740,-0.01989793716,-0.003673702434,-0.0964673913,-0.02638632217
m3_discounted,4741,-0.01554888959,-0.003899394945,-0.1807610994,0.00203734273
m3_discounted,4742,-0.00452069627,0.001033697806,-0.1892473118,0.005625104607
m3_discounted,4743,0.0284228766,-0.00639254921,-0.07799671593,0.01009978731
m3_discounted,4744,-0.008549705444,-0.006139676096,-0.09195402299,-0.002747343101
m3_discounted,4745,0.008165498077,-0.006051565023,-0.1375,-0.01835776131
m3_discounted,4746,-0.01709968702,0.001151958326,-0.17291532,-0.004150218066
m3_discounted,4747,-0.01165015195,0.0006882793212,-0.03804347826,-0.0487934266
m3_discounted,4748,-0.0170511744,-0.000192696683,-0.09760827408,-0.01611125873
m3_discounted,4749,-0.01294894343,0.005934607825,-0.2446670976,-0.004124893726
m3_discounted,4750,0.01191499048,-0.00764835356,-0.1085972851,-0.008490959277
m3_discounted,4751,-0.03066416947,0.0008684731404,-0.1485933504,0.009688968527
m3_discounted,4752,0.01143798132,-0.001465734042,-0.1045454545,0.004229408149
m3_discounted,4753,-0.006171201791,-0.001611976654,-0.1010752688,-0.0009005386846
m3_discounted,4754,-0.0309815362,0.002238127685,-0.1845238095,0.02343099355
m3_discounted,4755,-0.02756057904,0.003584687026,-0.09239130435,-0.01472934942
m3_discounted,4756,0.007589381322,-0.0002769091483,-0.3223992502,-0.0150143934
m3_discounted,4757,-0.01696753352,0.003798416788,-0.0688172043,-0.02414928019
m3_discounted,4758,-0.01161256927,-0.0008906747111,-0.2,-0.006804099628
m3_discounted,4759,-0.00270679083,-0.01011378368,-0.1277173913,-0.01110689973
m3_discounted,4760,0.003039771967,-0.001349843499,-0.1111111111,-0.02536067195
m3_discounted,4761,-0.02419183107,0.002802650723,-0.1674876847,0.01779235844
m3_discounted,4762,-0.02953143039,0.004160201832,-0.2849462366,-0.003641899195
m3_discounted,4763,-0.02284422896,-0.003070828468,-0.1185688941,-0.01237948007
m3_discounted,4764,0.007088187866,-0.001366181729,-0.08333333333,-0.01859295381
m3_discounted,4765,-0.02155564047,0.002026202856,-0.1440217391,-0.01406923883
m3_discounted,4766,-0.02304254356,0.0029421531,-0.08888888889,-0.02016380228
m3_discounted,4767,0.008012810304,-0.006144091552,-0.1215909091,-0.0002477317207
m3_discounted,4768,-0.02837934544,0.003103502789,-0.1290322581,-0.02079788378
m3_discounted,4769,-0.009377308531,0.0001841767272,-0.1777777778,-0.0004959448144
m3_discounted,4770,-0.03050237606,-0.007068495692,-0.1638554217,0.01240890393
m3_discounted,4771,-0.02792132144,-0.00335913359,-0.2040816327,-0.03285875155
m3_discounted,4772,-0.04254265623,0.001965241864,-0.09688013136,-0.009254634468
m3_discounted,4773,-0.005622434837,-0.01137899432,-0.1797590361,0.006543204848
m3_discounted,4774,-0.03614504259,0.01041811688,-0.2064516129,-0.0003036507968
m3_discounted,4775,-0.0278155342,0.001800055414,-0.210180624,0.002117761949
m3_discounted,4776,-0.01660569266,0.0005657602151,-0.0623655914,-0.01510503463
m3_discounted,4777,-0.02849389615,0.003298005252,-0.1489980608,-0.002856751712
m3_discounted,4778,-0.007333678027,-0.006504116329,-0.2922824302,0.03851255964
m3_discounted,4779,-0.01796468472,0.003304798088,-0.05222672065,-0.02038480103
m3_discounted,4780,-0.02676920351,-0.002991337655,-0.1268542199,0.01024757908
m3_discounted,4781,-0.006722782095,-0.006004432364,-0.1102272727,-0.00689665349
m3_discounted,4782,-0.01129796742,0.0025718786,-0.1295918367,-0.01280448325
m3_discounted,4783,-0.0160770788,0.001485471125,-0.0659373152,-0.002250157777
m3_discounted,4784,0.0119963371,-0.00365607438,-0.1666666667,-0.01217428531
m3_discounted,4785,-0.02349220139,-0.003574268444,-0.2666666667,0.00550492152
m3_discounted,4786,-0.06303676319,0.007078269319,-0.08101714962,-0.01231526399
m3_discounted,4787,-0.02129449766,-0.001044215339,-0.3199088146,-0.00068565787
m3_discounted,4788,-0.03363422482,0.00551025419,-0.130575307,-0.001288379587
m3_discounted,4789,-0.009233148042,-0.004266104455,-0.2160326087,-0.02626633155
m3_discounted,4790,-0.03417906332,0.005186169159,-0.1021505376,-0.03134884365
m3_discounted,4791,-0.01734920109,0.000540338227,-0.07065217391,-0.03370231171
m3_discounted,4792,-0.02264655556,0.007063321826,-0.09225310467,-0.004063193824
m3_discounted,4793,-0.01511118282,-0.004400495117,-0.1683087028,0.01820645569
m3_discounted,4794,0.002176570327,-0.00061986115,-0.08016304348,-0.02312800339
m3_discounted,4795,-0.0146441649,0.001347709283,-0.171875,-0.005067484037
m3_discounted,4796,0.01526726491,-0.008974239176,-0.1655824956,0.00644354811
m3_discounted,4797,-0.01100352557,0.008508775268,-0.1607142857,0.01816298826
m3_discounted,4798,-0.0273024049,-0.003154212679,-0.2172043011,0.002218819665
m3_discounted,4799,-0.02142069625,-0.001167718581,-0.1392667061,0.005248934689
m3_discounted,4800,-0.01244781836,0.002123583471,-0.3145748988,-0.004739955189
m3_discounted,4801,-0.03311635837,0.008839528748,-0.1548913043,0.007110482769
m3_discounted,4802,-0.03108300594,0.00391047834,-0.1330049261,0.008394047326
m3_discounted,4803,-0.01884199862,0.003354603792,-0.1975162626,0.007099384952
m3_discounted,4804,-0.002379817761,-0.001339753022,-0.08663512714,-0.003858995021
m3_discounted,4805,-0.03114935425,0.002970542542,-0.123358349,0.02579358409
m3_discounted,4806,-0.02224891874,0.00294493359,-0.1564318035,-0.004041105799
m3_discounted,4807,-0.019081542,0.004219409022,-0.1865750529,0.003983362131
m3_discounted,4808,-0.03308531911,-0.001993008476,-0.2406859846,0.01023216848
m3_discounted,4809,-0.007869216195,-0.001277332167,-0.2948369565,-0.007339646606
m3_discounted,4810,-0.03155268267,0.007767534728,-0.161926309,-0.0102912277
m3_discounted,4811,-0.01593670756,0.004524696604,-0.1435035553,-0.002505712078
m3_discounted,4812,-0.0006056799991,0.001114282804,-0.1939271255,-0.01108448925
m3_discounted,4813,-0.008997726712,-0.006163900762,-0.1987718164,-0.008985366202
m3_discounted,4814,-0.01141711999,-0.008204514735,-0.1109422492,-0.01640563882
m3_discounted,4815,-0.01714617155,-0.0009148303472,-0.1547619048,0.0179392599
m3_discounted,4816,-0.01635849583,-0.003399226848,-0.1537349398,0.01725328051
m3_discounted,4817,0.0005451822502,-0.001592838942,-0.06131078224,-0.002781262634
m3_discounted,4818,-0.003142493201,-0.002032809115,-0.1369047619,0.01001614793
m3_discounted,4819,-0.03586162172,-0.0001035446587,-0.2388888889,0.006148448806
m3_discounted,4820,-0.05127321094,0.004465454011,-0.08333333333,-0.02718208713
m3_discounted,4821,-0.02151365802,-0.005166420601,-0.2097608274,0.007682462538
m3_discounted,4822,-0.01212474869,-0.006034732156,-0.1644501279,-0.007142321356
m3_discounted,4823,-0.004264484972,-0.004371370008,-0.06275303644,-0.01008043163
m3_discounted,4824,0.002186033989,-0.006424864538,-0.2098308668,0.0133448346
m3_discounted,4825,-0.00895491246,0.00328668825,-0.210180624,0.007891382277
m3_discounted,4826,0.01972051161,-0.005550438856,-0.1634408602,-0.01513982388
m3_discounted,4827,-0.03379990683,0.007378195851,-0.06732348112,-0.01979335299
m3_discounted,4828,-0.02654320985,-0.004008100792,-0.2291666667,-0.001923522659
m3_discounted,4829,-0.01420975659,0.00324099204,-0.1655824956,0.009332440535
m3_discounted,4830,-0.01384685791,-0.00672148785,-0.128959276,-0.02030397578
m3_discounted,4831,-0.03322964481,0.004081079858,-0.148728563,-0.01223340024
m3_discounted,4832,-0.01060569251,0.0003848124485,-0.3020833333,-0.01187513989
m3_discounted,4833,-0.02029317402,-0.0009912165777,-0.09211376858,-0.02176461888
m3_discounted,4834,-0.006453184985,-0.005115194023,-0.08494623656,-0.002445399878
m3_discounted,4835,-0.0283162162,-0.001448515663,-0.1041033435,-0.02091038104
m3_discounted,4836,0.02213407748,-0.008327385878,-0.2256061502,0.0107816881
m3_discounted,4837,-0.02413702627,-0.001529454866,-0.1561206387,0.008429833742
m3_discounted,4838,-0.008838402359,-0.003202948714,-0.1057831325,0.009660352294
m3_discounted,4839,-0.005121834696,-0.003620708436,-0.1031027796,0.002142757084
m3_discounted,4840,-0.03265017938,0.006928879762,-0.2207498384,-0.001999983368
m3_discounted,4841,-0.0006331720401,-0.004041806595,-0.08434650456,-0.02824355528
m3_discounted,4842,0.003844522051,-0.002720930506,-0.08295454545,0.01223935801
m3_discounted,4843,-0.02803216837,-0.0009737225927,-0.2388888889,0.01552091623
m3_discounted,4844,-0.00770459617,-0.008547065879,0.01222826087,-0.02256289953
m3_discounted,4845,-0.02586017184,-0.005600358305,-0.1968085106,-0.009696210521
m3_discounted,4846,-0.01252984509,-0.006212902524,-0.2948328267,0.02078116049
m3_discounted,4847,-0.02087014639,0.001362315802,-0.1409090909,-0.004852295976
m3_discounted,4848,-0.03858358918,0.00437937814,-0.1913380737,0.004582767542
m3_discounted,4849,-0.02837727823,0.001435870304,-0.1416490486,0.02213079355
m3_discounted,4850,0.00273043886,-0.009098721117,-0.1222672065,-0.0167524978
m3_discounted,4851,0.0005300632966,-0.002495971146,-0.1102272727,-0.0124706799
m3_discounted,4852,-0.01610035981,-0.004816674211,-0.1834008097,-0.0261846945
m3_discounted,4853,-0.01440703791,-0.003435247189,-0.05698924731,-0.008658902953
m3_discounted,4854,-0.01227084686,0.00220120315,-0.1863711002,0.02129968954
m3_discounted,4855,-0.02662466852,0.004386619029,0.01041666667,-0.03102411212
m3_discounted,4856,-0.04904256412,0.009261985119,-0.2010752688,-0.01030144776
m3_discounted,4857,-0.01857139659,-0.002170667823,-0.1431105855,-0.00536621086
m3_discounted,4858,-0.01859635167,-0.005016407869,-0.1728395062,0.01708208907
m3_discounted,4859,0.006301623001,-0.006763425261,-0.07291666667,-0.01756234957
m3_discounted,4860,0.002938168,-0.002985141272,-0.07369101487,-0.006747741294
m3_discounted,4861,0.01355873376,-0.006554115525,-0.1272727273,-0.002900828227
m3_discounted,4862,-0.01896068249,-0.001659063004,-0.1861702128,-0.008267484913
m3_discounted,4863,-0.02717903877,0.005052950521,-0.095951417,-0.03152563365
m3_discounted,4864,0.004732034906,-0.004717445503,-0.1752717391,0.003951982651
m3_discounted,4865,-0.00346246611,-0.003237974173,-0.2256097561,0.02724533159
m3_discounted,4866,-0.01694828743,0.005295161192,-0.1784098255,0.00964066323
m3_discounted,4867,-0.03424699289,0.003704926531,-0.1548913043,-0.001844801998
m3_discounted,4868,-0.02072838972,-0.003715512094,-0.3809716599,0.01572532162
m3_discounted,4869,0.00314107233,-0.009523380006,-0.1111111111,0.000238205965
m3_discounted,4870,-0.008002819105,-0.003939216805,-0.1516129032,-0.002088697635
m3_discounted,4871,-0.02190036915,0.0008363031547,-0.1956521739,0.004369398058
m3_discounted,4872,-0.0116342427,-0.004902607784,-0.08357771261,0.01401745579
m3_discounted,4873,0.01697667082,-0.001575104877,-0.1380090498,-0.009679326382
m3_discounted,4874,0.002870701457,-0.01111662484,-0.04127579737,-0.01869525031
m3_discounted,4875,-0.001736542897,-0.005246777223,-0.1055555556,-0.01858661652
m3_discounted,4876,-0.008154403442,0.004074570264,-0.1295454545,-0.01119520776
m3_discounted,4877,0.0149409753,-0.01101363403,-0.1880544057,0.006486478306
m3_discounted,4878,-0.01110795046,-0.006882132239,-0.1238554217,0.02555353336
m3_discounted,4879,0.01577526138,-0.0155740896,-0.1834008097,-0.01845392977
m3_discounted,4880,-0.006409971526,-0.0008663260349,-0.0716112532,0.0004200392644
m3_discounted,4881,-0.01979088697,-2.367290687e-05,-0.2378435518,0.01861732758
m3_discounted,4882,-0.03550337817,0.007090806022,-0.05602536998,0.001405810641
m3_discounted,4883,-0.03914978113,0.005185274548,-0.1385869565,-0.003898507962
m3_discounted,4884,-0.004062325398,-0.007139483492,-0.1696617336,0.0282065353
m3_discounted,4885,0.00656281662,-0.008624158178,-0.2429149798,-0.01515629911
m3_discounted,4886,0.006527105086,-0.002775945587,-0.1807065217,0.00702991855
m3_discounted,4887,0.003052168936,-0.00656712209,-0.120971867,0.002957116884
m3_discounted,4888,-0.01523124054,0.002549992912,-0.1833333333,0.0008423742875
m3_discounted,4889,0.003324713068,-0.0001378889715,-0.1770516717,-0.008110511892
m3_discounted,4890,-0.01760946886,-0.0007016576626,-0.1568144499,0.004093235526
m3_discounted,4891,0.00399075924,-0.004764141255,-0.211827957,-0.00453150824
m3_discounted,4892,0.01139966504,-0.007874445485,-0.1666666667,0.007822910259
m3_discounted,4893,-0.02477713442,0.00497298998,-0.1458333333,0.01748881759
m3_discounted,4894,-0.02632929241,0.001573388826,-0.2,0.0003392432968
m3_discounted,4895,-0.01193814984,-0.0061943124,-0.1193548387,-0.0327491962
m3_discounted,4896,-0.01782311648,-0.006301837758,-0.1397849462,-0.01158670942
m3_discounted,4897,-0.01001011308,-0.001983091821,-0.09113300493,-0.006420592571
m3_discounted,4898,0.01024292661,-0.006420210891,-0.17291532,0.00418514781
m3_discounted,4899,-0.01652167146,-0.005553679974,-0.1863711002,0.003950181775
m3_discounted,4900,-0.01371651524,-0.001635699523,-0.1330049261,0.01357760613
m3_discounted,4901,-0.01827477708,0.0009908139697,-0.2895136778,-0.001813446506
m3_discounted,4902,-0.0001378961278,-0.004393364026,-0.2635869565,-0.006858302248
m3_discounted,4903,-0.001878175889,-0.001883507246,-0.2333333333,0.01826396823
m3_discounted,4904,-0.005818561742,-0.008753067522,-0.1306990881,-0.03939217294
m3_discounted,4905,0.01768049839,-0.008880290879,-0.2091836735,-0.02560072855
m3_discounted,4906,-0.01216950936,0.002968406909,-0.1712004731,-0.003285589309
m3_discounted,4907,-0.01232546795,-0.00529182888,-0.1388888889,0.01445758214
m3_discounted,4908,-0.01882180116,-0.005220717705,-0.1741935484,-0.006963695366
m3_discounted,4909,0.001628536506,-0.006038072803,-0.1795454545,0.001416478345
m3_discounted,4910,0.005051746567,-0.001396392599,-0.1344129555,-0.007685524997
m3_discounted,4911,-0.02484483031,0.003444998567,-0.1545454545,-0.003138496747
m3_discounted,4912,-0.0159068818,-0.001054175277,-0.0597826087,-0.02061612918
m3_discounted,4913,-0.01701943479,-0.002087342298,-0.06819650937,-0.01879255544
m3_discounted,4914,-0.002550290031,-0.001863410271,-0.1055555556,-0.01492098352
m3_discounted,4915,-0.003058276695,0.001313956783,-0.06774193548,0.001426523031
m3_discounted,4916,-0.007733532958,-0.002348521053,-0.1749530957,0.03210562425
m3_discounted,4917,0.005517345645,-0.003800797142,-0.2494714588,0.02159775308
m3_discounted,4918,0.005714703784,-0.006080503783,-0.1010752688,-0.007850982287
m3_discounted,4919,-0.03503238772,-0.001828275215,-0.1968325792,-0.007990050271
m3_discounted,4920,-0.01906461482,0.002632570168,-0.1129509166,-0.008320570677
m3_discounted,4921,-0.007624023217,-0.004385251778,-0.07222222222,-0.01713224314
m3_discounted,4922,-0.007518240553,0.001150246677,-0.05555555556,0.003449970084
m3_discounted,4923,-0.005923530364,0.0009505734452,-0.1519756839,0.002471753768
m3_discounted,4924,-0.01144328554,0.003466219123,-0.04967197751,-0.004254243324
m3_discounted,4925,-0.01572262325,-0.003619449038,-0.1683087028,-0.01483404128
m3_discounted,4926,0.001308482966,-0.005070733641,-0.07386363636,-0.0116774281
m3_discounted,4927,-0.02314142954,-0.0002206103246,-0.0623655914,-0.01836448779
m3_discounted,4928,-0.02476267441,-0.003147509784,-0.09513742072,0.008347689354
m3_discounted,4929,-0.004744786027,-0.001890622258,-0.08977272727,-0.007972360081
m3_discounted,4930,-0.02638513708,-0.002442667648,-0.2222222222,-0.001474334885
m3_discounted,4931,-0.004482946381,-0.003897711838,-0.2269021739,0.001576917585
m3_discounted,4932,-0.01409801178,0.003255336153,-0.1496247655,0.01143365432
m3_discounted,4933,-0.01252727837,0.001749622293,-0.1327365729,0.00395426703
m3_discounted,4934,-0.007342637664,-0.00406348692,-0.1814449918,0.006779475112
m3_discounted,4935,0.007739677102,-0.009179246203,-0.1268542199,0.00995799314
m3_discounted,4936,-0.02130224717,0.003224773856,-0.1920716113,0.01055997086
m3_discounted,4937,0.004468071986,-0.002027613497,-0.1368286445,0.01515224159
m3_discounted,4938,-0.02485993455,-0.001877637457,-0.1261363636,-0.005894738758
m3_discounted,4939,-0.01526194502,-0.001103351232,-0.2522796353,-0.02226353199
m3_discounted,4940,-0.01427947683,-0.003134420192,-0.111163227,0.005884704744
m3_discounted,4941,-0.02989488331,0.003574025014,-0.1731182796,-0.01686457672
m3_discounted,4942,-0.01884730281,0.0009278174976,-0.1002811621,-0.02682590686
m3_discounted,4943,-0.02857084291,0.00587009972,-0.1055555556,-0.02341022518
m3_discounted,4944,-0.0236424581,0.001583920848,-0.1770516717,-0.01831819119
m3_discounted,4945,-0.01605801321,-0.003644821005,-0.09113300493,0.01279293043
m3_discounted,4946,-0.01128299515,0.001459148744,-0.1166666667,0.002967192877
m3_discounted,4947,0.01241760036,-0.005020441617,-0.1888888889,0.002504951729
m3_discounted,4948,0.003613314908,0.0004131748536,-0.2165653495,-0.03158269371
m3_discounted,4949,-0.03743023653,-0.003575572794,-0.2708502024,-0.006024855728
m3_discounted,4950,-0.0173922999,-0.007341643689,-0.08661926309,-0.03461742458
m3_discounted,4951,-0.003110295721,-0.001756924994,-0.09566596195,-0.01108874196
m3_discounted,4952,0.01499373721,-0.002099110647,-0.2097186701,0.01799342316
m3_discounted,4953,-0.007413710251,-0.0004570768394,-0.06765327696,0.02442020483
m3_discounted,4954,-0.01662838102,-0.004578045673,-0.2023270847,0.0006996291415
m3_discounted,4955,-0.01101435136,-0.004785320165,-0.1833333333,0.01011283745
m3_discounted,4956,-0.01745841481,0.003772701381,-0.2102272727,0.01002020428
m3_discounted,4957,-0.01980110914,0.004518395936,-0.1611996251,-0.01769239924
m3_discounted,4958,-0.00671860082,0.005292281373,-0.1659919028,-0.00955020302
m3_discounted,4959,-0.02329645569,0.004296766496,-0.1428571429,0.01778422098
m3_discounted,4960,-0.00451711362,-0.007229896993,-0.21875,-0.008343585911
m3_discounted,4961,-0.02151701141,-0.00498831491,-0.1781376518,-0.002022820227
m3_discounted,4962,-0.004791968724,-0.008721172981,-0.1941838649,0.02358072305
m3_discounted,4963,-0.0183762158,0.003512197917,-0.1085972851,-0.01199650305
m3_discounted,4964,-0.008006453149,-0.004151266721,-0.2152553329,0.0008162854894
m3_discounted,4965,0.0158413743,-0.009064467456,-0.1580338266,0.007311043129
m3_discounted,4966,-0.004090847092,-0.005379097245,-0.2761133603,0.0003928080617
m3_discounted,4967,-0.02793204677,0.002205601373,-0.05470136014,-0.01748034142
m3_discounted,4968,-0.03098642685,0.004549857987,-0.1638477801,0.01244368625
m3_discounted,4969,-0.02324904963,-0.002829394844,-0.1784098255,0.009939331994
m3_discounted,4970,-0.01478658544,0.003823057854,-0.1607142857,0.01474674743
m3_discounted,4971,-0.01267000296,0.004134744609,-0.09090909091,0.01052057144
m3_discounted,4972,-0.006915006683,-0.005062641248,-0.1876899696,-0.007218297771
m3_discounted,4973,-0.02213792079,0.0005581929897,-0.08630952381,-0.007538486598
m3_discounted,4974,-0.02203419762,-0.003836527357,-0.1168478261,-0.02065534892
m3_discounted,4975,-0.01509696876,-0.000152285934,-0.1559934319,0.002490127219
m3_discounted,4976,0.007488561593,-0.004921852607,-0.0625,-0.03274440566
m3_discounted,4977,-0.02293639665,0.0009852831644,-0.1544757033,0.008063537012
m3_discounted,4978,-0.0139576217,-0.001743993841,-0.1997442455,0.03153352356
m3_discounted,4979,-0.01251122797,-0.001713527064,-0.2613837966,0.01152725121
m3_discounted,4980,-0.003277336408,-0.001541170152,-0.1659090909,0.004272430931
m3_discounted,4981,0.005453212936,-0.008075146941,-0.1031027796,-0.0038262472
m3_discounted,4982,-0.02312690927,0.001914770686,-0.1375,-0.01075013531
m3_discounted,4983,-0.0209237332,0.001705377462,-0.05395136778,-0.03036088017
m3_discounted,4984,0.01963279915,-0.008316697755,-0.1644021739,-0.004287533671
m3_discounted,4985,0.001580919059,-0.004473116583,-0.05454545455,-0.0169186658
m3_discounted,4986,0.02276552966,-0.0063703585,-0.05395136778,-0.01859857785
m3_discounted,4987,-0.03800060627,0.008633706763,-0.08481724461,-0.01021475185
m3_discounted,4988,0.004497432018,-0.005694529722,-0.0744047619,0.01014492232
m3_discounted,4989,-0.02118052531,0.003703540694,-0.02955465587,-0.02533615884
m3_discounted,4990,-0.009488784077,-0.001337271135,-0.1386189258,0.006085791983
m3_discounted,4991,-0.02376052676,0.00270509737,-0.1159090909,-2.359373368e-05
m3_discounted,4992,-0.01996216567,0.00550637226,-0.1352272727,0.007834744446
m3_discounted,4993,-0.001943915467,-0.004406938266,-0.05555555556,-0.02536300924
m3_discounted,4994,0.0254908902,-0.008590255933,-0.05555555556,-0.01891949762
m3_discounted,4995,-0.01362336875,-0.002013343218,-0.1777777778,0.003647109661
m3_discounted,4996,-0.01237921045,-0.003514549513,-0.1014799154,-0.009368459651
m3_discounted,4997,-0.02613356047,0.001522501289,-0.2462365591,-0.008846594091
m3_discounted,4998,-0.01616932813,-0.003894523795,-0.1683087028,0.01118533665
m3_discounted,4999,-0.01155138845,-0.005566620121,-0.0625,-0.03442077197
r1_prototype,0,-0.005407330615,-0.001623527553,,
r1_prototype,1,-0.004327564722,-0.005397892882,,
r1_prototype,2,-0.009067201898,-0.005517659237,,
r1_prototype,3,0.00932291714,-0.008009005692,,
r1_prototype,4,-0.01083046335,-0.003571482072,,
r1_prototype,5,0.0174528787,-0.008375429058,,
r1_prototype,6,0.01173293414,-0.0106538414,,
r1_prototype,7,-0.007277324533,-0.002554926447,,
r1_prototype,8,7.830715536e-05,-0.006753359019,,
r1_prototype,9,-0.01346359778,-0.004116623579,,
r1_prototype,10,-0.01001482597,-0.00817653517,,
r1_prototype,11,0.02177429588,-0.01711023589,,
r1_prototype,12,-0.01438091365,-0.003682519499,,
r1_prototype,13,0.004767354029,-0.004417495061,,
r1_prototype,14,-0.001485729688,-0.00913830719,,
r1_prototype,15,-0.005783626574,-0.003764369433,,
r1_prototype,16,-0.03272233312,-0.0007016932615,,
r1_prototype,17,-0.005776646276,-0.006937739093,,
r1_prototype,18,0.003842922899,-0.01140942864,,
r1_prototype,19,-0.0007336067949,0.001222261621,,
r1_prototype,20,-0.005078645855,-0.001541967674,,
r1_prototype,21,0.005277332458,-0.008913421966,,
r1_prototype,22,-0.004273268381,-0.006110790388,,
r1_prototype,23,-0.004612811427,-0.005859594408,,
r1_prototype,24,-0.01140494818,-0.003189120502,,
r1_prototype,25,0.005609520113,-0.007357966677,,
r1_prototype,26,-0.01066346327,-0.01069121934,,
r1_prototype,27,-0.01205997851,-0.001467691055,,
r1_prototype,28,0.02538065105,-0.009542385727,,
r1_prototype,29,0.003955450477,-0.0009978758919,,
r1_prototype,30,0.0185449909,-0.006601707317,,
r1_prototype,31,0.008430380201,-0.003517833944,,
r1_prototype,32,-0.0003084318988,-0.009073403354,,
r1_prototype,33,0.008033581908,-0.008126990621,,
r1_prototype,34,-0.007334548275,-0.004151620142,,
r1_prototype,35,0.01420179782,-0.009599182256,,
r1_prototype,36,-0.01905052736,5.229027599e-07,,
r1_prototype,37,0.006260799122,-0.004769546303,,
r1_prototype,38,-0.02874130674,0.003000932492,,
r1_prototype,39,-0.02053455119,0.001767343466,,
r1_prototype,40,-0.03364756055,0.0006740224947,,
r1_prototype,41,-0.01687467842,-0.004141294525,,
r1_prototype,42,0.01419336721,-0.0009187447298,,
r1_prototype,43,-0.00285751387,-0.005411421446,,
r1_prototype,44,-0.02019863565,0.002735086633,,
r1_prototype,45,0.00981430523,-0.01305973259,,
r1_prototype,46,-0.01294964613,-0.002308109781,,
r1_prototype,47,0.006381479939,-0.007537764539,,
r1_prototype,48,0.002845273767,-0.0008667668502,,
r1_prototype,49,0.009661783168,-0.008363362621,,
r1_prototype,50,-0.01245354852,-0.004351989552,,
r1_prototype,51,-0.01493125496,-0.0008215038708,,
r1_prototype,52,0.004727269639,-0.008513879629,,
r1_prototype,53,0.00357285404,-0.008129389829,,
r1_prototype,54,-0.02067043482,-0.0001526623625,,
r1_prototype,55,-0.01396029455,-0.004260390673,,
r1_prototype,56,0.009980578281,-0.008101963366,,
r1_prototype,57,-0.001530349565,-0.005357899339,,
r1_prototype,58,-0.004926286802,-0.007988493914,,
r1_prototype,59,-0.02063398555,-0.001367502624,,
r1_prototype,60,-0.004238576482,-0.005215270228,,
r1_prototype,61,-0.004995743434,-0.005838097263,,
r1_prototype,62,-0.02390077173,0.001954149624,,
r1_prototype,63,-0.004413258963,-0.004646428146,,
r1_prototype,64,-0.01311087965,-0.002386739619,,
r1_prototype,65,0.001425984426,-0.008683400673,,
r1_prototype,66,0.005772452429,-0.009448483461,,
r1_prototype,67,0.00077125729,-0.005852446666,,
r1_prototype,68,0.01509849258,-0.005842732612,,
r1_prototype,69,0.01577336266,-0.0124154207,,
r1_prototype,70,0.0003455434432,-0.008136931264,,
r1_prototype,71,0.00334954015,-0.004839548454,,
r1_prototype,72,0.002822572691,-0.009767718459,,
r1_prototype,73,0.009481451606,-0.005832629858,,
r1_prototype,74,-0.0160914483,-0.004980656427,,
r1_prototype,75,0.01016759979,-0.006832514134,,
r1_prototype,76,-0.01666003404,-0.002780884345,,
r1_prototype,77,-0.01448188529,-0.0006162097875,,
r1_prototype,78,-0.02160197464,0.004770031388,,
r1_prototype,79,-0.02146725322,-0.001437209391,,
r1_prototype,80,0.02172275166,-0.01127060581,,
r1_prototype,81,-0.01738365473,-0.003393359499,,
r1_prototype,82,0.01425520928,-0.008360960403,,
r1_prototype,83,-0.0007967300223,-0.006419893367,,
r1_prototype,84,-0.005641473054,-0.006882082628,,
r1_prototype,85,0.02644465626,-0.01202670409,,
r1_prototype,86,-0.009254833393,-0.009505901237,,
r1_prototype,87,0.01651007741,-0.006513084397,,
r1_prototype,88,-0.02058441973,-0.0005440486278,,
r1_prototype,89,-0.002291777451,-0.008391797176,,
r1_prototype,90,0.01247495387,-0.004298473811,,
r1_prototype,91,-0.0003274133613,-0.008051534007,,
r1_prototype,92,-0.02419191219,0.0002785225854,,
r1_prototype,93,0.01687200535,-0.006771260263,,
r1_prototype,94,-0.0009472210308,-0.004599973375,,
r1_prototype,95,-0.001149586178,-0.002287410342,,
r1_prototype,96,0.02574737669,-0.009336796834,,
r1_prototype,97,0.01516090784,-0.003691627771,,
r1_prototype,98,0.02262858752,-0.01232400212,,
r1_prototype,99,0.004348635262,-0.009944858465,,
r1_prototype,100,-0.01334757981,-0.003518866034,,
r1_prototype,101,0.01070046725,-0.0118308729,,
r1_prototype,102,-0.00788836748,-0.005207138028,,
r1_prototype,103,-0.009054464381,-0.00456702301,,
r1_prototype,104,-0.0002765606745,-0.003055263823,,
r1_prototype,105,0.0174806667,-0.007829312578,,
r1_prototype,106,0.02939492744,-0.008767222991,,
r1_prototype,107,-0.00596796157,-0.004947193468,,
r1_prototype,108,-0.01906346014,-0.001764594538,,
r1_prototype,109,-0.01814043511,-0.001486670112,,
r1_prototype,110,-0.01935504422,-0.000898303611,,
r1_prototype,111,-0.002923566763,-0.004997153945,,
r1_prototype,112,-0.02769376778,0.0006364945371,,
r1_prototype,113,-0.005444615646,-0.005036489237,,
r1_prototype,114,-0.004140824782,-0.004429650851,,
r1_prototype,115,-0.01409546668,-0.002778103509,,
r1_prototype,116,-0.003889231172,-0.005395818467,,
r1_prototype,117,-0.003894891287,-0.008628206993,,
r1_prototype,118,-0.009990662811,-0.006405467298,,
r1_prototype,119,0.01433490592,-0.01058554025,,
r1_prototype,120,0.003365900267,-0.01050069946,,
r1_prototype,121,-0.01204750713,-0.002236738202,,
r1_prototype,122,-0.001197566447,-0.006330698154,,
r1_prototype,123,-0.01428059608,0.0004419528397,,
r1_prototype,124,-0.02490727576,-0.00192983841,,
r1_prototype,125,-0.0100046073,-0.004878271089,,
r1_prototype,126,-0.0365233767,0.002369894331,,
r1_prototype,127,-0.01494843042,-3.546941863e-05,,
r1_prototype,128,0.03711775788,-0.01518971802,,
r1_prototype,129,-0.007992991288,-0.006541973927,,
r1_prototype,130,-0.009480815775,-0.00587832372,,
r1_prototype,131,0.01485959497,-0.004540411231,,
r1_prototype,132,-0.02060629958,7.722806748e-05,,
r1_prototype,133,-0.002930371633,-0.001992601554,,
r1_prototype,134,-0.01297919404,-0.00334689292,,
r1_prototype,135,0.007800181159,-0.006126104929,,
r1_prototype,136,0.007353543654,-0.004037574991,,
r1_prototype,137,0.01136441903,-0.007350109217,,
r1_prototype,138,0.003778257515,-0.007184021169,,
r1_prototype,139,0.007683827022,-0.008971558872,,
r1_prototype,140,0.001368159631,-0.006824179793,,
r1_prototype,141,-0.01681307101,-0.006656930224,,
r1_prototype,142,-0.008409060718,-0.003392743993,,
r1_prototype,143,-0.02272089409,-0.00160721014,,
r1_prototype,144,0.006671620774,-0.008705812428,,
r1_prototype,145,0.006431187279,-0.005259259712,,
r1_prototype,146,-0.01590702669,-0.001451619727,,
r1_prototype,147,-0.006602099105,-0.004665452684,,
r1_prototype,148,0.0001513245119,-0.01001247296,,
r1_prototype,149,0.0154782862,-0.01341949442,,
r1_prototype,150,-0.02271108618,-0.002478770068,,
r1_prototype,151,0.001874169053,-0.006661598753,,
r1_prototype,152,0.02560211826,-0.01180249138,,
r1_prototype,153,0.01379470332,-0.009507468929,,
r1_prototype,154,-0.007739548867,-0.005172882175,,
r1_prototype,155,-0.03234329747,-0.0003807769268,,
r1_prototype,156,-0.00602305854,-0.006154306223,,
r1_prototype,157,0.01543247648,-0.007523687346,,
r1_prototype,158,-0.0005976810917,-0.003535435121,,
r1_prototype,159,-0.01484267315,-0.002615975165,,
r1_prototype,160,-0.008213179665,-0.00809921105,,
r1_prototype,161,-0.008141959942,-0.0004831696238,,
r1_prototype,162,0.007566222432,-0.005024667518,,
r1_prototype,163,0.0007779468795,-0.005992523339,,
r1_prototype,164,-0.02165013717,-0.002281522671,,
r1_prototype,165,-0.0179555913,-0.002418227963,,
r1_prototype,166,-0.01660272017,-0.009261768013,,
r1_prototype,167,-0.004781061163,-0.004274675463,,
r1_prototype,168,-0.01020384857,-0.002736603014,,
r1_prototype,169,-0.006089829715,-0.006342738747,,
r1_prototype,170,-0.009732732265,-0.005226291646,,
r1_prototype,171,0.004587929953,-0.004798688708,,
r1_prototype,172,0.01077178122,-0.01040576549,,
r1_prototype,173,-0.003176310182,-0.003513109073,,
r1_prototype,174,-0.008897302148,-0.005188980455,,
r1_prototype,175,0.02432215168,-0.01237116127,,
r1_prototype,176,0.01099859448,-0.002357907838,,
r1_prototype,177,-0.005305854184,-0.007699319031,,
r1_prototype,178,0.01203599091,-0.01354247251,,
r1_prototype,179,0.02088775415,-0.005559519447,,
r1_prototype,180,-0.004545063344,-0.004750001398,,
r1_prototype,181,-0.004434406004,-0.003489315154,,
r1_prototype,182,-0.02354378067,-0.001289635371,,
r1_prototype,183,-0.02882777381,0.001602193923,,
r1_prototype,184,0.01009677308,-0.006023873745,,
r1_prototype,185,0.0004998773255,-0.007617764559,,
r1_prototype,186,-0.01096112972,-0.005017766334,,
r1_prototype,187,0.001297475133,-0.006491666733,,
r1_prototype,188,0.03057597367,-0.01188824792,,
r1_prototype,189,-0.01412840362,-0.002802626479,,
r1_prototype,190,0.002299307652,-0.004475132004,,
r1_prototype,191,0.01625505865,-0.008991458154,,
r1_prototype,192,0.01493497281,-0.007734030315,,
r1_prototype,193,-0.003386478518,-0.006544750158,,
r1_prototype,194,-0.006359880558,-0.004809865837,,
r1_prototype,195,0.0116802728,-0.009697547166,,
r1_prototype,196,-0.01511160877,-0.005380252933,,
r1_prototype,197,0.003910651626,-0.004859314187,,
r1_prototype,198,-0.02269948708,0.002595352601,,
r1_prototype,199,-0.005161341392,0.001033695392,,
r1_prototype,200,0.008783246763,-0.01049603163,,
r1_prototype,201,-0.01617208864,-0.002323749943,,
r1_prototype,202,-0.02153042638,-0.004279266805,,
r1_prototype,203,-0.003426633948,-0.006833599165,,
r1_prototype,204,-0.0004681181533,-0.005078716925,,
r1_prototype,205,0.005310136595,-0.006761837013,,
r1_prototype,206,-0.01882933783,0.002115975797,,
r1_prototype,207,0.009301298337,-0.008415940275,,
r1_prototype,208,0.007632233211,-0.009734650982,,
r1_prototype,209,-0.02344899569,-0.003028998475,,
r1_prototype,210,-0.0186255524,-0.005144033911,,
r1_prototype,211,0.00423508017,-0.009197306418,,
r1_prototype,212,0.00764581923,-0.008267266422,,
r1_prototype,213,-0.002768086454,-0.006955398437,,
r1_prototype,214,-0.003706040542,-0.006543645385,,
r1_prototype,215,0.001412991605,-0.00575258401,,
r1_prototype,216,0.02073901567,-0.00984541167,,
r1_prototype,217,-0.01375890675,-0.004516240577,,
r1_prototype,218,-0.01364182684,-0.002377645625,,
r1_prototype,219,-0.02610291824,0.001207018272,,
r1_prototype,220,0.01510232642,-0.01159523083,,
r1_prototype,221,-8.50027025e-05,-0.004685578098,,
r1_prototype,222,-0.009637135833,-0.006114001092,,
r1_prototype,223,0.004351281608,-0.004017270732,,
r1_prototype,224,-0.001962724697,-0.006692664668,,
r1_prototype,225,-0.01936663532,-0.002204581308,,
r1_prototype,226,-0.01081661131,-0.007454499181,,
r1_prototype,227,-0.01839536909,-0.006177631331,,
r1_prototype,228,0.00487225183,-0.004499367235,,
r1_prototype,229,0.01342934958,-0.007282338426,,
r1_prototype,230,0.0008567958446,-0.003311536942,,
r1_prototype,231,0.01945192104,-0.009290955277,,
r1_prototype,232,-0.01000307483,-0.006844573575,,
r1_prototype,233,0.008540105348,-0.0110481156,,
r1_prototype,234,0.008500620585,-0.00728955568,,
r1_prototype,235,-0.004119998917,-0.007452372319,,
r1_prototype,236,-0.008274079696,-0.002832226616,,
r1_prototype,237,-0.01068946813,-0.007851999154,,
r1_prototype,238,-0.001395231002,-0.005275606792,,
r1_prototype,239,0.03116773259,-0.007751459988,,
r1_prototype,240,-0.006103196787,-0.006694052108,,
r1_prototype,241,-0.01372581056,-0.001342621895,,
r1_prototype,242,-0.00968735779,-0.001334787944,,
r1_prototype,243,-0.005205711847,-0.00365886271,,
r1_prototype,244,0.0003801612441,-0.008072363191,,
r1_prototype,245,0.002831414804,-0.004086860195,,
r1_prototype,246,0.0009399595301,-0.009317232767,,
r1_prototype,247,-0.0114589223,-0.006395139766,,
r1_prototype,248,0.005440774449,-0.005681990141,,
r1_prototype,249,0.03256859861,-0.01053889413,,
r1_prototype,250,-0.007225506547,-0.009542806392,,
r1_prototype,251,0.006036155759,-0.01170338976,,
r1_prototype,252,0.003219648514,-0.005877285918,,
r1_prototype,253,-0.00980421847,-0.006305228185,,
r1_prototype,254,-0.008405594571,-0.006927820329,,
r1_prototype,255,-0.001889192336,-0.007616533117,,
r1_prototype,256,-0.003914355768,-0.006266946546,,
r1_prototype,257,-0.00729573679,-0.001858423108,,
r1_prototype,258,-0.002938721626,-0.003969705463,,
r1_prototype,259,0.01483767384,-0.005473709185,,
r1_prototype,260,0.02024173621,-0.01093074638,,
r1_prototype,261,-0.003342127932,-0.001004025858,,
r1_prototype,262,0.01960500919,-0.00899860915,,
r1_prototype,263,-0.009987639418,-0.004022651808,,
r1_prototype,264,-0.01827210211,-0.001742859583,,
r1_prototype,265,-0.016187671,0.000319538382,,
r1_prototype,266,0.00605054783,-0.004650826665,,
r1_prototype,267,0.002112340297,-0.005649812253,,
r1_prototype,268,-0.02656309141,0.003648404451,,
r1_prototype,269,0.01910238116,-0.01016297112,,
r1_prototype,270,-0.007807571883,-0.005196306479,,
r1_prototype,271,0.00645067543,-0.005687105729,,
r1_prototype,272,0.01893841752,-0.008925641135,,
r1_prototype,273,-0.01329794956,-0.001760861109,,
r1_prototype,274,-0.01894902649,-0.001610872953,,
r1_prototype,275,-0.022747023,-0.001873138018,,
r1_prototype,276,0.02558891654,-0.01162784001,,
r1_prototype,277,-0.008232442584,-0.004895451409,,
r1_prototype,278,0.009635720141,-0.007490909596,,
r1_prototype,279,-0.01074075161,-4.12859416e-05,,
r1_prototype,280,-0.001822177251,-0.005001814131,,
r1_prototype,281,-0.01951230787,0.001167698537,,
r1_prototype,282,-0.02265720937,0.001129220998,,
r1_prototype,283,-0.02406188268,-0.007926278994,,
r1_prototype,284,0.01053429256,-0.006999539514,,
r1_prototype,285,0.009252645121,-0.009704883762,,
r1_prototype,286,-0.004621122971,-0.003383572811,,
r1_prototype,287,0.01870856867,-0.01199966703,,
r1_prototype,288,-0.03343019172,0.002842367252,,
r1_prototype,289,-0.02292366615,0.003693959093,,
r1_prototype,290,-0.0005018118247,-0.006142274974,,
r1_prototype,291,-0.022058431,-0.005398423076,,
r1_prototype,292,0.01308843363,-0.01238469177,,
r1_prototype,293,-0.003765509084,-0.00280859157,,
r1_prototype,294,0.003344710801,-0.007429724977,,
r1_prototype,295,0.0007592367268,-0.008454291463,,
r1_prototype,296,-0.009184478792,-0.007463307024,,
r1_prototype,297,-0.01532191118,-0.002427936415,,
r1_prototype,298,0.002501495044,-0.004950342727,,
r1_prototype,299,-0.009506092699,-0.002061096454,,
r1_prototype,300,0.01914071326,-0.01048896173,,
r1_prototype,301,0.006908169527,-0.009864198203,,
r1_prototype,302,0.012948838,-0.00849527083,,
r1_prototype,303,0.01416527783,-0.009095935393,,
r1_prototype,304,-0.01034761637,-0.007628070645,,
r1_prototype,305,0.001897238211,-0.008031000961,,
r1_prototype,306,-0.01538776217,-0.003117552561,,
r1_prototype,307,-0.00365219453,-0.003893907695,,
r1_prototype,308,-0.02499631018,0.0008716776287,,
r1_prototype,309,0.01257716716,-0.005389073563,,
r1_prototype,310,1.062871366e-05,-0.005852473068,,
r1_prototype,311,0.01262902227,-0.009294780714,,
r1_prototype,312,0.006916051198,-0.00861372117,,
r1_prototype,313,-0.003373049051,-0.007604001251,,
r1_prototype,314,0.02501169026,-0.01167935018,,
r1_prototype,315,-0.0283122113,-0.002648349403,,
r1_prototype,316,-0.001703307423,-0.01021503558,,
r1_prototype,317,-0.02464503883,0.001052660893,,
r1_prototype,318,0.03603958012,-0.01195098661,,
r1_prototype,319,-0.008150382149,0.002812904547,,
r1_prototype,320,-0.004209040651,-0.00302625439,,
r1_prototype,321,0.002774362589,-0.00965981896,,
r1_prototype,322,-0.01805665826,-0.004615012293,,
r1_prototype,323,-0.02134254689,0.002731266869,,
r1_prototype,324,-0.004711152716,-0.007923864955,,
r1_prototype,325,-0.007760000292,-0.002647875759,,
r1_prototype,326,0.01136638988,-0.003336788672,,
r1_prototype,327,0.04165239616,-0.01628319332,,
r1_prototype,328,-0.01676012794,-0.002772703042,,
r1_prototype,329,-0.0125324518,-0.006160801678,,
r1_prototype,330,-0.01289030833,-0.003302477824,,
r1_prototype,331,-0.01640050273,-0.005529913402,,
r1_prototype,332,0.02344974919,-0.0133901989,,
r1_prototype,333,0.008298840712,-0.007280950451,,
r1_prototype,334,-0.01569808961,-2.390950465e-05,,
r1_prototype,335,-0.002707968035,0.0002987138711,,
r1_prototype,336,-0.01869888666,-0.001573886468,,
r1_prototype,337,-0.01323449572,0.0001642177595,,
r1_prototype,338,-0.008170444876,-0.003473165969,,
r1_prototype,339,-0.01335729033,-0.004976825804,,
r1_prototype,340,0.01006040393,-0.005260359731,,
r1_prototype,341,-0.002297822626,-0.003997947479,,
r1_prototype,342,-0.01748396623,-0.00102744611,,
r1_prototype,343,-0.0003735192843,-0.004129150656,,
r1_prototype,344,-0.01536950468,-0.001825253957,,
r1_prototype,345,0.006229652114,-0.00875481554,,
r1_prototype,346,-0.005285785863,-0.0006416352126,,
r1_prototype,347,-0.003139020272,-0.00831749477,,
r1_prototype,348,-0.01816608138,-0.004502926518,,
r1_prototype,349,0.00954029494,-0.004768749976,,
r1_prototype,350,-0.009592872074,-0.00943085905,,
r1_prototype,351,0.004640420013,-0.01085968595,,
r1_prototype,352,0.005755825208,-0.008892010348,,
r1_prototype,353,0.008481574582,-0.004146929361,,
r1_prototype,354,0.002870076871,-0.001344372375,,
r1_prototype,355,0.0143256896,-0.008575963063,,
r1_prototype,356,-0.003564118599,-0.008082253042,,
r1_prototype,357,-0.01996045828,-0.003501930931,,
r1_prototype,358,-0.0003454561357,0.001558532939,,
r1_prototype,359,0.01603878845,-0.007270298879,,
r1_prototype,360,0.004232453075,-0.008595362679,,
r1_prototype,361,-0.002657342212,-0.009079840369,,
r1_prototype,362,0.004697003284,-0.01016897624,,
r1_prototype,363,-0.01676249819,-0.001430806359,,
r1_prototype,364,0.009208791138,-0.007199291017,,
r1_prototype,365,0.01258159674,-0.01036504603,,
r1_prototype,366,0.007123893552,-0.005355882715,,
r1_prototype,367,0.01700078798,-0.01123230851,,
r1_prototype,368,-0.003327187599,-0.004683502999,,
r1_prototype,369,0.01625720106,-0.008637352241,,
r1_prototype,370,0.01665475007,-0.004499270191,,
r1_prototype,371,-0.002383386784,-0.005845521128,,
r1_prototype,372,-0.003809616425,-0.002902641918,,
r1_prototype,373,0.00862469814,-0.006702774013,,
r1_prototype,374,-0.01267610686,-0.002717726475,,
r1_prototype,375,0.001549793333,-0.003652113566,,
r1_prototype,376,-0.009777909392,-0.004066306432,,
r1_prototype,377,0.001248809825,-0.00330667858,,
r1_prototype,378,-0.02533802521,-0.002495474014,,
r1_prototype,379,-0.01294420184,-0.004940917344,,
r1_prototype,380,1.41276976e-06,-0.002855064596,,
r1_prototype,381,-0.004500121223,-0.00683631566,,
r1_prototype,382,-0.02378696731,-0.0008839284265,,
r1_prototype,383,-0.02159512986,0.000506259829,,
r1_prototype,384,0.005867068513,-0.001526166961,,
r1_prototype,385,-0.01175174686,0.001757621382,,
r1_prototype,386,0.0001110971117,-0.006172948919,,
r1_prototype,387,0.02539403292,-0.01040050105,,
r1_prototype,388,-0.0129087381,-0.002670979868,,
r1_prototype,389,0.002742335217,-0.006405536314,,
r1_prototype,390,-0.01952492122,0.004232142513,,
r1_prototype,391,-0.006474148575,-0.005344590092,,
r1_prototype,392,-0.01709944182,-0.00421407559,,
r1_prototype,393,-0.01665254094,0.0006189831943,,
r1_prototype,394,0.004273350047,-0.00521438953,,
r1_prototype,395,0.005945388767,-0.01181339105,,
r1_prototype,396,-0.01967774966,-0.003808788561,,
r1_prototype,397,0.01419485873,-0.008600563974,,
r1_prototype,398,-0.02442481259,0.00278633442,,
r1_prototype,399,-0.005168423186,-0.001058229427,,
r1_prototype,400,-0.02497131,-0.00342683414,,
r1_prototype,401,0.02638973495,-0.01090582243,,
r1_prototype,402,0.003948333124,-0.006821670605,,
r1_prototype,403,-0.0229474735,0.001204431114,,
r1_prototype,404,-0.007710598535,-0.002529909432,,
r1_prototype,405,-0.01042223757,-0.004750504244,,
r1_prototype,406,0.006232313222,-0.007427313547,,
r1_prototype,407,-0.01760259792,-0.0004335869211,,
r1_prototype,408,0.004523651389,-0.003175257395,,
r1_prototype,409,-0.00909833323,-0.002049213102,,
r1_prototype,410,-0.0211769714,-0.003568727437,,
r1_prototype,411,0.01249228181,-0.009571619959,,
r1_prototype,412,0.01306737737,-0.005311172892,,
r1_prototype,413,0.01697757857,-0.01269032717,,
r1_prototype,414,-0.0238776897,-0.001679642848,,
r1_prototype,415,0.01665648834,-0.01264633144,,
r1_prototype,416,-0.004379075877,-0.004439440393,,
r1_prototype,417,-0.00611005593,-0.002552249567,,
r1_prototype,418,0.00954767532,-0.0132550835,,
r1_prototype,419,-0.01187367926,0.001037817439,,
r1_prototype,420,-5.593327407e-05,-0.009720452551,,
r1_prototype,421,0.003375987376,-0.007610313593,,
r1_prototype,422,-0.009396213299,-0.00275721018,,
r1_prototype,423,0.003449598376,-0.007917716812,,
r1_prototype,424,0.005939677119,-0.005669004105,,
r1_prototype,425,0.02330244199,-0.01559827944,,
r1_prototype,426,0.009484513801,-0.01103925451,,
r1_prototype,427,-0.01020116829,-0.006629353995,,
r1_prototype,428,-0.01524805577,-0.001348890472,,
r1_prototype,429,-0.001157000724,-0.008524868877,,
r1_prototype,430,0.0009274158161,-0.004579852449,,
r1_prototype,431,0.00225777606,-0.003066580337,,
r1_prototype,432,-0.005502451302,-0.008465773745,,
r1_prototype,433,-0.01259055768,-0.003984729704,,
r1_prototype,434,0.004455135216,-0.006006339949,,
r1_prototype,435,0.00257679232,-0.007135206148,,
r1_prototype,436,-0.008416079824,-0.003876699767,,
r1_prototype,437,0.02926899096,-0.01131841292,,
r1_prototype,438,0.007896247724,-0.007823717437,,
r1_prototype,439,0.0004094685986,-0.008549974194,,
r1_prototype,440,0.006493954679,-0.004025351672,,
r1_prototype,441,-0.01955307278,0.001742210252,,
r1_prototype,442,-0.01450814172,-0.002547265617,,
r1_prototype,443,-0.01798816217,-0.00688346782,,
r1_prototype,444,-0.008050053062,-0.005316888599,,
r1_prototype,445,0.01147427128,-0.005796561575,,
r1_prototype,446,0.01188217928,-0.00370908919,,
r1_prototype,447,0.0007611431458,-0.005334128162,,
r1_prototype,448,0.001278355759,-0.004229704735,,
r1_prototype,449,0.003510300177,-0.009972013928,,
r1_prototype,450,-0.01519448152,-0.006120132919,,
r1_prototype,451,0.01854633236,-0.01006344253,,
r1_prototype,452,-0.02084047814,-0.002172706005,,
r1_prototype,453,-0.01526772367,-0.005565433788,,
r1_prototype,454,-0.001885118794,-0.004197865707,,
r1_prototype,455,-0.009662897182,-0.008076229261,,
r1_prototype,456,-0.01391900138,-0.001564506519,,
r1_prototype,457,0.01492981767,-0.01029917208,,
r1_prototype,458,-0.0001648224994,-0.01054532168,,
r1_prototype,459,-0.01299003251,-0.0006886997054,,
r1_prototype,460,-0.02409928278,0.00109242105,,
r1_prototype,461,-0.002341640791,-0.008312887096,,
r1_prototype,462,-0.003111707666,-0.01290817375,,
r1_prototype,463,-0.01184035727,0.0001939852325,,
r1_prototype,464,0.008831598995,-0.006145032354,,
r1_prototype,465,-0.01954537497,6.295727511e-05,,
r1_prototype,466,-0.003471701303,-0.004935956396,,
r1_prototype,467,-0.003648799539,-0.00195790998,,
r1_prototype,468,-0.009342490764,-0.007223013516,,
r1_prototype,469,0.01057342102,-0.006919015842,,
r1_prototype,470,0.006869073313,-0.006249064942,,
r1_prototype,471,-0.01673424189,-0.004048498523,,
r1_prototype,472,-0.01162221093,-0.004801160648,,
r1_prototype,473,0.03560784556,-0.01106427335,,
r1_prototype,474,0.007685950187,-0.01017945664,,
r1_prototype,475,-0.027772843,-0.003332675356,,
r1_prototype,476,-0.02102460393,-0.003136991154,,
r1_prototype,477,0.007486108379,-0.008343467595,,
r1_prototype,478,0.01974756557,-0.00739254171,,
r1_prototype,479,0.006092064881,-0.00535192539,,
r1_prototype,480,-0.02101850182,-0.004299140193,,
r1_prototype,481,-0.02620026879,0.0001245566286,,
r1_prototype,482,-0.001120733753,-0.006972775651,,
r1_prototype,483,-0.005434391523,-0.008107436323,,
r1_prototype,484,0.02229556136,-0.01285312437,,
r1_prototype,485,-0.01404903728,-0.005753896362,,
r1_prototype,486,0.01347884997,-0.007587566124,,
r1_prototype,487,0.0005220098756,-0.007586710954,,
r1_prototype,488,-0.01655686681,-0.001655611512,,
r1_prototype,489,-0.008239424732,-0.003564268977,,
r1_prototype,490,0.002120863821,-0.008934552802,,
r1_prototype,491,-0.01272138414,-0.0003146255818,,
r1_prototype,492,-0.01735951648,-0.001084747085,,
r1_prototype,493,-0.005631929171,-0.003283399401,,
r1_prototype,494,0.002849761469,-0.006119571023,,
r1_prototype,495,0.01829034246,-0.004561375004,,
r1_prototype,496,-0.01726210127,-0.000759589237,,
r1_prototype,497,-0.008763352834,0.001180002013,,
r1_prototype,498,-0.01327381093,-0.001060759744,,
r1_prototype,499,-0.02955180907,0.002671582007,,
r1_prototype,500,0.01949956857,-0.009286788913,,
r1_prototype,501,-0.01270613594,-0.001752967139,,
r1_prototype,502,-0.001562565498,-0.001119650736,,
r1_prototype,503,-0.0363913417,0.0007280351486,,
r1_prototype,504,-0.006678506143,-0.00517172374,,
r1_prototype,505,0.004742578507,-0.004052064454,,
r1_prototype,506,-0.007855952451,-0.003346797195,,
r1_prototype,507,0.009141561185,-0.006832963512,,
r1_prototype,508,-0.007654642646,-0.005564872495,,
r1_prototype,509,-0.00742379532,-0.00533967758,,
r1_prototype,510,-0.02978364655,0.003933655121,,
r1_prototype,511,0.01206967476,-0.009363572393,,
r1_prototype,512,-0.008506474931,-0.00618709753,,
r1_prototype,513,-0.0003808770035,-0.005577962565,,
r1_prototype,514,0.003157493267,-0.01082217606,,
r1_prototype,515,0.007462186916,-0.005345057024,,
r1_prototype,516,-0.02391409731,-0.002178535245,,
r1_prototype,517,-0.001325924979,-0.01068162568,,
r1_prototype,518,0.01832410332,-0.01206086481,,
r1_prototype,519,-0.02145681128,0.0007606349564,,
r1_prototype,520,-0.01386678097,-0.005729433396,,
r1_prototype,521,0.001529655376,-0.004032712059,,
r1_prototype,522,-0.02109994385,0.0002733027374,,
r1_prototype,523,-0.0098872111,-0.002775385653,,
r1_prototype,524,-0.01499838709,-0.0001511263405,,
r1_prototype,525,0.02163997327,-0.006544529422,,
r1_prototype,526,-0.02186867232,-0.001138113605,,
r1_prototype,527,-0.01934571094,-0.001972195241,,
r1_prototype,528,-0.01334859703,-0.004401625752,,
r1_prototype,529,0.01123103095,-0.005173371349,,
r1_prototype,530,-0.005370751765,-0.00787209224,,
r1_prototype,531,0.005641039125,-0.007004040093,,
r1_prototype,532,-0.01670848376,-0.0008032041654,,
r1_prototype,533,-0.009852196438,-0.002299214616,,
r1_prototype,534,0.02823005242,-0.01488286143,,
r1_prototype,535,-0.01410629323,-0.003219744429,,
r1_prototype,536,-0.006137694646,-0.004165927702,,
r1_prototype,537,0.01391285184,-0.00686425892,,
r1_prototype,538,-0.009292270017,-7.952430718e-05,,
r1_prototype,539,0.007521663363,-0.006718554579,,
r1_prototype,540,-0.02025925999,-0.0009040487298,,
r1_prototype,541,0.0008406825705,-0.005919246213,,
r1_prototype,542,-0.009906758831,-0.006250539155,,
r1_prototype,543,-0.01766175564,-0.005539757474,,
r1_prototype,544,-0.003566299844,-0.006327993169,,
r1_prototype,545,0.016385749,-0.003845063788,,
r1_prototype,546,-0.02222666475,0.003055971889,,
r1_prototype,547,0.03688592849,-0.01960243131,,
r1_prototype,548,-0.029909358,0.0004788011013,,
r1_prototype,549,-0.006626993237,-0.005105101473,,
r1_prototype,550,0.006281895172,-0.00702993247,,
r1_prototype,551,-0.00778482133,-0.009084263121,,
r1_prototype,552,0.01352730669,-0.008484128339,,
r1_prototype,553,-0.006566456865,-0.006133357791,,
r1_prototype,554,-0.00304637097,-0.003401802341,,
r1_prototype,555,0.01842922985,-0.009251529523,,
r1_prototype,556,-0.005418329355,-0.003896340456,,
r1_prototype,557,0.002901291571,-0.008149189297,,
r1_prototype,558,-0.01127276777,-0.005082552891,,
r1_prototype,559,0.02929874219,-0.01162362353,,
r1_prototype,560,-0.003868585907,-0.002543084093,,
r1_prototype,561,-0.01810252346,-0.002694803668,,
r1_prototype,562,-0.01180969562,0.001318000612,,
r1_prototype,563,-0.02227869987,0.0002319353772,,
r1_prototype,564,-0.001762681241,-0.007079917718,,
r1_prototype,565,0.001170658815,-0.004946266708,,
r1_prototype,566,-0.01152302321,-0.007317856327,,
r1_prototype,567,-0.03505165557,0.003374037146,,
r1_prototype,568,0.008948392991,-0.008269311157,,
r1_prototype,569,-0.01376454713,-0.004304252047,,
r1_prototype,570,-0.03525690735,0.0009227548954,,
r1_prototype,571,-0.001050537859,-0.009531613571,,
r1_prototype,572,-0.01132251817,-0.00111871286,,
r1_prototype,573,0.005521550666,-0.006327081493,,
r1_prototype,574,-0.005538105663,-0.003383301897,,
r1_prototype,575,-0.01170969909,-0.0039166783,,
r1_prototype,576,-0.01548634073,0.000380350882,,
r1_prototype,577,-0.02068188229,-0.003780403484,,
r1_prototype,578,-0.01744457626,-0.004541465857,,
r1_prototype,579,-0.00946552279,-0.004558010114,,
r1_prototype,580,-0.009084143703,-0.006772403785,,
r1_prototype,581,-0.004980109441,-0.007033098417,,
r1_prototype,582,0.01436610806,-0.01190521955,,
r1_prototype,583,-0.01257948726,-0.003433147093,,
r1_prototype,584,0.03043143799,-0.01091430568,,
r1_prototype,585,0.01772694178,-0.01462040706,,
r1_prototype,586,-0.01305433595,-0.01207954576,,
r1_prototype,587,0.007334107145,-0.006008397863,,
r1_prototype,588,-0.005191522658,-0.003180533722,,
r1_prototype,589,-0.004074780279,-0.00440828122,,
r1_prototype,590,0.002192286299,-0.007737627744,,
r1_prototype,591,-0.002040067826,-0.001725106708,,
r1_prototype,592,0.003446295988,-0.00679060585,,
r1_prototype,593,0.01098648609,-0.01218789032,,
r1_prototype,594,-0.01884783306,-0.002719237974,,
r1_prototype,595,-0.009087818255,-0.004116808994,,
r1_prototype,596,-0.00435328171,-0.007315966637,,
r1_prototype,597,0.003031542431,-0.006250828866,,
r1_prototype,598,-0.02323800539,0.005415077573,,
r1_prototype,599,-0.009616032501,-0.001859516345,,
r1_prototype,600,-0.003590288756,-0.008232928641,,
r1_prototype,601,-0.007514729865,-0.005398104728,,
r1_prototype,602,-0.003946593906,-0.001961208759,,
r1_prototype,603,-0.006744794677,-0.004454293165,,
r1_prototype,604,-0.01857102103,-0.001741606946,,
r1_prototype,605,0.01392805355,-0.004202315175,,
r1_prototype,606,-0.003324893597,-0.003133733293,,
r1_prototype,607,-0.007975862834,-0.007974383112,,
r1_prototype,608,0.01209754716,-0.00603901637,,
r1_prototype,609,-0.01612465932,-0.001033348653,,
r1_prototype,610,0.009362900811,-0.005659311485,,
r1_prototype,611,0.007832164916,-0.01291224729,,
r1_prototype,612,-0.00681212778,-0.005002240852,,
r1_prototype,613,0.002252832926,0.0009865398897,,
r1_prototype,614,-0.01150398189,-0.001418319754,,
r1_prototype,615,-0.01753761253,-0.001409316439,,
r1_prototype,616,-0.002773311286,-0.002590977804,,
r1_prototype,617,0.002195725106,-0.008415897249,,
r1_prototype,618,-0.01866227085,-0.007774818969,,
r1_prototype,619,-0.001458548157,-0.001245045266,,
r1_prototype,620,0.005689011168,-0.005690243819,,
r1_prototype,621,-0.009944314395,-0.003078917935,,
r1_prototype,622,-0.01714015285,-0.003027224268,,
r1_prototype,623,0.002120576226,-0.005142016206,,
r1_prototype,624,-0.02158702604,-0.003319788816,,
r1_prototype,625,-0.02161651878,0.001807586154,,
r1_prototype,626,0.007142388391,-0.004055351257,,
r1_prototype,627,-0.02468649441,0.002003659538,,
r1_prototype,628,-0.006059595679,-0.007624551571,,
r1_prototype,629,0.01005711887,-0.007265773317,,
r1_prototype,630,-0.004051017986,-0.001161777478,,
r1_prototype,631,-0.00843449944,-0.004313694167,,
r1_prototype,632,-0.0102623263,-0.004172157952,,
r1_prototype,633,-0.001115788473,-0.009570798997,,
r1_prototype,634,0.01252237339,-0.007586150854,,
r1_prototype,635,0.0007064559711,-0.007897455481,,
r1_prototype,636,-0.02347076565,0.002205440934,,
r1_prototype,637,-0.01121831763,-0.004367033819,,
r1_prototype,638,-0.003030215004,-0.001622429904,,
r1_prototype,639,-0.008290453562,-0.001432208235,,
r1_prototype,640,-0.009389101452,-0.004427898201,,
r1_prototype,641,-0.003036807847,-0.00264646107,,
r1_prototype,642,0.007674972318,-0.009656225355,,
r1_prototype,643,-0.0169773368,-0.003047279558,,
r1_prototype,644,0.005524051153,-0.01073786169,,
r1_prototype,645,-0.002420769342,-0.0009734715378,,
r1_prototype,646,-0.004192650925,-0.003757902623,,
r1_prototype,647,-0.01385802529,-0.004773753019,,
r1_prototype,648,-0.01082193849,-0.0005543380714,,
r1_prototype,649,-0.002704945205,-0.002747734396,,
r1_prototype,650,-0.0008270583256,-0.005189689086,,
r1_prototype,651,-0.003324616576,-0.006717497924,,
r1_prototype,652,0.01648234463,-0.01297189005,,
r1_prototype,653,-0.008060398241,-0.006152977662,,
r1_prototype,654,0.01571608319,-0.007651143436,,
r1_prototype,655,0.0003872473211,-0.008608165213,,
r1_prototype,656,0.001057113281,-0.005900644663,,
r1_prototype,657,0.01192359924,-0.006272452966,,
r1_prototype,658,-0.01164616882,-0.004668074949,,
r1_prototype,659,-0.004267595637,-0.005575522618,,
r1_prototype,660,0.007920102968,-0.008291944158,,
r1_prototype,661,0.02133558397,-0.009912418426,,
r1_prototype,662,-0.007424479415,-0.00219873821,,
r1_prototype,663,-0.001789017005,-0.005839852584,,
r1_prototype,664,0.001726072868,-0.003699643121,,
r1_prototype,665,-0.01026256185,-0.005856180928,,
r1_prototype,666,0.01463623831,-0.008382550865,,
r1_prototype,667,-0.006409457735,-0.006306156369,,
r1_prototype,668,0.01985607229,-0.006774096756,,
r1_prototype,669,0.004773555167,-0.004892760201,,
r1_prototype,670,-0.0009532138978,-0.005148862687,,
r1_prototype,671,0.01804990986,-0.01024621403,,
r1_prototype,672,-0.00395212367,-0.007864128838,,
r1_prototype,673,0.007275272684,-0.006160336762,,
r1_prototype,674,0.01412464577,-0.007394472897,,
r1_prototype,675,0.007332580487,-0.004311038888,,
r1_prototype,676,-0.01329230224,0.000729164693,,
r1_prototype,677,-0.01953292873,0.00268064287,,
r1_prototype,678,0.01807763247,-0.009698680676,,
r1_prototype,679,-0.01776203171,-0.002956534149,,
r1_prototype,680,-0.02317141079,-0.003882952368,,
r1_prototype,681,0.01890984175,-0.008868980671,,
r1_prototype,682,-0.03595088628,0.002530108892,,
r1_prototype,683,0.004382573611,-0.008811723851,,
r1_prototype,684,0.01532278631,-0.003738267683,,
r1_prototype,685,-0.01957394392,0.0005900408705,,
r1_prototype,686,-0.005292632177,-0.005089445918,,
r1_prototype,687,-0.006628177516,-0.005952631632,,
r1_prototype,688,-0.01098919037,-0.00655914811,,
r1_prototype,689,-0.008109318925,2.599394434e-05,,
r1_prototype,690,-7.61224884e-05,-0.008519592313,,
r1_prototype,691,-0.00132498045,-0.009927960461,,
r1_prototype,692,-0.005184002081,-0.002852683869,,
r1_prototype,693,0.01366492176,-0.01212953985,,
r1_prototype,694,-0.0184959981,0.0004863152133,,
r1_prototype,695,0.01281117046,-0.001744120535,,
r1_prototype,696,-0.03739117805,0.001003282882,,
r1_prototype,697,-0.02223409886,-0.002416264009,,
r1_prototype,698,-0.01272656423,-0.004143878268,,
r1_prototype,699,-0.01209790437,-0.006299107622,,
r1_prototype,700,-0.002332581989,-0.004158270451,,
r1_prototype,701,0.03177084791,-0.01671628474,,
r1_prototype,702,0.01262947163,-0.004430415679,,
r1_prototype,703,-0.01357839675,-0.007524994606,,
r1_prototype,704,-0.006969670744,-0.003269586869,,
r1_prototype,705,-0.01277671398,-0.005603269929,,
r1_prototype,706,-0.01803112051,0.001073361592,,
r1_prototype,707,-0.03710506044,-0.001940189546,,
r1_prototype,708,-0.005019011022,-0.004956463511,,
r1_prototype,709,-0.004474409317,-0.002411582506,,
r1_prototype,710,-0.003029371408,-0.002898649516,,
r1_prototype,711,-0.009696996603,-0.005740558568,,
r1_prototype,712,0.007260150334,-0.009245416208,,
r1_prototype,713,0.01192154301,-0.01055643958,,
r1_prototype,714,-0.002917407389,-0.005464880195,,
r1_prototype,715,-0.02327536975,-0.001760069315,,
r1_prototype,716,-0.002566355971,-0.00636439297,,
r1_prototype,717,0.01104259823,-0.006822531539,,
r1_prototype,718,-0.006826420451,-0.01011160958,,
r1_prototype,719,0.02035480405,-0.01298398392,,
r1_prototype,720,-0.002205975606,-0.007207033399,,
r1_prototype,721,0.01114898373,-0.01069231634,,
r1_prototype,722,0.01472478468,-0.006953699081,,
r1_prototype,723,0.0040687078,-0.008537344197,,
r1_prototype,724,-0.003950670911,-0.0030607531,,
r1_prototype,725,-0.01208146809,-0.006110425726,,
r1_prototype,726,0.0002563463984,-0.008207728764,,
r1_prototype,727,-0.006458661615,-0.005343808655,,
r1_prototype,728,-0.002562167979,-0.003264906234,,
r1_prototype,729,0.01523518825,-0.00642491392,,
r1_prototype,730,-0.0004959828122,-0.007949062967,,
r1_prototype,731,-0.002401166649,-0.009399249418,,
r1_prototype,732,-0.01403811074,-0.00396939441,,
r1_prototype,733,-0.01011104827,-0.005230299407,,
r1_prototype,734,-0.006942444973,-0.001152630478,,
r1_prototype,735,0.03680427651,-0.01418079949,,
r1_prototype,736,-0.009350212936,-0.006092500103,,
r1_prototype,737,0.006614385097,-0.005408176551,,
r1_prototype,738,-0.005041119636,-0.003708009386,,
r1_prototype,739,-0.02155764937,-0.002821675354,,
r1_prototype,740,-0.01423903797,-0.006121957793,,
r1_prototype,741,0.01044593324,-0.006320996616,,
r1_prototype,742,-0.006344851364,-0.005500725406,,
r1_prototype,743,-0.01382386968,-0.004168605511,,
r1_prototype,744,-0.004176472315,-0.004026499,,
r1_prototype,745,-0.0203297418,-0.001355079445,,
r1_prototype,746,-0.006340401932,-0.005528542091,,
r1_prototype,747,-0.01244858563,0.0009377303139,,
r1_prototype,748,-0.01721210838,-0.001156832165,,
r1_prototype,749,-0.008358601511,-0.003284309627,,
r1_prototype,750,-0.01160284739,-0.004766051978,,
r1_prototype,751,-0.002554693035,-0.005882838271,,
r1_prototype,752,-0.007882850444,-0.00662981245,,
r1_prototype,753,0.004858511087,-0.008396776115,,
r1_prototype,754,0.007668519093,-0.008638738156,,
r1_prototype,755,-0.01197123123,-0.001597929395,,
r1_prototype,756,-0.02083346034,0.001196952822,,
r1_prototype,757,-0.01324001621,-0.0006771418373,,
r1_prototype,758,0.01049471891,-0.009845336218,,
r1_prototype,759,-0.02118270794,-0.00112133813,,
r1_prototype,760,0.009772583892,-0.01156504409,,
r1_prototype,761,0.01041772298,-0.006232291052,,
r1_prototype,762,-0.003694393582,-0.0004650148689,,
r1_prototype,763,0.01572013321,-0.009969331801,,
r1_prototype,764,-0.005848589384,-0.006523163247,,
r1_prototype,765,-0.009333640983,-0.001915251004,,
r1_prototype,766,-0.001308179063,-0.00579740215,,
r1_prototype,767,-0.01011474669,-0.003944747398,,
r1_prototype,768,-0.01478407562,0.0009897622046,,
r1_prototype,769,-0.01089978416,-0.004731080111,,
r1_prototype,770,-0.007735208552,-0.006416215006,,
r1_prototype,771,0.01516178702,-0.008128153162,,
r1_prototype,772,-0.005925395053,-0.004096288533,,
r1_prototype,773,0.003337585584,-0.007961786158,,
r1_prototype,774,-0.005194098137,-0.006453124296,,
r1_prototype,775,0.0167312987,-0.01059372814,,
r1_prototype,776,-0.006177303958,-0.003855757926,,
r1_prototype,777,-0.001137077542,-0.005162867644,,
r1_prototype,778,0.000795519222,0.001022306887,,
r1_prototype,779,-0.01967747363,0.0006860571413,,
r1_prototype,780,0.004512160996,-0.01349010682,,
r1_prototype,781,-2.702819632e-05,-0.002555299165,,
r1_prototype,782,0.0110068356,-0.01010974225,,
r1_prototype,783,-0.002168592823,-0.001997940142,,
r1_prototype,784,0.01622973822,-0.01083183424,,
r1_prototype,785,0.005149826823,-0.003218769512,,
r1_prototype,786,-0.003081964482,-0.004332349092,,
r1_prototype,787,-0.02013465919,-0.003948713749,,
r1_prototype,788,-0.007355634946,-0.006096775178,,
r1_prototype,789,-0.005511272842,-0.009613947383,,
r1_prototype,790,-0.01352458587,-0.009443814679,,
r1_prototype,791,-0.007930372796,-0.006042789103,,
r1_prototype,792,-0.01302832604,-0.0006995226836,,
r1_prototype,793,-0.01228007404,0.00115473685,,
r1_prototype,794,-0.00765280653,-0.006204779053,,
r1_prototype,795,-0.01749720069,-0.0009912785253,,
r1_prototype,796,0.03230757995,-0.01281061598,,
r1_prototype,797,-0.008783521723,-0.00871511329,,
r1_prototype,798,-0.002253997394,-0.003491168703,,
r1_prototype,799,-0.0304381254,-0.005255788273,,
r1_prototype,800,0.0004109835624,-0.004700261119,,
r1_prototype,801,-0.002283881921,-0.004635838498,,
r1_prototype,802,0.006462680899,-0.007691674219,,
r1_prototype,803,-0.03859049261,0.001971038447,,
r1_prototype,804,0.01951621624,-0.006103256078,,
r1_prototype,805,0.01969618115,-0.009459339844,,
r1_prototype,806,0.002987345569,-0.005051518058,,
r1_prototype,807,0.007653298919,-0.01342952966,,
r1_prototype,808,-0.02448746489,-0.001398874618,,
r1_prototype,809,-0.01007893025,-0.002555931169,,
r1_prototype,810,-0.007622300608,-0.003139235958,,
r1_prototype,811,0.002026047423,-0.006487923866,,
r1_prototype,812,-0.0009433630423,-0.007522051116,,
r1_prototype,813,-0.01590577787,-0.006558104014,,
r1_prototype,814,-0.02472933979,-0.0008123516925,,
r1_prototype,815,0.01758612456,-0.009757388681,,
r1_prototype,816,0.01831280392,-0.004812103495,,
r1_prototype,817,-0.01723116539,-0.002915762271,,
r1_prototype,818,-0.003842609136,-0.007163216337,,
r1_prototype,819,0.01297346283,-0.0101121741,,
r1_prototype,820,-0.002292978974,-0.005656869287,,
r1_prototype,821,0.02146525499,-0.006623959735,,
r1_prototype,822,-0.009496409156,-0.002078281019,,
r1_prototype,823,-0.01233942331,-0.004552891276,,
r1_prototype,824,-0.01674995271,-0.003873490082,,
r1_prototype,825,-0.01200085251,-0.002595509859,,
r1_prototype,826,-0.01294344109,-0.00407704904,,
r1_prototype,827,0.003873471334,-0.007136848604,,
r1_prototype,828,-0.004198756261,-0.008676502403,,
r1_prototype,829,-0.002609097927,-0.008044187312,,
r1_prototype,830,0.01358381747,-0.01129767936,,
r1_prototype,831,0.02079327917,-0.007675866282,,
r1_prototype,832,-0.00442322326,-0.00887792211,,
r1_prototype,833,-0.007759685111,-0.007158907874,,
r1_prototype,834,0.001238379415,-0.009304395299,,
r1_prototype,835,-0.009849445563,-0.006516188988,,
r1_prototype,836,-0.004494413225,-0.002901549157,,
r1_prototype,837,-0.02276345248,-0.001868669039,,
r1_prototype,838,-0.0005044735252,-0.009293764783,,
r1_prototype,839,-0.00280443866,-0.006992371305,,
r1_prototype,840,-0.00468372725,-0.003970182933,,
r1_prototype,841,-0.02220584568,-0.005657194221,,
r1_prototype,842,0.000954280306,-0.006667380064,,
r1_prototype,843,0.01200146225,-0.009373460861,,
r1_prototype,844,0.01067913361,-0.006739657283,,
r1_prototype,845,-0.02065752115,-0.002848808512,,
r1_prototype,846,0.001633709271,-0.006258507555,,
r1_prototype,847,0.001225852653,-0.003710380571,,
r1_prototype,848,-0.00664611641,-0.005708129804,,
r1_prototype,849,-0.008196881204,-0.003726940318,,
r1_prototype,850,-0.002473244138,-0.009637975969,,
r1_prototype,851,-0.02108421365,-0.0007821269242,,
r1_prototype,852,-0.0002878010688,-0.003545633638,,
r1_prototype,853,0.004287316449,-0.008068767368,,
r1_prototype,854,-0.006943498514,-0.008142172403,,
r1_prototype,855,-0.008222509776,-0.004875927962,,
r1_prototype,856,0.006408164647,-0.005566153031,,
r1_prototype,857,-0.02333606333,0.002246782615,,
r1_prototype,858,-0.01914967778,-0.001918844339,,
r1_prototype,859,-0.0005672992512,-0.009699737029,,
r1_prototype,860,-0.005790817612,-0.002261027578,,
r1_prototype,861,0.006109579744,-0.005622890389,,
r1_prototype,862,-0.000196114444,-0.003495035435,,
r1_prototype,863,-0.003536849005,-0.003455527707,,
r1_prototype,864,0.002068124259,-0.006929836963,,
r1_prototype,865,-0.004068520738,-0.00872537001,,
r1_prototype,866,-0.007122880737,-0.0114655031,,
r1_prototype,867,-0.008506726662,-0.006347919891,,
r1_prototype,868,-0.01882017595,-0.005343535149,,
r1_prototype,869,-0.02946046633,0.002365024256,,
r1_prototype,870,-0.01217030034,-0.002199135159,,
r1_prototype,871,0.0250547157,-0.01136953851,,
r1_prototype,872,0.001899077411,-0.005242978484,,
r1_prototype,873,-0.005050722011,-0.008069548413,,
r1_prototype,874,0.003212624725,-0.005137570273,,
r1_prototype,875,-0.009472469553,-0.004499402438,,
r1_prototype,876,0.004975195945,-0.008137350149,,
r1_prototype,877,-0.002968537127,-0.006721176795,,
r1_prototype,878,0.008327293561,-0.006018521798,,
r1_prototype,879,0.02181027116,-0.007674772978,,
r1_prototype,880,-0.01030019186,-0.004073166075,,
r1_prototype,881,-0.008047614311,-0.00568409727,,
r1_prototype,882,-0.002273137851,-0.00391497303,,
r1_prototype,883,0.0153763441,-0.01138055196,,
r1_prototype,884,-0.001307987246,-0.002449511098,,
r1_prototype,885,-0.01689534702,-0.004250193126,,
r1_prototype,886,-0.003713392103,-0.006519817855,,
r1_prototype,887,-0.00805279797,-0.005035044929,,
r1_prototype,888,-0.005226522696,-0.004652850075,,
r1_prototype,889,-0.002637603497,-0.007023844959,,
r1_prototype,890,-0.004442660864,-0.003489555358,,
r1_prototype,891,-0.008179074936,-0.007128846399,,
r1_prototype,892,-0.00617557085,-0.004948752382,,
r1_prototype,893,-0.01769724124,-0.005795131674,,
r1_prototype,894,-0.002455999316,-0.00303746777,,
r1_prototype,895,0.02967556587,-0.01143754863,,
r1_prototype,896,-0.02769317005,0.001119790051,,
r1_prototype,897,0.002807003574,-0.007392268731,,
r1_prototype,898,0.01100068368,-0.009070490554,,
r1_prototype,899,-0.003449953618,-0.002712089324,,
r1_prototype,900,0.003310016341,-0.004096291176,,
r1_prototype,901,0.02327991962,-0.01157923899,,
r1_prototype,902,-0.007723449218,-0.001217685981,,
r1_prototype,903,-0.01425079219,0.0007220119756,,
r1_prototype,904,0.01505384319,-0.000965018777,,
r1_prototype,905,0.003296406895,-0.005275673648,,
r1_prototype,906,0.01302052867,-0.009669104004,,
r1_prototype,907,-0.02412827453,0.004069409335,,
r1_prototype,908,-0.008924962036,-0.004490363511,,
r1_prototype,909,-0.02213719557,-0.00149396891,,
r1_prototype,910,0.001423300921,-0.004540454308,,
r1_prototype,911,-0.02598915942,-0.001993632736,,
r1_prototype,912,-0.009589217691,-0.001916389883,,
r1_prototype,913,-0.001417345724,-0.007379246871,,
r1_prototype,914,0.005690580603,-0.006709525612,,
r1_prototype,915,0.003358144673,-0.0108648055,,
r1_prototype,916,-0.01413147135,-0.003377139129,,
r1_prototype,917,-0.004621226968,-0.003109377446,,
r1_prototype,918,-0.01681625324,-0.003447328512,,
r1_prototype,919,0.014817518,-0.008688181883,,
r1_prototype,920,0.009644607867,-0.007979516193,,
r1_prototype,921,0.003870859313,-0.01042157541,,
r1_prototype,922,-0.0100191923,-0.006272405474,,
r1_prototype,923,0.002187737692,-0.00899384282,,
r1_prototype,924,-0.02008889059,-0.006192864207,,
r1_prototype,925,-0.003050849651,-0.005791449953,,
r1_prototype,926,-0.003012953193,-0.007398865481,,
r1_prototype,927,0.006170076538,-0.0119188102,,
r1_prototype,928,-0.00595098603,-0.007156562704,,
r1_prototype,929,-0.01540885024,-0.003712813727,,
r1_prototype,930,0.002930506964,-0.004112423673,,
r1_prototype,931,-0.01114589189,-0.00080463893,,
r1_prototype,932,-0.001544314027,-0.00526692741,,
r1_prototype,933,-0.0168559322,-0.00465192673,,
r1_prototype,934,0.004089020959,-0.006375827644,,
r1_prototype,935,0.001847091634,-0.006285021627,,
r1_prototype,936,-0.0236824021,-0.003434294414,,
r1_prototype,937,-0.02588828038,0.001870299345,,
r1_prototype,938,0.00429711216,-0.006236956229,,
r1_prototype,939,0.01683182682,-0.01163950213,,
r1_prototype,940,-0.009547567802,-0.003608288804,,
r1_prototype,941,0.01022400577,-0.006291676513,,
r1_prototype,942,-0.02018768784,8.015220159e-05,,
r1_prototype,943,0.0009262553566,-0.005547999183,,
r1_prototype,944,0.01089022736,-0.006346404428,,
r1_prototype,945,0.002247966566,-0.00559596926,,
r1_prototype,946,0.003073488363,-0.004541653363,,
r1_prototype,947,-0.009366807912,-0.002608960662,,
r1_prototype,948,0.009505582787,-0.005197960891,,
r1_prototype,949,0.008398224977,-0.007327315089,,
r1_prototype,950,0.0277228396,-0.006697433626,,
r1_prototype,951,0.003868421503,-0.007496719198,,
r1_prototype,952,0.01509701395,-0.007555979674,,
r1_prototype,953,-0.0142342351,-0.001267195251,,
r1_prototype,954,-0.007875855756,-0.004625502398,,
r1_prototype,955,-0.01149245086,-0.004340826598,,
r1_prototype,956,0.0002450586678,-0.008525425058,,
r1_prototype,957,-0.0278637682,-0.00160769854,,
r1_prototype,958,-0.006109426118,-0.003970761663,,
r1_prototype,959,-0.01033615437,-0.004058181085,,
r1_prototype,960,-0.009194081373,-0.00546309392,,
r1_prototype,961,0.005709966751,-0.007348546304,,
r1_prototype,962,-0.01803028595,-0.003996093946,,
r1_prototype,963,0.01409902586,-0.01295193455,,
r1_prototype,964,-0.01534381904,-0.001875069308,,
r1_prototype,965,-0.0008594449349,-0.006621476078,,
r1_prototype,966,0.0003126305677,-0.004026525082,,
r1_prototype,967,-0.003914858575,-0.001099379524,,
r1_prototype,968,-0.02203308307,0.0005482502736,,
r1_prototype,969,-0.01319091861,-0.00409891409,,
r1_prototype,970,-0.003167865169,-0.003963531101,,
r1_prototype,971,0.01043338173,-0.008230480862,,
r1_prototype,972,0.004094461515,-0.007554985123,,
r1_prototype,973,-0.006697795497,-0.002439304552,,
r1_prototype,974,-0.002655305628,-0.009505937217,,
r1_prototype,975,0.01795441947,-0.01165954876,,
r1_prototype,976,0.01073796957,-0.008706432075,,
r1_prototype,977,-0.005298118018,-0.006416761945,,
r1_prototype,978,-0.00158189943,-0.006153575227,,
r1_prototype,979,-0.007430989504,-0.006020374069,,
r1_prototype,980,0.006083403816,-0.008353167915,,
r1_prototype,981,0.008796938139,-0.006802741774,,
r1_prototype,982,-0.004315935264,-0.006599655139,,
r1_prototype,983,-0.00991861736,-0.002005269822,,
r1_prototype,984,-0.003251693939,-0.007834357687,,
r1_prototype,985,0.003630903384,-0.006569082505,,
r1_prototype,986,-0.006612930422,-0.004140250056,,
r1_prototype,987,-0.01396459442,-0.001449559313,,
r1_prototype,988,0.01992920973,-0.010500817,,
r1_prototype,989,0.004065355593,-0.009274835068,,
r1_prototype,990,-0.006852641738,-0.004334677991,,
r1_prototype,991,0.04630716866,-0.01582866487,,
r1_prototype,992,-0.001836597381,-0.006055533701,,
r1_prototype,993,-0.01133016487,-0.008842805783,,
r1_prototype,994,0.03279753509,-0.01491138047,,
r1_prototype,995,-0.01370582344,-0.002400296919,,
r1_prototype,996,-0.008675897376,-0.004239203805,,
r1_prototype,997,0.009173882825,-0.00784871527,,
r1_prototype,998,0.017765225,-0.006234561962,,
r1_prototype,999,-0.01461394159,0.001616130508,,
r1_prototype,1000,0.0007581271054,-0.008394857718,,
r1_prototype,1001,-0.005947889082,-0.004739426676,,
r1_prototype,1002,0.01012727667,-0.008211295873,,
r1_prototype,1003,-0.01493281019,-0.005617849243,,
r1_prototype,1004,0.008031716465,-0.00989908648,,
r1_prototype,1005,0.01008837898,-0.00595907649,,
r1_prototype,1006,0.01177180407,-0.006875758545,,
r1_prototype,1007,-0.009941741184,-0.003031085153,,
r1_prototype,1008,-0.008436454358,-0.009864467264,,
r1_prototype,1009,0.0108695924,-0.01059781258,,
r1_prototype,1010,0.005042871263,-0.004776346039,,
r1_prototype,1011,-0.004193494046,-0.002044768548,,
r1_prototype,1012,-0.02579215884,-0.000382591533,,
r1_prototype,1013,-0.01256347998,-0.006382036112,,
r1_prototype,1014,-0.01205753408,-0.007211920279,,
r1_prototype,1015,-0.004249211246,-0.004766261344,,
r1_prototype,1016,0.02725262885,-0.008423176588,,
r1_prototype,1017,-0.02417819817,-0.002875534449,,
r1_prototype,1018,-0.01027886796,-0.007042897879,,
r1_prototype,1019,0.01005289428,-0.005242246451,,
r1_prototype,1020,-0.02005483643,-0.004231127771,,
r1_prototype,1021,0.006236872195,-0.003817791614,,
r1_prototype,1022,0.006440565103,-0.006060501681,,
r1_prototype,1023,0.02197330432,-0.009609202485,,
r1_prototype,1024,0.02259876232,-0.008820212664,,
r1_prototype,1025,0.03109189419,-0.009969944486,,
r1_prototype,1026,-0.007814130779,-0.008142807122,,
r1_prototype,1027,-0.0008408030896,-0.005186252201,,
r1_prototype,1028,-0.008519136422,-0.007183598636,,
r1_prototype,1029,0.0024578305,-0.00412833009,,
r1_prototype,1030,-0.005167721282,-0.001803030944,,
r1_prototype,1031,-0.01755855279,-0.001288639678,,
r1_prototype,1032,0.02113354887,-0.01084753274,,
r1_prototype,1033,0.005794028976,-0.006450306428,,
r1_prototype,1034,-0.005356228132,-0.006524418732,,
r1_prototype,1035,-0.004128188313,-0.004427798844,,
r1_prototype,1036,0.0163027727,-0.01164487243,,
r1_prototype,1037,0.009129414264,-0.007744176179,,
r1_prototype,1038,0.0007592963351,-0.005235797901,,
r1_prototype,1039,0.01091774095,-0.00846343536,,
r1_prototype,1040,0.002645766354,-0.00521408167,,
r1_prototype,1041,0.01476677106,-0.009023779155,,
r1_prototype,1042,0.01474559717,-0.011087927,,
r1_prototype,1043,-0.02113489449,-0.002133672884,,
r1_prototype,1044,-0.02547206589,0.002404990625,,
r1_prototype,1045,-0.01502327973,-0.0009210381888,,
r1_prototype,1046,-0.003855767245,-0.002906708185,,
r1_prototype,1047,-0.01656575975,-0.004220181853,,
r1_prototype,1048,0.01117408669,-0.01046419092,,
r1_prototype,1049,-0.005795807655,-0.004656216112,,
r1_prototype,1050,-0.0004417585802,-0.005374483913,,
r1_prototype,1051,0.00462510239,-0.005519568184,,
r1_prototype,1052,0.00653678868,-0.004797141056,,
r1_prototype,1053,0.02019520203,-0.01110487297,,
r1_prototype,1054,0.00672581803,-0.009745250002,,
r1_prototype,1055,0.01471388247,-0.007928479128,,
r1_prototype,1056,-0.02400173957,-0.0006461937141,,
r1_prototype,1057,-0.0095590606,-0.007885352104,,
r1_prototype,1058,0.001660788193,-0.003710482326,,
r1_prototype,1059,-0.008351699736,0.001508845969,,
r1_prototype,1060,-0.01828432553,-0.004475176917,,
r1_prototype,1061,-0.004293534443,-0.008299726629,,
r1_prototype,1062,0.008839327344,-0.01194674025,,
r1_prototype,1063,-0.01688177146,-0.0002823627982,,
r1_prototype,1064,0.009865957683,-0.004771879209,,
r1_prototype,1065,-0.03126727629,0.002030279058,,
r1_prototype,1066,0.02867680936,-0.008000899513,,
r1_prototype,1067,-0.01299196752,0.0009334467013,,
r1_prototype,1068,8.008603397e-05,-0.007509876297,,
r1_prototype,1069,0.01006821599,-0.007362213387,,
r1_prototype,1070,0.003526795544,-0.00787853191,,
r1_prototype,1071,-0.002123627777,-0.001771536325,,
r1_prototype,1072,-0.0005051919141,-0.01031640985,,
r1_prototype,1073,0.006291510085,-0.006510904872,,
r1_prototype,1074,0.01095996339,-0.005443314771,,
r1_prototype,1075,-0.004492647505,-0.002886999491,,
r1_prototype,1076,-0.01018655256,-0.004670711669,,
r1_prototype,1077,-0.02033246729,-0.0008060271112,,
r1_prototype,1078,-0.02390378138,-0.002098367251,,
r1_prototype,1079,-0.01030421566,-0.00289031768,,
r1_prototype,1080,0.01490411737,-0.006256611551,,
r1_prototype,1081,-5.773356844e-05,-0.005258318362,,
r1_prototype,1082,-0.005810617712,-0.004205451451,,
r1_prototype,1083,0.001851631729,-0.005558073271,,
r1_prototype,1084,-0.01552066477,-0.0005477934445,,
r1_prototype,1085,-0.005562320846,-0.005653763592,,
r1_prototype,1086,-0.004731322555,-0.005244250404,,
r1_prototype,1087,-0.02537540821,0.003554522218,,
r1_prototype,1088,0.01003774182,-0.01087397856,,
r1_prototype,1089,0.02673982851,-0.01084207241,,
r1_prototype,1090,-0.006730618622,-0.002649596372,,
r1_prototype,1091,-0.006327462561,-0.007457330209,,
r1_prototype,1092,-0.01516539206,-0.000932061614,,
r1_prototype,1093,0.004832401732,-0.01125900938,,
r1_prototype,1094,-0.01274262236,-0.0008165659489,,
r1_prototype,1095,-0.01365316089,-0.004607097466,,
r1_prototype,1096,0.004028505242,-0.009979051691,,
r1_prototype,1097,-0.0011445624,-0.01109621321,,
r1_prototype,1098,-0.03527485682,0.002557544789,,
r1_prototype,1099,-0.008160306512,-0.01078289587,,
r1_prototype,1100,-0.01049655042,-0.006853687616,,
r1_prototype,1101,0.005301131412,-0.01033852712,,
r1_prototype,1102,-0.01641321306,-0.007137105441,,
r1_prototype,1103,-0.002605456137,-0.00677413396,,
r1_prototype,1104,0.009107429924,-0.008363767956,,
r1_prototype,1105,-0.01776220108,-0.001193110215,,
r1_prototype,1106,-0.004890109559,-0.009933492675,,
r1_prototype,1107,-0.004567926904,-0.00231251197,,
r1_prototype,1108,0.0194994835,-0.009089502006,,
r1_prototype,1109,0.03414955601,-0.01109854876,,
r1_prototype,1110,0.001329914506,-0.008877929368,,
r1_prototype,1111,0.001353461691,-0.00605696173,,
r1_prototype,1112,-0.008609760552,-0.003064503103,,
r1_prototype,1113,0.005691001605,-0.005829039621,,
r1_prototype,1114,-0.0231333653,-0.0008732125622,,
r1_prototype,1115,-0.004890893883,-0.006065769118,,
r1_prototype,1116,0.01174013751,-0.0110197431,,
r1_prototype,1117,-0.002798861604,-0.007280962187,,
r1_prototype,1118,0.0009763126309,-0.004588289604,,
r1_prototype,1119,-0.01687736148,-0.002327398135,,
r1_prototype,1120,0.003983779469,-0.008175190063,,
r1_prototype,1121,0.009692368682,-0.006767642316,,
r1_prototype,1122,-0.02682005055,0.0009505778538,,
r1_prototype,1123,-0.0129651491,-0.001546681231,,
r1_prototype,1124,0.02377730003,-0.01520290017,,
r1_prototype,1125,-0.001709369115,-0.007333072044,,
r1_prototype,1126,0.003081367073,-0.007105383454,,
r1_prototype,1127,0.006485567196,-0.005819427054,,
r1_prototype,1128,0.002369951158,-0.002391464196,,
r1_prototype,1129,0.0005395779926,-0.007919127174,,
r1_prototype,1130,-0.02018986078,-0.00323488956,,
r1_prototype,1131,0.003086371904,-0.001752477786,,
r1_prototype,1132,0.006427684987,-0.006196677001,,
r1_prototype,1133,-0.03062792411,-0.002556597821,,
r1_prototype,1134,-0.004422416158,-0.009539565029,,
r1_prototype,1135,0.01025815334,-0.008649293735,,
r1_prototype,1136,0.00570318097,-0.008019025181,,
r1_prototype,1137,-0.001933013823,-0.002137944997,,
r1_prototype,1138,-0.0185033968,0.002616637667,,
r1_prototype,1139,-0.003970448828,-0.003739179867,,
r1_prototype,1140,0.001395309925,-0.005235988211,,
r1_prototype,1141,-0.007764947169,8.82096965e-05,,
r1_prototype,1142,-0.009515782262,0.0009474568088,,
r1_prototype,1143,-0.01584619897,-0.00797907567,,
r1_prototype,1144,0.01001945419,-0.00464614801,,
r1_prototype,1145,-0.01446351077,-0.005319609361,,
r1_prototype,1146,-0.01490312356,0.002526352936,,
r1_prototype,1147,-0.0187823422,-0.004029678152,,
r1_prototype,1148,0.01006842179,-0.005813328302,,
r1_prototype,1149,-0.006557867632,-0.0003623543702,,
r1_prototype,1150,0.002995508558,-0.008089582204,,
r1_prototype,1151,0.01484729856,-0.006199567099,,
r1_prototype,1152,-0.02475351415,0.0003590807561,,
r1_prototype,1153,-0.009549253597,-0.002803989732,,
r1_prototype,1154,0.006786293898,-0.007083850547,,
r1_prototype,1155,0.02144442797,-0.008508301854,,
r1_prototype,1156,-0.02427205088,-0.0008134702453,,
r1_prototype,1157,0.002229122432,-0.007706892143,,
r1_prototype,1158,-0.0006878185822,-0.004418433427,,
r1_prototype,1159,-0.04365650926,0.004867784241,,
r1_prototype,1160,-0.00459905293,-0.004928862412,,
r1_prototype,1161,-0.01485222686,-0.003477172469,,
r1_prototype,1162,-0.005791924664,-0.0008987768127,,
r1_prototype,1163,-0.003292681444,0.000103991735,,
r1_prototype,1164,-0.008714209853,-0.005220497678,,
r1_prototype,1165,-0.0144597864,-0.004338330687,,
r1_prototype,1166,-0.003471331863,-0.009513073702,,
r1_prototype,1167,-0.01523813108,-0.002058081741,,
r1_prototype,1168,0.01255510697,-0.004642374949,,
r1_prototype,1169,-0.008262344514,-0.002396139914,,
r1_prototype,1170,-0.01119228703,-0.0008658694787,,
r1_prototype,1171,0.01080388185,-0.004912071656,,
r1_prototype,1172,0.01683564127,-0.005174036201,,
r1_prototype,1173,-0.01053274556,-0.006625194169,,
r1_prototype,1174,-0.01745524117,-0.004242135222,,
r1_prototype,1175,0.0001310689966,-0.006774344663,,
r1_prototype,1176,0.004162940473,-0.004527565436,,
r1_prototype,1177,-0.02150944268,0.00287402321,,
r1_prototype,1178,0.0005465749476,-0.008151454485,,
r1_prototype,1179,-0.02741373691,-0.002045165146,,
r1_prototype,1180,0.006447860062,-0.01320926098,,
r1_prototype,1181,-0.004315981757,-0.0008051918528,,
r1_prototype,1182,-0.01219365681,-0.006915348837,,
r1_prototype,1183,0.01728044073,-0.0119252297,,
r1_prototype,1184,0.006176009575,-0.007441620405,,
r1_prototype,1185,0.02965099728,-0.01395514575,,
r1_prototype,1186,-0.01497156916,-0.001882932701,,
r1_prototype,1187,-0.006633785639,-0.003664126315,,
r1_prototype,1188,0.03134166204,-0.009334062688,,
r1_prototype,1189,-0.02088024972,0.0005261561108,,
r1_prototype,1190,0.005941606329,-0.007766248614,,
r1_prototype,1191,7.577384337e-05,-0.00407353967,,
r1_prototype,1192,-0.02041309853,-0.002181271843,,
r1_prototype,1193,-0.003836546844,-0.001952904834,,
r1_prototype,1194,0.006031758626,-0.007746324114,,
r1_prototype,1195,0.00813678419,-0.006849142632,,
r1_prototype,1196,0.004913295095,-0.008560144564,,
r1_prototype,1197,-0.001501132117,-0.004907325537,,
r1_prototype,1198,0.001638054334,-0.00330893932,,
r1_prototype,1199,-0.006345520879,-0.003255042417,,
r1_prototype,1200,-0.01693058879,-0.007030020252,,
r1_prototype,1201,-0.006861995213,-0.005488480289,,
r1_prototype,1202,-0.01378093228,-0.0007154275738,,
r1_prototype,1203,-0.004604805596,-0.01140898583,,
r1_prototype,1204,0.004376567171,-0.004069303331,,
r1_prototype,1205,-0.001370835831,-0.001202462369,,
r1_prototype,1206,-0.006064324238,-0.001260649772,,
r1_prototype,1207,-0.006459956772,-0.005053502242,,
r1_prototype,1208,-0.00660092665,-0.004292188602,,
r1_prototype,1209,-0.003697492458,-0.005351074547,,
r1_prototype,1210,0.003518113608,-0.01017939274,,
r1_prototype,1211,-0.006378427258,-0.004299487289,,
r1_prototype,1212,0.005683249981,-0.007887280453,,
r1_prototype,1213,0.0006631262037,-0.002743931117,,
r1_prototype,1214,0.01694782257,-0.008055931164,,
r1_prototype,1215,-0.006630947302,-0.0034717135,,
r1_prototype,1216,-0.00545780731,-0.00513326284,,
r1_prototype,1217,0.01725911154,-0.008916653386,,
r1_prototype,1218,-0.00988399318,-0.00234722088,,
r1_prototype,1219,-0.007732459218,-0.006048840349,,
r1_prototype,1220,-0.01334597834,-0.006334028435,,
r1_prototype,1221,-0.009786936613,-0.002612102078,,
r1_prototype,1222,-0.00442127843,-0.001259317678,,
r1_prototype,1223,-0.02840685011,-0.005067567707,,
r1_prototype,1224,-0.02152507536,-0.002358276161,,
r1_prototype,1225,-0.02917984949,0.0008146341628,,
r1_prototype,1226,0.02586033278,-0.008929487192,,
r1_prototype,1227,-0.01704717046,0.0007432485607,,
r1_prototype,1228,-0.02525268895,0.001077806671,,
r1_prototype,1229,-0.002305958277,-0.004776365482,,
r1_prototype,1230,-0.009757373766,-0.001998542035,,
r1_prototype,1231,-0.008017316248,-0.004412285657,,
r1_prototype,1232,0.01001377671,-0.003713692452,,
r1_prototype,1233,0.01100104535,-0.007453305994,,
r1_prototype,1234,0.009208405487,-0.003412896204,,
r1_prototype,1235,-0.005894908995,-0.006810310573,,
r1_prototype,1236,0.0008145951658,-0.004377464495,,
r1_prototype,1237,-0.004229518475,-0.003478454284,,
r1_prototype,1238,-0.009937175251,-0.004901648844,,
r1_prototype,1239,-0.003933418536,-0.01091043952,,
r1_prototype,1240,0.00699047435,-0.006590693469,,
r1_prototype,1241,-0.01434079006,-0.005305753664,,
r1_prototype,1242,-0.002451059211,-0.00614762922,,
r1_prototype,1243,0.005664512686,-0.001543458165,,
r1_prototype,1244,-0.004847621676,-0.008969788524,,
r1_prototype,1245,-0.01433714164,-0.001600857234,,
r1_prototype,1246,0.000611372644,-0.003725395409,,
r1_prototype,1247,-0.0514698808,0.008536304163,,
r1_prototype,1248,0.0003041958302,-0.00992111582,,
r1_prototype,1249,-0.02304650677,-0.00013484745,,
r1_prototype,1250,-0.007391085237,-0.002764784036,,
r1_prototype,1251,-0.01006439012,1.308695601e-05,,
r1_prototype,1252,0.003415560554,-0.004819205702,,
r1_prototype,1253,-0.01271541112,-0.004853383104,,
r1_prototype,1254,0.007725514887,-0.001513946781,,
r1_prototype,1255,-0.003319754424,-0.003732888004,,
r1_prototype,1256,-0.02087167496,-0.006432054713,,
r1_prototype,1257,0.006191953035,-0.004922219291,,
r1_prototype,1258,0.02350259576,-0.01013039358,,
r1_prototype,1259,0.01223035279,-0.003052000847,,
r1_prototype,1260,-0.02467152614,0.003549474403,,
r1_prototype,1261,-0.01111561172,-0.003617479358,,
r1_prototype,1262,-0.01482614798,-0.005669456835,,
r1_prototype,1263,0.02269362419,-0.01134747022,,
r1_prototype,1264,-0.01061124159,-0.00715153302,,
r1_prototype,1265,-0.01713570317,-0.004797352764,,
r1_prototype,1266,-0.000492197688,-0.004707075932,,
r1_prototype,1267,0.01260782083,-0.006301198788,,
r1_prototype,1268,0.008569749601,-0.01189918356,,
r1_prototype,1269,0.00199741121,-0.005296165635,,
r1_prototype,1270,-0.02113289075,-0.002577567722,,
r1_prototype,1271,0.01200398431,-0.006154538081,,
r1_prototype,1272,0.02363440145,-0.008290290354,,
r1_prototype,1273,0.01224653757,-0.004966489311,,
r1_prototype,1274,0.00219438505,-0.006018859991,,
r1_prototype,1275,-0.02327858652,-0.003061046866,,
r1_prototype,1276,-0.007292125941,-0.01131683175,,
r1_prototype,1277,0.005335230579,-0.008022136588,,
r1_prototype,1278,-0.01070595963,-0.0008534233026,,
r1_prototype,1279,0.01032220829,-0.007698903023,,
r1_prototype,1280,-0.007812126497,-0.00616847707,,
r1_prototype,1281,0.001184270025,-0.005581008322,,
r1_prototype,1282,-0.003520029003,-0.007010393989,,
r1_prototype,1283,0.004233342554,-0.005900539426,,
r1_prototype,1284,-0.02115641022,-0.002992992736,,
r1_prototype,1285,0.01783068475,-0.009752408764,,
r1_prototype,1286,-0.02786346711,-0.001270427368,,
r1_prototype,1287,0.01890122464,-0.01022183706,,
r1_prototype,1288,-0.004825140093,-0.003742798571,,
r1_prototype,1289,-0.000698533547,-0.005719190971,,
r1_prototype,1290,0.02676026113,-0.01170143107,,
r1_prototype,1291,0.02222712448,-0.009023936717,,
r1_prototype,1292,0.00721602057,-0.006255974009,,
r1_prototype,1293,-0.01160855439,-0.005558559594,,
r1_prototype,1294,-0.003935184588,-0.006155082605,,
r1_prototype,1295,-0.003206722672,-0.005190882161,,
r1_prototype,1296,-0.007338578662,-0.002415274553,,
r1_prototype,1297,0.002847028406,-0.005561143269,,
r1_prototype,1298,0.0009399690103,-0.0002423505776,,
r1_prototype,1299,-0.01104825168,-0.005658766307,,
r1_prototype,1300,-0.01192072625,-0.004452701426,,
r1_prototype,1301,-0.03201789005,0.002596109765,,
r1_prototype,1302,-0.001188507954,-0.001815302016,,
r1_prototype,1303,0.003550963339,-0.003213131232,,
r1_prototype,1304,0.002928421414,-0.003143209927,,
r1_prototype,1305,-0.02769181514,-0.001705080296,,
r1_prototype,1306,0.007022112105,-0.005727322475,,
r1_prototype,1307,-0.01832014846,0.0008121605901,,
r1_prototype,1308,-0.01769999177,-0.002950447648,,
r1_prototype,1309,0.009508203639,-0.006336191728,,
r1_prototype,1310,-0.02611790819,-0.00501017551,,
r1_prototype,1311,-0.003359171399,-0.005354702261,,
r1_prototype,1312,0.0004281519022,-0.004404813308,,
r1_prototype,1313,0.006847022822,-0.009345940668,,
r1_prototype,1314,0.005092105361,-0.008565873956,,
r1_prototype,1315,-0.005191189455,-0.002024387901,,
r1_prototype,1316,-0.003044836817,-0.005237526062,,
r1_prototype,1317,-0.00732999474,-0.0007605947342,,
r1_prototype,1318,0.02222252927,-0.009815035682,,
r1_prototype,1319,0.01560510075,-0.009521092324,,
r1_prototype,1320,0.01783127757,-0.009764062434,,
r1_prototype,1321,-0.005766078356,-0.001415331804,,
r1_prototype,1322,-0.001342269869,-0.004565778352,,
r1_prototype,1323,-0.01306443968,-0.004697121936,,
r1_prototype,1324,0.001316425635,-0.004429720887,,
r1_prototype,1325,0.02039471459,-0.006143132558,,
r1_prototype,1326,-0.01717201749,0.0007558229083,,
r1_prototype,1327,-0.00916688915,-0.002650911778,,
r1_prototype,1328,-0.004348667631,-0.008958150171,,
r1_prototype,1329,-0.02383105434,0.002505253955,,
r1_prototype,1330,0.0003863662068,-0.007220979677,,
r1_prototype,1331,0.005270128264,-0.007483275406,,
r1_prototype,1332,-0.01789775576,-0.001756225787,,
r1_prototype,1333,0.007495686915,-0.01051082756,,
r1_prototype,1334,0.01052591711,-0.006861792802,,
r1_prototype,1335,-0.0039918544,-0.001496527246,,
r1_prototype,1336,-0.004683485399,-0.006434320553,,
r1_prototype,1337,0.0004547088438,-0.003487458937,,
r1_prototype,1338,-0.007324037678,-0.006854383703,,
r1_prototype,1339,0.00128859008,-0.008210851306,,
r1_prototype,1340,-0.01988481326,0.0002993511677,,
r1_prototype,1341,-0.004998512088,-0.001777993623,,
r1_prototype,1342,-0.003016740564,-0.006248876325,,
r1_prototype,1343,0.003677261281,-0.008286847621,,
r1_prototype,1344,0.001946095685,-0.00256344625,,
r1_prototype,1345,-0.0205245034,-0.005155046772,,
r1_prototype,1346,0.01038511922,-0.01380698958,,
r1_prototype,1347,0.005626533115,-0.01157804793,,
r1_prototype,1348,0.002186910913,-0.004482452414,,
r1_prototype,1349,-0.01081321201,-0.002985858503,,
r1_prototype,1350,-0.006561684688,-0.003270637524,,
r1_prototype,1351,0.01261535961,-0.01262279128,,
r1_prototype,1352,-0.01097471537,-6.281872619e-05,,
r1_prototype,1353,0.01448190805,-0.00869227073,,
r1_prototype,1354,-0.01576816694,-0.004398124469,,
r1_prototype,1355,-0.002600704384,-0.008906950092,,
r1_prototype,1356,0.01086267736,-0.008637322252,,
r1_prototype,1357,-0.002805941809,-0.003127334185,,
r1_prototype,1358,-0.02460409205,-0.001973118424,,
r1_prototype,1359,0.0170917784,-0.006839185715,,
r1_prototype,1360,-0.009329305798,-0.005281251612,,
r1_prototype,1361,0.005684735077,-0.008802810965,,
r1_prototype,1362,-0.01188807814,-0.009695648117,,
r1_prototype,1363,-0.02519386172,0.001929089165,,
r1_prototype,1364,0.01665447382,-0.01223808106,,
r1_prototype,1365,0.00194153971,-0.005142662963,,
r1_prototype,1366,0.02099024611,-0.0150700898,,
r1_prototype,1367,0.0104134292,-0.008234022684,,
r1_prototype,1368,-0.005244819939,-0.003530908721,,
r1_prototype,1369,-0.00637176236,-0.008736126236,,
r1_prototype,1370,-0.008874413235,-0.004874526206,,
r1_prototype,1371,0.013380308,-0.006569729916,,
r1_prototype,1372,0.01723540766,-0.01556948337,,
r1_prototype,1373,-0.005315718024,-0.005640150343,,
r1_prototype,1374,-0.005993947317,-0.004119126941,,
r1_prototype,1375,-0.009595757299,-0.004528126084,,
r1_prototype,1376,-0.01718433741,-0.003956704351,,
r1_prototype,1377,0.000704337213,-0.0005523186184,,
r1_prototype,1378,0.007190944934,-0.003780933387,,
r1_prototype,1379,-0.003983238876,-0.00579081547,,
r1_prototype,1380,-0.009927936596,-0.00386599373,,
r1_prototype,1381,0.002874792578,-0.003317759115,,
r1_prototype,1382,-0.003816270779,-0.002021258271,,
r1_prototype,1383,-0.001924744145,-0.006555404845,,
r1_prototype,1384,-0.007729842068,-0.008630455627,,
r1_prototype,1385,-0.002336053056,-0.00544201994,,
r1_prototype,1386,-0.01005735926,-0.007206292548,,
r1_prototype,1387,-0.002238268429,-0.002690778105,,
r1_prototype,1388,-0.02886304205,0.004183711879,,
r1_prototype,1389,0.01433256529,-0.01095655649,,
r1_prototype,1390,0.00241381688,-0.008751024928,,
r1_prototype,1391,0.01137555923,-0.006866659513,,
r1_prototype,1392,-0.006675918349,-0.004627120873,,
r1_prototype,1393,-0.002268994441,-0.002794682089,,
r1_prototype,1394,0.0007495795107,-0.008521721252,,
r1_prototype,1395,-0.005653776027,-0.005844712209,,
r1_prototype,1396,0.03081726753,-0.009087015372,,
r1_prototype,1397,0.02299697204,-0.007987888875,,
r1_prototype,1398,-0.01806143476,-0.006242256547,,
r1_prototype,1399,-0.02406404168,-0.003845025265,,
r1_prototype,1400,0.01290737041,-0.004751293392,,
r1_prototype,1401,-0.01629718827,4.047928851e-05,,
r1_prototype,1402,-0.0285485067,0.004205688159,,
r1_prototype,1403,0.004062157509,-0.01175708952,,
r1_prototype,1404,0.0144548076,-0.002906160715,,
r1_prototype,1405,-0.002745392934,-0.004317241127,,
r1_prototype,1406,-0.001554593396,-0.007677782235,,
r1_prototype,1407,0.01771867746,-0.006465343453,,
r1_prototype,1408,-0.01164900928,-0.002310424783,,
r1_prototype,1409,0.009138396472,-0.007077018256,,
r1_prototype,1410,-0.02161977523,-0.0001672452361,,
r1_prototype,1411,-0.0004241810762,-0.006705691979,,
r1_prototype,1412,-0.008280338282,-0.00526069885,,
r1_prototype,1413,-0.0009576140691,-0.005873132658,,
r1_prototype,1414,-0.01346755789,-0.002459746236,,
r1_prototype,1415,-0.01075725018,-0.0003105427481,,
r1_prototype,1416,0.00895926159,-0.006330168232,,
r1_prototype,1417,-0.02128843659,0.00201731514,,
r1_prototype,1418,-0.01553757556,-0.006269315834,,
r1_prototype,1419,-0.0007595817531,-0.007629933007,,
r1_prototype,1420,-0.01228461092,-0.00193786674,,
r1_prototype,1421,0.004297642038,-0.01597064033,,
r1_prototype,1422,0.01360093059,-0.01314389004,,
r1_prototype,1423,0.006040064248,-0.01047686242,,
r1_prototype,1424,-0.01358029255,-0.004125820997,,
r1_prototype,1425,0.02272048334,-0.01352274968,,
r1_prototype,1426,-0.01599941049,-0.002603805342,,
r1_prototype,1427,-0.002756457845,-0.00292039118,,
r1_prototype,1428,-0.006064881564,7.371865517e-05,,
r1_prototype,1429,0.004642661176,-0.005629116307,,
r1_prototype,1430,0.001088530505,-0.007281093927,,
r1_prototype,1431,0.009174331795,-0.007937941271,,
r1_prototype,1432,-0.02536632981,-0.00102198219,,
r1_prototype,1433,0.006309763769,-0.00614610242,,
r1_prototype,1434,-0.005240155302,-0.007211653498,,
r1_prototype,1435,0.00283698292,-0.008224565727,,
r1_prototype,1436,0.004888304807,-0.009821558228,,
r1_prototype,1437,-0.01115072153,-0.005048503136,,
r1_prototype,1438,-0.005154320994,-0.002181069176,,
r1_prototype,1439,0.004633419453,-0.008860968526,,
r1_prototype,1440,-0.01289440109,0.00322643515,,
r1_prototype,1441,-0.01464365644,-0.003272418419,,
r1_prototype,1442,-0.01557775987,-0.004965151292,,
r1_prototype,1443,-0.01714295163,-0.001000884312,,
r1_prototype,1444,-0.0002162857539,-0.008605839876,,
r1_prototype,1445,0.0199451296,-0.008688330838,,
r1_prototype,1446,0.01102410435,-0.00744664125,,
r1_prototype,1447,0.00977586691,-0.005659078681,,
r1_prototype,1448,0.01150960676,-0.006996304996,,
r1_prototype,1449,-0.01441147077,-0.006733446621,,
r1_prototype,1450,0.0005602694192,-0.005991902495,,
r1_prototype,1451,0.0003577725984,-0.008057510702,,
r1_prototype,1452,-0.02345241131,-0.0007207225088,,
r1_prototype,1453,-0.006738488148,-0.008549392426,,
r1_prototype,1454,-0.0006858699819,-0.005372973042,,
r1_prototype,1455,0.008448606273,-0.01122209347,,
r1_prototype,1456,0.011434283,-0.006035770972,,
r1_prototype,1457,-0.01335621639,0.0002546397924,,
r1_prototype,1458,-0.0175346344,-0.009948441321,,
r1_prototype,1459,0.004638815055,-0.004423201729,,
r1_prototype,1460,0.0138198167,-0.007617876081,,
r1_prototype,1461,-0.02246228018,-0.0004850484793,,
r1_prototype,1462,-0.002285247552,-0.003576534541,,
r1_prototype,1463,-0.02470414052,0.0001267988881,,
r1_prototype,1464,-0.02570601203,-0.003501716634,,
r1_prototype,1465,-0.01407934891,-0.001532678766,,
r1_prototype,1466,-0.006758783862,-0.002421567964,,
r1_prototype,1467,-0.006619352328,-0.005815016162,,
r1_prototype,1468,0.01611060775,-0.006253616498,,
r1_prototype,1469,-0.00374023966,-0.004775498323,,
r1_prototype,1470,-0.01224559565,-0.001925885687,,
r1_prototype,1471,-0.009344735779,-0.001529656289,,
r1_prototype,1472,-0.009879829249,-0.007271450035,,
r1_prototype,1473,0.007215342283,-0.006875245669,,
r1_prototype,1474,0.004300506134,-0.006914550227,,
r1_prototype,1475,0.004253945863,-0.007054174841,,
r1_prototype,1476,0.02758430764,-0.01299814506,,
r1_prototype,1477,-0.01939579984,-0.001708959713,,
r1_prototype,1478,0.02475308056,-0.01188822383,,
r1_prototype,1479,-0.007350057318,-0.003691101551,,
r1_prototype,1480,0.005071133904,-0.008343969269,,
r1_prototype,1481,-0.02287533892,-0.003092476876,,
r1_prototype,1482,-0.007294901946,-0.006121635839,,
r1_prototype,1483,0.003389224071,-0.01062770364,,
r1_prototype,1484,0.006111025408,-0.004457066426,,
r1_prototype,1485,-0.005371971801,-0.004340628481,,
r1_prototype,1486,-0.003661391159,-0.009862824155,,
r1_prototype,1487,-0.009444099868,-0.004641953017,,
r1_prototype,1488,-0.01834896697,0.0003180164989,,
r1_prototype,1489,-0.004238090978,-0.005302444512,,
r1_prototype,1490,0.01652700609,-0.01263334246,,
r1_prototype,1491,-0.01271140191,-0.001038466734,,
r1_prototype,1492,-0.0008040004301,-0.007059134509,,
r1_prototype,1493,-0.01761066073,-0.005524621165,,
r1_prototype,1494,-0.01239012825,-0.00419500174,,
r1_prototype,1495,-0.002017150074,-0.007594526837,,
r1_prototype,1496,-0.009459927219,-0.007178432586,,
r1_prototype,1497,0.004611420548,-0.005659065565,,
r1_prototype,1498,0.01389167201,-0.004706179498,,
r1_prototype,1499,-0.02440643907,-0.003975147593,,
r1_prototype,1500,-0.005884229992,-0.004574404612,,
r1_prototype,1501,-0.0008914894049,-0.007472335112,,
r1_prototype,1502,-0.01034079442,-0.004816373747,,
r1_prototype,1503,-0.02592943597,0.00114534551,,
r1_prototype,1504,0.004848465706,-0.006866776148,,
r1_prototype,1505,-0.01578705133,-0.005164577921,,
r1_prototype,1506,0.007309366356,-0.006117963107,,
r1_prototype,1507,-0.02624337238,0.0005587285209,,
r1_prototype,1508,0.01440946025,-0.008081655504,,
r1_prototype,1509,-0.0151042869,-0.006222200351,,
r1_prototype,1510,-0.006908554546,-0.008838190743,,
r1_prototype,1511,0.003185864516,-0.003653003149,,
r1_prototype,1512,-0.006830291699,-0.0005097786985,,
r1_prototype,1513,-0.007592171284,-0.00304152926,,
r1_prototype,1514,0.01254061336,-0.01144815264,,
r1_prototype,1515,-0.01543612723,-0.001340105597,,
r1_prototype,1516,-0.02031771241,0.003821406576,,
r1_prototype,1517,0.001054452514,-0.006058702028,,
r1_prototype,1518,0.002213806433,-0.003845905936,,
r1_prototype,1519,0.01024221747,-0.008167104905,,
r1_prototype,1520,0.01442692926,-0.002553228356,,
r1_prototype,1521,0.008298580019,-0.00404960683,,
r1_prototype,1522,-0.00849509702,-0.003221805115,,
r1_prototype,1523,-0.01606008527,-0.002431131211,,
r1_prototype,1524,0.006205941563,-0.00973461494,,
r1_prototype,1525,-0.01134276833,-0.003995437968,,
r1_prototype,1526,-0.01739955504,0.002792191108,,
r1_prototype,1527,-0.0020212541,-0.004557483557,,
r1_prototype,1528,-0.02376391927,-0.001998206234,,
r1_prototype,1529,-0.008886565031,-0.00129239064,,
r1_prototype,1530,-0.01500361698,-0.003921210129,,
r1_prototype,1531,-0.02900572119,-0.001598667491,,
r1_prototype,1532,-0.01343690866,-0.004092036764,,
r1_prototype,1533,-0.002762755647,-0.007262623503,,
r1_prototype,1534,-0.001451661897,-0.0005890977273,,
r1_prototype,1535,-0.002889065777,-0.004926008003,,
r1_prototype,1536,-0.008861286582,-0.006133303604,,
r1_prototype,1537,-0.005449811739,-0.002331032285,,
r1_prototype,1538,0.01520773275,-0.007488328518,,
r1_prototype,1539,0.0004308355097,-0.006204881907,,
r1_prototype,1540,-0.03317521097,0.00276050547,,
r1_prototype,1541,-0.01823156572,-0.001002367667,,
r1_prototype,1542,-0.03072566695,-0.001149912507,,
r1_prototype,1543,0.02335569587,-0.008592198502,,
r1_prototype,1544,-0.01499427387,-0.002222861526,,
r1_prototype,1545,0.0008004564178,-0.007382342792,,
r1_prototype,1546,-0.0007347066011,-0.002244148659,,
r1_prototype,1547,-0.01437852794,-0.0006627599421,,
r1_prototype,1548,0.001820549874,-0.003735646354,,
r1_prototype,1549,0.01389976595,-0.009792304981,,
r1_prototype,1550,-0.004896434804,-0.002540589798,,
r1_prototype,1551,0.001411972262,-0.01207102561,,
r1_prototype,1552,-0.008905909402,-0.00291771327,,
r1_prototype,1553,-0.00284643805,-0.001345570112,,
r1_prototype,1554,-0.01282698309,-0.001880184237,,
r1_prototype,1555,0.008311633736,-0.006515116485,,
r1_prototype,1556,-0.002796373021,-0.006631404315,,
r1_prototype,1557,0.002258366727,-0.008335691201,,
r1_prototype,1558,0.0008628467734,-0.001003655615,,
r1_prototype,1559,-0.00441286866,-0.007272174309,,
r1_prototype,1560,0.007853915545,-0.00641135094,,
r1_prototype,1561,-0.002718307362,-0.006697300397,,
r1_prototype,1562,0.00460893336,-0.004422954527,,
r1_prototype,1563,-0.003204108536,-0.006744729471,,
r1_prototype,1564,-0.0348641133,0.003634731782,,
r1_prototype,1565,-0.0001689775989,-0.006424793227,,
r1_prototype,1566,-0.01136478915,-0.006385059814,,
r1_prototype,1567,-0.02478681642,-0.002626759046,,
r1_prototype,1568,-0.008960264793,-0.005685792014,,
r1_prototype,1569,-0.02395392916,-0.004569614752,,
r1_prototype,1570,-0.02469165613,0.001896888267,,
r1_prototype,1571,0.006890914593,-0.002239755044,,
r1_prototype,1572,0.00321242971,-0.007457393814,,
r1_prototype,1573,0.01864525179,-0.01038848735,,
r1_prototype,1574,0.00368876649,-0.01001484132,,
r1_prototype,1575,-0.03855958206,-0.0004208353643,,
r1_prototype,1576,-0.002251566334,-0.00445544546,,
r1_prototype,1577,-0.003796070984,-0.006978748996,,
r1_prototype,1578,0.009894233234,-0.003610160956,,
r1_prototype,1579,0.007438421856,-0.006756284117,,
r1_prototype,1580,0.001761219824,-0.007323267628,,
r1_prototype,1581,0.001716976096,-0.007687200784,,
r1_prototype,1582,-0.02307630231,-0.001990886956,,
r1_prototype,1583,0.01989313583,-0.006129863658,,
r1_prototype,1584,-0.006464852605,-0.002943758288,,
r1_prototype,1585,-0.01056262378,-0.00236346451,,
r1_prototype,1586,-0.0009145690674,-0.001309316889,,
r1_prototype,1587,-0.00318435969,-0.002807976478,,
r1_prototype,1588,0.009302599109,-0.008328732785,,
r1_prototype,1589,0.01836383756,-0.004522583607,,
r1_prototype,1590,-0.02042392509,0.0006279841282,,
r1_prototype,1591,-0.001775420337,-0.003216464876,,
r1_prototype,1592,-0.02983656525,-0.001190980262,,
r1_prototype,1593,0.009682512704,-0.009360944203,,
r1_prototype,1594,-0.01135457112,-0.002260386433,,
r1_prototype,1595,-0.004385614659,-0.001448470571,,
r1_prototype,1596,-0.00635184325,-0.001884002281,,
r1_prototype,1597,0.01551919986,-0.009481477311,,
r1_prototype,1598,-0.01521753937,-0.004335560649,,
r1_prototype,1599,-0.002276132236,-0.004673116139,,
r1_prototype,1600,0.009819628059,-0.005793211417,,
r1_prototype,1601,-0.01389412877,-0.004703106728,,
r1_prototype,1602,-0.005291500839,-0.004487652186,,
r1_prototype,1603,0.01256472254,-0.008647342488,,
r1_prototype,1604,-0.01203236156,0.0002441652961,,
r1_prototype,1605,-0.008181362215,-0.005996759579,,
r1_prototype,1606,-0.009407379679,-0.005178906767,,
r1_prototype,1607,-0.01014479811,-0.00266241942,,
r1_prototype,1608,0.009469505961,-0.007373018805,,
r1_prototype,1609,-0.01636137109,0.005745263038,,
r1_prototype,1610,0.0001298187736,-0.007376980216,,
r1_prototype,1611,-0.01991398959,-0.002198128893,,
r1_prototype,1612,0.02314257325,-0.008492285098,,
r1_prototype,1613,0.0008641787252,-0.009472957839,,
r1_prototype,1614,0.01566376322,-0.0106918263,,
r1_prototype,1615,0.01601931397,-0.008966751305,,
r1_prototype,1616,0.001067108911,-0.004601015886,,
r1_prototype,1617,0.01095415579,-0.006110518315,,
r1_prototype,1618,0.0009404142285,-0.007564954922,,
r1_prototype,1619,0.01320862931,-0.01001212906,,
r1_prototype,1620,-0.001270167102,-0.009655818954,,
r1_prototype,1621,0.01910669386,-0.00811091907,,
r1_prototype,1622,-0.01937674374,-0.001771466355,,
r1_prototype,1623,0.002205799139,-0.002782520711,,
r1_prototype,1624,-0.02899261605,0.0002528833649,,
r1_prototype,1625,-0.009048145146,0.001138485693,,
r1_prototype,1626,-0.01887135301,-0.005861956976,,
r1_prototype,1627,0.03415465214,-0.016856528,,
r1_prototype,1628,0.003505014075,-0.004461374437,,
r1_prototype,1629,-0.01737540848,-0.005270448147,,
r1_prototype,1630,0.01120193698,-0.00829506215,,
r1_prototype,1631,-0.00209350089,-0.007356987991,,
r1_prototype,1632,0.0006891373151,-0.002628695152,,
r1_prototype,1633,0.01453370606,-0.009625845439,,
r1_prototype,1634,0.002637634173,-0.00471923758,,
r1_prototype,1635,0.01191458166,-0.005713372604,,
r1_prototype,1636,0.01275197357,-0.01008983975,,
r1_prototype,1637,0.005401757374,-0.004515720889,,
r1_prototype,1638,-0.000633967739,-0.005545168251,,
r1_prototype,1639,-0.01345984105,-0.002009192534,,
r1_prototype,1640,-0.03803074589,0.004512756698,,
r1_prototype,1641,0.006891934634,-0.007330255806,,
r1_prototype,1642,-0.01085582159,-0.004139298561,,
r1_prototype,1643,0.01257004711,-0.006678727957,,
r1_prototype,1644,-0.003184306357,-0.006946592027,,
r1_prototype,1645,0.01536355333,-0.01015227546,,
r1_prototype,1646,-0.004264934339,-0.003645778097,,
r1_prototype,1647,0.004250211355,-0.008298146962,,
r1_prototype,1648,0.005731609888,-0.004039304201,,
r1_prototype,1649,0.005946846188,-0.004741846471,,
r1_prototype,1650,0.007785285405,-0.009712319157,,
r1_prototype,1651,-0.003075763344,-0.005670999667,,
r1_prototype,1652,-0.01307337964,-0.004537516338,,
r1_prototype,1653,-0.001636622034,-0.008727061921,,
r1_prototype,1654,-0.0002004404478,-0.008758256064,,
r1_prototype,1655,0.003583105357,-0.003175861629,,
r1_prototype,1656,0.01578331432,-0.01049280103,,
r1_prototype,1657,-0.01450645712,-0.002844039979,,
r1_prototype,1658,-0.005544131151,-0.01121119454,,
r1_prototype,1659,0.00225408563,-0.007425589525,,
r1_prototype,1660,0.005435412195,-0.009674816859,,
r1_prototype,1661,-0.01024393976,-0.006343097352,,
r1_prototype,1662,-0.02192544775,-0.002611496945,,
r1_prototype,1663,0.01624611055,-0.007992636698,,
r1_prototype,1664,-0.04206933371,0.002870603581,,
r1_prototype,1665,0.00634084454,-0.007905293607,,
r1_prototype,1666,0.01003085631,-0.00517831656,,
r1_prototype,1667,0.009563845545,-0.006117277248,,
r1_prototype,1668,-0.009362983258,-0.009327901738,,
r1_prototype,1669,-0.02344762417,-0.000145711795,,
r1_prototype,1670,0.003076513155,-0.008529557872,,
r1_prototype,1671,0.004178610159,-0.007626359647,,
r1_prototype,1672,-0.001530724887,-0.007746959985,,
r1_prototype,1673,-0.01490302431,-0.007100390774,,
r1_prototype,1674,0.00454806311,-0.007380173604,,
r1_prototype,1675,-0.004139418784,-0.002701277273,,
r1_prototype,1676,0.003221488292,-0.005552396296,,
r1_prototype,1677,0.01666418903,-0.01164755435,,
r1_prototype,1678,-0.02070035189,-0.004383193274,,
r1_prototype,1679,0.02111980384,-0.01209762598,,
r1_prototype,1680,0.01037518523,-0.01176706,,
r1_prototype,1681,-0.003000059604,-0.008702347583,,
r1_prototype,1682,-0.01774556639,0.002043564341,,
r1_prototype,1683,0.024407707,-0.01023754417,,
r1_prototype,1684,0.002135287208,-0.008576131964,,
r1_prototype,1685,-0.0234935661,-0.003801279071,,
r1_prototype,1686,0.01010039988,-0.007171701568,,
r1_prototype,1687,-0.03110968188,-0.002020740745,,
r1_prototype,1688,-0.003931008595,-0.006349889229,,
r1_prototype,1689,0.00769553466,-0.008139977145,,
r1_prototype,1690,0.02506985424,-0.005845936895,,
r1_prototype,1691,0.01337002657,-0.004778481175,,
r1_prototype,1692,0.01106771312,-0.004827567899,,
r1_prototype,1693,0.001924827249,-0.00518825407,,
r1_prototype,1694,0.01599079232,-0.01045907581,,
r1_prototype,1695,0.003712230105,-0.004932672521,,
r1_prototype,1696,0.02125564971,-0.01447551354,,
r1_prototype,1697,-0.002748844225,-0.003373603115,,
r1_prototype,1698,-0.009486360364,-0.008149815287,,
r1_prototype,1699,0.005483364669,-0.007709298126,,
r1_prototype,1700,-0.0157857946,-0.004644462184,,
r1_prototype,1701,0.003825045552,-0.005149371499,,
r1_prototype,1702,-0.005657465698,-0.0018503314,,
r1_prototype,1703,-0.03890446361,0.002350477869,,
r1_prototype,1704,0.002238741185,-0.006806823441,,
r1_prototype,1705,0.005227554548,-0.01045714897,,
r1_prototype,1706,-0.01324184666,-0.006179047978,,
r1_prototype,1707,-0.02024771302,-0.0008357263905,,
r1_prototype,1708,-0.00526059352,-0.004335771721,,
r1_prototype,1709,-0.01410841286,-0.006982411996,,
r1_prototype,1710,-0.00823055978,-0.003776289134,,
r1_prototype,1711,-0.01632768254,-0.000207802204,,
r1_prototype,1712,0.007530677418,-0.007515768943,,
r1_prototype,1713,-0.008796630176,-0.005324359797,,
r1_prototype,1714,-0.00328487934,-0.005571321964,,
r1_prototype,1715,-0.02266233044,0.003220161632,,
r1_prototype,1716,-0.02664281302,0.0006666451941,,
r1_prototype,1717,-0.007475155067,-0.002946104006,,
r1_prototype,1718,0.01901823925,-0.01182950918,,
r1_prototype,1719,0.01973038199,-0.01121394784,,
r1_prototype,1720,0.01007110823,-0.01223574343,,
r1_prototype,1721,-0.02232909592,-0.0003437339869,,
r1_prototype,1722,0.009905394089,-0.004395014317,,
r1_prototype,1723,0.009343309514,-0.006753966405,,
r1_prototype,1724,0.001782331592,-0.005419835286,,
r1_prototype,1725,-0.01624582437,-0.008216344018,,
r1_prototype,1726,-0.003365077984,-0.00310698429,,
r1_prototype,1727,0.001374582182,-0.006982018147,,
r1_prototype,1728,0.004410590851,-0.007876418328,,
r1_prototype,1729,-0.003443497554,-0.008783879455,,
r1_prototype,1730,-0.001237748156,-0.002248022853,,
r1_prototype,1731,-0.01848558778,-0.001139996824,,
r1_prototype,1732,-0.01102811039,-0.003083858285,,
r1_prototype,1733,0.0123848647,-0.006572014691,,
r1_prototype,1734,0.01374029938,-0.0052716496,,
r1_prototype,1735,-0.01604233915,-0.003006391033,,
r1_prototype,1736,0.004097309999,-0.008888108804,,
r1_prototype,1737,-0.007430915714,-0.00782000958,,
r1_prototype,1738,-0.01477377397,-0.004617456912,,
r1_prototype,1739,-0.004549608318,-0.006539036539,,
r1_prototype,1740,-0.002210280538,-0.003939530541,,
r1_prototype,1741,-0.006108350937,-0.009097925312,,
r1_prototype,1742,-0.007189007021,-0.006198139834,,
r1_prototype,1743,0.02278210134,-0.00907651173,,
r1_prototype,1744,-0.01263950209,-0.001470765446,,
r1_prototype,1745,0.01564107873,-0.009084411929,,
r1_prototype,1746,-0.002208085298,-0.001720777975,,
r1_prototype,1747,-0.01098466442,-0.005290030171,,
r1_prototype,1748,0.006267001036,-0.007555041325,,
r1_prototype,1749,0.01003363105,-0.01203045198,,
r1_prototype,1750,0.01670518515,-0.01042679298,,
r1_prototype,1751,-0.003427742519,-0.005167987765,,
r1_prototype,1752,-0.003786520567,-0.0001785982901,,
r1_prototype,1753,-0.01492440203,-0.003821599529,,
r1_prototype,1754,0.02208695027,-0.0086669083,,
r1_prototype,1755,0.01659889471,-0.01139425898,,
r1_prototype,1756,0.0223355418,-0.01350988578,,
r1_prototype,1757,-0.001163239395,-0.009873964946,,
r1_prototype,1758,-0.01653937481,0.0009933058253,,
r1_prototype,1759,-0.01133729739,-0.001248042175,,
r1_prototype,1760,-0.003326390078,-0.004898993977,,
r1_prototype,1761,-0.01001172396,-0.005963046883,,
r1_prototype,1762,-0.003919375584,-0.005969908337,,
r1_prototype,1763,-0.01851984024,-0.005824563425,,
r1_prototype,1764,-0.0005766617562,-0.007504739332,,
r1_prototype,1765,0.006968232099,-0.006188826087,,
r1_prototype,1766,-0.00312929282,-0.006647353605,,
r1_prototype,1767,0.02448169946,-0.01305737441,,
r1_prototype,1768,-0.004809719056,-0.005416494264,,
r1_prototype,1769,-0.004455520106,-0.00596669644,,
r1_prototype,1770,-0.009732318404,-0.001096034882,,
r1_prototype,1771,-0.01732583486,-0.001742135035,,
r1_prototype,1772,-0.01175274878,-0.004890340157,,
r1_prototype,1773,0.003583785178,-0.007292637255,,
r1_prototype,1774,-0.02371502302,0.0002856846236,,
r1_prototype,1775,-0.02346171922,-0.00149553542,,
r1_prototype,1776,-0.02239742002,-0.001457247244,,
r1_prototype,1777,0.01174405581,-0.01023861556,,
r1_prototype,1778,-0.0106410694,-0.001503023385,,
r1_prototype,1779,0.02292151206,-0.01119567567,,
r1_prototype,1780,-0.01691490423,-0.002920364942,,
r1_prototype,1781,-0.02057298077,-0.002455453924,,
r1_prototype,1782,-0.02948282585,0.004870435327,,
r1_prototype,1783,0.005502976742,-0.009617799118,,
r1_prototype,1784,0.008663438834,-0.01059003671,,
r1_prototype,1785,0.01679467812,-0.00278846747,,
r1_prototype,1786,0.01485486652,-0.01113228591,,
r1_prototype,1787,-0.01137333414,-0.001371045312,,
r1_prototype,1788,0.00795753066,-0.007151690655,,
r1_prototype,1789,-0.01119993194,-0.003752986614,,
r1_prototype,1790,-0.007374263201,-0.005812901758,,
r1_prototype,1791,-0.01272043639,-0.003938249712,,
r1_prototype,1792,0.004120244848,-0.006193384374,,
r1_prototype,1793,0.01474097971,-0.01085821817,,
r1_prototype,1794,0.01446113853,-0.01014559681,,
r1_prototype,1795,-0.01013547842,-0.004124868208,,
r1_prototype,1796,-0.03229840659,0.001794668608,,
r1_prototype,1797,0.01044648405,-0.006178129147,,
r1_prototype,1798,0.01326409118,-0.008488218099,,
r1_prototype,1799,0.004093918368,-0.005743752005,,
r1_prototype,1800,-0.001426061271,-0.006087300043,,
r1_prototype,1801,0.006498407672,-0.003862017895,,
r1_prototype,1802,-0.01966105805,0.0003145962348,,
r1_prototype,1803,-0.01410639165,-0.003933424107,,
r1_prototype,1804,-0.008613611107,-0.004710256877,,
r1_prototype,1805,-0.006605906324,-0.004400742314,,
r1_prototype,1806,-0.007338665365,-0.007887925734,,
r1_prototype,1807,-0.01290074314,-0.0009596751779,,
r1_prototype,1808,-0.01271504227,-0.002974012422,,
r1_prototype,1809,-0.007276405485,-0.004947348278,,
r1_prototype,1810,-0.01856283687,-0.0008056522437,,
r1_prototype,1811,-0.004189158434,-0.002465222107,,
r1_prototype,1812,-0.003818466237,-0.008854179137,,
r1_prototype,1813,-0.01334893365,-0.004394199073,,
r1_prototype,1814,0.01626441614,-0.004141745084,,
r1_prototype,1815,-0.005698950812,-0.005434066026,,
r1_prototype,1816,0.009712285581,-0.008412505915,,
r1_prototype,1817,-0.004058763299,-0.00287046497,,
r1_prototype,1818,-0.01013166462,-0.002322009106,,
r1_prototype,1819,0.004935393475,-0.008620293617,,
r1_prototype,1820,-0.003938202841,-0.006938301732,,
r1_prototype,1821,-0.003283217139,-0.0022828526,,
r1_prototype,1822,0.005902019607,-0.005707552738,,
r1_prototype,1823,0.003704111693,-0.007949720827,,
r1_prototype,1824,0.01777090341,-0.009423667826,,
r1_prototype,1825,-0.01641214427,-0.005675134561,,
r1_prototype,1826,-0.01043431891,-0.002675405226,,
r1_prototype,1827,-0.01845391916,-2.043049337e-05,,
r1_prototype,1828,-0.0006205700856,-0.003828669173,,
r1_prototype,1829,-0.004426250937,-0.006200229552,,
r1_prototype,1830,-0.001829663265,-0.005126214855,,
r1_prototype,1831,-0.01665828241,-0.005018767548,,
r1_prototype,1832,0.01077043986,-0.004997323391,,
r1_prototype,1833,0.00451462731,-0.004247008396,,
r1_prototype,1834,0.009471293136,-0.0091045364,,
r1_prototype,1835,-0.005901856627,-0.007174665583,,
r1_prototype,1836,0.01439415308,-0.01022014875,,
r1_prototype,1837,-0.005242359699,-0.007178193438,,
r1_prototype,1838,0.007547016363,0.00073775345,,
r1_prototype,1839,-0.006751353912,-0.003759538995,,
r1_prototype,1840,-0.03784832574,0.006391332192,,
r1_prototype,1841,-0.01187047001,-0.004086738075,,
r1_prototype,1842,0.009272670157,-0.006982192299,,
r1_prototype,1843,0.01261578835,-0.008888901125,,
r1_prototype,1844,0.02073544889,-0.007210249177,,
r1_prototype,1845,-0.003420382639,-0.009541992482,,
r1_prototype,1846,-0.01232909273,-0.001056326959,,
r1_prototype,1847,-0.008620332694,-0.005353746909,,
r1_prototype,1848,-0.001381195315,-0.006574763512,,
r1_prototype,1849,-0.01911593849,-0.003462683709,,
r1_prototype,1850,0.005987383007,-0.002681118657,,
r1_prototype,1851,0.002656634791,-0.01069979962,,
r1_prototype,1852,-0.01848815383,-0.006735331796,,
r1_prototype,1853,0.01226394568,-0.01327157715,,
r1_prototype,1854,-0.006945935021,-0.00644939015,,
r1_prototype,1855,-0.02072480794,-0.001675349225,,
r1_prototype,1856,-0.02896796911,0.0007391391516,,
r1_prototype,1857,-0.006473894118,-0.004855986542,,
r1_prototype,1858,8.960655282e-05,-0.004127152579,,
r1_prototype,1859,-0.00148739153,-0.01006092691,,
r1_prototype,1860,-0.01974405455,-0.001005915624,,
r1_prototype,1861,0.002992805812,-0.003184763615,,
r1_prototype,1862,-0.007183511485,-0.004982677833,,
r1_prototype,1863,0.01909691045,-0.008440652397,,
r1_prototype,1864,0.01994942273,-0.006906981268,,
r1_prototype,1865,-0.004119006387,-0.003514851771,,
r1_prototype,1866,-0.02321625131,-0.003632595858,,
r1_prototype,1867,-0.007297080422,-0.001132448333,,
r1_prototype,1868,0.008668723482,-0.007345283731,,
r1_prototype,1869,-0.01555581544,-0.002486918543,,
r1_prototype,1870,-8.339336307e-05,-0.005550116726,,
r1_prototype,1871,0.01353640145,-0.006104339814,,
r1_prototype,1872,-0.002913222897,-0.004249493562,,
r1_prototype,1873,-0.03228260603,-0.0002422805915,,
r1_prototype,1874,0.003694806177,-0.00333827965,,
r1_prototype,1875,-0.02900688217,0.001263567644,,
r1_prototype,1876,-0.009825183639,-0.001647938222,,
r1_prototype,1877,-0.0001751620898,-0.006399122876,,
r1_prototype,1878,0.009899278429,-0.006436729861,,
r1_prototype,1879,-0.01986984375,-0.002126633765,,
r1_prototype,1880,-0.004912056801,-0.007686333174,,
r1_prototype,1881,-0.006178557035,-0.008360666692,,
r1_prototype,1882,0.01353463398,-0.008893182817,,
r1_prototype,1883,-0.004945004093,-0.00854692194,,
r1_prototype,1884,-0.002181819436,-0.005594628323,,
r1_prototype,1885,-0.008726143448,-0.0005358360287,,
r1_prototype,1886,-0.02759020058,-0.001195518975,,
r1_prototype,1887,0.005858214761,-0.003087604227,,
r1_prototype,1888,-0.01244180299,-0.006295195651,,
r1_prototype,1889,-0.0001730499553,-0.007798103906,,
r1_prototype,1890,-0.02002862001,-0.00238471385,,
r1_prototype,1891,0.01679494545,-0.01074877849,,
r1_prototype,1892,-0.003122908313,-0.006121785206,,
r1_prototype,1893,-0.002986106108,-0.002035220867,,
r1_prototype,1894,-0.003580547696,-0.005680797714,,
r1_prototype,1895,0.005784141679,-0.005450424721,,
r1_prototype,1896,-0.00907351757,-0.004133013567,,
r1_prototype,1897,-0.01078160645,-0.003468009581,,
r1_prototype,1898,0.0069157702,-0.007377478259,,
r1_prototype,1899,0.007969421671,-0.01206523495,,
r1_prototype,1900,-0.006787858314,-0.006187136774,,
r1_prototype,1901,-0.01453841792,-0.006204239438,,
r1_prototype,1902,-0.0364211744,0.002094928603,,
r1_prototype,1903,0.00565272004,-0.009123333151,,
r1_prototype,1904,0.01154043619,-0.009134767584,,
r1_prototype,1905,-0.01130641684,-0.001520503307,,
r1_prototype,1906,0.0001818841723,-0.002869066401,,
r1_prototype,1907,0.01294481692,-0.008575105276,,
r1_prototype,1908,0.02440378187,-0.01188314362,,
r1_prototype,1909,-0.02753913065,0.0008150156404,,
r1_prototype,1910,0.007418011338,-0.01011374332,,
r1_prototype,1911,-0.03200511697,0.0006476163754,,
r1_prototype,1912,0.006624069867,-0.009126585428,,
r1_prototype,1913,-0.001831572156,-0.001619155759,,
r1_prototype,1914,-0.006774913822,-0.002600420126,,
r1_prototype,1915,-0.005179614274,-0.00205073212,,
r1_prototype,1916,-0.006374068643,-0.006611286241,,
r1_prototype,1917,0.02191276795,-0.01171560509,,
r1_prototype,1918,-0.01527869786,-0.003331174113,,
r1_prototype,1919,-0.004150276566,-0.00418636286,,
r1_prototype,1920,-0.02309075079,-0.001761816601,,
r1_prototype,1921,0.009715260369,-0.00961254509,,
r1_prototype,1922,-0.01192753851,-0.005672804006,,
r1_prototype,1923,-0.01993140073,-0.0009826781925,,
r1_prototype,1924,-0.0183274261,-0.003253996237,,
r1_prototype,1925,0.01688701751,-0.006570869184,,
r1_prototype,1926,0.02337371158,-0.01085407553,,
r1_prototype,1927,-0.03858229375,-0.001405661799,,
r1_prototype,1928,-0.003112311091,-0.008630570753,,
r1_prototype,1929,-0.008418434459,-0.006585413532,,
r1_prototype,1930,0.004881626292,-0.008052976203,,
r1_prototype,1931,-0.00514282421,-0.007094699614,,
r1_prototype,1932,-0.02598425183,-0.003548150497,,
r1_prototype,1933,-0.0173665422,1.113745482e-05,,
r1_prototype,1934,-0.004022092203,-0.008632860084,,
r1_prototype,1935,-0.01040605905,-0.001499740765,,
r1_prototype,1936,-0.007146991951,-0.007410328529,,
r1_prototype,1937,-0.02754537996,0.0009449622963,,
r1_prototype,1938,-0.01481341512,-0.003267809997,,
r1_prototype,1939,-0.01021763761,-0.002577971177,,
r1_prototype,1940,-0.01169403214,-0.001760881758,,
r1_prototype,1941,0.02435974896,-0.006631567257,,
r1_prototype,1942,0.01026584374,-0.006368043491,,
r1_prototype,1943,0.01339100643,-0.01196799244,,
r1_prototype,1944,-0.01937366281,-0.003178454269,,
r1_prototype,1945,-0.01229072261,-0.008745274673,,
r1_prototype,1946,-0.006468398698,-0.005896143045,,
r1_prototype,1947,-0.009754727281,-0.002486315997,,
r1_prototype,1948,0.00298939529,-0.004321237427,,
r1_prototype,1949,0.01234251839,-0.01247927963,,
r1_prototype,1950,-0.01200515441,-0.004928092686,,
r1_prototype,1951,0.01256417024,-0.00772489902,,
r1_prototype,1952,-0.005679127858,-0.002653913435,,
r1_prototype,1953,0.005123885764,-0.002837532117,,
r1_prototype,1954,0.005169794714,-0.00483768769,,
r1_prototype,1955,-3.644084693e-05,-0.006900588575,,
r1_prototype,1956,0.0004363231515,-0.003376889359,,
r1_prototype,1957,-0.006564288653,-0.003302581507,,
r1_prototype,1958,-0.0114431627,-0.001300097936,,
r1_prototype,1959,0.01575836398,-0.005383034971,,
r1_prototype,1960,-0.02293841945,-0.004192408139,,
r1_prototype,1961,0.002174010478,-0.006113266136,,
r1_prototype,1962,0.0189787175,-0.005509431388,,
r1_prototype,1963,-0.01107095778,-0.004175960239,,
r1_prototype,1964,0.002412375857,0.002527350127,,
r1_prototype,1965,-0.01983067413,2.947506714e-05,,
r1_prototype,1966,-0.02040171035,-0.001719402636,,
r1_prototype,1967,0.002382307925,-0.005969190744,,
r1_prototype,1968,-0.009181837715,-0.007714299067,,
r1_prototype,1969,0.02218012312,-0.01070719712,,
r1_prototype,1970,-0.002738629842,-0.0106882916,,
r1_prototype,1971,-0.02603738563,-0.0003873936547,,
r1_prototype,1972,-0.018451838,-0.004423629622,,
r1_prototype,1973,-0.03320399241,-0.0008787764115,,
r1_prototype,1974,0.0009276914847,-0.009048698822,,
r1_prototype,1975,0.02559654551,-0.01135244852,,
r1_prototype,1976,-0.01311571732,-0.002223773758,,
r1_prototype,1977,0.01167393576,-0.005406146771,,
r1_prototype,1978,-0.0375245085,-0.001518808681,,
r1_prototype,1979,-0.01349544093,-0.004415542801,,
r1_prototype,1980,-0.003815251985,-0.006670013277,,
r1_prototype,1981,-0.0122762307,-0.003848275038,,
r1_prototype,1982,-0.01547413166,-0.0009013532944,,
r1_prototype,1983,-0.001524613203,-0.00861777895,,
r1_prototype,1984,-0.002138721613,-0.005028626524,,
r1_prototype,1985,0.01154469281,-0.01086645499,,
r1_prototype,1986,0.004030209184,-0.01160162337,,
r1_prototype,1987,0.0205764091,-0.01349567889,,
r1_prototype,1988,-0.01620033034,-0.00285322676,,
r1_prototype,1989,-0.0003483334605,-0.004620273211,,
r1_prototype,1990,0.005296027146,-0.002291277174,,
r1_prototype,1991,0.003609015659,-0.01119123401,,
r1_prototype,1992,0.0004109522268,-0.004130114535,,
r1_prototype,1993,-0.006865889166,-0.007128351138,,
r1_prototype,1994,0.02343728632,-0.0109344777,,
r1_prototype,1995,-0.01859870044,-0.004135472046,,
r1_prototype,1996,-0.01082613823,-0.001670087754,,
r1_prototype,1997,-0.01111012336,-0.005387922925,,
r1_prototype,1998,0.009742304558,-0.01226136208,,
r1_prototype,1999,0.001676981912,-0.001531503914,,
r1_prototype,2000,-0.003813921371,-0.004328703533,,
r1_prototype,2001,-0.002944383905,-0.002308385898,,
r1_prototype,2002,0.01213879022,-0.01189365688,,
r1_prototype,2003,0.01593838389,-0.009574132097,,
r1_prototype,2004,-0.00645104987,-0.006038938521,,
r1_prototype,2005,0.01233219464,-0.01046280036,,
r1_prototype,2006,-0.02588364352,-0.004215022983,,
r1_prototype,2007,0.0212932612,-0.01021692151,,
r1_prototype,2008,-0.00609135627,-0.003708360817,,
r1_prototype,2009,-0.02395472841,0.0002464964362,,
r1_prototype,2010,-0.02734125972,-0.006588984085,,
r1_prototype,2011,-0.0107532637,-0.004175477233,,
r1_prototype,2012,-0.004004871265,-0.00568640602,,
r1_prototype,2013,0.02786230309,-0.01239946869,,
r1_prototype,2014,-0.02116110726,0.0003340169035,,
r1_prototype,2015,-0.01710525405,-0.004987083417,,
r1_prototype,2016,0.01700815002,-0.01152403519,,
r1_prototype,2017,0.01241603888,-0.006464022812,,
r1_prototype,2018,0.01209494749,-0.008546355263,,
r1_prototype,2019,-0.0287619057,-0.002395653958,,
r1_prototype,2020,0.01758670844,-0.006916453149,,
r1_prototype,2021,-0.01495682571,-0.003357483759,,
r1_prototype,2022,0.0070566839,-0.01103256092,,
r1_prototype,2023,0.01334747755,-0.009293574959,,
r1_prototype,2024,-0.0267863232,-0.0002908124942,,
r1_prototype,2025,-0.002939634927,-0.00331346279,,
r1_prototype,2026,-0.002262089723,-0.004576792742,,
r1_prototype,2027,-0.02315473081,-0.007146558223,,
r1_prototype,2028,-0.0001573467091,-0.008534457641,,
r1_prototype,2029,-0.008282335073,-0.004111140523,,
r1_prototype,2030,-0.02491036759,0.0007852518132,,
r1_prototype,2031,-0.01126712868,-0.001996207903,,
r1_prototype,2032,-0.005512334203,-0.007555636842,,
r1_prototype,2033,-0.01652667213,-0.001883423286,,
r1_prototype,2034,-0.005895827461,-0.002668622834,,
r1_prototype,2035,-0.01229176485,-0.002574987875,,
r1_prototype,2036,-0.02197688437,-0.0001187845528,,
r1_prototype,2037,0.007269287987,-0.009623541231,,
r1_prototype,2038,-0.001081053867,-0.01131217678,,
r1_prototype,2039,0.001717018784,-0.00422169273,,
r1_prototype,2040,0.01237169062,-0.007816476002,,
r1_prototype,2041,-0.01217085633,-0.004419869415,,
r1_prototype,2042,0.006807870174,-0.005425734139,,
r1_prototype,2043,0.01215657686,-0.009215583136,,
r1_prototype,2044,0.02484107695,-0.009984851773,,
r1_prototype,2045,-1.101834682e-06,-0.005998871268,,
r1_prototype,2046,-0.04208837264,0.002442533837,,
r1_prototype,2047,-0.00291126668,-0.01061526072,,
r1_prototype,2048,-0.009332146964,-0.011291967,,
r1_prototype,2049,-0.02261117394,-0.007437787486,,
r1_prototype,2050,-0.005784236135,-0.006385867879,,
r1_prototype,2051,-0.01051182057,-0.004909313713,,
r1_prototype,2052,0.0001562563813,-0.006256552899,,
r1_prototype,2053,0.001399326794,-0.006010408935,,
r1_prototype,2054,-0.007048589832,0.001137102408,,
r1_prototype,2055,0.01422903762,-0.01038527055,,
r1_prototype,2056,0.01826786276,-0.008730452159,,
r1_prototype,2057,-0.00409950265,-0.004593763337,,
r1_prototype,2058,-0.01444673263,-0.00301787976,,
r1_prototype,2059,0.003200023647,-0.0107786671,,
r1_prototype,2060,0.009246757703,-0.00723312418,,
r1_prototype,2061,-0.004650503314,-0.0079181478,,
r1_prototype,2062,0.02326671619,-0.01139502612,,
r1_prototype,2063,-0.006671368646,-0.002713613624,,
r1_prototype,2064,-0.007175797246,-0.002017988891,,
r1_prototype,2065,0.009485723749,-0.005314085224,,
r1_prototype,2066,-0.007788540377,-0.003988540791,,
r1_prototype,2067,0.04386980563,-0.01417819224,,
r1_prototype,2068,-0.002535646316,-0.003935021358,,
r1_prototype,2069,-0.003193625315,-0.003237928066,,
r1_prototype,2070,-0.003698383308,-0.001844737673,,
r1_prototype,2071,0.002907115042,-0.006304894078,,
r1_prototype,2072,-0.007970604441,-0.00404158667,,
r1_prototype,2073,0.0008176586957,-0.002026110161,,
r1_prototype,2074,-0.01916166856,-0.0002228387913,,
r1_prototype,2075,-0.01039080255,-0.002205006548,,
r1_prototype,2076,-0.01874495125,-0.0068657798,,
r1_prototype,2077,0.01673257166,-0.0105859972,,
r1_prototype,2078,-0.008459892279,-0.003929574732,,
r1_prototype,2079,0.001565348103,-0.007639233989,,
r1_prototype,2080,-0.007952861557,-0.005686144316,,
r1_prototype,2081,-0.02061273659,-0.0005036820492,,
r1_prototype,2082,-0.002982244639,0.00101104613,,
r1_prototype,2083,-0.03133446426,0.003353194065,,
r1_prototype,2084,-0.0181955986,-0.0003640970057,,
r1_prototype,2085,0.01289379759,-0.01098503944,,
r1_prototype,2086,0.020243446,-0.009124362416,,
r1_prototype,2087,-0.01766304769,-0.004648234755,,
r1_prototype,2088,0.005107806279,-0.001456954389,,
r1_prototype,2089,-0.03350845095,-0.002158225206,,
r1_prototype,2090,-0.02828829198,-0.002269698903,,
r1_prototype,2091,0.0009607448404,-0.007128477004,,
r1_prototype,2092,-0.00305306667,-0.007289134243,,
r1_prototype,2093,-0.002317449,-0.004458508437,,
r1_prototype,2094,-0.002817199864,-0.001753098752,,
r1_prototype,2095,0.01537207716,-0.01013365581,,
r1_prototype,2096,0.005756293793,-0.005160073721,,
r1_prototype,2097,-0.002668266824,-0.005577477887,,
r1_prototype,2098,0.0001011678273,-0.005134445921,,
r1_prototype,2099,-0.004316438618,-0.008933024649,,
r1_prototype,2100,0.02448155315,-0.01336178855,,
r1_prototype,2101,0.002644612277,-0.001240879136,,
r1_prototype,2102,-0.008556889847,-0.003344212991,,
r1_prototype,2103,0.007151594818,-0.006586834406,,
r1_prototype,2104,0.01813743756,-0.004672402954,,
r1_prototype,2105,-0.003526552281,-0.01169712633,,
r1_prototype,2106,-0.01842334735,-0.003347166634,,
r1_prototype,2107,0.008891087591,-0.008319040011,,
r1_prototype,2108,-0.01584525292,-0.0009457293283,,
r1_prototype,2109,0.02755001779,-0.01236903371,,
r1_prototype,2110,-0.007028302608,-0.005708129766,,
r1_prototype,2111,0.02994402668,-0.01156995995,,
r1_prototype,2112,-0.01105753679,-0.002539521072,,
r1_prototype,2113,-0.02810596093,-0.002580374415,,
r1_prototype,2114,-0.009831425322,-0.00323706018,,
r1_prototype,2115,-0.01152776623,-0.005383261221,,
r1_prototype,2116,-0.02592083748,-0.0004156983442,,
r1_prototype,2117,0.02086390112,-0.01279928846,,
r1_prototype,2118,-0.007499600573,-0.00561009487,,
r1_prototype,2119,-0.002127689764,-0.006995348314,,
r1_prototype,2120,0.001964346365,-0.008941115438,,
r1_prototype,2121,0.008285643144,-0.009515948362,,
r1_prototype,2122,-0.004751253539,-0.007822684592,,
r1_prototype,2123,-0.01086086733,-0.003848187778,,
r1_prototype,2124,-0.0001581345132,-0.007365022755,,
r1_prototype,2125,0.001464666594,-0.003899417037,,
r1_prototype,2126,-0.006405236908,-0.004139635655,,
r1_prototype,2127,0.004419168333,-0.004635065113,,
r1_prototype,2128,-0.007766790111,-0.006736645693,,
r1_prototype,2129,-0.00119045542,-0.005433317243,,
r1_prototype,2130,-0.01226960244,-0.001758201575,,
r1_prototype,2131,0.001207876601,-0.004180132732,,
r1_prototype,2132,-0.009627837803,-0.004910559936,,
r1_prototype,2133,0.00462813129,-0.01045767485,,
r1_prototype,2134,0.02052970513,-0.01072099926,,
r1_prototype,2135,0.006707003749,-0.008798050868,,
r1_prototype,2136,-0.001000491831,-0.005693338334,,
r1_prototype,2137,-0.01549853294,-0.006096580131,,
r1_prototype,2138,-0.02361023545,-0.001145388588,,
r1_prototype,2139,0.003956941738,0.0001197711515,,
r1_prototype,2140,-0.02475287268,0.001271726067,,
r1_prototype,2141,-0.001303916048,-0.0044962871,,
r1_prototype,2142,-0.008466465335,-0.006030371672,,
r1_prototype,2143,0.0163240058,-0.009287038286,,
r1_prototype,2144,0.01380846955,-0.01198169468,,
r1_prototype,2145,0.0239164747,-0.01277016116,,
r1_prototype,2146,-0.01844889859,0.0009413791187,,
r1_prototype,2147,0.004498537434,-0.005259501994,,
r1_prototype,2148,0.03786000288,-0.01065570677,,
r1_prototype,2149,-0.006579135296,-0.007033480765,,
r1_prototype,2150,-0.02165848106,-0.002543396918,,
r1_prototype,2151,-0.00333416428,-0.006645941272,,
r1_prototype,2152,-0.002649779675,4.340503129e-05,,
r1_prototype,2153,-0.003628089676,-0.0003967212414,,
r1_prototype,2154,-0.01905058997,-0.003205334427,,
r1_prototype,2155,-0.01316455135,-2.968464327e-05,,
r1_prototype,2156,-0.0003871672003,-0.003224539035,,
r1_prototype,2157,0.01964214035,-0.009581683833,,
r1_prototype,2158,0.006846472343,-0.007739246401,,
r1_prototype,2159,-0.007776819497,-0.005571033024,,
r1_prototype,2160,0.008185626149,-0.004506447417,,
r1_prototype,2161,-0.0123108831,-0.001997525786,,
r1_prototype,2162,-0.004761220293,-0.004171966467,,
r1_prototype,2163,0.004916424423,-0.005475737891,,
r1_prototype,2164,0.007484122414,-0.01052024893,,
r1_prototype,2165,-0.007231934262,-0.0030358444,,
r1_prototype,2166,-0.02521752629,-0.0009681987579,,
r1_prototype,2167,0.001075944098,-0.00960835472,,
r1_prototype,2168,0.006018752885,-0.003480654546,,
r1_prototype,2169,0.001537994918,-0.006083034088,,
r1_prototype,2170,-0.02836047643,0.001429455126,,
r1_prototype,2171,-0.001502068263,-0.007078295586,,
r1_prototype,2172,-0.02650113358,-0.001594115833,,
r1_prototype,2173,-0.004662780108,-0.00522338505,,
r1_prototype,2174,0.02833904638,-0.01052073924,,
r1_prototype,2175,-0.01266942395,-0.005300099039,,
r1_prototype,2176,-0.008981724884,-0.006808780283,,
r1_prototype,2177,-0.03109222892,0.001674260704,,
r1_prototype,2178,0.007830565031,-0.005648194868,,
r1_prototype,2179,0.01156702613,-0.003229793553,,
r1_prototype,2180,-0.004422805094,-0.003345371366,,
r1_prototype,2181,-0.02590513419,-0.001351450401,,
r1_prototype,2182,0.004222551813,-0.006360523718,,
r1_prototype,2183,0.01499393593,-0.01022071332,,
r1_prototype,2184,-0.007484722339,-0.0004802040484,,
r1_prototype,2185,-0.01731537684,-0.003456134019,,
r1_prototype,2186,-0.008574691781,-0.002134051077,,
r1_prototype,2187,-0.008230273897,-0.003415631649,,
r1_prototype,2188,0.0138109743,-0.00903400119,,
r1_prototype,2189,-0.003330310517,-0.003741679775,,
r1_prototype,2190,-0.006206078356,-0.003595704851,,
r1_prototype,2191,-0.01487850291,-0.002555728277,,
r1_prototype,2192,0.00159312042,-0.001875447024,,
r1_prototype,2193,-0.01272800703,-0.00323824045,,
r1_prototype,2194,-0.03176766789,0.0003340542419,,
r1_prototype,2195,0.01010949518,-0.00587291708,,
r1_prototype,2196,-0.03018505359,-0.003321076774,,
r1_prototype,2197,-0.01669061768,-0.001432870798,,
r1_prototype,2198,-0.02145427232,-0.005000887291,,
r1_prototype,2199,0.003855772734,-0.006974090115,,
r1_prototype,2200,-0.002753978463,-0.00147328269,,
r1_prototype,2201,-0.02804587271,0.0004447178669,,
r1_prototype,2202,-0.01398477366,-0.006186946426,,
r1_prototype,2203,0.006769929878,-0.008054632434,,
r1_prototype,2204,-0.0231489867,0.000900087518,,
r1_prototype,2205,-0.008836971973,-0.002742042706,,
r1_prototype,2206,-0.00604477483,-0.004875718451,,
r1_prototype,2207,0.01924589313,-0.009863397667,,
r1_prototype,2208,-0.007130315334,-0.004866428436,,
r1_prototype,2209,-0.01062289632,-0.00127367433,,
r1_prototype,2210,-0.008170826098,-0.005855217804,,
r1_prototype,2211,0.01284489611,-0.005332566609,,
r1_prototype,2212,-0.006929404422,-0.005488421375,,
r1_prototype,2213,-0.0008109084531,-0.006298702031,,
r1_prototype,2214,-0.02988316613,0.0005854506026,,
r1_prototype,2215,-0.004976171891,-0.009033040849,,
r1_prototype,2216,-0.01628709806,-0.007333368484,,
r1_prototype,2217,-0.00512324861,-0.007364765765,,
r1_prototype,2218,0.0114549111,-0.008462772634,,
r1_prototype,2219,0.02671578519,-0.00683769567,,
r1_prototype,2220,0.006491842947,-0.0002509528389,,
r1_prototype,2221,0.005068713212,-0.006028127614,,
r1_prototype,2222,-0.01024681299,-0.002329735524,,
r1_prototype,2223,6.167146329e-05,-0.004003148284,,
r1_prototype,2224,-0.01058648735,-0.0016649321,,
r1_prototype,2225,0.0109623188,-0.01169946216,,
r1_prototype,2226,-0.001409820559,-0.002951509448,,
r1_prototype,2227,-0.008548467385,-0.00155707024,,
r1_prototype,2228,-0.001679258058,-0.003542589895,,
r1_prototype,2229,-0.01184993521,-0.001061521011,,
r1_prototype,2230,-0.003741861063,-0.006893787228,,
r1_prototype,2231,-0.004368616387,-0.003940341945,,
r1_prototype,2232,-0.007153458125,-0.004169174711,,
r1_prototype,2233,-0.0241756258,-0.00123468505,,
r1_prototype,2234,0.00121335819,-0.004232375672,,
r1_prototype,2235,0.003471207527,-0.002842454057,,
r1_prototype,2236,-0.002785374775,-0.006750635203,,
r1_prototype,2237,-0.007260046794,-0.004221867417,,
r1_prototype,2238,-0.005156822598,-0.001775839717,,
r1_prototype,2239,-0.0245922716,0.0002198442153,,
r1_prototype,2240,-0.02101455689,-0.002182898634,,
r1_prototype,2241,-0.01537397179,0.0018901302,,
r1_prototype,2242,0.0009962558614,-0.009097364678,,
r1_prototype,2243,0.01743754189,-0.008568860386,,
r1_prototype,2244,-0.03464204638,0.002994836427,,
r1_prototype,2245,-0.00250612005,-0.006517890563,,
r1_prototype,2246,0.0001350143718,-0.01003976742,,
r1_prototype,2247,-0.01349468336,-0.001635509043,,
r1_prototype,2248,0.01810254202,-0.01107476314,,
r1_prototype,2249,0.008995544349,-0.004965920015,,
r1_prototype,2250,-0.01416438972,-0.001577839776,,
r1_prototype,2251,-0.004004218412,-0.00357080384,,
r1_prototype,2252,0.009646893188,-0.01085098244,,
r1_prototype,2253,-0.002306311287,-0.009769927755,,
r1_prototype,2254,-0.02232880893,-0.002898209477,,
r1_prototype,2255,0.007139534841,-0.009418505595,,
r1_prototype,2256,0.0131491835,-0.01119166109,,
r1_prototype,2257,-0.01256833951,-0.003245396512,,
r1_prototype,2258,-0.01523011469,-0.003879026978,,
r1_prototype,2259,-0.003892462747,-0.001396304983,,
r1_prototype,2260,0.001416090301,-0.005207090675,,
r1_prototype,2261,-0.007498028752,-0.009627764878,,
r1_prototype,2262,-0.005533719666,-0.006408296136,,
r1_prototype,2263,-0.00403404414,-0.009396903207,,
r1_prototype,2264,0.003982103624,-0.004716395548,,
r1_prototype,2265,-0.01752260335,-0.004833063448,,
r1_prototype,2266,-0.01298556077,-0.003235547454,,
r1_prototype,2267,0.009500950343,-0.006580195573,,
r1_prototype,2268,-0.007971669926,-0.005200700968,,
r1_prototype,2269,0.0112816059,-0.006052910274,,
r1_prototype,2270,-0.001610037301,-0.003098789613,,
r1_prototype,2271,-0.02076696232,-0.004889838948,,
r1_prototype,2272,-0.009366649306,-0.002533434376,,
r1_prototype,2273,-0.0023014514,-0.004649291762,,
r1_prototype,2274,-0.006724139076,-0.005864010223,,
r1_prototype,2275,0.02816954463,-0.01249396816,,
r1_prototype,2276,-0.03149448555,-0.0001894246896,,
r1_prototype,2277,-0.01963225711,-0.00443046335,,
r1_prototype,2278,-0.008698623437,-0.001172676698,,
r1_prototype,2279,0.003303160363,-0.007729590632,,
r1_prototype,2280,0.001185658169,-0.005187306222,,
r1_prototype,2281,0.02341163948,-0.01211994601,,
r1_prototype,2282,-0.02578452035,-0.0002829917569,,
r1_prototype,2283,-0.01175078861,-0.004364669357,,
r1_prototype,2284,-0.005306850495,-0.00757836377,,
r1_prototype,2285,-0.008901562689,-0.003605372748,,
r1_prototype,2286,-0.002255709183,-0.002591392893,,
r1_prototype,2287,0.01290675379,-0.00587719395,,
r1_prototype,2288,-0.007615013054,-0.008936376348,,
r1_prototype,2289,-0.01028459009,-0.003777565288,,
r1_prototype,2290,-0.009434018713,-0.003857513069,,
r1_prototype,2291,-0.01001283664,-0.0004490098279,,
r1_prototype,2292,0.01239032152,-0.007673124663,,
r1_prototype,2293,0.002724317091,-0.006597949703,,
r1_prototype,2294,0.007905434697,-0.003551178112,,
r1_prototype,2295,0.01250324343,-0.01004879158,,
r1_prototype,2296,-0.02444836268,-0.005722520727,,
r1_prototype,2297,-0.021555433,0.0007305875237,,
r1_prototype,2298,-0.01913949741,-0.00471942245,,
r1_prototype,2299,-0.02496480939,-0.002195498102,,
r1_prototype,2300,-0.000925502333,-0.005877973599,,
r1_prototype,2301,0.0005413541295,-0.007414500765,,
r1_prototype,2302,-0.01846887328,-0.00105172614,,
r1_prototype,2303,-0.0003751507328,-0.003937762117,,
r1_prototype,2304,-0.01475612149,-0.0007054959473,,
r1_prototype,2305,-0.008744274497,-0.005265672899,,
r1_prototype,2306,0.0124412535,-0.008677928928,,
r1_prototype,2307,-0.001114369019,-0.007365236888,,
r1_prototype,2308,-0.008401086422,-0.003909557496,,
r1_prototype,2309,-0.003348496558,-0.007996561198,,
r1_prototype,2310,-0.02452671734,-0.00195751193,,
r1_prototype,2311,-0.005177305984,-0.002185278034,,
r1_prototype,2312,-0.01170383178,-0.001541312646,,
r1_prototype,2313,-0.004554031954,-0.004309731832,,
r1_prototype,2314,-0.008739089133,-0.004517446006,,
r1_prototype,2315,0.01531858626,-0.01456536024,,
r1_prototype,2316,-0.00159903811,-0.009364205949,,
r1_prototype,2317,0.007243731852,-0.0112981932,,
r1_prototype,2318,0.007650256156,-0.007860052619,,
r1_prototype,2319,-0.009405576401,-0.00606085145,,
r1_prototype,2320,-0.01275241629,-0.002850617188,,
r1_prototype,2321,0.004889837429,-0.005002565551,,
r1_prototype,2322,-0.01076215281,-0.001952755869,,
r1_prototype,2323,0.01439193473,-0.006075331693,,
r1_prototype,2324,0.008382494431,-0.00426976013,,
r1_prototype,2325,-0.01437422349,-0.00166514083,,
r1_prototype,2326,-0.01049486782,-0.005476612084,,
r1_prototype,2327,-0.01215727724,-0.002810874206,,
r1_prototype,2328,0.003616725065,-0.004164557783,,
r1_prototype,2329,0.004691618157,-0.00659870214,,
r1_prototype,2330,-0.01217077368,-0.002928071126,,
r1_prototype,2331,0.001211591794,-0.007013747318,,
r1_prototype,2332,-0.004768340109,-0.002078074396,,
r1_prototype,2333,0.003527894641,-0.007353741356,,
r1_prototype,2334,-0.008771179112,-0.006552339176,,
r1_prototype,2335,-0.02186953276,-0.001383749311,,
r1_prototype,2336,-0.005220979888,-0.004321266424,,
r1_prototype,2337,-0.01052344302,-0.003434853791,,
r1_prototype,2338,-0.01107811243,-0.007523489822,,
r1_prototype,2339,-0.007762450652,-0.0103564691,,
r1_prototype,2340,-0.005314349637,-0.004977381665,,
r1_prototype,2341,0.000856586728,-0.00675652752,,
r1_prototype,2342,-0.005292432554,-0.001461589067,,
r1_prototype,2343,0.006194702534,-0.005170792669,,
r1_prototype,2344,-0.0232186147,-0.004585641539,,
r1_prototype,2345,0.01704706238,-0.01195108684,,
r1_prototype,2346,0.01444596309,-0.008523553826,,
r1_prototype,2347,0.01145987115,-0.004035276075,,
r1_prototype,2348,-0.0156184098,-0.001069804251,,
r1_prototype,2349,-0.004735891175,-0.004716283449,,
r1_prototype,2350,-0.00856347318,-0.004646733436,,
r1_prototype,2351,-0.0100599845,-0.00299198364,,
r1_prototype,2352,0.007811171998,-0.003149754803,,
r1_prototype,2353,-0.02186320544,-0.003925351794,,
r1_prototype,2354,-0.03469764329,0.002202799082,,
r1_prototype,2355,-0.007734419574,-0.003622856794,,
r1_prototype,2356,-0.01371776533,-0.003797464401,,
r1_prototype,2357,0.0005064925768,-0.002562108843,,
r1_prototype,2358,0.001471915395,-0.005364106268,,
r1_prototype,2359,-0.02621402189,-0.001832746688,,
r1_prototype,2360,-0.03033777074,-0.001242324693,,
r1_prototype,2361,0.01015058323,-0.008283840697,,
r1_prototype,2362,0.008838528792,-0.008834337055,,
r1_prototype,2363,0.02180336021,-0.005262845306,,
r1_prototype,2364,-0.003564577274,-0.00483599392,,
r1_prototype,2365,0.003695724468,-0.002838066598,,
r1_prototype,2366,0.01752107294,-0.009913726227,,
r1_prototype,2367,-0.007896228382,-0.003492533874,,
r1_prototype,2368,-0.01131058119,-0.001803116515,,
r1_prototype,2369,0.008462394055,-0.007467902179,,
r1_prototype,2370,0.01568660262,-0.00489962044,,
r1_prototype,2371,-0.02282074351,-0.0008178911562,,
r1_prototype,2372,-0.006034507639,-0.002797339903,,
r1_prototype,2373,-0.009097342313,-0.002755088627,,
r1_prototype,2374,0.01523689074,-0.009153937407,,
r1_prototype,2375,-0.00561161857,-0.006971237286,,
r1_prototype,2376,0.01367693235,-0.008418944706,,
r1_prototype,2377,-0.01521101634,-0.003606794481,,
r1_prototype,2378,-0.007882722788,-0.009931993291,,
r1_prototype,2379,0.01276245776,-0.01166364035,,
r1_prototype,2380,-0.02129925565,0.002675317169,,
r1_prototype,2381,-0.01126181356,-0.002704193528,,
r1_prototype,2382,-0.01216685477,-0.006884388194,,
r1_prototype,2383,-0.007140351818,-0.003169886396,,
r1_prototype,2384,-0.003848474796,-0.002576472873,,
r1_prototype,2385,0.00384945143,-0.006777717444,,
r1_prototype,2386,-0.02800199581,-0.00288607999,,
r1_prototype,2387,-0.01648557094,0.0004375845073,,
r1_prototype,2388,0.007433920449,-0.009106909818,,
r1_prototype,2389,0.004278568318,-0.006246796145,,
r1_prototype,2390,-0.00782542792,-0.003427256139,,
r1_prototype,2391,-0.0192296107,-0.003318739149,,
r1_prototype,2392,-0.004827977535,-0.006633150852,,
r1_prototype,2393,0.007119324189,-0.005234611584,,
r1_prototype,2394,0.006979296954,-0.01303948365,,
r1_prototype,2395,-0.02162759525,0.001381568264,,
r1_prototype,2396,0.01208938312,-0.01048024881,,
r1_prototype,2397,-0.02476363403,-0.004804650639,,
r1_prototype,2398,-0.02283003065,-0.003936505753,,
r1_prototype,2399,0.01492825179,-0.006165884409,,
r1_prototype,2400,-0.01685665947,-0.00252852486,,
r1_prototype,2401,-0.009157713888,-0.006207598737,,
r1_prototype,2402,-0.001733242243,-0.0116009632,,
r1_prototype,2403,0.01175871283,-0.01053939741,,
r1_prototype,2404,-0.009617586048,-0.001436374004,,
r1_prototype,2405,-0.003389279703,-0.006697865105,,
r1_prototype,2406,-0.001717158815,-0.008776817999,,
r1_prototype,2407,0.01126105919,-8.414063242e-05,,
r1_prototype,2408,0.004430897835,-0.008079995342,,
r1_prototype,2409,-0.005005961392,-0.00246274087,,
r1_prototype,2410,-0.00617751136,-0.0007723962701,,
r1_prototype,2411,-0.01663136579,-0.003986634307,,
r1_prototype,2412,-0.01209109973,-0.003174327535,,
r1_prototype,2413,0.00594474889,-0.004866715434,,
r1_prototype,2414,0.02331026404,-0.01021072588,,
r1_prototype,2415,0.001552244225,-0.006625908662,,
r1_prototype,2416,-0.003545946709,-0.008161413549,,
r1_prototype,2417,-0.005174761246,-0.004566277284,,
r1_prototype,2418,-0.03407422464,6.613443608e-05,,
r1_prototype,2419,-0.008880553369,-0.005332655821,,
r1_prototype,2420,-0.01924707084,-0.0004804808752,,
r1_prototype,2421,0.01092135315,-0.01072546039,,
r1_prototype,2422,-0.01357838726,-0.001705248706,,
r1_prototype,2423,-0.02106984517,0.0006827755171,,
r1_prototype,2424,-0.007731712056,-0.002441868987,,
r1_prototype,2425,-0.007529327712,-0.004992005299,,
r1_prototype,2426,-0.01322582853,3.125853384e-05,,
r1_prototype,2427,-0.007145416912,-0.003817315408,,
r1_prototype,2428,-0.007669684442,-0.004118752813,,
r1_prototype,2429,0.0181484166,-0.009316825958,,
r1_prototype,2430,0.005188914949,-0.0107797618,,
r1_prototype,2431,-0.03750732688,0.00538127321,,
r1_prototype,2432,-0.02912141913,-0.002859170917,,
r1_prototype,2433,-0.00473556769,-0.004407046102,,
r1_prototype,2434,0.01738322444,-0.01341824593,,
r1_prototype,2435,0.02523764115,-0.01166890258,,
r1_prototype,2436,-0.01227466759,0.0008467141145,,
r1_prototype,2437,-0.01623290726,-0.002634775634,,
r1_prototype,2438,0.01682173049,-0.006037538391,,
r1_prototype,2439,-0.02827205936,0.00208795059,,
r1_prototype,2440,0.01886198377,-0.006904839286,,
r1_prototype,2441,-0.005126429643,-0.005862609589,,
r1_prototype,2442,0.008500735243,-0.009800497865,,
r1_prototype,2443,-0.03481635609,0.002077207214,,
r1_prototype,2444,0.01421272036,-0.009947132479,,
r1_prototype,2445,-0.005965461922,-0.001766280838,,
r1_prototype,2446,-0.01017794799,-0.003037070113,,
r1_prototype,2447,0.01302629672,-0.005180221983,,
r1_prototype,2448,0.01854069159,-0.007934484119,,
r1_prototype,2449,0.002973594676,-0.006250256068,,
r1_prototype,2450,0.009986949769,-0.007252878705,,
r1_prototype,2451,-0.002579641959,-0.01019654803,,
r1_prototype,2452,0.000855078505,-0.008446516161,,
r1_prototype,2453,-0.004862414686,-0.007178979561,,
r1_prototype,2454,0.0003001921578,-0.007432549762,,
r1_prototype,2455,0.02125756583,-0.01141309197,,
r1_prototype,2456,-0.002506619797,-0.01068388686,,
r1_prototype,2457,-0.01332761785,-0.004621306908,,
r1_prototype,2458,0.005915565244,-0.004503936389,,
r1_prototype,2459,0.002030628003,-0.005572589356,,
r1_prototype,2460,-0.01288665525,-0.003139295164,,
r1_prototype,2461,0.002883269741,-0.008632481886,,
r1_prototype,2462,-0.01605093858,-0.001978894592,,
r1_prototype,2463,0.005152010027,-0.004000688036,,
r1_prototype,2464,0.006214806346,-0.003207648124,,
r1_prototype,2465,-0.01654505389,-0.003256741455,,
r1_prototype,2466,0.00455245308,-0.004441841581,,
r1_prototype,2467,0.01138575341,-0.009982089031,,
r1_prototype,2468,0.003008251807,-0.00720161221,,
r1_prototype,2469,0.01125298351,-0.008489133619,,
r1_prototype,2470,0.006193159652,-0.00997573161,,
r1_prototype,2471,-0.01047364694,-0.007948370802,,
r1_prototype,2472,-0.002622049236,-0.007027393887,,
r1_prototype,2473,0.002561043888,-0.009253005972,,
r1_prototype,2474,-0.008536143497,-0.002503936008,,
r1_prototype,2475,-0.0003699573455,-0.005036259174,,
r1_prototype,2476,0.01299954,-0.007532812419,,
r1_prototype,2477,0.001650287077,-0.01012402157,,
r1_prototype,2478,0.003218316943,-0.01135747223,,
r1_prototype,2479,0.008782681236,-0.004814412141,,
r1_prototype,2480,-0.008816812197,-0.003604431394,,
r1_prototype,2481,-0.0128697023,-0.004692039556,,
r1_prototype,2482,-0.009941275125,-0.003955323941,,
r1_prototype,2483,-0.002018559069,-0.007514216038,,
r1_prototype,2484,-0.02269962264,-0.003501387982,,
r1_prototype,2485,-0.01996195994,-0.002136322421,,
r1_prototype,2486,-0.01179507048,-0.001719658094,,
r1_prototype,2487,-0.00486814178,-0.005287831449,,
r1_prototype,2488,0.002033141202,-0.008317500892,,
r1_prototype,2489,-0.03181825347,-0.001558692808,,
r1_prototype,2490,-0.005779270643,-0.006504305352,,
r1_prototype,2491,0.0009532894851,-0.00287096017,,
r1_prototype,2492,-0.007085551547,-0.004874163158,,
r1_prototype,2493,-0.009423724011,0.001846525754,,
r1_prototype,2494,0.009511986658,-0.009063995289,,
r1_prototype,2495,0.01022037602,-0.009659059973,,
r1_prototype,2496,-0.0008802900915,-0.005660517575,,
r1_prototype,2497,0.003420597655,-0.009946950998,,
r1_prototype,2498,0.01826173273,-0.006583554164,,
r1_prototype,2499,-0.004269628368,-0.003451655209,,
r1_prototype,2500,-0.004787168599,-0.005043492634,,
r1_prototype,2501,-0.01274460098,-0.001280204294,,
r1_prototype,2502,-0.004196104701,-0.005788841462,,
r1_prototype,2503,-0.02279554399,0.004460435111,,
r1_prototype,2504,-0.02091175365,0.003711470471,,
r1_prototype,2505,-0.009477063001,-0.004913463064,,
r1_prototype,2506,-0.0003015064448,-0.005347025429,,
r1_prototype,2507,-0.02731256309,0.001295605237,,
r1_prototype,2508,0.02114389857,-0.008813016049,,
r1_prototype,2509,-0.0233980409,-0.003150997805,,
r1_prototype,2510,-0.008608515949,-0.001863495124,,
r1_prototype,2511,-0.009022494517,-0.005213456977,,
r1_prototype,2512,0.001226614375,-0.001856580946,,
r1_prototype,2513,0.004044787614,-0.0002587405041,,
r1_prototype,2514,-0.02355363144,-0.0006132006115,,
r1_prototype,2515,-0.02269118621,-0.001592731701,,
r1_prototype,2516,-0.01004759362,-0.003789789267,,
r1_prototype,2517,-0.01543459206,-0.001894511517,,
r1_prototype,2518,-0.00545820816,-0.004457957422,,
r1_prototype,2519,0.003163772613,-0.01098808785,,
r1_prototype,2520,0.006158923928,-0.008305170046,,
r1_prototype,2521,-0.00102256164,-0.003802380403,,
r1_prototype,2522,0.005474429069,-0.004908851238,,
r1_prototype,2523,-0.02113597088,-0.0002782467915,,
r1_prototype,2524,-0.01883900622,-0.006287119281,,
r1_prototype,2525,-0.005004108204,-0.003969550059,,
r1_prototype,2526,-0.009187012441,-0.005438117307,,
r1_prototype,2527,-0.006470532911,-0.004369564215,,
r1_prototype,2528,-0.0115135029,-0.006986125647,,
r1_prototype,2529,-0.005224784498,-0.000816283657,,
r1_prototype,2530,-0.002970673966,-0.005293240558,,
r1_prototype,2531,0.01040757081,-0.008051094678,,
r1_prototype,2532,0.005811848129,-0.00620728724,,
r1_prototype,2533,0.01179955555,-0.002864308613,,
r1_prototype,2534,-0.02127149319,-0.002796609498,,
r1_prototype,2535,-0.02462104248,-0.003779460973,,
r1_prototype,2536,-0.01973314931,-0.002892065388,,
r1_prototype,2537,0.004096297933,-0.007117431917,,
r1_prototype,2538,0.001014220706,-0.007413098754,,
r1_prototype,2539,0.01178192484,-0.00898459482,,
r1_prototype,2540,-0.01083900027,-0.002475266875,,
r1_prototype,2541,-0.007943685051,-0.001767706762,,
r1_prototype,2542,0.02229220162,-0.01211259011,,
r1_prototype,2543,0.01389700392,-0.01196430201,,
r1_prototype,2544,4.802836246e-05,-0.001973465715,,
r1_prototype,2545,-0.00672351789,-0.005248420166,,
r1_prototype,2546,-0.005328158047,-0.00286883464,,
r1_prototype,2547,0.003668305087,-0.00973137142,,
r1_prototype,2548,0.006170680264,-0.01217339057,,
r1_prototype,2549,0.002534616142,-0.005590673203,,
r1_prototype,2550,0.00464530952,-0.0123890673,,
r1_prototype,2551,-0.0270376455,0.003472508527,,
r1_prototype,2552,-0.004211491318,-0.00509561749,,
r1_prototype,2553,0.00446810147,-0.009854607678,,
r1_prototype,2554,-0.01440267514,-0.001286125081,,
r1_prototype,2555,-0.01230073018,-0.0006778669254,,
r1_prototype,2556,-0.009244558381,-0.008408416303,,
r1_prototype,2557,-0.02320232202,-0.002526773445,,
r1_prototype,2558,-0.01377506423,-0.003384658799,,
r1_prototype,2559,-0.006012918222,-0.006673586893,,
r1_prototype,2560,0.02018387736,-0.006474244442,,
r1_prototype,2561,0.001969315495,-0.008126651258,,
r1_prototype,2562,-0.004051397777,-0.009008036336,,
r1_prototype,2563,-0.0136113141,-0.001465838364,,
r1_prototype,2564,-0.02042149135,0.002045041762,,
r1_prototype,2565,0.00570239277,-0.007119451393,,
r1_prototype,2566,-0.001924111832,-0.008159109752,,
r1_prototype,2567,-0.009460727837,-0.003351537972,,
r1_prototype,2568,0.001273397889,-0.00657538971,,
r1_prototype,2569,-0.002963125245,-0.003913547209,,
r1_prototype,2570,0.002132799429,-0.008162918586,,
r1_prototype,2571,-0.008658137148,-0.008468449077,,
r1_prototype,2572,-0.01255007568,-0.0047376475,,
r1_prototype,2573,-0.01948345019,-0.001536295243,,
r1_prototype,2574,-0.002174200504,-0.01057824322,,
r1_prototype,2575,-0.007611621949,-0.007142197074,,
r1_prototype,2576,0.01100479099,-0.009275546396,,
r1_prototype,2577,0.0004337498247,-0.008115456337,,
r1_prototype,2578,0.002620718067,-0.007950515933,,
r1_prototype,2579,0.01102166219,-0.01268710719,,
r1_prototype,2580,0.009083466189,-0.008420635051,,
r1_prototype,2581,-0.009144237073,-0.005252977945,,
r1_prototype,2582,-0.01064165511,-0.004905512092,,
r1_prototype,2583,-0.02745675746,-0.0006591821585,,
r1_prototype,2584,-0.003826514988,-0.006827730418,,
r1_prototype,2585,-0.01740573431,-0.005019798993,,
r1_prototype,2586,-0.008204760688,-0.004292812412,,
r1_prototype,2587,0.01606466919,-0.01057455257,,
r1_prototype,2588,-0.0007976172391,-0.008982307201,,
r1_prototype,2589,-0.007875512509,-0.002668086677,,
r1_prototype,2590,0.000196064945,-0.004591445513,,
r1_prototype,2591,-0.03498112964,0.003213012222,,
r1_prototype,2592,-0.0238552469,0.0019158939,,
r1_prototype,2593,0.01964667174,-0.01402511209,,
r1_prototype,2594,-0.015087448,-0.00361076034,,
r1_prototype,2595,-0.01481724797,-0.004571599083,,
r1_prototype,2596,-0.00346958053,-0.005506964285,,
r1_prototype,2597,0.02380877428,-0.01302750144,,
r1_prototype,2598,-0.008385852308,-0.003768103427,,
r1_prototype,2599,0.01945460064,-0.0106438405,,
r1_prototype,2600,0.001312587594,-0.009560887095,,
r1_prototype,2601,-0.007749085369,-0.005062188606,,
r1_prototype,2602,0.009031262693,-0.007091936439,,
r1_prototype,2603,0.01591467759,-0.007637696762,,
r1_prototype,2604,-0.009029907951,-0.00102794849,,
r1_prototype,2605,-0.0004162843981,-0.005400041831,,
r1_prototype,2606,-0.03166253066,0.002075778605,,
r1_prototype,2607,0.01025634495,-0.007695403889,,
r1_prototype,2608,-0.0173759613,-0.007131203498,,
r1_prototype,2609,-0.01494663329,0.001965185638,,
r1_prototype,2610,0.0003612401133,-0.005380408479,,
r1_prototype,2611,-0.02266238538,-0.0009625599679,,
r1_prototype,2612,-0.0007308469721,-0.00789773664,,
r1_prototype,2613,0.002980022276,-0.003363936154,,
r1_prototype,2614,-0.005286905437,-0.003217624242,,
r1_prototype,2615,0.004942023244,-0.009581543853,,
r1_prototype,2616,0.02749239086,-0.01312175869,,
r1_prototype,2617,-0.007349415658,-0.001981099827,,
r1_prototype,2618,-0.005928112874,-0.003844080913,,
r1_prototype,2619,0.01413423387,-0.007150465282,,
r1_prototype,2620,0.003627522115,-0.01212211719,,
r1_prototype,2621,-0.004220018533,-0.00640838092,,
r1_prototype,2622,-0.002897167907,-0.003475307894,,
r1_prototype,2623,-0.02187126613,-0.001861554974,,
r1_prototype,2624,0.003629798861,-0.004973633262,,
r1_prototype,2625,-0.009595595123,-0.003026990395,,
r1_prototype,2626,-0.02339330166,0.0008460476659,,
r1_prototype,2627,0.007958329635,-0.009505922365,,
r1_prototype,2628,-0.02257886283,0.0005089168082,,
r1_prototype,2629,-0.00986218329,-0.00561232343,,
r1_prototype,2630,-0.01725614177,-0.001523147878,,
r1_prototype,2631,-0.005187475775,-0.005802198266,,
r1_prototype,2632,0.00815485661,-0.004920798179,,
r1_prototype,2633,-0.006311660813,-0.00485184503,,
r1_prototype,2634,0.004019726428,-0.00597894087,,
r1_prototype,2635,0.003592858837,-0.006125485505,,
r1_prototype,2636,-0.01850092364,-0.001216336616,,
r1_prototype,2637,-0.009867509289,-0.001102105347,,
r1_prototype,2638,0.005649546961,-0.003437129971,,
r1_prototype,2639,-0.01542310414,-0.002579144289,,
r1_prototype,2640,0.01117635409,-0.008874534625,,
r1_prototype,2641,-0.01345262521,-0.004688219047,,
r1_prototype,2642,0.002888435305,-0.005867930931,,
r1_prototype,2643,-0.01293655522,1.299557906e-05,,
r1_prototype,2644,0.01408002037,-0.008308574315,,
r1_prototype,2645,-0.01913758824,-0.001358137772,,
r1_prototype,2646,-0.02681168448,-0.003465491733,,
r1_prototype,2647,-0.0001177928348,-0.005540462586,,
r1_prototype,2648,-0.03717253915,0.003867306829,,
r1_prototype,2649,0.01623945083,-0.006058529106,,
r1_prototype,2650,-0.001491383139,-0.00702833134,,
r1_prototype,2651,0.007269689712,-0.00525573082,,
r1_prototype,2652,0.005538198445,-0.004547659241,,
r1_prototype,2653,-0.03254357656,0.002103534013,,
r1_prototype,2654,0.008106249163,-0.009764427969,,
r1_prototype,2655,0.007225626547,-0.01039620754,,
r1_prototype,2656,-0.007466428924,-0.005284333779,,
r1_prototype,2657,-0.02324196129,-0.002543093882,,
r1_prototype,2658,-0.01202412316,-0.002922853343,,
r1_prototype,2659,-0.005810824001,-0.003776280979,,
r1_prototype,2660,0.001668367943,-0.00875489452,,
r1_prototype,2661,0.004680643734,-0.005844636246,,
r1_prototype,2662,-0.0002380462578,-0.006382191272,,
r1_prototype,2663,0.002296779358,-0.006801397223,,
r1_prototype,2664,0.003330582999,-0.008617897369,,
r1_prototype,2665,0.01102481417,-0.004658442201,,
r1_prototype,2666,-0.01000107347,-0.0005865702132,,
r1_prototype,2667,0.01491860894,-0.006686214343,,
r1_prototype,2668,-0.003655312645,-0.004379675451,,
r1_prototype,2669,-0.01626729292,-0.00674558375,,
r1_prototype,2670,-0.01221412701,-0.006928778802,,
r1_prototype,2671,0.0009474607887,-0.004697230477,,
r1_prototype,2672,-0.0238143242,-0.000484149599,,
r1_prototype,2673,-0.018300154,-0.0007268114875,,
r1_prototype,2674,-0.003859066742,-0.004756882545,,
r1_prototype,2675,-0.02235555749,-0.002067543059,,
r1_prototype,2676,0.01472249012,-0.01439194205,,
r1_prototype,2677,-0.006076696963,-0.00846017175,,
r1_prototype,2678,-0.0006782569706,-0.005552048916,,
r1_prototype,2679,0.03701245243,-0.01333390804,,
r1_prototype,2680,0.01322652072,-0.01026256334,,
r1_prototype,2681,-0.01383986554,-0.005204967143,,
r1_prototype,2682,-0.005347899403,-0.006714288734,,
r1_prototype,2683,0.01178580897,-0.009333368146,,
r1_prototype,2684,-0.006526037235,-0.004614654451,,
r1_prototype,2685,-0.00484726793,-0.008629435293,,
r1_prototype,2686,0.01063995236,-0.009595065911,,
r1_prototype,2687,-0.006548114407,-0.003065558129,,
r1_prototype,2688,-0.01838373442,-0.001763522566,,
r1_prototype,2689,0.007358818401,-0.003915522945,,
r1_prototype,2690,0.0001159708382,-0.005010621336,,
r1_prototype,2691,0.008939840261,-0.001746010211,,
r1_prototype,2692,0.004777721734,-0.006071322156,,
r1_prototype,2693,-0.009635310871,-0.002475487527,,
r1_prototype,2694,0.003465358588,-0.0101929658,,
r1_prototype,2695,-0.005667872365,-0.005811493766,,
r1_prototype,2696,-0.002252075248,-0.005204074914,,
r1_prototype,2697,-0.01133264227,-0.006656998159,,
r1_prototype,2698,-0.009538062551,-0.006673158188,,
r1_prototype,2699,-0.01070816796,-0.00473368057,,
r1_prototype,2700,0.02413062736,-0.009435288782,,
r1_prototype,2701,0.01062426695,-0.004290682032,,
r1_prototype,2702,0.01592742597,-0.005782709262,,
r1_prototype,2703,-0.01491189118,-0.0004860575768,,
r1_prototype,2704,0.009994169981,-0.01142747321,,
r1_prototype,2705,0.0107823382,-0.003071358135,,
r1_prototype,2706,-0.01378323185,-0.002451630734,,
r1_prototype,2707,0.0004162020063,-0.002209223006,,
r1_prototype,2708,0.0009201760748,-0.005779082312,,
r1_prototype,2709,-0.001943252575,-0.007834223501,,
r1_prototype,2710,-0.005540262597,-0.006886802958,,
r1_prototype,2711,-0.01515377806,-0.0005977510798,,
r1_prototype,2712,0.002368950765,-0.008895177083,,
r1_prototype,2713,0.005370385325,-0.007186569204,,
r1_prototype,2714,-0.006921954843,-0.005430056874,,
r1_prototype,2715,0.002921219193,-0.006511077582,,
r1_prototype,2716,-0.00444965633,-0.00854342767,,
r1_prototype,2717,0.01493312342,-0.001040303244,,
r1_prototype,2718,-0.005752316389,-0.003159758046,,
r1_prototype,2719,0.005905875478,-0.008338483147,,
r1_prototype,2720,0.01238972512,-0.00999694733,,
r1_prototype,2721,-0.01097102336,-0.002144430467,,
r1_prototype,2722,0.009324605873,-0.007053028824,,
r1_prototype,2723,-0.002043779857,0.0009235858905,,
r1_prototype,2724,0.008800980506,-0.005644437747,,
r1_prototype,2725,0.004303950162,-0.005878837184,,
r1_prototype,2726,-0.01394508437,-0.003900328178,,
r1_prototype,2727,0.01889141178,-0.006800298034,,
r1_prototype,2728,-0.007668435614,-0.006501573441,,
r1_prototype,2729,-0.007069972971,0.0002623007163,,
r1_prototype,2730,-0.002841536833,-0.005312981112,,
r1_prototype,2731,-0.001785391888,-0.007359992486,,
r1_prototype,2732,0.0232730206,-0.004765526267,,
r1_prototype,2733,0.006471883694,-0.007792970621,,
r1_prototype,2734,-0.005100525077,-0.003396258162,,
r1_prototype,2735,0.005625005046,-0.01276285437,,
r1_prototype,2736,-0.00600940038,-0.002314223253,,
r1_prototype,2737,0.01972295267,-0.007903566419,,
r1_prototype,2738,-0.01405975792,-0.004529515117,,
r1_prototype,2739,-0.008404058912,-0.005420048408,,
r1_prototype,2740,-0.01754431033,0.0007886318952,,
r1_prototype,2741,0.006564518342,-0.009394477142,,
r1_prototype,2742,-0.01344051386,-0.001027341686,,
r1_prototype,2743,-0.01633457692,0.001389737553,,
r1_prototype,2744,0.001327804571,-0.00595946798,,
r1_prototype,2745,-0.03502439959,-0.001718894331,,
r1_prototype,2746,-0.013609104,-0.005452419376,,
r1_prototype,2747,-0.003017761702,-0.007371269358,,
r1_prototype,2748,-0.0248290656,-0.002468715834,,
r1_prototype,2749,-0.02313533447,-0.002159385657,,
r1_prototype,2750,0.004937092415,-0.004257441691,,
r1_prototype,2751,-0.00592828074,-0.009631771238,,
r1_prototype,2752,-0.0008376535984,-0.005616485361,,
r1_prototype,2753,-0.001077163883,-0.002782308734,,
r1_prototype,2754,-0.02505634066,0.002754571078,,
r1_prototype,2755,-0.004898299963,-0.006979136822,,
r1_prototype,2756,-0.0007490227139,-0.002902375459,,
r1_prototype,2757,0.013416177,-0.01208834623,,
r1_prototype,2758,-0.003994930547,-0.006725598401,,
r1_prototype,2759,0.002599284947,-0.003869951473,,
r1_prototype,2760,-0.001642620392,-0.007202493743,,
r1_prototype,2761,0.001263803409,-0.005226269945,,
r1_prototype,2762,-0.003176352084,-0.004490079459,,
r1_prototype,2763,0.006894769095,-0.006981518215,,
r1_prototype,2764,-0.009221324132,-0.004271690156,,
r1_prototype,2765,-0.01667328589,-0.00254096692,,
r1_prototype,2766,0.004239437725,-0.009593683637,,
r1_prototype,2767,0.006530316784,-0.005295010866,,
r1_prototype,2768,-0.01036420583,-0.004551157966,,
r1_prototype,2769,-0.0005960388395,-0.0023358576,,
r1_prototype,2770,-0.004239005039,-0.000669595433,,
r1_prototype,2771,-0.02793525439,0.001078362991,,
r1_prototype,2772,-0.01344952219,0.001699057667,,
r1_prototype,2773,0.01705265205,-0.01067611903,,
r1_prototype,2774,0.009735046302,-0.009745721787,,
r1_prototype,2775,-0.01353693718,-0.005654916219,,
r1_prototype,2776,-0.0173532214,-0.00206460485,,
r1_prototype,2777,-0.012639697,-0.007638176504,,
r1_prototype,2778,-0.00979389659,-0.001750987007,,
r1_prototype,2779,-0.01077433039,-0.0009178644896,,
r1_prototype,2780,-0.01518679585,-0.0001211271379,,
r1_prototype,2781,-0.02347923553,-0.006072718729,,
r1_prototype,2782,-0.009797945537,-0.005124580593,,
r1_prototype,2783,-0.01166486853,-0.003732894905,,
r1_prototype,2784,-0.02690311605,0.002147475799,,
r1_prototype,2785,-0.0220520826,0.0004472494779,,
r1_prototype,2786,0.003217795042,-0.005984585648,,
r1_prototype,2787,-0.001838473912,-0.001219866468,,
r1_prototype,2788,0.00831451248,-0.007395993025,,
r1_prototype,2789,-0.01110272195,-0.003705633556,,
r1_prototype,2790,-0.02146569097,-0.001317694512,,
r1_prototype,2791,-0.01289374348,-0.000406104348,,
r1_prototype,2792,0.01440418803,-0.007711926779,,
r1_prototype,2793,-0.004371916231,-0.003762488161,,
r1_prototype,2794,0.007023015742,-0.004891931864,,
r1_prototype,2795,-0.02059356712,-0.003815771907,,
r1_prototype,2796,0.002406172258,-0.004741900117,,
r1_prototype,2797,-0.01603613385,-0.001706085766,,
r1_prototype,2798,0.003654824669,-0.006027808709,,
r1_prototype,2799,-0.003884169768,-0.001921170459,,
r1_prototype,2800,-0.01699100355,-0.003721217536,,
r1_prototype,2801,-0.01356022708,-0.009103799752,,
r1_prototype,2802,0.002558355674,-0.009679163698,,
r1_prototype,2803,0.0001580073037,-0.003106828464,,
r1_prototype,2804,-0.004228368523,-0.006380668853,,
r1_prototype,2805,-0.002713176566,-0.005909007583,,
r1_prototype,2806,-0.03390141215,0.005809915534,,
r1_prototype,2807,-0.01284204026,-0.001097137343,,
r1_prototype,2808,0.0003341818841,-0.006670291096,,
r1_prototype,2809,0.003477467884,-0.01002143693,,
r1_prototype,2810,0.005823356632,-0.00938814797,,
r1_prototype,2811,-0.002409730481,-0.01041412746,,
r1_prototype,2812,0.0101718827,-0.01275504595,,
r1_prototype,2813,0.0009846857684,-0.003176314676,,
r1_prototype,2814,-0.01380386076,0.0002991579925,,
r1_prototype,2815,-0.01075653916,-0.001430709522,,
r1_prototype,2816,-0.01483818124,-0.005073938679,,
r1_prototype,2817,0.005683707807,-0.01271274812,,
r1_prototype,2818,0.01393666841,-0.005493765527,,
r1_prototype,2819,-0.007756260637,0.00101671501,,
r1_prototype,2820,-0.01110942154,0.0002070167128,,
r1_prototype,2821,0.005911465258,-0.008973822008,,
r1_prototype,2822,0.009265320111,-0.004027128926,,
r1_prototype,2823,-0.004947541956,-0.001730110131,,
r1_prototype,2824,0.00101155459,-0.003156193362,,
r1_prototype,2825,-0.01674117871,-0.003619040217,,
r1_prototype,2826,0.01788191826,-0.008634983022,,
r1_prototype,2827,0.004391028111,-0.006384049009,,
r1_prototype,2828,-0.002540171311,-0.007786148538,,
r1_prototype,2829,-0.02114137227,0.0004528013905,,
r1_prototype,2830,-0.01395120654,-0.002452327662,,
r1_prototype,2831,0.02474296647,-0.008312667327,,
r1_prototype,2832,-0.0122857046,-0.002581528978,,
r1_prototype,2833,-0.02343825579,-0.002299712702,,
r1_prototype,2834,0.003476570801,-0.009029588909,,
r1_prototype,2835,0.001564958007,-0.000303298006,,
r1_prototype,2836,0.006926254904,-0.005001401518,,
r1_prototype,2837,-0.02003154551,-0.005202987722,,
r1_prototype,2838,0.003213606422,-0.008812241061,,
r1_prototype,2839,-0.01368514153,-0.003272119389,,
r1_prototype,2840,-0.002364787866,-0.003361798225,,
r1_prototype,2841,-0.005543401485,-0.006558079306,,
r1_prototype,2842,0.001392048066,-0.005657999577,,
r1_prototype,2843,0.008026592128,-0.008351212012,,
r1_prototype,2844,-0.00628696523,-0.002963666804,,
r1_prototype,2845,0.002552730681,-0.006160529398,,
r1_prototype,2846,-0.001338058389,-0.003470772337,,
r1_prototype,2847,-0.003052131396,-0.005166913647,,
r1_prototype,2848,-0.02687167289,-0.0003389270134,,
r1_prototype,2849,0.003121125944,-0.0118946486,,
r1_prototype,2850,-0.002281311314,-0.006499344149,,
r1_prototype,2851,0.009301002143,-0.00826731938,,
r1_prototype,2852,0.004005928808,-0.006303738944,,
r1_prototype,2853,0.02946735378,-0.01093153126,,
r1_prototype,2854,-0.02331853441,-0.0004551405635,,
r1_prototype,2855,-0.01581705994,-0.004748408351,,
r1_prototype,2856,-0.01293954582,0.002773926197,,
r1_prototype,2857,-0.01950047874,-0.0004263256264,,
r1_prototype,2858,0.009101326865,-0.009649420467,,
r1_prototype,2859,-0.02335892326,0.0005524906888,,
r1_prototype,2860,-0.003794070837,-0.008056199316,,
r1_prototype,2861,-0.008428091101,-0.006693872858,,
r1_prototype,2862,-0.01597054082,-0.007527642361,,
r1_prototype,2863,-0.00706565434,-0.002918272002,,
r1_prototype,2864,-0.02029771571,-0.006060632128,,
r1_prototype,2865,-0.02061139516,0.0007797873635,,
r1_prototype,2866,0.01451319684,-0.002734063002,,
r1_prototype,2867,0.004233368343,-0.01563422842,,
r1_prototype,2868,-0.03063893808,0.006469109812,,
r1_prototype,2869,-0.009608536473,-0.008934262231,,
r1_prototype,2870,-0.004732764511,-0.00101491356,,
r1_prototype,2871,-0.006157139451,-0.005551879745,,
r1_prototype,2872,0.01178594704,-0.008320174822,,
r1_prototype,2873,0.00528108926,-0.007366852001,,
r1_prototype,2874,-0.00400500373,-0.001655600387,,
r1_prototype,2875,-0.01036705802,-0.002503897511,,
r1_prototype,2876,-0.00733627359,-0.005267249582,,
r1_prototype,2877,0.006591258243,-0.005692442765,,
r1_prototype,2878,0.03430289288,-0.01685970793,,
r1_prototype,2879,-0.01215391931,-0.003481832693,,
r1_prototype,2880,0.01215981196,-0.004324739973,,
r1_prototype,2881,0.01087572744,-0.009258346221,,
r1_prototype,2882,-0.007071177302,-0.002883448893,,
r1_prototype,2883,0.007179771807,-0.01066465176,,
r1_prototype,2884,-0.01222285795,-0.004694928369,,
r1_prototype,2885,-0.004282815437,-0.009058471688,,
r1_prototype,2886,-0.009291501216,-0.003809853356,,
r1_prototype,2887,-0.01530049297,-4.772180739e-05,,
r1_prototype,2888,-0.009093422186,-0.001504139711,,
r1_prototype,2889,-0.01445346616,-0.004467788889,,
r1_prototype,2890,-0.001768072285,-0.005187933468,,
r1_prototype,2891,0.003685069011,-0.008125633682,,
r1_prototype,2892,-0.006403395376,-0.005857895433,,
r1_prototype,2893,-0.003992907517,-0.007368916312,,
r1_prototype,2894,0.007910646539,-0.005716121456,,
r1_prototype,2895,0.00208835534,-0.01014744809,,
r1_prototype,2896,-0.01725608936,-0.001806099431,,
r1_prototype,2897,0.006803222255,-0.007854154575,,
r1_prototype,2898,0.009606146513,-0.01183365495,,
r1_prototype,2899,-0.03182587309,-0.001118186469,,
r1_prototype,2900,0.01376704964,-0.01248534499,,
r1_prototype,2901,-0.01632542253,-0.003982482,,
r1_prototype,2902,-0.002466091507,-0.006258926521,,
r1_prototype,2903,-0.01945737364,-0.002753155507,,
r1_prototype,2904,-0.001049992092,-0.009238189531,,
r1_prototype,2905,-0.01116763238,-0.004641514707,,
r1_prototype,2906,-0.01509134762,-0.002368735559,,
r1_prototype,2907,-0.01073722418,0.003549218909,,
r1_prototype,2908,-0.01938375968,-0.003042824799,,
r1_prototype,2909,-0.03159644731,0.004679390736,,
r1_prototype,2910,0.003794721797,-0.01285309935,,
r1_prototype,2911,0.01319933985,-0.007598880959,,
r1_prototype,2912,-0.007389432827,-0.002138897909,,
r1_prototype,2913,-0.01218044088,-0.003679407344,,
r1_prototype,2914,-0.009384217163,-0.006109109656,,
r1_prototype,2915,-0.03148669324,-0.001888364963,,
r1_prototype,2916,-0.00628125229,-0.005462208349,,
r1_prototype,2917,0.009156604858,-0.007755455007,,
r1_prototype,2918,-0.01823945082,0.001964038672,,
r1_prototype,2919,0.005701061149,-0.008964139809,,
r1_prototype,2920,0.02671121988,-0.01032790712,,
r1_prototype,2921,0.01086004919,-0.007642102599,,
r1_prototype,2922,-0.004412620559,-0.004058946771,,
r1_prototype,2923,0.02060561736,-0.008880876188,,
r1_prototype,2924,-0.008233219825,-0.001256375767,,
r1_prototype,2925,-0.02008189131,0.0004167581911,,
r1_prototype,2926,0.003006941011,-0.005222038074,,
r1_prototype,2927,-0.00223307471,-0.00492478623,,
r1_prototype,2928,0.006042128965,-0.01106779538,,
r1_prototype,2929,-0.03109698796,0.001770381277,,
r1_prototype,2930,-0.02439653496,-0.0008198946056,,
r1_prototype,2931,0.01722794946,-0.0140220844,,
r1_prototype,2932,0.01378805042,-0.00775992215,,
r1_prototype,2933,-0.01805923639,-0.005263588222,,
r1_prototype,2934,-0.01271423721,-0.005887189943,,
r1_prototype,2935,0.003956735688,-0.002425807152,,
r1_prototype,2936,-0.003989762589,-0.002628852471,,
r1_prototype,2937,0.01231183492,-0.006738923784,,
r1_prototype,2938,-0.003102369286,-0.006521102164,,
r1_prototype,2939,-0.01462683484,-0.001719707132,,
r1_prototype,2940,-0.01278517531,-0.00415849248,,
r1_prototype,2941,0.008909479847,-0.01000401654,,
r1_prototype,2942,-0.02323562049,-0.0002917949296,,
r1_prototype,2943,-0.01305979391,-0.002226551917,,
r1_prototype,2944,0.02072429817,-0.01183549379,,
r1_prototype,2945,-0.02572141769,-0.001031636029,,
r1_prototype,2946,-0.002066988323,-0.001196346692,,
r1_prototype,2947,-0.006178254635,-0.005109496178,,
r1_prototype,2948,0.01158935004,-0.01011881106,,
r1_prototype,2949,0.01746959193,-0.006752735299,,
r1_prototype,2950,-0.008297830951,-0.004919563964,,
r1_prototype,2951,-0.002363329326,-0.004316437927,,
r1_prototype,2952,-0.0005530735702,-0.008767787339,,
r1_prototype,2953,-0.00256771109,-0.007286928052,,
r1_prototype,2954,-0.0007565093831,-0.007734176486,,
r1_prototype,2955,-0.009043631647,-0.007653256625,,
r1_prototype,2956,0.01556991475,-0.007743395783,,
r1_prototype,2957,-0.004883607831,-0.005393740702,,
r1_prototype,2958,0.0007139912665,-0.005628596336,,
r1_prototype,2959,0.003989590118,-0.00909513977,,
r1_prototype,2960,-0.004571561865,-0.005098239052,,
r1_prototype,2961,0.01002250392,-0.007116085694,,
r1_prototype,2962,0.005539472523,-0.01222529501,,
r1_prototype,2963,-0.01146271754,-0.0001482718215,,
r1_prototype,2964,0.007932312864,-0.008192324301,,
r1_prototype,2965,0.007429633854,-0.006527729742,,
r1_prototype,2966,-0.01515772159,-0.003664482931,,
r1_prototype,2967,-0.006571757603,-0.006204323186,,
r1_prototype,2968,0.003631746267,-0.008266304313,,
r1_prototype,2969,-0.0009683614744,-0.006167337191,,
r1_prototype,2970,-0.009088395594,0.0007218326402,,
r1_prototype,2971,-0.005692521197,-0.006109886065,,
r1_prototype,2972,-0.004241431133,-0.005309596774,,
r1_prototype,2973,-0.01519444762,0.001847308287,,
r1_prototype,2974,-0.004490678471,-0.005367433921,,
r1_prototype,2975,-0.01033566506,-0.005354376046,,
r1_prototype,2976,-0.003090969933,-0.004581895134,,
r1_prototype,2977,0.006660726605,-0.01109326573,,
r1_prototype,2978,-0.0008542679556,-0.007785162233,,
r1_prototype,2979,0.002761194137,-0.00801794239,,
r1_prototype,2980,-0.006850230819,-0.003985125379,,
r1_prototype,2981,-0.01463139637,-0.003754407932,,
r1_prototype,2982,-0.0004867024803,-0.005610289645,,
r1_prototype,2983,-0.01531163871,-0.004974130968,,
r1_prototype,2984,0.01628521927,-0.008667630793,,
r1_prototype,2985,-0.008665606845,-0.005650455547,,
r1_prototype,2986,-0.01318473069,-0.007612241915,,
r1_prototype,2987,0.005606109837,-0.008332966687,,
r1_prototype,2988,0.01118990413,-0.007736440673,,
r1_prototype,2989,0.002353888973,-0.00335753287,,
r1_prototype,2990,-0.007615780826,-0.001292373254,,
r1_prototype,2991,0.004631095027,-0.007542647408,,
r1_prototype,2992,-0.003890328245,-0.0004865598597,,
r1_prototype,2993,-0.007240598018,-0.01218579019,,
r1_prototype,2994,0.002815030542,-0.005047659862,,
r1_prototype,2995,0.007669901649,-0.007561222981,,
r1_prototype,2996,-0.005886126098,-0.005845929352,,
r1_prototype,2997,-0.01666716686,-0.006365786489,,
r1_prototype,2998,-0.004606831845,-0.005334340794,,
r1_prototype,2999,0.008140893627,-0.011162698,,
r1_prototype,3000,0.01006485308,-0.007178088705,,
r1_prototype,3001,-0.01555104815,-0.005767803492,,
r1_prototype,3002,0.00527341376,-0.01035700105,,
r1_prototype,3003,0.02357313198,-0.007636767829,,
r1_prototype,3004,-0.002184063147,-0.003706908638,,
r1_prototype,3005,0.005596569915,-0.009411376051,,
r1_prototype,3006,0.02490820691,-0.01051126243,,
r1_prototype,3007,-0.01253616286,-0.007378179889,,
r1_prototype,3008,-0.01564598566,-0.003989529809,,
r1_prototype,3009,0.00274995437,-0.004876966326,,
r1_prototype,3010,0.03117534634,-0.01272513883,,
r1_prototype,3011,0.008376816788,-0.00817589194,,
r1_prototype,3012,0.005394553705,-0.007008732263,,
r1_prototype,3013,0.005739489532,-0.005970010572,,
r1_prototype,3014,0.008697890305,-0.01044889463,,
r1_prototype,3015,0.0001099187541,-0.008100687035,,
r1_prototype,3016,0.01553462544,-0.007931533608,,
r1_prototype,3017,-0.008850128594,-0.004184777126,,
r1_prototype,3018,-0.02134219015,0.000371300894,,
r1_prototype,3019,0.009403292675,-0.003250306908,,
r1_prototype,3020,0.004729440179,-0.007486239042,,
r1_prototype,3021,-0.01111675224,-0.007006620175,,
r1_prototype,3022,-0.02086016796,6.914945762e-05,,
r1_prototype,3023,0.005379908421,-0.006860607452,,
r1_prototype,3024,0.003315764334,-0.002238724759,,
r1_prototype,3025,-0.008146319124,-0.001923400522,,
r1_prototype,3026,-0.04258379198,0.001407425374,,
r1_prototype,3027,0.006370391183,-0.01209124966,,
r1_prototype,3028,-0.0054342008,-0.003894683497,,
r1_prototype,3029,0.01629216206,-0.01072007188,,
r1_prototype,3030,-0.004482608843,-0.003832314462,,
r1_prototype,3031,-0.001634151657,-0.00584854247,,
r1_prototype,3032,0.01784882898,-0.007632711479,,
r1_prototype,3033,-0.01468075982,0.0009934120026,,
r1_prototype,3034,0.01974881762,-0.01389993607,,
r1_prototype,3035,0.01397556958,-0.008309332877,,
r1_prototype,3036,-0.005717226981,-0.003789289726,,
r1_prototype,3037,-0.01823285024,0.002044811405,,
r1_prototype,3038,0.00246395803,-0.00334585804,,
r1_prototype,3039,-0.006543676376,-0.003713012653,,
r1_prototype,3040,-0.002168320864,-0.001840715557,,
r1_prototype,3041,0.003378046279,-0.006089165804,,
r1_prototype,3042,0.004725527567,-0.006937479423,,
r1_prototype,3043,-0.01067980984,-0.003628301079,,
r1_prototype,3044,0.004175749395,-0.008577430847,,
r1_prototype,3045,-0.002521899661,-0.005568893919,,
r1_prototype,3046,-0.003547377719,-0.008011075839,,
r1_prototype,3047,0.003375399324,-0.005140524063,,
r1_prototype,3048,-0.006108695048,-0.005896036676,,
r1_prototype,3049,-0.02518873198,-0.002960532621,,
r1_prototype,3050,0.002847687292,-0.002513550516,,
r1_prototype,3051,-0.0007247384482,-0.01117382224,,
r1_prototype,3052,-0.01337691667,-0.002785451905,,
r1_prototype,3053,-0.03127168335,-0.0036711272,,
r1_prototype,3054,-0.01089030153,-0.004900290249,,
r1_prototype,3055,-0.0358985944,0.00394033274,,
r1_prototype,3056,-0.002602167483,-0.006795838713,,
r1_prototype,3057,0.0127428084,-0.008659305815,,
r1_prototype,3058,-0.01304351638,-0.005064052222,,
r1_prototype,3059,0.009373536077,-0.01202433408,,
r1_prototype,3060,0.0005710610917,-0.005625069422,,
r1_prototype,3061,-0.01162960685,-0.002920968588,,
r1_prototype,3062,-0.005221720635,-5.386699716e-05,,
r1_prototype,3063,-0.02414082918,-0.00156757564,,
r1_prototype,3064,0.00834771062,-0.009652508669,,
r1_prototype,3065,-0.01717418881,-0.003770193104,,
r1_prototype,3066,-0.002380140842,-0.004496047525,,
r1_prototype,3067,0.02058127773,-0.006567005446,,
r1_prototype,3068,0.0003031481591,-0.006963850578,,
r1_prototype,3069,-0.01683592194,-0.00127408667,,
r1_prototype,3070,-0.009494364793,-0.002281438372,,
r1_prototype,3071,-0.01114119169,-0.005895938381,,
r1_prototype,3072,-0.01424460012,0.001253806122,,
r1_prototype,3073,-0.01125195504,-0.006765786024,,
r1_prototype,3074,0.01357086327,-0.007950968421,,
r1_prototype,3075,0.008241818897,-0.005571719041,,
r1_prototype,3076,-0.007448319184,-0.0002834536911,,
r1_prototype,3077,-0.003059687904,-0.007599515812,,
r1_prototype,3078,-0.00895464935,-0.004462553353,,
r1_prototype,3079,0.01328671281,-0.004339465065,,
r1_prototype,3080,0.003435871005,-0.01014709967,,
r1_prototype,3081,0.002381180095,-0.007653449277,,
r1_prototype,3082,-0.01137195018,-0.003550073037,,
r1_prototype,3083,-0.003436313311,-0.007814087232,,
r1_prototype,3084,0.01868537817,-0.00960916916,,
r1_prototype,3085,-0.005666405729,-0.0004338776442,,
r1_prototype,3086,0.0249941353,-0.008178720155,,
r1_prototype,3087,-0.003653365176,-0.004303305562,,
r1_prototype,3088,-0.01144605053,0.001930826772,,
r1_prototype,3089,0.004045434444,-0.007528923633,,
r1_prototype,3090,-0.007716900547,-0.004003690782,,
r1_prototype,3091,-0.01787788324,-0.001116940637,,
r1_prototype,3092,-0.003879691936,-0.004910925769,,
r1_prototype,3093,-0.01791608235,-0.002574791232,,
r1_prototype,3094,-0.006752880267,-0.001955148862,,
r1_prototype,3095,-0.002957539445,-0.004424918087,,
r1_prototype,3096,-0.01761431453,-0.00373457786,,
r1_prototype,3097,-0.004302372219,-0.004202443748,,
r1_prototype,3098,-0.006683134138,0.001136689309,,
r1_prototype,3099,0.007645922175,-0.006996632531,,
r1_prototype,3100,-0.006905494629,-0.003584031908,,
r1_prototype,3101,-0.02778762974,-0.002739614294,,
r1_prototype,3102,0.01397610659,-0.006730366593,,
r1_prototype,3103,-0.02385830052,0.001486137745,,
r1_prototype,3104,0.003425471656,-0.007682061304,,
r1_prototype,3105,0.01189519039,-0.009869024561,,
r1_prototype,3106,-0.006629225455,-0.004661985794,,
r1_prototype,3107,0.004979614265,-0.009679651729,,
r1_prototype,3108,0.01745640229,-0.007248107434,,
r1_prototype,3109,-0.003998547425,-0.004686138326,,
r1_prototype,3110,-0.0159880618,0.003171514258,,
r1_prototype,3111,-0.01764231988,0.001377841258,,
r1_prototype,3112,-0.01368250241,-0.005588239809,,
r1_prototype,3113,0.01322569316,-0.004003751082,,
r1_prototype,3114,0.0005215796374,-0.007445017246,,
r1_prototype,3115,0.0006962305084,-0.009751274103,,
r1_prototype,3116,-0.006415343831,-0.001016106303,,
r1_prototype,3117,0.007460732251,-0.007951249026,,
r1_prototype,3118,-0.01959239847,-0.002025431199,,
r1_prototype,3119,-0.007512246281,-0.001422105517,,
r1_prototype,3120,0.0009303901004,-0.01246726807,,
r1_prototype,3121,0.007361101472,-0.006679151379,,
r1_prototype,3122,-0.01475147281,-0.001778986068,,
r1_prototype,3123,0.004466413513,-0.009376794672,,
r1_prototype,3124,0.01940897906,-0.006630315089,,
r1_prototype,3125,0.02775449184,-0.01008844269,,
r1_prototype,3126,-0.0244573901,-0.0006215564155,,
r1_prototype,3127,0.0196343462,-0.006238694333,,
r1_prototype,3128,0.01697785075,-0.0126731929,,
r1_prototype,3129,-0.01039415548,-0.00171746567,,
r1_prototype,3130,0.01782622567,-0.005684373706,,
r1_prototype,3131,-0.02595758212,-0.001439389513,,
r1_prototype,3132,-0.006856897592,-0.001715512957,,
r1_prototype,3133,-0.02152985337,-0.003713518483,,
r1_prototype,3134,0.000810995361,-0.004605991144,,
r1_prototype,3135,-0.01611199541,-0.002771949435,,
r1_prototype,3136,-0.003109725228,-0.009615058841,,
r1_prototype,3137,0.01195309281,-0.007126318607,,
r1_prototype,3138,-0.01682626076,-0.004420009832,,
r1_prototype,3139,-0.003728341431,-0.003936172446,,
r1_prototype,3140,-0.01392220172,-0.001589914807,,
r1_prototype,3141,-0.006463865838,-0.003128610715,,
r1_prototype,3142,-0.0131934609,-0.001976220429,,
r1_prototype,3143,0.006421130281,-0.008367631983,,
r1_prototype,3144,-0.01650176375,-9.203545534e-05,,
r1_prototype,3145,-0.005472764217,-0.003085682206,,
r1_prototype,3146,0.01587574486,-0.004478005222,,
r1_prototype,3147,0.003965678642,-0.0097279545,,
r1_prototype,3148,-0.01367518545,-0.006482733719,,
r1_prototype,3149,0.004788984331,-0.01120751666,,
r1_prototype,3150,0.03206905915,-0.01251270151,,
r1_prototype,3151,-0.004360388158,-0.004014795421,,
r1_prototype,3152,-0.005450619668,-0.007742716132,,
r1_prototype,3153,0.007683345839,-0.008505511786,,
r1_prototype,3154,-0.002690832975,-0.003880822182,,
r1_prototype,3155,-0.006555857475,-0.006017986055,,
r1_prototype,3156,0.006477442414,-0.002467817808,,
r1_prototype,3157,0.01103763529,-0.0112922417,,
r1_prototype,3158,-0.01270596846,-0.002953751392,,
r1_prototype,3159,0.01069371492,-0.008779205672,,
r1_prototype,3160,-0.003158538374,-0.003817241172,,
r1_prototype,3161,-0.01794825697,-0.005411570493,,
r1_prototype,3162,0.003961890657,-0.007006478563,,
r1_prototype,3163,-0.01286886639,-0.001459618334,,
r1_prototype,3164,0.01865005131,-0.008589291043,,
r1_prototype,3165,0.01921521485,-0.01213367512,,
r1_prototype,3166,-0.01270783534,-0.008146636821,,
r1_prototype,3167,-0.007165617356,-0.003072970638,,
r1_prototype,3168,0.008837677696,-0.008222169552,,
r1_prototype,3169,-0.005521213961,-0.007866317353,,
r1_prototype,3170,-0.03180445507,-0.002193205906,,
r1_prototype,3171,-0.007740725665,-0.004248921627,,
r1_prototype,3172,0.004785353114,-0.006895600936,,
r1_prototype,3173,0.006871050729,-0.004639938171,,
r1_prototype,3174,-0.008027814231,-0.0004523116958,,
r1_prototype,3175,-0.004544890789,-0.003465680501,,
r1_prototype,3176,0.001975072907,-0.008717876975,,
r1_prototype,3177,0.008088066583,-0.005710567052,,
r1_prototype,3178,0.0005759931869,-0.005627123159,,
r1_prototype,3179,-0.02645171069,-0.008035437748,,
r1_prototype,3180,-0.02196900807,-0.001155622901,,
r1_prototype,3181,-0.01273726116,-0.00480069159,,
r1_prototype,3182,-0.03036084244,0.001162416959,,
r1_prototype,3183,-0.002488294073,-0.002290940704,,
r1_prototype,3184,0.005282419234,-0.008021910769,,
r1_prototype,3185,-0.02099789279,-0.002557405276,,
r1_prototype,3186,0.002076846745,-0.01003795122,,
r1_prototype,3187,0.001324394816,-0.004975281899,,
r1_prototype,3188,0.001174517306,-0.004991458748,,
r1_prototype,3189,-0.006418648618,-0.004888183365,,
r1_prototype,3190,0.01302773912,-0.007111272948,,
r1_prototype,3191,-0.01508081342,-0.001221232584,,
r1_prototype,3192,-0.02750725368,0.002879952128,,
r1_prototype,3193,0.005159773233,-0.01168724038,,
r1_prototype,3194,0.0102152643,-0.004352816448,,
r1_prototype,3195,-0.0007661783976,-0.007460354723,,
r1_prototype,3196,-0.01082271912,-0.001444448046,,
r1_prototype,3197,-0.0002035144876,-0.01168413405,,
r1_prototype,3198,0.01845273848,-0.01315663311,,
r1_prototype,3199,-0.00330986564,-0.006744704181,,
r1_prototype,3200,-0.04397051802,0.006979759801,,
r1_prototype,3201,0.004959211463,-0.006283782071,,
r1_prototype,3202,-0.008476270024,0.001784563313,,
r1_prototype,3203,0.01146540324,0.000233095762,,
r1_prototype,3204,-0.02437735372,-0.003332194282,,
r1_prototype,3205,0.001313442015,-0.007783863471,,
r1_prototype,3206,0.001021596073,-0.00311529287,,
r1_prototype,3207,0.03282307437,-0.0141829469,,
r1_prototype,3208,-0.001532673999,-0.002393305891,,
r1_prototype,3209,-0.00346785716,-0.00683059512,,
r1_prototype,3210,-0.01128169659,-0.006678143627,,
r1_prototype,3211,-0.01355561015,-0.005440359707,,
r1_prototype,3212,-0.007803609533,-0.007788818765,,
r1_prototype,3213,-0.01861397401,-0.0009444066606,,
r1_prototype,3214,0.008284457352,-0.009987715107,,
r1_prototype,3215,-0.009671094786,-0.004044543054,,
r1_prototype,3216,0.01145968975,-0.0001505343441,,
r1_prototype,3217,-0.01910598206,0.002712021156,,
r1_prototype,3218,-0.009156303663,-0.003734219602,,
r1_prototype,3219,0.001700543076,-0.008320631632,,
r1_prototype,3220,-0.02327372624,-0.003617801644,,
r1_prototype,3221,0.01688669297,-0.007296891065,,
r1_prototype,3222,0.008400330974,-0.007195428019,,
r1_prototype,3223,-0.001383073749,-0.001170711634,,
r1_prototype,3224,-0.00437921041,-0.007762550906,,
r1_prototype,3225,-0.00857667772,0.002723344381,,
r1_prototype,3226,-0.004864017345,-0.007812901265,,
r1_prototype,3227,-0.006621708279,-0.005612577766,,
r1_prototype,3228,-0.001673487973,-0.004274527034,,
r1_prototype,3229,-0.001899779931,-0.007768390698,,
r1_prototype,3230,-0.00945723129,-0.00507334987,,
r1_prototype,3231,0.02785187987,-0.01374904841,,
r1_prototype,3232,0.0134887704,-0.004351427381,,
r1_prototype,3233,0.01058772957,-0.007895142173,,
r1_prototype,3234,0.008410289347,-0.006809235961,,
r1_prototype,3235,-0.002552208092,-0.004198771285,,
r1_prototype,3236,0.02569394584,-0.00891398365,,
r1_prototype,3237,-0.00319807344,-0.00851444569,,
r1_prototype,3238,-0.00600513345,-0.006864388126,,
r1_prototype,3239,0.00773536578,-0.00757693681,,
r1_prototype,3240,0.03235250504,-0.01000432709,,
r1_prototype,3241,-0.004380617745,-0.007687694382,,
r1_prototype,3242,-0.01412386834,-0.003408937754,,
r1_prototype,3243,0.00900606535,-0.008701865557,,
r1_prototype,3244,0.001154562438,-0.004825194073,,
r1_prototype,3245,-0.02214498781,0.005299502639,,
r1_prototype,3246,-0.001850816904,-0.00821436976,,
r1_prototype,3247,0.01722992632,-0.007924667432,,
r1_prototype,3248,-0.01402168244,-0.004028475043,,
r1_prototype,3249,0.008326640579,-0.008308696764,,
r1_prototype,3250,0.002889305849,-0.005855037178,,
r1_prototype,3251,-0.007281067495,-0.004159246002,,
r1_prototype,3252,0.003118647535,-0.01063358089,,
r1_prototype,3253,-0.000240417614,-0.002879057328,,
r1_prototype,3254,0.001672717834,-0.005561826506,,
r1_prototype,3255,0.0009588981109,-0.01235149796,,
r1_prototype,3256,0.004089902578,-0.008363213983,,
r1_prototype,3257,0.01135437909,-0.01245671524,,
r1_prototype,3258,-0.02380744156,-0.002844984776,,
r1_prototype,3259,-0.0191105045,-0.001390116129,,
r1_prototype,3260,-0.008675583346,-0.001513066062,,
r1_prototype,3261,-0.01464208567,-0.004288544271,,
r1_prototype,3262,-0.009847071933,-0.00701805054,,
r1_prototype,3263,-0.01135768811,-0.003456966569,,
r1_prototype,3264,-0.02885630706,0.002836488569,,
r1_prototype,3265,-0.021933279,-0.002323005923,,
r1_prototype,3266,0.005714189575,-0.004842021981,,
r1_prototype,3267,-0.003540980863,-0.005237724232,,
r1_prototype,3268,0.005434373981,-0.005042316643,,
r1_prototype,3269,-0.003842962896,-0.002987320461,,
r1_prototype,3270,0.01415881286,-0.01158697424,,
r1_prototype,3271,-0.01264675374,-0.005963179847,,
r1_prototype,3272,-0.01832806726,-0.005804036323,,
r1_prototype,3273,-0.007265579866,-0.003070963226,,
r1_prototype,3274,-0.01298769815,-0.008648381485,,
r1_prototype,3275,0.01040657234,-0.01013523316,,
r1_prototype,3276,0.01471005245,-0.007602988731,,
r1_prototype,3277,0.004444870016,-0.008885799215,,
r1_prototype,3278,-0.01303627809,-0.002267988608,,
r1_prototype,3279,0.0111658926,-0.009855157274,,
r1_prototype,3280,-0.02059150675,-0.0009730619579,,
r1_prototype,3281,-0.005581690246,0.0003896416587,,
r1_prototype,3282,0.005473077874,0.0001316670974,,
r1_prototype,3283,0.0321958145,-0.01202554468,,
r1_prototype,3284,-0.01491621326,-0.004289172901,,
r1_prototype,3285,-0.016263975,0.002446341282,,
r1_prototype,3286,-0.01315879776,-0.002887897048,,
r1_prototype,3287,-0.001931193909,-0.003218212271,,
r1_prototype,3288,-0.009661368476,-0.004268014024,,
r1_prototype,3289,-0.01291002911,0.0002521432166,,
r1_prototype,3290,-0.02696275834,-0.0007803186561,,
r1_prototype,3291,0.007677197007,-0.00331331202,,
r1_prototype,3292,0.0004097159179,-0.005614544602,,
r1_prototype,3293,0.006420679404,-0.008692890404,,
r1_prototype,3294,-4.92100642e-05,-0.009463556404,,
r1_prototype,3295,-0.02189368647,0.0008092331026,,
r1_prototype,3296,0.0004036190259,-0.005384573592,,
r1_prototype,3297,-0.01265583524,-0.001367704398,,
r1_prototype,3298,-0.008473998174,-0.003386896246,,
r1_prototype,3299,-0.02991359033,0.0003431170191,,
r1_prototype,3300,-0.00891481815,-0.003734377155,,
r1_prototype,3301,0.003793991762,-0.006103157915,,
r1_prototype,3302,-0.009892529536,-0.001061370956,,
r1_prototype,3303,-0.008424736614,-0.002087075181,,
r1_prototype,3304,-0.02588049224,-0.001994007455,,
r1_prototype,3305,-0.009026005126,-0.004008538105,,
r1_prototype,3306,0.02373760027,-0.00784470817,,
r1_prototype,3307,-0.002944287466,-0.008136195593,,
r1_prototype,3308,0.004114473743,-0.005288205898,,
r1_prototype,3309,0.0212176394,-0.007789397365,,
r1_prototype,3310,-0.02101485716,-0.0005933836675,,
r1_prototype,3311,-0.01054407008,-0.00392988339,,
r1_prototype,3312,-0.006685576477,-0.009542208724,,
r1_prototype,3313,-0.03628843662,0.002132215411,,
r1_prototype,3314,0.002889945274,-0.003214489029,,
r1_prototype,3315,0.0072430576,-0.006873245357,,
r1_prototype,3316,-0.01829283771,0.000346023711,,
r1_prototype,3317,-0.01656804198,0.001171692332,,
r1_prototype,3318,-0.0001339936851,-0.009335926744,,
r1_prototype,3319,0.01358599139,-0.00959355665,,
r1_prototype,3320,-0.01310990181,-0.003696799131,,
r1_prototype,3321,0.004288675973,-0.006718095263,,
r1_prototype,3322,-0.001875045971,-0.00501489685,,
r1_prototype,3323,-0.03049450061,0.001773106628,,
r1_prototype,3324,-0.02057233728,-0.002252552782,,
r1_prototype,3325,-0.02473397751,0.001454807647,,
r1_prototype,3326,0.00846047228,-0.004634548918,,
r1_prototype,3327,-0.0106771571,-0.005762825423,,
r1_prototype,3328,-0.006024108744,-0.007123659831,,
r1_prototype,3329,-0.004486015745,-0.004411842255,,
r1_prototype,3330,-0.01435784129,-0.002292316652,,
r1_prototype,3331,-0.007763235889,-0.009924080331,,
r1_prototype,3332,0.01285815784,-0.009088454272,,
r1_prototype,3333,0.007284934125,-0.004993267664,,
r1_prototype,3334,0.01488026262,-0.004166417045,,
r1_prototype,3335,-0.02378418172,-0.0009958236294,,
r1_prototype,3336,-0.006108479895,-0.001136433392,,
r1_prototype,3337,-0.01433174356,-0.0005333487109,,
r1_prototype,3338,7.955752013e-05,-0.005587098522,,
r1_prototype,3339,0.007377661167,-0.003553833506,,
r1_prototype,3340,-0.01464305933,-0.005543606074,,
r1_prototype,3341,-0.03062090404,-0.001073568984,,
r1_prototype,3342,-0.02605163131,-0.003665910523,,
r1_prototype,3343,0.006706446389,-0.006981853821,,
r1_prototype,3344,-0.003169167269,-0.006832036848,,
r1_prototype,3345,0.004604358235,-0.004672982837,,
r1_prototype,3346,0.005982006916,-0.002703849799,,
r1_prototype,3347,0.008561084252,-0.008785971966,,
r1_prototype,3348,0.009328027324,-0.004831806276,,
r1_prototype,3349,-0.01407234393,0.0007063546316,,
r1_prototype,3350,-0.004392446411,-0.001588761459,,
r1_prototype,3351,-0.02544633024,-0.000211511416,,
r1_prototype,3352,-0.002805017192,-0.005878243248,,
r1_prototype,3353,0.00175095932,-0.005148511208,,
r1_prototype,3354,0.01486367817,-0.01030556577,,
r1_prototype,3355,0.02887674857,-0.01081392182,,
r1_prototype,3356,-0.009238263519,-0.006140294938,,
r1_prototype,3357,0.01239951506,-0.00474209644,,
r1_prototype,3358,-0.02685706244,-0.003375232862,,
r1_prototype,3359,0.02098583475,-0.01127072137,,
r1_prototype,3360,-0.01799095321,0.004071131317,,
r1_prototype,3361,0.005687635084,-0.005480859758,,
r1_prototype,3362,-0.0136788928,-0.002343428665,,
r1_prototype,3363,-0.01185476927,-0.003990043151,,
r1_prototype,3364,-0.005002283669,-0.006661220851,,
r1_prototype,3365,-0.01154292101,-0.006853496169,,
r1_prototype,3366,0.0097104971,-0.006899705946,,
r1_prototype,3367,-0.004466744213,-0.0047163075,,
r1_prototype,3368,0.02263137306,-0.01286010897,,
r1_prototype,3369,0.002235368294,-0.008228293629,,
r1_prototype,3370,-0.0158226613,-0.002403541274,,
r1_prototype,3371,-0.02005657314,-0.004914764109,,
r1_prototype,3372,-0.002057502036,-0.008393439098,,
r1_prototype,3373,-0.01090943731,-0.006424592788,,
r1_prototype,3374,-0.00632963049,-0.005887090471,,
r1_prototype,3375,-0.009985424972,-0.003462786552,,
r1_prototype,3376,-0.0002402474876,-0.006234252801,,
r1_prototype,3377,0.04119976695,-0.007578857915,,
r1_prototype,3378,-0.0227612727,-0.002955925053,,
r1_prototype,3379,-0.002450272356,-0.006313085159,,
r1_prototype,3380,0.004594570451,-0.004020986514,,
r1_prototype,3381,-0.01963369748,-0.004026060056,,
r1_prototype,3382,0.01643239745,-0.00840192304,,
r1_prototype,3383,0.002452948425,-0.006525397572,,
r1_prototype,3384,0.015012354,-0.00904757394,,
r1_prototype,3385,-0.01147434227,-0.002089678027,,
r1_prototype,3386,0.003850017588,-0.01130548784,,
r1_prototype,3387,0.0040108288,-0.007675224064,,
r1_prototype,3388,0.01063828861,-0.0112797145,,
r1_prototype,3389,-0.007258830858,-0.002359873283,,
r1_prototype,3390,0.00281551871,-0.006902307532,,
r1_prototype,3391,-0.01447647113,-0.002408635217,,
r1_prototype,3392,-0.001499754318,-0.002522349128,,
r1_prototype,3393,-0.003087012659,-0.01047029728,,
r1_prototype,3394,-0.01528705087,-0.002145193383,,
r1_prototype,3395,-0.006525231047,-0.005949871295,,
r1_prototype,3396,-0.0463018395,0.00195885711,,
r1_prototype,3397,0.005702877771,-0.006869356452,,
r1_prototype,3398,0.02935439003,-0.01296288146,,
r1_prototype,3399,-0.0003162600733,-0.007206990795,,
r1_prototype,3400,0.03293972228,-0.01897084887,,
r1_prototype,3401,-0.009319327031,-0.004327074784,,
r1_prototype,3402,-0.01181420406,-0.001785644463,,
r1_prototype,3403,0.005968189802,-0.01340828416,,
r1_prototype,3404,-0.005619297839,-0.00258959188,,
r1_prototype,3405,-0.009615074474,-0.008139803773,,
r1_prototype,3406,0.004557696913,-0.006791293866,,
r1_prototype,3407,0.005539342819,-0.003364288367,,
r1_prototype,3408,0.01296840615,-0.008505413204,,
r1_prototype,3409,-0.01911904324,-0.003534213545,,
r1_prototype,3410,-0.00927520718,-0.007748816291,,
r1_prototype,3411,0.0002254063918,-0.006794439738,,
r1_prototype,3412,-0.01904351337,-0.004531913219,,
r1_prototype,3413,0.001955433509,-0.008399904836,,
r1_prototype,3414,-0.01253896454,-0.004028922342,,
r1_prototype,3415,-0.02719691575,0.001042028784,,
r1_prototype,3416,0.005825338972,-0.003414768619,,
r1_prototype,3417,-0.005076503533,-0.007245073855,,
r1_prototype,3418,-0.009880932153,-0.006850863277,,
r1_prototype,3419,0.009603629962,-0.008101570498,,
r1_prototype,3420,-0.01721329755,-0.002378103454,,
r1_prototype,3421,0.00198157936,-0.003992048048,,
r1_prototype,3422,0.006046060228,-0.008806603004,,
r1_prototype,3423,-0.0229744956,0.001856391074,,
r1_prototype,3424,-0.0008430913948,-0.00210483358,,
r1_prototype,3425,-0.01896321262,0.001682008391,,
r1_prototype,3426,-0.01082407281,-0.0040505458,,
r1_prototype,3427,-0.005705379338,-0.002229021477,,
r1_prototype,3428,0.01488555429,-0.01078972362,,
r1_prototype,3429,-0.00533449525,-0.001269403571,,
r1_prototype,3430,0.005625030671,-0.01339677379,,
r1_prototype,3431,-0.0011886529,-0.006726534684,,
r1_prototype,3432,-0.01505821931,-0.0006560565217,,
r1_prototype,3433,0.006966689568,-0.009668009367,,
r1_prototype,3434,-0.005780814316,-0.00407602044,,
r1_prototype,3435,0.0107099983,-0.009661299169,,
r1_prototype,3436,-0.005651686233,-0.003499469899,,
r1_prototype,3437,-0.0003715910428,-0.005983955431,,
r1_prototype,3438,0.007544764561,-0.005228268914,,
r1_prototype,3439,-0.002988390599,-0.008090783469,,
r1_prototype,3440,6.218633339e-05,-0.01037416273,,
r1_prototype,3441,-0.007262463745,-0.002188528248,,
r1_prototype,3442,0.01791921295,-0.009508244373,,
r1_prototype,3443,0.01766838397,-0.01077032147,,
r1_prototype,3444,-0.02323740862,-0.003097930262,,
r1_prototype,3445,0.01374776436,-0.01016636406,,
r1_prototype,3446,0.02439609192,-0.01525035755,,
r1_prototype,3447,-0.006891756708,-0.004647594357,,
r1_prototype,3448,5.720638624e-05,-0.01041331816,,
r1_prototype,3449,0.0140898523,-0.008541403387,,
r1_prototype,3450,-0.005443139048,-0.003801960981,,
r1_prototype,3451,0.005656333929,-0.007285164291,,
r1_prototype,3452,-0.008950758587,-0.003989550322,,
r1_prototype,3453,-0.01083107565,-0.003408002744,,
r1_prototype,3454,-0.004104653149,-0.001327296983,,
r1_prototype,3455,-0.01536213853,-0.0007734029402,,
r1_prototype,3456,0.02821056403,-0.007965809948,,
r1_prototype,3457,-0.00624608386,-0.005357092258,,
r1_prototype,3458,0.004556523906,-0.00877878399,,
r1_prototype,3459,-0.01126478963,-0.003049871173,,
r1_prototype,3460,-0.0154578968,0.001055064917,,
r1_prototype,3461,-0.01893954829,-0.000215415314,,
r1_prototype,3462,-0.003137470861,-0.001227641533,,
r1_prototype,3463,-0.02684905897,-0.004154244584,,
r1_prototype,3464,-0.008016144742,-0.005018927396,,
r1_prototype,3465,0.009245238221,-0.007249867735,,
r1_prototype,3466,-0.008437695974,-0.004194571456,,
r1_prototype,3467,0.02356868817,-0.01456036583,,
r1_prototype,3468,-0.0110456087,-0.006037935373,,
r1_prototype,3469,-0.006483079386,-0.005130571918,,
r1_prototype,3470,-0.01671572226,-0.00450725073,,
r1_prototype,3471,-0.005538643228,-0.005650507751,,
r1_prototype,3472,-0.01083534097,-0.00639252574,,
r1_prototype,3473,0.02008108321,-0.01458598172,,
r1_prototype,3474,-0.02201611105,-0.001774883393,,
r1_prototype,3475,0.005772320857,-0.009016937409,,
r1_prototype,3476,-0.009389780486,-0.003697530766,,
r1_prototype,3477,0.02267563957,-0.008480057628,,
r1_prototype,3478,-0.009868980767,-0.001311201056,,
r1_prototype,3479,-0.0201009857,-0.003251829823,,
r1_prototype,3480,0.001964856115,-0.00631890394,,
r1_prototype,3481,0.008747992175,-0.008546241158,,
r1_prototype,3482,-0.008517329155,-0.004902334628,,
r1_prototype,3483,-0.02062415531,-0.00419861706,,
r1_prototype,3484,-0.004709789174,-0.002780904481,,
r1_prototype,3485,0.01064734208,-0.01259086325,,
r1_prototype,3486,-0.004833987039,-0.00105833743,,
r1_prototype,3487,0.009911362592,-0.0072294065,,
r1_prototype,3488,-0.01489669528,-0.004866229842,,
r1_prototype,3489,0.0194588111,-0.01203384463,,
r1_prototype,3490,-0.01345359547,-0.002122684743,,
r1_prototype,3491,-0.002533798211,-0.006028970773,,
r1_prototype,3492,-0.01112419829,-0.003237558372,,
r1_prototype,3493,0.01036539075,-0.003647414801,,
r1_prototype,3494,-0.01104983752,-0.009477846931,,
r1_prototype,3495,-0.003908051447,-0.002308920859,,
r1_prototype,3496,0.003370812514,-0.007442508038,,
r1_prototype,3497,-0.005830615421,-0.006144146348,,
r1_prototype,3498,-0.01091360318,-0.003365466205,,
r1_prototype,3499,-0.003738589299,-0.007618278242,,
r1_prototype,3500,0.0167872322,-0.01023411807,,
r1_prototype,3501,-0.006017942243,-0.004432471568,,
r1_prototype,3502,0.008109682464,-0.009495265626,,
r1_prototype,3503,-0.01019003343,0.0004875733429,,
r1_prototype,3504,-0.01310086839,-0.005543011876,,
r1_prototype,3505,-0.009391886315,-0.002260937668,,
r1_prototype,3506,0.0005563569979,-0.004035062685,,
r1_prototype,3507,-0.007519254701,-0.005581170131,,
r1_prototype,3508,0.01648284855,-0.005327910286,,
r1_prototype,3509,0.01037471436,-0.008574704833,,
r1_prototype,3510,-0.00440446831,-0.00290104666,,
r1_prototype,3511,0.001152775647,-0.005667218013,,
r1_prototype,3512,0.006812505534,-0.009622237439,,
r1_prototype,3513,0.01316129372,-0.00695770027,,
r1_prototype,3514,-0.01496664576,-0.0002181633598,,
r1_prototype,3515,-0.0003188674255,-0.005455713867,,
r1_prototype,3516,-0.01885261946,-0.00150427917,,
r1_prototype,3517,0.007954817904,-0.005659235033,,
r1_prototype,3518,-0.00840834655,-0.008824729756,,
r1_prototype,3519,0.00187449446,-0.005185238809,,
r1_prototype,3520,0.004231886753,-0.005674274813,,
r1_prototype,3521,-0.009136933736,-0.002591508181,,
r1_prototype,3522,0.02291241017,-0.008322439149,,
r1_prototype,3523,-0.01277453762,-0.003280401636,,
r1_prototype,3524,-0.01450895812,-0.004722567089,,
r1_prototype,3525,-0.01487577037,-0.007304649094,,
r1_prototype,3526,0.005651227694,-0.001290257489,,
r1_prototype,3527,-0.009933337021,-0.004831904648,,
r1_prototype,3528,-0.03021403185,-0.001026342187,,
r1_prototype,3529,0.02234863745,-0.01095694541,,
r1_prototype,3530,-0.00230939624,-0.007660384712,,
r1_prototype,3531,-0.02323065947,0.004184165472,,
r1_prototype,3532,-0.002418715396,-0.001615243465,,
r1_prototype,3533,0.003307080113,-0.008886329067,,
r1_prototype,3534,-0.006619874836,-0.004607303945,,
r1_prototype,3535,0.01432163981,-0.009728549451,,
r1_prototype,3536,0.008569332365,-0.008630661042,,
r1_prototype,3537,0.002114943741,-0.01018604406,,
r1_prototype,3538,0.01631979077,-0.00919054926,,
r1_prototype,3539,-0.006108340712,-0.004026922445,,
r1_prototype,3540,-0.01510269702,-0.006090850256,,
r1_prototype,3541,-0.01247871742,0.002171650273,,
r1_prototype,3542,-0.002543237857,-0.004490199861,,
r1_prototype,3543,0.004296045068,-0.0074916257,,
r1_prototype,3544,-0.01853485165,-0.004980840875,,
r1_prototype,3545,-0.01447459905,-3.518330141e-05,,
r1_prototype,3546,-0.001141184316,-0.006119092436,,
r1_prototype,3547,0.01713900895,-0.007656630392,,
r1_prototype,3548,-0.002449305891,-0.003151080409,,
r1_prototype,3549,0.005932354311,-0.009248780099,,
r1_prototype,3550,0.01578408499,-0.00682403809,,
r1_prototype,3551,-0.01318476978,-0.005205199428,,
r1_prototype,3552,0.01361826446,-0.008756088008,,
r1_prototype,3553,-0.002666829337,-0.001870146813,,
r1_prototype,3554,-0.006683992782,-0.00682975664,,
r1_prototype,3555,-0.01625347634,0.00401663057,,
r1_prototype,3556,0.03284484824,-0.01380820526,,
r1_prototype,3557,-0.02143563495,-0.001548397818,,
r1_prototype,3558,0.005607417886,-0.004731580732,,
r1_prototype,3559,0.006264288108,-0.00764126157,,
r1_prototype,3560,0.01271664948,-0.01195594777,,
r1_prototype,3561,0.02453044159,-0.009485932756,,
r1_prototype,3562,-0.01588152028,-0.004892367283,,
r1_prototype,3563,-0.006879290544,-0.006776040719,,
r1_prototype,3564,-0.005753983134,-0.004445191411,,
r1_prototype,3565,-0.008676799631,-0.005229343658,,
r1_prototype,3566,-0.003191457934,-0.00702612175,,
r1_prototype,3567,-0.009102984665,-0.003209718688,,
r1_prototype,3568,-0.0007647358194,-0.005773324601,,
r1_prototype,3569,-0.01499277477,-0.005799301991,,
r1_prototype,3570,-0.005231387663,-0.004892826156,,
r1_prototype,3571,-0.02398292647,-0.004282022753,,
r1_prototype,3572,-0.008033999465,-0.007744869798,,
r1_prototype,3573,0.02563847528,-0.00831669466,,
r1_prototype,3574,-0.01635104814,-0.0001970352846,,
r1_prototype,3575,-0.006990572848,-0.005399223162,,
r1_prototype,3576,-0.004991879105,-0.004673531746,,
r1_prototype,3577,0.001975358145,-0.006592375589,,
r1_prototype,3578,-0.008243354233,-0.003191868721,,
r1_prototype,3579,-0.01237563427,-0.002604266043,,
r1_prototype,3580,-0.01951453987,-0.001819979942,,
r1_prototype,3581,-0.007981869437,-0.007576304559,,
r1_prototype,3582,0.001717894023,-0.007795819239,,
r1_prototype,3583,0.004517546968,-0.001988701412,,
r1_prototype,3584,0.000946852895,-0.005014673873,,
r1_prototype,3585,0.0006404761067,-0.008258514461,,
r1_prototype,3586,0.01017271682,-0.005766075882,,
r1_prototype,3587,-0.02787358594,0.0009753509061,,
r1_prototype,3588,-0.01938373051,-0.001869970558,,
r1_prototype,3589,-0.002385919132,-0.004266987024,,
r1_prototype,3590,0.0004905435015,-0.00555251651,,
r1_prototype,3591,-0.003448679224,-0.006908643815,,
r1_prototype,3592,-0.009719960511,-0.001971063883,,
r1_prototype,3593,-0.01329549259,-0.003328670446,,
r1_prototype,3594,0.01570128481,-0.01018062605,,
r1_prototype,3595,0.008523575186,-0.005791629685,,
r1_prototype,3596,-0.0124228616,-0.002580782552,,
r1_prototype,3597,-0.02257921649,-0.001940193829,,
r1_prototype,3598,-0.00232841204,-0.005260075295,,
r1_prototype,3599,-0.01232162815,-0.00210423315,,
r1_prototype,3600,-0.002843872272,-0.004492155708,,
r1_prototype,3601,0.001952824468,-0.00730220343,,
r1_prototype,3602,-0.008015469911,-0.003879249231,,
r1_prototype,3603,0.02849288737,-0.01326110019,,
r1_prototype,3604,0.03773351833,-0.01603568817,,
r1_prototype,3605,-0.0006768445251,-0.01012748613,,
r1_prototype,3606,0.004789949096,-0.01043361996,,
r1_prototype,3607,0.008622758288,-0.005782921057,,
r1_prototype,3608,0.002799387232,-0.005441483336,,
r1_prototype,3609,0.01306532131,-0.007344135711,,
r1_prototype,3610,-0.02452278283,0.002982676125,,
r1_prototype,3611,0.004785453734,-0.0071243652,,
r1_prototype,3612,0.0004012313889,-0.004510130563,,
r1_prototype,3613,0.01380077883,-0.007701108002,,
r1_prototype,3614,-0.008870343388,-0.01053195952,,
r1_prototype,3615,-0.002630918455,-0.004003561249,,
r1_prototype,3616,0.003275261386,-0.003252450903,,
r1_prototype,3617,0.02028406023,-0.007412364825,,
r1_prototype,3618,0.0004248097439,-0.005506599075,,
r1_prototype,3619,-0.009047173919,-0.002064959423,,
r1_prototype,3620,0.02163788438,-0.01022546104,,
r1_prototype,3621,0.03010665,-0.01236784057,,
r1_prototype,3622,-0.0145366908,-0.007603288179,,
r1_prototype,3623,-0.001960586178,-0.006333226848,,
r1_prototype,3624,0.007086595496,-0.009983921669,,
r1_prototype,3625,0.03595225618,-0.01234367512,,
r1_prototype,3626,-0.01624047201,0.001416964583,,
r1_prototype,3627,-0.007189588139,-0.007596226477,,
r1_prototype,3628,-0.004326327896,-0.004350197531,,
r1_prototype,3629,0.001232508703,-0.004038596033,,
r1_prototype,3630,0.001204196575,-0.009221292824,,
r1_prototype,3631,-0.0215172837,0.0005777582929,,
r1_prototype,3632,-0.01640472008,-0.003600397021,,
r1_prototype,3633,0.002923765435,-0.00558140656,,
r1_prototype,3634,-0.01056355088,-0.003299182669,,
r1_prototype,3635,-0.01310814356,-0.001473460286,,
r1_prototype,3636,0.01822817223,-0.00999363468,,
r1_prototype,3637,-0.0101948964,-0.001454230385,,
r1_prototype,3638,-0.03972801159,0.004751238996,,
r1_prototype,3639,-0.004406048308,-0.003430970109,,
r1_prototype,3640,-0.01121320156,-0.0005847657393,,
r1_prototype,3641,-0.00464543052,-0.003212766356,,
r1_prototype,3642,-0.03977521112,-0.0004689988077,,
r1_prototype,3643,0.01402086621,-0.007859405608,,
r1_prototype,3644,-0.00895994393,-0.005249869481,,
r1_prototype,3645,-0.005579247665,-0.005982692013,,
r1_prototype,3646,8.900786896e-05,-0.005415407611,,
r1_prototype,3647,0.01375383061,-0.004014652109,,
r1_prototype,3648,-0.01200426944,-0.00133915983,,
r1_prototype,3649,0.01732365714,-0.008439016705,,
r1_prototype,3650,0.006957825622,-0.005370687915,,
r1_prototype,3651,-0.02152273468,-0.003661214665,,
r1_prototype,3652,0.002832813002,-0.01024024855,,
r1_prototype,3653,-0.01544627147,-0.004070132461,,
r1_prototype,3654,-0.003149623072,-0.003466065298,,
r1_prototype,3655,-0.01206133993,4.157981993e-05,,
r1_prototype,3656,-0.009065094424,-0.001625437048,,
r1_prototype,3657,0.01107138494,-0.009720401639,,
r1_prototype,3658,-0.004956979142,-0.007601544303,,
r1_prototype,3659,-0.02815184463,-0.001689515177,,
r1_prototype,3660,-0.005340887723,-0.002753131376,,
r1_prototype,3661,0.002273924632,-0.00521271946,,
r1_prototype,3662,0.004054489823,-0.006626556715,,
r1_prototype,3663,0.01895398295,-0.006812519864,,
r1_prototype,3664,-0.008071889578,-0.00177970361,,
r1_prototype,3665,-0.01530917369,-0.00280875791,,
r1_prototype,3666,0.009291810887,-0.003624431897,,
r1_prototype,3667,0.0235608014,-0.008177748683,,
r1_prototype,3668,0.01352454494,-0.008760054011,,
r1_prototype,3669,-0.01080921795,-0.002945821605,,
r1_prototype,3670,0.00156984804,-0.008533383548,,
r1_prototype,3671,-0.004634994355,-0.006492603466,,
r1_prototype,3672,0.00239628938,-0.004954499352,,
r1_prototype,3673,0.006285036608,-0.006633407554,,
r1_prototype,3674,0.0164388039,-0.00948236359,,
r1_prototype,3675,-0.0008003878216,-0.007806736085,,
r1_prototype,3676,0.001973674644,-0.006255312342,,
r1_prototype,3677,0.01036548597,-0.01294451639,,
r1_prototype,3678,-0.009469800008,-0.002513909809,,
r1_prototype,3679,-0.01460698325,-0.005305114059,,
r1_prototype,3680,-0.006298047188,-0.005241052335,,
r1_prototype,3681,0.02203841916,-0.008639048979,,
r1_prototype,3682,-0.009930818581,-0.008779554107,,
r1_prototype,3683,0.0009548657251,-0.006879222227,,
r1_prototype,3684,-0.0001734956556,-0.006047814063,,
r1_prototype,3685,-0.01259262389,-0.007647388351,,
r1_prototype,3686,-0.01171790347,9.524936262e-05,,
r1_prototype,3687,-0.02320847898,-0.003013719391,,
r1_prototype,3688,-0.0124347499,-0.004365053054,,
r1_prototype,3689,-0.0003326655906,-0.004170068448,,
r1_prototype,3690,-0.01138867688,-0.001844514671,,
r1_prototype,3691,-0.01231834051,-0.006617126578,,
r1_prototype,3692,0.001066314606,-0.009071309544,,
r1_prototype,3693,0.008202843494,-0.008838162566,,
r1_prototype,3694,-0.01375218707,-0.00276527349,,
r1_prototype,3695,-0.001411242438,-0.007524773967,,
r1_prototype,3696,-0.00677450944,-0.007667282013,,
r1_prototype,3697,-0.02268277307,-0.002631527389,,
r1_prototype,3698,-0.01332838571,-0.004065535227,,
r1_prototype,3699,-0.01834550705,-0.001573092917,,
r1_prototype,3700,0.0125391392,-0.007146594291,,
r1_prototype,3701,-0.003993239433,-0.001088393021,,
r1_prototype,3702,-0.0009793673043,-0.006148021988,,
r1_prototype,3703,-0.006611805701,-0.004039175716,,
r1_prototype,3704,-0.008372757105,-0.007712901399,,
r1_prototype,3705,0.001072830391,-0.006607807941,,
r1_prototype,3706,-0.007815639984,-0.00513058419,,
r1_prototype,3707,0.01117225876,-0.0130450176,,
r1_prototype,3708,-0.01176780713,-0.003691218102,,
r1_prototype,3709,0.0043371755,-0.005638121998,,
r1_prototype,3710,0.000404890027,-0.003622247282,,
r1_prototype,3711,0.00449813174,-0.008428259746,,
r1_prototype,3712,0.003312212021,-0.004747685289,,
r1_prototype,3713,0.003092997267,-0.007380716464,,
r1_prototype,3714,-0.01136451043,-0.005217626631,,
r1_prototype,3715,-0.01786299838,0.003985560358,,
r1_prototype,3716,-0.02110961289,-0.004420024689,,
r1_prototype,3717,0.01219301659,-0.01257113825,,
r1_prototype,3718,0.01121327181,-0.004108493472,,
r1_prototype,3719,0.00129282505,-0.005306510268,,
r1_prototype,3720,-0.01306000804,-0.002671937474,,
r1_prototype,3721,-0.02191040833,-0.001879524845,,
r1_prototype,3722,-0.01419011618,-0.004510555367,,
r1_prototype,3723,-0.005216380798,-0.006842636358,,
r1_prototype,3724,0.02377516523,-0.01158016614,,
r1_prototype,3725,-0.01613371793,0.004476216979,,
r1_prototype,3726,-0.03041011736,0.00225119738,,
r1_prototype,3727,-0.01343335514,-0.001039185703,,
r1_prototype,3728,0.02261519866,-0.01178687299,,
r1_prototype,3729,0.008169760987,-0.003688221261,,
r1_prototype,3730,-0.01603183387,-0.006234428828,,
r1_prototype,3731,-0.01358668909,-0.0002635070181,,
r1_prototype,3732,0.02393521276,-0.009082535649,,
r1_prototype,3733,0.01550155797,-0.008862481231,,
r1_prototype,3734,-0.001344865598,-0.004484565558,,
r1_prototype,3735,0.02250553316,-0.008014194493,,
r1_prototype,3736,0.01591495441,-0.01414330586,,
r1_prototype,3737,-0.01210635216,-0.003596327822,,
r1_prototype,3738,-0.02711700079,-0.003332654952,,
r1_prototype,3739,-0.005934820107,-0.00698052804,,
r1_prototype,3740,0.003962666233,-0.0008473345008,,
r1_prototype,3741,-0.01320529659,-0.0005994305748,,
r1_prototype,3742,-0.007935279535,-0.003392674721,,
r1_prototype,3743,-0.004523929865,-0.001440814578,,
r1_prototype,3744,0.007064447973,-0.006759662654,,
r1_prototype,3745,-0.001635790059,-0.004950710815,,
r1_prototype,3746,0.008681870993,-0.00599414246,,
r1_prototype,3747,0.001342709004,-0.006108458794,,
r1_prototype,3748,-0.00755696476,-0.001729423829,,
r1_prototype,3749,0.004035335521,-0.004194719279,,
r1_prototype,3750,-0.008828512396,-0.006037793424,,
r1_prototype,3751,-0.004943855281,-0.001090642465,,
r1_prototype,3752,0.005732558069,-0.004948984666,,
r1_prototype,3753,0.01300968341,-0.01208940523,,
r1_prototype,3754,-0.007651609651,-0.001553685536,,
r1_prototype,3755,0.02436287254,-0.009758637887,,
r1_prototype,3756,0.004035541864,-0.009640795037,,
r1_prototype,3757,-0.01003943722,-0.007954245565,,
r1_prototype,3758,0.006791139354,-0.003589139,,
r1_prototype,3759,0.001582264163,-0.007463644866,,
r1_prototype,3760,0.004629638249,-0.005486794541,,
r1_prototype,3761,0.005467861333,-0.007537150538,,
r1_prototype,3762,-0.01335890109,-0.002760895135,,
r1_prototype,3763,-0.00934566199,-0.001682391416,,
r1_prototype,3764,-0.008057079533,-0.007184349664,,
r1_prototype,3765,-0.0007587779946,-0.006599370897,,
r1_prototype,3766,-0.00792427904,-0.003526245642,,
r1_prototype,3767,0.006279161803,-0.007516820606,,
r1_prototype,3768,-0.007772451214,-0.004824752842,,
r1_prototype,3769,-0.02209012124,-0.0007011566838,,
r1_prototype,3770,-0.001020667726,-0.01067980566,,
r1_prototype,3771,-0.01284509261,-0.005697167811,,
r1_prototype,3772,-0.006431179487,-0.007628200764,,
r1_prototype,3773,-0.01209236307,-0.004494731151,,
r1_prototype,3774,-0.02024304809,-0.004219915049,,
r1_prototype,3775,-0.01431082134,-0.005485013293,,
r1_prototype,3776,-0.02535133515,-0.001750439342,,
r1_prototype,3777,-0.0008785265003,-0.003352522204,,
r1_prototype,3778,0.01719965553,-0.006279091486,,
r1_prototype,3779,0.001583466307,-0.005491832639,,
r1_prototype,3780,-0.008359424476,-0.00639642604,,
r1_prototype,3781,0.009541349011,-0.007659683439,,
r1_prototype,3782,0.0070880045,-0.01015120445,,
r1_prototype,3783,-0.01103861406,-0.008894095397,,
r1_prototype,3784,-0.01473299398,-0.002393316737,,
r1_prototype,3785,-0.00085478927,-0.01043432254,,
r1_prototype,3786,-0.02279126397,-0.004706969531,,
r1_prototype,3787,-0.006878981368,-0.003853840455,,
r1_prototype,3788,-0.01567136046,-0.003408173673,,
r1_prototype,3789,0.01198752344,-0.002495541888,,
r1_prototype,3790,-0.01461727154,-9.961483201e-05,,
r1_prototype,3791,-0.009066423393,-0.0009263243657,,
r1_prototype,3792,0.01373704967,-0.009038171529,,
r1_prototype,3793,-0.009526234869,-0.003649957849,,
r1_prototype,3794,-0.01272676365,-0.003022941222,,
r1_prototype,3795,-0.02717743101,0.0002043958097,,
r1_prototype,3796,0.01375697379,-0.006559664301,,
r1_prototype,3797,-0.008981550939,-0.004230975268,,
r1_prototype,3798,0.01148323939,-0.005431703941,,
r1_prototype,3799,0.02605282334,-0.007857243255,,
r1_prototype,3800,-0.01415763472,-0.005773141089,,
r1_prototype,3801,0.004401928423,-0.006173947778,,
r1_prototype,3802,0.01029736586,-0.009055832181,,
r1_prototype,3803,0.001325828756,-0.008153439809,,
r1_prototype,3804,0.00915506425,-0.009093237046,,
r1_prototype,3805,0.003872541641,-0.008246258702,,
r1_prototype,3806,-0.005172283344,-0.003780258004,,
r1_prototype,3807,0.006264922222,-0.008777285643,,
r1_prototype,3808,-0.006029836423,-0.005462318637,,
r1_prototype,3809,-0.008767172348,-0.004410743001,,
r1_prototype,3810,-0.002729118076,-0.006113838466,,
r1_prototype,3811,-0.003555453117,-0.005566992409,,
r1_prototype,3812,-0.01913478614,0.002795034922,,
r1_prototype,3813,-0.006331899699,-0.005644885882,,
r1_prototype,3814,0.00402088312,-0.005409258622,,
r1_prototype,3815,-0.00118495163,-0.00558828066,,
r1_prototype,3816,0.009685377041,-0.00491071795,,
r1_prototype,3817,-0.005830958635,-0.003280830244,,
r1_prototype,3818,0.0004463188296,-0.006400472409,,
r1_prototype,3819,-0.02879100058,0.002584047199,,
r1_prototype,3820,-0.004389052295,-0.01172331388,,
r1_prototype,3821,0.006022778074,-0.008884893441,,
r1_prototype,3822,-0.0133882592,-0.005034288189,,
r1_prototype,3823,0.0005527759667,-0.006680375902,,
r1_prototype,3824,0.004713302468,-0.01055013864,,
r1_prototype,3825,-0.02075480054,-0.003342618444,,
r1_prototype,3826,-0.0151265307,0.0008141596298,,
r1_prototype,3827,0.001273350293,-0.004774270885,,
r1_prototype,3828,0.009853155226,-0.009102552728,,
r1_prototype,3829,0.0001922737434,-0.006625418863,,
r1_prototype,3830,-0.006622041812,-0.009154450513,,
r1_prototype,3831,-0.004790032892,-0.003153630065,,
r1_prototype,3832,-0.03537696039,0.000813125117,,
r1_prototype,3833,-0.01053719436,-0.002702334199,,
r1_prototype,3834,-0.02180464445,0.0009864437284,,
r1_prototype,3835,-0.009414295241,-0.002040421659,,
r1_prototype,3836,0.0002704476844,-0.00460377911,,
r1_prototype,3837,0.01849560091,-0.00834555942,,
r1_prototype,3838,-0.006580456502,-0.002838012178,,
r1_prototype,3839,0.003777339697,-0.009247058989,,
r1_prototype,3840,0.0001580980592,-0.006852907208,,
r1_prototype,3841,-0.005450773252,-0.0008509082588,,
r1_prototype,3842,0.02199165318,-0.009182038158,,
r1_prototype,3843,-0.006337181341,-0.000199706703,,
r1_prototype,3844,0.005815530657,-0.005403270921,,
r1_prototype,3845,-0.01679333965,-0.003835150165,,
r1_prototype,3846,-0.00177031438,-0.008022833857,,
r1_prototype,3847,0.02392153381,-0.01079195688,,
r1_prototype,3848,-0.0004584074507,-0.001632199922,,
r1_prototype,3849,-0.001946180431,-0.01036783176,,
r1_prototype,3850,0.02179195862,-0.007892346576,,
r1_prototype,3851,-0.006605764027,-0.001599019126,,
r1_prototype,3852,-0.006819907549,-0.005341067273,,
r1_prototype,3853,-0.02026395598,0.002599224272,,
r1_prototype,3854,-0.03309187075,0.003748053387,,
r1_prototype,3855,0.01136944413,-0.00607742839,,
r1_prototype,3856,0.008206347781,-0.007688432146,,
r1_prototype,3857,-0.01247702686,-0.0008178719072,,
r1_prototype,3858,0.005115082094,-0.007677178008,,
r1_prototype,3859,-0.01044897817,-1.079873612e-05,,
r1_prototype,3860,0.008101346614,-0.009730325403,,
r1_prototype,3861,0.005329642248,-0.002666498314,,
r1_prototype,3862,-0.001150960612,-0.008225172132,,
r1_prototype,3863,-0.003027359648,-0.004028451537,,
r1_prototype,3864,-0.01239878185,-0.005327081318,,
r1_prototype,3865,-0.004609570426,-0.006841564807,,
r1_prototype,3866,-0.006810933569,-0.003427676061,,
r1_prototype,3867,0.01600895737,-0.0114408715,,
r1_prototype,3868,-0.01859200606,-0.0002762941216,,
r1_prototype,3869,0.002688254499,-0.0040966086,,
r1_prototype,3870,-0.000529384936,-0.007943830802,,
r1_prototype,3871,-0.01966694528,-0.001561379674,,
r1_prototype,3872,-0.01975474707,-0.003761776342,,
r1_prototype,3873,0.03288777988,-0.01167360507,,
r1_prototype,3874,-0.009700194318,-0.006237017471,,
r1_prototype,3875,0.01816433194,-0.009628044495,,
r1_prototype,3876,0.007921369193,-0.004065976379,,
r1_prototype,3877,0.008385001466,-0.01289476514,,
r1_prototype,3878,-0.003855774186,-0.005007323737,,
r1_prototype,3879,0.01862179257,-0.003886680423,,
r1_prototype,3880,-0.002883218451,-0.005081036338,,
r1_prototype,3881,-0.006555423327,-0.00376117832,,
r1_prototype,3882,-0.01076207375,-0.001434669467,,
r1_prototype,3883,-0.01364263402,0.002300808783,,
r1_prototype,3884,-0.003144635813,-0.001893925722,,
r1_prototype,3885,0.01619929691,-0.009201532814,,
r1_prototype,3886,7.817470385e-05,-0.008310855519,,
r1_prototype,3887,-0.003019185229,-0.005407871707,,
r1_prototype,3888,-0.002512184174,-0.007607001942,,
r1_prototype,3889,-0.008702533595,-0.001921639143,,
r1_prototype,3890,-0.01493445356,0.004279548263,,
r1_prototype,3891,-0.02784574162,-3.260400783e-05,,
r1_prototype,3892,-0.01135308677,0.001114747303,,
r1_prototype,3893,-0.003826521811,-0.003386436397,,
r1_prototype,3894,-0.0002755187462,-0.003694168207,,
r1_prototype,3895,0.02370098387,-0.01030985982,,
r1_prototype,3896,-0.02046356428,-0.00393845966,,
r1_prototype,3897,0.01816285076,-0.009995133088,,
r1_prototype,3898,-0.005860070551,-0.003955303023,,
r1_prototype,3899,-0.01914741884,-1.506316832e-05,,
r1_prototype,3900,-0.01310847151,-0.001022980402,,
r1_prototype,3901,0.001269186308,-0.008146101645,,
r1_prototype,3902,0.006427456219,-0.007957367465,,
r1_prototype,3903,-0.008426569249,-0.004292531542,,
r1_prototype,3904,-0.002421783942,-0.006466998386,,
r1_prototype,3905,-0.0214081604,-0.001776376923,,
r1_prototype,3906,-0.01072552697,-0.004441951081,,
r1_prototype,3907,-0.02544616516,0.0002218974974,,
r1_prototype,3908,-0.0006960951562,-0.005362062694,,
r1_prototype,3909,-0.001016992124,-0.003853894054,,
r1_prototype,3910,-0.01475939755,-0.00612343765,,
r1_prototype,3911,-0.0008252375311,-0.004145095278,,
r1_prototype,3912,-0.02985162259,0.001480010263,,
r1_prototype,3913,-0.005569094871,-0.008314807854,,
r1_prototype,3914,0.002473890534,-0.0058425718,,
r1_prototype,3915,0.01582024942,-0.01185544714,,
r1_prototype,3916,0.006384711106,-0.006622794048,,
r1_prototype,3917,0.001678652982,-0.001595631961,,
r1_prototype,3918,-0.001624323796,-0.002993292323,,
r1_prototype,3919,0.008385579938,-0.009846180694,,
r1_prototype,3920,0.003124437056,-0.006736185376,,
r1_prototype,3921,0.00540974289,-0.006356765302,,
r1_prototype,3922,-0.01757161127,-0.003696808463,,
r1_prototype,3923,-0.004990341663,-0.001308180475,,
r1_prototype,3924,-0.02072858976,-0.003910691936,,
r1_prototype,3925,0.001851405439,-0.008038663797,,
r1_prototype,3926,-0.01236854155,-0.003496167919,,
r1_prototype,3927,-0.002813243832,-0.003912593004,,
r1_prototype,3928,0.0002579697686,-0.000819093188,,
r1_prototype,3929,-0.00109512737,-0.00527097767,,
r1_prototype,3930,-0.01225395462,-0.002287205723,,
r1_prototype,3931,-0.007199090401,-0.005580912152,,
r1_prototype,3932,-0.009584146162,-0.002869853153,,
r1_prototype,3933,0.02346184943,-0.006666993045,,
r1_prototype,3934,0.008133534545,-0.00494462638,,
r1_prototype,3935,0.01595960482,-0.009878902648,,
r1_prototype,3936,-0.02224355446,0.002526194118,,
r1_prototype,3937,-0.00590462839,-0.003622769604,,
r1_prototype,3938,0.01854332129,-0.0106283653,,
r1_prototype,3939,0.02336144345,-0.009667381463,,
r1_prototype,3940,-0.01240290558,-0.002291733556,,
r1_prototype,3941,-0.03803505585,0.0008512999425,,
r1_prototype,3942,0.01798109229,-0.009101840999,,
r1_prototype,3943,-0.01785315588,0.005698747409,,
r1_prototype,3944,-0.03493362828,0.0007052939357,,
r1_prototype,3945,0.01707142231,-0.01295791921,,
r1_prototype,3946,-0.01242960151,-0.001956941002,,
r1_prototype,3947,0.008748673985,-0.005081791354,,
r1_prototype,3948,0.003385393702,-0.006957880657,,
r1_prototype,3949,0.00888974279,-0.008056426341,,
r1_prototype,3950,-0.008240075814,-0.001109462292,,
r1_prototype,3951,0.001109604703,-0.007148738354,,
r1_prototype,3952,-0.001473997598,-0.001973380323,,
r1_prototype,3953,-0.00735580805,-0.0009637006142,,
r1_prototype,3954,-0.0007340818922,-0.006183674655,,
r1_prototype,3955,0.01711104966,-0.009073721071,,
r1_prototype,3956,-0.007735503394,-0.0005803889318,,
r1_prototype,3957,0.006992797703,-0.004100741192,,
r1_prototype,3958,0.007283473265,-0.01284800911,,
r1_prototype,3959,-0.0116041946,-0.007755317941,,
r1_prototype,3960,-0.00623982437,-0.006303323603,,
r1_prototype,3961,-0.005656582794,-0.004457638949,,
r1_prototype,3962,-0.02091118742,-0.00411022525,,
r1_prototype,3963,-0.01503793803,-0.003759392298,,
r1_prototype,3964,-0.01556588733,-0.003969876453,,
r1_prototype,3965,-0.003443875717,-0.002917537517,,
r1_prototype,3966,0.007593540139,-0.008601985798,,
r1_prototype,3967,0.009112250023,-0.01107554839,,
r1_prototype,3968,0.03306375694,-0.01337868278,,
r1_prototype,3969,-0.01730754425,-0.0008347770245,,
r1_prototype,3970,-0.02184443434,-0.00309817134,,
r1_prototype,3971,-0.007411929619,-0.004133416514,,
r1_prototype,3972,0.03010326523,-0.0114233988,,
r1_prototype,3973,-0.01268971829,0.0008122231452,,
r1_prototype,3974,-0.02892269492,0.006517083536,,
r1_prototype,3975,-0.006435977563,-0.006291032006,,
r1_prototype,3976,-0.0121873082,-0.001349489844,,
r1_prototype,3977,-0.005601520366,-0.0008807969226,,
r1_prototype,3978,-0.004730860829,-0.003400529163,,
r1_prototype,3979,-0.01344738527,-0.009999768338,,
r1_prototype,3980,0.008827387015,-0.005680523984,,
r1_prototype,3981,-0.001398956249,-0.008626890911,,
r1_prototype,3982,-0.00274752745,-0.006464810751,,
r1_prototype,3983,-0.02845639988,0.0004284318556,,
r1_prototype,3984,0.02175750985,-0.008040073275,,
r1_prototype,3985,-0.008312596098,-0.001585877959,,
r1_prototype,3986,-0.01255373296,-0.004734207157,,
r1_prototype,3987,-0.0337074608,0.006116511524,,
r1_prototype,3988,-0.01966079482,-0.002668121549,,
r1_prototype,3989,-0.01262497631,-0.004594426778,,
r1_prototype,3990,-0.01202003545,-0.005437957303,,
r1_prototype,3991,-0.009500488757,-0.002315346395,,
r1_prototype,3992,0.01052971575,-0.007916255356,,
r1_prototype,3993,-0.002252712001,-0.008488410394,,
r1_prototype,3994,-0.02003668847,-0.008877856678,,
r1_prototype,3995,-0.03965270041,-0.0006359536325,,
r1_prototype,3996,0.004858794099,-0.01143702487,,
r1_prototype,3997,-0.0119153912,-0.005247994256,,
r1_prototype,3998,0.02533098379,-0.01279301205,,
r1_prototype,3999,0.003716043484,-0.002792261823,,
r1_prototype,4000,-0.003913467539,-0.003215939897,,
r1_prototype,4001,-0.01638024979,-0.005167115943,,
r1_prototype,4002,-0.01075270173,-0.002062168093,,
r1_prototype,4003,-0.03587703931,-0.002933958953,,
r1_prototype,4004,-0.01039050553,-0.002882819573,,
r1_prototype,4005,-0.01900761918,-0.002417466925,,
r1_prototype,4006,-0.001992332689,-0.00954473336,,
r1_prototype,4007,-0.006187498111,-0.003707736734,,
r1_prototype,4008,-0.004695084755,-0.007861920108,,
r1_prototype,4009,0.007790631631,-0.005651488398,,
r1_prototype,4010,-0.01483255539,-0.002569865356,,
r1_prototype,4011,-0.01697652554,-0.002732492075,,
r1_prototype,4012,0.001292980908,-0.008951433719,,
r1_prototype,4013,-0.01553994117,-0.00520335141,,
r1_prototype,4014,-0.007149899432,-0.006229705443,,
r1_prototype,4015,-0.003315649133,-0.001642293184,,
r1_prototype,4016,-0.003658279217,-0.006937683548,,
r1_prototype,4017,-0.006740324232,-0.004493457793,,
r1_prototype,4018,-0.01414147596,-0.001936310661,,
r1_prototype,4019,-0.0305913909,-0.001190983623,,
r1_prototype,4020,-0.006936438824,-0.004405930723,,
r1_prototype,4021,0.008592662446,-0.002970174457,,
r1_prototype,4022,-0.01072703744,-0.003834988139,,
r1_prototype,4023,0.01382926311,-0.006968207641,,
r1_prototype,4024,-0.002856866553,-0.006474861925,,
r1_prototype,4025,0.03814586789,-0.01097034416,,
r1_prototype,4026,0.0103096332,-0.009969404632,,
r1_prototype,4027,-0.007202730098,-0.001721508099,,
r1_prototype,4028,-0.00738408168,-0.00649588759,,
r1_prototype,4029,-0.01840733908,-0.006848872922,,
r1_prototype,4030,-0.0162829436,-0.002890275999,,
r1_prototype,4031,0.002971476637,-0.007030335927,,
r1_prototype,4032,0.02640996705,-0.006305310619,,
r1_prototype,4033,-0.002247373207,-0.009412065654,,
r1_prototype,4034,-0.01798261504,-0.003133040887,,
r1_prototype,4035,-0.008806961341,-0.003887652033,,
r1_prototype,4036,-0.005098367009,-0.003785740574,,
r1_prototype,4037,-0.005188100495,-0.001931306547,,
r1_prototype,4038,-0.01617547777,-0.007216149813,,
r1_prototype,4039,0.001461792333,-0.01044313005,,
r1_prototype,4040,-0.01003117898,-0.002399841387,,
r1_prototype,4041,-0.01964156091,0.003846167678,,
r1_prototype,4042,-0.01307517272,-0.003254238867,,
r1_prototype,4043,-0.003260755483,-0.005561513755,,
r1_prototype,4044,-0.0208738677,-0.003526727936,,
r1_prototype,4045,0.004984148757,-0.005913146687,,
r1_prototype,4046,0.01650375305,-0.009822335688,,
r1_prototype,4047,0.0144010026,-0.004655225682,,
r1_prototype,4048,-0.001157145364,-0.006833988884,,
r1_prototype,4049,-0.01925097481,-0.006887609597,,
r1_prototype,4050,0.008173882859,-0.009737446133,,
r1_prototype,4051,0.01026569847,-0.008348036909,,
r1_prototype,4052,0.02398484641,-0.002271305914,,
r1_prototype,4053,-0.009138840949,-0.004956029509,,
r1_prototype,4054,-0.008765837334,-0.007027401076,,
r1_prototype,4055,0.02051901817,-0.009668369054,,
r1_prototype,4056,0.01999775479,-0.005692554405,,
r1_prototype,4057,0.02719279034,-0.01191068843,,
r1_prototype,4058,0.01308942573,-0.004216980467,,
r1_prototype,4059,0.004735826021,-0.007111207515,,
r1_prototype,4060,-0.003713202322,-0.009927126567,,
r1_prototype,4061,-0.004363213279,-0.003621675626,,
r1_prototype,4062,-0.00755044139,-0.003870022306,,
r1_prototype,4063,-0.02060089523,-0.003682547047,,
r1_prototype,4064,0.001022845105,-0.004068721267,,
r1_prototype,4065,-0.0006343873943,-0.002324492579,,
r1_prototype,4066,-0.01049192124,-0.006344422622,,
r1_prototype,4067,-0.007380772774,-0.007627533536,,
r1_prototype,4068,0.01140522955,-0.0112905453,,
r1_prototype,4069,0.0102239799,-0.007873665588,,
r1_prototype,4070,-0.02220059105,0.002360060535,,
r1_prototype,4071,0.01037699745,-0.0105617115,,
r1_prototype,4072,-0.005858135057,-0.005808823076,,
r1_prototype,4073,-0.01513208542,-0.001737175977,,
r1_prototype,4074,-0.008643264265,-0.001797574523,,
r1_prototype,4075,-0.0152730528,-0.008401873399,,
r1_prototype,4076,0.0143215032,-0.008068519155,,
r1_prototype,4077,0.01662394753,-0.008042612643,,
r1_prototype,4078,-0.01531619339,-0.004155849533,,
r1_prototype,4079,-0.03186796925,-0.003025404104,,
r1_prototype,4080,-0.01257202495,-0.001628180123,,
r1_prototype,4081,-0.01629319222,-0.001035187069,,
r1_prototype,4082,-0.0005332568374,-0.008418993169,,
r1_prototype,4083,0.005143302592,-0.009632544235,,
r1_prototype,4084,-0.008636516202,-0.00604849174,,
r1_prototype,4085,-0.007420930498,-0.003998737044,,
r1_prototype,4086,-0.006287723199,-0.003653837953,,
r1_prototype,4087,-0.02831709157,0.0004794608038,,
r1_prototype,4088,-0.01122653093,-0.005019806424,,
r1_prototype,4089,-0.0108824471,-0.002034004534,,
r1_prototype,4090,-0.001264612716,-0.002674164042,,
r1_prototype,4091,-0.006859240018,-0.004337058958,,
r1_prototype,4092,-0.01411747502,0.0007221730855,,
r1_prototype,4093,0.01045247049,-0.01014577448,,
r1_prototype,4094,0.01328949771,-0.01075439401,,
r1_prototype,4095,-0.03425868736,0.00162753409,,
r1_prototype,4096,0.01130217245,-0.008717095488,,
r1_prototype,4097,0.0147245923,-0.006053923845,,
r1_prototype,4098,-0.005438472101,-0.006312688394,,
r1_prototype,4099,-0.01811190533,-0.003495889152,,
r1_prototype,4100,0.003273551974,-0.005506689327,,
r1_prototype,4101,-0.003608626505,-0.005464120429,,
r1_prototype,4102,0.004991156373,-0.005959923464,,
r1_prototype,4103,-0.005565019418,-0.003700058306,,
r1_prototype,4104,0.003366423322,-0.009190074371,,
r1_prototype,4105,0.01438209518,-0.009171841433,,
r1_prototype,4106,0.002036014447,-0.006523539783,,
r1_prototype,4107,-0.02089094151,-0.00370540478,,
r1_prototype,4108,-0.01814232324,0.002201905502,,
r1_prototype,4109,-0.003827704595,-0.007087828981,,
r1_prototype,4110,-0.02448027668,-0.002916007539,,
r1_prototype,4111,-0.01388803505,0.001923281985,,
r1_prototype,4112,-0.004715776731,-0.002802911036,,
r1_prototype,4113,-0.01198378369,-0.003656319793,,
r1_prototype,4114,-0.01009633233,0.000485745551,,
r1_prototype,4115,-0.008694922389,-0.004426351103,,
r1_prototype,4116,-0.005995457916,-0.009526569576,,
r1_prototype,4117,-0.004474761463,-0.005826056677,,
r1_prototype,4118,-0.01464596456,-0.00500811694,,
r1_prototype,4119,0.007801732277,-0.00849605087,,
r1_prototype,4120,-0.01681472757,-0.001696637795,,
r1_prototype,4121,-0.01064410162,-0.006298622491,,
r1_prototype,4122,0.01418253843,-0.009824480495,,
r1_prototype,4123,0.01021775903,-0.009355071747,,
r1_prototype,4124,-0.002935318062,-0.01208511166,,
r1_prototype,4125,-0.009461981755,-0.000743139191,,
r1_prototype,4126,0.01345628963,-0.009585389129,,
r1_prototype,4127,0.0008961674939,-0.007969022952,,
r1_prototype,4128,-0.02090536278,0.002547484728,,
r1_prototype,4129,-0.01251888377,-0.003171196482,,
r1_prototype,4130,0.003594402687,-0.004158435838,,
r1_prototype,4131,-0.004066473024,-0.002099401492,,
r1_prototype,4132,0.01427741619,-0.01442016156,,
r1_prototype,4133,-0.01274822718,-0.002206576106,,
r1_prototype,4134,-0.005215351866,-0.003687836901,,
r1_prototype,4135,-0.0120021554,-0.00533142441,,
r1_prototype,4136,-0.02382666569,-0.001648994293,,
r1_prototype,4137,-0.0004439711663,-0.005679929977,,
r1_prototype,4138,-0.009246715273,-0.005927060508,,
r1_prototype,4139,-0.01201976976,-0.003808699014,,
r1_prototype,4140,-0.01011487798,-0.002029293497,,
r1_prototype,4141,0.008278490678,-0.007893738737,,
r1_prototype,4142,-0.001331662832,-0.006271401025,,
r1_prototype,4143,-0.01887739477,-0.0007942261624,,
r1_prototype,4144,0.001176942132,-0.005085164451,,
r1_prototype,4145,0.001578526404,-0.004834620892,,
r1_prototype,4146,0.02355712342,-0.01095492247,,
r1_prototype,4147,0.003332706502,-0.008442924823,,
r1_prototype,4148,0.02102848201,-0.00860196595,,
r1_prototype,4149,0.03226328328,-0.01436138099,,
r1_prototype,4150,-0.01851113551,-0.007647371084,,
r1_prototype,4151,-0.03082495616,0.003207136004,,
r1_prototype,4152,-0.0006439518514,-0.005333116619,,
r1_prototype,4153,-0.02271931102,-0.002888658611,,
r1_prototype,4154,-0.02085361795,-0.001478159275,,
r1_prototype,4155,-0.01160632625,-0.003778191008,,
r1_prototype,4156,0.01215327095,-0.005403294958,,
r1_prototype,4157,-0.003357452589,-0.009218897665,,
r1_prototype,4158,-0.00406394092,-0.004449340343,,
r1_prototype,4159,-0.01237426105,-0.0002359266371,,
r1_prototype,4160,-0.002707940779,-0.007856500019,,
r1_prototype,4161,0.004653214281,-0.005136752753,,
r1_prototype,4162,0.0005187972241,-0.01160118238,,
r1_prototype,4163,-0.0009894836512,-0.004088243118,,
r1_prototype,4164,-0.01068714792,-0.001209258131,,
r1_prototype,4165,-0.01491626141,-7.082993431e-06,,
r1_prototype,4166,0.01117740493,-0.008617479902,,
r1_prototype,4167,0.00560711674,-0.009115357593,,
r1_prototype,4168,-0.01287895128,-0.003899296179,,
r1_prototype,4169,-0.0178044866,-0.0005530793963,,
r1_prototype,4170,-0.01100153145,-0.007697487145,,
r1_prototype,4171,-0.01094573766,-0.007781881522,,
r1_prototype,4172,-0.01520529849,-0.004124469771,,
r1_prototype,4173,0.006273159459,-0.001314062541,,
r1_prototype,4174,0.007432980134,-0.007370102589,,
r1_prototype,4175,0.001045649586,-0.005426222345,,
r1_prototype,4176,-0.008103308355,0.0009093782885,,
r1_prototype,4177,0.002963184485,-0.004367749959,,
r1_prototype,4178,-0.002432750509,-0.005829091674,,
r1_prototype,4179,-0.02251994646,0.0008461274981,,
r1_prototype,4180,0.01304985644,-0.01209372861,,
r1_prototype,4181,0.01890612798,-0.009597476337,,
r1_prototype,4182,-0.007222857798,-0.001607642618,,
r1_prototype,4183,0.01262962087,-0.008882685576,,
r1_prototype,4184,0.01458814936,-0.009103978318,,
r1_prototype,4185,-0.01513264157,-0.003338880295,,
r1_prototype,4186,0.01169845789,-0.006094083158,,
r1_prototype,4187,-0.01769056602,-0.007998878306,,
r1_prototype,4188,-0.009339653809,-0.004385710096,,
r1_prototype,4189,0.006301576837,-0.008722817148,,
r1_prototype,4190,-0.009591797394,-0.0008865162577,,
r1_prototype,4191,-0.0106578189,-0.002628288491,,
r1_prototype,4192,-0.03955103101,0.004216284172,,
r1_prototype,4193,0.003756154322,-0.01076936585,,
r1_prototype,4194,-0.006909297155,-0.0049281232,,
r1_prototype,4195,-0.007004801593,-0.006355938396,,
r1_prototype,4196,0.02495933345,-0.01094318977,,
r1_prototype,4197,-0.008978118964,-0.004693818435,,
r1_prototype,4198,0.001687664825,-0.009858299008,,
r1_prototype,4199,-0.0229731072,-0.003556955926,,
r1_prototype,4200,0.01079239571,-0.003663363243,,
r1_prototype,4201,0.01439873259,-0.01011807016,,
r1_prototype,4202,-0.002246095871,-0.004441396504,,
r1_prototype,4203,-0.005704343011,-0.005995503808,,
r1_prototype,4204,-0.003711002812,-0.005134480584,,
r1_prototype,4205,-0.01031951516,-0.005491224816,,
r1_prototype,4206,0.009197686671,-0.004174671896,,
r1_prototype,4207,-0.0196845436,-0.0002658554768,,
r1_prototype,4208,-0.01435616724,-0.004146133689,,
r1_prototype,4209,0.005064845791,-0.005055589074,,
r1_prototype,4210,0.01858825916,-0.01353556067,,
r1_prototype,4211,-0.004875832493,-0.009239859063,,
r1_prototype,4212,-0.02133841224,-0.002509341374,,
r1_prototype,4213,0.009607978102,-0.004507990954,,
r1_prototype,4214,0.01200758875,-0.005329470397,,
r1_prototype,4215,0.007638924566,-0.007962402205,,
r1_prototype,4216,0.006088058154,-0.006078778192,,
r1_prototype,4217,-0.02543178794,-0.002373085352,,
r1_prototype,4218,-0.009991525951,-0.005949168849,,
r1_prototype,4219,-0.006889012666,-0.006442028701,,
r1_prototype,4220,0.0006609036103,-0.004818363602,,
r1_prototype,4221,-0.004962696068,-0.005500491647,,
r1_prototype,4222,0.005641844276,-0.007169842044,,
r1_prototype,4223,-0.03062494646,0.002437598401,,
r1_prototype,4224,-0.03435188192,0.00315873729,,
r1_prototype,4225,-0.02020393974,0.001435316895,,
r1_prototype,4226,0.003872585877,-0.005936286214,,
r1_prototype,4227,0.0004161460129,-0.009980909181,,
r1_prototype,4228,-0.01168441774,-0.002117234411,,
r1_prototype,4229,-0.0334700328,-0.0005225992109,,
r1_prototype,4230,-0.02696527959,-0.005069512655,,
r1_prototype,4231,-0.01680008643,0.0003160850588,,
r1_prototype,4232,-0.0308898174,-0.003675327368,,
r1_prototype,4233,-0.001537816993,-0.008683201188,,
r1_prototype,4234,-0.006546070769,-0.003383053412,,
r1_prototype,4235,-0.001013587799,-0.00798259293,,
r1_prototype,4236,0.01588145128,-0.01006200466,,
r1_prototype,4237,0.02208590989,-0.008390637014,,
r1_prototype,4238,0.0301897251,-0.00791792789,,
r1_prototype,4239,-0.005350390023,-0.003258845044,,
r1_prototype,4240,-0.01975637127,0.0001414093996,,
r1_prototype,4241,-0.005382355884,-0.004350183808,,
r1_prototype,4242,0.001869431069,-0.004779333552,,
r1_prototype,4243,0.008454296539,-0.006696836943,,
r1_prototype,4244,0.0008293894599,-0.001041427073,,
r1_prototype,4245,-0.02153920397,0.002137170322,,
r1_prototype,4246,-0.001550814439,-0.001137517573,,
r1_prototype,4247,-0.002425468989,-0.006940159482,,
r1_prototype,4248,-0.0008660251258,-0.006384396028,,
r1_prototype,4249,0.005391810578,-0.00742104644,,
r1_prototype,4250,0.008270431496,-0.01197814082,,
r1_prototype,4251,-0.01255212929,-0.0006005937556,,
r1_prototype,4252,-0.006708541589,-0.004892804681,,
r1_prototype,4253,0.001524845869,-0.005587606972,,
r1_prototype,4254,0.008642887458,-0.009107184052,,
r1_prototype,4255,-0.008970144082,-0.004316170839,,
r1_prototype,4256,-0.006435299563,-0.00200035306,,
r1_prototype,4257,0.01370782018,-0.01072367375,,
r1_prototype,4258,0.004635137713,-0.0002754285722,,
r1_prototype,4259,-0.005779087393,-0.005966088491,,
r1_prototype,4260,-0.005330374006,-0.009315497554,,
r1_prototype,4261,0.002465791086,-0.01375833786,,
r1_prototype,4262,0.01206246504,-0.004395209243,,
r1_prototype,4263,0.016593347,-0.006886390284,,
r1_prototype,4264,0.006881216868,-0.003214504526,,
r1_prototype,4265,-0.003457734437,-0.007840117903,,
r1_prototype,4266,-0.01360775109,-0.005175729991,,
r1_prototype,4267,0.000444561088,-0.006437447454,,
r1_prototype,4268,-0.02141539018,-0.003635156802,,
r1_prototype,4269,0.002824297996,-0.00839678948,,
r1_prototype,4270,-0.003976950881,-0.002592501975,,
r1_prototype,4271,0.0171391869,-0.007704874415,,
r1_prototype,4272,-0.008625106211,-0.005320825134,,
r1_prototype,4273,-0.02326229966,-0.006053503165,,
r1_prototype,4274,0.005306302522,-0.006558401256,,
r1_prototype,4275,0.01290204429,-0.005644489193,,
r1_prototype,4276,-0.002138445297,-0.005899996978,,
r1_prototype,4277,-0.01029025019,-0.005308511076,,
r1_prototype,4278,0.001354485766,-0.008195242178,,
r1_prototype,4279,0.02079440268,-0.01079027565,,
r1_prototype,4280,-0.003606527755,-0.008525816861,,
r1_prototype,4281,-0.007533957996,-0.004372236238,,
r1_prototype,4282,-0.012303197,-0.002381039683,,
r1_prototype,4283,-0.004639267972,-0.008193176672,,
r1_prototype,4284,-0.009199832787,-0.002595785748,,
r1_prototype,4285,-0.00925118722,-0.004469436592,,
r1_prototype,4286,0.001412578291,-0.00720880591,,
r1_prototype,4287,-0.02429840968,0.003781763585,,
r1_prototype,4288,-0.003489460253,-0.007049093935,,
r1_prototype,4289,-0.002916373439,-0.004509392347,,
r1_prototype,4290,0.01479272198,-0.007297490873,,
r1_prototype,4291,0.02104524812,-0.01226833624,,
r1_prototype,4292,-0.009302375321,-0.008306866626,,
r1_prototype,4293,-0.0156621497,-0.006111712488,,
r1_prototype,4294,0.01068047931,-0.008888660831,,
r1_prototype,4295,0.007972269175,-0.01015106981,,
r1_prototype,4296,0.001896035004,-0.008684838358,,
r1_prototype,4297,0.01112975428,-0.009883265659,,
r1_prototype,4298,-0.005364051774,-0.004895670827,,
r1_prototype,4299,-0.01545802617,-0.005040406492,,
r1_prototype,4300,-0.009669852107,-0.002052224142,,
r1_prototype,4301,-0.02443852854,-0.002394752665,,
r1_prototype,4302,0.017941954,-0.009490905927,,
r1_prototype,4303,0.0079711347,-0.01063205514,,
r1_prototype,4304,-0.02600656056,0.0001541680625,,
r1_prototype,4305,-0.03147508353,0.0008412444721,,
r1_prototype,4306,0.02407598938,-0.01286627798,,
r1_prototype,4307,-0.02100117908,-0.003395576661,,
r1_prototype,4308,0.004716227564,-0.01163682291,,
r1_prototype,4309,-0.006075798229,-0.005925034204,,
r1_prototype,4310,-0.00119295944,-0.0004297051626,,
r1_prototype,4311,0.003543331696,-0.004747405664,,
r1_prototype,4312,0.01237007431,-0.009383634286,,
r1_prototype,4313,-0.004845758788,-0.004238989259,,
r1_prototype,4314,-0.0117826578,-0.001011558529,,
r1_prototype,4315,-0.002471331146,-0.004209722037,,
r1_prototype,4316,-0.004378870786,-0.01000968171,,
r1_prototype,4317,-0.02384921561,-0.001228247029,,
r1_prototype,4318,-0.005551938698,-0.004060765599,,
r1_prototype,4319,0.00535272304,-0.004689427531,,
r1_prototype,4320,0.003088907451,-0.004879438427,,
r1_prototype,4321,0.007815417278,-0.007844979634,,
r1_prototype,4322,-0.0118394973,-0.00651889665,,
r1_prototype,4323,0.01029776984,-0.005394951446,,
r1_prototype,4324,-0.005014419603,-0.004291324198,,
r1_prototype,4325,-0.0133855198,-0.002301931918,,
r1_prototype,4326,0.0241281803,-0.01208960581,,
r1_prototype,4327,-0.001493182803,-0.007332870075,,
r1_prototype,4328,0.02443013726,-0.01087191264,,
r1_prototype,4329,-0.0002787685619,-0.007085847748,,
r1_prototype,4330,-0.006885602605,-0.008334527094,,
r1_prototype,4331,-0.002630675021,-0.005777108871,,
r1_prototype,4332,-0.02250154169,-0.0001243324573,,
r1_prototype,4333,-0.02853416341,-0.001107926293,,
r1_prototype,4334,-0.01372415506,-0.002724517023,,
r1_prototype,4335,-0.01466114214,-0.004888317764,,
r1_prototype,4336,-0.009482829801,-0.008490012066,,
r1_prototype,4337,0.01603587238,-0.009335496019,,
r1_prototype,4338,-0.02529381168,0.0006029675858,,
r1_prototype,4339,0.008496015728,-0.008217129482,,
r1_prototype,4340,0.01291836693,-0.006752835822,,
r1_prototype,4341,-0.01429719502,-0.003272748632,,
r1_prototype,4342,0.02361395732,-0.01336943778,,
r1_prototype,4343,0.00433057088,-0.009731793556,,
r1_prototype,4344,0.001283277331,-0.008292302562,,
r1_prototype,4345,-0.008855291132,-0.006217527324,,
r1_prototype,4346,-0.008189159351,-0.004169233904,,
r1_prototype,4347,-0.01221236985,-0.0005896861596,,
r1_prototype,4348,-0.01420972655,-0.003840647971,,
r1_prototype,4349,0.008744856615,-0.0115622631,,
r1_prototype,4350,-0.01616089455,0.001739587816,,
r1_prototype,4351,0.006991495454,-0.008654140991,,
r1_prototype,4352,-0.001359453972,-0.007393960269,,
r1_prototype,4353,-0.006448707601,-0.009724529592,,
r1_prototype,4354,0.003057523255,-0.01009774231,,
r1_prototype,4355,-0.004029488892,-0.003327221131,,
r1_prototype,4356,0.01197060646,-0.009207526346,,
r1_prototype,4357,-0.01628566952,-0.007711614954,,
r1_prototype,4358,-0.02354682103,-0.001381016219,,
r1_prototype,4359,-0.004106553771,-0.001988669033,,
r1_prototype,4360,-0.004666651099,-0.006644385785,,
r1_prototype,4361,-0.01111094157,-0.0009890197128,,
r1_prototype,4362,-0.001173016552,-0.004591779484,,
r1_prototype,4363,-0.01384087976,-0.003249589168,,
r1_prototype,4364,0.001539118202,-0.007874113363,,
r1_prototype,4365,0.00289581964,-0.00490829378,,
r1_prototype,4366,0.004269041974,-0.007978755139,,
r1_prototype,4367,0.01356438528,-0.00970665573,,
r1_prototype,4368,-0.005472563576,-0.003732386264,,
r1_prototype,4369,-0.005798214722,-0.00352534364,,
r1_prototype,4370,0.03089628576,-0.01183276467,,
r1_prototype,4371,-0.02381706291,-0.002876700518,,
r1_prototype,4372,0.0005884740647,-0.005233463677,,
r1_prototype,4373,-0.02074585451,-0.0007480371469,,
r1_prototype,4374,-0.002611514707,-0.002189966528,,
r1_prototype,4375,0.03388524307,-0.01165047268,,
r1_prototype,4376,-0.0006487781565,-0.006228406084,,
r1_prototype,4377,-0.01563274717,-0.004781182033,,
r1_prototype,4378,-0.001672237798,-0.001526913538,,
r1_prototype,4379,0.01190192896,-0.00489522508,,
r1_prototype,4380,-0.007617325343,-0.005576272443,,
r1_prototype,4381,-0.01023689571,-0.002059293132,,
r1_prototype,4382,-0.02686868036,-0.001577711,,
r1_prototype,4383,-0.01115951977,-0.003086168306,,
r1_prototype,4384,-0.008797301088,-0.00557913921,,
r1_prototype,4385,-0.0168315712,-0.002320818859,,
r1_prototype,4386,-0.006059789033,-0.004355609085,,
r1_prototype,4387,-0.01870307742,0.001158444398,,
r1_prototype,4388,-0.01912597317,-0.001310300668,,
r1_prototype,4389,-0.01006769527,-0.003398950012,,
r1_prototype,4390,0.002196872543,-0.003282076737,,
r1_prototype,4391,-0.002325802755,-0.005159733459,,
r1_prototype,4392,-0.01691621352,-0.002669438107,,
r1_prototype,4393,0.009023427382,-0.009957915976,,
r1_prototype,4394,-0.009363473572,-0.003389063467,,
r1_prototype,4395,-0.01581696579,-0.001738922401,,
r1_prototype,4396,0.01051146384,-0.007044727803,,
r1_prototype,4397,-0.008091969165,-0.001503949067,,
r1_prototype,4398,0.0235730406,-0.01601287449,,
r1_prototype,4399,0.01397114404,-0.008175899734,,
r1_prototype,4400,-0.01835606459,-0.002168424308,,
r1_prototype,4401,-0.004542897176,-0.00639223466,,
r1_prototype,4402,-0.01106751155,-0.004979092223,,
r1_prototype,4403,0.01232524562,-0.0109658597,,
r1_prototype,4404,-0.003782022634,-0.004004448312,,
r1_prototype,4405,0.003465800503,-0.007351991145,,
r1_prototype,4406,-0.006348479459,-0.006630707218,,
r1_prototype,4407,-0.01933150772,-0.01184212301,,
r1_prototype,4408,0.006160984483,-0.01104341364,,
r1_prototype,4409,-0.01466113386,-0.001001728847,,
r1_prototype,4410,0.023114956,-0.00982021138,,
r1_prototype,4411,-0.01796718727,0.0006922090833,,
r1_prototype,4412,-0.01750997512,-0.002830424621,,
r1_prototype,4413,-0.001740026548,-0.004003221158,,
r1_prototype,4414,-0.008917924428,-0.0001528863127,,
r1_prototype,4415,-0.02289658858,-0.005208873057,,
r1_prototype,4416,-0.005011055968,-0.00667586104,,
r1_prototype,4417,-0.005123415128,-0.008186444764,,
r1_prototype,4418,-0.001101043543,-0.006767910851,,
r1_prototype,4419,-0.005095755548,-0.003284924564,,
r1_prototype,4420,-0.009120015687,-0.006311608553,,
r1_prototype,4421,-0.01438053642,-0.001734910697,,
r1_prototype,4422,0.004626766554,-0.01010741107,,
r1_prototype,4423,-0.00687861978,-0.000930036615,,
r1_prototype,4424,0.007415727529,-0.01037414114,,
r1_prototype,4425,-0.008163457464,-0.006014070701,,
r1_prototype,4426,-0.01266506184,-0.003959453218,,
r1_prototype,4427,-0.002803496982,-0.007959206919,,
r1_prototype,4428,-0.006212700075,-0.006008794832,,
r1_prototype,4429,0.01283469497,-0.009627974298,,
r1_prototype,4430,-0.002780523164,-0.00659605168,,
r1_prototype,4431,0.003771968115,-0.003355525055,,
r1_prototype,4432,-0.005834337214,0.0003376496563,,
r1_prototype,4433,0.0270307777,-0.007717034248,,
r1_prototype,4434,-0.001667518639,-0.002850456193,,
r1_prototype,4435,-0.01910822438,-0.002166171759,,
r1_prototype,4436,0.0004226916175,-0.006032931688,,
r1_prototype,4437,0.001965191289,-0.007454669786,,
r1_prototype,4438,-0.007907541737,-0.001750495482,,
r1_prototype,4439,0.00805653418,-0.007810814575,,
r1_prototype,4440,-0.009354080565,0.0002905685723,,
r1_prototype,4441,0.0104175899,-0.003810081197,,
r1_prototype,4442,8.930723212e-05,-0.004911877734,,
r1_prototype,4443,-0.008955137819,-0.005172341827,,
r1_prototype,4444,7.761196619e-05,-0.006989819815,,
r1_prototype,4445,-0.009933108514,-0.005937883322,,
r1_prototype,4446,-0.02179960584,-0.0006569298555,,
r1_prototype,4447,-0.01469892622,-0.00356152649,,
r1_prototype,4448,0.02718597645,-0.01011255125,,
r1_prototype,4449,-0.008032646208,-0.008705906703,,
r1_prototype,4450,-0.003807224083,-0.006038848731,,
r1_prototype,4451,0.01945286614,-0.009872420412,,
r1_prototype,4452,0.005263340739,-0.002780056162,,
r1_prototype,4453,-0.01880212373,-0.003680886127,,
r1_prototype,4454,0.006720369253,-0.01377315383,,
r1_prototype,4455,0.009547164593,-0.007056439693,,
r1_prototype,4456,0.00999877335,-0.008981108396,,
r1_prototype,4457,0.004605116609,-0.00766279134,,
r1_prototype,4458,-0.008413096391,-0.004202454069,,
r1_prototype,4459,-0.02210792271,0.003896871057,,
r1_prototype,4460,-0.02264038684,-0.001693281143,,
r1_prototype,4461,-0.005446277395,-0.005243195559,,
r1_prototype,4462,0.004613672328,-0.01154338534,,
r1_prototype,4463,-0.004836430853,-0.004707771895,,
r1_prototype,4464,0.03396925965,-0.01358681722,,
r1_prototype,4465,0.01219422271,-0.005885950434,,
r1_prototype,4466,-0.001671994632,-0.002402891938,,
r1_prototype,4467,0.02764011261,-0.006863960869,,
r1_prototype,4468,0.001363831992,-0.003567387399,,
r1_prototype,4469,-0.01620207433,-0.008690435855,,
r1_prototype,4470,-0.01128108408,0.001166319892,,
r1_prototype,4471,-0.02255009345,0.000262295508,,
r1_prototype,4472,-0.0155409003,-0.0002089656005,,
r1_prototype,4473,-0.0008714197964,-0.00784374223,,
r1_prototype,4474,0.03788032837,-0.01229137666,,
r1_prototype,4475,0.02125978709,-0.007757719466,,
r1_prototype,4476,-0.004223815146,-0.004465170426,,
r1_prototype,4477,-0.0110209454,-0.005679772635,,
r1_prototype,4478,0.01453222703,-0.01302066317,,
r1_prototype,4479,-0.01122557678,-0.003231157868,,
r1_prototype,4480,-0.02383970878,0.000192535235,,
r1_prototype,4481,0.02498143069,-0.01373898156,,
r1_prototype,4482,-0.005818859277,-0.001861791871,,
r1_prototype,4483,-0.003241132185,-0.005238353668,,
r1_prototype,4484,0.003297116133,-0.009002743307,,
r1_prototype,4485,0.01845304767,-0.009753689108,,
r1_prototype,4486,0.005251441376,-0.005389588861,,
r1_prototype,4487,-0.008346668934,-0.004174012255,,
r1_prototype,4488,-0.01478636582,-0.0002252098353,,
r1_prototype,4489,-0.007659968853,-0.004471266253,,
r1_prototype,4490,0.003243184051,-0.005509007278,,
r1_prototype,4491,0.006364579316,-0.01056439906,,
r1_prototype,4492,0.001394764463,-0.003003019559,,
r1_prototype,4493,0.009740332716,-0.00562248001,,
r1_prototype,4494,-0.004019001261,-0.009598048578,,
r1_prototype,4495,-0.0004659093833,-0.009934967486,,
r1_prototype,4496,0.0009721353101,-0.005805069622,,
r1_prototype,4497,0.006916622159,-0.01119102516,,
r1_prototype,4498,0.006840099479,-0.007732278269,,
r1_prototype,4499,-0.008238527996,-0.007245607199,,
r1_prototype,4500,-0.01487630565,-0.001532045416,,
r1_prototype,4501,-0.005994409754,-0.008148028958,,
r1_prototype,4502,0.003747494154,-0.004455670968,,
r1_prototype,4503,0.0146037285,-0.007203585941,,
r1_prototype,4504,-0.003849703165,-0.0008988555958,,
r1_prototype,4505,0.007683842471,-0.00721953195,,
r1_prototype,4506,-0.02325246341,-0.0005768904043,,
r1_prototype,4507,0.02029820366,-0.006895276892,,
r1_prototype,4508,-0.0057055922,-0.006034065079,,
r1_prototype,4509,0.002030679704,-0.002967467557,,
r1_prototype,4510,-0.01145587748,-0.003195997698,,
r1_prototype,4511,-0.01786078594,-0.003201507499,,
r1_prototype,4512,-0.003481520804,-0.00818816035,,
r1_prototype,4513,-0.007082303435,-0.00814999179,,
r1_prototype,4514,-0.004301163153,-0.01044606219,,
r1_prototype,4515,0.01031872003,-0.006302461127,,
r1_prototype,4516,0.01047946458,-0.004233235345,,
r1_prototype,4517,0.01759782502,-0.006463503356,,
r1_prototype,4518,0.002724757768,-0.004827453676,,
r1_prototype,4519,-0.0006632613594,-0.008596189362,,
r1_prototype,4520,-0.00704593325,-0.001433149314,,
r1_prototype,4521,0.006311393978,-0.005118253331,,
r1_prototype,4522,0.007660432294,-0.002574671883,,
r1_prototype,4523,-0.007857180345,-0.002848528776,,
r1_prototype,4524,-0.0140372217,-0.004599262767,,
r1_prototype,4525,0.001157918099,-0.003401421084,,
r1_prototype,4526,-0.005358208669,-0.005105796936,,
r1_prototype,4527,0.0005304920229,-0.002573614802,,
r1_prototype,4528,0.03629998575,-0.01124552081,,
r1_prototype,4529,-0.00933067757,-0.006590582909,,
r1_prototype,4530,-0.007984991948,-0.01225955247,,
r1_prototype,4531,0.000546140365,-0.006816259381,,
r1_prototype,4532,-0.01241133154,-0.003051687957,,
r1_prototype,4533,-0.003160209977,-0.003945018197,,
r1_prototype,4534,0.008237706792,-0.006839836696,,
r1_prototype,4535,-0.01288917153,-0.002049350337,,
r1_prototype,4536,-0.005271933044,-0.009038739977,,
r1_prototype,4537,-0.009967257103,-0.0006364895564,,
r1_prototype,4538,-0.01452562727,-0.004046200941,,
r1_prototype,4539,-7.530361315e-05,-0.004110884869,,
r1_prototype,4540,0.01811593423,-0.01042783007,,
r1_prototype,4541,-0.005237824562,-0.003816972334,,
r1_prototype,4542,-0.02193972195,-0.0007909257489,,
r1_prototype,4543,0.003620480803,-0.00989254493,,
r1_prototype,4544,0.004227446433,-0.001366205538,,
r1_prototype,4545,-0.01874930979,0.000468182514,,
r1_prototype,4546,-0.003277254482,-0.007206236206,,
r1_prototype,4547,-0.01005579795,-0.002654353936,,
r1_prototype,4548,0.03342454509,-0.01379517569,,
r1_prototype,4549,-0.02200334952,0.000263699124,,
r1_prototype,4550,0.02481546929,-0.01211659242,,
r1_prototype,4551,-0.01438601317,-0.003688456245,,
r1_prototype,4552,-0.01384024553,-0.0005987004108,,
r1_prototype,4553,0.02429434819,-0.01140673757,,
r1_prototype,4554,-0.01563725455,-0.003819922635,,
r1_prototype,4555,0.008695786248,-0.006828054912,,
r1_prototype,4556,0.01274309828,-0.003998300264,,
r1_prototype,4557,0.01322881879,-0.008827367728,,
r1_prototype,4558,-0.009476609415,-0.004051599718,,
r1_prototype,4559,-0.01558392023,0.001080038051,,
r1_prototype,4560,0.02246524567,-0.01244181436,,
r1_prototype,4561,0.00120661093,-0.007424500837,,
r1_prototype,4562,0.01868341205,-0.01219307231,,
r1_prototype,4563,-0.0005344260613,-0.003777683959,,
r1_prototype,4564,-0.01160017954,-0.002410079933,,
r1_prototype,4565,-0.008565124064,-0.001959926881,,
r1_prototype,4566,0.005697692031,-0.009327248065,,
r1_prototype,4567,0.002802275661,-0.01024679273,,
r1_prototype,4568,0.0002069456134,-0.006314783729,,
r1_prototype,4569,0.008571529662,-0.00491073284,,
r1_prototype,4570,0.009744473562,-0.00546764283,,
r1_prototype,4571,-0.02071528355,0.0008492404864,,
r1_prototype,4572,0.01031408894,-0.005295698112,,
r1_prototype,4573,-0.01567459401,-0.002424228372,,
r1_prototype,4574,-0.005764540864,-0.005192784103,,
r1_prototype,4575,-0.02883236137,-0.001851155331,,
r1_prototype,4576,0.01811945541,-0.00863649794,,
r1_prototype,4577,0.0026640119,-0.01025722941,,
r1_prototype,4578,0.01745050965,-0.007795161144,,
r1_prototype,4579,0.0003762205475,-0.003484031431,,
r1_prototype,4580,-0.03991992104,0.003209696338,,
r1_prototype,4581,-0.0003186266478,0.001011641097,,
r1_prototype,4582,0.01439179586,-0.008664413376,,
r1_prototype,4583,-0.0211433509,-0.005769157372,,
r1_prototype,4584,-0.003100470166,-0.003941265278,,
r1_prototype,4585,-0.008715724846,-0.001216357027,,
r1_prototype,4586,-0.002917121977,-0.005711989151,,
r1_prototype,4587,-0.009830918564,-0.002784163811,,
r1_prototype,4588,-0.0156205791,0.003397234812,,
r1_prototype,4589,-0.007468266817,-0.01084529334,,
r1_prototype,4590,0.007511538031,-0.005294584984,,
r1_prototype,4591,-0.007125645371,-0.003809743809,,
r1_prototype,4592,0.02800678773,-0.01393464517,,
r1_prototype,4593,-0.01888213318,-0.002481173413,,
r1_prototype,4594,-0.007784504668,-0.00661494359,,
r1_prototype,4595,-0.0153869967,-0.002980899214,,
r1_prototype,4596,0.01050583663,-0.007143654936,,
r1_prototype,4597,-0.009469924903,-0.002342351943,,
r1_prototype,4598,0.003224983112,-0.006899381737,,
r1_prototype,4599,0.006014463871,-0.008016447905,,
r1_prototype,4600,-0.0240698356,-0.001872068346,,
r1_prototype,4601,0.003364711657,-0.01118444455,,
r1_prototype,4602,-0.02018216375,-0.001752018352,,
r1_prototype,4603,0.01159475711,-0.01165775916,,
r1_prototype,4604,-0.006530639127,-0.005071031991,,
r1_prototype,4605,0.0008776801784,-0.006565409594,,
r1_prototype,4606,-0.01685872828,0.001615422953,,
r1_prototype,4607,-0.0264613251,0.001104710556,,
r1_prototype,4608,-0.01284986339,-0.0004653556035,,
r1_prototype,4609,0.01516389389,-0.008364037101,,
r1_prototype,4610,-0.02471224584,-0.000152196866,,
r1_prototype,4611,-0.002120928547,-0.005472003632,,
r1_prototype,4612,0.006814912431,-0.004730373208,,
r1_prototype,4613,-0.01546903719,-0.001807643173,,
r1_prototype,4614,-0.01368411517,9.435258375e-06,,
r1_prototype,4615,-0.005542350186,-0.008051452607,,
r1_prototype,4616,0.006736818541,-0.01316182884,,
r1_prototype,4617,-0.006040558647,-0.003312640132,,
r1_prototype,4618,0.005758382206,-0.006893932173,,
r1_prototype,4619,0.02383179351,-0.008424794123,,
r1_prototype,4620,0.007799348226,-0.00879948961,,
r1_prototype,4621,0.00405326913,-0.00497017428,,
r1_prototype,4622,0.003449421684,-0.00745826839,,
r1_prototype,4623,0.006763184847,-0.00845250444,,
r1_prototype,4624,-0.002635806743,-0.002954402133,,
r1_prototype,4625,-0.001987492453,-0.007947035691,,
r1_prototype,4626,-0.0118669455,0.001967737205,,
r1_prototype,4627,-6.795349504e-06,-0.005906167745,,
r1_prototype,4628,-0.005978706579,-0.004545214784,,
r1_prototype,4629,-0.01167122734,-0.002946873119,,
r1_prototype,4630,-0.007298897587,-0.005460122389,,
r1_prototype,4631,-0.01300730072,-0.000918495223,,
r1_prototype,4632,-0.02426364377,-0.003470576178,,
r1_prototype,4633,-0.01773460324,-0.002341741321,,
r1_prototype,4634,-0.01543568642,-0.001176849997,,
r1_prototype,4635,0.004429731921,-0.007837987747,,
r1_prototype,4636,-0.03161030568,0.0004235017342,,
r1_prototype,4637,0.008154992691,-0.005388389094,,
r1_prototype,4638,-0.02382200878,-0.003553086336,,
r1_prototype,4639,0.02392989707,-0.01031766904,,
r1_prototype,4640,-0.02328538895,0.001104837691,,
r1_prototype,4641,-1.044612246e-05,-0.004569463711,,
r1_prototype,4642,-0.004027979646,-0.001776337808,,
r1_prototype,4643,0.01125371309,-0.007950090019,,
r1_prototype,4644,-0.01655596574,0.004357915224,,
r1_prototype,4645,0.004177655276,-0.01080679466,,
r1_prototype,4646,-0.02013513679,-0.002974760017,,
r1_prototype,4647,-0.01025801494,-0.001357742331,,
r1_prototype,4648,0.01593710549,-0.005848257934,,
r1_prototype,4649,-0.007822900238,-0.001181719734,,
r1_prototype,4650,-0.002231207232,-0.005817651875,,
r1_prototype,4651,-0.0110314757,-0.003876918221,,
r1_prototype,4652,-0.0116991298,-0.004482178758,,
r1_prototype,4653,-0.02842001706,-0.000830682959,,
r1_prototype,4654,0.01381799246,-0.00792409665,,
r1_prototype,4655,-0.02204263044,0.000747532647,,
r1_prototype,4656,-0.01636865932,0.0003658488498,,
r1_prototype,4657,0.008849060166,-0.008355647561,,
r1_prototype,4658,-0.001281306901,-0.006133697781,,
r1_prototype,4659,0.01059940242,-0.01176834252,,
r1_prototype,4660,0.002551872679,-0.007818606823,,
r1_prototype,4661,0.0168515837,-0.0096419063,,
r1_prototype,4662,0.001699907709,-0.01201812302,,
r1_prototype,4663,0.002993583632,-0.0007524302789,,
r1_prototype,4664,-0.01410605397,-0.002525089883,,
r1_prototype,4665,0.009410872728,-0.007723269467,,
r1_prototype,4666,-0.02406762413,-0.001004166754,,
r1_prototype,4667,-0.005601263997,-0.005036875432,,
r1_prototype,4668,-0.003300107755,4.447299507e-05,,
r1_prototype,4669,-0.01708852442,-0.003869260847,,
r1_prototype,4670,-0.01543981405,-0.002376432807,,
r1_prototype,4671,0.02276278392,-0.01253749691,,
r1_prototype,4672,-0.006025705707,-0.008090683828,,
r1_prototype,4673,-0.01445535966,-0.0005252017225,,
r1_prototype,4674,-0.007924499601,-0.006440841401,,
r1_prototype,4675,-0.0348956113,-0.002988284116,,
r1_prototype,4676,-0.007740757942,-0.008513157748,,
r1_prototype,4677,0.02039356069,-0.008724612175,,
r1_prototype,4678,-0.002769586303,-0.007337362247,,
r1_prototype,4679,-0.02941201487,0.00127567132,,
r1_prototype,4680,-0.01652029349,-0.0004540561298,,
r1_prototype,4681,0.004103934914,-0.007383899741,,
r1_prototype,4682,0.005826157304,-0.006920746762,,
r1_prototype,4683,0.02835525542,-0.008406948343,,
r1_prototype,4684,-0.01713547375,-0.004366266078,,
r1_prototype,4685,-0.002009674055,-0.00769605285,,
r1_prototype,4686,-0.03697425899,-0.002461651581,,
r1_prototype,4687,-0.004115630971,-0.001982592884,,
r1_prototype,4688,-0.01903775275,0.0002204403767,,
r1_prototype,4689,0.02206634555,-0.009749315016,,
r1_prototype,4690,0.005391845621,-0.01032126638,,
r1_prototype,4691,-0.0184647349,-0.003621404465,,
r1_prototype,4692,-0.00219363659,-0.003160985935,,
r1_prototype,4693,0.006601241211,-0.01000140422,,
r1_prototype,4694,-0.005574901361,-0.001949721898,,
r1_prototype,4695,0.002914260686,-0.007022771649,,
r1_prototype,4696,-0.0008374643911,-0.009416765366,,
r1_prototype,4697,-0.00710709624,-0.0008813112441,,
r1_prototype,4698,-0.005482851836,-0.006001793697,,
r1_prototype,4699,0.008308749089,-0.008889243681,,
r1_prototype,4700,-0.01211563576,-0.00525783023,,
r1_prototype,4701,-0.007495355484,-0.005198887949,,
r1_prototype,4702,-0.002810617696,-0.005911737859,,
r1_prototype,4703,0.01562574579,-0.005911050212,,
r1_prototype,4704,0.01475162563,-0.004080651893,,
r1_prototype,4705,-0.009311563668,0.002056032399,,
r1_prototype,4706,-0.002314783278,-0.007866228942,,
r1_prototype,4707,-0.008673699385,-0.00462812284,,
r1_prototype,4708,0.02023954505,-0.004935631085,,
r1_prototype,4709,-0.02145671951,-0.004806730522,,
r1_prototype,4710,0.00977160914,-0.005125978139,,
r1_prototype,4711,-0.02395474048,-0.001839484413,,
r1_prototype,4712,-0.01515738574,-9.627669127e-05,,
r1_prototype,4713,-0.00181603065,-0.003210047921,,
r1_prototype,4714,-0.003032977988,-0.006845216358,,
r1_prototype,4715,-0.01587625422,-0.0005454236108,,
r1_prototype,4716,-0.00695811671,-0.001170206785,,
r1_prototype,4717,-0.01477000017,-0.00294249906,,
r1_prototype,4718,-0.01789548914,-0.003939748,,
r1_prototype,4719,-0.000697104812,-0.004044568254,,
r1_prototype,4720,-0.009916743867,-0.005495384155,,
r1_prototype,4721,-0.01135070356,-0.003354240193,,
r1_prototype,4722,0.01689683877,-0.009168059235,,
r1_prototype,4723,-0.005689831018,-0.005780324995,,
r1_prototype,4724,0.008919285546,-0.007496725028,,
r1_prototype,4725,-0.005992454317,-0.001589847444,,
r1_prototype,4726,-0.008916451283,-0.01014473598,,
r1_prototype,4727,0.004751938252,-0.005595501559,,
r1_prototype,4728,-0.00900577298,-0.008520630403,,
r1_prototype,4729,-0.01146458911,-0.005082564157,,
r1_prototype,4730,-0.002508255911,-0.007037049723,,
r1_prototype,4731,-0.02922309264,0.00253152596,,
r1_prototype,4732,-0.00949108109,-0.00581796282,,
r1_prototype,4733,-0.01334375169,-0.006040309104,,
r1_prototype,4734,-0.003621698996,-0.003936169906,,
r1_prototype,4735,-0.02471558974,-0.001302314783,,
r1_prototype,4736,-0.005660890405,-0.005209770889,,
r1_prototype,4737,-0.00313174864,-0.0003964262442,,
r1_prototype,4738,-0.02168366526,-0.004830852623,,
r1_prototype,4739,0.007837667911,-0.00613469612,,
r1_prototype,4740,0.002983825522,-0.006267445258,,
r1_prototype,4741,-0.007684427222,-0.006632999071,,
r1_prototype,4742,0.01975701074,-0.008019958069,,
r1_prototype,4743,0.01708573083,-0.005270294644,,
r1_prototype,4744,-0.0267990925,0.0008072661311,,
r1_prototype,4745,-0.009957501781,-0.001535253754,,
r1_prototype,4746,0.01417441668,-0.007696822465,,
r1_prototype,4747,0.001765331142,-0.005395751929,,
r1_prototype,4748,0.02767066058,-0.01111201813,,
r1_prototype,4749,0.001716053084,-0.006458948274,,
r1_prototype,4750,-0.019167438,-0.003532043163,,
r1_prototype,4751,-0.0174327982,0.001520372941,,
r1_prototype,4752,0.006999098469,-0.007349578684,,
r1_prototype,4753,0.001529984921,-0.005343986054,,
r1_prototype,4754,-0.004037672485,-0.004720733366,,
r1_prototype,4755,0.007898646659,-0.00827827536,,
r1_prototype,4756,-0.00855621843,-0.0008734521639,,
r1_prototype,4757,-0.02461291301,-0.005016066316,,
r1_prototype,4758,0.004187439973,-0.00726355549,,
r1_prototype,4759,-0.01409820871,-0.0006588642002,,
r1_prototype,4760,-0.004962167675,-0.002890656742,,
r1_prototype,4761,-0.01973641448,-0.004160839537,,
r1_prototype,4762,-0.01545234459,0.001273957217,,
r1_prototype,4763,-0.01969691475,-0.0059311562,,
r1_prototype,4764,-0.01050933879,-0.0005288810343,,
r1_prototype,4765,-0.002940246679,-0.008796356511,,
r1_prototype,4766,-0.02927514502,-0.001415178165,,
r1_prototype,4767,-0.003875245556,-0.002256123026,,
r1_prototype,4768,0.01282221889,-0.01577203439,,
r1_prototype,4769,0.006249040982,-0.007972271577,,
r1_prototype,4770,-0.01605610366,-0.00521082092,,
r1_prototype,4771,-0.01441225469,0.0009602055895,,
r1_prototype,4772,-0.01093752228,-0.004337260282,,
r1_prototype,4773,-0.0179633275,-0.002680003204,,
r1_prototype,4774,-0.01094541241,-0.002724068734,,
r1_prototype,4775,0.03076583862,-0.01710883449,,
r1_prototype,4776,-0.002339112737,-0.01089612574,,
r1_prototype,4777,-0.002707124015,-0.01020571863,,
r1_prototype,4778,-0.01033496133,-0.002872090413,,
r1_prototype,4779,-0.03004198826,0.002275657451,,
r1_prototype,4780,-0.001201223535,-0.002521774212,,
r1_prototype,4781,-0.02257064113,0.00026284784,,
r1_prototype,4782,0.0355888826,-0.01272386945,,
r1_prototype,4783,3.818202542e-05,-0.005683252627,,
r1_prototype,4784,-0.0225531957,-0.0006106986715,,
r1_prototype,4785,0.004877987739,-0.003177092659,,
r1_prototype,4786,-0.005436669847,0.001015657473,,
r1_prototype,4787,-0.01465728501,-0.003617162908,,
r1_prototype,4788,-0.0170800083,-0.004260744616,,
r1_prototype,4789,0.0275387947,-0.009989676596,,
r1_prototype,4790,0.01260887282,-0.006509348279,,
r1_prototype,4791,-0.005188573233,-0.003387650933,,
r1_prototype,4792,-0.01007328505,-0.006305258487,,
r1_prototype,4793,-0.005776229124,-0.001252018542,,
r1_prototype,4794,-0.02019433378,-0.002800968521,,
r1_prototype,4795,0.000962911524,-0.005000269826,,
r1_prototype,4796,0.002177571853,-0.007166676551,,
r1_prototype,4797,-0.00640320516,-0.001155358208,,
r1_prototype,4798,-0.00944097696,0.0008754589897,,
r1_prototype,4799,-0.02625451191,0.005095288897,,
r1_prototype,4800,-0.01238839312,-0.002731366283,,
r1_prototype,4801,-0.004777282689,-0.01054558812,,
r1_prototype,4802,0.006506631925,-0.01013926526,,
r1_prototype,4803,-0.02427052241,-0.005389238111,,
r1_prototype,4804,0.01929366228,-0.008065048735,,
r1_prototype,4805,0.01035751,-0.007830096342,,
r1_prototype,4806,0.008671173931,-0.006376819696,,
r1_prototype,4807,0.004044871003,-0.004754145779,,
r1_prototype,4808,0.00259874607,-0.002844618364,,
r1_prototype,4809,0.005738971198,-0.008697279983,,
r1_prototype,4810,-0.02011633929,-0.006647780004,,
r1_prototype,4811,-0.01077077276,-0.002569775558,,
r1_prototype,4812,0.01072212523,-0.0103941015,,
r1_prototype,4813,0.0009289713873,-0.006570894848,,
r1_prototype,4814,0.01490810799,-0.006772825177,,
r1_prototype,4815,-0.009622068549,-6.229461795e-05,,
r1_prototype,4816,0.005761181575,-0.005275347029,,
r1_prototype,4817,-0.007215519318,-0.004329004552,,
r1_prototype,4818,-0.001317895347,-0.004143784659,,
r1_prototype,4819,-0.02545508259,-0.0005329294639,,
r1_prototype,4820,-0.001673187769,-0.004521413434,,
r1_prototype,4821,-0.003541975521,-0.007220721038,,
r1_prototype,4822,-0.02211552984,0.002899231652,,
r1_prototype,4823,-0.00445625331,-0.004567313658,,
r1_prototype,4824,0.0143507193,-0.006700161934,,
r1_prototype,4825,-0.003978884963,-0.002803877322,,
r1_prototype,4826,0.01310352236,-0.002896583961,,
r1_prototype,4827,0.00493083005,-0.006638600431,,
r1_prototype,4828,-0.00406334181,-0.003982775736,,
r1_prototype,4829,-0.005221811471,-0.004629845507,,
r1_prototype,4830,0.01920353099,-0.01109378851,,
r1_prototype,4831,-0.01078850441,-0.003813344199,,
r1_prototype,4832,-0.007804462814,-0.007804126708,,
r1_prototype,4833,0.01960381789,-0.009869085709,,
r1_prototype,4834,0.01157472078,-0.006145441348,,
r1_prototype,4835,0.01563905288,-0.01171937414,,
r1_prototype,4836,-0.02668140086,-0.001244100225,,
r1_prototype,4837,-0.001437056838,-0.006531852878,,
r1_prototype,4838,-0.008737326931,-0.005446526062,,
r1_prototype,4839,0.002023091563,-0.005485290333,,
r1_prototype,4840,-0.01055238514,-0.004567317979,,
r1_prototype,4841,-0.003998015266,-0.005683220532,,
r1_prototype,4842,0.005254865123,-0.005688077267,,
r1_prototype,4843,-0.003474218179,-0.004676198592,,
r1_prototype,4844,-0.02112521632,-0.005540467083,,
r1_prototype,4845,0.005962864516,-0.00576508527,,
r1_prototype,4846,-0.01132176612,-0.005022771848,,
r1_prototype,4847,-0.00944157308,-0.003291888297,,
r1_prototype,4848,0.00503665474,-0.004165429645,,
r1_prototype,4849,0.01540905287,-0.01274809426,,
r1_prototype,4850,-0.01181936679,-0.003007833627,,
r1_prototype,4851,0.01226296764,-0.007328910737,,
r1_prototype,4852,-0.004508048856,-0.01000798601,,
r1_prototype,4853,-0.00676191402,-0.003266192533,,
r1_prototype,4854,-0.004934015717,-0.006308906326,,
r1_prototype,4855,-0.02463448854,-0.002307092431,,
r1_prototype,4856,0.0007667015658,-0.004801611653,,
r1_prototype,4857,-0.01630975636,0.001047526631,,
r1_prototype,4858,-0.005220054153,-0.002663933928,,
r1_prototype,4859,-0.01118005839,-0.003880061316,,
r1_prototype,4860,0.001936235176,-0.009806533154,,
r1_prototype,4861,-0.02384100138,-0.002305802356,,
r1_prototype,4862,0.01144181981,-0.006633242167,,
r1_prototype,4863,-0.02313290826,-0.0008876437518,,
r1_prototype,4864,-0.008964389694,-0.003467076419,,
r1_prototype,4865,-0.01013029994,-0.007334365825,,
r1_prototype,4866,0.02016128246,-0.008256282877,,
r1_prototype,4867,0.005267253882,-0.005927789778,,
r1_prototype,4868,0.004865641333,-0.00314622758,,
r1_prototype,4869,-0.01393042002,-0.002669439926,,
r1_prototype,4870,-0.02651247786,-0.004635875777,,
r1_prototype,4871,-0.01154169714,-0.0002568347957,,
r1_prototype,4872,0.0102643449,-0.006831545748,,
r1_prototype,4873,0.002122951516,-0.005623502887,,
r1_prototype,4874,0.006899582313,-0.007978920828,,
r1_prototype,4875,0.01036258984,-0.007755472638,,
r1_prototype,4876,-0.01425710417,-0.0008807526975,,
r1_prototype,4877,-0.01926379392,-0.005263659842,,
r1_prototype,4878,-0.002872579606,-0.005758965938,,
r1_prototype,4879,-0.007924538693,-0.00628754751,,
r1_prototype,4880,-0.008428332803,-0.004284253876,,
r1_prototype,4881,-0.001932281247,-0.001748721329,,
r1_prototype,4882,-0.01725734962,0.0007465928379,,
r1_prototype,4883,0.01460778538,-0.008266072322,,
r1_prototype,4884,-0.01519156285,-0.007011665642,,
r1_prototype,4885,-0.01478493376,-0.002120439094,,
r1_prototype,4886,0.003385954656,-0.00659243404,,
r1_prototype,4887,-0.005654313106,-0.003302691874,,
r1_prototype,4888,0.003845355133,-0.006370879083,,
r1_prototype,4889,-0.008276634784,-0.004063785949,,
r1_prototype,4890,-0.009779407228,-0.003492406698,,
r1_prototype,4891,-0.01720821091,-0.00127271117,,
r1_prototype,4892,0.02078563379,-0.008856226783,,
r1_prototype,4893,0.0009036920406,-0.006940783776,,
r1_prototype,4894,0.009099510475,-0.004698924037,,
r1_prototype,4895,-0.0003498956798,-0.005714395818,,
r1_prototype,4896,0.001011602766,-0.007282147716,,
r1_prototype,4897,-0.006842556248,-0.001817248643,,
r1_prototype,4898,0.003510588201,-0.0008204343158,,
r1_prototype,4899,0.008889751024,-0.009662949819,,
r1_prototype,4900,-0.003152565991,-0.005627505639,,
r1_prototype,4901,0.0006262166574,-0.001312492454,,
r1_prototype,4902,-0.007526040447,-0.002377044172,,
r1_prototype,4903,0.003786433512,-0.00605981102,,
r1_prototype,4904,-0.01125977353,-0.003548207566,,
r1_prototype,4905,0.01729970324,-0.01239085092,,
r1_prototype,4906,0.007204400303,-0.007131437034,,
r1_prototype,4907,0.0140201696,-0.007882447913,,
r1_prototype,4908,-0.003949044028,-0.006321143732,,
r1_prototype,4909,-0.02120691283,-0.006483654991,,
r1_prototype,4910,0.01035107057,-0.007812316995,,
r1_prototype,4911,-0.02029194698,-0.002168355383,,
r1_prototype,4912,-0.009958642658,-0.004900498242,,
r1_prototype,4913,-0.02439274424,-0.007437456948,,
r1_prototype,4914,-0.0006576673262,-0.0102213751,,
r1_prototype,4915,-0.01194586106,-0.002072664084,,
r1_prototype,4916,-0.01332637603,-0.007850344919,,
r1_prototype,4917,0.0001587294775,-0.007520439214,,
r1_prototype,4918,0.002683341545,-0.008240892753,,
r1_prototype,4919,0.004200678176,-0.00876744771,,
r1_prototype,4920,0.002989288588,-0.005492148494,,
r1_prototype,4921,-0.01650434791,-0.001523770823,,
r1_prototype,4922,-0.009129872114,-0.004837854736,,
r1_prototype,4923,-0.02685355962,-0.001284667349,,
r1_prototype,4924,0.02715123259,-0.009816486219,,
r1_prototype,4925,0.005890847303,-0.008561343709,,
r1_prototype,4926,0.007276467482,-0.006975024765,,
r1_prototype,4927,0.01456301601,-0.007557709532,,
r1_prototype,4928,0.002973351989,-0.005686152871,,
r1_prototype,4929,0.00255284402,-0.008164134897,,
r1_prototype,4930,-0.006065071402,-0.005122540619,,
r1_prototype,4931,0.004284684259,-0.006195303404,,
r1_prototype,4932,-0.001237968176,-0.006200876676,,
r1_prototype,4933,-0.003812745499,-0.00543403548,,
r1_prototype,4934,0.03414581012,-0.009449031018,,
r1_prototype,4935,-0.006837457607,0.000212005569,,
r1_prototype,4936,0.02186953357,-0.009346068836,,
r1_prototype,4937,-0.01636205323,0.002878474095,,
r1_prototype,4938,-0.01186420776,-0.007600372187,,
r1_prototype,4939,-0.005737733462,-0.001692887196,,
r1_prototype,4940,-0.01186683671,0.000461118526,,
r1_prototype,4941,-0.003494478518,-0.003598923667,,
r1_prototype,4942,0.01042841456,-0.008416584239,,
r1_prototype,4943,0.004893700089,-0.003177699657,,
r1_prototype,4944,-0.002506528145,-0.004732068807,,
r1_prototype,4945,0.01912636004,-0.008373948776,,
r1_prototype,4946,-0.0223301742,0.001944827036,,
r1_prototype,4947,-0.01572897419,-0.005095847187,,
r1_prototype,4948,-0.002999592633,-0.003461134045,,
r1_prototype,4949,0.006242386889,-0.007920295515,,
r1_prototype,4950,-0.006021557452,-0.003805026795,,
r1_prototype,4951,0.009405006767,-0.008219588343,,
r1_prototype,4952,-0.01693420809,-0.003107575372,,
r1_prototype,4953,3.774088193e-05,-0.01269570283,,
r1_prototype,4954,-0.005374468946,-0.006048724595,,
r1_prototype,4955,0.01304471482,-0.006009033947,,
r1_prototype,4956,0.01458748993,-0.007698215805,,
r1_prototype,4957,-0.006225937763,-0.004373591324,,
r1_prototype,4958,0.01265546906,-0.008489741091,,
r1_prototype,4959,-0.006693936689,-0.003029314461,,
r1_prototype,4960,0.002795616422,-0.006290306501,,
r1_prototype,4961,0.002251186959,-0.006908887702,,
r1_prototype,4962,-0.01107831453,-0.004745493372,,
r1_prototype,4963,-0.02907612177,-0.005343510853,,
r1_prototype,4964,-0.02347424388,-0.002854236803,,
r1_prototype,4965,-0.002801806614,-0.007369182506,,
r1_prototype,4966,0.01392507313,-0.01106219807,,
r1_prototype,4967,0.005049127769,-0.002370711351,,
r1_prototype,4968,0.01987608251,-0.01294367057,,
r1_prototype,4969,-0.002513664814,-0.002401872846,,
r1_prototype,4970,0.004720002591,-0.002221070859,,
r1_prototype,4971,0.009480591802,-0.006571546661,,
r1_prototype,4972,-0.01654235681,-0.00464969851,,
r1_prototype,4973,-0.02163689952,-0.00216536348,,
r1_prototype,4974,-0.004658745176,-0.007359661824,,
r1_prototype,4975,0.00777881386,-0.01007800793,,
r1_prototype,4976,0.001841928578,-0.005326591761,,
r1_prototype,4977,-0.01539205838,0.001639156169,,
r1_prototype,4978,0.01859457499,-0.009064364848,,
r1_prototype,4979,-0.01464661946,-0.004025553428,,
r1_prototype,4980,0.009754979601,-0.01039137875,,
r1_prototype,4981,-0.04534216997,0.004987444748,,
r1_prototype,4982,-0.01044051888,-0.001683565354,,
r1_prototype,4983,-0.02277709548,0.001473346224,,
r1_prototype,4984,-0.0184198098,0.0002059596605,,
r1_prototype,4985,-0.009483595553,-0.007251225886,,
r1_prototype,4986,0.02676044998,-0.008411131046,,
r1_prototype,4987,-0.007200374568,-0.002532500171,,
r1_prototype,4988,0.002492997384,-0.004337051718,,
r1_prototype,4989,-0.007462548165,-0.004826318599,,
r1_prototype,4990,0.002002985717,-0.001981952525,,
r1_prototype,4991,0.01143524108,-0.007543545414,,
r1_prototype,4992,0.02221371601,-0.009149915483,,
r1_prototype,4993,-0.0005357180683,-0.007812908577,,
r1_prototype,4994,0.002632424807,-0.006568622514,,
r1_prototype,4995,0.002316315749,-0.009962152599,,
r1_prototype,4996,-0.01317439255,-0.002785108298,,
r1_prototype,4997,0.01151289892,-0.009095835386,,
r1_prototype,4998,-0.0217765823,-0.003351774987,,
r1_prototype,4999,-0.002305599359,-0.002164699899,,
