model,seed,outer_fold,transcript_id,source_id,checkpoint,last_utterance_id,label,prob_high,prob_low,prediction,cumulative_text_evidence,cumulative_action_evidence
m3_discounted,17,0,14,892e4e1ab6068fc4434d0054ab76e2c3c0d9bf73fcc5cd615db68815b3134102,t3,4,high,0.8440494835,0.1559505165,high,-0.441580236,0.01639231108
m3_discounted,17,0,14,892e4e1ab6068fc4434d0054ab76e2c3c0d9bf73fcc5cd615db68815b3134102,t5,8,high,0.7994664311,0.2005335689,high,0.1254504472,0.03267080337
m3_discounted,17,0,14,892e4e1ab6068fc4434d0054ab76e2c3c0d9bf73fcc5cd615db68815b3134102,t10,18,high,0.7571602762,0.2428397238,high,1.288707733,0.07946206629
m3_discounted,17,0,14,892e4e1ab6068fc4434d0054ab76e2c3c0d9bf73fcc5cd615db68815b3134102,t20,38,high,0.7787903845,0.2212096155,high,2.164752483,0.1881469935
m3_discounted,17,0,14,892e4e1ab6068fc4434d0054ab76e2c3c0d9bf73fcc5cd615db68815b3134102,full,48,high,0.7355852425,0.2644147575,high,3.2448318,0.2402130216
m3_discounted,17,0,17,4e9629cc0367f8dbaf9608d5600aa795a09c3ebbe94051365be8cd7611f13d26,t3,4,low,0.7268296778,0.2731703222,high,1.204686046,0.03740935028
m3_discounted,17,0,17,4e9629cc0367f8dbaf9608d5600aa795a09c3ebbe94051365be8cd7611f13d26,t5,8,low,0.693824172,0.306175828,high,2.163745165,0.05317727104
m3_discounted,17,0,17,4e9629cc0367f8dbaf9608d5600aa795a09c3ebbe94051365be8cd7611f13d26,t10,18,low,0.660807699,0.339192301,high,4.28719902,0.06270955503
m3_discounted,17,0,17,4e9629cc0367f8dbaf9608d5600aa795a09c3ebbe94051365be8cd7611f13d26,full,28,low,0.6302454174,0.3697545826,high,6.752851486,0.05155435205
m3_discounted,17,0,21,c1b71ca5fcfb63cd845ec42d43753eca41cf5c90313140ea6e9695c2c654df6d,t3,4,high,0.7354238927,0.2645761073,high,1.132985592,0.005095354281
m3_discounted,17,0,21,c1b71ca5fcfb63cd845ec42d43753eca41cf5c90313140ea6e9695c2c654df6d,t5,8,high,0.6945574582,0.3054425418,high,2.124272108,0.04008448869
m3_discounted,17,0,21,c1b71ca5fcfb63cd845ec42d43753eca41cf5c90313140ea6e9695c2c654df6d,t10,18,high,0.6936894655,0.3063105345,high,3.821138859,0.1078513712
m3_discounted,17,0,21,c1b71ca5fcfb63cd845ec42d43753eca41cf5c90313140ea6e9695c2c654df6d,t20,38,high,0.7415203154,0.2584796846,high,5.977377892,0.2208356708
m3_discounted,17,0,21,c1b71ca5fcfb63cd845ec42d43753eca41cf5c90313140ea6e9695c2c654df6d,full,246,high,0.6746048033,0.3253951967,high,33.3890419,1.169361591
m3_discounted,17,0,27,e883cab14c33a28c3bf1e25281ef335a7bcd08f31fb3e2cea1e824982af00196,t3,4,low,0.7398988008,0.2601011992,high,1.112816811,0.000838882057
m3_discounted,17,0,27,e883cab14c33a28c3bf1e25281ef335a7bcd08f31fb3e2cea1e824982af00196,t5,8,low,0.7243616283,0.2756383717,high,1.753391981,0.02477955446
m3_discounted,17,0,27,e883cab14c33a28c3bf1e25281ef335a7bcd08f31fb3e2cea1e824982af00196,t10,18,low,0.7079672515,0.2920327485,high,3.203313828,0.006881917361
m3_discounted,17,0,27,e883cab14c33a28c3bf1e25281ef335a7bcd08f31fb3e2cea1e824982af00196,full,22,low,0.7122172415,0.2877827585,high,3.736610413,0.03426282853
m3_discounted,17,0,46,2815019765d0a2b0cd8db67fb79e15ec0c4893de14483f3e6156ddacadb10f7a,t3,4,high,0.7827381194,0.2172618806,high,0.4106795192,0.03760677576
m3_discounted,17,0,46,2815019765d0a2b0cd8db67fb79e15ec0c4893de14483f3e6156ddacadb10f7a,t5,8,high,0.7283404469,0.2716595531,high,1.36834693,0.0649535507
m3_discounted,17,0,46,2815019765d0a2b0cd8db67fb79e15ec0c4893de14483f3e6156ddacadb10f7a,t10,18,high,0.7412744462,0.2587255538,high,2.687901735,0.1197929084
m3_discounted,17,0,46,2815019765d0a2b0cd8db67fb79e15ec0c4893de14483f3e6156ddacadb10f7a,t20,38,high,0.7109167576,0.2890832424,high,5.042749405,0.2186379284
m3_discounted,17,0,46,2815019765d0a2b0cd8db67fb79e15ec0c4893de14483f3e6156ddacadb10f7a,full,58,high,0.6867942512,0.3132057488,high,8.818340302,0.344165653
m3_discounted,17,0,53,646074c09ce77345f3d6434db5b2b976626086f4a3ba9020dc6fa992fa6887ac,t3,4,low,0.7254609466,0.2745390534,high,1.234520912,0.02917415276
m3_discounted,17,0,53,646074c09ce77345f3d6434db5b2b976626086f4a3ba9020dc6fa992fa6887ac,t5,8,low,0.7532801479,0.2467198521,high,1.385916233,0.06407536566
m3_discounted,17,0,53,646074c09ce77345f3d6434db5b2b976626086f4a3ba9020dc6fa992fa6887ac,t10,18,low,0.7380027771,0.2619972229,high,2.36333251,0.1284291446
m3_discounted,17,0,53,646074c09ce77345f3d6434db5b2b976626086f4a3ba9020dc6fa992fa6887ac,t20,38,low,0.7352450192,0.2647549808,high,4.703630924,0.2248968035
m3_discounted,17,0,53,646074c09ce77345f3d6434db5b2b976626086f4a3ba9020dc6fa992fa6887ac,full,106,low,0.69700858,0.30299142,high,15.71488285,0.4276582301
m3_discounted,17,0,55,1b9abf33ba8b2badfab01f2ee1f7aa958800a9808d579c0ec4e6bc41eb27f449,t3,4,high,0.7682732195,0.2317267805,high,0.7122696638,0.04168895632
m3_discounted,17,0,55,1b9abf33ba8b2badfab01f2ee1f7aa958800a9808d579c0ec4e6bc41eb27f449,t5,8,high,0.7190877199,0.2809122801,high,1.698047161,0.04370353371
m3_discounted,17,0,55,1b9abf33ba8b2badfab01f2ee1f7aa958800a9808d579c0ec4e6bc41eb27f449,t10,18,high,0.7132564783,0.2867435217,high,3.322416544,0.1129945293
m3_discounted,17,0,55,1b9abf33ba8b2badfab01f2ee1f7aa958800a9808d579c0ec4e6bc41eb27f449,t20,38,high,0.8313342631,0.1686657369,high,3.032381058,0.2131827325
m3_discounted,17,0,55,1b9abf33ba8b2badfab01f2ee1f7aa958800a9808d579c0ec4e6bc41eb27f449,full,64,high,0.7209911048,0.2790088952,high,5.729999065,0.3304621577
m3_discounted,17,0,65,884e0cb0d19baa05ae86bae59b5351a82ddcdb9a7af044867db66a819a131389,t3,5,high,0.7552671283,0.2447328717,high,0.8610727787,0.03176829964
m3_discounted,17,0,65,884e0cb0d19baa05ae86bae59b5351a82ddcdb9a7af044867db66a819a131389,t5,9,high,0.7900967151,0.2099032849,high,0.816945672,0.04069492966
m3_discounted,17,0,65,884e0cb0d19baa05ae86bae59b5351a82ddcdb9a7af044867db66a819a131389,t10,19,high,0.7913724631,0.2086275369,high,0.7616026998,0.0687064454
m3_discounted,17,0,65,884e0cb0d19baa05ae86bae59b5351a82ddcdb9a7af044867db66a819a131389,full,33,high,0.8082670122,0.1917329878,high,1.217157841,0.1363442242
m3_discounted,17,0,67,38b5c44ace8c39b31954af0c9b3057abad24dd37ec441de169f055949fb91ed3,t3,4,high,0.7537364513,0.2462635487,high,0.9247410893,0.01061474811
m3_discounted,17,0,67,38b5c44ace8c39b31954af0c9b3057abad24dd37ec441de169f055949fb91ed3,t5,8,high,0.7421469688,0.2578530312,high,1.425125957,0.04593737423
m3_discounted,17,0,67,38b5c44ace8c39b31954af0c9b3057abad24dd37ec441de169f055949fb91ed3,t10,18,high,0.7092956305,0.2907043695,high,3.012681484,0.1103802323
m3_discounted,17,0,67,38b5c44ace8c39b31954af0c9b3057abad24dd37ec441de169f055949fb91ed3,t20,38,high,0.7246506512,0.2753493488,high,5.637339115,0.2641337514
m3_discounted,17,0,67,38b5c44ace8c39b31954af0c9b3057abad24dd37ec441de169f055949fb91ed3,full,46,high,0.7279689014,0.2720310986,high,6.439859867,0.2672854364
m3_discounted,17,0,69,eff9b2507927f7894349799dbb77b0c66871e7547a4170f6e6ef409f01493d5d,t3,4,low,0.7488220334,0.2511779666,high,0.9378453493,0.009405049495
m3_discounted,17,0,69,eff9b2507927f7894349799dbb77b0c66871e7547a4170f6e6ef409f01493d5d,full,6,low,0.738897115,0.261102885,high,1.285146594,0.0146064572
m3_discounted,17,0,70,eff9b2507927f7894349799dbb77b0c66871e7547a4170f6e6ef409f01493d5d,t3,4,high,0.7370687723,0.2629312277,high,1.125072956,0.02286458202
m3_discounted,17,0,70,eff9b2507927f7894349799dbb77b0c66871e7547a4170f6e6ef409f01493d5d,t5,8,high,0.6971628666,0.3028371334,high,2.12278533,0.03196254
m3_discounted,17,0,70,eff9b2507927f7894349799dbb77b0c66871e7547a4170f6e6ef409f01493d5d,full,10,high,0.681627959,0.318372041,high,2.620865107,0.04188350216
m3_discounted,17,0,77,5ee3de464b1eb18f6dbc71fac32dd821ec33a6f6ea0d273324ce5d81751bbc74,t3,4,high,0.8583643138,0.1416356862,high,-0.6667512655,0.03488193452
m3_discounted,17,0,77,5ee3de464b1eb18f6dbc71fac32dd821ec33a6f6ea0d273324ce5d81751bbc74,t5,8,high,0.8013415784,0.1986584216,high,0.02699995041,0.04118771106
m3_discounted,17,0,77,5ee3de464b1eb18f6dbc71fac32dd821ec33a6f6ea0d273324ce5d81751bbc74,t10,18,high,0.7296213806,0.2703786194,high,1.502163887,0.1121191606
m3_discounted,17,0,77,5ee3de464b1eb18f6dbc71fac32dd821ec33a6f6ea0d273324ce5d81751bbc74,t20,38,high,0.7516399026,0.2483600974,high,3.269982338,0.1268044412
m3_discounted,17,0,77,5ee3de464b1eb18f6dbc71fac32dd821ec33a6f6ea0d273324ce5d81751bbc74,full,42,high,0.7174224257,0.2825775743,high,4.091551304,0.1397800446
m3_discounted,17,0,79,2523640a662b9aab8fa56e40699e7726fd765a9ae7ecdc36a012e3ad8211a245,t3,5,high,0.7934031636,0.2065968364,high,0.4438149929,0.03168354556
m3_discounted,17,0,79,2523640a662b9aab8fa56e40699e7726fd765a9ae7ecdc36a012e3ad8211a245,t5,9,high,0.8323303759,0.1676696241,high,-0.05862739682,0.02926031314
m3_discounted,17,0,79,2523640a662b9aab8fa56e40699e7726fd765a9ae7ecdc36a012e3ad8211a245,full,9,high,0.8323303759,0.1676696241,high,-0.05862739682,0.02926031314
m3_discounted,17,0,80,a6ba01099092faefda72e83a5ffad12164972913b573b6580138d019a5453418,t3,4,high,0.8311394155,0.1688605845,high,-0.2567394376,0.03707361594
m3_discounted,17,0,80,a6ba01099092faefda72e83a5ffad12164972913b573b6580138d019a5453418,t5,8,high,0.8429514319,0.1570485681,high,-0.6017532349,0.05723243952
m3_discounted,17,0,80,a6ba01099092faefda72e83a5ffad12164972913b573b6580138d019a5453418,t10,18,high,0.8102056533,0.1897943467,high,-0.2293785214,0.09647245705
m3_discounted,17,0,80,a6ba01099092faefda72e83a5ffad12164972913b573b6580138d019a5453418,t20,38,high,0.7871083766,0.2128916234,high,-0.3567587137,0.2011049688
m3_discounted,17,0,80,a6ba01099092faefda72e83a5ffad12164972913b573b6580138d019a5453418,full,62,high,0.7588585168,0.2411414832,high,1.026855946,0.2995710373
m3_discounted,17,0,82,eac114d0fbda834121eb1da95e9dd3d4e76db9e3188fcf74d6d679a8efd3c8f1,t3,4,high,0.8355947882,0.1644052118,high,-0.278240025,0.04784962535
m3_discounted,17,0,82,eac114d0fbda834121eb1da95e9dd3d4e76db9e3188fcf74d6d679a8efd3c8f1,t5,8,high,0.8331372738,0.1668627262,high,-0.3626217842,0.05709537119
m3_discounted,17,0,82,eac114d0fbda834121eb1da95e9dd3d4e76db9e3188fcf74d6d679a8efd3c8f1,t10,18,high,0.7955692559,0.2044307441,high,-0.07129605114,0.1077270657
m3_discounted,17,0,82,eac114d0fbda834121eb1da95e9dd3d4e76db9e3188fcf74d6d679a8efd3c8f1,full,36,high,0.7472577393,0.2527422607,high,1.420340896,0.1362748742
m3_discounted,17,0,87,c2a6706263d09c63b307df18a79bae14418b0faf3038d47b68ad4d2e853e3f99,t3,4,high,0.7335668504,0.2664331496,high,1.174688816,0.004279182293
m3_discounted,17,0,87,c2a6706263d09c63b307df18a79bae14418b0faf3038d47b68ad4d2e853e3f99,t5,8,high,0.7048875988,0.2951124012,high,2.051965237,0.02548833564
m3_discounted,17,0,87,c2a6706263d09c63b307df18a79bae14418b0faf3038d47b68ad4d2e853e3f99,t10,18,high,0.7890211791,0.2109788209,high,2.102788925,0.05482878536
m3_discounted,17,0,87,c2a6706263d09c63b307df18a79bae14418b0faf3038d47b68ad4d2e853e3f99,full,24,high,0.7893357128,0.2106642872,high,2.379397154,0.07567214966
m3_discounted,17,0,94,16ad8c075416a1640a523d8697d580ecb71be79a914d2b7439592eef75b54a0e,t3,4,high,0.7537851185,0.2462148815,high,0.9372063279,0.02596536651
m3_discounted,17,0,94,16ad8c075416a1640a523d8697d580ecb71be79a914d2b7439592eef75b54a0e,t5,8,high,0.7905295342,0.2094704658,high,0.7561137676,0.04159231856
m3_discounted,17,0,94,16ad8c075416a1640a523d8697d580ecb71be79a914d2b7439592eef75b54a0e,t10,18,high,0.842195496,0.157804504,high,-0.2063078731,0.03907757625
m3_discounted,17,0,94,16ad8c075416a1640a523d8697d580ecb71be79a914d2b7439592eef75b54a0e,t20,38,high,0.7774839401,0.2225160599,high,1.110506296,0.1280408055
m3_discounted,17,0,94,16ad8c075416a1640a523d8697d580ecb71be79a914d2b7439592eef75b54a0e,full,60,high,0.8173859119,0.1826140881,high,1.14921546,0.1940928549
m3_discounted,17,0,101,c5c61ac6a632dc81f083aca02a5ce3ff9b90ef1e69a86f138b246bd23e7d0ea9,t3,4,high,0.7524667978,0.2475332022,high,0.8764309287,0.02213690616
m3_discounted,17,0,101,c5c61ac6a632dc81f083aca02a5ce3ff9b90ef1e69a86f138b246bd23e7d0ea9,t5,8,high,0.7064068615,0.2935931385,high,1.869769335,0.04330063611
m3_discounted,17,0,101,c5c61ac6a632dc81f083aca02a5ce3ff9b90ef1e69a86f138b246bd23e7d0ea9,t10,18,high,0.6982292831,0.3017707169,high,3.620381355,0.1145832241
m3_discounted,17,0,101,c5c61ac6a632dc81f083aca02a5ce3ff9b90ef1e69a86f138b246bd23e7d0ea9,t20,38,high,0.6342042387,0.3657957613,high,8.277675629,0.1420584619
m3_discounted,17,0,101,c5c61ac6a632dc81f083aca02a5ce3ff9b90ef1e69a86f138b246bd23e7d0ea9,full,62,high,0.6562094092,0.3437905908,high,12.66830826,0.207122162
m3_discounted,17,0,104,ce81615fdfacce198687f92d3c58747d1f210c5783fa3bb46aa95df8fb61efdc,t3,4,high,0.734161824,0.265838176,high,1.147039175,0.02231905609
m3_discounted,17,0,104,ce81615fdfacce198687f92d3c58747d1f210c5783fa3bb46aa95df8fb61efdc,t5,8,high,0.7094636559,0.2905363441,high,1.953313231,0.05814203247
m3_discounted,17,0,104,ce81615fdfacce198687f92d3c58747d1f210c5783fa3bb46aa95df8fb61efdc,t10,18,high,0.7019951344,0.2980048656,high,3.549609423,0.09866033494
m3_discounted,17,0,104,ce81615fdfacce198687f92d3c58747d1f210c5783fa3bb46aa95df8fb61efdc,t20,38,high,0.756332472,0.243667528,high,5.881762981,0.1710561365
m3_discounted,17,0,104,ce81615fdfacce198687f92d3c58747d1f210c5783fa3bb46aa95df8fb61efdc,full,54,high,0.7370024025,0.2629975975,high,7.449218273,0.2674742937
m3_discounted,17,0,108,b74f3f5afc0b04fa76647aa59087b92f57a410aac28d92b9e08e36f063008fba,t3,4,high,0.8170862496,0.1829137504,high,-0.003043964505,0.04205219075
m3_discounted,17,0,108,b74f3f5afc0b04fa76647aa59087b92f57a410aac28d92b9e08e36f063008fba,t5,8,high,0.8488906324,0.1511093676,high,-0.5173335671,0.05826757848
m3_discounted,17,0,108,b74f3f5afc0b04fa76647aa59087b92f57a410aac28d92b9e08e36f063008fba,t10,18,high,0.8462175578,0.1537824422,high,-0.7523983717,0.08170358837
m3_discounted,17,0,108,b74f3f5afc0b04fa76647aa59087b92f57a410aac28d92b9e08e36f063008fba,t20,38,high,0.6854441166,0.3145558834,high,2.780751944,0.2158432901
m3_discounted,17,0,108,b74f3f5afc0b04fa76647aa59087b92f57a410aac28d92b9e08e36f063008fba,full,56,high,0.6884637773,0.3115362227,high,5.34872818,0.2578606904
m3_discounted,17,0,109,f92544f5ed508add4c093c58e76fce40d49ca14b51000a7b8770e0152039d485,t3,4,high,0.7407316864,0.2592683136,high,1.067448735,-0.007463253103
m3_discounted,17,0,109,f92544f5ed508add4c093c58e76fce40d49ca14b51000a7b8770e0152039d485,t5,8,high,0.7194833457,0.2805166543,high,1.86458683,-0.01390207093
m3_discounted,17,0,109,f92544f5ed508add4c093c58e76fce40d49ca14b51000a7b8770e0152039d485,t10,18,high,0.7429267764,0.2570732236,high,2.994969368,0.02281296253
m3_discounted,17,0,109,f92544f5ed508add4c093c58e76fce40d49ca14b51000a7b8770e0152039d485,t20,38,high,0.738211602,0.261788398,high,4.890503883,0.09469666332
m3_discounted,17,0,109,f92544f5ed508add4c093c58e76fce40d49ca14b51000a7b8770e0152039d485,full,44,high,0.7256757021,0.2743242979,high,5.612699509,0.1045390815
m3_discounted,17,0,119,5e9b1bd1f06698191157fbc99f25182854ee47dcc819d045d1eee684d797587b,t3,4,high,0.8672860116,0.1327139884,high,-0.7668237686,0.02525917813
m3_discounted,17,0,119,5e9b1bd1f06698191157fbc99f25182854ee47dcc819d045d1eee684d797587b,t5,8,high,0.8627499491,0.1372500509,high,-1.130281687,0.03986274451
m3_discounted,17,0,119,5e9b1bd1f06698191157fbc99f25182854ee47dcc819d045d1eee684d797587b,t10,18,high,0.8575952798,0.1424047202,high,-1.751306176,0.0572902225
m3_discounted,17,0,119,5e9b1bd1f06698191157fbc99f25182854ee47dcc819d045d1eee684d797587b,t20,38,high,0.8456161022,0.1543838978,high,-2.494163513,0.1320402026
m3_discounted,17,0,119,5e9b1bd1f06698191157fbc99f25182854ee47dcc819d045d1eee684d797587b,full,84,high,0.7449200451,0.2550799549,high,0.9736669064,0.2605941296
m3_discounted,17,0,121,b3b2e2bd4653e0479aa37231686157e94d03881d3e717ffb4b92970e7582dc0d,t3,4,high,0.7279043496,0.2720956504,high,1.234537005,0.007666741032
m3_discounted,17,0,121,b3b2e2bd4653e0479aa37231686157e94d03881d3e717ffb4b92970e7582dc0d,t5,8,high,0.6956424117,0.3043575883,high,2.184079647,0.01639155298
m3_discounted,17,0,121,b3b2e2bd4653e0479aa37231686157e94d03881d3e717ffb4b92970e7582dc0d,t10,18,high,0.6799553335,0.3200446665,high,4.050265312,0.07541399449
m3_discounted,17,0,121,b3b2e2bd4653e0479aa37231686157e94d03881d3e717ffb4b92970e7582dc0d,t20,38,high,0.7878549695,0.2121450305,high,5.425450325,0.1236970648
m3_discounted,17,0,121,b3b2e2bd4653e0479aa37231686157e94d03881d3e717ffb4b92970e7582dc0d,full,596,high,0.6995096505,0.3004903495,high,86.50969696,1.531272292
m3_discounted,17,0,123,6c7e3cea7a4858b1ace2a58c01677e91a03db28f550513c277a01f23b2083836,t3,4,low,0.7324979901,0.2675020099,high,1.210140824,-0.02111730911
m3_discounted,17,0,123,6c7e3cea7a4858b1ace2a58c01677e91a03db28f550513c277a01f23b2083836,t5,8,low,0.6953833401,0.3046166599,high,2.194380283,-0.008128373884
m3_discounted,17,0,123,6c7e3cea7a4858b1ace2a58c01677e91a03db28f550513c277a01f23b2083836,t10,18,low,0.6485308409,0.3514691591,high,4.59914732,0.00106906984
m3_discounted,17,0,123,6c7e3cea7a4858b1ace2a58c01677e91a03db28f550513c277a01f23b2083836,full,26,low,0.6311173141,0.3688826859,high,6.557309151,-0.01805271208
m3_discounted,17,0,131,78d93e44688ea4c2b1b0be54e645ffaf0ab8c612ccfe0606b26306c0bdd7eb9e,t3,4,low,0.8165335208,0.1834664792,high,-0.03103262186,0.02691642568
m3_discounted,17,0,131,78d93e44688ea4c2b1b0be54e645ffaf0ab8c612ccfe0606b26306c0bdd7eb9e,t5,8,low,0.8446226269,0.1553773731,high,-0.4620167017,0.04407929257
m3_discounted,17,0,131,78d93e44688ea4c2b1b0be54e645ffaf0ab8c612ccfe0606b26306c0bdd7eb9e,t10,18,low,0.8567079008,0.1432920992,high,-1.250598073,0.07948836684
m3_discounted,17,0,131,78d93e44688ea4c2b1b0be54e645ffaf0ab8c612ccfe0606b26306c0bdd7eb9e,t20,38,low,0.8123410195,0.1876589805,high,-1.167420506,0.1503908038
m3_discounted,17,0,131,78d93e44688ea4c2b1b0be54e645ffaf0ab8c612ccfe0606b26306c0bdd7eb9e,full,90,low,0.6920701861,0.3079298139,high,1.032105565,0.3199575245
m3_discounted,17,1,5,acef12612f4cc8a8551d6eed74f7140693018819c768baebe55af31070bb4a48,t3,4,high,0.7813838124,0.2186161876,high,0.9277662635,0.008923632093
m3_discounted,17,1,5,acef12612f4cc8a8551d6eed74f7140693018819c768baebe55af31070bb4a48,t5,8,high,0.7490286827,0.2509713173,high,1.773457527,0.03573352844
m3_discounted,17,1,5,acef12612f4cc8a8551d6eed74f7140693018819c768baebe55af31070bb4a48,t10,18,high,0.6998351514,0.3001648486,high,3.970123529,0.1027054712
m3_discounted,17,1,5,acef12612f4cc8a8551d6eed74f7140693018819c768baebe55af31070bb4a48,t20,38,high,0.6684706509,0.3315293491,high,8.500217438,0.1970962882
m3_discounted,17,1,5,acef12612f4cc8a8551d6eed74f7140693018819c768baebe55af31070bb4a48,full,202,high,0.6947688162,0.3052311838,high,43.12096786,0.7670888901
m3_discounted,17,1,8,242385d41a2f2e2c7cf667f3555e67d2393f27bebfb58a47237bcb1fe3ddc21f,t3,4,high,0.7643962204,0.2356037796,high,1.144780755,0.01279368438
m3_discounted,17,1,8,242385d41a2f2e2c7cf667f3555e67d2393f27bebfb58a47237bcb1fe3ddc21f,t5,8,high,0.7395557165,0.2604442835,high,1.982024431,0.02769518271
m3_discounted,17,1,8,242385d41a2f2e2c7cf667f3555e67d2393f27bebfb58a47237bcb1fe3ddc21f,t10,18,high,0.6946087182,0.3053912818,high,4.259942055,0.03912169114
m3_discounted,17,1,8,242385d41a2f2e2c7cf667f3555e67d2393f27bebfb58a47237bcb1fe3ddc21f,full,28,high,0.6746023595,0.3253976405,high,6.550265789,0.03082284704
m3_discounted,17,1,11,9063fe5a96a210ebfe12759f47a23a0522765005e854174ae1dbba306d5ab91e,t3,4,high,0.7694249153,0.2305750847,high,1.066516042,0.03391600028
m3_discounted,17,1,11,9063fe5a96a210ebfe12759f47a23a0522765005e854174ae1dbba306d5ab91e,t5,8,high,0.7399312258,0.2600687742,high,1.943961143,0.05534085259
m3_discounted,17,1,11,9063fe5a96a210ebfe12759f47a23a0522765005e854174ae1dbba306d5ab91e,full,14,high,0.7037569582,0.2962430418,high,3.359344959,0.08132217079
m3_discounted,17,1,22,908b32eb48120ce4dbf68981ea7e019915cec0971b94eafa2f753fb312d2777a,t3,4,high,0.7624823302,0.2375176698,high,1.150614023,0.03252994642
m3_discounted,17,1,22,908b32eb48120ce4dbf68981ea7e019915cec0971b94eafa2f753fb312d2777a,t5,8,high,0.7324365079,0.2675634921,high,2.05812335,0.06216731668
m3_discounted,17,1,22,908b32eb48120ce4dbf68981ea7e019915cec0971b94eafa2f753fb312d2777a,t10,18,high,0.6859789193,0.3140210807,high,4.387583256,0.1121850908
m3_discounted,17,1,22,908b32eb48120ce4dbf68981ea7e019915cec0971b94eafa2f753fb312d2777a,t20,38,high,0.687741369,0.312258631,high,8.675300598,0.1519661248
m3_discounted,17,1,22,908b32eb48120ce4dbf68981ea7e019915cec0971b94eafa2f753fb312d2777a,full,132,high,0.6939154565,0.3060845435,high,27.61338425,0.4710813165
m3_discounted,17,1,26,9063fe5a96a210ebfe12759f47a23a0522765005e854174ae1dbba306d5ab91e,t3,4,high,0.7670564651,0.2329435349,high,1.088897586,0.03020180389
m3_discounted,17,1,26,9063fe5a96a210ebfe12759f47a23a0522765005e854174ae1dbba306d5ab91e,t5,8,high,0.7387850285,0.2612149715,high,1.980873704,0.03176631778
m3_discounted,17,1,26,9063fe5a96a210ebfe12759f47a23a0522765005e854174ae1dbba306d5ab91e,full,12,high,0.7212894857,0.2787105143,high,2.830508471,0.04256825894
m3_discounted,17,1,43,c3a7a0efb4205fb087261214ecfa7aceebcb7e8cf295163f6d694dd21fdeebe4,t3,4,high,0.7769160867,0.2230839133,high,0.9975222349,0.01069371309
m3_discounted,17,1,43,c3a7a0efb4205fb087261214ecfa7aceebcb7e8cf295163f6d694dd21fdeebe4,t5,8,high,0.7575103492,0.2424896508,high,1.693450928,0.03639338911
m3_discounted,17,1,43,c3a7a0efb4205fb087261214ecfa7aceebcb7e8cf295163f6d694dd21fdeebe4,t10,18,high,0.7183001041,0.2816998959,high,3.66627574,0.0416236259
m3_discounted,17,1,43,c3a7a0efb4205fb087261214ecfa7aceebcb7e8cf295163f6d694dd21fdeebe4,t20,39,high,0.6980010271,0.3019989729,high,7.729911804,0.1014029831
m3_discounted,17,1,43,c3a7a0efb4205fb087261214ecfa7aceebcb7e8cf295163f6d694dd21fdeebe4,full,49,high,0.7264492214,0.2735507786,high,9.254315376,0.126368463
m3_discounted,17,1,44,e6803c63f300fa480953ca2fe972e030e123c7f9c1d9ed559d04ae2394d0d86b,t3,4,low,0.7641309053,0.2358690947,high,1.143319845,0.01530475821
m3_discounted,17,1,44,e6803c63f300fa480953ca2fe972e030e123c7f9c1d9ed559d04ae2394d0d86b,t5,8,low,0.735357374,0.264642626,high,2.03584528,0.03926827759
m3_discounted,17,1,44,e6803c63f300fa480953ca2fe972e030e123c7f9c1d9ed559d04ae2394d0d86b,t10,18,low,0.6948307157,0.3051692843,high,4.240380287,0.1038070023
m3_discounted,17,1,44,e6803c63f300fa480953ca2fe972e030e123c7f9c1d9ed559d04ae2394d0d86b,t20,38,low,0.6785751581,0.3214248419,high,8.506788254,0.2259820104
m3_discounted,17,1,44,e6803c63f300fa480953ca2fe972e030e123c7f9c1d9ed559d04ae2394d0d86b,full,172,low,0.6656407714,0.3343592286,high,38.54389191,0.5999228954
m3_discounted,17,1,47,f73fbbd46db1893b89699f228eb96713fbf24e13dabbda4707c125290203f537,t3,4,high,0.7654748559,0.2345251441,high,1.102045059,0.03759410232
m3_discounted,17,1,47,f73fbbd46db1893b89699f228eb96713fbf24e13dabbda4707c125290203f537,t5,8,high,0.7389571369,0.2610428631,high,1.992850423,0.02675833926
m3_discounted,17,1,47,f73fbbd46db1893b89699f228eb96713fbf24e13dabbda4707c125290203f537,full,14,high,0.7066515684,0.2933484316,high,3.394698381,0.01677559316
m3_discounted,17,1,66,60300796ba7899fd40ecbaa91387c5ca83e5757c4513c7aae95783e2e3877244,t3,4,high,0.7679096162,0.2320903838,high,1.104068875,0.01129782014
m3_discounted,17,1,66,60300796ba7899fd40ecbaa91387c5ca83e5757c4513c7aae95783e2e3877244,t5,8,high,0.7375294268,0.2624705732,high,2.022916317,0.007035953458
m3_discounted,17,1,66,60300796ba7899fd40ecbaa91387c5ca83e5757c4513c7aae95783e2e3877244,t10,17,high,0.7214984894,0.2785015106,high,3.704251289,-0.01238934882
m3_discounted,17,1,66,60300796ba7899fd40ecbaa91387c5ca83e5757c4513c7aae95783e2e3877244,full,29,high,0.6750383973,0.3249616027,high,6.589157104,-0.03040698171
m3_discounted,17,1,71,acef12612f4cc8a8551d6eed74f7140693018819c768baebe55af31070bb4a48,t3,4,high,0.8173531741,0.1826468259,high,0.3449450731,0.01077070367
m3_discounted,17,1,71,acef12612f4cc8a8551d6eed74f7140693018819c768baebe55af31070bb4a48,t5,8,high,0.7723329216,0.2276670784,high,1.204133749,0.02985444851
m3_discounted,17,1,71,acef12612f4cc8a8551d6eed74f7140693018819c768baebe55af31070bb4a48,t10,18,high,0.7091889679,0.2908110321,high,3.438551903,0.04741770774
m3_discounted,17,1,71,acef12612f4cc8a8551d6eed74f7140693018819c768baebe55af31070bb4a48,t20,38,high,0.6760655046,0.3239344954,high,7.776961327,0.14512752
m3_discounted,17,1,71,acef12612f4cc8a8551d6eed74f7140693018819c768baebe55af31070bb4a48,full,168,high,0.6688942909,0.3311057091,high,36.72405243,0.6275093555
m3_discounted,17,1,74,c71ada431bd46bd4a6359aeae6a2a8e55c5fadaac95da2d3426bc7a470fc428d,t3,4,low,0.764109537,0.235890463,high,1.110984325,0.0451807864
m3_discounted,17,1,74,c71ada431bd46bd4a6359aeae6a2a8e55c5fadaac95da2d3426bc7a470fc428d,t5,8,low,0.7391857207,0.2608142793,high,1.979949236,0.04465617239
m3_discounted,17,1,74,c71ada431bd46bd4a6359aeae6a2a8e55c5fadaac95da2d3426bc7a470fc428d,t10,18,low,0.6923696101,0.3076303899,high,4.287212849,0.06396628916
m3_discounted,17,1,74,c71ada431bd46bd4a6359aeae6a2a8e55c5fadaac95da2d3426bc7a470fc428d,full,36,low,0.6625818908,0.3374181092,high,8.5751791,0.08396025002
m3_discounted,17,1,78,093c82fd2197f13c9cdbf2150b89b7a4fa6b1bd0b674db97725c2c7c8bd1dd88,t3,4,high,0.76173383,0.23826617,high,1.175529003,0.01657861471
m3_discounted,17,1,78,093c82fd2197f13c9cdbf2150b89b7a4fa6b1bd0b674db97725c2c7c8bd1dd88,t5,8,high,0.7324778736,0.2675221264,high,2.117358685,0.008686426096
m3_discounted,17,1,78,093c82fd2197f13c9cdbf2150b89b7a4fa6b1bd0b674db97725c2c7c8bd1dd88,t10,18,high,0.6901068389,0.3098931611,high,4.434869766,0.01939772069
m3_discounted,17,1,78,093c82fd2197f13c9cdbf2150b89b7a4fa6b1bd0b674db97725c2c7c8bd1dd88,t20,38,high,0.6635833979,0.3364166021,high,9.214950562,-0.02117602713
m3_discounted,17,1,78,093c82fd2197f13c9cdbf2150b89b7a4fa6b1bd0b674db97725c2c7c8bd1dd88,full,74,high,0.6586606205,0.3413393795,high,17.80361176,-0.0175679177
m3_discounted,17,1,81,e20918bb59fb9410444abfca05301763d95a43571f7e2437b82ee48a1c85ed42,t3,2,high,0.7814128101,0.2185871899,high,0.6727255583,0.04913749546
m3_discounted,17,1,81,e20918bb59fb9410444abfca05301763d95a43571f7e2437b82ee48a1c85ed42,t5,6,high,0.7520105988,0.2479894012,high,1.523449898,0.06562177837
m3_discounted,17,1,81,e20918bb59fb9410444abfca05301763d95a43571f7e2437b82ee48a1c85ed42,t10,16,high,0.7312748134,0.2687251866,high,3.23597908,0.1241423488
m3_discounted,17,1,81,e20918bb59fb9410444abfca05301763d95a43571f7e2437b82ee48a1c85ed42,full,20,high,0.7175810933,0.2824189067,high,4.060382366,0.1057781354
m3_discounted,17,1,84,acef12612f4cc8a8551d6eed74f7140693018819c768baebe55af31070bb4a48,t3,4,high,0.7660152316,0.2339847684,high,1.11064446,0.02488103881
m3_discounted,17,1,84,acef12612f4cc8a8551d6eed74f7140693018819c768baebe55af31070bb4a48,t5,8,high,0.7394417226,0.2605582774,high,1.98845613,0.03104703315
m3_discounted,17,1,84,acef12612f4cc8a8551d6eed74f7140693018819c768baebe55af31070bb4a48,t10,18,high,0.7177607119,0.2822392881,high,3.940145969,0.05982414633
m3_discounted,17,1,84,acef12612f4cc8a8551d6eed74f7140693018819c768baebe55af31070bb4a48,t20,38,high,0.6895537078,0.3104462922,high,8.086892128,0.1195844635
m3_discounted,17,1,84,acef12612f4cc8a8551d6eed74f7140693018819c768baebe55af31070bb4a48,full,234,high,0.6814273298,0.3185726702,high,49.03128433,0.6760698557
m3_discounted,17,1,90,a771a5f4fb2138cf78114b166d2e1fa99c89b30b5a08b96d69edbffaa7be1c17,t3,4,low,0.7672655582,0.2327344418,high,1.147290826,-0.02840412781
m3_discounted,17,1,90,a771a5f4fb2138cf78114b166d2e1fa99c89b30b5a08b96d69edbffaa7be1c17,t5,8,low,0.7318575084,0.2681424916,high,2.098959446,0.003779691644
m3_discounted,17,1,90,a771a5f4fb2138cf78114b166d2e1fa99c89b30b5a08b96d69edbffaa7be1c17,t10,18,low,0.687939167,0.312060833,high,4.479578972,-0.004873621278
m3_discounted,17,1,90,a771a5f4fb2138cf78114b166d2e1fa99c89b30b5a08b96d69edbffaa7be1c17,full,24,low,0.6713075638,0.3286924362,high,5.934443951,0.008749013767
m3_discounted,17,1,91,67e1884ecd04dbe20b36dae2dd478b3fa11c2dd652ae19aa1ecf63df01a54bb4,t3,4,high,0.7682544291,0.2317455709,high,1.078283787,0.0255608242
m3_discounted,17,1,91,67e1884ecd04dbe20b36dae2dd478b3fa11c2dd652ae19aa1ecf63df01a54bb4,t5,8,high,0.7407126129,0.2592873871,high,1.947802305,0.03163117915
m3_discounted,17,1,91,67e1884ecd04dbe20b36dae2dd478b3fa11c2dd652ae19aa1ecf63df01a54bb4,t10,18,high,0.7034421265,0.2965578735,high,4.09529686,0.06739101559
m3_discounted,17,1,91,67e1884ecd04dbe20b36dae2dd478b3fa11c2dd652ae19aa1ecf63df01a54bb4,t20,38,high,0.6715257168,0.3284742832,high,8.560479164,0.1438698173
m3_discounted,17,1,91,67e1884ecd04dbe20b36dae2dd478b3fa11c2dd652ae19aa1ecf63df01a54bb4,full,78,high,0.6595010459,0.3404989541,high,17.7365551,0.2382743657
m3_discounted,17,1,93,4a179349154115dae8c63a1aae7fb09285d02b7da5eef74d9eaa8871309dcfa9,t3,4,high,0.7609771639,0.2390228361,high,1.191496611,0.01166707464
m3_discounted,17,1,93,4a179349154115dae8c63a1aae7fb09285d02b7da5eef74d9eaa8871309dcfa9,t5,8,high,0.7329657972,0.2670342028,high,2.109160185,0.01583585888
m3_discounted,17,1,93,4a179349154115dae8c63a1aae7fb09285d02b7da5eef74d9eaa8871309dcfa9,t10,18,high,0.6972397864,0.3027602136,high,4.300271034,0.05429810286
m3_discounted,17,1,93,4a179349154115dae8c63a1aae7fb09285d02b7da5eef74d9eaa8871309dcfa9,full,24,high,0.6838637888,0.3161362112,high,5.648405552,0.06522753835
m3_discounted,17,1,96,25e8b5e04642d3980ac38e4c1a2adc2fda059b625ba4b1d1523d13ecc5903774,t3,4,high,0.7656126767,0.2343873233,high,1.096944213,0.03591768816
m3_discounted,17,1,96,25e8b5e04642d3980ac38e4c1a2adc2fda059b625ba4b1d1523d13ecc5903774,t5,8,high,0.733833313,0.266166687,high,2.025724173,0.05090799928
m3_discounted,17,1,96,25e8b5e04642d3980ac38e4c1a2adc2fda059b625ba4b1d1523d13ecc5903774,t10,18,high,0.6947723031,0.3052276969,high,4.279456139,0.0647508204
m3_discounted,17,1,96,25e8b5e04642d3980ac38e4c1a2adc2fda059b625ba4b1d1523d13ecc5903774,t20,38,high,0.6667773724,0.3332226276,high,8.749014854,0.1025869176
m3_discounted,17,1,96,25e8b5e04642d3980ac38e4c1a2adc2fda059b625ba4b1d1523d13ecc5903774,full,90,high,0.6579320431,0.3420679569,high,20.83034515,0.2305781841
m3_discounted,17,1,97,1837300a58fa97fb00235849e610a9e6fc97376558ae1b2b3a001a60fbe9de12,t3,4,high,0.7669113427,0.2330886573,high,1.134184122,-0.008770313114
m3_discounted,17,1,97,1837300a58fa97fb00235849e610a9e6fc97376558ae1b2b3a001a60fbe9de12,t5,8,high,0.734708637,0.265291363,high,2.077297211,-0.006979388185
m3_discounted,17,1,97,1837300a58fa97fb00235849e610a9e6fc97376558ae1b2b3a001a60fbe9de12,t10,18,high,0.6885698736,0.3114301264,high,4.400473595,0.0353153795
m3_discounted,17,1,97,1837300a58fa97fb00235849e610a9e6fc97376558ae1b2b3a001a60fbe9de12,t20,38,high,0.6660671234,0.3339328766,high,9.026558876,0.06859071553
m3_discounted,17,1,97,1837300a58fa97fb00235849e610a9e6fc97376558ae1b2b3a001a60fbe9de12,full,106,high,0.6651917696,0.3348082304,high,24.39391708,0.2194818854
m3_discounted,17,1,102,6b850256cef5c3246b062d9ccc13df2dba8549db3d4aa09074ac047358bc730c,t3,4,low,0.7838662416,0.2161337584,high,0.8791825771,0.02198303863
m3_discounted,17,1,102,6b850256cef5c3246b062d9ccc13df2dba8549db3d4aa09074ac047358bc730c,t5,8,low,0.7635713965,0.2364286035,high,1.571858168,0.02320624143
m3_discounted,17,1,102,6b850256cef5c3246b062d9ccc13df2dba8549db3d4aa09074ac047358bc730c,t10,18,low,0.6994281411,0.3005718589,high,3.928630829,0.02058362029
m3_discounted,17,1,102,6b850256cef5c3246b062d9ccc13df2dba8549db3d4aa09074ac047358bc730c,full,18,low,0.6994281411,0.3005718589,high,3.928630829,0.02058362029
m3_discounted,17,1,106,448764c64bd9a5b6c7cd78e8b26ab5214ce6b2f3a7fafd6b108f3cbbe5f7e177,t3,4,low,0.7627242953,0.2372757047,high,1.189840555,-0.01381341554
m3_discounted,17,1,106,448764c64bd9a5b6c7cd78e8b26ab5214ce6b2f3a7fafd6b108f3cbbe5f7e177,t5,8,low,0.732763201,0.267236799,high,2.126903057,-0.01244205888
m3_discounted,17,1,106,448764c64bd9a5b6c7cd78e8b26ab5214ce6b2f3a7fafd6b108f3cbbe5f7e177,t10,18,low,0.6880788207,0.3119211793,high,4.4965868,-0.03391075507
m3_discounted,17,1,106,448764c64bd9a5b6c7cd78e8b26ab5214ce6b2f3a7fafd6b108f3cbbe5f7e177,full,22,low,0.6774987876,0.3225012124,high,5.456549644,-0.03484254703
m3_discounted,17,1,111,c5d024bb1b7d54d9eb1b773b68d0abb69abd4c57c23dd861afa6b4daf6095fb2,t3,4,high,0.7626419961,0.2373580039,high,1.173020244,0.0106477309
m3_discounted,17,1,111,c5d024bb1b7d54d9eb1b773b68d0abb69abd4c57c23dd861afa6b4daf6095fb2,t5,8,high,0.7312410772,0.2687589228,high,2.122427464,0.01804254949
m3_discounted,17,1,111,c5d024bb1b7d54d9eb1b773b68d0abb69abd4c57c23dd861afa6b4daf6095fb2,t10,18,high,0.6956914663,0.3043085337,high,4.39923811,0.03473028541
m3_discounted,17,1,111,c5d024bb1b7d54d9eb1b773b68d0abb69abd4c57c23dd861afa6b4daf6095fb2,t20,37,high,0.6771514118,0.3228485882,high,8.375311852,0.11178267
m3_discounted,17,1,111,c5d024bb1b7d54d9eb1b773b68d0abb69abd4c57c23dd861afa6b4daf6095fb2,full,57,high,0.6618573368,0.3381426632,high,13.08799934,0.1208285391
m3_discounted,17,1,115,40b598298febd1caaa3494c2aa68b7d34db4adefb806470ebaa2164aa3b6e97b,t3,4,low,0.7663071901,0.2336928099,high,1.126683831,0.00988922175
m3_discounted,17,1,115,40b598298febd1caaa3494c2aa68b7d34db4adefb806470ebaa2164aa3b6e97b,t5,8,low,0.7375822067,0.2624177933,high,2.029405832,0.01448788214
m3_discounted,17,1,115,40b598298febd1caaa3494c2aa68b7d34db4adefb806470ebaa2164aa3b6e97b,t10,18,low,0.6935586333,0.3064413667,high,4.343340397,0.004720171914
m3_discounted,17,1,115,40b598298febd1caaa3494c2aa68b7d34db4adefb806470ebaa2164aa3b6e97b,t20,38,low,0.666887641,0.333112359,high,9.055929184,-0.04873362929
m3_discounted,17,1,115,40b598298febd1caaa3494c2aa68b7d34db4adefb806470ebaa2164aa3b6e97b,full,46,low,0.6632312536,0.3367687464,high,10.93515301,-0.04453118518
m3_discounted,17,1,116,4418b43f021add15a849c765ee0db832848b4b10e7849e6b885d73b122875f84,t3,4,high,0.7878104001,0.2121895999,high,0.8544697762,-0.001560891047
m3_discounted,17,1,116,4418b43f021add15a849c765ee0db832848b4b10e7849e6b885d73b122875f84,t5,8,high,0.7764813453,0.2235186547,high,1.401574135,0.00926319696
m3_discounted,17,1,116,4418b43f021add15a849c765ee0db832848b4b10e7849e6b885d73b122875f84,t10,18,high,0.7213277519,0.2786722481,high,3.313316584,0.0731960386
m3_discounted,17,1,116,4418b43f021add15a849c765ee0db832848b4b10e7849e6b885d73b122875f84,t20,38,high,0.7227567732,0.2772432268,high,6.611909389,0.1099159867
m3_discounted,17,1,116,4418b43f021add15a849c765ee0db832848b4b10e7849e6b885d73b122875f84,full,166,high,0.6653797925,0.3346202075,high,34.31134033,0.3194175959
m3_discounted,17,1,118,76be45b29b02fc9e53270d845eb888e016203b2feb5f8a23c1bc226cfb6f9541,t3,4,low,0.7655684501,0.2344315499,high,1.125864863,0.01835155301
m3_discounted,17,1,118,76be45b29b02fc9e53270d845eb888e016203b2feb5f8a23c1bc226cfb6f9541,t5,8,low,0.735175401,0.264824599,high,2.0749228,-0.00242616795
m3_discounted,17,1,118,76be45b29b02fc9e53270d845eb888e016203b2feb5f8a23c1bc226cfb6f9541,t10,18,low,0.6883765459,0.3116234541,high,4.460996628,-0.02505879104
m3_discounted,17,1,118,76be45b29b02fc9e53270d845eb888e016203b2feb5f8a23c1bc226cfb6f9541,full,20,low,0.6824210286,0.3175789714,high,4.932986259,-0.01655299403
m3_discounted,17,1,127,7917889ab4e78b6b53a8a9cb1ef033ff30c5f3bd8f7978290b6a1e55f3745707,t3,4,high,0.7619039565,0.2380960435,high,1.168899179,0.02191929519
m3_discounted,17,1,127,7917889ab4e78b6b53a8a9cb1ef033ff30c5f3bd8f7978290b6a1e55f3745707,t5,8,high,0.7305777669,0.2694222331,high,2.111152649,0.03911810741
m3_discounted,17,1,127,7917889ab4e78b6b53a8a9cb1ef033ff30c5f3bd8f7978290b6a1e55f3745707,t10,18,high,0.6996910572,0.3003089428,high,4.329176903,0.03154158965
m3_discounted,17,1,127,7917889ab4e78b6b53a8a9cb1ef033ff30c5f3bd8f7978290b6a1e55f3745707,t20,38,high,0.6674063802,0.3325936198,high,8.915524483,0.04341127723
m3_discounted,17,1,127,7917889ab4e78b6b53a8a9cb1ef033ff30c5f3bd8f7978290b6a1e55f3745707,full,58,high,0.660444051,0.339555949,high,13.59270668,0.07130346447
m3_discounted,17,2,2,fdf67d2c42795b9d06e986a20b48e2b2bee751e8cdf4fd17e3571edec7df7c1a,t3,4,high,0.7403559387,0.2596440613,high,0.7462180257,0.0266201105
m3_discounted,17,2,2,fdf67d2c42795b9d06e986a20b48e2b2bee751e8cdf4fd17e3571edec7df7c1a,t5,8,high,0.7446514368,0.2553485632,high,1.087746739,0.03040002845
m3_discounted,17,2,2,fdf67d2c42795b9d06e986a20b48e2b2bee751e8cdf4fd17e3571edec7df7c1a,t10,18,high,0.7012439668,0.2987560332,high,2.4220891,0.06682519615
m3_discounted,17,2,2,fdf67d2c42795b9d06e986a20b48e2b2bee751e8cdf4fd17e3571edec7df7c1a,full,34,high,0.635577023,0.364422977,high,5.577812195,0.09747730196
m3_discounted,17,2,4,191639dd25fcde7c7a679eb592d24f8b509b2039411c660a67c8a93f8157923d,t3,4,high,0.7080407441,0.2919592559,high,1.189023972,0.006796021946
m3_discounted,17,2,4,191639dd25fcde7c7a679eb592d24f8b509b2039411c660a67c8a93f8157923d,t5,8,high,0.6749708056,0.3250291944,high,2.09552002,0.032088615
m3_discounted,17,2,4,191639dd25fcde7c7a679eb592d24f8b509b2039411c660a67c8a93f8157923d,t10,18,high,0.6355549693,0.3644450307,high,4.214176655,0.08218792081
m3_discounted,17,2,4,191639dd25fcde7c7a679eb592d24f8b509b2039411c660a67c8a93f8157923d,t20,38,high,0.5985938907,0.4014061093,high,8.940623283,0.09155971557
m3_discounted,17,2,4,191639dd25fcde7c7a679eb592d24f8b509b2039411c660a67c8a93f8157923d,full,58,high,0.5912915766,0.4087084234,high,13.70174313,0.1224082783
m3_discounted,17,2,10,4726c5a5ef83880ea58dc9be0d5526992a63d81a7158a7290accb6ea90e2f24e,t3,4,low,0.7135431468,0.2864568532,high,1.102133512,0.02213126048
m3_discounted,17,2,10,4726c5a5ef83880ea58dc9be0d5526992a63d81a7158a7290accb6ea90e2f24e,t5,8,low,0.6784419417,0.3215580583,high,2.039784908,0.01355375815
m3_discounted,17,2,10,4726c5a5ef83880ea58dc9be0d5526992a63d81a7158a7290accb6ea90e2f24e,full,10,low,0.6643240452,0.3356759548,high,2.522031307,0.003856710158
m3_discounted,17,2,13,33d5eab0e55967cc9ef6294d07c71894b7c8ccead9f3b75d9c24963ff08f8a5b,t3,4,high,0.7044843733,0.2955156267,high,1.219595194,0.008745840751
m3_discounted,17,2,13,33d5eab0e55967cc9ef6294d07c71894b7c8ccead9f3b75d9c24963ff08f8a5b,t5,8,high,0.6701053679,0.3298946321,high,2.195951939,-0.005443862639
m3_discounted,17,2,13,33d5eab0e55967cc9ef6294d07c71894b7c8ccead9f3b75d9c24963ff08f8a5b,full,12,high,0.6449197829,0.3550802171,high,3.174682617,-0.01452773623
m3_discounted,17,2,15,9a33ea59a66d49ff7cc5e5ae9beb979f48b38e35157bca2ebd07bf99649f623d,t3,4,low,0.7420590222,0.2579409778,high,0.7910043001,0.007011434063
m3_discounted,17,2,15,9a33ea59a66d49ff7cc5e5ae9beb979f48b38e35157bca2ebd07bf99649f623d,t5,8,low,0.693825841,0.306174159,high,1.759856224,-0.005448910408
m3_discounted,17,2,15,9a33ea59a66d49ff7cc5e5ae9beb979f48b38e35157bca2ebd07bf99649f623d,t10,18,low,0.6293437481,0.3706562519,high,4.21664381,-0.05500822514
m3_discounted,17,2,15,9a33ea59a66d49ff7cc5e5ae9beb979f48b38e35157bca2ebd07bf99649f623d,full,20,low,0.6198313236,0.3801686764,high,4.712412834,-0.04587382078
m3_discounted,17,2,18,b34ee56525d88d8c5edbedc83cfaa246ebf13d655186bfb0a26192ae67847925,t3,4,high,0.7808614075,0.2191385925,high,0.2242532372,0.02180458233
m3_discounted,17,2,18,b34ee56525d88d8c5edbedc83cfaa246ebf13d655186bfb0a26192ae67847925,t5,8,high,0.7233883739,0.2766116261,high,1.121881008,0.02864837833
m3_discounted,17,2,18,b34ee56525d88d8c5edbedc83cfaa246ebf13d655186bfb0a26192ae67847925,t10,18,high,0.6419721246,0.3580278754,high,3.449555159,0.07298497856
m3_discounted,17,2,18,b34ee56525d88d8c5edbedc83cfaa246ebf13d655186bfb0a26192ae67847925,t20,38,high,0.5986829996,0.4013170004,high,8.158859253,0.112139225
m3_discounted,17,2,18,b34ee56525d88d8c5edbedc83cfaa246ebf13d655186bfb0a26192ae67847925,full,114,high,0.5957852602,0.4042147398,high,26.02314186,0.3293836415
m3_discounted,17,2,20,f9ba5bcb971128ab896d2b887228d6522719aa3c656b131cf236ce80da34d01d,t3,4,high,0.7151118815,0.2848881185,high,1.122097254,-0.0148027949
m3_discounted,17,2,20,f9ba5bcb971128ab896d2b887228d6522719aa3c656b131cf236ce80da34d01d,t5,8,high,0.6957754493,0.3042245507,high,1.865588427,-0.01040753629
m3_discounted,17,2,20,f9ba5bcb971128ab896d2b887228d6522719aa3c656b131cf236ce80da34d01d,t10,18,high,0.6684988737,0.3315011263,high,3.648340225,0.03815386444
m3_discounted,17,2,20,f9ba5bcb971128ab896d2b887228d6522719aa3c656b131cf236ce80da34d01d,t20,38,high,0.6560671628,0.3439328372,high,7.178256035,0.07202509791
m3_discounted,17,2,20,f9ba5bcb971128ab896d2b887228d6522719aa3c656b131cf236ce80da34d01d,full,46,high,0.6168968081,0.3831031919,high,9.117805481,0.07621080428
m3_discounted,17,2,25,ddb02d91bd18c3c662df1f33661d602d12020d6cf678bab7cb298f4055fca93b,t3,4,high,0.7704119086,0.2295880914,high,0.3830811977,0.03816576675
m3_discounted,17,2,25,ddb02d91bd18c3c662df1f33661d602d12020d6cf678bab7cb298f4055fca93b,t5,8,high,0.7603576332,0.2396423668,high,0.7164651155,0.04659675807
m3_discounted,17,2,25,ddb02d91bd18c3c662df1f33661d602d12020d6cf678bab7cb298f4055fca93b,t10,18,high,0.6997712851,0.3002287149,high,2.24597621,0.1014014781
m3_discounted,17,2,25,ddb02d91bd18c3c662df1f33661d602d12020d6cf678bab7cb298f4055fca93b,full,32,high,0.6714398563,0.3285601437,high,4.544233322,0.1516951174
m3_discounted,17,2,28,487d0abed001c9f2a355dcc6490f2cf7f1354bf99dbe74fb40e1739122af3c2b,t3,4,high,0.7265855372,0.2734144628,high,0.9815397263,0.03212126717
m3_discounted,17,2,28,487d0abed001c9f2a355dcc6490f2cf7f1354bf99dbe74fb40e1739122af3c2b,t5,8,high,0.744599998,0.255400002,high,1.26101625,0.03287252784
m3_discounted,17,2,28,487d0abed001c9f2a355dcc6490f2cf7f1354bf99dbe74fb40e1739122af3c2b,t10,18,high,0.6691144407,0.3308855593,high,3.217222929,0.03117905185
m3_discounted,17,2,28,487d0abed001c9f2a355dcc6490f2cf7f1354bf99dbe74fb40e1739122af3c2b,t20,38,high,0.6067318618,0.3932681382,high,7.799360275,0.09363423288
m3_discounted,17,2,28,487d0abed001c9f2a355dcc6490f2cf7f1354bf99dbe74fb40e1739122af3c2b,full,122,high,0.6010156572,0.3989843428,high,27.0012989,0.3360745907
m3_discounted,17,2,29,9459f1cceef9869f5ee5d550f4d0153a7cdf2e59b9bd8cc5f372969252fde2ca,t3,4,high,0.7615699023,0.2384300977,high,0.4888269603,-0.008159279823
m3_discounted,17,2,29,9459f1cceef9869f5ee5d550f4d0153a7cdf2e59b9bd8cc5f372969252fde2ca,t5,7,high,0.7199444473,0.2800555527,high,1.203341484,-0.02509771101
m3_discounted,17,2,29,9459f1cceef9869f5ee5d550f4d0153a7cdf2e59b9bd8cc5f372969252fde2ca,t10,17,high,0.6365225613,0.3634774387,high,3.648246288,-0.03594046831
m3_discounted,17,2,29,9459f1cceef9869f5ee5d550f4d0153a7cdf2e59b9bd8cc5f372969252fde2ca,t20,37,high,0.5946451724,0.4053548276,high,8.444519043,-0.0171863921
m3_discounted,17,2,29,9459f1cceef9869f5ee5d550f4d0153a7cdf2e59b9bd8cc5f372969252fde2ca,full,37,high,0.5946451724,0.4053548276,high,8.444519043,-0.0171863921
m3_discounted,17,2,34,4d0345fde865563ce1b8a378bb4f763097083ca5ab32f7ddf46c2f6159f1dec2,t3,4,high,0.7516659498,0.2483340502,high,0.7175906897,0.0003278855293
m3_discounted,17,2,34,4d0345fde865563ce1b8a378bb4f763097083ca5ab32f7ddf46c2f6159f1dec2,t5,8,high,0.7286156714,0.2713843286,high,1.299240708,-0.0005517478567
m3_discounted,17,2,34,4d0345fde865563ce1b8a378bb4f763097083ca5ab32f7ddf46c2f6159f1dec2,t10,18,high,0.7069300711,0.2930699289,high,2.683841705,0.005075944122
m3_discounted,17,2,34,4d0345fde865563ce1b8a378bb4f763097083ca5ab32f7ddf46c2f6159f1dec2,t20,38,high,0.7593319714,0.2406680286,high,4.039268017,0.04171805829
m3_discounted,17,2,34,4d0345fde865563ce1b8a378bb4f763097083ca5ab32f7ddf46c2f6159f1dec2,full,116,high,0.6392604709,0.3607395291,high,11.14305687,0.1147925034
m3_discounted,17,2,36,a89e21c5a35df9846708875b550aedadb0962eeaf4b3c7f3348dec0322cd9dde,t3,4,high,0.7038491368,0.2961508632,high,1.190205336,0.03986565024
m3_discounted,17,2,36,a89e21c5a35df9846708875b550aedadb0962eeaf4b3c7f3348dec0322cd9dde,t5,8,high,0.6686995625,0.3313004375,high,2.149837494,0.05245694518
m3_discounted,17,2,36,a89e21c5a35df9846708875b550aedadb0962eeaf4b3c7f3348dec0322cd9dde,t10,18,high,0.6197178364,0.3802821636,high,4.53824091,0.08449897915
m3_discounted,17,2,36,a89e21c5a35df9846708875b550aedadb0962eeaf4b3c7f3348dec0322cd9dde,t20,38,high,0.5950547755,0.4049452245,high,9.26537323,0.1678394526
m3_discounted,17,2,36,a89e21c5a35df9846708875b550aedadb0962eeaf4b3c7f3348dec0322cd9dde,full,314,high,0.5831803083,0.4168196917,high,74.16893005,0.9778885841
m3_discounted,17,2,38,f8b9c28f12c90d87138212f431c9300e394af58c1dc90d970ba183af36ca0387,t3,4,high,0.7531735003,0.2468264997,high,0.6747170091,0.005437540356
m3_discounted,17,2,38,f8b9c28f12c90d87138212f431c9300e394af58c1dc90d970ba183af36ca0387,t5,8,high,0.7616110891,0.2383889109,high,0.9057281017,0.00737396488
m3_discounted,17,2,38,f8b9c28f12c90d87138212f431c9300e394af58c1dc90d970ba183af36ca0387,t10,18,high,0.793583855,0.206416145,high,0.707172513,0.02556533366
m3_discounted,17,2,38,f8b9c28f12c90d87138212f431c9300e394af58c1dc90d970ba183af36ca0387,t20,38,high,0.666579932,0.333420068,high,4.399259567,0.03959870338
m3_discounted,17,2,38,f8b9c28f12c90d87138212f431c9300e394af58c1dc90d970ba183af36ca0387,full,93,high,0.5890336931,0.4109663069,high,17.15890694,0.1095700935
m3_discounted,17,2,49,b34ee56525d88d8c5edbedc83cfaa246ebf13d655186bfb0a26192ae67847925,t3,4,high,0.7372381985,0.2627618015,high,0.8447192907,0.03559810296
m3_discounted,17,2,49,b34ee56525d88d8c5edbedc83cfaa246ebf13d655186bfb0a26192ae67847925,t5,8,high,0.7128085792,0.2871914208,high,1.550228477,0.03900548816
m3_discounted,17,2,49,b34ee56525d88d8c5edbedc83cfaa246ebf13d655186bfb0a26192ae67847925,t10,18,high,0.637477994,0.362522006,high,3.903613806,0.05317301303
m3_discounted,17,2,49,b34ee56525d88d8c5edbedc83cfaa246ebf13d655186bfb0a26192ae67847925,t20,38,high,0.6021400392,0.3978599608,high,8.504946709,0.1428505778
m3_discounted,17,2,49,b34ee56525d88d8c5edbedc83cfaa246ebf13d655186bfb0a26192ae67847925,full,180,high,0.5882347822,0.4117652178,high,40.682827,0.5678107142
m3_discounted,17,2,51,27f7b9a233b232d09dc5463937c8150e848bebb9f9c3eac2cd6d18cd0a0a0663,t3,4,high,0.7210042179,0.2789957821,high,0.9842092991,0.03447970003
m3_discounted,17,2,51,27f7b9a233b232d09dc5463937c8150e848bebb9f9c3eac2cd6d18cd0a0a0663,t5,8,high,0.6781433225,0.3218566775,high,1.960224867,0.04124132916
m3_discounted,17,2,51,27f7b9a233b232d09dc5463937c8150e848bebb9f9c3eac2cd6d18cd0a0a0663,full,14,high,0.6369533837,0.3630466163,high,3.433620214,0.05437178165
m3_discounted,17,2,54,cab87913f73e8349723b3aa09815de16104f7e933d850478367538de727d8d66,t3,4,high,0.705925554,0.294074446,high,1.19136095,0.02324444242
m3_discounted,17,2,54,cab87913f73e8349723b3aa09815de16104f7e933d850478367538de727d8d66,t5,8,high,0.6772332489,0.3227667511,high,2.061296225,0.03267770261
m3_discounted,17,2,54,cab87913f73e8349723b3aa09815de16104f7e933d850478367538de727d8d66,t10,18,high,0.6238513589,0.3761486411,high,4.43951416,0.0508466512
m3_discounted,17,2,54,cab87913f73e8349723b3aa09815de16104f7e933d850478367538de727d8d66,t20,38,high,0.5945075452,0.4054924548,high,9.22719574,0.05911485851
m3_discounted,17,2,54,cab87913f73e8349723b3aa09815de16104f7e933d850478367538de727d8d66,full,40,high,0.591758579,0.408241421,high,9.718344688,0.06730621308
m3_discounted,17,2,61,d18cd2cb8f3969cbf6af794d14828afbbd325bed84b28f6fb6cfa887be2c8b28,t3,4,high,0.7070223093,0.2929776907,high,1.212259293,-0.01302018017
m3_discounted,17,2,61,d18cd2cb8f3969cbf6af794d14828afbbd325bed84b28f6fb6cfa887be2c8b28,t5,8,high,0.6689057052,0.3310942948,high,2.188355923,0.003173217643
m3_discounted,17,2,61,d18cd2cb8f3969cbf6af794d14828afbbd325bed84b28f6fb6cfa887be2c8b28,t10,18,high,0.6693456173,0.3306543827,high,3.869541168,0.02565908991
m3_discounted,17,2,61,d18cd2cb8f3969cbf6af794d14828afbbd325bed84b28f6fb6cfa887be2c8b28,t20,38,high,0.6334335506,0.3665664494,high,7.86036396,0.1207695454
m3_discounted,17,2,61,d18cd2cb8f3969cbf6af794d14828afbbd325bed84b28f6fb6cfa887be2c8b28,full,124,high,0.5898217261,0.4101782739,high,27.59602356,0.3826327622
m3_discounted,17,2,63,f34b655729f9e067daf58741bbef87d6babc75e70cc02335a66a9a7f2a41110f,t3,4,high,0.7026462555,0.2973537445,high,1.222960114,0.02096858807
m3_discounted,17,2,63,f34b655729f9e067daf58741bbef87d6babc75e70cc02335a66a9a7f2a41110f,t5,8,high,0.6692113876,0.3307886124,high,2.165000439,0.03823797777
m3_discounted,17,2,63,f34b655729f9e067daf58741bbef87d6babc75e70cc02335a66a9a7f2a41110f,t10,18,high,0.6307484508,0.3692515492,high,4.415681839,0.09192334861
m3_discounted,17,2,63,f34b655729f9e067daf58741bbef87d6babc75e70cc02335a66a9a7f2a41110f,t20,38,high,0.5930354297,0.4069645703,high,9.157879829,0.1257143319
m3_discounted,17,2,63,f34b655729f9e067daf58741bbef87d6babc75e70cc02335a66a9a7f2a41110f,full,58,high,0.5865865648,0.4134134352,high,13.96384048,0.190721944
m3_discounted,17,2,76,ef2a499f1eb631d0fe82020b23b6b033d935130d3181bd0d4fd2f4fcd23925a8,t3,5,high,0.7127312422,0.2872687578,high,1.230112195,0.0392839238
m3_discounted,17,2,76,ef2a499f1eb631d0fe82020b23b6b033d935130d3181bd0d4fd2f4fcd23925a8,t5,9,high,0.722214967,0.277785033,high,1.656505466,0.04888796434
m3_discounted,17,2,76,ef2a499f1eb631d0fe82020b23b6b033d935130d3181bd0d4fd2f4fcd23925a8,t10,19,high,0.7088036239,0.2911963761,high,2.765021086,0.1217574999
m3_discounted,17,2,76,ef2a499f1eb631d0fe82020b23b6b033d935130d3181bd0d4fd2f4fcd23925a8,t20,41,high,0.6730574667,0.3269425333,high,5.995058537,0.1534634382
m3_discounted,17,2,76,ef2a499f1eb631d0fe82020b23b6b033d935130d3181bd0d4fd2f4fcd23925a8,full,67,high,0.6137906909,0.3862093091,high,11.4850769,0.1919077039
m3_discounted,17,2,85,362ca8248798f8db4ad596d5ff5d5b21969fb1d0b5d6bc5479eb390815d04099,t3,4,high,0.718426317,0.281573683,high,1.105178356,-0.00654637441
m3_discounted,17,2,85,362ca8248798f8db4ad596d5ff5d5b21969fb1d0b5d6bc5479eb390815d04099,t5,8,high,0.6881676912,0.3118323088,high,1.970236421,-0.007968584076
m3_discounted,17,2,85,362ca8248798f8db4ad596d5ff5d5b21969fb1d0b5d6bc5479eb390815d04099,t10,18,high,0.6350705326,0.3649294674,high,4.226596832,-0.0003637373447
m3_discounted,17,2,85,362ca8248798f8db4ad596d5ff5d5b21969fb1d0b5d6bc5479eb390815d04099,t20,38,high,0.6068589389,0.3931410611,high,8.774475098,0.07480690628
m3_discounted,17,2,85,362ca8248798f8db4ad596d5ff5d5b21969fb1d0b5d6bc5479eb390815d04099,full,130,high,0.5943783224,0.4056216776,high,29.95269012,0.2964760661
m3_discounted,17,2,88,9bc4482343f7ed28b44b9319b09ff19b55a18cac47392ae5ffba13a1bbc7d262,t3,5,high,0.7475836277,0.2524163723,high,0.7371994853,0.007226807531
m3_discounted,17,2,88,9bc4482343f7ed28b44b9319b09ff19b55a18cac47392ae5ffba13a1bbc7d262,t5,9,high,0.7353797257,0.2646202743,high,1.247226596,0.02733771689
m3_discounted,17,2,88,9bc4482343f7ed28b44b9319b09ff19b55a18cac47392ae5ffba13a1bbc7d262,t10,19,high,0.6727005243,0.3272994757,high,3.171383381,0.07485482097
m3_discounted,17,2,88,9bc4482343f7ed28b44b9319b09ff19b55a18cac47392ae5ffba13a1bbc7d262,t20,39,high,0.6151332557,0.3848667443,high,7.176372528,0.1602904499
m3_discounted,17,2,88,9bc4482343f7ed28b44b9319b09ff19b55a18cac47392ae5ffba13a1bbc7d262,full,67,high,0.6078539789,0.3921460211,high,13.25021839,0.1989846528
m3_discounted,17,2,92,f2052231c80a312cdf52e119479c078cd5bcaf12bb92c3ed0366740e77e1ee5f,t3,4,low,0.7096693218,0.2903306782,high,1.16686058,0.00229882868
m3_discounted,17,2,92,f2052231c80a312cdf52e119479c078cd5bcaf12bb92c3ed0366740e77e1ee5f,t5,8,low,0.6771425009,0.3228574991,high,2.103876829,-0.01732870191
m3_discounted,17,2,92,f2052231c80a312cdf52e119479c078cd5bcaf12bb92c3ed0366740e77e1ee5f,full,12,low,0.6479130983,0.3520869017,high,3.087258101,-0.0169993639
m3_discounted,17,2,107,987ebbea8e2f88d7ae24bb995fb1683cfcf43e60da1c73db60f86e9c6f759ec0,t3,4,high,0.7461464703,0.2538535297,high,0.719042778,0.02485425398
m3_discounted,17,2,107,987ebbea8e2f88d7ae24bb995fb1683cfcf43e60da1c73db60f86e9c6f759ec0,t5,8,high,0.7159751654,0.2840248346,high,1.396743894,0.05388719961
m3_discounted,17,2,107,987ebbea8e2f88d7ae24bb995fb1683cfcf43e60da1c73db60f86e9c6f759ec0,full,16,high,0.6953107417,0.3046892583,high,2.661994696,0.07012467086
m3_discounted,17,2,113,43e3f532b331904b4b75e22e482cffcf7410e15e086662ebc1b0f2d324f2c640,t3,4,high,0.7071095407,0.2928904593,high,1.183919907,0.01830694824
m3_discounted,17,2,113,43e3f532b331904b4b75e22e482cffcf7410e15e086662ebc1b0f2d324f2c640,t5,8,high,0.7005187869,0.2994812131,high,1.810811996,0.009529414587
m3_discounted,17,2,113,43e3f532b331904b4b75e22e482cffcf7410e15e086662ebc1b0f2d324f2c640,t10,18,high,0.6501257122,0.3498742878,high,3.943584442,0.05455256999
m3_discounted,17,2,113,43e3f532b331904b4b75e22e482cffcf7410e15e086662ebc1b0f2d324f2c640,t20,38,high,0.6559689939,0.3440310061,high,7.668378353,0.1169435605
m3_discounted,17,2,113,43e3f532b331904b4b75e22e482cffcf7410e15e086662ebc1b0f2d324f2c640,full,48,high,0.6141615212,0.3858384788,high,10.0459547,0.1186215058
m3_discounted,17,2,120,6138bfa37d6d45417e27c6225b1b5c3d451845f9afd2be1af047243d1934f16d,t3,4,high,0.7086519897,0.2913480103,high,1.205692172,-0.01940853335
m3_discounted,17,2,120,6138bfa37d6d45417e27c6225b1b5c3d451845f9afd2be1af047243d1934f16d,t5,8,high,0.6740714312,0.3259285688,high,2.16975069,-0.03734701499
m3_discounted,17,2,120,6138bfa37d6d45417e27c6225b1b5c3d451845f9afd2be1af047243d1934f16d,t10,18,high,0.6237983704,0.3762016296,high,4.562713623,-0.05319350213
m3_discounted,17,2,120,6138bfa37d6d45417e27c6225b1b5c3d451845f9afd2be1af047243d1934f16d,full,30,high,0.5974378884,0.4025621116,high,7.494184971,-0.06240738928
m3_discounted,17,2,126,3d9bb96a31d14f722edff4380172cc0eda5a2e2aab8847223fead188adfe3bae,t3,4,low,0.7034468651,0.2965531349,high,1.208330989,0.02439587936
m3_discounted,17,2,126,3d9bb96a31d14f722edff4380172cc0eda5a2e2aab8847223fead188adfe3bae,t5,8,low,0.6682300866,0.3317699134,high,2.17780757,0.02829489484
m3_discounted,17,2,126,3d9bb96a31d14f722edff4380172cc0eda5a2e2aab8847223fead188adfe3bae,t10,17,low,0.6202723086,0.3797276914,high,4.377129555,0.04500304535
m3_discounted,17,2,126,3d9bb96a31d14f722edff4380172cc0eda5a2e2aab8847223fead188adfe3bae,t20,36,low,0.5921546519,0.4078453481,high,8.986011505,0.07181406766
m3_discounted,17,2,126,3d9bb96a31d14f722edff4380172cc0eda5a2e2aab8847223fead188adfe3bae,full,63,low,0.5851793885,0.4148206115,high,15.53326702,0.1450891793
m3_discounted,17,2,129,b43f9bef2ea9be7d5c83147f704d1ec9e88508b7c90558944b551a63d6646376,t3,5,high,0.7611299008,0.2388700992,high,0.6226491928,0.01151037682
m3_discounted,17,2,129,b43f9bef2ea9be7d5c83147f704d1ec9e88508b7c90558944b551a63d6646376,t5,9,high,0.7246066034,0.2753933966,high,1.339891195,0.02977918833
m3_discounted,17,2,129,b43f9bef2ea9be7d5c83147f704d1ec9e88508b7c90558944b551a63d6646376,t10,19,high,0.6800875366,0.3199124634,high,3.106309414,0.05754732341
m3_discounted,17,2,129,b43f9bef2ea9be7d5c83147f704d1ec9e88508b7c90558944b551a63d6646376,full,35,high,0.6375024617,0.3624975383,high,6.20930481,0.08010953665
m3_discounted,17,3,7,7fe3d6029ec1e666f41b728458a973e8e2e6924c09046427a23859dcc7b3d75a,t3,4,high,0.7930952162,0.2069047838,high,0.1216585487,0.01849913411
m3_discounted,17,3,7,7fe3d6029ec1e666f41b728458a973e8e2e6924c09046427a23859dcc7b3d75a,t5,8,high,0.8154679239,0.1845320761,high,-0.1398979276,0.01939532906
m3_discounted,17,3,7,7fe3d6029ec1e666f41b728458a973e8e2e6924c09046427a23859dcc7b3d75a,t10,18,high,0.8232135624,0.1767864376,high,-0.5989887714,0.06340966374
m3_discounted,17,3,7,7fe3d6029ec1e666f41b728458a973e8e2e6924c09046427a23859dcc7b3d75a,t20,38,high,0.7141092122,0.2858907878,high,2.318043947,0.1430885941
m3_discounted,17,3,7,7fe3d6029ec1e666f41b728458a973e8e2e6924c09046427a23859dcc7b3d75a,full,64,high,0.6734722853,0.3265277147,high,5.304856777,0.2452041954
m3_discounted,17,3,16,9ae9ab57ccb2a6caf3db84ad0a088385a92d25754e445de6f502929913bf21cd,t3,4,high,0.8307273537,0.1692726463,high,-0.4639713764,0.02188602649
m3_discounted,17,3,16,9ae9ab57ccb2a6caf3db84ad0a088385a92d25754e445de6f502929913bf21cd,t5,8,high,0.862845093,0.137154907,high,-1.311927319,0.03909544647
m3_discounted,17,3,16,9ae9ab57ccb2a6caf3db84ad0a088385a92d25754e445de6f502929913bf21cd,t10,18,high,0.8458244056,0.1541755944,high,-2.178910971,0.09569588304
m3_discounted,17,3,16,9ae9ab57ccb2a6caf3db84ad0a088385a92d25754e445de6f502929913bf21cd,full,22,high,0.8540005088,0.1459994912,high,-2.668219328,0.1135866344
m3_discounted,17,3,24,a4713e0a14bb0ef918e89ea267520b745394edf49df0b6e3b5925085b1fca54d,t3,4,high,0.8013811558,0.1986188442,high,-0.0638050288,0.02023348212
m3_discounted,17,3,24,a4713e0a14bb0ef918e89ea267520b745394edf49df0b6e3b5925085b1fca54d,t5,8,high,0.8021425456,0.1978574544,high,-0.143684864,0.03566696495
m3_discounted,17,3,24,a4713e0a14bb0ef918e89ea267520b745394edf49df0b6e3b5925085b1fca54d,t10,18,high,0.7283160686,0.2716839314,high,1.26729238,0.07411894202
m3_discounted,17,3,24,a4713e0a14bb0ef918e89ea267520b745394edf49df0b6e3b5925085b1fca54d,full,20,high,0.7020895481,0.2979104519,high,1.764386296,0.07144857943
m3_discounted,17,3,31,c06b9cd1fff25ad6609a4acc440947729eaae556a777669d2c7b83c20f9f8885,t3,4,high,0.7458212078,0.2541787922,high,0.6947332621,0.0001156935468
m3_discounted,17,3,31,c06b9cd1fff25ad6609a4acc440947729eaae556a777669d2c7b83c20f9f8885,t5,8,high,0.7049910724,0.2950089276,high,1.524424553,-0.006123921834
m3_discounted,17,3,31,c06b9cd1fff25ad6609a4acc440947729eaae556a777669d2c7b83c20f9f8885,t10,18,high,0.7494534254,0.2505465746,high,1.614332199,-0.004443299491
m3_discounted,17,3,31,c06b9cd1fff25ad6609a4acc440947729eaae556a777669d2c7b83c20f9f8885,t20,38,high,0.6842663288,0.3157336712,high,5.312646866,-0.006194983609
m3_discounted,17,3,31,c06b9cd1fff25ad6609a4acc440947729eaae556a777669d2c7b83c20f9f8885,full,54,high,0.649823308,0.350176692,high,7.896934032,-0.005372119136
m3_discounted,17,3,32,8def61f50369c2308d6acc3ec8575794a2970d0f6375eaa51ca8e7e37abccdfd,t3,4,low,0.7026756406,0.2973243594,high,1.183594346,0.002589396201
m3_discounted,17,3,32,8def61f50369c2308d6acc3ec8575794a2970d0f6375eaa51ca8e7e37abccdfd,t5,8,low,0.6916341186,0.3083658814,high,1.809117317,0.0003549221437
m3_discounted,17,3,32,8def61f50369c2308d6acc3ec8575794a2970d0f6375eaa51ca8e7e37abccdfd,full,10,low,0.6721224487,0.3278775513,high,2.30741334,-0.007955131121
m3_discounted,17,3,33,f76617e906c5e2b96661cf362ca553b76fbb23756e161cf3e0bc86585f03b1a8,t3,4,high,0.7470701933,0.2529298067,high,0.6802523732,0.04237476736
m3_discounted,17,3,33,f76617e906c5e2b96661cf362ca553b76fbb23756e161cf3e0bc86585f03b1a8,t5,8,high,0.7247851789,0.2752148211,high,1.283531189,0.0587217845
m3_discounted,17,3,33,f76617e906c5e2b96661cf362ca553b76fbb23756e161cf3e0bc86585f03b1a8,t10,18,high,0.7908572406,0.2091427594,high,0.8529882431,0.08718385547
m3_discounted,17,3,33,f76617e906c5e2b96661cf362ca553b76fbb23756e161cf3e0bc86585f03b1a8,t20,38,high,0.78544119,0.21455881,high,1.745896935,0.1448689699
m3_discounted,17,3,33,f76617e906c5e2b96661cf362ca553b76fbb23756e161cf3e0bc86585f03b1a8,full,76,high,0.7156596184,0.2843403816,high,4.111125946,0.2612714767
m3_discounted,17,3,35,9365283497184f82bb514f2ae669c6ec302a1cd4c49f1b9426e48aca0e39eedc,t3,4,high,0.7507666945,0.2492333055,high,0.5846741199,0.02383069694
m3_discounted,17,3,35,9365283497184f82bb514f2ae669c6ec302a1cd4c49f1b9426e48aca0e39eedc,t5,8,high,0.8223413974,0.1776586026,high,-0.2001886368,0.0280303359
m3_discounted,17,3,35,9365283497184f82bb514f2ae669c6ec302a1cd4c49f1b9426e48aca0e39eedc,t10,18,high,0.882028468,0.117971532,high,-2.152622461,0.03555347025
m3_discounted,17,3,35,9365283497184f82bb514f2ae669c6ec302a1cd4c49f1b9426e48aca0e39eedc,full,34,high,0.8929372132,0.1070627868,high,-4.42922163,0.06849812716
m3_discounted,17,3,37,9ae9ab57ccb2a6caf3db84ad0a088385a92d25754e445de6f502929913bf21cd,t3,4,high,0.7305386961,0.2694613039,high,0.8203938007,0.03858333081
m3_discounted,17,3,37,9ae9ab57ccb2a6caf3db84ad0a088385a92d25754e445de6f502929913bf21cd,t5,8,high,0.7436814904,0.2563185096,high,0.9878468513,0.05205275491
m3_discounted,17,3,37,9ae9ab57ccb2a6caf3db84ad0a088385a92d25754e445de6f502929913bf21cd,t10,18,high,0.8256168067,0.1743831933,high,0.06624779105,0.09137349576
m3_discounted,17,3,37,9ae9ab57ccb2a6caf3db84ad0a088385a92d25754e445de6f502929913bf21cd,t20,38,high,0.824396655,0.175603345,high,-0.7233322859,0.199587062
m3_discounted,17,3,37,9ae9ab57ccb2a6caf3db84ad0a088385a92d25754e445de6f502929913bf21cd,full,40,high,0.8436667919,0.1563332081,high,-1.145213008,0.2077605724
m3_discounted,17,3,42,c6f859e97a85d2be55de346ee03396c3284ef33ad2a850cbf47dcf6a86c54f6c,t3,5,high,0.8407476842,0.1592523158,high,-0.7728289962,0.003697777633
m3_discounted,17,3,42,c6f859e97a85d2be55de346ee03396c3284ef33ad2a850cbf47dcf6a86c54f6c,t5,9,high,0.8443236947,0.1556763053,high,-1.150631189,0.008979052305
m3_discounted,17,3,42,c6f859e97a85d2be55de346ee03396c3284ef33ad2a850cbf47dcf6a86c54f6c,full,13,high,0.8516591489,0.1483408511,high,-1.644654274,0.0251874309
m3_discounted,17,3,48,c6f859e97a85d2be55de346ee03396c3284ef33ad2a850cbf47dcf6a86c54f6c,t3,5,high,0.8372265548,0.1627734452,high,-0.7445175648,0.02706249058
m3_discounted,17,3,48,c6f859e97a85d2be55de346ee03396c3284ef33ad2a850cbf47dcf6a86c54f6c,t5,9,high,0.814152196,0.185847804,high,-0.6437357068,0.04486274719
m3_discounted,17,3,48,c6f859e97a85d2be55de346ee03396c3284ef33ad2a850cbf47dcf6a86c54f6c,t10,19,high,0.8352452368,0.1647547632,high,-1.202078342,0.07891296595
m3_discounted,17,3,48,c6f859e97a85d2be55de346ee03396c3284ef33ad2a850cbf47dcf6a86c54f6c,full,27,high,0.8567198068,0.1432801932,high,-2.311012268,0.09962359816
m3_discounted,17,3,52,5f94f96b5558bc44bec41fbfff63a95635edebf6436cf0d7b71bc93bc7e01771,t3,4,high,0.7014479041,0.2985520959,high,1.19021368,0.01803320833
m3_discounted,17,3,52,5f94f96b5558bc44bec41fbfff63a95635edebf6436cf0d7b71bc93bc7e01771,t5,8,high,0.6980343461,0.3019656539,high,1.704707026,0.03030946292
m3_discounted,17,3,52,5f94f96b5558bc44bec41fbfff63a95635edebf6436cf0d7b71bc93bc7e01771,t10,18,high,0.6382960081,0.3617039919,high,3.803153753,0.04641091451
m3_discounted,17,3,52,5f94f96b5558bc44bec41fbfff63a95635edebf6436cf0d7b71bc93bc7e01771,full,28,high,0.6072528362,0.3927471638,high,6.076114178,0.04858081043
m3_discounted,17,3,56,994bc72760dcfe7fa4dcb4204fd49276c86f3b5d7563bd03968bb98375e50059,t3,4,high,0.748018682,0.251981318,high,0.6473735571,0.0274400562
m3_discounted,17,3,56,994bc72760dcfe7fa4dcb4204fd49276c86f3b5d7563bd03968bb98375e50059,t5,8,high,0.7979326546,0.2020673454,high,0.2523566782,0.03639901802
m3_discounted,17,3,56,994bc72760dcfe7fa4dcb4204fd49276c86f3b5d7563bd03968bb98375e50059,t10,18,high,0.8450512886,0.1549487114,high,-0.7531681657,0.03705658764
m3_discounted,17,3,56,994bc72760dcfe7fa4dcb4204fd49276c86f3b5d7563bd03968bb98375e50059,t20,38,high,0.8454921097,0.1545078903,high,-2.120081425,0.1030505374
m3_discounted,17,3,56,994bc72760dcfe7fa4dcb4204fd49276c86f3b5d7563bd03968bb98375e50059,full,174,high,0.7528105229,0.2471894771,high,0.236366272,0.3298287094
m3_discounted,17,3,57,c7b0ae9d845b01af28904a49c113db9419434a3a9dc695cbcca773c7377fa099,t3,4,low,0.7207819223,0.2792180777,high,0.9579405785,0.00517549552
m3_discounted,17,3,57,c7b0ae9d845b01af28904a49c113db9419434a3a9dc695cbcca773c7377fa099,t5,8,low,0.6757768095,0.3242231905,high,1.949436545,0.0002529295161
m3_discounted,17,3,57,c7b0ae9d845b01af28904a49c113db9419434a3a9dc695cbcca773c7377fa099,t10,18,low,0.6274163127,0.3725836873,high,4.242785454,-0.01896863431
m3_discounted,17,3,57,c7b0ae9d845b01af28904a49c113db9419434a3a9dc695cbcca773c7377fa099,full,18,low,0.6274163127,0.3725836873,high,4.242785454,-0.01896863431
m3_discounted,17,3,60,1bde13dd287e1e51682c574ddf4bc7a1b95d777f9e1d189232f7bf3f72b39469,t3,5,high,0.8709245771,0.1290754229,high,-1.321034908,0.01658220962
m3_discounted,17,3,60,1bde13dd287e1e51682c574ddf4bc7a1b95d777f9e1d189232f7bf3f72b39469,t5,9,high,0.8859989047,0.1140010953,high,-2.203220367,0.01468514185
m3_discounted,17,3,60,1bde13dd287e1e51682c574ddf4bc7a1b95d777f9e1d189232f7bf3f72b39469,t10,19,high,0.8205428123,0.1794571877,high,-2.238255024,0.0237175636
m3_discounted,17,3,60,1bde13dd287e1e51682c574ddf4bc7a1b95d777f9e1d189232f7bf3f72b39469,t20,39,high,0.7211464047,0.2788535953,high,-0.6172806621,0.0433016941
m3_discounted,17,3,60,1bde13dd287e1e51682c574ddf4bc7a1b95d777f9e1d189232f7bf3f72b39469,full,93,high,0.7045164704,0.2954835296,high,2.610576391,0.05327312648
m3_discounted,17,3,64,d6e67deba46d308b643a1107909d71a35621984b374efe6ed5b28181298c665a,t3,4,high,0.7341261208,0.2658738792,high,0.8532648683,0.02433811128
m3_discounted,17,3,64,d6e67deba46d308b643a1107909d71a35621984b374efe6ed5b28181298c665a,t5,8,high,0.7562057525,0.2437942475,high,0.935131669,0.04091133922
m3_discounted,17,3,64,d6e67deba46d308b643a1107909d71a35621984b374efe6ed5b28181298c665a,t10,18,high,0.7112993896,0.2887006104,high,2.326710701,0.09351615608
m3_discounted,17,3,64,d6e67deba46d308b643a1107909d71a35621984b374efe6ed5b28181298c665a,t20,38,high,0.8271850497,0.1728149503,high,1.189556599,0.1801601052
m3_discounted,17,3,64,d6e67deba46d308b643a1107909d71a35621984b374efe6ed5b28181298c665a,full,260,high,0.8307271898,0.1692728102,high,-9.800840378,0.7168721557
m3_discounted,17,3,72,8a19d0092e222e0168b0240040c7abec5af97377d5f1b3c74d02604cebab64d6,t3,4,low,0.8160439581,0.1839560419,high,-0.1661921591,-0.00548361009
m3_discounted,17,3,72,8a19d0092e222e0168b0240040c7abec5af97377d5f1b3c74d02604cebab64d6,t5,8,low,0.8108166009,0.1891833991,high,-0.1929965913,-0.002607218921
m3_discounted,17,3,72,8a19d0092e222e0168b0240040c7abec5af97377d5f1b3c74d02604cebab64d6,t10,18,low,0.8611022532,0.1388977468,high,-1.885389566,-0.009298613295
m3_discounted,17,3,72,8a19d0092e222e0168b0240040c7abec5af97377d5f1b3c74d02604cebab64d6,full,30,low,0.7723694891,0.2276305109,high,-1.045120478,0.04021379352
m3_discounted,17,3,83,9ae9ab57ccb2a6caf3db84ad0a088385a92d25754e445de6f502929913bf21cd,t3,4,high,0.7598894686,0.2401105314,high,0.520463407,0.02165988646
m3_discounted,17,3,83,9ae9ab57ccb2a6caf3db84ad0a088385a92d25754e445de6f502929913bf21cd,t5,8,high,0.7340531051,0.2659468949,high,1.075076699,0.04156338423
m3_discounted,17,3,83,9ae9ab57ccb2a6caf3db84ad0a088385a92d25754e445de6f502929913bf21cd,t10,18,high,0.7812800407,0.2187199593,high,1.021033645,0.09799017012
m3_discounted,17,3,83,9ae9ab57ccb2a6caf3db84ad0a088385a92d25754e445de6f502929913bf21cd,t20,38,high,0.7123532295,0.2876467705,high,2.751403332,0.1742281616
m3_discounted,17,3,83,9ae9ab57ccb2a6caf3db84ad0a088385a92d25754e445de6f502929913bf21cd,full,126,high,0.8187792897,0.1812207103,high,6.734642029,0.5982335806
m3_discounted,17,3,86,1eedaddcb6cc7541fe6072dba97705385a99667255dae60b62dce68c593bc746,t3,5,high,0.8655049801,0.1344950199,high,-1.221235037,-0.001028674887
m3_discounted,17,3,86,1eedaddcb6cc7541fe6072dba97705385a99667255dae60b62dce68c593bc746,t5,9,high,0.8737426102,0.1262573898,high,-1.863488913,-0.003782887012
m3_discounted,17,3,86,1eedaddcb6cc7541fe6072dba97705385a99667255dae60b62dce68c593bc746,t10,19,high,0.8446732908,0.1553267092,high,-2.543174028,-0.008734529838
m3_discounted,17,3,86,1eedaddcb6cc7541fe6072dba97705385a99667255dae60b62dce68c593bc746,t20,39,high,0.884591192,0.115408808,high,-5.85953331,-0.01983453147
m3_discounted,17,3,86,1eedaddcb6cc7541fe6072dba97705385a99667255dae60b62dce68c593bc746,full,39,high,0.884591192,0.115408808,high,-5.85953331,-0.01983453147
m3_discounted,17,3,95,3196e70c78ec00c569890feff5903b9fd6de1c082f2dcc65de331a676356154b,t3,4,high,0.8431644887,0.1568355113,high,-0.5936374068,0.01197431609
m3_discounted,17,3,95,3196e70c78ec00c569890feff5903b9fd6de1c082f2dcc65de331a676356154b,t5,8,high,0.8751168922,0.1248831078,high,-1.553439617,0.009717871435
m3_discounted,17,3,95,3196e70c78ec00c569890feff5903b9fd6de1c082f2dcc65de331a676356154b,t10,18,high,0.8838359639,0.1161640361,high,-3.047754526,0.01422584336
m3_discounted,17,3,95,3196e70c78ec00c569890feff5903b9fd6de1c082f2dcc65de331a676356154b,full,34,high,0.7940890044,0.2059109956,high,-3.062538147,0.06537235528
m3_discounted,17,3,99,ead3029c1627ceed0bb1941b02d180790ac40d9339381ab591d89b54e95afa5d,t3,4,high,0.7189339697,0.2810660303,high,0.9950424433,0.01926608197
m3_discounted,17,3,99,ead3029c1627ceed0bb1941b02d180790ac40d9339381ab591d89b54e95afa5d,t5,8,high,0.6820088923,0.3179911077,high,1.884124994,0.02521108463
m3_discounted,17,3,99,ead3029c1627ceed0bb1941b02d180790ac40d9339381ab591d89b54e95afa5d,t10,18,high,0.6689618528,0.3310381472,high,3.220048189,0.04681354016
m3_discounted,17,3,99,ead3029c1627ceed0bb1941b02d180790ac40d9339381ab591d89b54e95afa5d,full,32,high,0.6579622924,0.3420377076,high,5.478757858,0.07767388225
m3_discounted,17,3,105,cbe435389c7fde7dbf7f3f0b08fa24b91bd68569ba4a59eda4fcca3b686eaf60,t3,4,high,0.8041159362,0.1958840638,high,-0.07714041322,0.03587636352
m3_discounted,17,3,105,cbe435389c7fde7dbf7f3f0b08fa24b91bd68569ba4a59eda4fcca3b686eaf60,t5,8,high,0.8128196299,0.1871803701,high,-0.2539685369,0.06146380678
m3_discounted,17,3,105,cbe435389c7fde7dbf7f3f0b08fa24b91bd68569ba4a59eda4fcca3b686eaf60,t10,18,high,0.8178257644,0.1821742356,high,-0.5271865726,0.1111900806
m3_discounted,17,3,105,cbe435389c7fde7dbf7f3f0b08fa24b91bd68569ba4a59eda4fcca3b686eaf60,t20,38,high,0.8259927779,0.1740072221,high,-2.548486233,0.1630752683
m3_discounted,17,3,105,cbe435389c7fde7dbf7f3f0b08fa24b91bd68569ba4a59eda4fcca3b686eaf60,full,48,high,0.8302817345,0.1697182655,high,-3.175868511,0.188531667
m3_discounted,17,3,110,7664ea81b7e714b0d5433004c1fca3512bd7bdabfbe3dd63273d79180fe6d6fa,t3,4,high,0.7880881429,0.2119118571,high,0.130429104,0.02190543339
m3_discounted,17,3,110,7664ea81b7e714b0d5433004c1fca3512bd7bdabfbe3dd63273d79180fe6d6fa,t5,8,high,0.7814295292,0.2185704708,high,0.2355079204,0.04707822949
m3_discounted,17,3,110,7664ea81b7e714b0d5433004c1fca3512bd7bdabfbe3dd63273d79180fe6d6fa,t10,18,high,0.8525674492,0.1474325508,high,-1.007180452,0.1010525674
m3_discounted,17,3,110,7664ea81b7e714b0d5433004c1fca3512bd7bdabfbe3dd63273d79180fe6d6fa,t20,38,high,0.8650483042,0.1349516958,high,-3.04627347,0.1940139681
m3_discounted,17,3,110,7664ea81b7e714b0d5433004c1fca3512bd7bdabfbe3dd63273d79180fe6d6fa,full,100,high,0.8936285675,0.1063714325,high,-12.47795773,0.3880660236
m3_discounted,17,3,114,8def61f50369c2308d6acc3ec8575794a2970d0f6375eaa51ca8e7e37abccdfd,t3,4,high,0.7766461372,0.2233538628,high,0.3336096704,-0.005681616254
m3_discounted,17,3,114,8def61f50369c2308d6acc3ec8575794a2970d0f6375eaa51ca8e7e37abccdfd,t5,8,high,0.7742932886,0.2257067114,high,0.4360123575,0.01731215045
m3_discounted,17,3,114,8def61f50369c2308d6acc3ec8575794a2970d0f6375eaa51ca8e7e37abccdfd,t10,18,high,0.7564990819,0.2435009181,high,0.9665288329,0.08907740563
m3_discounted,17,3,114,8def61f50369c2308d6acc3ec8575794a2970d0f6375eaa51ca8e7e37abccdfd,full,22,high,0.7680076212,0.2319923788,high,0.9739080071,0.09846805781
m3_discounted,17,3,117,b2f1766eb28ea153bd66a13147bee8bb6a783a480a2a5415efd24621d784865e,t3,4,high,0.7928141356,0.2071858644,high,0.05367234349,0.03949718177
m3_discounted,17,3,117,b2f1766eb28ea153bd66a13147bee8bb6a783a480a2a5415efd24621d784865e,t5,8,high,0.8316420913,0.1683579087,high,-0.5379686356,0.05606811121
m3_discounted,17,3,117,b2f1766eb28ea153bd66a13147bee8bb6a783a480a2a5415efd24621d784865e,t10,18,high,0.8410878927,0.1589121073,high,-1.407857895,0.0777240023
m3_discounted,17,3,117,b2f1766eb28ea153bd66a13147bee8bb6a783a480a2a5415efd24621d784865e,t20,38,high,0.8516054451,0.1483945549,high,-3.097777843,0.1599281281
m3_discounted,17,3,117,b2f1766eb28ea153bd66a13147bee8bb6a783a480a2a5415efd24621d784865e,full,92,high,0.8233847916,0.1766152084,high,-7.323886395,0.3173978925
m3_discounted,17,3,125,274c2b3cb88d91281fac0ca18e5fa0decdb86ce5b51d6bb1e988f442e09ee829,t3,5,high,0.8537327498,0.1462672502,high,-0.9937249422,0.01080828346
m3_discounted,17,3,125,274c2b3cb88d91281fac0ca18e5fa0decdb86ce5b51d6bb1e988f442e09ee829,full,5,high,0.8537327498,0.1462672502,high,-0.9937249422,0.01080828346
m3_discounted,17,3,128,6f2a5802d3ab371a696939846b2162129bfa30f9a0e371d8fe476564da770b8b,t3,5,high,0.7589382231,0.2410617769,high,0.4540992975,0.001080861315
m3_discounted,17,3,128,6f2a5802d3ab371a696939846b2162129bfa30f9a0e371d8fe476564da770b8b,t5,9,high,0.7306234539,0.2693765461,high,1.015825987,0.00739995297
m3_discounted,17,3,128,6f2a5802d3ab371a696939846b2162129bfa30f9a0e371d8fe476564da770b8b,t10,19,high,0.8117104471,0.1882895529,high,0.8734964728,0.008533893153
m3_discounted,17,3,128,6f2a5802d3ab371a696939846b2162129bfa30f9a0e371d8fe476564da770b8b,full,33,high,0.7120295763,0.2879704237,high,2.701020241,0.02612137608
m3_discounted,17,3,130,957962b55a53a08db5f378e511817642230cbd4d6d1cf4d43dd6a4b63131ccc1,t3,5,low,0.7411444783,0.2588555217,high,0.7663524747,-0.01614814997
m3_discounted,17,3,130,957962b55a53a08db5f378e511817642230cbd4d6d1cf4d43dd6a4b63131ccc1,t5,9,low,0.7144405246,0.2855594754,high,1.439548016,-0.01496460941
m3_discounted,17,3,130,957962b55a53a08db5f378e511817642230cbd4d6d1cf4d43dd6a4b63131ccc1,t10,19,low,0.7164505422,0.2835494578,high,2.565119028,-0.01566293836
m3_discounted,17,3,130,957962b55a53a08db5f378e511817642230cbd4d6d1cf4d43dd6a4b63131ccc1,full,21,low,0.6988154054,0.3011845946,high,2.976896763,-0.006672271527
m3_discounted,17,3,133,0db9538e9215952f48324bd5b01c66c9eb8ea9adc87245da9db1df8c42a6ab8c,t3,4,high,0.7413977683,0.2586022317,high,0.7223821282,0.0004427763633
m3_discounted,17,3,133,0db9538e9215952f48324bd5b01c66c9eb8ea9adc87245da9db1df8c42a6ab8c,t5,8,high,0.7717273086,0.2282726914,high,0.6292178035,0.0114736082
m3_discounted,17,3,133,0db9538e9215952f48324bd5b01c66c9eb8ea9adc87245da9db1df8c42a6ab8c,t10,18,high,0.8138879687,0.1861120313,high,0.02831629664,0.04556907713
m3_discounted,17,3,133,0db9538e9215952f48324bd5b01c66c9eb8ea9adc87245da9db1df8c42a6ab8c,t20,38,high,0.7859157473,0.2140842527,high,-0.166600123,0.1478469968
m3_discounted,17,3,133,0db9538e9215952f48324bd5b01c66c9eb8ea9adc87245da9db1df8c42a6ab8c,full,380,high,0.843729645,0.156270355,high,-4.74521637,0.9598852992
m3_discounted,17,4,0,0975c479310c006373f337dd0ad7a1b5438b2d205e3489d9920c6e86e5fdbc46,t3,4,high,0.6839455664,0.3160544336,high,1.240104675,-0.008963771164
m3_discounted,17,4,0,0975c479310c006373f337dd0ad7a1b5438b2d205e3489d9920c6e86e5fdbc46,t5,8,high,0.6849787533,0.3150212467,high,1.761142015,-0.01862423122
m3_discounted,17,4,0,0975c479310c006373f337dd0ad7a1b5438b2d205e3489d9920c6e86e5fdbc46,t10,18,high,0.6068152189,0.3931847811,high,4.174982548,0.01940535568
m3_discounted,17,4,0,0975c479310c006373f337dd0ad7a1b5438b2d205e3489d9920c6e86e5fdbc46,t20,38,high,0.7886186391,0.2113813609,high,3.680398941,0.07837953418
m3_discounted,17,4,0,0975c479310c006373f337dd0ad7a1b5438b2d205e3489d9920c6e86e5fdbc46,full,52,high,0.7770141959,0.2229858041,high,3.6262393,0.1203613728
m3_discounted,17,4,1,d824fbb44e854e98bdec49929ed132bd2f214eb9a16c2247f40b049e74673714,t3,4,high,0.6969484985,0.3030515015,high,1.09805727,0.01314599626
m3_discounted,17,4,1,d824fbb44e854e98bdec49929ed132bd2f214eb9a16c2247f40b049e74673714,t5,8,high,0.6639437079,0.3360562921,high,1.966533065,0.02213061228
m3_discounted,17,4,1,d824fbb44e854e98bdec49929ed132bd2f214eb9a16c2247f40b049e74673714,t10,18,high,0.7519716918,0.2480283082,high,2.248708487,0.02120302618
m3_discounted,17,4,1,d824fbb44e854e98bdec49929ed132bd2f214eb9a16c2247f40b049e74673714,full,36,high,0.6603106856,0.3396893144,high,4.901371002,0.09018695354
m3_discounted,17,4,3,e660b6010195823ff8abb7f5ac22b3e84ad23e55b4bfe23f84e74aa932c77d9a,t3,5,high,0.8339701742,0.1660298258,high,-0.8505553603,0.02544797584
m3_discounted,17,4,3,e660b6010195823ff8abb7f5ac22b3e84ad23e55b4bfe23f84e74aa932c77d9a,t5,9,high,0.8113453686,0.1886546314,high,-0.8463400006,0.05324854329
m3_discounted,17,4,3,e660b6010195823ff8abb7f5ac22b3e84ad23e55b4bfe23f84e74aa932c77d9a,full,15,high,0.7839697003,0.2160302997,high,-0.5896875858,0.07142820954
m3_discounted,17,4,6,384b0ba2da0f7a1aaf92176857f6b862b243c54a44b1a60ad1512e22fb6d4f57,t3,4,high,0.8105894476,0.1894105524,high,-0.3464849591,0.01353410818
m3_discounted,17,4,6,384b0ba2da0f7a1aaf92176857f6b862b243c54a44b1a60ad1512e22fb6d4f57,t5,8,high,0.7872228175,0.2127771825,high,-0.1703507155,0.03213601559
m3_discounted,17,4,6,384b0ba2da0f7a1aaf92176857f6b862b243c54a44b1a60ad1512e22fb6d4f57,t10,18,high,0.7804012001,0.2195987999,high,-0.2624095678,0.06055054441
m3_discounted,17,4,6,384b0ba2da0f7a1aaf92176857f6b862b243c54a44b1a60ad1512e22fb6d4f57,t20,38,high,0.794626087,0.205373913,high,0.7571489811,0.09814884514
m3_discounted,17,4,6,384b0ba2da0f7a1aaf92176857f6b862b243c54a44b1a60ad1512e22fb6d4f57,full,52,high,0.7589010596,0.2410989404,high,0.8889911771,0.1427426338
m3_discounted,17,4,9,bd6bdeca4d4d58b93dcd52052f780fcb2ab8a2a77ef89be9ded9271136bf1260,t3,4,low,0.6865550578,0.3134449422,high,1.180781364,0.01559652854
m3_discounted,17,4,9,bd6bdeca4d4d58b93dcd52052f780fcb2ab8a2a77ef89be9ded9271136bf1260,t5,8,low,0.6802917123,0.3197082877,high,1.730733037,0.0265475288
m3_discounted,17,4,9,bd6bdeca4d4d58b93dcd52052f780fcb2ab8a2a77ef89be9ded9271136bf1260,t10,18,low,0.6364774406,0.3635225594,high,3.598035812,0.05344185978
m3_discounted,17,4,9,bd6bdeca4d4d58b93dcd52052f780fcb2ab8a2a77ef89be9ded9271136bf1260,full,26,low,0.6455658674,0.3544341326,high,4.807736874,0.06459426135
m3_discounted,17,4,12,d751de9a9d281b7d8f3a57160f2880d8a6bb4d189690de0f7d7f2b033ad650a4,t3,4,high,0.7101273835,0.2898726165,high,0.9554898739,0.022870766
m3_discounted,17,4,12,d751de9a9d281b7d8f3a57160f2880d8a6bb4d189690de0f7d7f2b033ad650a4,t5,8,high,0.7065775692,0.2934224308,high,1.436052084,0.04168285429
m3_discounted,17,4,12,d751de9a9d281b7d8f3a57160f2880d8a6bb4d189690de0f7d7f2b033ad650a4,t10,16,high,0.7191874087,0.2808125913,high,1.798967361,0.07034812868
m3_discounted,17,4,12,d751de9a9d281b7d8f3a57160f2880d8a6bb4d189690de0f7d7f2b033ad650a4,t20,36,high,0.6941453218,0.3058546782,high,4.175428391,0.1420292407
m3_discounted,17,4,12,d751de9a9d281b7d8f3a57160f2880d8a6bb4d189690de0f7d7f2b033ad650a4,full,50,high,0.6344180107,0.3655819893,high,7.204256535,0.1518785506
m3_discounted,17,4,19,e660b6010195823ff8abb7f5ac22b3e84ad23e55b4bfe23f84e74aa932c77d9a,t3,4,high,0.8337523341,0.1662476659,high,-0.790365696,0.02534630895
m3_discounted,17,4,19,e660b6010195823ff8abb7f5ac22b3e84ad23e55b4bfe23f84e74aa932c77d9a,t5,8,high,0.8468457609,0.1531542391,high,-1.380360723,0.0253374204
m3_discounted,17,4,19,e660b6010195823ff8abb7f5ac22b3e84ad23e55b4bfe23f84e74aa932c77d9a,full,16,high,0.8336957395,0.1663042605,high,-2.083282709,0.05491133779
m3_discounted,17,4,23,56c65c573eb4b7bbca1e8a62ea910f474527ca7cc22d0832f7b8985143579c47,t3,4,high,0.8209735453,0.1790264547,high,-0.5431066751,0.01886706054
m3_discounted,17,4,23,56c65c573eb4b7bbca1e8a62ea910f474527ca7cc22d0832f7b8985143579c47,t5,8,high,0.8315353692,0.1684646308,high,-0.9380413294,0.03523156419
m3_discounted,17,4,23,56c65c573eb4b7bbca1e8a62ea910f474527ca7cc22d0832f7b8985143579c47,t10,18,high,0.7938466519,0.2061533481,high,-0.8585255146,0.09035474807
m3_discounted,17,4,23,56c65c573eb4b7bbca1e8a62ea910f474527ca7cc22d0832f7b8985143579c47,t20,38,high,0.8145228177,0.1854771823,high,-2.711061001,0.1482997239
m3_discounted,17,4,23,56c65c573eb4b7bbca1e8a62ea910f474527ca7cc22d0832f7b8985143579c47,full,78,high,0.8281738162,0.1718261838,high,-6.002029896,0.323420316
m3_discounted,17,4,30,0b66f0012a6499ae22a3ba3ea556348c4d65f1f039265ec21e4ad82aba2b5dab,t3,4,high,0.8000745773,0.1999254227,high,-0.1535502672,0.01473041065
m3_discounted,17,4,30,0b66f0012a6499ae22a3ba3ea556348c4d65f1f039265ec21e4ad82aba2b5dab,t5,8,high,0.7879455984,0.2120544016,high,-0.1273165345,0.04344393313
m3_discounted,17,4,30,0b66f0012a6499ae22a3ba3ea556348c4d65f1f039265ec21e4ad82aba2b5dab,t10,18,high,0.7676556706,0.2323443294,high,0.2983413935,0.03798988089
m3_discounted,17,4,30,0b66f0012a6499ae22a3ba3ea556348c4d65f1f039265ec21e4ad82aba2b5dab,full,28,high,0.7741779536,0.2258220464,high,0.2025034577,0.0712916553
m3_discounted,17,4,39,ba4f78fc596e7483b05f73b0a4f0c57215df572dab1d75cba29cf1873022b267,t3,4,high,0.7960487604,0.2039512396,high,-0.2347844839,0.03495912626
m3_discounted,17,4,39,ba4f78fc596e7483b05f73b0a4f0c57215df572dab1d75cba29cf1873022b267,t5,8,high,0.7958022803,0.2041977197,high,-0.2461882681,0.04133232683
m3_discounted,17,4,39,ba4f78fc596e7483b05f73b0a4f0c57215df572dab1d75cba29cf1873022b267,t10,18,high,0.7613032758,0.2386967242,high,0.1978707761,0.0663638711
m3_discounted,17,4,39,ba4f78fc596e7483b05f73b0a4f0c57215df572dab1d75cba29cf1873022b267,t20,38,high,0.6694465578,0.3305534422,high,3.249966145,0.1382233202
m3_discounted,17,4,39,ba4f78fc596e7483b05f73b0a4f0c57215df572dab1d75cba29cf1873022b267,full,71,high,0.7563712746,0.2436287254,high,3.667223454,0.2019985467
m3_discounted,17,4,40,e660b6010195823ff8abb7f5ac22b3e84ad23e55b4bfe23f84e74aa932c77d9a,t3,5,high,0.7710307539,0.2289692461,high,0.1455955356,0.02213548869
m3_discounted,17,4,40,e660b6010195823ff8abb7f5ac22b3e84ad23e55b4bfe23f84e74aa932c77d9a,t5,9,high,0.7437620461,0.2562379539,high,0.5503483415,0.04136042297
m3_discounted,17,4,40,e660b6010195823ff8abb7f5ac22b3e84ad23e55b4bfe23f84e74aa932c77d9a,t10,19,high,0.7963661253,0.2036338747,high,0.3500458002,0.0774307102
m3_discounted,17,4,40,e660b6010195823ff8abb7f5ac22b3e84ad23e55b4bfe23f84e74aa932c77d9a,full,19,high,0.7963661253,0.2036338747,high,0.3500458002,0.0774307102
m3_discounted,17,4,41,298f1741927a10b95fab08a2419835f2d89a49ade874c77e541bf480e574fcca,t3,4,high,0.7452021539,0.2547978461,high,0.5148656964,0.03433193266
m3_discounted,17,4,41,298f1741927a10b95fab08a2419835f2d89a49ade874c77e541bf480e574fcca,t5,8,high,0.750537768,0.249462232,high,0.7451351881,0.04711852223
m3_discounted,17,4,41,298f1741927a10b95fab08a2419835f2d89a49ade874c77e541bf480e574fcca,t10,18,high,0.7103374898,0.2896625102,high,2.021479607,0.1049999818
m3_discounted,17,4,41,298f1741927a10b95fab08a2419835f2d89a49ade874c77e541bf480e574fcca,t20,39,high,0.8286277652,0.1713722348,high,0.8062820435,0.2079284638
m3_discounted,17,4,41,298f1741927a10b95fab08a2419835f2d89a49ade874c77e541bf480e574fcca,full,83,high,0.8184434325,0.1815565675,high,-1.505180001,0.3471324146
m3_discounted,17,4,45,256a5ceb1fe87b9f23a66a55206039faf214b9b926fbe72aba2fd158983b62bf,t3,4,high,0.7702861279,0.2297138721,high,0.1587941796,0.01594953798
m3_discounted,17,4,45,256a5ceb1fe87b9f23a66a55206039faf214b9b926fbe72aba2fd158983b62bf,t5,8,high,0.8247340471,0.1752659529,high,-0.560883522,0.02220471203
m3_discounted,17,4,45,256a5ceb1fe87b9f23a66a55206039faf214b9b926fbe72aba2fd158983b62bf,t10,18,high,0.8191605806,0.1808394194,high,-1.038440228,0.02791699208
m3_discounted,17,4,45,256a5ceb1fe87b9f23a66a55206039faf214b9b926fbe72aba2fd158983b62bf,t20,38,high,0.8379199356,0.1620800644,high,-3.264377594,0.06397816539
m3_discounted,17,4,45,256a5ceb1fe87b9f23a66a55206039faf214b9b926fbe72aba2fd158983b62bf,full,50,high,0.7590526193,0.2409473807,high,-2.205328941,0.1048068404
m3_discounted,17,4,50,e660b6010195823ff8abb7f5ac22b3e84ad23e55b4bfe23f84e74aa932c77d9a,t3,5,high,0.6761904061,0.3238095939,high,1.418400168,0.0197516419
m3_discounted,17,4,50,e660b6010195823ff8abb7f5ac22b3e84ad23e55b4bfe23f84e74aa932c77d9a,t5,9,high,0.7237336338,0.2762663662,high,1.474241972,0.01777292415
m3_discounted,17,4,50,e660b6010195823ff8abb7f5ac22b3e84ad23e55b4bfe23f84e74aa932c77d9a,t10,19,high,0.7138353586,0.2861646414,high,2.168479681,0.07493969798
m3_discounted,17,4,50,e660b6010195823ff8abb7f5ac22b3e84ad23e55b4bfe23f84e74aa932c77d9a,t20,39,high,0.7637194842,0.2362805158,high,2.946745634,0.1494647861
m3_discounted,17,4,50,e660b6010195823ff8abb7f5ac22b3e84ad23e55b4bfe23f84e74aa932c77d9a,full,49,high,0.6514377296,0.3485622704,high,5.009069443,0.1934442371
m3_discounted,17,4,58,952764ee08a98895af51812c4985a51b674914b70701d789dc4ff497ab2cd741,t3,4,high,0.717702955,0.282297045,high,0.7981436253,0.03520604968
m3_discounted,17,4,58,952764ee08a98895af51812c4985a51b674914b70701d789dc4ff497ab2cd741,t5,8,high,0.7266740203,0.2733259797,high,1.065956235,0.05041055009
m3_discounted,17,4,58,952764ee08a98895af51812c4985a51b674914b70701d789dc4ff497ab2cd741,t10,18,high,0.7903248966,0.2096751034,high,0.5570567846,0.09652530402
m3_discounted,17,4,58,952764ee08a98895af51812c4985a51b674914b70701d789dc4ff497ab2cd741,t20,38,high,0.7542647123,0.2457352877,high,-0.3906402588,0.1576425582
m3_discounted,17,4,58,952764ee08a98895af51812c4985a51b674914b70701d789dc4ff497ab2cd741,full,99,high,0.7554899901,0.2445100099,high,2.404248953,0.3597753048
m3_discounted,17,4,59,57e7316fb6c2aea7f22af2debf992411f162fb23b99f26e20ca9917a22800b28,t3,4,low,0.7601811141,0.2398188859,high,0.2266020626,-0.004627022427
m3_discounted,17,4,59,57e7316fb6c2aea7f22af2debf992411f162fb23b99f26e20ca9917a22800b28,full,4,low,0.7601811141,0.2398188859,high,0.2266020626,-0.004627022427
m3_discounted,17,4,62,f8e9ffc7e0ffb6235d54b1268168a35dda2087b04f0eb23655d9033041e4895d,t3,4,high,0.8074479103,0.1925520897,high,-0.4049161673,0.04152584448
m3_discounted,17,4,62,f8e9ffc7e0ffb6235d54b1268168a35dda2087b04f0eb23655d9033041e4895d,t5,8,high,0.8180852532,0.1819147468,high,-0.7827464342,0.05827972293
m3_discounted,17,4,62,f8e9ffc7e0ffb6235d54b1268168a35dda2087b04f0eb23655d9033041e4895d,t10,17,high,0.7875034958,0.2124965042,high,-0.9501752853,0.06909135729
m3_discounted,17,4,62,f8e9ffc7e0ffb6235d54b1268168a35dda2087b04f0eb23655d9033041e4895d,t20,37,high,0.7047340572,0.2952659428,high,1.311909914,0.03850878775
m3_discounted,17,4,62,f8e9ffc7e0ffb6235d54b1268168a35dda2087b04f0eb23655d9033041e4895d,full,45,high,0.6432958245,0.3567041755,high,3.061939955,0.0646931529
m3_discounted,17,4,68,86e764296ae0d3f82d5181fcf23d71b68aa16bec297d30d24b66814a0222bec9,t3,4,high,0.8158115447,0.1841884553,high,-0.475129962,0.007659694646
m3_discounted,17,4,68,86e764296ae0d3f82d5181fcf23d71b68aa16bec297d30d24b66814a0222bec9,t5,8,high,0.7386578918,0.2613421082,high,0.4116222858,0.03677313775
m3_discounted,17,4,68,86e764296ae0d3f82d5181fcf23d71b68aa16bec297d30d24b66814a0222bec9,t10,18,high,0.7435118258,0.2564881742,high,1.102035165,0.0821576789
m3_discounted,17,4,68,86e764296ae0d3f82d5181fcf23d71b68aa16bec297d30d24b66814a0222bec9,t20,38,high,0.6324724555,0.3675275445,high,4.343408585,0.1977128237
m3_discounted,17,4,68,86e764296ae0d3f82d5181fcf23d71b68aa16bec297d30d24b66814a0222bec9,full,203,high,0.6585472524,0.3414527476,high,18.9882164,0.8431600332
m3_discounted,17,4,73,e553658a13d5730f215fe7abaa4ffcafffebacc2a2c811523c5848785b07feb6,t3,5,high,0.7061320245,0.2938679755,high,1.002256513,0.008785951883
m3_discounted,17,4,73,e553658a13d5730f215fe7abaa4ffcafffebacc2a2c811523c5848785b07feb6,t5,9,high,0.6951952577,0.3048047423,high,1.529793262,0.01735154726
m3_discounted,17,4,73,e553658a13d5730f215fe7abaa4ffcafffebacc2a2c811523c5848785b07feb6,t10,19,high,0.7339070737,0.2660929263,high,2.021893263,0.02264579572
m3_discounted,17,4,73,e553658a13d5730f215fe7abaa4ffcafffebacc2a2c811523c5848785b07feb6,full,25,high,0.8020765185,0.1979234815,high,1.32366097,0.02230656892
m3_discounted,17,4,89,a66012a80d34bfaefbf35c783b0cb519be49ffe11837f13fda441b6fe3ddf21a,t3,4,high,0.8172388226,0.1827611774,high,-0.5309361219,0.03972387314
m3_discounted,17,4,89,a66012a80d34bfaefbf35c783b0cb519be49ffe11837f13fda441b6fe3ddf21a,t5,8,high,0.8008315861,0.1991684139,high,-0.5385473967,0.06509159505
m3_discounted,17,4,89,a66012a80d34bfaefbf35c783b0cb519be49ffe11837f13fda441b6fe3ddf21a,t10,18,high,0.7800731808,0.2199268192,high,-0.4786776006,0.1273606867
m3_discounted,17,4,89,a66012a80d34bfaefbf35c783b0cb519be49ffe11837f13fda441b6fe3ddf21a,t20,38,high,0.6982601285,0.3017398715,high,1.381065249,0.2517169416
m3_discounted,17,4,89,a66012a80d34bfaefbf35c783b0cb519be49ffe11837f13fda441b6fe3ddf21a,full,44,high,0.7268093228,0.2731906772,high,1.524521589,0.2857734561
m3_discounted,17,4,98,5223588a92753ef83373d79e22184bdfc746798fd2eec43f6e0d811eb386d59c,t3,4,high,0.7780917287,0.2219082713,high,0.04335810244,0.008435593918
m3_discounted,17,4,98,5223588a92753ef83373d79e22184bdfc746798fd2eec43f6e0d811eb386d59c,t5,8,high,0.7119795978,0.2880204022,high,0.9660278559,0.02100693248
m3_discounted,17,4,98,5223588a92753ef83373d79e22184bdfc746798fd2eec43f6e0d811eb386d59c,t10,18,high,0.6903219223,0.3096780777,high,2.481651068,0.07234142721
m3_discounted,17,4,98,5223588a92753ef83373d79e22184bdfc746798fd2eec43f6e0d811eb386d59c,t20,38,high,0.6085796654,0.3914203346,high,6.515472889,0.1131570935
m3_discounted,17,4,98,5223588a92753ef83373d79e22184bdfc746798fd2eec43f6e0d811eb386d59c,full,393,high,0.6130930185,0.3869069815,high,52.91215897,1.426405907
m3_discounted,17,4,100,bdb51e8336d8c2a0de850780446afe2818d0b4eeee21137a9bc817eff040e3c0,t3,4,high,0.8435933143,0.1564066857,high,-0.9151059985,0.03202102333
m3_discounted,17,4,100,bdb51e8336d8c2a0de850780446afe2818d0b4eeee21137a9bc817eff040e3c0,t5,8,high,0.8410887718,0.1589112282,high,-1.285515785,0.04829272628
m3_discounted,17,4,100,bdb51e8336d8c2a0de850780446afe2818d0b4eeee21137a9bc817eff040e3c0,t10,18,high,0.851748541,0.148251459,high,-2.235547543,0.08564010262
m3_discounted,17,4,100,bdb51e8336d8c2a0de850780446afe2818d0b4eeee21137a9bc817eff040e3c0,t20,38,high,0.7683634013,0.2316365987,high,-1.4843961,0.1485906839
m3_discounted,17,4,100,bdb51e8336d8c2a0de850780446afe2818d0b4eeee21137a9bc817eff040e3c0,full,281,high,0.6578097641,0.3421902359,high,20.62745285,0.807038784
m3_discounted,17,4,103,e660b6010195823ff8abb7f5ac22b3e84ad23e55b4bfe23f84e74aa932c77d9a,t3,4,high,0.7184416652,0.2815583348,high,0.7905426621,0.01723550446
m3_discounted,17,4,103,e660b6010195823ff8abb7f5ac22b3e84ad23e55b4bfe23f84e74aa932c77d9a,t5,8,high,0.7052060068,0.2947939932,high,1.28573513,0.01825984567
m3_discounted,17,4,103,e660b6010195823ff8abb7f5ac22b3e84ad23e55b4bfe23f84e74aa932c77d9a,full,16,high,0.7071334124,0.2928665876,high,2.124084949,0.02267806977
m3_discounted,17,4,112,3a6ec6cf0cccb2db4bc4eb1d6583b28f6dc8816b49e0ae8aaa6a06484645efac,t3,4,high,0.6890700161,0.3109299839,high,1.156210661,0.01486542076
m3_discounted,17,4,112,3a6ec6cf0cccb2db4bc4eb1d6583b28f6dc8816b49e0ae8aaa6a06484645efac,t5,8,high,0.7217283249,0.2782716751,high,1.362301946,0.01422992628
m3_discounted,17,4,112,3a6ec6cf0cccb2db4bc4eb1d6583b28f6dc8816b49e0ae8aaa6a06484645efac,t10,18,high,0.8050832301,0.1949167699,high,0.3466048241,0.05659954995
m3_discounted,17,4,112,3a6ec6cf0cccb2db4bc4eb1d6583b28f6dc8816b49e0ae8aaa6a06484645efac,t20,38,high,0.8202006072,0.1797993928,high,-0.8499362469,0.1303136498
m3_discounted,17,4,112,3a6ec6cf0cccb2db4bc4eb1d6583b28f6dc8816b49e0ae8aaa6a06484645efac,full,64,high,0.8326028883,0.1673971117,high,-2.115267754,0.2349330634
m3_discounted,17,4,122,e553658a13d5730f215fe7abaa4ffcafffebacc2a2c811523c5848785b07feb6,t3,5,high,0.8481601477,0.1518398523,high,-1.095253587,0.0277094543
m3_discounted,17,4,122,e553658a13d5730f215fe7abaa4ffcafffebacc2a2c811523c5848785b07feb6,t5,9,high,0.8695560098,0.1304439902,high,-1.981021404,0.04798007756
m3_discounted,17,4,122,e553658a13d5730f215fe7abaa4ffcafffebacc2a2c811523c5848785b07feb6,t10,19,high,0.8625631928,0.1374368072,high,-3.373845577,0.07708677649
m3_discounted,17,4,122,e553658a13d5730f215fe7abaa4ffcafffebacc2a2c811523c5848785b07feb6,full,25,high,0.8185153902,0.1814846098,high,-3.267148495,0.09856335819
m3_discounted,17,4,124,4f828f23a69a02612b535ecc3b578f0a9ef09ead831878c8330854912886c5a7,t3,5,high,0.7893631309,0.2106368691,high,-0.01307414472,0.01449477673
m3_discounted,17,4,124,4f828f23a69a02612b535ecc3b578f0a9ef09ead831878c8330854912886c5a7,t5,9,high,0.7927368879,0.2072631121,high,0.006530061364,0.02942542918
m3_discounted,17,4,124,4f828f23a69a02612b535ecc3b578f0a9ef09ead831878c8330854912886c5a7,t10,19,high,0.7688443512,0.2311556488,high,0.07764172554,0.05142776296
m3_discounted,17,4,124,4f828f23a69a02612b535ecc3b578f0a9ef09ead831878c8330854912886c5a7,t20,39,high,0.6886983514,0.3113016486,high,3.455686092,0.06460437179
m3_discounted,17,4,124,4f828f23a69a02612b535ecc3b578f0a9ef09ead831878c8330854912886c5a7,full,53,high,0.7086008489,0.2913991511,high,4.56363821,0.1049008444
m3_discounted,17,4,132,95bf0f1bedb8e4250b3f6ee2dd241da6f07f8e65d2fc1c27c4c900116b2d104c,t3,4,high,0.7005824447,0.2994175553,high,1.070004582,-0.01244946662
m3_discounted,17,4,132,95bf0f1bedb8e4250b3f6ee2dd241da6f07f8e65d2fc1c27c4c900116b2d104c,t5,8,high,0.6931752861,0.3068247139,high,1.607152462,-0.005364363082
m3_discounted,17,4,132,95bf0f1bedb8e4250b3f6ee2dd241da6f07f8e65d2fc1c27c4c900116b2d104c,t10,18,high,0.6515453458,0.3484546542,high,3.153650284,0.01786448434
m3_discounted,17,4,132,95bf0f1bedb8e4250b3f6ee2dd241da6f07f8e65d2fc1c27c4c900116b2d104c,t20,38,high,0.718200475,0.281799525,high,4.567849636,0.0663318038
m3_discounted,17,4,132,95bf0f1bedb8e4250b3f6ee2dd241da6f07f8e65d2fc1c27c4c900116b2d104c,full,38,high,0.718200475,0.281799525,high,4.567849636,0.0663318038
m3_discounted,42,0,14,892e4e1ab6068fc4434d0054ab76e2c3c0d9bf73fcc5cd615db68815b3134102,t3,4,high,0.7689617425,0.2310382575,high,0.6737042665,-0.007314132527
m3_discounted,42,0,14,892e4e1ab6068fc4434d0054ab76e2c3c0d9bf73fcc5cd615db68815b3134102,t5,8,high,0.7286244035,0.2713755965,high,1.578913689,-0.04109477997
m3_discounted,42,0,14,892e4e1ab6068fc4434d0054ab76e2c3c0d9bf73fcc5cd615db68815b3134102,t10,18,high,0.6715439558,0.3284560442,high,3.841815472,-0.06648884714
m3_discounted,42,0,14,892e4e1ab6068fc4434d0054ab76e2c3c0d9bf73fcc5cd615db68815b3134102,t20,38,high,0.6564635336,0.3435364664,high,8.043896675,-0.2223939896
m3_discounted,42,0,14,892e4e1ab6068fc4434d0054ab76e2c3c0d9bf73fcc5cd615db68815b3134102,full,48,high,0.6628115177,0.3371884823,high,10.04157734,-0.2887868881
m3_discounted,42,0,17,4e9629cc0367f8dbaf9608d5600aa795a09c3ebbe94051365be8cd7611f13d26,t3,4,low,0.7273790538,0.2726209462,high,1.198587775,0.04038700834
m3_discounted,42,0,17,4e9629cc0367f8dbaf9608d5600aa795a09c3ebbe94051365be8cd7611f13d26,t5,8,low,0.6925407648,0.3074592352,high,2.181336641,0.05361665785
m3_discounted,42,0,17,4e9629cc0367f8dbaf9608d5600aa795a09c3ebbe94051365be8cd7611f13d26,t10,18,low,0.6401075721,0.3598924279,high,4.620238781,0.1368629485
m3_discounted,42,0,17,4e9629cc0367f8dbaf9608d5600aa795a09c3ebbe94051365be8cd7611f13d26,full,28,low,0.6251511872,0.3748488128,high,7.041686058,0.1558049321
m3_discounted,42,0,21,c1b71ca5fcfb63cd845ec42d43753eca41cf5c90313140ea6e9695c2c654df6d,t3,4,high,0.7312669456,0.2687330544,high,1.193286777,0.003442738205
m3_discounted,42,0,21,c1b71ca5fcfb63cd845ec42d43753eca41cf5c90313140ea6e9695c2c654df6d,t5,8,high,0.6947892308,0.3052107692,high,2.150591135,0.04106543213
m3_discounted,42,0,21,c1b71ca5fcfb63cd845ec42d43753eca41cf5c90313140ea6e9695c2c654df6d,t10,18,high,0.6495318413,0.3504681587,high,4.571037292,0.02267914638
m3_discounted,42,0,21,c1b71ca5fcfb63cd845ec42d43753eca41cf5c90313140ea6e9695c2c654df6d,t20,38,high,0.6279560328,0.3720439672,high,9.340127945,-0.02043197304
m3_discounted,42,0,21,c1b71ca5fcfb63cd845ec42d43753eca41cf5c90313140ea6e9695c2c654df6d,full,246,high,0.6225313544,0.3774686456,high,58.35534668,-0.02335296571
m3_discounted,42,0,27,e883cab14c33a28c3bf1e25281ef335a7bcd08f31fb3e2cea1e824982af00196,t3,4,low,0.7355212867,0.2644787133,high,1.160220504,-0.008542696014
m3_discounted,42,0,27,e883cab14c33a28c3bf1e25281ef335a7bcd08f31fb3e2cea1e824982af00196,t5,8,low,0.7003411353,0.2996588647,high,2.121771097,-0.01265502814
m3_discounted,42,0,27,e883cab14c33a28c3bf1e25281ef335a7bcd08f31fb3e2cea1e824982af00196,t10,18,low,0.6551440358,0.3448559642,high,4.437868595,-0.006703314371
m3_discounted,42,0,27,e883cab14c33a28c3bf1e25281ef335a7bcd08f31fb3e2cea1e824982af00196,full,22,low,0.6448159516,0.3551840484,high,5.384377003,-0.007142919116
m3_discounted,42,0,46,2815019765d0a2b0cd8db67fb79e15ec0c4893de14483f3e6156ddacadb10f7a,t3,4,high,0.724912554,0.275087446,high,1.222506166,0.05112011358
m3_discounted,42,0,46,2815019765d0a2b0cd8db67fb79e15ec0c4893de14483f3e6156ddacadb10f7a,t5,8,high,0.689170748,0.310829252,high,2.200259447,0.08558941633
m3_discounted,42,0,46,2815019765d0a2b0cd8db67fb79e15ec0c4893de14483f3e6156ddacadb10f7a,t10,18,high,0.6442237794,0.3557762206,high,4.651914597,0.103162244
m3_discounted,42,0,46,2815019765d0a2b0cd8db67fb79e15ec0c4893de14483f3e6156ddacadb10f7a,t20,38,high,0.617284447,0.382715553,high,9.468245506,0.1692438722
m3_discounted,42,0,46,2815019765d0a2b0cd8db67fb79e15ec0c4893de14483f3e6156ddacadb10f7a,full,58,high,0.6122411489,0.3877588511,high,14.25232506,0.3522298336
m3_discounted,42,0,53,646074c09ce77345f3d6434db5b2b976626086f4a3ba9020dc6fa992fa6887ac,t3,4,low,0.7251190245,0.2748809755,high,1.220267653,0.04895147309
m3_discounted,42,0,53,646074c09ce77345f3d6434db5b2b976626086f4a3ba9020dc6fa992fa6887ac,t5,8,low,0.6890987456,0.3109012544,high,2.199850082,0.08435063809
m3_discounted,42,0,53,646074c09ce77345f3d6434db5b2b976626086f4a3ba9020dc6fa992fa6887ac,t10,18,low,0.643463403,0.356536597,high,4.629248142,0.109267652
m3_discounted,42,0,53,646074c09ce77345f3d6434db5b2b976626086f4a3ba9020dc6fa992fa6887ac,t20,38,low,0.6162819564,0.3837180436,high,9.483003616,0.1957139373
m3_discounted,42,0,53,646074c09ce77345f3d6434db5b2b976626086f4a3ba9020dc6fa992fa6887ac,full,106,low,0.6151711047,0.3848288953,high,25.83979797,0.4612634182
m3_discounted,42,0,55,1b9abf33ba8b2badfab01f2ee1f7aa958800a9808d579c0ec4e6bc41eb27f449,t3,4,high,0.7247509062,0.2752490938,high,1.220763326,0.05429898202
m3_discounted,42,0,55,1b9abf33ba8b2badfab01f2ee1f7aa958800a9808d579c0ec4e6bc41eb27f449,t5,8,high,0.6894949377,0.3105050623,high,2.197099447,0.08672641218
m3_discounted,42,0,55,1b9abf33ba8b2badfab01f2ee1f7aa958800a9808d579c0ec4e6bc41eb27f449,t10,18,high,0.6411311328,0.3588688672,high,4.644379616,0.1470584422
m3_discounted,42,0,55,1b9abf33ba8b2badfab01f2ee1f7aa958800a9808d579c0ec4e6bc41eb27f449,t20,38,high,0.6177843809,0.3822156191,high,9.434157372,0.2534702122
m3_discounted,42,0,55,1b9abf33ba8b2badfab01f2ee1f7aa958800a9808d579c0ec4e6bc41eb27f449,full,64,high,0.6147983372,0.3852016628,high,15.69919109,0.382679671
m3_discounted,42,0,65,884e0cb0d19baa05ae86bae59b5351a82ddcdb9a7af044867db66a819a131389,t3,5,high,0.7447829843,0.2552170157,high,1.186599255,-0.05870113522
m3_discounted,42,0,65,884e0cb0d19baa05ae86bae59b5351a82ddcdb9a7af044867db66a819a131389,t5,9,high,0.7218108773,0.2781891227,high,1.987987638,-0.09745841473
m3_discounted,42,0,65,884e0cb0d19baa05ae86bae59b5351a82ddcdb9a7af044867db66a819a131389,t10,19,high,0.6855390668,0.3144609332,high,3.985588551,-0.1587169021
m3_discounted,42,0,65,884e0cb0d19baa05ae86bae59b5351a82ddcdb9a7af044867db66a819a131389,full,33,high,0.6587305665,0.3412694335,high,6.988094807,-0.2490395755
m3_discounted,42,0,67,38b5c44ace8c39b31954af0c9b3057abad24dd37ec441de169f055949fb91ed3,t3,4,high,0.7264346778,0.2735653222,high,1.217110157,0.04030869529
m3_discounted,42,0,67,38b5c44ace8c39b31954af0c9b3057abad24dd37ec441de169f055949fb91ed3,t5,8,high,0.6895681918,0.3104318082,high,2.196782827,0.07993013412
m3_discounted,42,0,67,38b5c44ace8c39b31954af0c9b3057abad24dd37ec441de169f055949fb91ed3,t10,18,high,0.6398272812,0.3601727188,high,4.61335516,0.1716986895
m3_discounted,42,0,67,38b5c44ace8c39b31954af0c9b3057abad24dd37ec441de169f055949fb91ed3,t20,38,high,0.6131417751,0.3868582249,high,9.420278549,0.3422049284
m3_discounted,42,0,67,38b5c44ace8c39b31954af0c9b3057abad24dd37ec441de169f055949fb91ed3,full,46,high,0.6121688783,0.3878311217,high,11.35948753,0.3880094588
m3_discounted,42,0,69,eff9b2507927f7894349799dbb77b0c66871e7547a4170f6e6ef409f01493d5d,t3,4,low,0.7263740599,0.2736259401,high,1.227258325,0.03412196413
m3_discounted,42,0,69,eff9b2507927f7894349799dbb77b0c66871e7547a4170f6e6ef409f01493d5d,full,6,low,0.7098088562,0.2901911438,high,1.717029572,0.02012443915
m3_discounted,42,0,70,eff9b2507927f7894349799dbb77b0c66871e7547a4170f6e6ef409f01493d5d,t3,4,high,0.724773705,0.275226295,high,1.222598672,0.05193281174
m3_discounted,42,0,70,eff9b2507927f7894349799dbb77b0c66871e7547a4170f6e6ef409f01493d5d,t5,8,high,0.6894648969,0.3105351031,high,2.196903229,0.08652783185
m3_discounted,42,0,70,eff9b2507927f7894349799dbb77b0c66871e7547a4170f6e6ef409f01493d5d,full,10,high,0.6787562072,0.3212437928,high,2.690197468,0.06762874871
m3_discounted,42,0,77,5ee3de464b1eb18f6dbc71fac32dd821ec33a6f6ea0d273324ce5d81751bbc74,t3,4,high,0.7294847369,0.2705152631,high,1.201212406,0.01857528649
m3_discounted,42,0,77,5ee3de464b1eb18f6dbc71fac32dd821ec33a6f6ea0d273324ce5d81751bbc74,t5,8,high,0.6971665323,0.3028334677,high,2.155788422,0.02254288085
m3_discounted,42,0,77,5ee3de464b1eb18f6dbc71fac32dd821ec33a6f6ea0d273324ce5d81751bbc74,t10,18,high,0.6490518153,0.3509481847,high,4.500897884,0.08403473347
m3_discounted,42,0,77,5ee3de464b1eb18f6dbc71fac32dd821ec33a6f6ea0d273324ce5d81751bbc74,t20,38,high,0.62292099,0.37707901,high,9.263845444,0.1346137524
m3_discounted,42,0,77,5ee3de464b1eb18f6dbc71fac32dd821ec33a6f6ea0d273324ce5d81751bbc74,full,42,high,0.622982949,0.377017051,high,10.22903728,0.1176623777
m3_discounted,42,0,79,2523640a662b9aab8fa56e40699e7726fd765a9ae7ecdc36a012e3ad8211a245,t3,5,high,0.7236674726,0.2763325274,high,1.411946654,0.01254201308
m3_discounted,42,0,79,2523640a662b9aab8fa56e40699e7726fd765a9ae7ecdc36a012e3ad8211a245,t5,9,high,0.6964564025,0.3035435975,high,2.351665258,-0.01562599652
m3_discounted,42,0,79,2523640a662b9aab8fa56e40699e7726fd765a9ae7ecdc36a012e3ad8211a245,full,9,high,0.6964564025,0.3035435975,high,2.351665258,-0.01562599652
m3_discounted,42,0,80,a6ba01099092faefda72e83a5ffad12164972913b573b6580138d019a5453418,t3,4,high,0.7329314053,0.2670685947,high,1.199042559,-0.01669105701
m3_discounted,42,0,80,a6ba01099092faefda72e83a5ffad12164972913b573b6580138d019a5453418,t5,8,high,0.7055082321,0.2944917679,high,2.118550301,-0.05527438223
m3_discounted,42,0,80,a6ba01099092faefda72e83a5ffad12164972913b573b6580138d019a5453418,t10,18,high,0.6612687111,0.3387312889,high,4.423155785,-0.08909651637
m3_discounted,42,0,80,a6ba01099092faefda72e83a5ffad12164972913b573b6580138d019a5453418,t20,38,high,0.6371318102,0.3628681898,high,8.987909317,-0.1438168287
m3_discounted,42,0,80,a6ba01099092faefda72e83a5ffad12164972913b573b6580138d019a5453418,full,62,high,0.6297614276,0.3702385724,high,14.59584904,-0.2388742715
m3_discounted,42,0,82,eac114d0fbda834121eb1da95e9dd3d4e76db9e3188fcf74d6d679a8efd3c8f1,t3,4,high,0.7272216976,0.2727783024,high,1.188742518,0.05610374361
m3_discounted,42,0,82,eac114d0fbda834121eb1da95e9dd3d4e76db9e3188fcf74d6d679a8efd3c8f1,t5,8,high,0.6945472658,0.3054527342,high,2.148290396,0.06504127383
m3_discounted,42,0,82,eac114d0fbda834121eb1da95e9dd3d4e76db9e3188fcf74d6d679a8efd3c8f1,t10,18,high,0.6464820206,0.3535179794,high,4.519519329,0.1188001037
m3_discounted,42,0,82,eac114d0fbda834121eb1da95e9dd3d4e76db9e3188fcf74d6d679a8efd3c8f1,full,36,high,0.6290364563,0.3709635437,high,8.768331528,0.09596885741
m3_discounted,42,0,87,c2a6706263d09c63b307df18a79bae14418b0faf3038d47b68ad4d2e853e3f99,t3,4,high,0.7331559956,0.2668440044,high,1.195527673,-0.006636689417
m3_discounted,42,0,87,c2a6706263d09c63b307df18a79bae14418b0faf3038d47b68ad4d2e853e3f99,t5,8,high,0.7044577897,0.2955422103,high,2.133107424,-0.04574189335
m3_discounted,42,0,87,c2a6706263d09c63b307df18a79bae14418b0faf3038d47b68ad4d2e853e3f99,t10,18,high,0.6705656946,0.3294343054,high,4.361880779,-0.1394933611
m3_discounted,42,0,87,c2a6706263d09c63b307df18a79bae14418b0faf3038d47b68ad4d2e853e3f99,full,24,high,0.6596558094,0.3403441906,high,5.699986458,-0.1915514618
m3_discounted,42,0,94,16ad8c075416a1640a523d8697d580ecb71be79a914d2b7439592eef75b54a0e,t3,4,high,0.7314261496,0.2685738504,high,1.211531878,-0.006876958534
m3_discounted,42,0,94,16ad8c075416a1640a523d8697d580ecb71be79a914d2b7439592eef75b54a0e,t5,8,high,0.6997258365,0.3002741635,high,2.142296791,-1.114234328e-05
m3_discounted,42,0,94,16ad8c075416a1640a523d8697d580ecb71be79a914d2b7439592eef75b54a0e,t10,18,high,0.6669645905,0.3330354095,high,4.386055946,-0.07413841039
m3_discounted,42,0,94,16ad8c075416a1640a523d8697d580ecb71be79a914d2b7439592eef75b54a0e,t20,38,high,0.636680156,0.363319844,high,8.998994827,-0.09789270163
m3_discounted,42,0,94,16ad8c075416a1640a523d8697d580ecb71be79a914d2b7439592eef75b54a0e,full,60,high,0.6340643167,0.3659356833,high,14.14646626,-0.2150725871
m3_discounted,42,0,101,c5c61ac6a632dc81f083aca02a5ce3ff9b90ef1e69a86f138b246bd23e7d0ea9,t3,4,high,0.7330666184,0.2669333816,high,1.141516328,0.02965673991
m3_discounted,42,0,101,c5c61ac6a632dc81f083aca02a5ce3ff9b90ef1e69a86f138b246bd23e7d0ea9,t5,8,high,0.7014351785,0.2985648215,high,2.11448741,-0.009535124525
m3_discounted,42,0,101,c5c61ac6a632dc81f083aca02a5ce3ff9b90ef1e69a86f138b246bd23e7d0ea9,t10,18,high,0.6497257352,0.3502742648,high,4.546082973,0.008514087647
m3_discounted,42,0,101,c5c61ac6a632dc81f083aca02a5ce3ff9b90ef1e69a86f138b246bd23e7d0ea9,t20,38,high,0.6224716604,0.3775283396,high,9.296790123,0.05020437762
m3_discounted,42,0,101,c5c61ac6a632dc81f083aca02a5ce3ff9b90ef1e69a86f138b246bd23e7d0ea9,full,62,high,0.6244666576,0.3755333424,high,14.91696453,-0.01467261463
m3_discounted,42,0,104,ce81615fdfacce198687f92d3c58747d1f210c5783fa3bb46aa95df8fb61efdc,t3,4,high,0.727353245,0.272646755,high,1.221436024,0.02943098918
m3_discounted,42,0,104,ce81615fdfacce198687f92d3c58747d1f210c5783fa3bb46aa95df8fb61efdc,t5,8,high,0.6908635497,0.3091364503,high,2.190461636,0.06948548555
m3_discounted,42,0,104,ce81615fdfacce198687f92d3c58747d1f210c5783fa3bb46aa95df8fb61efdc,t10,18,high,0.642991215,0.357008785,high,4.6297822,0.09407828748
m3_discounted,42,0,104,ce81615fdfacce198687f92d3c58747d1f210c5783fa3bb46aa95df8fb61efdc,t20,38,high,0.6190138757,0.3809861243,high,9.444630623,0.1776636094
m3_discounted,42,0,104,ce81615fdfacce198687f92d3c58747d1f210c5783fa3bb46aa95df8fb61efdc,full,54,high,0.618819952,0.381180048,high,13.23400593,0.2660965323
m3_discounted,42,0,108,b74f3f5afc0b04fa76647aa59087b92f57a410aac28d92b9e08e36f063008fba,t3,4,high,0.7288402617,0.2711597383,high,1.184230089,0.04573095217
m3_discounted,42,0,108,b74f3f5afc0b04fa76647aa59087b92f57a410aac28d92b9e08e36f063008fba,t5,8,high,0.6977608204,0.3022391796,high,2.128308296,0.04855766892
m3_discounted,42,0,108,b74f3f5afc0b04fa76647aa59087b92f57a410aac28d92b9e08e36f063008fba,t10,18,high,0.654951781,0.345048219,high,4.47953701,0.0280181542
m3_discounted,42,0,108,b74f3f5afc0b04fa76647aa59087b92f57a410aac28d92b9e08e36f063008fba,t20,38,high,0.6204347014,0.3795652986,high,9.223461151,0.1757948697
m3_discounted,42,0,108,b74f3f5afc0b04fa76647aa59087b92f57a410aac28d92b9e08e36f063008fba,full,56,high,0.6219162345,0.3780837655,high,13.48985291,0.1998494565
m3_discounted,42,0,109,f92544f5ed508add4c093c58e76fce40d49ca14b51000a7b8770e0152039d485,t3,4,high,0.7336734831,0.2663265169,high,1.135744691,0.03147614002
m3_discounted,42,0,109,f92544f5ed508add4c093c58e76fce40d49ca14b51000a7b8770e0152039d485,t5,8,high,0.7024743855,0.2975256145,high,2.079334736,0.01023729704
m3_discounted,42,0,109,f92544f5ed508add4c093c58e76fce40d49ca14b51000a7b8770e0152039d485,t10,18,high,0.6508587599,0.3491412401,high,4.46283865,0.03336818516
m3_discounted,42,0,109,f92544f5ed508add4c093c58e76fce40d49ca14b51000a7b8770e0152039d485,t20,38,high,0.6194540262,0.3805459738,high,9.204836845,0.1135603338
m3_discounted,42,0,109,f92544f5ed508add4c093c58e76fce40d49ca14b51000a7b8770e0152039d485,full,44,high,0.6208835542,0.3791164458,high,10.6314373,0.1102709547
m3_discounted,42,0,119,5e9b1bd1f06698191157fbc99f25182854ee47dcc819d045d1eee684d797587b,t3,4,high,0.734924525,0.265075475,high,1.193384171,-0.02633877285
m3_discounted,42,0,119,5e9b1bd1f06698191157fbc99f25182854ee47dcc819d045d1eee684d797587b,t5,8,high,0.7040271461,0.2959728539,high,2.094931126,-0.02002745308
m3_discounted,42,0,119,5e9b1bd1f06698191157fbc99f25182854ee47dcc819d045d1eee684d797587b,t10,18,high,0.6657107174,0.3342892826,high,4.317768574,-0.05705809221
m3_discounted,42,0,119,5e9b1bd1f06698191157fbc99f25182854ee47dcc819d045d1eee684d797587b,t20,38,high,0.6427352428,0.3572647572,high,8.829202652,-0.1157934368
m3_discounted,42,0,119,5e9b1bd1f06698191157fbc99f25182854ee47dcc819d045d1eee684d797587b,full,84,high,0.6292777658,0.3707222342,high,19.48889923,-0.2657411098
m3_discounted,42,0,121,b3b2e2bd4653e0479aa37231686157e94d03881d3e717ffb4b92970e7582dc0d,t3,4,high,0.7310368717,0.2689631283,high,1.196551323,0.002368838526
m3_discounted,42,0,121,b3b2e2bd4653e0479aa37231686157e94d03881d3e717ffb4b92970e7582dc0d,t5,8,high,0.6984176338,0.3015823662,high,2.159724951,-0.009000809863
m3_discounted,42,0,121,b3b2e2bd4653e0479aa37231686157e94d03881d3e717ffb4b92970e7582dc0d,t10,18,high,0.6534538865,0.3465461135,high,4.5823493,-0.0683265999
m3_discounted,42,0,121,b3b2e2bd4653e0479aa37231686157e94d03881d3e717ffb4b92970e7582dc0d,t20,38,high,0.6364473403,0.3635526597,high,9.274906158,-0.175555706
m3_discounted,42,0,121,b3b2e2bd4653e0479aa37231686157e94d03881d3e717ffb4b92970e7582dc0d,full,596,high,0.6262330711,0.3737669289,high,139.2030334,-2.581421137
m3_discounted,42,0,123,6c7e3cea7a4858b1ace2a58c01677e91a03db28f550513c277a01f23b2083836,t3,4,low,0.7294156551,0.2705843449,high,1.176964641,0.04102145135
m3_discounted,42,0,123,6c7e3cea7a4858b1ace2a58c01677e91a03db28f550513c277a01f23b2083836,t5,8,low,0.6965115964,0.3034884036,high,2.144497395,0.03295520321
m3_discounted,42,0,123,6c7e3cea7a4858b1ace2a58c01677e91a03db28f550513c277a01f23b2083836,t10,18,low,0.6439530253,0.3560469747,high,4.565788269,0.0996235162
m3_discounted,42,0,123,6c7e3cea7a4858b1ace2a58c01677e91a03db28f550513c277a01f23b2083836,full,26,low,0.6269746721,0.3730253279,high,6.489886284,0.1443138719
m3_discounted,42,0,131,78d93e44688ea4c2b1b0be54e645ffaf0ab8c612ccfe0606b26306c0bdd7eb9e,t3,4,low,0.7330827415,0.2669172585,high,1.180209756,0.001469933428
m3_discounted,42,0,131,78d93e44688ea4c2b1b0be54e645ffaf0ab8c612ccfe0606b26306c0bdd7eb9e,t5,8,low,0.701905787,0.298094213,high,2.117054939,-0.006933243014
m3_discounted,42,0,131,78d93e44688ea4c2b1b0be54e645ffaf0ab8c612ccfe0606b26306c0bdd7eb9e,t10,18,low,0.6548246443,0.3451753557,high,4.436371803,0.008261601441
m3_discounted,42,0,131,78d93e44688ea4c2b1b0be54e645ffaf0ab8c612ccfe0606b26306c0bdd7eb9e,t20,38,low,0.6230694652,0.3769305348,high,9.199016571,0.04270134866
m3_discounted,42,0,131,78d93e44688ea4c2b1b0be54e645ffaf0ab8c612ccfe0606b26306c0bdd7eb9e,full,90,low,0.616992563,0.383007437,high,21.43508911,0.1543583274
m3_discounted,101,0,14,892e4e1ab6068fc4434d0054ab76e2c3c0d9bf73fcc5cd615db68815b3134102,t3,4,high,0.8302957267,0.1697042733,high,-0.189571321,-0.02147766203
m3_discounted,101,0,14,892e4e1ab6068fc4434d0054ab76e2c3c0d9bf73fcc5cd615db68815b3134102,t5,8,high,0.8209156692,0.1790843308,high,-0.088877514,-0.04258193821
m3_discounted,101,0,14,892e4e1ab6068fc4434d0054ab76e2c3c0d9bf73fcc5cd615db68815b3134102,t10,18,high,0.7931185812,0.2068814188,high,0.5635888577,-0.0508158356
m3_discounted,101,0,14,892e4e1ab6068fc4434d0054ab76e2c3c0d9bf73fcc5cd615db68815b3134102,t20,38,high,0.8131483793,0.1868516207,high,0.85782969,-0.140280202
m3_discounted,101,0,14,892e4e1ab6068fc4434d0054ab76e2c3c0d9bf73fcc5cd615db68815b3134102,full,48,high,0.8145101368,0.1854898632,high,0.6698976159,-0.1785059571
m3_discounted,101,0,17,4e9629cc0367f8dbaf9608d5600aa795a09c3ebbe94051365be8cd7611f13d26,t3,4,low,0.7450667918,0.2549332082,high,0.9833407998,0.01434406638
m3_discounted,101,0,17,4e9629cc0367f8dbaf9608d5600aa795a09c3ebbe94051365be8cd7611f13d26,t5,8,low,0.7085826695,0.2914173305,high,1.926048279,0.009859847836
m3_discounted,101,0,17,4e9629cc0367f8dbaf9608d5600aa795a09c3ebbe94051365be8cd7611f13d26,t10,18,low,0.6536192,0.3463808,high,4.263976097,0.06258482486
m3_discounted,101,0,17,4e9629cc0367f8dbaf9608d5600aa795a09c3ebbe94051365be8cd7611f13d26,full,28,low,0.6758863032,0.3241136968,high,6.06356287,0.07918152958
m3_discounted,101,0,21,c1b71ca5fcfb63cd845ec42d43753eca41cf5c90313140ea6e9695c2c654df6d,t3,4,high,0.7526510507,0.2473489493,high,0.8946998119,0.007389119361
m3_discounted,101,0,21,c1b71ca5fcfb63cd845ec42d43753eca41cf5c90313140ea6e9695c2c654df6d,t5,8,high,0.7089773118,0.2910226882,high,1.86854589,0.01873327792
m3_discounted,101,0,21,c1b71ca5fcfb63cd845ec42d43753eca41cf5c90313140ea6e9695c2c654df6d,t10,18,high,0.7028259635,0.2971740365,high,3.519304276,-0.0009843409061
m3_discounted,101,0,21,c1b71ca5fcfb63cd845ec42d43753eca41cf5c90313140ea6e9695c2c654df6d,t20,38,high,0.723947376,0.276052624,high,6.47095871,-0.04850035161
m3_discounted,101,0,21,c1b71ca5fcfb63cd845ec42d43753eca41cf5c90313140ea6e9695c2c654df6d,full,246,high,0.725756079,0.274243921,high,35.8495903,-0.3762526214
m3_discounted,101,0,27,e883cab14c33a28c3bf1e25281ef335a7bcd08f31fb3e2cea1e824982af00196,t3,4,low,0.8378096223,0.1621903777,high,-0.2863950133,0.004430031404
m3_discounted,101,0,27,e883cab14c33a28c3bf1e25281ef335a7bcd08f31fb3e2cea1e824982af00196,t5,8,low,0.7885176986,0.2114823014,high,0.3763569593,0.0005393424071
m3_discounted,101,0,27,e883cab14c33a28c3bf1e25281ef335a7bcd08f31fb3e2cea1e824982af00196,t10,18,low,0.7929011285,0.2070988715,high,0.7257041931,-0.0005581509322
m3_discounted,101,0,27,e883cab14c33a28c3bf1e25281ef335a7bcd08f31fb3e2cea1e824982af00196,full,22,low,0.7943414748,0.2056585252,high,0.8515840769,-0.005419976544
m3_discounted,101,0,46,2815019765d0a2b0cd8db67fb79e15ec0c4893de14483f3e6156ddacadb10f7a,t3,4,high,0.7282363176,0.2717636824,high,1.206681252,0.02435705438
m3_discounted,101,0,46,2815019765d0a2b0cd8db67fb79e15ec0c4893de14483f3e6156ddacadb10f7a,t5,8,high,0.692624718,0.307375282,high,2.190924644,0.03807849437
m3_discounted,101,0,46,2815019765d0a2b0cd8db67fb79e15ec0c4893de14483f3e6156ddacadb10f7a,t10,18,high,0.699049741,0.300950259,high,4.009592533,0.02540392242
m3_discounted,101,0,46,2815019765d0a2b0cd8db67fb79e15ec0c4893de14483f3e6156ddacadb10f7a,t20,38,high,0.6986839771,0.3013160229,high,6.512719154,0.05002426729
m3_discounted,101,0,46,2815019765d0a2b0cd8db67fb79e15ec0c4893de14483f3e6156ddacadb10f7a,full,58,high,0.6808507442,0.3191492558,high,10.25938034,0.1138055548
m3_discounted,101,0,53,646074c09ce77345f3d6434db5b2b976626086f4a3ba9020dc6fa992fa6887ac,t3,4,low,0.7565666884,0.2434333116,high,0.831602335,0.02376021631
m3_discounted,101,0,53,646074c09ce77345f3d6434db5b2b976626086f4a3ba9020dc6fa992fa6887ac,t5,8,low,0.7722420245,0.2277579755,high,0.9673149586,0.03576416895
m3_discounted,101,0,53,646074c09ce77345f3d6434db5b2b976626086f4a3ba9020dc6fa992fa6887ac,t10,18,low,0.7524121702,0.2475878298,high,1.832916737,0.03509048745
m3_discounted,101,0,53,646074c09ce77345f3d6434db5b2b976626086f4a3ba9020dc6fa992fa6887ac,t20,38,low,0.7321365178,0.2678634822,high,4.027637482,0.0222178027
m3_discounted,101,0,53,646074c09ce77345f3d6434db5b2b976626086f4a3ba9020dc6fa992fa6887ac,full,106,low,0.7191041708,0.2808958292,high,15.15090656,0.1321748942
m3_discounted,101,0,55,1b9abf33ba8b2badfab01f2ee1f7aa958800a9808d579c0ec4e6bc41eb27f449,t3,4,high,0.7353152633,0.2646847367,high,1.135651469,0.02010020427
m3_discounted,101,0,55,1b9abf33ba8b2badfab01f2ee1f7aa958800a9808d579c0ec4e6bc41eb27f449,t5,8,high,0.7060698271,0.2939301729,high,2.007849216,0.04123269394
m3_discounted,101,0,55,1b9abf33ba8b2badfab01f2ee1f7aa958800a9808d579c0ec4e6bc41eb27f449,t10,18,high,0.6915771365,0.3084228635,high,3.923441648,0.04705639184
m3_discounted,101,0,55,1b9abf33ba8b2badfab01f2ee1f7aa958800a9808d579c0ec4e6bc41eb27f449,t20,38,high,0.8083859831,0.1916140169,high,4.663993835,0.06841034442
m3_discounted,101,0,55,1b9abf33ba8b2badfab01f2ee1f7aa958800a9808d579c0ec4e6bc41eb27f449,full,64,high,0.7335853577,0.2664146423,high,7.833276272,0.1138190776
m3_discounted,101,0,65,884e0cb0d19baa05ae86bae59b5351a82ddcdb9a7af044867db66a819a131389,t3,5,high,0.8094474822,0.1905525178,high,0.1206955016,-0.03202552348
m3_discounted,101,0,65,884e0cb0d19baa05ae86bae59b5351a82ddcdb9a7af044867db66a819a131389,t5,9,high,0.8384047151,0.1615952849,high,-0.2274913341,-0.06236720085
m3_discounted,101,0,65,884e0cb0d19baa05ae86bae59b5351a82ddcdb9a7af044867db66a819a131389,t10,19,high,0.8347781152,0.1652218848,high,-0.4000746906,-0.1187508106
m3_discounted,101,0,65,884e0cb0d19baa05ae86bae59b5351a82ddcdb9a7af044867db66a819a131389,full,33,high,0.8009219319,0.1990780681,high,0.05434986949,-0.1736662984
m3_discounted,101,0,67,38b5c44ace8c39b31954af0c9b3057abad24dd37ec441de169f055949fb91ed3,t3,4,high,0.731723547,0.268276453,high,1.172618628,0.02276864275
m3_discounted,101,0,67,38b5c44ace8c39b31954af0c9b3057abad24dd37ec441de169f055949fb91ed3,t5,8,high,0.6973824203,0.3026175797,high,2.122619867,0.03495037183
m3_discounted,101,0,67,38b5c44ace8c39b31954af0c9b3057abad24dd37ec441de169f055949fb91ed3,t10,18,high,0.7333912551,0.2666087449,high,3.245401382,0.07230239362
m3_discounted,101,0,67,38b5c44ace8c39b31954af0c9b3057abad24dd37ec441de169f055949fb91ed3,t20,38,high,0.736653477,0.263346523,high,5.540010452,0.1153681725
m3_discounted,101,0,67,38b5c44ace8c39b31954af0c9b3057abad24dd37ec441de169f055949fb91ed3,full,46,high,0.7429975271,0.2570024729,high,6.264103413,0.1468317211
m3_discounted,101,0,69,eff9b2507927f7894349799dbb77b0c66871e7547a4170f6e6ef409f01493d5d,t3,4,low,0.737781167,0.262218833,high,1.097929597,0.0285291858
m3_discounted,101,0,69,eff9b2507927f7894349799dbb77b0c66871e7547a4170f6e6ef409f01493d5d,full,6,low,0.7300077081,0.2699922919,high,1.46125555,0.02583790757
m3_discounted,101,0,70,eff9b2507927f7894349799dbb77b0c66871e7547a4170f6e6ef409f01493d5d,t3,4,high,0.7361036837,0.2638963163,high,1.124968648,0.02829184756
m3_discounted,101,0,70,eff9b2507927f7894349799dbb77b0c66871e7547a4170f6e6ef409f01493d5d,t5,8,high,0.6975652874,0.3024347126,high,2.102591038,0.04841965437
m3_discounted,101,0,70,eff9b2507927f7894349799dbb77b0c66871e7547a4170f6e6ef409f01493d5d,full,10,high,0.6871427596,0.3128572404,high,2.568306684,0.03803994507
m3_discounted,101,0,77,5ee3de464b1eb18f6dbc71fac32dd821ec33a6f6ea0d273324ce5d81751bbc74,t3,4,high,0.7971991301,0.2028008699,high,0.3951134086,0.0006311465986
m3_discounted,101,0,77,5ee3de464b1eb18f6dbc71fac32dd821ec33a6f6ea0d273324ce5d81751bbc74,t5,8,high,0.8019131273,0.1980868727,high,0.5033919811,-0.000425711507
m3_discounted,101,0,77,5ee3de464b1eb18f6dbc71fac32dd821ec33a6f6ea0d273324ce5d81751bbc74,t10,18,high,0.7474632859,0.2525367141,high,1.786048293,0.02178382874
m3_discounted,101,0,77,5ee3de464b1eb18f6dbc71fac32dd821ec33a6f6ea0d273324ce5d81751bbc74,t20,38,high,0.7761095762,0.2238904238,high,3.291130304,0.07376122475
m3_discounted,101,0,77,5ee3de464b1eb18f6dbc71fac32dd821ec33a6f6ea0d273324ce5d81751bbc74,full,42,high,0.7414580286,0.2585419714,high,4.086803913,0.06221446395
m3_discounted,101,0,79,2523640a662b9aab8fa56e40699e7726fd765a9ae7ecdc36a012e3ad8211a245,t3,5,high,0.8064167649,0.1935832351,high,0.3052445054,-0.01005677134
m3_discounted,101,0,79,2523640a662b9aab8fa56e40699e7726fd765a9ae7ecdc36a012e3ad8211a245,t5,9,high,0.8602730483,0.1397269517,high,-0.5411182642,-0.03837807104
m3_discounted,101,0,79,2523640a662b9aab8fa56e40699e7726fd765a9ae7ecdc36a012e3ad8211a245,full,9,high,0.8602730483,0.1397269517,high,-0.5411182642,-0.03837807104
m3_discounted,101,0,80,a6ba01099092faefda72e83a5ffad12164972913b573b6580138d019a5453418,t3,4,high,0.7975709289,0.2024290711,high,0.3650404215,-0.0168980062
m3_discounted,101,0,80,a6ba01099092faefda72e83a5ffad12164972913b573b6580138d019a5453418,t5,8,high,0.8035559952,0.1964440048,high,0.4446243048,-0.03814981878
m3_discounted,101,0,80,a6ba01099092faefda72e83a5ffad12164972913b573b6580138d019a5453418,t10,18,high,0.7674612701,0.2325387299,high,1.611508608,-0.0741347447
m3_discounted,101,0,80,a6ba01099092faefda72e83a5ffad12164972913b573b6580138d019a5453418,t20,38,high,0.7712835073,0.2287164927,high,2.189430475,-0.1195168495
m3_discounted,101,0,80,a6ba01099092faefda72e83a5ffad12164972913b573b6580138d019a5453418,full,62,high,0.7598376423,0.2401623577,high,4.125971794,-0.1866871417
m3_discounted,101,0,82,eac114d0fbda834121eb1da95e9dd3d4e76db9e3188fcf74d6d679a8efd3c8f1,t3,4,high,0.7491081059,0.2508918941,high,0.9747077227,0.01685904339
m3_discounted,101,0,82,eac114d0fbda834121eb1da95e9dd3d4e76db9e3188fcf74d6d679a8efd3c8f1,t5,8,high,0.7262648344,0.2737351656,high,1.713090301,0.01176063903
m3_discounted,101,0,82,eac114d0fbda834121eb1da95e9dd3d4e76db9e3188fcf74d6d679a8efd3c8f1,t10,18,high,0.7047695816,0.2952304184,high,3.120851517,0.02031890303
m3_discounted,101,0,82,eac114d0fbda834121eb1da95e9dd3d4e76db9e3188fcf74d6d679a8efd3c8f1,full,36,high,0.6878864467,0.3121135533,high,6.129760742,-0.01379959937
m3_discounted,101,0,87,c2a6706263d09c63b307df18a79bae14418b0faf3038d47b68ad4d2e853e3f99,t3,4,high,0.7757120728,0.2242879272,high,0.6806548834,0.007046925835
m3_discounted,101,0,87,c2a6706263d09c63b307df18a79bae14418b0faf3038d47b68ad4d2e853e3f99,t5,8,high,0.7568252385,0.2431747615,high,1.283293486,-0.01425426267
m3_discounted,101,0,87,c2a6706263d09c63b307df18a79bae14418b0faf3038d47b68ad4d2e853e3f99,t10,18,high,0.8079666495,0.1920333505,high,1.26686573,-0.07789152861
m3_discounted,101,0,87,c2a6706263d09c63b307df18a79bae14418b0faf3038d47b68ad4d2e853e3f99,full,24,high,0.7716474533,0.2283525467,high,2.093327284,-0.114860855
m3_discounted,101,0,94,16ad8c075416a1640a523d8697d580ecb71be79a914d2b7439592eef75b54a0e,t3,4,high,0.8264839202,0.1735160798,high,-0.06979579479,-0.009806539863
m3_discounted,101,0,94,16ad8c075416a1640a523d8697d580ecb71be79a914d2b7439592eef75b54a0e,t5,8,high,0.8481258154,0.1518741846,high,-0.5586674213,-0.0225812532
m3_discounted,101,0,94,16ad8c075416a1640a523d8697d580ecb71be79a914d2b7439592eef75b54a0e,t10,18,high,0.8857200444,0.1142799556,high,-2.347046375,-0.09135247767
m3_discounted,101,0,94,16ad8c075416a1640a523d8697d580ecb71be79a914d2b7439592eef75b54a0e,t20,38,high,0.8719116747,0.1280883253,high,-3.926264524,-0.1393563002
m3_discounted,101,0,94,16ad8c075416a1640a523d8697d580ecb71be79a914d2b7439592eef75b54a0e,full,60,high,0.8316521645,0.1683478355,high,-4.017753124,-0.2311131507
m3_discounted,101,0,101,c5c61ac6a632dc81f083aca02a5ce3ff9b90ef1e69a86f138b246bd23e7d0ea9,t3,4,high,0.7786031216,0.2213968784,high,0.496786654,0.0115519166
m3_discounted,101,0,101,c5c61ac6a632dc81f083aca02a5ce3ff9b90ef1e69a86f138b246bd23e7d0ea9,t5,8,high,0.7430779934,0.2569220066,high,1.296570778,-0.009700072929
m3_discounted,101,0,101,c5c61ac6a632dc81f083aca02a5ce3ff9b90ef1e69a86f138b246bd23e7d0ea9,t10,18,high,0.7106434405,0.2893565595,high,3.092992544,-0.01631670631
m3_discounted,101,0,101,c5c61ac6a632dc81f083aca02a5ce3ff9b90ef1e69a86f138b246bd23e7d0ea9,t20,38,high,0.636921078,0.363078922,high,7.595881462,-0.00154872844
m3_discounted,101,0,101,c5c61ac6a632dc81f083aca02a5ce3ff9b90ef1e69a86f138b246bd23e7d0ea9,full,62,high,0.7191562951,0.2808437049,high,11.10720253,-0.07343301922
m3_discounted,101,0,104,ce81615fdfacce198687f92d3c58747d1f210c5783fa3bb46aa95df8fb61efdc,t3,4,high,0.72946468,0.27053532,high,1.208206058,0.01311276294
m3_discounted,101,0,104,ce81615fdfacce198687f92d3c58747d1f210c5783fa3bb46aa95df8fb61efdc,t5,8,high,0.7061252594,0.2938747406,high,2.041726112,0.02582560852
m3_discounted,101,0,104,ce81615fdfacce198687f92d3c58747d1f210c5783fa3bb46aa95df8fb61efdc,t10,18,high,0.6830066442,0.3169933558,high,3.954046488,0.02736426145
m3_discounted,101,0,104,ce81615fdfacce198687f92d3c58747d1f210c5783fa3bb46aa95df8fb61efdc,t20,38,high,0.7616831809,0.2383168191,high,5.895440102,0.04342448711
m3_discounted,101,0,104,ce81615fdfacce198687f92d3c58747d1f210c5783fa3bb46aa95df8fb61efdc,full,54,high,0.7430332005,0.2569667995,high,7.621596336,0.07115716487
m3_discounted,101,0,108,b74f3f5afc0b04fa76647aa59087b92f57a410aac28d92b9e08e36f063008fba,t3,4,high,0.801168859,0.198831141,high,0.254509449,0.01475602388
m3_discounted,101,0,108,b74f3f5afc0b04fa76647aa59087b92f57a410aac28d92b9e08e36f063008fba,t5,8,high,0.8367765695,0.1632234305,high,-0.170326665,0.004448929802
m3_discounted,101,0,108,b74f3f5afc0b04fa76647aa59087b92f57a410aac28d92b9e08e36f063008fba,t10,18,high,0.8583362699,0.1416637301,high,-0.8501099944,-0.03006905317
m3_discounted,101,0,108,b74f3f5afc0b04fa76647aa59087b92f57a410aac28d92b9e08e36f063008fba,t20,38,high,0.7417618036,0.2582381964,high,1.873503804,0.004590661265
m3_discounted,101,0,108,b74f3f5afc0b04fa76647aa59087b92f57a410aac28d92b9e08e36f063008fba,full,56,high,0.7551932931,0.2448067069,high,3.225946188,-0.001479744911
m3_discounted,101,0,109,f92544f5ed508add4c093c58e76fce40d49ca14b51000a7b8770e0152039d485,t3,4,high,0.7311116457,0.2688883543,high,1.169787049,0.01861240715
m3_discounted,101,0,109,f92544f5ed508add4c093c58e76fce40d49ca14b51000a7b8770e0152039d485,t5,8,high,0.7461313605,0.2538686395,high,1.626795292,-0.007214947604
m3_discounted,101,0,109,f92544f5ed508add4c093c58e76fce40d49ca14b51000a7b8770e0152039d485,t10,18,high,0.7755411416,0.2244588584,high,2.345120668,-0.003362527583
m3_discounted,101,0,109,f92544f5ed508add4c093c58e76fce40d49ca14b51000a7b8770e0152039d485,t20,38,high,0.7322703004,0.2677296996,high,4.787219524,0.01695547998
m3_discounted,101,0,109,f92544f5ed508add4c093c58e76fce40d49ca14b51000a7b8770e0152039d485,full,44,high,0.7306054831,0.2693945169,high,5.416136265,0.01145131048
m3_discounted,101,0,119,5e9b1bd1f06698191157fbc99f25182854ee47dcc819d045d1eee684d797587b,t3,4,high,0.8640820384,0.1359179616,high,-0.6638563871,-0.02503590658
m3_discounted,101,0,119,5e9b1bd1f06698191157fbc99f25182854ee47dcc819d045d1eee684d797587b,t5,8,high,0.860204801,0.139795199,high,-0.9876047969,-0.03396066278
m3_discounted,101,0,119,5e9b1bd1f06698191157fbc99f25182854ee47dcc819d045d1eee684d797587b,t10,18,high,0.8824283555,0.1175716445,high,-2.384306192,-0.08605296165
m3_discounted,101,0,119,5e9b1bd1f06698191157fbc99f25182854ee47dcc819d045d1eee684d797587b,t20,38,high,0.8498484194,0.1501515806,high,-3.439352989,-0.169102028
m3_discounted,101,0,119,5e9b1bd1f06698191157fbc99f25182854ee47dcc819d045d1eee684d797587b,full,84,high,0.7753745019,0.2246254981,high,-0.1351533681,-0.3499049544
m3_discounted,101,0,121,b3b2e2bd4653e0479aa37231686157e94d03881d3e717ffb4b92970e7582dc0d,t3,4,high,0.7335005701,0.2664994299,high,1.161767006,0.0008747362299
m3_discounted,101,0,121,b3b2e2bd4653e0479aa37231686157e94d03881d3e717ffb4b92970e7582dc0d,t5,8,high,0.69797194,0.30202806,high,2.139841318,-0.00511485571
m3_discounted,101,0,121,b3b2e2bd4653e0479aa37231686157e94d03881d3e717ffb4b92970e7582dc0d,t10,18,high,0.7579158843,0.2420841157,high,2.855206013,-0.0416399017
m3_discounted,101,0,121,b3b2e2bd4653e0479aa37231686157e94d03881d3e717ffb4b92970e7582dc0d,t20,38,high,0.7640301883,0.2359698117,high,5.008388519,-0.1523039043
m3_discounted,101,0,121,b3b2e2bd4653e0479aa37231686157e94d03881d3e717ffb4b92970e7582dc0d,full,596,high,0.7365854979,0.2634145021,high,82.60142517,-2.129866123
m3_discounted,101,0,123,6c7e3cea7a4858b1ace2a58c01677e91a03db28f550513c277a01f23b2083836,t3,4,low,0.7282905281,0.2717094719,high,1.193639755,0.03761084005
m3_discounted,101,0,123,6c7e3cea7a4858b1ace2a58c01677e91a03db28f550513c277a01f23b2083836,t5,8,low,0.6949478686,0.3050521314,high,2.167340279,0.03397231176
m3_discounted,101,0,123,6c7e3cea7a4858b1ace2a58c01677e91a03db28f550513c277a01f23b2083836,t10,18,low,0.6991799772,0.3008200228,high,3.788524151,0.07037418336
m3_discounted,101,0,123,6c7e3cea7a4858b1ace2a58c01677e91a03db28f550513c277a01f23b2083836,full,26,low,0.6916925013,0.3083074987,high,5.086942673,0.1082621589
m3_discounted,101,0,131,78d93e44688ea4c2b1b0be54e645ffaf0ab8c612ccfe0606b26306c0bdd7eb9e,t3,4,low,0.813389793,0.186610207,high,0.1609828174,-0.003408386838
m3_discounted,101,0,131,78d93e44688ea4c2b1b0be54e645ffaf0ab8c612ccfe0606b26306c0bdd7eb9e,t5,8,low,0.8288832903,0.1711167097,high,0.05314700305,-0.01090988144
m3_discounted,101,0,131,78d93e44688ea4c2b1b0be54e645ffaf0ab8c612ccfe0606b26306c0bdd7eb9e,t10,18,low,0.8505306393,0.1494693607,high,-0.4024866819,-0.02061913908
m3_discounted,101,0,131,78d93e44688ea4c2b1b0be54e645ffaf0ab8c612ccfe0606b26306c0bdd7eb9e,t20,38,low,0.7638995349,0.2361004651,high,1.628159046,-0.03430889919
m3_discounted,101,0,131,78d93e44688ea4c2b1b0be54e645ffaf0ab8c612ccfe0606b26306c0bdd7eb9e,full,90,low,0.6761679053,0.3238320947,high,6.287091255,-0.01518373564
m3_discounted,314,0,14,892e4e1ab6068fc4434d0054ab76e2c3c0d9bf73fcc5cd615db68815b3134102,t3,4,high,0.8598763049,0.1401236951,high,-0.5998520851,-0.01866667345
m3_discounted,314,0,14,892e4e1ab6068fc4434d0054ab76e2c3c0d9bf73fcc5cd615db68815b3134102,t5,8,high,0.8645203263,0.1354796737,high,-0.9942733049,-0.04532874376
m3_discounted,314,0,14,892e4e1ab6068fc4434d0054ab76e2c3c0d9bf73fcc5cd615db68815b3134102,t10,18,high,0.8607602417,0.1392397583,high,-1.491355419,-0.07743825018
m3_discounted,314,0,14,892e4e1ab6068fc4434d0054ab76e2c3c0d9bf73fcc5cd615db68815b3134102,t20,38,high,0.8773045093,0.1226954907,high,-3.781658173,-0.2182513177
m3_discounted,314,0,14,892e4e1ab6068fc4434d0054ab76e2c3c0d9bf73fcc5cd615db68815b3134102,full,48,high,0.867749244,0.132250756,high,-4.466534615,-0.2884948552
m3_discounted,314,0,17,4e9629cc0367f8dbaf9608d5600aa795a09c3ebbe94051365be8cd7611f13d26,t3,4,low,0.7745795995,0.2254204005,high,0.6481850147,-0.008728990331
m3_discounted,314,0,17,4e9629cc0367f8dbaf9608d5600aa795a09c3ebbe94051365be8cd7611f13d26,t5,8,low,0.7535032928,0.2464967072,high,1.27931416,-0.01890913025
m3_discounted,314,0,17,4e9629cc0367f8dbaf9608d5600aa795a09c3ebbe94051365be8cd7611f13d26,t10,18,low,0.6932359934,0.3067640066,high,3.015390635,0.03985591233
m3_discounted,314,0,17,4e9629cc0367f8dbaf9608d5600aa795a09c3ebbe94051365be8cd7611f13d26,full,28,low,0.6921798885,0.3078201115,high,4.634431839,0.1000453979
m3_discounted,314,0,21,c1b71ca5fcfb63cd845ec42d43753eca41cf5c90313140ea6e9695c2c654df6d,t3,4,high,0.8121218681,0.1878781319,high,0.165363878,0.007644755766
m3_discounted,314,0,21,c1b71ca5fcfb63cd845ec42d43753eca41cf5c90313140ea6e9695c2c654df6d,t5,8,high,0.7585379779,0.2414620221,high,1.051593423,-0.02002747171
m3_discounted,314,0,21,c1b71ca5fcfb63cd845ec42d43753eca41cf5c90313140ea6e9695c2c654df6d,t10,18,high,0.7460946143,0.2539053857,high,2.184964657,-0.0909351036
m3_discounted,314,0,21,c1b71ca5fcfb63cd845ec42d43753eca41cf5c90313140ea6e9695c2c654df6d,t20,38,high,0.8470946699,0.1529053301,high,1.785752058,-0.2173276991
m3_discounted,314,0,21,c1b71ca5fcfb63cd845ec42d43753eca41cf5c90313140ea6e9695c2c654df6d,full,246,high,0.7883237302,0.2116762698,high,-2.287395954,-1.138195992
m3_discounted,314,0,27,e883cab14c33a28c3bf1e25281ef335a7bcd08f31fb3e2cea1e824982af00196,t3,4,low,0.7841266692,0.2158733308,high,0.559871912,0.02863609791
m3_discounted,314,0,27,e883cab14c33a28c3bf1e25281ef335a7bcd08f31fb3e2cea1e824982af00196,t5,8,low,0.7535532415,0.2464467585,high,1.275944591,0.001873258501
m3_discounted,314,0,27,e883cab14c33a28c3bf1e25281ef335a7bcd08f31fb3e2cea1e824982af00196,t10,18,low,0.7764903754,0.2235096246,high,1.583299875,0.05749289691
m3_discounted,314,0,27,e883cab14c33a28c3bf1e25281ef335a7bcd08f31fb3e2cea1e824982af00196,full,22,low,0.7629115134,0.2370884866,high,2.103171349,0.02932531759
m3_discounted,314,0,46,2815019765d0a2b0cd8db67fb79e15ec0c4893de14483f3e6156ddacadb10f7a,t3,4,high,0.8156946301,0.1843053699,high,0.1160950214,-0.001506729051
m3_discounted,314,0,46,2815019765d0a2b0cd8db67fb79e15ec0c4893de14483f3e6156ddacadb10f7a,t5,8,high,0.7698289305,0.2301710695,high,0.8809828758,-0.0220934879
m3_discounted,314,0,46,2815019765d0a2b0cd8db67fb79e15ec0c4893de14483f3e6156ddacadb10f7a,t10,18,high,0.7803469002,0.2196530998,high,1.874065757,-0.08326789737
m3_discounted,314,0,46,2815019765d0a2b0cd8db67fb79e15ec0c4893de14483f3e6156ddacadb10f7a,t20,38,high,0.7788295299,0.2211704701,high,2.354932547,-0.1273126304
m3_discounted,314,0,46,2815019765d0a2b0cd8db67fb79e15ec0c4893de14483f3e6156ddacadb10f7a,full,58,high,0.7558425814,0.2441574186,high,4.921438694,-0.1791107953
m3_discounted,314,0,53,646074c09ce77345f3d6434db5b2b976626086f4a3ba9020dc6fa992fa6887ac,t3,4,low,0.7641007751,0.2358992249,high,0.8439857364,-0.00234068092
m3_discounted,314,0,53,646074c09ce77345f3d6434db5b2b976626086f4a3ba9020dc6fa992fa6887ac,t5,8,low,0.8136262447,0.1863737553,high,0.4316585958,-0.02871176228
m3_discounted,314,0,53,646074c09ce77345f3d6434db5b2b976626086f4a3ba9020dc6fa992fa6887ac,t10,18,low,0.7639263272,0.2360736728,high,1.410551071,-0.08333753794
m3_discounted,314,0,53,646074c09ce77345f3d6434db5b2b976626086f4a3ba9020dc6fa992fa6887ac,t20,38,low,0.7920238823,0.2079761177,high,2.215259075,-0.1595311463
m3_discounted,314,0,53,646074c09ce77345f3d6434db5b2b976626086f4a3ba9020dc6fa992fa6887ac,full,106,low,0.8001185656,0.1998814344,high,5.510118484,-0.1145880446
m3_discounted,314,0,55,1b9abf33ba8b2badfab01f2ee1f7aa958800a9808d579c0ec4e6bc41eb27f449,t3,4,high,0.8045544624,0.1954455376,high,0.246691823,-0.02942964807
m3_discounted,314,0,55,1b9abf33ba8b2badfab01f2ee1f7aa958800a9808d579c0ec4e6bc41eb27f449,t5,8,high,0.7451172173,0.2548827827,high,1.187472224,-0.005082771182
m3_discounted,314,0,55,1b9abf33ba8b2badfab01f2ee1f7aa958800a9808d579c0ec4e6bc41eb27f449,t10,18,high,0.7900870889,0.2099129111,high,1.796110153,-0.0680186376
m3_discounted,314,0,55,1b9abf33ba8b2badfab01f2ee1f7aa958800a9808d579c0ec4e6bc41eb27f449,t20,38,high,0.8514409214,0.1485590786,high,1.197341561,-0.1255683601
m3_discounted,314,0,55,1b9abf33ba8b2badfab01f2ee1f7aa958800a9808d579c0ec4e6bc41eb27f449,full,64,high,0.759711802,0.240288198,high,3.076066017,-0.1769316494
m3_discounted,314,0,65,884e0cb0d19baa05ae86bae59b5351a82ddcdb9a7af044867db66a819a131389,t3,5,high,0.8057625592,0.1942374408,high,0.2958328128,-0.04402520135
m3_discounted,314,0,65,884e0cb0d19baa05ae86bae59b5351a82ddcdb9a7af044867db66a819a131389,t5,9,high,0.855276674,0.144723326,high,-0.4402539134,-0.06638494134
m3_discounted,314,0,65,884e0cb0d19baa05ae86bae59b5351a82ddcdb9a7af044867db66a819a131389,t10,19,high,0.9015361965,0.09846380353,high,-2.497405529,-0.1173298955
m3_discounted,314,0,65,884e0cb0d19baa05ae86bae59b5351a82ddcdb9a7af044867db66a819a131389,full,33,high,0.9111378267,0.08886217326,high,-5.060084343,-0.203512609
m3_discounted,314,0,67,38b5c44ace8c39b31954af0c9b3057abad24dd37ec441de169f055949fb91ed3,t3,4,high,0.8059578538,0.1940421462,high,0.2821855545,0.02517944574
m3_discounted,314,0,67,38b5c44ace8c39b31954af0c9b3057abad24dd37ec441de169f055949fb91ed3,t5,8,high,0.7838564664,0.2161435336,high,0.6997047663,-0.001295453869
m3_discounted,314,0,67,38b5c44ace8c39b31954af0c9b3057abad24dd37ec441de169f055949fb91ed3,t10,18,high,0.7268176675,0.2731823325,high,2.254175186,-0.02927000448
m3_discounted,314,0,67,38b5c44ace8c39b31954af0c9b3057abad24dd37ec441de169f055949fb91ed3,t20,38,high,0.7458847165,0.2541152835,high,4.627166271,-0.1493807882
m3_discounted,314,0,67,38b5c44ace8c39b31954af0c9b3057abad24dd37ec441de169f055949fb91ed3,full,46,high,0.7793241292,0.2206758708,high,4.782862186,-0.1051713973
m3_discounted,314,0,69,eff9b2507927f7894349799dbb77b0c66871e7547a4170f6e6ef409f01493d5d,t3,4,low,0.7480370104,0.2519629896,high,0.9281544685,0.02240187302
m3_discounted,314,0,69,eff9b2507927f7894349799dbb77b0c66871e7547a4170f6e6ef409f01493d5d,full,6,low,0.7479908466,0.2520091534,high,1.161759496,0.02000559308
m3_discounted,314,0,70,eff9b2507927f7894349799dbb77b0c66871e7547a4170f6e6ef409f01493d5d,t3,4,high,0.7773034275,0.2226965725,high,0.6653284431,0.008561162278
m3_discounted,314,0,70,eff9b2507927f7894349799dbb77b0c66871e7547a4170f6e6ef409f01493d5d,t5,8,high,0.7239004672,0.2760995328,high,1.654511571,0.02337079681
m3_discounted,314,0,70,eff9b2507927f7894349799dbb77b0c66871e7547a4170f6e6ef409f01493d5d,full,10,high,0.70639503,0.29360497,high,2.144803047,0.009286957793
m3_discounted,314,0,77,5ee3de464b1eb18f6dbc71fac32dd821ec33a6f6ea0d273324ce5d81751bbc74,t3,4,high,0.8658463359,0.1341536641,high,-0.7622725368,-0.03624998778
m3_discounted,314,0,77,5ee3de464b1eb18f6dbc71fac32dd821ec33a6f6ea0d273324ce5d81751bbc74,t5,8,high,0.8614082336,0.1385917664,high,-1.005810738,-0.03106259741
m3_discounted,314,0,77,5ee3de464b1eb18f6dbc71fac32dd821ec33a6f6ea0d273324ce5d81751bbc74,t10,18,high,0.8317195177,0.1682804823,high,-0.8630580902,-0.08674228191
m3_discounted,314,0,77,5ee3de464b1eb18f6dbc71fac32dd821ec33a6f6ea0d273324ce5d81751bbc74,t20,38,high,0.7978575975,0.2021424025,high,-1.052564263,-0.004215789959
m3_discounted,314,0,77,5ee3de464b1eb18f6dbc71fac32dd821ec33a6f6ea0d273324ce5d81751bbc74,full,42,high,0.7742754817,0.2257245183,high,-0.5808994174,-0.02421896905
m3_discounted,314,0,79,2523640a662b9aab8fa56e40699e7726fd765a9ae7ecdc36a012e3ad8211a245,t3,5,high,0.8468608111,0.1531391889,high,-0.4541905224,-0.03496083617
m3_discounted,314,0,79,2523640a662b9aab8fa56e40699e7726fd765a9ae7ecdc36a012e3ad8211a245,t5,9,high,0.8796172217,0.1203827783,high,-1.326289058,-0.04507821426
m3_discounted,314,0,79,2523640a662b9aab8fa56e40699e7726fd765a9ae7ecdc36a012e3ad8211a245,full,9,high,0.8796172217,0.1203827783,high,-1.326289058,-0.04507821426
m3_discounted,314,0,80,a6ba01099092faefda72e83a5ffad12164972913b573b6580138d019a5453418,t3,4,high,0.8233497888,0.1766502112,high,0.02303798497,-0.04214842618
m3_discounted,314,0,80,a6ba01099092faefda72e83a5ffad12164972913b573b6580138d019a5453418,t5,8,high,0.8404881507,0.1595118493,high,-0.3250841498,-0.06951399893
m3_discounted,314,0,80,a6ba01099092faefda72e83a5ffad12164972913b573b6580138d019a5453418,t10,18,high,0.8651560545,0.1348439455,high,-1.233063817,-0.1239303499
m3_discounted,314,0,80,a6ba01099092faefda72e83a5ffad12164972913b573b6580138d019a5453418,t20,38,high,0.849032566,0.150967434,high,-3.103601694,-0.2366281897
m3_discounted,314,0,80,a6ba01099092faefda72e83a5ffad12164972913b573b6580138d019a5453418,full,62,high,0.8043935448,0.1956064552,high,-3.10162735,-0.3348656893
m3_discounted,314,0,82,eac114d0fbda834121eb1da95e9dd3d4e76db9e3188fcf74d6d679a8efd3c8f1,t3,4,high,0.7892789543,0.2107210457,high,0.5515908003,-0.03543623537
m3_discounted,314,0,82,eac114d0fbda834121eb1da95e9dd3d4e76db9e3188fcf74d6d679a8efd3c8f1,t5,8,high,0.8222615272,0.1777384728,high,0.2742799819,-0.04651841521
m3_discounted,314,0,82,eac114d0fbda834121eb1da95e9dd3d4e76db9e3188fcf74d6d679a8efd3c8f1,t10,18,high,0.8653349429,0.1346650571,high,-0.952536881,-0.08951302618
m3_discounted,314,0,82,eac114d0fbda834121eb1da95e9dd3d4e76db9e3188fcf74d6d679a8efd3c8f1,full,36,high,0.7662776709,0.2337223291,high,0.06044232845,-0.1021872759
m3_discounted,314,0,87,c2a6706263d09c63b307df18a79bae14418b0faf3038d47b68ad4d2e853e3f99,t3,4,high,0.7903502285,0.2096497715,high,0.481025368,0.02767033875
m3_discounted,314,0,87,c2a6706263d09c63b307df18a79bae14418b0faf3038d47b68ad4d2e853e3f99,t5,8,high,0.7788502276,0.2211497724,high,0.9169422388,-0.001777973957
m3_discounted,314,0,87,c2a6706263d09c63b307df18a79bae14418b0faf3038d47b68ad4d2e853e3f99,t10,18,high,0.8653538525,0.1346461475,high,-0.45189327,-0.05973020568
m3_discounted,314,0,87,c2a6706263d09c63b307df18a79bae14418b0faf3038d47b68ad4d2e853e3f99,full,24,high,0.8351507187,0.1648492813,high,-0.3065176308,-0.09836742282
m3_discounted,314,0,94,16ad8c075416a1640a523d8697d580ecb71be79a914d2b7439592eef75b54a0e,t3,4,high,0.8540893644,0.1459106356,high,-0.4827490747,-0.02032573149
m3_discounted,314,0,94,16ad8c075416a1640a523d8697d580ecb71be79a914d2b7439592eef75b54a0e,t5,8,high,0.8631736934,0.1368263066,high,-0.9714429975,-0.03454998136
m3_discounted,314,0,94,16ad8c075416a1640a523d8697d580ecb71be79a914d2b7439592eef75b54a0e,t10,18,high,0.8897797465,0.1102202535,high,-2.830448627,-0.0525501892
m3_discounted,314,0,94,16ad8c075416a1640a523d8697d580ecb71be79a914d2b7439592eef75b54a0e,t20,38,high,0.8825787604,0.1174212396,high,-4.499401569,-0.1527121961
m3_discounted,314,0,94,16ad8c075416a1640a523d8697d580ecb71be79a914d2b7439592eef75b54a0e,full,60,high,0.89459005,0.10540995,high,-7.52366209,-0.2609352171
m3_discounted,314,0,101,c5c61ac6a632dc81f083aca02a5ce3ff9b90ef1e69a86f138b246bd23e7d0ea9,t3,4,high,0.8378174454,0.1621825546,high,-0.2947647274,-0.01179521717
m3_discounted,314,0,101,c5c61ac6a632dc81f083aca02a5ce3ff9b90ef1e69a86f138b246bd23e7d0ea9,t5,8,high,0.8107150495,0.1892849505,high,0.08347347379,-0.04114535078
m3_discounted,314,0,101,c5c61ac6a632dc81f083aca02a5ce3ff9b90ef1e69a86f138b246bd23e7d0ea9,t10,18,high,0.8035084307,0.1964915693,high,0.7026177645,-0.1103616208
m3_discounted,314,0,101,c5c61ac6a632dc81f083aca02a5ce3ff9b90ef1e69a86f138b246bd23e7d0ea9,t20,38,high,0.7342784405,0.2657215595,high,2.85696125,-0.07180058956
m3_discounted,314,0,101,c5c61ac6a632dc81f083aca02a5ce3ff9b90ef1e69a86f138b246bd23e7d0ea9,full,62,high,0.7224138379,0.2775861621,high,5.68252039,-0.1260646582
m3_discounted,314,0,104,ce81615fdfacce198687f92d3c58747d1f210c5783fa3bb46aa95df8fb61efdc,t3,4,high,0.7881445438,0.2118554562,high,0.5413415432,0.001006616745
m3_discounted,314,0,104,ce81615fdfacce198687f92d3c58747d1f210c5783fa3bb46aa95df8fb61efdc,t5,8,high,0.8454550654,0.1545449346,high,-0.1700609922,-0.02636863664
m3_discounted,314,0,104,ce81615fdfacce198687f92d3c58747d1f210c5783fa3bb46aa95df8fb61efdc,t10,18,high,0.7439082265,0.2560917735,high,1.518728137,-0.04967524484
m3_discounted,314,0,104,ce81615fdfacce198687f92d3c58747d1f210c5783fa3bb46aa95df8fb61efdc,t20,38,high,0.8207287192,0.1792712808,high,1.847140312,-0.0737497732
m3_discounted,314,0,104,ce81615fdfacce198687f92d3c58747d1f210c5783fa3bb46aa95df8fb61efdc,full,54,high,0.7897004187,0.2102995813,high,2.288975477,-0.1600451618
m3_discounted,314,0,108,b74f3f5afc0b04fa76647aa59087b92f57a410aac28d92b9e08e36f063008fba,t3,4,high,0.8695337772,0.1304662228,high,-0.765904963,-0.03329441696
m3_discounted,314,0,108,b74f3f5afc0b04fa76647aa59087b92f57a410aac28d92b9e08e36f063008fba,t5,8,high,0.877394326,0.122605674,high,-1.273248911,-0.05378086865
m3_discounted,314,0,108,b74f3f5afc0b04fa76647aa59087b92f57a410aac28d92b9e08e36f063008fba,t10,18,high,0.9017249867,0.09827501327,high,-3.008749008,-0.07622417808
m3_discounted,314,0,108,b74f3f5afc0b04fa76647aa59087b92f57a410aac28d92b9e08e36f063008fba,t20,38,high,0.8012966663,0.1987033337,high,-2.184005737,-0.1836314797
m3_discounted,314,0,108,b74f3f5afc0b04fa76647aa59087b92f57a410aac28d92b9e08e36f063008fba,full,56,high,0.7876195759,0.2123804241,high,-2.222810984,-0.1908872575
m3_discounted,314,0,109,f92544f5ed508add4c093c58e76fce40d49ca14b51000a7b8770e0152039d485,t3,4,high,0.8155623972,0.1844376028,high,-0.01155845821,0.03969471529
m3_discounted,314,0,109,f92544f5ed508add4c093c58e76fce40d49ca14b51000a7b8770e0152039d485,t5,8,high,0.8614565581,0.1385434419,high,-0.7651728392,0.03519335017
m3_discounted,314,0,109,f92544f5ed508add4c093c58e76fce40d49ca14b51000a7b8770e0152039d485,t10,18,high,0.8414533585,0.1585466415,high,-0.8142281175,0.01547422539
m3_discounted,314,0,109,f92544f5ed508add4c093c58e76fce40d49ca14b51000a7b8770e0152039d485,t20,38,high,0.8020348698,0.1979651302,high,-0.5440871716,-0.01846265048
m3_discounted,314,0,109,f92544f5ed508add4c093c58e76fce40d49ca14b51000a7b8770e0152039d485,full,44,high,0.7503508627,0.2496491373,high,0.3863573074,-0.01398393884
m3_discounted,314,0,119,5e9b1bd1f06698191157fbc99f25182854ee47dcc819d045d1eee684d797587b,t3,4,high,0.8821640834,0.1178359166,high,-1.045023441,-0.0339327231
m3_discounted,314,0,119,5e9b1bd1f06698191157fbc99f25182854ee47dcc819d045d1eee684d797587b,t5,8,high,0.8968280032,0.1031719968,high,-1.913667202,-0.04591816664
m3_discounted,314,0,119,5e9b1bd1f06698191157fbc99f25182854ee47dcc819d045d1eee684d797587b,t10,18,high,0.9025065079,0.09749349207,high,-3.611348391,-0.08526564389
m3_discounted,314,0,119,5e9b1bd1f06698191157fbc99f25182854ee47dcc819d045d1eee684d797587b,t20,38,high,0.8780734241,0.1219265759,high,-5.913615704,-0.1841912717
m3_discounted,314,0,119,5e9b1bd1f06698191157fbc99f25182854ee47dcc819d045d1eee684d797587b,full,84,high,0.8358679712,0.1641320288,high,-8.620307922,-0.3728446364
m3_discounted,314,0,121,b3b2e2bd4653e0479aa37231686157e94d03881d3e717ffb4b92970e7582dc0d,t3,4,high,0.7936067581,0.2063932419,high,0.4621783495,0.01310663112
m3_discounted,314,0,121,b3b2e2bd4653e0479aa37231686157e94d03881d3e717ffb4b92970e7582dc0d,t5,8,high,0.7843570411,0.2156429589,high,0.8568835855,0.009983960539
m3_discounted,314,0,121,b3b2e2bd4653e0479aa37231686157e94d03881d3e717ffb4b92970e7582dc0d,t10,18,high,0.798480317,0.201519683,high,1.495897889,-0.06240711361
m3_discounted,314,0,121,b3b2e2bd4653e0479aa37231686157e94d03881d3e717ffb4b92970e7582dc0d,t20,38,high,0.8882292435,0.1117707565,high,-1.091843009,-0.140317753
m3_discounted,314,0,121,b3b2e2bd4653e0479aa37231686157e94d03881d3e717ffb4b92970e7582dc0d,full,596,high,0.8135401607,0.1864598393,high,-14.80830765,-1.689958215
m3_discounted,314,0,123,6c7e3cea7a4858b1ace2a58c01677e91a03db28f550513c277a01f23b2083836,t3,4,low,0.7631916702,0.2368083298,high,0.7361975312,0.07564076036
m3_discounted,314,0,123,6c7e3cea7a4858b1ace2a58c01677e91a03db28f550513c277a01f23b2083836,t5,8,low,0.719478488,0.280521512,high,1.663656235,0.07994766533
m3_discounted,314,0,123,6c7e3cea7a4858b1ace2a58c01677e91a03db28f550513c277a01f23b2083836,t10,18,low,0.6864371002,0.3135628998,high,3.619323969,0.1309953481
m3_discounted,314,0,123,6c7e3cea7a4858b1ace2a58c01677e91a03db28f550513c277a01f23b2083836,full,26,low,0.6620567739,0.3379432261,high,5.120768547,0.2036877871
m3_discounted,314,0,131,78d93e44688ea4c2b1b0be54e645ffaf0ab8c612ccfe0606b26306c0bdd7eb9e,t3,4,low,0.779446885,0.220553115,high,0.5754135847,-0.03211735189
m3_discounted,314,0,131,78d93e44688ea4c2b1b0be54e645ffaf0ab8c612ccfe0606b26306c0bdd7eb9e,t5,8,low,0.8397088945,0.1602911055,high,-0.07055164874,-0.05118852854
m3_discounted,314,0,131,78d93e44688ea4c2b1b0be54e645ffaf0ab8c612ccfe0606b26306c0bdd7eb9e,t10,18,low,0.8949908242,0.1050091758,high,-2.039427996,-0.08371972293
m3_discounted,314,0,131,78d93e44688ea4c2b1b0be54e645ffaf0ab8c612ccfe0606b26306c0bdd7eb9e,t20,38,low,0.839075312,0.160924688,high,-2.262205601,-0.1411953419
m3_discounted,314,0,131,78d93e44688ea4c2b1b0be54e645ffaf0ab8c612ccfe0606b26306c0bdd7eb9e,full,90,low,0.7398819029,0.2601180971,high,-4.247313976,-0.2029260099
m3_discounted,2718,0,14,892e4e1ab6068fc4434d0054ab76e2c3c0d9bf73fcc5cd615db68815b3134102,t3,4,high,0.7318453491,0.2681546509,high,1.180450797,0.01073986851
m3_discounted,2718,0,14,892e4e1ab6068fc4434d0054ab76e2c3c0d9bf73fcc5cd615db68815b3134102,t5,8,high,0.6992020607,0.3007979393,high,2.127646685,0.0109478496
m3_discounted,2718,0,14,892e4e1ab6068fc4434d0054ab76e2c3c0d9bf73fcc5cd615db68815b3134102,t10,18,high,0.6501187682,0.3498812318,high,4.519624233,0.0357833989
m3_discounted,2718,0,14,892e4e1ab6068fc4434d0054ab76e2c3c0d9bf73fcc5cd615db68815b3134102,t20,38,high,0.6249417961,0.3750582039,high,9.267100334,0.04100717604
m3_discounted,2718,0,14,892e4e1ab6068fc4434d0054ab76e2c3c0d9bf73fcc5cd615db68815b3134102,full,48,high,0.6209818125,0.3790181875,high,11.65204716,0.04751114547
m3_discounted,2718,0,17,4e9629cc0367f8dbaf9608d5600aa795a09c3ebbe94051365be8cd7611f13d26,t3,4,low,0.7272084057,0.2727915943,high,1.224366188,0.02485819347
m3_discounted,2718,0,17,4e9629cc0367f8dbaf9608d5600aa795a09c3ebbe94051365be8cd7611f13d26,t5,8,low,0.6945869327,0.3054130673,high,2.186500788,0.03280871734
m3_discounted,2718,0,17,4e9629cc0367f8dbaf9608d5600aa795a09c3ebbe94051365be8cd7611f13d26,t10,18,low,0.6425961852,0.3574038148,high,4.596878529,0.1046978384
m3_discounted,2718,0,17,4e9629cc0367f8dbaf9608d5600aa795a09c3ebbe94051365be8cd7611f13d26,full,28,low,0.6238194406,0.3761805594,high,7.011730671,0.1623609066
m3_discounted,2718,0,21,c1b71ca5fcfb63cd845ec42d43753eca41cf5c90313140ea6e9695c2c654df6d,t3,4,high,0.7344025075,0.2655974925,high,1.122244477,0.02584440261
m3_discounted,2718,0,21,c1b71ca5fcfb63cd845ec42d43753eca41cf5c90313140ea6e9695c2c654df6d,t5,8,high,0.6992837191,0.3007162809,high,2.074898481,0.03863309696
m3_discounted,2718,0,21,c1b71ca5fcfb63cd845ec42d43753eca41cf5c90313140ea6e9695c2c654df6d,t10,18,high,0.6489813626,0.3510186374,high,4.48769474,0.05146165937
m3_discounted,2718,0,21,c1b71ca5fcfb63cd845ec42d43753eca41cf5c90313140ea6e9695c2c654df6d,t20,38,high,0.6248870492,0.3751129508,high,9.283526421,0.07238197327
m3_discounted,2718,0,21,c1b71ca5fcfb63cd845ec42d43753eca41cf5c90313140ea6e9695c2c654df6d,full,246,high,0.6144705117,0.3855294883,high,59.19886017,0.4531838298
m3_discounted,2718,0,27,e883cab14c33a28c3bf1e25281ef335a7bcd08f31fb3e2cea1e824982af00196,t3,4,low,0.7275902629,0.2724097371,high,1.222407579,0.02388249338
m3_discounted,2718,0,27,e883cab14c33a28c3bf1e25281ef335a7bcd08f31fb3e2cea1e824982af00196,t5,8,low,0.6929147542,0.3070852458,high,2.203604698,0.03184035048
m3_discounted,2718,0,27,e883cab14c33a28c3bf1e25281ef335a7bcd08f31fb3e2cea1e824982af00196,t10,18,low,0.6403249204,0.3596750796,high,4.661495209,0.08137934655
m3_discounted,2718,0,27,e883cab14c33a28c3bf1e25281ef335a7bcd08f31fb3e2cea1e824982af00196,full,22,low,0.6323164403,0.3676835597,high,5.631979942,0.08723778278
m3_discounted,2718,0,46,2815019765d0a2b0cd8db67fb79e15ec0c4893de14483f3e6156ddacadb10f7a,t3,4,high,0.7312985361,0.2687014639,high,1.155444264,0.03339578956
m3_discounted,2718,0,46,2815019765d0a2b0cd8db67fb79e15ec0c4893de14483f3e6156ddacadb10f7a,t5,8,high,0.6959884763,0.3040115237,high,2.119771957,0.04960931093
m3_discounted,2718,0,46,2815019765d0a2b0cd8db67fb79e15ec0c4893de14483f3e6156ddacadb10f7a,t10,18,high,0.650256604,0.349743396,high,4.512745857,0.06539753079
m3_discounted,2718,0,46,2815019765d0a2b0cd8db67fb79e15ec0c4893de14483f3e6156ddacadb10f7a,t20,38,high,0.6174363494,0.3825636506,high,9.321427345,0.1368501186
m3_discounted,2718,0,46,2815019765d0a2b0cd8db67fb79e15ec0c4893de14483f3e6156ddacadb10f7a,full,58,high,0.6113667488,0.3886332512,high,14.18181896,0.224360317
m3_discounted,2718,0,53,646074c09ce77345f3d6434db5b2b976626086f4a3ba9020dc6fa992fa6887ac,t3,4,low,0.7264004052,0.2735995948,high,1.227756619,0.03094982542
m3_discounted,2718,0,53,646074c09ce77345f3d6434db5b2b976626086f4a3ba9020dc6fa992fa6887ac,t5,8,low,0.6923387051,0.3076612949,high,2.205819607,0.04210504517
m3_discounted,2718,0,53,646074c09ce77345f3d6434db5b2b976626086f4a3ba9020dc6fa992fa6887ac,t10,18,low,0.6459419131,0.3540580869,high,4.62066412,0.06376037002
m3_discounted,2718,0,53,646074c09ce77345f3d6434db5b2b976626086f4a3ba9020dc6fa992fa6887ac,t20,38,low,0.6202068329,0.3797931671,high,9.467768669,0.1042966619
m3_discounted,2718,0,53,646074c09ce77345f3d6434db5b2b976626086f4a3ba9020dc6fa992fa6887ac,full,106,low,0.6115662158,0.3884337842,high,25.9826355,0.3781107366
m3_discounted,2718,0,55,1b9abf33ba8b2badfab01f2ee1f7aa958800a9808d579c0ec4e6bc41eb27f449,t3,4,high,0.7266489863,0.2733510137,high,1.228268504,0.02597922832
m3_discounted,2718,0,55,1b9abf33ba8b2badfab01f2ee1f7aa958800a9808d579c0ec4e6bc41eb27f449,t5,8,high,0.6912657022,0.3087342978,high,2.197179794,0.05770721287
m3_discounted,2718,0,55,1b9abf33ba8b2badfab01f2ee1f7aa958800a9808d579c0ec4e6bc41eb27f449,t10,18,high,0.6447851658,0.3552148342,high,4.625833511,0.08030178398
m3_discounted,2718,0,55,1b9abf33ba8b2badfab01f2ee1f7aa958800a9808d579c0ec4e6bc41eb27f449,t20,38,high,0.6184043884,0.3815956116,high,9.429754257,0.1467179656
m3_discounted,2718,0,55,1b9abf33ba8b2badfab01f2ee1f7aa958800a9808d579c0ec4e6bc41eb27f449,full,64,high,0.6113398373,0.3886601627,high,15.75050449,0.2543652356
m3_discounted,2718,0,65,884e0cb0d19baa05ae86bae59b5351a82ddcdb9a7af044867db66a819a131389,t3,5,high,0.7215044796,0.2784955204,high,1.443413734,-0.0006176134339
m3_discounted,2718,0,65,884e0cb0d19baa05ae86bae59b5351a82ddcdb9a7af044867db66a819a131389,t5,9,high,0.6904639006,0.3095360994,high,2.413839102,-0.004423919134
m3_discounted,2718,0,65,884e0cb0d19baa05ae86bae59b5351a82ddcdb9a7af044867db66a819a131389,t10,19,high,0.6457617283,0.3542382717,high,4.829332352,0.0004320564331
m3_discounted,2718,0,65,884e0cb0d19baa05ae86bae59b5351a82ddcdb9a7af044867db66a819a131389,full,33,high,0.6239759922,0.3760240078,high,8.215137482,0.01007591933
m3_discounted,2718,0,67,38b5c44ace8c39b31954af0c9b3057abad24dd37ec441de169f055949fb91ed3,t3,4,high,0.7259519994,0.2740480006,high,1.221388459,0.03800677508
m3_discounted,2718,0,67,38b5c44ace8c39b31954af0c9b3057abad24dd37ec441de169f055949fb91ed3,t5,8,high,0.6911146641,0.3088853359,high,2.207039595,0.05144581199
m3_discounted,2718,0,67,38b5c44ace8c39b31954af0c9b3057abad24dd37ec441de169f055949fb91ed3,t10,18,high,0.6414899528,0.3585100472,high,4.655153751,0.0965904817
m3_discounted,2718,0,67,38b5c44ace8c39b31954af0c9b3057abad24dd37ec441de169f055949fb91ed3,t20,38,high,0.6165296435,0.3834703565,high,9.504581451,0.1588638723
m3_discounted,2718,0,67,38b5c44ace8c39b31954af0c9b3057abad24dd37ec441de169f055949fb91ed3,full,46,high,0.6116342247,0.3883657753,high,11.45009041,0.2149589658
m3_discounted,2718,0,69,eff9b2507927f7894349799dbb77b0c66871e7547a4170f6e6ef409f01493d5d,t3,4,low,0.7338709533,0.2661290467,high,1.115190506,0.04041372985
m3_discounted,2718,0,69,eff9b2507927f7894349799dbb77b0c66871e7547a4170f6e6ef409f01493d5d,full,6,low,0.7147775292,0.2852224708,high,1.596457601,0.04269855097
m3_discounted,2718,0,70,eff9b2507927f7894349799dbb77b0c66871e7547a4170f6e6ef409f01493d5d,t3,4,high,0.726583004,0.273416996,high,1.215718746,0.03522775695
m3_discounted,2718,0,70,eff9b2507927f7894349799dbb77b0c66871e7547a4170f6e6ef409f01493d5d,t5,8,high,0.6918143928,0.3081856072,high,2.185291767,0.06175678596
m3_discounted,2718,0,70,eff9b2507927f7894349799dbb77b0c66871e7547a4170f6e6ef409f01493d5d,full,10,high,0.6805290878,0.3194709122,high,2.660088778,0.06178070232
m3_discounted,2718,0,77,5ee3de464b1eb18f6dbc71fac32dd821ec33a6f6ea0d273324ce5d81751bbc74,t3,4,high,0.7566296309,0.2433703691,high,0.8482990265,0.01417611539
m3_discounted,2718,0,77,5ee3de464b1eb18f6dbc71fac32dd821ec33a6f6ea0d273324ce5d81751bbc74,t5,8,high,0.7159163952,0.2840836048,high,1.763112068,0.03120534495
m3_discounted,2718,0,77,5ee3de464b1eb18f6dbc71fac32dd821ec33a6f6ea0d273324ce5d81751bbc74,t10,18,high,0.6526936889,0.3473063111,high,4.170466423,0.06716539711
m3_discounted,2718,0,77,5ee3de464b1eb18f6dbc71fac32dd821ec33a6f6ea0d273324ce5d81751bbc74,t20,38,high,0.6140960157,0.3859039843,high,9.027825356,0.1782247126
m3_discounted,2718,0,77,5ee3de464b1eb18f6dbc71fac32dd821ec33a6f6ea0d273324ce5d81751bbc74,full,42,high,0.618209064,0.381790936,high,9.956898689,0.187139377
m3_discounted,2718,0,79,2523640a662b9aab8fa56e40699e7726fd765a9ae7ecdc36a012e3ad8211a245,t3,5,high,0.723562479,0.276437521,high,1.410730839,0.01125497464
m3_discounted,2718,0,79,2523640a662b9aab8fa56e40699e7726fd765a9ae7ecdc36a012e3ad8211a245,t5,9,high,0.6944487095,0.3055512905,high,2.340326548,0.01364533603
m3_discounted,2718,0,79,2523640a662b9aab8fa56e40699e7726fd765a9ae7ecdc36a012e3ad8211a245,full,9,high,0.6944487095,0.3055512905,high,2.340326548,0.01364533603
m3_discounted,2718,0,80,a6ba01099092faefda72e83a5ffad12164972913b573b6580138d019a5453418,t3,4,high,0.7460253537,0.2539746463,high,1.007764459,0.006542577874
m3_discounted,2718,0,80,a6ba01099092faefda72e83a5ffad12164972913b573b6580138d019a5453418,t5,8,high,0.7154855132,0.2845144868,high,1.867533445,0.006413974799
m3_discounted,2718,0,80,a6ba01099092faefda72e83a5ffad12164972913b573b6580138d019a5453418,t10,18,high,0.6561481059,0.3438518941,high,4.260550022,0.01233752072
m3_discounted,2718,0,80,a6ba01099092faefda72e83a5ffad12164972913b573b6580138d019a5453418,t20,38,high,0.619633168,0.380366832,high,9.089202881,0.03891512752
m3_discounted,2718,0,80,a6ba01099092faefda72e83a5ffad12164972913b573b6580138d019a5453418,full,62,high,0.6154864132,0.3845135868,high,14.91736221,0.07837833464
m3_discounted,2718,0,82,eac114d0fbda834121eb1da95e9dd3d4e76db9e3188fcf74d6d679a8efd3c8f1,t3,4,high,0.7428267598,0.2571732402,high,1.015437245,0.02219526842
m3_discounted,2718,0,82,eac114d0fbda834121eb1da95e9dd3d4e76db9e3188fcf74d6d679a8efd3c8f1,t5,8,high,0.7072950006,0.2927049994,high,1.937314153,0.03291942924
m3_discounted,2718,0,82,eac114d0fbda834121eb1da95e9dd3d4e76db9e3188fcf74d6d679a8efd3c8f1,t10,18,high,0.6508696675,0.3491303325,high,4.331460953,0.06875373423
m3_discounted,2718,0,82,eac114d0fbda834121eb1da95e9dd3d4e76db9e3188fcf74d6d679a8efd3c8f1,full,36,high,0.6207329035,0.3792670965,high,8.675647736,0.1249577031
m3_discounted,2718,0,87,c2a6706263d09c63b307df18a79bae14418b0faf3038d47b68ad4d2e853e3f99,t3,4,high,0.7264476418,0.2735523582,high,1.227976799,0.03281909972
m3_discounted,2718,0,87,c2a6706263d09c63b307df18a79bae14418b0faf3038d47b68ad4d2e853e3f99,t5,8,high,0.6931962371,0.3068037629,high,2.208505392,0.03241106123
m3_discounted,2718,0,87,c2a6706263d09c63b307df18a79bae14418b0faf3038d47b68ad4d2e853e3f99,t10,18,high,0.6481012404,0.3518987596,high,4.616005898,0.0317601189
m3_discounted,2718,0,87,c2a6706263d09c63b307df18a79bae14418b0faf3038d47b68ad4d2e853e3f99,full,24,high,0.6364305019,0.3635694981,high,6.046123028,0.02796411701
m3_discounted,2718,0,94,16ad8c075416a1640a523d8697d580ecb71be79a914d2b7439592eef75b54a0e,t3,4,high,0.7276749015,0.2723250985,high,1.224687338,0.01991083845
m3_discounted,2718,0,94,16ad8c075416a1640a523d8697d580ecb71be79a914d2b7439592eef75b54a0e,t5,8,high,0.6933884621,0.3066115379,high,2.202758789,0.02484014072
m3_discounted,2718,0,94,16ad8c075416a1640a523d8697d580ecb71be79a914d2b7439592eef75b54a0e,t10,18,high,0.6450602412,0.3549397588,high,4.636208534,0.03548556566
m3_discounted,2718,0,94,16ad8c075416a1640a523d8697d580ecb71be79a914d2b7439592eef75b54a0e,t20,38,high,0.6199065149,0.3800934851,high,9.483318329,0.07266160101
m3_discounted,2718,0,94,16ad8c075416a1640a523d8697d580ecb71be79a914d2b7439592eef75b54a0e,full,60,high,0.6153041422,0.3846958578,high,14.83701038,0.09227216989
m3_discounted,2718,0,101,c5c61ac6a632dc81f083aca02a5ce3ff9b90ef1e69a86f138b246bd23e7d0ea9,t3,4,high,0.7351192534,0.2648807466,high,1.111997604,0.02668628655
m3_discounted,2718,0,101,c5c61ac6a632dc81f083aca02a5ce3ff9b90ef1e69a86f138b246bd23e7d0ea9,t5,8,high,0.6998482943,0.3001517057,high,2.077826262,0.02631476521
m3_discounted,2718,0,101,c5c61ac6a632dc81f083aca02a5ce3ff9b90ef1e69a86f138b246bd23e7d0ea9,t10,18,high,0.6491465271,0.3508534729,high,4.489448547,0.04504017159
m3_discounted,2718,0,101,c5c61ac6a632dc81f083aca02a5ce3ff9b90ef1e69a86f138b246bd23e7d0ea9,t20,38,high,0.6157282591,0.3842717409,high,9.36025238,0.1269788593
m3_discounted,2718,0,101,c5c61ac6a632dc81f083aca02a5ce3ff9b90ef1e69a86f138b246bd23e7d0ea9,full,62,high,0.6132883728,0.3867116272,high,15.19319916,0.1738257259
m3_discounted,2718,0,104,ce81615fdfacce198687f92d3c58747d1f210c5783fa3bb46aa95df8fb61efdc,t3,4,high,0.7323302627,0.2676697373,high,1.164293647,0.02335546538
m3_discounted,2718,0,104,ce81615fdfacce198687f92d3c58747d1f210c5783fa3bb46aa95df8fb61efdc,t5,8,high,0.6961504817,0.3038495183,high,2.136979342,0.03669457138
m3_discounted,2718,0,104,ce81615fdfacce198687f92d3c58747d1f210c5783fa3bb46aa95df8fb61efdc,t10,18,high,0.650208354,0.349791646,high,4.48622179,0.06337293983
m3_discounted,2718,0,104,ce81615fdfacce198687f92d3c58747d1f210c5783fa3bb46aa95df8fb61efdc,t20,38,high,0.6217650175,0.3782349825,high,9.281359673,0.1368267387
m3_discounted,2718,0,104,ce81615fdfacce198687f92d3c58747d1f210c5783fa3bb46aa95df8fb61efdc,full,54,high,0.6153800488,0.3846199512,high,13.15055847,0.1899191737
m3_discounted,2718,0,108,b74f3f5afc0b04fa76647aa59087b92f57a410aac28d92b9e08e36f063008fba,t3,4,high,0.7309542,0.2690458,high,1.179463267,0.02095593885
m3_discounted,2718,0,108,b74f3f5afc0b04fa76647aa59087b92f57a410aac28d92b9e08e36f063008fba,t5,8,high,0.7009162605,0.2990837395,high,2.100179434,0.02578529902
m3_discounted,2718,0,108,b74f3f5afc0b04fa76647aa59087b92f57a410aac28d92b9e08e36f063008fba,t10,18,high,0.6545239091,0.3454760909,high,4.422463417,0.04412019253
m3_discounted,2718,0,108,b74f3f5afc0b04fa76647aa59087b92f57a410aac28d92b9e08e36f063008fba,t20,38,high,0.6175339222,0.3824660778,high,9.279356956,0.1072985083
m3_discounted,2718,0,108,b74f3f5afc0b04fa76647aa59087b92f57a410aac28d92b9e08e36f063008fba,full,56,high,0.6139329076,0.3860670924,high,13.66564083,0.1781838685
m3_discounted,2718,0,109,f92544f5ed508add4c093c58e76fce40d49ca14b51000a7b8770e0152039d485,t3,4,high,0.7257767618,0.2742232382,high,1.219455957,0.04395071417
m3_discounted,2718,0,109,f92544f5ed508add4c093c58e76fce40d49ca14b51000a7b8770e0152039d485,t5,8,high,0.691968441,0.308031559,high,2.203966379,0.04765408859
m3_discounted,2718,0,109,f92544f5ed508add4c093c58e76fce40d49ca14b51000a7b8770e0152039d485,t10,18,high,0.6439316869,0.3560683131,high,4.64274025,0.08070641756
m3_discounted,2718,0,109,f92544f5ed508add4c093c58e76fce40d49ca14b51000a7b8770e0152039d485,t20,38,high,0.6152338386,0.3847661614,high,9.520968437,0.160002619
m3_discounted,2718,0,109,f92544f5ed508add4c093c58e76fce40d49ca14b51000a7b8770e0152039d485,full,44,high,0.613946557,0.386053443,high,10.97974586,0.1813960373
m3_discounted,2718,0,119,5e9b1bd1f06698191157fbc99f25182854ee47dcc819d045d1eee684d797587b,t3,4,high,0.7606129944,0.2393870056,high,0.8342206478,0.001878365874
m3_discounted,2718,0,119,5e9b1bd1f06698191157fbc99f25182854ee47dcc819d045d1eee684d797587b,t5,8,high,0.7185027301,0.2814972699,high,1.754485965,0.01007323619
m3_discounted,2718,0,119,5e9b1bd1f06698191157fbc99f25182854ee47dcc819d045d1eee684d797587b,t10,18,high,0.662720412,0.337279588,high,4.09193325,0.009422717616
m3_discounted,2718,0,119,5e9b1bd1f06698191157fbc99f25182854ee47dcc819d045d1eee684d797587b,t20,38,high,0.6252236366,0.3747763634,high,8.916422844,0.0222260654
m3_discounted,2718,0,119,5e9b1bd1f06698191157fbc99f25182854ee47dcc819d045d1eee684d797587b,full,84,high,0.6154120266,0.3845879734,high,20.09902763,0.07608966529
m3_discounted,2718,0,121,b3b2e2bd4653e0479aa37231686157e94d03881d3e717ffb4b92970e7582dc0d,t3,4,high,0.7271299362,0.2728700638,high,1.216477871,0.02800368145
m3_discounted,2718,0,121,b3b2e2bd4653e0479aa37231686157e94d03881d3e717ffb4b92970e7582dc0d,t5,8,high,0.6922903061,0.3077096939,high,2.200134277,0.03818128631
m3_discounted,2718,0,121,b3b2e2bd4653e0479aa37231686157e94d03881d3e717ffb4b92970e7582dc0d,t10,18,high,0.6493979692,0.3506020308,high,4.591189861,0.04400464147
m3_discounted,2718,0,121,b3b2e2bd4653e0479aa37231686157e94d03881d3e717ffb4b92970e7582dc0d,t20,38,high,0.6259709895,0.3740290105,high,9.314361572,0.05300410464
m3_discounted,2718,0,121,b3b2e2bd4653e0479aa37231686157e94d03881d3e717ffb4b92970e7582dc0d,full,596,high,0.6132940948,0.3867059052,high,145.11203,1.092521906
m3_discounted,2718,0,123,6c7e3cea7a4858b1ace2a58c01677e91a03db28f550513c277a01f23b2083836,t3,4,low,0.7234809995,0.2765190005,high,1.232983112,0.0560099408
m3_discounted,2718,0,123,6c7e3cea7a4858b1ace2a58c01677e91a03db28f550513c277a01f23b2083836,t5,8,low,0.6905386746,0.3094613254,high,2.210666418,0.06622989476
m3_discounted,2718,0,123,6c7e3cea7a4858b1ace2a58c01677e91a03db28f550513c277a01f23b2083836,t10,18,low,0.6406520903,0.3593479097,high,4.65144062,0.1311762631
m3_discounted,2718,0,123,6c7e3cea7a4858b1ace2a58c01677e91a03db28f550513c277a01f23b2083836,full,26,low,0.6203778684,0.3796221316,high,6.622117519,0.1950621456
m3_discounted,2718,0,131,78d93e44688ea4c2b1b0be54e645ffaf0ab8c612ccfe0606b26306c0bdd7eb9e,t3,4,low,0.7283776402,0.2716223598,high,1.210266113,0.02442113683
m3_discounted,2718,0,131,78d93e44688ea4c2b1b0be54e645ffaf0ab8c612ccfe0606b26306c0bdd7eb9e,t5,8,low,0.6968328953,0.3031671047,high,2.161784887,0.0287179891
m3_discounted,2718,0,131,78d93e44688ea4c2b1b0be54e645ffaf0ab8c612ccfe0606b26306c0bdd7eb9e,t10,18,low,0.6461049914,0.3538950086,high,4.568095207,0.05856183916
m3_discounted,2718,0,131,78d93e44688ea4c2b1b0be54e645ffaf0ab8c612ccfe0606b26306c0bdd7eb9e,t20,38,low,0.6171298027,0.3828701973,high,9.44356823,0.1220505312
m3_discounted,2718,0,131,78d93e44688ea4c2b1b0be54e645ffaf0ab8c612ccfe0606b26306c0bdd7eb9e,full,90,low,0.6132970154,0.3867029846,high,21.94394112,0.3138498664
m3_discounted,42,1,5,acef12612f4cc8a8551d6eed74f7140693018819c768baebe55af31070bb4a48,t3,4,high,0.7764450759,0.2235549241,high,1.008202791,-0.007002676837
m3_discounted,42,1,5,acef12612f4cc8a8551d6eed74f7140693018819c768baebe55af31070bb4a48,t5,8,high,0.7395615578,0.2604384422,high,1.935371518,0.02370441705
m3_discounted,42,1,5,acef12612f4cc8a8551d6eed74f7140693018819c768baebe55af31070bb4a48,t10,18,high,0.6974043548,0.3025956452,high,4.175388336,0.0730528608
m3_discounted,42,1,5,acef12612f4cc8a8551d6eed74f7140693018819c768baebe55af31070bb4a48,t20,38,high,0.6798285842,0.3201714158,high,8.615764618,0.04639846087
m3_discounted,42,1,5,acef12612f4cc8a8551d6eed74f7140693018819c768baebe55af31070bb4a48,full,202,high,0.7975071371,0.2024928629,high,30.61420059,-0.1044347882
m3_discounted,42,1,8,242385d41a2f2e2c7cf667f3555e67d2393f27bebfb58a47237bcb1fe3ddc21f,t3,4,high,0.8296285719,0.1703714281,high,0.3362052441,-0.004473214038
m3_discounted,42,1,8,242385d41a2f2e2c7cf667f3555e67d2393f27bebfb58a47237bcb1fe3ddc21f,t5,8,high,0.806253612,0.193746388,high,0.8391139507,-7.941946387e-05
m3_discounted,42,1,8,242385d41a2f2e2c7cf667f3555e67d2393f27bebfb58a47237bcb1fe3ddc21f,t10,18,high,0.7916478217,0.2083521783,high,1.638215542,-0.03928732127
m3_discounted,42,1,8,242385d41a2f2e2c7cf667f3555e67d2393f27bebfb58a47237bcb1fe3ddc21f,full,28,high,0.7375407815,0.2624592185,high,3.650755167,-0.04851371795
m3_discounted,42,1,11,9063fe5a96a210ebfe12759f47a23a0522765005e854174ae1dbba306d5ab91e,t3,4,high,0.8032364249,0.1967635751,high,0.6622335315,-0.01850430854
m3_discounted,42,1,11,9063fe5a96a210ebfe12759f47a23a0522765005e854174ae1dbba306d5ab91e,t5,8,high,0.7676521093,0.2323478907,high,1.476276875,-0.01916099712
m3_discounted,42,1,11,9063fe5a96a210ebfe12759f47a23a0522765005e854174ae1dbba306d5ab91e,full,14,high,0.7177654803,0.2822345197,high,2.901762247,0.01630091295
m3_discounted,42,1,22,908b32eb48120ce4dbf68981ea7e019915cec0971b94eafa2f753fb312d2777a,t3,4,high,0.7800721675,0.2199278325,high,0.9373669624,0.01713559963
m3_discounted,42,1,22,908b32eb48120ce4dbf68981ea7e019915cec0971b94eafa2f753fb312d2777a,t5,8,high,0.7882361561,0.2117638439,high,1.260844588,0.05003165454
m3_discounted,42,1,22,908b32eb48120ce4dbf68981ea7e019915cec0971b94eafa2f753fb312d2777a,t10,18,high,0.7288308442,0.2711691558,high,3.220013618,0.06952995062
m3_discounted,42,1,22,908b32eb48120ce4dbf68981ea7e019915cec0971b94eafa2f753fb312d2777a,t20,38,high,0.7574527413,0.2425472587,high,5.555188179,-0.08502408117
m3_discounted,42,1,22,908b32eb48120ce4dbf68981ea7e019915cec0971b94eafa2f753fb312d2777a,full,132,high,0.8351859003,0.1648140997,high,8.352684975,-0.5200335383
m3_discounted,42,1,26,9063fe5a96a210ebfe12759f47a23a0522765005e854174ae1dbba306d5ab91e,t3,4,high,0.8050760627,0.1949239373,high,0.5193806887,0.03609409183
m3_discounted,42,1,26,9063fe5a96a210ebfe12759f47a23a0522765005e854174ae1dbba306d5ab91e,t5,8,high,0.7988727987,0.2011272013,high,0.9705762863,0.01547354739
m3_discounted,42,1,26,9063fe5a96a210ebfe12759f47a23a0522765005e854174ae1dbba306d5ab91e,full,12,high,0.7941875607,0.2058124393,high,1.376597643,-0.01454681158
m3_discounted,42,1,43,c3a7a0efb4205fb087261214ecfa7aceebcb7e8cf295163f6d694dd21fdeebe4,t3,4,high,0.8538147956,0.1461852044,high,-0.05180025101,-0.01411357429
m3_discounted,42,1,43,c3a7a0efb4205fb087261214ecfa7aceebcb7e8cf295163f6d694dd21fdeebe4,t5,8,high,0.871980235,0.128019765,high,-0.5482328534,0.01798697747
m3_discounted,42,1,43,c3a7a0efb4205fb087261214ecfa7aceebcb7e8cf295163f6d694dd21fdeebe4,t10,18,high,0.8330482095,0.1669517905,high,0.1142316759,-0.02906715125
m3_discounted,42,1,43,c3a7a0efb4205fb087261214ecfa7aceebcb7e8cf295163f6d694dd21fdeebe4,t20,39,high,0.8188534379,0.1811465621,high,0.3774989247,-0.09550551325
m3_discounted,42,1,43,c3a7a0efb4205fb087261214ecfa7aceebcb7e8cf295163f6d694dd21fdeebe4,full,49,high,0.8352235258,0.1647764742,high,0.5319417119,-0.1889634281
m3_discounted,42,1,44,e6803c63f300fa480953ca2fe972e030e123c7f9c1d9ed559d04ae2394d0d86b,t3,4,low,0.768347621,0.231652379,high,1.109607816,0.01788714528
m3_discounted,42,1,44,e6803c63f300fa480953ca2fe972e030e123c7f9c1d9ed559d04ae2394d0d86b,t5,8,low,0.7780958712,0.2219041288,high,1.51201725,0.01937868632
m3_discounted,42,1,44,e6803c63f300fa480953ca2fe972e030e123c7f9c1d9ed559d04ae2394d0d86b,t10,18,low,0.7257861197,0.2742138803,high,3.434595108,0.0888735801
m3_discounted,42,1,44,e6803c63f300fa480953ca2fe972e030e123c7f9c1d9ed559d04ae2394d0d86b,t20,38,low,0.7657025158,0.2342974842,high,5.677987576,0.08907363564
m3_discounted,42,1,44,e6803c63f300fa480953ca2fe972e030e123c7f9c1d9ed559d04ae2394d0d86b,full,172,low,0.6840498447,0.3159501553,high,29.60865211,0.09395139664
m3_discounted,42,1,47,f73fbbd46db1893b89699f228eb96713fbf24e13dabbda4707c125290203f537,t3,4,high,0.7922605574,0.2077394426,high,0.6942722201,0.04595515132
m3_discounted,42,1,47,f73fbbd46db1893b89699f228eb96713fbf24e13dabbda4707c125290203f537,t5,8,high,0.7581092119,0.2418907881,high,1.523543715,0.0568381846
m3_discounted,42,1,47,f73fbbd46db1893b89699f228eb96713fbf24e13dabbda4707c125290203f537,full,14,high,0.720972389,0.279027611,high,2.869885921,0.06473170221
m3_discounted,42,1,66,60300796ba7899fd40ecbaa91387c5ca83e5757c4513c7aae95783e2e3877244,t3,4,high,0.7673185021,0.2326814979,high,1.108365059,0.00759177655
m3_discounted,42,1,66,60300796ba7899fd40ecbaa91387c5ca83e5757c4513c7aae95783e2e3877244,t5,8,high,0.7981186807,0.2018813193,high,1.295479059,-0.02261852846
m3_discounted,42,1,66,60300796ba7899fd40ecbaa91387c5ca83e5757c4513c7aae95783e2e3877244,t10,17,high,0.8067030311,0.1932969689,high,1.406885028,-0.01995301433
m3_discounted,42,1,66,60300796ba7899fd40ecbaa91387c5ca83e5757c4513c7aae95783e2e3877244,full,29,high,0.7104939222,0.2895060778,high,4.247727871,-0.02174739353
m3_discounted,42,1,71,acef12612f4cc8a8551d6eed74f7140693018819c768baebe55af31070bb4a48,t3,4,high,0.8556194752,0.1443805248,high,-0.2926912904,-0.002287821844
m3_discounted,42,1,71,acef12612f4cc8a8551d6eed74f7140693018819c768baebe55af31070bb4a48,t5,8,high,0.8042230308,0.1957769692,high,0.4797159433,0.01570055261
m3_discounted,42,1,71,acef12612f4cc8a8551d6eed74f7140693018819c768baebe55af31070bb4a48,t10,18,high,0.7293494344,0.2706505656,high,2.626848221,-0.01309981383
m3_discounted,42,1,71,acef12612f4cc8a8551d6eed74f7140693018819c768baebe55af31070bb4a48,t20,38,high,0.6868027747,0.3131972253,high,6.717206955,0.05613443628
m3_discounted,42,1,71,acef12612f4cc8a8551d6eed74f7140693018819c768baebe55af31070bb4a48,full,168,high,0.6827729344,0.3172270656,high,31.51595306,-0.1876084507
m3_discounted,42,1,74,c71ada431bd46bd4a6359aeae6a2a8e55c5fadaac95da2d3426bc7a470fc428d,t3,4,low,0.805986166,0.194013834,high,0.5095876455,0.05307634547
m3_discounted,42,1,74,c71ada431bd46bd4a6359aeae6a2a8e55c5fadaac95da2d3426bc7a470fc428d,t5,8,low,0.8393723816,0.1606276184,high,0.2290301323,0.03872691467
m3_discounted,42,1,74,c71ada431bd46bd4a6359aeae6a2a8e55c5fadaac95da2d3426bc7a470fc428d,t10,18,low,0.7377195358,0.2622804642,high,2.315972567,0.09293553233
m3_discounted,42,1,74,c71ada431bd46bd4a6359aeae6a2a8e55c5fadaac95da2d3426bc7a470fc428d,full,36,low,0.6736811697,0.3263188303,high,6.64833498,0.02296610735
m3_discounted,42,1,78,093c82fd2197f13c9cdbf2150b89b7a4fa6b1bd0b674db97725c2c7c8bd1dd88,t3,4,high,0.7812749743,0.2187250257,high,0.8850672245,0.04259128124
m3_discounted,42,1,78,093c82fd2197f13c9cdbf2150b89b7a4fa6b1bd0b674db97725c2c7c8bd1dd88,t5,8,high,0.7838642746,0.2161357254,high,1.342264056,0.03370580077
m3_discounted,42,1,78,093c82fd2197f13c9cdbf2150b89b7a4fa6b1bd0b674db97725c2c7c8bd1dd88,t10,18,high,0.7287624776,0.2712375224,high,3.229299307,0.06399527937
m3_discounted,42,1,78,093c82fd2197f13c9cdbf2150b89b7a4fa6b1bd0b674db97725c2c7c8bd1dd88,t20,38,high,0.6666857302,0.3333142698,high,7.652202129,0.1599453092
m3_discounted,42,1,78,093c82fd2197f13c9cdbf2150b89b7a4fa6b1bd0b674db97725c2c7c8bd1dd88,full,74,high,0.6950212717,0.3049787283,high,15.12324619,0.1237061396
m3_discounted,42,1,81,e20918bb59fb9410444abfca05301763d95a43571f7e2437b82ee48a1c85ed42,t3,2,high,0.8567522317,0.1432477683,high,-0.2251117826,0.06462084502
m3_discounted,42,1,81,e20918bb59fb9410444abfca05301763d95a43571f7e2437b82ee48a1c85ed42,t5,6,high,0.8772567362,0.1227432638,high,-0.7433920503,0.06821040809
m3_discounted,42,1,81,e20918bb59fb9410444abfca05301763d95a43571f7e2437b82ee48a1c85ed42,t10,16,high,0.8750802428,0.1249197572,high,-1.516317368,0.1002420485
m3_discounted,42,1,81,e20918bb59fb9410444abfca05301763d95a43571f7e2437b82ee48a1c85ed42,full,20,high,0.8396477103,0.1603522897,high,-1.014958143,0.1256369799
m3_discounted,42,1,84,acef12612f4cc8a8551d6eed74f7140693018819c768baebe55af31070bb4a48,t3,4,high,0.7868673801,0.2131326199,high,0.8476183414,0.02323197201
m3_discounted,42,1,84,acef12612f4cc8a8551d6eed74f7140693018819c768baebe55af31070bb4a48,t5,8,high,0.7845122963,0.2154877037,high,1.351230741,0.003210887313
m3_discounted,42,1,84,acef12612f4cc8a8551d6eed74f7140693018819c768baebe55af31070bb4a48,t10,18,high,0.8214090914,0.1785909086,high,1.465701938,0.00624278374
m3_discounted,42,1,84,acef12612f4cc8a8551d6eed74f7140693018819c768baebe55af31070bb4a48,t20,38,high,0.7510320842,0.2489679158,high,3.96993947,-0.02367505431
m3_discounted,42,1,84,acef12612f4cc8a8551d6eed74f7140693018819c768baebe55af31070bb4a48,full,234,high,0.7638271302,0.2361728698,high,26.1552372,-0.169896841
m3_discounted,42,1,90,a771a5f4fb2138cf78114b166d2e1fa99c89b30b5a08b96d69edbffaa7be1c17,t3,4,low,0.8214101791,0.1785898209,high,0.2689397633,0.0455529429
m3_discounted,42,1,90,a771a5f4fb2138cf78114b166d2e1fa99c89b30b5a08b96d69edbffaa7be1c17,t5,8,low,0.7646774948,0.2353225052,high,1.249622941,0.0884289369
m3_discounted,42,1,90,a771a5f4fb2138cf78114b166d2e1fa99c89b30b5a08b96d69edbffaa7be1c17,t10,18,low,0.7377788424,0.2622211576,high,2.809649229,0.1654917151
m3_discounted,42,1,90,a771a5f4fb2138cf78114b166d2e1fa99c89b30b5a08b96d69edbffaa7be1c17,full,24,low,0.7036015689,0.2963984311,high,4.220589161,0.170979023
m3_discounted,42,1,91,67e1884ecd04dbe20b36dae2dd478b3fa11c2dd652ae19aa1ecf63df01a54bb4,t3,4,high,0.7846911848,0.2153088152,high,0.8837214112,-0.009909159504
m3_discounted,42,1,91,67e1884ecd04dbe20b36dae2dd478b3fa11c2dd652ae19aa1ecf63df01a54bb4,t5,8,high,0.7811502516,0.2188497484,high,1.414677382,-0.04235422239
m3_discounted,42,1,91,67e1884ecd04dbe20b36dae2dd478b3fa11c2dd652ae19aa1ecf63df01a54bb4,t10,18,high,0.8623684198,0.1376315802,high,0.7313066721,-0.05795638263
m3_discounted,42,1,91,67e1884ecd04dbe20b36dae2dd478b3fa11c2dd652ae19aa1ecf63df01a54bb4,t20,38,high,0.8158840388,0.1841159612,high,1.455611587,-0.157094419
m3_discounted,42,1,91,67e1884ecd04dbe20b36dae2dd478b3fa11c2dd652ae19aa1ecf63df01a54bb4,full,78,high,0.7081874907,0.2918125093,high,6.989607334,-0.1609907895
m3_discounted,42,1,93,4a179349154115dae8c63a1aae7fb09285d02b7da5eef74d9eaa8871309dcfa9,t3,4,high,0.7733429521,0.2266570479,high,1.044892788,0.008542120457
m3_discounted,42,1,93,4a179349154115dae8c63a1aae7fb09285d02b7da5eef74d9eaa8871309dcfa9,t5,8,high,0.8105631024,0.1894368976,high,0.916277051,0.009184915572
m3_discounted,42,1,93,4a179349154115dae8c63a1aae7fb09285d02b7da5eef74d9eaa8871309dcfa9,t10,18,high,0.8797286972,0.1202713028,high,-0.5835273266,0.02740376629
m3_discounted,42,1,93,4a179349154115dae8c63a1aae7fb09285d02b7da5eef74d9eaa8871309dcfa9,full,24,high,0.8375128508,0.1624871492,high,-0.01553969085,0.03127492964
m3_discounted,42,1,96,25e8b5e04642d3980ac38e4c1a2adc2fda059b625ba4b1d1523d13ecc5903774,t3,4,high,0.784117505,0.215882495,high,0.8025946617,0.05437140912
m3_discounted,42,1,96,25e8b5e04642d3980ac38e4c1a2adc2fda059b625ba4b1d1523d13ecc5903774,t5,8,high,0.7611349672,0.2388650328,high,1.550020337,0.06265947223
m3_discounted,42,1,96,25e8b5e04642d3980ac38e4c1a2adc2fda059b625ba4b1d1523d13ecc5903774,t10,18,high,0.7950011194,0.2049988806,high,2.214438677,-0.02762268297
m3_discounted,42,1,96,25e8b5e04642d3980ac38e4c1a2adc2fda059b625ba4b1d1523d13ecc5903774,t20,38,high,0.7105410993,0.2894589007,high,6.130529881,0.03284918517
m3_discounted,42,1,96,25e8b5e04642d3980ac38e4c1a2adc2fda059b625ba4b1d1523d13ecc5903774,full,90,high,0.6833556592,0.3166443408,high,15.00825214,0.0280932188
m3_discounted,42,1,97,1837300a58fa97fb00235849e610a9e6fc97376558ae1b2b3a001a60fbe9de12,t3,4,high,0.7844830453,0.2155169547,high,0.8570874929,0.03595268726
m3_discounted,42,1,97,1837300a58fa97fb00235849e610a9e6fc97376558ae1b2b3a001a60fbe9de12,t5,8,high,0.7493690848,0.2506309152,high,1.769571304,0.03431865573
m3_discounted,42,1,97,1837300a58fa97fb00235849e610a9e6fc97376558ae1b2b3a001a60fbe9de12,t10,18,high,0.7223082185,0.2776917815,high,3.71821332,-0.0629593581
m3_discounted,42,1,97,1837300a58fa97fb00235849e610a9e6fc97376558ae1b2b3a001a60fbe9de12,t20,38,high,0.6952003539,0.3047996461,high,7.967587948,-0.2092195004
m3_discounted,42,1,97,1837300a58fa97fb00235849e610a9e6fc97376558ae1b2b3a001a60fbe9de12,full,106,high,0.6809222102,0.3190777898,high,20.33223534,-0.5097647905
m3_discounted,42,1,102,6b850256cef5c3246b062d9ccc13df2dba8549db3d4aa09074ac047358bc730c,t3,4,low,0.8133666813,0.1866333187,high,0.4986564517,-0.01264884695
m3_discounted,42,1,102,6b850256cef5c3246b062d9ccc13df2dba8549db3d4aa09074ac047358bc730c,t5,8,low,0.7837777585,0.2162222415,high,1.186655045,-0.01728241891
m3_discounted,42,1,102,6b850256cef5c3246b062d9ccc13df2dba8549db3d4aa09074ac047358bc730c,t10,18,low,0.7463209927,0.2536790073,high,2.953453064,-0.0201975219
m3_discounted,42,1,102,6b850256cef5c3246b062d9ccc13df2dba8549db3d4aa09074ac047358bc730c,full,18,low,0.7463209927,0.2536790073,high,2.953453064,-0.0201975219
m3_discounted,42,1,106,448764c64bd9a5b6c7cd78e8b26ab5214ce6b2f3a7fafd6b108f3cbbe5f7e177,t3,4,low,0.7640738189,0.2359261811,high,1.119112372,0.03938132152
m3_discounted,42,1,106,448764c64bd9a5b6c7cd78e8b26ab5214ce6b2f3a7fafd6b108f3cbbe5f7e177,t5,8,low,0.7274981141,0.2725018859,high,2.09064126,0.07692936063
m3_discounted,42,1,106,448764c64bd9a5b6c7cd78e8b26ab5214ce6b2f3a7fafd6b108f3cbbe5f7e177,t10,18,low,0.6755865812,0.3244134188,high,4.555579662,0.1531961411
m3_discounted,42,1,106,448764c64bd9a5b6c7cd78e8b26ab5214ce6b2f3a7fafd6b108f3cbbe5f7e177,full,22,low,0.6809641719,0.3190358281,high,5.390420914,0.1470669508
m3_discounted,42,1,111,c5d024bb1b7d54d9eb1b773b68d0abb69abd4c57c23dd861afa6b4daf6095fb2,t3,4,high,0.7710249871,0.2289750129,high,1.021848917,0.02534625307
m3_discounted,42,1,111,c5d024bb1b7d54d9eb1b773b68d0abb69abd4c57c23dd861afa6b4daf6095fb2,t5,8,high,0.7346543372,0.2653456628,high,1.972969413,0.05534370989
m3_discounted,42,1,111,c5d024bb1b7d54d9eb1b773b68d0abb69abd4c57c23dd861afa6b4daf6095fb2,t10,18,high,0.7920017242,0.2079982758,high,2.770550728,0.07121797651
m3_discounted,42,1,111,c5d024bb1b7d54d9eb1b773b68d0abb69abd4c57c23dd861afa6b4daf6095fb2,t20,37,high,0.7913172692,0.2086827308,high,3.736346483,0.1169751063
m3_discounted,42,1,111,c5d024bb1b7d54d9eb1b773b68d0abb69abd4c57c23dd861afa6b4daf6095fb2,full,57,high,0.6681806743,0.3318193257,high,8.515824318,0.2334875017
m3_discounted,42,1,115,40b598298febd1caaa3494c2aa68b7d34db4adefb806470ebaa2164aa3b6e97b,t3,4,low,0.8058380783,0.1941619217,high,0.5991587639,0.02019744553
m3_discounted,42,1,115,40b598298febd1caaa3494c2aa68b7d34db4adefb806470ebaa2164aa3b6e97b,t5,8,low,0.8160123378,0.1839876622,high,0.7300480604,0.002027256181
m3_discounted,42,1,115,40b598298febd1caaa3494c2aa68b7d34db4adefb806470ebaa2164aa3b6e97b,t10,18,low,0.7238923907,0.2761076093,high,2.991902828,0.003384764306
m3_discounted,42,1,115,40b598298febd1caaa3494c2aa68b7d34db4adefb806470ebaa2164aa3b6e97b,t20,38,low,0.6693733633,0.3306266367,high,7.543074131,0.06296313554
m3_discounted,42,1,115,40b598298febd1caaa3494c2aa68b7d34db4adefb806470ebaa2164aa3b6e97b,full,46,low,0.6779308319,0.3220691681,high,9.271764755,0.02571414411
m3_discounted,42,1,116,4418b43f021add15a849c765ee0db832848b4b10e7849e6b885d73b122875f84,t3,4,high,0.8219043761,0.1780956239,high,0.3054920435,-0.0272338558
m3_discounted,42,1,116,4418b43f021add15a849c765ee0db832848b4b10e7849e6b885d73b122875f84,t5,8,high,0.8230593652,0.1769406348,high,0.4512268901,-0.01539000124
m3_discounted,42,1,116,4418b43f021add15a849c765ee0db832848b4b10e7849e6b885d73b122875f84,t10,18,high,0.8087957054,0.1912042946,high,1.019572377,0.005034333095
m3_discounted,42,1,116,4418b43f021add15a849c765ee0db832848b4b10e7849e6b885d73b122875f84,t20,38,high,0.7866723835,0.2133276165,high,2.111211538,-0.07895459235
m3_discounted,42,1,116,4418b43f021add15a849c765ee0db832848b4b10e7849e6b885d73b122875f84,full,166,high,0.6935717463,0.3064282537,high,20.48155212,-0.4086407423
m3_discounted,42,1,118,76be45b29b02fc9e53270d845eb888e016203b2feb5f8a23c1bc226cfb6f9541,t3,4,low,0.7879544944,0.2120455056,high,0.8103432655,0.01408123225
m3_discounted,42,1,118,76be45b29b02fc9e53270d845eb888e016203b2feb5f8a23c1bc226cfb6f9541,t5,8,low,0.7461411655,0.2538588345,high,1.738081574,0.04925913364
m3_discounted,42,1,118,76be45b29b02fc9e53270d845eb888e016203b2feb5f8a23c1bc226cfb6f9541,t10,18,low,0.6942215562,0.3057784438,high,4.120559692,0.06785397977
m3_discounted,42,1,118,76be45b29b02fc9e53270d845eb888e016203b2feb5f8a23c1bc226cfb6f9541,full,20,low,0.6964219511,0.3035780489,high,4.520994663,0.04804082587
m3_discounted,42,1,127,7917889ab4e78b6b53a8a9cb1ef033ff30c5f3bd8f7978290b6a1e55f3745707,t3,4,high,0.8142154962,0.1857845038,high,0.4610965848,0.0001946613193
m3_discounted,42,1,127,7917889ab4e78b6b53a8a9cb1ef033ff30c5f3bd8f7978290b6a1e55f3745707,t5,8,high,0.7824534029,0.2175465971,high,1.21432662,-0.03844702989
m3_discounted,42,1,127,7917889ab4e78b6b53a8a9cb1ef033ff30c5f3bd8f7978290b6a1e55f3745707,t10,18,high,0.8132577389,0.1867422611,high,1.808031797,-0.04800873995
m3_discounted,42,1,127,7917889ab4e78b6b53a8a9cb1ef033ff30c5f3bd8f7978290b6a1e55f3745707,t20,38,high,0.7272543311,0.2727456689,high,5.640268326,-0.1107829064
m3_discounted,42,1,127,7917889ab4e78b6b53a8a9cb1ef033ff30c5f3bd8f7978290b6a1e55f3745707,full,58,high,0.7298989892,0.2701010108,high,8.736811638,-0.1994453669
m3_discounted,101,1,5,acef12612f4cc8a8551d6eed74f7140693018819c768baebe55af31070bb4a48,t3,4,high,0.803023383,0.196976617,high,0.5998159051,-0.02481516264
m3_discounted,101,1,5,acef12612f4cc8a8551d6eed74f7140693018819c768baebe55af31070bb4a48,t5,8,high,0.7675690353,0.2324309647,high,1.423793554,-0.02539579011
m3_discounted,101,1,5,acef12612f4cc8a8551d6eed74f7140693018819c768baebe55af31070bb4a48,t10,18,high,0.7331144512,0.2668855488,high,3.287778616,-0.04295149073
m3_discounted,101,1,5,acef12612f4cc8a8551d6eed74f7140693018819c768baebe55af31070bb4a48,t20,38,high,0.7008195817,0.2991804183,high,7.310557842,-0.09205177426
m3_discounted,101,1,5,acef12612f4cc8a8551d6eed74f7140693018819c768baebe55af31070bb4a48,full,202,high,0.760426119,0.239573881,high,33.90603638,-0.7026375532
m3_discounted,101,1,8,242385d41a2f2e2c7cf667f3555e67d2393f27bebfb58a47237bcb1fe3ddc21f,t3,4,high,0.7842103839,0.2157896161,high,0.9727560878,-0.02588616498
m3_discounted,101,1,8,242385d41a2f2e2c7cf667f3555e67d2393f27bebfb58a47237bcb1fe3ddc21f,t5,8,high,0.764837414,0.235162586,high,1.642133713,-0.03564459458
m3_discounted,101,1,8,242385d41a2f2e2c7cf667f3555e67d2393f27bebfb58a47237bcb1fe3ddc21f,t10,18,high,0.7837496847,0.2162503153,high,2.605391741,-0.09542295337
m3_discounted,101,1,8,242385d41a2f2e2c7cf667f3555e67d2393f27bebfb58a47237bcb1fe3ddc21f,full,28,high,0.7334407866,0.2665592134,high,4.496025085,-0.09269404411
m3_discounted,101,1,11,9063fe5a96a210ebfe12759f47a23a0522765005e854174ae1dbba306d5ab91e,t3,4,high,0.7676633298,0.2323366702,high,1.149401546,-0.01980568841
m3_discounted,101,1,11,9063fe5a96a210ebfe12759f47a23a0522765005e854174ae1dbba306d5ab91e,t5,8,high,0.751308471,0.248691529,high,1.88474524,-0.02546947077
m3_discounted,101,1,11,9063fe5a96a210ebfe12759f47a23a0522765005e854174ae1dbba306d5ab91e,full,14,high,0.716662854,0.283337146,high,3.236169338,-0.02834822983
m3_discounted,101,1,22,908b32eb48120ce4dbf68981ea7e019915cec0971b94eafa2f753fb312d2777a,t3,4,high,0.7609671652,0.2390328348,high,1.21523273,-0.008040505461
m3_discounted,101,1,22,908b32eb48120ce4dbf68981ea7e019915cec0971b94eafa2f753fb312d2777a,t5,8,high,0.7314186692,0.2685813308,high,2.156422615,-0.009030601941
m3_discounted,101,1,22,908b32eb48120ce4dbf68981ea7e019915cec0971b94eafa2f753fb312d2777a,t10,18,high,0.705072552,0.294927448,high,4.217718124,-0.034971416
m3_discounted,101,1,22,908b32eb48120ce4dbf68981ea7e019915cec0971b94eafa2f753fb312d2777a,t20,38,high,0.75103499,0.24896501,high,7.049516678,-0.1662840396
m3_discounted,101,1,22,908b32eb48120ce4dbf68981ea7e019915cec0971b94eafa2f753fb312d2777a,full,132,high,0.7947858721,0.2052141279,high,19.15921974,-0.6396472454
m3_discounted,101,1,26,9063fe5a96a210ebfe12759f47a23a0522765005e854174ae1dbba306d5ab91e,t3,4,high,0.7618797421,0.2381202579,high,1.175652266,0.007386818528
m3_discounted,101,1,26,9063fe5a96a210ebfe12759f47a23a0522765005e854174ae1dbba306d5ab91e,t5,8,high,0.7423703671,0.2576296329,high,2.019522905,-0.01103574038
m3_discounted,101,1,26,9063fe5a96a210ebfe12759f47a23a0522765005e854174ae1dbba306d5ab91e,full,12,high,0.7318110764,0.2681889236,high,2.797316551,-0.03268072754
m3_discounted,101,1,43,c3a7a0efb4205fb087261214ecfa7aceebcb7e8cf295163f6d694dd21fdeebe4,t3,4,high,0.8174812347,0.1825187653,high,0.5125257969,-0.029139366
m3_discounted,101,1,43,c3a7a0efb4205fb087261214ecfa7aceebcb7e8cf295163f6d694dd21fdeebe4,t5,8,high,0.7789338529,0.2210661471,high,1.275513172,-0.02156643383
m3_discounted,101,1,43,c3a7a0efb4205fb087261214ecfa7aceebcb7e8cf295163f6d694dd21fdeebe4,t10,18,high,0.7613855153,0.2386144847,high,2.761812687,-0.08467587084
m3_discounted,101,1,43,c3a7a0efb4205fb087261214ecfa7aceebcb7e8cf295163f6d694dd21fdeebe4,t20,39,high,0.7693860829,0.2306139171,high,4.730205536,-0.1851532161
m3_discounted,101,1,43,c3a7a0efb4205fb087261214ecfa7aceebcb7e8cf295163f6d694dd21fdeebe4,full,49,high,0.788809523,0.211190477,high,5.507072449,-0.2610701621
m3_discounted,101,1,44,e6803c63f300fa480953ca2fe972e030e123c7f9c1d9ed559d04ae2394d0d86b,t3,4,low,0.7610890865,0.2389109135,high,1.2017591,0.004434550181
m3_discounted,101,1,44,e6803c63f300fa480953ca2fe972e030e123c7f9c1d9ed559d04ae2394d0d86b,t5,8,low,0.7308138311,0.2691861689,high,2.15593338,-0.002935830504
m3_discounted,101,1,44,e6803c63f300fa480953ca2fe972e030e123c7f9c1d9ed559d04ae2394d0d86b,t10,18,low,0.6902705133,0.3097294867,high,4.473922729,0.002699236851
m3_discounted,101,1,44,e6803c63f300fa480953ca2fe972e030e123c7f9c1d9ed559d04ae2394d0d86b,t20,38,low,0.7232976258,0.2767023742,high,7.682504177,-0.03971175849
m3_discounted,101,1,44,e6803c63f300fa480953ca2fe972e030e123c7f9c1d9ed559d04ae2394d0d86b,full,172,low,0.6989659071,0.3010340929,high,33.61331177,-0.3221100271
m3_discounted,101,1,47,f73fbbd46db1893b89699f228eb96713fbf24e13dabbda4707c125290203f537,t3,4,high,0.7759257257,0.2240742743,high,0.9968657494,0.006255252287
m3_discounted,101,1,47,f73fbbd46db1893b89699f228eb96713fbf24e13dabbda4707c125290203f537,t5,8,high,0.7563486546,0.2436513454,high,1.724429011,0.003903036006
m3_discounted,101,1,47,f73fbbd46db1893b89699f228eb96713fbf24e13dabbda4707c125290203f537,full,14,high,0.7237522006,0.2762477994,high,3.022923231,0.006374764256
m3_discounted,101,1,66,60300796ba7899fd40ecbaa91387c5ca83e5757c4513c7aae95783e2e3877244,t3,4,high,0.7793704867,0.2206295133,high,0.9462683201,-0.001590636559
m3_discounted,101,1,66,60300796ba7899fd40ecbaa91387c5ca83e5757c4513c7aae95783e2e3877244,t5,8,high,0.7506470382,0.2493529618,high,1.832467318,-0.03655321524
m3_discounted,101,1,66,60300796ba7899fd40ecbaa91387c5ca83e5757c4513c7aae95783e2e3877244,t10,17,high,0.7551902235,0.2448097765,high,2.924437761,-0.04955486581
m3_discounted,101,1,66,60300796ba7899fd40ecbaa91387c5ca83e5757c4513c7aae95783e2e3877244,full,29,high,0.7029903531,0.2970096469,high,5.618495464,-0.07546524704
m3_discounted,101,1,71,acef12612f4cc8a8551d6eed74f7140693018819c768baebe55af31070bb4a48,t3,4,high,0.8333628029,0.1666371971,high,0.08686713874,-0.0223706048
m3_discounted,101,1,71,acef12612f4cc8a8551d6eed74f7140693018819c768baebe55af31070bb4a48,t5,8,high,0.7851703614,0.2148296386,high,0.9276090264,-0.0183080174
m3_discounted,101,1,71,acef12612f4cc8a8551d6eed74f7140693018819c768baebe55af31070bb4a48,t10,18,high,0.7519470304,0.2480529696,high,2.573546171,-0.0668341592
m3_discounted,101,1,71,acef12612f4cc8a8551d6eed74f7140693018819c768baebe55af31070bb4a48,t20,38,high,0.6974731982,0.3025268018,high,6.473949909,-0.09943667799
m3_discounted,101,1,71,acef12612f4cc8a8551d6eed74f7140693018819c768baebe55af31070bb4a48,full,168,high,0.6992405653,0.3007594347,high,32.64570999,-0.6166995764
m3_discounted,101,1,74,c71ada431bd46bd4a6359aeae6a2a8e55c5fadaac95da2d3426bc7a470fc428d,t3,4,low,0.7675305307,0.2324694693,high,1.086908937,0.009626453742
m3_discounted,101,1,74,c71ada431bd46bd4a6359aeae6a2a8e55c5fadaac95da2d3426bc7a470fc428d,t5,8,low,0.7517369837,0.2482630163,high,1.830980301,-0.008225991391
m3_discounted,101,1,74,c71ada431bd46bd4a6359aeae6a2a8e55c5fadaac95da2d3426bc7a470fc428d,t10,18,low,0.6912353933,0.3087646067,high,4.23443985,0.007384155877
m3_discounted,101,1,74,c71ada431bd46bd4a6359aeae6a2a8e55c5fadaac95da2d3426bc7a470fc428d,full,36,low,0.673192203,0.326807797,high,8.405988693,-0.05505178496
m3_discounted,101,1,78,093c82fd2197f13c9cdbf2150b89b7a4fa6b1bd0b674db97725c2c7c8bd1dd88,t3,4,high,0.7591055781,0.2408944219,high,1.204482436,0.01544532273
m3_discounted,101,1,78,093c82fd2197f13c9cdbf2150b89b7a4fa6b1bd0b674db97725c2c7c8bd1dd88,t5,8,high,0.7327686548,0.2672313452,high,2.123100281,0.001248102635
m3_discounted,101,1,78,093c82fd2197f13c9cdbf2150b89b7a4fa6b1bd0b674db97725c2c7c8bd1dd88,t10,18,high,0.6910849214,0.3089150786,high,4.434011936,-0.002895054407
m3_discounted,101,1,78,093c82fd2197f13c9cdbf2150b89b7a4fa6b1bd0b674db97725c2c7c8bd1dd88,t20,38,high,0.6566192806,0.3433807194,high,9.179037094,0.05128631741
m3_discounted,101,1,78,093c82fd2197f13c9cdbf2150b89b7a4fa6b1bd0b674db97725c2c7c8bd1dd88,full,74,high,0.6645306647,0.3354693353,high,17.55052948,-0.003212760203
m3_discounted,101,1,81,e20918bb59fb9410444abfca05301763d95a43571f7e2437b82ee48a1c85ed42,t3,2,high,0.7856547236,0.2143452764,high,0.6648179293,0.01507910807
m3_discounted,101,1,81,e20918bb59fb9410444abfca05301763d95a43571f7e2437b82ee48a1c85ed42,t5,6,high,0.7853489816,0.2146510184,high,1.161392927,0.002735881135
m3_discounted,101,1,81,e20918bb59fb9410444abfca05301763d95a43571f7e2437b82ee48a1c85ed42,t10,16,high,0.7547697872,0.2452302128,high,2.639381886,-0.0109048821
m3_discounted,101,1,81,e20918bb59fb9410444abfca05301763d95a43571f7e2437b82ee48a1c85ed42,full,20,high,0.7300888002,0.2699111998,high,3.491872787,0.002888753079
m3_discounted,101,1,84,acef12612f4cc8a8551d6eed74f7140693018819c768baebe55af31070bb4a48,t3,4,high,0.7653439045,0.2346560955,high,1.138595581,-0.00323391147
m3_discounted,101,1,84,acef12612f4cc8a8551d6eed74f7140693018819c768baebe55af31070bb4a48,t5,8,high,0.7418470383,0.2581529617,high,2.010312557,-0.01655610651
m3_discounted,101,1,84,acef12612f4cc8a8551d6eed74f7140693018819c768baebe55af31070bb4a48,t10,18,high,0.7594474256,0.2405525744,high,3.235826254,-0.05317491293
m3_discounted,101,1,84,acef12612f4cc8a8551d6eed74f7140693018819c768baebe55af31070bb4a48,t20,38,high,0.721803546,0.278196454,high,6.556166649,-0.1170688272
m3_discounted,101,1,84,acef12612f4cc8a8551d6eed74f7140693018819c768baebe55af31070bb4a48,full,234,high,0.7222492397,0.2777507603,high,37.4619751,-0.8013618588
m3_discounted,101,1,90,a771a5f4fb2138cf78114b166d2e1fa99c89b30b5a08b96d69edbffaa7be1c17,t3,4,low,0.8120133281,0.1879866719,high,0.4335715175,0.02784596756
m3_discounted,101,1,90,a771a5f4fb2138cf78114b166d2e1fa99c89b30b5a08b96d69edbffaa7be1c17,t5,8,low,0.7620678991,0.2379321009,high,1.394155622,0.0382186994
m3_discounted,101,1,90,a771a5f4fb2138cf78114b166d2e1fa99c89b30b5a08b96d69edbffaa7be1c17,t10,18,low,0.7221555412,0.2778444588,high,3.35918951,0.0715508461
m3_discounted,101,1,90,a771a5f4fb2138cf78114b166d2e1fa99c89b30b5a08b96d69edbffaa7be1c17,full,24,low,0.6968570352,0.3031429648,high,4.737005711,0.07466861606
m3_discounted,101,1,91,67e1884ecd04dbe20b36dae2dd478b3fa11c2dd652ae19aa1ecf63df01a54bb4,t3,4,high,0.7686177194,0.2313822806,high,1.110286355,-0.01546652149
m3_discounted,101,1,91,67e1884ecd04dbe20b36dae2dd478b3fa11c2dd652ae19aa1ecf63df01a54bb4,t5,8,high,0.7496560812,0.2503439188,high,1.920580626,-0.04303241521
m3_discounted,101,1,91,67e1884ecd04dbe20b36dae2dd478b3fa11c2dd652ae19aa1ecf63df01a54bb4,t10,18,high,0.7674738616,0.2325261384,high,3.284713745,-0.08348133415
m3_discounted,101,1,91,67e1884ecd04dbe20b36dae2dd478b3fa11c2dd652ae19aa1ecf63df01a54bb4,t20,38,high,0.7309413552,0.2690586448,high,6.371778965,-0.166409269
m3_discounted,101,1,91,67e1884ecd04dbe20b36dae2dd478b3fa11c2dd652ae19aa1ecf63df01a54bb4,full,78,high,0.7021833062,0.2978166938,high,14.16098022,-0.2313423157
m3_discounted,101,1,93,4a179349154115dae8c63a1aae7fb09285d02b7da5eef74d9eaa8871309dcfa9,t3,4,high,0.7700326145,0.2299673855,high,1.101552606,-0.01361701079
m3_discounted,101,1,93,4a179349154115dae8c63a1aae7fb09285d02b7da5eef74d9eaa8871309dcfa9,t5,8,high,0.7621529251,0.2378470749,high,1.708486319,-0.02869436517
m3_discounted,101,1,93,4a179349154115dae8c63a1aae7fb09285d02b7da5eef74d9eaa8871309dcfa9,t10,18,high,0.7354313135,0.2645686865,high,3.406987906,-0.06252897531
m3_discounted,101,1,93,4a179349154115dae8c63a1aae7fb09285d02b7da5eef74d9eaa8871309dcfa9,full,24,high,0.711032927,0.288967073,high,4.699548721,-0.0701341033
m3_discounted,101,1,96,25e8b5e04642d3980ac38e4c1a2adc2fda059b625ba4b1d1523d13ecc5903774,t3,4,high,0.7627486736,0.2372513264,high,1.156656265,0.01089496911
m3_discounted,101,1,96,25e8b5e04642d3980ac38e4c1a2adc2fda059b625ba4b1d1523d13ecc5903774,t5,8,high,0.7333266437,0.2666733563,high,2.093939543,0.002617880236
m3_discounted,101,1,96,25e8b5e04642d3980ac38e4c1a2adc2fda059b625ba4b1d1523d13ecc5903774,t10,18,high,0.7261789441,0.2738210559,high,3.950458765,-0.0760794431
m3_discounted,101,1,96,25e8b5e04642d3980ac38e4c1a2adc2fda059b625ba4b1d1523d13ecc5903774,t20,38,high,0.6779935062,0.3220064938,high,8.427463531,-0.0852035284
m3_discounted,101,1,96,25e8b5e04642d3980ac38e4c1a2adc2fda059b625ba4b1d1523d13ecc5903774,full,90,high,0.6758429408,0.3241570592,high,19.50643349,-0.2490654588
m3_discounted,101,1,97,1837300a58fa97fb00235849e610a9e6fc97376558ae1b2b3a001a60fbe9de12,t3,4,high,0.7613352239,0.2386647761,high,1.190989375,0.000697223004
m3_discounted,101,1,97,1837300a58fa97fb00235849e610a9e6fc97376558ae1b2b3a001a60fbe9de12,t5,8,high,0.7315594256,0.2684405744,high,2.148964882,-0.009824502282
m3_discounted,101,1,97,1837300a58fa97fb00235849e610a9e6fc97376558ae1b2b3a001a60fbe9de12,t10,18,high,0.697307229,0.302692771,high,4.401690006,-0.07307661325
m3_discounted,101,1,97,1837300a58fa97fb00235849e610a9e6fc97376558ae1b2b3a001a60fbe9de12,t20,38,high,0.679076463,0.320923537,high,8.886457443,-0.1983618736
m3_discounted,101,1,97,1837300a58fa97fb00235849e610a9e6fc97376558ae1b2b3a001a60fbe9de12,full,106,high,0.6868336201,0.3131663799,high,22.31305695,-0.4913116395
m3_discounted,101,1,102,6b850256cef5c3246b062d9ccc13df2dba8549db3d4aa09074ac047358bc730c,t3,4,low,0.8087318838,0.1912681162,high,0.575663805,-0.02260513976
m3_discounted,101,1,102,6b850256cef5c3246b062d9ccc13df2dba8549db3d4aa09074ac047358bc730c,t5,8,low,0.7799063027,0.2200936973,high,1.264245391,-0.0274579525
m3_discounted,101,1,102,6b850256cef5c3246b062d9ccc13df2dba8549db3d4aa09074ac047358bc730c,t10,18,low,0.7199406624,0.2800593376,high,3.358190298,-0.03237820789
m3_discounted,101,1,102,6b850256cef5c3246b062d9ccc13df2dba8549db3d4aa09074ac047358bc730c,full,18,low,0.7199406624,0.2800593376,high,3.358190298,-0.03237820789
m3_discounted,101,1,106,448764c64bd9a5b6c7cd78e8b26ab5214ce6b2f3a7fafd6b108f3cbbe5f7e177,t3,4,low,0.7606263757,0.2393736243,high,1.18228662,0.02270460874
m3_discounted,101,1,106,448764c64bd9a5b6c7cd78e8b26ab5214ce6b2f3a7fafd6b108f3cbbe5f7e177,t5,8,low,0.7257153392,0.2742846608,high,2.169592857,0.04302448779
m3_discounted,101,1,106,448764c64bd9a5b6c7cd78e8b26ab5214ce6b2f3a7fafd6b108f3cbbe5f7e177,t10,18,low,0.6801230907,0.3198769093,high,4.582704544,0.09181156009
m3_discounted,101,1,106,448764c64bd9a5b6c7cd78e8b26ab5214ce6b2f3a7fafd6b108f3cbbe5f7e177,full,22,low,0.6732353568,0.3267646432,high,5.534805775,0.0895768404
m3_discounted,101,1,111,c5d024bb1b7d54d9eb1b773b68d0abb69abd4c57c23dd861afa6b4daf6095fb2,t3,4,high,0.7654041946,0.2345958054,high,1.140753508,-0.001650443766
m3_discounted,101,1,111,c5d024bb1b7d54d9eb1b773b68d0abb69abd4c57c23dd861afa6b4daf6095fb2,t5,8,high,0.7301878929,0.2698121071,high,2.114614725,0.01364423521
m3_discounted,101,1,111,c5d024bb1b7d54d9eb1b773b68d0abb69abd4c57c23dd861afa6b4daf6095fb2,t10,18,high,0.6940105259,0.3059894741,high,4.431355476,-0.005989987403
m3_discounted,101,1,111,c5d024bb1b7d54d9eb1b773b68d0abb69abd4c57c23dd861afa6b4daf6095fb2,t20,37,high,0.6880133748,0.3119866252,high,8.235843658,-0.05236757174
m3_discounted,101,1,111,c5d024bb1b7d54d9eb1b773b68d0abb69abd4c57c23dd861afa6b4daf6095fb2,full,57,high,0.6576028764,0.3423971236,high,12.91560936,-0.01253411174
m3_discounted,101,1,115,40b598298febd1caaa3494c2aa68b7d34db4adefb806470ebaa2164aa3b6e97b,t3,4,low,0.7697862834,0.2302137166,high,1.079862833,0.01084041316
m3_discounted,101,1,115,40b598298febd1caaa3494c2aa68b7d34db4adefb806470ebaa2164aa3b6e97b,t5,8,low,0.7491292655,0.2508707345,high,1.885091066,-0.01045798697
m3_discounted,101,1,115,40b598298febd1caaa3494c2aa68b7d34db4adefb806470ebaa2164aa3b6e97b,t10,18,low,0.6995936036,0.3004063964,high,4.17302084,-0.03354944661
m3_discounted,101,1,115,40b598298febd1caaa3494c2aa68b7d34db4adefb806470ebaa2164aa3b6e97b,t20,38,low,0.6611899734,0.3388100266,high,8.914587975,0.02089725435
m3_discounted,101,1,115,40b598298febd1caaa3494c2aa68b7d34db4adefb806470ebaa2164aa3b6e97b,full,46,low,0.6749852896,0.3250147104,high,10.6016283,0.002860981971
m3_discounted,101,1,116,4418b43f021add15a849c765ee0db832848b4b10e7849e6b885d73b122875f84,t3,4,high,0.8275801837,0.1724198163,high,0.2007189691,-0.02201582678
m3_discounted,101,1,116,4418b43f021add15a849c765ee0db832848b4b10e7849e6b885d73b122875f84,t5,8,high,0.7948355973,0.2051644027,high,0.8484297395,-0.02673852816
m3_discounted,101,1,116,4418b43f021add15a849c765ee0db832848b4b10e7849e6b885d73b122875f84,t10,18,high,0.7725763023,0.2274236977,high,2.079127312,-0.03763315082
m3_discounted,101,1,116,4418b43f021add15a849c765ee0db832848b4b10e7849e6b885d73b122875f84,t20,38,high,0.7980509996,0.2019490004,high,3.109718323,-0.1579686254
m3_discounted,101,1,116,4418b43f021add15a849c765ee0db832848b4b10e7849e6b885d73b122875f84,full,166,high,0.7274409533,0.2725590467,high,23.41696548,-0.6516664028
m3_discounted,101,1,118,76be45b29b02fc9e53270d845eb888e016203b2feb5f8a23c1bc226cfb6f9541,t3,4,low,0.7640533596,0.2359466404,high,1.162378192,0.0002466593869
m3_discounted,101,1,118,76be45b29b02fc9e53270d845eb888e016203b2feb5f8a23c1bc226cfb6f9541,t5,8,low,0.729059428,0.270940572,high,2.129190683,0.02415008098
m3_discounted,101,1,118,76be45b29b02fc9e53270d845eb888e016203b2feb5f8a23c1bc226cfb6f9541,t10,18,low,0.6839816868,0.3160183132,high,4.553380966,0.03487379104
m3_discounted,101,1,118,76be45b29b02fc9e53270d845eb888e016203b2feb5f8a23c1bc226cfb6f9541,full,20,low,0.684179008,0.315820992,high,4.989488125,0.02246376686
m3_discounted,101,1,127,7917889ab4e78b6b53a8a9cb1ef033ff30c5f3bd8f7978290b6a1e55f3745707,t3,4,high,0.7625221461,0.2374778539,high,1.19458878,-0.01010252349
m3_discounted,101,1,127,7917889ab4e78b6b53a8a9cb1ef033ff30c5f3bd8f7978290b6a1e55f3745707,t5,8,high,0.733505249,0.266494751,high,2.147963285,-0.03468170017
m3_discounted,101,1,127,7917889ab4e78b6b53a8a9cb1ef033ff30c5f3bd8f7978290b6a1e55f3745707,t10,18,high,0.7238082588,0.2761917412,high,4.089906216,-0.09030424058
m3_discounted,101,1,127,7917889ab4e78b6b53a8a9cb1ef033ff30c5f3bd8f7978290b6a1e55f3745707,t20,38,high,0.6958291829,0.3041708171,high,8.282234192,-0.1760907173
m3_discounted,101,1,127,7917889ab4e78b6b53a8a9cb1ef033ff30c5f3bd8f7978290b6a1e55f3745707,full,58,high,0.7055092752,0.2944907248,high,12.03494453,-0.2857324779
m3_discounted,314,1,5,acef12612f4cc8a8551d6eed74f7140693018819c768baebe55af31070bb4a48,t3,4,high,0.761402607,0.238597393,high,1.218411684,-0.02379225753
m3_discounted,314,1,5,acef12612f4cc8a8551d6eed74f7140693018819c768baebe55af31070bb4a48,t5,8,high,0.7309387922,0.2690612078,high,2.199421644,-0.05289702863
m3_discounted,314,1,5,acef12612f4cc8a8551d6eed74f7140693018819c768baebe55af31070bb4a48,t10,18,high,0.6881520152,0.3118479848,high,4.636269093,-0.1288625747
m3_discounted,314,1,5,acef12612f4cc8a8551d6eed74f7140693018819c768baebe55af31070bb4a48,t20,38,high,0.6633480489,0.3366519511,high,9.514787674,-0.2685242593
m3_discounted,314,1,5,acef12612f4cc8a8551d6eed74f7140693018819c768baebe55af31070bb4a48,full,202,high,0.6644252241,0.3355747759,high,48.47673798,-1.183850765
m3_discounted,314,1,8,242385d41a2f2e2c7cf667f3555e67d2393f27bebfb58a47237bcb1fe3ddc21f,t3,4,high,0.7628848851,0.2371151149,high,1.200542569,-0.02539280057
m3_discounted,314,1,8,242385d41a2f2e2c7cf667f3555e67d2393f27bebfb58a47237bcb1fe3ddc21f,t5,8,high,0.733966887,0.266033113,high,2.141085386,-0.0459600538
m3_discounted,314,1,8,242385d41a2f2e2c7cf667f3555e67d2393f27bebfb58a47237bcb1fe3ddc21f,t10,18,high,0.6921809018,0.3078190982,high,4.454268456,-0.07681477815
m3_discounted,314,1,8,242385d41a2f2e2c7cf667f3555e67d2393f27bebfb58a47237bcb1fe3ddc21f,full,28,high,0.6653847098,0.3346152902,high,6.895503521,-0.05453555658
m3_discounted,314,1,11,9063fe5a96a210ebfe12759f47a23a0522765005e854174ae1dbba306d5ab91e,t3,4,high,0.7665448338,0.2334551662,high,1.174859047,-0.04931534454
m3_discounted,314,1,11,9063fe5a96a210ebfe12759f47a23a0522765005e854174ae1dbba306d5ab91e,t5,8,high,0.7363750041,0.2636249959,high,2.126157999,-0.07888717949
m3_discounted,314,1,11,9063fe5a96a210ebfe12759f47a23a0522765005e854174ae1dbba306d5ab91e,full,14,high,0.7009810209,0.2990189791,high,3.589710236,-0.09140156209
m3_discounted,314,1,22,908b32eb48120ce4dbf68981ea7e019915cec0971b94eafa2f753fb312d2777a,t3,4,high,0.7622219026,0.2377780974,high,1.224871755,-0.03767329082
m3_discounted,314,1,22,908b32eb48120ce4dbf68981ea7e019915cec0971b94eafa2f753fb312d2777a,t5,8,high,0.7326613665,0.2673386335,high,2.190722704,-0.06640500575
m3_discounted,314,1,22,908b32eb48120ce4dbf68981ea7e019915cec0971b94eafa2f753fb312d2777a,t10,18,high,0.6894463003,0.3105536997,high,4.589487553,-0.1255762428
m3_discounted,314,1,22,908b32eb48120ce4dbf68981ea7e019915cec0971b94eafa2f753fb312d2777a,t20,38,high,0.6684092581,0.3315907419,high,9.27791214,-0.2221926749
m3_discounted,314,1,22,908b32eb48120ce4dbf68981ea7e019915cec0971b94eafa2f753fb312d2777a,full,132,high,0.6647115052,0.3352884948,high,31.36977196,-0.7823255062
m3_discounted,314,1,26,9063fe5a96a210ebfe12759f47a23a0522765005e854174ae1dbba306d5ab91e,t3,4,high,0.7631504238,0.2368495762,high,1.203705192,-0.0299256295
m3_discounted,314,1,26,9063fe5a96a210ebfe12759f47a23a0522765005e854174ae1dbba306d5ab91e,t5,8,high,0.7337364256,0.2662635744,high,2.144670486,-0.03964691982
m3_discounted,314,1,26,9063fe5a96a210ebfe12759f47a23a0522765005e854174ae1dbba306d5ab91e,full,12,high,0.7109754682,0.2890245318,high,3.105046749,-0.05337423086
m3_discounted,314,1,43,c3a7a0efb4205fb087261214ecfa7aceebcb7e8cf295163f6d694dd21fdeebe4,t3,4,high,0.7738163322,0.2261836678,high,1.060003638,-0.02129662037
m3_discounted,314,1,43,c3a7a0efb4205fb087261214ecfa7aceebcb7e8cf295163f6d694dd21fdeebe4,t5,8,high,0.7405817807,0.2594182193,high,2.013458252,-0.04884409532
m3_discounted,314,1,43,c3a7a0efb4205fb087261214ecfa7aceebcb7e8cf295163f6d694dd21fdeebe4,t10,18,high,0.6927500963,0.3072499037,high,4.383605003,-0.07036972791
m3_discounted,314,1,43,c3a7a0efb4205fb087261214ecfa7aceebcb7e8cf295163f6d694dd21fdeebe4,t20,39,high,0.6686597764,0.3313402236,high,9.309955597,-0.1749144644
m3_discounted,314,1,43,c3a7a0efb4205fb087261214ecfa7aceebcb7e8cf295163f6d694dd21fdeebe4,full,49,high,0.6669246852,0.3330753148,high,11.65739346,-0.2365733087
m3_discounted,314,1,44,e6803c63f300fa480953ca2fe972e030e123c7f9c1d9ed559d04ae2394d0d86b,t3,4,low,0.7602266967,0.2397733033,high,1.228195429,-0.009507557377
m3_discounted,314,1,44,e6803c63f300fa480953ca2fe972e030e123c7f9c1d9ed559d04ae2394d0d86b,t5,8,low,0.7304446101,0.2695553899,high,2.210001707,-0.04196747392
m3_discounted,314,1,44,e6803c63f300fa480953ca2fe972e030e123c7f9c1d9ed559d04ae2394d0d86b,t10,18,low,0.6869470179,0.3130529821,high,4.659306049,-0.1163379326
m3_discounted,314,1,44,e6803c63f300fa480953ca2fe972e030e123c7f9c1d9ed559d04ae2394d0d86b,t20,38,low,0.6657293737,0.3342706263,high,9.49661541,-0.2745807171
m3_discounted,314,1,44,e6803c63f300fa480953ca2fe972e030e123c7f9c1d9ed559d04ae2394d0d86b,full,172,low,0.6525098085,0.3474901915,high,42.05052948,-0.7638917565
m3_discounted,314,1,47,f73fbbd46db1893b89699f228eb96713fbf24e13dabbda4707c125290203f537,t3,4,high,0.7650901973,0.2349098027,high,1.196579099,-0.04588238895
m3_discounted,314,1,47,f73fbbd46db1893b89699f228eb96713fbf24e13dabbda4707c125290203f537,t5,8,high,0.729693383,0.270306617,high,2.169083595,-0.02761008963
m3_discounted,314,1,47,f73fbbd46db1893b89699f228eb96713fbf24e13dabbda4707c125290203f537,full,14,high,0.6960814297,0.3039185703,high,3.638356209,-0.02237749659
m3_discounted,314,1,66,60300796ba7899fd40ecbaa91387c5ca83e5757c4513c7aae95783e2e3877244,t3,4,high,0.7592896223,0.2407103777,high,1.227115273,-0.01118712686
m3_discounted,314,1,66,60300796ba7899fd40ecbaa91387c5ca83e5757c4513c7aae95783e2e3877244,t5,8,high,0.7315307856,0.2684692144,high,2.167098761,-0.02115415595
m3_discounted,314,1,66,60300796ba7899fd40ecbaa91387c5ca83e5757c4513c7aae95783e2e3877244,t10,17,high,0.6893869638,0.3106130362,high,4.275369167,-0.006759818643
m3_discounted,314,1,66,60300796ba7899fd40ecbaa91387c5ca83e5757c4513c7aae95783e2e3877244,full,29,high,0.6618112624,0.3381887376,high,7.231202602,0.01004636474
m3_discounted,314,1,71,acef12612f4cc8a8551d6eed74f7140693018819c768baebe55af31070bb4a48,t3,4,high,0.7708923966,0.2291076034,high,1.070097566,-0.01716451719
m3_discounted,314,1,71,acef12612f4cc8a8551d6eed74f7140693018819c768baebe55af31070bb4a48,t5,8,high,0.7367665768,0.2632334232,high,2.047264099,-0.04023888335
m3_discounted,314,1,71,acef12612f4cc8a8551d6eed74f7140693018819c768baebe55af31070bb4a48,t10,18,high,0.6891007721,0.3108992279,high,4.469805241,-0.0850719586
m3_discounted,314,1,71,acef12612f4cc8a8551d6eed74f7140693018819c768baebe55af31070bb4a48,t20,38,high,0.6632936597,0.3367063403,high,9.309301376,-0.1956811845
m3_discounted,314,1,71,acef12612f4cc8a8551d6eed74f7140693018819c768baebe55af31070bb4a48,full,168,high,0.6556324363,0.3443675637,high,40.79141998,-0.918390274
m3_discounted,314,1,74,c71ada431bd46bd4a6359aeae6a2a8e55c5fadaac95da2d3426bc7a470fc428d,t3,4,low,0.7661726624,0.2338273376,high,1.185878277,-0.04824343324
m3_discounted,314,1,74,c71ada431bd46bd4a6359aeae6a2a8e55c5fadaac95da2d3426bc7a470fc428d,t5,8,low,0.7347334921,0.2652665079,high,2.130992651,-0.05561004952
m3_discounted,314,1,74,c71ada431bd46bd4a6359aeae6a2a8e55c5fadaac95da2d3426bc7a470fc428d,t10,18,low,0.6845107079,0.3154892921,high,4.531225204,-0.04862368107
m3_discounted,314,1,74,c71ada431bd46bd4a6359aeae6a2a8e55c5fadaac95da2d3426bc7a470fc428d,full,36,low,0.6580937207,0.3419062793,high,8.96872139,-0.07275301218
m3_discounted,314,1,78,093c82fd2197f13c9cdbf2150b89b7a4fa6b1bd0b674db97725c2c7c8bd1dd88,t3,4,high,0.7606666088,0.2393333912,high,1.215169072,-0.0101551367
m3_discounted,314,1,78,093c82fd2197f13c9cdbf2150b89b7a4fa6b1bd0b674db97725c2c7c8bd1dd88,t5,8,high,0.7272801995,0.2727198005,high,2.196249962,-0.00321784243
m3_discounted,314,1,78,093c82fd2197f13c9cdbf2150b89b7a4fa6b1bd0b674db97725c2c7c8bd1dd88,t10,18,high,0.6804031134,0.3195968866,high,4.638031006,-0.01031134836
m3_discounted,314,1,78,093c82fd2197f13c9cdbf2150b89b7a4fa6b1bd0b674db97725c2c7c8bd1dd88,t20,38,high,0.6471658349,0.3528341651,high,9.544589043,0.0953469947
m3_discounted,314,1,78,093c82fd2197f13c9cdbf2150b89b7a4fa6b1bd0b674db97725c2c7c8bd1dd88,full,74,high,0.6492785513,0.3507214487,high,18.40457153,0.1026816517
m3_discounted,314,1,81,e20918bb59fb9410444abfca05301763d95a43571f7e2437b82ee48a1c85ed42,t3,2,high,0.788104251,0.211895749,high,0.7009330988,-0.0477950424
m3_discounted,314,1,81,e20918bb59fb9410444abfca05301763d95a43571f7e2437b82ee48a1c85ed42,t5,6,high,0.7577295601,0.2422704399,high,1.57429111,-0.07108413428
m3_discounted,314,1,81,e20918bb59fb9410444abfca05301763d95a43571f7e2437b82ee48a1c85ed42,t10,16,high,0.7091106176,0.2908893824,high,3.831587791,-0.1417079866
m3_discounted,314,1,81,e20918bb59fb9410444abfca05301763d95a43571f7e2437b82ee48a1c85ed42,full,20,high,0.6883719862,0.3116280138,high,4.790596485,-0.1020381451
m3_discounted,314,1,84,acef12612f4cc8a8551d6eed74f7140693018819c768baebe55af31070bb4a48,t3,4,high,0.7626080364,0.2373919636,high,1.213091493,-0.03361646459
m3_discounted,314,1,84,acef12612f4cc8a8551d6eed74f7140693018819c768baebe55af31070bb4a48,t5,8,high,0.7307556272,0.2692443728,high,2.185395479,-0.04417845607
m3_discounted,314,1,84,acef12612f4cc8a8551d6eed74f7140693018819c768baebe55af31070bb4a48,t10,18,high,0.6893521249,0.3106478751,high,4.573812485,-0.089677535
m3_discounted,314,1,84,acef12612f4cc8a8551d6eed74f7140693018819c768baebe55af31070bb4a48,t20,38,high,0.6650055647,0.3349944353,high,9.299829483,-0.1774098128
m3_discounted,314,1,84,acef12612f4cc8a8551d6eed74f7140693018819c768baebe55af31070bb4a48,full,234,high,0.6590314806,0.3409685194,high,56.64780426,-1.038055301
m3_discounted,314,1,90,a771a5f4fb2138cf78114b166d2e1fa99c89b30b5a08b96d69edbffaa7be1c17,t3,4,low,0.7562877387,0.2437122613,high,1.195085168,0.06202432886
m3_discounted,314,1,90,a771a5f4fb2138cf78114b166d2e1fa99c89b30b5a08b96d69edbffaa7be1c17,t5,8,low,0.7282665968,0.2717334032,high,2.172916889,0.03064019606
m3_discounted,314,1,90,a771a5f4fb2138cf78114b166d2e1fa99c89b30b5a08b96d69edbffaa7be1c17,t10,18,low,0.677384913,0.322615087,high,4.623320103,0.06814309955
m3_discounted,314,1,90,a771a5f4fb2138cf78114b166d2e1fa99c89b30b5a08b96d69edbffaa7be1c17,full,24,low,0.6655041873,0.3344958127,high,6.097657204,0.06212993711
m3_discounted,314,1,91,67e1884ecd04dbe20b36dae2dd478b3fa11c2dd652ae19aa1ecf63df01a54bb4,t3,4,high,0.7629168481,0.2370831519,high,1.217755437,-0.03816830367
m3_discounted,314,1,91,67e1884ecd04dbe20b36dae2dd478b3fa11c2dd652ae19aa1ecf63df01a54bb4,t5,8,high,0.7307013571,0.2692986429,high,2.20091629,-0.05685130879
m3_discounted,314,1,91,67e1884ecd04dbe20b36dae2dd478b3fa11c2dd652ae19aa1ecf63df01a54bb4,t10,18,high,0.6887817979,0.3112182021,high,4.60645628,-0.1115043908
m3_discounted,314,1,91,67e1884ecd04dbe20b36dae2dd478b3fa11c2dd652ae19aa1ecf63df01a54bb4,t20,38,high,0.6625983417,0.3374016583,high,9.472316742,-0.2370962352
m3_discounted,314,1,91,67e1884ecd04dbe20b36dae2dd478b3fa11c2dd652ae19aa1ecf63df01a54bb4,full,78,high,0.6529453993,0.3470546007,high,19.17680168,-0.3608409762
m3_discounted,314,1,93,4a179349154115dae8c63a1aae7fb09285d02b7da5eef74d9eaa8871309dcfa9,t3,4,high,0.7611347437,0.2388652563,high,1.214946508,-0.01652855799
m3_discounted,314,1,93,4a179349154115dae8c63a1aae7fb09285d02b7da5eef74d9eaa8871309dcfa9,t5,8,high,0.7303667367,0.2696332633,high,2.189018488,-0.03351968899
m3_discounted,314,1,93,4a179349154115dae8c63a1aae7fb09285d02b7da5eef74d9eaa8871309dcfa9,t10,18,high,0.6871637106,0.3128362894,high,4.609825611,-0.08378150314
m3_discounted,314,1,93,4a179349154115dae8c63a1aae7fb09285d02b7da5eef74d9eaa8871309dcfa9,full,24,high,0.6732580662,0.3267419338,high,6.066248894,-0.09832926095
m3_discounted,314,1,96,25e8b5e04642d3980ac38e4c1a2adc2fda059b625ba4b1d1523d13ecc5903774,t3,4,high,0.762949422,0.237050578,high,1.211923718,-0.03586377949
m3_discounted,314,1,96,25e8b5e04642d3980ac38e4c1a2adc2fda059b625ba4b1d1523d13ecc5903774,t5,8,high,0.7318796515,0.2681203485,high,2.186713934,-0.05716276169
m3_discounted,314,1,96,25e8b5e04642d3980ac38e4c1a2adc2fda059b625ba4b1d1523d13ecc5903774,t10,18,high,0.6912519336,0.3087480664,high,4.55361557,-0.1073156297
m3_discounted,314,1,96,25e8b5e04642d3980ac38e4c1a2adc2fda059b625ba4b1d1523d13ecc5903774,t20,38,high,0.6598655283,0.3401344717,high,9.399880409,-0.1513463855
m3_discounted,314,1,96,25e8b5e04642d3980ac38e4c1a2adc2fda059b625ba4b1d1523d13ecc5903774,full,90,high,0.6521664858,0.3478335142,high,21.99393463,-0.3278471231
m3_discounted,314,1,97,1837300a58fa97fb00235849e610a9e6fc97376558ae1b2b3a001a60fbe9de12,t3,4,high,0.7576163411,0.2423836589,high,1.234327674,0.01106333826
m3_discounted,314,1,97,1837300a58fa97fb00235849e610a9e6fc97376558ae1b2b3a001a60fbe9de12,t5,8,high,0.7269089222,0.2730910778,high,2.215380192,0.00407548435
m3_discounted,314,1,97,1837300a58fa97fb00235849e610a9e6fc97376558ae1b2b3a001a60fbe9de12,t10,18,high,0.6864593327,0.3135406673,high,4.652598858,-0.07662953436
m3_discounted,314,1,97,1837300a58fa97fb00235849e610a9e6fc97376558ae1b2b3a001a60fbe9de12,t20,38,high,0.6581442058,0.3418557942,high,9.541934013,-0.1609258354
m3_discounted,314,1,97,1837300a58fa97fb00235849e610a9e6fc97376558ae1b2b3a001a60fbe9de12,full,106,high,0.6533001959,0.3466998041,high,26.19159698,-0.4426527023
m3_discounted,314,1,102,6b850256cef5c3246b062d9ccc13df2dba8549db3d4aa09074ac047358bc730c,t3,4,low,0.7639566362,0.2360433638,high,1.197982192,-0.03501810879
m3_discounted,314,1,102,6b850256cef5c3246b062d9ccc13df2dba8549db3d4aa09074ac047358bc730c,t5,8,low,0.7307925224,0.2692074776,high,2.172118902,-0.03412860259
m3_discounted,314,1,102,6b850256cef5c3246b062d9ccc13df2dba8549db3d4aa09074ac047358bc730c,t10,18,low,0.6810438335,0.3189561665,high,4.633637428,-0.02245967835
m3_discounted,314,1,102,6b850256cef5c3246b062d9ccc13df2dba8549db3d4aa09074ac047358bc730c,full,18,low,0.6810438335,0.3189561665,high,4.633637428,-0.02245967835
m3_discounted,314,1,106,448764c64bd9a5b6c7cd78e8b26ab5214ce6b2f3a7fafd6b108f3cbbe5f7e177,t3,4,low,0.7544899136,0.2455100864,high,1.233260632,0.04822073877
m3_discounted,314,1,106,448764c64bd9a5b6c7cd78e8b26ab5214ce6b2f3a7fafd6b108f3cbbe5f7e177,t5,8,low,0.7221451104,0.2778548896,high,2.215102673,0.06959159672
m3_discounted,314,1,106,448764c64bd9a5b6c7cd78e8b26ab5214ce6b2f3a7fafd6b108f3cbbe5f7e177,t10,18,low,0.674502492,0.325497508,high,4.680427074,0.1320582181
m3_discounted,314,1,106,448764c64bd9a5b6c7cd78e8b26ab5214ce6b2f3a7fafd6b108f3cbbe5f7e177,full,22,low,0.666126579,0.333873421,high,5.670868874,0.1331187636
m3_discounted,314,1,111,c5d024bb1b7d54d9eb1b773b68d0abb69abd4c57c23dd861afa6b4daf6095fb2,t3,4,high,0.7607856989,0.2392143011,high,1.20863831,-0.009819031693
m3_discounted,314,1,111,c5d024bb1b7d54d9eb1b773b68d0abb69abd4c57c23dd861afa6b4daf6095fb2,t5,8,high,0.7279738784,0.2720261216,high,2.185427427,-0.008205931634
m3_discounted,314,1,111,c5d024bb1b7d54d9eb1b773b68d0abb69abd4c57c23dd861afa6b4daf6095fb2,t10,18,high,0.6836762428,0.3163237572,high,4.60304451,-0.02920310572
m3_discounted,314,1,111,c5d024bb1b7d54d9eb1b773b68d0abb69abd4c57c23dd861afa6b4daf6095fb2,t20,37,high,0.6734777987,0.3265222013,high,8.981174469,-0.1357854009
m3_discounted,314,1,111,c5d024bb1b7d54d9eb1b773b68d0abb69abd4c57c23dd861afa6b4daf6095fb2,full,57,high,0.6487241089,0.3512758911,high,13.85675049,-0.09001904726
m3_discounted,314,1,115,40b598298febd1caaa3494c2aa68b7d34db4adefb806470ebaa2164aa3b6e97b,t3,4,low,0.760767892,0.239232108,high,1.212652445,-0.01128994673
m3_discounted,314,1,115,40b598298febd1caaa3494c2aa68b7d34db4adefb806470ebaa2164aa3b6e97b,t5,8,low,0.7285583317,0.2714416683,high,2.192722082,-0.01824179105
m3_discounted,314,1,115,40b598298febd1caaa3494c2aa68b7d34db4adefb806470ebaa2164aa3b6e97b,t10,18,low,0.6796168089,0.3203831911,high,4.6469841,-0.002954034135
m3_discounted,314,1,115,40b598298febd1caaa3494c2aa68b7d34db4adefb806470ebaa2164aa3b6e97b,t20,38,low,0.6482316256,0.3517683744,high,9.575662613,0.1079936922
m3_discounted,314,1,115,40b598298febd1caaa3494c2aa68b7d34db4adefb806470ebaa2164aa3b6e97b,full,46,low,0.6495043635,0.3504956365,high,11.55120564,0.09873406589
m3_discounted,314,1,116,4418b43f021add15a849c765ee0db832848b4b10e7849e6b885d73b122875f84,t3,4,high,0.7657807171,0.2342192829,high,1.139642596,0.0005163699389
m3_discounted,314,1,116,4418b43f021add15a849c765ee0db832848b4b10e7849e6b885d73b122875f84,t5,8,high,0.73840639,0.26159361,high,2.035294056,-0.005559437908
m3_discounted,314,1,116,4418b43f021add15a849c765ee0db832848b4b10e7849e6b885d73b122875f84,t10,18,high,0.692522198,0.307477802,high,4.436435223,-0.08245105296
m3_discounted,314,1,116,4418b43f021add15a849c765ee0db832848b4b10e7849e6b885d73b122875f84,t20,38,high,0.6701578498,0.3298421502,high,9.055008888,-0.171416536
m3_discounted,314,1,116,4418b43f021add15a849c765ee0db832848b4b10e7849e6b885d73b122875f84,full,166,high,0.6539698541,0.3460301459,high,39.71353912,-0.5683031082
m3_discounted,314,1,118,76be45b29b02fc9e53270d845eb888e016203b2feb5f8a23c1bc226cfb6f9541,t3,4,low,0.7620826066,0.2379173934,high,1.222155094,-0.03737118468
m3_discounted,314,1,118,76be45b29b02fc9e53270d845eb888e016203b2feb5f8a23c1bc226cfb6f9541,t5,8,low,0.7252603769,0.2747396231,high,2.200379133,0.007814664394
m3_discounted,314,1,118,76be45b29b02fc9e53270d845eb888e016203b2feb5f8a23c1bc226cfb6f9541,t10,18,low,0.6772830486,0.3227169514,high,4.66824913,0.05514902622
m3_discounted,314,1,118,76be45b29b02fc9e53270d845eb888e016203b2feb5f8a23c1bc226cfb6f9541,full,20,low,0.6734934449,0.3265065551,high,5.164394855,0.03963729739
m3_discounted,314,1,127,7917889ab4e78b6b53a8a9cb1ef033ff30c5f3bd8f7978290b6a1e55f3745707,t3,4,high,0.7622738332,0.2377261668,high,1.218021035,-0.02935066447
m3_discounted,314,1,127,7917889ab4e78b6b53a8a9cb1ef033ff30c5f3bd8f7978290b6a1e55f3745707,t5,8,high,0.7314266264,0.2685733736,high,2.202721834,-0.06145342439
m3_discounted,314,1,127,7917889ab4e78b6b53a8a9cb1ef033ff30c5f3bd8f7978290b6a1e55f3745707,t10,18,high,0.6851666272,0.3148333728,high,4.634885788,-0.08735567331
m3_discounted,314,1,127,7917889ab4e78b6b53a8a9cb1ef033ff30c5f3bd8f7978290b6a1e55f3745707,t20,38,high,0.6615128517,0.3384871483,high,9.467810631,-0.125897184
m3_discounted,314,1,127,7917889ab4e78b6b53a8a9cb1ef033ff30c5f3bd8f7978290b6a1e55f3745707,full,58,high,0.6576605439,0.3423394561,high,14.30933094,-0.189402476
m3_discounted,2718,1,5,acef12612f4cc8a8551d6eed74f7140693018819c768baebe55af31070bb4a48,t3,4,high,0.7589367628,0.2410632372,high,1.212129831,0.01261575148
m3_discounted,2718,1,5,acef12612f4cc8a8551d6eed74f7140693018819c768baebe55af31070bb4a48,t5,8,high,0.7271189988,0.2728810012,high,2.183334112,0.02065172046
m3_discounted,2718,1,5,acef12612f4cc8a8551d6eed74f7140693018819c768baebe55af31070bb4a48,t10,18,high,0.6844508946,0.3155491054,high,4.568336964,0.03400879353
m3_discounted,2718,1,5,acef12612f4cc8a8551d6eed74f7140693018819c768baebe55af31070bb4a48,t20,38,high,0.6608239412,0.3391760588,high,9.338441849,0.06158991158
m3_discounted,2718,1,5,acef12612f4cc8a8551d6eed74f7140693018819c768baebe55af31070bb4a48,full,202,high,0.660124898,0.339875102,high,48.12798691,0.1858195812
m3_discounted,2718,1,8,242385d41a2f2e2c7cf667f3555e67d2393f27bebfb58a47237bcb1fe3ddc21f,t3,4,high,0.7631912977,0.2368087023,high,1.166146398,0.007715977728
m3_discounted,2718,1,8,242385d41a2f2e2c7cf667f3555e67d2393f27bebfb58a47237bcb1fe3ddc21f,t5,8,high,0.7330861986,0.2669138014,high,2.097118378,0.0125321513
m3_discounted,2718,1,8,242385d41a2f2e2c7cf667f3555e67d2393f27bebfb58a47237bcb1fe3ddc21f,t10,18,high,0.6995253265,0.3004746735,high,4.289656162,0.01182366908
m3_discounted,2718,1,8,242385d41a2f2e2c7cf667f3555e67d2393f27bebfb58a47237bcb1fe3ddc21f,full,28,high,0.6694679558,0.3305320442,high,6.686416626,0.04723689705
m3_discounted,2718,1,11,9063fe5a96a210ebfe12759f47a23a0522765005e854174ae1dbba306d5ab91e,t3,4,high,0.7670119703,0.2329880297,high,1.124972105,0.004455306102
m3_discounted,2718,1,11,9063fe5a96a210ebfe12759f47a23a0522765005e854174ae1dbba306d5ab91e,t5,8,high,0.7343272269,0.2656727731,high,2.068435431,0.01151554845
m3_discounted,2718,1,11,9063fe5a96a210ebfe12759f47a23a0522765005e854174ae1dbba306d5ab91e,full,14,high,0.6990095079,0.3009904921,high,3.509926796,0.03295720369
m3_discounted,2718,1,22,908b32eb48120ce4dbf68981ea7e019915cec0971b94eafa2f753fb312d2777a,t3,4,high,0.7609045357,0.2390954643,high,1.19388485,0.0107520707
m3_discounted,2718,1,22,908b32eb48120ce4dbf68981ea7e019915cec0971b94eafa2f753fb312d2777a,t5,8,high,0.7297322452,0.2702677548,high,2.147792101,0.01752040535
m3_discounted,2718,1,22,908b32eb48120ce4dbf68981ea7e019915cec0971b94eafa2f753fb312d2777a,t10,18,high,0.6854985952,0.3145014048,high,4.520235062,0.02930289693
m3_discounted,2718,1,22,908b32eb48120ce4dbf68981ea7e019915cec0971b94eafa2f753fb312d2777a,t20,38,high,0.6651051939,0.3348948061,high,9.187303543,0.02760011517
m3_discounted,2718,1,22,908b32eb48120ce4dbf68981ea7e019915cec0971b94eafa2f753fb312d2777a,full,132,high,0.6607175171,0.3392824829,high,31.16883659,0.06154827401
m3_discounted,2718,1,26,9063fe5a96a210ebfe12759f47a23a0522765005e854174ae1dbba306d5ab91e,t3,4,high,0.7594337016,0.2405662984,high,1.200431228,0.01833569072
m3_discounted,2718,1,26,9063fe5a96a210ebfe12759f47a23a0522765005e854174ae1dbba306d5ab91e,t5,8,high,0.7291065156,0.2708934844,high,2.158593178,0.01892581396
m3_discounted,2718,1,26,9063fe5a96a210ebfe12759f47a23a0522765005e854174ae1dbba306d5ab91e,full,12,high,0.7065718174,0.2934281826,high,3.121520519,0.0196876917
m3_discounted,2718,1,43,c3a7a0efb4205fb087261214ecfa7aceebcb7e8cf295163f6d694dd21fdeebe4,t3,4,high,0.7764532715,0.2235467285,high,1.000142336,0.004515556619
m3_discounted,2718,1,43,c3a7a0efb4205fb087261214ecfa7aceebcb7e8cf295163f6d694dd21fdeebe4,t5,8,high,0.743647933,0.256352067,high,1.891993046,0.01740118861
m3_discounted,2718,1,43,c3a7a0efb4205fb087261214ecfa7aceebcb7e8cf295163f6d694dd21fdeebe4,t10,18,high,0.6913091838,0.3086908162,high,4.267546177,0.01427958813
m3_discounted,2718,1,43,c3a7a0efb4205fb087261214ecfa7aceebcb7e8cf295163f6d694dd21fdeebe4,t20,39,high,0.669044584,0.330955416,high,9.088729858,0.01708240435
m3_discounted,2718,1,43,c3a7a0efb4205fb087261214ecfa7aceebcb7e8cf295163f6d694dd21fdeebe4,full,49,high,0.6707404554,0.3292595446,high,11.3211813,0.007526671514
m3_discounted,2718,1,44,e6803c63f300fa480953ca2fe972e030e123c7f9c1d9ed559d04ae2394d0d86b,t3,4,low,0.7596373558,0.2403626442,high,1.198035359,0.02381152287
m3_discounted,2718,1,44,e6803c63f300fa480953ca2fe972e030e123c7f9c1d9ed559d04ae2394d0d86b,t5,8,low,0.7280291021,0.2719708979,high,2.163984537,0.0293540433
m3_discounted,2718,1,44,e6803c63f300fa480953ca2fe972e030e123c7f9c1d9ed559d04ae2394d0d86b,t10,18,low,0.6809962094,0.3190037906,high,4.588616371,0.05677601695
m3_discounted,2718,1,44,e6803c63f300fa480953ca2fe972e030e123c7f9c1d9ed559d04ae2394d0d86b,t20,38,low,0.6577711105,0.3422288895,high,9.363629341,0.08228513598
m3_discounted,2718,1,44,e6803c63f300fa480953ca2fe972e030e123c7f9c1d9ed559d04ae2394d0d86b,full,172,low,0.6526037157,0.3473962843,high,41.44063568,0.3686711788
m3_discounted,2718,1,47,f73fbbd46db1893b89699f228eb96713fbf24e13dabbda4707c125290203f537,t3,4,high,0.765792042,0.234207958,high,1.125434041,0.01860153303
m3_discounted,2718,1,47,f73fbbd46db1893b89699f228eb96713fbf24e13dabbda4707c125290203f537,t5,8,high,0.7343642116,0.2656357884,high,2.047226667,0.03211627156
m3_discounted,2718,1,47,f73fbbd46db1893b89699f228eb96713fbf24e13dabbda4707c125290203f537,full,14,high,0.6999137402,0.3000862598,high,3.472206593,0.05872550979
m3_discounted,2718,1,66,60300796ba7899fd40ecbaa91387c5ca83e5757c4513c7aae95783e2e3877244,t3,4,high,0.7588712871,0.2411287129,high,1.205316544,0.02017894574
m3_discounted,2718,1,66,60300796ba7899fd40ecbaa91387c5ca83e5757c4513c7aae95783e2e3877244,t5,8,high,0.7312117219,0.2687882781,high,2.139503241,0.01719977707
m3_discounted,2718,1,66,60300796ba7899fd40ecbaa91387c5ca83e5757c4513c7aae95783e2e3877244,t10,17,high,0.6866616607,0.3133383393,high,4.276110649,0.04583702609
m3_discounted,2718,1,66,60300796ba7899fd40ecbaa91387c5ca83e5757c4513c7aae95783e2e3877244,full,29,high,0.6629942358,0.3370057642,high,7.175058365,0.08847646415
m3_discounted,2718,1,71,acef12612f4cc8a8551d6eed74f7140693018819c768baebe55af31070bb4a48,t3,4,high,0.7590685785,0.2409314215,high,1.20928514,0.01036111452
m3_discounted,2718,1,71,acef12612f4cc8a8551d6eed74f7140693018819c768baebe55af31070bb4a48,t5,8,high,0.7265333235,0.2734666765,high,2.185691595,0.02048112638
m3_discounted,2718,1,71,acef12612f4cc8a8551d6eed74f7140693018819c768baebe55af31070bb4a48,t10,18,high,0.6840174794,0.3159825206,high,4.586809635,0.01993925124
m3_discounted,2718,1,71,acef12612f4cc8a8551d6eed74f7140693018819c768baebe55af31070bb4a48,t20,38,high,0.6569890678,0.3430109322,high,9.389289856,0.05251971632
m3_discounted,2718,1,71,acef12612f4cc8a8551d6eed74f7140693018819c768baebe55af31070bb4a48,full,168,high,0.6546231806,0.3453768194,high,40.54289246,0.1545462012
m3_discounted,2718,1,74,c71ada431bd46bd4a6359aeae6a2a8e55c5fadaac95da2d3426bc7a470fc428d,t3,4,low,0.7634293884,0.2365706116,high,1.148321748,0.01811008342
m3_discounted,2718,1,74,c71ada431bd46bd4a6359aeae6a2a8e55c5fadaac95da2d3426bc7a470fc428d,t5,8,low,0.7343507111,0.2656492889,high,2.057264328,0.02793800831
m3_discounted,2718,1,74,c71ada431bd46bd4a6359aeae6a2a8e55c5fadaac95da2d3426bc7a470fc428d,t10,18,low,0.6824694276,0.3175305724,high,4.467037678,0.06900207698
m3_discounted,2718,1,74,c71ada431bd46bd4a6359aeae6a2a8e55c5fadaac95da2d3426bc7a470fc428d,full,36,low,0.6572397649,0.3427602351,high,8.823774338,0.1072310656
m3_discounted,2718,1,78,093c82fd2197f13c9cdbf2150b89b7a4fa6b1bd0b674db97725c2c7c8bd1dd88,t3,4,high,0.7639439553,0.2360560447,high,1.135200143,0.02764198743
m3_discounted,2718,1,78,093c82fd2197f13c9cdbf2150b89b7a4fa6b1bd0b674db97725c2c7c8bd1dd88,t5,8,high,0.732740581,0.267259419,high,2.073677301,0.03387086093
m3_discounted,2718,1,78,093c82fd2197f13c9cdbf2150b89b7a4fa6b1bd0b674db97725c2c7c8bd1dd88,t10,18,high,0.6836765707,0.3163234293,high,4.45382452,0.07180692255
m3_discounted,2718,1,78,093c82fd2197f13c9cdbf2150b89b7a4fa6b1bd0b674db97725c2c7c8bd1dd88,t20,38,high,0.653152585,0.346847415,high,9.227643967,0.1988476664
m3_discounted,2718,1,78,093c82fd2197f13c9cdbf2150b89b7a4fa6b1bd0b674db97725c2c7c8bd1dd88,full,74,high,0.6505125761,0.3494874239,high,17.92026901,0.3056334853
m3_discounted,2718,1,81,e20918bb59fb9410444abfca05301763d95a43571f7e2437b82ee48a1c85ed42,t3,2,high,0.7873507142,0.2126492858,high,0.6437479258,0.01828609966
m3_discounted,2718,1,81,e20918bb59fb9410444abfca05301763d95a43571f7e2437b82ee48a1c85ed42,t5,6,high,0.755238682,0.244761318,high,1.510200858,0.02106394805
m3_discounted,2718,1,81,e20918bb59fb9410444abfca05301763d95a43571f7e2437b82ee48a1c85ed42,t10,16,high,0.7071155608,0.2928844392,high,3.67733407,0.03605436534
m3_discounted,2718,1,81,e20918bb59fb9410444abfca05301763d95a43571f7e2437b82ee48a1c85ed42,full,20,high,0.6872393489,0.3127606511,high,4.645179749,0.06257899851
m3_discounted,2718,1,84,acef12612f4cc8a8551d6eed74f7140693018819c768baebe55af31070bb4a48,t3,4,high,0.7597321868,0.2402678132,high,1.192615032,0.02104187384
m3_discounted,2718,1,84,acef12612f4cc8a8551d6eed74f7140693018819c768baebe55af31070bb4a48,t5,8,high,0.7303783298,0.2696216702,high,2.131373405,0.02766869031
m3_discounted,2718,1,84,acef12612f4cc8a8551d6eed74f7140693018819c768baebe55af31070bb4a48,t10,18,high,0.6901397407,0.3098602593,high,4.431485176,0.0395180881
m3_discounted,2718,1,84,acef12612f4cc8a8551d6eed74f7140693018819c768baebe55af31070bb4a48,t20,38,high,0.6627325416,0.3372674584,high,9.078688622,0.06964719296
m3_discounted,2718,1,84,acef12612f4cc8a8551d6eed74f7140693018819c768baebe55af31070bb4a48,full,234,high,0.655279249,0.344720751,high,56.07976532,0.3186410367
m3_discounted,2718,1,90,a771a5f4fb2138cf78114b166d2e1fa99c89b30b5a08b96d69edbffaa7be1c17,t3,4,low,0.7704414427,0.2295585573,high,1.029780507,0.04226183146
m3_discounted,2718,1,90,a771a5f4fb2138cf78114b166d2e1fa99c89b30b5a08b96d69edbffaa7be1c17,t5,8,low,0.7435935736,0.2564064264,high,1.879123569,0.05462612957
m3_discounted,2718,1,90,a771a5f4fb2138cf78114b166d2e1fa99c89b30b5a08b96d69edbffaa7be1c17,t10,18,low,0.689103812,0.310896188,high,4.209227085,0.114188239
m3_discounted,2718,1,90,a771a5f4fb2138cf78114b166d2e1fa99c89b30b5a08b96d69edbffaa7be1c17,full,24,low,0.6754677296,0.3245322704,high,5.596938133,0.1367174536
m3_discounted,2718,1,91,67e1884ecd04dbe20b36dae2dd478b3fa11c2dd652ae19aa1ecf63df01a54bb4,t3,4,high,0.7589652389,0.2410347611,high,1.218486309,0.008175878786
m3_discounted,2718,1,91,67e1884ecd04dbe20b36dae2dd478b3fa11c2dd652ae19aa1ecf63df01a54bb4,t5,8,high,0.7278556824,0.2721443176,high,2.186484337,0.01000738237
m3_discounted,2718,1,91,67e1884ecd04dbe20b36dae2dd478b3fa11c2dd652ae19aa1ecf63df01a54bb4,t10,18,high,0.6913667917,0.3086332083,high,4.495213509,0.01565176621
m3_discounted,2718,1,91,67e1884ecd04dbe20b36dae2dd478b3fa11c2dd652ae19aa1ecf63df01a54bb4,t20,38,high,0.6633580625,0.3366419375,high,9.22401619,0.02699997276
m3_discounted,2718,1,91,67e1884ecd04dbe20b36dae2dd478b3fa11c2dd652ae19aa1ecf63df01a54bb4,full,78,high,0.6532112956,0.3467887044,high,18.75090408,0.1149280071
m3_discounted,2718,1,93,4a179349154115dae8c63a1aae7fb09285d02b7da5eef74d9eaa8871309dcfa9,t3,4,high,0.7602359504,0.2397640496,high,1.188057899,0.02090657875
m3_discounted,2718,1,93,4a179349154115dae8c63a1aae7fb09285d02b7da5eef74d9eaa8871309dcfa9,t5,8,high,0.7305316329,0.2694683671,high,2.124725103,0.02932740562
m3_discounted,2718,1,93,4a179349154115dae8c63a1aae7fb09285d02b7da5eef74d9eaa8871309dcfa9,t10,18,high,0.6869511902,0.3130488098,high,4.468224049,0.04220224917
m3_discounted,2718,1,93,4a179349154115dae8c63a1aae7fb09285d02b7da5eef74d9eaa8871309dcfa9,full,24,high,0.6705444753,0.3294555247,high,5.919310093,0.06361347437
m3_discounted,2718,1,96,25e8b5e04642d3980ac38e4c1a2adc2fda059b625ba4b1d1523d13ecc5903774,t3,4,high,0.7596037686,0.2403962314,high,1.193000793,0.02317579649
m3_discounted,2718,1,96,25e8b5e04642d3980ac38e4c1a2adc2fda059b625ba4b1d1523d13ecc5903774,t5,8,high,0.7298476994,0.2701523006,high,2.137177467,0.02826527134
m3_discounted,2718,1,96,25e8b5e04642d3980ac38e4c1a2adc2fda059b625ba4b1d1523d13ecc5903774,t10,18,high,0.6887135208,0.3112864792,high,4.490488052,0.0182226561
m3_discounted,2718,1,96,25e8b5e04642d3980ac38e4c1a2adc2fda059b625ba4b1d1523d13ecc5903774,t20,38,high,0.6583123505,0.3416876495,high,9.272961617,0.08253254741
m3_discounted,2718,1,96,25e8b5e04642d3980ac38e4c1a2adc2fda059b625ba4b1d1523d13ecc5903774,full,90,high,0.6532146633,0.3467853367,high,21.54774284,0.1717235148
m3_discounted,2718,1,97,1837300a58fa97fb00235849e610a9e6fc97376558ae1b2b3a001a60fbe9de12,t3,4,high,0.7566722184,0.2433277816,high,1.223178864,0.03066772036
m3_discounted,2718,1,97,1837300a58fa97fb00235849e610a9e6fc97376558ae1b2b3a001a60fbe9de12,t5,8,high,0.7251894474,0.2748105526,high,2.198825359,0.04085353389
m3_discounted,2718,1,97,1837300a58fa97fb00235849e610a9e6fc97376558ae1b2b3a001a60fbe9de12,t10,18,high,0.6811614633,0.3188385367,high,4.635656834,0.03669564426
m3_discounted,2718,1,97,1837300a58fa97fb00235849e610a9e6fc97376558ae1b2b3a001a60fbe9de12,t20,38,high,0.6544748843,0.3455251157,high,9.525417328,0.04573771358
m3_discounted,2718,1,97,1837300a58fa97fb00235849e610a9e6fc97376558ae1b2b3a001a60fbe9de12,full,106,high,0.6494377851,0.3505622149,high,26.09377861,0.1457979381
m3_discounted,2718,1,102,6b850256cef5c3246b062d9ccc13df2dba8549db3d4aa09074ac047358bc730c,t3,4,low,0.7605068237,0.2394931763,high,1.205214381,0.003937541507
m3_discounted,2718,1,102,6b850256cef5c3246b062d9ccc13df2dba8549db3d4aa09074ac047358bc730c,t5,8,low,0.7284531891,0.2715468109,high,2.164194107,0.01845442131
m3_discounted,2718,1,102,6b850256cef5c3246b062d9ccc13df2dba8549db3d4aa09074ac047358bc730c,t10,18,low,0.6810150445,0.3189849555,high,4.577547073,0.06012317911
m3_discounted,2718,1,102,6b850256cef5c3246b062d9ccc13df2dba8549db3d4aa09074ac047358bc730c,full,18,low,0.6810150445,0.3189849555,high,4.577547073,0.06012317911
m3_discounted,2718,1,106,448764c64bd9a5b6c7cd78e8b26ab5214ce6b2f3a7fafd6b108f3cbbe5f7e177,t3,4,low,0.7568064332,0.2431935668,high,1.216914296,0.03647647426
m3_discounted,2718,1,106,448764c64bd9a5b6c7cd78e8b26ab5214ce6b2f3a7fafd6b108f3cbbe5f7e177,t5,8,low,0.7244498432,0.2755501568,high,2.182539225,0.06475248933
m3_discounted,2718,1,106,448764c64bd9a5b6c7cd78e8b26ab5214ce6b2f3a7fafd6b108f3cbbe5f7e177,t10,18,low,0.6848903894,0.3151096106,high,4.487267494,0.1364058703
m3_discounted,2718,1,106,448764c64bd9a5b6c7cd78e8b26ab5214ce6b2f3a7fafd6b108f3cbbe5f7e177,full,22,low,0.6755751371,0.3244248629,high,5.431175232,0.1528735459
m3_discounted,2718,1,111,c5d024bb1b7d54d9eb1b773b68d0abb69abd4c57c23dd861afa6b4daf6095fb2,t3,4,high,0.7618906647,0.2381093353,high,1.162599564,0.02353162877
m3_discounted,2718,1,111,c5d024bb1b7d54d9eb1b773b68d0abb69abd4c57c23dd861afa6b4daf6095fb2,t5,8,high,0.7300333977,0.2699666023,high,2.100366831,0.04605390877
m3_discounted,2718,1,111,c5d024bb1b7d54d9eb1b773b68d0abb69abd4c57c23dd861afa6b4daf6095fb2,t10,18,high,0.6858230531,0.3141769469,high,4.460916519,0.06896932423
m3_discounted,2718,1,111,c5d024bb1b7d54d9eb1b773b68d0abb69abd4c57c23dd861afa6b4daf6095fb2,t20,37,high,0.6680714488,0.3319285512,high,8.80753994,0.09559518844
m3_discounted,2718,1,111,c5d024bb1b7d54d9eb1b773b68d0abb69abd4c57c23dd861afa6b4daf6095fb2,full,57,high,0.6523557603,0.3476442397,high,13.54501152,0.2059555799
m3_discounted,2718,1,115,40b598298febd1caaa3494c2aa68b7d34db4adefb806470ebaa2164aa3b6e97b,t3,4,low,0.7617684156,0.2382315844,high,1.166744709,0.0189653784
m3_discounted,2718,1,115,40b598298febd1caaa3494c2aa68b7d34db4adefb806470ebaa2164aa3b6e97b,t5,8,low,0.7296070457,0.2703929543,high,2.128493309,0.02450226434
m3_discounted,2718,1,115,40b598298febd1caaa3494c2aa68b7d34db4adefb806470ebaa2164aa3b6e97b,t10,18,low,0.6796248853,0.3203751147,high,4.573729992,0.05755393952
m3_discounted,2718,1,115,40b598298febd1caaa3494c2aa68b7d34db4adefb806470ebaa2164aa3b6e97b,t20,38,low,0.6522687078,0.3477312922,high,9.434065819,0.1765539497
m3_discounted,2718,1,115,40b598298febd1caaa3494c2aa68b7d34db4adefb806470ebaa2164aa3b6e97b,full,46,low,0.652056545,0.347943455,high,11.36477757,0.1960677356
m3_discounted,2718,1,116,4418b43f021add15a849c765ee0db832848b4b10e7849e6b885d73b122875f84,t3,4,high,0.7599223703,0.2400776297,high,1.20822978,0.005131499842
m3_discounted,2718,1,116,4418b43f021add15a849c765ee0db832848b4b10e7849e6b885d73b122875f84,t5,8,high,0.7262604833,0.2737395167,high,2.186123848,0.02461185493
m3_discounted,2718,1,116,4418b43f021add15a849c765ee0db832848b4b10e7849e6b885d73b122875f84,t10,18,high,0.6845552623,0.3154447377,high,4.559918404,0.04216434062
m3_discounted,2718,1,116,4418b43f021add15a849c765ee0db832848b4b10e7849e6b885d73b122875f84,t20,38,high,0.665585041,0.334414959,high,9.166409492,0.04192713276
m3_discounted,2718,1,116,4418b43f021add15a849c765ee0db832848b4b10e7849e6b885d73b122875f84,full,166,high,0.655338645,0.344661355,high,39.68909454,0.1999110281
m3_discounted,2718,1,118,76be45b29b02fc9e53270d845eb888e016203b2feb5f8a23c1bc226cfb6f9541,t3,4,low,0.7589590847,0.2410409153,high,1.200883269,0.02093231678
m3_discounted,2718,1,118,76be45b29b02fc9e53270d845eb888e016203b2feb5f8a23c1bc226cfb6f9541,t5,8,low,0.7250560224,0.2749439776,high,2.164759874,0.057835944
m3_discounted,2718,1,118,76be45b29b02fc9e53270d845eb888e016203b2feb5f8a23c1bc226cfb6f9541,t10,18,low,0.6828060746,0.3171939254,high,4.533926487,0.110319145
m3_discounted,2718,1,118,76be45b29b02fc9e53270d845eb888e016203b2feb5f8a23c1bc226cfb6f9541,full,20,low,0.6791202128,0.3208797872,high,5.002066612,0.1095253602
m3_discounted,2718,1,127,7917889ab4e78b6b53a8a9cb1ef033ff30c5f3bd8f7978290b6a1e55f3745707,t3,4,high,0.7599434406,0.2400565594,high,1.204336882,0.01406640094
m3_discounted,2718,1,127,7917889ab4e78b6b53a8a9cb1ef033ff30c5f3bd8f7978290b6a1e55f3745707,t5,8,high,0.7285059988,0.2714940012,high,2.175394535,0.01259851642
m3_discounted,2718,1,127,7917889ab4e78b6b53a8a9cb1ef033ff30c5f3bd8f7978290b6a1e55f3745707,t10,18,high,0.6836910546,0.3163089454,high,4.571640491,0.02323919721
m3_discounted,2718,1,127,7917889ab4e78b6b53a8a9cb1ef033ff30c5f3bd8f7978290b6a1e55f3745707,t20,38,high,0.660164088,0.339835912,high,9.343695641,0.05274401233
m3_discounted,2718,1,127,7917889ab4e78b6b53a8a9cb1ef033ff30c5f3bd8f7978290b6a1e55f3745707,full,58,high,0.6600526571,0.3399473429,high,14.01074219,0.07840882242
m3_discounted,42,2,2,fdf67d2c42795b9d06e986a20b48e2b2bee751e8cdf4fd17e3571edec7df7c1a,t3,4,high,0.8455380499,0.1544619501,high,-0.6825868487,0.03981486335
m3_discounted,42,2,2,fdf67d2c42795b9d06e986a20b48e2b2bee751e8cdf4fd17e3571edec7df7c1a,t5,8,high,0.8789058104,0.1210941896,high,-1.678668857,0.0410912782
m3_discounted,42,2,2,fdf67d2c42795b9d06e986a20b48e2b2bee751e8cdf4fd17e3571edec7df7c1a,t10,18,high,0.8823788315,0.1176211685,high,-3.472515106,0.1450026929
m3_discounted,42,2,2,fdf67d2c42795b9d06e986a20b48e2b2bee751e8cdf4fd17e3571edec7df7c1a,full,34,high,0.8228100538,0.1771899462,high,-4.091835499,0.2470453978
m3_discounted,42,2,4,191639dd25fcde7c7a679eb592d24f8b509b2039411c660a67c8a93f8157923d,t3,4,high,0.7212766111,0.2787233889,high,1.108832359,-0.04512443393
m3_discounted,42,2,4,191639dd25fcde7c7a679eb592d24f8b509b2039411c660a67c8a93f8157923d,t5,8,high,0.7208779156,0.2791220844,high,1.626702428,-0.04147521779
m3_discounted,42,2,4,191639dd25fcde7c7a679eb592d24f8b509b2039411c660a67c8a93f8157923d,t10,18,high,0.6918167472,0.3081832528,high,3.072672844,-0.04982930422
m3_discounted,42,2,4,191639dd25fcde7c7a679eb592d24f8b509b2039411c660a67c8a93f8157923d,t20,38,high,0.7065938413,0.2934061587,high,6.32831192,-0.02208880708
m3_discounted,42,2,4,191639dd25fcde7c7a679eb592d24f8b509b2039411c660a67c8a93f8157923d,full,58,high,0.6319899261,0.3680100739,high,10.5086832,-0.1075383276
m3_discounted,42,2,10,4726c5a5ef83880ea58dc9be0d5526992a63d81a7158a7290accb6ea90e2f24e,t3,4,low,0.7860229015,0.2139770985,high,0.2963348031,0.05478516966
m3_discounted,42,2,10,4726c5a5ef83880ea58dc9be0d5526992a63d81a7158a7290accb6ea90e2f24e,t5,8,low,0.7822065651,0.2177934349,high,0.4912714958,0.056848526
m3_discounted,42,2,10,4726c5a5ef83880ea58dc9be0d5526992a63d81a7158a7290accb6ea90e2f24e,full,10,low,0.7578852773,0.2421147227,high,0.8527530432,0.07308940589
m3_discounted,42,2,13,33d5eab0e55967cc9ef6294d07c71894b7c8ccead9f3b75d9c24963ff08f8a5b,t3,4,high,0.7598731071,0.2401268929,high,0.5017684102,0.04717665911
m3_discounted,42,2,13,33d5eab0e55967cc9ef6294d07c71894b7c8ccead9f3b75d9c24963ff08f8a5b,t5,8,high,0.7014201581,0.2985798419,high,1.463061452,0.08341751993
m3_discounted,42,2,13,33d5eab0e55967cc9ef6294d07c71894b7c8ccead9f3b75d9c24963ff08f8a5b,full,12,high,0.6609079838,0.3390920162,high,2.448367357,0.1168150529
m3_discounted,42,2,15,9a33ea59a66d49ff7cc5e5ae9beb979f48b38e35157bca2ebd07bf99649f623d,t3,4,low,0.7947448492,0.2052551508,high,0.0916339606,0.03598284721
m3_discounted,42,2,15,9a33ea59a66d49ff7cc5e5ae9beb979f48b38e35157bca2ebd07bf99649f623d,t5,8,low,0.7552786022,0.2447213978,high,0.6299147606,0.05453528091
m3_discounted,42,2,15,9a33ea59a66d49ff7cc5e5ae9beb979f48b38e35157bca2ebd07bf99649f623d,t10,18,low,0.6539748013,0.3460251987,high,2.842970848,0.1463529468
m3_discounted,42,2,15,9a33ea59a66d49ff7cc5e5ae9beb979f48b38e35157bca2ebd07bf99649f623d,full,20,low,0.6448992193,0.3551007807,high,3.316425562,0.1266714334
m3_discounted,42,2,18,b34ee56525d88d8c5edbedc83cfaa246ebf13d655186bfb0a26192ae67847925,t3,4,high,0.8707917184,0.1292082816,high,-1.108322024,-0.03557874262
m3_discounted,42,2,18,b34ee56525d88d8c5edbedc83cfaa246ebf13d655186bfb0a26192ae67847925,t5,8,high,0.8586730063,0.1413269937,high,-1.400241256,-0.05559147894
m3_discounted,42,2,18,b34ee56525d88d8c5edbedc83cfaa246ebf13d655186bfb0a26192ae67847925,t10,18,high,0.7618741989,0.2381258011,high,-0.06217394769,-0.07705373317
m3_discounted,42,2,18,b34ee56525d88d8c5edbedc83cfaa246ebf13d655186bfb0a26192ae67847925,t20,38,high,0.6511062682,0.3488937318,high,3.208184004,0.0124106016
m3_discounted,42,2,18,b34ee56525d88d8c5edbedc83cfaa246ebf13d655186bfb0a26192ae67847925,full,114,high,0.7027665973,0.2972334027,high,15.62966633,0.02031724527
m3_discounted,42,2,20,f9ba5bcb971128ab896d2b887228d6522719aa3c656b131cf236ce80da34d01d,t3,4,high,0.8333683014,0.1666316986,high,-0.4345155954,0.007292859256
m3_discounted,42,2,20,f9ba5bcb971128ab896d2b887228d6522719aa3c656b131cf236ce80da34d01d,t5,8,high,0.8599206656,0.1400793344,high,-1.086577654,-0.006801039912
m3_discounted,42,2,20,f9ba5bcb971128ab896d2b887228d6522719aa3c656b131cf236ce80da34d01d,t10,18,high,0.8876298219,0.1123701781,high,-2.947079659,0.008324641734
m3_discounted,42,2,20,f9ba5bcb971128ab896d2b887228d6522719aa3c656b131cf236ce80da34d01d,t20,38,high,0.8547598124,0.1452401876,high,-4.993252277,0.04206129909
m3_discounted,42,2,20,f9ba5bcb971128ab896d2b887228d6522719aa3c656b131cf236ce80da34d01d,full,46,high,0.7673526853,0.2326473147,high,-3.958215475,0.03284955025
m3_discounted,42,2,25,ddb02d91bd18c3c662df1f33661d602d12020d6cf678bab7cb298f4055fca93b,t3,4,high,0.8654382527,0.1345617473,high,-1.030362248,0.0214520134
m3_discounted,42,2,25,ddb02d91bd18c3c662df1f33661d602d12020d6cf678bab7cb298f4055fca93b,t5,8,high,0.8864480555,0.1135519445,high,-1.931544781,-0.01845278963
m3_discounted,42,2,25,ddb02d91bd18c3c662df1f33661d602d12020d6cf678bab7cb298f4055fca93b,t10,18,high,0.8639809191,0.1360190809,high,-2.863417625,-0.02124485187
m3_discounted,42,2,25,ddb02d91bd18c3c662df1f33661d602d12020d6cf678bab7cb298f4055fca93b,full,32,high,0.8748279959,0.1251720041,high,-4.719661713,-0.01832798496
m3_discounted,42,2,28,487d0abed001c9f2a355dcc6490f2cf7f1354bf99dbe74fb40e1739122af3c2b,t3,4,high,0.7855201513,0.2144798487,high,0.3563994765,0.01828496903
m3_discounted,42,2,28,487d0abed001c9f2a355dcc6490f2cf7f1354bf99dbe74fb40e1739122af3c2b,t5,8,high,0.8513361067,0.1486638933,high,-0.6072204113,0.004568163306
m3_discounted,42,2,28,487d0abed001c9f2a355dcc6490f2cf7f1354bf99dbe74fb40e1739122af3c2b,t10,18,high,0.7904065847,0.2095934153,high,-0.4585386515,0.02212282829
m3_discounted,42,2,28,487d0abed001c9f2a355dcc6490f2cf7f1354bf99dbe74fb40e1739122af3c2b,t20,38,high,0.7363727689,0.2636272311,high,1.426452756,-0.04328969121
m3_discounted,42,2,28,487d0abed001c9f2a355dcc6490f2cf7f1354bf99dbe74fb40e1739122af3c2b,full,122,high,0.7266299427,0.2733700573,high,9.540125847,-0.4205346107
m3_discounted,42,2,29,9459f1cceef9869f5ee5d550f4d0153a7cdf2e59b9bd8cc5f372969252fde2ca,t3,4,high,0.8625157028,0.1374842972,high,-1.019852638,0.0295718424
m3_discounted,42,2,29,9459f1cceef9869f5ee5d550f4d0153a7cdf2e59b9bd8cc5f372969252fde2ca,t5,7,high,0.8276782483,0.1723217517,high,-0.7700949907,0.04895552993
m3_discounted,42,2,29,9459f1cceef9869f5ee5d550f4d0153a7cdf2e59b9bd8cc5f372969252fde2ca,t10,17,high,0.7329120934,0.2670879066,high,0.7831561565,0.03172066063
m3_discounted,42,2,29,9459f1cceef9869f5ee5d550f4d0153a7cdf2e59b9bd8cc5f372969252fde2ca,t20,37,high,0.7125661373,0.2874338627,high,3.660141945,-0.09550586343
m3_discounted,42,2,29,9459f1cceef9869f5ee5d550f4d0153a7cdf2e59b9bd8cc5f372969252fde2ca,full,37,high,0.7125661373,0.2874338627,high,3.660141945,-0.09550586343
m3_discounted,42,2,34,4d0345fde865563ce1b8a378bb4f763097083ca5ab32f7ddf46c2f6159f1dec2,t3,4,high,0.8723191768,0.1276808232,high,-1.082908869,-0.04619789869
m3_discounted,42,2,34,4d0345fde865563ce1b8a378bb4f763097083ca5ab32f7ddf46c2f6159f1dec2,t5,8,high,0.8845698312,0.1154301688,high,-1.874635458,-0.08419182897
m3_discounted,42,2,34,4d0345fde865563ce1b8a378bb4f763097083ca5ab32f7ddf46c2f6159f1dec2,t10,18,high,0.906756185,0.093243815,high,-4.075786591,-0.1758677959
m3_discounted,42,2,34,4d0345fde865563ce1b8a378bb4f763097083ca5ab32f7ddf46c2f6159f1dec2,t20,38,high,0.9147121683,0.08528783172,high,-8.428551674,-0.2667352259
m3_discounted,42,2,34,4d0345fde865563ce1b8a378bb4f763097083ca5ab32f7ddf46c2f6159f1dec2,full,116,high,0.7823850363,0.2176149637,high,-17.95110321,-0.6631456017
m3_discounted,42,2,36,a89e21c5a35df9846708875b550aedadb0962eeaf4b3c7f3348dec0322cd9dde,t3,4,high,0.7099916935,0.2900083065,high,1.127291679,0.02342548966
m3_discounted,42,2,36,a89e21c5a35df9846708875b550aedadb0962eeaf4b3c7f3348dec0322cd9dde,t5,8,high,0.6674032509,0.3325967491,high,2.118885517,0.05854626
m3_discounted,42,2,36,a89e21c5a35df9846708875b550aedadb0962eeaf4b3c7f3348dec0322cd9dde,t10,18,high,0.6344152689,0.3655847311,high,4.339661598,0.06550369412
m3_discounted,42,2,36,a89e21c5a35df9846708875b550aedadb0962eeaf4b3c7f3348dec0322cd9dde,t20,38,high,0.6831378639,0.3168621361,high,7.638920307,-0.002109166235
m3_discounted,42,2,36,a89e21c5a35df9846708875b550aedadb0962eeaf4b3c7f3348dec0322cd9dde,full,314,high,0.6223095655,0.3776904345,high,58.19059753,-1.181037426
m3_discounted,42,2,38,f8b9c28f12c90d87138212f431c9300e394af58c1dc90d970ba183af36ca0387,t3,4,high,0.8591936976,0.1408063024,high,-0.7879699469,-0.01729455218
m3_discounted,42,2,38,f8b9c28f12c90d87138212f431c9300e394af58c1dc90d970ba183af36ca0387,t5,8,high,0.8859612718,0.1140387282,high,-1.762855649,-0.04806257784
m3_discounted,42,2,38,f8b9c28f12c90d87138212f431c9300e394af58c1dc90d970ba183af36ca0387,t10,18,high,0.9104723111,0.08952768892,high,-4.224620819,-0.06467093527
m3_discounted,42,2,38,f8b9c28f12c90d87138212f431c9300e394af58c1dc90d970ba183af36ca0387,t20,38,high,0.8944956139,0.1055043861,high,-7.080153942,-0.1247925907
m3_discounted,42,2,38,f8b9c28f12c90d87138212f431c9300e394af58c1dc90d970ba183af36ca0387,full,93,high,0.7134339511,0.2865660489,high,-5.230139256,-0.01630154997
m3_discounted,42,2,49,b34ee56525d88d8c5edbedc83cfaa246ebf13d655186bfb0a26192ae67847925,t3,4,high,0.8535118252,0.1464881748,high,-0.8201937675,0.02058652416
m3_discounted,42,2,49,b34ee56525d88d8c5edbedc83cfaa246ebf13d655186bfb0a26192ae67847925,t5,8,high,0.8735459894,0.1264540106,high,-1.606307268,0.02776030451
m3_discounted,42,2,49,b34ee56525d88d8c5edbedc83cfaa246ebf13d655186bfb0a26192ae67847925,t10,18,high,0.7405048311,0.2594951689,high,0.1421323568,-0.006039336324
m3_discounted,42,2,49,b34ee56525d88d8c5edbedc83cfaa246ebf13d655186bfb0a26192ae67847925,t20,38,high,0.6556193233,0.3443806767,high,3.70118928,0.06828989089
m3_discounted,42,2,49,b34ee56525d88d8c5edbedc83cfaa246ebf13d655186bfb0a26192ae67847925,full,180,high,0.6257610619,0.3742389381,high,24.53978348,0.03288961574
m3_discounted,42,2,51,27f7b9a233b232d09dc5463937c8150e848bebb9f9c3eac2cd6d18cd0a0a0663,t3,4,high,0.7717194557,0.2282805443,high,0.2855552137,0.03612020612
m3_discounted,42,2,51,27f7b9a233b232d09dc5463937c8150e848bebb9f9c3eac2cd6d18cd0a0a0663,t5,8,high,0.706307739,0.293692261,high,1.282161236,0.07748363912
m3_discounted,42,2,51,27f7b9a233b232d09dc5463937c8150e848bebb9f9c3eac2cd6d18cd0a0a0663,full,14,high,0.6755955219,0.3244044781,high,2.535961628,0.02953828126
m3_discounted,42,2,54,cab87913f73e8349723b3aa09815de16104f7e933d850478367538de727d8d66,t3,4,high,0.7466642559,0.2533357441,high,0.7641661763,-0.01249492913
m3_discounted,42,2,54,cab87913f73e8349723b3aa09815de16104f7e933d850478367538de727d8d66,t5,8,high,0.7596917748,0.2403082252,high,0.8574316502,0.01847497374
m3_discounted,42,2,54,cab87913f73e8349723b3aa09815de16104f7e933d850478367538de727d8d66,t10,18,high,0.7487370074,0.2512629926,high,1.32433784,0.06998038292
m3_discounted,42,2,54,cab87913f73e8349723b3aa09815de16104f7e933d850478367538de727d8d66,t20,38,high,0.6570095718,0.3429904282,high,4.35658884,0.01336245239
m3_discounted,42,2,54,cab87913f73e8349723b3aa09815de16104f7e933d850478367538de727d8d66,full,40,high,0.6476444304,0.3523555696,high,4.826133251,-0.004944382235
m3_discounted,42,2,61,d18cd2cb8f3969cbf6af794d14828afbbd325bed84b28f6fb6cfa887be2c8b28,t3,4,high,0.7434899211,0.2565100789,high,0.7937917113,0.03035635687
m3_discounted,42,2,61,d18cd2cb8f3969cbf6af794d14828afbbd325bed84b28f6fb6cfa887be2c8b28,t5,8,high,0.7238512039,0.2761487961,high,1.447814584,-0.007730742916
m3_discounted,42,2,61,d18cd2cb8f3969cbf6af794d14828afbbd325bed84b28f6fb6cfa887be2c8b28,t10,18,high,0.7984889597,0.2015110403,high,1.296214819,-0.06366284192
m3_discounted,42,2,61,d18cd2cb8f3969cbf6af794d14828afbbd325bed84b28f6fb6cfa887be2c8b28,t20,38,high,0.8290904611,0.1709095389,high,0.9994623661,-0.1312590837
m3_discounted,42,2,61,d18cd2cb8f3969cbf6af794d14828afbbd325bed84b28f6fb6cfa887be2c8b28,full,124,high,0.6276829541,0.3723170459,high,12.86651516,-0.3415860832
m3_discounted,42,2,63,f34b655729f9e067daf58741bbef87d6babc75e70cc02335a66a9a7f2a41110f,t3,4,high,0.7494149208,0.2505850792,high,0.6835448146,0.06369385123
m3_discounted,42,2,63,f34b655729f9e067daf58741bbef87d6babc75e70cc02335a66a9a7f2a41110f,t5,8,high,0.7050684392,0.2949315608,high,1.532518148,0.1008563861
m3_discounted,42,2,63,f34b655729f9e067daf58741bbef87d6babc75e70cc02335a66a9a7f2a41110f,t10,18,high,0.6781537831,0.3218462169,high,3.31717515,0.1542313546
m3_discounted,42,2,63,f34b655729f9e067daf58741bbef87d6babc75e70cc02335a66a9a7f2a41110f,t20,38,high,0.6230779886,0.3769220114,high,7.255156517,0.2329974025
m3_discounted,42,2,63,f34b655729f9e067daf58741bbef87d6babc75e70cc02335a66a9a7f2a41110f,full,58,high,0.6435152292,0.3564847708,high,10.0078392,0.4050234258
m3_discounted,42,2,76,ef2a499f1eb631d0fe82020b23b6b033d935130d3181bd0d4fd2f4fcd23925a8,t3,5,high,0.7655524909,0.2344475091,high,0.5549558997,0.04783039913
m3_discounted,42,2,76,ef2a499f1eb631d0fe82020b23b6b033d935130d3181bd0d4fd2f4fcd23925a8,t5,9,high,0.8190628141,0.1809371859,high,0.03944587708,0.008831147105
m3_discounted,42,2,76,ef2a499f1eb631d0fe82020b23b6b033d935130d3181bd0d4fd2f4fcd23925a8,t10,19,high,0.8607937843,0.1392062157,high,-1.464232206,0.07816165686
m3_discounted,42,2,76,ef2a499f1eb631d0fe82020b23b6b033d935130d3181bd0d4fd2f4fcd23925a8,t20,41,high,0.8731489629,0.1268510371,high,-4.001103401,-0.07436947525
m3_discounted,42,2,76,ef2a499f1eb631d0fe82020b23b6b033d935130d3181bd0d4fd2f4fcd23925a8,full,67,high,0.7645937502,0.2354062498,high,-3.520314217,-0.2979427278
m3_discounted,42,2,85,362ca8248798f8db4ad596d5ff5d5b21969fb1d0b5d6bc5479eb390815d04099,t3,4,high,0.813886553,0.186113447,high,-0.06856331229,-0.03284678236
m3_discounted,42,2,85,362ca8248798f8db4ad596d5ff5d5b21969fb1d0b5d6bc5479eb390815d04099,t5,8,high,0.8019778728,0.1980221272,high,0.1348772198,-0.06598085165
m3_discounted,42,2,85,362ca8248798f8db4ad596d5ff5d5b21969fb1d0b5d6bc5479eb390815d04099,t10,18,high,0.7690667808,0.2309332192,high,0.5993171334,-0.1199379414
m3_discounted,42,2,85,362ca8248798f8db4ad596d5ff5d5b21969fb1d0b5d6bc5479eb390815d04099,t20,38,high,0.7343420982,0.2656579018,high,3.166567564,-0.2613842189
m3_discounted,42,2,85,362ca8248798f8db4ad596d5ff5d5b21969fb1d0b5d6bc5479eb390815d04099,full,130,high,0.6587545872,0.3412454128,high,13.13438988,-0.399674654
m3_discounted,42,2,88,9bc4482343f7ed28b44b9319b09ff19b55a18cac47392ae5ffba13a1bbc7d262,t3,5,high,0.827027902,0.172972098,high,-0.4082883,0.02856533229
m3_discounted,42,2,88,9bc4482343f7ed28b44b9319b09ff19b55a18cac47392ae5ffba13a1bbc7d262,t5,9,high,0.8554573059,0.1445426941,high,-1.115079165,0.05304689333
m3_discounted,42,2,88,9bc4482343f7ed28b44b9319b09ff19b55a18cac47392ae5ffba13a1bbc7d262,t10,19,high,0.8481040299,0.1518959701,high,-1.868667722,0.09648664296
m3_discounted,42,2,88,9bc4482343f7ed28b44b9319b09ff19b55a18cac47392ae5ffba13a1bbc7d262,t20,39,high,0.7559688687,0.2440311313,high,-1.721873999,0.1138643026
m3_discounted,42,2,88,9bc4482343f7ed28b44b9319b09ff19b55a18cac47392ae5ffba13a1bbc7d262,full,67,high,0.8338721246,0.1661278754,high,-2.683686972,0.05903463811
m3_discounted,42,2,92,f2052231c80a312cdf52e119479c078cd5bcaf12bb92c3ed0366740e77e1ee5f,t3,4,low,0.7004523277,0.2995476723,high,1.21661222,0.05537568778
m3_discounted,42,2,92,f2052231c80a312cdf52e119479c078cd5bcaf12bb92c3ed0366740e77e1ee5f,t5,8,low,0.6669642627,0.3330357373,high,2.140887737,0.09254065156
m3_discounted,42,2,92,f2052231c80a312cdf52e119479c078cd5bcaf12bb92c3ed0366740e77e1ee5f,full,12,low,0.6676453352,0.3323546648,high,2.834339142,0.08881394565
m3_discounted,42,2,107,987ebbea8e2f88d7ae24bb995fb1683cfcf43e60da1c73db60f86e9c6f759ec0,t3,4,high,0.8426297456,0.1573702544,high,-0.7222134471,0.02493267879
m3_discounted,42,2,107,987ebbea8e2f88d7ae24bb995fb1683cfcf43e60da1c73db60f86e9c6f759ec0,t5,8,high,0.8485671133,0.1514328867,high,-1.1929214,0.06749444455
m3_discounted,42,2,107,987ebbea8e2f88d7ae24bb995fb1683cfcf43e60da1c73db60f86e9c6f759ec0,full,16,high,0.8337168097,0.1662831903,high,-1.374244213,0.1207860485
m3_discounted,42,2,113,43e3f532b331904b4b75e22e482cffcf7410e15e086662ebc1b0f2d324f2c640,t3,4,high,0.7539296299,0.2460703701,high,0.7057723999,0.004944005981
m3_discounted,42,2,113,43e3f532b331904b4b75e22e482cffcf7410e15e086662ebc1b0f2d324f2c640,t5,8,high,0.8354160637,0.1645839363,high,-0.2142330706,-0.005773317069
m3_discounted,42,2,113,43e3f532b331904b4b75e22e482cffcf7410e15e086662ebc1b0f2d324f2c640,t10,18,high,0.8839246407,0.1160753593,high,-2.29830575,0.05460986495
m3_discounted,42,2,113,43e3f532b331904b4b75e22e482cffcf7410e15e086662ebc1b0f2d324f2c640,t20,38,high,0.8825600296,0.1174399704,high,-4.713214874,0.09135629982
m3_discounted,42,2,113,43e3f532b331904b4b75e22e482cffcf7410e15e086662ebc1b0f2d324f2c640,full,48,high,0.7680041641,0.2319958359,high,-3.250310421,0.106327422
m3_discounted,42,2,120,6138bfa37d6d45417e27c6225b1b5c3d451845f9afd2be1af047243d1934f16d,t3,4,high,0.8714234382,0.1285765618,high,-1.166417599,0.03311204165
m3_discounted,42,2,120,6138bfa37d6d45417e27c6225b1b5c3d451845f9afd2be1af047243d1934f16d,t5,8,high,0.8856843486,0.1143156514,high,-2.060055733,0.06468860805
m3_discounted,42,2,120,6138bfa37d6d45417e27c6225b1b5c3d451845f9afd2be1af047243d1934f16d,t10,18,high,0.890804626,0.109195374,high,-3.864427805,0.08277526498
m3_discounted,42,2,120,6138bfa37d6d45417e27c6225b1b5c3d451845f9afd2be1af047243d1934f16d,full,30,high,0.8572438508,0.1427561492,high,-4.928296089,0.1310402602
m3_discounted,42,2,126,3d9bb96a31d14f722edff4380172cc0eda5a2e2aab8847223fead188adfe3bae,t3,4,low,0.757760793,0.242239207,high,0.4599233568,0.05714303255
m3_discounted,42,2,126,3d9bb96a31d14f722edff4380172cc0eda5a2e2aab8847223fead188adfe3bae,t5,8,low,0.6989646256,0.3010353744,high,1.434265494,0.09746793658
m3_discounted,42,2,126,3d9bb96a31d14f722edff4380172cc0eda5a2e2aab8847223fead188adfe3bae,t10,17,low,0.6340867579,0.3659132421,high,3.503106117,0.1563966572
m3_discounted,42,2,126,3d9bb96a31d14f722edff4380172cc0eda5a2e2aab8847223fead188adfe3bae,t20,36,low,0.6327208877,0.3672791123,high,7.381105423,0.3245607913
m3_discounted,42,2,126,3d9bb96a31d14f722edff4380172cc0eda5a2e2aab8847223fead188adfe3bae,full,63,low,0.7156851888,0.2843148112,high,10.57366943,0.6520860791
m3_discounted,42,2,129,b43f9bef2ea9be7d5c83147f704d1ec9e88508b7c90558944b551a63d6646376,t3,5,high,0.8554455489,0.1445544511,high,-0.9315584302,-0.05345197767
m3_discounted,42,2,129,b43f9bef2ea9be7d5c83147f704d1ec9e88508b7c90558944b551a63d6646376,t5,9,high,0.8404430747,0.1595569253,high,-0.941255033,-0.09281501174
m3_discounted,42,2,129,b43f9bef2ea9be7d5c83147f704d1ec9e88508b7c90558944b551a63d6646376,t10,19,high,0.842579022,0.157420978,high,-1.590292692,-0.08516967297
m3_discounted,42,2,129,b43f9bef2ea9be7d5c83147f704d1ec9e88508b7c90558944b551a63d6646376,full,35,high,0.8104935586,0.1895064414,high,-1.690201521,-0.1914870143
m3_discounted,101,2,2,fdf67d2c42795b9d06e986a20b48e2b2bee751e8cdf4fd17e3571edec7df7c1a,t3,4,high,0.842701599,0.157298401,high,-0.6448029876,0.000181469135
m3_discounted,101,2,2,fdf67d2c42795b9d06e986a20b48e2b2bee751e8cdf4fd17e3571edec7df7c1a,t5,8,high,0.8765866756,0.1234133244,high,-1.588504076,-0.0255689472
m3_discounted,101,2,2,fdf67d2c42795b9d06e986a20b48e2b2bee751e8cdf4fd17e3571edec7df7c1a,t10,18,high,0.8217130154,0.1782869846,high,-1.671747088,0.01427926868
m3_discounted,101,2,2,fdf67d2c42795b9d06e986a20b48e2b2bee751e8cdf4fd17e3571edec7df7c1a,full,34,high,0.7430372834,0.2569627166,high,-0.1623583585,0.03151608258
m3_discounted,101,2,4,191639dd25fcde7c7a679eb592d24f8b509b2039411c660a67c8a93f8157923d,t3,4,high,0.796367228,0.203632772,high,0.08607392013,-0.03179808334
m3_discounted,101,2,4,191639dd25fcde7c7a679eb592d24f8b509b2039411c660a67c8a93f8157923d,t5,8,high,0.743136853,0.256863147,high,0.8842712641,-0.03862590343
m3_discounted,101,2,4,191639dd25fcde7c7a679eb592d24f8b509b2039411c660a67c8a93f8157923d,t10,18,high,0.6824375391,0.3175624609,high,2.642618895,-0.05253592506
m3_discounted,101,2,4,191639dd25fcde7c7a679eb592d24f8b509b2039411c660a67c8a93f8157923d,t20,38,high,0.6228901446,0.3771098554,high,6.968327522,-0.0699962303
m3_discounted,101,2,4,191639dd25fcde7c7a679eb592d24f8b509b2039411c660a67c8a93f8157923d,full,58,high,0.644949168,0.355050832,high,10.99911213,-0.1566459835
m3_discounted,101,2,10,4726c5a5ef83880ea58dc9be0d5526992a63d81a7158a7290accb6ea90e2f24e,t3,4,low,0.7773265392,0.2226734608,high,0.3959196508,0.01693548448
m3_discounted,101,2,10,4726c5a5ef83880ea58dc9be0d5526992a63d81a7158a7290accb6ea90e2f24e,t5,8,low,0.7505511492,0.2494488508,high,0.920994997,0.01782241836
m3_discounted,101,2,10,4726c5a5ef83880ea58dc9be0d5526992a63d81a7158a7290accb6ea90e2f24e,full,10,low,0.7245093584,0.2754906416,high,1.366882682,0.02943061292
m3_discounted,101,2,13,33d5eab0e55967cc9ef6294d07c71894b7c8ccead9f3b75d9c24963ff08f8a5b,t3,4,high,0.7361725271,0.2638274729,high,0.8287362456,0.01191014238
m3_discounted,101,2,13,33d5eab0e55967cc9ef6294d07c71894b7c8ccead9f3b75d9c24963ff08f8a5b,t5,8,high,0.6930644214,0.3069355786,high,1.717660785,0.03571132198
m3_discounted,101,2,13,33d5eab0e55967cc9ef6294d07c71894b7c8ccead9f3b75d9c24963ff08f8a5b,full,12,high,0.6561931968,0.3438068032,high,2.706547737,0.05696421862
m3_discounted,101,2,15,9a33ea59a66d49ff7cc5e5ae9beb979f48b38e35157bca2ebd07bf99649f623d,t3,4,low,0.8014478981,0.1985521019,high,0.06589972973,0.002783787437
m3_discounted,101,2,15,9a33ea59a66d49ff7cc5e5ae9beb979f48b38e35157bca2ebd07bf99649f623d,t5,8,low,0.7486522198,0.2513477802,high,0.8159477115,0.01178270765
m3_discounted,101,2,15,9a33ea59a66d49ff7cc5e5ae9beb979f48b38e35157bca2ebd07bf99649f623d,t10,18,low,0.6492750347,0.3507249653,high,3.151297808,0.07645054907
m3_discounted,101,2,15,9a33ea59a66d49ff7cc5e5ae9beb979f48b38e35157bca2ebd07bf99649f623d,full,20,low,0.6405890882,0.3594109118,high,3.622323036,0.06474477053
m3_discounted,101,2,18,b34ee56525d88d8c5edbedc83cfaa246ebf13d655186bfb0a26192ae67847925,t3,4,high,0.8041154593,0.1958845407,high,-0.06736697257,-0.02094130404
m3_discounted,101,2,18,b34ee56525d88d8c5edbedc83cfaa246ebf13d655186bfb0a26192ae67847925,t5,8,high,0.7498341799,0.2501658201,high,0.6993971467,-0.03516683355
m3_discounted,101,2,18,b34ee56525d88d8c5edbedc83cfaa246ebf13d655186bfb0a26192ae67847925,t10,18,high,0.6637410223,0.3362589777,high,2.917261839,-0.05635724217
m3_discounted,101,2,18,b34ee56525d88d8c5edbedc83cfaa246ebf13d655186bfb0a26192ae67847925,t20,38,high,0.6286065578,0.3713934422,high,6.81791544,-0.0485978052
m3_discounted,101,2,18,b34ee56525d88d8c5edbedc83cfaa246ebf13d655186bfb0a26192ae67847925,full,114,high,0.667086184,0.332913816,high,21.94809341,-0.1941356957
m3_discounted,101,2,20,f9ba5bcb971128ab896d2b887228d6522719aa3c656b131cf236ce80da34d01d,t3,4,high,0.7773740888,0.2226259112,high,0.3556357026,0.002746379003
m3_discounted,101,2,20,f9ba5bcb971128ab896d2b887228d6522719aa3c656b131cf236ce80da34d01d,t5,8,high,0.7394491434,0.2605508566,high,1.052228928,-0.01653564163
m3_discounted,101,2,20,f9ba5bcb971128ab896d2b887228d6522719aa3c656b131cf236ce80da34d01d,t10,18,high,0.7695989907,0.2304010093,high,1.355742335,-0.04666558653
m3_discounted,101,2,20,f9ba5bcb971128ab896d2b887228d6522719aa3c656b131cf236ce80da34d01d,t20,38,high,0.7169700563,0.2830299437,high,3.098151445,-0.08117298037
m3_discounted,101,2,20,f9ba5bcb971128ab896d2b887228d6522719aa3c656b131cf236ce80da34d01d,full,46,high,0.6541355848,0.3458644152,high,4.957464218,-0.08933213353
m3_discounted,101,2,25,ddb02d91bd18c3c662df1f33661d602d12020d6cf678bab7cb298f4055fca93b,t3,4,high,0.801683262,0.198316738,high,0.03339829296,-0.001522387378
m3_discounted,101,2,25,ddb02d91bd18c3c662df1f33661d602d12020d6cf678bab7cb298f4055fca93b,t5,8,high,0.8295889795,0.1704110205,high,-0.3544545472,-0.03348406032
m3_discounted,101,2,25,ddb02d91bd18c3c662df1f33661d602d12020d6cf678bab7cb298f4055fca93b,t10,18,high,0.7544000596,0.2455999404,high,0.777368784,-0.05286462978
m3_discounted,101,2,25,ddb02d91bd18c3c662df1f33661d602d12020d6cf678bab7cb298f4055fca93b,full,32,high,0.7491257191,0.2508742809,high,2.009637356,-0.08486172557
m3_discounted,101,2,28,487d0abed001c9f2a355dcc6490f2cf7f1354bf99dbe74fb40e1739122af3c2b,t3,4,high,0.7965986431,0.2034013569,high,0.09499514103,-0.0110603096
m3_discounted,101,2,28,487d0abed001c9f2a355dcc6490f2cf7f1354bf99dbe74fb40e1739122af3c2b,t5,8,high,0.8325488716,0.1674511284,high,-0.3804649413,-0.02839890867
m3_discounted,101,2,28,487d0abed001c9f2a355dcc6490f2cf7f1354bf99dbe74fb40e1739122af3c2b,t10,18,high,0.776277557,0.223722443,high,0.03483758867,-0.04893016815
m3_discounted,101,2,28,487d0abed001c9f2a355dcc6490f2cf7f1354bf99dbe74fb40e1739122af3c2b,t20,38,high,0.7846417725,0.2153582275,high,1.320872545,-0.1109856591
m3_discounted,101,2,28,487d0abed001c9f2a355dcc6490f2cf7f1354bf99dbe74fb40e1739122af3c2b,full,122,high,0.6761302352,0.3238697648,high,14.97796345,-0.4192625582
m3_discounted,101,2,29,9459f1cceef9869f5ee5d550f4d0153a7cdf2e59b9bd8cc5f372969252fde2ca,t3,4,high,0.8233429939,0.1766570061,high,-0.4155977964,0.01215788536
m3_discounted,101,2,29,9459f1cceef9869f5ee5d550f4d0153a7cdf2e59b9bd8cc5f372969252fde2ca,t5,7,high,0.7858033627,0.2141966373,high,0.005432188511,0.03022179008
m3_discounted,101,2,29,9459f1cceef9869f5ee5d550f4d0153a7cdf2e59b9bd8cc5f372969252fde2ca,t10,17,high,0.6710154414,0.3289845586,high,2.348675251,0.01929094642
m3_discounted,101,2,29,9459f1cceef9869f5ee5d550f4d0153a7cdf2e59b9bd8cc5f372969252fde2ca,t20,37,high,0.6921851635,0.3078148365,high,5.296883106,-0.04937952012
m3_discounted,101,2,29,9459f1cceef9869f5ee5d550f4d0153a7cdf2e59b9bd8cc5f372969252fde2ca,full,37,high,0.6921851635,0.3078148365,high,5.296883106,-0.04937952012
m3_discounted,101,2,34,4d0345fde865563ce1b8a378bb4f763097083ca5ab32f7ddf46c2f6159f1dec2,t3,4,high,0.844219178,0.155780822,high,-0.6423109174,-0.0342364274
m3_discounted,101,2,34,4d0345fde865563ce1b8a378bb4f763097083ca5ab32f7ddf46c2f6159f1dec2,t5,8,high,0.8513486683,0.1486513317,high,-1.036091447,-0.06775807589
m3_discounted,101,2,34,4d0345fde865563ce1b8a378bb4f763097083ca5ab32f7ddf46c2f6159f1dec2,t10,18,high,0.8805264682,0.1194735318,high,-2.683582783,-0.1528103501
m3_discounted,101,2,34,4d0345fde865563ce1b8a378bb4f763097083ca5ab32f7ddf46c2f6159f1dec2,t20,38,high,0.8863374814,0.1136625186,high,-5.391375542,-0.2811407447
m3_discounted,101,2,34,4d0345fde865563ce1b8a378bb4f763097083ca5ab32f7ddf46c2f6159f1dec2,full,116,high,0.745040834,0.254959166,high,-7.09529829,-0.7443705797
m3_discounted,101,2,36,a89e21c5a35df9846708875b550aedadb0962eeaf4b3c7f3348dec0322cd9dde,t3,4,high,0.7357289493,0.2642710507,high,0.8751711845,0.002410822082
m3_discounted,101,2,36,a89e21c5a35df9846708875b550aedadb0962eeaf4b3c7f3348dec0322cd9dde,t5,8,high,0.6922701895,0.3077298105,high,1.788632035,0.01413878147
m3_discounted,101,2,36,a89e21c5a35df9846708875b550aedadb0962eeaf4b3c7f3348dec0322cd9dde,t10,18,high,0.6610814035,0.3389185965,high,3.714114428,-0.01622861251
m3_discounted,101,2,36,a89e21c5a35df9846708875b550aedadb0962eeaf4b3c7f3348dec0322cd9dde,t20,38,high,0.6699524224,0.3300475776,high,7.208291054,-0.08902457356
m3_discounted,101,2,36,a89e21c5a35df9846708875b550aedadb0962eeaf4b3c7f3348dec0322cd9dde,full,314,high,0.6210911572,0.3789088428,high,65.18734741,-1.19945693
m3_discounted,101,2,38,f8b9c28f12c90d87138212f431c9300e394af58c1dc90d970ba183af36ca0387,t3,4,high,0.8495375514,0.1504624486,high,-0.6112385392,-0.02548125014
m3_discounted,101,2,38,f8b9c28f12c90d87138212f431c9300e394af58c1dc90d970ba183af36ca0387,t5,8,high,0.8793980107,0.1206019893,high,-1.541843891,-0.05942511186
m3_discounted,101,2,38,f8b9c28f12c90d87138212f431c9300e394af58c1dc90d970ba183af36ca0387,t10,18,high,0.8988326192,0.1011673808,high,-3.631769419,-0.09889651835
m3_discounted,101,2,38,f8b9c28f12c90d87138212f431c9300e394af58c1dc90d970ba183af36ca0387,t20,38,high,0.8298165798,0.1701834202,high,-3.44669199,-0.199977681
m3_discounted,101,2,38,f8b9c28f12c90d87138212f431c9300e394af58c1dc90d970ba183af36ca0387,full,93,high,0.6156686246,0.3843313754,high,8.108047485,-0.2440647185
m3_discounted,101,2,49,b34ee56525d88d8c5edbedc83cfaa246ebf13d655186bfb0a26192ae67847925,t3,4,high,0.803453207,0.196546793,high,-0.0553919971,0.0005485657603
m3_discounted,101,2,49,b34ee56525d88d8c5edbedc83cfaa246ebf13d655186bfb0a26192ae67847925,t5,8,high,0.8066726327,0.1933273673,high,-0.1017231196,0.01090611611
m3_discounted,101,2,49,b34ee56525d88d8c5edbedc83cfaa246ebf13d655186bfb0a26192ae67847925,t10,18,high,0.7180947661,0.2819052339,high,1.57776165,-0.02310900949
m3_discounted,101,2,49,b34ee56525d88d8c5edbedc83cfaa246ebf13d655186bfb0a26192ae67847925,t20,38,high,0.6282177866,0.3717822134,high,5.895261288,-0.01281218138
m3_discounted,101,2,49,b34ee56525d88d8c5edbedc83cfaa246ebf13d655186bfb0a26192ae67847925,full,180,high,0.6184767187,0.3815232813,high,32.97657394,-0.2941006124
m3_discounted,101,2,51,27f7b9a233b232d09dc5463937c8150e848bebb9f9c3eac2cd6d18cd0a0a0663,t3,4,high,0.7743610442,0.2256389558,high,0.290001452,-0.003226348199
m3_discounted,101,2,51,27f7b9a233b232d09dc5463937c8150e848bebb9f9c3eac2cd6d18cd0a0a0663,t5,8,high,0.7122109532,0.2877890468,high,1.260615706,0.01568161137
m3_discounted,101,2,51,27f7b9a233b232d09dc5463937c8150e848bebb9f9c3eac2cd6d18cd0a0a0663,full,14,high,0.6645829678,0.3354170322,high,2.660228491,-0.008003932424
m3_discounted,101,2,54,cab87913f73e8349723b3aa09815de16104f7e933d850478367538de727d8d66,t3,4,high,0.7606094778,0.2393905222,high,0.5223532915,-0.01806391031
m3_discounted,101,2,54,cab87913f73e8349723b3aa09815de16104f7e933d850478367538de727d8d66,t5,8,high,0.7501456887,0.2498543113,high,0.8559097052,-0.007710101549
m3_discounted,101,2,54,cab87913f73e8349723b3aa09815de16104f7e933d850478367538de727d8d66,t10,18,high,0.679087162,0.320912838,high,2.629692316,0.006022172049
m3_discounted,101,2,54,cab87913f73e8349723b3aa09815de16104f7e933d850478367538de727d8d66,t20,38,high,0.6534995139,0.3465004861,high,6.09837389,-0.03141880408
m3_discounted,101,2,54,cab87913f73e8349723b3aa09815de16104f7e933d850478367538de727d8d66,full,40,high,0.6544339061,0.3455660939,high,6.457814693,-0.0424888134
m3_discounted,101,2,61,d18cd2cb8f3969cbf6af794d14828afbbd325bed84b28f6fb6cfa887be2c8b28,t3,4,high,0.8257906288,0.1742093712,high,-0.4263177812,0.007638562471
m3_discounted,101,2,61,d18cd2cb8f3969cbf6af794d14828afbbd325bed84b28f6fb6cfa887be2c8b28,t5,8,high,0.7997445464,0.2002554536,high,-0.1325608492,-0.01577299088
m3_discounted,101,2,61,d18cd2cb8f3969cbf6af794d14828afbbd325bed84b28f6fb6cfa887be2c8b28,t10,18,high,0.7603343129,0.2396656871,high,0.7667903304,-0.07746591419
m3_discounted,101,2,61,d18cd2cb8f3969cbf6af794d14828afbbd325bed84b28f6fb6cfa887be2c8b28,t20,38,high,0.7288201153,0.2711798847,high,3.097204924,-0.1451100558
m3_discounted,101,2,61,d18cd2cb8f3969cbf6af794d14828afbbd325bed84b28f6fb6cfa887be2c8b28,full,124,high,0.6304968894,0.3695031106,high,19.56975555,-0.3925323486
m3_discounted,101,2,63,f34b655729f9e067daf58741bbef87d6babc75e70cc02335a66a9a7f2a41110f,t3,4,high,0.7066085339,0.2933914661,high,1.167832851,0.02631733939
m3_discounted,101,2,63,f34b655729f9e067daf58741bbef87d6babc75e70cc02335a66a9a7f2a41110f,t5,8,high,0.6696618199,0.3303381801,high,2.141193151,0.03390321136
m3_discounted,101,2,63,f34b655729f9e067daf58741bbef87d6babc75e70cc02335a66a9a7f2a41110f,t10,18,high,0.6242946386,0.3757053614,high,4.532854557,0.02121516503
m3_discounted,101,2,63,f34b655729f9e067daf58741bbef87d6babc75e70cc02335a66a9a7f2a41110f,t20,38,high,0.5924372673,0.4075627327,high,9.407612801,0.01008760091
m3_discounted,101,2,63,f34b655729f9e067daf58741bbef87d6babc75e70cc02335a66a9a7f2a41110f,full,58,high,0.5843723714,0.4156276286,high,14.25554752,0.07416242361
m3_discounted,101,2,76,ef2a499f1eb631d0fe82020b23b6b033d935130d3181bd0d4fd2f4fcd23925a8,t3,5,high,0.7393116951,0.2606883049,high,0.9332488179,0.008458605036
m3_discounted,101,2,76,ef2a499f1eb631d0fe82020b23b6b033d935130d3181bd0d4fd2f4fcd23925a8,t5,9,high,0.7742507607,0.2257492393,high,0.9111887813,-0.02226498723
m3_discounted,101,2,76,ef2a499f1eb631d0fe82020b23b6b033d935130d3181bd0d4fd2f4fcd23925a8,t10,19,high,0.7660553306,0.2339446694,high,1.456664443,-0.01279741339
m3_discounted,101,2,76,ef2a499f1eb631d0fe82020b23b6b033d935130d3181bd0d4fd2f4fcd23925a8,t20,41,high,0.8056336641,0.1943663359,high,1.199900746,-0.1457514912
m3_discounted,101,2,76,ef2a499f1eb631d0fe82020b23b6b033d935130d3181bd0d4fd2f4fcd23925a8,full,67,high,0.7419434488,0.2580565512,high,3.399775267,-0.3090607524
m3_discounted,101,2,85,362ca8248798f8db4ad596d5ff5d5b21969fb1d0b5d6bc5479eb390815d04099,t3,4,high,0.8157269359,0.1842730641,high,-0.1648339331,-0.02165870368
m3_discounted,101,2,85,362ca8248798f8db4ad596d5ff5d5b21969fb1d0b5d6bc5479eb390815d04099,t5,8,high,0.7968816608,0.2031183392,high,0.1171650738,-0.05833204836
m3_discounted,101,2,85,362ca8248798f8db4ad596d5ff5d5b21969fb1d0b5d6bc5479eb390815d04099,t10,18,high,0.7550053,0.2449947,high,0.9399706125,-0.1076291949
m3_discounted,101,2,85,362ca8248798f8db4ad596d5ff5d5b21969fb1d0b5d6bc5479eb390815d04099,t20,38,high,0.6803106666,0.3196893334,high,4.749728203,-0.2191645801
m3_discounted,101,2,85,362ca8248798f8db4ad596d5ff5d5b21969fb1d0b5d6bc5479eb390815d04099,full,130,high,0.6365036368,0.3634963632,high,21.66547775,-0.4349920154
m3_discounted,101,2,88,9bc4482343f7ed28b44b9319b09ff19b55a18cac47392ae5ffba13a1bbc7d262,t3,5,high,0.7404087186,0.2595912814,high,0.8199267387,0.0112207951
m3_discounted,101,2,88,9bc4482343f7ed28b44b9319b09ff19b55a18cac47392ae5ffba13a1bbc7d262,t5,9,high,0.7314198017,0.2685801983,high,1.286184192,0.007303463295
m3_discounted,101,2,88,9bc4482343f7ed28b44b9319b09ff19b55a18cac47392ae5ffba13a1bbc7d262,t10,19,high,0.7347229421,0.2652770579,high,2.122040272,0.001078113448
m3_discounted,101,2,88,9bc4482343f7ed28b44b9319b09ff19b55a18cac47392ae5ffba13a1bbc7d262,t20,39,high,0.6510697901,0.3489302099,high,5.880978584,-0.04396847636
m3_discounted,101,2,88,9bc4482343f7ed28b44b9319b09ff19b55a18cac47392ae5ffba13a1bbc7d262,full,67,high,0.7716488987,0.2283511013,high,8.483851433,-0.1508278549
m3_discounted,101,2,92,f2052231c80a312cdf52e119479c078cd5bcaf12bb92c3ed0366740e77e1ee5f,t3,4,low,0.7232455313,0.2767544687,high,0.9446082115,0.02683235519
m3_discounted,101,2,92,f2052231c80a312cdf52e119479c078cd5bcaf12bb92c3ed0366740e77e1ee5f,t5,8,low,0.6779802442,0.3220197558,high,1.921467304,0.05305349082
m3_discounted,101,2,92,f2052231c80a312cdf52e119479c078cd5bcaf12bb92c3ed0366740e77e1ee5f,full,12,low,0.6519341171,0.3480658829,high,2.876119137,0.05093783885
m3_discounted,101,2,107,987ebbea8e2f88d7ae24bb995fb1683cfcf43e60da1c73db60f86e9c6f759ec0,t3,4,high,0.7762112617,0.2237887383,high,0.228068918,0.001516140765
m3_discounted,101,2,107,987ebbea8e2f88d7ae24bb995fb1683cfcf43e60da1c73db60f86e9c6f759ec0,t5,8,high,0.7768919617,0.2231080383,high,0.3248715103,0.009072571062
m3_discounted,101,2,107,987ebbea8e2f88d7ae24bb995fb1683cfcf43e60da1c73db60f86e9c6f759ec0,full,16,high,0.7005793154,0.2994206846,high,1.899016619,0.02375787124
m3_discounted,101,2,113,43e3f532b331904b4b75e22e482cffcf7410e15e086662ebc1b0f2d324f2c640,t3,4,high,0.7824711353,0.2175288647,high,0.250254333,-0.006774292327
m3_discounted,101,2,113,43e3f532b331904b4b75e22e482cffcf7410e15e086662ebc1b0f2d324f2c640,t5,8,high,0.7751925737,0.2248074263,high,0.4766016304,-0.01636159979
m3_discounted,101,2,113,43e3f532b331904b4b75e22e482cffcf7410e15e086662ebc1b0f2d324f2c640,t10,18,high,0.791358456,0.208641544,high,0.6843716502,0.001642928924
m3_discounted,101,2,113,43e3f532b331904b4b75e22e482cffcf7410e15e086662ebc1b0f2d324f2c640,t20,38,high,0.7147045732,0.2852954268,high,3.268672705,-0.06118724495
m3_discounted,101,2,113,43e3f532b331904b4b75e22e482cffcf7410e15e086662ebc1b0f2d324f2c640,full,48,high,0.6730378568,0.3269621432,high,5.171274662,-0.04747349024
m3_discounted,101,2,120,6138bfa37d6d45417e27c6225b1b5c3d451845f9afd2be1af047243d1934f16d,t3,4,high,0.8585869521,0.1414130479,high,-0.9190647006,0.01843232661
m3_discounted,101,2,120,6138bfa37d6d45417e27c6225b1b5c3d451845f9afd2be1af047243d1934f16d,t5,8,high,0.863382563,0.136617437,high,-1.451855659,0.04091531783
m3_discounted,101,2,120,6138bfa37d6d45417e27c6225b1b5c3d451845f9afd2be1af047243d1934f16d,t10,18,high,0.7918653637,0.2081346363,high,-0.6402594447,0.06004834548
m3_discounted,101,2,120,6138bfa37d6d45417e27c6225b1b5c3d451845f9afd2be1af047243d1934f16d,full,30,high,0.7544599175,0.2455400825,high,0.3760102391,0.0868986845
m3_discounted,101,2,126,3d9bb96a31d14f722edff4380172cc0eda5a2e2aab8847223fead188adfe3bae,t3,4,low,0.7585671246,0.2414328754,high,0.4857331514,0.0222716108
m3_discounted,101,2,126,3d9bb96a31d14f722edff4380172cc0eda5a2e2aab8847223fead188adfe3bae,t5,8,low,0.7089031935,0.2910968065,high,1.381850958,0.04306909814
m3_discounted,101,2,126,3d9bb96a31d14f722edff4380172cc0eda5a2e2aab8847223fead188adfe3bae,t10,17,low,0.6619754136,0.3380245864,high,3.03963232,0.07052689791
m3_discounted,101,2,126,3d9bb96a31d14f722edff4380172cc0eda5a2e2aab8847223fead188adfe3bae,t20,36,low,0.6215386391,0.3784613609,high,6.969426632,0.1438922733
m3_discounted,101,2,126,3d9bb96a31d14f722edff4380172cc0eda5a2e2aab8847223fead188adfe3bae,full,63,low,0.6571897268,0.3428102732,high,11.75475693,0.2874948382
m3_discounted,101,2,129,b43f9bef2ea9be7d5c83147f704d1ec9e88508b7c90558944b551a63d6646376,t3,5,high,0.8501344472,0.1498655528,high,-0.876068294,-0.04866751283
m3_discounted,101,2,129,b43f9bef2ea9be7d5c83147f704d1ec9e88508b7c90558944b551a63d6646376,t5,9,high,0.8256528825,0.1743471175,high,-0.7787388563,-0.07207906246
m3_discounted,101,2,129,b43f9bef2ea9be7d5c83147f704d1ec9e88508b7c90558944b551a63d6646376,t10,19,high,0.7178720236,0.2821279764,high,1.018251419,-0.1098559648
m3_discounted,101,2,129,b43f9bef2ea9be7d5c83147f704d1ec9e88508b7c90558944b551a63d6646376,full,35,high,0.7377575636,0.2622424364,high,2.594593525,-0.1948712319
m3_discounted,314,2,2,fdf67d2c42795b9d06e986a20b48e2b2bee751e8cdf4fd17e3571edec7df7c1a,t3,4,high,0.7156392336,0.2843607664,high,1.116739869,-0.02422535792
m3_discounted,314,2,2,fdf67d2c42795b9d06e986a20b48e2b2bee751e8cdf4fd17e3571edec7df7c1a,t5,8,high,0.731130302,0.268869698,high,1.482199192,-0.03473801911
m3_discounted,314,2,2,fdf67d2c42795b9d06e986a20b48e2b2bee751e8cdf4fd17e3571edec7df7c1a,t10,18,high,0.6562176943,0.3437823057,high,3.646793842,-0.04865603894
m3_discounted,314,2,2,fdf67d2c42795b9d06e986a20b48e2b2bee751e8cdf4fd17e3571edec7df7c1a,full,34,high,0.6003598571,0.3996401429,high,7.510952473,-0.07111192495
m3_discounted,314,2,4,191639dd25fcde7c7a679eb592d24f8b509b2039411c660a67c8a93f8157923d,t3,4,high,0.732199192,0.267800808,high,0.9320220351,-0.01742197387
m3_discounted,314,2,4,191639dd25fcde7c7a679eb592d24f8b509b2039411c660a67c8a93f8157923d,t5,8,high,0.6992025375,0.3007974625,high,1.779185534,-0.04723720253
m3_discounted,314,2,4,191639dd25fcde7c7a679eb592d24f8b509b2039411c660a67c8a93f8157923d,t10,18,high,0.6392197609,0.3607802391,high,4.109827995,-0.108155705
m3_discounted,314,2,4,191639dd25fcde7c7a679eb592d24f8b509b2039411c660a67c8a93f8157923d,t20,38,high,0.5969542265,0.4030457735,high,8.973949432,-0.1173921302
m3_discounted,314,2,4,191639dd25fcde7c7a679eb592d24f8b509b2039411c660a67c8a93f8157923d,full,58,high,0.5896286964,0.4103713036,high,13.82137394,-0.1781880111
m3_discounted,314,2,10,4726c5a5ef83880ea58dc9be0d5526992a63d81a7158a7290accb6ea90e2f24e,t3,4,low,0.711669296,0.288330704,high,1.151423573,-0.0171921514
m3_discounted,314,2,10,4726c5a5ef83880ea58dc9be0d5526992a63d81a7158a7290accb6ea90e2f24e,t5,8,low,0.6696522236,0.3303477764,high,2.1422894,0.009155929089
m3_discounted,314,2,10,4726c5a5ef83880ea58dc9be0d5526992a63d81a7158a7290accb6ea90e2f24e,full,10,low,0.6528074741,0.3471925259,high,2.636562824,0.03136794269
m3_discounted,314,2,13,33d5eab0e55967cc9ef6294d07c71894b7c8ccead9f3b75d9c24963ff08f8a5b,t3,4,high,0.7023757994,0.2976242006,high,1.23876071,0.01446588896
m3_discounted,314,2,13,33d5eab0e55967cc9ef6294d07c71894b7c8ccead9f3b75d9c24963ff08f8a5b,t5,8,high,0.6618820131,0.3381179869,high,2.234632969,0.05486831814
m3_discounted,314,2,13,33d5eab0e55967cc9ef6294d07c71894b7c8ccead9f3b75d9c24963ff08f8a5b,full,12,high,0.6340444684,0.3659555316,high,3.231044054,0.08651907742
m3_discounted,314,2,15,9a33ea59a66d49ff7cc5e5ae9beb979f48b38e35157bca2ebd07bf99649f623d,t3,4,low,0.70678249,0.29321751,high,1.192021132,0.001873122528
m3_discounted,314,2,15,9a33ea59a66d49ff7cc5e5ae9beb979f48b38e35157bca2ebd07bf99649f623d,t5,8,low,0.6667114794,0.3332885206,high,2.189587593,0.02164069377
m3_discounted,314,2,15,9a33ea59a66d49ff7cc5e5ae9beb979f48b38e35157bca2ebd07bf99649f623d,t10,18,low,0.605853498,0.394146502,high,4.680997849,0.1374289095
m3_discounted,314,2,15,9a33ea59a66d49ff7cc5e5ae9beb979f48b38e35157bca2ebd07bf99649f623d,full,20,low,0.6030906737,0.3969093263,high,5.179333687,0.1216074154
m3_discounted,314,2,18,b34ee56525d88d8c5edbedc83cfaa246ebf13d655186bfb0a26192ae67847925,t3,4,high,0.7600759417,0.2399240583,high,0.5418298244,-0.02913115919
m3_discounted,314,2,18,b34ee56525d88d8c5edbedc83cfaa246ebf13d655186bfb0a26192ae67847925,t5,8,high,0.7202950716,0.2797049284,high,1.35510397,-0.04647838697
m3_discounted,314,2,18,b34ee56525d88d8c5edbedc83cfaa246ebf13d655186bfb0a26192ae67847925,t10,18,high,0.6484348178,0.3515651822,high,3.646662712,-0.1105412543
m3_discounted,314,2,18,b34ee56525d88d8c5edbedc83cfaa246ebf13d655186bfb0a26192ae67847925,t20,38,high,0.5946786106,0.4053213894,high,8.446440697,-0.1350239962
m3_discounted,314,2,18,b34ee56525d88d8c5edbedc83cfaa246ebf13d655186bfb0a26192ae67847925,full,114,high,0.593036294,0.406963706,high,26.78545761,-0.3878291249
m3_discounted,314,2,20,f9ba5bcb971128ab896d2b887228d6522719aa3c656b131cf236ce80da34d01d,t3,4,high,0.704395771,0.295604229,high,1.20478797,0.02904400043
m3_discounted,314,2,20,f9ba5bcb971128ab896d2b887228d6522719aa3c656b131cf236ce80da34d01d,t5,8,high,0.6781778336,0.3218221664,high,2.099342346,0.01211312041
m3_discounted,314,2,20,f9ba5bcb971128ab896d2b887228d6522719aa3c656b131cf236ce80da34d01d,t10,18,high,0.6406325102,0.3593674898,high,4.317388058,-0.051737234
m3_discounted,314,2,20,f9ba5bcb971128ab896d2b887228d6522719aa3c656b131cf236ce80da34d01d,t20,38,high,0.6186079681,0.3813920319,high,8.542975426,-0.09194345772
m3_discounted,314,2,20,f9ba5bcb971128ab896d2b887228d6522719aa3c656b131cf236ce80da34d01d,full,46,high,0.6002446413,0.3997553587,high,10.5121994,-0.09341397136
m3_discounted,314,2,25,ddb02d91bd18c3c662df1f33661d602d12020d6cf678bab7cb298f4055fca93b,t3,4,high,0.7219295204,0.2780704796,high,1.061393142,-0.04229446873
m3_discounted,314,2,25,ddb02d91bd18c3c662df1f33661d602d12020d6cf678bab7cb298f4055fca93b,t5,8,high,0.7119545639,0.2880454361,high,1.711110234,-0.06508731097
m3_discounted,314,2,25,ddb02d91bd18c3c662df1f33661d602d12020d6cf678bab7cb298f4055fca93b,t10,18,high,0.6795957983,0.3204042017,high,3.478221416,-0.136243999
m3_discounted,314,2,25,ddb02d91bd18c3c662df1f33661d602d12020d6cf678bab7cb298f4055fca93b,full,32,high,0.6409623921,0.3590376079,high,6.328019619,-0.2015667111
m3_discounted,314,2,28,487d0abed001c9f2a355dcc6490f2cf7f1354bf99dbe74fb40e1739122af3c2b,t3,4,high,0.7456882894,0.2543117106,high,0.8073606491,-0.03376549855
m3_discounted,314,2,28,487d0abed001c9f2a355dcc6490f2cf7f1354bf99dbe74fb40e1739122af3c2b,t5,8,high,0.7467579544,0.2532420456,high,1.180206776,-0.04439875484
m3_discounted,314,2,28,487d0abed001c9f2a355dcc6490f2cf7f1354bf99dbe74fb40e1739122af3c2b,t10,18,high,0.6545195282,0.3454804718,high,3.485457897,-0.04739001766
m3_discounted,314,2,28,487d0abed001c9f2a355dcc6490f2cf7f1354bf99dbe74fb40e1739122af3c2b,t20,38,high,0.6148237884,0.3851762116,high,7.940939426,-0.1332205385
m3_discounted,314,2,28,487d0abed001c9f2a355dcc6490f2cf7f1354bf99dbe74fb40e1739122af3c2b,full,122,high,0.604197979,0.395802021,high,27.51550293,-0.5230250359
m3_discounted,314,2,29,9459f1cceef9869f5ee5d550f4d0153a7cdf2e59b9bd8cc5f372969252fde2ca,t3,4,high,0.7241366506,0.2758633494,high,0.9550886154,0.0181891676
m3_discounted,314,2,29,9459f1cceef9869f5ee5d550f4d0153a7cdf2e59b9bd8cc5f372969252fde2ca,t5,7,high,0.6874289811,0.3125710189,high,1.684958458,0.04973866045
m3_discounted,314,2,29,9459f1cceef9869f5ee5d550f4d0153a7cdf2e59b9bd8cc5f372969252fde2ca,t10,17,high,0.6229793429,0.3770206571,high,4.162032127,0.06585138291
m3_discounted,314,2,29,9459f1cceef9869f5ee5d550f4d0153a7cdf2e59b9bd8cc5f372969252fde2ca,t20,37,high,0.5940343738,0.4059656262,high,9.045825958,0.02982489578
m3_discounted,314,2,29,9459f1cceef9869f5ee5d550f4d0153a7cdf2e59b9bd8cc5f372969252fde2ca,full,37,high,0.5940343738,0.4059656262,high,9.045825958,0.02982489578
m3_discounted,314,2,34,4d0345fde865563ce1b8a378bb4f763097083ca5ab32f7ddf46c2f6159f1dec2,t3,4,high,0.7267880142,0.2732119858,high,1.019497991,-0.0197785683
m3_discounted,314,2,34,4d0345fde865563ce1b8a378bb4f763097083ca5ab32f7ddf46c2f6159f1dec2,t5,8,high,0.7098961174,0.2901038826,high,1.702370644,-0.03247915953
m3_discounted,314,2,34,4d0345fde865563ce1b8a378bb4f763097083ca5ab32f7ddf46c2f6159f1dec2,t10,18,high,0.7318568528,0.2681431472,high,2.675890923,-0.07068901509
m3_discounted,314,2,34,4d0345fde865563ce1b8a378bb4f763097083ca5ab32f7ddf46c2f6159f1dec2,t20,38,high,0.7371072173,0.2628927827,high,4.370462418,-0.151937142
m3_discounted,314,2,34,4d0345fde865563ce1b8a378bb4f763097083ca5ab32f7ddf46c2f6159f1dec2,full,116,high,0.6400550902,0.3599449098,high,14.63413811,-0.3796969354
m3_discounted,314,2,36,a89e21c5a35df9846708875b550aedadb0962eeaf4b3c7f3348dec0322cd9dde,t3,4,high,0.7167598605,0.2832401395,high,1.135710835,-0.03754380345
m3_discounted,314,2,36,a89e21c5a35df9846708875b550aedadb0962eeaf4b3c7f3348dec0322cd9dde,t5,8,high,0.6781103015,0.3218896985,high,2.094949722,-0.03607396409
m3_discounted,314,2,36,a89e21c5a35df9846708875b550aedadb0962eeaf4b3c7f3348dec0322cd9dde,t10,18,high,0.6269748211,0.3730251789,high,4.517277718,-0.08041586727
m3_discounted,314,2,36,a89e21c5a35df9846708875b550aedadb0962eeaf4b3c7f3348dec0322cd9dde,t20,38,high,0.6018334627,0.3981665373,high,9.305206299,-0.2058511227
m3_discounted,314,2,36,a89e21c5a35df9846708875b550aedadb0962eeaf4b3c7f3348dec0322cd9dde,full,314,high,0.5993965268,0.4006034732,high,73.88935852,-1.585226536
m3_discounted,314,2,38,f8b9c28f12c90d87138212f431c9300e394af58c1dc90d970ba183af36ca0387,t3,4,high,0.7268792987,0.2731207013,high,0.9908028841,-0.007329437882
m3_discounted,314,2,38,f8b9c28f12c90d87138212f431c9300e394af58c1dc90d970ba183af36ca0387,t5,8,high,0.714060843,0.285939157,high,1.638999224,-0.02294784039
m3_discounted,314,2,38,f8b9c28f12c90d87138212f431c9300e394af58c1dc90d970ba183af36ca0387,t10,18,high,0.7453234196,0.2546765804,high,2.308149815,-0.06483210623
m3_discounted,314,2,38,f8b9c28f12c90d87138212f431c9300e394af58c1dc90d970ba183af36ca0387,t20,38,high,0.662294358,0.337705642,high,6.347777367,-0.10766875
m3_discounted,314,2,38,f8b9c28f12c90d87138212f431c9300e394af58c1dc90d970ba183af36ca0387,full,93,high,0.588370651,0.411629349,high,19.22932625,-0.1354348063
m3_discounted,314,2,49,b34ee56525d88d8c5edbedc83cfaa246ebf13d655186bfb0a26192ae67847925,t3,4,high,0.7292676568,0.2707323432,high,0.9916610122,-0.03958246112
m3_discounted,314,2,49,b34ee56525d88d8c5edbedc83cfaa246ebf13d655186bfb0a26192ae67847925,t5,8,high,0.7008697689,0.2991302311,high,1.775806427,-0.04848213121
m3_discounted,314,2,49,b34ee56525d88d8c5edbedc83cfaa246ebf13d655186bfb0a26192ae67847925,t10,18,high,0.6410895884,0.3589104116,high,4.062182903,-0.0681104511
m3_discounted,314,2,49,b34ee56525d88d8c5edbedc83cfaa246ebf13d655186bfb0a26192ae67847925,t20,38,high,0.6051879823,0.3948120177,high,8.700808525,-0.1505602002
m3_discounted,314,2,49,b34ee56525d88d8c5edbedc83cfaa246ebf13d655186bfb0a26192ae67847925,full,180,high,0.5880641341,0.4119358659,high,41.40612793,-0.6416182518
m3_discounted,314,2,51,27f7b9a233b232d09dc5463937c8150e848bebb9f9c3eac2cd6d18cd0a0a0663,t3,4,high,0.7067383826,0.2932616174,high,1.23151648,-0.0296237953
m3_discounted,314,2,51,27f7b9a233b232d09dc5463937c8150e848bebb9f9c3eac2cd6d18cd0a0a0663,t5,8,high,0.6684262156,0.3315737844,high,2.223161697,-0.0205851309
m3_discounted,314,2,51,27f7b9a233b232d09dc5463937c8150e848bebb9f9c3eac2cd6d18cd0a0a0663,full,14,high,0.632373929,0.367626071,high,3.711524248,-0.0384253636
m3_discounted,314,2,54,cab87913f73e8349723b3aa09815de16104f7e933d850478367538de727d8d66,t3,4,high,0.7213929296,0.2786070704,high,1.079315543,-0.02863966487
m3_discounted,314,2,54,cab87913f73e8349723b3aa09815de16104f7e933d850478367538de727d8d66,t5,8,high,0.6869427562,0.3130572438,high,1.966965675,-0.02763550356
m3_discounted,314,2,54,cab87913f73e8349723b3aa09815de16104f7e933d850478367538de727d8d66,t10,18,high,0.624024421,0.375975579,high,4.425078392,-0.02728292719
m3_discounted,314,2,54,cab87913f73e8349723b3aa09815de16104f7e933d850478367538de727d8d66,t20,38,high,0.592644453,0.407355547,high,9.300008774,-0.05114978924
m3_discounted,314,2,54,cab87913f73e8349723b3aa09815de16104f7e933d850478367538de727d8d66,full,40,high,0.5955365896,0.4044634104,high,9.762624741,-0.06550478935
m3_discounted,314,2,61,d18cd2cb8f3969cbf6af794d14828afbbd325bed84b28f6fb6cfa887be2c8b28,t3,4,high,0.6995071471,0.3004928529,high,1.236994505,0.04390643537
m3_discounted,314,2,61,d18cd2cb8f3969cbf6af794d14828afbbd325bed84b28f6fb6cfa887be2c8b28,t5,8,high,0.6675824225,0.3324175775,high,2.225136995,0.01464242581
m3_discounted,314,2,61,d18cd2cb8f3969cbf6af794d14828afbbd325bed84b28f6fb6cfa887be2c8b28,t10,18,high,0.6616646647,0.3383353353,high,4.074596405,-0.03604406491
m3_discounted,314,2,61,d18cd2cb8f3969cbf6af794d14828afbbd325bed84b28f6fb6cfa887be2c8b28,t20,38,high,0.6399591565,0.3600408435,high,8.272277832,-0.1682528406
m3_discounted,314,2,61,d18cd2cb8f3969cbf6af794d14828afbbd325bed84b28f6fb6cfa887be2c8b28,full,124,high,0.5912333131,0.4087666869,high,28.23159981,-0.5123681426
m3_discounted,314,2,63,f34b655729f9e067daf58741bbef87d6babc75e70cc02335a66a9a7f2a41110f,t3,4,high,0.7053999603,0.2946000397,high,1.231945395,-0.006755243056
m3_discounted,314,2,63,f34b655729f9e067daf58741bbef87d6babc75e70cc02335a66a9a7f2a41110f,t5,8,high,0.6691804826,0.3308195174,high,2.221737146,-0.01859569363
m3_discounted,314,2,63,f34b655729f9e067daf58741bbef87d6babc75e70cc02335a66a9a7f2a41110f,t10,18,high,0.6222893596,0.3777106404,high,4.673802376,-0.08227486163
m3_discounted,314,2,63,f34b655729f9e067daf58741bbef87d6babc75e70cc02335a66a9a7f2a41110f,t20,38,high,0.5913996398,0.4086003602,high,9.604543686,-0.0975561142
m3_discounted,314,2,63,f34b655729f9e067daf58741bbef87d6babc75e70cc02335a66a9a7f2a41110f,full,58,high,0.5826868117,0.4173131883,high,14.53778458,-0.1072413474
m3_discounted,314,2,76,ef2a499f1eb631d0fe82020b23b6b033d935130d3181bd0d4fd2f4fcd23925a8,t3,5,high,0.7038319409,0.2961680591,high,1.393078804,-0.03573753685
m3_discounted,314,2,76,ef2a499f1eb631d0fe82020b23b6b033d935130d3181bd0d4fd2f4fcd23925a8,t5,9,high,0.6879697442,0.3120302558,high,2.187626839,-0.05887487531
m3_discounted,314,2,76,ef2a499f1eb631d0fe82020b23b6b033d935130d3181bd0d4fd2f4fcd23925a8,t10,19,high,0.6546207964,0.3453792036,high,4.264036179,-0.1321110278
m3_discounted,314,2,76,ef2a499f1eb631d0fe82020b23b6b033d935130d3181bd0d4fd2f4fcd23925a8,t20,41,high,0.6428964734,0.3571035266,high,8.312554359,-0.2272358537
m3_discounted,314,2,76,ef2a499f1eb631d0fe82020b23b6b033d935130d3181bd0d4fd2f4fcd23925a8,full,67,high,0.6225406826,0.3774593174,high,13.74822712,-0.3485764265
m3_discounted,314,2,85,362ca8248798f8db4ad596d5ff5d5b21969fb1d0b5d6bc5479eb390815d04099,t3,4,high,0.7185982764,0.2814017236,high,1.100384712,-0.002083482686
m3_discounted,314,2,85,362ca8248798f8db4ad596d5ff5d5b21969fb1d0b5d6bc5479eb390815d04099,t5,8,high,0.695745945,0.304254055,high,1.886940479,-0.01011705771
m3_discounted,314,2,85,362ca8248798f8db4ad596d5ff5d5b21969fb1d0b5d6bc5479eb390815d04099,t10,18,high,0.6421609223,0.3578390777,high,4.055716515,-0.03237967193
m3_discounted,314,2,85,362ca8248798f8db4ad596d5ff5d5b21969fb1d0b5d6bc5479eb390815d04099,t20,38,high,0.6186180115,0.3813819885,high,8.600390434,-0.1565299332
m3_discounted,314,2,85,362ca8248798f8db4ad596d5ff5d5b21969fb1d0b5d6bc5479eb390815d04099,full,130,high,0.5929385424,0.4070614576,high,29.50722122,-0.4525242448
m3_discounted,314,2,88,9bc4482343f7ed28b44b9319b09ff19b55a18cac47392ae5ffba13a1bbc7d262,t3,5,high,0.7123281658,0.2876718342,high,1.228768587,0.009940528311
m3_discounted,314,2,88,9bc4482343f7ed28b44b9319b09ff19b55a18cac47392ae5ffba13a1bbc7d262,t5,9,high,0.6827217937,0.3172782063,high,2.117059708,-0.009368826635
m3_discounted,314,2,88,9bc4482343f7ed28b44b9319b09ff19b55a18cac47392ae5ffba13a1bbc7d262,t10,19,high,0.639400959,0.360599041,high,4.366327763,-0.06088192388
m3_discounted,314,2,88,9bc4482343f7ed28b44b9319b09ff19b55a18cac47392ae5ffba13a1bbc7d262,t20,39,high,0.603964895,0.396035105,high,9.086288452,-0.1556039453
m3_discounted,314,2,88,9bc4482343f7ed28b44b9319b09ff19b55a18cac47392ae5ffba13a1bbc7d262,full,67,high,0.5973188877,0.4026811123,high,15.70399666,-0.204562664
m3_discounted,314,2,92,f2052231c80a312cdf52e119479c078cd5bcaf12bb92c3ed0366740e77e1ee5f,t3,4,low,0.7061437368,0.2938562632,high,1.18040216,0.02043337747
m3_discounted,314,2,92,f2052231c80a312cdf52e119479c078cd5bcaf12bb92c3ed0366740e77e1ee5f,t5,8,low,0.6636539698,0.3363460302,high,2.176779747,0.06686878949
m3_discounted,314,2,92,f2052231c80a312cdf52e119479c078cd5bcaf12bb92c3ed0366740e77e1ee5f,full,12,low,0.6388531923,0.3611468077,high,3.169559717,0.06768153608
m3_discounted,314,2,107,987ebbea8e2f88d7ae24bb995fb1683cfcf43e60da1c73db60f86e9c6f759ec0,t3,4,high,0.7694015205,0.2305984795,high,0.4785849154,-0.02606342919
m3_discounted,314,2,107,987ebbea8e2f88d7ae24bb995fb1683cfcf43e60da1c73db60f86e9c6f759ec0,t5,8,high,0.7277232409,0.2722767591,high,1.283363819,-0.05458836257
m3_discounted,314,2,107,987ebbea8e2f88d7ae24bb995fb1683cfcf43e60da1c73db60f86e9c6f759ec0,full,16,high,0.6613337398,0.3386662602,high,3.089840412,-0.05501036346
m3_discounted,314,2,113,43e3f532b331904b4b75e22e482cffcf7410e15e086662ebc1b0f2d324f2c640,t3,4,high,0.7273063064,0.2726936936,high,0.9889116287,-0.01637506485
m3_discounted,314,2,113,43e3f532b331904b4b75e22e482cffcf7410e15e086662ebc1b0f2d324f2c640,t5,8,high,0.6872838736,0.3127161264,high,1.900474787,-0.001734272577
m3_discounted,314,2,113,43e3f532b331904b4b75e22e482cffcf7410e15e086662ebc1b0f2d324f2c640,t10,18,high,0.6343910694,0.3656089306,high,4.244581223,-0.040203318
m3_discounted,314,2,113,43e3f532b331904b4b75e22e482cffcf7410e15e086662ebc1b0f2d324f2c640,t20,38,high,0.6312898099,0.3687101901,high,8.552043915,-0.1179462746
m3_discounted,314,2,113,43e3f532b331904b4b75e22e482cffcf7410e15e086662ebc1b0f2d324f2c640,full,48,high,0.6050359607,0.3949640393,high,10.9352541,-0.100892663
m3_discounted,314,2,120,6138bfa37d6d45417e27c6225b1b5c3d451845f9afd2be1af047243d1934f16d,t3,4,high,0.7038228512,0.2961771488,high,1.199885607,0.03456323594
m3_discounted,314,2,120,6138bfa37d6d45417e27c6225b1b5c3d451845f9afd2be1af047243d1934f16d,t5,8,high,0.6649924815,0.3350075185,high,2.168701887,0.07558587939
m3_discounted,314,2,120,6138bfa37d6d45417e27c6225b1b5c3d451845f9afd2be1af047243d1934f16d,t10,18,high,0.6118374467,0.3881625533,high,4.658129215,0.1084609404
m3_discounted,314,2,120,6138bfa37d6d45417e27c6225b1b5c3d451845f9afd2be1af047243d1934f16d,full,30,high,0.5879475772,0.4120524228,high,7.63206625,0.1600608528
m3_discounted,314,2,126,3d9bb96a31d14f722edff4380172cc0eda5a2e2aab8847223fead188adfe3bae,t3,4,low,0.7052709162,0.2947290838,high,1.237630486,-0.01313325111
m3_discounted,314,2,126,3d9bb96a31d14f722edff4380172cc0eda5a2e2aab8847223fead188adfe3bae,t5,8,low,0.6672785878,0.3327214122,high,2.23035717,-0.002867232077
m3_discounted,314,2,126,3d9bb96a31d14f722edff4380172cc0eda5a2e2aab8847223fead188adfe3bae,t10,17,low,0.6175817549,0.3824182451,high,4.461946011,-0.0003826282918
m3_discounted,314,2,126,3d9bb96a31d14f722edff4380172cc0eda5a2e2aab8847223fead188adfe3bae,t20,36,low,0.5859289467,0.4140710533,high,9.181667328,-0.01714429073
m3_discounted,314,2,126,3d9bb96a31d14f722edff4380172cc0eda5a2e2aab8847223fead188adfe3bae,full,63,low,0.5803914964,0.4196085036,high,15.88992023,-0.01220116764
m3_discounted,314,2,129,b43f9bef2ea9be7d5c83147f704d1ec9e88508b7c90558944b551a63d6646376,t3,5,high,0.7390463948,0.2609536052,high,0.9655896425,-0.03134775534
m3_discounted,314,2,129,b43f9bef2ea9be7d5c83147f704d1ec9e88508b7c90558944b551a63d6646376,t5,9,high,0.705008328,0.294991672,high,1.801517963,-0.06299074739
m3_discounted,314,2,129,b43f9bef2ea9be7d5c83147f704d1ec9e88508b7c90558944b551a63d6646376,t10,19,high,0.6558783352,0.3441216648,high,3.860322952,-0.09925757349
m3_discounted,314,2,129,b43f9bef2ea9be7d5c83147f704d1ec9e88508b7c90558944b551a63d6646376,full,35,high,0.6225464046,0.3774535954,high,7.389811516,-0.160399437
m3_discounted,2718,2,2,fdf67d2c42795b9d06e986a20b48e2b2bee751e8cdf4fd17e3571edec7df7c1a,t3,4,high,0.7264795899,0.2735204101,high,0.9345401525,0.01892243326
m3_discounted,2718,2,2,fdf67d2c42795b9d06e986a20b48e2b2bee751e8cdf4fd17e3571edec7df7c1a,t5,8,high,0.6899090707,0.3100909293,high,1.820373774,0.02525858209
m3_discounted,2718,2,2,fdf67d2c42795b9d06e986a20b48e2b2bee751e8cdf4fd17e3571edec7df7c1a,t10,18,high,0.6285972297,0.3714027703,high,4.177586555,0.07616265118
m3_discounted,2718,2,2,fdf67d2c42795b9d06e986a20b48e2b2bee751e8cdf4fd17e3571edec7df7c1a,full,34,high,0.6029132903,0.3970867097,high,7.876616955,0.1318459511
m3_discounted,2718,2,4,191639dd25fcde7c7a679eb592d24f8b509b2039411c660a67c8a93f8157923d,t3,4,high,0.7096064687,0.2903935313,high,1.16427505,0.0021091667
m3_discounted,2718,2,4,191639dd25fcde7c7a679eb592d24f8b509b2039411c660a67c8a93f8157923d,t5,8,high,0.6739546657,0.3260453343,high,2.115025759,0.00741923321
m3_discounted,2718,2,4,191639dd25fcde7c7a679eb592d24f8b509b2039411c660a67c8a93f8157923d,t10,18,high,0.6249954402,0.3750045598,high,4.46309042,0.02304887772
m3_discounted,2718,2,4,191639dd25fcde7c7a679eb592d24f8b509b2039411c660a67c8a93f8157923d,t20,38,high,0.5941033661,0.4058966339,high,9.217317581,0.08681221306
m3_discounted,2718,2,4,191639dd25fcde7c7a679eb592d24f8b509b2039411c660a67c8a93f8157923d,full,58,high,0.5922874212,0.4077125788,high,13.94965172,0.1093528867
m3_discounted,2718,2,10,4726c5a5ef83880ea58dc9be0d5526992a63d81a7158a7290accb6ea90e2f24e,t3,4,low,0.7145811021,0.2854188979,high,1.076600194,0.02503650635
m3_discounted,2718,2,10,4726c5a5ef83880ea58dc9be0d5526992a63d81a7158a7290accb6ea90e2f24e,t5,8,low,0.675136447,0.324863553,high,2.035875797,0.04254635423
m3_discounted,2718,2,10,4726c5a5ef83880ea58dc9be0d5526992a63d81a7158a7290accb6ea90e2f24e,full,10,low,0.6604155898,0.3395844102,high,2.502115726,0.06016076356
m3_discounted,2718,2,13,33d5eab0e55967cc9ef6294d07c71894b7c8ccead9f3b75d9c24963ff08f8a5b,t3,4,high,0.7113552094,0.2886447906,high,1.1286093,0.02965191007
m3_discounted,2718,2,13,33d5eab0e55967cc9ef6294d07c71894b7c8ccead9f3b75d9c24963ff08f8a5b,t5,8,high,0.6737538576,0.3262461424,high,2.061457396,0.06317796558
m3_discounted,2718,2,13,33d5eab0e55967cc9ef6294d07c71894b7c8ccead9f3b75d9c24963ff08f8a5b,full,12,high,0.6476654708,0.3523345292,high,2.997182369,0.09229496121
m3_discounted,2718,2,15,9a33ea59a66d49ff7cc5e5ae9beb979f48b38e35157bca2ebd07bf99649f623d,t3,4,low,0.7132020295,0.2867979705,high,1.104202986,0.02140320279
m3_discounted,2718,2,15,9a33ea59a66d49ff7cc5e5ae9beb979f48b38e35157bca2ebd07bf99649f623d,t5,8,low,0.6767002046,0.3232997954,high,2.031766415,0.04296568409
m3_discounted,2718,2,15,9a33ea59a66d49ff7cc5e5ae9beb979f48b38e35157bca2ebd07bf99649f623d,t10,18,low,0.6270898581,0.3729101419,high,4.289118767,0.1305688769
m3_discounted,2718,2,15,9a33ea59a66d49ff7cc5e5ae9beb979f48b38e35157bca2ebd07bf99649f623d,full,20,low,0.6243174374,0.3756825626,high,4.73143959,0.129860431
m3_discounted,2718,2,18,b34ee56525d88d8c5edbedc83cfaa246ebf13d655186bfb0a26192ae67847925,t3,4,high,0.7069386542,0.2930613458,high,1.1977458,0.004496527836
m3_discounted,2718,2,18,b34ee56525d88d8c5edbedc83cfaa246ebf13d655186bfb0a26192ae67847925,t5,8,high,0.6712340415,0.3287659585,high,2.153705835,0.01460215356
m3_discounted,2718,2,18,b34ee56525d88d8c5edbedc83cfaa246ebf13d655186bfb0a26192ae67847925,t10,18,high,0.6208513677,0.3791486323,high,4.55762291,0.02703250013
m3_discounted,2718,2,18,b34ee56525d88d8c5edbedc83cfaa246ebf13d655186bfb0a26192ae67847925,t20,38,high,0.5937307179,0.4062692821,high,9.294080734,0.09197027236
m3_discounted,2718,2,18,b34ee56525d88d8c5edbedc83cfaa246ebf13d655186bfb0a26192ae67847925,full,114,high,0.5908093452,0.4091906548,high,27.31436729,0.2162659764
m3_discounted,2718,2,20,f9ba5bcb971128ab896d2b887228d6522719aa3c656b131cf236ce80da34d01d,t3,4,high,0.7063796818,0.2936203182,high,1.184066415,0.02585165203
m3_discounted,2718,2,20,f9ba5bcb971128ab896d2b887228d6522719aa3c656b131cf236ce80da34d01d,t5,8,high,0.6735664606,0.3264335394,high,2.123569012,0.02547640353
m3_discounted,2718,2,20,f9ba5bcb971128ab896d2b887228d6522719aa3c656b131cf236ce80da34d01d,t10,18,high,0.6271952689,0.3728047311,high,4.454697609,0.03688872978
m3_discounted,2718,2,20,f9ba5bcb971128ab896d2b887228d6522719aa3c656b131cf236ce80da34d01d,t20,38,high,0.5949088037,0.4050911963,high,9.160916328,0.07590419054
m3_discounted,2718,2,20,f9ba5bcb971128ab896d2b887228d6522719aa3c656b131cf236ce80da34d01d,full,46,high,0.5954686403,0.4045313597,high,11.02601528,0.0981329456
m3_discounted,2718,2,25,ddb02d91bd18c3c662df1f33661d602d12020d6cf678bab7cb298f4055fca93b,t3,4,high,0.7156891823,0.2843108177,high,1.085116982,0.01130241994
m3_discounted,2718,2,25,ddb02d91bd18c3c662df1f33661d602d12020d6cf678bab7cb298f4055fca93b,t5,8,high,0.680971235,0.319028765,high,2.010769367,0.00651760539
m3_discounted,2718,2,25,ddb02d91bd18c3c662df1f33661d602d12020d6cf678bab7cb298f4055fca93b,t10,18,high,0.6272379756,0.3727620244,high,4.365381718,0.0195733048
m3_discounted,2718,2,25,ddb02d91bd18c3c662df1f33661d602d12020d6cf678bab7cb298f4055fca93b,full,32,high,0.6012274921,0.3987725079,high,7.657730579,0.04637558386
m3_discounted,2718,2,28,487d0abed001c9f2a355dcc6490f2cf7f1354bf99dbe74fb40e1739122af3c2b,t3,4,high,0.7096931338,0.2903068662,high,1.159983754,0.009830500931
m3_discounted,2718,2,28,487d0abed001c9f2a355dcc6490f2cf7f1354bf99dbe74fb40e1739122af3c2b,t5,8,high,0.6729742587,0.3270257413,high,2.115300179,0.02012663707
m3_discounted,2718,2,28,487d0abed001c9f2a355dcc6490f2cf7f1354bf99dbe74fb40e1739122af3c2b,t10,18,high,0.6213665307,0.3786334693,high,4.497482777,0.05064000189
m3_discounted,2718,2,28,487d0abed001c9f2a355dcc6490f2cf7f1354bf99dbe74fb40e1739122af3c2b,t20,38,high,0.5936045647,0.4063954353,high,9.255692482,0.08271892369
m3_discounted,2718,2,28,487d0abed001c9f2a355dcc6490f2cf7f1354bf99dbe74fb40e1739122af3c2b,full,122,high,0.5911910236,0.4088089764,high,29.17473793,0.163179338
m3_discounted,2718,2,29,9459f1cceef9869f5ee5d550f4d0153a7cdf2e59b9bd8cc5f372969252fde2ca,t3,4,high,0.7049602568,0.2950397432,high,1.187357306,0.03114295006
m3_discounted,2718,2,29,9459f1cceef9869f5ee5d550f4d0153a7cdf2e59b9bd8cc5f372969252fde2ca,t5,7,high,0.6760680079,0.3239319921,high,1.897671342,0.06113649905
m3_discounted,2718,2,29,9459f1cceef9869f5ee5d550f4d0153a7cdf2e59b9bd8cc5f372969252fde2ca,t10,17,high,0.6243701577,0.3756298423,high,4.26551199,0.0990306586
m3_discounted,2718,2,29,9459f1cceef9869f5ee5d550f4d0153a7cdf2e59b9bd8cc5f372969252fde2ca,t20,37,high,0.5974596739,0.4025403261,high,8.9889431,0.1328270137
m3_discounted,2718,2,29,9459f1cceef9869f5ee5d550f4d0153a7cdf2e59b9bd8cc5f372969252fde2ca,full,37,high,0.5974596739,0.4025403261,high,8.9889431,0.1328270137
m3_discounted,2718,2,34,4d0345fde865563ce1b8a378bb4f763097083ca5ab32f7ddf46c2f6159f1dec2,t3,4,high,0.7076383233,0.2923616767,high,1.195052743,-0.0001489268616
m3_discounted,2718,2,34,4d0345fde865563ce1b8a378bb4f763097083ca5ab32f7ddf46c2f6159f1dec2,t5,8,high,0.6746606529,0.3253393471,high,2.135425568,-0.004960407503
m3_discounted,2718,2,34,4d0345fde865563ce1b8a378bb4f763097083ca5ab32f7ddf46c2f6159f1dec2,t10,18,high,0.6247678399,0.3752321601,high,4.526207924,-0.01565814763
m3_discounted,2718,2,34,4d0345fde865563ce1b8a378bb4f763097083ca5ab32f7ddf46c2f6159f1dec2,t20,38,high,0.5962882638,0.4037117362,high,9.316109657,-0.02479296178
m3_discounted,2718,2,34,4d0345fde865563ce1b8a378bb4f763097083ca5ab32f7ddf46c2f6159f1dec2,full,116,high,0.592610836,0.407389164,high,27.95134544,-0.007446658798
m3_discounted,2718,2,36,a89e21c5a35df9846708875b550aedadb0962eeaf4b3c7f3348dec0322cd9dde,t3,4,high,0.7190207839,0.2809792161,high,1.047828436,0.01279287785
m3_discounted,2718,2,36,a89e21c5a35df9846708875b550aedadb0962eeaf4b3c7f3348dec0322cd9dde,t5,8,high,0.6809347272,0.3190652728,high,1.973397493,0.02883908153
m3_discounted,2718,2,36,a89e21c5a35df9846708875b550aedadb0962eeaf4b3c7f3348dec0322cd9dde,t10,18,high,0.6296111643,0.3703888357,high,4.302172184,0.03989628702
m3_discounted,2718,2,36,a89e21c5a35df9846708875b550aedadb0962eeaf4b3c7f3348dec0322cd9dde,t20,38,high,0.6032007337,0.3967992663,high,8.938796043,0.05283814669
m3_discounted,2718,2,36,a89e21c5a35df9846708875b550aedadb0962eeaf4b3c7f3348dec0322cd9dde,full,314,high,0.5974070728,0.4025929272,high,73.88072205,0.321013093
m3_discounted,2718,2,38,f8b9c28f12c90d87138212f431c9300e394af58c1dc90d970ba183af36ca0387,t3,4,high,0.7194601595,0.2805398405,high,1.030661702,0.01328575518
m3_discounted,2718,2,38,f8b9c28f12c90d87138212f431c9300e394af58c1dc90d970ba183af36ca0387,t5,8,high,0.6822332144,0.3177667856,high,1.959420204,0.01276570465
m3_discounted,2718,2,38,f8b9c28f12c90d87138212f431c9300e394af58c1dc90d970ba183af36ca0387,t10,18,high,0.6246926188,0.3753073812,high,4.36371994,0.02201045305
m3_discounted,2718,2,38,f8b9c28f12c90d87138212f431c9300e394af58c1dc90d970ba183af36ca0387,t20,38,high,0.5970098674,0.4029901326,high,9.104799271,0.03110416047
m3_discounted,2718,2,38,f8b9c28f12c90d87138212f431c9300e394af58c1dc90d970ba183af36ca0387,full,93,high,0.5881625712,0.4118374288,high,22.21382141,0.2006875873
m3_discounted,2718,2,49,b34ee56525d88d8c5edbedc83cfaa246ebf13d655186bfb0a26192ae67847925,t3,4,high,0.7213556468,0.2786443532,high,1.020423651,0.01223149244
m3_discounted,2718,2,49,b34ee56525d88d8c5edbedc83cfaa246ebf13d655186bfb0a26192ae67847925,t5,8,high,0.6824382544,0.3175617456,high,1.945814013,0.02679249831
m3_discounted,2718,2,49,b34ee56525d88d8c5edbedc83cfaa246ebf13d655186bfb0a26192ae67847925,t10,18,high,0.6275523305,0.3724476695,high,4.299182415,0.04508798942
m3_discounted,2718,2,49,b34ee56525d88d8c5edbedc83cfaa246ebf13d655186bfb0a26192ae67847925,t20,38,high,0.5987409949,0.4012590051,high,8.991124153,0.08781643212
m3_discounted,2718,2,49,b34ee56525d88d8c5edbedc83cfaa246ebf13d655186bfb0a26192ae67847925,full,180,high,0.5921392441,0.4078607559,high,42.4850235,0.3526569605
m3_discounted,2718,2,51,27f7b9a233b232d09dc5463937c8150e848bebb9f9c3eac2cd6d18cd0a0a0663,t3,4,high,0.7317883074,0.2682116926,high,0.8809040189,0.01246510446
m3_discounted,2718,2,51,27f7b9a233b232d09dc5463937c8150e848bebb9f9c3eac2cd6d18cd0a0a0663,t5,8,high,0.6985097528,0.3014902472,high,1.690629721,0.03642108664
m3_discounted,2718,2,51,27f7b9a233b232d09dc5463937c8150e848bebb9f9c3eac2cd6d18cd0a0a0663,full,14,high,0.656147927,0.343852073,high,3.05903244,0.04470895603
m3_discounted,2718,2,54,cab87913f73e8349723b3aa09815de16104f7e933d850478367538de727d8d66,t3,4,high,0.7092447877,0.2907552123,high,1.165727854,0.00718936231
m3_discounted,2718,2,54,cab87913f73e8349723b3aa09815de16104f7e933d850478367538de727d8d66,t5,8,high,0.6728048027,0.3271951973,high,2.112543106,0.02696555667
m3_discounted,2718,2,54,cab87913f73e8349723b3aa09815de16104f7e933d850478367538de727d8d66,t10,18,high,0.6216888726,0.3783111274,high,4.490231514,0.06735471636
m3_discounted,2718,2,54,cab87913f73e8349723b3aa09815de16104f7e933d850478367538de727d8d66,t20,38,high,0.5945383906,0.4054616094,high,9.249988556,0.1232724041
m3_discounted,2718,2,54,cab87913f73e8349723b3aa09815de16104f7e933d850478367538de727d8d66,full,40,high,0.5967906117,0.4032093883,high,9.699638367,0.123339802
m3_discounted,2718,2,61,d18cd2cb8f3969cbf6af794d14828afbbd325bed84b28f6fb6cfa887be2c8b28,t3,4,high,0.7056891322,0.2943108678,high,1.186561942,0.02965500951
m3_discounted,2718,2,61,d18cd2cb8f3969cbf6af794d14828afbbd325bed84b28f6fb6cfa887be2c8b28,t5,8,high,0.6716868281,0.3283131719,high,2.141562462,0.02807512693
m3_discounted,2718,2,61,d18cd2cb8f3969cbf6af794d14828afbbd325bed84b28f6fb6cfa887be2c8b28,t10,18,high,0.6245661974,0.3754338026,high,4.509047031,0.02574324049
m3_discounted,2718,2,61,d18cd2cb8f3969cbf6af794d14828afbbd325bed84b28f6fb6cfa887be2c8b28,t20,38,high,0.5982281268,0.4017718732,high,9.223054886,0.03866814449
m3_discounted,2718,2,61,d18cd2cb8f3969cbf6af794d14828afbbd325bed84b28f6fb6cfa887be2c8b28,full,124,high,0.5972675681,0.4027324319,high,29.41052055,0.1532372832
m3_discounted,2718,2,63,f34b655729f9e067daf58741bbef87d6babc75e70cc02335a66a9a7f2a41110f,t3,4,high,0.7241705656,0.2758294344,high,0.9832902551,0.03112787567
m3_discounted,2718,2,63,f34b655729f9e067daf58741bbef87d6babc75e70cc02335a66a9a7f2a41110f,t5,8,high,0.6854997575,0.3145002425,high,1.891865134,0.0481377095
m3_discounted,2718,2,63,f34b655729f9e067daf58741bbef87d6babc75e70cc02335a66a9a7f2a41110f,t10,18,high,0.6392943859,0.3607056141,high,4.083097458,0.06511566043
m3_discounted,2718,2,63,f34b655729f9e067daf58741bbef87d6babc75e70cc02335a66a9a7f2a41110f,t20,38,high,0.6011960804,0.3988039196,high,8.693435669,0.1250402629
m3_discounted,2718,2,63,f34b655729f9e067daf58741bbef87d6babc75e70cc02335a66a9a7f2a41110f,full,58,high,0.5971007347,0.4028992653,high,13.29816437,0.2206832469
m3_discounted,2718,2,76,ef2a499f1eb631d0fe82020b23b6b033d935130d3181bd0d4fd2f4fcd23925a8,t3,5,high,0.7037450075,0.2962549925,high,1.338968277,0.01418447215
m3_discounted,2718,2,76,ef2a499f1eb631d0fe82020b23b6b033d935130d3181bd0d4fd2f4fcd23925a8,t5,9,high,0.672611624,0.327388376,high,2.265076399,0.01066047885
m3_discounted,2718,2,76,ef2a499f1eb631d0fe82020b23b6b033d935130d3181bd0d4fd2f4fcd23925a8,t10,19,high,0.6229979396,0.3770020604,high,4.63576889,0.03218516335
m3_discounted,2718,2,76,ef2a499f1eb631d0fe82020b23b6b033d935130d3181bd0d4fd2f4fcd23925a8,t20,41,high,0.5943899453,0.4056100547,high,9.893737793,0.03464150429
m3_discounted,2718,2,76,ef2a499f1eb631d0fe82020b23b6b033d935130d3181bd0d4fd2f4fcd23925a8,full,67,high,0.5933515131,0.4066484869,high,16.08573341,0.03370426223
m3_discounted,2718,2,85,362ca8248798f8db4ad596d5ff5d5b21969fb1d0b5d6bc5479eb390815d04099,t3,4,high,0.7091783285,0.2908216715,high,1.166082025,0.01140023023
m3_discounted,2718,2,85,362ca8248798f8db4ad596d5ff5d5b21969fb1d0b5d6bc5479eb390815d04099,t5,8,high,0.6745378375,0.3254621625,high,2.112144709,0.009462703019
m3_discounted,2718,2,85,362ca8248798f8db4ad596d5ff5d5b21969fb1d0b5d6bc5479eb390815d04099,t10,18,high,0.6230333447,0.3769666553,high,4.503127098,0.02026733011
m3_discounted,2718,2,85,362ca8248798f8db4ad596d5ff5d5b21969fb1d0b5d6bc5479eb390815d04099,t20,38,high,0.5983757973,0.4016242027,high,9.228194237,0.01809587516
m3_discounted,2718,2,85,362ca8248798f8db4ad596d5ff5d5b21969fb1d0b5d6bc5479eb390815d04099,full,130,high,0.5891396403,0.4108603597,high,31.13050842,0.1841914952
m3_discounted,2718,2,88,9bc4482343f7ed28b44b9319b09ff19b55a18cac47392ae5ffba13a1bbc7d262,t3,5,high,0.695879817,0.304120183,high,1.425491214,0.03044554219
m3_discounted,2718,2,88,9bc4482343f7ed28b44b9319b09ff19b55a18cac47392ae5ffba13a1bbc7d262,t5,9,high,0.6635518074,0.3364481926,high,2.384892941,0.03798443452
m3_discounted,2718,2,88,9bc4482343f7ed28b44b9319b09ff19b55a18cac47392ae5ffba13a1bbc7d262,t10,19,high,0.6185435057,0.3814564943,high,4.761539459,0.06018783152
m3_discounted,2718,2,88,9bc4482343f7ed28b44b9319b09ff19b55a18cac47392ae5ffba13a1bbc7d262,t20,39,high,0.5980224013,0.4019775987,high,9.452430725,0.09127478302
m3_discounted,2718,2,88,9bc4482343f7ed28b44b9319b09ff19b55a18cac47392ae5ffba13a1bbc7d262,full,67,high,0.5931588709,0.4068411291,high,16.09623909,0.1490221918
m3_discounted,2718,2,92,f2052231c80a312cdf52e119479c078cd5bcaf12bb92c3ed0366740e77e1ee5f,t3,4,low,0.7279593349,0.2720406651,high,0.8966050148,0.03291947767
m3_discounted,2718,2,92,f2052231c80a312cdf52e119479c078cd5bcaf12bb92c3ed0366740e77e1ee5f,t5,8,low,0.68449983,0.31550017,high,1.823118925,0.06823319197
m3_discounted,2718,2,92,f2052231c80a312cdf52e119479c078cd5bcaf12bb92c3ed0366740e77e1ee5f,full,12,low,0.6583768129,0.3416231871,high,2.731617451,0.08397853374
m3_discounted,2718,2,107,987ebbea8e2f88d7ae24bb995fb1683cfcf43e60da1c73db60f86e9c6f759ec0,t3,4,high,0.7088553011,0.2911446989,high,1.165178061,0.0151894521
m3_discounted,2718,2,107,987ebbea8e2f88d7ae24bb995fb1683cfcf43e60da1c73db60f86e9c6f759ec0,t5,8,high,0.6754767299,0.3245232701,high,2.089290857,0.02595734037
m3_discounted,2718,2,107,987ebbea8e2f88d7ae24bb995fb1683cfcf43e60da1c73db60f86e9c6f759ec0,full,16,high,0.6328341067,0.3671658933,high,3.937558651,0.06105760485
m3_discounted,2718,2,113,43e3f532b331904b4b75e22e482cffcf7410e15e086662ebc1b0f2d324f2c640,t3,4,high,0.7095118761,0.2904881239,high,1.154661655,0.01355451904
m3_discounted,2718,2,113,43e3f532b331904b4b75e22e482cffcf7410e15e086662ebc1b0f2d324f2c640,t5,8,high,0.6723693907,0.3276306093,high,2.116959333,0.02571237646
m3_discounted,2718,2,113,43e3f532b331904b4b75e22e482cffcf7410e15e086662ebc1b0f2d324f2c640,t10,18,high,0.6222575903,0.3777424097,high,4.479153156,0.06179012358
m3_discounted,2718,2,113,43e3f532b331904b4b75e22e482cffcf7410e15e086662ebc1b0f2d324f2c640,t20,38,high,0.5960781276,0.4039218724,high,9.221199989,0.09032359719
m3_discounted,2718,2,113,43e3f532b331904b4b75e22e482cffcf7410e15e086662ebc1b0f2d324f2c640,full,48,high,0.5955331922,0.4044668078,high,11.55273342,0.1295506954
m3_discounted,2718,2,120,6138bfa37d6d45417e27c6225b1b5c3d451845f9afd2be1af047243d1934f16d,t3,4,high,0.7030948997,0.2969051003,high,1.204740763,0.0402363129
m3_discounted,2718,2,120,6138bfa37d6d45417e27c6225b1b5c3d451845f9afd2be1af047243d1934f16d,t5,8,high,0.6671670079,0.3328329921,high,2.156820774,0.07296094298
m3_discounted,2718,2,120,6138bfa37d6d45417e27c6225b1b5c3d451845f9afd2be1af047243d1934f16d,t10,18,high,0.6155001819,0.3844998181,high,4.581826687,0.1232735291
m3_discounted,2718,2,120,6138bfa37d6d45417e27c6225b1b5c3d451845f9afd2be1af047243d1934f16d,full,30,high,0.5963508487,0.4036491513,high,7.429312229,0.1882359982
m3_discounted,2718,2,126,3d9bb96a31d14f722edff4380172cc0eda5a2e2aab8847223fead188adfe3bae,t3,4,low,0.7077929974,0.2922070026,high,1.166299701,0.03340051696
m3_discounted,2718,2,126,3d9bb96a31d14f722edff4380172cc0eda5a2e2aab8847223fead188adfe3bae,t5,8,low,0.6732884347,0.3267115653,high,2.091512203,0.05916201696
m3_discounted,2718,2,126,3d9bb96a31d14f722edff4380172cc0eda5a2e2aab8847223fead188adfe3bae,t10,17,low,0.6269312203,0.3730687797,high,4.17315197,0.1119589061
m3_discounted,2718,2,126,3d9bb96a31d14f722edff4380172cc0eda5a2e2aab8847223fead188adfe3bae,t20,36,low,0.6062106788,0.3937893212,high,8.433255196,0.2234628201
m3_discounted,2718,2,126,3d9bb96a31d14f722edff4380172cc0eda5a2e2aab8847223fead188adfe3bae,full,63,low,0.6064034998,0.3935965002,high,14.35022163,0.4057571292
m3_discounted,2718,2,129,b43f9bef2ea9be7d5c83147f704d1ec9e88508b7c90558944b551a63d6646376,t3,5,high,0.6988110542,0.3011889458,high,1.4279989,-0.005513640121
m3_discounted,2718,2,129,b43f9bef2ea9be7d5c83147f704d1ec9e88508b7c90558944b551a63d6646376,t5,9,high,0.6677112281,0.3322887719,high,2.370092869,-0.006930541247
m3_discounted,2718,2,129,b43f9bef2ea9be7d5c83147f704d1ec9e88508b7c90558944b551a63d6646376,t10,19,high,0.6209856272,0.3790143728,high,4.749295235,0.008125115186
m3_discounted,2718,2,129,b43f9bef2ea9be7d5c83147f704d1ec9e88508b7c90558944b551a63d6646376,full,35,high,0.6001274288,0.3998725712,high,8.53887558,0.01587700844
m3_discounted,42,3,7,7fe3d6029ec1e666f41b728458a973e8e2e6924c09046427a23859dcc7b3d75a,t3,4,high,0.7666663527,0.2333336473,high,0.4335269034,-0.01626850478
m3_discounted,42,3,7,7fe3d6029ec1e666f41b728458a973e8e2e6924c09046427a23859dcc7b3d75a,t5,8,high,0.7862627506,0.2137372494,high,0.3722048104,-0.02116796933
m3_discounted,42,3,7,7fe3d6029ec1e666f41b728458a973e8e2e6924c09046427a23859dcc7b3d75a,t10,18,high,0.7602146864,0.2397853136,high,1.200924993,-0.005168386735
m3_discounted,42,3,7,7fe3d6029ec1e666f41b728458a973e8e2e6924c09046427a23859dcc7b3d75a,t20,38,high,0.6627770364,0.3372229636,high,4.47580719,0.03768383712
m3_discounted,42,3,7,7fe3d6029ec1e666f41b728458a973e8e2e6924c09046427a23859dcc7b3d75a,full,64,high,0.6615367234,0.3384632766,high,7.812712193,0.1035204828
m3_discounted,42,3,16,9ae9ab57ccb2a6caf3db84ad0a088385a92d25754e445de6f502929913bf21cd,t3,4,high,0.7955206335,0.2044793665,high,-0.002492398024,0.01058384124
m3_discounted,42,3,16,9ae9ab57ccb2a6caf3db84ad0a088385a92d25754e445de6f502929913bf21cd,t5,8,high,0.8184660673,0.1815339327,high,-0.3336970806,-0.02916144207
m3_discounted,42,3,16,9ae9ab57ccb2a6caf3db84ad0a088385a92d25754e445de6f502929913bf21cd,t10,18,high,0.8091986924,0.1908013076,high,-0.574355185,-0.04952599853
m3_discounted,42,3,16,9ae9ab57ccb2a6caf3db84ad0a088385a92d25754e445de6f502929913bf21cd,full,22,high,0.827162683,0.172837317,high,-0.9459593892,-0.06373681873
m3_discounted,42,3,24,a4713e0a14bb0ef918e89ea267520b745394edf49df0b6e3b5925085b1fca54d,t3,4,high,0.7748443931,0.2251556069,high,0.3477068543,0.01042404305
m3_discounted,42,3,24,a4713e0a14bb0ef918e89ea267520b745394edf49df0b6e3b5925085b1fca54d,t5,8,high,0.8010958433,0.1989041567,high,0.03447367251,0.01186555903
m3_discounted,42,3,24,a4713e0a14bb0ef918e89ea267520b745394edf49df0b6e3b5925085b1fca54d,t10,18,high,0.7927073687,0.2072926313,high,0.1833912283,0.09720985591
m3_discounted,42,3,24,a4713e0a14bb0ef918e89ea267520b745394edf49df0b6e3b5925085b1fca54d,full,20,high,0.7615098953,0.2384901047,high,0.6331373453,0.1030177027
m3_discounted,42,3,31,c06b9cd1fff25ad6609a4acc440947729eaae556a777669d2c7b83c20f9f8885,t3,4,high,0.698753804,0.301246196,high,1.196008921,0.03173930198
m3_discounted,42,3,31,c06b9cd1fff25ad6609a4acc440947729eaae556a777669d2c7b83c20f9f8885,t5,8,high,0.6676200926,0.3323799074,high,2.127610922,0.01968867145
m3_discounted,42,3,31,c06b9cd1fff25ad6609a4acc440947729eaae556a777669d2c7b83c20f9f8885,t10,18,high,0.6496365666,0.3503634334,high,3.758837461,0.04461250082
m3_discounted,42,3,31,c06b9cd1fff25ad6609a4acc440947729eaae556a777669d2c7b83c20f9f8885,t20,38,high,0.6349534392,0.3650465608,high,7.63830328,0.1038557068
m3_discounted,42,3,31,c06b9cd1fff25ad6609a4acc440947729eaae556a777669d2c7b83c20f9f8885,full,54,high,0.6090324223,0.3909675777,high,11.17792702,0.09791430831
m3_discounted,42,3,32,8def61f50369c2308d6acc3ec8575794a2970d0f6375eaa51ca8e7e37abccdfd,t3,4,low,0.7352375388,0.2647624612,high,0.7401833534,0.04466353729
m3_discounted,42,3,32,8def61f50369c2308d6acc3ec8575794a2970d0f6375eaa51ca8e7e37abccdfd,t5,8,low,0.7268382311,0.2731617689,high,1.138867617,0.06680760533
m3_discounted,42,3,32,8def61f50369c2308d6acc3ec8575794a2970d0f6375eaa51ca8e7e37abccdfd,full,10,low,0.7011708617,0.2988291383,high,1.608400822,0.08362419158
m3_discounted,42,3,33,f76617e906c5e2b96661cf362ca553b76fbb23756e161cf3e0bc86585f03b1a8,t3,4,high,0.7212537527,0.2787462473,high,0.9190450311,0.06001809984
m3_discounted,42,3,33,f76617e906c5e2b96661cf362ca553b76fbb23756e161cf3e0bc86585f03b1a8,t5,8,high,0.7098815143,0.2901184857,high,1.568105817,0.02071847767
m3_discounted,42,3,33,f76617e906c5e2b96661cf362ca553b76fbb23756e161cf3e0bc86585f03b1a8,t10,18,high,0.717325598,0.282674402,high,2.829991341,0.007839211263
m3_discounted,42,3,33,f76617e906c5e2b96661cf362ca553b76fbb23756e161cf3e0bc86585f03b1a8,t20,38,high,0.7852934748,0.2147065252,high,4.215809345,-0.1273792833
m3_discounted,42,3,33,f76617e906c5e2b96661cf362ca553b76fbb23756e161cf3e0bc86585f03b1a8,full,76,high,0.7060756981,0.2939243019,high,7.92118454,-0.3268633783
m3_discounted,42,3,35,9365283497184f82bb514f2ae669c6ec302a1cd4c49f1b9426e48aca0e39eedc,t3,4,high,0.7045252323,0.2954747677,high,1.192089438,-0.02206309885
m3_discounted,42,3,35,9365283497184f82bb514f2ae669c6ec302a1cd4c49f1b9426e48aca0e39eedc,t5,8,high,0.7786190957,0.2213809043,high,0.8018401861,-0.05587489158
m3_discounted,42,3,35,9365283497184f82bb514f2ae669c6ec302a1cd4c49f1b9426e48aca0e39eedc,t10,18,high,0.866795823,0.133204177,high,-0.90642941,-0.06520022452
m3_discounted,42,3,35,9365283497184f82bb514f2ae669c6ec302a1cd4c49f1b9426e48aca0e39eedc,full,34,high,0.8759119138,0.1240880862,high,-2.793623447,-0.1210877597
m3_discounted,42,3,37,9ae9ab57ccb2a6caf3db84ad0a088385a92d25754e445de6f502929913bf21cd,t3,4,high,0.7056631148,0.2943368852,high,1.125804663,0.01755500585
m3_discounted,42,3,37,9ae9ab57ccb2a6caf3db84ad0a088385a92d25754e445de6f502929913bf21cd,t5,8,high,0.6959067583,0.3040932417,high,1.781949997,-0.01749421284
m3_discounted,42,3,37,9ae9ab57ccb2a6caf3db84ad0a088385a92d25754e445de6f502929913bf21cd,t10,18,high,0.7122285366,0.2877714634,high,2.739528418,-0.04230905324
m3_discounted,42,3,37,9ae9ab57ccb2a6caf3db84ad0a088385a92d25754e445de6f502929913bf21cd,t20,38,high,0.7662435919,0.2337564081,high,3.616444588,-0.0008682124317
m3_discounted,42,3,37,9ae9ab57ccb2a6caf3db84ad0a088385a92d25754e445de6f502929913bf21cd,full,40,high,0.7812973708,0.2187026292,high,3.507285833,-0.02051802352
m3_discounted,42,3,42,c6f859e97a85d2be55de346ee03396c3284ef33ad2a850cbf47dcf6a86c54f6c,t3,5,high,0.8735006154,0.1264993846,high,-1.343601227,-0.04135791957
m3_discounted,42,3,42,c6f859e97a85d2be55de346ee03396c3284ef33ad2a850cbf47dcf6a86c54f6c,t5,9,high,0.885664314,0.114335686,high,-2.171013355,-0.06214206666
m3_discounted,42,3,42,c6f859e97a85d2be55de346ee03396c3284ef33ad2a850cbf47dcf6a86c54f6c,full,13,high,0.8674552739,0.1325447261,high,-2.423511982,-0.07018681616
m3_discounted,42,3,48,c6f859e97a85d2be55de346ee03396c3284ef33ad2a850cbf47dcf6a86c54f6c,t3,5,high,0.7481372654,0.2518627346,high,0.7372815609,-0.06019754708
m3_discounted,42,3,48,c6f859e97a85d2be55de346ee03396c3284ef33ad2a850cbf47dcf6a86c54f6c,t5,9,high,0.7350111604,0.2649888396,high,1.269247174,-0.0993181318
m3_discounted,42,3,48,c6f859e97a85d2be55de346ee03396c3284ef33ad2a850cbf47dcf6a86c54f6c,t10,19,high,0.7578843683,0.2421156317,high,2.077685118,-0.1923149824
m3_discounted,42,3,48,c6f859e97a85d2be55de346ee03396c3284ef33ad2a850cbf47dcf6a86c54f6c,full,27,high,0.7217509747,0.2782490253,high,3.142954826,-0.2350916266
m3_discounted,42,3,52,5f94f96b5558bc44bec41fbfff63a95635edebf6436cf0d7b71bc93bc7e01771,t3,4,high,0.7020637095,0.2979362905,high,1.202696562,0.0001867990941
m3_discounted,42,3,52,5f94f96b5558bc44bec41fbfff63a95635edebf6436cf0d7b71bc93bc7e01771,t5,8,high,0.6776458919,0.3223541081,high,1.978473663,0.03460940719
m3_discounted,42,3,52,5f94f96b5558bc44bec41fbfff63a95635edebf6436cf0d7b71bc93bc7e01771,t10,18,high,0.6478522122,0.3521477878,high,3.926345587,0.0931706205
m3_discounted,42,3,52,5f94f96b5558bc44bec41fbfff63a95635edebf6436cf0d7b71bc93bc7e01771,full,28,high,0.6314893067,0.3685106933,high,5.928180695,0.06439484656
m3_discounted,42,3,56,994bc72760dcfe7fa4dcb4204fd49276c86f3b5d7563bd03968bb98375e50059,t3,4,high,0.722432971,0.277567029,high,0.9526998997,0.04386300594
m3_discounted,42,3,56,994bc72760dcfe7fa4dcb4204fd49276c86f3b5d7563bd03968bb98375e50059,t5,8,high,0.7685934305,0.2314065695,high,0.8135706186,0.01382683776
m3_discounted,42,3,56,994bc72760dcfe7fa4dcb4204fd49276c86f3b5d7563bd03968bb98375e50059,t10,18,high,0.789329201,0.210670799,high,0.9516384602,-0.06907919794
m3_discounted,42,3,56,994bc72760dcfe7fa4dcb4204fd49276c86f3b5d7563bd03968bb98375e50059,t20,38,high,0.7949168682,0.2050831318,high,1.469561696,-0.148984462
m3_discounted,42,3,56,994bc72760dcfe7fa4dcb4204fd49276c86f3b5d7563bd03968bb98375e50059,full,174,high,0.7274636924,0.2725363076,high,13.11236668,-0.6421706676
m3_discounted,42,3,57,c7b0ae9d845b01af28904a49c113db9419434a3a9dc695cbcca773c7377fa099,t3,4,low,0.6988456249,0.3011543751,high,1.180814266,0.04469266534
m3_discounted,42,3,57,c7b0ae9d845b01af28904a49c113db9419434a3a9dc695cbcca773c7377fa099,t5,8,low,0.6613332331,0.3386667669,high,2.162449837,0.05471150577
m3_discounted,42,3,57,c7b0ae9d845b01af28904a49c113db9419434a3a9dc695cbcca773c7377fa099,t10,18,low,0.6230582595,0.3769417405,high,4.427293301,0.08008673787
m3_discounted,42,3,57,c7b0ae9d845b01af28904a49c113db9419434a3a9dc695cbcca773c7377fa099,full,18,low,0.6230582595,0.3769417405,high,4.427293301,0.08008673787
m3_discounted,42,3,60,1bde13dd287e1e51682c574ddf4bc7a1b95d777f9e1d189232f7bf3f72b39469,t3,5,high,0.826614365,0.173385635,high,-0.3754518628,-0.05112468079
m3_discounted,42,3,60,1bde13dd287e1e51682c574ddf4bc7a1b95d777f9e1d189232f7bf3f72b39469,t5,9,high,0.8198587447,0.1801412553,high,-0.4223300219,-0.07583489269
m3_discounted,42,3,60,1bde13dd287e1e51682c574ddf4bc7a1b95d777f9e1d189232f7bf3f72b39469,t10,19,high,0.7588363886,0.2411636114,high,0.3844349384,-0.06957638264
m3_discounted,42,3,60,1bde13dd287e1e51682c574ddf4bc7a1b95d777f9e1d189232f7bf3f72b39469,t20,39,high,0.6951894164,0.3048105836,high,2.659354687,-0.168569535
m3_discounted,42,3,60,1bde13dd287e1e51682c574ddf4bc7a1b95d777f9e1d189232f7bf3f72b39469,full,93,high,0.6714525223,0.3285474777,high,9.608325958,-0.2470141351
m3_discounted,42,3,64,d6e67deba46d308b643a1107909d71a35621984b374efe6ed5b28181298c665a,t3,4,high,0.7125572562,0.2874427438,high,1.111631751,-0.03222614154
m3_discounted,42,3,64,d6e67deba46d308b643a1107909d71a35621984b374efe6ed5b28181298c665a,t5,8,high,0.6948111951,0.3051888049,high,1.858478785,-0.07134658843
m3_discounted,42,3,64,d6e67deba46d308b643a1107909d71a35621984b374efe6ed5b28181298c665a,t10,18,high,0.667124629,0.332875371,high,3.675759792,-0.05714290962
m3_discounted,42,3,64,d6e67deba46d308b643a1107909d71a35621984b374efe6ed5b28181298c665a,t20,38,high,0.7461870015,0.2538129985,high,4.954173565,-0.1476018727
m3_discounted,42,3,64,d6e67deba46d308b643a1107909d71a35621984b374efe6ed5b28181298c665a,full,260,high,0.7410288751,0.2589711249,high,11.33078003,-0.7344647646
m3_discounted,42,3,72,8a19d0092e222e0168b0240040c7abec5af97377d5f1b3c74d02604cebab64d6,t3,4,low,0.8280441016,0.1719558984,high,-0.3383576572,0.002419465221
m3_discounted,42,3,72,8a19d0092e222e0168b0240040c7abec5af97377d5f1b3c74d02604cebab64d6,t5,8,low,0.8102829903,0.1897170097,high,-0.2261606455,0.0005246957298
m3_discounted,42,3,72,8a19d0092e222e0168b0240040c7abec5af97377d5f1b3c74d02604cebab64d6,t10,18,low,0.8069414645,0.1930585355,high,-0.6540469527,0.01601646468
m3_discounted,42,3,72,8a19d0092e222e0168b0240040c7abec5af97377d5f1b3c74d02604cebab64d6,full,30,low,0.7363482714,0.2636517286,high,0.6664348841,-0.004988877103
m3_discounted,42,3,83,9ae9ab57ccb2a6caf3db84ad0a088385a92d25754e445de6f502929913bf21cd,t3,4,high,0.7042938471,0.2957061529,high,1.151614904,0.01006844454
m3_discounted,42,3,83,9ae9ab57ccb2a6caf3db84ad0a088385a92d25754e445de6f502929913bf21cd,t5,8,high,0.6818680465,0.3181319535,high,1.958438754,0.0008856644854
m3_discounted,42,3,83,9ae9ab57ccb2a6caf3db84ad0a088385a92d25754e445de6f502929913bf21cd,t10,18,high,0.6914149821,0.3085850179,high,3.199707747,0.04378884286
m3_discounted,42,3,83,9ae9ab57ccb2a6caf3db84ad0a088385a92d25754e445de6f502929913bf21cd,t20,38,high,0.6749598086,0.3250401914,high,6.150272369,0.02292413265
m3_discounted,42,3,83,9ae9ab57ccb2a6caf3db84ad0a088385a92d25754e445de6f502929913bf21cd,full,126,high,0.7759761065,0.2240238935,high,14.24894142,0.1335439235
m3_discounted,42,3,86,1eedaddcb6cc7541fe6072dba97705385a99667255dae60b62dce68c593bc746,t3,5,high,0.8685289621,0.1314710379,high,-1.196169734,-0.05167641491
m3_discounted,42,3,86,1eedaddcb6cc7541fe6072dba97705385a99667255dae60b62dce68c593bc746,t5,9,high,0.8788398802,0.1211601198,high,-1.915980101,-0.08215778321
m3_discounted,42,3,86,1eedaddcb6cc7541fe6072dba97705385a99667255dae60b62dce68c593bc746,t10,19,high,0.8717997372,0.1282002628,high,-3.011458635,-0.1646015793
m3_discounted,42,3,86,1eedaddcb6cc7541fe6072dba97705385a99667255dae60b62dce68c593bc746,t20,39,high,0.8868939653,0.1131060347,high,-5.852964401,-0.3354237676
m3_discounted,42,3,86,1eedaddcb6cc7541fe6072dba97705385a99667255dae60b62dce68c593bc746,full,39,high,0.8868939653,0.1131060347,high,-5.852964401,-0.3354237676
m3_discounted,42,3,95,3196e70c78ec00c569890feff5903b9fd6de1c082f2dcc65de331a676356154b,t3,4,high,0.8418235928,0.1581764072,high,-0.5329372883,-0.02519509196
m3_discounted,42,3,95,3196e70c78ec00c569890feff5903b9fd6de1c082f2dcc65de331a676356154b,t5,8,high,0.867380321,0.132619679,high,-1.306699753,-0.06349278241
m3_discounted,42,3,95,3196e70c78ec00c569890feff5903b9fd6de1c082f2dcc65de331a676356154b,t10,18,high,0.8848445639,0.1151554361,high,-2.84951973,-0.1220200583
m3_discounted,42,3,95,3196e70c78ec00c569890feff5903b9fd6de1c082f2dcc65de331a676356154b,full,34,high,0.80125238,0.19874762,high,-2.629933119,-0.114453204
m3_discounted,42,3,99,ead3029c1627ceed0bb1941b02d180790ac40d9339381ab591d89b54e95afa5d,t3,4,high,0.6948092282,0.3051907718,high,1.218549371,0.05635742098
m3_discounted,42,3,99,ead3029c1627ceed0bb1941b02d180790ac40d9339381ab591d89b54e95afa5d,t5,8,high,0.6834227145,0.3165772855,high,1.951428056,0.05261080712
m3_discounted,42,3,99,ead3029c1627ceed0bb1941b02d180790ac40d9339381ab591d89b54e95afa5d,t10,18,high,0.7121446729,0.2878553271,high,2.604468584,0.1037506089
m3_discounted,42,3,99,ead3029c1627ceed0bb1941b02d180790ac40d9339381ab591d89b54e95afa5d,full,32,high,0.6892595589,0.3107404411,high,4.231099129,0.1609962285
m3_discounted,42,3,105,cbe435389c7fde7dbf7f3f0b08fa24b91bd68569ba4a59eda4fcca3b686eaf60,t3,4,high,0.7649273127,0.2350726873,high,0.4089397788,0.02061599679
m3_discounted,42,3,105,cbe435389c7fde7dbf7f3f0b08fa24b91bd68569ba4a59eda4fcca3b686eaf60,t5,8,high,0.8069187701,0.1930812299,high,0.00880112499,0.02105837502
m3_discounted,42,3,105,cbe435389c7fde7dbf7f3f0b08fa24b91bd68569ba4a59eda4fcca3b686eaf60,t10,18,high,0.8288968503,0.1711031497,high,-0.5287599564,-0.01188898087
m3_discounted,42,3,105,cbe435389c7fde7dbf7f3f0b08fa24b91bd68569ba4a59eda4fcca3b686eaf60,t20,38,high,0.7933525294,0.2066474706,high,-1.103606105,-0.05133330822
m3_discounted,42,3,105,cbe435389c7fde7dbf7f3f0b08fa24b91bd68569ba4a59eda4fcca3b686eaf60,full,48,high,0.8015437573,0.1984562427,high,-1.350936532,-0.09755694866
m3_discounted,42,3,110,7664ea81b7e714b0d5433004c1fca3512bd7bdabfbe3dd63273d79180fe6d6fa,t3,4,high,0.7596359849,0.2403640151,high,0.4898292124,-0.01066600531
m3_discounted,42,3,110,7664ea81b7e714b0d5433004c1fca3512bd7bdabfbe3dd63273d79180fe6d6fa,t5,8,high,0.7689099163,0.2310900837,high,0.5590088367,-0.011560563
m3_discounted,42,3,110,7664ea81b7e714b0d5433004c1fca3512bd7bdabfbe3dd63273d79180fe6d6fa,t10,18,high,0.8483002335,0.1516997665,high,-0.8372987509,-0.01500948705
m3_discounted,42,3,110,7664ea81b7e714b0d5433004c1fca3512bd7bdabfbe3dd63273d79180fe6d6fa,t20,38,high,0.8333933055,0.1666066945,high,-1.206539273,-0.009648479521
m3_discounted,42,3,110,7664ea81b7e714b0d5433004c1fca3512bd7bdabfbe3dd63273d79180fe6d6fa,full,100,high,0.8334855735,0.1665144265,high,-3.048956394,-0.4500309229
m3_discounted,42,3,114,8def61f50369c2308d6acc3ec8575794a2970d0f6375eaa51ca8e7e37abccdfd,t3,4,high,0.8107367456,0.1892632544,high,-0.1433138102,0.01173477527
m3_discounted,42,3,114,8def61f50369c2308d6acc3ec8575794a2970d0f6375eaa51ca8e7e37abccdfd,t5,8,high,0.7872180343,0.2127819657,high,0.06180742383,0.04829135165
m3_discounted,42,3,114,8def61f50369c2308d6acc3ec8575794a2970d0f6375eaa51ca8e7e37abccdfd,t10,18,high,0.7552877963,0.2447122037,high,0.6307502985,0.1427644342
m3_discounted,42,3,114,8def61f50369c2308d6acc3ec8575794a2970d0f6375eaa51ca8e7e37abccdfd,full,22,high,0.7684843391,0.2315156609,high,0.6125538349,0.176389873
m3_discounted,42,3,117,b2f1766eb28ea153bd66a13147bee8bb6a783a480a2a5415efd24621d784865e,t3,4,high,0.8159983754,0.1840016246,high,-0.269585073,0.04682324454
m3_discounted,42,3,117,b2f1766eb28ea153bd66a13147bee8bb6a783a480a2a5415efd24621d784865e,t5,8,high,0.8297366202,0.1702633798,high,-0.5988382101,0.008705958724
m3_discounted,42,3,117,b2f1766eb28ea153bd66a13147bee8bb6a783a480a2a5415efd24621d784865e,t10,18,high,0.8269741982,0.1730258018,high,-1.134391189,-0.03032211028
m3_discounted,42,3,117,b2f1766eb28ea153bd66a13147bee8bb6a783a480a2a5415efd24621d784865e,t20,38,high,0.8396277726,0.1603722274,high,-1.938329816,-0.1459240913
m3_discounted,42,3,117,b2f1766eb28ea153bd66a13147bee8bb6a783a480a2a5415efd24621d784865e,full,92,high,0.8291536719,0.1708463281,high,-5.043123245,-0.4006648958
m3_discounted,42,3,125,274c2b3cb88d91281fac0ca18e5fa0decdb86ce5b51d6bb1e988f442e09ee829,t3,5,high,0.8486660421,0.1513339579,high,-0.8338886499,-0.03891996667
m3_discounted,42,3,125,274c2b3cb88d91281fac0ca18e5fa0decdb86ce5b51d6bb1e988f442e09ee829,full,5,high,0.8486660421,0.1513339579,high,-0.8338886499,-0.03891996667
m3_discounted,42,3,128,6f2a5802d3ab371a696939846b2162129bfa30f9a0e371d8fe476564da770b8b,t3,5,high,0.7118523121,0.2881476879,high,1.073195696,0.05211895704
m3_discounted,42,3,128,6f2a5802d3ab371a696939846b2162129bfa30f9a0e371d8fe476564da770b8b,t5,9,high,0.7028659284,0.2971340716,high,1.634102702,0.04659735411
m3_discounted,42,3,128,6f2a5802d3ab371a696939846b2162129bfa30f9a0e371d8fe476564da770b8b,t10,19,high,0.7498806119,0.2501193881,high,2.517760754,0.06011708081
m3_discounted,42,3,128,6f2a5802d3ab371a696939846b2162129bfa30f9a0e371d8fe476564da770b8b,full,33,high,0.6836715043,0.3163284957,high,4.759453773,0.1175854728
m3_discounted,42,3,130,957962b55a53a08db5f378e511817642230cbd4d6d1cf4d43dd6a4b63131ccc1,t3,5,low,0.7480176389,0.2519823611,high,0.5907422304,0.0367318131
m3_discounted,42,3,130,957962b55a53a08db5f378e511817642230cbd4d6d1cf4d43dd6a4b63131ccc1,t5,9,low,0.7670815587,0.2329184413,high,0.5484093428,0.06733375043
m3_discounted,42,3,130,957962b55a53a08db5f378e511817642230cbd4d6d1cf4d43dd6a4b63131ccc1,t10,19,low,0.7774131596,0.2225868404,high,0.8350413442,0.1237741858
m3_discounted,42,3,130,957962b55a53a08db5f378e511817642230cbd4d6d1cf4d43dd6a4b63131ccc1,full,21,low,0.750653103,0.249346897,high,1.273863077,0.1043933257
m3_discounted,42,3,133,0db9538e9215952f48324bd5b01c66c9eb8ea9adc87245da9db1df8c42a6ab8c,t3,4,high,0.7201406658,0.2798593342,high,1.005620241,-0.0003257938661
m3_discounted,42,3,133,0db9538e9215952f48324bd5b01c66c9eb8ea9adc87245da9db1df8c42a6ab8c,t5,8,high,0.7566579133,0.2433420867,high,1.013163447,-0.03585391492
m3_discounted,42,3,133,0db9538e9215952f48324bd5b01c66c9eb8ea9adc87245da9db1df8c42a6ab8c,t10,18,high,0.7893469781,0.2106530219,high,0.8812610507,-0.07683461905
m3_discounted,42,3,133,0db9538e9215952f48324bd5b01c66c9eb8ea9adc87245da9db1df8c42a6ab8c,t20,38,high,0.7289353907,0.2710646093,high,2.812138557,-0.07127641141
m3_discounted,42,3,133,0db9538e9215952f48324bd5b01c66c9eb8ea9adc87245da9db1df8c42a6ab8c,full,380,high,0.766962707,0.233037293,high,23.35671425,-0.9089066386
m3_discounted,101,3,7,7fe3d6029ec1e666f41b728458a973e8e2e6924c09046427a23859dcc7b3d75a,t3,4,high,0.702483654,0.297516346,high,1.214141607,-0.0191270411
m3_discounted,101,3,7,7fe3d6029ec1e666f41b728458a973e8e2e6924c09046427a23859dcc7b3d75a,t5,8,high,0.6662597358,0.3337402642,high,2.193148375,-0.0303645283
m3_discounted,101,3,7,7fe3d6029ec1e666f41b728458a973e8e2e6924c09046427a23859dcc7b3d75a,t10,18,high,0.6138886213,0.3861113787,high,4.655074596,-0.0574564524
m3_discounted,101,3,7,7fe3d6029ec1e666f41b728458a973e8e2e6924c09046427a23859dcc7b3d75a,t20,38,high,0.5847170055,0.4152829945,high,9.58664608,-0.07942117006
m3_discounted,101,3,7,7fe3d6029ec1e666f41b728458a973e8e2e6924c09046427a23859dcc7b3d75a,full,64,high,0.5795439184,0.4204560816,high,15.9772768,-0.0867106542
m3_discounted,101,3,16,9ae9ab57ccb2a6caf3db84ad0a088385a92d25754e445de6f502929913bf21cd,t3,4,high,0.7038571239,0.2961428761,high,1.181619167,-0.01035689376
m3_discounted,101,3,16,9ae9ab57ccb2a6caf3db84ad0a088385a92d25754e445de6f502929913bf21cd,t5,8,high,0.6700670123,0.3299329877,high,2.137942314,-0.03376229107
m3_discounted,101,3,16,9ae9ab57ccb2a6caf3db84ad0a088385a92d25754e445de6f502929913bf21cd,t10,18,high,0.6160673797,0.3839326203,high,4.580774307,-0.06112451106
m3_discounted,101,3,16,9ae9ab57ccb2a6caf3db84ad0a088385a92d25754e445de6f502929913bf21cd,full,22,high,0.6052715778,0.3947284222,high,5.558905125,-0.07290588319
m3_discounted,101,3,24,a4713e0a14bb0ef918e89ea267520b745394edf49df0b6e3b5925085b1fca54d,t3,4,high,0.7005884349,0.2994115651,high,1.222037673,-0.01057807077
m3_discounted,101,3,24,a4713e0a14bb0ef918e89ea267520b745394edf49df0b6e3b5925085b1fca54d,t5,8,high,0.6645937562,0.3354062438,high,2.203149796,-0.02354600281
m3_discounted,101,3,24,a4713e0a14bb0ef918e89ea267520b745394edf49df0b6e3b5925085b1fca54d,t10,18,high,0.6091541052,0.3908458948,high,4.669939995,0.002485625446
m3_discounted,101,3,24,a4713e0a14bb0ef918e89ea267520b745394edf49df0b6e3b5925085b1fca54d,full,20,high,0.603112787,0.396887213,high,5.159807682,0.008809007704
m3_discounted,101,3,31,c06b9cd1fff25ad6609a4acc440947729eaae556a777669d2c7b83c20f9f8885,t3,4,high,0.6975331604,0.3024668396,high,1.228173852,0.01313748769
m3_discounted,101,3,31,c06b9cd1fff25ad6609a4acc440947729eaae556a777669d2c7b83c20f9f8885,t5,8,high,0.6622248888,0.3377751112,high,2.210300446,0.008372562006
m3_discounted,101,3,31,c06b9cd1fff25ad6609a4acc440947729eaae556a777669d2c7b83c20f9f8885,t10,18,high,0.6097769439,0.3902230561,high,4.673812866,0.005273728631
m3_discounted,101,3,31,c06b9cd1fff25ad6609a4acc440947729eaae556a777669d2c7b83c20f9f8885,t20,38,high,0.58329916,0.41670084,high,9.599304199,0.004978827201
m3_discounted,101,3,31,c06b9cd1fff25ad6609a4acc440947729eaae556a777669d2c7b83c20f9f8885,full,54,high,0.5807579756,0.4192420244,high,13.5240736,0.007976266555
m3_discounted,101,3,32,8def61f50369c2308d6acc3ec8575794a2970d0f6375eaa51ca8e7e37abccdfd,t3,4,low,0.6983590424,0.3016409576,high,1.225271463,0.01158722118
m3_discounted,101,3,32,8def61f50369c2308d6acc3ec8575794a2970d0f6375eaa51ca8e7e37abccdfd,t5,8,low,0.66054371,0.33945629,high,2.214336395,0.02131943405
m3_discounted,101,3,32,8def61f50369c2308d6acc3ec8575794a2970d0f6375eaa51ca8e7e37abccdfd,full,10,low,0.6459783316,0.3540216684,high,2.704584837,0.03092458844
m3_discounted,101,3,33,f76617e906c5e2b96661cf362ca553b76fbb23756e161cf3e0bc86585f03b1a8,t3,4,high,0.7015369833,0.2984630167,high,1.186344624,0.009718634188
m3_discounted,101,3,33,f76617e906c5e2b96661cf362ca553b76fbb23756e161cf3e0bc86585f03b1a8,t5,8,high,0.6672675014,0.3327324986,high,2.157080412,-0.01368676312
m3_discounted,101,3,33,f76617e906c5e2b96661cf362ca553b76fbb23756e161cf3e0bc86585f03b1a8,t10,18,high,0.6128438711,0.3871561289,high,4.616980553,-0.02617781609
m3_discounted,101,3,33,f76617e906c5e2b96661cf362ca553b76fbb23756e161cf3e0bc86585f03b1a8,t20,38,high,0.5878730416,0.4121269584,high,9.538045883,-0.1264444292
m3_discounted,101,3,33,f76617e906c5e2b96661cf362ca553b76fbb23756e161cf3e0bc86585f03b1a8,full,76,high,0.5819616318,0.4180383682,high,18.88806915,-0.2882446945
m3_discounted,101,3,35,9365283497184f82bb514f2ae669c6ec302a1cd4c49f1b9426e48aca0e39eedc,t3,4,high,0.7020278871,0.2979721129,high,1.214583397,-0.02050334215
m3_discounted,101,3,35,9365283497184f82bb514f2ae669c6ec302a1cd4c49f1b9426e48aca0e39eedc,t5,8,high,0.6683031917,0.3316968083,high,2.190223217,-0.0553304106
m3_discounted,101,3,35,9365283497184f82bb514f2ae669c6ec302a1cd4c49f1b9426e48aca0e39eedc,t10,18,high,0.6159403026,0.3840596974,high,4.641064644,-0.09003069997
m3_discounted,101,3,35,9365283497184f82bb514f2ae669c6ec302a1cd4c49f1b9426e48aca0e39eedc,full,34,high,0.5919218361,0.4080781639,high,8.555651665,-0.1765717417
m3_discounted,101,3,37,9ae9ab57ccb2a6caf3db84ad0a088385a92d25754e445de6f502929913bf21cd,t3,4,high,0.7000774145,0.2999225855,high,1.218197107,-0.005812372081
m3_discounted,101,3,37,9ae9ab57ccb2a6caf3db84ad0a088385a92d25754e445de6f502929913bf21cd,t5,8,high,0.6660374403,0.3339625597,high,2.193952799,-0.02945378609
m3_discounted,101,3,37,9ae9ab57ccb2a6caf3db84ad0a088385a92d25754e445de6f502929913bf21cd,t10,18,high,0.6148391366,0.3851608634,high,4.650128841,-0.07005429268
m3_discounted,101,3,37,9ae9ab57ccb2a6caf3db84ad0a088385a92d25754e445de6f502929913bf21cd,t20,38,high,0.5850355029,0.4149644971,high,9.574162483,-0.1091282442
m3_discounted,101,3,37,9ae9ab57ccb2a6caf3db84ad0a088385a92d25754e445de6f502929913bf21cd,full,40,high,0.5849103332,0.4150896668,high,10.06638813,-0.1208309382
m3_discounted,101,3,42,c6f859e97a85d2be55de346ee03396c3284ef33ad2a850cbf47dcf6a86c54f6c,t3,5,high,0.6928545535,0.3071454465,high,1.473785043,-0.04763765261
m3_discounted,101,3,42,c6f859e97a85d2be55de346ee03396c3284ef33ad2a850cbf47dcf6a86c54f6c,t5,9,high,0.6609433293,0.3390566707,high,2.457983971,-0.08203159273
m3_discounted,101,3,42,c6f859e97a85d2be55de346ee03396c3284ef33ad2a850cbf47dcf6a86c54f6c,full,13,high,0.6361647844,0.3638352156,high,3.438374281,-0.09398666024
m3_discounted,101,3,48,c6f859e97a85d2be55de346ee03396c3284ef33ad2a850cbf47dcf6a86c54f6c,t3,5,high,0.6933259964,0.3066740036,high,1.455781937,-0.0351080969
m3_discounted,101,3,48,c6f859e97a85d2be55de346ee03396c3284ef33ad2a850cbf47dcf6a86c54f6c,t5,9,high,0.6607628465,0.3392371535,high,2.433595419,-0.05794595927
m3_discounted,101,3,48,c6f859e97a85d2be55de346ee03396c3284ef33ad2a850cbf47dcf6a86c54f6c,t10,19,high,0.6149632037,0.3850367963,high,4.881108761,-0.1198831275
m3_discounted,101,3,48,c6f859e97a85d2be55de346ee03396c3284ef33ad2a850cbf47dcf6a86c54f6c,full,27,high,0.5967069268,0.4032930732,high,6.850675583,-0.1563198268
m3_discounted,101,3,52,5f94f96b5558bc44bec41fbfff63a95635edebf6436cf0d7b71bc93bc7e01771,t3,4,high,0.7009807825,0.2990192175,high,1.224694848,-0.01475923322
m3_discounted,101,3,52,5f94f96b5558bc44bec41fbfff63a95635edebf6436cf0d7b71bc93bc7e01771,t5,8,high,0.6625438333,0.3374561667,high,2.209813356,-0.004475058522
m3_discounted,101,3,52,5f94f96b5558bc44bec41fbfff63a95635edebf6436cf0d7b71bc93bc7e01771,t10,18,high,0.6102802753,0.3897197247,high,4.673465252,0.01055021025
m3_discounted,101,3,52,5f94f96b5558bc44bec41fbfff63a95635edebf6436cf0d7b71bc93bc7e01771,full,28,high,0.5914842784,0.4085157216,high,7.139966011,-0.01751623675
m3_discounted,101,3,56,994bc72760dcfe7fa4dcb4204fd49276c86f3b5d7563bd03968bb98375e50059,t3,4,high,0.6983827055,0.3016172945,high,1.224493504,0.01122783497
m3_discounted,101,3,56,994bc72760dcfe7fa4dcb4204fd49276c86f3b5d7563bd03968bb98375e50059,t5,8,high,0.665186286,0.334813714,high,2.200113535,-0.01428042725
m3_discounted,101,3,56,994bc72760dcfe7fa4dcb4204fd49276c86f3b5d7563bd03968bb98375e50059,t10,18,high,0.6189416647,0.3810583353,high,4.643655777,-0.0989985317
m3_discounted,101,3,56,994bc72760dcfe7fa4dcb4204fd49276c86f3b5d7563bd03968bb98375e50059,t20,38,high,0.5876678824,0.4123321176,high,9.554128647,-0.187083602
m3_discounted,101,3,56,994bc72760dcfe7fa4dcb4204fd49276c86f3b5d7563bd03968bb98375e50059,full,174,high,0.5838466883,0.4161533117,high,42.97692108,-0.6642025113
m3_discounted,101,3,57,c7b0ae9d845b01af28904a49c113db9419434a3a9dc695cbcca773c7377fa099,t3,4,low,0.6977334917,0.3022665083,high,1.221407056,0.01877044141
m3_discounted,101,3,57,c7b0ae9d845b01af28904a49c113db9419434a3a9dc695cbcca773c7377fa099,t5,8,low,0.6614221931,0.3385778069,high,2.199879408,0.02477014437
m3_discounted,101,3,57,c7b0ae9d845b01af28904a49c113db9419434a3a9dc695cbcca773c7377fa099,t10,18,low,0.6115137339,0.3884862661,high,4.63801527,0.04018010944
m3_discounted,101,3,57,c7b0ae9d845b01af28904a49c113db9419434a3a9dc695cbcca773c7377fa099,full,18,low,0.6115137339,0.3884862661,high,4.63801527,0.04018010944
m3_discounted,101,3,60,1bde13dd287e1e51682c574ddf4bc7a1b95d777f9e1d189232f7bf3f72b39469,t3,5,high,0.6944577992,0.3055422008,high,1.447363734,-0.03903891891
m3_discounted,101,3,60,1bde13dd287e1e51682c574ddf4bc7a1b95d777f9e1d189232f7bf3f72b39469,t5,9,high,0.6630579233,0.3369420767,high,2.420722246,-0.07475157082
m3_discounted,101,3,60,1bde13dd287e1e51682c574ddf4bc7a1b95d777f9e1d189232f7bf3f72b39469,t10,19,high,0.6096417904,0.3903582096,high,4.894095898,-0.07704431564
m3_discounted,101,3,60,1bde13dd287e1e51682c574ddf4bc7a1b95d777f9e1d189232f7bf3f72b39469,t20,39,high,0.5836699307,0.4163300693,high,9.83654213,-0.1321666688
m3_discounted,101,3,60,1bde13dd287e1e51682c574ddf4bc7a1b95d777f9e1d189232f7bf3f72b39469,full,93,high,0.5808594525,0.4191405475,high,23.14362526,-0.2323284447
m3_discounted,101,3,64,d6e67deba46d308b643a1107909d71a35621984b374efe6ed5b28181298c665a,t3,4,high,0.7043570578,0.2956429422,high,1.20240736,-0.03344991058
m3_discounted,101,3,64,d6e67deba46d308b643a1107909d71a35621984b374efe6ed5b28181298c665a,t5,8,high,0.6689926684,0.3310073316,high,2.17454648,-0.05694973096
m3_discounted,101,3,64,d6e67deba46d308b643a1107909d71a35621984b374efe6ed5b28181298c665a,t10,18,high,0.6138778329,0.3861221671,high,4.630315781,-0.06485389173
m3_discounted,101,3,64,d6e67deba46d308b643a1107909d71a35621984b374efe6ed5b28181298c665a,t20,38,high,0.5884474814,0.4115525186,high,9.521021843,-0.1610781997
m3_discounted,101,3,64,d6e67deba46d308b643a1107909d71a35621984b374efe6ed5b28181298c665a,full,260,high,0.57874614,0.42125386,high,64.09105682,-1.003551126
m3_discounted,101,3,72,8a19d0092e222e0168b0240040c7abec5af97377d5f1b3c74d02604cebab64d6,t3,4,low,0.6988783479,0.3011216521,high,1.229778647,0.001360895578
m3_discounted,101,3,72,8a19d0092e222e0168b0240040c7abec5af97377d5f1b3c74d02604cebab64d6,t5,8,low,0.6634176075,0.3365823925,high,2.219526291,-0.01613455452
m3_discounted,101,3,72,8a19d0092e222e0168b0240040c7abec5af97377d5f1b3c74d02604cebab64d6,t10,18,low,0.6101886332,0.3898113668,high,4.689855576,-0.025770735
m3_discounted,101,3,72,8a19d0092e222e0168b0240040c7abec5af97377d5f1b3c74d02604cebab64d6,full,30,low,0.5905466378,0.4094533622,high,7.642144203,-0.05616258085
m3_discounted,101,3,83,9ae9ab57ccb2a6caf3db84ad0a088385a92d25754e445de6f502929913bf21cd,t3,4,high,0.6999103427,0.3000896573,high,1.224354506,-0.01025172975
m3_discounted,101,3,83,9ae9ab57ccb2a6caf3db84ad0a088385a92d25754e445de6f502929913bf21cd,t5,8,high,0.664608866,0.335391134,high,2.206439734,-0.02704717591
m3_discounted,101,3,83,9ae9ab57ccb2a6caf3db84ad0a088385a92d25754e445de6f502929913bf21cd,t10,18,high,0.6124979556,0.3875020444,high,4.66425705,-0.04101821035
m3_discounted,101,3,83,9ae9ab57ccb2a6caf3db84ad0a088385a92d25754e445de6f502929913bf21cd,t20,38,high,0.5842490792,0.4157509208,high,9.587338448,-0.09357687086
m3_discounted,101,3,83,9ae9ab57ccb2a6caf3db84ad0a088385a92d25754e445de6f502929913bf21cd,full,126,high,0.5793153644,0.4206846356,high,31.25971985,-0.2344495058
m3_discounted,101,3,86,1eedaddcb6cc7541fe6072dba97705385a99667255dae60b62dce68c593bc746,t3,5,high,0.6956623793,0.3043376207,high,1.448921204,-0.05478612334
m3_discounted,101,3,86,1eedaddcb6cc7541fe6072dba97705385a99667255dae60b62dce68c593bc746,t5,9,high,0.6636246443,0.3363753557,high,2.423947811,-0.09005174041
m3_discounted,101,3,86,1eedaddcb6cc7541fe6072dba97705385a99667255dae60b62dce68c593bc746,t10,19,high,0.6188494861,0.3811505139,high,4.857651711,-0.1771730334
m3_discounted,101,3,86,1eedaddcb6cc7541fe6072dba97705385a99667255dae60b62dce68c593bc746,t20,39,high,0.5926239491,0.4073760509,high,9.744781494,-0.3415282369
m3_discounted,101,3,86,1eedaddcb6cc7541fe6072dba97705385a99667255dae60b62dce68c593bc746,full,39,high,0.5926239491,0.4073760509,high,9.744781494,-0.3415282369
m3_discounted,101,3,95,3196e70c78ec00c569890feff5903b9fd6de1c082f2dcc65de331a676356154b,t3,4,high,0.7042415142,0.2957584858,high,1.210051417,-0.03547023237
m3_discounted,101,3,95,3196e70c78ec00c569890feff5903b9fd6de1c082f2dcc65de331a676356154b,t5,8,high,0.6695513427,0.3304486573,high,2.187942505,-0.07125355303
m3_discounted,101,3,95,3196e70c78ec00c569890feff5903b9fd6de1c082f2dcc65de331a676356154b,t10,18,high,0.6200808287,0.3799191713,high,4.630260468,-0.1500391215
m3_discounted,101,3,95,3196e70c78ec00c569890feff5903b9fd6de1c082f2dcc65de331a676356154b,full,34,high,0.5888354778,0.4111645222,high,8.571791649,-0.1858380139
m3_discounted,101,3,99,ead3029c1627ceed0bb1941b02d180790ac40d9339381ab591d89b54e95afa5d,t3,4,high,0.6999471486,0.3000528514,high,1.200146675,0.01706157811
m3_discounted,101,3,99,ead3029c1627ceed0bb1941b02d180790ac40d9339381ab591d89b54e95afa5d,t5,8,high,0.664228797,0.335771203,high,2.175770044,0.0147715481
m3_discounted,101,3,99,ead3029c1627ceed0bb1941b02d180790ac40d9339381ab591d89b54e95afa5d,t10,18,high,0.6098627448,0.3901372552,high,4.635884762,0.02815086395
m3_discounted,101,3,99,ead3029c1627ceed0bb1941b02d180790ac40d9339381ab591d89b54e95afa5d,full,32,high,0.5861160159,0.4138839841,high,8.074595451,0.03333614022
m3_discounted,101,3,105,cbe435389c7fde7dbf7f3f0b08fa24b91bd68569ba4a59eda4fcca3b686eaf60,t3,4,high,0.7019048929,0.2980951071,high,1.207018852,-0.006806740537
m3_discounted,101,3,105,cbe435389c7fde7dbf7f3f0b08fa24b91bd68569ba4a59eda4fcca3b686eaf60,t5,8,high,0.6657183766,0.3342816234,high,2.183634758,-0.01420754008
m3_discounted,101,3,105,cbe435389c7fde7dbf7f3f0b08fa24b91bd68569ba4a59eda4fcca3b686eaf60,t10,18,high,0.6152818799,0.3847181201,high,4.63272953,-0.04412515461
m3_discounted,101,3,105,cbe435389c7fde7dbf7f3f0b08fa24b91bd68569ba4a59eda4fcca3b686eaf60,t20,38,high,0.5850434005,0.4149565995,high,9.543388367,-0.125757277
m3_discounted,101,3,105,cbe435389c7fde7dbf7f3f0b08fa24b91bd68569ba4a59eda4fcca3b686eaf60,full,48,high,0.5823451579,0.4176548421,high,12.00306416,-0.149464637
m3_discounted,101,3,110,7664ea81b7e714b0d5433004c1fca3512bd7bdabfbe3dd63273d79180fe6d6fa,t3,4,high,0.7012941539,0.2987058461,high,1.227477312,-0.0266241692
m3_discounted,101,3,110,7664ea81b7e714b0d5433004c1fca3512bd7bdabfbe3dd63273d79180fe6d6fa,t5,8,high,0.6649951935,0.3350048065,high,2.204043388,-0.03459469974
m3_discounted,101,3,110,7664ea81b7e714b0d5433004c1fca3512bd7bdabfbe3dd63273d79180fe6d6fa,t10,18,high,0.6158339083,0.3841660917,high,4.643357277,-0.0714474991
m3_discounted,101,3,110,7664ea81b7e714b0d5433004c1fca3512bd7bdabfbe3dd63273d79180fe6d6fa,t20,38,high,0.5876582265,0.4123417735,high,9.547881126,-0.1345719397
m3_discounted,101,3,110,7664ea81b7e714b0d5433004c1fca3512bd7bdabfbe3dd63273d79180fe6d6fa,full,100,high,0.5884028375,0.4115971625,high,24.667593,-0.457318902
m3_discounted,101,3,114,8def61f50369c2308d6acc3ec8575794a2970d0f6375eaa51ca8e7e37abccdfd,t3,4,high,0.7005385458,0.2994614542,high,1.221768737,-0.00704018632
m3_discounted,101,3,114,8def61f50369c2308d6acc3ec8575794a2970d0f6375eaa51ca8e7e37abccdfd,t5,8,high,0.6627108157,0.3372891843,high,2.210686922,-0.004471493885
m3_discounted,101,3,114,8def61f50369c2308d6acc3ec8575794a2970d0f6375eaa51ca8e7e37abccdfd,t10,18,high,0.6083893776,0.3916106224,high,4.683112144,0.0178531073
m3_discounted,101,3,114,8def61f50369c2308d6acc3ec8575794a2970d0f6375eaa51ca8e7e37abccdfd,full,22,high,0.5971965492,0.4028034508,high,5.665277481,0.03169398382
m3_discounted,101,3,117,b2f1766eb28ea153bd66a13147bee8bb6a783a480a2a5415efd24621d784865e,t3,4,high,0.7002654374,0.2997345626,high,1.216078997,-0.002582138404
m3_discounted,101,3,117,b2f1766eb28ea153bd66a13147bee8bb6a783a480a2a5415efd24621d784865e,t5,8,high,0.6667184532,0.3332815468,high,2.184842825,-0.02575111762
m3_discounted,101,3,117,b2f1766eb28ea153bd66a13147bee8bb6a783a480a2a5415efd24621d784865e,t10,18,high,0.6155214608,0.3844785392,high,4.64018631,-0.0733647272
m3_discounted,101,3,117,b2f1766eb28ea153bd66a13147bee8bb6a783a480a2a5415efd24621d784865e,t20,38,high,0.5888700485,0.4111299515,high,9.534636497,-0.1716354042
m3_discounted,101,3,117,b2f1766eb28ea153bd66a13147bee8bb6a783a480a2a5415efd24621d784865e,full,92,high,0.5838982761,0.4161017239,high,22.8170433,-0.4156226516
m3_discounted,101,3,125,274c2b3cb88d91281fac0ca18e5fa0decdb86ce5b51d6bb1e988f442e09ee829,t3,5,high,0.6926603615,0.3073396385,high,1.474572778,-0.04493654147
m3_discounted,101,3,125,274c2b3cb88d91281fac0ca18e5fa0decdb86ce5b51d6bb1e988f442e09ee829,full,5,high,0.6926603615,0.3073396385,high,1.474572778,-0.04493654147
m3_discounted,101,3,128,6f2a5802d3ab371a696939846b2162129bfa30f9a0e371d8fe476564da770b8b,t3,5,high,0.6859178245,0.3140821755,high,1.48141408,0.02105837688
m3_discounted,101,3,128,6f2a5802d3ab371a696939846b2162129bfa30f9a0e371d8fe476564da770b8b,t5,9,high,0.6530061662,0.3469938338,high,2.469132662,0.01932305284
m3_discounted,101,3,128,6f2a5802d3ab371a696939846b2162129bfa30f9a0e371d8fe476564da770b8b,t10,19,high,0.6083945036,0.3916054964,high,4.933506966,0.002237036824
m3_discounted,101,3,128,6f2a5802d3ab371a696939846b2162129bfa30f9a0e371d8fe476564da770b8b,full,33,high,0.585578084,0.414421916,high,8.375977516,0.004136229865
m3_discounted,101,3,130,957962b55a53a08db5f378e511817642230cbd4d6d1cf4d43dd6a4b63131ccc1,t3,5,low,0.6865161657,0.3134838343,high,1.480837226,0.01982342079
m3_discounted,101,3,130,957962b55a53a08db5f378e511817642230cbd4d6d1cf4d43dd6a4b63131ccc1,t5,9,low,0.652597785,0.347402215,high,2.467658758,0.02985447086
m3_discounted,101,3,130,957962b55a53a08db5f378e511817642230cbd4d6d1cf4d43dd6a4b63131ccc1,t10,19,low,0.605690062,0.394309938,high,4.927728653,0.04319442064
m3_discounted,101,3,130,957962b55a53a08db5f378e511817642230cbd4d6d1cf4d43dd6a4b63131ccc1,full,21,low,0.6019679308,0.3980320692,high,5.419257641,0.03149172291
m3_discounted,101,3,133,0db9538e9215952f48324bd5b01c66c9eb8ea9adc87245da9db1df8c42a6ab8c,t3,4,high,0.7001509368,0.2998490632,high,1.231057405,-0.01697301492
m3_discounted,101,3,133,0db9538e9215952f48324bd5b01c66c9eb8ea9adc87245da9db1df8c42a6ab8c,t5,8,high,0.6660298109,0.3339701891,high,2.213587523,-0.0458291918
m3_discounted,101,3,133,0db9538e9215952f48324bd5b01c66c9eb8ea9adc87245da9db1df8c42a6ab8c,t10,18,high,0.6151711941,0.3848288059,high,4.67478466,-0.1018844247
m3_discounted,101,3,133,0db9538e9215952f48324bd5b01c66c9eb8ea9adc87245da9db1df8c42a6ab8c,t20,38,high,0.5844677091,0.4155322909,high,9.606894493,-0.1619156003
m3_discounted,101,3,133,0db9538e9215952f48324bd5b01c66c9eb8ea9adc87245da9db1df8c42a6ab8c,full,380,high,0.5823729634,0.4176270366,high,93.76713562,-1.544567108
m3_discounted,314,3,7,7fe3d6029ec1e666f41b728458a973e8e2e6924c09046427a23859dcc7b3d75a,t3,4,high,0.7415866554,0.2584133446,high,0.727280736,-0.01891516522
m3_discounted,314,3,7,7fe3d6029ec1e666f41b728458a973e8e2e6924c09046427a23859dcc7b3d75a,t5,8,high,0.7394164503,0.2605835497,high,1.159172058,-0.01926839165
m3_discounted,314,3,7,7fe3d6029ec1e666f41b728458a973e8e2e6924c09046427a23859dcc7b3d75a,t10,18,high,0.763555035,0.236444965,high,1.948658228,-0.07423751801
m3_discounted,314,3,7,7fe3d6029ec1e666f41b728458a973e8e2e6924c09046427a23859dcc7b3d75a,t20,38,high,0.6724176109,0.3275823891,high,5.675868511,-0.1448993236
m3_discounted,314,3,7,7fe3d6029ec1e666f41b728458a973e8e2e6924c09046427a23859dcc7b3d75a,full,64,high,0.6795827746,0.3204172254,high,8.876031876,-0.2158810794
m3_discounted,314,3,16,9ae9ab57ccb2a6caf3db84ad0a088385a92d25754e445de6f502929913bf21cd,t3,4,high,0.8377094716,0.1622905284,high,-0.5763332248,-0.02651334554
m3_discounted,314,3,16,9ae9ab57ccb2a6caf3db84ad0a088385a92d25754e445de6f502929913bf21cd,t5,8,high,0.8466175497,0.1533824503,high,-0.9727846384,-0.05779920518
m3_discounted,314,3,16,9ae9ab57ccb2a6caf3db84ad0a088385a92d25754e445de6f502929913bf21cd,t10,18,high,0.8519905359,0.1480094641,high,-1.888963461,-0.1311970353
m3_discounted,314,3,16,9ae9ab57ccb2a6caf3db84ad0a088385a92d25754e445de6f502929913bf21cd,full,22,high,0.8711925149,0.1288074851,high,-2.652898312,-0.159267813
m3_discounted,314,3,24,a4713e0a14bb0ef918e89ea267520b745394edf49df0b6e3b5925085b1fca54d,t3,4,high,0.7582623214,0.2417376786,high,0.5450129509,-0.02536503784
m3_discounted,314,3,24,a4713e0a14bb0ef918e89ea267520b745394edf49df0b6e3b5925085b1fca54d,t5,8,high,0.7772127092,0.2227872908,high,0.4972459078,-0.04548920691
m3_discounted,314,3,24,a4713e0a14bb0ef918e89ea267520b745394edf49df0b6e3b5925085b1fca54d,t10,18,high,0.7725609541,0.2274390459,high,0.7642273903,-0.05429805443
m3_discounted,314,3,24,a4713e0a14bb0ef918e89ea267520b745394edf49df0b6e3b5925085b1fca54d,full,20,high,0.7417758405,0.2582241595,high,1.23160255,-0.04301885515
m3_discounted,314,3,31,c06b9cd1fff25ad6609a4acc440947729eaae556a777669d2c7b83c20f9f8885,t3,4,high,0.7046625912,0.2953374088,high,1.1334337,0.02695675567
m3_discounted,314,3,31,c06b9cd1fff25ad6609a4acc440947729eaae556a777669d2c7b83c20f9f8885,t5,8,high,0.6668682396,0.3331317604,high,2.081198454,0.04783740267
m3_discounted,314,3,31,c06b9cd1fff25ad6609a4acc440947729eaae556a777669d2c7b83c20f9f8885,t10,18,high,0.6566172242,0.3433827758,high,3.60021615,0.07134716958
m3_discounted,314,3,31,c06b9cd1fff25ad6609a4acc440947729eaae556a777669d2c7b83c20f9f8885,t20,38,high,0.6554513872,0.3445486128,high,7.497684956,0.142982319
m3_discounted,314,3,31,c06b9cd1fff25ad6609a4acc440947729eaae556a777669d2c7b83c20f9f8885,full,54,high,0.6468200088,0.3531799912,high,10.37962055,0.1876763701
m3_discounted,314,3,32,8def61f50369c2308d6acc3ec8575794a2970d0f6375eaa51ca8e7e37abccdfd,t3,4,low,0.6943849921,0.3056150079,high,1.231419086,0.0476314351
m3_discounted,314,3,32,8def61f50369c2308d6acc3ec8575794a2970d0f6375eaa51ca8e7e37abccdfd,t5,8,low,0.6913112402,0.3086887598,high,1.757304311,0.0771156922
m3_discounted,314,3,32,8def61f50369c2308d6acc3ec8575794a2970d0f6375eaa51ca8e7e37abccdfd,full,10,low,0.6693774462,0.3306225538,high,2.246237755,0.1019096524
m3_discounted,314,3,33,f76617e906c5e2b96661cf362ca553b76fbb23756e161cf3e0bc86585f03b1a8,t3,4,high,0.7118221521,0.2881778479,high,1.114839077,-0.02637693658
m3_discounted,314,3,33,f76617e906c5e2b96661cf362ca553b76fbb23756e161cf3e0bc86585f03b1a8,t5,8,high,0.7157568634,0.2842431366,high,1.626665473,-0.05653883889
m3_discounted,314,3,33,f76617e906c5e2b96661cf362ca553b76fbb23756e161cf3e0bc86585f03b1a8,t10,18,high,0.7170548737,0.2829451263,high,2.771465302,-0.08963487297
m3_discounted,314,3,33,f76617e906c5e2b96661cf362ca553b76fbb23756e161cf3e0bc86585f03b1a8,t20,38,high,0.713193357,0.286806643,high,5.273938656,-0.1996948421
m3_discounted,314,3,33,f76617e906c5e2b96661cf362ca553b76fbb23756e161cf3e0bc86585f03b1a8,full,76,high,0.733363986,0.266636014,high,10.25756741,-0.3720299006
m3_discounted,314,3,35,9365283497184f82bb514f2ae669c6ec302a1cd4c49f1b9426e48aca0e39eedc,t3,4,high,0.7547223121,0.2452776879,high,0.6788368821,-0.02431476116
m3_discounted,314,3,35,9365283497184f82bb514f2ae669c6ec302a1cd4c49f1b9426e48aca0e39eedc,t5,8,high,0.837458849,0.162541151,high,-0.3007057011,-0.03787768632
m3_discounted,314,3,35,9365283497184f82bb514f2ae669c6ec302a1cd4c49f1b9426e48aca0e39eedc,t10,18,high,0.894886516,0.105113484,high,-2.656518221,-0.04110702127
m3_discounted,314,3,35,9365283497184f82bb514f2ae669c6ec302a1cd4c49f1b9426e48aca0e39eedc,full,34,high,0.9053828046,0.09461719543,high,-5.665869713,-0.1065893546
m3_discounted,314,3,37,9ae9ab57ccb2a6caf3db84ad0a088385a92d25754e445de6f502929913bf21cd,t3,4,high,0.7449459732,0.2550540268,high,0.6939390898,-0.04152360186
m3_discounted,314,3,37,9ae9ab57ccb2a6caf3db84ad0a088385a92d25754e445de6f502929913bf21cd,t5,8,high,0.7383093834,0.2616906166,high,1.101333022,-0.06721611321
m3_discounted,314,3,37,9ae9ab57ccb2a6caf3db84ad0a088385a92d25754e445de6f502929913bf21cd,t10,18,high,0.7965781838,0.2034218162,high,0.815130949,-0.123399727
m3_discounted,314,3,37,9ae9ab57ccb2a6caf3db84ad0a088385a92d25754e445de6f502929913bf21cd,t20,38,high,0.8360657543,0.1639342457,high,0.2379876375,-0.2447392493
m3_discounted,314,3,37,9ae9ab57ccb2a6caf3db84ad0a088385a92d25754e445de6f502929913bf21cd,full,40,high,0.847764343,0.152235657,high,-0.07939291745,-0.2598201931
m3_discounted,314,3,42,c6f859e97a85d2be55de346ee03396c3284ef33ad2a850cbf47dcf6a86c54f6c,t3,5,high,0.8520651758,0.1479348242,high,-0.9231296182,-0.02319114655
m3_discounted,314,3,42,c6f859e97a85d2be55de346ee03396c3284ef33ad2a850cbf47dcf6a86c54f6c,t5,9,high,0.8666180223,0.1333819777,high,-1.591496587,-0.03944832087
m3_discounted,314,3,42,c6f859e97a85d2be55de346ee03396c3284ef33ad2a850cbf47dcf6a86c54f6c,full,13,high,0.8512375951,0.1487624049,high,-1.751193047,-0.05822594464
m3_discounted,314,3,48,c6f859e97a85d2be55de346ee03396c3284ef33ad2a850cbf47dcf6a86c54f6c,t3,5,high,0.8323945254,0.1676054746,high,-0.5276864767,-0.04852165282
m3_discounted,314,3,48,c6f859e97a85d2be55de346ee03396c3284ef33ad2a850cbf47dcf6a86c54f6c,t5,9,high,0.8112943769,0.1887056231,high,-0.3455463052,-0.0779273957
m3_discounted,314,3,48,c6f859e97a85d2be55de346ee03396c3284ef33ad2a850cbf47dcf6a86c54f6c,t10,19,high,0.8115247041,0.1884752959,high,-0.1531140357,-0.1415194869
m3_discounted,314,3,48,c6f859e97a85d2be55de346ee03396c3284ef33ad2a850cbf47dcf6a86c54f6c,full,27,high,0.806442216,0.193557784,high,0.008160322905,-0.1815573275
m3_discounted,314,3,52,5f94f96b5558bc44bec41fbfff63a95635edebf6436cf0d7b71bc93bc7e01771,t3,4,high,0.7460001111,0.2539998889,high,0.7279846668,-0.01879485697
m3_discounted,314,3,52,5f94f96b5558bc44bec41fbfff63a95635edebf6436cf0d7b71bc93bc7e01771,t5,8,high,0.7233854532,0.2766145468,high,1.269742489,-0.01547858305
m3_discounted,314,3,52,5f94f96b5558bc44bec41fbfff63a95635edebf6436cf0d7b71bc93bc7e01771,t10,18,high,0.6328043938,0.3671956062,high,3.703717947,0.01614532247
m3_discounted,314,3,52,5f94f96b5558bc44bec41fbfff63a95635edebf6436cf0d7b71bc93bc7e01771,full,28,high,0.6284995079,0.3715004921,high,5.661173344,0.03756136447
m3_discounted,314,3,56,994bc72760dcfe7fa4dcb4204fd49276c86f3b5d7563bd03968bb98375e50059,t3,4,high,0.7473380864,0.2526619136,high,0.7235127687,-0.008154745214
m3_discounted,314,3,56,994bc72760dcfe7fa4dcb4204fd49276c86f3b5d7563bd03968bb98375e50059,t5,8,high,0.804540813,0.195459187,high,0.274980247,-0.02726086043
m3_discounted,314,3,56,994bc72760dcfe7fa4dcb4204fd49276c86f3b5d7563bd03968bb98375e50059,t10,18,high,0.8431312293,0.1568687707,high,-0.6928172112,-0.06379188597
m3_discounted,314,3,56,994bc72760dcfe7fa4dcb4204fd49276c86f3b5d7563bd03968bb98375e50059,t20,38,high,0.7950770259,0.2049229741,high,-0.3651358485,-0.1779816151
m3_discounted,314,3,56,994bc72760dcfe7fa4dcb4204fd49276c86f3b5d7563bd03968bb98375e50059,full,174,high,0.7706647515,0.2293352485,high,6.964783192,-0.4300419688
m3_discounted,314,3,57,c7b0ae9d845b01af28904a49c113db9419434a3a9dc695cbcca773c7377fa099,t3,4,low,0.7222396135,0.2777603865,high,0.907469511,0.0246857293
m3_discounted,314,3,57,c7b0ae9d845b01af28904a49c113db9419434a3a9dc695cbcca773c7377fa099,t5,8,low,0.6762074828,0.3237925172,high,1.87047255,0.04952925444
m3_discounted,314,3,57,c7b0ae9d845b01af28904a49c113db9419434a3a9dc695cbcca773c7377fa099,t10,18,low,0.6775770187,0.3224229813,high,3.304204464,0.116712831
m3_discounted,314,3,57,c7b0ae9d845b01af28904a49c113db9419434a3a9dc695cbcca773c7377fa099,full,18,low,0.6775770187,0.3224229813,high,3.304204464,0.116712831
m3_discounted,314,3,60,1bde13dd287e1e51682c574ddf4bc7a1b95d777f9e1d189232f7bf3f72b39469,t3,5,high,0.8469095975,0.1530904025,high,-0.7636802197,-0.03699179366
m3_discounted,314,3,60,1bde13dd287e1e51682c574ddf4bc7a1b95d777f9e1d189232f7bf3f72b39469,t5,9,high,0.8402183205,0.1597816795,high,-0.9363630414,-0.04629096016
m3_discounted,314,3,60,1bde13dd287e1e51682c574ddf4bc7a1b95d777f9e1d189232f7bf3f72b39469,t10,19,high,0.7267920077,0.2732079923,high,0.5702030659,-0.04222758487
m3_discounted,314,3,60,1bde13dd287e1e51682c574ddf4bc7a1b95d777f9e1d189232f7bf3f72b39469,t20,39,high,0.680203408,0.319796592,high,2.703897476,-0.04136282951
m3_discounted,314,3,60,1bde13dd287e1e51682c574ddf4bc7a1b95d777f9e1d189232f7bf3f72b39469,full,93,high,0.7120660543,0.2879339457,high,8.498675346,0.04078319669
m3_discounted,314,3,64,d6e67deba46d308b643a1107909d71a35621984b374efe6ed5b28181298c665a,t3,4,high,0.7616415471,0.2383584529,high,0.6077449322,-0.03685605526
m3_discounted,314,3,64,d6e67deba46d308b643a1107909d71a35621984b374efe6ed5b28181298c665a,t5,8,high,0.7675308585,0.2324691415,high,0.7948593497,-0.06777029485
m3_discounted,314,3,64,d6e67deba46d308b643a1107909d71a35621984b374efe6ed5b28181298c665a,t10,18,high,0.7683848739,0.2316151261,high,1.411295176,-0.1164839417
m3_discounted,314,3,64,d6e67deba46d308b643a1107909d71a35621984b374efe6ed5b28181298c665a,t20,38,high,0.8314896524,0.1685103476,high,0.3816048503,-0.2478025407
m3_discounted,314,3,64,d6e67deba46d308b643a1107909d71a35621984b374efe6ed5b28181298c665a,full,260,high,0.7530109286,0.2469890714,high,-0.835950613,-0.9781132936
m3_discounted,314,3,72,8a19d0092e222e0168b0240040c7abec5af97377d5f1b3c74d02604cebab64d6,t3,4,low,0.8345624954,0.1654375046,high,-0.5119024515,0.02518433891
m3_discounted,314,3,72,8a19d0092e222e0168b0240040c7abec5af97377d5f1b3c74d02604cebab64d6,t5,8,low,0.8326604217,0.1673395783,high,-0.6676852107,0.01691779867
m3_discounted,314,3,72,8a19d0092e222e0168b0240040c7abec5af97377d5f1b3c74d02604cebab64d6,t10,18,low,0.8860434368,0.1139565632,high,-2.839043856,0.03260961175
m3_discounted,314,3,72,8a19d0092e222e0168b0240040c7abec5af97377d5f1b3c74d02604cebab64d6,full,30,low,0.832368046,0.167631954,high,-2.838827848,-0.03025310487
m3_discounted,314,3,83,9ae9ab57ccb2a6caf3db84ad0a088385a92d25754e445de6f502929913bf21cd,t3,4,high,0.7809527665,0.2190472335,high,0.2052777112,-0.02132387832
m3_discounted,314,3,83,9ae9ab57ccb2a6caf3db84ad0a088385a92d25754e445de6f502929913bf21cd,t5,8,high,0.779806599,0.220193401,high,0.3994490504,-0.04719201475
m3_discounted,314,3,83,9ae9ab57ccb2a6caf3db84ad0a088385a92d25754e445de6f502929913bf21cd,t10,18,high,0.7810294181,0.2189705819,high,0.4763459265,-0.1065643355
m3_discounted,314,3,83,9ae9ab57ccb2a6caf3db84ad0a088385a92d25754e445de6f502929913bf21cd,t20,38,high,0.7018052042,0.2981947958,high,3.600865841,-0.2015068382
m3_discounted,314,3,83,9ae9ab57ccb2a6caf3db84ad0a088385a92d25754e445de6f502929913bf21cd,full,126,high,0.82860291,0.17139709,high,8.294775009,-0.6569501758
m3_discounted,314,3,86,1eedaddcb6cc7541fe6072dba97705385a99667255dae60b62dce68c593bc746,t3,5,high,0.8755515367,0.1244484633,high,-1.390869856,-0.02270188928
m3_discounted,314,3,86,1eedaddcb6cc7541fe6072dba97705385a99667255dae60b62dce68c593bc746,t5,9,high,0.8822419569,0.1177580431,high,-2.109836578,-0.03611278161
m3_discounted,314,3,86,1eedaddcb6cc7541fe6072dba97705385a99667255dae60b62dce68c593bc746,t10,19,high,0.825010255,0.174989745,high,-2.239926338,-0.05555840582
m3_discounted,314,3,86,1eedaddcb6cc7541fe6072dba97705385a99667255dae60b62dce68c593bc746,t20,39,high,0.9062690288,0.09373097122,high,-6.578513145,-0.110682115
m3_discounted,314,3,86,1eedaddcb6cc7541fe6072dba97705385a99667255dae60b62dce68c593bc746,full,39,high,0.9062690288,0.09373097122,high,-6.578513145,-0.110682115
m3_discounted,314,3,95,3196e70c78ec00c569890feff5903b9fd6de1c082f2dcc65de331a676356154b,t3,4,high,0.8246911168,0.1753088832,high,-0.2808895111,-0.02755154669
m3_discounted,314,3,95,3196e70c78ec00c569890feff5903b9fd6de1c082f2dcc65de331a676356154b,t5,8,high,0.8591813594,0.1408186406,high,-1.084625125,-0.04159559682
m3_discounted,314,3,95,3196e70c78ec00c569890feff5903b9fd6de1c082f2dcc65de331a676356154b,t10,18,high,0.8794473484,0.1205526516,high,-2.491647005,-0.0824605152
m3_discounted,314,3,95,3196e70c78ec00c569890feff5903b9fd6de1c082f2dcc65de331a676356154b,full,34,high,0.8266793489,0.1733206511,high,-2.907511473,-0.1375842988
m3_discounted,314,3,99,ead3029c1627ceed0bb1941b02d180790ac40d9339381ab591d89b54e95afa5d,t3,4,high,0.710226655,0.289773345,high,1.107127666,0.002590621822
m3_discounted,314,3,99,ead3029c1627ceed0bb1941b02d180790ac40d9339381ab591d89b54e95afa5d,t5,8,high,0.7105004191,0.2894995809,high,1.558276772,0.005059339106
m3_discounted,314,3,99,ead3029c1627ceed0bb1941b02d180790ac40d9339381ab591d89b54e95afa5d,t10,18,high,0.6716946959,0.3283053041,high,3.034336805,0.01362625137
m3_discounted,314,3,99,ead3029c1627ceed0bb1941b02d180790ac40d9339381ab591d89b54e95afa5d,full,32,high,0.6636113524,0.3363886476,high,5.296541214,0.02336079255
m3_discounted,314,3,105,cbe435389c7fde7dbf7f3f0b08fa24b91bd68569ba4a59eda4fcca3b686eaf60,t3,4,high,0.8401232213,0.1598767787,high,-0.6312945485,-0.03484199196
m3_discounted,314,3,105,cbe435389c7fde7dbf7f3f0b08fa24b91bd68569ba4a59eda4fcca3b686eaf60,t5,8,high,0.811308369,0.188691631,high,-0.4091269076,-0.06612785161
m3_discounted,314,3,105,cbe435389c7fde7dbf7f3f0b08fa24b91bd68569ba4a59eda4fcca3b686eaf60,t10,18,high,0.8294020146,0.1705979854,high,-1.085210919,-0.1314326078
m3_discounted,314,3,105,cbe435389c7fde7dbf7f3f0b08fa24b91bd68569ba4a59eda4fcca3b686eaf60,t20,38,high,0.77674447,0.22325553,high,-0.8803196549,-0.2094416469
m3_discounted,314,3,105,cbe435389c7fde7dbf7f3f0b08fa24b91bd68569ba4a59eda4fcca3b686eaf60,full,48,high,0.7589647621,0.2410352379,high,-0.4800948501,-0.2353747189
m3_discounted,314,3,110,7664ea81b7e714b0d5433004c1fca3512bd7bdabfbe3dd63273d79180fe6d6fa,t3,4,high,0.8117019087,0.1882980913,high,-0.2139770687,-0.02774538286
m3_discounted,314,3,110,7664ea81b7e714b0d5433004c1fca3512bd7bdabfbe3dd63273d79180fe6d6fa,t5,8,high,0.8099781573,0.1900218427,high,-0.2730328143,-0.05827342719
m3_discounted,314,3,110,7664ea81b7e714b0d5433004c1fca3512bd7bdabfbe3dd63273d79180fe6d6fa,t10,18,high,0.8844930902,0.1155069098,high,-2.279466391,-0.1287869811
m3_discounted,314,3,110,7664ea81b7e714b0d5433004c1fca3512bd7bdabfbe3dd63273d79180fe6d6fa,t20,38,high,0.8696462959,0.1303537041,high,-4.446659088,-0.2376264036
m3_discounted,314,3,110,7664ea81b7e714b0d5433004c1fca3512bd7bdabfbe3dd63273d79180fe6d6fa,full,100,high,0.8630311638,0.1369688362,high,-7.954977512,-0.6010492444
m3_discounted,314,3,114,8def61f50369c2308d6acc3ec8575794a2970d0f6375eaa51ca8e7e37abccdfd,t3,4,high,0.7750955075,0.2249044925,high,0.3736239076,0.03523993865
m3_discounted,314,3,114,8def61f50369c2308d6acc3ec8575794a2970d0f6375eaa51ca8e7e37abccdfd,t5,8,high,0.7583800703,0.2416199297,high,0.7128120065,0.01848806441
m3_discounted,314,3,114,8def61f50369c2308d6acc3ec8575794a2970d0f6375eaa51ca8e7e37abccdfd,t10,18,high,0.7300401926,0.2699598074,high,1.880284309,-0.03515798599
m3_discounted,314,3,114,8def61f50369c2308d6acc3ec8575794a2970d0f6375eaa51ca8e7e37abccdfd,full,22,high,0.7380397916,0.2619602084,high,2.060564518,-0.02112797089
m3_discounted,314,3,117,b2f1766eb28ea153bd66a13147bee8bb6a783a480a2a5415efd24621d784865e,t3,4,high,0.809197247,0.190802753,high,-0.1371068209,-0.03892526776
m3_discounted,314,3,117,b2f1766eb28ea153bd66a13147bee8bb6a783a480a2a5415efd24621d784865e,t5,8,high,0.8548460305,0.1451539695,high,-0.9857301116,-0.06811514497
m3_discounted,314,3,117,b2f1766eb28ea153bd66a13147bee8bb6a783a480a2a5415efd24621d784865e,t10,18,high,0.8347469568,0.1652530432,high,-1.547250986,-0.1012760475
m3_discounted,314,3,117,b2f1766eb28ea153bd66a13147bee8bb6a783a480a2a5415efd24621d784865e,t20,38,high,0.8453861922,0.1546138078,high,-2.355717897,-0.2332386971
m3_discounted,314,3,117,b2f1766eb28ea153bd66a13147bee8bb6a783a480a2a5415efd24621d784865e,full,92,high,0.8479634225,0.1520365775,high,-4.077345371,-0.4964034557
m3_discounted,314,3,125,274c2b3cb88d91281fac0ca18e5fa0decdb86ce5b51d6bb1e988f442e09ee829,t3,5,high,0.833401069,0.166598931,high,-0.5824078321,-0.02310605161
m3_discounted,314,3,125,274c2b3cb88d91281fac0ca18e5fa0decdb86ce5b51d6bb1e988f442e09ee829,full,5,high,0.833401069,0.166598931,high,-0.5824078321,-0.02310605161
m3_discounted,314,3,128,6f2a5802d3ab371a696939846b2162129bfa30f9a0e371d8fe476564da770b8b,t3,5,high,0.6833633482,0.3166366518,high,1.4858495,0.04015803337
m3_discounted,314,3,128,6f2a5802d3ab371a696939846b2162129bfa30f9a0e371d8fe476564da770b8b,t5,9,high,0.6679103971,0.3320896029,high,2.252727032,0.0410875231
m3_discounted,314,3,128,6f2a5802d3ab371a696939846b2162129bfa30f9a0e371d8fe476564da770b8b,t10,19,high,0.7549170852,0.2450829148,high,2.692649364,0.04639556259
m3_discounted,314,3,128,6f2a5802d3ab371a696939846b2162129bfa30f9a0e371d8fe476564da770b8b,full,33,high,0.6325919926,0.3674080074,high,5.912852764,0.08490904421
m3_discounted,314,3,130,957962b55a53a08db5f378e511817642230cbd4d6d1cf4d43dd6a4b63131ccc1,t3,5,low,0.7016385198,0.2983614802,high,1.255785346,0.0523831062
m3_discounted,314,3,130,957962b55a53a08db5f378e511817642230cbd4d6d1cf4d43dd6a4b63131ccc1,t5,9,low,0.674245894,0.325754106,high,2.101540327,0.06461112946
m3_discounted,314,3,130,957962b55a53a08db5f378e511817642230cbd4d6d1cf4d43dd6a4b63131ccc1,t10,19,low,0.74026981,0.25973019,high,2.705514431,0.1065609679
m3_discounted,314,3,130,957962b55a53a08db5f378e511817642230cbd4d6d1cf4d43dd6a4b63131ccc1,full,21,low,0.7152165174,0.2847834826,high,3.181648254,0.09110362828
m3_discounted,314,3,133,0db9538e9215952f48324bd5b01c66c9eb8ea9adc87245da9db1df8c42a6ab8c,t3,4,high,0.7864627987,0.2135372013,high,0.2227365673,0.004440655001
m3_discounted,314,3,133,0db9538e9215952f48324bd5b01c66c9eb8ea9adc87245da9db1df8c42a6ab8c,t5,8,high,0.8234827071,0.1765172929,high,-0.2343858778,-0.01484417915
m3_discounted,314,3,133,0db9538e9215952f48324bd5b01c66c9eb8ea9adc87245da9db1df8c42a6ab8c,t10,18,high,0.8336818367,0.1663181633,high,-0.9159675241,-0.06539536268
m3_discounted,314,3,133,0db9538e9215952f48324bd5b01c66c9eb8ea9adc87245da9db1df8c42a6ab8c,t20,38,high,0.7960340828,0.2039659172,high,-0.9825161695,-0.1872018427
m3_discounted,314,3,133,0db9538e9215952f48324bd5b01c66c9eb8ea9adc87245da9db1df8c42a6ab8c,full,380,high,0.772798866,0.227201134,high,9.139669418,-1.233058453
m3_discounted,2718,3,7,7fe3d6029ec1e666f41b728458a973e8e2e6924c09046427a23859dcc7b3d75a,t3,4,high,0.7464845777,0.2535154223,high,0.6373725533,0.01622441597
m3_discounted,2718,3,7,7fe3d6029ec1e666f41b728458a973e8e2e6924c09046427a23859dcc7b3d75a,t5,8,high,0.7458936572,0.2541063428,high,0.9283004403,0.02919416875
m3_discounted,2718,3,7,7fe3d6029ec1e666f41b728458a973e8e2e6924c09046427a23859dcc7b3d75a,t10,18,high,0.6967550218,0.3032449782,high,2.624464035,0.04863556474
m3_discounted,2718,3,7,7fe3d6029ec1e666f41b728458a973e8e2e6924c09046427a23859dcc7b3d75a,t20,38,high,0.6142561436,0.3857438564,high,7.035991192,0.1013018787
m3_discounted,2718,3,7,7fe3d6029ec1e666f41b728458a973e8e2e6924c09046427a23859dcc7b3d75a,full,64,high,0.6319922209,0.3680077791,high,11.35175705,0.1886931807
m3_discounted,2718,3,16,9ae9ab57ccb2a6caf3db84ad0a088385a92d25754e445de6f502929913bf21cd,t3,4,high,0.8397102207,0.1602897793,high,-0.6866167784,0.009429744445
m3_discounted,2718,3,16,9ae9ab57ccb2a6caf3db84ad0a088385a92d25754e445de6f502929913bf21cd,t5,8,high,0.8552486151,0.1447513849,high,-1.308015108,0.008039099164
m3_discounted,2718,3,16,9ae9ab57ccb2a6caf3db84ad0a088385a92d25754e445de6f502929913bf21cd,t10,18,high,0.7904496789,0.2095503211,high,-0.929464817,0.02068518661
m3_discounted,2718,3,16,9ae9ab57ccb2a6caf3db84ad0a088385a92d25754e445de6f502929913bf21cd,full,22,high,0.8025083393,0.1974916607,high,-1.069810152,0.02599908784
m3_discounted,2718,3,24,a4713e0a14bb0ef918e89ea267520b745394edf49df0b6e3b5925085b1fca54d,t3,4,high,0.7604762316,0.2395237684,high,0.5342304707,0.008171880618
m3_discounted,2718,3,24,a4713e0a14bb0ef918e89ea267520b745394edf49df0b6e3b5925085b1fca54d,t5,8,high,0.7831803113,0.2168196887,high,0.4246972501,0.01162972208
m3_discounted,2718,3,24,a4713e0a14bb0ef918e89ea267520b745394edf49df0b6e3b5925085b1fca54d,t10,18,high,0.7591529936,0.2408470064,high,1.045207024,0.06946244091
m3_discounted,2718,3,24,a4713e0a14bb0ef918e89ea267520b745394edf49df0b6e3b5925085b1fca54d,full,20,high,0.7631778121,0.2368221879,high,1.104455113,0.08331239223
m3_discounted,2718,3,31,c06b9cd1fff25ad6609a4acc440947729eaae556a777669d2c7b83c20f9f8885,t3,4,high,0.6981395781,0.3018604219,high,1.192189932,0.03930341452
m3_discounted,2718,3,31,c06b9cd1fff25ad6609a4acc440947729eaae556a777669d2c7b83c20f9f8885,t5,8,high,0.676451534,0.323548466,high,1.982696891,0.05803144723
m3_discounted,2718,3,31,c06b9cd1fff25ad6609a4acc440947729eaae556a777669d2c7b83c20f9f8885,t10,18,high,0.6692152917,0.3307847083,high,3.395160198,0.09034829587
m3_discounted,2718,3,31,c06b9cd1fff25ad6609a4acc440947729eaae556a777669d2c7b83c20f9f8885,t20,38,high,0.6479730308,0.3520269692,high,7.315431118,0.2013527602
m3_discounted,2718,3,31,c06b9cd1fff25ad6609a4acc440947729eaae556a777669d2c7b83c20f9f8885,full,54,high,0.617380619,0.382619381,high,10.40010262,0.2746566534
m3_discounted,2718,3,32,8def61f50369c2308d6acc3ec8575794a2970d0f6375eaa51ca8e7e37abccdfd,t3,4,low,0.7606459111,0.2393540889,high,0.4933789968,0.04400535673
m3_discounted,2718,3,32,8def61f50369c2308d6acc3ec8575794a2970d0f6375eaa51ca8e7e37abccdfd,t5,8,low,0.7315087616,0.2684912384,high,1.017947316,0.07276290655
m3_discounted,2718,3,32,8def61f50369c2308d6acc3ec8575794a2970d0f6375eaa51ca8e7e37abccdfd,full,10,low,0.7114759684,0.2885240316,high,1.412078977,0.09273673594
m3_discounted,2718,3,33,f76617e906c5e2b96661cf362ca553b76fbb23756e161cf3e0bc86585f03b1a8,t3,4,high,0.7382549047,0.2617450953,high,0.7394214272,0.02070453018
m3_discounted,2718,3,33,f76617e906c5e2b96661cf362ca553b76fbb23756e161cf3e0bc86585f03b1a8,t5,8,high,0.7229471505,0.2770528495,high,1.30716908,0.01930094883
m3_discounted,2718,3,33,f76617e906c5e2b96661cf362ca553b76fbb23756e161cf3e0bc86585f03b1a8,t10,18,high,0.6633517444,0.3366482556,high,3.255318403,0.05332538858
m3_discounted,2718,3,33,f76617e906c5e2b96661cf362ca553b76fbb23756e161cf3e0bc86585f03b1a8,t20,38,high,0.6620238423,0.3379761577,high,7.29618454,0.06338785589
m3_discounted,2718,3,33,f76617e906c5e2b96661cf362ca553b76fbb23756e161cf3e0bc86585f03b1a8,full,76,high,0.6097087562,0.3902912438,high,14.90933228,0.1118916869
m3_discounted,2718,3,35,9365283497184f82bb514f2ae669c6ec302a1cd4c49f1b9426e48aca0e39eedc,t3,4,high,0.7114263177,0.2885736823,high,1.077353716,0.004616480786
m3_discounted,2718,3,35,9365283497184f82bb514f2ae669c6ec302a1cd4c49f1b9426e48aca0e39eedc,t5,8,high,0.783331275,0.216668725,high,0.6324486136,-0.0009833222721
m3_discounted,2718,3,35,9365283497184f82bb514f2ae669c6ec302a1cd4c49f1b9426e48aca0e39eedc,t10,18,high,0.8572798818,0.1427201182,high,-0.8315683007,0.0311164204
m3_discounted,2718,3,35,9365283497184f82bb514f2ae669c6ec302a1cd4c49f1b9426e48aca0e39eedc,full,34,high,0.8484321833,0.1515678167,high,-1.754211187,0.03549205512
m3_discounted,2718,3,37,9ae9ab57ccb2a6caf3db84ad0a088385a92d25754e445de6f502929913bf21cd,t3,4,high,0.7012949288,0.2987050712,high,1.182837129,0.0137968054
m3_discounted,2718,3,37,9ae9ab57ccb2a6caf3db84ad0a088385a92d25754e445de6f502929913bf21cd,t5,8,high,0.6755727828,0.3244272172,high,2.030519962,0.01463089511
m3_discounted,2718,3,37,9ae9ab57ccb2a6caf3db84ad0a088385a92d25754e445de6f502929913bf21cd,t10,18,high,0.6399951577,0.3600048423,high,4.090282917,0.02491944283
m3_discounted,2718,3,37,9ae9ab57ccb2a6caf3db84ad0a088385a92d25754e445de6f502929913bf21cd,t20,38,high,0.6799302399,0.3200697601,high,6.915755749,0.06578548998
m3_discounted,2718,3,37,9ae9ab57ccb2a6caf3db84ad0a088385a92d25754e445de6f502929913bf21cd,full,40,high,0.6924686134,0.3075313866,high,7.049961567,0.06508369744
m3_discounted,2718,3,42,c6f859e97a85d2be55de346ee03396c3284ef33ad2a850cbf47dcf6a86c54f6c,t3,5,high,0.835189417,0.164810583,high,-0.6636761427,-0.007831396535
m3_discounted,2718,3,42,c6f859e97a85d2be55de346ee03396c3284ef33ad2a850cbf47dcf6a86c54f6c,t5,9,high,0.8348365128,0.1651634872,high,-0.909488976,-0.01374937966
m3_discounted,2718,3,42,c6f859e97a85d2be55de346ee03396c3284ef33ad2a850cbf47dcf6a86c54f6c,full,13,high,0.823109746,0.176890254,high,-0.9916155338,-0.006721393205
m3_discounted,2718,3,48,c6f859e97a85d2be55de346ee03396c3284ef33ad2a850cbf47dcf6a86c54f6c,t3,5,high,0.6991026402,0.3008973598,high,1.336051941,-0.002024527639
m3_discounted,2718,3,48,c6f859e97a85d2be55de346ee03396c3284ef33ad2a850cbf47dcf6a86c54f6c,t5,9,high,0.6662330925,0.3337669075,high,2.268960714,-0.002852477366
m3_discounted,2718,3,48,c6f859e97a85d2be55de346ee03396c3284ef33ad2a850cbf47dcf6a86c54f6c,t10,19,high,0.6541291177,0.3458708823,high,4.247559071,-0.002985989908
m3_discounted,2718,3,48,c6f859e97a85d2be55de346ee03396c3284ef33ad2a850cbf47dcf6a86c54f6c,full,27,high,0.6277167797,0.3722832203,high,5.98934412,0.001121059991
m3_discounted,2718,3,52,5f94f96b5558bc44bec41fbfff63a95635edebf6436cf0d7b71bc93bc7e01771,t3,4,high,0.7033789158,0.2966210842,high,1.178935528,0.008830543607
m3_discounted,2718,3,52,5f94f96b5558bc44bec41fbfff63a95635edebf6436cf0d7b71bc93bc7e01771,t5,8,high,0.6681107581,0.3318892419,high,2.104738235,0.03379080817
m3_discounted,2718,3,52,5f94f96b5558bc44bec41fbfff63a95635edebf6436cf0d7b71bc93bc7e01771,t10,18,high,0.6583034098,0.3416965902,high,3.832600355,0.0907818675
m3_discounted,2718,3,52,5f94f96b5558bc44bec41fbfff63a95635edebf6436cf0d7b71bc93bc7e01771,full,28,high,0.7002592683,0.2997407317,high,4.531404018,0.1132806316
m3_discounted,2718,3,56,994bc72760dcfe7fa4dcb4204fd49276c86f3b5d7563bd03968bb98375e50059,t3,4,high,0.7239483893,0.2760516107,high,0.9210496545,0.02688844129
m3_discounted,2718,3,56,994bc72760dcfe7fa4dcb4204fd49276c86f3b5d7563bd03968bb98375e50059,t5,8,high,0.7426237464,0.2573762536,high,1.159040213,0.02649066597
m3_discounted,2718,3,56,994bc72760dcfe7fa4dcb4204fd49276c86f3b5d7563bd03968bb98375e50059,t10,18,high,0.7499065995,0.2500934005,high,1.784088731,0.009695919231
m3_discounted,2718,3,56,994bc72760dcfe7fa4dcb4204fd49276c86f3b5d7563bd03968bb98375e50059,t20,38,high,0.704002142,0.295997858,high,4.008227348,0.02655029669
m3_discounted,2718,3,56,994bc72760dcfe7fa4dcb4204fd49276c86f3b5d7563bd03968bb98375e50059,full,174,high,0.6559582055,0.3440417945,high,24.6137352,0.3421006501
m3_discounted,2718,3,57,c7b0ae9d845b01af28904a49c113db9419434a3a9dc695cbcca773c7377fa099,t3,4,low,0.6995699108,0.3004300892,high,1.173753262,0.03759404272
m3_discounted,2718,3,57,c7b0ae9d845b01af28904a49c113db9419434a3a9dc695cbcca773c7377fa099,t5,8,low,0.6658549607,0.3341450393,high,2.096397161,0.06345035881
m3_discounted,2718,3,57,c7b0ae9d845b01af28904a49c113db9419434a3a9dc695cbcca773c7377fa099,t10,18,low,0.6333137453,0.3666862547,high,4.18848896,0.1349113435
m3_discounted,2718,3,57,c7b0ae9d845b01af28904a49c113db9419434a3a9dc695cbcca773c7377fa099,full,18,low,0.6333137453,0.3666862547,high,4.18848896,0.1349113435
m3_discounted,2718,3,60,1bde13dd287e1e51682c574ddf4bc7a1b95d777f9e1d189232f7bf3f72b39469,t3,5,high,0.7715858668,0.2284141332,high,0.4474252164,-0.003110659309
m3_discounted,2718,3,60,1bde13dd287e1e51682c574ddf4bc7a1b95d777f9e1d189232f7bf3f72b39469,t5,9,high,0.7471925616,0.2528074384,high,0.9428710938,-0.009287443943
m3_discounted,2718,3,60,1bde13dd287e1e51682c574ddf4bc7a1b95d777f9e1d189232f7bf3f72b39469,t10,19,high,0.6585584879,0.3414415121,high,2.961902142,0.02591626346
m3_discounted,2718,3,60,1bde13dd287e1e51682c574ddf4bc7a1b95d777f9e1d189232f7bf3f72b39469,t20,39,high,0.6032625437,0.3967374563,high,7.246103287,0.09135319293
m3_discounted,2718,3,60,1bde13dd287e1e51682c574ddf4bc7a1b95d777f9e1d189232f7bf3f72b39469,full,93,high,0.6297300458,0.3702699542,high,17.57343102,0.2836070955
m3_discounted,2718,3,64,d6e67deba46d308b643a1107909d71a35621984b374efe6ed5b28181298c665a,t3,4,high,0.6994651854,0.3005348146,high,1.223639011,0.0005799692008
m3_discounted,2718,3,64,d6e67deba46d308b643a1107909d71a35621984b374efe6ed5b28181298c665a,t5,8,high,0.6695185304,0.3304814696,high,2.135679483,-0.0007330463268
m3_discounted,2718,3,64,d6e67deba46d308b643a1107909d71a35621984b374efe6ed5b28181298c665a,t10,18,high,0.6375162601,0.3624837399,high,4.203637123,0.02612983249
m3_discounted,2718,3,64,d6e67deba46d308b643a1107909d71a35621984b374efe6ed5b28181298c665a,t20,38,high,0.6519750953,0.3480249047,high,7.613731861,0.03468775004
m3_discounted,2718,3,64,d6e67deba46d308b643a1107909d71a35621984b374efe6ed5b28181298c665a,full,260,high,0.6672376692,0.3327623308,high,44.9990921,0.4469713867
m3_discounted,2718,3,72,8a19d0092e222e0168b0240040c7abec5af97377d5f1b3c74d02604cebab64d6,t3,4,low,0.8195729405,0.1804270595,high,-0.2609943748,0.03578437865
m3_discounted,2718,3,72,8a19d0092e222e0168b0240040c7abec5af97377d5f1b3c74d02604cebab64d6,t5,8,low,0.8103221059,0.1896778941,high,-0.2534887791,0.0378016755
m3_discounted,2718,3,72,8a19d0092e222e0168b0240040c7abec5af97377d5f1b3c74d02604cebab64d6,t10,18,low,0.8228161037,0.1771838963,high,-1.057288408,0.08369933069
m3_discounted,2718,3,72,8a19d0092e222e0168b0240040c7abec5af97377d5f1b3c74d02604cebab64d6,full,30,low,0.699593097,0.300406903,high,1.076593161,0.110990189
m3_discounted,2718,3,83,9ae9ab57ccb2a6caf3db84ad0a088385a92d25754e445de6f502929913bf21cd,t3,4,high,0.7023383081,0.2976616919,high,1.177872419,0.01385410316
m3_discounted,2718,3,83,9ae9ab57ccb2a6caf3db84ad0a088385a92d25754e445de6f502929913bf21cd,t5,8,high,0.6705125272,0.3294874728,high,2.085865259,0.02108458802
m3_discounted,2718,3,83,9ae9ab57ccb2a6caf3db84ad0a088385a92d25754e445de6f502929913bf21cd,t10,18,high,0.6285831928,0.3714168072,high,4.273254395,0.04112161696
m3_discounted,2718,3,83,9ae9ab57ccb2a6caf3db84ad0a088385a92d25754e445de6f502929913bf21cd,t20,38,high,0.6184927523,0.3815072477,high,8.377906799,0.07847353816
m3_discounted,2718,3,83,9ae9ab57ccb2a6caf3db84ad0a088385a92d25754e445de6f502929913bf21cd,full,126,high,0.752343595,0.247656405,high,23.07664299,0.2783482969
m3_discounted,2718,3,86,1eedaddcb6cc7541fe6072dba97705385a99667255dae60b62dce68c593bc746,t3,5,high,0.8697984368,0.1302015632,high,-1.281290174,-0.006926808972
m3_discounted,2718,3,86,1eedaddcb6cc7541fe6072dba97705385a99667255dae60b62dce68c593bc746,t5,9,high,0.8793279231,0.1206720769,high,-1.998265862,-0.01500962675
m3_discounted,2718,3,86,1eedaddcb6cc7541fe6072dba97705385a99667255dae60b62dce68c593bc746,t10,19,high,0.828939274,0.171060726,high,-2.141726255,-0.02610280178
m3_discounted,2718,3,86,1eedaddcb6cc7541fe6072dba97705385a99667255dae60b62dce68c593bc746,t20,39,high,0.8536254615,0.1463745385,high,-4.480317116,-0.05016054213
m3_discounted,2718,3,86,1eedaddcb6cc7541fe6072dba97705385a99667255dae60b62dce68c593bc746,full,39,high,0.8536254615,0.1463745385,high,-4.480317116,-0.05016054213
m3_discounted,2718,3,95,3196e70c78ec00c569890feff5903b9fd6de1c082f2dcc65de331a676356154b,t3,4,high,0.8132835031,0.1867164969,high,-0.06778681278,-0.00257437164
m3_discounted,2718,3,95,3196e70c78ec00c569890feff5903b9fd6de1c082f2dcc65de331a676356154b,t5,8,high,0.8489681184,0.1510318816,high,-0.7815648913,-0.01032181922
m3_discounted,2718,3,95,3196e70c78ec00c569890feff5903b9fd6de1c082f2dcc65de331a676356154b,t10,18,high,0.82512784,0.17487216,high,-0.9368960261,-0.02023535036
m3_discounted,2718,3,95,3196e70c78ec00c569890feff5903b9fd6de1c082f2dcc65de331a676356154b,full,34,high,0.7803960741,0.2196039259,high,-0.2965607941,0.007564801723
m3_discounted,2718,3,99,ead3029c1627ceed0bb1941b02d180790ac40d9339381ab591d89b54e95afa5d,t3,4,high,0.7207682431,0.2792317569,high,0.9581810832,0.03465278819
m3_discounted,2718,3,99,ead3029c1627ceed0bb1941b02d180790ac40d9339381ab591d89b54e95afa5d,t5,8,high,0.7139156461,0.2860843539,high,1.509434938,0.05093896016
m3_discounted,2718,3,99,ead3029c1627ceed0bb1941b02d180790ac40d9339381ab591d89b54e95afa5d,t10,18,high,0.6859511435,0.3140488565,high,2.650876045,0.1053135172
m3_discounted,2718,3,99,ead3029c1627ceed0bb1941b02d180790ac40d9339381ab591d89b54e95afa5d,full,32,high,0.6764909923,0.3235090077,high,4.889689445,0.1699294001
m3_discounted,2718,3,105,cbe435389c7fde7dbf7f3f0b08fa24b91bd68569ba4a59eda4fcca3b686eaf60,t3,4,high,0.7694819421,0.2305180579,high,0.3012862206,0.01347657293
m3_discounted,2718,3,105,cbe435389c7fde7dbf7f3f0b08fa24b91bd68569ba4a59eda4fcca3b686eaf60,t5,8,high,0.7558891177,0.2441108823,high,0.6603988409,0.01993682235
m3_discounted,2718,3,105,cbe435389c7fde7dbf7f3f0b08fa24b91bd68569ba4a59eda4fcca3b686eaf60,t10,18,high,0.764106527,0.235893473,high,1.287853122,0.02948763967
m3_discounted,2718,3,105,cbe435389c7fde7dbf7f3f0b08fa24b91bd68569ba4a59eda4fcca3b686eaf60,t20,38,high,0.6977335811,0.3022664189,high,3.638768196,0.05838576332
m3_discounted,2718,3,105,cbe435389c7fde7dbf7f3f0b08fa24b91bd68569ba4a59eda4fcca3b686eaf60,full,48,high,0.7053467333,0.2946532667,high,4.552287102,0.07661679387
m3_discounted,2718,3,110,7664ea81b7e714b0d5433004c1fca3512bd7bdabfbe3dd63273d79180fe6d6fa,t3,4,high,0.7298152745,0.2701847255,high,0.8580914736,0.00518719526
m3_discounted,2718,3,110,7664ea81b7e714b0d5433004c1fca3512bd7bdabfbe3dd63273d79180fe6d6fa,t5,8,high,0.7054883242,0.2945116758,high,1.525940299,0.01149496622
m3_discounted,2718,3,110,7664ea81b7e714b0d5433004c1fca3512bd7bdabfbe3dd63273d79180fe6d6fa,t10,18,high,0.7870648056,0.2129351944,high,1.407378793,0.02324642427
m3_discounted,2718,3,110,7664ea81b7e714b0d5433004c1fca3512bd7bdabfbe3dd63273d79180fe6d6fa,t20,38,high,0.7657714188,0.2342285812,high,3.09392786,0.05160852894
m3_discounted,2718,3,110,7664ea81b7e714b0d5433004c1fca3512bd7bdabfbe3dd63273d79180fe6d6fa,full,100,high,0.7318180203,0.2681819797,high,8.30973053,0.06171647459
m3_discounted,2718,3,114,8def61f50369c2308d6acc3ec8575794a2970d0f6375eaa51ca8e7e37abccdfd,t3,4,high,0.7825441658,0.2174558342,high,0.2319894135,0.02889228985
m3_discounted,2718,3,114,8def61f50369c2308d6acc3ec8575794a2970d0f6375eaa51ca8e7e37abccdfd,t5,8,high,0.768573001,0.231426999,high,0.4660741389,0.04369772226
m3_discounted,2718,3,114,8def61f50369c2308d6acc3ec8575794a2970d0f6375eaa51ca8e7e37abccdfd,t10,18,high,0.7577860355,0.2422139645,high,1.034934163,0.08385088295
m3_discounted,2718,3,114,8def61f50369c2308d6acc3ec8575794a2970d0f6375eaa51ca8e7e37abccdfd,full,22,high,0.7897024304,0.2102975696,high,0.7480799556,0.1111249849
m3_discounted,2718,3,117,b2f1766eb28ea153bd66a13147bee8bb6a783a480a2a5415efd24621d784865e,t3,4,high,0.845318228,0.154681772,high,-0.7147783637,0.01837874949
m3_discounted,2718,3,117,b2f1766eb28ea153bd66a13147bee8bb6a783a480a2a5415efd24621d784865e,t5,8,high,0.8510075361,0.1489924639,high,-1.178212285,0.01772157103
m3_discounted,2718,3,117,b2f1766eb28ea153bd66a13147bee8bb6a783a480a2a5415efd24621d784865e,t10,18,high,0.7762421519,0.2237578481,high,-0.5957605839,0.03544037044
m3_discounted,2718,3,117,b2f1766eb28ea153bd66a13147bee8bb6a783a480a2a5415efd24621d784865e,t20,38,high,0.7455672622,0.2544327378,high,1.292173028,0.0394619517
m3_discounted,2718,3,117,b2f1766eb28ea153bd66a13147bee8bb6a783a480a2a5415efd24621d784865e,full,92,high,0.7358715832,0.2641284168,high,6.081551075,0.08596421778
m3_discounted,2718,3,125,274c2b3cb88d91281fac0ca18e5fa0decdb86ce5b51d6bb1e988f442e09ee829,t3,5,high,0.7369602025,0.2630397975,high,0.8423605561,-0.001712309662
m3_discounted,2718,3,125,274c2b3cb88d91281fac0ca18e5fa0decdb86ce5b51d6bb1e988f442e09ee829,full,5,high,0.7369602025,0.2630397975,high,0.8423605561,-0.001712309662
m3_discounted,2718,3,128,6f2a5802d3ab371a696939846b2162129bfa30f9a0e371d8fe476564da770b8b,t3,5,high,0.711651206,0.288348794,high,1.087482452,0.04173837602
m3_discounted,2718,3,128,6f2a5802d3ab371a696939846b2162129bfa30f9a0e371d8fe476564da770b8b,t5,9,high,0.6894691586,0.3105308414,high,1.787103176,0.05795421824
m3_discounted,2718,3,128,6f2a5802d3ab371a696939846b2162129bfa30f9a0e371d8fe476564da770b8b,t10,19,high,0.7723754346,0.2276245654,high,2.137487888,0.08541227132
m3_discounted,2718,3,128,6f2a5802d3ab371a696939846b2162129bfa30f9a0e371d8fe476564da770b8b,full,33,high,0.6946814656,0.3053185344,high,4.287230015,0.151458323
m3_discounted,2718,3,130,957962b55a53a08db5f378e511817642230cbd4d6d1cf4d43dd6a4b63131ccc1,t3,5,low,0.7301306725,0.2698693275,high,0.8706809878,0.05007926747
m3_discounted,2718,3,130,957962b55a53a08db5f378e511817642230cbd4d6d1cf4d43dd6a4b63131ccc1,t5,9,low,0.7294573784,0.2705426216,high,1.195343375,0.07628634572
m3_discounted,2718,3,130,957962b55a53a08db5f378e511817642230cbd4d6d1cf4d43dd6a4b63131ccc1,t10,19,low,0.758619234,0.241380766,high,1.581076622,0.1390803754
m3_discounted,2718,3,130,957962b55a53a08db5f378e511817642230cbd4d6d1cf4d43dd6a4b63131ccc1,full,21,low,0.7507569641,0.2492430359,high,1.781888962,0.1383365542
m3_discounted,2718,3,133,0db9538e9215952f48324bd5b01c66c9eb8ea9adc87245da9db1df8c42a6ab8c,t3,4,high,0.7084751129,0.2915248871,high,1.093781352,0.02280932106
m3_discounted,2718,3,133,0db9538e9215952f48324bd5b01c66c9eb8ea9adc87245da9db1df8c42a6ab8c,t5,8,high,0.7248443067,0.2751556933,high,1.416822195,0.02314882353
m3_discounted,2718,3,133,0db9538e9215952f48324bd5b01c66c9eb8ea9adc87245da9db1df8c42a6ab8c,t10,18,high,0.7138213813,0.2861786187,high,2.348446846,0.02219568007
m3_discounted,2718,3,133,0db9538e9215952f48324bd5b01c66c9eb8ea9adc87245da9db1df8c42a6ab8c,t20,38,high,0.64354828,0.35645172,high,5.81549263,0.04632455111
m3_discounted,2718,3,133,0db9538e9215952f48324bd5b01c66c9eb8ea9adc87245da9db1df8c42a6ab8c,full,380,high,0.6650878191,0.3349121809,high,58.3639946,0.5740035772
m3_discounted,42,4,0,0975c479310c006373f337dd0ad7a1b5438b2d205e3489d9920c6e86e5fdbc46,t3,4,high,0.6809671521,0.3190328479,high,1.219947457,0.0424272567
m3_discounted,42,4,0,0975c479310c006373f337dd0ad7a1b5438b2d205e3489d9920c6e86e5fdbc46,t5,8,high,0.6461734772,0.3538265228,high,2.177523375,0.04874075577
m3_discounted,42,4,0,0975c479310c006373f337dd0ad7a1b5438b2d205e3489d9920c6e86e5fdbc46,t10,18,high,0.5917565525,0.4082434475,high,4.646829605,0.08670540899
m3_discounted,42,4,0,0975c479310c006373f337dd0ad7a1b5438b2d205e3489d9920c6e86e5fdbc46,t20,38,high,0.6491321325,0.3508678675,high,7.58487463,0.1833425909
m3_discounted,42,4,0,0975c479310c006373f337dd0ad7a1b5438b2d205e3489d9920c6e86e5fdbc46,full,52,high,0.6693725288,0.3306274712,high,9.722795486,0.2405261546
m3_discounted,42,4,1,d824fbb44e854e98bdec49929ed132bd2f214eb9a16c2247f40b049e74673714,t3,4,high,0.680872798,0.319127202,high,1.226472259,0.03536880016
m3_discounted,42,4,1,d824fbb44e854e98bdec49929ed132bd2f214eb9a16c2247f40b049e74673714,t5,8,high,0.6394527256,0.3605472744,high,2.222612381,0.07560777664
m3_discounted,42,4,1,d824fbb44e854e98bdec49929ed132bd2f214eb9a16c2247f40b049e74673714,t10,18,high,0.6212796569,0.3787203431,high,4.331690311,0.08942843229
m3_discounted,42,4,1,d824fbb44e854e98bdec49929ed132bd2f214eb9a16c2247f40b049e74673714,full,36,high,0.5915705264,0.4084294736,high,8.223290443,0.1945965588
m3_discounted,42,4,3,e660b6010195823ff8abb7f5ac22b3e84ad23e55b4bfe23f84e74aa932c77d9a,t3,5,high,0.7173536718,0.2826463282,high,0.9501451254,-0.01425846107
m3_discounted,42,4,3,e660b6010195823ff8abb7f5ac22b3e84ad23e55b4bfe23f84e74aa932c77d9a,t5,9,high,0.6634992957,0.3365007043,high,1.9404459,0.01712229662
m3_discounted,42,4,3,e660b6010195823ff8abb7f5ac22b3e84ad23e55b4bfe23f84e74aa932c77d9a,full,15,high,0.6250616908,0.3749383092,high,3.348513365,-0.0007065869868
m3_discounted,42,4,6,384b0ba2da0f7a1aaf92176857f6b862b243c54a44b1a60ad1512e22fb6d4f57,t3,4,high,0.7059005499,0.2940994501,high,1.065268755,-0.03703669459
m3_discounted,42,4,6,384b0ba2da0f7a1aaf92176857f6b862b243c54a44b1a60ad1512e22fb6d4f57,t5,8,high,0.6672362089,0.3327637911,high,1.950002193,-0.01898131706
m3_discounted,42,4,6,384b0ba2da0f7a1aaf92176857f6b862b243c54a44b1a60ad1512e22fb6d4f57,t10,18,high,0.6860651076,0.3139348924,high,2.939783096,-0.002509869635
m3_discounted,42,4,6,384b0ba2da0f7a1aaf92176857f6b862b243c54a44b1a60ad1512e22fb6d4f57,t20,38,high,0.6910661757,0.3089338243,high,6.243000031,-0.09477648139
m3_discounted,42,4,6,384b0ba2da0f7a1aaf92176857f6b862b243c54a44b1a60ad1512e22fb6d4f57,full,52,high,0.6871857643,0.3128142357,high,7.680247784,-0.1153838336
m3_discounted,42,4,9,bd6bdeca4d4d58b93dcd52052f780fcb2ab8a2a77ef89be9ded9271136bf1260,t3,4,low,0.6807131767,0.3192868233,high,1.219756365,0.04179409519
m3_discounted,42,4,9,bd6bdeca4d4d58b93dcd52052f780fcb2ab8a2a77ef89be9ded9271136bf1260,t5,8,low,0.6636953652,0.3363046348,high,1.910646796,0.07924164832
m3_discounted,42,4,9,bd6bdeca4d4d58b93dcd52052f780fcb2ab8a2a77ef89be9ded9271136bf1260,t10,18,low,0.59719643,0.40280357,high,4.284677505,0.1647564769
m3_discounted,42,4,9,bd6bdeca4d4d58b93dcd52052f780fcb2ab8a2a77ef89be9ded9271136bf1260,full,26,low,0.5763530433,0.4236469567,high,6.236654758,0.1980662197
m3_discounted,42,4,12,d751de9a9d281b7d8f3a57160f2880d8a6bb4d189690de0f7d7f2b033ad650a4,t3,4,high,0.6836128533,0.3163871467,high,1.19836235,0.03472852707
m3_discounted,42,4,12,d751de9a9d281b7d8f3a57160f2880d8a6bb4d189690de0f7d7f2b033ad650a4,t5,8,high,0.6666714251,0.3333285749,high,1.946596146,0.059674602
m3_discounted,42,4,12,d751de9a9d281b7d8f3a57160f2880d8a6bb4d189690de0f7d7f2b033ad650a4,t10,16,high,0.6287062466,0.3712937534,high,3.589144707,0.08109218627
m3_discounted,42,4,12,d751de9a9d281b7d8f3a57160f2880d8a6bb4d189690de0f7d7f2b033ad650a4,t20,36,high,0.6115915477,0.3884084523,high,7.36122179,0.199361071
m3_discounted,42,4,12,d751de9a9d281b7d8f3a57160f2880d8a6bb4d189690de0f7d7f2b033ad650a4,full,50,high,0.5737886131,0.4262113869,high,10.74931145,0.2926313877
m3_discounted,42,4,19,e660b6010195823ff8abb7f5ac22b3e84ad23e55b4bfe23f84e74aa932c77d9a,t3,4,high,0.74673599,0.25326401,high,0.4943594933,-0.04866182804
m3_discounted,42,4,19,e660b6010195823ff8abb7f5ac22b3e84ad23e55b4bfe23f84e74aa932c77d9a,t5,8,high,0.7578118593,0.2421881407,high,0.6107355952,-0.07640098035
m3_discounted,42,4,19,e660b6010195823ff8abb7f5ac22b3e84ad23e55b4bfe23f84e74aa932c77d9a,full,16,high,0.7085270584,0.2914729416,high,1.777531266,-0.1401504427
m3_discounted,42,4,23,56c65c573eb4b7bbca1e8a62ea910f474527ca7cc22d0832f7b8985143579c47,t3,4,high,0.7497511208,0.2502488792,high,0.5598942637,-0.04869993776
m3_discounted,42,4,23,56c65c573eb4b7bbca1e8a62ea910f474527ca7cc22d0832f7b8985143579c47,t5,8,high,0.7683140934,0.2316859066,high,0.5660518408,-0.04825175181
m3_discounted,42,4,23,56c65c573eb4b7bbca1e8a62ea910f474527ca7cc22d0832f7b8985143579c47,t10,18,high,0.7485833466,0.2514166534,high,1.179347754,-0.003848459572
m3_discounted,42,4,23,56c65c573eb4b7bbca1e8a62ea910f474527ca7cc22d0832f7b8985143579c47,t20,38,high,0.780110836,0.219889164,high,0.05041280389,-0.03998802602
m3_discounted,42,4,23,56c65c573eb4b7bbca1e8a62ea910f474527ca7cc22d0832f7b8985143579c47,full,78,high,0.8054340482,0.1945659518,high,-1.929076552,-0.0623896569
m3_discounted,42,4,30,0b66f0012a6499ae22a3ba3ea556348c4d65f1f039265ec21e4ad82aba2b5dab,t3,4,high,0.7495152056,0.2504847944,high,0.4727330804,-0.007890443318
m3_discounted,42,4,30,0b66f0012a6499ae22a3ba3ea556348c4d65f1f039265ec21e4ad82aba2b5dab,t5,8,high,0.7121697068,0.2878302932,high,1.107626796,0.03298715129
m3_discounted,42,4,30,0b66f0012a6499ae22a3ba3ea556348c4d65f1f039265ec21e4ad82aba2b5dab,t10,18,high,0.635581702,0.364418298,high,3.358411312,0.01103205979
m3_discounted,42,4,30,0b66f0012a6499ae22a3ba3ea556348c4d65f1f039265ec21e4ad82aba2b5dab,full,28,high,0.6216970086,0.3783029914,high,5.278074265,0.02083863504
m3_discounted,42,4,39,ba4f78fc596e7483b05f73b0a4f0c57215df572dab1d75cba29cf1873022b267,t3,4,high,0.7209724486,0.2790275514,high,0.8071838617,0.002223889809
m3_discounted,42,4,39,ba4f78fc596e7483b05f73b0a4f0c57215df572dab1d75cba29cf1873022b267,t5,8,high,0.6912297904,0.3087702096,high,1.563539982,-0.0218758136
m3_discounted,42,4,39,ba4f78fc596e7483b05f73b0a4f0c57215df572dab1d75cba29cf1873022b267,t10,18,high,0.6919943392,0.3080056608,high,2.767440081,-0.01277122181
m3_discounted,42,4,39,ba4f78fc596e7483b05f73b0a4f0c57215df572dab1d75cba29cf1873022b267,t20,38,high,0.6185757816,0.3814242184,high,6.764735699,-0.01370951068
m3_discounted,42,4,39,ba4f78fc596e7483b05f73b0a4f0c57215df572dab1d75cba29cf1873022b267,full,71,high,0.6356997788,0.3643002212,high,11.82845116,-0.09580397606
m3_discounted,42,4,40,e660b6010195823ff8abb7f5ac22b3e84ad23e55b4bfe23f84e74aa932c77d9a,t3,5,high,0.7454735041,0.2545264959,high,0.5833210349,-0.03481251001
m3_discounted,42,4,40,e660b6010195823ff8abb7f5ac22b3e84ad23e55b4bfe23f84e74aa932c77d9a,t5,9,high,0.7279216647,0.2720783353,high,1.043607473,-0.07155040652
m3_discounted,42,4,40,e660b6010195823ff8abb7f5ac22b3e84ad23e55b4bfe23f84e74aa932c77d9a,t10,19,high,0.7137932479,0.2862067521,high,2.149922609,-0.09963837266
m3_discounted,42,4,40,e660b6010195823ff8abb7f5ac22b3e84ad23e55b4bfe23f84e74aa932c77d9a,full,19,high,0.7137932479,0.2862067521,high,2.149922609,-0.09963837266
m3_discounted,42,4,41,298f1741927a10b95fab08a2419835f2d89a49ade874c77e541bf480e574fcca,t3,4,high,0.7190281451,0.2809718549,high,0.8827732205,-0.01206677593
m3_discounted,42,4,41,298f1741927a10b95fab08a2419835f2d89a49ade874c77e541bf480e574fcca,t5,8,high,0.6981147826,0.3018852174,high,1.566872001,-0.03448045254
m3_discounted,42,4,41,298f1741927a10b95fab08a2419835f2d89a49ade874c77e541bf480e574fcca,t10,18,high,0.6519756913,0.3480243087,high,3.409480572,-0.02575969696
m3_discounted,42,4,41,298f1741927a10b95fab08a2419835f2d89a49ade874c77e541bf480e574fcca,t20,39,high,0.7809235603,0.2190764397,high,3.479655027,-0.03227888793
m3_discounted,42,4,41,298f1741927a10b95fab08a2419835f2d89a49ade874c77e541bf480e574fcca,full,83,high,0.7540972531,0.2459027469,high,4.594898701,-0.3003434539
m3_discounted,42,4,45,256a5ceb1fe87b9f23a66a55206039faf214b9b926fbe72aba2fd158983b62bf,t3,4,high,0.7503792495,0.2496207505,high,0.5702387691,-0.011474167
m3_discounted,42,4,45,256a5ceb1fe87b9f23a66a55206039faf214b9b926fbe72aba2fd158983b62bf,t5,8,high,0.8046257049,0.1953742951,high,0.0766376853,-0.04087485
m3_discounted,42,4,45,256a5ceb1fe87b9f23a66a55206039faf214b9b926fbe72aba2fd158983b62bf,t10,18,high,0.7016501725,0.2983498275,high,1.551460028,-0.03920004517
m3_discounted,42,4,45,256a5ceb1fe87b9f23a66a55206039faf214b9b926fbe72aba2fd158983b62bf,t20,38,high,0.7522016317,0.2477983683,high,2.501470804,-0.1060520187
m3_discounted,42,4,45,256a5ceb1fe87b9f23a66a55206039faf214b9b926fbe72aba2fd158983b62bf,full,50,high,0.6449823976,0.3550176024,high,4.929346561,-0.08436192572
m3_discounted,42,4,50,e660b6010195823ff8abb7f5ac22b3e84ad23e55b4bfe23f84e74aa932c77d9a,t3,5,high,0.6753310859,0.3246689141,high,1.470048904,-0.01092610043
m3_discounted,42,4,50,e660b6010195823ff8abb7f5ac22b3e84ad23e55b4bfe23f84e74aa932c77d9a,t5,9,high,0.6856093407,0.3143906593,high,1.923441172,-0.01881055534
m3_discounted,42,4,50,e660b6010195823ff8abb7f5ac22b3e84ad23e55b4bfe23f84e74aa932c77d9a,t10,19,high,0.6419835091,0.3580164909,high,3.721694469,-0.01757484488
m3_discounted,42,4,50,e660b6010195823ff8abb7f5ac22b3e84ad23e55b4bfe23f84e74aa932c77d9a,t20,39,high,0.6166479588,0.3833520412,high,7.668430328,-0.1251969784
m3_discounted,42,4,50,e660b6010195823ff8abb7f5ac22b3e84ad23e55b4bfe23f84e74aa932c77d9a,full,49,high,0.5871697366,0.4128302634,high,10.07038784,-0.1616483331
m3_discounted,42,4,58,952764ee08a98895af51812c4985a51b674914b70701d789dc4ff497ab2cd741,t3,4,high,0.7087003589,0.2912996411,high,0.9031426907,0.01452032384
m3_discounted,42,4,58,952764ee08a98895af51812c4985a51b674914b70701d789dc4ff497ab2cd741,t5,8,high,0.6755151451,0.3244848549,high,1.773080587,-0.02166901901
m3_discounted,42,4,58,952764ee08a98895af51812c4985a51b674914b70701d789dc4ff497ab2cd741,t10,18,high,0.6717607379,0.3282392621,high,3.300964594,-0.07358804345
m3_discounted,42,4,58,952764ee08a98895af51812c4985a51b674914b70701d789dc4ff497ab2cd741,t20,38,high,0.6206875443,0.3793124557,high,6.550218105,-0.05555633083
m3_discounted,42,4,58,952764ee08a98895af51812c4985a51b674914b70701d789dc4ff497ab2cd741,full,99,high,0.6163316965,0.3836683035,high,19.08256912,-0.3345738053
m3_discounted,42,4,59,57e7316fb6c2aea7f22af2debf992411f162fb23b99f26e20ca9917a22800b28,t3,4,low,0.7148289382,0.2851710618,high,0.7508775592,0.04603810608
m3_discounted,42,4,59,57e7316fb6c2aea7f22af2debf992411f162fb23b99f26e20ca9917a22800b28,full,4,low,0.7148289382,0.2851710618,high,0.7508775592,0.04603810608
m3_discounted,42,4,62,f8e9ffc7e0ffb6235d54b1268168a35dda2087b04f0eb23655d9033041e4895d,t3,4,high,0.6952294409,0.3047705591,high,1.079859972,0.02034915052
m3_discounted,42,4,62,f8e9ffc7e0ffb6235d54b1268168a35dda2087b04f0eb23655d9033041e4895d,t5,8,high,0.6866661012,0.3133338988,high,1.66097188,0.02212198451
m3_discounted,42,4,62,f8e9ffc7e0ffb6235d54b1268168a35dda2087b04f0eb23655d9033041e4895d,t10,17,high,0.6559393406,0.3440606594,high,3.05439043,0.03812546283
m3_discounted,42,4,62,f8e9ffc7e0ffb6235d54b1268168a35dda2087b04f0eb23655d9033041e4895d,t20,37,high,0.5789984763,0.4210015237,high,7.841406822,0.08977015316
m3_discounted,42,4,62,f8e9ffc7e0ffb6235d54b1268168a35dda2087b04f0eb23655d9033041e4895d,full,45,high,0.572134316,0.427865684,high,9.786956787,0.08905209601
m3_discounted,42,4,68,86e764296ae0d3f82d5181fcf23d71b68aa16bec297d30d24b66814a0222bec9,t3,4,high,0.6899965703,0.3100034297,high,1.132190824,0.01307624672
m3_discounted,42,4,68,86e764296ae0d3f82d5181fcf23d71b68aa16bec297d30d24b66814a0222bec9,t5,8,high,0.6459495723,0.3540504277,high,2.120115042,0.05127649009
m3_discounted,42,4,68,86e764296ae0d3f82d5181fcf23d71b68aa16bec297d30d24b66814a0222bec9,t10,18,high,0.6466663182,0.3533336818,high,3.939928055,0.01968627609
m3_discounted,42,4,68,86e764296ae0d3f82d5181fcf23d71b68aa16bec297d30d24b66814a0222bec9,t20,38,high,0.6098968983,0.3901031017,high,7.839951992,0.01921836473
m3_discounted,42,4,68,86e764296ae0d3f82d5181fcf23d71b68aa16bec297d30d24b66814a0222bec9,full,203,high,0.6046985388,0.3953014612,high,32.25502777,-0.2630352676
m3_discounted,42,4,73,e553658a13d5730f215fe7abaa4ffcafffebacc2a2c811523c5848785b07feb6,t3,5,high,0.6922706664,0.3077293336,high,1.228561282,-0.00147818774
m3_discounted,42,4,73,e553658a13d5730f215fe7abaa4ffcafffebacc2a2c811523c5848785b07feb6,t5,9,high,0.6666962802,0.3333037198,high,2.075054646,-0.03462391719
m3_discounted,42,4,73,e553658a13d5730f215fe7abaa4ffcafffebacc2a2c811523c5848785b07feb6,t10,19,high,0.7038136721,0.2961863279,high,3.189245701,-0.1061231941
m3_discounted,42,4,73,e553658a13d5730f215fe7abaa4ffcafffebacc2a2c811523c5848785b07feb6,full,25,high,0.7371884584,0.2628115416,high,3.477067232,-0.1583360285
m3_discounted,42,4,89,a66012a80d34bfaefbf35c783b0cb519be49ffe11837f13fda441b6fe3ddf21a,t3,4,high,0.7415028214,0.2584971786,high,0.4923572242,0.05454592034
m3_discounted,42,4,89,a66012a80d34bfaefbf35c783b0cb519be49ffe11837f13fda441b6fe3ddf21a,t5,8,high,0.696942389,0.303057611,high,1.282197595,0.09099999815
m3_discounted,42,4,89,a66012a80d34bfaefbf35c783b0cb519be49ffe11837f13fda441b6fe3ddf21a,t10,18,high,0.7122226655,0.2877773345,high,2.109092951,0.07279780507
m3_discounted,42,4,89,a66012a80d34bfaefbf35c783b0cb519be49ffe11837f13fda441b6fe3ddf21a,t20,38,high,0.6229477823,0.3770522177,high,6.179129124,0.07904720306
m3_discounted,42,4,89,a66012a80d34bfaefbf35c783b0cb519be49ffe11837f13fda441b6fe3ddf21a,full,44,high,0.62911883,0.37088117,high,7.183158398,0.05994668603
m3_discounted,42,4,98,5223588a92753ef83373d79e22184bdfc746798fd2eec43f6e0d811eb386d59c,t3,4,high,0.6879083216,0.3120916784,high,1.187428355,-0.005089442246
m3_discounted,42,4,98,5223588a92753ef83373d79e22184bdfc746798fd2eec43f6e0d811eb386d59c,t5,8,high,0.6477945149,0.3522054851,high,2.157605648,0.02350962907
m3_discounted,42,4,98,5223588a92753ef83373d79e22184bdfc746798fd2eec43f6e0d811eb386d59c,t10,18,high,0.5984090865,0.4015909135,high,4.606426239,0.008543727919
m3_discounted,42,4,98,5223588a92753ef83373d79e22184bdfc746798fd2eec43f6e0d811eb386d59c,t20,38,high,0.5720216036,0.4279783964,high,9.33201313,0.09866522998
m3_discounted,42,4,98,5223588a92753ef83373d79e22184bdfc746798fd2eec43f6e0d811eb386d59c,full,393,high,0.5694908798,0.4305091202,high,82.75591278,-0.3311362267
m3_discounted,42,4,100,bdb51e8336d8c2a0de850780446afe2818d0b4eeee21137a9bc817eff040e3c0,t3,4,high,0.798374936,0.201625064,high,-0.1453431845,0.02028504014
m3_discounted,42,4,100,bdb51e8336d8c2a0de850780446afe2818d0b4eeee21137a9bc817eff040e3c0,t5,8,high,0.7820748836,0.2179251164,high,-0.01000078022,0.02387830243
m3_discounted,42,4,100,bdb51e8336d8c2a0de850780446afe2818d0b4eeee21137a9bc817eff040e3c0,t10,18,high,0.6858893931,0.3141106069,high,1.776465654,-0.04413900524
m3_discounted,42,4,100,bdb51e8336d8c2a0de850780446afe2818d0b4eeee21137a9bc817eff040e3c0,t20,38,high,0.65629825,0.34370175,high,5.429627419,-0.126083225
m3_discounted,42,4,100,bdb51e8336d8c2a0de850780446afe2818d0b4eeee21137a9bc817eff040e3c0,full,281,high,0.5833189785,0.4166810215,high,51.0777359,-1.145282865
m3_discounted,42,4,103,e660b6010195823ff8abb7f5ac22b3e84ad23e55b4bfe23f84e74aa932c77d9a,t3,4,high,0.7256902456,0.2743097544,high,0.7261369228,0.01712963358
m3_discounted,42,4,103,e660b6010195823ff8abb7f5ac22b3e84ad23e55b4bfe23f84e74aa932c77d9a,t5,8,high,0.6859575808,0.3140424192,high,1.561525583,0.01311557367
m3_discounted,42,4,103,e660b6010195823ff8abb7f5ac22b3e84ad23e55b4bfe23f84e74aa932c77d9a,full,16,high,0.6532545388,0.3467454612,high,3.134073496,-0.01610005088
m3_discounted,42,4,112,3a6ec6cf0cccb2db4bc4eb1d6583b28f6dc8816b49e0ae8aaa6a06484645efac,t3,4,high,0.6871018112,0.3128981888,high,1.233392477,-0.03037530929
m3_discounted,42,4,112,3a6ec6cf0cccb2db4bc4eb1d6583b28f6dc8816b49e0ae8aaa6a06484645efac,t5,8,high,0.7062763572,0.2937236428,high,1.632964253,-0.06647261232
m3_discounted,42,4,112,3a6ec6cf0cccb2db4bc4eb1d6583b28f6dc8816b49e0ae8aaa6a06484645efac,t10,18,high,0.7339869738,0.2660130262,high,2.026525497,-0.08777119964
m3_discounted,42,4,112,3a6ec6cf0cccb2db4bc4eb1d6583b28f6dc8816b49e0ae8aaa6a06484645efac,t20,38,high,0.7751230448,0.2248769552,high,1.908115625,-0.2447215915
m3_discounted,42,4,112,3a6ec6cf0cccb2db4bc4eb1d6583b28f6dc8816b49e0ae8aaa6a06484645efac,full,64,high,0.7235914469,0.2764085531,high,3.03810811,-0.2285256535
m3_discounted,42,4,122,e553658a13d5730f215fe7abaa4ffcafffebacc2a2c811523c5848785b07feb6,t3,5,high,0.7852914631,0.2147085369,high,-0.04773338884,-0.05510243773
m3_discounted,42,4,122,e553658a13d5730f215fe7abaa4ffcafffebacc2a2c811523c5848785b07feb6,t5,9,high,0.805293873,0.194706127,high,-0.303519845,-0.09348453581
m3_discounted,42,4,122,e553658a13d5730f215fe7abaa4ffcafffebacc2a2c811523c5848785b07feb6,t10,19,high,0.7640967816,0.2359032184,high,0.2543801665,-0.1888917983
m3_discounted,42,4,122,e553658a13d5730f215fe7abaa4ffcafffebacc2a2c811523c5848785b07feb6,full,25,high,0.705709219,0.294290781,high,1.365396023,-0.1962335408
m3_discounted,42,4,124,4f828f23a69a02612b535ecc3b578f0a9ef09ead831878c8330854912886c5a7,t3,5,high,0.7509637028,0.2490362972,high,0.6833792925,-0.01577021554
m3_discounted,42,4,124,4f828f23a69a02612b535ecc3b578f0a9ef09ead831878c8330854912886c5a7,t5,9,high,0.793938145,0.206061855,high,0.3386339545,-0.01652759314
m3_discounted,42,4,124,4f828f23a69a02612b535ecc3b578f0a9ef09ead831878c8330854912886c5a7,t10,19,high,0.7393760681,0.2606239319,high,0.8879055381,0.006268425845
m3_discounted,42,4,124,4f828f23a69a02612b535ecc3b578f0a9ef09ead831878c8330854912886c5a7,t20,39,high,0.6481574476,0.3518425524,high,4.541167736,0.08253261447
m3_discounted,42,4,124,4f828f23a69a02612b535ecc3b578f0a9ef09ead831878c8330854912886c5a7,full,53,high,0.6106427312,0.3893572688,high,7.253696442,0.05847216025
m3_discounted,42,4,132,95bf0f1bedb8e4250b3f6ee2dd241da6f07f8e65d2fc1c27c4c900116b2d104c,t3,4,high,0.6867005527,0.3132994473,high,1.201110363,0.01326830126
m3_discounted,42,4,132,95bf0f1bedb8e4250b3f6ee2dd241da6f07f8e65d2fc1c27c4c900116b2d104c,t5,8,high,0.6454440951,0.3545559049,high,2.174634933,0.04973303527
m3_discounted,42,4,132,95bf0f1bedb8e4250b3f6ee2dd241da6f07f8e65d2fc1c27c4c900116b2d104c,t10,18,high,0.5910556018,0.4089443982,high,4.597074032,0.1144854352
m3_discounted,42,4,132,95bf0f1bedb8e4250b3f6ee2dd241da6f07f8e65d2fc1c27c4c900116b2d104c,t20,38,high,0.5942010283,0.4057989717,high,8.705763817,0.2177394629
m3_discounted,42,4,132,95bf0f1bedb8e4250b3f6ee2dd241da6f07f8e65d2fc1c27c4c900116b2d104c,full,38,high,0.5942010283,0.4057989717,high,8.705763817,0.2177394629
m3_discounted,101,4,0,0975c479310c006373f337dd0ad7a1b5438b2d205e3489d9920c6e86e5fdbc46,t3,4,high,0.6920181513,0.3079818487,high,1.121165037,0.02336930297
m3_discounted,101,4,0,0975c479310c006373f337dd0ad7a1b5438b2d205e3489d9920c6e86e5fdbc46,t5,8,high,0.6629343331,0.3370656669,high,1.97635901,0.03418857232
m3_discounted,101,4,0,0975c479310c006373f337dd0ad7a1b5438b2d205e3489d9920c6e86e5fdbc46,t10,18,high,0.6183110476,0.3816889524,high,4.21598196,0.04848799855
m3_discounted,101,4,0,0975c479310c006373f337dd0ad7a1b5438b2d205e3489d9920c6e86e5fdbc46,t20,38,high,0.7272580862,0.2727419138,high,5.496659756,0.07194472849
m3_discounted,101,4,0,0975c479310c006373f337dd0ad7a1b5438b2d205e3489d9920c6e86e5fdbc46,full,52,high,0.7609049231,0.2390950769,high,5.851507664,0.07971476763
m3_discounted,101,4,1,d824fbb44e854e98bdec49929ed132bd2f214eb9a16c2247f40b049e74673714,t3,4,high,0.721458286,0.278541714,high,0.7975838184,0.0130310338
m3_discounted,101,4,1,d824fbb44e854e98bdec49929ed132bd2f214eb9a16c2247f40b049e74673714,t5,8,high,0.6950033605,0.3049966395,high,1.466014147,0.0324125737
m3_discounted,101,4,1,d824fbb44e854e98bdec49929ed132bd2f214eb9a16c2247f40b049e74673714,t10,18,high,0.702385515,0.297614485,high,2.633687973,0.02848537266
m3_discounted,101,4,1,d824fbb44e854e98bdec49929ed132bd2f214eb9a16c2247f40b049e74673714,full,36,high,0.7043876648,0.2956123352,high,4.56231308,0.06000912562
m3_discounted,101,4,3,e660b6010195823ff8abb7f5ac22b3e84ad23e55b4bfe23f84e74aa932c77d9a,t3,5,high,0.7391564548,0.2608435452,high,0.6355682611,-0.02174521983
m3_discounted,101,4,3,e660b6010195823ff8abb7f5ac22b3e84ad23e55b4bfe23f84e74aa932c77d9a,t5,9,high,0.7179270387,0.2820729613,high,1.192288995,-0.02295370772
m3_discounted,101,4,3,e660b6010195823ff8abb7f5ac22b3e84ad23e55b4bfe23f84e74aa932c77d9a,full,15,high,0.7318691909,0.2681308091,high,1.533649325,-0.04303403571
m3_discounted,101,4,6,384b0ba2da0f7a1aaf92176857f6b862b243c54a44b1a60ad1512e22fb6d4f57,t3,4,high,0.7877267301,0.2122732699,high,0.06150220335,-0.0316234678
m3_discounted,101,4,6,384b0ba2da0f7a1aaf92176857f6b862b243c54a44b1a60ad1512e22fb6d4f57,t5,8,high,0.7849448919,0.2150551081,high,0.1258856356,-0.03390842676
m3_discounted,101,4,6,384b0ba2da0f7a1aaf92176857f6b862b243c54a44b1a60ad1512e22fb6d4f57,t10,18,high,0.784742862,0.215257138,high,-0.0005686581135,-0.0374443531
m3_discounted,101,4,6,384b0ba2da0f7a1aaf92176857f6b862b243c54a44b1a60ad1512e22fb6d4f57,t20,38,high,0.8025520742,0.1974479258,high,0.08013185114,-0.1166701615
m3_discounted,101,4,6,384b0ba2da0f7a1aaf92176857f6b862b243c54a44b1a60ad1512e22fb6d4f57,full,52,high,0.7860054225,0.2139945775,high,-0.003287211061,-0.135765925
m3_discounted,101,4,9,bd6bdeca4d4d58b93dcd52052f780fcb2ab8a2a77ef89be9ded9271136bf1260,t3,4,low,0.7232537568,0.2767462432,high,0.7314526439,0.02049140632
m3_discounted,101,4,9,bd6bdeca4d4d58b93dcd52052f780fcb2ab8a2a77ef89be9ded9271136bf1260,t5,8,low,0.7145569921,0.2854430079,high,1.144462109,0.03808729351
m3_discounted,101,4,9,bd6bdeca4d4d58b93dcd52052f780fcb2ab8a2a77ef89be9ded9271136bf1260,t10,18,low,0.6605554223,0.3394445777,high,2.919552088,0.07897159457
m3_discounted,101,4,9,bd6bdeca4d4d58b93dcd52052f780fcb2ab8a2a77ef89be9ded9271136bf1260,full,26,low,0.6299194694,0.3700805306,high,4.521689415,0.09705850482
m3_discounted,101,4,12,d751de9a9d281b7d8f3a57160f2880d8a6bb4d189690de0f7d7f2b033ad650a4,t3,4,high,0.6942116916,0.3057883084,high,1.1026299,0.02117827535
m3_discounted,101,4,12,d751de9a9d281b7d8f3a57160f2880d8a6bb4d189690de0f7d7f2b033ad650a4,t5,8,high,0.6787934601,0.3212065399,high,1.805102229,0.02403814718
m3_discounted,101,4,12,d751de9a9d281b7d8f3a57160f2880d8a6bb4d189690de0f7d7f2b033ad650a4,t10,16,high,0.7514038086,0.2485961914,high,1.516958475,0.01519766729
m3_discounted,101,4,12,d751de9a9d281b7d8f3a57160f2880d8a6bb4d189690de0f7d7f2b033ad650a4,t20,36,high,0.7199034095,0.2800965905,high,3.000102758,0.04266866297
m3_discounted,101,4,12,d751de9a9d281b7d8f3a57160f2880d8a6bb4d189690de0f7d7f2b033ad650a4,full,50,high,0.6371756494,0.3628243506,high,5.768415451,0.1070574969
m3_discounted,101,4,19,e660b6010195823ff8abb7f5ac22b3e84ad23e55b4bfe23f84e74aa932c77d9a,t3,4,high,0.8026735932,0.1973264068,high,-0.2240721583,-0.03443978354
m3_discounted,101,4,19,e660b6010195823ff8abb7f5ac22b3e84ad23e55b4bfe23f84e74aa932c77d9a,t5,8,high,0.8192754537,0.1807245463,high,-0.5560101271,-0.06939604133
m3_discounted,101,4,19,e660b6010195823ff8abb7f5ac22b3e84ad23e55b4bfe23f84e74aa932c77d9a,full,16,high,0.8014088422,0.1985911578,high,-0.6356440783,-0.1020146161
m3_discounted,101,4,23,56c65c573eb4b7bbca1e8a62ea910f474527ca7cc22d0832f7b8985143579c47,t3,4,high,0.7538484335,0.2461515665,high,0.4383907616,-0.03569262475
m3_discounted,101,4,23,56c65c573eb4b7bbca1e8a62ea910f474527ca7cc22d0832f7b8985143579c47,t5,8,high,0.7636063993,0.2363936007,high,0.5699455738,-0.04944936186
m3_discounted,101,4,23,56c65c573eb4b7bbca1e8a62ea910f474527ca7cc22d0832f7b8985143579c47,t10,18,high,0.7821415663,0.2178584337,high,0.5839941502,-0.05036121979
m3_discounted,101,4,23,56c65c573eb4b7bbca1e8a62ea910f474527ca7cc22d0832f7b8985143579c47,t20,38,high,0.8376000375,0.1623999625,high,-1.376355648,-0.1311437041
m3_discounted,101,4,23,56c65c573eb4b7bbca1e8a62ea910f474527ca7cc22d0832f7b8985143579c47,full,78,high,0.8560187072,0.1439812928,high,-4.881437302,-0.2309825867
m3_discounted,101,4,30,0b66f0012a6499ae22a3ba3ea556348c4d65f1f039265ec21e4ad82aba2b5dab,t3,4,high,0.7504116297,0.2495883703,high,0.5193352103,-0.02504635043
m3_discounted,101,4,30,0b66f0012a6499ae22a3ba3ea556348c4d65f1f039265ec21e4ad82aba2b5dab,t5,8,high,0.7511478662,0.2488521338,high,0.6863101125,-0.01035171468
m3_discounted,101,4,30,0b66f0012a6499ae22a3ba3ea556348c4d65f1f039265ec21e4ad82aba2b5dab,t10,18,high,0.8089528233,0.1910471767,high,0.06332661957,-0.03291786462
m3_discounted,101,4,30,0b66f0012a6499ae22a3ba3ea556348c4d65f1f039265ec21e4ad82aba2b5dab,full,28,high,0.8177686334,0.1822313666,high,-0.4332556427,-0.03879015893
m3_discounted,101,4,39,ba4f78fc596e7483b05f73b0a4f0c57215df572dab1d75cba29cf1873022b267,t3,4,high,0.804765746,0.195234254,high,-0.2940142155,-0.006038434338
m3_discounted,101,4,39,ba4f78fc596e7483b05f73b0a4f0c57215df572dab1d75cba29cf1873022b267,t5,8,high,0.7884942591,0.2115057409,high,-0.07626473904,-0.03452037275
m3_discounted,101,4,39,ba4f78fc596e7483b05f73b0a4f0c57215df572dab1d75cba29cf1873022b267,t10,18,high,0.7514804304,0.2485195696,high,0.5379318595,-0.04519271106
m3_discounted,101,4,39,ba4f78fc596e7483b05f73b0a4f0c57215df572dab1d75cba29cf1873022b267,t20,38,high,0.6916953325,0.3083046675,high,3.461870193,-0.06179951876
m3_discounted,101,4,39,ba4f78fc596e7483b05f73b0a4f0c57215df572dab1d75cba29cf1873022b267,full,71,high,0.6904873252,0.3095126748,high,6.586378574,-0.1215136051
m3_discounted,101,4,40,e660b6010195823ff8abb7f5ac22b3e84ad23e55b4bfe23f84e74aa932c77d9a,t3,5,high,0.7493864,0.2506136,high,0.4963544607,-0.01686579548
m3_discounted,101,4,40,e660b6010195823ff8abb7f5ac22b3e84ad23e55b4bfe23f84e74aa932c77d9a,t5,9,high,0.7323450744,0.2676549256,high,0.9405903816,-0.03843801469
m3_discounted,101,4,40,e660b6010195823ff8abb7f5ac22b3e84ad23e55b4bfe23f84e74aa932c77d9a,t10,19,high,0.7627809346,0.2372190654,high,1.35924983,-0.07625351846
m3_discounted,101,4,40,e660b6010195823ff8abb7f5ac22b3e84ad23e55b4bfe23f84e74aa932c77d9a,full,19,high,0.7627809346,0.2372190654,high,1.35924983,-0.07625351846
m3_discounted,101,4,41,298f1741927a10b95fab08a2419835f2d89a49ade874c77e541bf480e574fcca,t3,4,high,0.7769825757,0.2230174243,high,0.1204131544,-0.01579914801
m3_discounted,101,4,41,298f1741927a10b95fab08a2419835f2d89a49ade874c77e541bf480e574fcca,t5,8,high,0.7502944171,0.2497055829,high,0.5934558511,-0.03514688462
m3_discounted,101,4,41,298f1741927a10b95fab08a2419835f2d89a49ade874c77e541bf480e574fcca,t10,18,high,0.744997263,0.255002737,high,1.431977034,-0.05328517035
m3_discounted,101,4,41,298f1741927a10b95fab08a2419835f2d89a49ade874c77e541bf480e574fcca,t20,39,high,0.8241399527,0.1758600473,high,0.7461894751,-0.1003379896
m3_discounted,101,4,41,298f1741927a10b95fab08a2419835f2d89a49ade874c77e541bf480e574fcca,full,83,high,0.8410504311,0.1589495689,high,-2.920833111,-0.3390837908
m3_discounted,101,4,45,256a5ceb1fe87b9f23a66a55206039faf214b9b926fbe72aba2fd158983b62bf,t3,4,high,0.7775275558,0.2224724442,high,0.2403047085,-0.0259793289
m3_discounted,101,4,45,256a5ceb1fe87b9f23a66a55206039faf214b9b926fbe72aba2fd158983b62bf,t5,8,high,0.7796400934,0.2203599066,high,0.3511686623,-0.05749408528
m3_discounted,101,4,45,256a5ceb1fe87b9f23a66a55206039faf214b9b926fbe72aba2fd158983b62bf,t10,18,high,0.8071494997,0.1928505003,high,0.01432055235,-0.07857185602
m3_discounted,101,4,45,256a5ceb1fe87b9f23a66a55206039faf214b9b926fbe72aba2fd158983b62bf,t20,38,high,0.8564032018,0.1435967982,high,-2.479371786,-0.1609453559
m3_discounted,101,4,45,256a5ceb1fe87b9f23a66a55206039faf214b9b926fbe72aba2fd158983b62bf,full,50,high,0.8180114031,0.1819885969,high,-2.970674992,-0.1745542735
m3_discounted,101,4,50,e660b6010195823ff8abb7f5ac22b3e84ad23e55b4bfe23f84e74aa932c77d9a,t3,5,high,0.7039906979,0.2960093021,high,1.173697829,-0.01848127693
m3_discounted,101,4,50,e660b6010195823ff8abb7f5ac22b3e84ad23e55b4bfe23f84e74aa932c77d9a,t5,9,high,0.7077207565,0.2922792435,high,1.553022146,-0.02510654554
m3_discounted,101,4,50,e660b6010195823ff8abb7f5ac22b3e84ad23e55b4bfe23f84e74aa932c77d9a,t10,19,high,0.7018663883,0.2981336117,high,2.714163303,-0.04607945681
m3_discounted,101,4,50,e660b6010195823ff8abb7f5ac22b3e84ad23e55b4bfe23f84e74aa932c77d9a,t20,39,high,0.6986348331,0.3013651669,high,4.717778206,-0.1169325337
m3_discounted,101,4,50,e660b6010195823ff8abb7f5ac22b3e84ad23e55b4bfe23f84e74aa932c77d9a,full,49,high,0.6608799398,0.3391200602,high,6.552326679,-0.1486778706
m3_discounted,101,4,58,952764ee08a98895af51812c4985a51b674914b70701d789dc4ff497ab2cd741,t3,4,high,0.774517566,0.225482434,high,0.07851319015,-0.005203876644
m3_discounted,101,4,58,952764ee08a98895af51812c4985a51b674914b70701d789dc4ff497ab2cd741,t5,8,high,0.7312470376,0.2687529624,high,0.7512270212,-0.02861841023
m3_discounted,101,4,58,952764ee08a98895af51812c4985a51b674914b70701d789dc4ff497ab2cd741,t10,18,high,0.7840539217,0.2159460783,high,0.5807973146,-0.07178878039
m3_discounted,101,4,58,952764ee08a98895af51812c4985a51b674914b70701d789dc4ff497ab2cd741,t20,38,high,0.7305161953,0.2694838047,high,1.416329384,-0.08766392618
m3_discounted,101,4,58,952764ee08a98895af51812c4985a51b674914b70701d789dc4ff497ab2cd741,full,99,high,0.7613520175,0.2386479825,high,5.030499458,-0.3276548386
m3_discounted,101,4,59,57e7316fb6c2aea7f22af2debf992411f162fb23b99f26e20ca9917a22800b28,t3,4,low,0.7583178878,0.2416821122,high,0.2306751162,0.02822067589
m3_discounted,101,4,59,57e7316fb6c2aea7f22af2debf992411f162fb23b99f26e20ca9917a22800b28,full,4,low,0.7583178878,0.2416821122,high,0.2306751162,0.02822067589
m3_discounted,101,4,62,f8e9ffc7e0ffb6235d54b1268168a35dda2087b04f0eb23655d9033041e4895d,t3,4,high,0.7940973938,0.2059026062,high,-0.1630482227,0.001172587276
m3_discounted,101,4,62,f8e9ffc7e0ffb6235d54b1268168a35dda2087b04f0eb23655d9033041e4895d,t5,8,high,0.7882952839,0.2117047161,high,-0.1168521941,-0.0120912781
m3_discounted,101,4,62,f8e9ffc7e0ffb6235d54b1268168a35dda2087b04f0eb23655d9033041e4895d,t10,17,high,0.7535344511,0.2464655489,high,0.3311947882,-0.009824678302
m3_discounted,101,4,62,f8e9ffc7e0ffb6235d54b1268168a35dda2087b04f0eb23655d9033041e4895d,t20,37,high,0.6372468174,0.3627531826,high,3.726171732,0.03400243819
m3_discounted,101,4,62,f8e9ffc7e0ffb6235d54b1268168a35dda2087b04f0eb23655d9033041e4895d,full,45,high,0.6842105389,0.3157894611,high,4.625871658,0.03557642549
m3_discounted,101,4,68,86e764296ae0d3f82d5181fcf23d71b68aa16bec297d30d24b66814a0222bec9,t3,4,high,0.8208437413,0.1791562587,high,-0.5176932812,0.007467135321
m3_discounted,101,4,68,86e764296ae0d3f82d5181fcf23d71b68aa16bec297d30d24b66814a0222bec9,t5,8,high,0.7587343156,0.2412656844,high,0.1795682758,0.01856490225
m3_discounted,101,4,68,86e764296ae0d3f82d5181fcf23d71b68aa16bec297d30d24b66814a0222bec9,t10,18,high,0.7177341878,0.2822658122,high,1.558653355,-0.02098146081
m3_discounted,101,4,68,86e764296ae0d3f82d5181fcf23d71b68aa16bec297d30d24b66814a0222bec9,t20,38,high,0.7371590436,0.2628409564,high,2.810771465,-0.05658514798
m3_discounted,101,4,68,86e764296ae0d3f82d5181fcf23d71b68aa16bec297d30d24b66814a0222bec9,full,203,high,0.705342859,0.294657141,high,9.394340515,-0.4414619207
m3_discounted,101,4,73,e553658a13d5730f215fe7abaa4ffcafffebacc2a2c811523c5848785b07feb6,t3,5,high,0.7211825252,0.2788174748,high,0.8840587735,-0.01159764919
m3_discounted,101,4,73,e553658a13d5730f215fe7abaa4ffcafffebacc2a2c811523c5848785b07feb6,t5,9,high,0.732370168,0.267629832,high,1.121364713,-0.03982448578
m3_discounted,101,4,73,e553658a13d5730f215fe7abaa4ffcafffebacc2a2c811523c5848785b07feb6,t10,19,high,0.8131227493,0.1868772507,high,0.6000577211,-0.1037470773
m3_discounted,101,4,73,e553658a13d5730f215fe7abaa4ffcafffebacc2a2c811523c5848785b07feb6,full,25,high,0.8283348083,0.1716651917,high,0.2227935493,-0.1541920602
m3_discounted,101,4,89,a66012a80d34bfaefbf35c783b0cb519be49ffe11837f13fda441b6fe3ddf21a,t3,4,high,0.8097152114,0.1902847886,high,-0.4073981643,0.01108132862
m3_discounted,101,4,89,a66012a80d34bfaefbf35c783b0cb519be49ffe11837f13fda441b6fe3ddf21a,t5,8,high,0.7827707827,0.2172292173,high,-0.1769696474,0.01925225556
m3_discounted,101,4,89,a66012a80d34bfaefbf35c783b0cb519be49ffe11837f13fda441b6fe3ddf21a,t10,18,high,0.8210096061,0.1789903939,high,-0.9198303819,-0.001277670264
m3_discounted,101,4,89,a66012a80d34bfaefbf35c783b0cb519be49ffe11837f13fda441b6fe3ddf21a,t20,38,high,0.7622089982,0.2377910018,high,0.1327198446,-0.02721514553
m3_discounted,101,4,89,a66012a80d34bfaefbf35c783b0cb519be49ffe11837f13fda441b6fe3ddf21a,full,44,high,0.7670332044,0.2329667956,high,0.2397965342,-0.04268673062
m3_discounted,101,4,98,5223588a92753ef83373d79e22184bdfc746798fd2eec43f6e0d811eb386d59c,t3,4,high,0.799193576,0.200806424,high,-0.1260229051,-0.008215215988
m3_discounted,101,4,98,5223588a92753ef83373d79e22184bdfc746798fd2eec43f6e0d811eb386d59c,t5,8,high,0.7521221787,0.2478778213,high,0.4953658879,0.005130147096
m3_discounted,101,4,98,5223588a92753ef83373d79e22184bdfc746798fd2eec43f6e0d811eb386d59c,t10,18,high,0.7191596925,0.2808403075,high,1.782062769,-0.01345852017
m3_discounted,101,4,98,5223588a92753ef83373d79e22184bdfc746798fd2eec43f6e0d811eb386d59c,t20,38,high,0.6415651143,0.3584348857,high,5.521893501,0.02237030119
m3_discounted,101,4,98,5223588a92753ef83373d79e22184bdfc746798fd2eec43f6e0d811eb386d59c,full,393,high,0.6533935964,0.3466064036,high,52.13971329,-0.6791521311
m3_discounted,101,4,100,bdb51e8336d8c2a0de850780446afe2818d0b4eeee21137a9bc817eff040e3c0,t3,4,high,0.8488354981,0.1511645019,high,-0.9077572227,-0.003472916316
m3_discounted,101,4,100,bdb51e8336d8c2a0de850780446afe2818d0b4eeee21137a9bc817eff040e3c0,t5,8,high,0.8158744127,0.1841255873,high,-0.8074490428,-0.006533270702
m3_discounted,101,4,100,bdb51e8336d8c2a0de850780446afe2818d0b4eeee21137a9bc817eff040e3c0,t10,18,high,0.7664922327,0.2335077673,high,-0.2552982569,-0.05260184035
m3_discounted,101,4,100,bdb51e8336d8c2a0de850780446afe2818d0b4eeee21137a9bc817eff040e3c0,t20,38,high,0.8044041842,0.1955958158,high,-0.2359456718,-0.1424067318
m3_discounted,101,4,100,bdb51e8336d8c2a0de850780446afe2818d0b4eeee21137a9bc817eff040e3c0,full,281,high,0.6844955087,0.3155044913,high,19.26109314,-0.8871519566
m3_discounted,101,4,103,e660b6010195823ff8abb7f5ac22b3e84ad23e55b4bfe23f84e74aa932c77d9a,t3,4,high,0.7864659727,0.2135340273,high,0.01460312307,-0.004471570253
m3_discounted,101,4,103,e660b6010195823ff8abb7f5ac22b3e84ad23e55b4bfe23f84e74aa932c77d9a,t5,8,high,0.7928816229,0.2071183771,high,-0.04401860759,-0.01877878234
m3_discounted,101,4,103,e660b6010195823ff8abb7f5ac22b3e84ad23e55b4bfe23f84e74aa932c77d9a,full,16,high,0.7675325125,0.2324674875,high,0.495626837,-0.04498073459
m3_discounted,101,4,112,3a6ec6cf0cccb2db4bc4eb1d6583b28f6dc8816b49e0ae8aaa6a06484645efac,t3,4,high,0.6868667305,0.3131332695,high,1.217497706,-0.01361059491
m3_discounted,101,4,112,3a6ec6cf0cccb2db4bc4eb1d6583b28f6dc8816b49e0ae8aaa6a06484645efac,t5,8,high,0.7237452567,0.2762547433,high,1.409760833,-0.0457329452
m3_discounted,101,4,112,3a6ec6cf0cccb2db4bc4eb1d6583b28f6dc8816b49e0ae8aaa6a06484645efac,t10,18,high,0.7903062999,0.2096937001,high,0.8793071508,-0.08337093145
m3_discounted,101,4,112,3a6ec6cf0cccb2db4bc4eb1d6583b28f6dc8816b49e0ae8aaa6a06484645efac,t20,38,high,0.8424263149,0.1575736851,high,-0.9447379112,-0.1995393634
m3_discounted,101,4,112,3a6ec6cf0cccb2db4bc4eb1d6583b28f6dc8816b49e0ae8aaa6a06484645efac,full,64,high,0.8578171283,0.1421828717,high,-3.119060993,-0.2268974632
m3_discounted,101,4,122,e553658a13d5730f215fe7abaa4ffcafffebacc2a2c811523c5848785b07feb6,t3,5,high,0.7947872728,0.2052127272,high,-0.2247064114,-0.03177049384
m3_discounted,101,4,122,e553658a13d5730f215fe7abaa4ffcafffebacc2a2c811523c5848785b07feb6,t5,9,high,0.8097921312,0.1902078688,high,-0.5019208193,-0.05314695463
m3_discounted,101,4,122,e553658a13d5730f215fe7abaa4ffcafffebacc2a2c811523c5848785b07feb6,t10,19,high,0.7689529061,0.2310470939,high,0.04145993292,-0.1230098084
m3_discounted,101,4,122,e553658a13d5730f215fe7abaa4ffcafffebacc2a2c811523c5848785b07feb6,full,25,high,0.7235492766,0.2764507234,high,0.8383893967,-0.1385503262
m3_discounted,101,4,124,4f828f23a69a02612b535ecc3b578f0a9ef09ead831878c8330854912886c5a7,t3,5,high,0.8242112994,0.1757887006,high,-0.5229386687,-0.02855181322
m3_discounted,101,4,124,4f828f23a69a02612b535ecc3b578f0a9ef09ead831878c8330854912886c5a7,t5,9,high,0.8253599405,0.1746400595,high,-0.7401509285,-0.03947371244
m3_discounted,101,4,124,4f828f23a69a02612b535ecc3b578f0a9ef09ead831878c8330854912886c5a7,t10,19,high,0.7786773294,0.2213226706,high,-0.6071339846,-0.03194785491
m3_discounted,101,4,124,4f828f23a69a02612b535ecc3b578f0a9ef09ead831878c8330854912886c5a7,t20,39,high,0.7568452209,0.2431547791,high,1.213015199,-0.006624862552
m3_discounted,101,4,124,4f828f23a69a02612b535ecc3b578f0a9ef09ead831878c8330854912886c5a7,full,53,high,0.7939871401,0.2060128599,high,1.081729174,-0.04139649123
m3_discounted,101,4,132,95bf0f1bedb8e4250b3f6ee2dd241da6f07f8e65d2fc1c27c4c900116b2d104c,t3,4,high,0.6959266663,0.3040733337,high,1.124539614,0.005739109591
m3_discounted,101,4,132,95bf0f1bedb8e4250b3f6ee2dd241da6f07f8e65d2fc1c27c4c900116b2d104c,t5,8,high,0.6652110219,0.3347889781,high,1.965193748,0.0240895655
m3_discounted,101,4,132,95bf0f1bedb8e4250b3f6ee2dd241da6f07f8e65d2fc1c27c4c900116b2d104c,t10,18,high,0.7093043923,0.2906956077,high,2.880400658,0.04129078239
m3_discounted,101,4,132,95bf0f1bedb8e4250b3f6ee2dd241da6f07f8e65d2fc1c27c4c900116b2d104c,t20,38,high,0.7312973738,0.2687026262,high,3.272294998,0.09016712755
m3_discounted,101,4,132,95bf0f1bedb8e4250b3f6ee2dd241da6f07f8e65d2fc1c27c4c900116b2d104c,full,38,high,0.7312973738,0.2687026262,high,3.272294998,0.09016712755
m3_discounted,314,4,0,0975c479310c006373f337dd0ad7a1b5438b2d205e3489d9920c6e86e5fdbc46,t3,4,high,0.7531386614,0.2468613386,high,0.4631509483,0.05017483979
m3_discounted,314,4,0,0975c479310c006373f337dd0ad7a1b5438b2d205e3489d9920c6e86e5fdbc46,t5,8,high,0.74773103,0.25226897,high,0.7367126346,0.075915806
m3_discounted,314,4,0,0975c479310c006373f337dd0ad7a1b5438b2d205e3489d9920c6e86e5fdbc46,t10,18,high,0.6858117282,0.3141882718,high,2.515589952,0.05230369419
m3_discounted,314,4,0,0975c479310c006373f337dd0ad7a1b5438b2d205e3489d9920c6e86e5fdbc46,t20,38,high,0.76175493,0.23824507,high,3.076368332,0.02826881036
m3_discounted,314,4,0,0975c479310c006373f337dd0ad7a1b5438b2d205e3489d9920c6e86e5fdbc46,full,52,high,0.7085825503,0.2914174497,high,4.494715214,0.01582358405
m3_discounted,314,4,1,d824fbb44e854e98bdec49929ed132bd2f214eb9a16c2247f40b049e74673714,t3,4,high,0.6994825602,0.3005174398,high,1.063928843,0.003027739935
m3_discounted,314,4,1,d824fbb44e854e98bdec49929ed132bd2f214eb9a16c2247f40b049e74673714,t5,8,high,0.7015506923,0.2984493077,high,1.559867978,0.01258914825
m3_discounted,314,4,1,d824fbb44e854e98bdec49929ed132bd2f214eb9a16c2247f40b049e74673714,t10,18,high,0.7783916593,0.2216083407,high,1.297265172,0.04104474187
m3_discounted,314,4,1,d824fbb44e854e98bdec49929ed132bd2f214eb9a16c2247f40b049e74673714,full,36,high,0.6308752,0.3691248,high,4.835422516,0.003613622859
m3_discounted,314,4,3,e660b6010195823ff8abb7f5ac22b3e84ad23e55b4bfe23f84e74aa932c77d9a,t3,5,high,0.789419502,0.210580498,high,0.1183232814,-0.03623068705
m3_discounted,314,4,3,e660b6010195823ff8abb7f5ac22b3e84ad23e55b4bfe23f84e74aa932c77d9a,t5,9,high,0.7895177901,0.2104822099,high,0.09275978804,-0.06147572026
m3_discounted,314,4,3,e660b6010195823ff8abb7f5ac22b3e84ad23e55b4bfe23f84e74aa932c77d9a,full,15,high,0.7442064583,0.2557935417,high,0.8076584935,-0.0905316174
m3_discounted,314,4,6,384b0ba2da0f7a1aaf92176857f6b862b243c54a44b1a60ad1512e22fb6d4f57,t3,4,high,0.8427981287,0.1572018713,high,-0.8132439256,-0.01358367782
m3_discounted,314,4,6,384b0ba2da0f7a1aaf92176857f6b862b243c54a44b1a60ad1512e22fb6d4f57,t5,8,high,0.8308049589,0.1691950411,high,-1.003138661,-0.03071199916
m3_discounted,314,4,6,384b0ba2da0f7a1aaf92176857f6b862b243c54a44b1a60ad1512e22fb6d4f57,t10,18,high,0.8006522655,0.1993477345,high,-1.110814929,-0.04953631759
m3_discounted,314,4,6,384b0ba2da0f7a1aaf92176857f6b862b243c54a44b1a60ad1512e22fb6d4f57,t20,38,high,0.76433222,0.23566778,high,-0.3525522947,-0.09875244647
m3_discounted,314,4,6,384b0ba2da0f7a1aaf92176857f6b862b243c54a44b1a60ad1512e22fb6d4f57,full,52,high,0.8000460714,0.1999539286,high,-0.8944349289,-0.1394374073
m3_discounted,314,4,9,bd6bdeca4d4d58b93dcd52052f780fcb2ab8a2a77ef89be9ded9271136bf1260,t3,4,low,0.7651994377,0.2348005623,high,0.3577157259,0.002115015872
m3_discounted,314,4,9,bd6bdeca4d4d58b93dcd52052f780fcb2ab8a2a77ef89be9ded9271136bf1260,t5,8,low,0.7494768798,0.2505231202,high,0.6668450832,0.004287340678
m3_discounted,314,4,9,bd6bdeca4d4d58b93dcd52052f780fcb2ab8a2a77ef89be9ded9271136bf1260,t10,18,low,0.6837770641,0.3162229359,high,2.175694942,0.003027266823
m3_discounted,314,4,9,bd6bdeca4d4d58b93dcd52052f780fcb2ab8a2a77ef89be9ded9271136bf1260,full,26,low,0.658837676,0.341162324,high,3.407766819,0.01511263847
m3_discounted,314,4,12,d751de9a9d281b7d8f3a57160f2880d8a6bb4d189690de0f7d7f2b033ad650a4,t3,4,high,0.7331730723,0.2668269277,high,0.7244105339,-0.01889782771
m3_discounted,314,4,12,d751de9a9d281b7d8f3a57160f2880d8a6bb4d189690de0f7d7f2b033ad650a4,t5,8,high,0.7236844301,0.2763155699,high,1.197438359,-0.0363813825
m3_discounted,314,4,12,d751de9a9d281b7d8f3a57160f2880d8a6bb4d189690de0f7d7f2b033ad650a4,t10,16,high,0.7617857158,0.2382142842,high,1.094118834,-0.05730774254
m3_discounted,314,4,12,d751de9a9d281b7d8f3a57160f2880d8a6bb4d189690de0f7d7f2b033ad650a4,t20,36,high,0.7127600014,0.2872399986,high,2.383666039,-0.08379532397
m3_discounted,314,4,12,d751de9a9d281b7d8f3a57160f2880d8a6bb4d189690de0f7d7f2b033ad650a4,full,50,high,0.6205969751,0.3794030249,high,5.482364655,-0.002640952356
m3_discounted,314,4,19,e660b6010195823ff8abb7f5ac22b3e84ad23e55b4bfe23f84e74aa932c77d9a,t3,4,high,0.8027312607,0.1972687393,high,-0.2627481818,-0.03834661841
m3_discounted,314,4,19,e660b6010195823ff8abb7f5ac22b3e84ad23e55b4bfe23f84e74aa932c77d9a,t5,8,high,0.8232988119,0.1767011881,high,-0.689719677,-0.05007182062
m3_discounted,314,4,19,e660b6010195823ff8abb7f5ac22b3e84ad23e55b4bfe23f84e74aa932c77d9a,full,16,high,0.8227176517,0.1772823483,high,-1.206075072,-0.09386967868
m3_discounted,314,4,23,56c65c573eb4b7bbca1e8a62ea910f474527ca7cc22d0832f7b8985143579c47,t3,4,high,0.8108703941,0.1891296059,high,-0.3676432967,-0.03168300167
m3_discounted,314,4,23,56c65c573eb4b7bbca1e8a62ea910f474527ca7cc22d0832f7b8985143579c47,t5,8,high,0.8114044815,0.1885955185,high,-0.5099865198,-0.05336897448
m3_discounted,314,4,23,56c65c573eb4b7bbca1e8a62ea910f474527ca7cc22d0832f7b8985143579c47,t10,18,high,0.7949617952,0.2050382048,high,-0.3983838558,-0.1189363897
m3_discounted,314,4,23,56c65c573eb4b7bbca1e8a62ea910f474527ca7cc22d0832f7b8985143579c47,t20,38,high,0.8103595376,0.1896404624,high,-1.712495446,-0.2112136632
m3_discounted,314,4,23,56c65c573eb4b7bbca1e8a62ea910f474527ca7cc22d0832f7b8985143579c47,full,78,high,0.8204994351,0.1795005649,high,-2.821397781,-0.4335334003
m3_discounted,314,4,30,0b66f0012a6499ae22a3ba3ea556348c4d65f1f039265ec21e4ad82aba2b5dab,t3,4,high,0.8343037814,0.1656962186,high,-0.6118836403,-0.02003140189
m3_discounted,314,4,30,0b66f0012a6499ae22a3ba3ea556348c4d65f1f039265ec21e4ad82aba2b5dab,t5,8,high,0.8148939013,0.1851060987,high,-0.6210697889,-0.04554836825
m3_discounted,314,4,30,0b66f0012a6499ae22a3ba3ea556348c4d65f1f039265ec21e4ad82aba2b5dab,t10,18,high,0.8480186313,0.1519813687,high,-1.671670079,-0.02563526854
m3_discounted,314,4,30,0b66f0012a6499ae22a3ba3ea556348c4d65f1f039265ec21e4ad82aba2b5dab,full,28,high,0.7567135394,0.2432864606,high,-0.6540045738,-0.05117679387
m3_discounted,314,4,39,ba4f78fc596e7483b05f73b0a4f0c57215df572dab1d75cba29cf1873022b267,t3,4,high,0.8321929574,0.1678070426,high,-0.7002038956,-0.04186396301
m3_discounted,314,4,39,ba4f78fc596e7483b05f73b0a4f0c57215df572dab1d75cba29cf1873022b267,t5,8,high,0.807813406,0.192186594,high,-0.5189791322,-0.06058637425
m3_discounted,314,4,39,ba4f78fc596e7483b05f73b0a4f0c57215df572dab1d75cba29cf1873022b267,t10,18,high,0.7873580009,0.2126419991,high,-0.4026120901,-0.0639077276
m3_discounted,314,4,39,ba4f78fc596e7483b05f73b0a4f0c57215df572dab1d75cba29cf1873022b267,t20,38,high,0.6696937978,0.3303062022,high,2.950552225,-0.124639675
m3_discounted,314,4,39,ba4f78fc596e7483b05f73b0a4f0c57215df572dab1d75cba29cf1873022b267,full,71,high,0.6620073915,0.3379926085,high,7.075269699,-0.1401233375
m3_discounted,314,4,40,e660b6010195823ff8abb7f5ac22b3e84ad23e55b4bfe23f84e74aa932c77d9a,t3,5,high,0.7191643715,0.2808356285,high,0.9624484181,-0.02601256222
m3_discounted,314,4,40,e660b6010195823ff8abb7f5ac22b3e84ad23e55b4bfe23f84e74aa932c77d9a,t5,9,high,0.7215461135,0.2784538865,high,1.301174879,-0.0544947274
m3_discounted,314,4,40,e660b6010195823ff8abb7f5ac22b3e84ad23e55b4bfe23f84e74aa932c77d9a,t10,19,high,0.7800731808,0.2199268192,high,1.27743423,-0.1030275375
m3_discounted,314,4,40,e660b6010195823ff8abb7f5ac22b3e84ad23e55b4bfe23f84e74aa932c77d9a,full,19,high,0.7800731808,0.2199268192,high,1.27743423,-0.1030275375
m3_discounted,314,4,41,298f1741927a10b95fab08a2419835f2d89a49ade874c77e541bf480e574fcca,t3,4,high,0.8147805929,0.1852194071,high,-0.4125046134,-0.0412863344
m3_discounted,314,4,41,298f1741927a10b95fab08a2419835f2d89a49ade874c77e541bf480e574fcca,t5,8,high,0.8015079796,0.1984920204,high,-0.2861432135,-0.05337336287
m3_discounted,314,4,41,298f1741927a10b95fab08a2419835f2d89a49ade874c77e541bf480e574fcca,t10,18,high,0.7451453805,0.2548546195,high,0.816144228,-0.1171856448
m3_discounted,314,4,41,298f1741927a10b95fab08a2419835f2d89a49ade874c77e541bf480e574fcca,t20,39,high,0.8124923706,0.1875076294,high,0.442522645,-0.2495214939
m3_discounted,314,4,41,298f1741927a10b95fab08a2419835f2d89a49ade874c77e541bf480e574fcca,full,83,high,0.7990816832,0.2009183168,high,0.3621351719,-0.4864681661
m3_discounted,314,4,45,256a5ceb1fe87b9f23a66a55206039faf214b9b926fbe72aba2fd158983b62bf,t3,4,high,0.8327309042,0.1672690958,high,-0.5715838671,-0.01806685328
m3_discounted,314,4,45,256a5ceb1fe87b9f23a66a55206039faf214b9b926fbe72aba2fd158983b62bf,t5,8,high,0.8610671163,0.1389328837,high,-1.388442516,-0.0350589864
m3_discounted,314,4,45,256a5ceb1fe87b9f23a66a55206039faf214b9b926fbe72aba2fd158983b62bf,t10,18,high,0.8222560287,0.1777439713,high,-1.581049681,-0.03498612344
m3_discounted,314,4,45,256a5ceb1fe87b9f23a66a55206039faf214b9b926fbe72aba2fd158983b62bf,t20,38,high,0.8743380904,0.1256619096,high,-4.559192181,-0.07883039862
m3_discounted,314,4,45,256a5ceb1fe87b9f23a66a55206039faf214b9b926fbe72aba2fd158983b62bf,full,50,high,0.7717791051,0.2282208949,high,-3.654979944,-0.101462096
m3_discounted,314,4,50,e660b6010195823ff8abb7f5ac22b3e84ad23e55b4bfe23f84e74aa932c77d9a,t3,5,high,0.6960466504,0.3039533496,high,1.242786288,-0.03184203058
m3_discounted,314,4,50,e660b6010195823ff8abb7f5ac22b3e84ad23e55b4bfe23f84e74aa932c77d9a,t5,9,high,0.7346049547,0.2653950453,high,1.290462494,-0.01753957197
m3_discounted,314,4,50,e660b6010195823ff8abb7f5ac22b3e84ad23e55b4bfe23f84e74aa932c77d9a,t10,19,high,0.7322582603,0.2677417397,high,2.121465445,-0.08434084058
m3_discounted,314,4,50,e660b6010195823ff8abb7f5ac22b3e84ad23e55b4bfe23f84e74aa932c77d9a,t20,39,high,0.7332422733,0.2667577267,high,3.412686825,-0.1853732616
m3_discounted,314,4,50,e660b6010195823ff8abb7f5ac22b3e84ad23e55b4bfe23f84e74aa932c77d9a,full,49,high,0.661747247,0.338252753,high,5.289745331,-0.2372993976
m3_discounted,314,4,58,952764ee08a98895af51812c4985a51b674914b70701d789dc4ff497ab2cd741,t3,4,high,0.7887568623,0.2112431377,high,-0.08720177412,-0.03188093379
m3_discounted,314,4,58,952764ee08a98895af51812c4985a51b674914b70701d789dc4ff497ab2cd741,t5,8,high,0.7776180804,0.2223819196,high,0.06900134683,-0.05783362687
m3_discounted,314,4,58,952764ee08a98895af51812c4985a51b674914b70701d789dc4ff497ab2cd741,t10,18,high,0.8115594089,0.1884405911,high,-0.4971989393,-0.1212217882
m3_discounted,314,4,58,952764ee08a98895af51812c4985a51b674914b70701d789dc4ff497ab2cd741,t20,38,high,0.7786449194,0.2213550806,high,-0.8629981875,-0.168166846
m3_discounted,314,4,58,952764ee08a98895af51812c4985a51b674914b70701d789dc4ff497ab2cd741,full,99,high,0.725130111,0.274869889,high,3.562533855,-0.4206136167
m3_discounted,314,4,59,57e7316fb6c2aea7f22af2debf992411f162fb23b99f26e20ca9917a22800b28,t3,4,low,0.7520083636,0.2479916364,high,0.288500905,0.03565932065
m3_discounted,314,4,59,57e7316fb6c2aea7f22af2debf992411f162fb23b99f26e20ca9917a22800b28,full,4,low,0.7520083636,0.2479916364,high,0.288500905,0.03565932065
m3_discounted,314,4,62,f8e9ffc7e0ffb6235d54b1268168a35dda2087b04f0eb23655d9033041e4895d,t3,4,high,0.7912270576,0.2087729424,high,-0.07162952423,-0.037998043
m3_discounted,314,4,62,f8e9ffc7e0ffb6235d54b1268168a35dda2087b04f0eb23655d9033041e4895d,t5,8,high,0.8139615357,0.1860384643,high,-0.4730904698,-0.06044697016
m3_discounted,314,4,62,f8e9ffc7e0ffb6235d54b1268168a35dda2087b04f0eb23655d9033041e4895d,t10,17,high,0.8012028486,0.1987971514,high,-0.8910814524,-0.0606803298
m3_discounted,314,4,62,f8e9ffc7e0ffb6235d54b1268168a35dda2087b04f0eb23655d9033041e4895d,t20,37,high,0.6685560346,0.3314439654,high,1.862233043,0.07080283016
m3_discounted,314,4,62,f8e9ffc7e0ffb6235d54b1268168a35dda2087b04f0eb23655d9033041e4895d,full,45,high,0.6997368336,0.3002631664,high,2.691351652,0.05626630411
m3_discounted,314,4,68,86e764296ae0d3f82d5181fcf23d71b68aa16bec297d30d24b66814a0222bec9,t3,4,high,0.8389227986,0.1610772014,high,-0.8132677674,0.01424985938
m3_discounted,314,4,68,86e764296ae0d3f82d5181fcf23d71b68aa16bec297d30d24b66814a0222bec9,t5,8,high,0.7730318755,0.2269681245,high,-0.1095038056,-0.00708471844
m3_discounted,314,4,68,86e764296ae0d3f82d5181fcf23d71b68aa16bec297d30d24b66814a0222bec9,t10,18,high,0.7449928224,0.2550071776,high,0.7433582544,-0.06626454741
m3_discounted,314,4,68,86e764296ae0d3f82d5181fcf23d71b68aa16bec297d30d24b66814a0222bec9,t20,38,high,0.6896788776,0.3103211224,high,3.013883829,-0.2054408789
m3_discounted,314,4,68,86e764296ae0d3f82d5181fcf23d71b68aa16bec297d30d24b66814a0222bec9,full,203,high,0.6265839338,0.3734160662,high,15.633605,-0.9852252007
m3_discounted,314,4,73,e553658a13d5730f215fe7abaa4ffcafffebacc2a2c811523c5848785b07feb6,t3,5,high,0.7094194591,0.2905805409,high,0.9513993263,-0.0003925079945
m3_discounted,314,4,73,e553658a13d5730f215fe7abaa4ffcafffebacc2a2c811523c5848785b07feb6,t5,9,high,0.7095268071,0.2904731929,high,1.330971599,-0.01454112027
m3_discounted,314,4,73,e553658a13d5730f215fe7abaa4ffcafffebacc2a2c811523c5848785b07feb6,t10,19,high,0.7394734025,0.2605265975,high,1.898517489,-0.04078771546
m3_discounted,314,4,73,e553658a13d5730f215fe7abaa4ffcafffebacc2a2c811523c5848785b07feb6,full,25,high,0.7691373676,0.2308626324,high,2.018232346,-0.06250285357
m3_discounted,314,4,89,a66012a80d34bfaefbf35c783b0cb519be49ffe11837f13fda441b6fe3ddf21a,t3,4,high,0.8190184981,0.1809815019,high,-0.4973074198,-0.04002398252
m3_discounted,314,4,89,a66012a80d34bfaefbf35c783b0cb519be49ffe11837f13fda441b6fe3ddf21a,t5,8,high,0.805135563,0.194864437,high,-0.4999887645,-0.06753265113
m3_discounted,314,4,89,a66012a80d34bfaefbf35c783b0cb519be49ffe11837f13fda441b6fe3ddf21a,t10,18,high,0.7982915491,0.2017084509,high,-0.6446649432,-0.1404488534
m3_discounted,314,4,89,a66012a80d34bfaefbf35c783b0cb519be49ffe11837f13fda441b6fe3ddf21a,t20,38,high,0.7480008006,0.2519991994,high,0.4143030047,-0.2908164263
m3_discounted,314,4,89,a66012a80d34bfaefbf35c783b0cb519be49ffe11837f13fda441b6fe3ddf21a,full,44,high,0.7415179312,0.2584820688,high,0.7848735452,-0.3352640867
m3_discounted,314,4,98,5223588a92753ef83373d79e22184bdfc746798fd2eec43f6e0d811eb386d59c,t3,4,high,0.8220732659,0.1779267341,high,-0.5127484798,-0.0007182750851
m3_discounted,314,4,98,5223588a92753ef83373d79e22184bdfc746798fd2eec43f6e0d811eb386d59c,t5,8,high,0.8089360744,0.1910639256,high,-0.4577562213,0.001253575087
m3_discounted,314,4,98,5223588a92753ef83373d79e22184bdfc746798fd2eec43f6e0d811eb386d59c,t10,18,high,0.7714479715,0.2285520285,high,0.1036478132,-0.06306207925
m3_discounted,314,4,98,5223588a92753ef83373d79e22184bdfc746798fd2eec43f6e0d811eb386d59c,t20,38,high,0.7000790536,0.2999209464,high,2.458503723,-0.0498797223
m3_discounted,314,4,98,5223588a92753ef83373d79e22184bdfc746798fd2eec43f6e0d811eb386d59c,full,393,high,0.5955857933,0.4044142067,high,50.24481201,-1.364461899
m3_discounted,314,4,100,bdb51e8336d8c2a0de850780446afe2818d0b4eeee21137a9bc817eff040e3c0,t3,4,high,0.8599375635,0.1400624365,high,-1.087841153,-0.03559402749
m3_discounted,314,4,100,bdb51e8336d8c2a0de850780446afe2818d0b4eeee21137a9bc817eff040e3c0,t5,8,high,0.8511719108,0.1488280892,high,-1.433912277,-0.05504395068
m3_discounted,314,4,100,bdb51e8336d8c2a0de850780446afe2818d0b4eeee21137a9bc817eff040e3c0,t10,18,high,0.8002846241,0.1997153759,high,-1.305328012,-0.09639478475
m3_discounted,314,4,100,bdb51e8336d8c2a0de850780446afe2818d0b4eeee21137a9bc817eff040e3c0,t20,38,high,0.7592427582,0.2407572418,high,-0.540861547,-0.1881137788
m3_discounted,314,4,100,bdb51e8336d8c2a0de850780446afe2818d0b4eeee21137a9bc817eff040e3c0,full,281,high,0.6305230558,0.3694769442,high,20.69342041,-0.842782259
m3_discounted,314,4,103,e660b6010195823ff8abb7f5ac22b3e84ad23e55b4bfe23f84e74aa932c77d9a,t3,4,high,0.8028642833,0.1971357167,high,-0.2082865089,-0.009329494089
m3_discounted,314,4,103,e660b6010195823ff8abb7f5ac22b3e84ad23e55b4bfe23f84e74aa932c77d9a,t5,8,high,0.7847126424,0.2152873576,high,-0.04450135678,-0.005715394858
m3_discounted,314,4,103,e660b6010195823ff8abb7f5ac22b3e84ad23e55b4bfe23f84e74aa932c77d9a,full,16,high,0.7673042566,0.2326957434,high,0.4162972569,-0.01019867323
m3_discounted,314,4,112,3a6ec6cf0cccb2db4bc4eb1d6583b28f6dc8816b49e0ae8aaa6a06484645efac,t3,4,high,0.7465439141,0.2534560859,high,0.5851435661,-0.01259548403
m3_discounted,314,4,112,3a6ec6cf0cccb2db4bc4eb1d6583b28f6dc8816b49e0ae8aaa6a06484645efac,t5,8,high,0.786005646,0.213994354,high,0.2608231306,-0.02504264191
m3_discounted,314,4,112,3a6ec6cf0cccb2db4bc4eb1d6583b28f6dc8816b49e0ae8aaa6a06484645efac,t10,18,high,0.7920798212,0.2079201788,high,0.05392311513,-0.08316568285
m3_discounted,314,4,112,3a6ec6cf0cccb2db4bc4eb1d6583b28f6dc8816b49e0ae8aaa6a06484645efac,t20,38,high,0.8363512903,0.1636487097,high,-1.469958186,-0.210321188
m3_discounted,314,4,112,3a6ec6cf0cccb2db4bc4eb1d6583b28f6dc8816b49e0ae8aaa6a06484645efac,full,64,high,0.8265523463,0.1734476537,high,-1.754997253,-0.3031693101
m3_discounted,314,4,122,e553658a13d5730f215fe7abaa4ffcafffebacc2a2c811523c5848785b07feb6,t3,5,high,0.8116421998,0.1883578002,high,-0.4051580429,-0.04320055246
m3_discounted,314,4,122,e553658a13d5730f215fe7abaa4ffcafffebacc2a2c811523c5848785b07feb6,t5,9,high,0.808790192,0.191209808,high,-0.5218209028,-0.07398050278
m3_discounted,314,4,122,e553658a13d5730f215fe7abaa4ffcafffebacc2a2c811523c5848785b07feb6,t10,19,high,0.7829151899,0.2170848101,high,-0.2451286316,-0.13034226
m3_discounted,314,4,122,e553658a13d5730f215fe7abaa4ffcafffebacc2a2c811523c5848785b07feb6,full,25,high,0.7707380205,0.2292619795,high,-0.1324228644,-0.1544885486
m3_discounted,314,4,124,4f828f23a69a02612b535ecc3b578f0a9ef09ead831878c8330854912886c5a7,t3,5,high,0.8009462059,0.1990537941,high,-0.1716779619,-0.02579115704
m3_discounted,314,4,124,4f828f23a69a02612b535ecc3b578f0a9ef09ead831878c8330854912886c5a7,t5,9,high,0.8070418388,0.1929581612,high,-0.2393778712,-0.04267059267
m3_discounted,314,4,124,4f828f23a69a02612b535ecc3b578f0a9ef09ead831878c8330854912886c5a7,t10,19,high,0.7736730725,0.2263269275,high,-0.1057606936,-0.03455492109
m3_discounted,314,4,124,4f828f23a69a02612b535ecc3b578f0a9ef09ead831878c8330854912886c5a7,t20,39,high,0.7147384882,0.2852615118,high,2.636563301,0.006577692926
m3_discounted,314,4,124,4f828f23a69a02612b535ecc3b578f0a9ef09ead831878c8330854912886c5a7,full,53,high,0.6984764934,0.3015235066,high,4.258206844,-0.02915622294
m3_discounted,314,4,132,95bf0f1bedb8e4250b3f6ee2dd241da6f07f8e65d2fc1c27c4c900116b2d104c,t3,4,high,0.7176095545,0.2823904455,high,0.8742651343,0.03526109084
m3_discounted,314,4,132,95bf0f1bedb8e4250b3f6ee2dd241da6f07f8e65d2fc1c27c4c900116b2d104c,t5,8,high,0.6989070773,0.3010929227,high,1.465148687,0.04820838571
m3_discounted,314,4,132,95bf0f1bedb8e4250b3f6ee2dd241da6f07f8e65d2fc1c27c4c900116b2d104c,t10,18,high,0.7020160854,0.2979839146,high,2.511368513,0.05685096234
m3_discounted,314,4,132,95bf0f1bedb8e4250b3f6ee2dd241da6f07f8e65d2fc1c27c4c900116b2d104c,t20,38,high,0.6385754943,0.3614245057,high,5.115693569,0.08479122818
m3_discounted,314,4,132,95bf0f1bedb8e4250b3f6ee2dd241da6f07f8e65d2fc1c27c4c900116b2d104c,full,38,high,0.6385754943,0.3614245057,high,5.115693569,0.08479122818
m3_discounted,2718,4,0,0975c479310c006373f337dd0ad7a1b5438b2d205e3489d9920c6e86e5fdbc46,t3,4,high,0.6820978522,0.3179021478,high,1.201947451,0.04206892103
m3_discounted,2718,4,0,0975c479310c006373f337dd0ad7a1b5438b2d205e3489d9920c6e86e5fdbc46,t5,8,high,0.6428543329,0.3571456671,high,2.187104464,0.06446586549
m3_discounted,2718,4,0,0975c479310c006373f337dd0ad7a1b5438b2d205e3489d9920c6e86e5fdbc46,t10,18,high,0.5910331011,0.4089668989,high,4.636962414,0.09668681771
m3_discounted,2718,4,0,0975c479310c006373f337dd0ad7a1b5438b2d205e3489d9920c6e86e5fdbc46,t20,38,high,0.5621973276,0.4378026724,high,9.560229301,0.1699548066
m3_discounted,2718,4,0,0975c479310c006373f337dd0ad7a1b5438b2d205e3489d9920c6e86e5fdbc46,full,52,high,0.558614403,0.441385597,high,12.99301338,0.2174319625
m3_discounted,2718,4,1,d824fbb44e854e98bdec49929ed132bd2f214eb9a16c2247f40b049e74673714,t3,4,high,0.6823696196,0.3176303804,high,1.218165398,0.02405992895
m3_discounted,2718,4,1,d824fbb44e854e98bdec49929ed132bd2f214eb9a16c2247f40b049e74673714,t5,8,high,0.6432901323,0.3567098677,high,2.202208996,0.04827415198
m3_discounted,2718,4,1,d824fbb44e854e98bdec49929ed132bd2f214eb9a16c2247f40b049e74673714,t10,18,high,0.5911056995,0.4088943005,high,4.650883675,0.08448455483
m3_discounted,2718,4,1,d824fbb44e854e98bdec49929ed132bd2f214eb9a16c2247f40b049e74673714,full,36,high,0.5632964075,0.4367035925,high,9.041927338,0.1489359289
m3_discounted,2718,4,3,e660b6010195823ff8abb7f5ac22b3e84ad23e55b4bfe23f84e74aa932c77d9a,t3,5,high,0.6872754991,0.3127245009,high,1.286998153,0.005746592768
m3_discounted,2718,4,3,e660b6010195823ff8abb7f5ac22b3e84ad23e55b4bfe23f84e74aa932c77d9a,t5,9,high,0.649454236,0.350545764,high,2.241325378,0.01565183327
m3_discounted,2718,4,3,e660b6010195823ff8abb7f5ac22b3e84ad23e55b4bfe23f84e74aa932c77d9a,full,15,high,0.6103402078,0.3896597922,high,3.711471081,0.02499589883
m3_discounted,2718,4,6,384b0ba2da0f7a1aaf92176857f6b862b243c54a44b1a60ad1512e22fb6d4f57,t3,4,high,0.6823142469,0.3176857531,high,1.23989141,0.006468048785
m3_discounted,2718,4,6,384b0ba2da0f7a1aaf92176857f6b862b243c54a44b1a60ad1512e22fb6d4f57,t5,8,high,0.6438083053,0.3561916947,high,2.232979774,0.01464413665
m3_discounted,2718,4,6,384b0ba2da0f7a1aaf92176857f6b862b243c54a44b1a60ad1512e22fb6d4f57,t10,18,high,0.5898880363,0.4101119637,high,4.700918674,0.04235362634
m3_discounted,2718,4,6,384b0ba2da0f7a1aaf92176857f6b862b243c54a44b1a60ad1512e22fb6d4f57,t20,38,high,0.5620036721,0.4379963279,high,9.655749321,0.06065313146
m3_discounted,2718,4,6,384b0ba2da0f7a1aaf92176857f6b862b243c54a44b1a60ad1512e22fb6d4f57,full,52,high,0.5580439568,0.4419560432,high,13.11898136,0.09672987461
m3_discounted,2718,4,9,bd6bdeca4d4d58b93dcd52052f780fcb2ab8a2a77ef89be9ded9271136bf1260,t3,4,low,0.6798700094,0.3201299906,high,1.241405725,0.03139334545
m3_discounted,2718,4,9,bd6bdeca4d4d58b93dcd52052f780fcb2ab8a2a77ef89be9ded9271136bf1260,t5,8,low,0.6412008405,0.3587991595,high,2.233166456,0.05375289172
m3_discounted,2718,4,9,bd6bdeca4d4d58b93dcd52052f780fcb2ab8a2a77ef89be9ded9271136bf1260,t10,18,low,0.5885208845,0.4114791155,high,4.693873405,0.1072630733
m3_discounted,2718,4,9,bd6bdeca4d4d58b93dcd52052f780fcb2ab8a2a77ef89be9ded9271136bf1260,full,26,low,0.5715382397,0.4284617603,high,6.65043354,0.1472144276
m3_discounted,2718,4,12,d751de9a9d281b7d8f3a57160f2880d8a6bb4d189690de0f7d7f2b033ad650a4,t3,4,high,0.6844039559,0.3155960441,high,1.206052899,0.01935799606
m3_discounted,2718,4,12,d751de9a9d281b7d8f3a57160f2880d8a6bb4d189690de0f7d7f2b033ad650a4,t5,8,high,0.646583885,0.353416115,high,2.183851242,0.02636899613
m3_discounted,2718,4,12,d751de9a9d281b7d8f3a57160f2880d8a6bb4d189690de0f7d7f2b033ad650a4,t10,16,high,0.5994876921,0.4005123079,high,4.150677204,0.05170231685
m3_discounted,2718,4,12,d751de9a9d281b7d8f3a57160f2880d8a6bb4d189690de0f7d7f2b033ad650a4,t20,36,high,0.562751919,0.437248081,high,9.065270424,0.1274457723
m3_discounted,2718,4,12,d751de9a9d281b7d8f3a57160f2880d8a6bb4d189690de0f7d7f2b033ad650a4,full,50,high,0.5557531416,0.4442468584,high,12.51466942,0.2169809043
m3_discounted,2718,4,19,e660b6010195823ff8abb7f5ac22b3e84ad23e55b4bfe23f84e74aa932c77d9a,t3,4,high,0.6988011301,0.3011988699,high,1.063916683,-0.003523007501
m3_discounted,2718,4,19,e660b6010195823ff8abb7f5ac22b3e84ad23e55b4bfe23f84e74aa932c77d9a,t5,8,high,0.6572901607,0.3427098393,high,2.030482054,-0.006816943642
m3_discounted,2718,4,19,e660b6010195823ff8abb7f5ac22b3e84ad23e55b4bfe23f84e74aa932c77d9a,full,16,high,0.6051657498,0.3948342502,high,4.001499176,-0.00337258447
m3_discounted,2718,4,23,56c65c573eb4b7bbca1e8a62ea910f474527ca7cc22d0832f7b8985143579c47,t3,4,high,0.6834040582,0.3165959418,high,1.229105353,0.005706862081
m3_discounted,2718,4,23,56c65c573eb4b7bbca1e8a62ea910f474527ca7cc22d0832f7b8985143579c47,t5,8,high,0.6455953121,0.3544046879,high,2.217713833,0.007728682831
m3_discounted,2718,4,23,56c65c573eb4b7bbca1e8a62ea910f474527ca7cc22d0832f7b8985143579c47,t10,18,high,0.5930681825,0.4069318175,high,4.673631191,0.02116551064
m3_discounted,2718,4,23,56c65c573eb4b7bbca1e8a62ea910f474527ca7cc22d0832f7b8985143579c47,t20,38,high,0.5672236681,0.4327763319,high,9.52837944,0.02875341102
m3_discounted,2718,4,23,56c65c573eb4b7bbca1e8a62ea910f474527ca7cc22d0832f7b8985143579c47,full,78,high,0.5607432425,0.4392567575,high,19.2838974,0.06821215153
m3_discounted,2718,4,30,0b66f0012a6499ae22a3ba3ea556348c4d65f1f039265ec21e4ad82aba2b5dab,t3,4,high,0.6905169785,0.3094830215,high,1.159282804,0.0023063228
m3_discounted,2718,4,30,0b66f0012a6499ae22a3ba3ea556348c4d65f1f039265ec21e4ad82aba2b5dab,t5,8,high,0.6501989961,0.3498010039,high,2.126328468,0.01912136748
m3_discounted,2718,4,30,0b66f0012a6499ae22a3ba3ea556348c4d65f1f039265ec21e4ad82aba2b5dab,t10,18,high,0.5932901204,0.4067098796,high,4.585250378,0.04499833286
m3_discounted,2718,4,30,0b66f0012a6499ae22a3ba3ea556348c4d65f1f039265ec21e4ad82aba2b5dab,full,28,high,0.5705894828,0.4294105172,high,7.04807806,0.07063227147
m3_discounted,2718,4,39,ba4f78fc596e7483b05f73b0a4f0c57215df572dab1d75cba29cf1873022b267,t3,4,high,0.6841166615,0.3158833385,high,1.215878367,0.008945377544
m3_discounted,2718,4,39,ba4f78fc596e7483b05f73b0a4f0c57215df572dab1d75cba29cf1873022b267,t5,8,high,0.6472043097,0.3527956903,high,2.196564436,0.005883278325
m3_discounted,2718,4,39,ba4f78fc596e7483b05f73b0a4f0c57215df572dab1d75cba29cf1873022b267,t10,18,high,0.5918638706,0.4081361294,high,4.66767931,0.02622277662
m3_discounted,2718,4,39,ba4f78fc596e7483b05f73b0a4f0c57215df572dab1d75cba29cf1873022b267,t20,38,high,0.5618147254,0.4381852746,high,9.604603767,0.0702150166
m3_discounted,2718,4,39,ba4f78fc596e7483b05f73b0a4f0c57215df572dab1d75cba29cf1873022b267,full,71,high,0.5554272234,0.4445727766,high,17.78971481,0.1430274248
m3_discounted,2718,4,40,e660b6010195823ff8abb7f5ac22b3e84ad23e55b4bfe23f84e74aa932c77d9a,t3,5,high,0.6737844944,0.3262155056,high,1.464601874,0.005027578678
m3_discounted,2718,4,40,e660b6010195823ff8abb7f5ac22b3e84ad23e55b4bfe23f84e74aa932c77d9a,t5,9,high,0.6394822299,0.3605177701,high,2.447023869,0.004434376024
m3_discounted,2718,4,40,e660b6010195823ff8abb7f5ac22b3e84ad23e55b4bfe23f84e74aa932c77d9a,t10,19,high,0.5899536312,0.4100463688,high,4.920534611,0.006751983892
m3_discounted,2718,4,40,e660b6010195823ff8abb7f5ac22b3e84ad23e55b4bfe23f84e74aa932c77d9a,full,19,high,0.5899536312,0.4100463688,high,4.920534611,0.006751983892
m3_discounted,2718,4,41,298f1741927a10b95fab08a2419835f2d89a49ade874c77e541bf480e574fcca,t3,4,high,0.6827609241,0.3172390759,high,1.236115336,0.005806849338
m3_discounted,2718,4,41,298f1741927a10b95fab08a2419835f2d89a49ade874c77e541bf480e574fcca,t5,8,high,0.6449024081,0.3550975919,high,2.223719597,0.009916788898
m3_discounted,2718,4,41,298f1741927a10b95fab08a2419835f2d89a49ade874c77e541bf480e574fcca,t10,18,high,0.591385901,0.408614099,high,4.699384689,0.02371349744
m3_discounted,2718,4,41,298f1741927a10b95fab08a2419835f2d89a49ade874c77e541bf480e574fcca,t20,39,high,0.5622085929,0.4377914071,high,9.882518768,0.04458807409
m3_discounted,2718,4,41,298f1741927a10b95fab08a2419835f2d89a49ade874c77e541bf480e574fcca,full,83,high,0.5604047477,0.4395952523,high,20.72043991,0.04088857025
m3_discounted,2718,4,45,256a5ceb1fe87b9f23a66a55206039faf214b9b926fbe72aba2fd158983b62bf,t3,4,high,0.6894385219,0.3105614781,high,1.15832448,0.00443617627
m3_discounted,2718,4,45,256a5ceb1fe87b9f23a66a55206039faf214b9b926fbe72aba2fd158983b62bf,t5,8,high,0.6520408392,0.3479591608,high,2.122131109,0.001491575618
m3_discounted,2718,4,45,256a5ceb1fe87b9f23a66a55206039faf214b9b926fbe72aba2fd158983b62bf,t10,18,high,0.5940265954,0.4059734046,high,4.583421707,0.02940775827
m3_discounted,2718,4,45,256a5ceb1fe87b9f23a66a55206039faf214b9b926fbe72aba2fd158983b62bf,t20,38,high,0.5638507307,0.4361492693,high,9.463415146,0.0520573929
m3_discounted,2718,4,45,256a5ceb1fe87b9f23a66a55206039faf214b9b926fbe72aba2fd158983b62bf,full,50,high,0.560467422,0.439532578,high,12.40059566,0.08471679688
m3_discounted,2718,4,50,e660b6010195823ff8abb7f5ac22b3e84ad23e55b4bfe23f84e74aa932c77d9a,t3,5,high,0.675245136,0.324754864,high,1.447056055,0.005218654405
m3_discounted,2718,4,50,e660b6010195823ff8abb7f5ac22b3e84ad23e55b4bfe23f84e74aa932c77d9a,t5,9,high,0.6395428479,0.3604571521,high,2.425214767,0.01481084991
m3_discounted,2718,4,50,e660b6010195823ff8abb7f5ac22b3e84ad23e55b4bfe23f84e74aa932c77d9a,t10,19,high,0.5898596346,0.4101403654,high,4.891635418,0.03171503544
m3_discounted,2718,4,50,e660b6010195823ff8abb7f5ac22b3e84ad23e55b4bfe23f84e74aa932c77d9a,t20,39,high,0.5629383922,0.4370616078,high,9.829050064,0.05334818363
m3_discounted,2718,4,50,e660b6010195823ff8abb7f5ac22b3e84ad23e55b4bfe23f84e74aa932c77d9a,full,49,high,0.560133636,0.439866364,high,12.30300617,0.06047536433
m3_discounted,2718,4,58,952764ee08a98895af51812c4985a51b674914b70701d789dc4ff497ab2cd741,t3,4,high,0.6824612319,0.3175387681,high,1.230937004,0.0120238252
m3_discounted,2718,4,58,952764ee08a98895af51812c4985a51b674914b70701d789dc4ff497ab2cd741,t5,8,high,0.6451202631,0.3548797369,high,2.221099138,0.01077767555
m3_discounted,2718,4,58,952764ee08a98895af51812c4985a51b674914b70701d789dc4ff497ab2cd741,t10,18,high,0.5920851231,0.4079148769,high,4.691816807,0.01788044162
m3_discounted,2718,4,58,952764ee08a98895af51812c4985a51b674914b70701d789dc4ff497ab2cd741,t20,38,high,0.5602009892,0.4397990108,high,9.636571884,0.06526107341
m3_discounted,2718,4,58,952764ee08a98895af51812c4985a51b674914b70701d789dc4ff497ab2cd741,full,99,high,0.5576849878,0.4423150122,high,24.72805214,0.1334487647
m3_discounted,2718,4,59,57e7316fb6c2aea7f22af2debf992411f162fb23b99f26e20ca9917a22800b28,t3,4,low,0.6930549443,0.3069450557,high,1.082960963,0.04020920396
m3_discounted,2718,4,59,57e7316fb6c2aea7f22af2debf992411f162fb23b99f26e20ca9917a22800b28,full,4,low,0.6930549443,0.3069450557,high,1.082960963,0.04020920396
m3_discounted,2718,4,62,f8e9ffc7e0ffb6235d54b1268168a35dda2087b04f0eb23655d9033041e4895d,t3,4,high,0.6839471459,0.3160528541,high,1.21631968,0.0121189272
m3_discounted,2718,4,62,f8e9ffc7e0ffb6235d54b1268168a35dda2087b04f0eb23655d9033041e4895d,t5,8,high,0.646266818,0.353733182,high,2.198886395,0.01441322826
m3_discounted,2718,4,62,f8e9ffc7e0ffb6235d54b1268168a35dda2087b04f0eb23655d9033041e4895d,t10,17,high,0.594332993,0.405667007,high,4.42515564,0.04306560382
m3_discounted,2718,4,62,f8e9ffc7e0ffb6235d54b1268168a35dda2087b04f0eb23655d9033041e4895d,t20,37,high,0.5584397316,0.4415602684,high,9.37786293,0.1543510705
m3_discounted,2718,4,62,f8e9ffc7e0ffb6235d54b1268168a35dda2087b04f0eb23655d9033041e4895d,full,45,high,0.5577125847,0.4422874153,high,11.34578896,0.1794491261
m3_discounted,2718,4,68,86e764296ae0d3f82d5181fcf23d71b68aa16bec297d30d24b66814a0222bec9,t3,4,high,0.6807185113,0.3192814887,high,1.233076096,0.02517088503
m3_discounted,2718,4,68,86e764296ae0d3f82d5181fcf23d71b68aa16bec297d30d24b66814a0222bec9,t5,8,high,0.6429296136,0.3570703864,high,2.219800234,0.03793690726
m3_discounted,2718,4,68,86e764296ae0d3f82d5181fcf23d71b68aa16bec297d30d24b66814a0222bec9,t10,18,high,0.5909480453,0.4090519547,high,4.698630333,0.04178331792
m3_discounted,2718,4,68,86e764296ae0d3f82d5181fcf23d71b68aa16bec297d30d24b66814a0222bec9,t20,38,high,0.5625315011,0.4374684989,high,9.641251564,0.06632953882
m3_discounted,2718,4,68,86e764296ae0d3f82d5181fcf23d71b68aa16bec297d30d24b66814a0222bec9,full,203,high,0.5558416247,0.4441583753,high,50.36159515,0.337331593
m3_discounted,2718,4,73,e553658a13d5730f215fe7abaa4ffcafffebacc2a2c811523c5848785b07feb6,t3,5,high,0.6728356183,0.3271643817,high,1.474896669,0.004039122257
m3_discounted,2718,4,73,e553658a13d5730f215fe7abaa4ffcafffebacc2a2c811523c5848785b07feb6,t5,9,high,0.6383045614,0.3616954386,high,2.462796211,0.004992460832
m3_discounted,2718,4,73,e553658a13d5730f215fe7abaa4ffcafffebacc2a2c811523c5848785b07feb6,t10,19,high,0.5897542238,0.4102457762,high,4.937263489,0.001824433217
m3_discounted,2718,4,73,e553658a13d5730f215fe7abaa4ffcafffebacc2a2c811523c5848785b07feb6,full,25,high,0.5766898394,0.4233101606,high,6.420827389,-0.006938010454
m3_discounted,2718,4,89,a66012a80d34bfaefbf35c783b0cb519be49ffe11837f13fda441b6fe3ddf21a,t3,4,high,0.686260581,0.313739419,high,1.193591952,0.01377355494
m3_discounted,2718,4,89,a66012a80d34bfaefbf35c783b0cb519be49ffe11837f13fda441b6fe3ddf21a,t5,8,high,0.651863724,0.348136276,high,2.126429558,0.02525621653
m3_discounted,2718,4,89,a66012a80d34bfaefbf35c783b0cb519be49ffe11837f13fda441b6fe3ddf21a,t10,18,high,0.5994217992,0.4005782008,high,4.515241623,0.03701318428
m3_discounted,2718,4,89,a66012a80d34bfaefbf35c783b0cb519be49ffe11837f13fda441b6fe3ddf21a,t20,38,high,0.566501081,0.433498919,high,9.390774727,0.06765622646
m3_discounted,2718,4,89,a66012a80d34bfaefbf35c783b0cb519be49ffe11837f13fda441b6fe3ddf21a,full,44,high,0.5634881258,0.4365118742,high,10.86465836,0.07398399711
m3_discounted,2718,4,98,5223588a92753ef83373d79e22184bdfc746798fd2eec43f6e0d811eb386d59c,t3,4,high,0.681923151,0.318076849,high,1.231898546,0.01499674655
m3_discounted,2718,4,98,5223588a92753ef83373d79e22184bdfc746798fd2eec43f6e0d811eb386d59c,t5,8,high,0.6424031854,0.3575968146,high,2.224824667,0.0340763703
m3_discounted,2718,4,98,5223588a92753ef83373d79e22184bdfc746798fd2eec43f6e0d811eb386d59c,t10,18,high,0.5907245874,0.4092754126,high,4.70214653,0.0471602194
m3_discounted,2718,4,98,5223588a92753ef83373d79e22184bdfc746798fd2eec43f6e0d811eb386d59c,t20,38,high,0.5599240661,0.4400759339,high,9.647416115,0.1213695928
m3_discounted,2718,4,98,5223588a92753ef83373d79e22184bdfc746798fd2eec43f6e0d811eb386d59c,full,393,high,0.5580097437,0.4419902563,high,97.47119904,0.6607142687
m3_discounted,2718,4,100,bdb51e8336d8c2a0de850780446afe2818d0b4eeee21137a9bc817eff040e3c0,t3,4,high,0.6951186955,0.3048813045,high,1.096428752,0.01103675552
m3_discounted,2718,4,100,bdb51e8336d8c2a0de850780446afe2818d0b4eeee21137a9bc817eff040e3c0,t5,8,high,0.6522763371,0.3477236629,high,2.082206011,0.01935577393
m3_discounted,2718,4,100,bdb51e8336d8c2a0de850780446afe2818d0b4eeee21137a9bc817eff040e3c0,t10,18,high,0.5967878401,0.4032121599,high,4.53371954,0.02076973207
m3_discounted,2718,4,100,bdb51e8336d8c2a0de850780446afe2818d0b4eeee21137a9bc817eff040e3c0,t20,38,high,0.5645870566,0.4354129434,high,9.442915916,0.03345428035
m3_discounted,2718,4,100,bdb51e8336d8c2a0de850780446afe2818d0b4eeee21137a9bc817eff040e3c0,full,281,high,0.5572043359,0.4427956641,high,69.49504089,0.3830384016
m3_discounted,2718,4,103,e660b6010195823ff8abb7f5ac22b3e84ad23e55b4bfe23f84e74aa932c77d9a,t3,4,high,0.680273205,0.319726795,high,1.242284417,0.02590106986
m3_discounted,2718,4,103,e660b6010195823ff8abb7f5ac22b3e84ad23e55b4bfe23f84e74aa932c77d9a,t5,8,high,0.6433677673,0.3566322327,high,2.234749794,0.02719325386
m3_discounted,2718,4,103,e660b6010195823ff8abb7f5ac22b3e84ad23e55b4bfe23f84e74aa932c77d9a,full,16,high,0.5973949134,0.4026050866,high,4.221511364,0.04139052704
m3_discounted,2718,4,112,3a6ec6cf0cccb2db4bc4eb1d6583b28f6dc8816b49e0ae8aaa6a06484645efac,t3,4,high,0.6875264049,0.3124735951,high,1.17963469,0.01446228754
m3_discounted,2718,4,112,3a6ec6cf0cccb2db4bc4eb1d6583b28f6dc8816b49e0ae8aaa6a06484645efac,t5,8,high,0.6500001252,0.3499998748,high,2.15454936,0.009155168198
m3_discounted,2718,4,112,3a6ec6cf0cccb2db4bc4eb1d6583b28f6dc8816b49e0ae8aaa6a06484645efac,t10,18,high,0.5962700546,0.4037299454,high,4.589994907,0.01428649016
m3_discounted,2718,4,112,3a6ec6cf0cccb2db4bc4eb1d6583b28f6dc8816b49e0ae8aaa6a06484645efac,t20,38,high,0.567833513,0.432166487,high,9.466965675,0.005754834972
m3_discounted,2718,4,112,3a6ec6cf0cccb2db4bc4eb1d6583b28f6dc8816b49e0ae8aaa6a06484645efac,full,64,high,0.5569026172,0.4430973828,high,15.85883522,0.07040331513
m3_discounted,2718,4,122,e553658a13d5730f215fe7abaa4ffcafffebacc2a2c811523c5848785b07feb6,t3,5,high,0.6750763953,0.3249236047,high,1.45212388,-0.0008024732233
m3_discounted,2718,4,122,e553658a13d5730f215fe7abaa4ffcafffebacc2a2c811523c5848785b07feb6,t5,9,high,0.6410036683,0.3589963317,high,2.427112341,-0.001397249755
m3_discounted,2718,4,122,e553658a13d5730f215fe7abaa4ffcafffebacc2a2c811523c5848785b07feb6,t10,19,high,0.5926745236,0.4073254764,high,4.878822327,-0.009506692179
m3_discounted,2718,4,122,e553658a13d5730f215fe7abaa4ffcafffebacc2a2c811523c5848785b07feb6,full,25,high,0.5772529542,0.4227470458,high,6.358057499,-0.002459567506
m3_discounted,2718,4,124,4f828f23a69a02612b535ecc3b578f0a9ef09ead831878c8330854912886c5a7,t3,5,high,0.6740438938,0.3259561062,high,1.467451453,0.001039881725
m3_discounted,2718,4,124,4f828f23a69a02612b535ecc3b578f0a9ef09ead831878c8330854912886c5a7,t5,9,high,0.6387889683,0.3612110317,high,2.450165272,0.008759667166
m3_discounted,2718,4,124,4f828f23a69a02612b535ecc3b578f0a9ef09ead831878c8330854912886c5a7,t10,19,high,0.5868832469,0.4131167531,high,4.922916889,0.04613234848
m3_discounted,2718,4,124,4f828f23a69a02612b535ecc3b578f0a9ef09ead831878c8330854912886c5a7,t20,39,high,0.5579377413,0.4420622587,high,9.877020836,0.1362031102
m3_discounted,2718,4,124,4f828f23a69a02612b535ecc3b578f0a9ef09ead831878c8330854912886c5a7,full,53,high,0.5571062565,0.4428937435,high,13.34233761,0.1649042666
m3_discounted,2718,4,132,95bf0f1bedb8e4250b3f6ee2dd241da6f07f8e65d2fc1c27c4c900116b2d104c,t3,4,high,0.6827441156,0.3172558844,high,1.216692805,0.03036954254
m3_discounted,2718,4,132,95bf0f1bedb8e4250b3f6ee2dd241da6f07f8e65d2fc1c27c4c900116b2d104c,t5,8,high,0.6459066868,0.3540933132,high,2.177789927,0.05430768058
m3_discounted,2718,4,132,95bf0f1bedb8e4250b3f6ee2dd241da6f07f8e65d2fc1c27c4c900116b2d104c,t10,18,high,0.5946118534,0.4053881466,high,4.59297657,0.09680783004
m3_discounted,2718,4,132,95bf0f1bedb8e4250b3f6ee2dd241da6f07f8e65d2fc1c27c4c900116b2d104c,t20,38,high,0.5608023405,0.4391976595,high,9.503380775,0.1884858608
m3_discounted,2718,4,132,95bf0f1bedb8e4250b3f6ee2dd241da6f07f8e65d2fc1c27c4c900116b2d104c,full,38,high,0.5608023405,0.4391976595,high,9.503380775,0.1884858608
