model,seed,outer_fold,transcript_id,source_id,checkpoint,last_utterance_id,label,prob_high,prob_low,prediction,cumulative_text_evidence,cumulative_action_evidence
m1_shared,17,0,14,892e4e1ab6068fc4434d0054ab76e2c3c0d9bf73fcc5cd615db68815b3134102,t3,4,high,0.9998464376,0.0001535624033,high,0,0
m1_shared,17,0,14,892e4e1ab6068fc4434d0054ab76e2c3c0d9bf73fcc5cd615db68815b3134102,t5,8,high,0.9918120904,0.008187909611,high,0,0
m1_shared,17,0,14,892e4e1ab6068fc4434d0054ab76e2c3c0d9bf73fcc5cd615db68815b3134102,t10,18,high,0.9252299592,0.07477004081,high,0,0
m1_shared,17,0,14,892e4e1ab6068fc4434d0054ab76e2c3c0d9bf73fcc5cd615db68815b3134102,t20,38,high,0.9974090208,0.002590979217,high,0,0
m1_shared,17,0,14,892e4e1ab6068fc4434d0054ab76e2c3c0d9bf73fcc5cd615db68815b3134102,full,48,high,0.9773708005,0.02262919955,high,0,0
m1_shared,17,0,17,4e9629cc0367f8dbaf9608d5600aa795a09c3ebbe94051365be8cd7611f13d26,t3,4,low,0.003324389458,0.9966756105,low,0,0
m1_shared,17,0,17,4e9629cc0367f8dbaf9608d5600aa795a09c3ebbe94051365be8cd7611f13d26,t5,8,low,0.9005297869,0.09947021306,high,0,0
m1_shared,17,0,17,4e9629cc0367f8dbaf9608d5600aa795a09c3ebbe94051365be8cd7611f13d26,t10,18,low,0.007011830807,0.9929881692,low,0,0
m1_shared,17,0,17,4e9629cc0367f8dbaf9608d5600aa795a09c3ebbe94051365be8cd7611f13d26,full,28,low,0.1525365114,0.8474634886,low,0,0
m1_shared,17,0,21,c1b71ca5fcfb63cd845ec42d43753eca41cf5c90313140ea6e9695c2c654df6d,t3,4,high,0.9954615687,0.004538431298,high,0,0
m1_shared,17,0,21,c1b71ca5fcfb63cd845ec42d43753eca41cf5c90313140ea6e9695c2c654df6d,t5,8,high,0.9845754486,0.01542455144,high,0,0
m1_shared,17,0,21,c1b71ca5fcfb63cd845ec42d43753eca41cf5c90313140ea6e9695c2c654df6d,t10,18,high,0.9418684058,0.05813159421,high,0,0
m1_shared,17,0,21,c1b71ca5fcfb63cd845ec42d43753eca41cf5c90313140ea6e9695c2c654df6d,t20,38,high,0.9911526451,0.008847354911,high,0,0
m1_shared,17,0,21,c1b71ca5fcfb63cd845ec42d43753eca41cf5c90313140ea6e9695c2c654df6d,full,246,high,0.9951702775,0.004829722457,high,0,0
m1_shared,17,0,27,e883cab14c33a28c3bf1e25281ef335a7bcd08f31fb3e2cea1e824982af00196,t3,4,low,0.9690910392,0.03090896085,high,0,0
m1_shared,17,0,27,e883cab14c33a28c3bf1e25281ef335a7bcd08f31fb3e2cea1e824982af00196,t5,8,low,0.8438950926,0.1561049074,high,0,0
m1_shared,17,0,27,e883cab14c33a28c3bf1e25281ef335a7bcd08f31fb3e2cea1e824982af00196,t10,18,low,0.04958897829,0.9504110217,low,0,0
m1_shared,17,0,27,e883cab14c33a28c3bf1e25281ef335a7bcd08f31fb3e2cea1e824982af00196,full,22,low,0.01987069845,0.9801293015,low,0,0
m1_shared,17,0,46,2815019765d0a2b0cd8db67fb79e15ec0c4893de14483f3e6156ddacadb10f7a,t3,4,high,0.9905874105,0.009412589483,high,0,0
m1_shared,17,0,46,2815019765d0a2b0cd8db67fb79e15ec0c4893de14483f3e6156ddacadb10f7a,t5,8,high,0.9822877031,0.01771229692,high,0,0
m1_shared,17,0,46,2815019765d0a2b0cd8db67fb79e15ec0c4893de14483f3e6156ddacadb10f7a,t10,18,high,0.9994207083,0.0005792917218,high,0,0
m1_shared,17,0,46,2815019765d0a2b0cd8db67fb79e15ec0c4893de14483f3e6156ddacadb10f7a,t20,38,high,0.9910145719,0.00898542814,high,0,0
m1_shared,17,0,46,2815019765d0a2b0cd8db67fb79e15ec0c4893de14483f3e6156ddacadb10f7a,full,58,high,0.997110419,0.002889581025,high,0,0
m1_shared,17,0,53,646074c09ce77345f3d6434db5b2b976626086f4a3ba9020dc6fa992fa6887ac,t3,4,low,0.00271499157,0.9972850084,low,0,0
m1_shared,17,0,53,646074c09ce77345f3d6434db5b2b976626086f4a3ba9020dc6fa992fa6887ac,t5,8,low,0.05834585428,0.9416541457,low,0,0
m1_shared,17,0,53,646074c09ce77345f3d6434db5b2b976626086f4a3ba9020dc6fa992fa6887ac,t10,18,low,0.4678180218,0.5321819782,low,0,0
m1_shared,17,0,53,646074c09ce77345f3d6434db5b2b976626086f4a3ba9020dc6fa992fa6887ac,t20,38,low,0.999279162,0.0007208380266,high,0,0
m1_shared,17,0,53,646074c09ce77345f3d6434db5b2b976626086f4a3ba9020dc6fa992fa6887ac,full,106,low,0.9860442895,0.01395571046,high,0,0
m1_shared,17,0,55,1b9abf33ba8b2badfab01f2ee1f7aa958800a9808d579c0ec4e6bc41eb27f449,t3,4,high,0.8238250166,0.1761749834,high,0,0
m1_shared,17,0,55,1b9abf33ba8b2badfab01f2ee1f7aa958800a9808d579c0ec4e6bc41eb27f449,t5,8,high,0.9367494807,0.06325051934,high,0,0
m1_shared,17,0,55,1b9abf33ba8b2badfab01f2ee1f7aa958800a9808d579c0ec4e6bc41eb27f449,t10,18,high,0.9983256005,0.001674399478,high,0,0
m1_shared,17,0,55,1b9abf33ba8b2badfab01f2ee1f7aa958800a9808d579c0ec4e6bc41eb27f449,t20,38,high,0.9883127427,0.01168725733,high,0,0
m1_shared,17,0,55,1b9abf33ba8b2badfab01f2ee1f7aa958800a9808d579c0ec4e6bc41eb27f449,full,64,high,0.9981897891,0.001810210873,high,0,0
m1_shared,17,0,65,884e0cb0d19baa05ae86bae59b5351a82ddcdb9a7af044867db66a819a131389,t3,5,high,0.9918752909,0.008124709129,high,0,0
m1_shared,17,0,65,884e0cb0d19baa05ae86bae59b5351a82ddcdb9a7af044867db66a819a131389,t5,9,high,0.9993833703,0.0006166296662,high,0,0
m1_shared,17,0,65,884e0cb0d19baa05ae86bae59b5351a82ddcdb9a7af044867db66a819a131389,t10,19,high,0.9989994955,0.001000504475,high,0,0
m1_shared,17,0,65,884e0cb0d19baa05ae86bae59b5351a82ddcdb9a7af044867db66a819a131389,full,33,high,0.9986749776,0.001325022429,high,0,0
m1_shared,17,0,67,38b5c44ace8c39b31954af0c9b3057abad24dd37ec441de169f055949fb91ed3,t3,4,high,0.9981897891,0.001810210873,high,0,0
m1_shared,17,0,67,38b5c44ace8c39b31954af0c9b3057abad24dd37ec441de169f055949fb91ed3,t5,8,high,0.08122777939,0.9187722206,low,0,0
m1_shared,17,0,67,38b5c44ace8c39b31954af0c9b3057abad24dd37ec441de169f055949fb91ed3,t10,18,high,0.1500288248,0.8499711752,low,0,0
m1_shared,17,0,67,38b5c44ace8c39b31954af0c9b3057abad24dd37ec441de169f055949fb91ed3,t20,38,high,0.9556514174,0.04434858263,high,0,0
m1_shared,17,0,67,38b5c44ace8c39b31954af0c9b3057abad24dd37ec441de169f055949fb91ed3,full,46,high,0.9799765591,0.02002344094,high,0,0
m1_shared,17,0,69,eff9b2507927f7894349799dbb77b0c66871e7547a4170f6e6ef409f01493d5d,t3,4,low,0.01428186893,0.9857181311,low,0,0
m1_shared,17,0,69,eff9b2507927f7894349799dbb77b0c66871e7547a4170f6e6ef409f01493d5d,full,6,low,0.2683058977,0.7316941023,low,0,0
m1_shared,17,0,70,eff9b2507927f7894349799dbb77b0c66871e7547a4170f6e6ef409f01493d5d,t3,4,high,0.001098752022,0.998901248,low,0,0
m1_shared,17,0,70,eff9b2507927f7894349799dbb77b0c66871e7547a4170f6e6ef409f01493d5d,t5,8,high,0.04655122757,0.9534487724,low,0,0
m1_shared,17,0,70,eff9b2507927f7894349799dbb77b0c66871e7547a4170f6e6ef409f01493d5d,full,10,high,0.04468083382,0.9553191662,low,0,0
m1_shared,17,0,77,5ee3de464b1eb18f6dbc71fac32dd821ec33a6f6ea0d273324ce5d81751bbc74,t3,4,high,0.9988486004,0.001151399571,high,0,0
m1_shared,17,0,77,5ee3de464b1eb18f6dbc71fac32dd821ec33a6f6ea0d273324ce5d81751bbc74,t5,8,high,0.9964063973,0.003593602683,high,0,0
m1_shared,17,0,77,5ee3de464b1eb18f6dbc71fac32dd821ec33a6f6ea0d273324ce5d81751bbc74,t10,18,high,0.9623913653,0.03760863468,high,0,0
m1_shared,17,0,77,5ee3de464b1eb18f6dbc71fac32dd821ec33a6f6ea0d273324ce5d81751bbc74,t20,38,high,0.2735744119,0.7264255881,low,0,0
m1_shared,17,0,77,5ee3de464b1eb18f6dbc71fac32dd821ec33a6f6ea0d273324ce5d81751bbc74,full,42,high,0.9319595769,0.0680404231,high,0,0
m1_shared,17,0,79,2523640a662b9aab8fa56e40699e7726fd765a9ae7ecdc36a012e3ad8211a245,t3,5,high,0.9991832619,0.0008167380583,high,0,0
m1_shared,17,0,79,2523640a662b9aab8fa56e40699e7726fd765a9ae7ecdc36a012e3ad8211a245,t5,9,high,0.9973269941,0.002673005918,high,0,0
m1_shared,17,0,79,2523640a662b9aab8fa56e40699e7726fd765a9ae7ecdc36a012e3ad8211a245,full,9,high,0.9973269941,0.002673005918,high,0,0
m1_shared,17,0,80,a6ba01099092faefda72e83a5ffad12164972913b573b6580138d019a5453418,t3,4,high,0.9945307253,0.005469274707,high,0,0
m1_shared,17,0,80,a6ba01099092faefda72e83a5ffad12164972913b573b6580138d019a5453418,t5,8,high,0.9987551566,0.001244843355,high,0,0
m1_shared,17,0,80,a6ba01099092faefda72e83a5ffad12164972913b573b6580138d019a5453418,t10,18,high,0.9988486004,0.001151399571,high,0,0
m1_shared,17,0,80,a6ba01099092faefda72e83a5ffad12164972913b573b6580138d019a5453418,t20,38,high,0.998735578,0.001264421968,high,0,0
m1_shared,17,0,80,a6ba01099092faefda72e83a5ffad12164972913b573b6580138d019a5453418,full,62,high,0.9982453857,0.001754614292,high,0,0
m1_shared,17,0,82,eac114d0fbda834121eb1da95e9dd3d4e76db9e3188fcf74d6d679a8efd3c8f1,t3,4,high,0.9991959141,0.0008040859248,high,0,0
m1_shared,17,0,82,eac114d0fbda834121eb1da95e9dd3d4e76db9e3188fcf74d6d679a8efd3c8f1,t5,8,high,0.9997388097,0.0002611902892,high,0,0
m1_shared,17,0,82,eac114d0fbda834121eb1da95e9dd3d4e76db9e3188fcf74d6d679a8efd3c8f1,t10,18,high,0.9981613347,0.001838665339,high,0,0
m1_shared,17,0,82,eac114d0fbda834121eb1da95e9dd3d4e76db9e3188fcf74d6d679a8efd3c8f1,full,36,high,0.9787126482,0.02128735185,high,0,0
m1_shared,17,0,87,c2a6706263d09c63b307df18a79bae14418b0faf3038d47b68ad4d2e853e3f99,t3,4,high,0.9938070094,0.006192990579,high,0,0
m1_shared,17,0,87,c2a6706263d09c63b307df18a79bae14418b0faf3038d47b68ad4d2e853e3f99,t5,8,high,0.9901401447,0.009859855287,high,0,0
m1_shared,17,0,87,c2a6706263d09c63b307df18a79bae14418b0faf3038d47b68ad4d2e853e3f99,t10,18,high,0.9984988178,0.001501182211,high,0,0
m1_shared,17,0,87,c2a6706263d09c63b307df18a79bae14418b0faf3038d47b68ad4d2e853e3f99,full,24,high,0.9896718469,0.01032815315,high,0,0
m1_shared,17,0,94,16ad8c075416a1640a523d8697d580ecb71be79a914d2b7439592eef75b54a0e,t3,4,high,0.9981324341,0.001867565908,high,0,0
m1_shared,17,0,94,16ad8c075416a1640a523d8697d580ecb71be79a914d2b7439592eef75b54a0e,t5,8,high,0.9992562971,0.0007437029271,high,0,0
m1_shared,17,0,94,16ad8c075416a1640a523d8697d580ecb71be79a914d2b7439592eef75b54a0e,t10,18,high,0.9994966644,0.0005033356138,high,0,0
m1_shared,17,0,94,16ad8c075416a1640a523d8697d580ecb71be79a914d2b7439592eef75b54a0e,t20,38,high,0.9978172835,0.002182716504,high,0,0
m1_shared,17,0,94,16ad8c075416a1640a523d8697d580ecb71be79a914d2b7439592eef75b54a0e,full,60,high,0.9854964195,0.01450358052,high,0,0
m1_shared,17,0,101,c5c61ac6a632dc81f083aca02a5ce3ff9b90ef1e69a86f138b246bd23e7d0ea9,t3,4,high,0.9709092434,0.02909075655,high,0,0
m1_shared,17,0,101,c5c61ac6a632dc81f083aca02a5ce3ff9b90ef1e69a86f138b246bd23e7d0ea9,t5,8,high,0.9966233876,0.00337661244,high,0,0
m1_shared,17,0,101,c5c61ac6a632dc81f083aca02a5ce3ff9b90ef1e69a86f138b246bd23e7d0ea9,t10,18,high,0.9866748517,0.01332514826,high,0,0
m1_shared,17,0,101,c5c61ac6a632dc81f083aca02a5ce3ff9b90ef1e69a86f138b246bd23e7d0ea9,t20,38,high,0.9992678187,0.0007321813027,high,0,0
m1_shared,17,0,101,c5c61ac6a632dc81f083aca02a5ce3ff9b90ef1e69a86f138b246bd23e7d0ea9,full,62,high,0.9842154384,0.01578456163,high,0,0
m1_shared,17,0,104,ce81615fdfacce198687f92d3c58747d1f210c5783fa3bb46aa95df8fb61efdc,t3,4,high,0.9994207083,0.0005792917218,high,0,0
m1_shared,17,0,104,ce81615fdfacce198687f92d3c58747d1f210c5783fa3bb46aa95df8fb61efdc,t5,8,high,0.520008862,0.479991138,high,0,0
m1_shared,17,0,104,ce81615fdfacce198687f92d3c58747d1f210c5783fa3bb46aa95df8fb61efdc,t10,18,high,0.4450470805,0.5549529195,low,0,0
m1_shared,17,0,104,ce81615fdfacce198687f92d3c58747d1f210c5783fa3bb46aa95df8fb61efdc,t20,38,high,0.9995626656,0.0004373344127,high,0,0
m1_shared,17,0,104,ce81615fdfacce198687f92d3c58747d1f210c5783fa3bb46aa95df8fb61efdc,full,54,high,0.998042983,0.001957016997,high,0,0
m1_shared,17,0,108,b74f3f5afc0b04fa76647aa59087b92f57a410aac28d92b9e08e36f063008fba,t3,4,high,0.9980122256,0.001987774391,high,0,0
m1_shared,17,0,108,b74f3f5afc0b04fa76647aa59087b92f57a410aac28d92b9e08e36f063008fba,t5,8,high,0.9994023307,0.0005976693355,high,0,0
m1_shared,17,0,108,b74f3f5afc0b04fa76647aa59087b92f57a410aac28d92b9e08e36f063008fba,t10,18,high,0.9949396681,0.005060331896,high,0,0
m1_shared,17,0,108,b74f3f5afc0b04fa76647aa59087b92f57a410aac28d92b9e08e36f063008fba,t20,38,high,0.9976403394,0.002359660575,high,0,0
m1_shared,17,0,108,b74f3f5afc0b04fa76647aa59087b92f57a410aac28d92b9e08e36f063008fba,full,56,high,0.9873750508,0.01262494922,high,0,0
m1_shared,17,0,109,f92544f5ed508add4c093c58e76fce40d49ca14b51000a7b8770e0152039d485,t3,4,high,0.0117778182,0.9882221818,low,0,0
m1_shared,17,0,109,f92544f5ed508add4c093c58e76fce40d49ca14b51000a7b8770e0152039d485,t5,8,high,0.9825575165,0.01744248345,high,0,0
m1_shared,17,0,109,f92544f5ed508add4c093c58e76fce40d49ca14b51000a7b8770e0152039d485,t10,18,high,0.05749320984,0.9425067902,low,0,0
m1_shared,17,0,109,f92544f5ed508add4c093c58e76fce40d49ca14b51000a7b8770e0152039d485,t20,38,high,0.7567173243,0.2432826757,high,0,0
m1_shared,17,0,109,f92544f5ed508add4c093c58e76fce40d49ca14b51000a7b8770e0152039d485,full,44,high,0.9597620592,0.04023794085,high,0,0
m1_shared,17,0,119,5e9b1bd1f06698191157fbc99f25182854ee47dcc819d045d1eee684d797587b,t3,4,high,0.9996079582,0.0003920417803,high,0,0
m1_shared,17,0,119,5e9b1bd1f06698191157fbc99f25182854ee47dcc819d045d1eee684d797587b,t5,8,high,0.9989182847,0.001081715338,high,0,0
m1_shared,17,0,119,5e9b1bd1f06698191157fbc99f25182854ee47dcc819d045d1eee684d797587b,t10,18,high,0.9996140339,0.0003859660937,high,0,0
m1_shared,17,0,119,5e9b1bd1f06698191157fbc99f25182854ee47dcc819d045d1eee684d797587b,t20,38,high,0.9989994955,0.001000504475,high,0,0
m1_shared,17,0,119,5e9b1bd1f06698191157fbc99f25182854ee47dcc819d045d1eee684d797587b,full,84,high,0.9870795263,0.0129204737,high,0,0
m1_shared,17,0,121,b3b2e2bd4653e0479aa37231686157e94d03881d3e717ffb4b92970e7582dc0d,t3,4,high,0.9463988543,0.05360114574,high,0,0
m1_shared,17,0,121,b3b2e2bd4653e0479aa37231686157e94d03881d3e717ffb4b92970e7582dc0d,t5,8,high,0.9889278393,0.01107216068,high,0,0
m1_shared,17,0,121,b3b2e2bd4653e0479aa37231686157e94d03881d3e717ffb4b92970e7582dc0d,t10,18,high,0.9924227595,0.007577240467,high,0,0
m1_shared,17,0,121,b3b2e2bd4653e0479aa37231686157e94d03881d3e717ffb4b92970e7582dc0d,t20,38,high,0.9989994955,0.001000504475,high,0,0
m1_shared,17,0,121,b3b2e2bd4653e0479aa37231686157e94d03881d3e717ffb4b92970e7582dc0d,full,596,high,0.9886682453,0.01133175474,high,0,0
m1_shared,17,0,123,6c7e3cea7a4858b1ace2a58c01677e91a03db28f550513c277a01f23b2083836,t3,4,low,0.0002234578133,0.9997765422,low,0,0
m1_shared,17,0,123,6c7e3cea7a4858b1ace2a58c01677e91a03db28f550513c277a01f23b2083836,t5,8,low,0.001388549805,0.9986114502,low,0,0
m1_shared,17,0,123,6c7e3cea7a4858b1ace2a58c01677e91a03db28f550513c277a01f23b2083836,t10,18,low,0.003027796745,0.9969722033,low,0,0
m1_shared,17,0,123,6c7e3cea7a4858b1ace2a58c01677e91a03db28f550513c277a01f23b2083836,full,26,low,0.005384981632,0.9946150184,low,0,0
m1_shared,17,0,131,78d93e44688ea4c2b1b0be54e645ffaf0ab8c612ccfe0606b26306c0bdd7eb9e,t3,4,low,0.9993332977,0.0006667023408,high,0,0
m1_shared,17,0,131,78d93e44688ea4c2b1b0be54e645ffaf0ab8c612ccfe0606b26306c0bdd7eb9e,t5,8,low,0.9986541395,0.001345860539,high,0,0
m1_shared,17,0,131,78d93e44688ea4c2b1b0be54e645ffaf0ab8c612ccfe0606b26306c0bdd7eb9e,t10,18,low,0.9984988178,0.001501182211,high,0,0
m1_shared,17,0,131,78d93e44688ea4c2b1b0be54e645ffaf0ab8c612ccfe0606b26306c0bdd7eb9e,t20,38,low,0.9885803843,0.01141961571,high,0,0
m1_shared,17,0,131,78d93e44688ea4c2b1b0be54e645ffaf0ab8c612ccfe0606b26306c0bdd7eb9e,full,90,low,0.9948603888,0.005139611196,high,0,0
m2_oneway,17,0,14,892e4e1ab6068fc4434d0054ab76e2c3c0d9bf73fcc5cd615db68815b3134102,t3,4,high,0.9778834097,0.02211659029,high,0,0
m2_oneway,17,0,14,892e4e1ab6068fc4434d0054ab76e2c3c0d9bf73fcc5cd615db68815b3134102,t5,8,high,0.9713473301,0.02865266986,high,0,0
m2_oneway,17,0,14,892e4e1ab6068fc4434d0054ab76e2c3c0d9bf73fcc5cd615db68815b3134102,t10,18,high,0.9149009585,0.08509904146,high,0,0
m2_oneway,17,0,14,892e4e1ab6068fc4434d0054ab76e2c3c0d9bf73fcc5cd615db68815b3134102,t20,38,high,0.9837225396,0.01627746038,high,0,0
m2_oneway,17,0,14,892e4e1ab6068fc4434d0054ab76e2c3c0d9bf73fcc5cd615db68815b3134102,full,48,high,0.8442806602,0.1557193398,high,0,0
m2_oneway,17,0,17,4e9629cc0367f8dbaf9608d5600aa795a09c3ebbe94051365be8cd7611f13d26,t3,4,low,0.282988131,0.717011869,low,0,0
m2_oneway,17,0,17,4e9629cc0367f8dbaf9608d5600aa795a09c3ebbe94051365be8cd7611f13d26,t5,8,low,0.4561674595,0.5438325405,low,0,0
m2_oneway,17,0,17,4e9629cc0367f8dbaf9608d5600aa795a09c3ebbe94051365be8cd7611f13d26,t10,18,low,0.08449274302,0.915507257,low,0,0
m2_oneway,17,0,17,4e9629cc0367f8dbaf9608d5600aa795a09c3ebbe94051365be8cd7611f13d26,full,28,low,0.4096340537,0.5903659463,low,0,0
m2_oneway,17,0,21,c1b71ca5fcfb63cd845ec42d43753eca41cf5c90313140ea6e9695c2c654df6d,t3,4,high,0.4610167742,0.5389832258,low,0,0
m2_oneway,17,0,21,c1b71ca5fcfb63cd845ec42d43753eca41cf5c90313140ea6e9695c2c654df6d,t5,8,high,0.5779718757,0.4220281243,high,0,0
m2_oneway,17,0,21,c1b71ca5fcfb63cd845ec42d43753eca41cf5c90313140ea6e9695c2c654df6d,t10,18,high,0.8795611858,0.1204388142,high,0,0
m2_oneway,17,0,21,c1b71ca5fcfb63cd845ec42d43753eca41cf5c90313140ea6e9695c2c654df6d,t20,38,high,0.9473810457,0.05261895433,high,0,0
m2_oneway,17,0,21,c1b71ca5fcfb63cd845ec42d43753eca41cf5c90313140ea6e9695c2c654df6d,full,246,high,0.7037531137,0.2962468863,high,0,0
m2_oneway,17,0,27,e883cab14c33a28c3bf1e25281ef335a7bcd08f31fb3e2cea1e824982af00196,t3,4,low,0.3457677364,0.6542322636,low,0,0
m2_oneway,17,0,27,e883cab14c33a28c3bf1e25281ef335a7bcd08f31fb3e2cea1e824982af00196,t5,8,low,0.1955940723,0.8044059277,low,0,0
m2_oneway,17,0,27,e883cab14c33a28c3bf1e25281ef335a7bcd08f31fb3e2cea1e824982af00196,t10,18,low,0.1139734387,0.8860265613,low,0,0
m2_oneway,17,0,27,e883cab14c33a28c3bf1e25281ef335a7bcd08f31fb3e2cea1e824982af00196,full,22,low,0.5554352105,0.4445647895,high,0,0
m2_oneway,17,0,46,2815019765d0a2b0cd8db67fb79e15ec0c4893de14483f3e6156ddacadb10f7a,t3,4,high,0.201420188,0.798579812,low,0,0
m2_oneway,17,0,46,2815019765d0a2b0cd8db67fb79e15ec0c4893de14483f3e6156ddacadb10f7a,t5,8,high,0.3380771279,0.6619228721,low,0,0
m2_oneway,17,0,46,2815019765d0a2b0cd8db67fb79e15ec0c4893de14483f3e6156ddacadb10f7a,t10,18,high,0.9276259765,0.0723740235,high,0,0
m2_oneway,17,0,46,2815019765d0a2b0cd8db67fb79e15ec0c4893de14483f3e6156ddacadb10f7a,t20,38,high,0.2877678275,0.7122321725,low,0,0
m2_oneway,17,0,46,2815019765d0a2b0cd8db67fb79e15ec0c4893de14483f3e6156ddacadb10f7a,full,58,high,0.5755879879,0.4244120121,high,0,0
m2_oneway,17,0,53,646074c09ce77345f3d6434db5b2b976626086f4a3ba9020dc6fa992fa6887ac,t3,4,low,0.2814056277,0.7185943723,low,0,0
m2_oneway,17,0,53,646074c09ce77345f3d6434db5b2b976626086f4a3ba9020dc6fa992fa6887ac,t5,8,low,0.6020615995,0.3979384005,high,0,0
m2_oneway,17,0,53,646074c09ce77345f3d6434db5b2b976626086f4a3ba9020dc6fa992fa6887ac,t10,18,low,0.2804192901,0.7195807099,low,0,0
m2_oneway,17,0,53,646074c09ce77345f3d6434db5b2b976626086f4a3ba9020dc6fa992fa6887ac,t20,38,low,0.9374402761,0.06255972385,high,0,0
m2_oneway,17,0,53,646074c09ce77345f3d6434db5b2b976626086f4a3ba9020dc6fa992fa6887ac,full,106,low,0.8812066019,0.1187933981,high,0,0
m2_oneway,17,0,55,1b9abf33ba8b2badfab01f2ee1f7aa958800a9808d579c0ec4e6bc41eb27f449,t3,4,high,0.09186977148,0.9081302285,low,0,0
m2_oneway,17,0,55,1b9abf33ba8b2badfab01f2ee1f7aa958800a9808d579c0ec4e6bc41eb27f449,t5,8,high,0.07723879814,0.9227612019,low,0,0
m2_oneway,17,0,55,1b9abf33ba8b2badfab01f2ee1f7aa958800a9808d579c0ec4e6bc41eb27f449,t10,18,high,0.8944211528,0.1055788472,high,0,0
m2_oneway,17,0,55,1b9abf33ba8b2badfab01f2ee1f7aa958800a9808d579c0ec4e6bc41eb27f449,t20,38,high,0.8019358218,0.1980641782,high,0,0
m2_oneway,17,0,55,1b9abf33ba8b2badfab01f2ee1f7aa958800a9808d579c0ec4e6bc41eb27f449,full,64,high,0.8297680616,0.1702319384,high,0,0
m2_oneway,17,0,65,884e0cb0d19baa05ae86bae59b5351a82ddcdb9a7af044867db66a819a131389,t3,5,high,0.7238954306,0.2761045694,high,0,0
m2_oneway,17,0,65,884e0cb0d19baa05ae86bae59b5351a82ddcdb9a7af044867db66a819a131389,t5,9,high,0.9527502842,0.04724971578,high,0,0
m2_oneway,17,0,65,884e0cb0d19baa05ae86bae59b5351a82ddcdb9a7af044867db66a819a131389,t10,19,high,0.9329437166,0.06705628335,high,0,0
m2_oneway,17,0,65,884e0cb0d19baa05ae86bae59b5351a82ddcdb9a7af044867db66a819a131389,full,33,high,0.9500414766,0.04995852336,high,0,0
m2_oneway,17,0,67,38b5c44ace8c39b31954af0c9b3057abad24dd37ec441de169f055949fb91ed3,t3,4,high,0.2223622203,0.7776377797,low,0,0
m2_oneway,17,0,67,38b5c44ace8c39b31954af0c9b3057abad24dd37ec441de169f055949fb91ed3,t5,8,high,0.2372223139,0.7627776861,low,0,0
m2_oneway,17,0,67,38b5c44ace8c39b31954af0c9b3057abad24dd37ec441de169f055949fb91ed3,t10,18,high,0.1592174172,0.8407825828,low,0,0
m2_oneway,17,0,67,38b5c44ace8c39b31954af0c9b3057abad24dd37ec441de169f055949fb91ed3,t20,38,high,0.5331543982,0.4668456018,high,0,0
m2_oneway,17,0,67,38b5c44ace8c39b31954af0c9b3057abad24dd37ec441de169f055949fb91ed3,full,46,high,0.6199315786,0.3800684214,high,0,0
m2_oneway,17,0,69,eff9b2507927f7894349799dbb77b0c66871e7547a4170f6e6ef409f01493d5d,t3,4,low,0.07423138618,0.9257686138,low,0,0
m2_oneway,17,0,69,eff9b2507927f7894349799dbb77b0c66871e7547a4170f6e6ef409f01493d5d,full,6,low,0.2735744119,0.7264255881,low,0,0
m2_oneway,17,0,70,eff9b2507927f7894349799dbb77b0c66871e7547a4170f6e6ef409f01493d5d,t3,4,high,0.06164968014,0.9383503199,low,0,0
m2_oneway,17,0,70,eff9b2507927f7894349799dbb77b0c66871e7547a4170f6e6ef409f01493d5d,t5,8,high,0.1078126431,0.8921873569,low,0,0
m2_oneway,17,0,70,eff9b2507927f7894349799dbb77b0c66871e7547a4170f6e6ef409f01493d5d,full,10,high,0.1512784362,0.8487215638,low,0,0
m2_oneway,17,0,77,5ee3de464b1eb18f6dbc71fac32dd821ec33a6f6ea0d273324ce5d81751bbc74,t3,4,high,0.9643214457,0.03567855433,high,0,0
m2_oneway,17,0,77,5ee3de464b1eb18f6dbc71fac32dd821ec33a6f6ea0d273324ce5d81751bbc74,t5,8,high,0.7086160183,0.2913839817,high,0,0
m2_oneway,17,0,77,5ee3de464b1eb18f6dbc71fac32dd821ec33a6f6ea0d273324ce5d81751bbc74,t10,18,high,0.6727618575,0.3272381425,high,0,0
m2_oneway,17,0,77,5ee3de464b1eb18f6dbc71fac32dd821ec33a6f6ea0d273324ce5d81751bbc74,t20,38,high,0.688049376,0.311950624,high,0,0
m2_oneway,17,0,77,5ee3de464b1eb18f6dbc71fac32dd821ec33a6f6ea0d273324ce5d81751bbc74,full,42,high,0.6352224052,0.3647775948,high,0,0
m2_oneway,17,0,79,2523640a662b9aab8fa56e40699e7726fd765a9ae7ecdc36a012e3ad8211a245,t3,5,high,0.9525741264,0.04742587358,high,0,0
m2_oneway,17,0,79,2523640a662b9aab8fa56e40699e7726fd765a9ae7ecdc36a012e3ad8211a245,t5,9,high,0.9312127158,0.0687872842,high,0,0
m2_oneway,17,0,79,2523640a662b9aab8fa56e40699e7726fd765a9ae7ecdc36a012e3ad8211a245,full,9,high,0.9312127158,0.0687872842,high,0,0
m2_oneway,17,0,80,a6ba01099092faefda72e83a5ffad12164972913b573b6580138d019a5453418,t3,4,high,0.8376199752,0.1623800248,high,0,0
m2_oneway,17,0,80,a6ba01099092faefda72e83a5ffad12164972913b573b6580138d019a5453418,t5,8,high,0.9235923141,0.07640768588,high,0,0
m2_oneway,17,0,80,a6ba01099092faefda72e83a5ffad12164972913b573b6580138d019a5453418,t10,18,high,0.9635062329,0.03649376705,high,0,0
m2_oneway,17,0,80,a6ba01099092faefda72e83a5ffad12164972913b573b6580138d019a5453418,t20,38,high,0.8852352127,0.1147647873,high,0,0
m2_oneway,17,0,80,a6ba01099092faefda72e83a5ffad12164972913b573b6580138d019a5453418,full,62,high,0.8910549581,0.1089450419,high,0,0
m2_oneway,17,0,82,eac114d0fbda834121eb1da95e9dd3d4e76db9e3188fcf74d6d679a8efd3c8f1,t3,4,high,0.6786465049,0.3213534951,high,0,0
m2_oneway,17,0,82,eac114d0fbda834121eb1da95e9dd3d4e76db9e3188fcf74d6d679a8efd3c8f1,t5,8,high,0.9139841273,0.08601587266,high,0,0
m2_oneway,17,0,82,eac114d0fbda834121eb1da95e9dd3d4e76db9e3188fcf74d6d679a8efd3c8f1,t10,18,high,0.5811842382,0.4188157618,high,0,0
m2_oneway,17,0,82,eac114d0fbda834121eb1da95e9dd3d4e76db9e3188fcf74d6d679a8efd3c8f1,full,36,high,0.7668178976,0.2331821024,high,0,0
m2_oneway,17,0,87,c2a6706263d09c63b307df18a79bae14418b0faf3038d47b68ad4d2e853e3f99,t3,4,high,0.9196425304,0.08035746962,high,0,0
m2_oneway,17,0,87,c2a6706263d09c63b307df18a79bae14418b0faf3038d47b68ad4d2e853e3f99,t5,8,high,0.9334308133,0.06656918675,high,0,0
m2_oneway,17,0,87,c2a6706263d09c63b307df18a79bae14418b0faf3038d47b68ad4d2e853e3f99,t10,18,high,0.9429285973,0.05707140267,high,0,0
m2_oneway,17,0,87,c2a6706263d09c63b307df18a79bae14418b0faf3038d47b68ad4d2e853e3f99,full,24,high,0.9546474218,0.04535257816,high,0,0
m2_oneway,17,0,94,16ad8c075416a1640a523d8697d580ecb71be79a914d2b7439592eef75b54a0e,t3,4,high,0.9686195664,0.03138043359,high,0,0
m2_oneway,17,0,94,16ad8c075416a1640a523d8697d580ecb71be79a914d2b7439592eef75b54a0e,t5,8,high,0.9504109733,0.04958902672,high,0,0
m2_oneway,17,0,94,16ad8c075416a1640a523d8697d580ecb71be79a914d2b7439592eef75b54a0e,t10,18,high,0.9932550099,0.006744990125,high,0,0
m2_oneway,17,0,94,16ad8c075416a1640a523d8697d580ecb71be79a914d2b7439592eef75b54a0e,t20,38,high,0.9790357612,0.02096423879,high,0,0
m2_oneway,17,0,94,16ad8c075416a1640a523d8697d580ecb71be79a914d2b7439592eef75b54a0e,full,60,high,0.9462003559,0.05379964411,high,0,0
m2_oneway,17,0,101,c5c61ac6a632dc81f083aca02a5ce3ff9b90ef1e69a86f138b246bd23e7d0ea9,t3,4,high,0.2921912074,0.7078087926,low,0,0
m2_oneway,17,0,101,c5c61ac6a632dc81f083aca02a5ce3ff9b90ef1e69a86f138b246bd23e7d0ea9,t5,8,high,0.7439129055,0.2560870945,high,0,0
m2_oneway,17,0,101,c5c61ac6a632dc81f083aca02a5ce3ff9b90ef1e69a86f138b246bd23e7d0ea9,t10,18,high,0.7537839711,0.2462160289,high,0,0
m2_oneway,17,0,101,c5c61ac6a632dc81f083aca02a5ce3ff9b90ef1e69a86f138b246bd23e7d0ea9,t20,38,high,0.593844831,0.406155169,high,0,0
m2_oneway,17,0,101,c5c61ac6a632dc81f083aca02a5ce3ff9b90ef1e69a86f138b246bd23e7d0ea9,full,62,high,0.635561794,0.364438206,high,0,0
m2_oneway,17,0,104,ce81615fdfacce198687f92d3c58747d1f210c5783fa3bb46aa95df8fb61efdc,t3,4,high,0.6553359926,0.3446640074,high,0,0
m2_oneway,17,0,104,ce81615fdfacce198687f92d3c58747d1f210c5783fa3bb46aa95df8fb61efdc,t5,8,high,0.3119506836,0.6880493164,low,0,0
m2_oneway,17,0,104,ce81615fdfacce198687f92d3c58747d1f210c5783fa3bb46aa95df8fb61efdc,t10,18,high,0.4246505499,0.5753494501,low,0,0
m2_oneway,17,0,104,ce81615fdfacce198687f92d3c58747d1f210c5783fa3bb46aa95df8fb61efdc,t20,38,high,0.9515039958,0.04849600419,high,0,0
m2_oneway,17,0,104,ce81615fdfacce198687f92d3c58747d1f210c5783fa3bb46aa95df8fb61efdc,full,54,high,0.8543993682,0.1456006318,high,0,0
m2_oneway,17,0,108,b74f3f5afc0b04fa76647aa59087b92f57a410aac28d92b9e08e36f063008fba,t3,4,high,0.7702920437,0.2297079563,high,0,0
m2_oneway,17,0,108,b74f3f5afc0b04fa76647aa59087b92f57a410aac28d92b9e08e36f063008fba,t5,8,high,0.9788748063,0.02112519369,high,0,0
m2_oneway,17,0,108,b74f3f5afc0b04fa76647aa59087b92f57a410aac28d92b9e08e36f063008fba,t10,18,high,0.9553191252,0.04468087479,high,0,0
m2_oneway,17,0,108,b74f3f5afc0b04fa76647aa59087b92f57a410aac28d92b9e08e36f063008fba,t20,38,high,0.798186779,0.201813221,high,0,0
m2_oneway,17,0,108,b74f3f5afc0b04fa76647aa59087b92f57a410aac28d92b9e08e36f063008fba,full,56,high,0.7295197546,0.2704802454,high,0,0
m2_oneway,17,0,109,f92544f5ed508add4c093c58e76fce40d49ca14b51000a7b8770e0152039d485,t3,4,high,0.1732882261,0.8267117739,low,0,0
m2_oneway,17,0,109,f92544f5ed508add4c093c58e76fce40d49ca14b51000a7b8770e0152039d485,t5,8,high,0.8086723089,0.1913276911,high,0,0
m2_oneway,17,0,109,f92544f5ed508add4c093c58e76fce40d49ca14b51000a7b8770e0152039d485,t10,18,high,0.4003976583,0.5996023417,low,0,0
m2_oneway,17,0,109,f92544f5ed508add4c093c58e76fce40d49ca14b51000a7b8770e0152039d485,t20,38,high,0.4128851891,0.5871148109,low,0,0
m2_oneway,17,0,109,f92544f5ed508add4c093c58e76fce40d49ca14b51000a7b8770e0152039d485,full,44,high,0.5401962698,0.4598037302,high,0,0
m2_oneway,17,0,119,5e9b1bd1f06698191157fbc99f25182854ee47dcc819d045d1eee684d797587b,t3,4,high,0.9797453098,0.0202546902,high,0,0
m2_oneway,17,0,119,5e9b1bd1f06698191157fbc99f25182854ee47dcc819d045d1eee684d797587b,t5,8,high,0.8470843732,0.1529156268,high,0,0
m2_oneway,17,0,119,5e9b1bd1f06698191157fbc99f25182854ee47dcc819d045d1eee684d797587b,t10,18,high,0.9908743622,0.009125637822,high,0,0
m2_oneway,17,0,119,5e9b1bd1f06698191157fbc99f25182854ee47dcc819d045d1eee684d797587b,t20,38,high,0.9810219631,0.01897803694,high,0,0
m2_oneway,17,0,119,5e9b1bd1f06698191157fbc99f25182854ee47dcc819d045d1eee684d797587b,full,84,high,0.9674102552,0.03258974478,high,0,0
m2_oneway,17,0,121,b3b2e2bd4653e0479aa37231686157e94d03881d3e717ffb4b92970e7582dc0d,t3,4,high,0.587469846,0.412530154,high,0,0
m2_oneway,17,0,121,b3b2e2bd4653e0479aa37231686157e94d03881d3e717ffb4b92970e7582dc0d,t5,8,high,0.7088679969,0.2911320031,high,0,0
m2_oneway,17,0,121,b3b2e2bd4653e0479aa37231686157e94d03881d3e717ffb4b92970e7582dc0d,t10,18,high,0.805019781,0.194980219,high,0,0
m2_oneway,17,0,121,b3b2e2bd4653e0479aa37231686157e94d03881d3e717ffb4b92970e7582dc0d,t20,38,high,0.9676556699,0.0323443301,high,0,0
m2_oneway,17,0,121,b3b2e2bd4653e0479aa37231686157e94d03881d3e717ffb4b92970e7582dc0d,full,596,high,0.8940517232,0.1059482768,high,0,0
m2_oneway,17,0,123,6c7e3cea7a4858b1ace2a58c01677e91a03db28f550513c277a01f23b2083836,t3,4,low,0.05242455006,0.9475754499,low,0,0
m2_oneway,17,0,123,6c7e3cea7a4858b1ace2a58c01677e91a03db28f550513c277a01f23b2083836,t5,8,low,0.05791813135,0.9420818686,low,0,0
m2_oneway,17,0,123,6c7e3cea7a4858b1ace2a58c01677e91a03db28f550513c277a01f23b2083836,t10,18,low,0.04084569216,0.9591543078,low,0,0
m2_oneway,17,0,123,6c7e3cea7a4858b1ace2a58c01677e91a03db28f550513c277a01f23b2083836,full,26,low,0.3786888123,0.6213111877,low,0,0
m2_oneway,17,0,131,78d93e44688ea4c2b1b0be54e645ffaf0ab8c612ccfe0606b26306c0bdd7eb9e,t3,4,low,0.8489721864,0.1510278136,high,0,0
m2_oneway,17,0,131,78d93e44688ea4c2b1b0be54e645ffaf0ab8c612ccfe0606b26306c0bdd7eb9e,t5,8,low,0.9777138121,0.02228618786,high,0,0
m2_oneway,17,0,131,78d93e44688ea4c2b1b0be54e645ffaf0ab8c612ccfe0606b26306c0bdd7eb9e,t10,18,low,0.9828232899,0.01717671007,high,0,0
m2_oneway,17,0,131,78d93e44688ea4c2b1b0be54e645ffaf0ab8c612ccfe0606b26306c0bdd7eb9e,t20,38,low,0.6943026781,0.3056973219,high,0,0
m2_oneway,17,0,131,78d93e44688ea4c2b1b0be54e645ffaf0ab8c612ccfe0606b26306c0bdd7eb9e,full,90,low,0.7287482917,0.2712517083,high,0,0
m3_discounted,17,0,14,892e4e1ab6068fc4434d0054ab76e2c3c0d9bf73fcc5cd615db68815b3134102,t3,4,high,0.8440494835,0.1559505165,high,-0.441580236,0.01639231108
m3_discounted,17,0,14,892e4e1ab6068fc4434d0054ab76e2c3c0d9bf73fcc5cd615db68815b3134102,t5,8,high,0.7994664311,0.2005335689,high,0.1254504472,0.03267080337
m3_discounted,17,0,14,892e4e1ab6068fc4434d0054ab76e2c3c0d9bf73fcc5cd615db68815b3134102,t10,18,high,0.7571602762,0.2428397238,high,1.288707733,0.07946206629
m3_discounted,17,0,14,892e4e1ab6068fc4434d0054ab76e2c3c0d9bf73fcc5cd615db68815b3134102,t20,38,high,0.7787903845,0.2212096155,high,2.164752483,0.1881469935
m3_discounted,17,0,14,892e4e1ab6068fc4434d0054ab76e2c3c0d9bf73fcc5cd615db68815b3134102,full,48,high,0.7355852425,0.2644147575,high,3.2448318,0.2402130216
m3_discounted,17,0,17,4e9629cc0367f8dbaf9608d5600aa795a09c3ebbe94051365be8cd7611f13d26,t3,4,low,0.7268296778,0.2731703222,high,1.204686046,0.03740935028
m3_discounted,17,0,17,4e9629cc0367f8dbaf9608d5600aa795a09c3ebbe94051365be8cd7611f13d26,t5,8,low,0.693824172,0.306175828,high,2.163745165,0.05317727104
m3_discounted,17,0,17,4e9629cc0367f8dbaf9608d5600aa795a09c3ebbe94051365be8cd7611f13d26,t10,18,low,0.660807699,0.339192301,high,4.28719902,0.06270955503
m3_discounted,17,0,17,4e9629cc0367f8dbaf9608d5600aa795a09c3ebbe94051365be8cd7611f13d26,full,28,low,0.6302454174,0.3697545826,high,6.752851486,0.05155435205
m3_discounted,17,0,21,c1b71ca5fcfb63cd845ec42d43753eca41cf5c90313140ea6e9695c2c654df6d,t3,4,high,0.7354238927,0.2645761073,high,1.132985592,0.005095354281
m3_discounted,17,0,21,c1b71ca5fcfb63cd845ec42d43753eca41cf5c90313140ea6e9695c2c654df6d,t5,8,high,0.6945574582,0.3054425418,high,2.124272108,0.04008448869
m3_discounted,17,0,21,c1b71ca5fcfb63cd845ec42d43753eca41cf5c90313140ea6e9695c2c654df6d,t10,18,high,0.6936894655,0.3063105345,high,3.821138859,0.1078513712
m3_discounted,17,0,21,c1b71ca5fcfb63cd845ec42d43753eca41cf5c90313140ea6e9695c2c654df6d,t20,38,high,0.7415203154,0.2584796846,high,5.977377892,0.2208356708
m3_discounted,17,0,21,c1b71ca5fcfb63cd845ec42d43753eca41cf5c90313140ea6e9695c2c654df6d,full,246,high,0.6746048033,0.3253951967,high,33.3890419,1.169361591
m3_discounted,17,0,27,e883cab14c33a28c3bf1e25281ef335a7bcd08f31fb3e2cea1e824982af00196,t3,4,low,0.7398988008,0.2601011992,high,1.112816811,0.000838882057
m3_discounted,17,0,27,e883cab14c33a28c3bf1e25281ef335a7bcd08f31fb3e2cea1e824982af00196,t5,8,low,0.7243616283,0.2756383717,high,1.753391981,0.02477955446
m3_discounted,17,0,27,e883cab14c33a28c3bf1e25281ef335a7bcd08f31fb3e2cea1e824982af00196,t10,18,low,0.7079672515,0.2920327485,high,3.203313828,0.006881917361
m3_discounted,17,0,27,e883cab14c33a28c3bf1e25281ef335a7bcd08f31fb3e2cea1e824982af00196,full,22,low,0.7122172415,0.2877827585,high,3.736610413,0.03426282853
m3_discounted,17,0,46,2815019765d0a2b0cd8db67fb79e15ec0c4893de14483f3e6156ddacadb10f7a,t3,4,high,0.7827381194,0.2172618806,high,0.4106795192,0.03760677576
m3_discounted,17,0,46,2815019765d0a2b0cd8db67fb79e15ec0c4893de14483f3e6156ddacadb10f7a,t5,8,high,0.7283404469,0.2716595531,high,1.36834693,0.0649535507
m3_discounted,17,0,46,2815019765d0a2b0cd8db67fb79e15ec0c4893de14483f3e6156ddacadb10f7a,t10,18,high,0.7412744462,0.2587255538,high,2.687901735,0.1197929084
m3_discounted,17,0,46,2815019765d0a2b0cd8db67fb79e15ec0c4893de14483f3e6156ddacadb10f7a,t20,38,high,0.7109167576,0.2890832424,high,5.042749405,0.2186379284
m3_discounted,17,0,46,2815019765d0a2b0cd8db67fb79e15ec0c4893de14483f3e6156ddacadb10f7a,full,58,high,0.6867942512,0.3132057488,high,8.818340302,0.344165653
m3_discounted,17,0,53,646074c09ce77345f3d6434db5b2b976626086f4a3ba9020dc6fa992fa6887ac,t3,4,low,0.7254609466,0.2745390534,high,1.234520912,0.02917415276
m3_discounted,17,0,53,646074c09ce77345f3d6434db5b2b976626086f4a3ba9020dc6fa992fa6887ac,t5,8,low,0.7532801479,0.2467198521,high,1.385916233,0.06407536566
m3_discounted,17,0,53,646074c09ce77345f3d6434db5b2b976626086f4a3ba9020dc6fa992fa6887ac,t10,18,low,0.7380027771,0.2619972229,high,2.36333251,0.1284291446
m3_discounted,17,0,53,646074c09ce77345f3d6434db5b2b976626086f4a3ba9020dc6fa992fa6887ac,t20,38,low,0.7352450192,0.2647549808,high,4.703630924,0.2248968035
m3_discounted,17,0,53,646074c09ce77345f3d6434db5b2b976626086f4a3ba9020dc6fa992fa6887ac,full,106,low,0.69700858,0.30299142,high,15.71488285,0.4276582301
m3_discounted,17,0,55,1b9abf33ba8b2badfab01f2ee1f7aa958800a9808d579c0ec4e6bc41eb27f449,t3,4,high,0.7682732195,0.2317267805,high,0.7122696638,0.04168895632
m3_discounted,17,0,55,1b9abf33ba8b2badfab01f2ee1f7aa958800a9808d579c0ec4e6bc41eb27f449,t5,8,high,0.7190877199,0.2809122801,high,1.698047161,0.04370353371
m3_discounted,17,0,55,1b9abf33ba8b2badfab01f2ee1f7aa958800a9808d579c0ec4e6bc41eb27f449,t10,18,high,0.7132564783,0.2867435217,high,3.322416544,0.1129945293
m3_discounted,17,0,55,1b9abf33ba8b2badfab01f2ee1f7aa958800a9808d579c0ec4e6bc41eb27f449,t20,38,high,0.8313342631,0.1686657369,high,3.032381058,0.2131827325
m3_discounted,17,0,55,1b9abf33ba8b2badfab01f2ee1f7aa958800a9808d579c0ec4e6bc41eb27f449,full,64,high,0.7209911048,0.2790088952,high,5.729999065,0.3304621577
m3_discounted,17,0,65,884e0cb0d19baa05ae86bae59b5351a82ddcdb9a7af044867db66a819a131389,t3,5,high,0.7552671283,0.2447328717,high,0.8610727787,0.03176829964
m3_discounted,17,0,65,884e0cb0d19baa05ae86bae59b5351a82ddcdb9a7af044867db66a819a131389,t5,9,high,0.7900967151,0.2099032849,high,0.816945672,0.04069492966
m3_discounted,17,0,65,884e0cb0d19baa05ae86bae59b5351a82ddcdb9a7af044867db66a819a131389,t10,19,high,0.7913724631,0.2086275369,high,0.7616026998,0.0687064454
m3_discounted,17,0,65,884e0cb0d19baa05ae86bae59b5351a82ddcdb9a7af044867db66a819a131389,full,33,high,0.8082670122,0.1917329878,high,1.217157841,0.1363442242
m3_discounted,17,0,67,38b5c44ace8c39b31954af0c9b3057abad24dd37ec441de169f055949fb91ed3,t3,4,high,0.7537364513,0.2462635487,high,0.9247410893,0.01061474811
m3_discounted,17,0,67,38b5c44ace8c39b31954af0c9b3057abad24dd37ec441de169f055949fb91ed3,t5,8,high,0.7421469688,0.2578530312,high,1.425125957,0.04593737423
m3_discounted,17,0,67,38b5c44ace8c39b31954af0c9b3057abad24dd37ec441de169f055949fb91ed3,t10,18,high,0.7092956305,0.2907043695,high,3.012681484,0.1103802323
m3_discounted,17,0,67,38b5c44ace8c39b31954af0c9b3057abad24dd37ec441de169f055949fb91ed3,t20,38,high,0.7246506512,0.2753493488,high,5.637339115,0.2641337514
m3_discounted,17,0,67,38b5c44ace8c39b31954af0c9b3057abad24dd37ec441de169f055949fb91ed3,full,46,high,0.7279689014,0.2720310986,high,6.439859867,0.2672854364
m3_discounted,17,0,69,eff9b2507927f7894349799dbb77b0c66871e7547a4170f6e6ef409f01493d5d,t3,4,low,0.7488220334,0.2511779666,high,0.9378453493,0.009405049495
m3_discounted,17,0,69,eff9b2507927f7894349799dbb77b0c66871e7547a4170f6e6ef409f01493d5d,full,6,low,0.738897115,0.261102885,high,1.285146594,0.0146064572
m3_discounted,17,0,70,eff9b2507927f7894349799dbb77b0c66871e7547a4170f6e6ef409f01493d5d,t3,4,high,0.7370687723,0.2629312277,high,1.125072956,0.02286458202
m3_discounted,17,0,70,eff9b2507927f7894349799dbb77b0c66871e7547a4170f6e6ef409f01493d5d,t5,8,high,0.6971628666,0.3028371334,high,2.12278533,0.03196254
m3_discounted,17,0,70,eff9b2507927f7894349799dbb77b0c66871e7547a4170f6e6ef409f01493d5d,full,10,high,0.681627959,0.318372041,high,2.620865107,0.04188350216
m3_discounted,17,0,77,5ee3de464b1eb18f6dbc71fac32dd821ec33a6f6ea0d273324ce5d81751bbc74,t3,4,high,0.8583643138,0.1416356862,high,-0.6667512655,0.03488193452
m3_discounted,17,0,77,5ee3de464b1eb18f6dbc71fac32dd821ec33a6f6ea0d273324ce5d81751bbc74,t5,8,high,0.8013415784,0.1986584216,high,0.02699995041,0.04118771106
m3_discounted,17,0,77,5ee3de464b1eb18f6dbc71fac32dd821ec33a6f6ea0d273324ce5d81751bbc74,t10,18,high,0.7296213806,0.2703786194,high,1.502163887,0.1121191606
m3_discounted,17,0,77,5ee3de464b1eb18f6dbc71fac32dd821ec33a6f6ea0d273324ce5d81751bbc74,t20,38,high,0.7516399026,0.2483600974,high,3.269982338,0.1268044412
m3_discounted,17,0,77,5ee3de464b1eb18f6dbc71fac32dd821ec33a6f6ea0d273324ce5d81751bbc74,full,42,high,0.7174224257,0.2825775743,high,4.091551304,0.1397800446
m3_discounted,17,0,79,2523640a662b9aab8fa56e40699e7726fd765a9ae7ecdc36a012e3ad8211a245,t3,5,high,0.7934031636,0.2065968364,high,0.4438149929,0.03168354556
m3_discounted,17,0,79,2523640a662b9aab8fa56e40699e7726fd765a9ae7ecdc36a012e3ad8211a245,t5,9,high,0.8323303759,0.1676696241,high,-0.05862739682,0.02926031314
m3_discounted,17,0,79,2523640a662b9aab8fa56e40699e7726fd765a9ae7ecdc36a012e3ad8211a245,full,9,high,0.8323303759,0.1676696241,high,-0.05862739682,0.02926031314
m3_discounted,17,0,80,a6ba01099092faefda72e83a5ffad12164972913b573b6580138d019a5453418,t3,4,high,0.8311394155,0.1688605845,high,-0.2567394376,0.03707361594
m3_discounted,17,0,80,a6ba01099092faefda72e83a5ffad12164972913b573b6580138d019a5453418,t5,8,high,0.8429514319,0.1570485681,high,-0.6017532349,0.05723243952
m3_discounted,17,0,80,a6ba01099092faefda72e83a5ffad12164972913b573b6580138d019a5453418,t10,18,high,0.8102056533,0.1897943467,high,-0.2293785214,0.09647245705
m3_discounted,17,0,80,a6ba01099092faefda72e83a5ffad12164972913b573b6580138d019a5453418,t20,38,high,0.7871083766,0.2128916234,high,-0.3567587137,0.2011049688
m3_discounted,17,0,80,a6ba01099092faefda72e83a5ffad12164972913b573b6580138d019a5453418,full,62,high,0.7588585168,0.2411414832,high,1.026855946,0.2995710373
m3_discounted,17,0,82,eac114d0fbda834121eb1da95e9dd3d4e76db9e3188fcf74d6d679a8efd3c8f1,t3,4,high,0.8355947882,0.1644052118,high,-0.278240025,0.04784962535
m3_discounted,17,0,82,eac114d0fbda834121eb1da95e9dd3d4e76db9e3188fcf74d6d679a8efd3c8f1,t5,8,high,0.8331372738,0.1668627262,high,-0.3626217842,0.05709537119
m3_discounted,17,0,82,eac114d0fbda834121eb1da95e9dd3d4e76db9e3188fcf74d6d679a8efd3c8f1,t10,18,high,0.7955692559,0.2044307441,high,-0.07129605114,0.1077270657
m3_discounted,17,0,82,eac114d0fbda834121eb1da95e9dd3d4e76db9e3188fcf74d6d679a8efd3c8f1,full,36,high,0.7472577393,0.2527422607,high,1.420340896,0.1362748742
m3_discounted,17,0,87,c2a6706263d09c63b307df18a79bae14418b0faf3038d47b68ad4d2e853e3f99,t3,4,high,0.7335668504,0.2664331496,high,1.174688816,0.004279182293
m3_discounted,17,0,87,c2a6706263d09c63b307df18a79bae14418b0faf3038d47b68ad4d2e853e3f99,t5,8,high,0.7048875988,0.2951124012,high,2.051965237,0.02548833564
m3_discounted,17,0,87,c2a6706263d09c63b307df18a79bae14418b0faf3038d47b68ad4d2e853e3f99,t10,18,high,0.7890211791,0.2109788209,high,2.102788925,0.05482878536
m3_discounted,17,0,87,c2a6706263d09c63b307df18a79bae14418b0faf3038d47b68ad4d2e853e3f99,full,24,high,0.7893357128,0.2106642872,high,2.379397154,0.07567214966
m3_discounted,17,0,94,16ad8c075416a1640a523d8697d580ecb71be79a914d2b7439592eef75b54a0e,t3,4,high,0.7537851185,0.2462148815,high,0.9372063279,0.02596536651
m3_discounted,17,0,94,16ad8c075416a1640a523d8697d580ecb71be79a914d2b7439592eef75b54a0e,t5,8,high,0.7905295342,0.2094704658,high,0.7561137676,0.04159231856
m3_discounted,17,0,94,16ad8c075416a1640a523d8697d580ecb71be79a914d2b7439592eef75b54a0e,t10,18,high,0.842195496,0.157804504,high,-0.2063078731,0.03907757625
m3_discounted,17,0,94,16ad8c075416a1640a523d8697d580ecb71be79a914d2b7439592eef75b54a0e,t20,38,high,0.7774839401,0.2225160599,high,1.110506296,0.1280408055
m3_discounted,17,0,94,16ad8c075416a1640a523d8697d580ecb71be79a914d2b7439592eef75b54a0e,full,60,high,0.8173859119,0.1826140881,high,1.14921546,0.1940928549
m3_discounted,17,0,101,c5c61ac6a632dc81f083aca02a5ce3ff9b90ef1e69a86f138b246bd23e7d0ea9,t3,4,high,0.7524667978,0.2475332022,high,0.8764309287,0.02213690616
m3_discounted,17,0,101,c5c61ac6a632dc81f083aca02a5ce3ff9b90ef1e69a86f138b246bd23e7d0ea9,t5,8,high,0.7064068615,0.2935931385,high,1.869769335,0.04330063611
m3_discounted,17,0,101,c5c61ac6a632dc81f083aca02a5ce3ff9b90ef1e69a86f138b246bd23e7d0ea9,t10,18,high,0.6982292831,0.3017707169,high,3.620381355,0.1145832241
m3_discounted,17,0,101,c5c61ac6a632dc81f083aca02a5ce3ff9b90ef1e69a86f138b246bd23e7d0ea9,t20,38,high,0.6342042387,0.3657957613,high,8.277675629,0.1420584619
m3_discounted,17,0,101,c5c61ac6a632dc81f083aca02a5ce3ff9b90ef1e69a86f138b246bd23e7d0ea9,full,62,high,0.6562094092,0.3437905908,high,12.66830826,0.207122162
m3_discounted,17,0,104,ce81615fdfacce198687f92d3c58747d1f210c5783fa3bb46aa95df8fb61efdc,t3,4,high,0.734161824,0.265838176,high,1.147039175,0.02231905609
m3_discounted,17,0,104,ce81615fdfacce198687f92d3c58747d1f210c5783fa3bb46aa95df8fb61efdc,t5,8,high,0.7094636559,0.2905363441,high,1.953313231,0.05814203247
m3_discounted,17,0,104,ce81615fdfacce198687f92d3c58747d1f210c5783fa3bb46aa95df8fb61efdc,t10,18,high,0.7019951344,0.2980048656,high,3.549609423,0.09866033494
m3_discounted,17,0,104,ce81615fdfacce198687f92d3c58747d1f210c5783fa3bb46aa95df8fb61efdc,t20,38,high,0.756332472,0.243667528,high,5.881762981,0.1710561365
m3_discounted,17,0,104,ce81615fdfacce198687f92d3c58747d1f210c5783fa3bb46aa95df8fb61efdc,full,54,high,0.7370024025,0.2629975975,high,7.449218273,0.2674742937
m3_discounted,17,0,108,b74f3f5afc0b04fa76647aa59087b92f57a410aac28d92b9e08e36f063008fba,t3,4,high,0.8170862496,0.1829137504,high,-0.003043964505,0.04205219075
m3_discounted,17,0,108,b74f3f5afc0b04fa76647aa59087b92f57a410aac28d92b9e08e36f063008fba,t5,8,high,0.8488906324,0.1511093676,high,-0.5173335671,0.05826757848
m3_discounted,17,0,108,b74f3f5afc0b04fa76647aa59087b92f57a410aac28d92b9e08e36f063008fba,t10,18,high,0.8462175578,0.1537824422,high,-0.7523983717,0.08170358837
m3_discounted,17,0,108,b74f3f5afc0b04fa76647aa59087b92f57a410aac28d92b9e08e36f063008fba,t20,38,high,0.6854441166,0.3145558834,high,2.780751944,0.2158432901
m3_discounted,17,0,108,b74f3f5afc0b04fa76647aa59087b92f57a410aac28d92b9e08e36f063008fba,full,56,high,0.6884637773,0.3115362227,high,5.34872818,0.2578606904
m3_discounted,17,0,109,f92544f5ed508add4c093c58e76fce40d49ca14b51000a7b8770e0152039d485,t3,4,high,0.7407316864,0.2592683136,high,1.067448735,-0.007463253103
m3_discounted,17,0,109,f92544f5ed508add4c093c58e76fce40d49ca14b51000a7b8770e0152039d485,t5,8,high,0.7194833457,0.2805166543,high,1.86458683,-0.01390207093
m3_discounted,17,0,109,f92544f5ed508add4c093c58e76fce40d49ca14b51000a7b8770e0152039d485,t10,18,high,0.7429267764,0.2570732236,high,2.994969368,0.02281296253
m3_discounted,17,0,109,f92544f5ed508add4c093c58e76fce40d49ca14b51000a7b8770e0152039d485,t20,38,high,0.738211602,0.261788398,high,4.890503883,0.09469666332
m3_discounted,17,0,109,f92544f5ed508add4c093c58e76fce40d49ca14b51000a7b8770e0152039d485,full,44,high,0.7256757021,0.2743242979,high,5.612699509,0.1045390815
m3_discounted,17,0,119,5e9b1bd1f06698191157fbc99f25182854ee47dcc819d045d1eee684d797587b,t3,4,high,0.8672860116,0.1327139884,high,-0.7668237686,0.02525917813
m3_discounted,17,0,119,5e9b1bd1f06698191157fbc99f25182854ee47dcc819d045d1eee684d797587b,t5,8,high,0.8627499491,0.1372500509,high,-1.130281687,0.03986274451
m3_discounted,17,0,119,5e9b1bd1f06698191157fbc99f25182854ee47dcc819d045d1eee684d797587b,t10,18,high,0.8575952798,0.1424047202,high,-1.751306176,0.0572902225
m3_discounted,17,0,119,5e9b1bd1f06698191157fbc99f25182854ee47dcc819d045d1eee684d797587b,t20,38,high,0.8456161022,0.1543838978,high,-2.494163513,0.1320402026
m3_discounted,17,0,119,5e9b1bd1f06698191157fbc99f25182854ee47dcc819d045d1eee684d797587b,full,84,high,0.7449200451,0.2550799549,high,0.9736669064,0.2605941296
m3_discounted,17,0,121,b3b2e2bd4653e0479aa37231686157e94d03881d3e717ffb4b92970e7582dc0d,t3,4,high,0.7279043496,0.2720956504,high,1.234537005,0.007666741032
m3_discounted,17,0,121,b3b2e2bd4653e0479aa37231686157e94d03881d3e717ffb4b92970e7582dc0d,t5,8,high,0.6956424117,0.3043575883,high,2.184079647,0.01639155298
m3_discounted,17,0,121,b3b2e2bd4653e0479aa37231686157e94d03881d3e717ffb4b92970e7582dc0d,t10,18,high,0.6799553335,0.3200446665,high,4.050265312,0.07541399449
m3_discounted,17,0,121,b3b2e2bd4653e0479aa37231686157e94d03881d3e717ffb4b92970e7582dc0d,t20,38,high,0.7878549695,0.2121450305,high,5.425450325,0.1236970648
m3_discounted,17,0,121,b3b2e2bd4653e0479aa37231686157e94d03881d3e717ffb4b92970e7582dc0d,full,596,high,0.6995096505,0.3004903495,high,86.50969696,1.531272292
m3_discounted,17,0,123,6c7e3cea7a4858b1ace2a58c01677e91a03db28f550513c277a01f23b2083836,t3,4,low,0.7324979901,0.2675020099,high,1.210140824,-0.02111730911
m3_discounted,17,0,123,6c7e3cea7a4858b1ace2a58c01677e91a03db28f550513c277a01f23b2083836,t5,8,low,0.6953833401,0.3046166599,high,2.194380283,-0.008128373884
m3_discounted,17,0,123,6c7e3cea7a4858b1ace2a58c01677e91a03db28f550513c277a01f23b2083836,t10,18,low,0.6485308409,0.3514691591,high,4.59914732,0.00106906984
m3_discounted,17,0,123,6c7e3cea7a4858b1ace2a58c01677e91a03db28f550513c277a01f23b2083836,full,26,low,0.6311173141,0.3688826859,high,6.557309151,-0.01805271208
m3_discounted,17,0,131,78d93e44688ea4c2b1b0be54e645ffaf0ab8c612ccfe0606b26306c0bdd7eb9e,t3,4,low,0.8165335208,0.1834664792,high,-0.03103262186,0.02691642568
m3_discounted,17,0,131,78d93e44688ea4c2b1b0be54e645ffaf0ab8c612ccfe0606b26306c0bdd7eb9e,t5,8,low,0.8446226269,0.1553773731,high,-0.4620167017,0.04407929257
m3_discounted,17,0,131,78d93e44688ea4c2b1b0be54e645ffaf0ab8c612ccfe0606b26306c0bdd7eb9e,t10,18,low,0.8567079008,0.1432920992,high,-1.250598073,0.07948836684
m3_discounted,17,0,131,78d93e44688ea4c2b1b0be54e645ffaf0ab8c612ccfe0606b26306c0bdd7eb9e,t20,38,low,0.8123410195,0.1876589805,high,-1.167420506,0.1503908038
m3_discounted,17,0,131,78d93e44688ea4c2b1b0be54e645ffaf0ab8c612ccfe0606b26306c0bdd7eb9e,full,90,low,0.6920701861,0.3079298139,high,1.032105565,0.3199575245
m1_shared,17,1,5,acef12612f4cc8a8551d6eed74f7140693018819c768baebe55af31070bb4a48,t3,4,high,0.9777138121,0.02228618786,high,0,0
m1_shared,17,1,5,acef12612f4cc8a8551d6eed74f7140693018819c768baebe55af31070bb4a48,t5,8,high,0.9901401447,0.009859855287,high,0,0
m1_shared,17,1,5,acef12612f4cc8a8551d6eed74f7140693018819c768baebe55af31070bb4a48,t10,18,high,0.9976586595,0.002341340529,high,0,0
m1_shared,17,1,5,acef12612f4cc8a8551d6eed74f7140693018819c768baebe55af31070bb4a48,t20,38,high,0.9991440994,0.0008559006383,high,0,0
m1_shared,17,1,5,acef12612f4cc8a8551d6eed74f7140693018819c768baebe55af31070bb4a48,full,202,high,0.9994385213,0.0005614787224,high,0,0
m1_shared,17,1,8,242385d41a2f2e2c7cf667f3555e67d2393f27bebfb58a47237bcb1fe3ddc21f,t3,4,high,0.0002868771553,0.9997131228,low,0,0
m1_shared,17,1,8,242385d41a2f2e2c7cf667f3555e67d2393f27bebfb58a47237bcb1fe3ddc21f,t5,8,high,0.0005792379379,0.9994207621,low,0,0
m1_shared,17,1,8,242385d41a2f2e2c7cf667f3555e67d2393f27bebfb58a47237bcb1fe3ddc21f,t10,18,high,0.04849594831,0.9515040517,low,0,0
m1_shared,17,1,8,242385d41a2f2e2c7cf667f3555e67d2393f27bebfb58a47237bcb1fe3ddc21f,full,28,high,0.06560486555,0.9343951344,low,0,0
m1_shared,17,1,11,9063fe5a96a210ebfe12759f47a23a0522765005e854174ae1dbba306d5ab91e,t3,4,high,0.953448724,0.046551276,high,0,0
m1_shared,17,1,11,9063fe5a96a210ebfe12759f47a23a0522765005e854174ae1dbba306d5ab91e,t5,8,high,0.8137569726,0.1862430274,high,0,0
m1_shared,17,1,11,9063fe5a96a210ebfe12759f47a23a0522765005e854174ae1dbba306d5ab91e,full,14,high,0.9799765591,0.02002344094,high,0,0
m1_shared,17,1,22,908b32eb48120ce4dbf68981ea7e019915cec0971b94eafa2f753fb312d2777a,t3,4,high,0.996321491,0.003678509034,high,0,0
m1_shared,17,1,22,908b32eb48120ce4dbf68981ea7e019915cec0971b94eafa2f753fb312d2777a,t5,8,high,0.9985220571,0.001477942918,high,0,0
m1_shared,17,1,22,908b32eb48120ce4dbf68981ea7e019915cec0971b94eafa2f753fb312d2777a,t10,18,high,0.997199073,0.002800927032,high,0,0
m1_shared,17,1,22,908b32eb48120ce4dbf68981ea7e019915cec0971b94eafa2f753fb312d2777a,t20,38,high,0.9995044641,0.0004955359036,high,0,0
m1_shared,17,1,22,908b32eb48120ce4dbf68981ea7e019915cec0971b94eafa2f753fb312d2777a,full,132,high,0.9971550906,0.002844909439,high,0,0
m1_shared,17,1,26,9063fe5a96a210ebfe12759f47a23a0522765005e854174ae1dbba306d5ab91e,t3,4,high,0.9950945941,0.00490540592,high,0,0
m1_shared,17,1,26,9063fe5a96a210ebfe12759f47a23a0522765005e854174ae1dbba306d5ab91e,t5,8,high,0.986571745,0.01342825498,high,0,0
m1_shared,17,1,26,9063fe5a96a210ebfe12759f47a23a0522765005e854174ae1dbba306d5ab91e,full,12,high,0.9883127427,0.01168725733,high,0,0
m1_shared,17,1,43,c3a7a0efb4205fb087261214ecfa7aceebcb7e8cf295163f6d694dd21fdeebe4,t3,4,high,0.9991030607,0.0008969393093,high,0,0
m1_shared,17,1,43,c3a7a0efb4205fb087261214ecfa7aceebcb7e8cf295163f6d694dd21fdeebe4,t5,8,high,0.9994725215,0.0005274784635,high,0,0
m1_shared,17,1,43,c3a7a0efb4205fb087261214ecfa7aceebcb7e8cf295163f6d694dd21fdeebe4,t10,18,high,0.9993537967,0.0006462032907,high,0,0
m1_shared,17,1,43,c3a7a0efb4205fb087261214ecfa7aceebcb7e8cf295163f6d694dd21fdeebe4,t20,39,high,0.999721969,0.0002780309587,high,0,0
m1_shared,17,1,43,c3a7a0efb4205fb087261214ecfa7aceebcb7e8cf295163f6d694dd21fdeebe4,full,49,high,0.999721969,0.0002780309587,high,0,0
m1_shared,17,1,44,e6803c63f300fa480953ca2fe972e030e123c7f9c1d9ed559d04ae2394d0d86b,t3,4,low,0.02080452442,0.9791954756,low,0,0
m1_shared,17,1,44,e6803c63f300fa480953ca2fe972e030e123c7f9c1d9ed559d04ae2394d0d86b,t5,8,low,0.03283697367,0.9671630263,low,0,0
m1_shared,17,1,44,e6803c63f300fa480953ca2fe972e030e123c7f9c1d9ed559d04ae2394d0d86b,t10,18,low,0.08299416304,0.917005837,low,0,0
m1_shared,17,1,44,e6803c63f300fa480953ca2fe972e030e123c7f9c1d9ed559d04ae2394d0d86b,t20,38,low,0.9477691464,0.05223085359,high,0,0
m1_shared,17,1,44,e6803c63f300fa480953ca2fe972e030e123c7f9c1d9ed559d04ae2394d0d86b,full,172,low,0.9202179834,0.07978201658,high,0,0
m1_shared,17,1,47,f73fbbd46db1893b89699f228eb96713fbf24e13dabbda4707c125290203f537,t3,4,high,0.9930423917,0.006957608275,high,0,0
m1_shared,17,1,47,f73fbbd46db1893b89699f228eb96713fbf24e13dabbda4707c125290203f537,t5,8,high,0.998042983,0.001957016997,high,0,0
m1_shared,17,1,47,f73fbbd46db1893b89699f228eb96713fbf24e13dabbda4707c125290203f537,full,14,high,0.9224474207,0.07755257934,high,0,0
m1_shared,17,1,66,60300796ba7899fd40ecbaa91387c5ca83e5757c4513c7aae95783e2e3877244,t3,4,high,0.9965703965,0.00342960353,high,0,0
m1_shared,17,1,66,60300796ba7899fd40ecbaa91387c5ca83e5757c4513c7aae95783e2e3877244,t5,8,high,0.9968273169,0.003172683064,high,0,0
m1_shared,17,1,66,60300796ba7899fd40ecbaa91387c5ca83e5757c4513c7aae95783e2e3877244,t10,17,high,0.006388366222,0.9936116338,low,0,0
m1_shared,17,1,66,60300796ba7899fd40ecbaa91387c5ca83e5757c4513c7aae95783e2e3877244,full,29,high,0.5688948631,0.4311051369,high,0,0
m1_shared,17,1,71,acef12612f4cc8a8551d6eed74f7140693018819c768baebe55af31070bb4a48,t3,4,high,0.9995826842,0.0004173157504,high,0,0
m1_shared,17,1,71,acef12612f4cc8a8551d6eed74f7140693018819c768baebe55af31070bb4a48,t5,8,high,0.9987156917,0.001284308266,high,0,0
m1_shared,17,1,71,acef12612f4cc8a8551d6eed74f7140693018819c768baebe55af31070bb4a48,t10,18,high,0.9987551566,0.001244843355,high,0,0
m1_shared,17,1,71,acef12612f4cc8a8551d6eed74f7140693018819c768baebe55af31070bb4a48,t20,38,high,0.9842154384,0.01578456163,high,0,0
m1_shared,17,1,71,acef12612f4cc8a8551d6eed74f7140693018819c768baebe55af31070bb4a48,full,168,high,0.9997468436,0.0002531563805,high,0,0
m1_shared,17,1,74,c71ada431bd46bd4a6359aeae6a2a8e55c5fadaac95da2d3426bc7a470fc428d,t3,4,low,0.9926541736,0.007345826365,high,0,0
m1_shared,17,1,74,c71ada431bd46bd4a6359aeae6a2a8e55c5fadaac95da2d3426bc7a470fc428d,t5,8,low,0.9015745819,0.09842541814,high,0,0
m1_shared,17,1,74,c71ada431bd46bd4a6359aeae6a2a8e55c5fadaac95da2d3426bc7a470fc428d,t10,18,low,0.7650671899,0.2349328101,high,0,0
m1_shared,17,1,74,c71ada431bd46bd4a6359aeae6a2a8e55c5fadaac95da2d3426bc7a470fc428d,full,36,low,0.9843964679,0.01560353208,high,0,0
m1_shared,17,1,78,093c82fd2197f13c9cdbf2150b89b7a4fa6b1bd0b674db97725c2c7c8bd1dd88,t3,4,high,0.004982292652,0.9950177073,low,0,0
m1_shared,17,1,78,093c82fd2197f13c9cdbf2150b89b7a4fa6b1bd0b674db97725c2c7c8bd1dd88,t5,8,high,0.0402379632,0.9597620368,low,0,0
m1_shared,17,1,78,093c82fd2197f13c9cdbf2150b89b7a4fa6b1bd0b674db97725c2c7c8bd1dd88,t10,18,high,0.004905343056,0.9950946569,low,0,0
m1_shared,17,1,78,093c82fd2197f13c9cdbf2150b89b7a4fa6b1bd0b674db97725c2c7c8bd1dd88,t20,38,high,0.04240375757,0.9575962424,low,0,0
m1_shared,17,1,78,093c82fd2197f13c9cdbf2150b89b7a4fa6b1bd0b674db97725c2c7c8bd1dd88,full,74,high,0.3970029354,0.6029970646,low,0,0
m1_shared,17,1,81,e20918bb59fb9410444abfca05301763d95a43571f7e2437b82ee48a1c85ed42,t3,2,high,0.7041601241,0.2958398759,high,0,0
m1_shared,17,1,81,e20918bb59fb9410444abfca05301763d95a43571f7e2437b82ee48a1c85ed42,t5,6,high,0.9967775161,0.003222483909,high,0,0
m1_shared,17,1,81,e20918bb59fb9410444abfca05301763d95a43571f7e2437b82ee48a1c85ed42,t10,16,high,0.9991832619,0.0008167380583,high,0,0
m1_shared,17,1,81,e20918bb59fb9410444abfca05301763d95a43571f7e2437b82ee48a1c85ed42,full,20,high,0.9944450748,0.005554925185,high,0,0
m1_shared,17,1,84,acef12612f4cc8a8551d6eed74f7140693018819c768baebe55af31070bb4a48,t3,4,high,0.9621075764,0.03789242357,high,0,0
m1_shared,17,1,84,acef12612f4cc8a8551d6eed74f7140693018819c768baebe55af31070bb4a48,t5,8,high,0.9886682453,0.01133175474,high,0,0
m1_shared,17,1,84,acef12612f4cc8a8551d6eed74f7140693018819c768baebe55af31070bb4a48,t10,18,high,0.9995826842,0.0004173157504,high,0,0
m1_shared,17,1,84,acef12612f4cc8a8551d6eed74f7140693018819c768baebe55af31070bb4a48,t20,38,high,0.9995487894,0.0004512106243,high,0,0
m1_shared,17,1,84,acef12612f4cc8a8551d6eed74f7140693018819c768baebe55af31070bb4a48,full,234,high,0.9979809863,0.002019013744,high,0,0
m1_shared,17,1,90,a771a5f4fb2138cf78114b166d2e1fa99c89b30b5a08b96d69edbffaa7be1c17,t3,4,low,0.0006772279739,0.999322772,low,0,0
m1_shared,17,1,90,a771a5f4fb2138cf78114b166d2e1fa99c89b30b5a08b96d69edbffaa7be1c17,t5,8,low,0.001477897167,0.9985221028,low,0,0
m1_shared,17,1,90,a771a5f4fb2138cf78114b166d2e1fa99c89b30b5a08b96d69edbffaa7be1c17,t10,18,low,0.005139648914,0.9948603511,low,0,0
m1_shared,17,1,90,a771a5f4fb2138cf78114b166d2e1fa99c89b30b5a08b96d69edbffaa7be1c17,full,24,low,0.1344345808,0.8655654192,low,0,0
m1_shared,17,1,91,67e1884ecd04dbe20b36dae2dd478b3fa11c2dd652ae19aa1ecf63df01a54bb4,t3,4,high,0.7341195047,0.2658804953,high,0,0
m1_shared,17,1,91,67e1884ecd04dbe20b36dae2dd478b3fa11c2dd652ae19aa1ecf63df01a54bb4,t5,8,high,0.9959927113,0.00400728872,high,0,0
m1_shared,17,1,91,67e1884ecd04dbe20b36dae2dd478b3fa11c2dd652ae19aa1ecf63df01a54bb4,t10,18,high,0.9958012048,0.004198795184,high,0,0
m1_shared,17,1,91,67e1884ecd04dbe20b36dae2dd478b3fa11c2dd652ae19aa1ecf63df01a54bb4,t20,38,high,0.7570767105,0.2429232895,high,0,0
m1_shared,17,1,91,67e1884ecd04dbe20b36dae2dd478b3fa11c2dd652ae19aa1ecf63df01a54bb4,full,78,high,0.8803863376,0.1196136624,high,0,0
m1_shared,17,1,93,4a179349154115dae8c63a1aae7fb09285d02b7da5eef74d9eaa8871309dcfa9,t3,4,high,0.9988486004,0.001151399571,high,0,0
m1_shared,17,1,93,4a179349154115dae8c63a1aae7fb09285d02b7da5eef74d9eaa8871309dcfa9,t5,8,high,0.9945307253,0.005469274707,high,0,0
m1_shared,17,1,93,4a179349154115dae8c63a1aae7fb09285d02b7da5eef74d9eaa8871309dcfa9,t10,18,high,0.9935117303,0.006488269661,high,0,0
m1_shared,17,1,93,4a179349154115dae8c63a1aae7fb09285d02b7da5eef74d9eaa8871309dcfa9,full,24,high,0.9925393565,0.007460643537,high,0,0
m1_shared,17,1,96,25e8b5e04642d3980ac38e4c1a2adc2fda059b625ba4b1d1523d13ecc5903774,t3,4,high,0.3639577031,0.6360422969,low,0,0
m1_shared,17,1,96,25e8b5e04642d3980ac38e4c1a2adc2fda059b625ba4b1d1523d13ecc5903774,t5,8,high,0.9907319872,0.009268012829,high,0,0
m1_shared,17,1,96,25e8b5e04642d3980ac38e4c1a2adc2fda059b625ba4b1d1523d13ecc5903774,t10,18,high,0.9994966644,0.0005033356138,high,0,0
m1_shared,17,1,96,25e8b5e04642d3980ac38e4c1a2adc2fda059b625ba4b1d1523d13ecc5903774,t20,38,high,0.9992903296,0.0007096704212,high,0,0
m1_shared,17,1,96,25e8b5e04642d3980ac38e4c1a2adc2fda059b625ba4b1d1523d13ecc5903774,full,90,high,0.977197364,0.02280263603,high,0,0
m1_shared,17,1,97,1837300a58fa97fb00235849e610a9e6fc97376558ae1b2b3a001a60fbe9de12,t3,4,high,0.07949572802,0.920504272,low,0,0
m1_shared,17,1,97,1837300a58fa97fb00235849e610a9e6fc97376558ae1b2b3a001a60fbe9de12,t5,8,high,0.2861692309,0.7138307691,low,0,0
m1_shared,17,1,97,1837300a58fa97fb00235849e610a9e6fc97376558ae1b2b3a001a60fbe9de12,t10,18,high,0.9805806521,0.01941934787,high,0,0
m1_shared,17,1,97,1837300a58fa97fb00235849e610a9e6fc97376558ae1b2b3a001a60fbe9de12,t20,38,high,0.7382918596,0.2617081404,high,0,0
m1_shared,17,1,97,1837300a58fa97fb00235849e610a9e6fc97376558ae1b2b3a001a60fbe9de12,full,106,high,0.9942250699,0.00577493012,high,0,0
m1_shared,17,1,102,6b850256cef5c3246b062d9ccc13df2dba8549db3d4aa09074ac047358bc730c,t3,4,low,0.9994296843,0.000570315693,high,0,0
m1_shared,17,1,102,6b850256cef5c3246b062d9ccc13df2dba8549db3d4aa09074ac047358bc730c,t5,8,low,0.9943140936,0.005685906392,high,0,0
m1_shared,17,1,102,6b850256cef5c3246b062d9ccc13df2dba8549db3d4aa09074ac047358bc730c,t10,18,low,0.8841143474,0.1158856526,high,0,0
m1_shared,17,1,102,6b850256cef5c3246b062d9ccc13df2dba8549db3d4aa09074ac047358bc730c,full,18,low,0.8841143474,0.1158856526,high,0,0
m1_shared,17,1,106,448764c64bd9a5b6c7cd78e8b26ab5214ce6b2f3a7fafd6b108f3cbbe5f7e177,t3,4,low,0.001926779747,0.9980732203,low,0,0
m1_shared,17,1,106,448764c64bd9a5b6c7cd78e8b26ab5214ce6b2f3a7fafd6b108f3cbbe5f7e177,t5,8,low,0.000269472599,0.9997305274,low,0,0
m1_shared,17,1,106,448764c64bd9a5b6c7cd78e8b26ab5214ce6b2f3a7fafd6b108f3cbbe5f7e177,t10,18,low,0.001388549805,0.9986114502,low,0,0
m1_shared,17,1,106,448764c64bd9a5b6c7cd78e8b26ab5214ce6b2f3a7fafd6b108f3cbbe5f7e177,full,22,low,0.001648426056,0.9983515739,low,0,0
m1_shared,17,1,111,c5d024bb1b7d54d9eb1b773b68d0abb69abd4c57c23dd861afa6b4daf6095fb2,t3,4,high,0.869714573,0.130285427,high,0,0
m1_shared,17,1,111,c5d024bb1b7d54d9eb1b773b68d0abb69abd4c57c23dd861afa6b4daf6095fb2,t5,8,high,0.9965703965,0.00342960353,high,0,0
m1_shared,17,1,111,c5d024bb1b7d54d9eb1b773b68d0abb69abd4c57c23dd861afa6b4daf6095fb2,t10,18,high,0.05541276932,0.9445872307,low,0,0
m1_shared,17,1,111,c5d024bb1b7d54d9eb1b773b68d0abb69abd4c57c23dd861afa6b4daf6095fb2,t20,37,high,0.9644556046,0.03554439545,high,0,0
m1_shared,17,1,111,c5d024bb1b7d54d9eb1b773b68d0abb69abd4c57c23dd861afa6b4daf6095fb2,full,57,high,0.9612438083,0.03875619173,high,0,0
m1_shared,17,1,115,40b598298febd1caaa3494c2aa68b7d34db4adefb806470ebaa2164aa3b6e97b,t3,4,low,0.9840936083,0.01590639167,high,0,0
m1_shared,17,1,115,40b598298febd1caaa3494c2aa68b7d34db4adefb806470ebaa2164aa3b6e97b,t5,8,low,0.9575961679,0.04240383208,high,0,0
m1_shared,17,1,115,40b598298febd1caaa3494c2aa68b7d34db4adefb806470ebaa2164aa3b6e97b,t10,18,low,0.666713804,0.333286196,high,0,0
m1_shared,17,1,115,40b598298febd1caaa3494c2aa68b7d34db4adefb806470ebaa2164aa3b6e97b,t20,38,low,0.003765404224,0.9962345958,low,0,0
m1_shared,17,1,115,40b598298febd1caaa3494c2aa68b7d34db4adefb806470ebaa2164aa3b6e97b,full,46,low,0.9937100983,0.006289901678,high,0,0
m1_shared,17,1,116,4418b43f021add15a849c765ee0db832848b4b10e7849e6b885d73b122875f84,t3,4,high,0.9566341974,0.04336580262,high,0,0
m1_shared,17,1,116,4418b43f021add15a849c765ee0db832848b4b10e7849e6b885d73b122875f84,t5,8,high,0.9984752135,0.001524786465,high,0,0
m1_shared,17,1,116,4418b43f021add15a849c765ee0db832848b4b10e7849e6b885d73b122875f84,t10,18,high,0.989986429,0.01001357101,high,0,0
m1_shared,17,1,116,4418b43f021add15a849c765ee0db832848b4b10e7849e6b885d73b122875f84,t20,38,high,0.9993228058,0.0006771942135,high,0,0
m1_shared,17,1,116,4418b43f021add15a849c765ee0db832848b4b10e7849e6b885d73b122875f84,full,166,high,0.9976403394,0.002359660575,high,0,0
m1_shared,17,1,118,76be45b29b02fc9e53270d845eb888e016203b2feb5f8a23c1bc226cfb6f9541,t3,4,low,0.007460653782,0.9925393462,low,0,0
m1_shared,17,1,118,76be45b29b02fc9e53270d845eb888e016203b2feb5f8a23c1bc226cfb6f9541,t5,8,low,0.0004172921181,0.9995827079,low,0,0
m1_shared,17,1,118,76be45b29b02fc9e53270d845eb888e016203b2feb5f8a23c1bc226cfb6f9541,t10,18,low,0.001597821712,0.9984021783,low,0,0
m1_shared,17,1,118,76be45b29b02fc9e53270d845eb888e016203b2feb5f8a23c1bc226cfb6f9541,full,20,low,0.001169502735,0.9988304973,low,0,0
m1_shared,17,1,127,7917889ab4e78b6b53a8a9cb1ef033ff30c5f3bd8f7978290b6a1e55f3745707,t3,4,high,0.03488087654,0.9651191235,low,0,0
m1_shared,17,1,127,7917889ab4e78b6b53a8a9cb1ef033ff30c5f3bd8f7978290b6a1e55f3745707,t5,8,high,0.004007279873,0.9959927201,low,0,0
m1_shared,17,1,127,7917889ab4e78b6b53a8a9cb1ef033ff30c5f3bd8f7978290b6a1e55f3745707,t10,18,high,0.111627996,0.888372004,low,0,0
m1_shared,17,1,127,7917889ab4e78b6b53a8a9cb1ef033ff30c5f3bd8f7978290b6a1e55f3745707,t20,38,high,0.9977481526,0.002251847414,high,0,0
m1_shared,17,1,127,7917889ab4e78b6b53a8a9cb1ef033ff30c5f3bd8f7978290b6a1e55f3745707,full,58,high,0.991554372,0.008445627987,high,0,0
m2_oneway,17,1,5,acef12612f4cc8a8551d6eed74f7140693018819c768baebe55af31070bb4a48,t3,4,high,0.599719584,0.400280416,high,0,0
m2_oneway,17,1,5,acef12612f4cc8a8551d6eed74f7140693018819c768baebe55af31070bb4a48,t5,8,high,0.7389517725,0.2610482275,high,0,0
m2_oneway,17,1,5,acef12612f4cc8a8551d6eed74f7140693018819c768baebe55af31070bb4a48,t10,18,high,0.84648256,0.15351744,high,0,0
m2_oneway,17,1,5,acef12612f4cc8a8551d6eed74f7140693018819c768baebe55af31070bb4a48,t20,38,high,0.7638362646,0.2361637354,high,0,0
m2_oneway,17,1,5,acef12612f4cc8a8551d6eed74f7140693018819c768baebe55af31070bb4a48,full,202,high,0.9345147908,0.06548520923,high,0,0
m2_oneway,17,1,8,242385d41a2f2e2c7cf667f3555e67d2393f27bebfb58a47237bcb1fe3ddc21f,t3,4,high,0.349088788,0.650911212,low,0,0
m2_oneway,17,1,8,242385d41a2f2e2c7cf667f3555e67d2393f27bebfb58a47237bcb1fe3ddc21f,t5,8,high,0.3607142568,0.6392857432,low,0,0
m2_oneway,17,1,8,242385d41a2f2e2c7cf667f3555e67d2393f27bebfb58a47237bcb1fe3ddc21f,t10,18,high,0.862351656,0.137648344,high,0,0
m2_oneway,17,1,8,242385d41a2f2e2c7cf667f3555e67d2393f27bebfb58a47237bcb1fe3ddc21f,full,28,high,0.4349412322,0.5650587678,low,0,0
m2_oneway,17,1,11,9063fe5a96a210ebfe12759f47a23a0522765005e854174ae1dbba306d5ab91e,t3,4,high,0.7871141285,0.2128858715,high,0,0
m2_oneway,17,1,11,9063fe5a96a210ebfe12759f47a23a0522765005e854174ae1dbba306d5ab91e,t5,8,high,0.7951415777,0.2048584223,high,0,0
m2_oneway,17,1,11,9063fe5a96a210ebfe12759f47a23a0522765005e854174ae1dbba306d5ab91e,full,14,high,0.5006103516,0.4993896484,high,0,0
m2_oneway,17,1,22,908b32eb48120ce4dbf68981ea7e019915cec0971b94eafa2f753fb312d2777a,t3,4,high,0.6020615995,0.3979384005,high,0,0
m2_oneway,17,1,22,908b32eb48120ce4dbf68981ea7e019915cec0971b94eafa2f753fb312d2777a,t5,8,high,0.7772998512,0.2227001488,high,0,0
m2_oneway,17,1,22,908b32eb48120ce4dbf68981ea7e019915cec0971b94eafa2f753fb312d2777a,t10,18,high,0.5755879879,0.4244120121,high,0,0
m2_oneway,17,1,22,908b32eb48120ce4dbf68981ea7e019915cec0971b94eafa2f753fb312d2777a,t20,38,high,0.8960696235,0.1039303765,high,0,0
m2_oneway,17,1,22,908b32eb48120ce4dbf68981ea7e019915cec0971b94eafa2f753fb312d2777a,full,132,high,0.8246263862,0.1753736138,high,0,0
m2_oneway,17,1,26,9063fe5a96a210ebfe12759f47a23a0522765005e854174ae1dbba306d5ab91e,t3,4,high,0.6092917025,0.3907082975,high,0,0
m2_oneway,17,1,26,9063fe5a96a210ebfe12759f47a23a0522765005e854174ae1dbba306d5ab91e,t5,8,high,0.8198933452,0.1801066548,high,0,0
m2_oneway,17,1,26,9063fe5a96a210ebfe12759f47a23a0522765005e854174ae1dbba306d5ab91e,full,12,high,0.8376199752,0.1623800248,high,0,0
m2_oneway,17,1,43,c3a7a0efb4205fb087261214ecfa7aceebcb7e8cf295163f6d694dd21fdeebe4,t3,4,high,0.9381240159,0.06187598407,high,0,0
m2_oneway,17,1,43,c3a7a0efb4205fb087261214ecfa7aceebcb7e8cf295163f6d694dd21fdeebe4,t5,8,high,0.7453983724,0.2546016276,high,0,0
m2_oneway,17,1,43,c3a7a0efb4205fb087261214ecfa7aceebcb7e8cf295163f6d694dd21fdeebe4,t10,18,high,0.8914335817,0.1085664183,high,0,0
m2_oneway,17,1,43,c3a7a0efb4205fb087261214ecfa7aceebcb7e8cf295163f6d694dd21fdeebe4,t20,39,high,0.8969755694,0.1030244306,high,0,0
m2_oneway,17,1,43,c3a7a0efb4205fb087261214ecfa7aceebcb7e8cf295163f6d694dd21fdeebe4,full,49,high,0.9507778808,0.04922211915,high,0,0
m2_oneway,17,1,44,e6803c63f300fa480953ca2fe972e030e123c7f9c1d9ed559d04ae2394d0d86b,t3,4,low,0.6320486367,0.3679513633,high,0,0
m2_oneway,17,1,44,e6803c63f300fa480953ca2fe972e030e123c7f9c1d9ed559d04ae2394d0d86b,t5,8,low,0.6787529886,0.3212470114,high,0,0
m2_oneway,17,1,44,e6803c63f300fa480953ca2fe972e030e123c7f9c1d9ed559d04ae2394d0d86b,t10,18,low,0.7516481727,0.2483518273,high,0,0
m2_oneway,17,1,44,e6803c63f300fa480953ca2fe972e030e123c7f9c1d9ed559d04ae2394d0d86b,t20,38,low,0.7786493003,0.2213506997,high,0,0
m2_oneway,17,1,44,e6803c63f300fa480953ca2fe972e030e123c7f9c1d9ed559d04ae2394d0d86b,full,172,low,0.5448013842,0.4551986158,high,0,0
m2_oneway,17,1,47,f73fbbd46db1893b89699f228eb96713fbf24e13dabbda4707c125290203f537,t3,4,high,0.7260372937,0.2739627063,high,0,0
m2_oneway,17,1,47,f73fbbd46db1893b89699f228eb96713fbf24e13dabbda4707c125290203f537,t5,8,high,0.5409238636,0.4590761364,high,0,0
m2_oneway,17,1,47,f73fbbd46db1893b89699f228eb96713fbf24e13dabbda4707c125290203f537,full,14,high,0.4834045768,0.5165954232,low,0,0
m2_oneway,17,1,66,60300796ba7899fd40ecbaa91387c5ca83e5757c4513c7aae95783e2e3877244,t3,4,high,0.4863315225,0.5136684775,low,0,0
m2_oneway,17,1,66,60300796ba7899fd40ecbaa91387c5ca83e5757c4513c7aae95783e2e3877244,t5,8,high,0.8210440874,0.1789559126,high,0,0
m2_oneway,17,1,66,60300796ba7899fd40ecbaa91387c5ca83e5757c4513c7aae95783e2e3877244,t10,17,high,0.3176378608,0.6823621392,low,0,0
m2_oneway,17,1,66,60300796ba7899fd40ecbaa91387c5ca83e5757c4513c7aae95783e2e3877244,full,29,high,0.6969905496,0.3030094504,high,0,0
m2_oneway,17,1,71,acef12612f4cc8a8551d6eed74f7140693018819c768baebe55af31070bb4a48,t3,4,high,0.8969755694,0.1030244306,high,0,0
m2_oneway,17,1,71,acef12612f4cc8a8551d6eed74f7140693018819c768baebe55af31070bb4a48,t5,8,high,0.8131642342,0.1868357658,high,0,0
m2_oneway,17,1,71,acef12612f4cc8a8551d6eed74f7140693018819c768baebe55af31070bb4a48,t10,18,high,0.9032942057,0.09670579433,high,0,0
m2_oneway,17,1,71,acef12612f4cc8a8551d6eed74f7140693018819c768baebe55af31070bb4a48,t20,38,high,0.8142005652,0.1857994348,high,0,0
m2_oneway,17,1,71,acef12612f4cc8a8551d6eed74f7140693018819c768baebe55af31070bb4a48,full,168,high,0.6460137069,0.3539862931,high,0,0
m2_oneway,17,1,74,c71ada431bd46bd4a6359aeae6a2a8e55c5fadaac95da2d3426bc7a470fc428d,t3,4,low,0.6269239485,0.3730760515,high,0,0
m2_oneway,17,1,74,c71ada431bd46bd4a6359aeae6a2a8e55c5fadaac95da2d3426bc7a470fc428d,t5,8,low,0.7523766309,0.2476233691,high,0,0
m2_oneway,17,1,74,c71ada431bd46bd4a6359aeae6a2a8e55c5fadaac95da2d3426bc7a470fc428d,t10,18,low,0.5204963088,0.4795036912,high,0,0
m2_oneway,17,1,74,c71ada431bd46bd4a6359aeae6a2a8e55c5fadaac95da2d3426bc7a470fc428d,full,36,low,0.7078087628,0.2921912372,high,0,0
m2_oneway,17,1,78,093c82fd2197f13c9cdbf2150b89b7a4fa6b1bd0b674db97725c2c7c8bd1dd88,t3,4,high,0.1901218295,0.8098781705,low,0,0
m2_oneway,17,1,78,093c82fd2197f13c9cdbf2150b89b7a4fa6b1bd0b674db97725c2c7c8bd1dd88,t5,8,high,0.4479432106,0.5520567894,low,0,0
m2_oneway,17,1,78,093c82fd2197f13c9cdbf2150b89b7a4fa6b1bd0b674db97725c2c7c8bd1dd88,t10,18,high,0.1778109074,0.8221890926,low,0,0
m2_oneway,17,1,78,093c82fd2197f13c9cdbf2150b89b7a4fa6b1bd0b674db97725c2c7c8bd1dd88,t20,38,high,0.09105825424,0.9089417458,low,0,0
m2_oneway,17,1,78,093c82fd2197f13c9cdbf2150b89b7a4fa6b1bd0b674db97725c2c7c8bd1dd88,full,74,high,0.4824290872,0.5175709128,low,0,0
m2_oneway,17,1,81,e20918bb59fb9410444abfca05301763d95a43571f7e2437b82ee48a1c85ed42,t3,2,high,0.5992506146,0.4007493854,high,0,0
m2_oneway,17,1,81,e20918bb59fb9410444abfca05301763d95a43571f7e2437b82ee48a1c85ed42,t5,6,high,0.9161096141,0.08389038593,high,0,0
m2_oneway,17,1,81,e20918bb59fb9410444abfca05301763d95a43571f7e2437b82ee48a1c85ed42,t10,16,high,0.6261241734,0.3738758266,high,0,0
m2_oneway,17,1,81,e20918bb59fb9410444abfca05301763d95a43571f7e2437b82ee48a1c85ed42,full,20,high,0.5151320696,0.4848679304,high,0,0
m2_oneway,17,1,84,acef12612f4cc8a8551d6eed74f7140693018819c768baebe55af31070bb4a48,t3,4,high,0.5929023325,0.4070976675,high,0,0
m2_oneway,17,1,84,acef12612f4cc8a8551d6eed74f7140693018819c768baebe55af31070bb4a48,t5,8,high,0.7146280408,0.2853719592,high,0,0
m2_oneway,17,1,84,acef12612f4cc8a8551d6eed74f7140693018819c768baebe55af31070bb4a48,t10,18,high,0.9012274072,0.09877259284,high,0,0
m2_oneway,17,1,84,acef12612f4cc8a8551d6eed74f7140693018819c768baebe55af31070bb4a48,t20,38,high,0.8994751275,0.1005248725,high,0,0
m2_oneway,17,1,84,acef12612f4cc8a8551d6eed74f7140693018819c768baebe55af31070bb4a48,full,234,high,0.9046505392,0.09534946084,high,0,0
m2_oneway,17,1,90,a771a5f4fb2138cf78114b166d2e1fa99c89b30b5a08b96d69edbffaa7be1c17,t3,4,low,0.0847954154,0.9152045846,low,0,0
m2_oneway,17,1,90,a771a5f4fb2138cf78114b166d2e1fa99c89b30b5a08b96d69edbffaa7be1c17,t5,8,low,0.2002446651,0.7997553349,low,0,0
m2_oneway,17,1,90,a771a5f4fb2138cf78114b166d2e1fa99c89b30b5a08b96d69edbffaa7be1c17,t10,18,low,0.222700119,0.777299881,low,0,0
m2_oneway,17,1,90,a771a5f4fb2138cf78114b166d2e1fa99c89b30b5a08b96d69edbffaa7be1c17,full,24,low,0.4863315225,0.5136684775,low,0,0
m2_oneway,17,1,91,67e1884ecd04dbe20b36dae2dd478b3fa11c2dd652ae19aa1ecf63df01a54bb4,t3,4,high,0.6727618575,0.3272381425,high,0,0
m2_oneway,17,1,91,67e1884ecd04dbe20b36dae2dd478b3fa11c2dd652ae19aa1ecf63df01a54bb4,t5,8,high,0.7836575061,0.2163424939,high,0,0
m2_oneway,17,1,91,67e1884ecd04dbe20b36dae2dd478b3fa11c2dd652ae19aa1ecf63df01a54bb4,t10,18,high,0.8998277783,0.1001722217,high,0,0
m2_oneway,17,1,91,67e1884ecd04dbe20b36dae2dd478b3fa11c2dd652ae19aa1ecf63df01a54bb4,t20,38,high,0.7549149841,0.2450850159,high,0,0
m2_oneway,17,1,91,67e1884ecd04dbe20b36dae2dd478b3fa11c2dd652ae19aa1ecf63df01a54bb4,full,78,high,0.6020615995,0.3979384005,high,0,0
m2_oneway,17,1,93,4a179349154115dae8c63a1aae7fb09285d02b7da5eef74d9eaa8871309dcfa9,t3,4,high,0.6627964675,0.3372035325,high,0,0
m2_oneway,17,1,93,4a179349154115dae8c63a1aae7fb09285d02b7da5eef74d9eaa8871309dcfa9,t5,8,high,0.6579780877,0.3420219123,high,0,0
m2_oneway,17,1,93,4a179349154115dae8c63a1aae7fb09285d02b7da5eef74d9eaa8871309dcfa9,t10,18,high,0.7975568175,0.2024431825,high,0,0
m2_oneway,17,1,93,4a179349154115dae8c63a1aae7fb09285d02b7da5eef74d9eaa8871309dcfa9,full,24,high,0.8376199752,0.1623800248,high,0,0
m2_oneway,17,1,96,25e8b5e04642d3980ac38e4c1a2adc2fda059b625ba4b1d1523d13ecc5903774,t3,4,high,0.2674081922,0.7325918078,low,0,0
m2_oneway,17,1,96,25e8b5e04642d3980ac38e4c1a2adc2fda059b625ba4b1d1523d13ecc5903774,t5,8,high,0.5746931434,0.4253068566,high,0,0
m2_oneway,17,1,96,25e8b5e04642d3980ac38e4c1a2adc2fda059b625ba4b1d1523d13ecc5903774,t10,18,high,0.9059898108,0.09401018918,high,0,0
m2_oneway,17,1,96,25e8b5e04642d3980ac38e4c1a2adc2fda059b625ba4b1d1523d13ecc5903774,t20,38,high,0.6073138416,0.3926861584,high,0,0
m2_oneway,17,1,96,25e8b5e04642d3980ac38e4c1a2adc2fda059b625ba4b1d1523d13ecc5903774,full,90,high,0.4707366228,0.5292633772,low,0,0
m2_oneway,17,1,97,1837300a58fa97fb00235849e610a9e6fc97376558ae1b2b3a001a60fbe9de12,t3,4,high,0.3888500333,0.6111499667,low,0,0
m2_oneway,17,1,97,1837300a58fa97fb00235849e610a9e6fc97376558ae1b2b3a001a60fbe9de12,t5,8,high,0.5973730385,0.4026269615,high,0,0
m2_oneway,17,1,97,1837300a58fa97fb00235849e610a9e6fc97376558ae1b2b3a001a60fbe9de12,t10,18,high,0.6951311231,0.3048688769,high,0,0
m2_oneway,17,1,97,1837300a58fa97fb00235849e610a9e6fc97376558ae1b2b3a001a60fbe9de12,t20,38,high,0.5537465811,0.4462534189,high,0,0
m2_oneway,17,1,97,1837300a58fa97fb00235849e610a9e6fc97376558ae1b2b3a001a60fbe9de12,full,106,high,0.7000752389,0.2999247611,high,0,0
m2_oneway,17,1,102,6b850256cef5c3246b062d9ccc13df2dba8549db3d4aa09074ac047358bc730c,t3,4,low,0.9553191252,0.04468087479,high,0,0
m2_oneway,17,1,102,6b850256cef5c3246b062d9ccc13df2dba8549db3d4aa09074ac047358bc730c,t5,8,low,0.8641958684,0.1358041316,high,0,0
m2_oneway,17,1,102,6b850256cef5c3246b062d9ccc13df2dba8549db3d4aa09074ac047358bc730c,t10,18,low,0.4503594041,0.5496405959,low,0,0
m2_oneway,17,1,102,6b850256cef5c3246b062d9ccc13df2dba8549db3d4aa09074ac047358bc730c,full,18,low,0.4503594041,0.5496405959,low,0,0
m2_oneway,17,1,106,448764c64bd9a5b6c7cd78e8b26ab5214ce6b2f3a7fafd6b108f3cbbe5f7e177,t3,4,low,0.1755381227,0.8244618773,low,0,0
m2_oneway,17,1,106,448764c64bd9a5b6c7cd78e8b26ab5214ce6b2f3a7fafd6b108f3cbbe5f7e177,t5,8,low,0.09235978127,0.9076402187,low,0,0
m2_oneway,17,1,106,448764c64bd9a5b6c7cd78e8b26ab5214ce6b2f3a7fafd6b108f3cbbe5f7e177,t10,18,low,0.09739041328,0.9026095867,low,0,0
m2_oneway,17,1,106,448764c64bd9a5b6c7cd78e8b26ab5214ce6b2f3a7fafd6b108f3cbbe5f7e177,full,22,low,0.2790419459,0.7209580541,low,0,0
m2_oneway,17,1,111,c5d024bb1b7d54d9eb1b773b68d0abb69abd4c57c23dd861afa6b4daf6095fb2,t3,4,high,0.2288451195,0.7711548805,low,0,0
m2_oneway,17,1,111,c5d024bb1b7d54d9eb1b773b68d0abb69abd4c57c23dd861afa6b4daf6095fb2,t5,8,high,0.366476357,0.633523643,low,0,0
m2_oneway,17,1,111,c5d024bb1b7d54d9eb1b773b68d0abb69abd4c57c23dd861afa6b4daf6095fb2,t10,18,high,0.4882833958,0.5117166042,low,0,0
m2_oneway,17,1,111,c5d024bb1b7d54d9eb1b773b68d0abb69abd4c57c23dd861afa6b4daf6095fb2,t20,37,high,0.4834045768,0.5165954232,low,0,0
m2_oneway,17,1,111,c5d024bb1b7d54d9eb1b773b68d0abb69abd4c57c23dd861afa6b4daf6095fb2,full,57,high,0.3524246216,0.6475753784,low,0,0
m2_oneway,17,1,115,40b598298febd1caaa3494c2aa68b7d34db4adefb806470ebaa2164aa3b6e97b,t3,4,low,0.4114655256,0.5885344744,low,0,0
m2_oneway,17,1,115,40b598298febd1caaa3494c2aa68b7d34db4adefb806470ebaa2164aa3b6e97b,t5,8,low,0.5724315345,0.4275684655,high,0,0
m2_oneway,17,1,115,40b598298febd1caaa3494c2aa68b7d34db4adefb806470ebaa2164aa3b6e97b,t10,18,low,0.449000001,0.550999999,low,0,0
m2_oneway,17,1,115,40b598298febd1caaa3494c2aa68b7d34db4adefb806470ebaa2164aa3b6e97b,t20,38,low,0.5214711726,0.4785288274,high,0,0
m2_oneway,17,1,115,40b598298febd1caaa3494c2aa68b7d34db4adefb806470ebaa2164aa3b6e97b,full,46,low,0.7105027735,0.2894972265,high,0,0
m2_oneway,17,1,116,4418b43f021add15a849c765ee0db832848b4b10e7849e6b885d73b122875f84,t3,4,high,0.7496374846,0.2503625154,high,0,0
m2_oneway,17,1,116,4418b43f021add15a849c765ee0db832848b4b10e7849e6b885d73b122875f84,t5,8,high,0.7520125657,0.2479874343,high,0,0
m2_oneway,17,1,116,4418b43f021add15a849c765ee0db832848b4b10e7849e6b885d73b122875f84,t10,18,high,0.8875949234,0.1124050766,high,0,0
m2_oneway,17,1,116,4418b43f021add15a849c765ee0db832848b4b10e7849e6b885d73b122875f84,t20,38,high,0.8402589858,0.1597410142,high,0,0
m2_oneway,17,1,116,4418b43f021add15a849c765ee0db832848b4b10e7849e6b885d73b122875f84,full,166,high,0.7487199306,0.2512800694,high,0,0
m2_oneway,17,1,118,76be45b29b02fc9e53270d845eb888e016203b2feb5f8a23c1bc226cfb6f9541,t3,4,low,0.3735901117,0.6264098883,low,0,0
m2_oneway,17,1,118,76be45b29b02fc9e53270d845eb888e016203b2feb5f8a23c1bc226cfb6f9541,t5,8,low,0.112015903,0.887984097,low,0,0
m2_oneway,17,1,118,76be45b29b02fc9e53270d845eb888e016203b2feb5f8a23c1bc226cfb6f9541,t10,18,low,0.2821962237,0.7178037763,low,0,0
m2_oneway,17,1,118,76be45b29b02fc9e53270d845eb888e016203b2feb5f8a23c1bc226cfb6f9541,full,20,low,0.3157359958,0.6842640042,low,0,0
m2_oneway,17,1,127,7917889ab4e78b6b53a8a9cb1ef033ff30c5f3bd8f7978290b6a1e55f3745707,t3,4,high,0.5117166042,0.4882833958,high,0,0
m2_oneway,17,1,127,7917889ab4e78b6b53a8a9cb1ef033ff30c5f3bd8f7978290b6a1e55f3745707,t5,8,high,0.498046875,0.501953125,low,0,0
m2_oneway,17,1,127,7917889ab4e78b6b53a8a9cb1ef033ff30c5f3bd8f7978290b6a1e55f3745707,t10,18,high,0.7634837776,0.2365162224,high,0,0
m2_oneway,17,1,127,7917889ab4e78b6b53a8a9cb1ef033ff30c5f3bd8f7978290b6a1e55f3745707,t20,38,high,0.6901415586,0.3098584414,high,0,0
m2_oneway,17,1,127,7917889ab4e78b6b53a8a9cb1ef033ff30c5f3bd8f7978290b6a1e55f3745707,full,58,high,0.8267118037,0.1732881963,high,0,0
m3_discounted,17,1,5,acef12612f4cc8a8551d6eed74f7140693018819c768baebe55af31070bb4a48,t3,4,high,0.7813838124,0.2186161876,high,0.9277662635,0.008923632093
m3_discounted,17,1,5,acef12612f4cc8a8551d6eed74f7140693018819c768baebe55af31070bb4a48,t5,8,high,0.7490286827,0.2509713173,high,1.773457527,0.03573352844
m3_discounted,17,1,5,acef12612f4cc8a8551d6eed74f7140693018819c768baebe55af31070bb4a48,t10,18,high,0.6998351514,0.3001648486,high,3.970123529,0.1027054712
m3_discounted,17,1,5,acef12612f4cc8a8551d6eed74f7140693018819c768baebe55af31070bb4a48,t20,38,high,0.6684706509,0.3315293491,high,8.500217438,0.1970962882
m3_discounted,17,1,5,acef12612f4cc8a8551d6eed74f7140693018819c768baebe55af31070bb4a48,full,202,high,0.6947688162,0.3052311838,high,43.12096786,0.7670888901
m3_discounted,17,1,8,242385d41a2f2e2c7cf667f3555e67d2393f27bebfb58a47237bcb1fe3ddc21f,t3,4,high,0.7643962204,0.2356037796,high,1.144780755,0.01279368438
m3_discounted,17,1,8,242385d41a2f2e2c7cf667f3555e67d2393f27bebfb58a47237bcb1fe3ddc21f,t5,8,high,0.7395557165,0.2604442835,high,1.982024431,0.02769518271
m3_discounted,17,1,8,242385d41a2f2e2c7cf667f3555e67d2393f27bebfb58a47237bcb1fe3ddc21f,t10,18,high,0.6946087182,0.3053912818,high,4.259942055,0.03912169114
m3_discounted,17,1,8,242385d41a2f2e2c7cf667f3555e67d2393f27bebfb58a47237bcb1fe3ddc21f,full,28,high,0.6746023595,0.3253976405,high,6.550265789,0.03082284704
m3_discounted,17,1,11,9063fe5a96a210ebfe12759f47a23a0522765005e854174ae1dbba306d5ab91e,t3,4,high,0.7694249153,0.2305750847,high,1.066516042,0.03391600028
m3_discounted,17,1,11,9063fe5a96a210ebfe12759f47a23a0522765005e854174ae1dbba306d5ab91e,t5,8,high,0.7399312258,0.2600687742,high,1.943961143,0.05534085259
m3_discounted,17,1,11,9063fe5a96a210ebfe12759f47a23a0522765005e854174ae1dbba306d5ab91e,full,14,high,0.7037569582,0.2962430418,high,3.359344959,0.08132217079
m3_discounted,17,1,22,908b32eb48120ce4dbf68981ea7e019915cec0971b94eafa2f753fb312d2777a,t3,4,high,0.7624823302,0.2375176698,high,1.150614023,0.03252994642
m3_discounted,17,1,22,908b32eb48120ce4dbf68981ea7e019915cec0971b94eafa2f753fb312d2777a,t5,8,high,0.7324365079,0.2675634921,high,2.05812335,0.06216731668
m3_discounted,17,1,22,908b32eb48120ce4dbf68981ea7e019915cec0971b94eafa2f753fb312d2777a,t10,18,high,0.6859789193,0.3140210807,high,4.387583256,0.1121850908
m3_discounted,17,1,22,908b32eb48120ce4dbf68981ea7e019915cec0971b94eafa2f753fb312d2777a,t20,38,high,0.687741369,0.312258631,high,8.675300598,0.1519661248
m3_discounted,17,1,22,908b32eb48120ce4dbf68981ea7e019915cec0971b94eafa2f753fb312d2777a,full,132,high,0.6939154565,0.3060845435,high,27.61338425,0.4710813165
m3_discounted,17,1,26,9063fe5a96a210ebfe12759f47a23a0522765005e854174ae1dbba306d5ab91e,t3,4,high,0.7670564651,0.2329435349,high,1.088897586,0.03020180389
m3_discounted,17,1,26,9063fe5a96a210ebfe12759f47a23a0522765005e854174ae1dbba306d5ab91e,t5,8,high,0.7387850285,0.2612149715,high,1.980873704,0.03176631778
m3_discounted,17,1,26,9063fe5a96a210ebfe12759f47a23a0522765005e854174ae1dbba306d5ab91e,full,12,high,0.7212894857,0.2787105143,high,2.830508471,0.04256825894
m3_discounted,17,1,43,c3a7a0efb4205fb087261214ecfa7aceebcb7e8cf295163f6d694dd21fdeebe4,t3,4,high,0.7769160867,0.2230839133,high,0.9975222349,0.01069371309
m3_discounted,17,1,43,c3a7a0efb4205fb087261214ecfa7aceebcb7e8cf295163f6d694dd21fdeebe4,t5,8,high,0.7575103492,0.2424896508,high,1.693450928,0.03639338911
m3_discounted,17,1,43,c3a7a0efb4205fb087261214ecfa7aceebcb7e8cf295163f6d694dd21fdeebe4,t10,18,high,0.7183001041,0.2816998959,high,3.66627574,0.0416236259
m3_discounted,17,1,43,c3a7a0efb4205fb087261214ecfa7aceebcb7e8cf295163f6d694dd21fdeebe4,t20,39,high,0.6980010271,0.3019989729,high,7.729911804,0.1014029831
m3_discounted,17,1,43,c3a7a0efb4205fb087261214ecfa7aceebcb7e8cf295163f6d694dd21fdeebe4,full,49,high,0.7264492214,0.2735507786,high,9.254315376,0.126368463
m3_discounted,17,1,44,e6803c63f300fa480953ca2fe972e030e123c7f9c1d9ed559d04ae2394d0d86b,t3,4,low,0.7641309053,0.2358690947,high,1.143319845,0.01530475821
m3_discounted,17,1,44,e6803c63f300fa480953ca2fe972e030e123c7f9c1d9ed559d04ae2394d0d86b,t5,8,low,0.735357374,0.264642626,high,2.03584528,0.03926827759
m3_discounted,17,1,44,e6803c63f300fa480953ca2fe972e030e123c7f9c1d9ed559d04ae2394d0d86b,t10,18,low,0.6948307157,0.3051692843,high,4.240380287,0.1038070023
m3_discounted,17,1,44,e6803c63f300fa480953ca2fe972e030e123c7f9c1d9ed559d04ae2394d0d86b,t20,38,low,0.6785751581,0.3214248419,high,8.506788254,0.2259820104
m3_discounted,17,1,44,e6803c63f300fa480953ca2fe972e030e123c7f9c1d9ed559d04ae2394d0d86b,full,172,low,0.6656407714,0.3343592286,high,38.54389191,0.5999228954
m3_discounted,17,1,47,f73fbbd46db1893b89699f228eb96713fbf24e13dabbda4707c125290203f537,t3,4,high,0.7654748559,0.2345251441,high,1.102045059,0.03759410232
m3_discounted,17,1,47,f73fbbd46db1893b89699f228eb96713fbf24e13dabbda4707c125290203f537,t5,8,high,0.7389571369,0.2610428631,high,1.992850423,0.02675833926
m3_discounted,17,1,47,f73fbbd46db1893b89699f228eb96713fbf24e13dabbda4707c125290203f537,full,14,high,0.7066515684,0.2933484316,high,3.394698381,0.01677559316
m3_discounted,17,1,66,60300796ba7899fd40ecbaa91387c5ca83e5757c4513c7aae95783e2e3877244,t3,4,high,0.7679096162,0.2320903838,high,1.104068875,0.01129782014
m3_discounted,17,1,66,60300796ba7899fd40ecbaa91387c5ca83e5757c4513c7aae95783e2e3877244,t5,8,high,0.7375294268,0.2624705732,high,2.022916317,0.007035953458
m3_discounted,17,1,66,60300796ba7899fd40ecbaa91387c5ca83e5757c4513c7aae95783e2e3877244,t10,17,high,0.7214984894,0.2785015106,high,3.704251289,-0.01238934882
m3_discounted,17,1,66,60300796ba7899fd40ecbaa91387c5ca83e5757c4513c7aae95783e2e3877244,full,29,high,0.6750383973,0.3249616027,high,6.589157104,-0.03040698171
m3_discounted,17,1,71,acef12612f4cc8a8551d6eed74f7140693018819c768baebe55af31070bb4a48,t3,4,high,0.8173531741,0.1826468259,high,0.3449450731,0.01077070367
m3_discounted,17,1,71,acef12612f4cc8a8551d6eed74f7140693018819c768baebe55af31070bb4a48,t5,8,high,0.7723329216,0.2276670784,high,1.204133749,0.02985444851
m3_discounted,17,1,71,acef12612f4cc8a8551d6eed74f7140693018819c768baebe55af31070bb4a48,t10,18,high,0.7091889679,0.2908110321,high,3.438551903,0.04741770774
m3_discounted,17,1,71,acef12612f4cc8a8551d6eed74f7140693018819c768baebe55af31070bb4a48,t20,38,high,0.6760655046,0.3239344954,high,7.776961327,0.14512752
m3_discounted,17,1,71,acef12612f4cc8a8551d6eed74f7140693018819c768baebe55af31070bb4a48,full,168,high,0.6688942909,0.3311057091,high,36.72405243,0.6275093555
m3_discounted,17,1,74,c71ada431bd46bd4a6359aeae6a2a8e55c5fadaac95da2d3426bc7a470fc428d,t3,4,low,0.764109537,0.235890463,high,1.110984325,0.0451807864
m3_discounted,17,1,74,c71ada431bd46bd4a6359aeae6a2a8e55c5fadaac95da2d3426bc7a470fc428d,t5,8,low,0.7391857207,0.2608142793,high,1.979949236,0.04465617239
m3_discounted,17,1,74,c71ada431bd46bd4a6359aeae6a2a8e55c5fadaac95da2d3426bc7a470fc428d,t10,18,low,0.6923696101,0.3076303899,high,4.287212849,0.06396628916
m3_discounted,17,1,74,c71ada431bd46bd4a6359aeae6a2a8e55c5fadaac95da2d3426bc7a470fc428d,full,36,low,0.6625818908,0.3374181092,high,8.5751791,0.08396025002
m3_discounted,17,1,78,093c82fd2197f13c9cdbf2150b89b7a4fa6b1bd0b674db97725c2c7c8bd1dd88,t3,4,high,0.76173383,0.23826617,high,1.175529003,0.01657861471
m3_discounted,17,1,78,093c82fd2197f13c9cdbf2150b89b7a4fa6b1bd0b674db97725c2c7c8bd1dd88,t5,8,high,0.7324778736,0.2675221264,high,2.117358685,0.008686426096
m3_discounted,17,1,78,093c82fd2197f13c9cdbf2150b89b7a4fa6b1bd0b674db97725c2c7c8bd1dd88,t10,18,high,0.6901068389,0.3098931611,high,4.434869766,0.01939772069
m3_discounted,17,1,78,093c82fd2197f13c9cdbf2150b89b7a4fa6b1bd0b674db97725c2c7c8bd1dd88,t20,38,high,0.6635833979,0.3364166021,high,9.214950562,-0.02117602713
m3_discounted,17,1,78,093c82fd2197f13c9cdbf2150b89b7a4fa6b1bd0b674db97725c2c7c8bd1dd88,full,74,high,0.6586606205,0.3413393795,high,17.80361176,-0.0175679177
m3_discounted,17,1,81,e20918bb59fb9410444abfca05301763d95a43571f7e2437b82ee48a1c85ed42,t3,2,high,0.7814128101,0.2185871899,high,0.6727255583,0.04913749546
m3_discounted,17,1,81,e20918bb59fb9410444abfca05301763d95a43571f7e2437b82ee48a1c85ed42,t5,6,high,0.7520105988,0.2479894012,high,1.523449898,0.06562177837
m3_discounted,17,1,81,e20918bb59fb9410444abfca05301763d95a43571f7e2437b82ee48a1c85ed42,t10,16,high,0.7312748134,0.2687251866,high,3.23597908,0.1241423488
m3_discounted,17,1,81,e20918bb59fb9410444abfca05301763d95a43571f7e2437b82ee48a1c85ed42,full,20,high,0.7175810933,0.2824189067,high,4.060382366,0.1057781354
m3_discounted,17,1,84,acef12612f4cc8a8551d6eed74f7140693018819c768baebe55af31070bb4a48,t3,4,high,0.7660152316,0.2339847684,high,1.11064446,0.02488103881
m3_discounted,17,1,84,acef12612f4cc8a8551d6eed74f7140693018819c768baebe55af31070bb4a48,t5,8,high,0.7394417226,0.2605582774,high,1.98845613,0.03104703315
m3_discounted,17,1,84,acef12612f4cc8a8551d6eed74f7140693018819c768baebe55af31070bb4a48,t10,18,high,0.7177607119,0.2822392881,high,3.940145969,0.05982414633
m3_discounted,17,1,84,acef12612f4cc8a8551d6eed74f7140693018819c768baebe55af31070bb4a48,t20,38,high,0.6895537078,0.3104462922,high,8.086892128,0.1195844635
m3_discounted,17,1,84,acef12612f4cc8a8551d6eed74f7140693018819c768baebe55af31070bb4a48,full,234,high,0.6814273298,0.3185726702,high,49.03128433,0.6760698557
m3_discounted,17,1,90,a771a5f4fb2138cf78114b166d2e1fa99c89b30b5a08b96d69edbffaa7be1c17,t3,4,low,0.7672655582,0.2327344418,high,1.147290826,-0.02840412781
m3_discounted,17,1,90,a771a5f4fb2138cf78114b166d2e1fa99c89b30b5a08b96d69edbffaa7be1c17,t5,8,low,0.7318575084,0.2681424916,high,2.098959446,0.003779691644
m3_discounted,17,1,90,a771a5f4fb2138cf78114b166d2e1fa99c89b30b5a08b96d69edbffaa7be1c17,t10,18,low,0.687939167,0.312060833,high,4.479578972,-0.004873621278
m3_discounted,17,1,90,a771a5f4fb2138cf78114b166d2e1fa99c89b30b5a08b96d69edbffaa7be1c17,full,24,low,0.6713075638,0.3286924362,high,5.934443951,0.008749013767
m3_discounted,17,1,91,67e1884ecd04dbe20b36dae2dd478b3fa11c2dd652ae19aa1ecf63df01a54bb4,t3,4,high,0.7682544291,0.2317455709,high,1.078283787,0.0255608242
m3_discounted,17,1,91,67e1884ecd04dbe20b36dae2dd478b3fa11c2dd652ae19aa1ecf63df01a54bb4,t5,8,high,0.7407126129,0.2592873871,high,1.947802305,0.03163117915
m3_discounted,17,1,91,67e1884ecd04dbe20b36dae2dd478b3fa11c2dd652ae19aa1ecf63df01a54bb4,t10,18,high,0.7034421265,0.2965578735,high,4.09529686,0.06739101559
m3_discounted,17,1,91,67e1884ecd04dbe20b36dae2dd478b3fa11c2dd652ae19aa1ecf63df01a54bb4,t20,38,high,0.6715257168,0.3284742832,high,8.560479164,0.1438698173
m3_discounted,17,1,91,67e1884ecd04dbe20b36dae2dd478b3fa11c2dd652ae19aa1ecf63df01a54bb4,full,78,high,0.6595010459,0.3404989541,high,17.7365551,0.2382743657
m3_discounted,17,1,93,4a179349154115dae8c63a1aae7fb09285d02b7da5eef74d9eaa8871309dcfa9,t3,4,high,0.7609771639,0.2390228361,high,1.191496611,0.01166707464
m3_discounted,17,1,93,4a179349154115dae8c63a1aae7fb09285d02b7da5eef74d9eaa8871309dcfa9,t5,8,high,0.7329657972,0.2670342028,high,2.109160185,0.01583585888
m3_discounted,17,1,93,4a179349154115dae8c63a1aae7fb09285d02b7da5eef74d9eaa8871309dcfa9,t10,18,high,0.6972397864,0.3027602136,high,4.300271034,0.05429810286
m3_discounted,17,1,93,4a179349154115dae8c63a1aae7fb09285d02b7da5eef74d9eaa8871309dcfa9,full,24,high,0.6838637888,0.3161362112,high,5.648405552,0.06522753835
m3_discounted,17,1,96,25e8b5e04642d3980ac38e4c1a2adc2fda059b625ba4b1d1523d13ecc5903774,t3,4,high,0.7656126767,0.2343873233,high,1.096944213,0.03591768816
m3_discounted,17,1,96,25e8b5e04642d3980ac38e4c1a2adc2fda059b625ba4b1d1523d13ecc5903774,t5,8,high,0.733833313,0.266166687,high,2.025724173,0.05090799928
m3_discounted,17,1,96,25e8b5e04642d3980ac38e4c1a2adc2fda059b625ba4b1d1523d13ecc5903774,t10,18,high,0.6947723031,0.3052276969,high,4.279456139,0.0647508204
m3_discounted,17,1,96,25e8b5e04642d3980ac38e4c1a2adc2fda059b625ba4b1d1523d13ecc5903774,t20,38,high,0.6667773724,0.3332226276,high,8.749014854,0.1025869176
m3_discounted,17,1,96,25e8b5e04642d3980ac38e4c1a2adc2fda059b625ba4b1d1523d13ecc5903774,full,90,high,0.6579320431,0.3420679569,high,20.83034515,0.2305781841
m3_discounted,17,1,97,1837300a58fa97fb00235849e610a9e6fc97376558ae1b2b3a001a60fbe9de12,t3,4,high,0.7669113427,0.2330886573,high,1.134184122,-0.008770313114
m3_discounted,17,1,97,1837300a58fa97fb00235849e610a9e6fc97376558ae1b2b3a001a60fbe9de12,t5,8,high,0.734708637,0.265291363,high,2.077297211,-0.006979388185
m3_discounted,17,1,97,1837300a58fa97fb00235849e610a9e6fc97376558ae1b2b3a001a60fbe9de12,t10,18,high,0.6885698736,0.3114301264,high,4.400473595,0.0353153795
m3_discounted,17,1,97,1837300a58fa97fb00235849e610a9e6fc97376558ae1b2b3a001a60fbe9de12,t20,38,high,0.6660671234,0.3339328766,high,9.026558876,0.06859071553
m3_discounted,17,1,97,1837300a58fa97fb00235849e610a9e6fc97376558ae1b2b3a001a60fbe9de12,full,106,high,0.6651917696,0.3348082304,high,24.39391708,0.2194818854
m3_discounted,17,1,102,6b850256cef5c3246b062d9ccc13df2dba8549db3d4aa09074ac047358bc730c,t3,4,low,0.7838662416,0.2161337584,high,0.8791825771,0.02198303863
m3_discounted,17,1,102,6b850256cef5c3246b062d9ccc13df2dba8549db3d4aa09074ac047358bc730c,t5,8,low,0.7635713965,0.2364286035,high,1.571858168,0.02320624143
m3_discounted,17,1,102,6b850256cef5c3246b062d9ccc13df2dba8549db3d4aa09074ac047358bc730c,t10,18,low,0.6994281411,0.3005718589,high,3.928630829,0.02058362029
m3_discounted,17,1,102,6b850256cef5c3246b062d9ccc13df2dba8549db3d4aa09074ac047358bc730c,full,18,low,0.6994281411,0.3005718589,high,3.928630829,0.02058362029
m3_discounted,17,1,106,448764c64bd9a5b6c7cd78e8b26ab5214ce6b2f3a7fafd6b108f3cbbe5f7e177,t3,4,low,0.7627242953,0.2372757047,high,1.189840555,-0.01381341554
m3_discounted,17,1,106,448764c64bd9a5b6c7cd78e8b26ab5214ce6b2f3a7fafd6b108f3cbbe5f7e177,t5,8,low,0.732763201,0.267236799,high,2.126903057,-0.01244205888
m3_discounted,17,1,106,448764c64bd9a5b6c7cd78e8b26ab5214ce6b2f3a7fafd6b108f3cbbe5f7e177,t10,18,low,0.6880788207,0.3119211793,high,4.4965868,-0.03391075507
m3_discounted,17,1,106,448764c64bd9a5b6c7cd78e8b26ab5214ce6b2f3a7fafd6b108f3cbbe5f7e177,full,22,low,0.6774987876,0.3225012124,high,5.456549644,-0.03484254703
m3_discounted,17,1,111,c5d024bb1b7d54d9eb1b773b68d0abb69abd4c57c23dd861afa6b4daf6095fb2,t3,4,high,0.7626419961,0.2373580039,high,1.173020244,0.0106477309
m3_discounted,17,1,111,c5d024bb1b7d54d9eb1b773b68d0abb69abd4c57c23dd861afa6b4daf6095fb2,t5,8,high,0.7312410772,0.2687589228,high,2.122427464,0.01804254949
m3_discounted,17,1,111,c5d024bb1b7d54d9eb1b773b68d0abb69abd4c57c23dd861afa6b4daf6095fb2,t10,18,high,0.6956914663,0.3043085337,high,4.39923811,0.03473028541
m3_discounted,17,1,111,c5d024bb1b7d54d9eb1b773b68d0abb69abd4c57c23dd861afa6b4daf6095fb2,t20,37,high,0.6771514118,0.3228485882,high,8.375311852,0.11178267
m3_discounted,17,1,111,c5d024bb1b7d54d9eb1b773b68d0abb69abd4c57c23dd861afa6b4daf6095fb2,full,57,high,0.6618573368,0.3381426632,high,13.08799934,0.1208285391
m3_discounted,17,1,115,40b598298febd1caaa3494c2aa68b7d34db4adefb806470ebaa2164aa3b6e97b,t3,4,low,0.7663071901,0.2336928099,high,1.126683831,0.00988922175
m3_discounted,17,1,115,40b598298febd1caaa3494c2aa68b7d34db4adefb806470ebaa2164aa3b6e97b,t5,8,low,0.7375822067,0.2624177933,high,2.029405832,0.01448788214
m3_discounted,17,1,115,40b598298febd1caaa3494c2aa68b7d34db4adefb806470ebaa2164aa3b6e97b,t10,18,low,0.6935586333,0.3064413667,high,4.343340397,0.004720171914
m3_discounted,17,1,115,40b598298febd1caaa3494c2aa68b7d34db4adefb806470ebaa2164aa3b6e97b,t20,38,low,0.666887641,0.333112359,high,9.055929184,-0.04873362929
m3_discounted,17,1,115,40b598298febd1caaa3494c2aa68b7d34db4adefb806470ebaa2164aa3b6e97b,full,46,low,0.6632312536,0.3367687464,high,10.93515301,-0.04453118518
m3_discounted,17,1,116,4418b43f021add15a849c765ee0db832848b4b10e7849e6b885d73b122875f84,t3,4,high,0.7878104001,0.2121895999,high,0.8544697762,-0.001560891047
m3_discounted,17,1,116,4418b43f021add15a849c765ee0db832848b4b10e7849e6b885d73b122875f84,t5,8,high,0.7764813453,0.2235186547,high,1.401574135,0.00926319696
m3_discounted,17,1,116,4418b43f021add15a849c765ee0db832848b4b10e7849e6b885d73b122875f84,t10,18,high,0.7213277519,0.2786722481,high,3.313316584,0.0731960386
m3_discounted,17,1,116,4418b43f021add15a849c765ee0db832848b4b10e7849e6b885d73b122875f84,t20,38,high,0.7227567732,0.2772432268,high,6.611909389,0.1099159867
m3_discounted,17,1,116,4418b43f021add15a849c765ee0db832848b4b10e7849e6b885d73b122875f84,full,166,high,0.6653797925,0.3346202075,high,34.31134033,0.3194175959
m3_discounted,17,1,118,76be45b29b02fc9e53270d845eb888e016203b2feb5f8a23c1bc226cfb6f9541,t3,4,low,0.7655684501,0.2344315499,high,1.125864863,0.01835155301
m3_discounted,17,1,118,76be45b29b02fc9e53270d845eb888e016203b2feb5f8a23c1bc226cfb6f9541,t5,8,low,0.735175401,0.264824599,high,2.0749228,-0.00242616795
m3_discounted,17,1,118,76be45b29b02fc9e53270d845eb888e016203b2feb5f8a23c1bc226cfb6f9541,t10,18,low,0.6883765459,0.3116234541,high,4.460996628,-0.02505879104
m3_discounted,17,1,118,76be45b29b02fc9e53270d845eb888e016203b2feb5f8a23c1bc226cfb6f9541,full,20,low,0.6824210286,0.3175789714,high,4.932986259,-0.01655299403
m3_discounted,17,1,127,7917889ab4e78b6b53a8a9cb1ef033ff30c5f3bd8f7978290b6a1e55f3745707,t3,4,high,0.7619039565,0.2380960435,high,1.168899179,0.02191929519
m3_discounted,17,1,127,7917889ab4e78b6b53a8a9cb1ef033ff30c5f3bd8f7978290b6a1e55f3745707,t5,8,high,0.7305777669,0.2694222331,high,2.111152649,0.03911810741
m3_discounted,17,1,127,7917889ab4e78b6b53a8a9cb1ef033ff30c5f3bd8f7978290b6a1e55f3745707,t10,18,high,0.6996910572,0.3003089428,high,4.329176903,0.03154158965
m3_discounted,17,1,127,7917889ab4e78b6b53a8a9cb1ef033ff30c5f3bd8f7978290b6a1e55f3745707,t20,38,high,0.6674063802,0.3325936198,high,8.915524483,0.04341127723
m3_discounted,17,1,127,7917889ab4e78b6b53a8a9cb1ef033ff30c5f3bd8f7978290b6a1e55f3745707,full,58,high,0.660444051,0.339555949,high,13.59270668,0.07130346447
m1_shared,17,2,2,fdf67d2c42795b9d06e986a20b48e2b2bee751e8cdf4fd17e3571edec7df7c1a,t3,4,high,0.2959161997,0.7040838003,low,0,0
m1_shared,17,2,2,fdf67d2c42795b9d06e986a20b48e2b2bee751e8cdf4fd17e3571edec7df7c1a,t5,8,high,0.9798226804,0.02017731965,high,0,0
m1_shared,17,2,2,fdf67d2c42795b9d06e986a20b48e2b2bee751e8cdf4fd17e3571edec7df7c1a,t10,18,high,0.004133939743,0.9958660603,low,0,0
m1_shared,17,2,2,fdf67d2c42795b9d06e986a20b48e2b2bee751e8cdf4fd17e3571edec7df7c1a,full,34,high,0.2135410905,0.7864589095,low,0,0
m1_shared,17,2,4,191639dd25fcde7c7a679eb592d24f8b509b2039411c660a67c8a93f8157923d,t3,4,high,0.8524448127,0.1475551873,high,0,0
m1_shared,17,2,4,191639dd25fcde7c7a679eb592d24f8b509b2039411c660a67c8a93f8157923d,t5,8,high,0.8318272233,0.1681727767,high,0,0
m1_shared,17,2,4,191639dd25fcde7c7a679eb592d24f8b509b2039411c660a67c8a93f8157923d,t10,18,high,0.9451974034,0.05480259657,high,0,0
m1_shared,17,2,4,191639dd25fcde7c7a679eb592d24f8b509b2039411c660a67c8a93f8157923d,t20,38,high,0.8693822473,0.1306177527,high,0,0
m1_shared,17,2,4,191639dd25fcde7c7a679eb592d24f8b509b2039411c660a67c8a93f8157923d,full,58,high,0.9566341974,0.04336580262,high,0,0
m1_shared,17,2,10,4726c5a5ef83880ea58dc9be0d5526992a63d81a7158a7290accb6ea90e2f24e,t3,4,low,0.6132365465,0.3867634535,high,0,0
m1_shared,17,2,10,4726c5a5ef83880ea58dc9be0d5526992a63d81a7158a7290accb6ea90e2f24e,t5,8,low,0.01057046652,0.9894295335,low,0,0
m1_shared,17,2,10,4726c5a5ef83880ea58dc9be0d5526992a63d81a7158a7290accb6ea90e2f24e,full,10,low,0.02498781681,0.9750121832,low,0,0
m1_shared,17,2,13,33d5eab0e55967cc9ef6294d07c71894b7c8ccead9f3b75d9c24963ff08f8a5b,t3,4,high,0.04146230221,0.9585376978,low,0,0
m1_shared,17,2,13,33d5eab0e55967cc9ef6294d07c71894b7c8ccead9f3b75d9c24963ff08f8a5b,t5,8,high,0.00322252512,0.9967774749,low,0,0
m1_shared,17,2,13,33d5eab0e55967cc9ef6294d07c71894b7c8ccead9f3b75d9c24963ff08f8a5b,full,12,high,0.004331469536,0.9956685305,low,0,0
m1_shared,17,2,15,9a33ea59a66d49ff7cc5e5ae9beb979f48b38e35157bca2ebd07bf99649f623d,t3,4,low,0.00831580162,0.9916841984,low,0,0
m1_shared,17,2,15,9a33ea59a66d49ff7cc5e5ae9beb979f48b38e35157bca2ebd07bf99649f623d,t5,8,low,0.002396762371,0.9976032376,low,0,0
m1_shared,17,2,15,9a33ea59a66d49ff7cc5e5ae9beb979f48b38e35157bca2ebd07bf99649f623d,t10,18,low,0.001345872879,0.9986541271,low,0,0
m1_shared,17,2,15,9a33ea59a66d49ff7cc5e5ae9beb979f48b38e35157bca2ebd07bf99649f623d,full,20,low,0.003765404224,0.9962345958,low,0,0
m1_shared,17,2,18,b34ee56525d88d8c5edbedc83cfaa246ebf13d655186bfb0a26192ae67847925,t3,4,high,0.945600681,0.05439931899,high,0,0
m1_shared,17,2,18,b34ee56525d88d8c5edbedc83cfaa246ebf13d655186bfb0a26192ae67847925,t5,8,high,0.8610715717,0.1389284283,high,0,0
m1_shared,17,2,18,b34ee56525d88d8c5edbedc83cfaa246ebf13d655186bfb0a26192ae67847925,t10,18,high,0.09570807219,0.9042919278,low,0,0
m1_shared,17,2,18,b34ee56525d88d8c5edbedc83cfaa246ebf13d655186bfb0a26192ae67847925,t20,38,high,0.8316905648,0.1683094352,high,0,0
m1_shared,17,2,18,b34ee56525d88d8c5edbedc83cfaa246ebf13d655186bfb0a26192ae67847925,full,114,high,0.204341948,0.795658052,low,0,0
m1_shared,17,2,20,f9ba5bcb971128ab896d2b887228d6522719aa3c656b131cf236ce80da34d01d,t3,4,high,0.8349459171,0.1650540829,high,0,0
m1_shared,17,2,20,f9ba5bcb971128ab896d2b887228d6522719aa3c656b131cf236ce80da34d01d,t5,8,high,0.9824231174,0.01757688262,high,0,0
m1_shared,17,2,20,f9ba5bcb971128ab896d2b887228d6522719aa3c656b131cf236ce80da34d01d,t10,18,high,0.9916842207,0.008315779269,high,0,0
m1_shared,17,2,20,f9ba5bcb971128ab896d2b887228d6522719aa3c656b131cf236ce80da34d01d,t20,38,high,0.9445872046,0.05541279539,high,0,0
m1_shared,17,2,20,f9ba5bcb971128ab896d2b887228d6522719aa3c656b131cf236ce80da34d01d,full,46,high,0.8492224514,0.1507775486,high,0,0
m1_shared,17,2,25,ddb02d91bd18c3c662df1f33661d602d12020d6cf678bab7cb298f4055fca93b,t3,4,high,0.8749346137,0.1250653863,high,0,0
m1_shared,17,2,25,ddb02d91bd18c3c662df1f33661d602d12020d6cf678bab7cb298f4055fca93b,t5,8,high,0.9961155234,0.00388447661,high,0,0
m1_shared,17,2,25,ddb02d91bd18c3c662df1f33661d602d12020d6cf678bab7cb298f4055fca93b,t10,18,high,0.9942697533,0.005730246659,high,0,0
m1_shared,17,2,25,ddb02d91bd18c3c662df1f33661d602d12020d6cf678bab7cb298f4055fca93b,full,32,high,0.9291838035,0.0708161965,high,0,0
m1_shared,17,2,28,487d0abed001c9f2a355dcc6490f2cf7f1354bf99dbe74fb40e1739122af3c2b,t3,4,high,0.1480471492,0.8519528508,low,0,0
m1_shared,17,2,28,487d0abed001c9f2a355dcc6490f2cf7f1354bf99dbe74fb40e1739122af3c2b,t5,8,high,0.3468731046,0.6531268954,low,0,0
m1_shared,17,2,28,487d0abed001c9f2a355dcc6490f2cf7f1354bf99dbe74fb40e1739122af3c2b,t10,18,high,0.3830642104,0.6169357896,low,0,0
m1_shared,17,2,28,487d0abed001c9f2a355dcc6490f2cf7f1354bf99dbe74fb40e1739122af3c2b,t20,38,high,0.776961565,0.223038435,high,0,0
m1_shared,17,2,28,487d0abed001c9f2a355dcc6490f2cf7f1354bf99dbe74fb40e1739122af3c2b,full,122,high,0.8945133388,0.1054866612,high,0,0
m1_shared,17,2,29,9459f1cceef9869f5ee5d550f4d0153a7cdf2e59b9bd8cc5f372969252fde2ca,t3,4,high,0.5803520381,0.4196479619,high,0,0
m1_shared,17,2,29,9459f1cceef9869f5ee5d550f4d0153a7cdf2e59b9bd8cc5f372969252fde2ca,t5,7,high,0.9575961679,0.04240383208,high,0,0
m1_shared,17,2,29,9459f1cceef9869f5ee5d550f4d0153a7cdf2e59b9bd8cc5f372969252fde2ca,t10,17,high,0.008644163609,0.9913558364,low,0,0
m1_shared,17,2,29,9459f1cceef9869f5ee5d550f4d0153a7cdf2e59b9bd8cc5f372969252fde2ca,t20,37,high,0.2326586246,0.7673413754,low,0,0
m1_shared,17,2,29,9459f1cceef9869f5ee5d550f4d0153a7cdf2e59b9bd8cc5f372969252fde2ca,full,37,high,0.2326586246,0.7673413754,low,0,0
m1_shared,17,2,34,4d0345fde865563ce1b8a378bb4f763097083ca5ab32f7ddf46c2f6159f1dec2,t3,4,high,0.9953904273,0.004609572701,high,0,0
m1_shared,17,2,34,4d0345fde865563ce1b8a378bb4f763097083ca5ab32f7ddf46c2f6159f1dec2,t5,8,high,0.991938008,0.008061992005,high,0,0
m1_shared,17,2,34,4d0345fde865563ce1b8a378bb4f763097083ca5ab32f7ddf46c2f6159f1dec2,t10,18,high,0.994088931,0.005911068991,high,0,0
m1_shared,17,2,34,4d0345fde865563ce1b8a378bb4f763097083ca5ab32f7ddf46c2f6159f1dec2,t20,38,high,0.9985449372,0.001455062767,high,0,0
m1_shared,17,2,34,4d0345fde865563ce1b8a378bb4f763097083ca5ab32f7ddf46c2f6159f1dec2,full,116,high,0.9967269355,0.003273064503,high,0,0
m1_shared,17,2,36,a89e21c5a35df9846708875b550aedadb0962eeaf4b3c7f3348dec0322cd9dde,t3,4,high,0.4679395556,0.5320604444,low,0,0
m1_shared,17,2,36,a89e21c5a35df9846708875b550aedadb0962eeaf4b3c7f3348dec0322cd9dde,t5,8,high,0.4663594961,0.5336405039,low,0,0
m1_shared,17,2,36,a89e21c5a35df9846708875b550aedadb0962eeaf4b3c7f3348dec0322cd9dde,t10,18,high,0.8272706866,0.1727293134,high,0,0
m1_shared,17,2,36,a89e21c5a35df9846708875b550aedadb0962eeaf4b3c7f3348dec0322cd9dde,t20,38,high,0.5898345113,0.4101654887,high,0,0
m1_shared,17,2,36,a89e21c5a35df9846708875b550aedadb0962eeaf4b3c7f3348dec0322cd9dde,full,314,high,0.6770471036,0.3229528964,high,0,0
m1_shared,17,2,38,f8b9c28f12c90d87138212f431c9300e394af58c1dc90d970ba183af36ca0387,t3,4,high,0.9908743622,0.009125637822,high,0,0
m1_shared,17,2,38,f8b9c28f12c90d87138212f431c9300e394af58c1dc90d970ba183af36ca0387,t5,8,high,0.9982178038,0.001782196225,high,0,0
m1_shared,17,2,38,f8b9c28f12c90d87138212f431c9300e394af58c1dc90d970ba183af36ca0387,t10,18,high,0.9983256005,0.001674399478,high,0,0
m1_shared,17,2,38,f8b9c28f12c90d87138212f431c9300e394af58c1dc90d970ba183af36ca0387,t20,38,high,0.9956684979,0.004331502132,high,0,0
m1_shared,17,2,38,f8b9c28f12c90d87138212f431c9300e394af58c1dc90d970ba183af36ca0387,full,93,high,0.9820137899,0.01798621006,high,0,0
m1_shared,17,2,49,b34ee56525d88d8c5edbedc83cfaa246ebf13d655186bfb0a26192ae67847925,t3,4,high,0.8969868496,0.1030131504,high,0,0
m1_shared,17,2,49,b34ee56525d88d8c5edbedc83cfaa246ebf13d655186bfb0a26192ae67847925,t5,8,high,0.9764905497,0.02350945026,high,0,0
m1_shared,17,2,49,b34ee56525d88d8c5edbedc83cfaa246ebf13d655186bfb0a26192ae67847925,t10,18,high,0.9637799412,0.0362200588,high,0,0
m1_shared,17,2,49,b34ee56525d88d8c5edbedc83cfaa246ebf13d655186bfb0a26192ae67847925,t20,38,high,0.8761053532,0.1238946468,high,0,0
m1_shared,17,2,49,b34ee56525d88d8c5edbedc83cfaa246ebf13d655186bfb0a26192ae67847925,full,180,high,0.864996165,0.135003835,high,0,0
m1_shared,17,2,51,27f7b9a233b232d09dc5463937c8150e848bebb9f9c3eac2cd6d18cd0a0a0663,t3,4,high,0.7468551099,0.2531448901,high,0,0
m1_shared,17,2,51,27f7b9a233b232d09dc5463937c8150e848bebb9f9c3eac2cd6d18cd0a0a0663,t5,8,high,0.2780607343,0.7219392657,low,0,0
m1_shared,17,2,51,27f7b9a233b232d09dc5463937c8150e848bebb9f9c3eac2cd6d18cd0a0a0663,full,14,high,0.741674006,0.258325994,high,0,0
m1_shared,17,2,54,cab87913f73e8349723b3aa09815de16104f7e933d850478367538de727d8d66,t3,4,high,0.9118099511,0.08819004893,high,0,0
m1_shared,17,2,54,cab87913f73e8349723b3aa09815de16104f7e933d850478367538de727d8d66,t5,8,high,0.04272222519,0.9572777748,low,0,0
m1_shared,17,2,54,cab87913f73e8349723b3aa09815de16104f7e933d850478367538de727d8d66,t10,18,high,0.1561048627,0.8438951373,low,0,0
m1_shared,17,2,54,cab87913f73e8349723b3aa09815de16104f7e933d850478367538de727d8d66,t20,38,high,0.1446314454,0.8553685546,low,0,0
m1_shared,17,2,54,cab87913f73e8349723b3aa09815de16104f7e933d850478367538de727d8d66,full,40,high,0.03904825449,0.9609517455,low,0,0
m1_shared,17,2,61,d18cd2cb8f3969cbf6af794d14828afbbd325bed84b28f6fb6cfa887be2c8b28,t3,4,high,0.9543079659,0.04569203407,high,0,0
m1_shared,17,2,61,d18cd2cb8f3969cbf6af794d14828afbbd325bed84b28f6fb6cfa887be2c8b28,t5,8,high,0.9958980707,0.004101929255,high,0,0
m1_shared,17,2,61,d18cd2cb8f3969cbf6af794d14828afbbd325bed84b28f6fb6cfa887be2c8b28,t10,18,high,0.9986329742,0.001367025776,high,0,0
m1_shared,17,2,61,d18cd2cb8f3969cbf6af794d14828afbbd325bed84b28f6fb6cfa887be2c8b28,t20,38,high,0.9904406006,0.009559399448,high,0,0
m1_shared,17,2,61,d18cd2cb8f3969cbf6af794d14828afbbd325bed84b28f6fb6cfa887be2c8b28,full,124,high,0.9469902292,0.05300977081,high,0,0
m1_shared,17,2,63,f34b655729f9e067daf58741bbef87d6babc75e70cc02335a66a9a7f2a41110f,t3,4,high,0.01518905163,0.9848109484,low,0,0
m1_shared,17,2,63,f34b655729f9e067daf58741bbef87d6babc75e70cc02335a66a9a7f2a41110f,t5,8,high,0.01081842184,0.9891815782,low,0,0
m1_shared,17,2,63,f34b655729f9e067daf58741bbef87d6babc75e70cc02335a66a9a7f2a41110f,t10,18,high,0.2555293441,0.7444706559,low,0,0
m1_shared,17,2,63,f34b655729f9e067daf58741bbef87d6babc75e70cc02335a66a9a7f2a41110f,t20,38,high,0.3854324818,0.6145675182,low,0,0
m1_shared,17,2,63,f34b655729f9e067daf58741bbef87d6babc75e70cc02335a66a9a7f2a41110f,full,58,high,0.257391572,0.742608428,low,0,0
m1_shared,17,2,76,ef2a499f1eb631d0fe82020b23b6b033d935130d3181bd0d4fd2f4fcd23925a8,t3,5,high,0.1093248129,0.8906751871,low,0,0
m1_shared,17,2,76,ef2a499f1eb631d0fe82020b23b6b033d935130d3181bd0d4fd2f4fcd23925a8,t5,9,high,0.9977127726,0.002287227428,high,0,0
m1_shared,17,2,76,ef2a499f1eb631d0fe82020b23b6b033d935130d3181bd0d4fd2f4fcd23925a8,t10,19,high,0.9965703965,0.00342960353,high,0,0
m1_shared,17,2,76,ef2a499f1eb631d0fe82020b23b6b033d935130d3181bd0d4fd2f4fcd23925a8,t20,41,high,0.9992678187,0.0007321813027,high,0,0
m1_shared,17,2,76,ef2a499f1eb631d0fe82020b23b6b033d935130d3181bd0d4fd2f4fcd23925a8,full,67,high,0.9973683259,0.002631674055,high,0,0
m1_shared,17,2,85,362ca8248798f8db4ad596d5ff5d5b21969fb1d0b5d6bc5479eb390815d04099,t3,4,high,0.9845754486,0.01542455144,high,0,0
m1_shared,17,2,85,362ca8248798f8db4ad596d5ff5d5b21969fb1d0b5d6bc5479eb390815d04099,t5,8,high,0.9768465888,0.02315341122,high,0,0
m1_shared,17,2,85,362ca8248798f8db4ad596d5ff5d5b21969fb1d0b5d6bc5479eb390815d04099,t10,18,high,0.9002670497,0.09973295033,high,0,0
m1_shared,17,2,85,362ca8248798f8db4ad596d5ff5d5b21969fb1d0b5d6bc5479eb390815d04099,t20,38,high,0.8925625235,0.1074374765,high,0,0
m1_shared,17,2,85,362ca8248798f8db4ad596d5ff5d5b21969fb1d0b5d6bc5479eb390815d04099,full,130,high,0.8799098879,0.1200901121,high,0,0
m1_shared,17,2,88,9bc4482343f7ed28b44b9319b09ff19b55a18cac47392ae5ffba13a1bbc7d262,t3,5,high,0.9945307253,0.005469274707,high,0,0
m1_shared,17,2,88,9bc4482343f7ed28b44b9319b09ff19b55a18cac47392ae5ffba13a1bbc7d262,t5,9,high,0.5058591068,0.4941408932,high,0,0
m1_shared,17,2,88,9bc4482343f7ed28b44b9319b09ff19b55a18cac47392ae5ffba13a1bbc7d262,t10,19,high,0.349088788,0.650911212,low,0,0
m1_shared,17,2,88,9bc4482343f7ed28b44b9319b09ff19b55a18cac47392ae5ffba13a1bbc7d262,t20,39,high,0.8080672026,0.1919327974,high,0,0
m1_shared,17,2,88,9bc4482343f7ed28b44b9319b09ff19b55a18cac47392ae5ffba13a1bbc7d262,full,67,high,0.7838230431,0.2161769569,high,0,0
m1_shared,17,2,92,f2052231c80a312cdf52e119479c078cd5bcaf12bb92c3ed0366740e77e1ee5f,t3,4,low,0.9632305354,0.03676946461,high,0,0
m1_shared,17,2,92,f2052231c80a312cdf52e119479c078cd5bcaf12bb92c3ed0366740e77e1ee5f,t5,8,low,0.006388366222,0.9936116338,low,0,0
m1_shared,17,2,92,f2052231c80a312cdf52e119479c078cd5bcaf12bb92c3ed0366740e77e1ee5f,full,12,low,0.004867494106,0.9951325059,low,0,0
m1_shared,17,2,107,987ebbea8e2f88d7ae24bb995fb1683cfcf43e60da1c73db60f86e9c6f759ec0,t3,4,high,0.0054692626,0.9945307374,low,0,0
m1_shared,17,2,107,987ebbea8e2f88d7ae24bb995fb1683cfcf43e60da1c73db60f86e9c6f759ec0,t5,8,high,0.02800750732,0.9719924927,low,0,0
m1_shared,17,2,107,987ebbea8e2f88d7ae24bb995fb1683cfcf43e60da1c73db60f86e9c6f759ec0,full,16,high,0.2699025273,0.7300974727,low,0,0
m1_shared,17,2,113,43e3f532b331904b4b75e22e482cffcf7410e15e086662ebc1b0f2d324f2c640,t3,4,high,0.785966441,0.214033559,high,0,0
m1_shared,17,2,113,43e3f532b331904b4b75e22e482cffcf7410e15e086662ebc1b0f2d324f2c640,t5,8,high,0.02537125349,0.9746287465,low,0,0
m1_shared,17,2,113,43e3f532b331904b4b75e22e482cffcf7410e15e086662ebc1b0f2d324f2c640,t10,18,high,0.6851073503,0.3148926497,high,0,0
m1_shared,17,2,113,43e3f532b331904b4b75e22e482cffcf7410e15e086662ebc1b0f2d324f2c640,t20,38,high,0.5858713984,0.4141286016,high,0,0
m1_shared,17,2,113,43e3f532b331904b4b75e22e482cffcf7410e15e086662ebc1b0f2d324f2c640,full,48,high,0.1931473613,0.8068526387,low,0,0
m1_shared,17,2,120,6138bfa37d6d45417e27c6225b1b5c3d451845f9afd2be1af047243d1934f16d,t3,4,high,0.01168721914,0.9883127809,low,0,0
m1_shared,17,2,120,6138bfa37d6d45417e27c6225b1b5c3d451845f9afd2be1af047243d1934f16d,t5,8,high,0.008062064648,0.9919379354,low,0,0
m1_shared,17,2,120,6138bfa37d6d45417e27c6225b1b5c3d451845f9afd2be1af047243d1934f16d,t10,18,high,0.001048445702,0.9989515543,low,0,0
m1_shared,17,2,120,6138bfa37d6d45417e27c6225b1b5c3d451845f9afd2be1af047243d1934f16d,full,30,high,0.01840484142,0.9815951586,low,0,0
m1_shared,17,2,126,3d9bb96a31d14f722edff4380172cc0eda5a2e2aab8847223fead188adfe3bae,t3,4,low,0.8710366935,0.1289633065,high,0,0
m1_shared,17,2,126,3d9bb96a31d14f722edff4380172cc0eda5a2e2aab8847223fead188adfe3bae,t5,8,low,0.2408638597,0.7591361403,low,0,0
m1_shared,17,2,126,3d9bb96a31d14f722edff4380172cc0eda5a2e2aab8847223fead188adfe3bae,t10,17,low,0.01024866104,0.989751339,low,0,0
m1_shared,17,2,126,3d9bb96a31d14f722edff4380172cc0eda5a2e2aab8847223fead188adfe3bae,t20,36,low,0.005060315132,0.9949396849,low,0,0
m1_shared,17,2,126,3d9bb96a31d14f722edff4380172cc0eda5a2e2aab8847223fead188adfe3bae,full,63,low,0.01001363993,0.9899863601,low,0,0
m1_shared,17,2,129,b43f9bef2ea9be7d5c83147f704d1ec9e88508b7c90558944b551a63d6646376,t3,5,high,0.9987934103,0.001206589746,high,0,0
m1_shared,17,2,129,b43f9bef2ea9be7d5c83147f704d1ec9e88508b7c90558944b551a63d6646376,t5,9,high,0.9983515169,0.001648483099,high,0,0
m1_shared,17,2,129,b43f9bef2ea9be7d5c83147f704d1ec9e88508b7c90558944b551a63d6646376,t10,19,high,0.9937100983,0.006289901678,high,0,0
m1_shared,17,2,129,b43f9bef2ea9be7d5c83147f704d1ec9e88508b7c90558944b551a63d6646376,full,35,high,0.9961155234,0.00388447661,high,0,0
m2_oneway,17,2,2,fdf67d2c42795b9d06e986a20b48e2b2bee751e8cdf4fd17e3571edec7df7c1a,t3,4,high,0.4366220236,0.5633779764,low,0,0
m2_oneway,17,2,2,fdf67d2c42795b9d06e986a20b48e2b2bee751e8cdf4fd17e3571edec7df7c1a,t5,8,high,0.8791467696,0.1208532304,high,0,0
m2_oneway,17,2,2,fdf67d2c42795b9d06e986a20b48e2b2bee751e8cdf4fd17e3571edec7df7c1a,t10,18,high,0.1114344597,0.8885655403,low,0,0
m2_oneway,17,2,2,fdf67d2c42795b9d06e986a20b48e2b2bee751e8cdf4fd17e3571edec7df7c1a,full,34,high,0.6546739638,0.3453260362,high,0,0
m2_oneway,17,2,4,191639dd25fcde7c7a679eb592d24f8b509b2039411c660a67c8a93f8157923d,t3,4,high,0.9105454013,0.08945459872,high,0,0
m2_oneway,17,2,4,191639dd25fcde7c7a679eb592d24f8b509b2039411c660a67c8a93f8157923d,t5,8,high,0.8485961705,0.1514038295,high,0,0
m2_oneway,17,2,4,191639dd25fcde7c7a679eb592d24f8b509b2039411c660a67c8a93f8157923d,t10,18,high,0.7512833774,0.2487166226,high,0,0
m2_oneway,17,2,4,191639dd25fcde7c7a679eb592d24f8b509b2039411c660a67c8a93f8157923d,t20,38,high,0.8165526986,0.1834473014,high,0,0
m2_oneway,17,2,4,191639dd25fcde7c7a679eb592d24f8b509b2039411c660a67c8a93f8157923d,full,58,high,0.6725467741,0.3274532259,high,0,0
m2_oneway,17,2,10,4726c5a5ef83880ea58dc9be0d5526992a63d81a7158a7290accb6ea90e2f24e,t3,4,low,0.6491338909,0.3508661091,high,0,0
m2_oneway,17,2,10,4726c5a5ef83880ea58dc9be0d5526992a63d81a7158a7290accb6ea90e2f24e,t5,8,low,0.5717666149,0.4282333851,high,0,0
m2_oneway,17,2,10,4726c5a5ef83880ea58dc9be0d5526992a63d81a7158a7290accb6ea90e2f24e,full,10,low,0.3298232555,0.6701767445,low,0,0
m2_oneway,17,2,13,33d5eab0e55967cc9ef6294d07c71894b7c8ccead9f3b75d9c24963ff08f8a5b,t3,4,high,0.3312278986,0.6687721014,low,0,0
m2_oneway,17,2,13,33d5eab0e55967cc9ef6294d07c71894b7c8ccead9f3b75d9c24963ff08f8a5b,t5,8,high,0.09401017427,0.9059898257,low,0,0
m2_oneway,17,2,13,33d5eab0e55967cc9ef6294d07c71894b7c8ccead9f3b75d9c24963ff08f8a5b,full,12,high,0.05707138777,0.9429286122,low,0,0
m2_oneway,17,2,15,9a33ea59a66d49ff7cc5e5ae9beb979f48b38e35157bca2ebd07bf99649f623d,t3,4,low,0.2479874492,0.7520125508,low,0,0
m2_oneway,17,2,15,9a33ea59a66d49ff7cc5e5ae9beb979f48b38e35157bca2ebd07bf99649f623d,t5,8,low,0.3199707866,0.6800292134,low,0,0
m2_oneway,17,2,15,9a33ea59a66d49ff7cc5e5ae9beb979f48b38e35157bca2ebd07bf99649f623d,t10,18,low,0.1048433185,0.8951566815,low,0,0
m2_oneway,17,2,15,9a33ea59a66d49ff7cc5e5ae9beb979f48b38e35157bca2ebd07bf99649f623d,full,20,low,0.209469676,0.790530324,low,0,0
m2_oneway,17,2,18,b34ee56525d88d8c5edbedc83cfaa246ebf13d655186bfb0a26192ae67847925,t3,4,high,0.8692713082,0.1307286918,high,0,0
m2_oneway,17,2,18,b34ee56525d88d8c5edbedc83cfaa246ebf13d655186bfb0a26192ae67847925,t5,8,high,0.7611836344,0.2388163656,high,0,0
m2_oneway,17,2,18,b34ee56525d88d8c5edbedc83cfaa246ebf13d655186bfb0a26192ae67847925,t10,18,high,0.7468781769,0.2531218231,high,0,0
m2_oneway,17,2,18,b34ee56525d88d8c5edbedc83cfaa246ebf13d655186bfb0a26192ae67847925,t20,38,high,0.3437821865,0.6562178135,low,0,0
m2_oneway,17,2,18,b34ee56525d88d8c5edbedc83cfaa246ebf13d655186bfb0a26192ae67847925,full,114,high,0.5156199038,0.4843800962,high,0,0
m2_oneway,17,2,20,f9ba5bcb971128ab896d2b887228d6522719aa3c656b131cf236ce80da34d01d,t3,4,high,0.8991213888,0.1008786112,high,0,0
m2_oneway,17,2,20,f9ba5bcb971128ab896d2b887228d6522719aa3c656b131cf236ce80da34d01d,t5,8,high,0.8184467554,0.1815532446,high,0,0
m2_oneway,17,2,20,f9ba5bcb971128ab896d2b887228d6522719aa3c656b131cf236ce80da34d01d,t10,18,high,0.8181563467,0.1818436533,high,0,0
m2_oneway,17,2,20,f9ba5bcb971128ab896d2b887228d6522719aa3c656b131cf236ce80da34d01d,t20,38,high,0.5727227628,0.4272772372,high,0,0
m2_oneway,17,2,20,f9ba5bcb971128ab896d2b887228d6522719aa3c656b131cf236ce80da34d01d,full,46,high,0.5688948631,0.4311051369,high,0,0
m2_oneway,17,2,25,ddb02d91bd18c3c662df1f33661d602d12020d6cf678bab7cb298f4055fca93b,t3,4,high,0.8356177211,0.1643822789,high,0,0
m2_oneway,17,2,25,ddb02d91bd18c3c662df1f33661d602d12020d6cf678bab7cb298f4055fca93b,t5,8,high,0.9437636584,0.0562363416,high,0,0
m2_oneway,17,2,25,ddb02d91bd18c3c662df1f33661d602d12020d6cf678bab7cb298f4055fca93b,t10,18,high,0.844601348,0.155398652,high,0,0
m2_oneway,17,2,25,ddb02d91bd18c3c662df1f33661d602d12020d6cf678bab7cb298f4055fca93b,full,32,high,0.869714573,0.130285427,high,0,0
m2_oneway,17,2,28,487d0abed001c9f2a355dcc6490f2cf7f1354bf99dbe74fb40e1739122af3c2b,t3,4,high,0.6462370157,0.3537629843,high,0,0
m2_oneway,17,2,28,487d0abed001c9f2a355dcc6490f2cf7f1354bf99dbe74fb40e1739122af3c2b,t5,8,high,0.9477691464,0.05223085359,high,0,0
m2_oneway,17,2,28,487d0abed001c9f2a355dcc6490f2cf7f1354bf99dbe74fb40e1739122af3c2b,t10,18,high,0.5117166042,0.4882833958,high,0,0
m2_oneway,17,2,28,487d0abed001c9f2a355dcc6490f2cf7f1354bf99dbe74fb40e1739122af3c2b,t20,38,high,0.4383042455,0.5616957545,low,0,0
m2_oneway,17,2,28,487d0abed001c9f2a355dcc6490f2cf7f1354bf99dbe74fb40e1739122af3c2b,full,122,high,0.6796041131,0.3203958869,high,0,0
m2_oneway,17,2,29,9459f1cceef9869f5ee5d550f4d0153a7cdf2e59b9bd8cc5f372969252fde2ca,t3,4,high,0.5964331031,0.4035668969,high,0,0
m2_oneway,17,2,29,9459f1cceef9869f5ee5d550f4d0153a7cdf2e59b9bd8cc5f372969252fde2ca,t5,7,high,0.2954331636,0.7045668364,low,0,0
m2_oneway,17,2,29,9459f1cceef9869f5ee5d550f4d0153a7cdf2e59b9bd8cc5f372969252fde2ca,t10,17,high,0.6522414088,0.3477585912,high,0,0
m2_oneway,17,2,29,9459f1cceef9869f5ee5d550f4d0153a7cdf2e59b9bd8cc5f372969252fde2ca,t20,37,high,0.4843800664,0.5156199336,low,0,0
m2_oneway,17,2,29,9459f1cceef9869f5ee5d550f4d0153a7cdf2e59b9bd8cc5f372969252fde2ca,full,37,high,0.4843800664,0.5156199336,low,0,0
m2_oneway,17,2,34,4d0345fde865563ce1b8a378bb4f763097083ca5ab32f7ddf46c2f6159f1dec2,t3,4,high,0.9686195664,0.03138043359,high,0,0
m2_oneway,17,2,34,4d0345fde865563ce1b8a378bb4f763097083ca5ab32f7ddf46c2f6159f1dec2,t5,8,high,0.9437636584,0.0562363416,high,0,0
m2_oneway,17,2,34,4d0345fde865563ce1b8a378bb4f763097083ca5ab32f7ddf46c2f6159f1dec2,t10,18,high,0.9136765152,0.08632348478,high,0,0
m2_oneway,17,2,34,4d0345fde865563ce1b8a378bb4f763097083ca5ab32f7ddf46c2f6159f1dec2,t20,38,high,0.9801292866,0.01987071335,high,0,0
m2_oneway,17,2,34,4d0345fde865563ce1b8a378bb4f763097083ca5ab32f7ddf46c2f6159f1dec2,full,116,high,0.8479677588,0.1520322412,high,0,0
m2_oneway,17,2,36,a89e21c5a35df9846708875b550aedadb0962eeaf4b3c7f3348dec0322cd9dde,t3,4,high,0.3768524528,0.6231475472,low,0,0
m2_oneway,17,2,36,a89e21c5a35df9846708875b550aedadb0962eeaf4b3c7f3348dec0322cd9dde,t5,8,high,0.4267993569,0.5732006431,low,0,0
m2_oneway,17,2,36,a89e21c5a35df9846708875b550aedadb0962eeaf4b3c7f3348dec0322cd9dde,t10,18,high,0.660911411,0.339088589,high,0,0
m2_oneway,17,2,36,a89e21c5a35df9846708875b550aedadb0962eeaf4b3c7f3348dec0322cd9dde,t20,38,high,0.6693126857,0.3306873143,high,0,0
m2_oneway,17,2,36,a89e21c5a35df9846708875b550aedadb0962eeaf4b3c7f3348dec0322cd9dde,full,314,high,0.4902356267,0.5097643733,low,0,0
m2_oneway,17,2,38,f8b9c28f12c90d87138212f431c9300e394af58c1dc90d970ba183af36ca0387,t3,4,high,0.9348724484,0.06512755156,high,0,0
m2_oneway,17,2,38,f8b9c28f12c90d87138212f431c9300e394af58c1dc90d970ba183af36ca0387,t5,8,high,0.9768465888,0.02315341122,high,0,0
m2_oneway,17,2,38,f8b9c28f12c90d87138212f431c9300e394af58c1dc90d970ba183af36ca0387,t10,18,high,0.9073122218,0.09268777817,high,0,0
m2_oneway,17,2,38,f8b9c28f12c90d87138212f431c9300e394af58c1dc90d970ba183af36ca0387,t20,38,high,0.9043130577,0.09568694234,high,0,0
m2_oneway,17,2,38,f8b9c28f12c90d87138212f431c9300e394af58c1dc90d970ba183af36ca0387,full,93,high,0.6638869047,0.3361130953,high,0,0
m2_oneway,17,2,49,b34ee56525d88d8c5edbedc83cfaa246ebf13d655186bfb0a26192ae67847925,t3,4,high,0.8654800951,0.1345199049,high,0,0
m2_oneway,17,2,49,b34ee56525d88d8c5edbedc83cfaa246ebf13d655186bfb0a26192ae67847925,t5,8,high,0.9111797139,0.0888202861,high,0,0
m2_oneway,17,2,49,b34ee56525d88d8c5edbedc83cfaa246ebf13d655186bfb0a26192ae67847925,t10,18,high,0.7680379897,0.2319620103,high,0,0
m2_oneway,17,2,49,b34ee56525d88d8c5edbedc83cfaa246ebf13d655186bfb0a26192ae67847925,t20,38,high,0.7049732208,0.2950267792,high,0,0
m2_oneway,17,2,49,b34ee56525d88d8c5edbedc83cfaa246ebf13d655186bfb0a26192ae67847925,full,180,high,0.6095241606,0.3904758394,high,0,0
m2_oneway,17,2,51,27f7b9a233b232d09dc5463937c8150e848bebb9f9c3eac2cd6d18cd0a0a0663,t3,4,high,0.3015676737,0.6984323263,low,0,0
m2_oneway,17,2,51,27f7b9a233b232d09dc5463937c8150e848bebb9f9c3eac2cd6d18cd0a0a0663,t5,8,high,0.1246385574,0.8753614426,low,0,0
m2_oneway,17,2,51,27f7b9a233b232d09dc5463937c8150e848bebb9f9c3eac2cd6d18cd0a0a0663,full,14,high,0.5593501925,0.4406498075,high,0,0
m2_oneway,17,2,54,cab87913f73e8349723b3aa09815de16104f7e933d850478367538de727d8d66,t3,4,high,0.6577582955,0.3422417045,high,0,0
m2_oneway,17,2,54,cab87913f73e8349723b3aa09815de16104f7e933d850478367538de727d8d66,t5,8,high,0.5428632498,0.4571367502,high,0,0
m2_oneway,17,2,54,cab87913f73e8349723b3aa09815de16104f7e933d850478367538de727d8d66,t10,18,high,0.5746931434,0.4253068566,high,0,0
m2_oneway,17,2,54,cab87913f73e8349723b3aa09815de16104f7e933d850478367538de727d8d66,t20,38,high,0.4606528282,0.5393471718,low,0,0
m2_oneway,17,2,54,cab87913f73e8349723b3aa09815de16104f7e933d850478367538de727d8d66,full,40,high,0.3872267604,0.6127732396,low,0,0
m2_oneway,17,2,61,d18cd2cb8f3969cbf6af794d14828afbbd325bed84b28f6fb6cfa887be2c8b28,t3,4,high,0.6535692811,0.3464307189,high,0,0
m2_oneway,17,2,61,d18cd2cb8f3969cbf6af794d14828afbbd325bed84b28f6fb6cfa887be2c8b28,t5,8,high,0.8095772564,0.1904227436,high,0,0
m2_oneway,17,2,61,d18cd2cb8f3969cbf6af794d14828afbbd325bed84b28f6fb6cfa887be2c8b28,t10,18,high,0.9059898108,0.09401018918,high,0,0
m2_oneway,17,2,61,d18cd2cb8f3969cbf6af794d14828afbbd325bed84b28f6fb6cfa887be2c8b28,t20,38,high,0.8707621992,0.1292378008,high,0,0
m2_oneway,17,2,61,d18cd2cb8f3969cbf6af794d14828afbbd325bed84b28f6fb6cfa887be2c8b28,full,124,high,0.5590493083,0.4409506917,high,0,0
m2_oneway,17,2,63,f34b655729f9e067daf58741bbef87d6babc75e70cc02335a66a9a7f2a41110f,t3,4,high,0.1377643347,0.8622356653,low,0,0
m2_oneway,17,2,63,f34b655729f9e067daf58741bbef87d6babc75e70cc02335a66a9a7f2a41110f,t5,8,high,0.2731863856,0.7268136144,low,0,0
m2_oneway,17,2,63,f34b655729f9e067daf58741bbef87d6babc75e70cc02335a66a9a7f2a41110f,t10,18,high,0.6020615995,0.3979384005,high,0,0
m2_oneway,17,2,63,f34b655729f9e067daf58741bbef87d6babc75e70cc02335a66a9a7f2a41110f,t20,38,high,0.4205995798,0.5794004202,low,0,0
m2_oneway,17,2,63,f34b655729f9e067daf58741bbef87d6babc75e70cc02335a66a9a7f2a41110f,full,58,high,0.1755381227,0.8244618773,low,0,0
m2_oneway,17,2,76,ef2a499f1eb631d0fe82020b23b6b033d935130d3181bd0d4fd2f4fcd23925a8,t3,5,high,0.6173973083,0.3826026917,high,0,0
m2_oneway,17,2,76,ef2a499f1eb631d0fe82020b23b6b033d935130d3181bd0d4fd2f4fcd23925a8,t5,9,high,0.9653811604,0.03461883962,high,0,0
m2_oneway,17,2,76,ef2a499f1eb631d0fe82020b23b6b033d935130d3181bd0d4fd2f4fcd23925a8,t10,19,high,0.863391608,0.136608392,high,0,0
m2_oneway,17,2,76,ef2a499f1eb631d0fe82020b23b6b033d935130d3181bd0d4fd2f4fcd23925a8,t20,41,high,0.9618217237,0.03817827627,high,0,0
m2_oneway,17,2,76,ef2a499f1eb631d0fe82020b23b6b033d935130d3181bd0d4fd2f4fcd23925a8,full,67,high,0.7869504541,0.2130495459,high,0,0
m2_oneway,17,2,85,362ca8248798f8db4ad596d5ff5d5b21969fb1d0b5d6bc5479eb390815d04099,t3,4,high,0.8791467696,0.1208532304,high,0,0
m2_oneway,17,2,85,362ca8248798f8db4ad596d5ff5d5b21969fb1d0b5d6bc5479eb390815d04099,t5,8,high,0.9167080671,0.08329193294,high,0,0
m2_oneway,17,2,85,362ca8248798f8db4ad596d5ff5d5b21969fb1d0b5d6bc5479eb390815d04099,t10,18,high,0.7166154087,0.2833845913,high,0,0
m2_oneway,17,2,85,362ca8248798f8db4ad596d5ff5d5b21969fb1d0b5d6bc5479eb390815d04099,t20,38,high,0.8787311316,0.1212688684,high,0,0
m2_oneway,17,2,85,362ca8248798f8db4ad596d5ff5d5b21969fb1d0b5d6bc5479eb390815d04099,full,130,high,0.8134607822,0.1865392178,high,0,0
m2_oneway,17,2,88,9bc4482343f7ed28b44b9319b09ff19b55a18cac47392ae5ffba13a1bbc7d262,t3,5,high,0.8137569726,0.1862430274,high,0,0
m2_oneway,17,2,88,9bc4482343f7ed28b44b9319b09ff19b55a18cac47392ae5ffba13a1bbc7d262,t5,9,high,0.8661324978,0.1338675022,high,0,0
m2_oneway,17,2,88,9bc4482343f7ed28b44b9319b09ff19b55a18cac47392ae5ffba13a1bbc7d262,t10,19,high,0.3602639437,0.6397360563,low,0,0
m2_oneway,17,2,88,9bc4482343f7ed28b44b9319b09ff19b55a18cac47392ae5ffba13a1bbc7d262,t20,39,high,0.5126926005,0.4873073995,high,0,0
m2_oneway,17,2,88,9bc4482343f7ed28b44b9319b09ff19b55a18cac47392ae5ffba13a1bbc7d262,full,67,high,0.6573185027,0.3426814973,high,0,0
m2_oneway,17,2,92,f2052231c80a312cdf52e119479c078cd5bcaf12bb92c3ed0366740e77e1ee5f,t3,4,low,0.6499119699,0.3500880301,high,0,0
m2_oneway,17,2,92,f2052231c80a312cdf52e119479c078cd5bcaf12bb92c3ed0366740e77e1ee5f,t5,8,low,0.07807821035,0.9219217896,low,0,0
m2_oneway,17,2,92,f2052231c80a312cdf52e119479c078cd5bcaf12bb92c3ed0366740e77e1ee5f,full,12,low,0.2040245533,0.7959754467,low,0,0
m2_oneway,17,2,107,987ebbea8e2f88d7ae24bb995fb1683cfcf43e60da1c73db60f86e9c6f759ec0,t3,4,high,0.4120569229,0.5879430771,low,0,0
m2_oneway,17,2,107,987ebbea8e2f88d7ae24bb995fb1683cfcf43e60da1c73db60f86e9c6f759ec0,t5,8,high,0.4026269913,0.5973730087,low,0,0
m2_oneway,17,2,107,987ebbea8e2f88d7ae24bb995fb1683cfcf43e60da1c73db60f86e9c6f759ec0,full,16,high,0.4172714949,0.5827285051,low,0,0
m2_oneway,17,2,113,43e3f532b331904b4b75e22e482cffcf7410e15e086662ebc1b0f2d324f2c640,t3,4,high,0.4868194461,0.5131805539,low,0,0
m2_oneway,17,2,113,43e3f532b331904b4b75e22e482cffcf7410e15e086662ebc1b0f2d324f2c640,t5,8,high,0.8338664472,0.1661335528,high,0,0
m2_oneway,17,2,113,43e3f532b331904b4b75e22e482cffcf7410e15e086662ebc1b0f2d324f2c640,t10,18,high,0.884837769,0.115162231,high,0,0
m2_oneway,17,2,113,43e3f532b331904b4b75e22e482cffcf7410e15e086662ebc1b0f2d324f2c640,t20,38,high,0.7356416583,0.2643583417,high,0,0
m2_oneway,17,2,113,43e3f532b331904b4b75e22e482cffcf7410e15e086662ebc1b0f2d324f2c640,full,48,high,0.4072155356,0.5927844644,low,0,0
m2_oneway,17,2,120,6138bfa37d6d45417e27c6225b1b5c3d451845f9afd2be1af047243d1934f16d,t3,4,high,0.4653875232,0.5346124768,low,0,0
m2_oneway,17,2,120,6138bfa37d6d45417e27c6225b1b5c3d451845f9afd2be1af047243d1934f16d,t5,8,high,0.3223260045,0.6776739955,low,0,0
m2_oneway,17,2,120,6138bfa37d6d45417e27c6225b1b5c3d451845f9afd2be1af047243d1934f16d,t10,18,high,0.61277318,0.38722682,high,0,0
m2_oneway,17,2,120,6138bfa37d6d45417e27c6225b1b5c3d451845f9afd2be1af047243d1934f16d,full,30,high,0.5898345113,0.4101654887,high,0,0
m2_oneway,17,2,126,3d9bb96a31d14f722edff4380172cc0eda5a2e2aab8847223fead188adfe3bae,t3,4,low,0.2056150436,0.7943849564,low,0,0
m2_oneway,17,2,126,3d9bb96a31d14f722edff4380172cc0eda5a2e2aab8847223fead188adfe3bae,t5,8,low,0.2970619798,0.7029380202,low,0,0
m2_oneway,17,2,126,3d9bb96a31d14f722edff4380172cc0eda5a2e2aab8847223fead188adfe3bae,t10,17,low,0.1124050617,0.8875949383,low,0,0
m2_oneway,17,2,126,3d9bb96a31d14f722edff4380172cc0eda5a2e2aab8847223fead188adfe3bae,t20,36,low,0.09653532505,0.9034646749,low,0,0
m2_oneway,17,2,126,3d9bb96a31d14f722edff4380172cc0eda5a2e2aab8847223fead188adfe3bae,full,63,low,0.1707844138,0.8292155862,low,0,0
m2_oneway,17,2,129,b43f9bef2ea9be7d5c83147f704d1ec9e88508b7c90558944b551a63d6646376,t3,5,high,0.9544779956,0.04552200437,high,0,0
m2_oneway,17,2,129,b43f9bef2ea9be7d5c83147f704d1ec9e88508b7c90558944b551a63d6646376,t5,9,high,0.9118099511,0.08819004893,high,0,0
m2_oneway,17,2,129,b43f9bef2ea9be7d5c83147f704d1ec9e88508b7c90558944b551a63d6646376,t10,19,high,0.9039745033,0.09602549672,high,0,0
m2_oneway,17,2,129,b43f9bef2ea9be7d5c83147f704d1ec9e88508b7c90558944b551a63d6646376,full,35,high,0.8074606359,0.1925393641,high,0,0
m3_discounted,17,2,2,fdf67d2c42795b9d06e986a20b48e2b2bee751e8cdf4fd17e3571edec7df7c1a,t3,4,high,0.7403559387,0.2596440613,high,0.7462180257,0.0266201105
m3_discounted,17,2,2,fdf67d2c42795b9d06e986a20b48e2b2bee751e8cdf4fd17e3571edec7df7c1a,t5,8,high,0.7446514368,0.2553485632,high,1.087746739,0.03040002845
m3_discounted,17,2,2,fdf67d2c42795b9d06e986a20b48e2b2bee751e8cdf4fd17e3571edec7df7c1a,t10,18,high,0.7012439668,0.2987560332,high,2.4220891,0.06682519615
m3_discounted,17,2,2,fdf67d2c42795b9d06e986a20b48e2b2bee751e8cdf4fd17e3571edec7df7c1a,full,34,high,0.635577023,0.364422977,high,5.577812195,0.09747730196
m3_discounted,17,2,4,191639dd25fcde7c7a679eb592d24f8b509b2039411c660a67c8a93f8157923d,t3,4,high,0.7080407441,0.2919592559,high,1.189023972,0.006796021946
m3_discounted,17,2,4,191639dd25fcde7c7a679eb592d24f8b509b2039411c660a67c8a93f8157923d,t5,8,high,0.6749708056,0.3250291944,high,2.09552002,0.032088615
m3_discounted,17,2,4,191639dd25fcde7c7a679eb592d24f8b509b2039411c660a67c8a93f8157923d,t10,18,high,0.6355549693,0.3644450307,high,4.214176655,0.08218792081
m3_discounted,17,2,4,191639dd25fcde7c7a679eb592d24f8b509b2039411c660a67c8a93f8157923d,t20,38,high,0.5985938907,0.4014061093,high,8.940623283,0.09155971557
m3_discounted,17,2,4,191639dd25fcde7c7a679eb592d24f8b509b2039411c660a67c8a93f8157923d,full,58,high,0.5912915766,0.4087084234,high,13.70174313,0.1224082783
m3_discounted,17,2,10,4726c5a5ef83880ea58dc9be0d5526992a63d81a7158a7290accb6ea90e2f24e,t3,4,low,0.7135431468,0.2864568532,high,1.102133512,0.02213126048
m3_discounted,17,2,10,4726c5a5ef83880ea58dc9be0d5526992a63d81a7158a7290accb6ea90e2f24e,t5,8,low,0.6784419417,0.3215580583,high,2.039784908,0.01355375815
m3_discounted,17,2,10,4726c5a5ef83880ea58dc9be0d5526992a63d81a7158a7290accb6ea90e2f24e,full,10,low,0.6643240452,0.3356759548,high,2.522031307,0.003856710158
m3_discounted,17,2,13,33d5eab0e55967cc9ef6294d07c71894b7c8ccead9f3b75d9c24963ff08f8a5b,t3,4,high,0.7044843733,0.2955156267,high,1.219595194,0.008745840751
m3_discounted,17,2,13,33d5eab0e55967cc9ef6294d07c71894b7c8ccead9f3b75d9c24963ff08f8a5b,t5,8,high,0.6701053679,0.3298946321,high,2.195951939,-0.005443862639
m3_discounted,17,2,13,33d5eab0e55967cc9ef6294d07c71894b7c8ccead9f3b75d9c24963ff08f8a5b,full,12,high,0.6449197829,0.3550802171,high,3.174682617,-0.01452773623
m3_discounted,17,2,15,9a33ea59a66d49ff7cc5e5ae9beb979f48b38e35157bca2ebd07bf99649f623d,t3,4,low,0.7420590222,0.2579409778,high,0.7910043001,0.007011434063
m3_discounted,17,2,15,9a33ea59a66d49ff7cc5e5ae9beb979f48b38e35157bca2ebd07bf99649f623d,t5,8,low,0.693825841,0.306174159,high,1.759856224,-0.005448910408
m3_discounted,17,2,15,9a33ea59a66d49ff7cc5e5ae9beb979f48b38e35157bca2ebd07bf99649f623d,t10,18,low,0.6293437481,0.3706562519,high,4.21664381,-0.05500822514
m3_discounted,17,2,15,9a33ea59a66d49ff7cc5e5ae9beb979f48b38e35157bca2ebd07bf99649f623d,full,20,low,0.6198313236,0.3801686764,high,4.712412834,-0.04587382078
m3_discounted,17,2,18,b34ee56525d88d8c5edbedc83cfaa246ebf13d655186bfb0a26192ae67847925,t3,4,high,0.7808614075,0.2191385925,high,0.2242532372,0.02180458233
m3_discounted,17,2,18,b34ee56525d88d8c5edbedc83cfaa246ebf13d655186bfb0a26192ae67847925,t5,8,high,0.7233883739,0.2766116261,high,1.121881008,0.02864837833
m3_discounted,17,2,18,b34ee56525d88d8c5edbedc83cfaa246ebf13d655186bfb0a26192ae67847925,t10,18,high,0.6419721246,0.3580278754,high,3.449555159,0.07298497856
m3_discounted,17,2,18,b34ee56525d88d8c5edbedc83cfaa246ebf13d655186bfb0a26192ae67847925,t20,38,high,0.5986829996,0.4013170004,high,8.158859253,0.112139225
m3_discounted,17,2,18,b34ee56525d88d8c5edbedc83cfaa246ebf13d655186bfb0a26192ae67847925,full,114,high,0.5957852602,0.4042147398,high,26.02314186,0.3293836415
m3_discounted,17,2,20,f9ba5bcb971128ab896d2b887228d6522719aa3c656b131cf236ce80da34d01d,t3,4,high,0.7151118815,0.2848881185,high,1.122097254,-0.0148027949
m3_discounted,17,2,20,f9ba5bcb971128ab896d2b887228d6522719aa3c656b131cf236ce80da34d01d,t5,8,high,0.6957754493,0.3042245507,high,1.865588427,-0.01040753629
m3_discounted,17,2,20,f9ba5bcb971128ab896d2b887228d6522719aa3c656b131cf236ce80da34d01d,t10,18,high,0.6684988737,0.3315011263,high,3.648340225,0.03815386444
m3_discounted,17,2,20,f9ba5bcb971128ab896d2b887228d6522719aa3c656b131cf236ce80da34d01d,t20,38,high,0.6560671628,0.3439328372,high,7.178256035,0.07202509791
m3_discounted,17,2,20,f9ba5bcb971128ab896d2b887228d6522719aa3c656b131cf236ce80da34d01d,full,46,high,0.6168968081,0.3831031919,high,9.117805481,0.07621080428
m3_discounted,17,2,25,ddb02d91bd18c3c662df1f33661d602d12020d6cf678bab7cb298f4055fca93b,t3,4,high,0.7704119086,0.2295880914,high,0.3830811977,0.03816576675
m3_discounted,17,2,25,ddb02d91bd18c3c662df1f33661d602d12020d6cf678bab7cb298f4055fca93b,t5,8,high,0.7603576332,0.2396423668,high,0.7164651155,0.04659675807
m3_discounted,17,2,25,ddb02d91bd18c3c662df1f33661d602d12020d6cf678bab7cb298f4055fca93b,t10,18,high,0.6997712851,0.3002287149,high,2.24597621,0.1014014781
m3_discounted,17,2,25,ddb02d91bd18c3c662df1f33661d602d12020d6cf678bab7cb298f4055fca93b,full,32,high,0.6714398563,0.3285601437,high,4.544233322,0.1516951174
m3_discounted,17,2,28,487d0abed001c9f2a355dcc6490f2cf7f1354bf99dbe74fb40e1739122af3c2b,t3,4,high,0.7265855372,0.2734144628,high,0.9815397263,0.03212126717
m3_discounted,17,2,28,487d0abed001c9f2a355dcc6490f2cf7f1354bf99dbe74fb40e1739122af3c2b,t5,8,high,0.744599998,0.255400002,high,1.26101625,0.03287252784
m3_discounted,17,2,28,487d0abed001c9f2a355dcc6490f2cf7f1354bf99dbe74fb40e1739122af3c2b,t10,18,high,0.6691144407,0.3308855593,high,3.217222929,0.03117905185
m3_discounted,17,2,28,487d0abed001c9f2a355dcc6490f2cf7f1354bf99dbe74fb40e1739122af3c2b,t20,38,high,0.6067318618,0.3932681382,high,7.799360275,0.09363423288
m3_discounted,17,2,28,487d0abed001c9f2a355dcc6490f2cf7f1354bf99dbe74fb40e1739122af3c2b,full,122,high,0.6010156572,0.3989843428,high,27.0012989,0.3360745907
m3_discounted,17,2,29,9459f1cceef9869f5ee5d550f4d0153a7cdf2e59b9bd8cc5f372969252fde2ca,t3,4,high,0.7615699023,0.2384300977,high,0.4888269603,-0.008159279823
m3_discounted,17,2,29,9459f1cceef9869f5ee5d550f4d0153a7cdf2e59b9bd8cc5f372969252fde2ca,t5,7,high,0.7199444473,0.2800555527,high,1.203341484,-0.02509771101
m3_discounted,17,2,29,9459f1cceef9869f5ee5d550f4d0153a7cdf2e59b9bd8cc5f372969252fde2ca,t10,17,high,0.6365225613,0.3634774387,high,3.648246288,-0.03594046831
m3_discounted,17,2,29,9459f1cceef9869f5ee5d550f4d0153a7cdf2e59b9bd8cc5f372969252fde2ca,t20,37,high,0.5946451724,0.4053548276,high,8.444519043,-0.0171863921
m3_discounted,17,2,29,9459f1cceef9869f5ee5d550f4d0153a7cdf2e59b9bd8cc5f372969252fde2ca,full,37,high,0.5946451724,0.4053548276,high,8.444519043,-0.0171863921
m3_discounted,17,2,34,4d0345fde865563ce1b8a378bb4f763097083ca5ab32f7ddf46c2f6159f1dec2,t3,4,high,0.7516659498,0.2483340502,high,0.7175906897,0.0003278855293
m3_discounted,17,2,34,4d0345fde865563ce1b8a378bb4f763097083ca5ab32f7ddf46c2f6159f1dec2,t5,8,high,0.7286156714,0.2713843286,high,1.299240708,-0.0005517478567
m3_discounted,17,2,34,4d0345fde865563ce1b8a378bb4f763097083ca5ab32f7ddf46c2f6159f1dec2,t10,18,high,0.7069300711,0.2930699289,high,2.683841705,0.005075944122
m3_discounted,17,2,34,4d0345fde865563ce1b8a378bb4f763097083ca5ab32f7ddf46c2f6159f1dec2,t20,38,high,0.7593319714,0.2406680286,high,4.039268017,0.04171805829
m3_discounted,17,2,34,4d0345fde865563ce1b8a378bb4f763097083ca5ab32f7ddf46c2f6159f1dec2,full,116,high,0.6392604709,0.3607395291,high,11.14305687,0.1147925034
m3_discounted,17,2,36,a89e21c5a35df9846708875b550aedadb0962eeaf4b3c7f3348dec0322cd9dde,t3,4,high,0.7038491368,0.2961508632,high,1.190205336,0.03986565024
m3_discounted,17,2,36,a89e21c5a35df9846708875b550aedadb0962eeaf4b3c7f3348dec0322cd9dde,t5,8,high,0.6686995625,0.3313004375,high,2.149837494,0.05245694518
m3_discounted,17,2,36,a89e21c5a35df9846708875b550aedadb0962eeaf4b3c7f3348dec0322cd9dde,t10,18,high,0.6197178364,0.3802821636,high,4.53824091,0.08449897915
m3_discounted,17,2,36,a89e21c5a35df9846708875b550aedadb0962eeaf4b3c7f3348dec0322cd9dde,t20,38,high,0.5950547755,0.4049452245,high,9.26537323,0.1678394526
m3_discounted,17,2,36,a89e21c5a35df9846708875b550aedadb0962eeaf4b3c7f3348dec0322cd9dde,full,314,high,0.5831803083,0.4168196917,high,74.16893005,0.9778885841
m3_discounted,17,2,38,f8b9c28f12c90d87138212f431c9300e394af58c1dc90d970ba183af36ca0387,t3,4,high,0.7531735003,0.2468264997,high,0.6747170091,0.005437540356
m3_discounted,17,2,38,f8b9c28f12c90d87138212f431c9300e394af58c1dc90d970ba183af36ca0387,t5,8,high,0.7616110891,0.2383889109,high,0.9057281017,0.00737396488
m3_discounted,17,2,38,f8b9c28f12c90d87138212f431c9300e394af58c1dc90d970ba183af36ca0387,t10,18,high,0.793583855,0.206416145,high,0.707172513,0.02556533366
m3_discounted,17,2,38,f8b9c28f12c90d87138212f431c9300e394af58c1dc90d970ba183af36ca0387,t20,38,high,0.666579932,0.333420068,high,4.399259567,0.03959870338
m3_discounted,17,2,38,f8b9c28f12c90d87138212f431c9300e394af58c1dc90d970ba183af36ca0387,full,93,high,0.5890336931,0.4109663069,high,17.15890694,0.1095700935
m3_discounted,17,2,49,b34ee56525d88d8c5edbedc83cfaa246ebf13d655186bfb0a26192ae67847925,t3,4,high,0.7372381985,0.2627618015,high,0.8447192907,0.03559810296
m3_discounted,17,2,49,b34ee56525d88d8c5edbedc83cfaa246ebf13d655186bfb0a26192ae67847925,t5,8,high,0.7128085792,0.2871914208,high,1.550228477,0.03900548816
m3_discounted,17,2,49,b34ee56525d88d8c5edbedc83cfaa246ebf13d655186bfb0a26192ae67847925,t10,18,high,0.637477994,0.362522006,high,3.903613806,0.05317301303
m3_discounted,17,2,49,b34ee56525d88d8c5edbedc83cfaa246ebf13d655186bfb0a26192ae67847925,t20,38,high,0.6021400392,0.3978599608,high,8.504946709,0.1428505778
m3_discounted,17,2,49,b34ee56525d88d8c5edbedc83cfaa246ebf13d655186bfb0a26192ae67847925,full,180,high,0.5882347822,0.4117652178,high,40.682827,0.5678107142
m3_discounted,17,2,51,27f7b9a233b232d09dc5463937c8150e848bebb9f9c3eac2cd6d18cd0a0a0663,t3,4,high,0.7210042179,0.2789957821,high,0.9842092991,0.03447970003
m3_discounted,17,2,51,27f7b9a233b232d09dc5463937c8150e848bebb9f9c3eac2cd6d18cd0a0a0663,t5,8,high,0.6781433225,0.3218566775,high,1.960224867,0.04124132916
m3_discounted,17,2,51,27f7b9a233b232d09dc5463937c8150e848bebb9f9c3eac2cd6d18cd0a0a0663,full,14,high,0.6369533837,0.3630466163,high,3.433620214,0.05437178165
m3_discounted,17,2,54,cab87913f73e8349723b3aa09815de16104f7e933d850478367538de727d8d66,t3,4,high,0.705925554,0.294074446,high,1.19136095,0.02324444242
m3_discounted,17,2,54,cab87913f73e8349723b3aa09815de16104f7e933d850478367538de727d8d66,t5,8,high,0.6772332489,0.3227667511,high,2.061296225,0.03267770261
m3_discounted,17,2,54,cab87913f73e8349723b3aa09815de16104f7e933d850478367538de727d8d66,t10,18,high,0.6238513589,0.3761486411,high,4.43951416,0.0508466512
m3_discounted,17,2,54,cab87913f73e8349723b3aa09815de16104f7e933d850478367538de727d8d66,t20,38,high,0.5945075452,0.4054924548,high,9.22719574,0.05911485851
m3_discounted,17,2,54,cab87913f73e8349723b3aa09815de16104f7e933d850478367538de727d8d66,full,40,high,0.591758579,0.408241421,high,9.718344688,0.06730621308
m3_discounted,17,2,61,d18cd2cb8f3969cbf6af794d14828afbbd325bed84b28f6fb6cfa887be2c8b28,t3,4,high,0.7070223093,0.2929776907,high,1.212259293,-0.01302018017
m3_discounted,17,2,61,d18cd2cb8f3969cbf6af794d14828afbbd325bed84b28f6fb6cfa887be2c8b28,t5,8,high,0.6689057052,0.3310942948,high,2.188355923,0.003173217643
m3_discounted,17,2,61,d18cd2cb8f3969cbf6af794d14828afbbd325bed84b28f6fb6cfa887be2c8b28,t10,18,high,0.6693456173,0.3306543827,high,3.869541168,0.02565908991
m3_discounted,17,2,61,d18cd2cb8f3969cbf6af794d14828afbbd325bed84b28f6fb6cfa887be2c8b28,t20,38,high,0.6334335506,0.3665664494,high,7.86036396,0.1207695454
m3_discounted,17,2,61,d18cd2cb8f3969cbf6af794d14828afbbd325bed84b28f6fb6cfa887be2c8b28,full,124,high,0.5898217261,0.4101782739,high,27.59602356,0.3826327622
m3_discounted,17,2,63,f34b655729f9e067daf58741bbef87d6babc75e70cc02335a66a9a7f2a41110f,t3,4,high,0.7026462555,0.2973537445,high,1.222960114,0.02096858807
m3_discounted,17,2,63,f34b655729f9e067daf58741bbef87d6babc75e70cc02335a66a9a7f2a41110f,t5,8,high,0.6692113876,0.3307886124,high,2.165000439,0.03823797777
m3_discounted,17,2,63,f34b655729f9e067daf58741bbef87d6babc75e70cc02335a66a9a7f2a41110f,t10,18,high,0.6307484508,0.3692515492,high,4.415681839,0.09192334861
m3_discounted,17,2,63,f34b655729f9e067daf58741bbef87d6babc75e70cc02335a66a9a7f2a41110f,t20,38,high,0.5930354297,0.4069645703,high,9.157879829,0.1257143319
m3_discounted,17,2,63,f34b655729f9e067daf58741bbef87d6babc75e70cc02335a66a9a7f2a41110f,full,58,high,0.5865865648,0.4134134352,high,13.96384048,0.190721944
m3_discounted,17,2,76,ef2a499f1eb631d0fe82020b23b6b033d935130d3181bd0d4fd2f4fcd23925a8,t3,5,high,0.7127312422,0.2872687578,high,1.230112195,0.0392839238
m3_discounted,17,2,76,ef2a499f1eb631d0fe82020b23b6b033d935130d3181bd0d4fd2f4fcd23925a8,t5,9,high,0.722214967,0.277785033,high,1.656505466,0.04888796434
m3_discounted,17,2,76,ef2a499f1eb631d0fe82020b23b6b033d935130d3181bd0d4fd2f4fcd23925a8,t10,19,high,0.7088036239,0.2911963761,high,2.765021086,0.1217574999
m3_discounted,17,2,76,ef2a499f1eb631d0fe82020b23b6b033d935130d3181bd0d4fd2f4fcd23925a8,t20,41,high,0.6730574667,0.3269425333,high,5.995058537,0.1534634382
m3_discounted,17,2,76,ef2a499f1eb631d0fe82020b23b6b033d935130d3181bd0d4fd2f4fcd23925a8,full,67,high,0.6137906909,0.3862093091,high,11.4850769,0.1919077039
m3_discounted,17,2,85,362ca8248798f8db4ad596d5ff5d5b21969fb1d0b5d6bc5479eb390815d04099,t3,4,high,0.718426317,0.281573683,high,1.105178356,-0.00654637441
m3_discounted,17,2,85,362ca8248798f8db4ad596d5ff5d5b21969fb1d0b5d6bc5479eb390815d04099,t5,8,high,0.6881676912,0.3118323088,high,1.970236421,-0.007968584076
m3_discounted,17,2,85,362ca8248798f8db4ad596d5ff5d5b21969fb1d0b5d6bc5479eb390815d04099,t10,18,high,0.6350705326,0.3649294674,high,4.226596832,-0.0003637373447
m3_discounted,17,2,85,362ca8248798f8db4ad596d5ff5d5b21969fb1d0b5d6bc5479eb390815d04099,t20,38,high,0.6068589389,0.3931410611,high,8.774475098,0.07480690628
m3_discounted,17,2,85,362ca8248798f8db4ad596d5ff5d5b21969fb1d0b5d6bc5479eb390815d04099,full,130,high,0.5943783224,0.4056216776,high,29.95269012,0.2964760661
m3_discounted,17,2,88,9bc4482343f7ed28b44b9319b09ff19b55a18cac47392ae5ffba13a1bbc7d262,t3,5,high,0.7475836277,0.2524163723,high,0.7371994853,0.007226807531
m3_discounted,17,2,88,9bc4482343f7ed28b44b9319b09ff19b55a18cac47392ae5ffba13a1bbc7d262,t5,9,high,0.7353797257,0.2646202743,high,1.247226596,0.02733771689
m3_discounted,17,2,88,9bc4482343f7ed28b44b9319b09ff19b55a18cac47392ae5ffba13a1bbc7d262,t10,19,high,0.6727005243,0.3272994757,high,3.171383381,0.07485482097
m3_discounted,17,2,88,9bc4482343f7ed28b44b9319b09ff19b55a18cac47392ae5ffba13a1bbc7d262,t20,39,high,0.6151332557,0.3848667443,high,7.176372528,0.1602904499
m3_discounted,17,2,88,9bc4482343f7ed28b44b9319b09ff19b55a18cac47392ae5ffba13a1bbc7d262,full,67,high,0.6078539789,0.3921460211,high,13.25021839,0.1989846528
m3_discounted,17,2,92,f2052231c80a312cdf52e119479c078cd5bcaf12bb92c3ed0366740e77e1ee5f,t3,4,low,0.7096693218,0.2903306782,high,1.16686058,0.00229882868
m3_discounted,17,2,92,f2052231c80a312cdf52e119479c078cd5bcaf12bb92c3ed0366740e77e1ee5f,t5,8,low,0.6771425009,0.3228574991,high,2.103876829,-0.01732870191
m3_discounted,17,2,92,f2052231c80a312cdf52e119479c078cd5bcaf12bb92c3ed0366740e77e1ee5f,full,12,low,0.6479130983,0.3520869017,high,3.087258101,-0.0169993639
m3_discounted,17,2,107,987ebbea8e2f88d7ae24bb995fb1683cfcf43e60da1c73db60f86e9c6f759ec0,t3,4,high,0.7461464703,0.2538535297,high,0.719042778,0.02485425398
m3_discounted,17,2,107,987ebbea8e2f88d7ae24bb995fb1683cfcf43e60da1c73db60f86e9c6f759ec0,t5,8,high,0.7159751654,0.2840248346,high,1.396743894,0.05388719961
m3_discounted,17,2,107,987ebbea8e2f88d7ae24bb995fb1683cfcf43e60da1c73db60f86e9c6f759ec0,full,16,high,0.6953107417,0.3046892583,high,2.661994696,0.07012467086
m3_discounted,17,2,113,43e3f532b331904b4b75e22e482cffcf7410e15e086662ebc1b0f2d324f2c640,t3,4,high,0.7071095407,0.2928904593,high,1.183919907,0.01830694824
m3_discounted,17,2,113,43e3f532b331904b4b75e22e482cffcf7410e15e086662ebc1b0f2d324f2c640,t5,8,high,0.7005187869,0.2994812131,high,1.810811996,0.009529414587
m3_discounted,17,2,113,43e3f532b331904b4b75e22e482cffcf7410e15e086662ebc1b0f2d324f2c640,t10,18,high,0.6501257122,0.3498742878,high,3.943584442,0.05455256999
m3_discounted,17,2,113,43e3f532b331904b4b75e22e482cffcf7410e15e086662ebc1b0f2d324f2c640,t20,38,high,0.6559689939,0.3440310061,high,7.668378353,0.1169435605
m3_discounted,17,2,113,43e3f532b331904b4b75e22e482cffcf7410e15e086662ebc1b0f2d324f2c640,full,48,high,0.6141615212,0.3858384788,high,10.0459547,0.1186215058
m3_discounted,17,2,120,6138bfa37d6d45417e27c6225b1b5c3d451845f9afd2be1af047243d1934f16d,t3,4,high,0.7086519897,0.2913480103,high,1.205692172,-0.01940853335
m3_discounted,17,2,120,6138bfa37d6d45417e27c6225b1b5c3d451845f9afd2be1af047243d1934f16d,t5,8,high,0.6740714312,0.3259285688,high,2.16975069,-0.03734701499
m3_discounted,17,2,120,6138bfa37d6d45417e27c6225b1b5c3d451845f9afd2be1af047243d1934f16d,t10,18,high,0.6237983704,0.3762016296,high,4.562713623,-0.05319350213
m3_discounted,17,2,120,6138bfa37d6d45417e27c6225b1b5c3d451845f9afd2be1af047243d1934f16d,full,30,high,0.5974378884,0.4025621116,high,7.494184971,-0.06240738928
m3_discounted,17,2,126,3d9bb96a31d14f722edff4380172cc0eda5a2e2aab8847223fead188adfe3bae,t3,4,low,0.7034468651,0.2965531349,high,1.208330989,0.02439587936
m3_discounted,17,2,126,3d9bb96a31d14f722edff4380172cc0eda5a2e2aab8847223fead188adfe3bae,t5,8,low,0.6682300866,0.3317699134,high,2.17780757,0.02829489484
m3_discounted,17,2,126,3d9bb96a31d14f722edff4380172cc0eda5a2e2aab8847223fead188adfe3bae,t10,17,low,0.6202723086,0.3797276914,high,4.377129555,0.04500304535
m3_discounted,17,2,126,3d9bb96a31d14f722edff4380172cc0eda5a2e2aab8847223fead188adfe3bae,t20,36,low,0.5921546519,0.4078453481,high,8.986011505,0.07181406766
m3_discounted,17,2,126,3d9bb96a31d14f722edff4380172cc0eda5a2e2aab8847223fead188adfe3bae,full,63,low,0.5851793885,0.4148206115,high,15.53326702,0.1450891793
m3_discounted,17,2,129,b43f9bef2ea9be7d5c83147f704d1ec9e88508b7c90558944b551a63d6646376,t3,5,high,0.7611299008,0.2388700992,high,0.6226491928,0.01151037682
m3_discounted,17,2,129,b43f9bef2ea9be7d5c83147f704d1ec9e88508b7c90558944b551a63d6646376,t5,9,high,0.7246066034,0.2753933966,high,1.339891195,0.02977918833
m3_discounted,17,2,129,b43f9bef2ea9be7d5c83147f704d1ec9e88508b7c90558944b551a63d6646376,t10,19,high,0.6800875366,0.3199124634,high,3.106309414,0.05754732341
m3_discounted,17,2,129,b43f9bef2ea9be7d5c83147f704d1ec9e88508b7c90558944b551a63d6646376,full,35,high,0.6375024617,0.3624975383,high,6.20930481,0.08010953665
m1_shared,17,3,7,7fe3d6029ec1e666f41b728458a973e8e2e6924c09046427a23859dcc7b3d75a,t3,4,high,0.833595708,0.166404292,high,0,0
m1_shared,17,3,7,7fe3d6029ec1e666f41b728458a973e8e2e6924c09046427a23859dcc7b3d75a,t5,8,high,0.9759464469,0.02405355312,high,0,0
m1_shared,17,3,7,7fe3d6029ec1e666f41b728458a973e8e2e6924c09046427a23859dcc7b3d75a,t10,18,high,0.9515039958,0.04849600419,high,0,0
m1_shared,17,3,7,7fe3d6029ec1e666f41b728458a973e8e2e6924c09046427a23859dcc7b3d75a,t20,38,high,0.9778834097,0.02211659029,high,0,0
m1_shared,17,3,7,7fe3d6029ec1e666f41b728458a973e8e2e6924c09046427a23859dcc7b3d75a,full,64,high,0.9254997447,0.07450025529,high,0,0
m1_shared,17,3,16,9ae9ab57ccb2a6caf3db84ad0a088385a92d25754e445de6f502929913bf21cd,t3,4,high,0.9978172835,0.002182716504,high,0,0
m1_shared,17,3,16,9ae9ab57ccb2a6caf3db84ad0a088385a92d25754e445de6f502929913bf21cd,t5,8,high,0.9948603888,0.005139611196,high,0,0
m1_shared,17,3,16,9ae9ab57ccb2a6caf3db84ad0a088385a92d25754e445de6f502929913bf21cd,t10,18,high,0.9873750508,0.01262494922,high,0,0
m1_shared,17,3,16,9ae9ab57ccb2a6caf3db84ad0a088385a92d25754e445de6f502929913bf21cd,full,22,high,0.9968763513,0.003123648698,high,0,0
m1_shared,17,3,24,a4713e0a14bb0ef918e89ea267520b745394edf49df0b6e3b5925085b1fca54d,t3,4,high,0.9972423778,0.002757622162,high,0,0
m1_shared,17,3,24,a4713e0a14bb0ef918e89ea267520b745394edf49df0b6e3b5925085b1fca54d,t5,8,high,0.9950177302,0.004982269835,high,0,0
m1_shared,17,3,24,a4713e0a14bb0ef918e89ea267520b745394edf49df0b6e3b5925085b1fca54d,t10,18,high,0.9597620592,0.04023794085,high,0,0
m1_shared,17,3,24,a4713e0a14bb0ef918e89ea267520b745394edf49df0b6e3b5925085b1fca54d,full,20,high,0.9252299592,0.07477004081,high,0,0
m1_shared,17,3,31,c06b9cd1fff25ad6609a4acc440947729eaae556a777669d2c7b83c20f9f8885,t3,4,high,0.6969905496,0.3030094504,high,0,0
m1_shared,17,3,31,c06b9cd1fff25ad6609a4acc440947729eaae556a777669d2c7b83c20f9f8885,t5,8,high,0.0188331008,0.9811668992,low,0,0
m1_shared,17,3,31,c06b9cd1fff25ad6609a4acc440947729eaae556a777669d2c7b83c20f9f8885,t10,18,high,0.710226506,0.289773494,high,0,0
m1_shared,17,3,31,c06b9cd1fff25ad6609a4acc440947729eaae556a777669d2c7b83c20f9f8885,t20,38,high,0.8674854338,0.1325145662,high,0,0
m1_shared,17,3,31,c06b9cd1fff25ad6609a4acc440947729eaae556a777669d2c7b83c20f9f8885,full,54,high,0.06030768156,0.9396923184,low,0,0
m1_shared,17,3,32,8def61f50369c2308d6acc3ec8575794a2970d0f6375eaa51ca8e7e37abccdfd,t3,4,low,0.1175721288,0.8824278712,low,0,0
m1_shared,17,3,32,8def61f50369c2308d6acc3ec8575794a2970d0f6375eaa51ca8e7e37abccdfd,t5,8,low,0.0216152668,0.9783847332,low,0,0
m1_shared,17,3,32,8def61f50369c2308d6acc3ec8575794a2970d0f6375eaa51ca8e7e37abccdfd,full,10,low,0.00600361824,0.9939963818,low,0,0
m1_shared,17,3,33,f76617e906c5e2b96661cf362ca553b76fbb23756e161cf3e0bc86585f03b1a8,t3,4,high,0.9462003559,0.05379964411,high,0,0
m1_shared,17,3,33,f76617e906c5e2b96661cf362ca553b76fbb23756e161cf3e0bc86585f03b1a8,t5,8,high,0.9372107983,0.06278920174,high,0,0
m1_shared,17,3,33,f76617e906c5e2b96661cf362ca553b76fbb23756e161cf3e0bc86585f03b1a8,t10,18,high,0.9507778808,0.04922211915,high,0,0
m1_shared,17,3,33,f76617e906c5e2b96661cf362ca553b76fbb23756e161cf3e0bc86585f03b1a8,t20,38,high,0.9651191123,0.03488088772,high,0,0
m1_shared,17,3,33,f76617e906c5e2b96661cf362ca553b76fbb23756e161cf3e0bc86585f03b1a8,full,76,high,0.9381240159,0.06187598407,high,0,0
m1_shared,17,3,35,9365283497184f82bb514f2ae669c6ec302a1cd4c49f1b9426e48aca0e39eedc,t3,4,high,0.9925393565,0.007460643537,high,0,0
m1_shared,17,3,35,9365283497184f82bb514f2ae669c6ec302a1cd4c49f1b9426e48aca0e39eedc,t5,8,high,0.9921841109,0.007815889083,high,0,0
m1_shared,17,3,35,9365283497184f82bb514f2ae669c6ec302a1cd4c49f1b9426e48aca0e39eedc,t10,18,high,0.9974090208,0.002590979217,high,0,0
m1_shared,17,3,35,9365283497184f82bb514f2ae669c6ec302a1cd4c49f1b9426e48aca0e39eedc,full,34,high,0.9945307253,0.005469274707,high,0,0
m1_shared,17,3,37,9ae9ab57ccb2a6caf3db84ad0a088385a92d25754e445de6f502929913bf21cd,t3,4,high,0.9752018396,0.02479816042,high,0,0
m1_shared,17,3,37,9ae9ab57ccb2a6caf3db84ad0a088385a92d25754e445de6f502929913bf21cd,t5,8,high,0.890294224,0.109705776,high,0,0
m1_shared,17,3,37,9ae9ab57ccb2a6caf3db84ad0a088385a92d25754e445de6f502929913bf21cd,t10,18,high,0.958847113,0.04115288705,high,0,0
m1_shared,17,3,37,9ae9ab57ccb2a6caf3db84ad0a088385a92d25754e445de6f502929913bf21cd,t20,38,high,0.9943580911,0.005641908851,high,0,0
m1_shared,17,3,37,9ae9ab57ccb2a6caf3db84ad0a088385a92d25754e445de6f502929913bf21cd,full,40,high,0.9862576788,0.01374232117,high,0,0
m1_shared,17,3,42,c6f859e97a85d2be55de346ee03396c3284ef33ad2a850cbf47dcf6a86c54f6c,t3,5,high,0.9965165756,0.003483424429,high,0,0
m1_shared,17,3,42,c6f859e97a85d2be55de346ee03396c3284ef33ad2a850cbf47dcf6a86c54f6c,t5,9,high,0.9958660319,0.004133968148,high,0,0
m1_shared,17,3,42,c6f859e97a85d2be55de346ee03396c3284ef33ad2a850cbf47dcf6a86c54f6c,full,13,high,0.9974490877,0.002550912322,high,0,0
m1_shared,17,3,48,c6f859e97a85d2be55de346ee03396c3284ef33ad2a850cbf47dcf6a86c54f6c,t3,5,high,0.9775429443,0.02245705575,high,0,0
m1_shared,17,3,48,c6f859e97a85d2be55de346ee03396c3284ef33ad2a850cbf47dcf6a86c54f6c,t5,9,high,0.9900635816,0.009936418384,high,0,0
m1_shared,17,3,48,c6f859e97a85d2be55de346ee03396c3284ef33ad2a850cbf47dcf6a86c54f6c,t10,19,high,0.9752018396,0.02479816042,high,0,0
m1_shared,17,3,48,c6f859e97a85d2be55de346ee03396c3284ef33ad2a850cbf47dcf6a86c54f6c,full,27,high,0.9950945941,0.00490540592,high,0,0
m1_shared,17,3,52,5f94f96b5558bc44bec41fbfff63a95635edebf6436cf0d7b71bc93bc7e01771,t3,4,high,0.8074606359,0.1925393641,high,0,0
m1_shared,17,3,52,5f94f96b5558bc44bec41fbfff63a95635edebf6436cf0d7b71bc93bc7e01771,t5,8,high,0.6727618575,0.3272381425,high,0,0
m1_shared,17,3,52,5f94f96b5558bc44bec41fbfff63a95635edebf6436cf0d7b71bc93bc7e01771,t10,18,high,0.960657496,0.03934250399,high,0,0
m1_shared,17,3,52,5f94f96b5558bc44bec41fbfff63a95635edebf6436cf0d7b71bc93bc7e01771,full,28,high,0.5107405484,0.4892594516,high,0,0
m1_shared,17,3,56,994bc72760dcfe7fa4dcb4204fd49276c86f3b5d7563bd03968bb98375e50059,t3,4,high,0.9785492681,0.0214507319,high,0,0
m1_shared,17,3,56,994bc72760dcfe7fa4dcb4204fd49276c86f3b5d7563bd03968bb98375e50059,t5,8,high,0.9936116794,0.006388320588,high,0,0
m1_shared,17,3,56,994bc72760dcfe7fa4dcb4204fd49276c86f3b5d7563bd03968bb98375e50059,t10,18,high,0.9949396681,0.005060331896,high,0,0
m1_shared,17,3,56,994bc72760dcfe7fa4dcb4204fd49276c86f3b5d7563bd03968bb98375e50059,t20,38,high,0.9891815521,0.01081844792,high,0,0
m1_shared,17,3,56,994bc72760dcfe7fa4dcb4204fd49276c86f3b5d7563bd03968bb98375e50059,full,174,high,0.9630919322,0.03690806776,high,0,0
m1_shared,17,3,57,c7b0ae9d845b01af28904a49c113db9419434a3a9dc695cbcca773c7377fa099,t3,4,low,0.02779561281,0.9722043872,low,0,0
m1_shared,17,3,57,c7b0ae9d845b01af28904a49c113db9419434a3a9dc695cbcca773c7377fa099,t5,8,low,0.001623034477,0.9983769655,low,0,0
m1_shared,17,3,57,c7b0ae9d845b01af28904a49c113db9419434a3a9dc695cbcca773c7377fa099,t10,18,low,0.00690382719,0.9930961728,low,0,0
m1_shared,17,3,57,c7b0ae9d845b01af28904a49c113db9419434a3a9dc695cbcca773c7377fa099,full,18,low,0.00690382719,0.9930961728,low,0,0
m1_shared,17,3,60,1bde13dd287e1e51682c574ddf4bc7a1b95d777f9e1d189232f7bf3f72b39469,t3,5,high,0.9859363735,0.01406362653,high,0,0
m1_shared,17,3,60,1bde13dd287e1e51682c574ddf4bc7a1b95d777f9e1d189232f7bf3f72b39469,t5,9,high,0.9901401447,0.009859855287,high,0,0
m1_shared,17,3,60,1bde13dd287e1e51682c574ddf4bc7a1b95d777f9e1d189232f7bf3f72b39469,t10,19,high,0.9056565911,0.09434340894,high,0,0
m1_shared,17,3,60,1bde13dd287e1e51682c574ddf4bc7a1b95d777f9e1d189232f7bf3f72b39469,t20,39,high,0.9559813477,0.04401865229,high,0,0
m1_shared,17,3,60,1bde13dd287e1e51682c574ddf4bc7a1b95d777f9e1d189232f7bf3f72b39469,full,93,high,0.9178933725,0.08210662752,high,0,0
m1_shared,17,3,64,d6e67deba46d308b643a1107909d71a35621984b374efe6ed5b28181298c665a,t3,4,high,0.9591542818,0.04084571823,high,0,0
m1_shared,17,3,64,d6e67deba46d308b643a1107909d71a35621984b374efe6ed5b28181298c665a,t5,8,high,0.9817357212,0.01826427877,high,0,0
m1_shared,17,3,64,d6e67deba46d308b643a1107909d71a35621984b374efe6ed5b28181298c665a,t10,18,high,0.9837225396,0.01627746038,high,0,0
m1_shared,17,3,64,d6e67deba46d308b643a1107909d71a35621984b374efe6ed5b28181298c665a,t20,38,high,0.9880389012,0.01196109876,high,0,0
m1_shared,17,3,64,d6e67deba46d308b643a1107909d71a35621984b374efe6ed5b28181298c665a,full,260,high,0.9890130563,0.01098694373,high,0,0
m1_shared,17,3,72,8a19d0092e222e0168b0240040c7abec5af97377d5f1b3c74d02604cebab64d6,t3,4,low,0.5122046173,0.4877953827,high,0,0
m1_shared,17,3,72,8a19d0092e222e0168b0240040c7abec5af97377d5f1b3c74d02604cebab64d6,t5,8,low,0.9632305354,0.03676946461,high,0,0
m1_shared,17,3,72,8a19d0092e222e0168b0240040c7abec5af97377d5f1b3c74d02604cebab64d6,t10,18,low,0.9793540686,0.02064593136,high,0,0
m1_shared,17,3,72,8a19d0092e222e0168b0240040c7abec5af97377d5f1b3c74d02604cebab64d6,full,30,low,0.8276889324,0.1723110676,high,0,0
m1_shared,17,3,83,9ae9ab57ccb2a6caf3db84ad0a088385a92d25754e445de6f502929913bf21cd,t3,4,high,0.984456352,0.01554364804,high,0,0
m1_shared,17,3,83,9ae9ab57ccb2a6caf3db84ad0a088385a92d25754e445de6f502929913bf21cd,t5,8,high,0.9230391607,0.07696083933,high,0,0
m1_shared,17,3,83,9ae9ab57ccb2a6caf3db84ad0a088385a92d25754e445de6f502929913bf21cd,t10,18,high,0.9579122737,0.04208772629,high,0,0
m1_shared,17,3,83,9ae9ab57ccb2a6caf3db84ad0a088385a92d25754e445de6f502929913bf21cd,t20,38,high,0.9856076641,0.0143923359,high,0,0
m1_shared,17,3,83,9ae9ab57ccb2a6caf3db84ad0a088385a92d25754e445de6f502929913bf21cd,full,126,high,0.9920620061,0.007937993854,high,0,0
m1_shared,17,3,86,1eedaddcb6cc7541fe6072dba97705385a99667255dae60b62dce68c593bc746,t3,5,high,0.9984268879,0.001573112095,high,0,0
m1_shared,17,3,86,1eedaddcb6cc7541fe6072dba97705385a99667255dae60b62dce68c593bc746,t5,9,high,0.9978510507,0.002148949308,high,0,0
m1_shared,17,3,86,1eedaddcb6cc7541fe6072dba97705385a99667255dae60b62dce68c593bc746,t10,19,high,0.9968273169,0.003172683064,high,0,0
m1_shared,17,3,86,1eedaddcb6cc7541fe6072dba97705385a99667255dae60b62dce68c593bc746,t20,39,high,0.9961755162,0.003824483836,high,0,0
m1_shared,17,3,86,1eedaddcb6cc7541fe6072dba97705385a99667255dae60b62dce68c593bc746,full,39,high,0.9961755162,0.003824483836,high,0,0
m1_shared,17,3,95,3196e70c78ec00c569890feff5903b9fd6de1c082f2dcc65de331a676356154b,t3,4,high,0.9949396681,0.005060331896,high,0,0
m1_shared,17,3,95,3196e70c78ec00c569890feff5903b9fd6de1c082f2dcc65de331a676356154b,t5,8,high,0.9959927113,0.00400728872,high,0,0
m1_shared,17,3,95,3196e70c78ec00c569890feff5903b9fd6de1c082f2dcc65de331a676356154b,t10,18,high,0.9969721646,0.003027835395,high,0,0
m1_shared,17,3,95,3196e70c78ec00c569890feff5903b9fd6de1c082f2dcc65de331a676356154b,full,34,high,0.9953181772,0.004681822844,high,0,0
m1_shared,17,3,99,ead3029c1627ceed0bb1941b02d180790ac40d9339381ab591d89b54e95afa5d,t3,4,high,0.9284088016,0.07159119844,high,0,0
m1_shared,17,3,99,ead3029c1627ceed0bb1941b02d180790ac40d9339381ab591d89b54e95afa5d,t5,8,high,0.9746286869,0.0253713131,high,0,0
m1_shared,17,3,99,ead3029c1627ceed0bb1941b02d180790ac40d9339381ab591d89b54e95afa5d,t10,18,high,0.9543079659,0.04569203407,high,0,0
m1_shared,17,3,99,ead3029c1627ceed0bb1941b02d180790ac40d9339381ab591d89b54e95afa5d,full,32,high,0.7424217165,0.2575782835,high,0,0
m1_shared,17,3,105,cbe435389c7fde7dbf7f3f0b08fa24b91bd68569ba4a59eda4fcca3b686eaf60,t3,4,high,0.9629528262,0.03704717383,high,0,0
m1_shared,17,3,105,cbe435389c7fde7dbf7f3f0b08fa24b91bd68569ba4a59eda4fcca3b686eaf60,t5,8,high,0.9901401447,0.009859855287,high,0,0
m1_shared,17,3,105,cbe435389c7fde7dbf7f3f0b08fa24b91bd68569ba4a59eda4fcca3b686eaf60,t10,18,high,0.9947798741,0.005220125895,high,0,0
m1_shared,17,3,105,cbe435389c7fde7dbf7f3f0b08fa24b91bd68569ba4a59eda4fcca3b686eaf60,t20,38,high,0.9863631651,0.01363683492,high,0,0
m1_shared,17,3,105,cbe435389c7fde7dbf7f3f0b08fa24b91bd68569ba4a59eda4fcca3b686eaf60,full,48,high,0.8895288482,0.1104711518,high,0,0
m1_shared,17,3,110,7664ea81b7e714b0d5433004c1fca3512bd7bdabfbe3dd63273d79180fe6d6fa,t3,4,high,0.9953181772,0.004681822844,high,0,0
m1_shared,17,3,110,7664ea81b7e714b0d5433004c1fca3512bd7bdabfbe3dd63273d79180fe6d6fa,t5,8,high,0.9911526451,0.008847354911,high,0,0
m1_shared,17,3,110,7664ea81b7e714b0d5433004c1fca3512bd7bdabfbe3dd63273d79180fe6d6fa,t10,18,high,0.9939024383,0.00609756168,high,0,0
m1_shared,17,3,110,7664ea81b7e714b0d5433004c1fca3512bd7bdabfbe3dd63273d79180fe6d6fa,t20,38,high,0.9970189671,0.002981032943,high,0,0
m1_shared,17,3,110,7664ea81b7e714b0d5433004c1fca3512bd7bdabfbe3dd63273d79180fe6d6fa,full,100,high,0.9925393565,0.007460643537,high,0,0
m1_shared,17,3,114,8def61f50369c2308d6acc3ec8575794a2970d0f6375eaa51ca8e7e37abccdfd,t3,4,high,0.9704646636,0.02953533642,high,0,0
m1_shared,17,3,114,8def61f50369c2308d6acc3ec8575794a2970d0f6375eaa51ca8e7e37abccdfd,t5,8,high,0.9914225154,0.008577484637,high,0,0
m1_shared,17,3,114,8def61f50369c2308d6acc3ec8575794a2970d0f6375eaa51ca8e7e37abccdfd,t10,18,high,0.9861513888,0.01384861115,high,0,0
m1_shared,17,3,114,8def61f50369c2308d6acc3ec8575794a2970d0f6375eaa51ca8e7e37abccdfd,full,22,high,0.7574357092,0.2425642908,high,0,0
m1_shared,17,3,117,b2f1766eb28ea153bd66a13147bee8bb6a783a480a2a5415efd24621d784865e,t3,4,high,0.9946150621,0.00538493786,high,0,0
m1_shared,17,3,117,b2f1766eb28ea153bd66a13147bee8bb6a783a480a2a5415efd24621d784865e,t5,8,high,0.9937100983,0.006289901678,high,0,0
m1_shared,17,3,117,b2f1766eb28ea153bd66a13147bee8bb6a783a480a2a5415efd24621d784865e,t10,18,high,0.9944450748,0.005554925185,high,0,0
m1_shared,17,3,117,b2f1766eb28ea153bd66a13147bee8bb6a783a480a2a5415efd24621d784865e,t20,38,high,0.9516839311,0.04831606895,high,0,0
m1_shared,17,3,117,b2f1766eb28ea153bd66a13147bee8bb6a783a480a2a5415efd24621d784865e,full,92,high,0.9732407164,0.02675928362,high,0,0
m1_shared,17,3,125,274c2b3cb88d91281fac0ca18e5fa0decdb86ce5b51d6bb1e988f442e09ee829,t3,5,high,0.9961155234,0.00388447661,high,0,0
m1_shared,17,3,125,274c2b3cb88d91281fac0ca18e5fa0decdb86ce5b51d6bb1e988f442e09ee829,full,5,high,0.9961155234,0.00388447661,high,0,0
m1_shared,17,3,128,6f2a5802d3ab371a696939846b2162129bfa30f9a0e371d8fe476564da770b8b,t3,5,high,0.5670976639,0.4329023361,high,0,0
m1_shared,17,3,128,6f2a5802d3ab371a696939846b2162129bfa30f9a0e371d8fe476564da770b8b,t5,9,high,0.9640516751,0.03594832495,high,0,0
m1_shared,17,3,128,6f2a5802d3ab371a696939846b2162129bfa30f9a0e371d8fe476564da770b8b,t10,19,high,0.9629528262,0.03704717383,high,0,0
m1_shared,17,3,128,6f2a5802d3ab371a696939846b2162129bfa30f9a0e371d8fe476564da770b8b,full,33,high,0.9615338072,0.03846619278,high,0,0
m1_shared,17,3,130,957962b55a53a08db5f378e511817642230cbd4d6d1cf4d43dd6a4b63131ccc1,t3,5,low,0.01115810871,0.9888418913,low,0,0
m1_shared,17,3,130,957962b55a53a08db5f378e511817642230cbd4d6d1cf4d43dd6a4b63131ccc1,t5,9,low,0.4067441821,0.5932558179,low,0,0
m1_shared,17,3,130,957962b55a53a08db5f378e511817642230cbd4d6d1cf4d43dd6a4b63131ccc1,t10,19,low,0.9795114454,0.02048855461,high,0,0
m1_shared,17,3,130,957962b55a53a08db5f378e511817642230cbd4d6d1cf4d43dd6a4b63131ccc1,full,21,low,0.3259495497,0.6740504503,low,0,0
m1_shared,17,3,133,0db9538e9215952f48324bd5b01c66c9eb8ea9adc87245da9db1df8c42a6ab8c,t3,4,high,0.9956005868,0.004399413243,high,0,0
m1_shared,17,3,133,0db9538e9215952f48324bd5b01c66c9eb8ea9adc87245da9db1df8c42a6ab8c,t5,8,high,0.9952448001,0.004755199887,high,0,0
m1_shared,17,3,133,0db9538e9215952f48324bd5b01c66c9eb8ea9adc87245da9db1df8c42a6ab8c,t10,18,high,0.9906599754,0.009340024553,high,0,0
m1_shared,17,3,133,0db9538e9215952f48324bd5b01c66c9eb8ea9adc87245da9db1df8c42a6ab8c,t20,38,high,0.9846936455,0.0153063545,high,0,0
m1_shared,17,3,133,0db9538e9215952f48324bd5b01c66c9eb8ea9adc87245da9db1df8c42a6ab8c,full,380,high,0.9926541736,0.007345826365,high,0,0
m2_oneway,17,3,7,7fe3d6029ec1e666f41b728458a973e8e2e6924c09046427a23859dcc7b3d75a,t3,4,high,0.3851433992,0.6148566008,low,0,0
m2_oneway,17,3,7,7fe3d6029ec1e666f41b728458a973e8e2e6924c09046427a23859dcc7b3d75a,t5,8,high,0.9553191252,0.04468087479,high,0,0
m2_oneway,17,3,7,7fe3d6029ec1e666f41b728458a973e8e2e6924c09046427a23859dcc7b3d75a,t10,18,high,0.915204592,0.08479540795,high,0,0
m2_oneway,17,3,7,7fe3d6029ec1e666f41b728458a973e8e2e6924c09046427a23859dcc7b3d75a,t20,38,high,0.8601343632,0.1398656368,high,0,0
m2_oneway,17,3,7,7fe3d6029ec1e666f41b728458a973e8e2e6924c09046427a23859dcc7b3d75a,full,64,high,0.5841525793,0.4158474207,high,0,0
m2_oneway,17,3,16,9ae9ab57ccb2a6caf3db84ad0a088385a92d25754e445de6f502929913bf21cd,t3,4,high,0.8980534822,0.1019465178,high,0,0
m2_oneway,17,3,16,9ae9ab57ccb2a6caf3db84ad0a088385a92d25754e445de6f502929913bf21cd,t5,8,high,0.8095772564,0.1904227436,high,0,0
m2_oneway,17,3,16,9ae9ab57ccb2a6caf3db84ad0a088385a92d25754e445de6f502929913bf21cd,t10,18,high,0.9019206762,0.09807932377,high,0,0
m2_oneway,17,3,16,9ae9ab57ccb2a6caf3db84ad0a088385a92d25754e445de6f502929913bf21cd,full,22,high,0.9187722504,0.08122774959,high,0,0
m2_oneway,17,3,24,a4713e0a14bb0ef918e89ea267520b745394edf49df0b6e3b5925085b1fca54d,t3,4,high,0.8504686207,0.1495313793,high,0,0
m2_oneway,17,3,24,a4713e0a14bb0ef918e89ea267520b745394edf49df0b6e3b5925085b1fca54d,t5,8,high,0.9291838035,0.0708161965,high,0,0
m2_oneway,17,3,24,a4713e0a14bb0ef918e89ea267520b745394edf49df0b6e3b5925085b1fca54d,t10,18,high,0.09334683418,0.9066531658,low,0,0
m2_oneway,17,3,24,a4713e0a14bb0ef918e89ea267520b745394edf49df0b6e3b5925085b1fca54d,full,20,high,0.1710611582,0.8289388418,low,0,0
m2_oneway,17,3,31,c06b9cd1fff25ad6609a4acc440947729eaae556a777669d2c7b83c20f9f8885,t3,4,high,0.148293674,0.851706326,low,0,0
m2_oneway,17,3,31,c06b9cd1fff25ad6609a4acc440947729eaae556a777669d2c7b83c20f9f8885,t5,8,high,0.07107365131,0.9289263487,low,0,0
m2_oneway,17,3,31,c06b9cd1fff25ad6609a4acc440947729eaae556a777669d2c7b83c20f9f8885,t10,18,high,0.7704647928,0.2295352072,high,0,0
m2_oneway,17,3,31,c06b9cd1fff25ad6609a4acc440947729eaae556a777669d2c7b83c20f9f8885,t20,38,high,0.8426042944,0.1573957056,high,0,0
m2_oneway,17,3,31,c06b9cd1fff25ad6609a4acc440947729eaae556a777669d2c7b83c20f9f8885,full,54,high,0.265499413,0.734500587,low,0,0
m2_oneway,17,3,32,8def61f50369c2308d6acc3ec8575794a2970d0f6375eaa51ca8e7e37abccdfd,t3,4,low,0.1135795712,0.8864204288,low,0,0
m2_oneway,17,3,32,8def61f50369c2308d6acc3ec8575794a2970d0f6375eaa51ca8e7e37abccdfd,t5,8,low,0.06052941084,0.9394705892,low,0,0
m2_oneway,17,3,32,8def61f50369c2308d6acc3ec8575794a2970d0f6375eaa51ca8e7e37abccdfd,full,10,low,0.1012334228,0.8987665772,low,0,0
m2_oneway,17,3,33,f76617e906c5e2b96661cf362ca553b76fbb23756e161cf3e0bc86585f03b1a8,t3,4,high,0.7728736997,0.2271263003,high,0,0
m2_oneway,17,3,33,f76617e906c5e2b96661cf362ca553b76fbb23756e161cf3e0bc86585f03b1a8,t5,8,high,0.5987814963,0.4012185037,high,0,0
m2_oneway,17,3,33,f76617e906c5e2b96661cf362ca553b76fbb23756e161cf3e0bc86585f03b1a8,t10,18,high,0.9429285973,0.05707140267,high,0,0
m2_oneway,17,3,33,f76617e906c5e2b96661cf362ca553b76fbb23756e161cf3e0bc86585f03b1a8,t20,38,high,0.8776866198,0.1223133802,high,0,0
m2_oneway,17,3,33,f76617e906c5e2b96661cf362ca553b76fbb23756e161cf3e0bc86585f03b1a8,full,76,high,0.6761924028,0.3238075972,high,0,0
m2_oneway,17,3,35,9365283497184f82bb514f2ae669c6ec302a1cd4c49f1b9426e48aca0e39eedc,t3,4,high,0.6408606768,0.3591393232,high,0,0
m2_oneway,17,3,35,9365283497184f82bb514f2ae669c6ec302a1cd4c49f1b9426e48aca0e39eedc,t5,8,high,0.7229183912,0.2770816088,high,0,0
m2_oneway,17,3,35,9365283497184f82bb514f2ae669c6ec302a1cd4c49f1b9426e48aca0e39eedc,t10,18,high,0.8180837035,0.1819162965,high,0,0
m2_oneway,17,3,35,9365283497184f82bb514f2ae669c6ec302a1cd4c49f1b9426e48aca0e39eedc,full,34,high,0.7237977982,0.2762022018,high,0,0
m2_oneway,17,3,37,9ae9ab57ccb2a6caf3db84ad0a088385a92d25754e445de6f502929913bf21cd,t3,4,high,0.5085440874,0.4914559126,high,0,0
m2_oneway,17,3,37,9ae9ab57ccb2a6caf3db84ad0a088385a92d25754e445de6f502929913bf21cd,t5,8,high,0.2590751052,0.7409248948,low,0,0
m2_oneway,17,3,37,9ae9ab57ccb2a6caf3db84ad0a088385a92d25754e445de6f502929913bf21cd,t10,18,high,0.7749242336,0.2250757664,high,0,0
m2_oneway,17,3,37,9ae9ab57ccb2a6caf3db84ad0a088385a92d25754e445de6f502929913bf21cd,t20,38,high,0.9184802473,0.08151975274,high,0,0
m2_oneway,17,3,37,9ae9ab57ccb2a6caf3db84ad0a088385a92d25754e445de6f502929913bf21cd,full,40,high,0.7997552752,0.2002447248,high,0,0
m2_oneway,17,3,42,c6f859e97a85d2be55de346ee03396c3284ef33ad2a850cbf47dcf6a86c54f6c,t3,5,high,0.9276259765,0.0723740235,high,0,0
m2_oneway,17,3,42,c6f859e97a85d2be55de346ee03396c3284ef33ad2a850cbf47dcf6a86c54f6c,t5,9,high,0.8726189882,0.1273810118,high,0,0
m2_oneway,17,3,42,c6f859e97a85d2be55de346ee03396c3284ef33ad2a850cbf47dcf6a86c54f6c,full,13,high,0.9569571503,0.04304284975,high,0,0
m2_oneway,17,3,48,c6f859e97a85d2be55de346ee03396c3284ef33ad2a850cbf47dcf6a86c54f6c,t3,5,high,0.765593335,0.234406665,high,0,0
m2_oneway,17,3,48,c6f859e97a85d2be55de346ee03396c3284ef33ad2a850cbf47dcf6a86c54f6c,t5,9,high,0.9029524401,0.09704755992,high,0,0
m2_oneway,17,3,48,c6f859e97a85d2be55de346ee03396c3284ef33ad2a850cbf47dcf6a86c54f6c,t10,19,high,0.8077641129,0.1922358871,high,0,0
m2_oneway,17,3,48,c6f859e97a85d2be55de346ee03396c3284ef33ad2a850cbf47dcf6a86c54f6c,full,27,high,0.9136765152,0.08632348478,high,0,0
m2_oneway,17,3,52,5f94f96b5558bc44bec41fbfff63a95635edebf6436cf0d7b71bc93bc7e01771,t3,4,high,0.1540575624,0.8459424376,low,0,0
m2_oneway,17,3,52,5f94f96b5558bc44bec41fbfff63a95635edebf6436cf0d7b71bc93bc7e01771,t5,8,high,0.111241281,0.888758719,low,0,0
m2_oneway,17,3,52,5f94f96b5558bc44bec41fbfff63a95635edebf6436cf0d7b71bc93bc7e01771,t10,18,high,0.5004882514,0.4995117486,high,0,0
m2_oneway,17,3,52,5f94f96b5558bc44bec41fbfff63a95635edebf6436cf0d7b71bc93bc7e01771,full,28,high,0.2806903124,0.7193096876,low,0,0
m2_oneway,17,3,56,994bc72760dcfe7fa4dcb4204fd49276c86f3b5d7563bd03968bb98375e50059,t3,4,high,0.8110781908,0.1889218092,high,0,0
m2_oneway,17,3,56,994bc72760dcfe7fa4dcb4204fd49276c86f3b5d7563bd03968bb98375e50059,t5,8,high,0.9289263338,0.07107366621,high,0,0
m2_oneway,17,3,56,994bc72760dcfe7fa4dcb4204fd49276c86f3b5d7563bd03968bb98375e50059,t10,18,high,0.9522199333,0.04778006673,high,0,0
m2_oneway,17,3,56,994bc72760dcfe7fa4dcb4204fd49276c86f3b5d7563bd03968bb98375e50059,t20,38,high,0.7238832116,0.2761167884,high,0,0
m2_oneway,17,3,56,994bc72760dcfe7fa4dcb4204fd49276c86f3b5d7563bd03968bb98375e50059,full,174,high,0.4225046039,0.5774953961,low,0,0
m2_oneway,17,3,57,c7b0ae9d845b01af28904a49c113db9419434a3a9dc695cbcca773c7377fa099,t3,4,low,0.06278926134,0.9372107387,low,0,0
m2_oneway,17,3,57,c7b0ae9d845b01af28904a49c113db9419434a3a9dc695cbcca773c7377fa099,t5,8,low,0.02843600512,0.9715639949,low,0,0
m2_oneway,17,3,57,c7b0ae9d845b01af28904a49c113db9419434a3a9dc695cbcca773c7377fa099,t10,18,low,0.2192538977,0.7807461023,low,0,0
m2_oneway,17,3,57,c7b0ae9d845b01af28904a49c113db9419434a3a9dc695cbcca773c7377fa099,full,18,low,0.2192538977,0.7807461023,low,0,0
m2_oneway,17,3,60,1bde13dd287e1e51682c574ddf4bc7a1b95d777f9e1d189232f7bf3f72b39469,t3,5,high,0.9525741264,0.04742587358,high,0,0
m2_oneway,17,3,60,1bde13dd287e1e51682c574ddf4bc7a1b95d777f9e1d189232f7bf3f72b39469,t5,9,high,0.9664104953,0.03358950466,high,0,0
m2_oneway,17,3,60,1bde13dd287e1e51682c574ddf4bc7a1b95d777f9e1d189232f7bf3f72b39469,t10,19,high,0.3895465136,0.6104534864,low,0,0
m2_oneway,17,3,60,1bde13dd287e1e51682c574ddf4bc7a1b95d777f9e1d189232f7bf3f72b39469,t20,39,high,0.5204963088,0.4795036912,high,0,0
m2_oneway,17,3,60,1bde13dd287e1e51682c574ddf4bc7a1b95d777f9e1d189232f7bf3f72b39469,full,93,high,0.3872267604,0.6127732396,low,0,0
m2_oneway,17,3,64,d6e67deba46d308b643a1107909d71a35621984b374efe6ed5b28181298c665a,t3,4,high,0.6455669105,0.3544330895,high,0,0
m2_oneway,17,3,64,d6e67deba46d308b643a1107909d71a35621984b374efe6ed5b28181298c665a,t5,8,high,0.5876565874,0.4123434126,high,0,0
m2_oneway,17,3,64,d6e67deba46d308b643a1107909d71a35621984b374efe6ed5b28181298c665a,t10,18,high,0.7829115391,0.2170884609,high,0,0
m2_oneway,17,3,64,d6e67deba46d308b643a1107909d71a35621984b374efe6ed5b28181298c665a,t20,38,high,0.8337818682,0.1662181318,high,0,0
m2_oneway,17,3,64,d6e67deba46d308b643a1107909d71a35621984b374efe6ed5b28181298c665a,full,260,high,0.7739006132,0.2260993868,high,0,0
m2_oneway,17,3,72,8a19d0092e222e0168b0240040c7abec5af97377d5f1b3c74d02604cebab64d6,t3,4,low,0.5464961231,0.4535038769,high,0,0
m2_oneway,17,3,72,8a19d0092e222e0168b0240040c7abec5af97377d5f1b3c74d02604cebab64d6,t5,8,low,0.5559174418,0.4440825582,high,0,0
m2_oneway,17,3,72,8a19d0092e222e0168b0240040c7abec5af97377d5f1b3c74d02604cebab64d6,t10,18,low,0.7181992531,0.2818007469,high,0,0
m2_oneway,17,3,72,8a19d0092e222e0168b0240040c7abec5af97377d5f1b3c74d02604cebab64d6,full,30,low,0.4139508605,0.5860491395,low,0,0
m2_oneway,17,3,83,9ae9ab57ccb2a6caf3db84ad0a088385a92d25754e445de6f502929913bf21cd,t3,4,high,0.4030968547,0.5969031453,low,0,0
m2_oneway,17,3,83,9ae9ab57ccb2a6caf3db84ad0a088385a92d25754e445de6f502929913bf21cd,t5,8,high,0.4210309982,0.5789690018,low,0,0
m2_oneway,17,3,83,9ae9ab57ccb2a6caf3db84ad0a088385a92d25754e445de6f502929913bf21cd,t10,18,high,0.8413048089,0.1586951911,high,0,0
m2_oneway,17,3,83,9ae9ab57ccb2a6caf3db84ad0a088385a92d25754e445de6f502929913bf21cd,t20,38,high,0.4296686649,0.5703313351,low,0,0
m2_oneway,17,3,83,9ae9ab57ccb2a6caf3db84ad0a088385a92d25754e445de6f502929913bf21cd,full,126,high,0.6027632952,0.3972367048,high,0,0
m2_oneway,17,3,86,1eedaddcb6cc7541fe6072dba97705385a99667255dae60b62dce68c593bc746,t3,5,high,0.9821512625,0.01784873754,high,0,0
m2_oneway,17,3,86,1eedaddcb6cc7541fe6072dba97705385a99667255dae60b62dce68c593bc746,t5,9,high,0.9618217237,0.03817827627,high,0,0
m2_oneway,17,3,86,1eedaddcb6cc7541fe6072dba97705385a99667255dae60b62dce68c593bc746,t10,19,high,0.8736466616,0.1263533384,high,0,0
m2_oneway,17,3,86,1eedaddcb6cc7541fe6072dba97705385a99667255dae60b62dce68c593bc746,t20,39,high,0.8480935991,0.1519064009,high,0,0
m2_oneway,17,3,86,1eedaddcb6cc7541fe6072dba97705385a99667255dae60b62dce68c593bc746,full,39,high,0.8480935991,0.1519064009,high,0,0
m2_oneway,17,3,95,3196e70c78ec00c569890feff5903b9fd6de1c082f2dcc65de331a676356154b,t3,4,high,0.8982990906,0.1017009094,high,0,0
m2_oneway,17,3,95,3196e70c78ec00c569890feff5903b9fd6de1c082f2dcc65de331a676356154b,t5,8,high,0.9543079659,0.04569203407,high,0,0
m2_oneway,17,3,95,3196e70c78ec00c569890feff5903b9fd6de1c082f2dcc65de331a676356154b,t10,18,high,0.9730364997,0.02696350031,high,0,0
m2_oneway,17,3,95,3196e70c78ec00c569890feff5903b9fd6de1c082f2dcc65de331a676356154b,full,34,high,0.2670257092,0.7329742908,low,0,0
m2_oneway,17,3,99,ead3029c1627ceed0bb1941b02d180790ac40d9339381ab591d89b54e95afa5d,t3,4,high,0.6178585589,0.3821414411,high,0,0
m2_oneway,17,3,99,ead3029c1627ceed0bb1941b02d180790ac40d9339381ab591d89b54e95afa5d,t5,8,high,0.5195213258,0.4804786742,high,0,0
m2_oneway,17,3,99,ead3029c1627ceed0bb1941b02d180790ac40d9339381ab591d89b54e95afa5d,t10,18,high,0.1465751529,0.8534248471,low,0,0
m2_oneway,17,3,99,ead3029c1627ceed0bb1941b02d180790ac40d9339381ab591d89b54e95afa5d,full,32,high,0.1530421376,0.8469578624,low,0,0
m2_oneway,17,3,105,cbe435389c7fde7dbf7f3f0b08fa24b91bd68569ba4a59eda4fcca3b686eaf60,t3,4,high,0.3589146137,0.6410853863,low,0,0
m2_oneway,17,3,105,cbe435389c7fde7dbf7f3f0b08fa24b91bd68569ba4a59eda4fcca3b686eaf60,t5,8,high,0.8238958716,0.1761041284,high,0,0
m2_oneway,17,3,105,cbe435389c7fde7dbf7f3f0b08fa24b91bd68569ba4a59eda4fcca3b686eaf60,t10,18,high,0.8723473698,0.1276526302,high,0,0
m2_oneway,17,3,105,cbe435389c7fde7dbf7f3f0b08fa24b91bd68569ba4a59eda4fcca3b686eaf60,t20,38,high,0.7476159632,0.2523840368,high,0,0
m2_oneway,17,3,105,cbe435389c7fde7dbf7f3f0b08fa24b91bd68569ba4a59eda4fcca3b686eaf60,full,48,high,0.6482436955,0.3517563045,high,0,0
m2_oneway,17,3,110,7664ea81b7e714b0d5433004c1fca3512bd7bdabfbe3dd63273d79180fe6d6fa,t3,4,high,0.7839884609,0.2160115391,high,0,0
m2_oneway,17,3,110,7664ea81b7e714b0d5433004c1fca3512bd7bdabfbe3dd63273d79180fe6d6fa,t5,8,high,0.6706082821,0.3293917179,high,0,0
m2_oneway,17,3,110,7664ea81b7e714b0d5433004c1fca3512bd7bdabfbe3dd63273d79180fe6d6fa,t10,18,high,0.9746286869,0.0253713131,high,0,0
m2_oneway,17,3,110,7664ea81b7e714b0d5433004c1fca3512bd7bdabfbe3dd63273d79180fe6d6fa,t20,38,high,0.9669140205,0.03308597952,high,0,0
m2_oneway,17,3,110,7664ea81b7e714b0d5433004c1fca3512bd7bdabfbe3dd63273d79180fe6d6fa,full,100,high,0.9569571503,0.04304284975,high,0,0
m2_oneway,17,3,114,8def61f50369c2308d6acc3ec8575794a2970d0f6375eaa51ca8e7e37abccdfd,t3,4,high,0.6392858028,0.3607141972,high,0,0
m2_oneway,17,3,114,8def61f50369c2308d6acc3ec8575794a2970d0f6375eaa51ca8e7e37abccdfd,t5,8,high,0.245085001,0.754914999,low,0,0
m2_oneway,17,3,114,8def61f50369c2308d6acc3ec8575794a2970d0f6375eaa51ca8e7e37abccdfd,t10,18,high,0.1525365114,0.8474634886,low,0,0
m2_oneway,17,3,114,8def61f50369c2308d6acc3ec8575794a2970d0f6375eaa51ca8e7e37abccdfd,full,22,high,0.3220993876,0.6779006124,low,0,0
m2_oneway,17,3,117,b2f1766eb28ea153bd66a13147bee8bb6a783a480a2a5415efd24621d784865e,t3,4,high,0.7956580967,0.2043419033,high,0,0
m2_oneway,17,3,117,b2f1766eb28ea153bd66a13147bee8bb6a783a480a2a5415efd24621d784865e,t5,8,high,0.9111797139,0.0888202861,high,0,0
m2_oneway,17,3,117,b2f1766eb28ea153bd66a13147bee8bb6a783a480a2a5415efd24621d784865e,t10,18,high,0.9433475733,0.05665242672,high,0,0
m2_oneway,17,3,117,b2f1766eb28ea153bd66a13147bee8bb6a783a480a2a5415efd24621d784865e,t20,38,high,0.6934729517,0.3065270483,high,0,0
m2_oneway,17,3,117,b2f1766eb28ea153bd66a13147bee8bb6a783a480a2a5415efd24621d784865e,full,92,high,0.4902356267,0.5097643733,low,0,0
m2_oneway,17,3,125,274c2b3cb88d91281fac0ca18e5fa0decdb86ce5b51d6bb1e988f442e09ee829,t3,5,high,0.9273632988,0.07263670117,high,0,0
m2_oneway,17,3,125,274c2b3cb88d91281fac0ca18e5fa0decdb86ce5b51d6bb1e988f442e09ee829,full,5,high,0.9273632988,0.07263670117,high,0,0
m2_oneway,17,3,128,6f2a5802d3ab371a696939846b2162129bfa30f9a0e371d8fe476564da770b8b,t3,5,high,0.3652302623,0.6347697377,low,0,0
m2_oneway,17,3,128,6f2a5802d3ab371a696939846b2162129bfa30f9a0e371d8fe476564da770b8b,t5,9,high,0.1334152222,0.8665847778,low,0,0
m2_oneway,17,3,128,6f2a5802d3ab371a696939846b2162129bfa30f9a0e371d8fe476564da770b8b,t10,19,high,0.9449947178,0.05500528216,high,0,0
m2_oneway,17,3,128,6f2a5802d3ab371a696939846b2162129bfa30f9a0e371d8fe476564da770b8b,full,33,high,0.4721966982,0.5278033018,low,0,0
m2_oneway,17,3,130,957962b55a53a08db5f378e511817642230cbd4d6d1cf4d43dd6a4b63131ccc1,t3,5,low,0.05070537329,0.9492946267,low,0,0
m2_oneway,17,3,130,957962b55a53a08db5f378e511817642230cbd4d6d1cf4d43dd6a4b63131ccc1,t5,9,low,0.2568320632,0.7431679368,low,0,0
m2_oneway,17,3,130,957962b55a53a08db5f378e511817642230cbd4d6d1cf4d43dd6a4b63131ccc1,t10,19,low,0.3928025961,0.6071974039,low,0,0
m2_oneway,17,3,130,957962b55a53a08db5f378e511817642230cbd4d6d1cf4d43dd6a4b63131ccc1,full,21,low,0.2632204294,0.7367795706,low,0,0
m2_oneway,17,3,133,0db9538e9215952f48324bd5b01c66c9eb8ea9adc87245da9db1df8c42a6ab8c,t3,4,high,0.8984105587,0.1015894413,high,0,0
m2_oneway,17,3,133,0db9538e9215952f48324bd5b01c66c9eb8ea9adc87245da9db1df8c42a6ab8c,t5,8,high,0.9224823415,0.07751765847,high,0,0
m2_oneway,17,3,133,0db9538e9215952f48324bd5b01c66c9eb8ea9adc87245da9db1df8c42a6ab8c,t10,18,high,0.8663588017,0.1336411983,high,0,0
m2_oneway,17,3,133,0db9538e9215952f48324bd5b01c66c9eb8ea9adc87245da9db1df8c42a6ab8c,t20,38,high,0.7879311889,0.2120688111,high,0,0
m2_oneway,17,3,133,0db9538e9215952f48324bd5b01c66c9eb8ea9adc87245da9db1df8c42a6ab8c,full,380,high,0.8524448127,0.1475551873,high,0,0
m3_discounted,17,3,7,7fe3d6029ec1e666f41b728458a973e8e2e6924c09046427a23859dcc7b3d75a,t3,4,high,0.7930952162,0.2069047838,high,0.1216585487,0.01849913411
m3_discounted,17,3,7,7fe3d6029ec1e666f41b728458a973e8e2e6924c09046427a23859dcc7b3d75a,t5,8,high,0.8154679239,0.1845320761,high,-0.1398979276,0.01939532906
m3_discounted,17,3,7,7fe3d6029ec1e666f41b728458a973e8e2e6924c09046427a23859dcc7b3d75a,t10,18,high,0.8232135624,0.1767864376,high,-0.5989887714,0.06340966374
m3_discounted,17,3,7,7fe3d6029ec1e666f41b728458a973e8e2e6924c09046427a23859dcc7b3d75a,t20,38,high,0.7141092122,0.2858907878,high,2.318043947,0.1430885941
m3_discounted,17,3,7,7fe3d6029ec1e666f41b728458a973e8e2e6924c09046427a23859dcc7b3d75a,full,64,high,0.6734722853,0.3265277147,high,5.304856777,0.2452041954
m3_discounted,17,3,16,9ae9ab57ccb2a6caf3db84ad0a088385a92d25754e445de6f502929913bf21cd,t3,4,high,0.8307273537,0.1692726463,high,-0.4639713764,0.02188602649
m3_discounted,17,3,16,9ae9ab57ccb2a6caf3db84ad0a088385a92d25754e445de6f502929913bf21cd,t5,8,high,0.862845093,0.137154907,high,-1.311927319,0.03909544647
m3_discounted,17,3,16,9ae9ab57ccb2a6caf3db84ad0a088385a92d25754e445de6f502929913bf21cd,t10,18,high,0.8458244056,0.1541755944,high,-2.178910971,0.09569588304
m3_discounted,17,3,16,9ae9ab57ccb2a6caf3db84ad0a088385a92d25754e445de6f502929913bf21cd,full,22,high,0.8540005088,0.1459994912,high,-2.668219328,0.1135866344
m3_discounted,17,3,24,a4713e0a14bb0ef918e89ea267520b745394edf49df0b6e3b5925085b1fca54d,t3,4,high,0.8013811558,0.1986188442,high,-0.0638050288,0.02023348212
m3_discounted,17,3,24,a4713e0a14bb0ef918e89ea267520b745394edf49df0b6e3b5925085b1fca54d,t5,8,high,0.8021425456,0.1978574544,high,-0.143684864,0.03566696495
m3_discounted,17,3,24,a4713e0a14bb0ef918e89ea267520b745394edf49df0b6e3b5925085b1fca54d,t10,18,high,0.7283160686,0.2716839314,high,1.26729238,0.07411894202
m3_discounted,17,3,24,a4713e0a14bb0ef918e89ea267520b745394edf49df0b6e3b5925085b1fca54d,full,20,high,0.7020895481,0.2979104519,high,1.764386296,0.07144857943
m3_discounted,17,3,31,c06b9cd1fff25ad6609a4acc440947729eaae556a777669d2c7b83c20f9f8885,t3,4,high,0.7458212078,0.2541787922,high,0.6947332621,0.0001156935468
m3_discounted,17,3,31,c06b9cd1fff25ad6609a4acc440947729eaae556a777669d2c7b83c20f9f8885,t5,8,high,0.7049910724,0.2950089276,high,1.524424553,-0.006123921834
m3_discounted,17,3,31,c06b9cd1fff25ad6609a4acc440947729eaae556a777669d2c7b83c20f9f8885,t10,18,high,0.7494534254,0.2505465746,high,1.614332199,-0.004443299491
m3_discounted,17,3,31,c06b9cd1fff25ad6609a4acc440947729eaae556a777669d2c7b83c20f9f8885,t20,38,high,0.6842663288,0.3157336712,high,5.312646866,-0.006194983609
m3_discounted,17,3,31,c06b9cd1fff25ad6609a4acc440947729eaae556a777669d2c7b83c20f9f8885,full,54,high,0.649823308,0.350176692,high,7.896934032,-0.005372119136
m3_discounted,17,3,32,8def61f50369c2308d6acc3ec8575794a2970d0f6375eaa51ca8e7e37abccdfd,t3,4,low,0.7026756406,0.2973243594,high,1.183594346,0.002589396201
m3_discounted,17,3,32,8def61f50369c2308d6acc3ec8575794a2970d0f6375eaa51ca8e7e37abccdfd,t5,8,low,0.6916341186,0.3083658814,high,1.809117317,0.0003549221437
m3_discounted,17,3,32,8def61f50369c2308d6acc3ec8575794a2970d0f6375eaa51ca8e7e37abccdfd,full,10,low,0.6721224487,0.3278775513,high,2.30741334,-0.007955131121
m3_discounted,17,3,33,f76617e906c5e2b96661cf362ca553b76fbb23756e161cf3e0bc86585f03b1a8,t3,4,high,0.7470701933,0.2529298067,high,0.6802523732,0.04237476736
m3_discounted,17,3,33,f76617e906c5e2b96661cf362ca553b76fbb23756e161cf3e0bc86585f03b1a8,t5,8,high,0.7247851789,0.2752148211,high,1.283531189,0.0587217845
m3_discounted,17,3,33,f76617e906c5e2b96661cf362ca553b76fbb23756e161cf3e0bc86585f03b1a8,t10,18,high,0.7908572406,0.2091427594,high,0.8529882431,0.08718385547
m3_discounted,17,3,33,f76617e906c5e2b96661cf362ca553b76fbb23756e161cf3e0bc86585f03b1a8,t20,38,high,0.78544119,0.21455881,high,1.745896935,0.1448689699
m3_discounted,17,3,33,f76617e906c5e2b96661cf362ca553b76fbb23756e161cf3e0bc86585f03b1a8,full,76,high,0.7156596184,0.2843403816,high,4.111125946,0.2612714767
m3_discounted,17,3,35,9365283497184f82bb514f2ae669c6ec302a1cd4c49f1b9426e48aca0e39eedc,t3,4,high,0.7507666945,0.2492333055,high,0.5846741199,0.02383069694
m3_discounted,17,3,35,9365283497184f82bb514f2ae669c6ec302a1cd4c49f1b9426e48aca0e39eedc,t5,8,high,0.8223413974,0.1776586026,high,-0.2001886368,0.0280303359
m3_discounted,17,3,35,9365283497184f82bb514f2ae669c6ec302a1cd4c49f1b9426e48aca0e39eedc,t10,18,high,0.882028468,0.117971532,high,-2.152622461,0.03555347025
m3_discounted,17,3,35,9365283497184f82bb514f2ae669c6ec302a1cd4c49f1b9426e48aca0e39eedc,full,34,high,0.8929372132,0.1070627868,high,-4.42922163,0.06849812716
m3_discounted,17,3,37,9ae9ab57ccb2a6caf3db84ad0a088385a92d25754e445de6f502929913bf21cd,t3,4,high,0.7305386961,0.2694613039,high,0.8203938007,0.03858333081
m3_discounted,17,3,37,9ae9ab57ccb2a6caf3db84ad0a088385a92d25754e445de6f502929913bf21cd,t5,8,high,0.7436814904,0.2563185096,high,0.9878468513,0.05205275491
m3_discounted,17,3,37,9ae9ab57ccb2a6caf3db84ad0a088385a92d25754e445de6f502929913bf21cd,t10,18,high,0.8256168067,0.1743831933,high,0.06624779105,0.09137349576
m3_discounted,17,3,37,9ae9ab57ccb2a6caf3db84ad0a088385a92d25754e445de6f502929913bf21cd,t20,38,high,0.824396655,0.175603345,high,-0.7233322859,0.199587062
m3_discounted,17,3,37,9ae9ab57ccb2a6caf3db84ad0a088385a92d25754e445de6f502929913bf21cd,full,40,high,0.8436667919,0.1563332081,high,-1.145213008,0.2077605724
m3_discounted,17,3,42,c6f859e97a85d2be55de346ee03396c3284ef33ad2a850cbf47dcf6a86c54f6c,t3,5,high,0.8407476842,0.1592523158,high,-0.7728289962,0.003697777633
m3_discounted,17,3,42,c6f859e97a85d2be55de346ee03396c3284ef33ad2a850cbf47dcf6a86c54f6c,t5,9,high,0.8443236947,0.1556763053,high,-1.150631189,0.008979052305
m3_discounted,17,3,42,c6f859e97a85d2be55de346ee03396c3284ef33ad2a850cbf47dcf6a86c54f6c,full,13,high,0.8516591489,0.1483408511,high,-1.644654274,0.0251874309
m3_discounted,17,3,48,c6f859e97a85d2be55de346ee03396c3284ef33ad2a850cbf47dcf6a86c54f6c,t3,5,high,0.8372265548,0.1627734452,high,-0.7445175648,0.02706249058
m3_discounted,17,3,48,c6f859e97a85d2be55de346ee03396c3284ef33ad2a850cbf47dcf6a86c54f6c,t5,9,high,0.814152196,0.185847804,high,-0.6437357068,0.04486274719
m3_discounted,17,3,48,c6f859e97a85d2be55de346ee03396c3284ef33ad2a850cbf47dcf6a86c54f6c,t10,19,high,0.8352452368,0.1647547632,high,-1.202078342,0.07891296595
m3_discounted,17,3,48,c6f859e97a85d2be55de346ee03396c3284ef33ad2a850cbf47dcf6a86c54f6c,full,27,high,0.8567198068,0.1432801932,high,-2.311012268,0.09962359816
m3_discounted,17,3,52,5f94f96b5558bc44bec41fbfff63a95635edebf6436cf0d7b71bc93bc7e01771,t3,4,high,0.7014479041,0.2985520959,high,1.19021368,0.01803320833
m3_discounted,17,3,52,5f94f96b5558bc44bec41fbfff63a95635edebf6436cf0d7b71bc93bc7e01771,t5,8,high,0.6980343461,0.3019656539,high,1.704707026,0.03030946292
m3_discounted,17,3,52,5f94f96b5558bc44bec41fbfff63a95635edebf6436cf0d7b71bc93bc7e01771,t10,18,high,0.6382960081,0.3617039919,high,3.803153753,0.04641091451
m3_discounted,17,3,52,5f94f96b5558bc44bec41fbfff63a95635edebf6436cf0d7b71bc93bc7e01771,full,28,high,0.6072528362,0.3927471638,high,6.076114178,0.04858081043
m3_discounted,17,3,56,994bc72760dcfe7fa4dcb4204fd49276c86f3b5d7563bd03968bb98375e50059,t3,4,high,0.748018682,0.251981318,high,0.6473735571,0.0274400562
m3_discounted,17,3,56,994bc72760dcfe7fa4dcb4204fd49276c86f3b5d7563bd03968bb98375e50059,t5,8,high,0.7979326546,0.2020673454,high,0.2523566782,0.03639901802
m3_discounted,17,3,56,994bc72760dcfe7fa4dcb4204fd49276c86f3b5d7563bd03968bb98375e50059,t10,18,high,0.8450512886,0.1549487114,high,-0.7531681657,0.03705658764
m3_discounted,17,3,56,994bc72760dcfe7fa4dcb4204fd49276c86f3b5d7563bd03968bb98375e50059,t20,38,high,0.8454921097,0.1545078903,high,-2.120081425,0.1030505374
m3_discounted,17,3,56,994bc72760dcfe7fa4dcb4204fd49276c86f3b5d7563bd03968bb98375e50059,full,174,high,0.7528105229,0.2471894771,high,0.236366272,0.3298287094
m3_discounted,17,3,57,c7b0ae9d845b01af28904a49c113db9419434a3a9dc695cbcca773c7377fa099,t3,4,low,0.7207819223,0.2792180777,high,0.9579405785,0.00517549552
m3_discounted,17,3,57,c7b0ae9d845b01af28904a49c113db9419434a3a9dc695cbcca773c7377fa099,t5,8,low,0.6757768095,0.3242231905,high,1.949436545,0.0002529295161
m3_discounted,17,3,57,c7b0ae9d845b01af28904a49c113db9419434a3a9dc695cbcca773c7377fa099,t10,18,low,0.6274163127,0.3725836873,high,4.242785454,-0.01896863431
m3_discounted,17,3,57,c7b0ae9d845b01af28904a49c113db9419434a3a9dc695cbcca773c7377fa099,full,18,low,0.6274163127,0.3725836873,high,4.242785454,-0.01896863431
m3_discounted,17,3,60,1bde13dd287e1e51682c574ddf4bc7a1b95d777f9e1d189232f7bf3f72b39469,t3,5,high,0.8709245771,0.1290754229,high,-1.321034908,0.01658220962
m3_discounted,17,3,60,1bde13dd287e1e51682c574ddf4bc7a1b95d777f9e1d189232f7bf3f72b39469,t5,9,high,0.8859989047,0.1140010953,high,-2.203220367,0.01468514185
m3_discounted,17,3,60,1bde13dd287e1e51682c574ddf4bc7a1b95d777f9e1d189232f7bf3f72b39469,t10,19,high,0.8205428123,0.1794571877,high,-2.238255024,0.0237175636
m3_discounted,17,3,60,1bde13dd287e1e51682c574ddf4bc7a1b95d777f9e1d189232f7bf3f72b39469,t20,39,high,0.7211464047,0.2788535953,high,-0.6172806621,0.0433016941
m3_discounted,17,3,60,1bde13dd287e1e51682c574ddf4bc7a1b95d777f9e1d189232f7bf3f72b39469,full,93,high,0.7045164704,0.2954835296,high,2.610576391,0.05327312648
m3_discounted,17,3,64,d6e67deba46d308b643a1107909d71a35621984b374efe6ed5b28181298c665a,t3,4,high,0.7341261208,0.2658738792,high,0.8532648683,0.02433811128
m3_discounted,17,3,64,d6e67deba46d308b643a1107909d71a35621984b374efe6ed5b28181298c665a,t5,8,high,0.7562057525,0.2437942475,high,0.935131669,0.04091133922
m3_discounted,17,3,64,d6e67deba46d308b643a1107909d71a35621984b374efe6ed5b28181298c665a,t10,18,high,0.7112993896,0.2887006104,high,2.326710701,0.09351615608
m3_discounted,17,3,64,d6e67deba46d308b643a1107909d71a35621984b374efe6ed5b28181298c665a,t20,38,high,0.8271850497,0.1728149503,high,1.189556599,0.1801601052
m3_discounted,17,3,64,d6e67deba46d308b643a1107909d71a35621984b374efe6ed5b28181298c665a,full,260,high,0.8307271898,0.1692728102,high,-9.800840378,0.7168721557
m3_discounted,17,3,72,8a19d0092e222e0168b0240040c7abec5af97377d5f1b3c74d02604cebab64d6,t3,4,low,0.8160439581,0.1839560419,high,-0.1661921591,-0.00548361009
m3_discounted,17,3,72,8a19d0092e222e0168b0240040c7abec5af97377d5f1b3c74d02604cebab64d6,t5,8,low,0.8108166009,0.1891833991,high,-0.1929965913,-0.002607218921
m3_discounted,17,3,72,8a19d0092e222e0168b0240040c7abec5af97377d5f1b3c74d02604cebab64d6,t10,18,low,0.8611022532,0.1388977468,high,-1.885389566,-0.009298613295
m3_discounted,17,3,72,8a19d0092e222e0168b0240040c7abec5af97377d5f1b3c74d02604cebab64d6,full,30,low,0.7723694891,0.2276305109,high,-1.045120478,0.04021379352
m3_discounted,17,3,83,9ae9ab57ccb2a6caf3db84ad0a088385a92d25754e445de6f502929913bf21cd,t3,4,high,0.7598894686,0.2401105314,high,0.520463407,0.02165988646
m3_discounted,17,3,83,9ae9ab57ccb2a6caf3db84ad0a088385a92d25754e445de6f502929913bf21cd,t5,8,high,0.7340531051,0.2659468949,high,1.075076699,0.04156338423
m3_discounted,17,3,83,9ae9ab57ccb2a6caf3db84ad0a088385a92d25754e445de6f502929913bf21cd,t10,18,high,0.7812800407,0.2187199593,high,1.021033645,0.09799017012
m3_discounted,17,3,83,9ae9ab57ccb2a6caf3db84ad0a088385a92d25754e445de6f502929913bf21cd,t20,38,high,0.7123532295,0.2876467705,high,2.751403332,0.1742281616
m3_discounted,17,3,83,9ae9ab57ccb2a6caf3db84ad0a088385a92d25754e445de6f502929913bf21cd,full,126,high,0.8187792897,0.1812207103,high,6.734642029,0.5982335806
m3_discounted,17,3,86,1eedaddcb6cc7541fe6072dba97705385a99667255dae60b62dce68c593bc746,t3,5,high,0.8655049801,0.1344950199,high,-1.221235037,-0.001028674887
m3_discounted,17,3,86,1eedaddcb6cc7541fe6072dba97705385a99667255dae60b62dce68c593bc746,t5,9,high,0.8737426102,0.1262573898,high,-1.863488913,-0.003782887012
m3_discounted,17,3,86,1eedaddcb6cc7541fe6072dba97705385a99667255dae60b62dce68c593bc746,t10,19,high,0.8446732908,0.1553267092,high,-2.543174028,-0.008734529838
m3_discounted,17,3,86,1eedaddcb6cc7541fe6072dba97705385a99667255dae60b62dce68c593bc746,t20,39,high,0.884591192,0.115408808,high,-5.85953331,-0.01983453147
m3_discounted,17,3,86,1eedaddcb6cc7541fe6072dba97705385a99667255dae60b62dce68c593bc746,full,39,high,0.884591192,0.115408808,high,-5.85953331,-0.01983453147
m3_discounted,17,3,95,3196e70c78ec00c569890feff5903b9fd6de1c082f2dcc65de331a676356154b,t3,4,high,0.8431644887,0.1568355113,high,-0.5936374068,0.01197431609
m3_discounted,17,3,95,3196e70c78ec00c569890feff5903b9fd6de1c082f2dcc65de331a676356154b,t5,8,high,0.8751168922,0.1248831078,high,-1.553439617,0.009717871435
m3_discounted,17,3,95,3196e70c78ec00c569890feff5903b9fd6de1c082f2dcc65de331a676356154b,t10,18,high,0.8838359639,0.1161640361,high,-3.047754526,0.01422584336
m3_discounted,17,3,95,3196e70c78ec00c569890feff5903b9fd6de1c082f2dcc65de331a676356154b,full,34,high,0.7940890044,0.2059109956,high,-3.062538147,0.06537235528
m3_discounted,17,3,99,ead3029c1627ceed0bb1941b02d180790ac40d9339381ab591d89b54e95afa5d,t3,4,high,0.7189339697,0.2810660303,high,0.9950424433,0.01926608197
m3_discounted,17,3,99,ead3029c1627ceed0bb1941b02d180790ac40d9339381ab591d89b54e95afa5d,t5,8,high,0.6820088923,0.3179911077,high,1.884124994,0.02521108463
m3_discounted,17,3,99,ead3029c1627ceed0bb1941b02d180790ac40d9339381ab591d89b54e95afa5d,t10,18,high,0.6689618528,0.3310381472,high,3.220048189,0.04681354016
m3_discounted,17,3,99,ead3029c1627ceed0bb1941b02d180790ac40d9339381ab591d89b54e95afa5d,full,32,high,0.6579622924,0.3420377076,high,5.478757858,0.07767388225
m3_discounted,17,3,105,cbe435389c7fde7dbf7f3f0b08fa24b91bd68569ba4a59eda4fcca3b686eaf60,t3,4,high,0.8041159362,0.1958840638,high,-0.07714041322,0.03587636352
m3_discounted,17,3,105,cbe435389c7fde7dbf7f3f0b08fa24b91bd68569ba4a59eda4fcca3b686eaf60,t5,8,high,0.8128196299,0.1871803701,high,-0.2539685369,0.06146380678
m3_discounted,17,3,105,cbe435389c7fde7dbf7f3f0b08fa24b91bd68569ba4a59eda4fcca3b686eaf60,t10,18,high,0.8178257644,0.1821742356,high,-0.5271865726,0.1111900806
m3_discounted,17,3,105,cbe435389c7fde7dbf7f3f0b08fa24b91bd68569ba4a59eda4fcca3b686eaf60,t20,38,high,0.8259927779,0.1740072221,high,-2.548486233,0.1630752683
m3_discounted,17,3,105,cbe435389c7fde7dbf7f3f0b08fa24b91bd68569ba4a59eda4fcca3b686eaf60,full,48,high,0.8302817345,0.1697182655,high,-3.175868511,0.188531667
m3_discounted,17,3,110,7664ea81b7e714b0d5433004c1fca3512bd7bdabfbe3dd63273d79180fe6d6fa,t3,4,high,0.7880881429,0.2119118571,high,0.130429104,0.02190543339
m3_discounted,17,3,110,7664ea81b7e714b0d5433004c1fca3512bd7bdabfbe3dd63273d79180fe6d6fa,t5,8,high,0.7814295292,0.2185704708,high,0.2355079204,0.04707822949
m3_discounted,17,3,110,7664ea81b7e714b0d5433004c1fca3512bd7bdabfbe3dd63273d79180fe6d6fa,t10,18,high,0.8525674492,0.1474325508,high,-1.007180452,0.1010525674
m3_discounted,17,3,110,7664ea81b7e714b0d5433004c1fca3512bd7bdabfbe3dd63273d79180fe6d6fa,t20,38,high,0.8650483042,0.1349516958,high,-3.04627347,0.1940139681
m3_discounted,17,3,110,7664ea81b7e714b0d5433004c1fca3512bd7bdabfbe3dd63273d79180fe6d6fa,full,100,high,0.8936285675,0.1063714325,high,-12.47795773,0.3880660236
m3_discounted,17,3,114,8def61f50369c2308d6acc3ec8575794a2970d0f6375eaa51ca8e7e37abccdfd,t3,4,high,0.7766461372,0.2233538628,high,0.3336096704,-0.005681616254
m3_discounted,17,3,114,8def61f50369c2308d6acc3ec8575794a2970d0f6375eaa51ca8e7e37abccdfd,t5,8,high,0.7742932886,0.2257067114,high,0.4360123575,0.01731215045
m3_discounted,17,3,114,8def61f50369c2308d6acc3ec8575794a2970d0f6375eaa51ca8e7e37abccdfd,t10,18,high,0.7564990819,0.2435009181,high,0.9665288329,0.08907740563
m3_discounted,17,3,114,8def61f50369c2308d6acc3ec8575794a2970d0f6375eaa51ca8e7e37abccdfd,full,22,high,0.7680076212,0.2319923788,high,0.9739080071,0.09846805781
m3_discounted,17,3,117,b2f1766eb28ea153bd66a13147bee8bb6a783a480a2a5415efd24621d784865e,t3,4,high,0.7928141356,0.2071858644,high,0.05367234349,0.03949718177
m3_discounted,17,3,117,b2f1766eb28ea153bd66a13147bee8bb6a783a480a2a5415efd24621d784865e,t5,8,high,0.8316420913,0.1683579087,high,-0.5379686356,0.05606811121
m3_discounted,17,3,117,b2f1766eb28ea153bd66a13147bee8bb6a783a480a2a5415efd24621d784865e,t10,18,high,0.8410878927,0.1589121073,high,-1.407857895,0.0777240023
m3_discounted,17,3,117,b2f1766eb28ea153bd66a13147bee8bb6a783a480a2a5415efd24621d784865e,t20,38,high,0.8516054451,0.1483945549,high,-3.097777843,0.1599281281
m3_discounted,17,3,117,b2f1766eb28ea153bd66a13147bee8bb6a783a480a2a5415efd24621d784865e,full,92,high,0.8233847916,0.1766152084,high,-7.323886395,0.3173978925
m3_discounted,17,3,125,274c2b3cb88d91281fac0ca18e5fa0decdb86ce5b51d6bb1e988f442e09ee829,t3,5,high,0.8537327498,0.1462672502,high,-0.9937249422,0.01080828346
m3_discounted,17,3,125,274c2b3cb88d91281fac0ca18e5fa0decdb86ce5b51d6bb1e988f442e09ee829,full,5,high,0.8537327498,0.1462672502,high,-0.9937249422,0.01080828346
m3_discounted,17,3,128,6f2a5802d3ab371a696939846b2162129bfa30f9a0e371d8fe476564da770b8b,t3,5,high,0.7589382231,0.2410617769,high,0.4540992975,0.001080861315
m3_discounted,17,3,128,6f2a5802d3ab371a696939846b2162129bfa30f9a0e371d8fe476564da770b8b,t5,9,high,0.7306234539,0.2693765461,high,1.015825987,0.00739995297
m3_discounted,17,3,128,6f2a5802d3ab371a696939846b2162129bfa30f9a0e371d8fe476564da770b8b,t10,19,high,0.8117104471,0.1882895529,high,0.8734964728,0.008533893153
m3_discounted,17,3,128,6f2a5802d3ab371a696939846b2162129bfa30f9a0e371d8fe476564da770b8b,full,33,high,0.7120295763,0.2879704237,high,2.701020241,0.02612137608
m3_discounted,17,3,130,957962b55a53a08db5f378e511817642230cbd4d6d1cf4d43dd6a4b63131ccc1,t3,5,low,0.7411444783,0.2588555217,high,0.7663524747,-0.01614814997
m3_discounted,17,3,130,957962b55a53a08db5f378e511817642230cbd4d6d1cf4d43dd6a4b63131ccc1,t5,9,low,0.7144405246,0.2855594754,high,1.439548016,-0.01496460941
m3_discounted,17,3,130,957962b55a53a08db5f378e511817642230cbd4d6d1cf4d43dd6a4b63131ccc1,t10,19,low,0.7164505422,0.2835494578,high,2.565119028,-0.01566293836
m3_discounted,17,3,130,957962b55a53a08db5f378e511817642230cbd4d6d1cf4d43dd6a4b63131ccc1,full,21,low,0.6988154054,0.3011845946,high,2.976896763,-0.006672271527
m3_discounted,17,3,133,0db9538e9215952f48324bd5b01c66c9eb8ea9adc87245da9db1df8c42a6ab8c,t3,4,high,0.7413977683,0.2586022317,high,0.7223821282,0.0004427763633
m3_discounted,17,3,133,0db9538e9215952f48324bd5b01c66c9eb8ea9adc87245da9db1df8c42a6ab8c,t5,8,high,0.7717273086,0.2282726914,high,0.6292178035,0.0114736082
m3_discounted,17,3,133,0db9538e9215952f48324bd5b01c66c9eb8ea9adc87245da9db1df8c42a6ab8c,t10,18,high,0.8138879687,0.1861120313,high,0.02831629664,0.04556907713
m3_discounted,17,3,133,0db9538e9215952f48324bd5b01c66c9eb8ea9adc87245da9db1df8c42a6ab8c,t20,38,high,0.7859157473,0.2140842527,high,-0.166600123,0.1478469968
m3_discounted,17,3,133,0db9538e9215952f48324bd5b01c66c9eb8ea9adc87245da9db1df8c42a6ab8c,full,380,high,0.843729645,0.156270355,high,-4.74521637,0.9598852992
m1_shared,17,4,0,0975c479310c006373f337dd0ad7a1b5438b2d205e3489d9920c6e86e5fdbc46,t3,4,high,0.3857795,0.6142205,low,0,0
m1_shared,17,4,0,0975c479310c006373f337dd0ad7a1b5438b2d205e3489d9920c6e86e5fdbc46,t5,8,high,0.9309620708,0.06903792918,high,0,0
m1_shared,17,4,0,0975c479310c006373f337dd0ad7a1b5438b2d205e3489d9920c6e86e5fdbc46,t10,18,high,0.4436531663,0.5563468337,low,0,0
m1_shared,17,4,0,0975c479310c006373f337dd0ad7a1b5438b2d205e3489d9920c6e86e5fdbc46,t20,38,high,0.9985449372,0.001455062767,high,0,0
m1_shared,17,4,0,0975c479310c006373f337dd0ad7a1b5438b2d205e3489d9920c6e86e5fdbc46,full,52,high,0.9995487894,0.0004512106243,high,0,0
m1_shared,17,4,1,d824fbb44e854e98bdec49929ed132bd2f214eb9a16c2247f40b049e74673714,t3,4,high,0.9912886163,0.008711383678,high,0,0
m1_shared,17,4,1,d824fbb44e854e98bdec49929ed132bd2f214eb9a16c2247f40b049e74673714,t5,8,high,0.9958660319,0.004133968148,high,0,0
m1_shared,17,4,1,d824fbb44e854e98bdec49929ed132bd2f214eb9a16c2247f40b049e74673714,t10,18,high,0.9946150621,0.00538493786,high,0,0
m1_shared,17,4,1,d824fbb44e854e98bdec49929ed132bd2f214eb9a16c2247f40b049e74673714,full,36,high,0.9969246301,0.003075369867,high,0,0
m1_shared,17,4,3,e660b6010195823ff8abb7f5ac22b3e84ad23e55b4bfe23f84e74aa932c77d9a,t3,5,high,0.9960545935,0.003945406526,high,0,0
m1_shared,17,4,3,e660b6010195823ff8abb7f5ac22b3e84ad23e55b4bfe23f84e74aa932c77d9a,t5,9,high,0.8770561963,0.1229438037,high,0,0
m1_shared,17,4,3,e660b6010195823ff8abb7f5ac22b3e84ad23e55b4bfe23f84e74aa932c77d9a,full,15,high,0.9992206339,0.0007793661207,high,0,0
m1_shared,17,4,6,384b0ba2da0f7a1aaf92176857f6b862b243c54a44b1a60ad1512e22fb6d4f57,t3,4,high,0.7988152802,0.2011847198,high,0,0
m1_shared,17,4,6,384b0ba2da0f7a1aaf92176857f6b862b243c54a44b1a60ad1512e22fb6d4f57,t5,8,high,0.9623913653,0.03760863468,high,0,0
m1_shared,17,4,6,384b0ba2da0f7a1aaf92176857f6b862b243c54a44b1a60ad1512e22fb6d4f57,t10,18,high,0.9995121428,0.0004878571781,high,0,0
m1_shared,17,4,6,384b0ba2da0f7a1aaf92176857f6b862b243c54a44b1a60ad1512e22fb6d4f57,t20,38,high,0.9984512388,0.001548761153,high,0,0
m1_shared,17,4,6,384b0ba2da0f7a1aaf92176857f6b862b243c54a44b1a60ad1512e22fb6d4f57,full,52,high,0.9966233876,0.00337661244,high,0,0
m1_shared,17,4,9,bd6bdeca4d4d58b93dcd52052f780fcb2ab8a2a77ef89be9ded9271136bf1260,t3,4,low,0.9783846661,0.02161533386,high,0,0
m1_shared,17,4,9,bd6bdeca4d4d58b93dcd52052f780fcb2ab8a2a77ef89be9ded9271136bf1260,t5,8,low,0.6397360563,0.3602639437,high,0,0
m1_shared,17,4,9,bd6bdeca4d4d58b93dcd52052f780fcb2ab8a2a77ef89be9ded9271136bf1260,t10,18,low,0.9728307668,0.02716923319,high,0,0
m1_shared,17,4,9,bd6bdeca4d4d58b93dcd52052f780fcb2ab8a2a77ef89be9ded9271136bf1260,full,26,low,0.6206216216,0.3793783784,high,0,0
m1_shared,17,4,12,d751de9a9d281b7d8f3a57160f2880d8a6bb4d189690de0f7d7f2b033ad650a4,t3,4,high,0.9173026606,0.08269733936,high,0,0
m1_shared,17,4,12,d751de9a9d281b7d8f3a57160f2880d8a6bb4d189690de0f7d7f2b033ad650a4,t5,8,high,0.9939024383,0.00609756168,high,0,0
m1_shared,17,4,12,d751de9a9d281b7d8f3a57160f2880d8a6bb4d189690de0f7d7f2b033ad650a4,t10,16,high,0.9755769093,0.02442309074,high,0,0
m1_shared,17,4,12,d751de9a9d281b7d8f3a57160f2880d8a6bb4d189690de0f7d7f2b033ad650a4,t20,36,high,0.9982453857,0.001754614292,high,0,0
m1_shared,17,4,12,d751de9a9d281b7d8f3a57160f2880d8a6bb4d189690de0f7d7f2b033ad650a4,full,50,high,0.9987934103,0.001206589746,high,0,0
m1_shared,17,4,19,e660b6010195823ff8abb7f5ac22b3e84ad23e55b4bfe23f84e74aa932c77d9a,t3,4,high,0.5097644031,0.4902355969,high,0,0
m1_shared,17,4,19,e660b6010195823ff8abb7f5ac22b3e84ad23e55b4bfe23f84e74aa932c77d9a,t5,8,high,0.9987744326,0.001225567423,high,0,0
m1_shared,17,4,19,e660b6010195823ff8abb7f5ac22b3e84ad23e55b4bfe23f84e74aa932c77d9a,full,16,high,0.9993638088,0.0006361911655,high,0,0
m1_shared,17,4,23,56c65c573eb4b7bbca1e8a62ea910f474527ca7cc22d0832f7b8985143579c47,t3,4,high,0.9987551566,0.001244843355,high,0,0
m1_shared,17,4,23,56c65c573eb4b7bbca1e8a62ea910f474527ca7cc22d0832f7b8985143579c47,t5,8,high,0.9995955185,0.0004044815141,high,0,0
m1_shared,17,4,23,56c65c573eb4b7bbca1e8a62ea910f474527ca7cc22d0832f7b8985143579c47,t10,18,high,0.9997131459,0.000286854076,high,0,0
m1_shared,17,4,23,56c65c573eb4b7bbca1e8a62ea910f474527ca7cc22d0832f7b8985143579c47,t20,38,high,0.9996749641,0.0003250358568,high,0,0
m1_shared,17,4,23,56c65c573eb4b7bbca1e8a62ea910f474527ca7cc22d0832f7b8985143579c47,full,78,high,0.9994557868,0.0005442132242,high,0,0
m1_shared,17,4,30,0b66f0012a6499ae22a3ba3ea556348c4d65f1f039265ec21e4ad82aba2b5dab,t3,4,high,0.9990452683,0.0009547317168,high,0,0
m1_shared,17,4,30,0b66f0012a6499ae22a3ba3ea556348c4d65f1f039265ec21e4ad82aba2b5dab,t5,8,high,0.9995044641,0.0004955359036,high,0,0
m1_shared,17,4,30,0b66f0012a6499ae22a3ba3ea556348c4d65f1f039265ec21e4ad82aba2b5dab,t10,18,high,0.9969246301,0.003075369867,high,0,0
m1_shared,17,4,30,0b66f0012a6499ae22a3ba3ea556348c4d65f1f039265ec21e4ad82aba2b5dab,full,28,high,0.9956684979,0.004331502132,high,0,0
m1_shared,17,4,39,ba4f78fc596e7483b05f73b0a4f0c57215df572dab1d75cba29cf1873022b267,t3,4,high,0.9983515169,0.001648483099,high,0,0
m1_shared,17,4,39,ba4f78fc596e7483b05f73b0a4f0c57215df572dab1d75cba29cf1873022b267,t5,8,high,0.9989350373,0.001064962707,high,0,0
m1_shared,17,4,39,ba4f78fc596e7483b05f73b0a4f0c57215df572dab1d75cba29cf1873022b267,t10,18,high,0.9994472214,0.0005527785979,high,0,0
m1_shared,17,4,39,ba4f78fc596e7483b05f73b0a4f0c57215df572dab1d75cba29cf1873022b267,t20,38,high,0.99810308,0.001896920032,high,0,0
m1_shared,17,4,39,ba4f78fc596e7483b05f73b0a4f0c57215df572dab1d75cba29cf1873022b267,full,71,high,0.9317114651,0.06828853488,high,0,0
m1_shared,17,4,40,e660b6010195823ff8abb7f5ac22b3e84ad23e55b4bfe23f84e74aa932c77d9a,t3,5,high,0.9968273169,0.003172683064,high,0,0
m1_shared,17,4,40,e660b6010195823ff8abb7f5ac22b3e84ad23e55b4bfe23f84e74aa932c77d9a,t5,9,high,0.9974885364,0.002511463594,high,0,0
m1_shared,17,4,40,e660b6010195823ff8abb7f5ac22b3e84ad23e55b4bfe23f84e74aa932c77d9a,t10,19,high,0.9984988178,0.001501182211,high,0,0
m1_shared,17,4,40,e660b6010195823ff8abb7f5ac22b3e84ad23e55b4bfe23f84e74aa932c77d9a,full,19,high,0.9984988178,0.001501182211,high,0,0
m1_shared,17,4,41,298f1741927a10b95fab08a2419835f2d89a49ade874c77e541bf480e574fcca,t3,4,high,0.9276259765,0.0723740235,high,0,0
m1_shared,17,4,41,298f1741927a10b95fab08a2419835f2d89a49ade874c77e541bf480e574fcca,t5,8,high,0.9918120904,0.008187909611,high,0,0
m1_shared,17,4,41,298f1741927a10b95fab08a2419835f2d89a49ade874c77e541bf480e574fcca,t10,18,high,0.999601787,0.0003982130438,high,0,0
m1_shared,17,4,41,298f1741927a10b95fab08a2419835f2d89a49ade874c77e541bf480e574fcca,t20,39,high,0.9994887421,0.0005112579092,high,0,0
m1_shared,17,4,41,298f1741927a10b95fab08a2419835f2d89a49ade874c77e541bf480e574fcca,full,83,high,0.9996259044,0.0003740956308,high,0,0
m1_shared,17,4,45,256a5ceb1fe87b9f23a66a55206039faf214b9b926fbe72aba2fd158983b62bf,t3,4,high,0.8327813298,0.1672186702,high,0,0
m1_shared,17,4,45,256a5ceb1fe87b9f23a66a55206039faf214b9b926fbe72aba2fd158983b62bf,t5,8,high,0.9985896415,0.001410358469,high,0,0
m1_shared,17,4,45,256a5ceb1fe87b9f23a66a55206039faf214b9b926fbe72aba2fd158983b62bf,t10,18,high,0.9995487894,0.0004512106243,high,0,0
m1_shared,17,4,45,256a5ceb1fe87b9f23a66a55206039faf214b9b926fbe72aba2fd158983b62bf,t20,38,high,0.9988839857,0.001116014319,high,0,0
m1_shared,17,4,45,256a5ceb1fe87b9f23a66a55206039faf214b9b926fbe72aba2fd158983b62bf,full,50,high,0.9930961616,0.006903838366,high,0,0
m1_shared,17,4,50,e660b6010195823ff8abb7f5ac22b3e84ad23e55b4bfe23f84e74aa932c77d9a,t3,5,high,0.8543993682,0.1456006318,high,0,0
m1_shared,17,4,50,e660b6010195823ff8abb7f5ac22b3e84ad23e55b4bfe23f84e74aa932c77d9a,t5,9,high,0.9912886163,0.008711383678,high,0,0
m1_shared,17,4,50,e660b6010195823ff8abb7f5ac22b3e84ad23e55b4bfe23f84e74aa932c77d9a,t10,19,high,0.6141625941,0.3858374059,high,0,0
m1_shared,17,4,50,e660b6010195823ff8abb7f5ac22b3e84ad23e55b4bfe23f84e74aa932c77d9a,t20,39,high,0.9850429129,0.01495708711,high,0,0
m1_shared,17,4,50,e660b6010195823ff8abb7f5ac22b3e84ad23e55b4bfe23f84e74aa932c77d9a,full,49,high,0.9944450748,0.005554925185,high,0,0
m1_shared,17,4,58,952764ee08a98895af51812c4985a51b674914b70701d789dc4ff497ab2cd741,t3,4,high,0.9976403394,0.002359660575,high,0,0
m1_shared,17,4,58,952764ee08a98895af51812c4985a51b674914b70701d789dc4ff497ab2cd741,t5,8,high,0.9932024684,0.00679753162,high,0,0
m1_shared,17,4,58,952764ee08a98895af51812c4985a51b674914b70701d789dc4ff497ab2cd741,t10,18,high,0.9993121488,0.0006878511631,high,0,0
m1_shared,17,4,58,952764ee08a98895af51812c4985a51b674914b70701d789dc4ff497ab2cd741,t20,38,high,0.9988304898,0.001169510186,high,0,0
m1_shared,17,4,58,952764ee08a98895af51812c4985a51b674914b70701d789dc4ff497ab2cd741,full,99,high,0.9802808743,0.0197191257,high,0,0
m1_shared,17,4,59,57e7316fb6c2aea7f22af2debf992411f162fb23b99f26e20ca9917a22800b28,t3,4,low,0.2521998882,0.7478001118,low,0,0
m1_shared,17,4,59,57e7316fb6c2aea7f22af2debf992411f162fb23b99f26e20ca9917a22800b28,full,4,low,0.2521998882,0.7478001118,low,0,0
m1_shared,17,4,62,f8e9ffc7e0ffb6235d54b1268168a35dda2087b04f0eb23655d9033041e4895d,t3,4,high,0.9531007409,0.04689925909,high,0,0
m1_shared,17,4,62,f8e9ffc7e0ffb6235d54b1268168a35dda2087b04f0eb23655d9033041e4895d,t5,8,high,0.9993436272,0.0006563728093,high,0,0
m1_shared,17,4,62,f8e9ffc7e0ffb6235d54b1268168a35dda2087b04f0eb23655d9033041e4895d,t10,17,high,0.9986749776,0.001325022429,high,0,0
m1_shared,17,4,62,f8e9ffc7e0ffb6235d54b1268168a35dda2087b04f0eb23655d9033041e4895d,t20,37,high,0.9986541395,0.001345860539,high,0,0
m1_shared,17,4,62,f8e9ffc7e0ffb6235d54b1268168a35dda2087b04f0eb23655d9033041e4895d,full,45,high,0.9931495199,0.006850480102,high,0,0
m1_shared,17,4,68,86e764296ae0d3f82d5181fcf23d71b68aa16bec297d30d24b66814a0222bec9,t3,4,high,0.996675563,0.003324436955,high,0,0
m1_shared,17,4,68,86e764296ae0d3f82d5181fcf23d71b68aa16bec297d30d24b66814a0222bec9,t5,8,high,0.9898303421,0.01016965788,high,0,0
m1_shared,17,4,68,86e764296ae0d3f82d5181fcf23d71b68aa16bec297d30d24b66814a0222bec9,t10,18,high,0.9870795263,0.0129204737,high,0,0
m1_shared,17,4,68,86e764296ae0d3f82d5181fcf23d71b68aa16bec297d30d24b66814a0222bec9,t20,38,high,0.9964619139,0.003538086079,high,0,0
m1_shared,17,4,68,86e764296ae0d3f82d5181fcf23d71b68aa16bec297d30d24b66814a0222bec9,full,203,high,0.9977127726,0.002287227428,high,0,0
m1_shared,17,4,73,e553658a13d5730f215fe7abaa4ffcafffebacc2a2c811523c5848785b07feb6,t3,5,high,0.9989837561,0.001016243943,high,0,0
m1_shared,17,4,73,e553658a13d5730f215fe7abaa4ffcafffebacc2a2c811523c5848785b07feb6,t5,9,high,0.9985674634,0.001432536636,high,0,0
m1_shared,17,4,73,e553658a13d5730f215fe7abaa4ffcafffebacc2a2c811523c5848785b07feb6,t10,19,high,0.9997546305,0.0002453695051,high,0,0
m1_shared,17,4,73,e553658a13d5730f215fe7abaa4ffcafffebacc2a2c811523c5848785b07feb6,full,25,high,0.9994557868,0.0005442132242,high,0,0
m1_shared,17,4,89,a66012a80d34bfaefbf35c783b0cb519be49ffe11837f13fda441b6fe3ddf21a,t3,4,high,0.9943580911,0.005641908851,high,0,0
m1_shared,17,4,89,a66012a80d34bfaefbf35c783b0cb519be49ffe11837f13fda441b6fe3ddf21a,t5,8,high,0.9856076641,0.0143923359,high,0,0
m1_shared,17,4,89,a66012a80d34bfaefbf35c783b0cb519be49ffe11837f13fda441b6fe3ddf21a,t10,18,high,0.9967523233,0.00324767665,high,0,0
m1_shared,17,4,89,a66012a80d34bfaefbf35c783b0cb519be49ffe11837f13fda441b6fe3ddf21a,t20,38,high,0.9831499197,0.01685008034,high,0,0
m1_shared,17,4,89,a66012a80d34bfaefbf35c783b0cb519be49ffe11837f13fda441b6fe3ddf21a,full,44,high,0.9664104953,0.03358950466,high,0,0
m1_shared,17,4,98,5223588a92753ef83373d79e22184bdfc746798fd2eec43f6e0d811eb386d59c,t3,4,high,0.3535397649,0.6464602351,low,0,0
m1_shared,17,4,98,5223588a92753ef83373d79e22184bdfc746798fd2eec43f6e0d811eb386d59c,t5,8,high,0.02017730474,0.9798226953,low,0,0
m1_shared,17,4,98,5223588a92753ef83373d79e22184bdfc746798fd2eec43f6e0d811eb386d59c,t10,18,high,0.9715639651,0.02843603492,high,0,0
m1_shared,17,4,98,5223588a92753ef83373d79e22184bdfc746798fd2eec43f6e0d811eb386d59c,t20,38,high,0.9702399056,0.02976009436,high,0,0
m1_shared,17,4,98,5223588a92753ef83373d79e22184bdfc746798fd2eec43f6e0d811eb386d59c,full,393,high,0.9992562971,0.0007437029271,high,0,0
m1_shared,17,4,100,bdb51e8336d8c2a0de850780446afe2818d0b4eeee21137a9bc817eff040e3c0,t3,4,high,0.9987551566,0.001244843355,high,0,0
m1_shared,17,4,100,bdb51e8336d8c2a0de850780446afe2818d0b4eeee21137a9bc817eff040e3c0,t5,8,high,0.9953181772,0.004681822844,high,0,0
m1_shared,17,4,100,bdb51e8336d8c2a0de850780446afe2818d0b4eeee21137a9bc817eff040e3c0,t10,18,high,0.9994296843,0.000570315693,high,0,0
m1_shared,17,4,100,bdb51e8336d8c2a0de850780446afe2818d0b4eeee21137a9bc817eff040e3c0,t20,38,high,0.9991306326,0.0008693673881,high,0,0
m1_shared,17,4,100,bdb51e8336d8c2a0de850780446afe2818d0b4eeee21137a9bc817eff040e3c0,full,281,high,0.9935117303,0.006488269661,high,0,0
m1_shared,17,4,103,e660b6010195823ff8abb7f5ac22b3e84ad23e55b4bfe23f84e74aa932c77d9a,t3,4,high,0.9994115912,0.0005884087877,high,0,0
m1_shared,17,4,103,e660b6010195823ff8abb7f5ac22b3e84ad23e55b4bfe23f84e74aa932c77d9a,t5,8,high,0.9974090208,0.002590979217,high,0,0
m1_shared,17,4,103,e660b6010195823ff8abb7f5ac22b3e84ad23e55b4bfe23f84e74aa932c77d9a,full,16,high,0.9994023307,0.0005976693355,high,0,0
m1_shared,17,4,112,3a6ec6cf0cccb2db4bc4eb1d6583b28f6dc8816b49e0ae8aaa6a06484645efac,t3,4,high,0.8643104583,0.1356895417,high,0,0
m1_shared,17,4,112,3a6ec6cf0cccb2db4bc4eb1d6583b28f6dc8816b49e0ae8aaa6a06484645efac,t5,8,high,0.9949396681,0.005060331896,high,0,0
m1_shared,17,4,112,3a6ec6cf0cccb2db4bc4eb1d6583b28f6dc8816b49e0ae8aaa6a06484645efac,t10,18,high,0.9996317021,0.000368297915,high,0,0
m1_shared,17,4,112,3a6ec6cf0cccb2db4bc4eb1d6583b28f6dc8816b49e0ae8aaa6a06484645efac,t20,38,high,0.9995626656,0.0004373344127,high,0,0
m1_shared,17,4,112,3a6ec6cf0cccb2db4bc4eb1d6583b28f6dc8816b49e0ae8aaa6a06484645efac,full,64,high,0.9925393565,0.007460643537,high,0,0
m1_shared,17,4,122,e553658a13d5730f215fe7abaa4ffcafffebacc2a2c811523c5848785b07feb6,t3,5,high,0.9993736658,0.0006263341638,high,0,0
m1_shared,17,4,122,e553658a13d5730f215fe7abaa4ffcafffebacc2a2c811523c5848785b07feb6,t5,9,high,0.9997468436,0.0002531563805,high,0,0
m1_shared,17,4,122,e553658a13d5730f215fe7abaa4ffcafffebacc2a2c811523c5848785b07feb6,t10,19,high,0.999279162,0.0007208380266,high,0,0
m1_shared,17,4,122,e553658a13d5730f215fe7abaa4ffcafffebacc2a2c811523c5848785b07feb6,full,25,high,0.9936116794,0.006388320588,high,0,0
m1_shared,17,4,124,4f828f23a69a02612b535ecc3b578f0a9ef09ead831878c8330854912886c5a7,t3,5,high,0.9976032693,0.002396730706,high,0,0
m1_shared,17,4,124,4f828f23a69a02612b535ecc3b578f0a9ef09ead831878c8330854912886c5a7,t5,9,high,0.9994115912,0.0005884087877,high,0,0
m1_shared,17,4,124,4f828f23a69a02612b535ecc3b578f0a9ef09ead831878c8330854912886c5a7,t10,19,high,0.9994207083,0.0005792917218,high,0,0
m1_shared,17,4,124,4f828f23a69a02612b535ecc3b578f0a9ef09ead831878c8330854912886c5a7,t20,39,high,0.9992327075,0.000767292513,high,0,0
m1_shared,17,4,124,4f828f23a69a02612b535ecc3b578f0a9ef09ead831878c8330854912886c5a7,full,53,high,0.9991030607,0.0008969393093,high,0,0
m1_shared,17,4,132,95bf0f1bedb8e4250b3f6ee2dd241da6f07f8e65d2fc1c27c4c900116b2d104c,t3,4,high,0.0492221117,0.9507778883,low,0,0
m1_shared,17,4,132,95bf0f1bedb8e4250b3f6ee2dd241da6f07f8e65d2fc1c27c4c900116b2d104c,t5,8,high,0.9046505392,0.09534946084,high,0,0
m1_shared,17,4,132,95bf0f1bedb8e4250b3f6ee2dd241da6f07f8e65d2fc1c27c4c900116b2d104c,t10,18,high,0.9938070094,0.006192990579,high,0,0
m1_shared,17,4,132,95bf0f1bedb8e4250b3f6ee2dd241da6f07f8e65d2fc1c27c4c900116b2d104c,t20,38,high,0.9795114454,0.02048855461,high,0,0
m1_shared,17,4,132,95bf0f1bedb8e4250b3f6ee2dd241da6f07f8e65d2fc1c27c4c900116b2d104c,full,38,high,0.9795114454,0.02048855461,high,0,0
m2_oneway,17,4,0,0975c479310c006373f337dd0ad7a1b5438b2d205e3489d9920c6e86e5fdbc46,t3,4,high,0.07531225681,0.9246877432,low,0,0
m2_oneway,17,4,0,0975c479310c006373f337dd0ad7a1b5438b2d205e3489d9920c6e86e5fdbc46,t5,8,high,0.1225231886,0.8774768114,low,0,0
m2_oneway,17,4,0,0975c479310c006373f337dd0ad7a1b5438b2d205e3489d9920c6e86e5fdbc46,t10,18,high,0.3800109029,0.6199890971,low,0,0
m2_oneway,17,4,0,0975c479310c006373f337dd0ad7a1b5438b2d205e3489d9920c6e86e5fdbc46,t20,38,high,0.5069575608,0.4930424392,high,0,0
m2_oneway,17,4,0,0975c479310c006373f337dd0ad7a1b5438b2d205e3489d9920c6e86e5fdbc46,full,52,high,0.5727227628,0.4272772372,high,0,0
m2_oneway,17,4,1,d824fbb44e854e98bdec49929ed132bd2f214eb9a16c2247f40b049e74673714,t3,4,high,0.3839877248,0.6160122752,low,0,0
m2_oneway,17,4,1,d824fbb44e854e98bdec49929ed132bd2f214eb9a16c2247f40b049e74673714,t5,8,high,0.4184592366,0.5815407634,low,0,0
m2_oneway,17,4,1,d824fbb44e854e98bdec49929ed132bd2f214eb9a16c2247f40b049e74673714,t10,18,high,0.5423785448,0.4576214552,high,0,0
m2_oneway,17,4,1,d824fbb44e854e98bdec49929ed132bd2f214eb9a16c2247f40b049e74673714,full,36,high,0.6185500324,0.3814499676,high,0,0
m2_oneway,17,4,3,e660b6010195823ff8abb7f5ac22b3e84ad23e55b4bfe23f84e74aa932c77d9a,t3,5,high,0.6252093315,0.3747906685,high,0,0
m2_oneway,17,4,3,e660b6010195823ff8abb7f5ac22b3e84ad23e55b4bfe23f84e74aa932c77d9a,t5,9,high,0.5262819231,0.4737180769,high,0,0
m2_oneway,17,4,3,e660b6010195823ff8abb7f5ac22b3e84ad23e55b4bfe23f84e74aa932c77d9a,full,15,high,0.8376199752,0.1623800248,high,0,0
m2_oneway,17,4,6,384b0ba2da0f7a1aaf92176857f6b862b243c54a44b1a60ad1512e22fb6d4f57,t3,4,high,0.7346909642,0.2653090358,high,0,0
m2_oneway,17,4,6,384b0ba2da0f7a1aaf92176857f6b862b243c54a44b1a60ad1512e22fb6d4f57,t5,8,high,0.7337381244,0.2662618756,high,0,0
m2_oneway,17,4,6,384b0ba2da0f7a1aaf92176857f6b862b243c54a44b1a60ad1512e22fb6d4f57,t10,18,high,0.4378234744,0.5621765256,low,0,0
m2_oneway,17,4,6,384b0ba2da0f7a1aaf92176857f6b862b243c54a44b1a60ad1512e22fb6d4f57,t20,38,high,0.9394706115,0.06052938849,high,0,0
m2_oneway,17,4,6,384b0ba2da0f7a1aaf92176857f6b862b243c54a44b1a60ad1512e22fb6d4f57,full,52,high,0.9019206762,0.09807932377,high,0,0
m2_oneway,17,4,9,bd6bdeca4d4d58b93dcd52052f780fcb2ab8a2a77ef89be9ded9271136bf1260,t3,4,low,0.5592900217,0.4407099783,high,0,0
m2_oneway,17,4,9,bd6bdeca4d4d58b93dcd52052f780fcb2ab8a2a77ef89be9ded9271136bf1260,t5,8,low,0.2746430635,0.7253569365,low,0,0
m2_oneway,17,4,9,bd6bdeca4d4d58b93dcd52052f780fcb2ab8a2a77ef89be9ded9271136bf1260,t10,18,low,0.2498130798,0.7501869202,low,0,0
m2_oneway,17,4,9,bd6bdeca4d4d58b93dcd52052f780fcb2ab8a2a77ef89be9ded9271136bf1260,full,26,low,0.3629691601,0.6370308399,low,0,0
m2_oneway,17,4,12,d751de9a9d281b7d8f3a57160f2880d8a6bb4d189690de0f7d7f2b033ad650a4,t3,4,high,0.3690876365,0.6309123635,low,0,0
m2_oneway,17,4,12,d751de9a9d281b7d8f3a57160f2880d8a6bb4d189690de0f7d7f2b033ad650a4,t5,8,high,0.7689935118,0.2310064882,high,0,0
m2_oneway,17,4,12,d751de9a9d281b7d8f3a57160f2880d8a6bb4d189690de0f7d7f2b033ad650a4,t10,16,high,0.5170831978,0.4829168022,high,0,0
m2_oneway,17,4,12,d751de9a9d281b7d8f3a57160f2880d8a6bb4d189690de0f7d7f2b033ad650a4,t20,36,high,0.5360700488,0.4639299512,high,0,0
m2_oneway,17,4,12,d751de9a9d281b7d8f3a57160f2880d8a6bb4d189690de0f7d7f2b033ad650a4,full,50,high,0.6876299977,0.3123700023,high,0,0
m2_oneway,17,4,19,e660b6010195823ff8abb7f5ac22b3e84ad23e55b4bfe23f84e74aa932c77d9a,t3,4,high,0.8216173351,0.1783826649,high,0,0
m2_oneway,17,4,19,e660b6010195823ff8abb7f5ac22b3e84ad23e55b4bfe23f84e74aa932c77d9a,t5,8,high,0.9175984934,0.0824015066,high,0,0
m2_oneway,17,4,19,e660b6010195823ff8abb7f5ac22b3e84ad23e55b4bfe23f84e74aa932c77d9a,full,16,high,0.8787311316,0.1212688684,high,0,0
m2_oneway,17,4,23,56c65c573eb4b7bbca1e8a62ea910f474527ca7cc22d0832f7b8985143579c47,t3,4,high,0.6638869047,0.3361130953,high,0,0
m2_oneway,17,4,23,56c65c573eb4b7bbca1e8a62ea910f474527ca7cc22d0832f7b8985143579c47,t5,8,high,0.9669140205,0.03308597952,high,0,0
m2_oneway,17,4,23,56c65c573eb4b7bbca1e8a62ea910f474527ca7cc22d0832f7b8985143579c47,t10,18,high,0.8852352127,0.1147647873,high,0,0
m2_oneway,17,4,23,56c65c573eb4b7bbca1e8a62ea910f474527ca7cc22d0832f7b8985143579c47,t20,38,high,0.9433475733,0.05665242672,high,0,0
m2_oneway,17,4,23,56c65c573eb4b7bbca1e8a62ea910f474527ca7cc22d0832f7b8985143579c47,full,78,high,0.8844391182,0.1155608818,high,0,0
m2_oneway,17,4,30,0b66f0012a6499ae22a3ba3ea556348c4d65f1f039265ec21e4ad82aba2b5dab,t3,4,high,0.9422946833,0.05770531669,high,0,0
m2_oneway,17,4,30,0b66f0012a6499ae22a3ba3ea556348c4d65f1f039265ec21e4ad82aba2b5dab,t5,8,high,0.4063907266,0.5936092734,low,0,0
m2_oneway,17,4,30,0b66f0012a6499ae22a3ba3ea556348c4d65f1f039265ec21e4ad82aba2b5dab,t10,18,high,0.7026320696,0.2973679304,high,0,0
m2_oneway,17,4,30,0b66f0012a6499ae22a3ba3ea556348c4d65f1f039265ec21e4ad82aba2b5dab,full,28,high,0.7924642563,0.2075357437,high,0,0
m2_oneway,17,4,39,ba4f78fc596e7483b05f73b0a4f0c57215df572dab1d75cba29cf1873022b267,t3,4,high,0.7826624811,0.2173375189,high,0,0
m2_oneway,17,4,39,ba4f78fc596e7483b05f73b0a4f0c57215df572dab1d75cba29cf1873022b267,t5,8,high,0.7323047817,0.2676952183,high,0,0
m2_oneway,17,4,39,ba4f78fc596e7483b05f73b0a4f0c57215df572dab1d75cba29cf1873022b267,t10,18,high,0.7629543245,0.2370456755,high,0,0
m2_oneway,17,4,39,ba4f78fc596e7483b05f73b0a4f0c57215df572dab1d75cba29cf1873022b267,t20,38,high,0.6953380108,0.3046619892,high,0,0
m2_oneway,17,4,39,ba4f78fc596e7483b05f73b0a4f0c57215df572dab1d75cba29cf1873022b267,full,71,high,0.3341547847,0.6658452153,low,0,0
m2_oneway,17,4,40,e660b6010195823ff8abb7f5ac22b3e84ad23e55b4bfe23f84e74aa932c77d9a,t3,5,high,0.7934262455,0.2065737545,high,0,0
m2_oneway,17,4,40,e660b6010195823ff8abb7f5ac22b3e84ad23e55b4bfe23f84e74aa932c77d9a,t5,9,high,0.7189891636,0.2810108364,high,0,0
m2_oneway,17,4,40,e660b6010195823ff8abb7f5ac22b3e84ad23e55b4bfe23f84e74aa932c77d9a,t10,19,high,0.9437636584,0.0562363416,high,0,0
m2_oneway,17,4,40,e660b6010195823ff8abb7f5ac22b3e84ad23e55b4bfe23f84e74aa932c77d9a,full,19,high,0.9437636584,0.0562363416,high,0,0
m2_oneway,17,4,41,298f1741927a10b95fab08a2419835f2d89a49ade874c77e541bf480e574fcca,t3,4,high,0.6233768761,0.3766231239,high,0,0
m2_oneway,17,4,41,298f1741927a10b95fab08a2419835f2d89a49ade874c77e541bf480e574fcca,t5,8,high,0.8083699346,0.1916300654,high,0,0
m2_oneway,17,4,41,298f1741927a10b95fab08a2419835f2d89a49ade874c77e541bf480e574fcca,t10,18,high,0.8812066019,0.1187933981,high,0,0
m2_oneway,17,4,41,298f1741927a10b95fab08a2419835f2d89a49ade874c77e541bf480e574fcca,t20,39,high,0.8145327568,0.1854672432,high,0,0
m2_oneway,17,4,41,298f1741927a10b95fab08a2419835f2d89a49ade874c77e541bf480e574fcca,full,83,high,0.7956580967,0.2043419033,high,0,0
m2_oneway,17,4,45,256a5ceb1fe87b9f23a66a55206039faf214b9b926fbe72aba2fd158983b62bf,t3,4,high,0.8638516814,0.1361483186,high,0,0
m2_oneway,17,4,45,256a5ceb1fe87b9f23a66a55206039faf214b9b926fbe72aba2fd158983b62bf,t5,8,high,0.9390248172,0.0609751828,high,0,0
m2_oneway,17,4,45,256a5ceb1fe87b9f23a66a55206039faf214b9b926fbe72aba2fd158983b62bf,t10,18,high,0.8149380982,0.1850619018,high,0,0
m2_oneway,17,4,45,256a5ceb1fe87b9f23a66a55206039faf214b9b926fbe72aba2fd158983b62bf,t20,38,high,0.7702920437,0.2297079563,high,0,0
m2_oneway,17,4,45,256a5ceb1fe87b9f23a66a55206039faf214b9b926fbe72aba2fd158983b62bf,full,50,high,0.5778527558,0.4221472442,high,0,0
m2_oneway,17,4,50,e660b6010195823ff8abb7f5ac22b3e84ad23e55b4bfe23f84e74aa932c77d9a,t3,5,high,0.4670886397,0.5329113603,low,0,0
m2_oneway,17,4,50,e660b6010195823ff8abb7f5ac22b3e84ad23e55b4bfe23f84e74aa932c77d9a,t5,9,high,0.7185944021,0.2814055979,high,0,0
m2_oneway,17,4,50,e660b6010195823ff8abb7f5ac22b3e84ad23e55b4bfe23f84e74aa932c77d9a,t10,19,high,0.7338334918,0.2661665082,high,0,0
m2_oneway,17,4,50,e660b6010195823ff8abb7f5ac22b3e84ad23e55b4bfe23f84e74aa932c77d9a,t20,39,high,0.7889086008,0.2110913992,high,0,0
m2_oneway,17,4,50,e660b6010195823ff8abb7f5ac22b3e84ad23e55b4bfe23f84e74aa932c77d9a,full,49,high,0.7872777581,0.2127222419,high,0,0
m2_oneway,17,4,58,952764ee08a98895af51812c4985a51b674914b70701d789dc4ff497ab2cd741,t3,4,high,0.6909762919,0.3090237081,high,0,0
m2_oneway,17,4,58,952764ee08a98895af51812c4985a51b674914b70701d789dc4ff497ab2cd741,t5,8,high,0.8193157762,0.1806842238,high,0,0
m2_oneway,17,4,58,952764ee08a98895af51812c4985a51b674914b70701d789dc4ff497ab2cd741,t10,18,high,0.9046505392,0.09534946084,high,0,0
m2_oneway,17,4,58,952764ee08a98895af51812c4985a51b674914b70701d789dc4ff497ab2cd741,t20,38,high,0.6669307947,0.3330692053,high,0,0
m2_oneway,17,4,58,952764ee08a98895af51812c4985a51b674914b70701d789dc4ff497ab2cd741,full,99,high,0.6953380108,0.3046619892,high,0,0
m2_oneway,17,4,59,57e7316fb6c2aea7f22af2debf992411f162fb23b99f26e20ca9917a22800b28,t3,4,low,0.1470645666,0.8529354334,low,0,0
m2_oneway,17,4,59,57e7316fb6c2aea7f22af2debf992411f162fb23b99f26e20ca9917a22800b28,full,4,low,0.1470645666,0.8529354334,low,0,0
m2_oneway,17,4,62,f8e9ffc7e0ffb6235d54b1268168a35dda2087b04f0eb23655d9033041e4895d,t3,4,high,0.6868953407,0.3131046593,high,0,0
m2_oneway,17,4,62,f8e9ffc7e0ffb6235d54b1268168a35dda2087b04f0eb23655d9033041e4895d,t5,8,high,0.7473740578,0.2526259422,high,0,0
m2_oneway,17,4,62,f8e9ffc7e0ffb6235d54b1268168a35dda2087b04f0eb23655d9033041e4895d,t10,17,high,0.5258558095,0.4741441905,high,0,0
m2_oneway,17,4,62,f8e9ffc7e0ffb6235d54b1268168a35dda2087b04f0eb23655d9033041e4895d,t20,37,high,0.5597713888,0.4402286112,high,0,0
m2_oneway,17,4,62,f8e9ffc7e0ffb6235d54b1268168a35dda2087b04f0eb23655d9033041e4895d,full,45,high,0.5828472078,0.4171527922,high,0,0
m2_oneway,17,4,68,86e764296ae0d3f82d5181fcf23d71b68aa16bec297d30d24b66814a0222bec9,t3,4,high,0.4148988724,0.5851011276,low,0,0
m2_oneway,17,4,68,86e764296ae0d3f82d5181fcf23d71b68aa16bec297d30d24b66814a0222bec9,t5,8,high,0.4210756421,0.5789243579,low,0,0
m2_oneway,17,4,68,86e764296ae0d3f82d5181fcf23d71b68aa16bec297d30d24b66814a0222bec9,t10,18,high,0.8294919878,0.1705080122,high,0,0
m2_oneway,17,4,68,86e764296ae0d3f82d5181fcf23d71b68aa16bec297d30d24b66814a0222bec9,t20,38,high,0.8914335817,0.1085664183,high,0,0
m2_oneway,17,4,68,86e764296ae0d3f82d5181fcf23d71b68aa16bec297d30d24b66814a0222bec9,full,203,high,0.7472472787,0.2527527213,high,0,0
m2_oneway,17,4,73,e553658a13d5730f215fe7abaa4ffcafffebacc2a2c811523c5848785b07feb6,t3,5,high,0.7940657586,0.2059342414,high,0,0
m2_oneway,17,4,73,e553658a13d5730f215fe7abaa4ffcafffebacc2a2c811523c5848785b07feb6,t5,9,high,0.6958549917,0.3041450083,high,0,0
m2_oneway,17,4,73,e553658a13d5730f215fe7abaa4ffcafffebacc2a2c811523c5848785b07feb6,t10,19,high,0.9658995718,0.03410042822,high,0,0
m2_oneway,17,4,73,e553658a13d5730f215fe7abaa4ffcafffebacc2a2c811523c5848785b07feb6,full,25,high,0.945801273,0.05419872701,high,0,0
m2_oneway,17,4,89,a66012a80d34bfaefbf35c783b0cb519be49ffe11837f13fda441b6fe3ddf21a,t3,4,high,0.3920204043,0.6079795957,low,0,0
m2_oneway,17,4,89,a66012a80d34bfaefbf35c783b0cb519be49ffe11837f13fda441b6fe3ddf21a,t5,8,high,0.6703925431,0.3296074569,high,0,0
m2_oneway,17,4,89,a66012a80d34bfaefbf35c783b0cb519be49ffe11837f13fda441b6fe3ddf21a,t10,18,high,0.85919182,0.14080818,high,0,0
m2_oneway,17,4,89,a66012a80d34bfaefbf35c783b0cb519be49ffe11837f13fda441b6fe3ddf21a,t20,38,high,0.7662936598,0.2337063402,high,0,0
m2_oneway,17,4,89,a66012a80d34bfaefbf35c783b0cb519be49ffe11837f13fda441b6fe3ddf21a,full,44,high,0.7669924796,0.2330075204,high,0,0
m2_oneway,17,4,98,5223588a92753ef83373d79e22184bdfc746798fd2eec43f6e0d811eb386d59c,t3,4,high,0.3845653534,0.6154346466,low,0,0
m2_oneway,17,4,98,5223588a92753ef83373d79e22184bdfc746798fd2eec43f6e0d811eb386d59c,t5,8,high,0.427516222,0.572483778,low,0,0
m2_oneway,17,4,98,5223588a92753ef83373d79e22184bdfc746798fd2eec43f6e0d811eb386d59c,t10,18,high,0.4780415297,0.5219584703,low,0,0
m2_oneway,17,4,98,5223588a92753ef83373d79e22184bdfc746798fd2eec43f6e0d811eb386d59c,t20,38,high,0.521897614,0.478102386,high,0,0
m2_oneway,17,4,98,5223588a92753ef83373d79e22184bdfc746798fd2eec43f6e0d811eb386d59c,full,393,high,0.7606506497,0.2393493503,high,0,0
m2_oneway,17,4,100,bdb51e8336d8c2a0de850780446afe2818d0b4eeee21137a9bc817eff040e3c0,t3,4,high,0.8606036156,0.1393963844,high,0,0
m2_oneway,17,4,100,bdb51e8336d8c2a0de850780446afe2818d0b4eeee21137a9bc817eff040e3c0,t5,8,high,0.9079671353,0.09203286469,high,0,0
m2_oneway,17,4,100,bdb51e8336d8c2a0de850780446afe2818d0b4eeee21137a9bc817eff040e3c0,t10,18,high,0.8548846394,0.1451153606,high,0,0
m2_oneway,17,4,100,bdb51e8336d8c2a0de850780446afe2818d0b4eeee21137a9bc817eff040e3c0,t20,38,high,0.7333563864,0.2666436136,high,0,0
m2_oneway,17,4,100,bdb51e8336d8c2a0de850780446afe2818d0b4eeee21137a9bc817eff040e3c0,full,281,high,0.6749081016,0.3250918984,high,0,0
m2_oneway,17,4,103,e660b6010195823ff8abb7f5ac22b3e84ad23e55b4bfe23f84e74aa932c77d9a,t3,4,high,0.7786493003,0.2213506997,high,0,0
m2_oneway,17,4,103,e660b6010195823ff8abb7f5ac22b3e84ad23e55b4bfe23f84e74aa932c77d9a,t5,8,high,0.8860265389,0.1139734611,high,0,0
m2_oneway,17,4,103,e660b6010195823ff8abb7f5ac22b3e84ad23e55b4bfe23f84e74aa932c77d9a,full,16,high,0.9205042943,0.07949570566,high,0,0
m2_oneway,17,4,112,3a6ec6cf0cccb2db4bc4eb1d6583b28f6dc8816b49e0ae8aaa6a06484645efac,t3,4,high,0.6123096645,0.3876903355,high,0,0
m2_oneway,17,4,112,3a6ec6cf0cccb2db4bc4eb1d6583b28f6dc8816b49e0ae8aaa6a06484645efac,t5,8,high,0.8577681184,0.1422318816,high,0,0
m2_oneway,17,4,112,3a6ec6cf0cccb2db4bc4eb1d6583b28f6dc8816b49e0ae8aaa6a06484645efac,t10,18,high,0.7690802515,0.2309197485,high,0,0
m2_oneway,17,4,112,3a6ec6cf0cccb2db4bc4eb1d6583b28f6dc8816b49e0ae8aaa6a06484645efac,t20,38,high,0.9235923141,0.07640768588,high,0,0
m2_oneway,17,4,112,3a6ec6cf0cccb2db4bc4eb1d6583b28f6dc8816b49e0ae8aaa6a06484645efac,full,64,high,0.7086160183,0.2913839817,high,0,0
m2_oneway,17,4,122,e553658a13d5730f215fe7abaa4ffcafffebacc2a2c811523c5848785b07feb6,t3,5,high,0.8692713082,0.1307286918,high,0,0
m2_oneway,17,4,122,e553658a13d5730f215fe7abaa4ffcafffebacc2a2c811523c5848785b07feb6,t5,9,high,0.9178933725,0.08210662752,high,0,0
m2_oneway,17,4,122,e553658a13d5730f215fe7abaa4ffcafffebacc2a2c811523c5848785b07feb6,t10,19,high,0.8766343892,0.1233656108,high,0,0
m2_oneway,17,4,122,e553658a13d5730f215fe7abaa4ffcafffebacc2a2c811523c5848785b07feb6,full,25,high,0.7872777581,0.2127222419,high,0,0
m2_oneway,17,4,124,4f828f23a69a02612b535ecc3b578f0a9ef09ead831878c8330854912886c5a7,t3,5,high,0.9569571503,0.04304284975,high,0,0
m2_oneway,17,4,124,4f828f23a69a02612b535ecc3b578f0a9ef09ead831878c8330854912886c5a7,t5,9,high,0.9597620592,0.04023794085,high,0,0
m2_oneway,17,4,124,4f828f23a69a02612b535ecc3b578f0a9ef09ead831878c8330854912886c5a7,t10,19,high,0.5626571774,0.4373428226,high,0,0
m2_oneway,17,4,124,4f828f23a69a02612b535ecc3b578f0a9ef09ead831878c8330854912886c5a7,t20,39,high,0.5836780071,0.4163219929,high,0,0
m2_oneway,17,4,124,4f828f23a69a02612b535ecc3b578f0a9ef09ead831878c8330854912886c5a7,full,53,high,0.7634837776,0.2365162224,high,0,0
m2_oneway,17,4,132,95bf0f1bedb8e4250b3f6ee2dd241da6f07f8e65d2fc1c27c4c900116b2d104c,t3,4,high,0.5157418549,0.4842581451,high,0,0
m2_oneway,17,4,132,95bf0f1bedb8e4250b3f6ee2dd241da6f07f8e65d2fc1c27c4c900116b2d104c,t5,8,high,0.31197685,0.68802315,low,0,0
m2_oneway,17,4,132,95bf0f1bedb8e4250b3f6ee2dd241da6f07f8e65d2fc1c27c4c900116b2d104c,t10,18,high,0.3154722452,0.6845277548,low,0,0
m2_oneway,17,4,132,95bf0f1bedb8e4250b3f6ee2dd241da6f07f8e65d2fc1c27c4c900116b2d104c,t20,38,high,0.4873074293,0.5126925707,low,0,0
m2_oneway,17,4,132,95bf0f1bedb8e4250b3f6ee2dd241da6f07f8e65d2fc1c27c4c900116b2d104c,full,38,high,0.4873074293,0.5126925707,low,0,0
m3_discounted,17,4,0,0975c479310c006373f337dd0ad7a1b5438b2d205e3489d9920c6e86e5fdbc46,t3,4,high,0.6839455664,0.3160544336,high,1.240104675,-0.008963771164
m3_discounted,17,4,0,0975c479310c006373f337dd0ad7a1b5438b2d205e3489d9920c6e86e5fdbc46,t5,8,high,0.6849787533,0.3150212467,high,1.761142015,-0.01862423122
m3_discounted,17,4,0,0975c479310c006373f337dd0ad7a1b5438b2d205e3489d9920c6e86e5fdbc46,t10,18,high,0.6068152189,0.3931847811,high,4.174982548,0.01940535568
m3_discounted,17,4,0,0975c479310c006373f337dd0ad7a1b5438b2d205e3489d9920c6e86e5fdbc46,t20,38,high,0.7886186391,0.2113813609,high,3.680398941,0.07837953418
m3_discounted,17,4,0,0975c479310c006373f337dd0ad7a1b5438b2d205e3489d9920c6e86e5fdbc46,full,52,high,0.7770141959,0.2229858041,high,3.6262393,0.1203613728
m3_discounted,17,4,1,d824fbb44e854e98bdec49929ed132bd2f214eb9a16c2247f40b049e74673714,t3,4,high,0.6969484985,0.3030515015,high,1.09805727,0.01314599626
m3_discounted,17,4,1,d824fbb44e854e98bdec49929ed132bd2f214eb9a16c2247f40b049e74673714,t5,8,high,0.6639437079,0.3360562921,high,1.966533065,0.02213061228
m3_discounted,17,4,1,d824fbb44e854e98bdec49929ed132bd2f214eb9a16c2247f40b049e74673714,t10,18,high,0.7519716918,0.2480283082,high,2.248708487,0.02120302618
m3_discounted,17,4,1,d824fbb44e854e98bdec49929ed132bd2f214eb9a16c2247f40b049e74673714,full,36,high,0.6603106856,0.3396893144,high,4.901371002,0.09018695354
m3_discounted,17,4,3,e660b6010195823ff8abb7f5ac22b3e84ad23e55b4bfe23f84e74aa932c77d9a,t3,5,high,0.8339701742,0.1660298258,high,-0.8505553603,0.02544797584
m3_discounted,17,4,3,e660b6010195823ff8abb7f5ac22b3e84ad23e55b4bfe23f84e74aa932c77d9a,t5,9,high,0.8113453686,0.1886546314,high,-0.8463400006,0.05324854329
m3_discounted,17,4,3,e660b6010195823ff8abb7f5ac22b3e84ad23e55b4bfe23f84e74aa932c77d9a,full,15,high,0.7839697003,0.2160302997,high,-0.5896875858,0.07142820954
m3_discounted,17,4,6,384b0ba2da0f7a1aaf92176857f6b862b243c54a44b1a60ad1512e22fb6d4f57,t3,4,high,0.8105894476,0.1894105524,high,-0.3464849591,0.01353410818
m3_discounted,17,4,6,384b0ba2da0f7a1aaf92176857f6b862b243c54a44b1a60ad1512e22fb6d4f57,t5,8,high,0.7872228175,0.2127771825,high,-0.1703507155,0.03213601559
m3_discounted,17,4,6,384b0ba2da0f7a1aaf92176857f6b862b243c54a44b1a60ad1512e22fb6d4f57,t10,18,high,0.7804012001,0.2195987999,high,-0.2624095678,0.06055054441
m3_discounted,17,4,6,384b0ba2da0f7a1aaf92176857f6b862b243c54a44b1a60ad1512e22fb6d4f57,t20,38,high,0.794626087,0.205373913,high,0.7571489811,0.09814884514
m3_discounted,17,4,6,384b0ba2da0f7a1aaf92176857f6b862b243c54a44b1a60ad1512e22fb6d4f57,full,52,high,0.7589010596,0.2410989404,high,0.8889911771,0.1427426338
m3_discounted,17,4,9,bd6bdeca4d4d58b93dcd52052f780fcb2ab8a2a77ef89be9ded9271136bf1260,t3,4,low,0.6865550578,0.3134449422,high,1.180781364,0.01559652854
m3_discounted,17,4,9,bd6bdeca4d4d58b93dcd52052f780fcb2ab8a2a77ef89be9ded9271136bf1260,t5,8,low,0.6802917123,0.3197082877,high,1.730733037,0.0265475288
m3_discounted,17,4,9,bd6bdeca4d4d58b93dcd52052f780fcb2ab8a2a77ef89be9ded9271136bf1260,t10,18,low,0.6364774406,0.3635225594,high,3.598035812,0.05344185978
m3_discounted,17,4,9,bd6bdeca4d4d58b93dcd52052f780fcb2ab8a2a77ef89be9ded9271136bf1260,full,26,low,0.6455658674,0.3544341326,high,4.807736874,0.06459426135
m3_discounted,17,4,12,d751de9a9d281b7d8f3a57160f2880d8a6bb4d189690de0f7d7f2b033ad650a4,t3,4,high,0.7101273835,0.2898726165,high,0.9554898739,0.022870766
m3_discounted,17,4,12,d751de9a9d281b7d8f3a57160f2880d8a6bb4d189690de0f7d7f2b033ad650a4,t5,8,high,0.7065775692,0.2934224308,high,1.436052084,0.04168285429
m3_discounted,17,4,12,d751de9a9d281b7d8f3a57160f2880d8a6bb4d189690de0f7d7f2b033ad650a4,t10,16,high,0.7191874087,0.2808125913,high,1.798967361,0.07034812868
m3_discounted,17,4,12,d751de9a9d281b7d8f3a57160f2880d8a6bb4d189690de0f7d7f2b033ad650a4,t20,36,high,0.6941453218,0.3058546782,high,4.175428391,0.1420292407
m3_discounted,17,4,12,d751de9a9d281b7d8f3a57160f2880d8a6bb4d189690de0f7d7f2b033ad650a4,full,50,high,0.6344180107,0.3655819893,high,7.204256535,0.1518785506
m3_discounted,17,4,19,e660b6010195823ff8abb7f5ac22b3e84ad23e55b4bfe23f84e74aa932c77d9a,t3,4,high,0.8337523341,0.1662476659,high,-0.790365696,0.02534630895
m3_discounted,17,4,19,e660b6010195823ff8abb7f5ac22b3e84ad23e55b4bfe23f84e74aa932c77d9a,t5,8,high,0.8468457609,0.1531542391,high,-1.380360723,0.0253374204
m3_discounted,17,4,19,e660b6010195823ff8abb7f5ac22b3e84ad23e55b4bfe23f84e74aa932c77d9a,full,16,high,0.8336957395,0.1663042605,high,-2.083282709,0.05491133779
m3_discounted,17,4,23,56c65c573eb4b7bbca1e8a62ea910f474527ca7cc22d0832f7b8985143579c47,t3,4,high,0.8209735453,0.1790264547,high,-0.5431066751,0.01886706054
m3_discounted,17,4,23,56c65c573eb4b7bbca1e8a62ea910f474527ca7cc22d0832f7b8985143579c47,t5,8,high,0.8315353692,0.1684646308,high,-0.9380413294,0.03523156419
m3_discounted,17,4,23,56c65c573eb4b7bbca1e8a62ea910f474527ca7cc22d0832f7b8985143579c47,t10,18,high,0.7938466519,0.2061533481,high,-0.8585255146,0.09035474807
m3_discounted,17,4,23,56c65c573eb4b7bbca1e8a62ea910f474527ca7cc22d0832f7b8985143579c47,t20,38,high,0.8145228177,0.1854771823,high,-2.711061001,0.1482997239
m3_discounted,17,4,23,56c65c573eb4b7bbca1e8a62ea910f474527ca7cc22d0832f7b8985143579c47,full,78,high,0.8281738162,0.1718261838,high,-6.002029896,0.323420316
m3_discounted,17,4,30,0b66f0012a6499ae22a3ba3ea556348c4d65f1f039265ec21e4ad82aba2b5dab,t3,4,high,0.8000745773,0.1999254227,high,-0.1535502672,0.01473041065
m3_discounted,17,4,30,0b66f0012a6499ae22a3ba3ea556348c4d65f1f039265ec21e4ad82aba2b5dab,t5,8,high,0.7879455984,0.2120544016,high,-0.1273165345,0.04344393313
m3_discounted,17,4,30,0b66f0012a6499ae22a3ba3ea556348c4d65f1f039265ec21e4ad82aba2b5dab,t10,18,high,0.7676556706,0.2323443294,high,0.2983413935,0.03798988089
m3_discounted,17,4,30,0b66f0012a6499ae22a3ba3ea556348c4d65f1f039265ec21e4ad82aba2b5dab,full,28,high,0.7741779536,0.2258220464,high,0.2025034577,0.0712916553
m3_discounted,17,4,39,ba4f78fc596e7483b05f73b0a4f0c57215df572dab1d75cba29cf1873022b267,t3,4,high,0.7960487604,0.2039512396,high,-0.2347844839,0.03495912626
m3_discounted,17,4,39,ba4f78fc596e7483b05f73b0a4f0c57215df572dab1d75cba29cf1873022b267,t5,8,high,0.7958022803,0.2041977197,high,-0.2461882681,0.04133232683
m3_discounted,17,4,39,ba4f78fc596e7483b05f73b0a4f0c57215df572dab1d75cba29cf1873022b267,t10,18,high,0.7613032758,0.2386967242,high,0.1978707761,0.0663638711
m3_discounted,17,4,39,ba4f78fc596e7483b05f73b0a4f0c57215df572dab1d75cba29cf1873022b267,t20,38,high,0.6694465578,0.3305534422,high,3.249966145,0.1382233202
m3_discounted,17,4,39,ba4f78fc596e7483b05f73b0a4f0c57215df572dab1d75cba29cf1873022b267,full,71,high,0.7563712746,0.2436287254,high,3.667223454,0.2019985467
m3_discounted,17,4,40,e660b6010195823ff8abb7f5ac22b3e84ad23e55b4bfe23f84e74aa932c77d9a,t3,5,high,0.7710307539,0.2289692461,high,0.1455955356,0.02213548869
m3_discounted,17,4,40,e660b6010195823ff8abb7f5ac22b3e84ad23e55b4bfe23f84e74aa932c77d9a,t5,9,high,0.7437620461,0.2562379539,high,0.5503483415,0.04136042297
m3_discounted,17,4,40,e660b6010195823ff8abb7f5ac22b3e84ad23e55b4bfe23f84e74aa932c77d9a,t10,19,high,0.7963661253,0.2036338747,high,0.3500458002,0.0774307102
m3_discounted,17,4,40,e660b6010195823ff8abb7f5ac22b3e84ad23e55b4bfe23f84e74aa932c77d9a,full,19,high,0.7963661253,0.2036338747,high,0.3500458002,0.0774307102
m3_discounted,17,4,41,298f1741927a10b95fab08a2419835f2d89a49ade874c77e541bf480e574fcca,t3,4,high,0.7452021539,0.2547978461,high,0.5148656964,0.03433193266
m3_discounted,17,4,41,298f1741927a10b95fab08a2419835f2d89a49ade874c77e541bf480e574fcca,t5,8,high,0.750537768,0.249462232,high,0.7451351881,0.04711852223
m3_discounted,17,4,41,298f1741927a10b95fab08a2419835f2d89a49ade874c77e541bf480e574fcca,t10,18,high,0.7103374898,0.2896625102,high,2.021479607,0.1049999818
m3_discounted,17,4,41,298f1741927a10b95fab08a2419835f2d89a49ade874c77e541bf480e574fcca,t20,39,high,0.8286277652,0.1713722348,high,0.8062820435,0.2079284638
m3_discounted,17,4,41,298f1741927a10b95fab08a2419835f2d89a49ade874c77e541bf480e574fcca,full,83,high,0.8184434325,0.1815565675,high,-1.505180001,0.3471324146
m3_discounted,17,4,45,256a5ceb1fe87b9f23a66a55206039faf214b9b926fbe72aba2fd158983b62bf,t3,4,high,0.7702861279,0.2297138721,high,0.1587941796,0.01594953798
m3_discounted,17,4,45,256a5ceb1fe87b9f23a66a55206039faf214b9b926fbe72aba2fd158983b62bf,t5,8,high,0.8247340471,0.1752659529,high,-0.560883522,0.02220471203
m3_discounted,17,4,45,256a5ceb1fe87b9f23a66a55206039faf214b9b926fbe72aba2fd158983b62bf,t10,18,high,0.8191605806,0.1808394194,high,-1.038440228,0.02791699208
m3_discounted,17,4,45,256a5ceb1fe87b9f23a66a55206039faf214b9b926fbe72aba2fd158983b62bf,t20,38,high,0.8379199356,0.1620800644,high,-3.264377594,0.06397816539
m3_discounted,17,4,45,256a5ceb1fe87b9f23a66a55206039faf214b9b926fbe72aba2fd158983b62bf,full,50,high,0.7590526193,0.2409473807,high,-2.205328941,0.1048068404
m3_discounted,17,4,50,e660b6010195823ff8abb7f5ac22b3e84ad23e55b4bfe23f84e74aa932c77d9a,t3,5,high,0.6761904061,0.3238095939,high,1.418400168,0.0197516419
m3_discounted,17,4,50,e660b6010195823ff8abb7f5ac22b3e84ad23e55b4bfe23f84e74aa932c77d9a,t5,9,high,0.7237336338,0.2762663662,high,1.474241972,0.01777292415
m3_discounted,17,4,50,e660b6010195823ff8abb7f5ac22b3e84ad23e55b4bfe23f84e74aa932c77d9a,t10,19,high,0.7138353586,0.2861646414,high,2.168479681,0.07493969798
m3_discounted,17,4,50,e660b6010195823ff8abb7f5ac22b3e84ad23e55b4bfe23f84e74aa932c77d9a,t20,39,high,0.7637194842,0.2362805158,high,2.946745634,0.1494647861
m3_discounted,17,4,50,e660b6010195823ff8abb7f5ac22b3e84ad23e55b4bfe23f84e74aa932c77d9a,full,49,high,0.6514377296,0.3485622704,high,5.009069443,0.1934442371
m3_discounted,17,4,58,952764ee08a98895af51812c4985a51b674914b70701d789dc4ff497ab2cd741,t3,4,high,0.717702955,0.282297045,high,0.7981436253,0.03520604968
m3_discounted,17,4,58,952764ee08a98895af51812c4985a51b674914b70701d789dc4ff497ab2cd741,t5,8,high,0.7266740203,0.2733259797,high,1.065956235,0.05041055009
m3_discounted,17,4,58,952764ee08a98895af51812c4985a51b674914b70701d789dc4ff497ab2cd741,t10,18,high,0.7903248966,0.2096751034,high,0.5570567846,0.09652530402
m3_discounted,17,4,58,952764ee08a98895af51812c4985a51b674914b70701d789dc4ff497ab2cd741,t20,38,high,0.7542647123,0.2457352877,high,-0.3906402588,0.1576425582
m3_discounted,17,4,58,952764ee08a98895af51812c4985a51b674914b70701d789dc4ff497ab2cd741,full,99,high,0.7554899901,0.2445100099,high,2.404248953,0.3597753048
m3_discounted,17,4,59,57e7316fb6c2aea7f22af2debf992411f162fb23b99f26e20ca9917a22800b28,t3,4,low,0.7601811141,0.2398188859,high,0.2266020626,-0.004627022427
m3_discounted,17,4,59,57e7316fb6c2aea7f22af2debf992411f162fb23b99f26e20ca9917a22800b28,full,4,low,0.7601811141,0.2398188859,high,0.2266020626,-0.004627022427
m3_discounted,17,4,62,f8e9ffc7e0ffb6235d54b1268168a35dda2087b04f0eb23655d9033041e4895d,t3,4,high,0.8074479103,0.1925520897,high,-0.4049161673,0.04152584448
m3_discounted,17,4,62,f8e9ffc7e0ffb6235d54b1268168a35dda2087b04f0eb23655d9033041e4895d,t5,8,high,0.8180852532,0.1819147468,high,-0.7827464342,0.05827972293
m3_discounted,17,4,62,f8e9ffc7e0ffb6235d54b1268168a35dda2087b04f0eb23655d9033041e4895d,t10,17,high,0.7875034958,0.2124965042,high,-0.9501752853,0.06909135729
m3_discounted,17,4,62,f8e9ffc7e0ffb6235d54b1268168a35dda2087b04f0eb23655d9033041e4895d,t20,37,high,0.7047340572,0.2952659428,high,1.311909914,0.03850878775
m3_discounted,17,4,62,f8e9ffc7e0ffb6235d54b1268168a35dda2087b04f0eb23655d9033041e4895d,full,45,high,0.6432958245,0.3567041755,high,3.061939955,0.0646931529
m3_discounted,17,4,68,86e764296ae0d3f82d5181fcf23d71b68aa16bec297d30d24b66814a0222bec9,t3,4,high,0.8158115447,0.1841884553,high,-0.475129962,0.007659694646
m3_discounted,17,4,68,86e764296ae0d3f82d5181fcf23d71b68aa16bec297d30d24b66814a0222bec9,t5,8,high,0.7386578918,0.2613421082,high,0.4116222858,0.03677313775
m3_discounted,17,4,68,86e764296ae0d3f82d5181fcf23d71b68aa16bec297d30d24b66814a0222bec9,t10,18,high,0.7435118258,0.2564881742,high,1.102035165,0.0821576789
m3_discounted,17,4,68,86e764296ae0d3f82d5181fcf23d71b68aa16bec297d30d24b66814a0222bec9,t20,38,high,0.6324724555,0.3675275445,high,4.343408585,0.1977128237
m3_discounted,17,4,68,86e764296ae0d3f82d5181fcf23d71b68aa16bec297d30d24b66814a0222bec9,full,203,high,0.6585472524,0.3414527476,high,18.9882164,0.8431600332
m3_discounted,17,4,73,e553658a13d5730f215fe7abaa4ffcafffebacc2a2c811523c5848785b07feb6,t3,5,high,0.7061320245,0.2938679755,high,1.002256513,0.008785951883
m3_discounted,17,4,73,e553658a13d5730f215fe7abaa4ffcafffebacc2a2c811523c5848785b07feb6,t5,9,high,0.6951952577,0.3048047423,high,1.529793262,0.01735154726
m3_discounted,17,4,73,e553658a13d5730f215fe7abaa4ffcafffebacc2a2c811523c5848785b07feb6,t10,19,high,0.7339070737,0.2660929263,high,2.021893263,0.02264579572
m3_discounted,17,4,73,e553658a13d5730f215fe7abaa4ffcafffebacc2a2c811523c5848785b07feb6,full,25,high,0.8020765185,0.1979234815,high,1.32366097,0.02230656892
m3_discounted,17,4,89,a66012a80d34bfaefbf35c783b0cb519be49ffe11837f13fda441b6fe3ddf21a,t3,4,high,0.8172388226,0.1827611774,high,-0.5309361219,0.03972387314
m3_discounted,17,4,89,a66012a80d34bfaefbf35c783b0cb519be49ffe11837f13fda441b6fe3ddf21a,t5,8,high,0.8008315861,0.1991684139,high,-0.5385473967,0.06509159505
m3_discounted,17,4,89,a66012a80d34bfaefbf35c783b0cb519be49ffe11837f13fda441b6fe3ddf21a,t10,18,high,0.7800731808,0.2199268192,high,-0.4786776006,0.1273606867
m3_discounted,17,4,89,a66012a80d34bfaefbf35c783b0cb519be49ffe11837f13fda441b6fe3ddf21a,t20,38,high,0.6982601285,0.3017398715,high,1.381065249,0.2517169416
m3_discounted,17,4,89,a66012a80d34bfaefbf35c783b0cb519be49ffe11837f13fda441b6fe3ddf21a,full,44,high,0.7268093228,0.2731906772,high,1.524521589,0.2857734561
m3_discounted,17,4,98,5223588a92753ef83373d79e22184bdfc746798fd2eec43f6e0d811eb386d59c,t3,4,high,0.7780917287,0.2219082713,high,0.04335810244,0.008435593918
m3_discounted,17,4,98,5223588a92753ef83373d79e22184bdfc746798fd2eec43f6e0d811eb386d59c,t5,8,high,0.7119795978,0.2880204022,high,0.9660278559,0.02100693248
m3_discounted,17,4,98,5223588a92753ef83373d79e22184bdfc746798fd2eec43f6e0d811eb386d59c,t10,18,high,0.6903219223,0.3096780777,high,2.481651068,0.07234142721
m3_discounted,17,4,98,5223588a92753ef83373d79e22184bdfc746798fd2eec43f6e0d811eb386d59c,t20,38,high,0.6085796654,0.3914203346,high,6.515472889,0.1131570935
m3_discounted,17,4,98,5223588a92753ef83373d79e22184bdfc746798fd2eec43f6e0d811eb386d59c,full,393,high,0.6130930185,0.3869069815,high,52.91215897,1.426405907
m3_discounted,17,4,100,bdb51e8336d8c2a0de850780446afe2818d0b4eeee21137a9bc817eff040e3c0,t3,4,high,0.8435933143,0.1564066857,high,-0.9151059985,0.03202102333
m3_discounted,17,4,100,bdb51e8336d8c2a0de850780446afe2818d0b4eeee21137a9bc817eff040e3c0,t5,8,high,0.8410887718,0.1589112282,high,-1.285515785,0.04829272628
m3_discounted,17,4,100,bdb51e8336d8c2a0de850780446afe2818d0b4eeee21137a9bc817eff040e3c0,t10,18,high,0.851748541,0.148251459,high,-2.235547543,0.08564010262
m3_discounted,17,4,100,bdb51e8336d8c2a0de850780446afe2818d0b4eeee21137a9bc817eff040e3c0,t20,38,high,0.7683634013,0.2316365987,high,-1.4843961,0.1485906839
m3_discounted,17,4,100,bdb51e8336d8c2a0de850780446afe2818d0b4eeee21137a9bc817eff040e3c0,full,281,high,0.6578097641,0.3421902359,high,20.62745285,0.807038784
m3_discounted,17,4,103,e660b6010195823ff8abb7f5ac22b3e84ad23e55b4bfe23f84e74aa932c77d9a,t3,4,high,0.7184416652,0.2815583348,high,0.7905426621,0.01723550446
m3_discounted,17,4,103,e660b6010195823ff8abb7f5ac22b3e84ad23e55b4bfe23f84e74aa932c77d9a,t5,8,high,0.7052060068,0.2947939932,high,1.28573513,0.01825984567
m3_discounted,17,4,103,e660b6010195823ff8abb7f5ac22b3e84ad23e55b4bfe23f84e74aa932c77d9a,full,16,high,0.7071334124,0.2928665876,high,2.124084949,0.02267806977
m3_discounted,17,4,112,3a6ec6cf0cccb2db4bc4eb1d6583b28f6dc8816b49e0ae8aaa6a06484645efac,t3,4,high,0.6890700161,0.3109299839,high,1.156210661,0.01486542076
m3_discounted,17,4,112,3a6ec6cf0cccb2db4bc4eb1d6583b28f6dc8816b49e0ae8aaa6a06484645efac,t5,8,high,0.7217283249,0.2782716751,high,1.362301946,0.01422992628
m3_discounted,17,4,112,3a6ec6cf0cccb2db4bc4eb1d6583b28f6dc8816b49e0ae8aaa6a06484645efac,t10,18,high,0.8050832301,0.1949167699,high,0.3466048241,0.05659954995
m3_discounted,17,4,112,3a6ec6cf0cccb2db4bc4eb1d6583b28f6dc8816b49e0ae8aaa6a06484645efac,t20,38,high,0.8202006072,0.1797993928,high,-0.8499362469,0.1303136498
m3_discounted,17,4,112,3a6ec6cf0cccb2db4bc4eb1d6583b28f6dc8816b49e0ae8aaa6a06484645efac,full,64,high,0.8326028883,0.1673971117,high,-2.115267754,0.2349330634
m3_discounted,17,4,122,e553658a13d5730f215fe7abaa4ffcafffebacc2a2c811523c5848785b07feb6,t3,5,high,0.8481601477,0.1518398523,high,-1.095253587,0.0277094543
m3_discounted,17,4,122,e553658a13d5730f215fe7abaa4ffcafffebacc2a2c811523c5848785b07feb6,t5,9,high,0.8695560098,0.1304439902,high,-1.981021404,0.04798007756
m3_discounted,17,4,122,e553658a13d5730f215fe7abaa4ffcafffebacc2a2c811523c5848785b07feb6,t10,19,high,0.8625631928,0.1374368072,high,-3.373845577,0.07708677649
m3_discounted,17,4,122,e553658a13d5730f215fe7abaa4ffcafffebacc2a2c811523c5848785b07feb6,full,25,high,0.8185153902,0.1814846098,high,-3.267148495,0.09856335819
m3_discounted,17,4,124,4f828f23a69a02612b535ecc3b578f0a9ef09ead831878c8330854912886c5a7,t3,5,high,0.7893631309,0.2106368691,high,-0.01307414472,0.01449477673
m3_discounted,17,4,124,4f828f23a69a02612b535ecc3b578f0a9ef09ead831878c8330854912886c5a7,t5,9,high,0.7927368879,0.2072631121,high,0.006530061364,0.02942542918
m3_discounted,17,4,124,4f828f23a69a02612b535ecc3b578f0a9ef09ead831878c8330854912886c5a7,t10,19,high,0.7688443512,0.2311556488,high,0.07764172554,0.05142776296
m3_discounted,17,4,124,4f828f23a69a02612b535ecc3b578f0a9ef09ead831878c8330854912886c5a7,t20,39,high,0.6886983514,0.3113016486,high,3.455686092,0.06460437179
m3_discounted,17,4,124,4f828f23a69a02612b535ecc3b578f0a9ef09ead831878c8330854912886c5a7,full,53,high,0.7086008489,0.2913991511,high,4.56363821,0.1049008444
m3_discounted,17,4,132,95bf0f1bedb8e4250b3f6ee2dd241da6f07f8e65d2fc1c27c4c900116b2d104c,t3,4,high,0.7005824447,0.2994175553,high,1.070004582,-0.01244946662
m3_discounted,17,4,132,95bf0f1bedb8e4250b3f6ee2dd241da6f07f8e65d2fc1c27c4c900116b2d104c,t5,8,high,0.6931752861,0.3068247139,high,1.607152462,-0.005364363082
m3_discounted,17,4,132,95bf0f1bedb8e4250b3f6ee2dd241da6f07f8e65d2fc1c27c4c900116b2d104c,t10,18,high,0.6515453458,0.3484546542,high,3.153650284,0.01786448434
m3_discounted,17,4,132,95bf0f1bedb8e4250b3f6ee2dd241da6f07f8e65d2fc1c27c4c900116b2d104c,t20,38,high,0.718200475,0.281799525,high,4.567849636,0.0663318038
m3_discounted,17,4,132,95bf0f1bedb8e4250b3f6ee2dd241da6f07f8e65d2fc1c27c4c900116b2d104c,full,38,high,0.718200475,0.281799525,high,4.567849636,0.0663318038
