task,model,seed,outer_transcript_id,transcript_id,utterance_id,source_id,annotation_count,plurality_label,plurality_tie,vote_entropy,vote_prob_reflection,vote_prob_question,vote_prob_therapist_input,vote_prob_other,prediction,predicted_entropy,row_vote_log_score,row_vote_brier,row_jensen_shannon_divergence,prob_reflection,prob_question,prob_therapist_input,prob_other,annotator_head_disagreement,vote_prob_change,vote_prob_neutral,vote_prob_sustain,prob_change,prob_neutral,prob_sustain
client,hard_linear,-1,7,7,1,7fe3d6029ec1e666f41b728458a973e8e2e6924c09046427a23859dcc7b3d75a,10,neutral,False,0.2959032743,,,,,neutral,0.8369626403,0.5997788161,0.1222634134,0.08797502638,,,,,,0.1,0.9,0,0.1699459255,0.6253139377,0.2047401965
client,hard_linear,-1,7,7,3,7fe3d6029ec1e666f41b728458a973e8e2e6924c09046427a23859dcc7b3d75a,10,neutral,False,-0,,,,,neutral,0.7536146641,0.3667114079,0.1418337412,0.1203885466,,,,,,0,1,0,0.168810159,0.6930096149,0.1381802261
client,hard_linear,-1,7,7,5,7fe3d6029ec1e666f41b728458a973e8e2e6924c09046427a23859dcc7b3d75a,10,neutral,False,0.455485915,,,,,neutral,0.8689987659,0.7362277746,0.08338755876,0.07829116751,,,,,,0,0.8,0.2,0.2043010592,0.5959201455,0.1997787803
client,hard_linear,-1,7,7,7,7fe3d6029ec1e666f41b728458a973e8e2e6924c09046427a23859dcc7b3d75a,10,neutral,False,0.2959032743,,,,,neutral,0.832658112,0.6138515264,0.1295426209,0.09331224049,,,,,,0,0.9,0.1,0.2257751226,0.6241998672,0.1500250101
client,hard_linear,-1,7,7,9,7fe3d6029ec1e666f41b728458a973e8e2e6924c09046427a23859dcc7b3d75a,10,neutral,False,-0,,,,,neutral,0.7536146641,0.3667115271,0.1418337897,0.1203885629,,,,,,0,1,0,0.1688102335,0.6930096149,0.1381802112
client,hard_linear,-1,7,7,11,7fe3d6029ec1e666f41b728458a973e8e2e6924c09046427a23859dcc7b3d75a,10,neutral,False,0.2959032743,,,,,neutral,0.8939251304,0.6589917421,0.1684263793,0.1035378434,,,,,,0.1,0.9,0,0.2190797627,0.5692070723,0.2117131501
client,hard_linear,-1,7,7,13,7fe3d6029ec1e666f41b728458a973e8e2e6924c09046427a23859dcc7b3d75a,10,neutral,False,-0,,,,,neutral,0.7536146641,0.3667114079,0.1418337412,0.1203885466,,,,,,0,1,0,0.168810159,0.6930096149,0.1381802261
client,hard_linear,-1,7,7,15,7fe3d6029ec1e666f41b728458a973e8e2e6924c09046427a23859dcc7b3d75a,10,sustain,False,0.6126016193,,,,,neutral,0.8311268687,1.101645637,0.222082422,0.1129238218,,,,,,0,0.4,0.6,0.1549055576,0.6275790334,0.2175153941
client,hard_linear,-1,7,7,17,7fe3d6029ec1e666f41b728458a973e8e2e6924c09046427a23859dcc7b3d75a,10,sustain,False,0.6126016193,,,,,neutral,0.8778918386,1.101842618,0.2076741146,0.1169622108,,,,,,0,0.4,0.6,0.1872534454,0.5848318338,0.2279147208
client,hard_linear,-1,7,7,19,7fe3d6029ec1e666f41b728458a973e8e2e6924c09046427a23859dcc7b3d75a,10,neutral,False,0.455485915,,,,,neutral,0.7051585317,0.7017418861,0.04201308176,0.06566521201,,,,,,0,0.8,0.2,0.1671437472,0.7237608433,0.1090954319
client,hard_linear,-1,7,7,21,7fe3d6029ec1e666f41b728458a973e8e2e6924c09046427a23859dcc7b3d75a,10,neutral,False,0.5816718657,,,,,neutral,0.9403704405,0.8421726465,0.1448410769,0.05375332468,,,,,,0.1,0.8,0.1,0.2020725459,0.4947857857,0.3031417131
client,hard_linear,-1,7,7,23,7fe3d6029ec1e666f41b728458a973e8e2e6924c09046427a23859dcc7b3d75a,10,sustain,False,0.455485915,,,,,neutral,0.841956377,1.49859637,0.6126454901,0.2374963763,,,,,,0,0.2,0.8,0.206058234,0.6208770871,0.1730646491
client,hard_linear,-1,7,7,25,7fe3d6029ec1e666f41b728458a973e8e2e6924c09046427a23859dcc7b3d75a,10,neutral,True,0.6309297536,,,,,neutral,0.7536146641,1.172953919,0.19666313,0.1208071196,,,,,,0,0.5,0.5,0.168810159,0.6930096149,0.1381802261
client,hard_linear,-1,7,7,27,7fe3d6029ec1e666f41b728458a973e8e2e6924c09046427a23859dcc7b3d75a,10,neutral,False,-0,,,,,neutral,0.7277648449,0.3563763201,0.1403736382,0.1171842126,,,,,,0,1,0,0.2026293576,0.7002090216,0.0971616134
client,hard_linear,-1,7,7,29,7fe3d6029ec1e666f41b728458a973e8e2e6924c09046427a23859dcc7b3d75a,10,neutral,False,-0,,,,,neutral,0.7536146641,0.3667114079,0.1418337412,0.1203885466,,,,,,0,1,0,0.168810159,0.6930096149,0.1381802261
client,hard_linear,-1,7,7,31,7fe3d6029ec1e666f41b728458a973e8e2e6924c09046427a23859dcc7b3d75a,10,neutral,False,-0,,,,,neutral,0.6706653833,0.290438503,0.09593488965,0.09647800051,,,,,,0,1,0,0.1437826455,0.7479355931,0.108281821
client,hard_linear,-1,7,7,33,7fe3d6029ec1e666f41b728458a973e8e2e6924c09046427a23859dcc7b3d75a,10,neutral,False,0.6126016193,,,,,neutral,0.7425704002,1.022612214,0.1097240775,0.09510945469,,,,,,0.4,0.6,0,0.1322736144,0.7006371021,0.1670892984
client,hard_linear,-1,7,7,35,7fe3d6029ec1e666f41b728458a973e8e2e6924c09046427a23859dcc7b3d75a,10,neutral,False,0.2959032743,,,,,neutral,0.8452263474,0.5899401546,0.1314406904,0.08084986039,,,,,,0.1,0.9,0,0.255753696,0.6041187048,0.1401275694
client,hard_linear,-1,7,7,37,7fe3d6029ec1e666f41b728458a973e8e2e6924c09046427a23859dcc7b3d75a,10,neutral,False,0.7298466992,,,,,neutral,0.859913528,0.8504138112,0.0237055655,0.01329071503,,,,,,0.2,0.7,0.1,0.1788091213,0.6032828093,0.2179080397
client,hard_linear,-1,7,7,39,7fe3d6029ec1e666f41b728458a973e8e2e6924c09046427a23859dcc7b3d75a,10,neutral,False,0.455485915,,,,,neutral,0.7536146641,0.6892084122,0.04376549671,0.06326467503,,,,,,0,0.8,0.2,0.168810159,0.6930096149,0.1381802261
client,hard_linear,-1,7,7,41,7fe3d6029ec1e666f41b728458a973e8e2e6924c09046427a23859dcc7b3d75a,10,neutral,False,0.2959032743,,,,,neutral,0.8257656693,0.7368105114,0.2171617971,0.1335106748,,,,,,0,0.9,0.1,0.3324861526,0.573536396,0.09397748858
client,hard_linear,-1,7,7,43,7fe3d6029ec1e666f41b728458a973e8e2e6924c09046427a23859dcc7b3d75a,10,sustain,False,0.8586727111,,,,,neutral,0.8595770001,1.192563248,0.1501970456,0.05641271153,,,,,,0.1,0.4,0.5,0.2062636465,0.6049951911,0.1887411773
client,hard_linear,-1,7,7,45,7fe3d6029ec1e666f41b728458a973e8e2e6924c09046427a23859dcc7b3d75a,10,neutral,False,0.5816718657,,,,,neutral,0.9586948752,0.9582551241,0.238341755,0.08382213159,,,,,,0.1,0.8,0.1,0.3852981627,0.4162604809,0.1984413415
client,hard_linear,-1,7,7,47,7fe3d6029ec1e666f41b728458a973e8e2e6924c09046427a23859dcc7b3d75a,10,change,False,0.2959032743,,,,,neutral,0.9644480944,0.9711320698,0.4198382495,0.1802362907,,,,,,0.9,0.1,0,0.3746451139,0.4167219102,0.2086329907
client,hard_linear,-1,7,7,49,7fe3d6029ec1e666f41b728458a973e8e2e6924c09046427a23859dcc7b3d75a,10,change,False,0.2959032743,,,,,neutral,0.7713102102,1.233575654,0.7071792307,0.2326716349,,,,,,0.9,0.1,0,0.2665686607,0.6462002397,0.08723111451
client,hard_linear,-1,7,7,51,7fe3d6029ec1e666f41b728458a973e8e2e6924c09046427a23859dcc7b3d75a,10,change,False,-0,,,,,change,0.9811137915,0.896437943,0.5307231419,0.2693630549,,,,,,1,0,0,0.4080204666,0.346306324,0.2456731647
client,hard_linear,-1,7,7,53,7fe3d6029ec1e666f41b728458a973e8e2e6924c09046427a23859dcc7b3d75a,10,change,False,0.6126016193,,,,,neutral,0.7536146641,1.214072692,0.2908729938,0.1318800436,,,,,,0.6,0.4,0,0.1688102335,0.6930096149,0.1381802112
client,hard_linear,-1,7,7,55,7fe3d6029ec1e666f41b728458a973e8e2e6924c09046427a23859dcc7b3d75a,10,change,False,0.5560326499,,,,,neutral,0.7573671937,1.293421093,0.4317051451,0.1630483421,,,,,,0.7,0.3,0,0.1850226074,0.6876857877,0.1272916347
client,hard_linear,-1,7,7,57,7fe3d6029ec1e666f41b728458a973e8e2e6924c09046427a23859dcc7b3d75a,10,neutral,False,0.6126016193,,,,,neutral,0.9815523624,1.048396063,0.1472166841,0.1229979895,,,,,,0.4,0.6,0,0.2627160251,0.4247707427,0.3125132024
client,hard_linear,-1,7,7,59,7fe3d6029ec1e666f41b728458a973e8e2e6924c09046427a23859dcc7b3d75a,10,neutral,False,0.455485915,,,,,neutral,0.6738794446,0.6103036642,0.01553750208,0.03721363689,,,,,,0.2,0.8,0,0.1540834159,0.7442976236,0.101618968
client,hard_linear,-1,7,7,61,7fe3d6029ec1e666f41b728458a973e8e2e6924c09046427a23859dcc7b3d75a,10,neutral,False,0.5560326499,,,,,neutral,0.6878927946,0.8591707438,0.05666976309,0.07202348818,,,,,,0.3,0.7,0,0.1160589531,0.7375724316,0.1463685781
client,hard_linear,-1,7,7,63,7fe3d6029ec1e666f41b728458a973e8e2e6924c09046427a23859dcc7b3d75a,10,neutral,False,0.455485915,,,,,neutral,0.7455969453,0.6479738235,0.03024127076,0.05004614262,,,,,,0.2,0.8,0,0.1640723646,0.6989993453,0.1369282752
client,hard_linear,-1,7,7,65,7fe3d6029ec1e666f41b728458a973e8e2e6924c09046427a23859dcc7b3d75a,10,neutral,False,0.455485915,,,,,neutral,0.8712475896,0.7021013737,0.07661631559,0.06510901351,,,,,,0.2,0.8,0,0.2631557286,0.5804948211,0.1563494354
client,hard_linear,-1,27,27,1,e883cab14c33a28c3bf1e25281ef335a7bcd08f31fb3e2cea1e824982af00196,10,neutral,False,0.8649735207,,,,,neutral,0.8866607547,1.042166269,0.05676287415,0.02393134848,,,,,,0.2,0.6,0.2,0.3933867216,0.4850690663,0.1215441301
client,hard_linear,-1,27,27,3,e883cab14c33a28c3bf1e25281ef335a7bcd08f31fb3e2cea1e824982af00196,10,neutral,False,0.6126016193,,,,,neutral,0.8282003403,1.021699667,0.1066832742,0.1023115206,,,,,,0,0.6,0.4,0.2140816897,0.6306850314,0.1552333087
client,hard_linear,-1,27,27,5,e883cab14c33a28c3bf1e25281ef335a7bcd08f31fb3e2cea1e824982af00196,10,neutral,False,0.455485915,,,,,neutral,0.8550730944,1.052635384,0.2894135076,0.1755000186,,,,,,0,0.8,0.2,0.4218364358,0.4830286503,0.09513488412
client,hard_linear,-1,27,27,7,e883cab14c33a28c3bf1e25281ef335a7bcd08f31fb3e2cea1e824982af00196,10,neutral,False,0.8649735207,,,,,neutral,0.8921100497,0.9960217237,0.02586855488,0.01185809983,,,,,,0.2,0.6,0.2,0.331071645,0.5274325013,0.1414958388
client,hard_linear,-1,27,27,9,e883cab14c33a28c3bf1e25281ef335a7bcd08f31fb3e2cea1e824982af00196,10,neutral,False,-0,,,,,neutral,0.7306810617,0.3548215926,0.1379698336,0.1167011859,,,,,,0,1,0,0.1948259473,0.7012985349,0.1038754955
client,hard_linear,-1,27,27,11,e883cab14c33a28c3bf1e25281ef335a7bcd08f31fb3e2cea1e824982af00196,10,neutral,False,-0,,,,,neutral,0.6295924783,0.2747380733,0.09262199055,0.09148115836,,,,,,0,1,0,0.1751467139,0.7597709894,0.06508219987
client,hard_linear,-1,27,27,13,e883cab14c33a28c3bf1e25281ef335a7bcd08f31fb3e2cea1e824982af00196,10,neutral,False,0.455485915,,,,,neutral,0.6966201663,0.6627537251,0.02986705398,0.05383685536,,,,,,0.2,0.8,0,0.1261826605,0.732760787,0.1410565227
client,hard_linear,-1,27,27,15,e883cab14c33a28c3bf1e25281ef335a7bcd08f31fb3e2cea1e824982af00196,10,sustain,False,-0,,,,,neutral,0.9168304801,1.660284519,1.016191032,0.43179763,,,,,,0,0,1,0.2779785991,0.5319365263,0.1900849044
client,hard_linear,-1,27,27,17,e883cab14c33a28c3bf1e25281ef335a7bcd08f31fb3e2cea1e824982af00196,10,sustain,False,-0,,,,,neutral,0.9020367861,1.782939434,1.069540307,0.4524788907,,,,,,0,0,1,0.290306747,0.5415500998,0.1681431681
client,hard_linear,-1,27,27,19,e883cab14c33a28c3bf1e25281ef335a7bcd08f31fb3e2cea1e824982af00196,10,sustain,False,-0,,,,,change,0.8615855575,2.274539232,1.213239497,0.5222053473,,,,,,0,0,1,0.5029240251,0.3942317367,0.1028443053
client,hard_linear,-1,27,27,21,e883cab14c33a28c3bf1e25281ef335a7bcd08f31fb3e2cea1e824982af00196,10,sustain,False,-0,,,,,neutral,0.9490767121,1.694426537,0.9995973059,0.4376949689,,,,,,0,0,1,0.4014422894,0.4148531556,0.183704555
client,hard_linear,-1,55,55,1,1b9abf33ba8b2badfab01f2ee1f7aa958800a9808d579c0ec4e6bc41eb27f449,10,neutral,False,-0,,,,,neutral,0.8842461705,0.5713029504,0.2905443291,0.1814963947,,,,,,0,1,0,0.2743129432,0.5647889972,0.1608979553
client,hard_linear,-1,55,55,3,1b9abf33ba8b2badfab01f2ee1f7aa958800a9808d579c0ec4e6bc41eb27f449,10,neutral,False,-0,,,,,neutral,0.8896918297,0.6090018153,0.3245621369,0.1922688688,,,,,,0,1,0,0.3071495295,0.5438935161,0.1489569694
client,hard_linear,-1,55,55,5,1b9abf33ba8b2badfab01f2ee1f7aa958800a9808d579c0ec4e6bc41eb27f449,10,neutral,False,-0,,,,,neutral,0.7715374231,0.38889274,0.1570656851,0.1272279736,,,,,,0,1,0,0.1350855231,0.6778069735,0.187107563
client,hard_linear,-1,55,55,7,1b9abf33ba8b2badfab01f2ee1f7aa958800a9808d579c0ec4e6bc41eb27f449,10,neutral,False,-0,,,,,neutral,0.8136953712,0.4411029816,0.1925183598,0.1431219463,,,,,,0,1,0,0.2074429542,0.6433264613,0.1492305845
client,hard_linear,-1,55,55,9,1b9abf33ba8b2badfab01f2ee1f7aa958800a9808d579c0ec4e6bc41eb27f449,10,neutral,False,-0,,,,,neutral,0.8560551405,0.50683254,0.2399530332,0.1627207846,,,,,,0,1,0,0.2363840044,0.6024006009,0.16121535
client,hard_linear,-1,55,55,11,1b9abf33ba8b2badfab01f2ee1f7aa958800a9808d579c0ec4e6bc41eb27f449,10,neutral,False,-0,,,,,neutral,0.8763887882,0.5365661979,0.2601886155,0.1714353267,,,,,,0,1,0,0.2354011685,0.5847527385,0.1798460931
client,hard_linear,-1,55,55,13,1b9abf33ba8b2badfab01f2ee1f7aa958800a9808d579c0ec4e6bc41eb27f449,10,neutral,False,-0,,,,,neutral,0.9314904809,0.7553521991,0.4399705308,0.2326373284,,,,,,0,1,0,0.3609268665,0.4698451161,0.1692280322
client,hard_linear,-1,55,55,15,1b9abf33ba8b2badfab01f2ee1f7aa958800a9808d579c0ec4e6bc41eb27f449,10,neutral,False,-0,,,,,neutral,0.7737382054,0.4065710306,0.1734842585,0.1326418442,,,,,,0,1,0,0.2221708298,0.6659297347,0.1118993387
client,hard_linear,-1,55,55,17,1b9abf33ba8b2badfab01f2ee1f7aa958800a9808d579c0ec4e6bc41eb27f449,10,neutral,False,0.2959032743,,,,,neutral,0.9021674991,0.6670502961,0.1792441826,0.104205291,,,,,,0.1,0.9,0,0.253764689,0.554995656,0.191239655
client,hard_linear,-1,55,55,19,1b9abf33ba8b2badfab01f2ee1f7aa958800a9808d579c0ec4e6bc41eb27f449,10,neutral,False,0.6126016193,,,,,neutral,0.8290963173,0.9745792627,0.08968646574,0.09013342018,,,,,,0.4,0.6,0,0.173568517,0.6332794428,0.1931520849
client,hard_linear,-1,55,55,21,1b9abf33ba8b2badfab01f2ee1f7aa958800a9808d579c0ec4e6bc41eb27f449,10,neutral,False,-0,,,,,neutral,0.729809761,0.3544414639,0.1378845042,0.1165830396,,,,,,0,1,0,0.1955289394,0.7015652061,0.1029058397
client,hard_linear,-1,55,55,23,1b9abf33ba8b2badfab01f2ee1f7aa958800a9808d579c0ec4e6bc41eb27f449,10,neutral,False,0.455485915,,,,,sustain,0.9348069429,1.186136627,0.4289652388,0.1804982547,,,,,,0,0.8,0.2,0.2178388238,0.2681239545,0.5140371919
client,hard_linear,-1,55,55,25,1b9abf33ba8b2badfab01f2ee1f7aa958800a9808d579c0ec4e6bc41eb27f449,10,neutral,False,0.6126016193,,,,,sustain,0.8969706297,1.05417254,0.179966167,0.1072138604,,,,,,0,0.6,0.4,0.1858481467,0.2539387345,0.560213089
client,hard_linear,-1,55,55,27,1b9abf33ba8b2badfab01f2ee1f7aa958800a9808d579c0ec4e6bc41eb27f449,10,neutral,True,0.6309297536,,,,,neutral,0.9622068405,1.141654342,0.180872598,0.1385556623,,,,,,0,0.5,0.5,0.3198759258,0.4570912421,0.2230328023
client,hard_linear,-1,55,55,29,1b9abf33ba8b2badfab01f2ee1f7aa958800a9808d579c0ec4e6bc41eb27f449,10,sustain,False,0.5560326499,,,,,neutral,0.9793872237,1.028582585,0.2091869942,0.1236151147,,,,,,0,0.3,0.7,0.2467180938,0.4194189608,0.3338630199
client,hard_linear,-1,55,55,31,1b9abf33ba8b2badfab01f2ee1f7aa958800a9808d579c0ec4e6bc41eb27f449,10,sustain,False,0.455485915,,,,,sustain,0.9698114991,1.00173347,0.2782074454,0.1564875517,,,,,,0,0.2,0.8,0.362739563,0.2196742892,0.417586118
client,hard_linear,-1,55,55,33,1b9abf33ba8b2badfab01f2ee1f7aa958800a9808d579c0ec4e6bc41eb27f449,10,change,False,0.455485915,,,,,neutral,0.9996950626,1.096299171,0.3452644931,0.1719276025,,,,,,0.8,0.2,0,0.3315058053,0.3447086215,0.3237855732
client,hard_linear,-1,55,55,35,1b9abf33ba8b2badfab01f2ee1f7aa958800a9808d579c0ec4e6bc41eb27f449,10,neutral,False,0.2959032743,,,,,neutral,0.8290963173,0.5862775445,0.1138599305,0.08360737617,,,,,,0.1,0.9,0,0.1735685319,0.6332794428,0.1931520849
client,hard_linear,-1,55,55,37,1b9abf33ba8b2badfab01f2ee1f7aa958800a9808d579c0ec4e6bc41eb27f449,10,neutral,False,-0,,,,,neutral,0.8342661858,0.4634999633,0.2063794793,0.149851725,,,,,,0,1,0,0.1870131195,0.6290780306,0.18390885
client,hard_linear,-1,55,55,39,1b9abf33ba8b2badfab01f2ee1f7aa958800a9808d579c0ec4e6bc41eb27f449,10,neutral,False,-0,,,,,neutral,0.8136893511,0.4478001893,0.1991103305,0.1451398722,,,,,,0,1,0,0.1376826167,0.6390323639,0.2232850045
client,hard_linear,-1,55,55,41,1b9abf33ba8b2badfab01f2ee1f7aa958800a9808d579c0ec4e6bc41eb27f449,10,neutral,False,0.5560326499,,,,,neutral,0.8824313283,0.7854822874,0.04379119855,0.05885264003,,,,,,0.3,0.7,0,0.2752428055,0.5659685135,0.1587886661
client,hard_linear,-1,55,55,43,1b9abf33ba8b2badfab01f2ee1f7aa958800a9808d579c0ec4e6bc41eb27f449,10,neutral,False,-0,,,,,neutral,0.798923254,0.4311066866,0.1883363776,0.1401011489,,,,,,0,1,0,0.221824348,0.6497895122,0.1283860654
client,hard_linear,-1,55,55,45,1b9abf33ba8b2badfab01f2ee1f7aa958800a9808d579c0ec4e6bc41eb27f449,10,neutral,False,0.5560326499,,,,,neutral,0.9931902885,1.002049911,0.1815422187,0.1231756354,,,,,,0.3,0.7,0,0.3224484622,0.3881212175,0.2894303203
client,hard_linear,-1,55,55,47,1b9abf33ba8b2badfab01f2ee1f7aa958800a9808d579c0ec4e6bc41eb27f449,10,neutral,False,0.8586727111,,,,,neutral,0.9632989168,1.001913822,0.02568693399,0.01595539125,,,,,,0.4,0.5,0.1,0.3131996095,0.4585901499,0.228210181
client,hard_linear,-1,55,55,49,1b9abf33ba8b2badfab01f2ee1f7aa958800a9808d579c0ec4e6bc41eb27f449,10,change,False,0.8173454221,,,,,neutral,0.9627212882,1.000691301,0.0709695236,0.02580613404,,,,,,0.6,0.3,0.1,0.382530123,0.4125941396,0.2048757821
client,hard_linear,-1,55,55,51,1b9abf33ba8b2badfab01f2ee1f7aa958800a9808d579c0ec4e6bc41eb27f449,10,neutral,False,0.2959032743,,,,,neutral,0.7353351116,0.4912464827,0.0586650238,0.05358330307,,,,,,0.1,0.9,0,0.1720983088,0.7044707537,0.1234309152
client,hard_linear,-1,55,55,53,1b9abf33ba8b2badfab01f2ee1f7aa958800a9808d579c0ec4e6bc41eb27f449,10,neutral,False,0.5560326499,,,,,neutral,0.7126831412,0.7747212172,0.03303153764,0.05105329765,,,,,,0.3,0.7,0,0.162571162,0.7202298641,0.1171989962
client,hard_linear,-1,55,55,55,1b9abf33ba8b2badfab01f2ee1f7aa958800a9808d579c0ec4e6bc41eb27f449,10,change,False,0.2959032743,,,,,neutral,0.9274551272,1.06843316,0.5117903968,0.2008526367,,,,,,0.9,0.1,0,0.3298747241,0.4951220453,0.1750032455
client,hard_linear,-1,55,55,57,1b9abf33ba8b2badfab01f2ee1f7aa958800a9808d579c0ec4e6bc41eb27f449,10,change,False,-0,,,,,sustain,0.9863781333,1.216857791,0.7513414509,0.3448398555,,,,,,1,0,0,0.2961592972,0.2876790166,0.4161616266
client,hard_linear,-1,55,55,59,1b9abf33ba8b2badfab01f2ee1f7aa958800a9808d579c0ec4e6bc41eb27f449,10,change,False,-0,,,,,neutral,0.9134343863,1.27632308,0.8406234021,0.3576553375,,,,,,1,0,0,0.2790614963,0.5351044536,0.1858340651
client,hard_linear,-1,55,55,61,1b9abf33ba8b2badfab01f2ee1f7aa958800a9808d579c0ec4e6bc41eb27f449,10,change,False,0.6126016193,,,,,neutral,0.7943248749,1.00294044,0.189302868,0.08735265104,,,,,,0.6,0.4,0,0.2531239986,0.6398398876,0.1070361435
client,hard_linear,-1,55,55,63,1b9abf33ba8b2badfab01f2ee1f7aa958800a9808d579c0ec4e6bc41eb27f449,10,neutral,False,0.6126016193,,,,,neutral,0.8877772093,0.9537328601,0.08182575061,0.08890154352,,,,,,0.4,0.6,0,0.2107337117,0.5761148334,0.2131514102
client,hard_linear,-1,56,56,1,994bc72760dcfe7fa4dcb4204fd49276c86f3b5d7563bd03968bb98375e50059,10,neutral,False,-0,,,,,neutral,0.8737516403,0.5258367658,0.2508517034,0.1683015566,,,,,,0,1,0,0.2059763968,0.5910605788,0.2029629946
client,hard_linear,-1,56,56,3,994bc72760dcfe7fa4dcb4204fd49276c86f3b5d7563bd03968bb98375e50059,10,neutral,False,-0,,,,,neutral,0.8820983171,0.6085205078,0.327719499,0.1921322923,,,,,,0,1,0,0.3174432516,0.5441553593,0.1384013891
client,hard_linear,-1,56,56,5,994bc72760dcfe7fa4dcb4204fd49276c86f3b5d7563bd03968bb98375e50059,10,neutral,False,-0,,,,,neutral,0.9837366939,0.8585672975,0.4981484077,0.2597161349,,,,,,0,1,0,0.2946262658,0.4237687886,0.2816049755
client,hard_linear,-1,56,56,7,994bc72760dcfe7fa4dcb4204fd49276c86f3b5d7563bd03968bb98375e50059,10,neutral,False,0.2959032743,,,,,neutral,0.9839809537,0.9463999569,0.3818467414,0.1824902516,,,,,,0.1,0.9,0,0.2549942732,0.4066832364,0.3383224607
client,hard_linear,-1,56,56,9,994bc72760dcfe7fa4dcb4204fd49276c86f3b5d7563bd03968bb98375e50059,10,neutral,True,0.6309297536,,,,,neutral,0.8954187036,1.161100268,0.1794287952,0.1336653689,,,,,,0,0.5,0.5,0.2664915025,0.5576758981,0.1758325249
client,hard_linear,-1,56,56,11,994bc72760dcfe7fa4dcb4204fd49276c86f3b5d7563bd03968bb98375e50059,10,sustain,False,0.6126016193,,,,,neutral,0.9391069412,1.334909916,0.3062475827,0.1836548919,,,,,,0,0.4,0.6,0.3537437618,0.4665880799,0.179668054
client,hard_linear,-1,56,56,13,994bc72760dcfe7fa4dcb4204fd49276c86f3b5d7563bd03968bb98375e50059,10,neutral,False,0.455485915,,,,,neutral,0.8017511964,0.6610437155,0.04256295133,0.05406569899,,,,,,0.2,0.8,0,0.2010734379,0.6535844803,0.1453420371
client,hard_linear,-1,56,56,15,994bc72760dcfe7fa4dcb4204fd49276c86f3b5d7563bd03968bb98375e50059,10,neutral,False,0.2959032743,,,,,neutral,0.7668546438,0.5211277217,0.07345945327,0.06339976542,,,,,,0.1,0.9,0,0.1665715724,0.6839413643,0.1494870037
client,hard_linear,-1,56,56,17,994bc72760dcfe7fa4dcb4204fd49276c86f3b5d7563bd03968bb98375e50059,10,neutral,False,0.5560326499,,,,,neutral,0.8017511964,0.7789238721,0.03306516875,0.05568467371,,,,,,0.3,0.7,0,0.2010734379,0.6535844803,0.1453420371
client,hard_linear,-1,56,56,19,994bc72760dcfe7fa4dcb4204fd49276c86f3b5d7563bd03968bb98375e50059,10,neutral,False,0.455485915,,,,,neutral,0.7807553411,0.7710984707,0.07993604727,0.08895958646,,,,,,0,0.8,0.2,0.2287925184,0.6589858532,0.1122216359
client,hard_linear,-1,56,56,21,994bc72760dcfe7fa4dcb4204fd49276c86f3b5d7563bd03968bb98375e50059,10,sustain,False,0.5560326499,,,,,neutral,0.9827911258,1.275632727,0.3542695708,0.1894235429,,,,,,0,0.3,0.7,0.3738925755,0.3819180429,0.2441893518
client,hard_linear,-1,56,56,23,994bc72760dcfe7fa4dcb4204fd49276c86f3b5d7563bd03968bb98375e50059,10,neutral,False,0.5816718657,,,,,neutral,0.8473370075,0.7249985456,0.05611616317,0.02290950605,,,,,,0.1,0.8,0.1,0.2307328731,0.6111841202,0.1580830663
client,hard_linear,-1,56,56,25,994bc72760dcfe7fa4dcb4204fd49276c86f3b5d7563bd03968bb98375e50059,10,sustain,False,0.6126016193,,,,,neutral,0.9755522609,1.191799998,0.238312142,0.1540278498,,,,,,0,0.4,0.6,0.3295352757,0.4294253588,0.241039291
client,hard_linear,-1,56,56,27,994bc72760dcfe7fa4dcb4204fd49276c86f3b5d7563bd03968bb98375e50059,10,sustain,False,0.455485915,,,,,change,0.9658783674,1.401667547,0.5422252753,0.2465734043,,,,,,0,0.2,0.8,0.4537753463,0.314694792,0.2315298468
client,hard_linear,-1,56,56,29,994bc72760dcfe7fa4dcb4204fd49276c86f3b5d7563bd03968bb98375e50059,10,neutral,False,0.5560326499,,,,,neutral,0.7509148121,0.8840942889,0.06492949747,0.0826365397,,,,,,0,0.7,0.3,0.1840112358,0.6920756698,0.1239131838
client,hard_linear,-1,56,56,31,994bc72760dcfe7fa4dcb4204fd49276c86f3b5d7563bd03968bb98375e50059,10,sustain,False,0.455485915,,,,,neutral,0.9763149023,1.196402061,0.4146579037,0.1883678003,,,,,,0,0.2,0.8,0.2821270227,0.4431658387,0.2747071087
client,hard_linear,-1,56,56,33,994bc72760dcfe7fa4dcb4204fd49276c86f3b5d7563bd03968bb98375e50059,10,neutral,False,-0,,,,,neutral,0.8017511964,0.4252834022,0.1815584932,0.1383364936,,,,,,0,1,0,0.2010734379,0.6535845399,0.1453419924
client,hard_linear,-1,56,56,35,994bc72760dcfe7fa4dcb4204fd49276c86f3b5d7563bd03968bb98375e50059,10,sustain,False,0.9372305632,,,,,change,0.9975504279,1.126350439,0.06527424308,0.02420650557,,,,,,0.2,0.3,0.5,0.3665924668,0.3254342973,0.307973206
client,hard_linear,-1,56,56,37,994bc72760dcfe7fa4dcb4204fd49276c86f3b5d7563bd03968bb98375e50059,10,neutral,True,0.6309297536,,,,,neutral,0.9123722911,1.172695667,0.186175052,0.1390910764,,,,,,0,0.5,0.5,0.2873794138,0.5327963829,0.1798242331
client,hard_linear,-1,56,56,39,994bc72760dcfe7fa4dcb4204fd49276c86f3b5d7563bd03968bb98375e50059,10,sustain,False,0.455485915,,,,,neutral,0.9598644972,1.426680148,0.5350591824,0.2391226327,,,,,,0,0.2,0.8,0.3536989987,0.4399266243,0.2063743621
client,hard_linear,-1,56,56,41,994bc72760dcfe7fa4dcb4204fd49276c86f3b5d7563bd03968bb98375e50059,10,sustain,False,0.8173454221,,,,,neutral,0.9608364105,1.270680743,0.2257281089,0.08818617149,,,,,,0.1,0.3,0.6,0.3332169354,0.4518528283,0.214930281
client,hard_linear,-1,56,56,43,994bc72760dcfe7fa4dcb4204fd49276c86f3b5d7563bd03968bb98375e50059,10,neutral,False,0.6126016193,,,,,neutral,0.8017511964,0.8968040764,0.06356737476,0.06771772995,,,,,,0.4,0.6,0,0.2010734379,0.6535845399,0.1453419924
client,hard_linear,-1,56,56,45,994bc72760dcfe7fa4dcb4204fd49276c86f3b5d7563bd03968bb98375e50059,10,neutral,False,0.5560326499,,,,,neutral,0.8410091996,0.8624444515,0.06573687733,0.08193528616,,,,,,0.3,0.7,0,0.1711751521,0.6215084195,0.2073164433
client,hard_linear,-1,56,56,47,994bc72760dcfe7fa4dcb4204fd49276c86f3b5d7563bd03968bb98375e50059,10,neutral,False,0.6126016193,,,,,neutral,0.9310206175,0.8933982611,0.05764408579,0.07373570329,,,,,,0.4,0.6,0,0.2944788933,0.509683609,0.1958375126
client,hard_linear,-1,56,56,49,994bc72760dcfe7fa4dcb4204fd49276c86f3b5d7563bd03968bb98375e50059,10,neutral,False,-0,,,,,neutral,0.8017511964,0.4252834022,0.1815585165,0.1383365195,,,,,,0,1,0,0.2010734379,0.6535844803,0.1453420371
client,hard_linear,-1,56,56,51,994bc72760dcfe7fa4dcb4204fd49276c86f3b5d7563bd03968bb98375e50059,10,sustain,False,0.7298466992,,,,,neutral,0.9717186689,1.137706172,0.2427592033,0.08165692359,,,,,,0.1,0.2,0.7,0.2495346814,0.4486660063,0.3017992973
client,hard_linear,-1,56,56,53,994bc72760dcfe7fa4dcb4204fd49276c86f3b5d7563bd03968bb98375e50059,10,neutral,False,-0,,,,,neutral,0.8592528701,0.5573358536,0.288257099,0.1774665369,,,,,,0,1,0,0.2985491157,0.5727328658,0.1287179887
client,hard_linear,-1,56,56,55,994bc72760dcfe7fa4dcb4204fd49276c86f3b5d7563bd03968bb98375e50059,10,neutral,False,-0,,,,,neutral,0.8489926457,0.4874029458,0.2238224447,0.1569752203,,,,,,0,1,0,0.1758233756,0.6142194867,0.209957093
client,hard_linear,-1,56,56,57,994bc72760dcfe7fa4dcb4204fd49276c86f3b5d7563bd03968bb98375e50059,10,neutral,False,-0,,,,,neutral,0.8017511964,0.4252834022,0.1815585165,0.1383365195,,,,,,0,1,0,0.2010734379,0.6535844803,0.1453420371
client,hard_linear,-1,56,56,59,994bc72760dcfe7fa4dcb4204fd49276c86f3b5d7563bd03968bb98375e50059,10,neutral,False,0.455485915,,,,,neutral,0.9533300996,0.8566180229,0.1936126893,0.1058592936,,,,,,0.2,0.8,0,0.3643574417,0.4411512315,0.1944913417
client,hard_linear,-1,56,56,61,994bc72760dcfe7fa4dcb4204fd49276c86f3b5d7563bd03968bb98375e50059,10,sustain,False,0.8649735207,,,,,neutral,0.9692915082,1.220648623,0.1904138889,0.06464478936,,,,,,0.2,0.2,0.6,0.2843776941,0.4575898349,0.2580325007
client,hard_linear,-1,56,56,63,994bc72760dcfe7fa4dcb4204fd49276c86f3b5d7563bd03968bb98375e50059,10,neutral,False,0.8173454221,,,,,neutral,0.8380666375,0.9482037723,0.01968866106,0.01259140176,,,,,,0.1,0.6,0.3,0.183908686,0.6256017685,0.1904895306
client,hard_linear,-1,56,56,65,994bc72760dcfe7fa4dcb4204fd49276c86f3b5d7563bd03968bb98375e50059,10,neutral,False,-0,,,,,neutral,0.9098049402,0.649549067,0.353484214,0.2036846375,,,,,,0,1,0,0.3135633469,0.5222812295,0.1641554683
client,hard_linear,-1,56,56,67,994bc72760dcfe7fa4dcb4204fd49276c86f3b5d7563bd03968bb98375e50059,10,neutral,False,0.5816718657,,,,,neutral,0.8017511964,0.6935017586,0.0337092315,0.01445012661,,,,,,0.1,0.8,0.1,0.2010734379,0.6535844803,0.1453420371
client,hard_linear,-1,56,56,69,994bc72760dcfe7fa4dcb4204fd49276c86f3b5d7563bd03968bb98375e50059,10,neutral,False,0.8586727111,,,,,change,0.9047140479,0.965712893,0.01614178517,0.005570227049,,,,,,0.4,0.5,0.1,0.466163069,0.3977250457,0.1361118704
client,hard_linear,-1,56,56,71,994bc72760dcfe7fa4dcb4204fd49276c86f3b5d7563bd03968bb98375e50059,10,neutral,False,0.5816718657,,,,,neutral,0.8630494475,0.7374304891,0.06523895201,0.02620840164,,,,,,0.1,0.8,0.1,0.2387813181,0.5957973003,0.1654213667
client,hard_linear,-1,56,56,73,994bc72760dcfe7fa4dcb4204fd49276c86f3b5d7563bd03968bb98375e50059,10,neutral,False,0.455485915,,,,,neutral,0.8362518549,0.6933385849,0.0593903318,0.06449259311,,,,,,0.2,0.8,0,0.2031207234,0.6261379719,0.1707412899
client,hard_linear,-1,56,56,75,994bc72760dcfe7fa4dcb4204fd49276c86f3b5d7563bd03968bb98375e50059,10,neutral,False,0.2959032743,,,,,neutral,0.8743209243,0.6306664705,0.1479275771,0.09548380974,,,,,,0.1,0.9,0,0.2093234807,0.5903871059,0.2002893835
client,hard_linear,-1,56,56,77,994bc72760dcfe7fa4dcb4204fd49276c86f3b5d7563bd03968bb98375e50059,10,neutral,False,0.5560326499,,,,,neutral,0.8318601251,0.814716059,0.04679048425,0.06741141504,,,,,,0,0.7,0.3,0.1753169894,0.6308674812,0.193815574
client,hard_linear,-1,56,56,79,994bc72760dcfe7fa4dcb4204fd49276c86f3b5d7563bd03968bb98375e50059,10,neutral,False,-0,,,,,neutral,0.8766557574,0.6440848708,0.3646011539,0.2021565193,,,,,,0,1,0,0.1226084605,0.5251429081,0.3522485793
client,hard_linear,-1,56,56,81,994bc72760dcfe7fa4dcb4204fd49276c86f3b5d7563bd03968bb98375e50059,10,neutral,False,0.2959032743,,,,,neutral,0.9464229345,0.9193800628,0.3695025031,0.1800934938,,,,,,0,0.9,0.1,0.3829128146,0.4350759089,0.182011351
client,hard_linear,-1,56,56,83,994bc72760dcfe7fa4dcb4204fd49276c86f3b5d7563bd03968bb98375e50059,10,neutral,False,0.2959032743,,,,,neutral,0.8070840836,0.6076665342,0.1223510586,0.09248147522,,,,,,0,0.9,0.1,0.2328226566,0.6403380632,0.126839295
client,hard_linear,-1,56,56,85,994bc72760dcfe7fa4dcb4204fd49276c86f3b5d7563bd03968bb98375e50059,10,change,False,0.5560326499,,,,,change,0.911705792,0.8278427184,0.094660852,0.06696205672,,,,,,0.7,0.3,0,0.4494746327,0.4091944098,0.1413310319
client,hard_linear,-1,56,56,87,994bc72760dcfe7fa4dcb4204fd49276c86f3b5d7563bd03968bb98375e50059,10,change,False,0.5560326499,,,,,neutral,0.9542247057,1.215651125,0.3212807912,0.1649566481,,,,,,0.7,0.3,0,0.2400796264,0.4852909744,0.2746293545
client,hard_linear,-1,56,56,89,994bc72760dcfe7fa4dcb4204fd49276c86f3b5d7563bd03968bb98375e50059,10,neutral,False,0.455485915,,,,,neutral,0.8017511964,0.6610437155,0.04256295133,0.05406569899,,,,,,0.2,0.8,0,0.2010734379,0.6535844803,0.1453420371
client,hard_linear,-1,56,56,91,994bc72760dcfe7fa4dcb4204fd49276c86f3b5d7563bd03968bb98375e50059,10,change,False,0.455485915,,,,,change,0.9424082041,0.8602024078,0.2045942255,0.1050713548,,,,,,0.8,0.2,0,0.4308234751,0.3934563696,0.1757201105
client,hard_linear,-1,56,56,93,994bc72760dcfe7fa4dcb4204fd49276c86f3b5d7563bd03968bb98375e50059,10,change,False,0.455485915,,,,,neutral,0.8611822724,1.183440733,0.4663389514,0.1744581768,,,,,,0.8,0.2,0,0.2599127889,0.5900387168,0.1500485092
client,hard_linear,-1,56,56,95,994bc72760dcfe7fa4dcb4204fd49276c86f3b5d7563bd03968bb98375e50059,10,change,False,0.2959032743,,,,,neutral,0.9486484528,0.9555969,0.4178807767,0.1754234048,,,,,,0.9,0.1,0,0.3793278337,0.4352745116,0.1853976101
client,hard_linear,-1,56,56,97,994bc72760dcfe7fa4dcb4204fd49276c86f3b5d7563bd03968bb98375e50059,10,neutral,False,0.9372305632,,,,,neutral,0.9081792831,1.045042759,0.009040182417,0.003720573651,,,,,,0.2,0.5,0.3,0.2231768966,0.5525770783,0.2242460251
client,hard_linear,-1,56,56,99,994bc72760dcfe7fa4dcb4204fd49276c86f3b5d7563bd03968bb98375e50059,10,change,False,0.6126016193,,,,,neutral,0.8503974676,1.101144302,0.2156774847,0.1143618734,,,,,,0.6,0.4,0,0.2216407955,0.6109043956,0.1674548686
client,hard_linear,-1,56,56,101,994bc72760dcfe7fa4dcb4204fd49276c86f3b5d7563bd03968bb98375e50059,10,neutral,False,0.2959032743,,,,,neutral,0.8067423701,0.5531815082,0.09503324502,0.07271120186,,,,,,0.1,0.9,0,0.1851904839,0.6522863507,0.1625231504
client,hard_linear,-1,56,56,103,994bc72760dcfe7fa4dcb4204fd49276c86f3b5d7563bd03968bb98375e50059,10,neutral,False,0.7298466992,,,,,neutral,0.9563680291,0.9901238978,0.1284886877,0.05158252827,,,,,,0.1,0.7,0.2,0.3525903225,0.4456699193,0.2017397583
client,hard_linear,-1,56,56,105,994bc72760dcfe7fa4dcb4204fd49276c86f3b5d7563bd03968bb98375e50059,10,neutral,False,0.455485915,,,,,neutral,0.6862706542,0.6363601685,0.02223350284,0.04555550956,,,,,,0.2,0.8,0,0.138966471,0.7392866611,0.1217468753
client,hard_linear,-1,56,56,107,994bc72760dcfe7fa4dcb4204fd49276c86f3b5d7563bd03968bb98375e50059,10,neutral,False,0.455485915,,,,,neutral,0.8017511964,0.6610437155,0.04256295133,0.05406569899,,,,,,0.2,0.8,0,0.2010734379,0.6535844803,0.1453420371
client,hard_linear,-1,56,56,109,994bc72760dcfe7fa4dcb4204fd49276c86f3b5d7563bd03968bb98375e50059,10,neutral,False,0.2959032743,,,,,neutral,0.8017511964,0.5431635588,0.09206073392,0.06883398603,,,,,,0.1,0.9,0,0.2010734379,0.6535844803,0.1453420371
client,hard_linear,-1,56,56,111,994bc72760dcfe7fa4dcb4204fd49276c86f3b5d7563bd03968bb98375e50059,10,neutral,False,0.5560326499,,,,,neutral,0.8489926457,0.8626646489,0.06686011141,0.08236254742,,,,,,0.3,0.7,0,0.1758233756,0.6142194867,0.209957093
client,hard_linear,-1,56,56,113,994bc72760dcfe7fa4dcb4204fd49276c86f3b5d7563bd03968bb98375e50059,10,change,False,0.455485915,,,,,neutral,0.9335119724,1.013062608,0.325652919,0.1404275166,,,,,,0.8,0.2,0,0.3380196393,0.4834980071,0.1784823388
client,hard_linear,-1,56,56,115,994bc72760dcfe7fa4dcb4204fd49276c86f3b5d7563bd03968bb98375e50059,10,change,True,0.6309297536,,,,,neutral,0.8355638981,1.024132878,0.1306017054,0.09328583152,,,,,,0.5,0.5,0,0.2059005052,0.6263138056,0.1677856147
client,hard_linear,-1,56,56,117,994bc72760dcfe7fa4dcb4204fd49276c86f3b5d7563bd03968bb98375e50059,10,change,False,0.455485915,,,,,neutral,0.9636368155,1.125662959,0.3804618314,0.1698533208,,,,,,0.8,0.2,0,0.296590209,0.4645439982,0.2388658673
client,hard_linear,-1,56,56,119,994bc72760dcfe7fa4dcb4204fd49276c86f3b5d7563bd03968bb98375e50059,10,neutral,False,0.7298466992,,,,,neutral,0.8017511964,0.8438399583,0.01535772909,0.01121964615,,,,,,0.1,0.7,0.2,0.2010734379,0.6535844803,0.1453420371
client,hard_linear,-1,56,56,121,994bc72760dcfe7fa4dcb4204fd49276c86f3b5d7563bd03968bb98375e50059,10,neutral,False,0.2959032743,,,,,neutral,0.894612968,0.6619693577,0.1699840431,0.1046360478,,,,,,0.1,0.9,0,0.2150759101,0.5684909225,0.2164331526
client,hard_linear,-1,56,56,123,994bc72760dcfe7fa4dcb4204fd49276c86f3b5d7563bd03968bb98375e50059,10,neutral,False,-0,,,,,neutral,0.7528859973,0.3693903387,0.1446492291,0.1212173374,,,,,,0,1,0,0.1824568212,0.6911554933,0.1263876408
client,hard_linear,-1,56,56,125,994bc72760dcfe7fa4dcb4204fd49276c86f3b5d7563bd03968bb98375e50059,10,neutral,False,-0,,,,,neutral,0.6683313847,0.2924854159,0.09841995045,0.09712760088,,,,,,0,1,0,0.1580633223,0.7464061379,0.09553056955
client,hard_linear,-1,56,56,127,994bc72760dcfe7fa4dcb4204fd49276c86f3b5d7563bd03968bb98375e50059,10,change,False,0.2959032743,,,,,neutral,0.9098973274,1.136745548,0.5669713949,0.2156301704,,,,,,0.9,0.1,0,0.3036160767,0.5275378227,0.1688460857
client,hard_linear,-1,56,56,129,994bc72760dcfe7fa4dcb4204fd49276c86f3b5d7563bd03968bb98375e50059,10,sustain,False,0.6126016193,,,,,neutral,0.8658727407,1.10907042,0.2143728809,0.1175699014,,,,,,0,0.4,0.6,0.1807687134,0.5971542597,0.2220770568
client,hard_linear,-1,56,56,131,994bc72760dcfe7fa4dcb4204fd49276c86f3b5d7563bd03968bb98375e50059,10,change,False,0.2959032743,,,,,neutral,0.9880381823,1.277064347,0.5998403325,0.2535752755,,,,,,0.9,0.1,0,0.2679023445,0.399936676,0.3321609199
client,hard_linear,-1,56,56,133,994bc72760dcfe7fa4dcb4204fd49276c86f3b5d7563bd03968bb98375e50059,10,neutral,False,0.5560326499,,,,,neutral,0.8017511964,0.7789238721,0.03306516875,0.05568467371,,,,,,0.3,0.7,0,0.2010734379,0.6535844803,0.1453420371
client,hard_linear,-1,56,56,135,994bc72760dcfe7fa4dcb4204fd49276c86f3b5d7563bd03968bb98375e50059,10,neutral,False,0.5560326499,,,,,neutral,0.8656155467,0.7529555917,0.03782848898,0.04717291127,,,,,,0.3,0.7,0,0.3262160718,0.5512498617,0.1225340888
client,hard_linear,-1,56,56,137,994bc72760dcfe7fa4dcb4204fd49276c86f3b5d7563bd03968bb98375e50059,10,change,False,0.5560326499,,,,,neutral,0.9526672959,0.9162040651,0.1444339679,0.09241181605,,,,,,0.7,0.3,0,0.3923914433,0.4184527993,0.1891557127
client,hard_linear,-1,56,56,139,994bc72760dcfe7fa4dcb4204fd49276c86f3b5d7563bd03968bb98375e50059,10,neutral,False,0.6126016193,,,,,neutral,0.8052042723,0.9338088095,0.07644110878,0.07771031982,,,,,,0.4,0.6,0,0.1832686067,0.6536740661,0.163057372
client,hard_linear,-1,56,56,141,994bc72760dcfe7fa4dcb4204fd49276c86f3b5d7563bd03968bb98375e50059,10,neutral,False,0.5560326499,,,,,neutral,0.8675990105,0.8140632093,0.05018699684,0.06818596102,,,,,,0,0.7,0.3,0.1822668463,0.5955401063,0.2221930325
client,hard_linear,-1,56,56,143,994bc72760dcfe7fa4dcb4204fd49276c86f3b5d7563bd03968bb98375e50059,10,neutral,False,0.2959032743,,,,,neutral,0.8052042723,0.5523120254,0.09419783314,0.07252674024,,,,,,0.1,0.9,0,0.1832686067,0.6536740661,0.163057372
client,hard_linear,-1,56,56,145,994bc72760dcfe7fa4dcb4204fd49276c86f3b5d7563bd03968bb98375e50059,10,neutral,False,-0,,,,,neutral,0.894612968,0.5647698641,0.2793009763,0.1796140341,,,,,,0,1,0,0.2150758952,0.5684909821,0.2164331377
client,hard_linear,-1,56,56,147,994bc72760dcfe7fa4dcb4204fd49276c86f3b5d7563bd03968bb98375e50059,10,neutral,False,-0,,,,,neutral,0.894612968,0.5647698641,0.2793009763,0.1796140341,,,,,,0,1,0,0.2150758952,0.5684909821,0.2164331377
client,hard_linear,-1,56,56,149,994bc72760dcfe7fa4dcb4204fd49276c86f3b5d7563bd03968bb98375e50059,10,neutral,False,0.2959032743,,,,,neutral,0.8405460715,0.5992922604,0.1228306648,0.08747330607,,,,,,0.1,0.9,0,0.177091375,0.6227954626,0.2001131028
client,hard_linear,-1,56,56,151,994bc72760dcfe7fa4dcb4204fd49276c86f3b5d7563bd03968bb98375e50059,10,neutral,False,0.2959032743,,,,,neutral,0.8751631975,0.641547972,0.1532716869,0.09965025751,,,,,,0,0.9,0.1,0.2188462466,0.5887958407,0.1923578829
client,hard_linear,-1,56,56,153,994bc72760dcfe7fa4dcb4204fd49276c86f3b5d7563bd03968bb98375e50059,10,neutral,False,0.2959032743,,,,,neutral,0.9069574475,0.7012403846,0.2180412437,0.1110664063,,,,,,0.1,0.9,0,0.3212974966,0.52048105,0.1582214534
client,hard_linear,-1,56,56,155,994bc72760dcfe7fa4dcb4204fd49276c86f3b5d7563bd03968bb98375e50059,10,neutral,False,-0,,,,,neutral,0.8639093041,0.6808249354,0.4058027782,0.212369016,,,,,,0,1,0,0.3883994818,0.5061992407,0.105401285
client,hard_linear,-1,56,56,157,994bc72760dcfe7fa4dcb4204fd49276c86f3b5d7563bd03968bb98375e50059,10,neutral,False,0.6126016193,,,,,neutral,0.9126685262,0.8365272641,0.03663320181,0.05518343872,,,,,,0.4,0.6,0,0.3651680946,0.4854816794,0.1493502408
client,hard_linear,-1,56,56,159,994bc72760dcfe7fa4dcb4204fd49276c86f3b5d7563bd03968bb98375e50059,10,neutral,False,0.2959032743,,,,,neutral,0.8017511964,0.5431635588,0.09206073392,0.06883398603,,,,,,0.1,0.9,0,0.2010734379,0.6535844803,0.1453420371
client,hard_linear,-1,56,56,161,994bc72760dcfe7fa4dcb4204fd49276c86f3b5d7563bd03968bb98375e50059,10,neutral,False,0.6126016193,,,,,neutral,0.905664742,0.8493210912,0.03865933785,0.05942325434,,,,,,0.4,0.6,0,0.3133606613,0.526273191,0.1603662074
client,hard_linear,-1,56,56,163,994bc72760dcfe7fa4dcb4204fd49276c86f3b5d7563bd03968bb98375e50059,10,neutral,False,0.6126016193,,,,,neutral,0.8732135892,0.8346979141,0.03327106293,0.05394899995,,,,,,0.4,0.6,0,0.2915400565,0.5658395886,0.1426203698
client,hard_linear,-1,56,56,165,994bc72760dcfe7fa4dcb4204fd49276c86f3b5d7563bd03968bb98375e50059,10,neutral,False,0.2959032743,,,,,neutral,0.9161999226,0.7035712421,0.2133548408,0.1127209033,,,,,,0.1,0.9,0,0.3000547886,0.5230954289,0.1768498421
client,hard_linear,-1,56,56,167,994bc72760dcfe7fa4dcb4204fd49276c86f3b5d7563bd03968bb98375e50059,10,neutral,False,0.5560326499,,,,,neutral,0.9437491894,0.8522224963,0.0869730085,0.07871874027,,,,,,0.3,0.7,0,0.320646584,0.4819104671,0.1974428743
client,hard_linear,-1,56,56,169,994bc72760dcfe7fa4dcb4204fd49276c86f3b5d7563bd03968bb98375e50059,10,neutral,False,0.5560326499,,,,,neutral,0.8757883906,0.7698473096,0.05879187182,0.05047320407,,,,,,0.3,0.7,0,0.3819124997,0.5029550195,0.1151324883
client,hard_linear,-1,56,56,171,994bc72760dcfe7fa4dcb4204fd49276c86f3b5d7563bd03968bb98375e50059,10,neutral,False,0.6126016193,,,,,neutral,0.8103303313,0.9159063041,0.0696172335,0.07332477595,,,,,,0.4,0.6,0,0.1939952374,0.6484116316,0.1575930864
client,hard_linear,-1,56,56,173,994bc72760dcfe7fa4dcb4204fd49276c86f3b5d7563bd03968bb98375e50059,10,neutral,False,0.5560326499,,,,,neutral,0.8052041531,0.8066431612,0.04235998852,0.06402696236,,,,,,0.3,0.7,0,0.183268562,0.6536741257,0.1630572826
client,hard_linear,-1,66,66,1,60300796ba7899fd40ecbaa91387c5ca83e5757c4513c7aae95783e2e3877244,10,neutral,False,-0,,,,,neutral,0.736461401,0.3585162461,0.1396414218,0.1178485907,,,,,,0,1,0,0.1923570782,0.6987122297,0.1089306399
client,hard_linear,-1,66,66,3,60300796ba7899fd40ecbaa91387c5ca83e5757c4513c7aae95783e2e3877244,10,neutral,False,-0,,,,,neutral,0.7176376581,0.3636550903,0.1504702025,0.1194421324,,,,,,0,1,0,0.2267730832,0.6951308846,0.07809605449
client,hard_linear,-1,66,66,5,60300796ba7899fd40ecbaa91387c5ca83e5757c4513c7aae95783e2e3877244,10,change,True,0.9602297179,,,,,neutral,0.8451690674,1.423208559,0.2627775225,0.09422189216,,,,,,0.4,0.2,0.4,0.2048320174,0.6182408929,0.1769270599
client,hard_linear,-1,66,66,7,60300796ba7899fd40ecbaa91387c5ca83e5757c4513c7aae95783e2e3877244,10,change,True,0.6309297536,,,,,neutral,0.4533741176,1.233726941,0.2903810987,0.1123535807,,,,,,0.5,0.5,0,0.09892650694,0.8572070599,0.04386648163
client,hard_linear,-1,66,66,9,60300796ba7899fd40ecbaa91387c5ca83e5757c4513c7aae95783e2e3877244,10,sustain,False,0.8586727111,,,,,neutral,0.8740336299,1.452472961,0.3302205894,0.1361434583,,,,,,0.4,0.1,0.5,0.1467328221,0.5686892867,0.2845779061
client,hard_linear,-1,66,66,11,60300796ba7899fd40ecbaa91387c5ca83e5757c4513c7aae95783e2e3877244,10,sustain,False,0.7298466992,,,,,neutral,0.701276958,1.622959316,0.5892910404,0.1801295361,,,,,,0.1,0.2,0.7,0.1255655289,0.7295781374,0.1448563784
client,hard_linear,-1,66,66,13,60300796ba7899fd40ecbaa91387c5ca83e5757c4513c7aae95783e2e3877244,10,sustain,False,0.7298466992,,,,,neutral,0.965975821,1.23024984,0.3062105299,0.1098690492,,,,,,0.2,0.1,0.7,0.2507272661,0.4634490609,0.2858236432
client,hard_linear,-1,66,66,16,60300796ba7899fd40ecbaa91387c5ca83e5757c4513c7aae95783e2e3877244,10,change,False,0.5560326499,,,,,neutral,0.9073453546,1.124643755,0.2925609257,0.137592389,,,,,,0.7,0.3,0,0.2595329285,0.5480190516,0.1924480051
client,hard_linear,-1,66,66,18,60300796ba7899fd40ecbaa91387c5ca83e5757c4513c7aae95783e2e3877244,10,change,False,0.2959032743,,,,,neutral,0.9109601378,1.566527033,0.7749623247,0.3041786933,,,,,,0.9,0.1,0,0.1878355891,0.5403290987,0.271835357
client,hard_linear,-1,66,66,20,60300796ba7899fd40ecbaa91387c5ca83e5757c4513c7aae95783e2e3877244,10,change,False,0.2959032743,,,,,neutral,0.9315186739,1.042518228,0.4915756488,0.1950341686,,,,,,0.9,0.1,0,0.3403566182,0.4841638803,0.175479427
client,hard_linear,-1,66,66,22,60300796ba7899fd40ecbaa91387c5ca83e5757c4513c7aae95783e2e3877244,10,sustain,False,0.9372305632,,,,,neutral,0.7201091647,1.576093504,0.3258712674,0.1142536501,,,,,,0.2,0.3,0.5,0.187905848,0.7095640302,0.1025301218
client,hard_linear,-1,66,66,24,60300796ba7899fd40ecbaa91387c5ca83e5757c4513c7aae95783e2e3877244,10,neutral,False,0.2959032743,,,,,neutral,0.6305863261,0.4249739558,0.02733533849,0.0324954256,,,,,,0.1,0.9,0,0.1582372934,0.7654110193,0.07635165751
client,hard_linear,-1,66,66,26,60300796ba7899fd40ecbaa91387c5ca83e5757c4513c7aae95783e2e3877244,10,change,False,-0,,,,,neutral,0.8999418616,1.865349531,1.094962604,0.4656022559,,,,,,1,0,0,0.1548420787,0.5310334563,0.3141244352
client,hard_linear,-1,66,66,28,60300796ba7899fd40ecbaa91387c5ca83e5757c4513c7aae95783e2e3877244,10,change,False,-0,,,,,neutral,0.9148686528,1.348412395,0.8797664857,0.3727017969,,,,,,1,0,0,0.2596521676,0.5398708582,0.2004770041
client,hard_linear,-1,66,66,30,60300796ba7899fd40ecbaa91387c5ca83e5757c4513c7aae95783e2e3877244,10,change,False,0.2959032743,,,,,neutral,0.8987537026,1.335857725,0.6993237726,0.2834272963,,,,,,0.9,0,0.1,0.2753616571,0.5511330962,0.1735052615
client,hard_linear,-1,109,109,1,f92544f5ed508add4c093c58e76fce40d49ca14b51000a7b8770e0152039d485,10,neutral,False,-0,,,,,neutral,0.7590557337,0.3710808158,0.1441876036,0.1217398906,,,,,,0,1,0,0.1513572484,0.6899882555,0.1586545855
client,hard_linear,-1,109,109,3,f92544f5ed508add4c093c58e76fce40d49ca14b51000a7b8770e0152039d485,10,neutral,False,0.2959032743,,,,,neutral,0.9628971219,0.8071384192,0.280844392,0.1428921253,,,,,,0.1,0.9,0,0.2867191732,0.4685958028,0.244685024
client,hard_linear,-1,109,109,5,f92544f5ed508add4c093c58e76fce40d49ca14b51000a7b8770e0152039d485,10,neutral,True,0.6309297536,,,,,neutral,0.9841731191,1.061888754,0.1397913563,0.1189098683,,,,,,0,0.5,0.5,0.2944381237,0.4226044416,0.2829574347
client,hard_linear,-1,109,109,7,f92544f5ed508add4c093c58e76fce40d49ca14b51000a7b8770e0152039d485,10,sustain,False,0.2959032743,,,,,sustain,0.9474191666,0.7645698428,0.2467139237,0.1327078993,,,,,,0,0.1,0.9,0.2495027781,0.2521388829,0.4983582795
client,hard_linear,-1,109,109,9,f92544f5ed508add4c093c58e76fce40d49ca14b51000a7b8770e0152039d485,10,neutral,False,0.5816718657,,,,,neutral,0.4451656342,0.673008585,0.0071910476,0.007220782894,,,,,,0.1,0.8,0.1,0.03985442221,0.8597781062,0.1003675461
client,hard_linear,-1,109,109,11,f92544f5ed508add4c093c58e76fce40d49ca14b51000a7b8770e0152039d485,10,neutral,False,0.8586727111,,,,,neutral,0.7268033624,1.095802164,0.09884533834,0.0342397728,,,,,,0.1,0.5,0.4,0.1217278838,0.7106503248,0.1676217318
client,hard_linear,-1,109,109,13,f92544f5ed508add4c093c58e76fce40d49ca14b51000a7b8770e0152039d485,10,neutral,False,0.5560326499,,,,,neutral,0.8754965663,0.9225084305,0.09799310182,0.101334508,,,,,,0.3,0.7,0,0.1648142934,0.5797360539,0.2554496229
client,hard_linear,-1,109,109,15,f92544f5ed508add4c093c58e76fce40d49ca14b51000a7b8770e0152039d485,10,sustain,False,0.2959032743,,,,,neutral,0.9816859365,0.9714528322,0.4089556657,0.1820622992,,,,,,0,0.1,0.9,0.2413670272,0.3802956939,0.3783373237
client,hard_linear,-1,109,109,17,f92544f5ed508add4c093c58e76fce40d49ca14b51000a7b8770e0152039d485,10,sustain,False,0.6126016193,,,,,neutral,0.9129794836,1.355394554,0.3086744583,0.182286814,,,,,,0,0.4,0.6,0.3236861229,0.5133980513,0.1629157811
client,hard_linear,-1,109,109,19,f92544f5ed508add4c093c58e76fce40d49ca14b51000a7b8770e0152039d485,10,change,False,-0,,,,,change,0.9921092391,0.9444252253,0.5613140055,0.2813650378,,,,,,1,0,0,0.3889030218,0.3295770884,0.28151986
client,hard_linear,-1,109,109,21,f92544f5ed508add4c093c58e76fce40d49ca14b51000a7b8770e0152039d485,10,change,False,-0,,,,,change,0.9857082963,0.9371230006,0.5599228034,0.2795546792,,,,,,1,0,0,0.3917533457,0.254239887,0.3540068567
client,hard_linear,-1,109,109,23,f92544f5ed508add4c093c58e76fce40d49ca14b51000a7b8770e0152039d485,10,change,True,0.6309297536,,,,,neutral,0.4840993583,1.354357921,0.3039992612,0.1337881536,,,,,,0.5,0.5,0,0.07857935876,0.8478347659,0.07358586788
client,hard_linear,-1,109,109,25,f92544f5ed508add4c093c58e76fce40d49ca14b51000a7b8770e0152039d485,10,neutral,False,0.7298466992,,,,,neutral,0.9881714582,1.01074307,0.145317401,0.05485368571,,,,,,0.1,0.7,0.2,0.3271200359,0.402127564,0.2707524002
client,hard_linear,-1,109,109,27,f92544f5ed508add4c093c58e76fce40d49ca14b51000a7b8770e0152039d485,10,neutral,False,0.7298466992,,,,,neutral,0.9516746402,0.9034240544,0.07026381258,0.02631017943,,,,,,0.2,0.7,0.1,0.2921032012,0.4843321741,0.2235645801
client,hard_linear,-1,109,109,29,f92544f5ed508add4c093c58e76fce40d49ca14b51000a7b8770e0152039d485,10,change,False,-0,,,,,sustain,0.9896201491,1.326061606,0.809663644,0.3680937709,,,,,,1,0,0,0.2655209303,0.3518387973,0.3826403022
client,hard_linear,-1,109,109,31,f92544f5ed508add4c093c58e76fce40d49ca14b51000a7b8770e0152039d485,10,change,False,-0,,,,,neutral,0.8789498806,1.56512332,1.010686805,0.4147758564,,,,,,1,0,0,0.2090622336,0.5856174827,0.2053202838
client,hard_linear,-1,109,109,33,f92544f5ed508add4c093c58e76fce40d49ca14b51000a7b8770e0152039d485,10,neutral,False,0.5560326499,,,,,neutral,0.8115714192,0.8623749405,0.06243608769,0.0804253433,,,,,,0.3,0.7,0,0.1559076607,0.6469618082,0.1971305162
client,hard_linear,-1,109,109,35,f92544f5ed508add4c093c58e76fce40d49ca14b51000a7b8770e0152039d485,10,change,False,-0,,,,,neutral,0.796151042,1.70574379,1.1312723,0.4396256783,,,,,,1,0,0,0.1816372424,0.6608715653,0.1574911773
client,hard_linear,-1,109,109,37,f92544f5ed508add4c093c58e76fce40d49ca14b51000a7b8770e0152039d485,10,change,False,-0,,,,,neutral,0.9530084729,1.182132363,0.7549805452,0.337185722,,,,,,1,0,0,0.3066241741,0.476736933,0.2166388184
client,hard_linear,-1,109,109,39,f92544f5ed508add4c093c58e76fce40d49ca14b51000a7b8770e0152039d485,10,change,False,-0,,,,,sustain,0.9591313004,1.553268075,0.9393835308,0.4125942091,,,,,,1,0,0,0.2115554661,0.3354160488,0.4530285001
client,hard_linear,-1,109,109,41,f92544f5ed508add4c093c58e76fce40d49ca14b51000a7b8770e0152039d485,10,change,False,-0,,,,,change,0.9279420376,0.6417694688,0.3367909263,0.2015080754,,,,,,1,0,0,0.5263602138,0.2248001546,0.2488396466
client,hard_linear,-1,109,109,43,f92544f5ed508add4c093c58e76fce40d49ca14b51000a7b8770e0152039d485,10,neutral,False,0.6126016193,,,,,change,0.9186720848,0.8761547565,0.07050674031,0.06442189918,,,,,,0.4,0.6,0,0.4601589739,0.389534682,0.1503063142
client,hard_linear,-1,109,109,45,f92544f5ed508add4c093c58e76fce40d49ca14b51000a7b8770e0152039d485,10,neutral,False,-0,,,,,neutral,0.7384087443,0.3500724435,0.1309737509,0.1152242051,,,,,,0,1,0,0.155259192,0.7046371102,0.1401037872
client,hard_linear,-1,130,130,0,957962b55a53a08db5f378e511817642230cbd4d6d1cf4d43dd6a4b63131ccc1,10,neutral,False,-0,,,,,neutral,0.7857288718,0.4123728573,0.1748539838,0.1344114451,,,,,,0,1,0,0.1267332137,0.6620773673,0.211189419
client,hard_linear,-1,130,130,2,957962b55a53a08db5f378e511817642230cbd4d6d1cf4d43dd6a4b63131ccc1,10,neutral,True,0.6309297536,,,,,neutral,0.6540595293,1.202431619,0.2273482672,0.1187377529,,,,,,0,0.5,0.5,0.1217346042,0.7593821287,0.1188833266
client,hard_linear,-1,130,130,4,957962b55a53a08db5f378e511817642230cbd4d6d1cf4d43dd6a4b63131ccc1,10,neutral,False,0.8173454221,,,,,neutral,0.9613710046,0.9612617493,0.03751537888,0.01665137163,,,,,,0.1,0.6,0.3,0.2136986554,0.4479553401,0.3383460045
client,hard_linear,-1,130,130,6,957962b55a53a08db5f378e511817642230cbd4d6d1cf4d43dd6a4b63131ccc1,10,sustain,False,0.2959032743,,,,,neutral,0.942317307,1.33190887,0.6692928602,0.2775526761,,,,,,0.1,0,0.9,0.2276448905,0.5040037036,0.2683514357
client,hard_linear,-1,130,130,8,957962b55a53a08db5f378e511817642230cbd4d6d1cf4d43dd6a4b63131ccc1,10,change,False,0.2959032743,,,,,neutral,0.9349507093,1.031454575,0.4817634023,0.1926213407,,,,,,0.9,0.1,0,0.345117867,0.4772462547,0.1776358336
client,hard_linear,-1,130,130,10,957962b55a53a08db5f378e511817642230cbd4d6d1cf4d43dd6a4b63131ccc1,10,sustain,False,0.455485915,,,,,neutral,0.8694187999,1.231504452,0.4867867017,0.185390797,,,,,,0,0.2,0.8,0.1666019857,0.5884788036,0.2449191958
client,hard_linear,-1,130,130,12,957962b55a53a08db5f378e511817642230cbd4d6d1cf4d43dd6a4b63131ccc1,10,neutral,False,-0,,,,,neutral,0.7778711319,0.3917419612,0.1575893646,0.1281027462,,,,,,0,1,0,0.1639645994,0.6758784652,0.1601569057
client,hard_linear,-1,130,130,14,957962b55a53a08db5f378e511817642230cbd4d6d1cf4d43dd6a4b63131ccc1,10,sustain,False,0.455485915,,,,,neutral,0.9057635069,1.288130212,0.4947634889,0.200248164,,,,,,0,0.2,0.8,0.2133716643,0.5550891161,0.2315391749
client,hard_linear,-1,130,130,16,957962b55a53a08db5f378e511817642230cbd4d6d1cf4d43dd6a4b63131ccc1,10,neutral,False,0.9372305632,,,,,neutral,0.891793251,1.072198558,0.02127696064,0.01000818011,,,,,,0.2,0.5,0.3,0.2534790933,0.5654204488,0.181100443
client,hard_linear,-1,130,130,18,957962b55a53a08db5f378e511817642230cbd4d6d1cf4d43dd6a4b63131ccc1,10,change,False,0.2959032743,,,,,neutral,0.9116782546,1.39683097,0.7053852826,0.2711247754,,,,,,0.9,0.1,0,0.2264432311,0.548284471,0.2252722681
client,hard_linear,-1,130,130,20,957962b55a53a08db5f378e511817642230cbd4d6d1cf4d43dd6a4b63131ccc1,10,change,False,0.2959032743,,,,,neutral,0.8167366385,1.241906977,0.686077448,0.2355210182,,,,,,0.9,0.1,0,0.2653448582,0.619684577,0.1149706021
client,panel_mi,17,7,7,1,7fe3d6029ec1e666f41b728458a973e8e2e6924c09046427a23859dcc7b3d75a,10,neutral,False,0.2959032743,,,,,sustain,0.7339951396,1.050082392,0.4596013423,0.2231254669,,,,,0.02711381577,0.1,0.9,0,0.03022606112,0.4593353271,0.510438621
client,panel_mi,17,7,7,3,7fe3d6029ec1e666f41b728458a973e8e2e6924c09046427a23859dcc7b3d75a,10,neutral,False,-0,,,,,neutral,0.3369829357,0.1098864824,0.01952031286,0.03749458132,,,,,0.004211066756,0,1,0,0.09250606596,0.8959358335,0.01155810803
client,panel_mi,17,7,7,5,7fe3d6029ec1e666f41b728458a973e8e2e6924c09046427a23859dcc7b3d75a,10,neutral,False,0.455485915,,,,,neutral,0.7298485637,0.613097024,0.02073705057,0.0383831898,,,,,0.04253442958,0,0.8,0.2,0.1060821563,0.7030447125,0.1908731759
client,panel_mi,17,7,7,7,7fe3d6029ec1e666f41b728458a973e8e2e6924c09046427a23859dcc7b3d75a,10,neutral,False,0.2959032743,,,,,neutral,0.2098158747,0.4507577281,0.01037198579,0.0275857967,,,,,0.005518823862,0,0.9,0.1,0.03241626173,0.9501084089,0.01747534238
client,panel_mi,17,7,7,9,7fe3d6029ec1e666f41b728458a973e8e2e6924c09046427a23859dcc7b3d75a,10,neutral,False,-0,,,,,neutral,0.3369831145,0.1098866165,0.01952035279,0.03749461245,,,,,0.004211067222,0,1,0,0.09250614792,0.8959357142,0.01155810617
client,panel_mi,17,7,7,11,7fe3d6029ec1e666f41b728458a973e8e2e6924c09046427a23859dcc7b3d75a,10,neutral,False,0.2959032743,,,,,neutral,0.6754199266,0.4686074644,0.04010067293,0.04790171188,,,,,0.01417746861,0.1,0.9,0,0.1282716095,0.7463977933,0.1253305674
client,panel_mi,17,7,7,13,7fe3d6029ec1e666f41b728458a973e8e2e6924c09046427a23859dcc7b3d75a,10,neutral,False,-0,,,,,neutral,0.3369829357,0.1098864824,0.01952031286,0.03749458132,,,,,0.004211066756,0,1,0,0.09250606596,0.8959358335,0.01155810803
client,panel_mi,17,7,7,15,7fe3d6029ec1e666f41b728458a973e8e2e6924c09046427a23859dcc7b3d75a,10,sustain,False,0.6126016193,,,,,neutral,0.6409424543,0.9516182899,0.2147227312,0.06851341612,,,,,0.01336402167,0,0.4,0.6,0.03267369419,0.7100995183,0.2572268248
client,panel_mi,17,7,7,17,7fe3d6029ec1e666f41b728458a973e8e2e6924c09046427a23859dcc7b3d75a,10,sustain,False,0.6126016193,,,,,neutral,0.5376033783,1.130502087,0.3351834441,0.1037886782,,,,,0.01369271707,0,0.4,0.6,0.02841851674,0.7944299579,0.1771515161
client,panel_mi,17,7,7,19,7fe3d6029ec1e666f41b728458a973e8e2e6924c09046427a23859dcc7b3d75a,10,neutral,False,0.455485915,,,,,neutral,0.7028588653,0.5803747654,0.01502755464,0.02695732295,,,,,0.01072254498,0,0.8,0.2,0.07240115106,0.7039468884,0.223652035
client,panel_mi,17,7,7,21,7fe3d6029ec1e666f41b728458a973e8e2e6924c09046427a23859dcc7b3d75a,10,neutral,False,0.5816718657,,,,,sustain,0.5550098419,1.632165912,0.7662023201,0.2447273841,,,,,0.02727672458,0.1,0.8,0.1,0.0146867726,0.2281304598,0.7571827769
client,panel_mi,17,7,7,23,7fe3d6029ec1e666f41b728458a973e8e2e6924c09046427a23859dcc7b3d75a,10,sustain,False,0.455485915,,,,,neutral,0.5755320191,1.799189687,0.844420926,0.2733742749,,,,,0.02301679924,0,0.2,0.8,0.08607847989,0.8024476171,0.1114738733
client,panel_mi,17,7,7,25,7fe3d6029ec1e666f41b728458a973e8e2e6924c09046427a23859dcc7b3d75a,10,neutral,True,0.6309297536,,,,,neutral,0.3369829357,2.285127319,0.4038980383,0.2102007607,,,,,0.004211066756,0,0.5,0.5,0.09250606596,0.8959358335,0.01155810803
client,panel_mi,17,7,7,27,7fe3d6029ec1e666f41b728458a973e8e2e6924c09046427a23859dcc7b3d75a,10,neutral,False,-0,,,,,neutral,0.2672918141,0.08862366527,0.01429388267,0.03033215591,,,,,0.001910708146,0,1,0,0.08426646888,0.9151899219,0.0005436306819
client,panel_mi,17,7,7,29,7fe3d6029ec1e666f41b728458a973e8e2e6924c09046427a23859dcc7b3d75a,10,neutral,False,-0,,,,,neutral,0.3369829357,0.1098864824,0.01952031286,0.03749458132,,,,,0.004211066756,0,1,0,0.09250606596,0.8959358335,0.01155810803
client,panel_mi,17,7,7,31,7fe3d6029ec1e666f41b728458a973e8e2e6924c09046427a23859dcc7b3d75a,10,neutral,False,-0,,,,,neutral,0.1933292747,0.05528718606,0.005731822619,0.01901271216,,,,,0.002360228915,0,1,0,0.05327815562,0.9462133646,0.0005085321609
client,panel_mi,17,7,7,33,7fe3d6029ec1e666f41b728458a973e8e2e6924c09046427a23859dcc7b3d75a,10,neutral,False,0.6126016193,,,,,neutral,0.1861520261,1.836082121,0.2793685937,0.1493042663,,,,,0.004378237762,0.4,0.6,0,0.01085687801,0.9561575055,0.03298568726
client,panel_mi,17,7,7,35,7fe3d6029ec1e666f41b728458a973e8e2e6924c09046427a23859dcc7b3d75a,10,neutral,False,0.2959032743,,,,,neutral,0.7399196625,0.5199365675,0.1098892385,0.05735385727,,,,,0.04768093675,0.1,0.9,0,0.2991914153,0.6417011023,0.05910751224
client,panel_mi,17,7,7,37,7fe3d6029ec1e666f41b728458a973e8e2e6924c09046427a23859dcc7b3d75a,10,neutral,False,0.7298466992,,,,,neutral,0.6465640068,0.9975572288,0.04246853254,0.04071397995,,,,,0.01273355819,0.2,0.7,0.1,0.04387396201,0.7237237692,0.2324023247
client,panel_mi,17,7,7,39,7fe3d6029ec1e666f41b728458a973e8e2e6924c09046427a23859dcc7b3d75a,10,neutral,False,0.455485915,,,,,neutral,0.3369829357,0.9799828172,0.05327140303,0.08431946949,,,,,0.004211066756,0,0.8,0.2,0.09250606596,0.8959358335,0.01155810803
client,panel_mi,17,7,7,41,7fe3d6029ec1e666f41b728458a973e8e2e6924c09046427a23859dcc7b3d75a,10,neutral,False,0.2959032743,,,,,neutral,0.6356809735,1.270608634,0.3695889372,0.2199217158,,,,,0.01390674431,0,0.9,0.1,0.4707581401,0.5282957554,0.0009460676229
client,panel_mi,17,7,7,43,7fe3d6029ec1e666f41b728458a973e8e2e6924c09046427a23859dcc7b3d75a,10,sustain,False,0.8586727111,,,,,neutral,0.5184921026,1.407702011,0.320224517,0.1007881874,,,,,0.01082567312,0.1,0.4,0.5,0.04827366024,0.8234880567,0.1282382905
client,panel_mi,17,7,7,45,7fe3d6029ec1e666f41b728458a973e8e2e6924c09046427a23859dcc7b3d75a,10,neutral,False,0.5816718657,,,,,change,0.814127028,1.175001085,0.4459006267,0.1427484059,,,,,0.0221004691,0.1,0.8,0.1,0.5788232684,0.334764272,0.08641244471
client,panel_mi,17,7,7,47,7fe3d6029ec1e666f41b728458a973e8e2e6924c09046427a23859dcc7b3d75a,10,change,False,0.2959032743,,,,,change,0.6486184001,0.4561277717,0.07322474825,0.03811106027,,,,,0.01579396799,0.9,0.1,0,0.6954448819,0.2745982111,0.02995691262
client,panel_mi,17,7,7,49,7fe3d6029ec1e666f41b728458a973e8e2e6924c09046427a23859dcc7b3d75a,10,change,False,0.2959032743,,,,,neutral,0.471018225,1.560790008,1.023423711,0.2915914459,,,,,0.01353492588,0.9,0.1,0,0.18068932,0.8113028407,0.008007852361
client,panel_mi,17,7,7,51,7fe3d6029ec1e666f41b728458a973e8e2e6924c09046427a23859dcc7b3d75a,10,change,False,-0,,,,,change,0.8659459352,0.5329652429,0.2613411525,0.1703849508,,,,,0.009335878305,1,0,0,0.5868622065,0.2581290901,0.1550086737
client,panel_mi,17,7,7,53,7fe3d6029ec1e666f41b728458a973e8e2e6924c09046427a23859dcc7b3d75a,10,change,False,0.6126016193,,,,,neutral,0.3369831145,1.47224282,0.5036358324,0.1565630848,,,,,0.004211067222,0.6,0.4,0,0.09250614792,0.8959357142,0.01155810617
client,panel_mi,17,7,7,55,7fe3d6029ec1e666f41b728458a973e8e2e6924c09046427a23859dcc7b3d75a,10,change,False,0.5560326499,,,,,neutral,0.3192498088,1.62462541,0.7094436445,0.2027718001,,,,,0.002304661321,0.7,0.3,0,0.1030075699,0.8941680789,0.002824340016
client,panel_mi,17,7,7,57,7fe3d6029ec1e666f41b728458a973e8e2e6924c09046427a23859dcc7b3d75a,10,neutral,False,0.6126016193,,,,,sustain,0.8389444947,1.650581074,0.5933055446,0.289166505,,,,,0.01821914874,0.4,0.6,0,0.1659821719,0.211460188,0.6225576401
client,panel_mi,17,7,7,59,7fe3d6029ec1e666f41b728458a973e8e2e6924c09046427a23859dcc7b3d75a,10,neutral,False,0.455485915,,,,,neutral,0.2289118469,0.5932077467,0.03455544108,0.01939133227,,,,,0.003992882092,0.2,0.8,0,0.06845737994,0.9313465953,0.0001959564834
client,panel_mi,17,7,7,61,7fe3d6029ec1e666f41b728458a973e8e2e6924c09046427a23859dcc7b3d75a,10,neutral,False,0.5560326499,,,,,neutral,0.3447312117,1.347262035,0.1276485197,0.116973068,,,,,0.01558771171,0.3,0.7,0,0.01453239005,0.8947476149,0.09071993083
client,panel_mi,17,7,7,63,7fe3d6029ec1e666f41b728458a973e8e2e6924c09046427a23859dcc7b3d75a,10,neutral,False,0.455485915,,,,,neutral,0.2169394791,0.6135177672,0.03878045736,0.02317964744,,,,,0.001673349761,0.2,0.8,0,0.05998929217,0.9384741783,0.001536552212
client,panel_mi,17,7,7,65,7fe3d6029ec1e666f41b728458a973e8e2e6924c09046427a23859dcc7b3d75a,10,neutral,False,0.455485915,,,,,neutral,0.4019157588,0.5072125077,0.003474060767,0.001714575355,,,,,0.005457134917,0.2,0.8,0,0.1580087245,0.8413568735,0.0006344749709
client,panel_mi,17,27,27,1,e883cab14c33a28c3bf1e25281ef335a7bcd08f31fb3e2cea1e824982af00196,10,neutral,False,0.8649735207,,,,,change,0.7384604812,1.356529641,0.2633089584,0.09888850845,,,,,0.005992961116,0.2,0.6,0.2,0.6141628623,0.33808887,0.04774820432
client,panel_mi,17,27,27,3,e883cab14c33a28c3bf1e25281ef335a7bcd08f31fb3e2cea1e824982af00196,10,neutral,False,0.6126016193,,,,,neutral,0.7613267899,0.92517519,0.07811960488,0.07261274254,,,,,0.005583119579,0,0.6,0.4,0.1391455829,0.6870754957,0.1737789363
client,panel_mi,17,27,27,5,e883cab14c33a28c3bf1e25281ef335a7bcd08f31fb3e2cea1e824982af00196,10,neutral,False,0.455485915,,,,,change,0.7161710858,1.532850981,0.6487302112,0.2988055387,,,,,0.008838644251,0,0.8,0.2,0.6320838332,0.3267396986,0.04117643088
client,panel_mi,17,27,27,7,e883cab14c33a28c3bf1e25281ef335a7bcd08f31fb3e2cea1e824982af00196,10,neutral,False,0.8649735207,,,,,change,0.9198129773,1.136076641,0.1456949041,0.04845004712,,,,,0.01125553064,0.2,0.6,0.2,0.4878582954,0.3526268899,0.1595148146
client,panel_mi,17,27,27,9,e883cab14c33a28c3bf1e25281ef335a7bcd08f31fb3e2cea1e824982af00196,10,neutral,False,-0,,,,,neutral,0.4879473746,0.1830924302,0.0469181446,0.0618086119,,,,,0.006472982466,0,1,0,0.1333020926,0.8326911926,0.03400675952
client,panel_mi,17,27,27,11,e883cab14c33a28c3bf1e25281ef335a7bcd08f31fb3e2cea1e824982af00196,10,neutral,False,-0,,,,,neutral,0.3972832859,0.1325293034,0.02595899364,0.04507238703,,,,,0.003777854145,0,1,0,0.09980599582,0.8758772612,0.02431671321
client,panel_mi,17,27,27,13,e883cab14c33a28c3bf1e25281ef335a7bcd08f31fb3e2cea1e824982af00196,10,neutral,False,0.455485915,,,,,neutral,0.347767204,0.6733842134,0.03481799475,0.04028576179,,,,,0.00262926193,0.2,0.8,0,0.05162131786,0.9041364789,0.04424226657
client,panel_mi,17,27,27,15,e883cab14c33a28c3bf1e25281ef335a7bcd08f31fb3e2cea1e824982af00196,10,sustain,False,-0,,,,,neutral,0.9563415051,1.522306919,0.9291279246,0.406831979,,,,,0.006567201111,0,0,1,0.3123794496,0.4694125652,0.2182079256
client,panel_mi,17,27,27,17,e883cab14c33a28c3bf1e25281ef335a7bcd08f31fb3e2cea1e824982af00196,10,sustain,False,-0,,,,,change,0.9276314378,1.773120999,1.043686391,0.450874451,,,,,0.01233630069,0,0,1,0.4852554202,0.3449423313,0.1698022187
client,panel_mi,17,27,27,19,e883cab14c33a28c3bf1e25281ef335a7bcd08f31fb3e2cea1e824982af00196,10,sustain,False,-0,,,,,change,0.673797071,3.67013073,1.476090562,0.6335048783,,,,,0.02095822804,0,0,1,0.6477885842,0.3267382979,0.02547314204
client,panel_mi,17,27,27,21,e883cab14c33a28c3bf1e25281ef335a7bcd08f31fb3e2cea1e824982af00196,10,sustain,False,-0,,,,,change,0.6000068784,2.81014204,1.514687622,0.5775804244,,,,,0.00343518029,0,0,1,0.7779939175,0.1618096083,0.06019643694
client,panel_mi,17,55,55,1,1b9abf33ba8b2badfab01f2ee1f7aa958800a9808d579c0ec4e6bc41eb27f449,10,neutral,False,-0,,,,,neutral,0.6297097802,0.4136275351,0.2217156799,0.1347936547,,,,,0.00620343443,0,1,0,0.3268335462,0.6612472534,0.01191926282
client,panel_mi,17,55,55,3,1b9abf33ba8b2badfab01f2ee1f7aa958800a9808d579c0ec4e6bc41eb27f449,10,neutral,False,-0,,,,,neutral,0.6516776085,0.3426952064,0.1489749839,0.1129252244,,,,,0.004792652559,0,1,0,0.2516053319,0.7098544836,0.03854010254
client,panel_mi,17,55,55,5,1b9abf33ba8b2badfab01f2ee1f7aa958800a9808d579c0ec4e6bc41eb27f449,10,neutral,False,-0,,,,,neutral,0.4359630942,0.1415408701,0.02647708191,0.04807403174,,,,,0.01458711363,0,1,0,0.05278267339,0.8680197001,0.07919767499
client,panel_mi,17,55,55,7,1b9abf33ba8b2badfab01f2ee1f7aa958800a9808d579c0ec4e6bc41eb27f449,10,neutral,False,-0,,,,,neutral,0.2937219441,0.08873569965,0.01283736144,0.03037000695,,,,,0.001119375695,0,1,0,0.07425360382,0.9150874019,0.01065900736
client,panel_mi,17,55,55,9,1b9abf33ba8b2badfab01f2ee1f7aa958800a9808d579c0ec4e6bc41eb27f449,10,neutral,False,-0,,,,,neutral,0.508662343,0.2446105927,0.09064042783,0.08182149767,,,,,0.005085679702,0,1,0,0.2085279226,0.7830094099,0.008462689817
client,panel_mi,17,55,55,11,1b9abf33ba8b2badfab01f2ee1f7aa958800a9808d579c0ec4e6bc41eb27f449,10,neutral,False,-0,,,,,neutral,0.5439469218,0.2332391292,0.07580509897,0.07815128467,,,,,0.01311830245,0,1,0,0.1777971089,0.7919641733,0.0302387476
client,panel_mi,17,55,55,13,1b9abf33ba8b2badfab01f2ee1f7aa958800a9808d579c0ec4e6bc41eb27f449,10,neutral,False,-0,,,,,change,0.8220730424,0.9629559517,0.6782943774,0.2859333982,,,,,0.01516412478,0,1,0,0.538212955,0.381762743,0.0800242871
client,panel_mi,17,55,55,15,1b9abf33ba8b2badfab01f2ee1f7aa958800a9808d579c0ec4e6bc41eb27f449,10,neutral,False,-0,,,,,neutral,0.4644610286,0.1694252044,0.04086647402,0.05731021727,,,,,0.006293976214,0,1,0,0.1250025779,0.8441498876,0.03084756061
client,panel_mi,17,55,55,17,1b9abf33ba8b2badfab01f2ee1f7aa958800a9808d579c0ec4e6bc41eb27f449,10,neutral,False,0.2959032743,,,,,neutral,0.6717732549,0.4607194215,0.03777134445,0.04506278465,,,,,0.004619377665,0.1,0.9,0,0.1357809007,0.7482234836,0.1159955859
client,panel_mi,17,55,55,19,1b9abf33ba8b2badfab01f2ee1f7aa958800a9808d579c0ec4e6bc41eb27f449,10,neutral,False,0.6126016193,,,,,neutral,0.480907619,1.147736806,0.1755199841,0.1003834432,,,,,0.006566074677,0.4,0.6,0,0.07249172032,0.8492745161,0.07823379338
client,panel_mi,17,55,55,21,1b9abf33ba8b2badfab01f2ee1f7aa958800a9808d579c0ec4e6bc41eb27f449,10,neutral,False,-0,,,,,neutral,0.6121276021,0.4032324255,0.21517578,0.1316219233,,,,,0.0489952676,0,1,0,0.3240290284,0.6681568027,0.007814164273
client,panel_mi,17,55,55,23,1b9abf33ba8b2badfab01f2ee1f7aa958800a9808d579c0ec4e6bc41eb27f449,10,neutral,False,0.455485915,,,,,sustain,0.7081871033,1.561978722,0.7072939859,0.2410676917,,,,,0.01648443937,0,0.8,0.2,0.121824488,0.1538390219,0.7243365049
client,panel_mi,17,55,55,25,1b9abf33ba8b2badfab01f2ee1f7aa958800a9808d579c0ec4e6bc41eb27f449,10,neutral,False,0.6126016193,,,,,sustain,0.1719615012,2.286476608,0.6488639264,0.2321762094,,,,,0.001718202024,0,0.6,0.4,0.01571383514,0.02271638066,0.9615697861
client,panel_mi,17,55,55,27,1b9abf33ba8b2badfab01f2ee1f7aa958800a9808d579c0ec4e6bc41eb27f449,10,neutral,True,0.6309297536,,,,,neutral,0.7388544679,1.851983309,0.3536900591,0.2436879144,,,,,0.008402833715,0,0.5,0.5,0.3681976199,0.5900687575,0.04173352569
client,panel_mi,17,55,55,29,1b9abf33ba8b2badfab01f2ee1f7aa958800a9808d579c0ec4e6bc41eb27f449,10,sustain,False,0.5560326499,,,,,sustain,0.8981340528,1.002657408,0.1476220193,0.1263628574,,,,,0.0237470828,0,0.3,0.7,0.3134876192,0.153510049,0.533002317
client,panel_mi,17,55,55,31,1b9abf33ba8b2badfab01f2ee1f7aa958800a9808d579c0ec4e6bc41eb27f449,10,sustain,False,0.455485915,,,,,sustain,0.7422394753,1.141276264,0.2615501724,0.1864293596,,,,,0.01535892207,0,0.2,0.8,0.4144879282,0.03662965447,0.5488823652
client,panel_mi,17,55,55,33,1b9abf33ba8b2badfab01f2ee1f7aa958800a9808d579c0ec4e6bc41eb27f449,10,change,False,0.455485915,,,,,sustain,0.8010804653,1.391368771,0.5831552961,0.2679738437,,,,,0.04273382574,0.8,0.2,0,0.3297862411,0.08049169183,0.5897220373
client,panel_mi,17,55,55,35,1b9abf33ba8b2badfab01f2ee1f7aa958800a9808d579c0ec4e6bc41eb27f449,10,neutral,False,0.2959032743,,,,,neutral,0.4809077382,0.4094638467,0.00945031724,0.02858298852,,,,,0.006566059776,0.1,0.9,0,0.07249174267,0.8492744565,0.07823383063
client,panel_mi,17,55,55,37,1b9abf33ba8b2badfab01f2ee1f7aa958800a9808d579c0ec4e6bc41eb27f449,10,neutral,False,-0,,,,,neutral,0.7464006543,0.3618022799,0.1395366854,0.1188678706,,,,,0.04789761826,0,1,0,0.1263387054,0.6964200735,0.1772412062
client,panel_mi,17,55,55,39,1b9abf33ba8b2badfab01f2ee1f7aa958800a9808d579c0ec4e6bc41eb27f449,10,neutral,False,-0,,,,,neutral,0.7300791144,0.3437194824,0.1276274921,0.113244736,,,,,0.05263407156,0,1,0,0.126494199,0.7091278434,0.1643779129
client,panel_mi,17,55,55,41,1b9abf33ba8b2badfab01f2ee1f7aa958800a9808d579c0ec4e6bc41eb27f449,10,neutral,False,0.5560326499,,,,,neutral,0.8625465035,0.7650025249,0.03466794487,0.05214489647,,,,,0.01727289334,0.3,0.7,0,0.2763514519,0.5817683935,0.1418801546
client,panel_mi,17,55,55,43,1b9abf33ba8b2badfab01f2ee1f7aa958800a9808d579c0ec4e6bc41eb27f449,10,neutral,False,-0,,,,,neutral,0.3261358738,0.1008018628,0.01590291275,0.03443990873,,,,,0.001983034657,0,1,0,0.08043386787,0.904112041,0.01545401476
client,panel_mi,17,55,55,45,1b9abf33ba8b2badfab01f2ee1f7aa958800a9808d579c0ec4e6bc41eb27f449,10,neutral,False,0.5560326499,,,,,sustain,0.9566780925,1.421304512,0.4522377728,0.2291860229,,,,,0.03404790908,0.3,0.7,0,0.3247795403,0.2125751078,0.4626453519
client,panel_mi,17,55,55,47,1b9abf33ba8b2badfab01f2ee1f7aa958800a9808d579c0ec4e6bc41eb27f449,10,neutral,False,0.8586727111,,,,,neutral,0.981213212,1.012818432,0.03261738746,0.0191491942,,,,,0.01036727987,0.4,0.5,0.1,0.3469647765,0.4073575139,0.2456777841
client,panel_mi,17,55,55,49,1b9abf33ba8b2badfab01f2ee1f7aa958800a9808d579c0ec4e6bc41eb27f449,10,change,False,0.8173454221,,,,,change,0.587231636,1.024322397,0.02368960131,0.02195502988,,,,,0.01344257127,0.6,0.3,0.1,0.7222343683,0.2641586661,0.01360694878
client,panel_mi,17,55,55,51,1b9abf33ba8b2badfab01f2ee1f7aa958800a9808d579c0ec4e6bc41eb27f449,10,neutral,False,0.2959032743,,,,,neutral,0.4096529782,0.3408030778,0.005999131125,0.004432071637,,,,,0.007641051896,0.1,0.9,0,0.1529847234,0.8436073065,0.003407979384
client,panel_mi,17,55,55,53,1b9abf33ba8b2badfab01f2ee1f7aa958800a9808d579c0ec4e6bc41eb27f449,10,neutral,False,0.5560326499,,,,,neutral,0.5570015907,0.6317273766,0.006246814028,0.006315380586,,,,,0.02754946053,0.3,0.7,0,0.2390691042,0.7488767505,0.01205417886
client,panel_mi,17,55,55,55,1b9abf33ba8b2badfab01f2ee1f7aa958800a9808d579c0ec4e6bc41eb27f449,10,change,False,0.2959032743,,,,,neutral,0.9505245686,1.074081129,0.5013903406,0.2034093294,,,,,0.01138382591,0.9,0.1,0,0.3298589587,0.4681341052,0.2020069659
client,panel_mi,17,55,55,57,1b9abf33ba8b2badfab01f2ee1f7aa958800a9808d579c0ec4e6bc41eb27f449,10,change,False,-0,,,,,sustain,0.7724876404,1.61110127,1.110958523,0.4231083501,,,,,0.0206374675,1,0,0,0.1996676177,0.1261583269,0.6741740704
client,panel_mi,17,55,55,59,1b9abf33ba8b2badfab01f2ee1f7aa958800a9808d579c0ec4e6bc41eb27f449,10,change,False,-0,,,,,neutral,0.7098358274,1.230173707,0.9384178106,0.3477415661,,,,,0.004514214117,1,0,0,0.2922418118,0.6596856713,0.04807257652
client,panel_mi,17,55,55,61,1b9abf33ba8b2badfab01f2ee1f7aa958800a9808d579c0ec4e6bc41eb27f449,10,change,False,0.6126016193,,,,,neutral,0.4696156979,1.040892899,0.309851948,0.0836377786,,,,,0.00207933574,0.6,0.4,0,0.2059125453,0.7931236029,0.0009639485506
client,panel_mi,17,55,55,63,1b9abf33ba8b2badfab01f2ee1f7aa958800a9808d579c0ec4e6bc41eb27f449,10,neutral,False,0.6126016193,,,,,neutral,0.4164041579,0.9504656613,0.1504970004,0.06055521721,,,,,0.003608223516,0.4,0.6,0,0.1158320159,0.8632653356,0.02090263739
client,panel_mi,17,56,56,1,994bc72760dcfe7fa4dcb4204fd49276c86f3b5d7563bd03968bb98375e50059,10,neutral,False,-0,,,,,neutral,0.4230179191,0.1355167925,0.02450084142,0.04606837999,,,,,0.003901875811,0,1,0,0.04908470064,0.8732644916,0.07765078545
client,panel_mi,17,56,56,3,994bc72760dcfe7fa4dcb4204fd49276c86f3b5d7563bd03968bb98375e50059,10,neutral,False,-0,,,,,neutral,0.617266655,0.4032894671,0.2142515188,0.131639374,,,,,0.03273859248,0,1,0,0.322519213,0.6681186557,0.009362123907
client,panel_mi,17,56,56,5,994bc72760dcfe7fa4dcb4204fd49276c86f3b5d7563bd03968bb98375e50059,10,neutral,False,-0,,,,,neutral,0.9386073351,0.669683516,0.3574276642,0.2092874825,,,,,0.03403287753,0,1,0,0.2407394946,0.5118705034,0.2473899424
client,panel_mi,17,56,56,7,994bc72760dcfe7fa4dcb4204fd49276c86f3b5d7563bd03968bb98375e50059,10,neutral,False,0.2959032743,,,,,sustain,0.5571974516,2.125437832,1.249891417,0.4450827402,,,,,0.011327154,0.1,0.9,0,0.06443668902,0.1278467476,0.8077165484
client,panel_mi,17,56,56,9,994bc72760dcfe7fa4dcb4204fd49276c86f3b5d7563bd03968bb98375e50059,10,neutral,True,0.6309297536,,,,,neutral,0.8148244619,0.9259461313,0.09390218975,0.06719577008,,,,,0.05614785105,0,0.5,0.5,0.121972546,0.6282044649,0.2498230487
client,panel_mi,17,56,56,11,994bc72760dcfe7fa4dcb4204fd49276c86f3b5d7563bd03968bb98375e50059,10,sustain,False,0.6126016193,,,,,change,0.946495831,1.305691862,0.3288663023,0.1986266643,,,,,0.06190986559,0,0.4,0.6,0.467222631,0.1930422932,0.3397350907
client,panel_mi,17,56,56,13,994bc72760dcfe7fa4dcb4204fd49276c86f3b5d7563bd03968bb98375e50059,10,neutral,False,0.455485915,,,,,neutral,0.3940445185,0.5795822501,0.01881038218,0.02093664485,,,,,0.004110784736,0.2,0.8,0,0.09204560518,0.8797565699,0.02819787897
client,panel_mi,17,56,56,15,994bc72760dcfe7fa4dcb4204fd49276c86f3b5d7563bd03968bb98375e50059,10,neutral,False,0.2959032743,,,,,neutral,0.2460020185,0.4538886055,0.009856004924,0.03018552231,,,,,0.002886698814,0.1,0.9,0,0.01898718253,0.9381201863,0.0428926535
client,panel_mi,17,56,56,17,994bc72760dcfe7fa4dcb4204fd49276c86f3b5d7563bd03968bb98375e50059,10,neutral,False,0.5560326499,,,,,neutral,0.3940445185,0.8053183571,0.07635257511,0.0439391762,,,,,0.004110784736,0.3,0.7,0,0.09204560518,0.8797565699,0.02819787897
client,panel_mi,17,56,56,19,994bc72760dcfe7fa4dcb4204fd49276c86f3b5d7563bd03968bb98375e50059,10,neutral,False,0.455485915,,,,,neutral,0.5631925464,1.26200068,0.1147953005,0.1508304283,,,,,0.009906778112,0,0.8,0.2,0.267991364,0.7254444361,0.006564229727
client,panel_mi,17,56,56,21,994bc72760dcfe7fa4dcb4204fd49276c86f3b5d7563bd03968bb98375e50059,10,sustain,False,0.5560326499,,,,,change,0.7106646299,1.809821343,0.7524157863,0.339617055,,,,,0.0234546829,0,0.3,0.7,0.6948956847,0.07107568532,0.2340285778
client,panel_mi,17,56,56,23,994bc72760dcfe7fa4dcb4204fd49276c86f3b5d7563bd03968bb98375e50059,10,neutral,False,0.5816718657,,,,,neutral,0.6397483945,0.6762579203,0.01201372649,0.009723333835,,,,,0.02980661392,0.1,0.8,0.1,0.06151653454,0.7492693663,0.1892140806
client,panel_mi,17,56,56,25,994bc72760dcfe7fa4dcb4204fd49276c86f3b5d7563bd03968bb98375e50059,10,sustain,False,0.6126016193,,,,,neutral,0.9957695603,1.040600157,0.1496580875,0.1180443869,,,,,0.03015567362,0,0.4,0.6,0.2895962596,0.3644243777,0.3459793925
client,panel_mi,17,56,56,27,994bc72760dcfe7fa4dcb4204fd49276c86f3b5d7563bd03968bb98375e50059,10,sustain,False,0.455485915,,,,,change,0.727774024,1.912460804,0.9329862971,0.3715494477,,,,,0.0354058072,0,0.2,0.8,0.7120932341,0.1375271529,0.1503795981
client,panel_mi,17,56,56,29,994bc72760dcfe7fa4dcb4204fd49276c86f3b5d7563bd03968bb98375e50059,10,neutral,False,0.5560326499,,,,,neutral,0.4619129598,0.8076484755,0.06697964967,0.04736431961,,,,,0.02418400906,0,0.7,0.3,0.04789571464,0.8542917371,0.09781260788
client,panel_mi,17,56,56,31,994bc72760dcfe7fa4dcb4204fd49276c86f3b5d7563bd03968bb98375e50059,10,sustain,False,0.455485915,,,,,sustain,0.7664878368,0.6442464113,0.0320544048,0.04878747551,,,,,0.03837423772,0,0.2,0.8,0.133515805,0.1847916543,0.6816926003
client,panel_mi,17,56,56,33,994bc72760dcfe7fa4dcb4204fd49276c86f3b5d7563bd03968bb98375e50059,10,neutral,False,-0,,,,,neutral,0.3940440416,0.128109768,0.02372589962,0.04359735728,,,,,0.004110796843,0,1,0,0.09204539657,0.8797567487,0.02819783613
client,panel_mi,17,56,56,35,994bc72760dcfe7fa4dcb4204fd49276c86f3b5d7563bd03968bb98375e50059,10,sustain,False,0.9372305632,,,,,sustain,0.7118009925,1.563107586,0.1232287217,0.08728287219,,,,,0.00728380587,0.2,0.3,0.5,0.4089916348,0.02563296631,0.5653754473
client,panel_mi,17,56,56,37,994bc72760dcfe7fa4dcb4204fd49276c86f3b5d7563bd03968bb98375e50059,10,neutral,True,0.6309297536,,,,,neutral,0.7834501266,1.275511548,0.2205812707,0.1458469336,,,,,0.006786353886,0,0.5,0.5,0.2218492925,0.6599587202,0.1181919724
client,panel_mi,17,56,56,39,994bc72760dcfe7fa4dcb4204fd49276c86f3b5d7563bd03968bb98375e50059,10,sustain,False,0.455485915,,,,,sustain,0.9362130165,0.9994899988,0.2729299856,0.1589582817,,,,,0.04254052788,0,0.2,0.8,0.3836283088,0.1697005481,0.4466711879
client,panel_mi,17,56,56,41,994bc72760dcfe7fa4dcb4204fd49276c86f3b5d7563bd03968bb98375e50059,10,sustain,False,0.8173454221,,,,,change,0.8873362541,1.486232978,0.3972590328,0.1500695056,,,,,0.04743744433,0.1,0.3,0.6,0.5739741921,0.2366241515,0.1894016564
client,panel_mi,17,56,56,43,994bc72760dcfe7fa4dcb4204fd49276c86f3b5d7563bd03968bb98375e50059,10,neutral,False,0.6126016193,,,,,neutral,0.3940440416,1.031055161,0.173895023,0.07503626399,,,,,0.004110796843,0.4,0.6,0,0.09204539657,0.8797567487,0.02819783613
client,panel_mi,17,56,56,45,994bc72760dcfe7fa4dcb4204fd49276c86f3b5d7563bd03968bb98375e50059,10,neutral,False,0.5560326499,,,,,neutral,0.3112531006,0.9995536655,0.1145055038,0.07446412247,,,,,0.01266278792,0.3,0.7,0,0.04367927462,0.9174772501,0.03884341568
client,panel_mi,17,56,56,47,994bc72760dcfe7fa4dcb4204fd49276c86f3b5d7563bd03968bb98375e50059,10,neutral,False,0.6126016193,,,,,change,0.9525359869,1.313727975,0.3008273111,0.1819253413,,,,,0.06742616743,0.4,0.6,0,0.4413189292,0.1931628436,0.3655182421
client,panel_mi,17,56,56,49,994bc72760dcfe7fa4dcb4204fd49276c86f3b5d7563bd03968bb98375e50059,10,neutral,False,-0,,,,,neutral,0.3940445185,0.1281100363,0.0237259963,0.04359744908,,,,,0.004110784736,0,1,0,0.09204560518,0.8797565699,0.02819787897
client,panel_mi,17,56,56,51,994bc72760dcfe7fa4dcb4204fd49276c86f3b5d7563bd03968bb98375e50059,10,sustain,False,0.7298466992,,,,,sustain,0.7848402858,0.8625290394,0.02102647401,0.01590335913,,,,,0.01102304738,0.1,0.2,0.7,0.2163098603,0.1226812825,0.6610088944
client,panel_mi,17,56,56,53,994bc72760dcfe7fa4dcb4204fd49276c86f3b5d7563bd03968bb98375e50059,10,neutral,False,-0,,,,,neutral,0.6936460137,0.4323408604,0.224274412,0.1404746746,,,,,0.0145458607,0,1,0,0.3159701824,0.6489881277,0.0350417085
client,panel_mi,17,56,56,55,994bc72760dcfe7fa4dcb4204fd49276c86f3b5d7563bd03968bb98375e50059,10,neutral,False,-0,,,,,neutral,0.3969277143,0.1335107535,0.02658553842,0.0453996927,,,,,0.00602732785,0,1,0,0.0227743946,0.8750180006,0.1022075266
client,panel_mi,17,56,56,57,994bc72760dcfe7fa4dcb4204fd49276c86f3b5d7563bd03968bb98375e50059,10,neutral,False,-0,,,,,neutral,0.3940445185,0.1281100363,0.0237259963,0.04359744908,,,,,0.004110784736,0,1,0,0.09204560518,0.8797565699,0.02819787897
client,panel_mi,17,56,56,59,994bc72760dcfe7fa4dcb4204fd49276c86f3b5d7563bd03968bb98375e50059,10,neutral,False,0.455485915,,,,,change,0.9786786437,1.15447495,0.3899903599,0.1789216047,,,,,0.08095774055,0.2,0.8,0,0.4368992746,0.290520668,0.2725800872
client,panel_mi,17,56,56,61,994bc72760dcfe7fa4dcb4204fd49276c86f3b5d7563bd03968bb98375e50059,10,sustain,False,0.8649735207,,,,,change,0.8966860175,1.089199805,0.09958726742,0.03661788087,,,,,0.05494889617,0.2,0.2,0.6,0.45054245,0.1268344074,0.4226231575
client,panel_mi,17,56,56,63,994bc72760dcfe7fa4dcb4204fd49276c86f3b5d7563bd03968bb98375e50059,10,neutral,False,0.8173454221,,,,,neutral,0.3817915618,1.173874247,0.1167930442,0.05401162703,,,,,0.003932516091,0.1,0.6,0.3,0.01189761702,0.8733435869,0.1147588119
client,panel_mi,17,56,56,65,994bc72760dcfe7fa4dcb4204fd49276c86f3b5d7563bd03968bb98375e50059,10,neutral,False,-0,,,,,neutral,0.7663063407,0.6983149648,0.4649685746,0.2171794744,,,,,0.0224716235,0,1,0,0.4587648511,0.4974227846,0.04381242394
client,panel_mi,17,56,56,67,994bc72760dcfe7fa4dcb4204fd49276c86f3b5d7563bd03968bb98375e50059,10,neutral,False,0.5816718657,,,,,neutral,0.3940445185,0.6978860021,0.01157992742,0.01168881328,,,,,0.004110784736,0.1,0.8,0.1,0.09204560518,0.8797565699,0.02819787897
client,panel_mi,17,56,56,69,994bc72760dcfe7fa4dcb4204fd49276c86f3b5d7563bd03968bb98375e50059,10,neutral,False,0.8586727111,,,,,change,0.1216254011,2.728372312,0.5779134179,0.2316670694,,,,,0.004288925324,0.4,0.5,0.1,0.9750369787,0.01010556053,0.01485740393
client,panel_mi,17,56,56,71,994bc72760dcfe7fa4dcb4204fd49276c86f3b5d7563bd03968bb98375e50059,10,neutral,False,0.5816718657,,,,,neutral,0.751280129,0.7460909128,0.06127509106,0.02972605192,,,,,0.03867488354,0.1,0.8,0.1,0.2888275683,0.6431710124,0.06800141931
client,panel_mi,17,56,56,73,994bc72760dcfe7fa4dcb4204fd49276c86f3b5d7563bd03968bb98375e50059,10,neutral,False,0.455485915,,,,,neutral,0.8302806616,0.873524189,0.1472073533,0.1214555246,,,,,0.04719411582,0.2,0.8,0,0.1058658361,0.5883051157,0.3058290184
client,panel_mi,17,56,56,75,994bc72760dcfe7fa4dcb4204fd49276c86f3b5d7563bd03968bb98375e50059,10,neutral,False,0.2959032743,,,,,neutral,0.654022336,0.5346408427,0.06079290525,0.07030829504,,,,,0.02529217862,0.1,0.9,0,0.06869890541,0.7434250116,0.1878760755
client,panel_mi,17,56,56,77,994bc72760dcfe7fa4dcb4204fd49276c86f3b5d7563bd03968bb98375e50059,10,neutral,False,0.5560326499,,,,,neutral,0.5818842053,0.6558973342,0.01144409372,0.01371270559,,,,,0.03296984732,0,0.7,0.3,0.02758869529,0.7579774857,0.214433834
client,panel_mi,17,56,56,79,994bc72760dcfe7fa4dcb4204fd49276c86f3b5d7563bd03968bb98375e50059,10,neutral,False,-0,,,,,sustain,0.54585886,1.346853614,1.08866229,0.3723820647,,,,,0.03545933217,0,1,0,0.004328564741,0.2600572109,0.7356141806
client,panel_mi,17,56,56,81,994bc72760dcfe7fa4dcb4204fd49276c86f3b5d7563bd03968bb98375e50059,10,neutral,False,0.2959032743,,,,,change,0.6956228018,1.543318868,0.9111565106,0.3424025202,,,,,0.01188646443,0,0.9,0.1,0.694797039,0.2467893064,0.05841372535
client,panel_mi,17,56,56,83,994bc72760dcfe7fa4dcb4204fd49276c86f3b5d7563bd03968bb98375e50059,10,neutral,False,0.2959032743,,,,,neutral,0.6871556044,0.4538032919,0.04455428375,0.04084871553,,,,,0.05712252855,0,0.9,0.1,0.08535426855,0.7276574373,0.1869883537
client,panel_mi,17,56,56,85,994bc72760dcfe7fa4dcb4204fd49276c86f3b5d7563bd03968bb98375e50059,10,change,False,0.5560326499,,,,,change,0.08185643703,1.389853118,0.165025612,0.09917180538,,,,,0.0008156242548,0.7,0.3,0,0.9845125079,0.01008784771,0.005399574526
client,panel_mi,17,56,56,87,994bc72760dcfe7fa4dcb4204fd49276c86f3b5d7563bd03968bb98375e50059,10,change,False,0.5560326499,,,,,neutral,0.9300839901,1.461113435,0.4362033973,0.2187956062,,,,,0.01159857865,0.7,0.3,0,0.1701995432,0.4778065681,0.3519938886
client,panel_mi,17,56,56,89,994bc72760dcfe7fa4dcb4204fd49276c86f3b5d7563bd03968bb98375e50059,10,neutral,False,0.455485915,,,,,neutral,0.3940445185,0.5795822501,0.01881038218,0.02093664485,,,,,0.004110784736,0.2,0.8,0,0.09204560518,0.8797565699,0.02819787897
client,panel_mi,17,56,56,91,994bc72760dcfe7fa4dcb4204fd49276c86f3b5d7563bd03968bb98375e50059,10,change,False,0.455485915,,,,,change,0.5702434182,0.5499762893,0.003458785836,0.01681471625,,,,,0.01859885268,0.8,0.2,0,0.7887009382,0.1652311385,0.0460678488
client,panel_mi,17,56,56,93,994bc72760dcfe7fa4dcb4204fd49276c86f3b5d7563bd03968bb98375e50059,10,change,False,0.455485915,,,,,neutral,0.5322362781,1.470840269,0.7614943066,0.2193710253,,,,,0.005459160544,0.8,0.2,0,0.1681171358,0.8010557294,0.03082709387
client,panel_mi,17,56,56,95,994bc72760dcfe7fa4dcb4204fd49276c86f3b5d7563bd03968bb98375e50059,10,change,False,0.2959032743,,,,,change,0.8556777835,0.784156251,0.2594161934,0.1469669483,,,,,0.04602753371,0.9,0.1,0,0.5367099047,0.106364347,0.3569257557
client,panel_mi,17,56,56,97,994bc72760dcfe7fa4dcb4204fd49276c86f3b5d7563bd03968bb98375e50059,10,neutral,False,0.9372305632,,,,,neutral,0.6612725258,1.234812841,0.06663408567,0.03919015461,,,,,0.02924364805,0.2,0.5,0.3,0.03760111332,0.6975480318,0.2648508549
client,panel_mi,17,56,56,99,994bc72760dcfe7fa4dcb4204fd49276c86f3b5d7563bd03968bb98375e50059,10,change,False,0.6126016193,,,,,neutral,0.5909996629,1.561314327,0.4330988628,0.1825742951,,,,,0.01664400846,0.6,0.4,0,0.08645217121,0.7937078476,0.1198399812
client,panel_mi,17,56,56,101,994bc72760dcfe7fa4dcb4204fd49276c86f3b5d7563bd03968bb98375e50059,10,neutral,False,0.2959032743,,,,,neutral,0.3846564889,0.4908504456,0.01542208994,0.04618560104,,,,,0.01487392746,0.1,0.9,0,0.02301061712,0.8813500404,0.09563943744
client,panel_mi,17,56,56,103,994bc72760dcfe7fa4dcb4204fd49276c86f3b5d7563bd03968bb98375e50059,10,neutral,False,0.7298466992,,,,,neutral,0.9294076562,1.037913591,0.1634128397,0.06564041541,,,,,0.04397848621,0.1,0.7,0.2,0.4038275182,0.4364034534,0.1597689688
client,panel_mi,17,56,56,105,994bc72760dcfe7fa4dcb4204fd49276c86f3b5d7563bd03968bb98375e50059,10,neutral,False,0.455485915,,,,,neutral,0.4526644051,0.5278831601,0.004818564799,0.00839683899,,,,,0.03565825149,0.2,0.8,0,0.1446430385,0.838213563,0.01714337245
client,panel_mi,17,56,56,107,994bc72760dcfe7fa4dcb4204fd49276c86f3b5d7563bd03968bb98375e50059,10,neutral,False,0.455485915,,,,,neutral,0.3940445185,0.5795822501,0.01881038218,0.02093664485,,,,,0.004110784736,0.2,0.8,0,0.09204560518,0.8797565699,0.02819787897
client,panel_mi,17,56,56,109,994bc72760dcfe7fa4dcb4204fd49276c86f3b5d7563bd03968bb98375e50059,10,neutral,False,0.2959032743,,,,,neutral,0.3940445185,0.3538461432,0.001268189239,0.009912594886,,,,,0.004110784736,0.1,0.9,0,0.09204560518,0.8797565699,0.02819787897
client,panel_mi,17,56,56,111,994bc72760dcfe7fa4dcb4204fd49276c86f3b5d7563bd03968bb98375e50059,10,neutral,False,0.5560326499,,,,,neutral,0.3969277143,1.228093024,0.1179317367,0.1109928883,,,,,0.00602732785,0.3,0.7,0,0.0227743946,0.8750180006,0.1022075266
client,panel_mi,17,56,56,113,994bc72760dcfe7fa4dcb4204fd49276c86f3b5d7563bd03968bb98375e50059,10,change,False,0.455485915,,,,,change,0.5846893787,0.5265565634,0.004754320458,0.008622336534,,,,,0.0158458259,0.8,0.2,0,0.7441945672,0.2343425751,0.02146292478
client,panel_mi,17,56,56,115,994bc72760dcfe7fa4dcb4204fd49276c86f3b5d7563bd03968bb98375e50059,10,change,True,0.6309297536,,,,,neutral,0.3158246279,1.49067425,0.3704333705,0.1435163908,,,,,0.002214174485,0.5,0.5,0,0.05545863509,0.9146347046,0.02990663983
client,panel_mi,17,56,56,117,994bc72760dcfe7fa4dcb4204fd49276c86f3b5d7563bd03968bb98375e50059,10,change,False,0.455485915,,,,,change,0.9915573597,0.9855991125,0.2677908272,0.1468699818,,,,,0.01018466242,0.8,0.2,0,0.3971708715,0.2909974754,0.3118316531
client,panel_mi,17,56,56,119,994bc72760dcfe7fa4dcb4204fd49276c86f3b5d7563bd03968bb98375e50059,10,neutral,False,0.7298466992,,,,,neutral,0.3940445185,1.041925861,0.0618916656,0.04162436743,,,,,0.004110784736,0.1,0.7,0.2,0.09204560518,0.8797565699,0.02819787897
client,panel_mi,17,56,56,121,994bc72760dcfe7fa4dcb4204fd49276c86f3b5d7563bd03968bb98375e50059,10,neutral,False,0.2959032743,,,,,neutral,0.6998003721,0.4722497553,0.07104038836,0.04413173288,,,,,0.0196515657,0.1,0.9,0,0.252805382,0.6894031167,0.05779149011
client,panel_mi,17,56,56,123,994bc72760dcfe7fa4dcb4204fd49276c86f3b5d7563bd03968bb98375e50059,10,neutral,False,-0,,,,,neutral,0.3515646458,0.1335531175,0.03081558436,0.04541382561,,,,,0.02213060297,0,1,0,0.1232176274,0.8749809265,0.001801384264
client,panel_mi,17,56,56,125,994bc72760dcfe7fa4dcb4204fd49276c86f3b5d7563bd03968bb98375e50059,10,neutral,False,-0,,,,,neutral,0.2349634171,0.06828310341,0.008222672707,0.02343849163,,,,,0.008291644976,0,1,0,0.06205267832,0.9339960217,0.003951287828
client,panel_mi,17,56,56,127,994bc72760dcfe7fa4dcb4204fd49276c86f3b5d7563bd03968bb98375e50059,10,change,False,0.2959032743,,,,,change,0.6686036587,0.5832263947,0.2008739393,0.07256606955,,,,,0.04492937773,0.9,0.1,0,0.5774049759,0.410918057,0.01167696901
client,panel_mi,17,56,56,129,994bc72760dcfe7fa4dcb4204fd49276c86f3b5d7563bd03968bb98375e50059,10,sustain,False,0.6126016193,,,,,neutral,0.7781485915,0.9209092259,0.1506496428,0.06674789504,,,,,0.01928288303,0,0.4,0.6,0.07965874672,0.6258126497,0.2945286036
client,panel_mi,17,56,56,131,994bc72760dcfe7fa4dcb4204fd49276c86f3b5d7563bd03968bb98375e50059,10,change,False,0.2959032743,,,,,sustain,0.6316332221,1.77143867,1.067266316,0.3878945059,,,,,0.006551379804,0.9,0.1,0,0.1923011988,0.05635099486,0.7513477802
client,panel_mi,17,56,56,133,994bc72760dcfe7fa4dcb4204fd49276c86f3b5d7563bd03968bb98375e50059,10,neutral,False,0.5560326499,,,,,neutral,0.3940445185,0.8053183571,0.07635257511,0.0439391762,,,,,0.004110784736,0.3,0.7,0,0.09204560518,0.8797565699,0.02819787897
client,panel_mi,17,56,56,135,994bc72760dcfe7fa4dcb4204fd49276c86f3b5d7563bd03968bb98375e50059,10,neutral,False,0.5560326499,,,,,neutral,0.7354365587,0.6817509592,0.03755158146,0.02101838485,,,,,0.008551494218,0.3,0.7,0,0.4170647562,0.5492848158,0.03365046531
client,panel_mi,17,56,56,137,994bc72760dcfe7fa4dcb4204fd49276c86f3b5d7563bd03968bb98375e50059,10,change,False,0.5560326499,,,,,change,0.6983977556,0.7162247092,0.01730663446,0.03400768339,,,,,0.02874965593,0.7,0.3,0,0.7170205712,0.199641794,0.08333765715
client,panel_mi,17,56,56,139,994bc72760dcfe7fa4dcb4204fd49276c86f3b5d7563bd03968bb98375e50059,10,neutral,False,0.6126016193,,,,,neutral,0.2560988069,1.182625628,0.2267536865,0.09368293644,,,,,0.01112160273,0.4,0.6,0,0.05788029358,0.9310361743,0.0110835135
client,panel_mi,17,56,56,141,994bc72760dcfe7fa4dcb4204fd49276c86f3b5d7563bd03968bb98375e50059,10,neutral,False,0.5560326499,,,,,neutral,0.6380950212,0.6412834436,0.001896175543,0.01034662244,,,,,0.01585263014,0,0.7,0.3,0.0284874402,0.7041801214,0.2673324645
client,panel_mi,17,56,56,143,994bc72760dcfe7fa4dcb4204fd49276c86f3b5d7563bd03968bb98375e50059,10,neutral,False,0.2959032743,,,,,neutral,0.2560988069,0.3492492676,0.002860158056,0.006816285945,,,,,0.01112160273,0.1,0.9,0,0.05788029358,0.9310361743,0.0110835135
client,panel_mi,17,56,56,145,994bc72760dcfe7fa4dcb4204fd49276c86f3b5d7563bd03968bb98375e50059,10,neutral,False,-0,,,,,neutral,0.6998003721,0.3719291389,0.1637208578,0.122002032,,,,,0.01965153031,0,1,0,0.252805382,0.6894030571,0.05779149383
client,panel_mi,17,56,56,147,994bc72760dcfe7fa4dcb4204fd49276c86f3b5d7563bd03968bb98375e50059,10,neutral,False,-0,,,,,neutral,0.6998003721,0.3719291389,0.1637208578,0.122002032,,,,,0.01965153031,0,1,0,0.252805382,0.6894030571,0.05779149383
client,panel_mi,17,56,56,149,994bc72760dcfe7fa4dcb4204fd49276c86f3b5d7563bd03968bb98375e50059,10,neutral,False,0.2959032743,,,,,neutral,0.1493698061,0.3868710805,0.009472834131,0.01303472902,,,,,0.003370811464,0.1,0.9,0,0.02855206095,0.9658538699,0.005594099872
client,panel_mi,17,56,56,151,994bc72760dcfe7fa4dcb4204fd49276c86f3b5d7563bd03968bb98375e50059,10,neutral,False,0.2959032743,,,,,neutral,0.6019645333,0.4132617861,0.02098138693,0.02905040474,,,,,0.0202334933,0,0.9,0.1,0.07180562615,0.7827113271,0.1454830319
client,panel_mi,17,56,56,153,994bc72760dcfe7fa4dcb4204fd49276c86f3b5d7563bd03968bb98375e50059,10,neutral,False,0.2959032743,,,,,change,0.6078538299,1.360720685,0.8631519312,0.2559368763,,,,,0.01191125065,0.1,0.9,0,0.7407342196,0.2279644012,0.03130146489
client,panel_mi,17,56,56,155,994bc72760dcfe7fa4dcb4204fd49276c86f3b5d7563bd03968bb98375e50059,10,neutral,False,-0,,,,,change,0.2569720447,2.631045103,1.715719738,0.5611577042,,,,,0.003638371127,0,1,0,0.9244071841,0.07200317085,0.003589562373
client,panel_mi,17,56,56,157,994bc72760dcfe7fa4dcb4204fd49276c86f3b5d7563bd03968bb98375e50059,10,neutral,False,0.6126016193,,,,,change,0.6829203963,0.7972004294,0.09897947215,0.03249568118,,,,,0.04058896005,0.4,0.6,0,0.6111540794,0.367733568,0.02111235261
client,panel_mi,17,56,56,159,994bc72760dcfe7fa4dcb4204fd49276c86f3b5d7563bd03968bb98375e50059,10,neutral,False,0.2959032743,,,,,neutral,0.3940445185,0.3538461432,0.001268189239,0.009912594886,,,,,0.004110784736,0.1,0.9,0,0.09204560518,0.8797565699,0.02819787897
client,panel_mi,17,56,56,161,994bc72760dcfe7fa4dcb4204fd49276c86f3b5d7563bd03968bb98375e50059,10,neutral,False,0.6126016193,,,,,change,0.7368097901,0.8688341022,0.1328133524,0.05215303711,,,,,0.05512785912,0.4,0.6,0,0.6280834079,0.3204586208,0.05145792291
client,panel_mi,17,56,56,163,994bc72760dcfe7fa4dcb4204fd49276c86f3b5d7563bd03968bb98375e50059,10,neutral,False,0.6126016193,,,,,neutral,0.6550400853,0.6872648597,0.00906400506,0.004065878941,,,,,0.01357938536,0.4,0.6,0,0.4646027684,0.5302571058,0.005140091758
client,panel_mi,17,56,56,165,994bc72760dcfe7fa4dcb4204fd49276c86f3b5d7563bd03968bb98375e50059,10,neutral,False,0.2959032743,,,,,change,0.9647240639,0.9277307332,0.38623445,0.1699492008,,,,,0.05616599321,0.1,0.9,0,0.3973950446,0.395234555,0.2073704004
client,panel_mi,17,56,56,167,994bc72760dcfe7fa4dcb4204fd49276c86f3b5d7563bd03968bb98375e50059,10,neutral,False,0.5560326499,,,,,change,0.9984167218,1.120046198,0.2605945824,0.1527370449,,,,,0.09696824849,0.3,0.7,0,0.3599740863,0.3128020763,0.3272238672
client,panel_mi,17,56,56,169,994bc72760dcfe7fa4dcb4204fd49276c86f3b5d7563bd03968bb98375e50059,10,neutral,False,0.5560326499,,,,,neutral,0.8298835158,0.7598255754,0.07593038354,0.04442510596,,,,,0.07067215443,0.3,0.7,0,0.4440307617,0.4782964587,0.07767279446
client,panel_mi,17,56,56,171,994bc72760dcfe7fa4dcb4204fd49276c86f3b5d7563bd03968bb98375e50059,10,neutral,False,0.6126016193,,,,,neutral,0.5380058885,1.368499607,0.1912113746,0.1397624286,,,,,0.02815543674,0.4,0.6,0,0.0448647663,0.8094251752,0.1457101107
client,panel_mi,17,56,56,173,994bc72760dcfe7fa4dcb4204fd49276c86f3b5d7563bd03968bb98375e50059,10,neutral,False,0.5560326499,,,,,neutral,0.256098628,0.9048337765,0.1121226,0.05689611503,,,,,0.01112158131,0.3,0.7,0,0.0578802228,0.9310362935,0.01108352747
client,panel_mi,17,66,66,1,60300796ba7899fd40ecbaa91387c5ca83e5757c4513c7aae95783e2e3877244,10,neutral,False,-0,,,,,neutral,0.5444752574,0.2956444621,0.1278955133,0.09812924734,,,,,0.004246522672,0,1,0,0.2496937811,0.7440519333,0.006254290696
client,panel_mi,17,66,66,3,60300796ba7899fd40ecbaa91387c5ca83e5757c4513c7aae95783e2e3877244,10,neutral,False,-0,,,,,change,0.560868144,1.213458776,0.9865051084,0.3440962575,,,,,0.004282277077,0,1,0,0.7018052936,0.297167629,0.001027056016
client,panel_mi,17,66,66,5,60300796ba7899fd40ecbaa91387c5ca83e5757c4513c7aae95783e2e3877244,10,change,True,0.9602297179,,,,,neutral,0.9689818621,1.194909501,0.08978322731,0.03599106633,,,,,0.007031332701,0.4,0.2,0.4,0.2255095989,0.435759306,0.3387311101
client,panel_mi,17,66,66,7,60300796ba7899fd40ecbaa91387c5ca83e5757c4513c7aae95783e2e3877244,10,change,True,0.6309297536,,,,,neutral,0.3344797194,1.368768375,0.348076263,0.12808232,,,,,0.002060350729,0.5,0.5,0,0.07153303921,0.9048906565,0.02357627824
client,panel_mi,17,66,66,9,60300796ba7899fd40ecbaa91387c5ca83e5757c4513c7aae95783e2e3877244,10,sustain,False,0.8586727111,,,,,sustain,0.8113327026,1.186704567,0.1092670091,0.0537141656,,,,,0.00572356116,0.4,0.1,0.5,0.1301205754,0.2322329283,0.6376464963
client,panel_mi,17,66,66,11,60300796ba7899fd40ecbaa91387c5ca83e5757c4513c7aae95783e2e3877244,10,sustain,False,0.7298466992,,,,,neutral,0.5696260929,1.804831004,0.7071154094,0.214061464,,,,,0.004091052804,0.1,0.2,0.7,0.07934057713,0.8046676517,0.1159917563
client,panel_mi,17,66,66,13,60300796ba7899fd40ecbaa91387c5ca83e5757c4513c7aae95783e2e3877244,10,sustain,False,0.7298466992,,,,,change,0.9295494556,1.160742593,0.274513086,0.08700029285,,,,,0.005526479334,0.2,0.1,0.7,0.5128675103,0.1962359697,0.2908965349
client,panel_mi,17,66,66,16,60300796ba7899fd40ecbaa91387c5ca83e5757c4513c7aae95783e2e3877244,10,change,False,0.5560326499,,,,,sustain,0.9823288918,1.285443962,0.3706112713,0.1981236178,,,,,0.006750890519,0.7,0.3,0,0.2593895793,0.3210504651,0.4195600152
client,panel_mi,17,66,66,18,60300796ba7899fd40ecbaa91387c5ca83e5757c4513c7aae95783e2e3877244,10,change,False,0.2959032743,,,,,neutral,0.9291781783,1.705190694,0.813004503,0.333021486,,,,,0.007069244981,0.9,0.1,0,0.163819164,0.4625601172,0.3736206889
client,panel_mi,17,66,66,20,60300796ba7899fd40ecbaa91387c5ca83e5757c4513c7aae95783e2e3877244,10,change,False,0.2959032743,,,,,change,0.640481472,0.4322250038,0.04692777155,0.0322580259,,,,,0.004027908202,0.9,0.1,0,0.7296462655,0.226390928,0.04396273941
client,panel_mi,17,66,66,22,60300796ba7899fd40ecbaa91387c5ca83e5757c4513c7aae95783e2e3877244,10,sustain,False,0.9372305632,,,,,neutral,0.6425856948,2.281095308,0.3827698213,0.178821588,,,,,0.004922737833,0.2,0.3,0.5,0.2995579243,0.6791162491,0.02132588252
client,panel_mi,17,66,66,24,60300796ba7899fd40ecbaa91387c5ca83e5757c4513c7aae95783e2e3877244,10,neutral,False,0.2959032743,,,,,neutral,0.5252976418,0.4071055412,0.05208723673,0.02273754353,,,,,0.004261826165,0.1,0.9,0,0.2612221241,0.7384618521,0.0003159829357
client,panel_mi,17,66,66,26,60300796ba7899fd40ecbaa91387c5ca83e5757c4513c7aae95783e2e3877244,10,change,False,-0,,,,,neutral,0.9230865836,1.836462855,1.065997456,0.4610715135,,,,,0.00705776969,1,0,0,0.1593801826,0.475241363,0.3653784692
client,panel_mi,17,66,66,28,60300796ba7899fd40ecbaa91387c5ca83e5757c4513c7aae95783e2e3877244,10,change,False,-0,,,,,change,0.8252723813,0.4556620419,0.2022872374,0.1475026713,,,,,0.004871258978,1,0,0,0.6340280771,0.209292382,0.1566795707
client,panel_mi,17,66,66,30,60300796ba7899fd40ecbaa91387c5ca83e5757c4513c7aae95783e2e3877244,10,change,False,0.2959032743,,,,,neutral,0.7635719776,1.060606736,0.4897301115,0.2272549321,,,,,0.005693821702,0.9,0,0.1,0.4356569648,0.5205362439,0.04380679876
client,panel_mi,17,109,109,1,f92544f5ed508add4c093c58e76fce40d49ca14b51000a7b8770e0152039d485,10,neutral,False,-0,,,,,neutral,0.3370930851,0.1055677161,0.01731120854,0.03604342463,,,,,0.001893884852,0,1,0,0.08367311209,0.8998135328,0.01651334763
client,panel_mi,17,109,109,3,f92544f5ed508add4c093c58e76fce40d49ca14b51000a7b8770e0152039d485,10,neutral,False,0.2959032743,,,,,neutral,0.6519088745,0.5650751531,0.1864386085,0.06741898399,,,,,0.004526684992,0.1,0.9,0,0.4012125432,0.5907350779,0.008052276447
client,panel_mi,17,109,109,5,f92544f5ed508add4c093c58e76fce40d49ca14b51000a7b8770e0152039d485,10,neutral,True,0.6309297536,,,,,change,0.9263258576,1.443194091,0.4104801376,0.2297280921,,,,,0.005710222758,0,0.5,0.5,0.5211408734,0.2787896991,0.2000694573
client,panel_mi,17,109,109,7,f92544f5ed508add4c093c58e76fce40d49ca14b51000a7b8770e0152039d485,10,sustain,False,0.2959032743,,,,,sustain,0.8672760725,0.8236916065,0.2939199798,0.1582868232,,,,,0.005054823123,0,0.1,0.9,0.3784689009,0.1095894799,0.5119416118
client,panel_mi,17,109,109,9,f92544f5ed508add4c093c58e76fce40d49ca14b51000a7b8770e0152039d485,10,neutral,False,0.5816718657,,,,,neutral,0.5233092904,1.013542008,0.03521566204,0.04827359524,,,,,0.005930821411,0.1,0.8,0.1,0.001621855074,0.7474583983,0.2509197891
client,panel_mi,17,109,109,11,f92544f5ed508add4c093c58e76fce40d49ca14b51000a7b8770e0152039d485,10,neutral,False,0.8586727111,,,,,neutral,0.7295177579,0.995377478,0.03858968651,0.01266264521,,,,,0.006843634881,0.1,0.5,0.4,0.05853140354,0.654917419,0.2865511775
client,panel_mi,17,109,109,13,f92544f5ed508add4c093c58e76fce40d49ca14b51000a7b8770e0152039d485,10,neutral,False,0.5560326499,,,,,neutral,0.8147751689,1.320764768,0.3083992107,0.2068728096,,,,,0.007854031399,0.3,0.7,0,0.06852140278,0.4780814052,0.4533971846
client,panel_mi,17,109,109,15,f92544f5ed508add4c093c58e76fce40d49ca14b51000a7b8770e0152039d485,10,sustain,False,0.2959032743,,,,,sustain,0.539934814,0.383804743,0.01246660215,0.0192022162,,,,,0.004338466562,0,0.1,0.9,0.04581428692,0.1453503668,0.8088353276
client,panel_mi,17,109,109,17,f92544f5ed508add4c093c58e76fce40d49ca14b51000a7b8770e0152039d485,10,sustain,False,0.6126016193,,,,,change,0.7187234163,2.248630095,0.7483962825,0.3671288621,,,,,0.004284131806,0,0.4,0.6,0.6613900065,0.2840620875,0.0545479469
client,panel_mi,17,109,109,19,f92544f5ed508add4c093c58e76fce40d49ca14b51000a7b8770e0152039d485,10,change,False,-0,,,,,change,0.940534234,0.7679132223,0.4461387446,0.2359942996,,,,,0.005674813874,1,0,0,0.4639802575,0.1809379607,0.355081737
client,panel_mi,17,109,109,21,f92544f5ed508add4c093c58e76fce40d49ca14b51000a7b8770e0152039d485,10,change,False,-0,,,,,sustain,0.7799819112,0.7585536838,0.5171573572,0.2334945562,,,,,0.004187599756,1,0,0,0.4683433175,0.04999380559,0.4816628993
client,panel_mi,17,109,109,23,f92544f5ed508add4c093c58e76fce40d49ca14b51000a7b8770e0152039d485,10,change,True,0.6309297536,,,,,neutral,0.139332056,1.850983027,0.4451153193,0.1711795282,,,,,0.0006346789887,0.5,0.5,0,0.02546603046,0.9689365625,0.005597445648
client,panel_mi,17,109,109,25,f92544f5ed508add4c093c58e76fce40d49ca14b51000a7b8770e0152039d485,10,neutral,False,0.7298466992,,,,,change,0.8519360423,1.66372751,0.5579134589,0.1981949449,,,,,0.004742450081,0.1,0.7,0.2,0.6008913517,0.1482444853,0.2508641779
client,panel_mi,17,109,109,27,f92544f5ed508add4c093c58e76fce40d49ca14b51000a7b8770e0152039d485,10,neutral,False,0.7298466992,,,,,sustain,0.9991771579,1.128868318,0.2267956701,0.08215515946,,,,,0.006912536919,0.2,0.7,0.1,0.3304952681,0.3175362349,0.351968497
client,panel_mi,17,109,109,29,f92544f5ed508add4c093c58e76fce40d49ca14b51000a7b8770e0152039d485,10,change,False,-0,,,,,sustain,0.6903154254,1.544797778,1.135125117,0.4110270832,,,,,0.003903001547,1,0,0,0.2133550197,0.0716785565,0.7149664164
client,panel_mi,17,109,109,31,f92544f5ed508add4c093c58e76fce40d49ca14b51000a7b8770e0152039d485,10,change,False,-0,,,,,neutral,0.7031025887,1.818194151,1.241243103,0.4581676756,,,,,0.004974075127,1,0,0,0.1623186171,0.725987196,0.1116942018
client,panel_mi,17,109,109,33,f92544f5ed508add4c093c58e76fce40d49ca14b51000a7b8770e0152039d485,10,neutral,False,0.5560326499,,,,,neutral,0.2311311066,1.180801425,0.1377060683,0.09191007702,,,,,0.001401428832,0.3,0.7,0,0.02234373242,0.9438675642,0.03378870338
client,panel_mi,17,109,109,35,f92544f5ed508add4c093c58e76fce40d49ca14b51000a7b8770e0152039d485,10,change,False,-0,,,,,neutral,0.8166335225,1.988425374,1.200622426,0.484087435,,,,,0.006566889584,1,0,0,0.1369108409,0.6355520487,0.2275370806
client,panel_mi,17,109,109,37,f92544f5ed508add4c093c58e76fce40d49ca14b51000a7b8770e0152039d485,10,change,False,-0,,,,,change,0.7475704551,0.3838480115,0.1603550771,0.1256770282,,,,,0.004210357554,1,0,0,0.6812348962,0.222383827,0.0963812694
client,panel_mi,17,109,109,39,f92544f5ed508add4c093c58e76fce40d49ca14b51000a7b8770e0152039d485,10,change,False,-0,,,,,sustain,0.4281211495,2.39034462,1.580861522,0.5358363241,,,,,0.002224921715,1,0,0,0.09159810841,0.04003282636,0.8683691025
client,panel_mi,17,109,109,41,f92544f5ed508add4c093c58e76fce40d49ca14b51000a7b8770e0152039d485,10,change,False,-0,,,,,change,0.2914056778,0.08000615239,0.009189366313,0.02741656852,,,,,0.001101584057,1,0,0,0.9231106043,0.025767738,0.05112161487
client,panel_mi,17,109,109,43,f92544f5ed508add4c093c58e76fce40d49ca14b51000a7b8770e0152039d485,10,neutral,False,0.6126016193,,,,,change,0.5259252787,0.9239002228,0.22728667,0.05926375087,,,,,0.0033987551,0.4,0.6,0,0.7370108366,0.2627903819,0.0001988055883
client,panel_mi,17,109,109,45,f92544f5ed508add4c093c58e76fce40d49ca14b51000a7b8770e0152039d485,10,neutral,False,-0,,,,,neutral,0.2757133842,0.08561771363,0.01267919413,0.02931598109,,,,,0.001476395642,0,1,0,0.0769418031,0.917945087,0.005113150924
client,panel_mi,17,130,130,0,957962b55a53a08db5f378e511817642230cbd4d6d1cf4d43dd6a4b63131ccc1,10,neutral,False,-0,,,,,neutral,0.6468374729,0.3875885904,0.1927633081,0.12682726,,,,,0.01078458689,0,1,0,0.02298690937,0.6786915064,0.2983215749
client,panel_mi,17,130,130,2,957962b55a53a08db5f378e511817642230cbd4d6d1cf4d43dd6a4b63131ccc1,10,neutral,True,0.6309297536,,,,,neutral,0.4293146431,1.282566346,0.3070896358,0.1193197223,,,,,0.006065991707,0,0.5,0.5,0.04274699837,0.8687217832,0.08853119612
client,panel_mi,17,130,130,4,957962b55a53a08db5f378e511817642230cbd4d6d1cf4d43dd6a4b63131ccc1,10,neutral,False,0.8173454221,,,,,sustain,0.9853428006,1.155463034,0.1629728611,0.0636811821,,,,,0.009965898469,0.1,0.6,0.3,0.308567673,0.2746707499,0.4167615771
client,panel_mi,17,130,130,6,957962b55a53a08db5f378e511817642230cbd4d6d1cf4d43dd6a4b63131ccc1,10,sustain,False,0.2959032743,,,,,sustain,0.8816805482,0.6496753931,0.1593943601,0.1018832199,,,,,0.01010161452,0.1,0,0.9,0.1967712939,0.2211948931,0.582033813
client,panel_mi,17,130,130,8,957962b55a53a08db5f378e511817642230cbd4d6d1cf4d43dd6a4b63131ccc1,10,change,False,0.2959032743,,,,,change,0.854973793,0.5990556002,0.1315905473,0.08470407345,,,,,0.01029622648,0.9,0.1,0,0.6043249369,0.2327555418,0.1629195213
client,panel_mi,17,130,130,10,957962b55a53a08db5f378e511817642230cbd4d6d1cf4d43dd6a4b63131ccc1,10,sustain,False,0.455485915,,,,,neutral,0.8908217549,0.8423498988,0.2192202949,0.09645008529,,,,,0.01309176814,0,0.2,0.8,0.1217115149,0.4529911578,0.4252973497
client,panel_mi,17,130,130,12,957962b55a53a08db5f378e511817642230cbd4d6d1cf4d43dd6a4b63131ccc1,10,neutral,False,-0,,,,,neutral,0.7383665442,0.3636600077,0.1439418645,0.1194436467,,,,,0.01158808172,0,1,0,0.1048916355,0.6951274872,0.1999808997
client,panel_mi,17,130,130,14,957962b55a53a08db5f378e511817642230cbd4d6d1cf4d43dd6a4b63131ccc1,10,sustain,False,0.455485915,,,,,sustain,0.9459416866,0.8333790302,0.1772018969,0.0996942551,,,,,0.01140921377,0,0.2,0.8,0.1871257126,0.3561148047,0.4567595124
client,panel_mi,17,130,130,16,957962b55a53a08db5f378e511817642230cbd4d6d1cf4d43dd6a4b63131ccc1,10,neutral,False,0.9372305632,,,,,neutral,0.85543859,1.204322886,0.07003905808,0.03896638052,,,,,0.01020190492,0.2,0.5,0.3,0.3742892146,0.5234763026,0.1022345051
client,panel_mi,17,130,130,18,957962b55a53a08db5f378e511817642230cbd4d6d1cf4d43dd6a4b63131ccc1,10,change,False,0.2959032743,,,,,sustain,0.9603922963,1.500677574,0.7308628058,0.3040005638,,,,,0.01788076013,0.9,0.1,0,0.2130237073,0.3363477588,0.4506285787
client,panel_mi,17,130,130,20,957962b55a53a08db5f378e511817642230cbd4d6d1cf4d43dd6a4b63131ccc1,10,change,False,0.2959032743,,,,,neutral,0.6432892084,0.8555263758,0.4746210711,0.1435952981,,,,,0.01878639497,0.9,0.1,0,0.4102767408,0.5845257044,0.005197474267
client,panel_mi,42,7,7,1,7fe3d6029ec1e666f41b728458a973e8e2e6924c09046427a23859dcc7b3d75a,10,neutral,False,0.2959032743,,,,,neutral,0.7255992889,0.9111292839,0.3218162684,0.1830721942,,,,,0.04826871306,0.1,0.9,0,0.02857492492,0.5393768549,0.4320482314
client,panel_mi,42,7,7,3,7fe3d6029ec1e666f41b728458a973e8e2e6924c09046427a23859dcc7b3d75a,10,neutral,False,-0,,,,,neutral,0.3415189981,0.1106803343,0.01953235713,0.03776111962,,,,,0.003752875607,0,1,0,0.09153865278,0.8952248693,0.01323647052
client,panel_mi,42,7,7,5,7fe3d6029ec1e666f41b728458a973e8e2e6924c09046427a23859dcc7b3d75a,10,neutral,False,0.455485915,,,,,neutral,0.7327620983,0.6171534538,0.02177545114,0.03976052243,,,,,0.04994843155,0,0.8,0.2,0.109859094,0.7022223473,0.1879185587
client,panel_mi,42,7,7,7,7fe3d6029ec1e666f41b728458a973e8e2e6924c09046427a23859dcc7b3d75a,10,neutral,False,0.2959032743,,,,,neutral,0.2269928008,0.4431461509,0.009688736196,0.02716609832,,,,,0.007057363633,0,0.9,0.1,0.03531486541,0.9448646307,0.01982047595
client,panel_mi,42,7,7,9,7fe3d6029ec1e666f41b728458a973e8e2e6924c09046427a23859dcc7b3d75a,10,neutral,False,-0,,,,,neutral,0.3415190876,0.1106804684,0.0195323918,0.03776114302,,,,,0.003752892371,0,1,0,0.09153871238,0.8952248693,0.01323647797
client,panel_mi,42,7,7,11,7fe3d6029ec1e666f41b728458a973e8e2e6924c09046427a23859dcc7b3d75a,10,neutral,False,0.2959032743,,,,,neutral,0.7002438903,0.4892560571,0.04987820703,0.05469990433,,,,,0.01944339648,0.1,0.9,0,0.1268388629,0.7303792238,0.1427819133
client,panel_mi,42,7,7,13,7fe3d6029ec1e666f41b728458a973e8e2e6924c09046427a23859dcc7b3d75a,10,neutral,False,-0,,,,,neutral,0.3415189981,0.1106803343,0.01953235713,0.03776111962,,,,,0.003752875607,0,1,0,0.09153865278,0.8952248693,0.01323647052
client,panel_mi,42,7,7,15,7fe3d6029ec1e666f41b728458a973e8e2e6924c09046427a23859dcc7b3d75a,10,sustain,False,0.6126016193,,,,,neutral,0.6039419174,0.9658748984,0.2341617155,0.07060880821,,,,,0.01254968066,0,0.4,0.6,0.02357419766,0.7297741175,0.246651724
client,panel_mi,42,7,7,17,7fe3d6029ec1e666f41b728458a973e8e2e6924c09046427a23859dcc7b3d75a,10,sustain,False,0.6126016193,,,,,neutral,0.5224406123,1.177026469,0.358604554,0.1124868276,,,,,0.01828211732,0,0.4,0.6,0.03041414544,0.8074139357,0.1621719301
client,panel_mi,42,7,7,19,7fe3d6029ec1e666f41b728458a973e8e2e6924c09046427a23859dcc7b3d75a,10,neutral,False,0.455485915,,,,,neutral,0.7253796458,0.587756443,0.02119583291,0.02890555699,,,,,0.009265129454,0,0.8,0.2,0.07348515093,0.6823385358,0.2441762984
client,panel_mi,42,7,7,21,7fe3d6029ec1e666f41b728458a973e8e2e6924c09046427a23859dcc7b3d75a,10,neutral,False,0.5816718657,,,,,sustain,0.5768119693,1.567202321,0.7196244723,0.2314242924,,,,,0.02728240192,0.1,0.8,0.1,0.01527287625,0.2470248193,0.7377023101
client,panel_mi,42,7,7,23,7fe3d6029ec1e666f41b728458a973e8e2e6924c09046427a23859dcc7b3d75a,10,sustain,False,0.455485915,,,,,neutral,0.5942519307,1.915946752,0.8586380225,0.2904875779,,,,,0.02339012548,0,0.2,0.8,0.1103162616,0.793063879,0.09661988914
client,panel_mi,42,7,7,25,7fe3d6029ec1e666f41b728458a973e8e2e6924c09046427a23859dcc7b3d75a,10,neutral,True,0.6309297536,,,,,neutral,0.3415189981,2.217729922,0.4015207559,0.207234688,,,,,0.003752875607,0,0.5,0.5,0.09153865278,0.8952248693,0.01323647052
client,panel_mi,42,7,7,27,7fe3d6029ec1e666f41b728458a973e8e2e6924c09046427a23859dcc7b3d75a,10,neutral,False,-0,,,,,neutral,0.2674043477,0.08846945316,0.01423070179,0.03028005601,,,,,0.002856617561,0,1,0,0.084032543,0.9153310657,0.0006364427973
client,panel_mi,42,7,7,29,7fe3d6029ec1e666f41b728458a973e8e2e6924c09046427a23859dcc7b3d75a,10,neutral,False,-0,,,,,neutral,0.3415189981,0.1106803343,0.01953235713,0.03776111962,,,,,0.003752875607,0,1,0,0.09153865278,0.8952248693,0.01323647052
client,panel_mi,42,7,7,31,7fe3d6029ec1e666f41b728458a973e8e2e6924c09046427a23859dcc7b3d75a,10,neutral,False,-0,,,,,neutral,0.1942385435,0.05585440993,0.005859377737,0.01920619347,,,,,0.001237852499,0,1,0,0.05392784625,0.9456769228,0.0003953108098
client,panel_mi,42,7,7,33,7fe3d6029ec1e666f41b728458a973e8e2e6924c09046427a23859dcc7b3d75a,10,neutral,False,0.6126016193,,,,,neutral,0.1946122795,1.776805837,0.2764430663,0.1466813455,,,,,0.004503729753,0.4,0.6,0,0.01263500191,0.9539410472,0.03342393786
client,panel_mi,42,7,7,35,7fe3d6029ec1e666f41b728458a973e8e2e6924c09046427a23859dcc7b3d75a,10,neutral,False,0.2959032743,,,,,neutral,0.7278106809,0.4936763018,0.08410325883,0.05051195886,,,,,0.007778333034,0.1,0.9,0,0.2637855113,0.6700114608,0.06620299816
client,panel_mi,42,7,7,37,7fe3d6029ec1e666f41b728458a973e8e2e6924c09046427a23859dcc7b3d75a,10,neutral,False,0.7298466992,,,,,neutral,0.6674643755,1.003315863,0.04661474116,0.04309635626,,,,,0.008214591071,0.2,0.7,0.1,0.04512690753,0.7045111656,0.2503619492
client,panel_mi,42,7,7,39,7fe3d6029ec1e666f41b728458a973e8e2e6924c09046427a23859dcc7b3d75a,10,neutral,False,0.455485915,,,,,neutral,0.3415189981,0.9535001695,0.05232771662,0.08216163428,,,,,0.003752875607,0,0.8,0.2,0.09153865278,0.8952248693,0.01323647052
client,panel_mi,42,7,7,41,7fe3d6029ec1e666f41b728458a973e8e2e6924c09046427a23859dcc7b3d75a,10,neutral,False,0.2959032743,,,,,neutral,0.6407929659,1.22581715,0.3848819776,0.2229514996,,,,,0.01222270913,0,0.9,0.1,0.4794771075,0.5187790394,0.001743819215
client,panel_mi,42,7,7,43,7fe3d6029ec1e666f41b728458a973e8e2e6924c09046427a23859dcc7b3d75a,10,sustain,False,0.8586727111,,,,,neutral,0.5851912498,1.31480335,0.271512424,0.08310132133,,,,,0.01950895414,0.1,0.4,0.5,0.05881064385,0.787315011,0.1538743824
client,panel_mi,42,7,7,45,7fe3d6029ec1e666f41b728458a973e8e2e6924c09046427a23859dcc7b3d75a,10,neutral,False,0.5816718657,,,,,change,0.8217564225,1.155449271,0.4288642136,0.1378966357,,,,,0.01937278733,0.1,0.8,0.1,0.5686427355,0.3427154124,0.0886419192
client,panel_mi,42,7,7,47,7fe3d6029ec1e666f41b728458a973e8e2e6924c09046427a23859dcc7b3d75a,10,change,False,0.2959032743,,,,,change,0.6241064072,0.4242426723,0.04386138276,0.02969812057,,,,,0.01092135347,0.9,0.1,0,0.736556828,0.2252583206,0.03818482533
client,panel_mi,42,7,7,49,7fe3d6029ec1e666f41b728458a973e8e2e6924c09046427a23859dcc7b3d75a,10,change,False,0.2959032743,,,,,neutral,0.4892077446,1.452277039,0.9605486428,0.2722030482,,,,,0.00772310514,0.9,0.1,0,0.2044336349,0.7904417515,0.005124676973
client,panel_mi,42,7,7,51,7fe3d6029ec1e666f41b728458a973e8e2e6924c09046427a23859dcc7b3d75a,10,change,False,-0,,,,,change,0.8838541508,0.5660931468,0.28564584,0.179995679,,,,,0.009989306331,1,0,0,0.5677391887,0.2679557204,0.1643050909
client,panel_mi,42,7,7,53,7fe3d6029ec1e666f41b728458a973e8e2e6924c09046427a23859dcc7b3d75a,10,change,False,0.6126016193,,,,,neutral,0.3415190876,1.478868201,0.5039556459,0.1576702828,,,,,0.003752892371,0.6,0.4,0,0.09153871238,0.8952248693,0.01323647797
client,panel_mi,42,7,7,55,7fe3d6029ec1e666f41b728458a973e8e2e6924c09046427a23859dcc7b3d75a,10,change,False,0.5560326499,,,,,neutral,0.3323751092,1.58951546,0.695626765,0.1979502938,,,,,0.003314423608,0.7,0.3,0,0.1086212844,0.8881219029,0.00325684133
client,panel_mi,42,7,7,57,7fe3d6029ec1e666f41b728458a973e8e2e6924c09046427a23859dcc7b3d75a,10,neutral,False,0.6126016193,,,,,sustain,0.8134609461,1.702360344,0.6287602695,0.3019775596,,,,,0.01995856501,0.4,0.6,0,0.1464267075,0.2108840048,0.6426893473
client,panel_mi,42,7,7,59,7fe3d6029ec1e666f41b728458a973e8e2e6924c09046427a23859dcc7b3d75a,10,neutral,False,0.455485915,,,,,neutral,0.2327046394,0.5895312309,0.03363413403,0.01871391985,,,,,0.004159283824,0.2,0.8,0,0.07024969161,0.9296108484,0.000139523996
client,panel_mi,42,7,7,61,7fe3d6029ec1e666f41b728458a973e8e2e6924c09046427a23859dcc7b3d75a,10,neutral,False,0.5560326499,,,,,neutral,0.2887984514,1.369807173,0.1350759104,0.1130505272,,,,,0.00701962132,0.3,0.7,0,0.01267636381,0.9186404943,0.06868313253
client,panel_mi,42,7,7,63,7fe3d6029ec1e666f41b728458a973e8e2e6924c09046427a23859dcc7b3d75a,10,neutral,False,0.455485915,,,,,neutral,0.2217983007,0.6081470907,0.03759983338,0.02223718438,,,,,0.001712564146,0.2,0.8,0,0.06217317656,0.9363874197,0.001439399552
client,panel_mi,42,7,7,65,7fe3d6029ec1e666f41b728458a973e8e2e6924c09046427a23859dcc7b3d75a,10,neutral,False,0.455485915,,,,,neutral,0.4373820424,0.5028625965,0.0007462002413,0.0007251210452,,,,,0.007729621138,0.2,0.8,0,0.1801184863,0.818695426,0.001186044188
client,panel_mi,42,27,27,1,e883cab14c33a28c3bf1e25281ef335a7bcd08f31fb3e2cea1e824982af00196,10,neutral,False,0.8649735207,,,,,change,0.7529825568,1.313671732,0.2214071252,0.08765249236,,,,,0.01000603847,0.2,0.6,0.2,0.5816703439,0.3710941374,0.04723554105
client,panel_mi,42,27,27,3,e883cab14c33a28c3bf1e25281ef335a7bcd08f31fb3e2cea1e824982af00196,10,neutral,False,0.6126016193,,,,,neutral,0.7514852881,0.9688252866,0.09309846885,0.08284708036,,,,,0.009765217081,0,0.6,0.4,0.151466012,0.6955643296,0.1529696882
client,panel_mi,42,27,27,5,e883cab14c33a28c3bf1e25281ef335a7bcd08f31fb3e2cea1e824982af00196,10,neutral,False,0.455485915,,,,,change,0.7388567924,1.459458828,0.5929058886,0.2813350612,,,,,0.01622771099,0,0.8,0.2,0.6050676107,0.3495715261,0.04536085576
client,panel_mi,42,27,27,7,e883cab14c33a28c3bf1e25281ef335a7bcd08f31fb3e2cea1e824982af00196,10,neutral,False,0.8649735207,,,,,change,0.9024773836,1.184039271,0.1849479694,0.06052202418,,,,,0.01665004343,0.2,0.6,0.2,0.5244466662,0.3214806914,0.1540726125
client,panel_mi,42,27,27,9,e883cab14c33a28c3bf1e25281ef335a7bcd08f31fb3e2cea1e824982af00196,10,neutral,False,-0,,,,,neutral,0.4863907099,0.1827944815,0.04695077482,0.06171073401,,,,,0.004233316518,0,1,0,0.1339628249,0.8329393268,0.03309785202
client,panel_mi,42,27,27,11,e883cab14c33a28c3bf1e25281ef335a7bcd08f31fb3e2cea1e824982af00196,10,neutral,False,-0,,,,,neutral,0.3844136894,0.1281796843,0.02486764131,0.04362069262,,,,,0.003195012687,0,1,0,0.09988777339,0.8796952367,0.02041692287
client,panel_mi,42,27,27,13,e883cab14c33a28c3bf1e25281ef335a7bcd08f31fb3e2cea1e824982af00196,10,neutral,False,0.455485915,,,,,neutral,0.3531114757,0.6807417989,0.03515948939,0.04204312164,,,,,0.004876137711,0.2,0.8,0,0.05018187687,0.9022156,0.04760266095
client,panel_mi,42,27,27,15,e883cab14c33a28c3bf1e25281ef335a7bcd08f31fb3e2cea1e824982af00196,10,sustain,False,-0,,,,,neutral,0.9635623693,1.511463404,0.9184593801,0.404791731,,,,,0.01877883449,0,0,1,0.3295722306,0.4498408437,0.2205869257
client,panel_mi,42,27,27,17,e883cab14c33a28c3bf1e25281ef335a7bcd08f31fb3e2cea1e824982af00196,10,sustain,False,-0,,,,,change,0.9038091898,1.86228621,1.090624874,0.4651252898,,,,,0.01281607617,0,0,1,0.523314774,0.3213681281,0.1553171575
client,panel_mi,42,27,27,19,e883cab14c33a28c3bf1e25281ef335a7bcd08f31fb3e2cea1e824982af00196,10,sustain,False,-0,,,,,change,0.6931248903,3.446254969,1.4541972,0.6220566137,,,,,0.0167107787,0,0,1,0.6394194365,0.3287158608,0.03186474741
client,panel_mi,42,27,27,21,e883cab14c33a28c3bf1e25281ef335a7bcd08f31fb3e2cea1e824982af00196,10,sustain,False,-0,,,,,change,0.5978648663,2.839557648,1.519005284,0.5800952347,,,,,0.004817767069,0,0,1,0.7783737779,0.1631747186,0.05845151097
client,panel_mi,42,55,55,1,1b9abf33ba8b2badfab01f2ee1f7aa958800a9808d579c0ec4e6bc41eb27f449,10,neutral,False,-0,,,,,neutral,0.6095606089,0.3878639638,0.2009865435,0.1269119101,,,,,0.02013483085,0,1,0,0.3123188317,0.6785045862,0.009176573716
client,panel_mi,42,55,55,3,1b9abf33ba8b2badfab01f2ee1f7aa958800a9808d579c0ec4e6bc41eb27f449,10,neutral,False,-0,,,,,neutral,0.6376436949,0.3236380219,0.1347128634,0.1069600907,,,,,0.004252695944,0,1,0,0.2383552045,0.7235120535,0.03813267499
client,panel_mi,42,55,55,5,1b9abf33ba8b2badfab01f2ee1f7aa958800a9808d579c0ec4e6bc41eb27f449,10,neutral,False,-0,,,,,neutral,0.3016058803,0.08336675912,0.009820443669,0.02855445281,,,,,0.002038861159,0,1,0,0.05056955665,0.9200136065,0.02941682376
client,panel_mi,42,55,55,7,1b9abf33ba8b2badfab01f2ee1f7aa958800a9808d579c0ec4e6bc41eb27f449,10,neutral,False,-0,,,,,neutral,0.2687686086,0.08006090671,0.01082791559,0.02743512109,,,,,0.001588492654,0,1,0,0.06968129426,0.9230601192,0.007258619182
client,panel_mi,42,55,55,9,1b9abf33ba8b2badfab01f2ee1f7aa958800a9808d579c0ec4e6bc41eb27f449,10,neutral,False,-0,,,,,neutral,0.4870704114,0.2318662405,0.0834564588,0.07770727865,,,,,0.009860874154,0,1,0,0.201492697,0.7930521965,0.005455133505
client,panel_mi,42,55,55,11,1b9abf33ba8b2badfab01f2ee1f7aa958800a9808d579c0ec4e6bc41eb27f449,10,neutral,False,-0,,,,,neutral,0.5749144554,0.2692537308,0.09993904783,0.08972968336,,,,,0.02444254979,0,1,0,0.2084664851,0.7639493942,0.02758412436
client,panel_mi,42,55,55,13,1b9abf33ba8b2badfab01f2ee1f7aa958800a9808d579c0ec4e6bc41eb27f449,10,neutral,False,-0,,,,,change,0.8218808174,0.9357977509,0.6558980657,0.2792255018,,,,,0.006605737843,0,1,0,0.529584229,0.3922728598,0.07814297825
client,panel_mi,42,55,55,15,1b9abf33ba8b2badfab01f2ee1f7aa958800a9808d579c0ec4e6bc41eb27f449,10,neutral,False,-0,,,,,neutral,0.4898948371,0.1829571575,0.04650758119,0.0617641845,,,,,0.01205015369,0,1,0,0.1314297915,0.8328038454,0.03576642275
client,panel_mi,42,55,55,17,1b9abf33ba8b2badfab01f2ee1f7aa958800a9808d579c0ec4e6bc41eb27f449,10,neutral,False,0.2959032743,,,,,neutral,0.6129034758,0.4353984401,0.02415536022,0.03726440267,,,,,0.005297112279,0.1,0.9,0,0.1164905429,0.7827880979,0.1007213593
client,panel_mi,42,55,55,19,1b9abf33ba8b2badfab01f2ee1f7aa958800a9808d579c0ec4e6bc41eb27f449,10,neutral,False,0.6126016193,,,,,neutral,0.4785048664,1.116572344,0.1713194842,0.09482387059,,,,,0.01012594998,0.4,0.6,0,0.07821767032,0.8503443003,0.07143811136
client,panel_mi,42,55,55,21,1b9abf33ba8b2badfab01f2ee1f7aa958800a9808d579c0ec4e6bc41eb27f449,10,neutral,False,-0,,,,,neutral,0.5945133567,0.3708457351,0.1876621986,0.1216672697,,,,,0.02695286833,0,1,0,0.3026610911,0.6901503801,0.007188574877
client,panel_mi,42,55,55,23,1b9abf33ba8b2badfab01f2ee1f7aa958800a9808d579c0ec4e6bc41eb27f449,10,neutral,False,0.455485915,,,,,sustain,0.6766053438,1.6965635,0.7635667571,0.2619829304,,,,,0.01456321497,0,0.8,0.2,0.1252653301,0.1290788949,0.7456557751
client,panel_mi,42,55,55,25,1b9abf33ba8b2badfab01f2ee1f7aa958800a9808d579c0ec4e6bc41eb27f449,10,neutral,False,0.6126016193,,,,,sustain,0.2148185968,2.002773403,0.6176753489,0.213002925,,,,,0.005859279074,0,0.6,0.4,0.01525526959,0.03679776937,0.9479469061
client,panel_mi,42,55,55,27,1b9abf33ba8b2badfab01f2ee1f7aa958800a9808d579c0ec4e6bc41eb27f449,10,neutral,True,0.6309297536,,,,,neutral,0.7609616518,1.777310997,0.3497873097,0.2387098822,,,,,0.0194717478,0,0.5,0.5,0.3764351308,0.5737291574,0.04983568192
client,panel_mi,42,55,55,29,1b9abf33ba8b2badfab01f2ee1f7aa958800a9808d579c0ec4e6bc41eb27f449,10,sustain,False,0.5560326499,,,,,sustain,0.9353139997,1.027430946,0.177785419,0.135486211,,,,,0.02637684718,0,0.3,0.7,0.3394558728,0.1799711138,0.4805730283
client,panel_mi,42,55,55,31,1b9abf33ba8b2badfab01f2ee1f7aa958800a9808d579c0ec4e6bc41eb27f449,10,sustain,False,0.455485915,,,,,sustain,0.7715863585,1.065550613,0.2387205621,0.1714397484,,,,,0.009939102456,0,0.2,0.8,0.3948642612,0.05178122595,0.5533545613
client,panel_mi,42,55,55,33,1b9abf33ba8b2badfab01f2ee1f7aa958800a9808d579c0ec4e6bc41eb27f449,10,change,False,0.455485915,,,,,sustain,0.8466716409,1.327676296,0.5412798302,0.2510625621,,,,,0.01553307287,0.8,0.2,0,0.3323513567,0.1072994694,0.5603491664
client,panel_mi,42,55,55,35,1b9abf33ba8b2badfab01f2ee1f7aa958800a9808d579c0ec4e6bc41eb27f449,10,neutral,False,0.2959032743,,,,,neutral,0.4785050154,0.4007286489,0.008043575061,0.0257780297,,,,,0.01012593135,0.1,0.9,0,0.07821767032,0.8503441811,0.07143811882
client,panel_mi,42,55,55,37,1b9abf33ba8b2badfab01f2ee1f7aa958800a9808d579c0ec4e6bc41eb27f449,10,neutral,False,-0,,,,,neutral,0.8455865979,0.4916001558,0.2293968286,0.1582198146,,,,,0.07905279845,0,1,0,0.2339861393,0.611646831,0.154366985
client,panel_mi,42,55,55,39,1b9abf33ba8b2badfab01f2ee1f7aa958800a9808d579c0ec4e6bc41eb27f449,10,neutral,False,-0,,,,,neutral,0.6541190743,0.2766388655,0.0880633688,0.09208745044,,,,,0.01893988624,0,1,0,0.1057433859,0.7583283186,0.135928303
client,panel_mi,42,55,55,41,1b9abf33ba8b2badfab01f2ee1f7aa958800a9808d579c0ec4e6bc41eb27f449,10,neutral,False,0.5560326499,,,,,neutral,0.8759766221,0.7814658642,0.04121081561,0.05760163777,,,,,0.02019964717,0.3,0.7,0,0.2704422474,0.573533833,0.1560239196
client,panel_mi,42,55,55,43,1b9abf33ba8b2badfab01f2ee1f7aa958800a9808d579c0ec4e6bc41eb27f449,10,neutral,False,-0,,,,,neutral,0.3075989485,0.09265049547,0.01355544002,0.03169203848,,,,,0.002997742267,0,1,0,0.07432933152,0.9115120173,0.01415865123
client,panel_mi,42,55,55,45,1b9abf33ba8b2badfab01f2ee1f7aa958800a9808d579c0ec4e6bc41eb27f449,10,neutral,False,0.5560326499,,,,,sustain,0.985272944,1.258170271,0.3551744987,0.192642107,,,,,0.01524192374,0.3,0.7,0,0.3090694547,0.2741274238,0.416803062
client,panel_mi,42,55,55,47,1b9abf33ba8b2badfab01f2ee1f7aa958800a9808d579c0ec4e6bc41eb27f449,10,neutral,False,0.8586727111,,,,,neutral,0.9675614834,0.9908682942,0.02145383892,0.01290066232,,,,,0.01095264219,0.4,0.5,0.1,0.3756866455,0.4107487798,0.2135646045
client,panel_mi,42,55,55,49,1b9abf33ba8b2badfab01f2ee1f7aa958800a9808d579c0ec4e6bc41eb27f449,10,change,False,0.8173454221,,,,,change,0.5880646706,1.025324678,0.02320794962,0.02199486254,,,,,0.008899445646,0.6,0.3,0.1,0.7206157446,0.2660141289,0.01337009668
client,panel_mi,42,55,55,51,1b9abf33ba8b2badfab01f2ee1f7aa958800a9808d579c0ec4e6bc41eb27f449,10,neutral,False,0.2959032743,,,,,neutral,0.4150778949,0.3422965512,0.006804234533,0.004834579706,,,,,0.01116494276,0.1,0.9,0,0.1565580666,0.8400506973,0.003391274717
client,panel_mi,42,55,55,53,1b9abf33ba8b2badfab01f2ee1f7aa958800a9808d579c0ec4e6bc41eb27f449,10,neutral,False,0.5560326499,,,,,neutral,0.566519022,0.6271676362,0.003765732511,0.005117477662,,,,,0.02625057101,0.3,0.7,0,0.2521390319,0.7367703319,0.011090599
client,panel_mi,42,55,55,55,1b9abf33ba8b2badfab01f2ee1f7aa958800a9808d579c0ec4e6bc41eb27f449,10,change,False,0.2959032743,,,,,neutral,0.9665061831,1.094813812,0.5050789713,0.2093091494,,,,,0.01940780319,0.9,0.1,0,0.3239047825,0.4482574463,0.2278377265
client,panel_mi,42,55,55,57,1b9abf33ba8b2badfab01f2ee1f7aa958800a9808d579c0ec4e6bc41eb27f449,10,change,False,-0,,,,,sustain,0.7939450741,1.488191128,1.039160749,0.4003738154,,,,,0.0142262429,1,0,0,0.2257806957,0.122499153,0.6517201662
client,panel_mi,42,55,55,59,1b9abf33ba8b2badfab01f2ee1f7aa958800a9808d579c0ec4e6bc41eb27f449,10,change,False,-0,,,,,neutral,0.734008193,1.23035872,0.9258161036,0.34778173,,,,,0.01384874992,1,0,0,0.2921877503,0.6491338611,0.0586783886
client,panel_mi,42,55,55,61,1b9abf33ba8b2badfab01f2ee1f7aa958800a9808d579c0ec4e6bc41eb27f449,10,change,False,0.6126016193,,,,,neutral,0.4798670411,1.014075279,0.2925616129,0.07820562475,,,,,0.01589583978,0.6,0.4,0,0.2173157483,0.7822488546,0.0004354068078
client,panel_mi,42,55,55,63,1b9abf33ba8b2badfab01f2ee1f7aa958800a9808d579c0ec4e6bc41eb27f449,10,neutral,False,0.6126016193,,,,,neutral,0.4870260656,0.8394924313,0.1016563471,0.03921101905,,,,,0.02020430751,0.4,0.6,0,0.1662894189,0.8161664009,0.01754418761
client,panel_mi,42,56,56,1,994bc72760dcfe7fa4dcb4204fd49276c86f3b5d7563bd03968bb98375e50059,10,neutral,False,-0,,,,,neutral,0.5467696786,0.2067866921,0.05424389919,0.06956242812,,,,,0.0100359004,0,1,0,0.06259234995,0.8131930232,0.1242146119
client,panel_mi,42,56,56,3,994bc72760dcfe7fa4dcb4204fd49276c86f3b5d7563bd03968bb98375e50059,10,neutral,False,-0,,,,,neutral,0.5951979756,0.3864739537,0.2022241953,0.1264846628,,,,,0.01066564117,0,1,0,0.3153471053,0.6794484258,0.005204492714
client,panel_mi,42,56,56,5,994bc72760dcfe7fa4dcb4204fd49276c86f3b5d7563bd03968bb98375e50059,10,neutral,False,-0,,,,,neutral,0.923828125,0.6298967004,0.3276423096,0.1981737601,,,,,0.02202857658,0,1,0,0.2363069952,0.5326468349,0.23104617
client,panel_mi,42,56,56,7,994bc72760dcfe7fa4dcb4204fd49276c86f3b5d7563bd03968bb98375e50059,10,neutral,False,0.2959032743,,,,,sustain,0.574945271,2.128913498,1.241325988,0.4432931855,,,,,0.005518833641,0.1,0.9,0,0.07426542789,0.125360921,0.8003736734
client,panel_mi,42,56,56,9,994bc72760dcfe7fa4dcb4204fd49276c86f3b5d7563bd03968bb98375e50059,10,neutral,True,0.6309297536,,,,,neutral,0.8288317919,1.007574782,0.1253697274,0.08866007942,,,,,0.03705750778,0,0.5,0.5,0.1578841358,0.6307942271,0.211321637
client,panel_mi,42,56,56,11,994bc72760dcfe7fa4dcb4204fd49276c86f3b5d7563bd03968bb98375e50059,10,sustain,False,0.6126016193,,,,,change,0.9592922926,1.261598778,0.2973478122,0.1862764973,,,,,0.05094333738,0,0.4,0.6,0.4439775348,0.2069400251,0.3490824699
client,panel_mi,42,56,56,13,994bc72760dcfe7fa4dcb4204fd49276c86f3b5d7563bd03968bb98375e50059,10,neutral,False,0.455485915,,,,,neutral,0.4026257992,0.5850862145,0.01902362885,0.02258228078,,,,,0.002780859591,0.2,0.8,0,0.09048140794,0.8774765134,0.03204210848
client,panel_mi,42,56,56,15,994bc72760dcfe7fa4dcb4204fd49276c86f3b5d7563bd03968bb98375e50059,10,neutral,False,0.2959032743,,,,,neutral,0.2885375619,0.4545466721,0.009681731315,0.03275827375,,,,,0.004530296661,0.1,0.9,0,0.02181166783,0.9231002927,0.05508804321
client,panel_mi,42,56,56,17,994bc72760dcfe7fa4dcb4204fd49276c86f3b5d7563bd03968bb98375e50059,10,neutral,False,0.5560326499,,,,,neutral,0.4026257992,0.8122767851,0.07642264994,0.04574562941,,,,,0.002780859591,0.3,0.7,0,0.09048140794,0.8774765134,0.03204210848
client,panel_mi,42,56,56,19,994bc72760dcfe7fa4dcb4204fd49276c86f3b5d7563bd03968bb98375e50059,10,neutral,False,0.455485915,,,,,neutral,0.5733386874,1.227287316,0.1174561464,0.1504913801,,,,,0.01911204681,0,0.8,0.2,0.2723157704,0.7196199298,0.008064302616
client,panel_mi,42,56,56,21,994bc72760dcfe7fa4dcb4204fd49276c86f3b5d7563bd03968bb98375e50059,10,sustain,False,0.5560326499,,,,,change,0.7212786674,1.788611555,0.7428413194,0.3353886171,,,,,0.0332294181,0,0.3,0.7,0.689686656,0.07627578825,0.2340374887
client,panel_mi,42,56,56,23,994bc72760dcfe7fa4dcb4204fd49276c86f3b5d7563bd03968bb98375e50059,10,neutral,False,0.5816718657,,,,,neutral,0.5980402231,0.676403594,0.008722115051,0.009254553223,,,,,0.03590903431,0.1,0.8,0.1,0.05158858746,0.7731830478,0.1752283275
client,panel_mi,42,56,56,25,994bc72760dcfe7fa4dcb4204fd49276c86f3b5d7563bd03968bb98375e50059,10,sustain,False,0.6126016193,,,,,neutral,0.9945567846,1.058558655,0.1613352911,0.1222241804,,,,,0.03459862992,0,0.4,0.6,0.2928194404,0.3814973831,0.3256831765
client,panel_mi,42,56,56,27,994bc72760dcfe7fa4dcb4204fd49276c86f3b5d7563bd03968bb98375e50059,10,sustain,False,0.455485915,,,,,change,0.7282629013,1.819329834,0.8971216946,0.3588101814,,,,,0.02185644768,0,0.2,0.8,0.7079263926,0.1156495586,0.1764240861
client,panel_mi,42,56,56,29,994bc72760dcfe7fa4dcb4204fd49276c86f3b5d7563bd03968bb98375e50059,10,neutral,False,0.5560326499,,,,,neutral,0.4480161667,0.7422219619,0.05466477157,0.03200247557,,,,,0.02275681123,0,0.7,0.3,0.02666753158,0.8503702879,0.1229621768
client,panel_mi,42,56,56,31,994bc72760dcfe7fa4dcb4204fd49276c86f3b5d7563bd03968bb98375e50059,10,sustain,False,0.455485915,,,,,sustain,0.7554464936,0.6313094139,0.02759169317,0.04444782582,,,,,0.03743835166,0,0.2,0.8,0.1219507232,0.1904236972,0.687625587
client,panel_mi,42,56,56,33,994bc72760dcfe7fa4dcb4204fd49276c86f3b5d7563bd03968bb98375e50059,10,neutral,False,-0,,,,,neutral,0.4026253521,0.1307048798,0.02422550478,0.04446371188,,,,,0.002780843526,0,1,0,0.09048120677,0.8774766922,0.0320420824
client,panel_mi,42,56,56,35,994bc72760dcfe7fa4dcb4204fd49276c86f3b5d7563bd03968bb98375e50059,10,sustain,False,0.9372305632,,,,,sustain,0.7173753381,1.600299001,0.1416191091,0.09495350404,,,,,0.01632581837,0.2,0.3,0.5,0.4551943839,0.024192065,0.5206135511
client,panel_mi,42,56,56,37,994bc72760dcfe7fa4dcb4204fd49276c86f3b5d7563bd03968bb98375e50059,10,neutral,True,0.6309297536,,,,,neutral,0.7616176009,1.27747719,0.2233785082,0.1436768359,,,,,0.006950498559,0,0.5,0.5,0.2065828741,0.6789883375,0.1144287363
client,panel_mi,42,56,56,39,994bc72760dcfe7fa4dcb4204fd49276c86f3b5d7563bd03968bb98375e50059,10,sustain,False,0.455485915,,,,,change,0.9596331716,1.066551304,0.3293131646,0.1758549601,,,,,0.05501560494,0,0.2,0.8,0.4061894417,0.1991778165,0.3946327269
client,panel_mi,42,56,56,41,994bc72760dcfe7fa4dcb4204fd49276c86f3b5d7563bd03968bb98375e50059,10,sustain,False,0.8173454221,,,,,change,0.8341902494,1.628609228,0.4806388448,0.1798012325,,,,,0.03932776302,0.1,0.3,0.6,0.6227636337,0.2266555727,0.1505807936
client,panel_mi,42,56,56,43,994bc72760dcfe7fa4dcb4204fd49276c86f3b5d7563bd03968bb98375e50059,10,neutral,False,0.6126016193,,,,,neutral,0.4026253521,1.039468193,0.1738218931,0.07694611816,,,,,0.002780843526,0.4,0.6,0,0.09048120677,0.8774766922,0.0320420824
client,panel_mi,42,56,56,45,994bc72760dcfe7fa4dcb4204fd49276c86f3b5d7563bd03968bb98375e50059,10,neutral,False,0.5560326499,,,,,neutral,0.3845623136,0.9785116009,0.1019997057,0.07573258641,,,,,0.01284058671,0.3,0.7,0,0.050303936,0.8899537921,0.05974226445
client,panel_mi,42,56,56,47,994bc72760dcfe7fa4dcb4204fd49276c86f3b5d7563bd03968bb98375e50059,10,neutral,False,0.6126016193,,,,,change,0.960478425,1.256471539,0.2709878752,0.1680511276,,,,,0.07068642229,0.4,0.6,0,0.4465830922,0.2108308375,0.3425861299
client,panel_mi,42,56,56,49,994bc72760dcfe7fa4dcb4204fd49276c86f3b5d7563bd03968bb98375e50059,10,neutral,False,-0,,,,,neutral,0.4026257992,0.1307050735,0.02422558667,0.04446379667,,,,,0.002780859591,0,1,0,0.09048140794,0.8774765134,0.03204210848
client,panel_mi,42,56,56,51,994bc72760dcfe7fa4dcb4204fd49276c86f3b5d7563bd03968bb98375e50059,10,sustain,False,0.7298466992,,,,,sustain,0.8070784807,0.8697349191,0.02613312881,0.01815343231,,,,,0.009407070465,0.1,0.2,0.7,0.2317712754,0.1274950504,0.6407337189
client,panel_mi,42,56,56,53,994bc72760dcfe7fa4dcb4204fd49276c86f3b5d7563bd03968bb98375e50059,10,neutral,False,-0,,,,,neutral,0.6944723129,0.395026654,0.1875435196,0.1291101884,,,,,0.01368524879,0,1,0,0.2810647786,0.6736620665,0.0452732034
client,panel_mi,42,56,56,55,994bc72760dcfe7fa4dcb4204fd49276c86f3b5d7563bd03968bb98375e50059,10,neutral,False,-0,,,,,neutral,0.4550593197,0.1678140163,0.04111554751,0.05677868813,,,,,0.01050095074,0,1,0,0.02569213137,0.8455110788,0.1287968755
client,panel_mi,42,56,56,57,994bc72760dcfe7fa4dcb4204fd49276c86f3b5d7563bd03968bb98375e50059,10,neutral,False,-0,,,,,neutral,0.4026257992,0.1307050735,0.02422558667,0.04446379667,,,,,0.002780859591,0,1,0,0.09048140794,0.8774765134,0.03204210848
client,panel_mi,42,56,56,59,994bc72760dcfe7fa4dcb4204fd49276c86f3b5d7563bd03968bb98375e50059,10,neutral,False,0.455485915,,,,,change,0.9872133136,1.174915504,0.3982450694,0.1857056352,,,,,0.06316739321,0.2,0.8,0,0.4133330882,0.2871447206,0.2995221615
client,panel_mi,42,56,56,61,994bc72760dcfe7fa4dcb4204fd49276c86f3b5d7563bd03968bb98375e50059,10,sustain,False,0.8649735207,,,,,change,0.9402015805,1.073324811,0.0942752846,0.03221735289,,,,,0.08033683896,0.2,0.2,0.6,0.4294990003,0.1726306975,0.3978703022
client,panel_mi,42,56,56,63,994bc72760dcfe7fa4dcb4204fd49276c86f3b5d7563bd03968bb98375e50059,10,neutral,False,0.8173454221,,,,,neutral,0.4060276151,1.137875795,0.1096351664,0.04897810914,,,,,0.008171781898,0.1,0.6,0.3,0.01610060222,0.8645216227,0.1193778291
client,panel_mi,42,56,56,65,994bc72760dcfe7fa4dcb4204fd49276c86f3b5d7563bd03968bb98375e50059,10,neutral,False,-0,,,,,change,0.7687206864,0.7575106621,0.5208174947,0.233215399,,,,,0.01000856236,0,1,0,0.4865007401,0.4688320756,0.04466722161
client,panel_mi,42,56,56,67,994bc72760dcfe7fa4dcb4204fd49276c86f3b5d7563bd03968bb98375e50059,10,neutral,False,0.5816718657,,,,,neutral,0.4026257992,0.6888955712,0.01071148874,0.01019171082,,,,,0.002780859591,0.1,0.8,0.1,0.09048140794,0.8774765134,0.03204210848
client,panel_mi,42,56,56,69,994bc72760dcfe7fa4dcb4204fd49276c86f3b5d7563bd03968bb98375e50059,10,neutral,False,0.8586727111,,,,,change,0.130775854,2.54205566,0.5706852192,0.2255085607,,,,,0.003913236316,0.4,0.5,0.1,0.9727592468,0.01537118573,0.01186954696
client,panel_mi,42,56,56,71,994bc72760dcfe7fa4dcb4204fd49276c86f3b5d7563bd03968bb98375e50059,10,neutral,False,0.5816718657,,,,,neutral,0.7974952459,0.7190665841,0.05004255343,0.02194119738,,,,,0.02908590995,0.1,0.8,0.1,0.2536363304,0.6376354098,0.1087281853
client,panel_mi,42,56,56,73,994bc72760dcfe7fa4dcb4204fd49276c86f3b5d7563bd03968bb98375e50059,10,neutral,False,0.455485915,,,,,neutral,0.8478454947,0.852989912,0.1405832977,0.1157392671,,,,,0.07741844654,0.2,0.8,0,0.1218867749,0.5827064514,0.295406729
client,panel_mi,42,56,56,75,994bc72760dcfe7fa4dcb4204fd49276c86f3b5d7563bd03968bb98375e50059,10,neutral,False,0.2959032743,,,,,neutral,0.6982936263,0.587599045,0.0929190469,0.08746562227,,,,,0.02891075239,0.1,0.9,0,0.0670671314,0.7028169632,0.2301158905
client,panel_mi,42,56,56,77,994bc72760dcfe7fa4dcb4204fd49276c86f3b5d7563bd03968bb98375e50059,10,neutral,False,0.5560326499,,,,,neutral,0.6080572605,0.6443349272,0.005030830995,0.01085728364,,,,,0.05389348418,0,0.7,0.3,0.02636913583,0.7314687371,0.2421621382
client,panel_mi,42,56,56,79,994bc72760dcfe7fa4dcb4204fd49276c86f3b5d7563bd03968bb98375e50059,10,neutral,False,-0,,,,,sustain,0.5291392803,1.477971792,1.17949197,0.398416912,,,,,0.0391346477,0,1,0,0.007963833399,0.2280998677,0.7639363408
client,panel_mi,42,56,56,81,994bc72760dcfe7fa4dcb4204fd49276c86f3b5d7563bd03968bb98375e50059,10,neutral,False,0.2959032743,,,,,change,0.7172544599,1.425891626,0.820716148,0.3173604997,,,,,0.01784257963,0,0.9,0.1,0.6623286009,0.283618778,0.05405262113
client,panel_mi,42,56,56,83,994bc72760dcfe7fa4dcb4204fd49276c86f3b5d7563bd03968bb98375e50059,10,neutral,False,0.2959032743,,,,,neutral,0.7329404354,0.4848685086,0.06615467963,0.04954856981,,,,,0.08221201599,0,0.9,0.1,0.09013561904,0.690664053,0.2192002982
client,panel_mi,42,56,56,85,994bc72760dcfe7fa4dcb4204fd49276c86f3b5d7563bd03968bb98375e50059,10,change,False,0.5560326499,,,,,change,0.1443715692,1.113081133,0.1464734254,0.08010989664,,,,,0.005153843202,0.7,0.3,0,0.9675732851,0.02642739378,0.005999303423
client,panel_mi,42,56,56,87,994bc72760dcfe7fa4dcb4204fd49276c86f3b5d7563bd03968bb98375e50059,10,change,False,0.5560326499,,,,,neutral,0.9571302533,1.343592685,0.3838516421,0.1973259287,,,,,0.0154884709,0.7,0.3,0,0.2062176764,0.4517067969,0.3420755863
client,panel_mi,42,56,56,89,994bc72760dcfe7fa4dcb4204fd49276c86f3b5d7563bd03968bb98375e50059,10,neutral,False,0.455485915,,,,,neutral,0.4026257992,0.5850862145,0.01902362885,0.02258228078,,,,,0.002780859591,0.2,0.8,0,0.09048140794,0.8774765134,0.03204210848
client,panel_mi,42,56,56,91,994bc72760dcfe7fa4dcb4204fd49276c86f3b5d7563bd03968bb98375e50059,10,change,False,0.455485915,,,,,change,0.5852586627,0.5523863435,0.003695306336,0.01773628333,,,,,0.01327789575,0.8,0.2,0,0.7806162238,0.1701209247,0.04926277697
client,panel_mi,42,56,56,93,994bc72760dcfe7fa4dcb4204fd49276c86f3b5d7563bd03968bb98375e50059,10,change,False,0.455485915,,,,,neutral,0.5724855661,1.420128059,0.7227032345,0.2112047357,,,,,0.003339227289,0.8,0.2,0,0.1802800149,0.7806218266,0.03909819573
client,panel_mi,42,56,56,95,994bc72760dcfe7fa4dcb4204fd49276c86f3b5d7563bd03968bb98375e50059,10,change,False,0.2959032743,,,,,change,0.9128693342,0.8662632465,0.3296357337,0.1679660447,,,,,0.05618647486,0.9,0.1,0,0.4729042947,0.1461865008,0.3809091747
client,panel_mi,42,56,56,97,994bc72760dcfe7fa4dcb4204fd49276c86f3b5d7563bd03968bb98375e50059,10,neutral,False,0.9372305632,,,,,neutral,0.6723429561,1.239480877,0.05925500619,0.03886202103,,,,,0.05385240167,0.2,0.5,0.3,0.0349840261,0.6784496307,0.2865663171
client,panel_mi,42,56,56,99,994bc72760dcfe7fa4dcb4204fd49276c86f3b5d7563bd03968bb98375e50059,10,change,False,0.6126016193,,,,,neutral,0.6511618495,1.469060552,0.3943448713,0.1723404244,,,,,0.02892317437,0.6,0.4,0,0.1037877947,0.7599207759,0.1362914294
client,panel_mi,42,56,56,101,994bc72760dcfe7fa4dcb4204fd49276c86f3b5d7563bd03968bb98375e50059,10,neutral,False,0.2959032743,,,,,neutral,0.5071651936,0.5621829391,0.04114177735,0.07104580671,,,,,0.03763933852,0.1,0.9,0,0.02393756248,0.8106273413,0.1654351652
client,panel_mi,42,56,56,103,994bc72760dcfe7fa4dcb4204fd49276c86f3b5d7563bd03968bb98375e50059,10,neutral,False,0.7298466992,,,,,neutral,0.9327530861,1.015713596,0.1458070192,0.05947264929,,,,,0.06499343365,0.1,0.7,0.2,0.38558653,0.4488842487,0.1655292511
client,panel_mi,42,56,56,105,994bc72760dcfe7fa4dcb4204fd49276c86f3b5d7563bd03968bb98375e50059,10,neutral,False,0.455485915,,,,,neutral,0.4687595069,0.5163543701,0.001731713611,0.005169849353,,,,,0.04359329864,0.2,0.8,0,0.1663895547,0.8211191297,0.01249135472
client,panel_mi,42,56,56,107,994bc72760dcfe7fa4dcb4204fd49276c86f3b5d7563bd03968bb98375e50059,10,neutral,False,0.455485915,,,,,neutral,0.4026257992,0.5850862145,0.01902362885,0.02258228078,,,,,0.002780859591,0.2,0.8,0,0.09048140794,0.8774765134,0.03204210848
client,panel_mi,42,56,56,109,994bc72760dcfe7fa4dcb4204fd49276c86f3b5d7563bd03968bb98375e50059,10,neutral,False,0.2959032743,,,,,neutral,0.4026257992,0.357895644,0.00162460776,0.01129526619,,,,,0.002780859591,0.1,0.9,0,0.09048140794,0.8774765134,0.03204210848
client,panel_mi,42,56,56,111,994bc72760dcfe7fa4dcb4204fd49276c86f3b5d7563bd03968bb98375e50059,10,neutral,False,0.5560326499,,,,,neutral,0.4550593197,1.215940976,0.113006916,0.115992425,,,,,0.01050095074,0.3,0.7,0,0.02569213137,0.8455110788,0.1287968755
client,panel_mi,42,56,56,113,994bc72760dcfe7fa4dcb4204fd49276c86f3b5d7563bd03968bb98375e50059,10,change,False,0.455485915,,,,,change,0.5806562901,0.5241468191,0.006994307458,0.007480068098,,,,,0.02480793372,0.8,0.2,0,0.734629631,0.2497788668,0.01559144072
client,panel_mi,42,56,56,115,994bc72760dcfe7fa4dcb4204fd49276c86f3b5d7563bd03968bb98375e50059,10,change,True,0.6309297536,,,,,neutral,0.3395247757,1.425542749,0.3554836514,0.136187492,,,,,0.002339183586,0.5,0.5,0,0.06382463127,0.9053179026,0.03085753322
client,panel_mi,42,56,56,117,994bc72760dcfe7fa4dcb4204fd49276c86f3b5d7563bd03968bb98375e50059,10,change,False,0.455485915,,,,,change,0.9705637693,0.8770383358,0.1949943815,0.1150799065,,,,,0.01011982746,0.8,0.2,0,0.4474554658,0.3108394444,0.2417050898
client,panel_mi,42,56,56,119,994bc72760dcfe7fa4dcb4204fd49276c86f3b5d7563bd03968bb98375e50059,10,neutral,False,0.7298466992,,,,,neutral,0.4026257992,1.019895498,0.05979836972,0.03896131373,,,,,0.002780859591,0.1,0.7,0.2,0.09048140794,0.8774765134,0.03204210848
client,panel_mi,42,56,56,121,994bc72760dcfe7fa4dcb4204fd49276c86f3b5d7563bd03968bb98375e50059,10,neutral,False,0.2959032743,,,,,neutral,0.7101383209,0.4868700832,0.08446363728,0.04800105895,,,,,0.008076857775,0.1,0.9,0,0.2725480199,0.6726508141,0.05480114743
client,panel_mi,42,56,56,123,994bc72760dcfe7fa4dcb4204fd49276c86f3b5d7563bd03968bb98375e50059,10,neutral,False,-0,,,,,neutral,0.3371317387,0.1256715208,0.02758378668,0.04278269453,,,,,0.0103488639,0,1,0,0.1167710796,0.8819046021,0.001324370387
client,panel_mi,42,56,56,125,994bc72760dcfe7fa4dcb4204fd49276c86f3b5d7563bd03968bb98375e50059,10,neutral,False,-0,,,,,neutral,0.2517484426,0.07649034262,0.0103742404,0.02622493639,,,,,0.01020682883,0,1,0,0.07028828561,0.9263618588,0.003349847393
client,panel_mi,42,56,56,127,994bc72760dcfe7fa4dcb4204fd49276c86f3b5d7563bd03968bb98375e50059,10,change,False,0.2959032743,,,,,change,0.6373108029,0.5225950778,0.1463361071,0.05563444315,,,,,0.06392912567,0.9,0.1,0,0.6255673766,0.3663794398,0.008053150028
client,panel_mi,42,56,56,129,994bc72760dcfe7fa4dcb4204fd49276c86f3b5d7563bd03968bb98375e50059,10,sustain,False,0.6126016193,,,,,neutral,0.80249089,0.9437062025,0.1550137936,0.07356246128,,,,,0.01383897197,0,0.4,0.6,0.09659348428,0.6172388792,0.2861676216
client,panel_mi,42,56,56,131,994bc72760dcfe7fa4dcb4204fd49276c86f3b5d7563bd03968bb98375e50059,10,change,False,0.2959032743,,,,,sustain,0.7070764303,1.566506827,0.9249145571,0.3458147635,,,,,0.01591644809,0.9,0.1,0,0.2363888025,0.06825037301,0.6953608394
client,panel_mi,42,56,56,133,994bc72760dcfe7fa4dcb4204fd49276c86f3b5d7563bd03968bb98375e50059,10,neutral,False,0.5560326499,,,,,neutral,0.4026257992,0.8122767851,0.07642264994,0.04574562941,,,,,0.002780859591,0.3,0.7,0,0.09048140794,0.8774765134,0.03204210848
client,panel_mi,42,56,56,135,994bc72760dcfe7fa4dcb4204fd49276c86f3b5d7563bd03968bb98375e50059,10,neutral,False,0.5560326499,,,,,neutral,0.7245513201,0.6700127959,0.02824045705,0.01784798818,,,,,0.008553588763,0.3,0.7,0,0.4000281394,0.5686470866,0.03132475913
client,panel_mi,42,56,56,137,994bc72760dcfe7fa4dcb4204fd49276c86f3b5d7563bd03968bb98375e50059,10,change,False,0.5560326499,,,,,change,0.7143483758,0.7442641258,0.02423350636,0.04257498562,,,,,0.01257971674,0.7,0.3,0,0.7141734362,0.1835236996,0.1023029462
client,panel_mi,42,56,56,139,994bc72760dcfe7fa4dcb4204fd49276c86f3b5d7563bd03968bb98375e50059,10,neutral,False,0.6126016193,,,,,neutral,0.2206001878,1.250739177,0.2419231071,0.1014082249,,,,,0.001438328298,0.4,0.6,0,0.04786943644,0.9432914853,0.008839087561
client,panel_mi,42,56,56,141,994bc72760dcfe7fa4dcb4204fd49276c86f3b5d7563bd03968bb98375e50059,10,neutral,False,0.5560326499,,,,,neutral,0.6656743288,0.6411775589,0.001597241255,0.01045365065,,,,,0.02119361795,0,0.7,0.3,0.02978219464,0.6735596061,0.2966581881
client,panel_mi,42,56,56,143,994bc72760dcfe7fa4dcb4204fd49276c86f3b5d7563bd03968bb98375e50059,10,neutral,False,0.2959032743,,,,,neutral,0.2206001878,0.3564697497,0.004669877826,0.00801243816,,,,,0.001438328298,0.1,0.9,0,0.04786943644,0.9432914853,0.008839087561
client,panel_mi,42,56,56,145,994bc72760dcfe7fa4dcb4204fd49276c86f3b5d7563bd03968bb98375e50059,10,neutral,False,-0,,,,,neutral,0.7101382017,0.3965287805,0.1844429362,0.1295704808,,,,,0.008076862432,0,1,0,0.2725479007,0.6726509333,0.05480115488
client,panel_mi,42,56,56,147,994bc72760dcfe7fa4dcb4204fd49276c86f3b5d7563bd03968bb98375e50059,10,neutral,False,-0,,,,,neutral,0.7101382017,0.3965287805,0.1844429362,0.1295704808,,,,,0.008076862432,0,1,0,0.2725479007,0.6726509333,0.05480115488
client,panel_mi,42,56,56,149,994bc72760dcfe7fa4dcb4204fd49276c86f3b5d7563bd03968bb98375e50059,10,neutral,False,0.2959032743,,,,,neutral,0.3507242501,0.3343337156,0.0002833787995,0.00318710224,,,,,0.0236786399,0.1,0.9,0,0.1044296473,0.8865169287,0.009053386748
client,panel_mi,42,56,56,151,994bc72760dcfe7fa4dcb4204fd49276c86f3b5d7563bd03968bb98375e50059,10,neutral,False,0.2959032743,,,,,neutral,0.6516571045,0.4328718185,0.03553111113,0.03414297922,,,,,0.04292495176,0,0.9,0.1,0.0701020509,0.7462905049,0.1836074442
client,panel_mi,42,56,56,153,994bc72760dcfe7fa4dcb4204fd49276c86f3b5d7563bd03968bb98375e50059,10,neutral,False,0.2959032743,,,,,change,0.5961877108,1.321361548,0.8454448872,0.2479777388,,,,,0.01716778055,0.1,0.9,0,0.7379434109,0.2382549047,0.02380169369
client,panel_mi,42,56,56,155,994bc72760dcfe7fa4dcb4204fd49276c86f3b5d7563bd03968bb98375e50059,10,neutral,False,-0,,,,,change,0.3662543595,2.146893024,1.547313815,0.5060076615,,,,,0.006792668253,0,1,0,0.8759578466,0.116846621,0.00719552394
client,panel_mi,42,56,56,157,994bc72760dcfe7fa4dcb4204fd49276c86f3b5d7563bd03968bb98375e50059,10,neutral,False,0.6126016193,,,,,change,0.638268292,0.8285581112,0.13497645,0.03908894243,,,,,0.02250562049,0.4,0.6,0,0.6530085802,0.3339312971,0.01306016743
client,panel_mi,42,56,56,159,994bc72760dcfe7fa4dcb4204fd49276c86f3b5d7563bd03968bb98375e50059,10,neutral,False,0.2959032743,,,,,neutral,0.4026257992,0.357895644,0.00162460776,0.01129526619,,,,,0.002780859591,0.1,0.9,0,0.09048140794,0.8774765134,0.03204210848
client,panel_mi,42,56,56,161,994bc72760dcfe7fa4dcb4204fd49276c86f3b5d7563bd03968bb98375e50059,10,neutral,False,0.6126016193,,,,,change,0.7656520009,0.8997349739,0.1423954444,0.06097620197,,,,,0.02925953828,0.4,0.6,0,0.6252137423,0.3053030372,0.06948319823
client,panel_mi,42,56,56,163,994bc72760dcfe7fa4dcb4204fd49276c86f3b5d7563bd03968bb98375e50059,10,neutral,False,0.6126016193,,,,,neutral,0.6601058841,0.6828111053,0.001146458689,0.003295521688,,,,,0.01754774339,0.4,0.6,0,0.4183273911,0.5729112029,0.008761420846
client,panel_mi,42,56,56,165,994bc72760dcfe7fa4dcb4204fd49276c86f3b5d7563bd03968bb98375e50059,10,neutral,False,0.2959032743,,,,,neutral,0.9666579962,0.8996740162,0.3623844678,0.1634788536,,,,,0.03782016784,0.1,0.9,0,0.3782939911,0.4099875391,0.2117184699
client,panel_mi,42,56,56,167,994bc72760dcfe7fa4dcb4204fd49276c86f3b5d7563bd03968bb98375e50059,10,neutral,False,0.5560326499,,,,,neutral,0.9994798303,1.073995566,0.2300481233,0.1431939817,,,,,0.1134848446,0.3,0.7,0,0.3244251609,0.3492957354,0.3262791038
client,panel_mi,42,56,56,169,994bc72760dcfe7fa4dcb4204fd49276c86f3b5d7563bd03968bb98375e50059,10,neutral,False,0.5560326499,,,,,neutral,0.8583017588,0.7626161218,0.06305135677,0.04712568234,,,,,0.1143535152,0.3,0.7,0,0.4060234129,0.4950180948,0.09895858914
client,panel_mi,42,56,56,171,994bc72760dcfe7fa4dcb4204fd49276c86f3b5d7563bd03968bb98375e50059,10,neutral,False,0.6126016193,,,,,neutral,0.6154901981,1.387127632,0.1872631209,0.1520864418,,,,,0.05306584388,0.4,0.6,0,0.0474639982,0.7557659745,0.1967700422
client,panel_mi,42,56,56,173,994bc72760dcfe7fa4dcb4204fd49276c86f3b5d7563bd03968bb98375e50059,10,neutral,False,0.5560326499,,,,,neutral,0.2205999792,0.9526498511,0.1228388006,0.06298628228,,,,,0.001438315958,0.3,0.7,0,0.04786934331,0.9432915449,0.008839095943
client,panel_mi,42,66,66,1,60300796ba7899fd40ecbaa91387c5ca83e5757c4513c7aae95783e2e3877244,10,neutral,False,-0,,,,,neutral,0.544475317,0.2956444621,0.1278955356,0.09812926202,,,,,0.004246533383,0,1,0,0.2496938258,0.7440519333,0.006254288368
client,panel_mi,42,66,66,3,60300796ba7899fd40ecbaa91387c5ca83e5757c4513c7aae95783e2e3877244,10,neutral,False,-0,,,,,change,0.560868144,1.213458896,0.9865051503,0.3440962689,,,,,0.004282258917,0,1,0,0.7018052936,0.2971675992,0.00102705555
client,panel_mi,42,66,66,5,60300796ba7899fd40ecbaa91387c5ca83e5757c4513c7aae95783e2e3877244,10,change,True,0.9602297179,,,,,neutral,0.9689818621,1.194909537,0.08978318051,0.03599104733,,,,,0.007031298243,0.4,0.2,0.4,0.2255096734,0.4357592463,0.3387310505
client,panel_mi,42,66,66,7,60300796ba7899fd40ecbaa91387c5ca83e5757c4513c7aae95783e2e3877244,10,change,True,0.6309297536,,,,,neutral,0.3344796896,1.368768409,0.348076201,0.1280822944,,,,,0.002060359344,0.5,0.5,0,0.07153306156,0.9048906565,0.02357625775
client,panel_mi,42,66,66,9,60300796ba7899fd40ecbaa91387c5ca83e5757c4513c7aae95783e2e3877244,10,sustain,False,0.8586727111,,,,,sustain,0.8113327622,1.1867044,0.1092669492,0.05371412662,,,,,0.005723554641,0.4,0.1,0.5,0.1301206499,0.2322328538,0.6376464963
client,panel_mi,42,66,66,11,60300796ba7899fd40ecbaa91387c5ca83e5757c4513c7aae95783e2e3877244,10,sustain,False,0.7298466992,,,,,neutral,0.5696259737,1.804831457,0.7071156316,0.2140615338,,,,,0.004091050476,0.1,0.2,0.7,0.07934058458,0.8046677709,0.1159916893
client,panel_mi,42,66,66,13,60300796ba7899fd40ecbaa91387c5ca83e5757c4513c7aae95783e2e3877244,10,sustain,False,0.7298466992,,,,,change,0.9295492768,1.160742879,0.2745132581,0.08700034627,,,,,0.005526435561,0.2,0.1,0.7,0.5128676295,0.1962359697,0.2908964157
client,panel_mi,42,66,66,16,60300796ba7899fd40ecbaa91387c5ca83e5757c4513c7aae95783e2e3877244,10,change,False,0.5560326499,,,,,sustain,0.9823288918,1.285443962,0.370611195,0.198123588,,,,,0.006750865374,0.7,0.3,0,0.2593896091,0.3210504651,0.4195599556
client,panel_mi,42,66,66,18,60300796ba7899fd40ecbaa91387c5ca83e5757c4513c7aae95783e2e3877244,10,change,False,0.2959032743,,,,,neutral,0.9291779399,1.70519101,0.8130045901,0.3330215182,,,,,0.007069251034,0.9,0.1,0,0.1638191193,0.4625601768,0.3736206889
client,panel_mi,42,66,66,20,60300796ba7899fd40ecbaa91387c5ca83e5757c4513c7aae95783e2e3877244,10,change,False,0.2959032743,,,,,change,0.6404815912,0.4322250903,0.0469278423,0.03225805199,,,,,0.004027904011,0.9,0.1,0,0.7296461463,0.2263910472,0.04396273941
client,panel_mi,42,66,66,22,60300796ba7899fd40ecbaa91387c5ca83e5757c4513c7aae95783e2e3877244,10,sustain,False,0.9372305632,,,,,neutral,0.6425857544,2.281095451,0.3827698208,0.1788215923,,,,,0.00492273178,0.2,0.3,0.5,0.2995578647,0.6791161895,0.02132587507
client,panel_mi,42,66,66,24,60300796ba7899fd40ecbaa91387c5ca83e5757c4513c7aae95783e2e3877244,10,neutral,False,0.2959032743,,,,,neutral,0.5252975225,0.4071054548,0.05208715978,0.02273751522,,,,,0.004261829425,0.1,0.9,0,0.2612220049,0.7384619713,0.0003159825574
client,panel_mi,42,66,66,26,60300796ba7899fd40ecbaa91387c5ca83e5757c4513c7aae95783e2e3877244,10,change,False,-0,,,,,neutral,0.9230865836,1.836462498,1.065997318,0.4610714639,,,,,0.007057765964,1,0,0,0.1593802273,0.4752412736,0.365378499
client,panel_mi,42,66,66,28,60300796ba7899fd40ecbaa91387c5ca83e5757c4513c7aae95783e2e3877244,10,change,False,-0,,,,,change,0.8252723217,0.4556619525,0.2022871563,0.1475026276,,,,,0.004871254321,1,0,0,0.6340281367,0.2092923373,0.1566795111
client,panel_mi,42,66,66,30,60300796ba7899fd40ecbaa91387c5ca83e5757c4513c7aae95783e2e3877244,10,change,False,0.2959032743,,,,,neutral,0.7635719776,1.060606629,0.489729994,0.2272548987,,,,,0.005693829618,0.9,0,0.1,0.4356570244,0.5205361843,0.04380679876
client,panel_mi,42,109,109,1,f92544f5ed508add4c093c58e76fce40d49ca14b51000a7b8770e0152039d485,10,neutral,False,-0,,,,,neutral,0.3370932043,0.1055677161,0.01731121408,0.03604344077,,,,,0.00189388427,0,1,0,0.08367313445,0.8998134732,0.01651336253
client,panel_mi,42,109,109,3,f92544f5ed508add4c093c58e76fce40d49ca14b51000a7b8770e0152039d485,10,neutral,False,0.2959032743,,,,,neutral,0.6519088745,0.5650752425,0.1864386815,0.06741900849,,,,,0.004526666366,0.1,0.9,0,0.4012126327,0.5907350779,0.008052287623
client,panel_mi,42,109,109,5,f92544f5ed508add4c093c58e76fce40d49ca14b51000a7b8770e0152039d485,10,neutral,True,0.6309297536,,,,,change,0.926325798,1.44319427,0.4104802445,0.2297281336,,,,,0.005710215308,0,0.5,0.5,0.521140933,0.2787896991,0.2000693828
client,panel_mi,42,109,109,7,f92544f5ed508add4c093c58e76fce40d49ca14b51000a7b8770e0152039d485,10,sustain,False,0.2959032743,,,,,sustain,0.8672760725,0.8236917138,0.293920094,0.1582868641,,,,,0.005054825917,0,0.1,0.9,0.3784689903,0.1095894948,0.5119415522
client,panel_mi,42,109,109,9,f92544f5ed508add4c093c58e76fce40d49ca14b51000a7b8770e0152039d485,10,neutral,False,0.5816718657,,,,,neutral,0.5233091116,1.013541794,0.03521557103,0.04827354731,,,,,0.005930823274,0.1,0.8,0.1,0.001621856354,0.7474585772,0.2509195507
client,panel_mi,42,109,109,11,f92544f5ed508add4c093c58e76fce40d49ca14b51000a7b8770e0152039d485,10,neutral,False,0.8586727111,,,,,neutral,0.7295178175,0.9953774303,0.03858967883,0.01266264082,,,,,0.006843621843,0.1,0.5,0.4,0.05853141099,0.6549173594,0.2865511775
client,panel_mi,42,109,109,13,f92544f5ed508add4c093c58e76fce40d49ca14b51000a7b8770e0152039d485,10,neutral,False,0.5560326499,,,,,neutral,0.8147751689,1.320764768,0.3083992107,0.2068728096,,,,,0.007854031399,0.3,0.7,0,0.06852140278,0.4780814052,0.4533971846
client,panel_mi,42,109,109,15,f92544f5ed508add4c093c58e76fce40d49ca14b51000a7b8770e0152039d485,10,sustain,False,0.2959032743,,,,,sustain,0.5399347544,0.3838047236,0.01246658555,0.01920221212,,,,,0.004338461906,0,0.1,0.9,0.04581429809,0.1453502923,0.8088353872
client,panel_mi,42,109,109,17,f92544f5ed508add4c093c58e76fce40d49ca14b51000a7b8770e0152039d485,10,sustain,False,0.6126016193,,,,,change,0.7187234759,2.24863019,0.7483962919,0.3671288727,,,,,0.004284138326,0,0.4,0.6,0.6613899469,0.2840620875,0.05454792827
client,panel_mi,42,109,109,19,f92544f5ed508add4c093c58e76fce40d49ca14b51000a7b8770e0152039d485,10,change,False,-0,,,,,change,0.940534234,0.7679134011,0.4461389035,0.2359943407,,,,,0.005674835294,1,0,0,0.4639801979,0.180937916,0.3550818861
client,panel_mi,42,109,109,21,f92544f5ed508add4c093c58e76fce40d49ca14b51000a7b8770e0152039d485,10,change,False,-0,,,,,sustain,0.7799819112,0.7585536242,0.5171572651,0.2334945185,,,,,0.004187603947,1,0,0,0.4683433473,0.04999377578,0.4816628397
client,panel_mi,42,109,109,23,f92544f5ed508add4c093c58e76fce40d49ca14b51000a7b8770e0152039d485,10,change,True,0.6309297536,,,,,neutral,0.1393320709,1.850983027,0.4451153211,0.171179532,,,,,0.0006346920272,0.5,0.5,0,0.0254660286,0.9689365625,0.005597450305
client,panel_mi,42,109,109,25,f92544f5ed508add4c093c58e76fce40d49ca14b51000a7b8770e0152039d485,10,neutral,False,0.7298466992,,,,,change,0.8519359231,1.663727713,0.5579135454,0.1981949735,,,,,0.004742426332,0.1,0.7,0.2,0.6008914113,0.1482444555,0.2508641183
client,panel_mi,42,109,109,27,f92544f5ed508add4c093c58e76fce40d49ca14b51000a7b8770e0152039d485,10,neutral,False,0.7298466992,,,,,sustain,0.9991771579,1.128868151,0.2267956023,0.08215513548,,,,,0.006912552752,0.2,0.7,0.1,0.3304952979,0.3175362945,0.3519684374
client,panel_mi,42,109,109,29,f92544f5ed508add4c093c58e76fce40d49ca14b51000a7b8770e0152039d485,10,change,False,-0,,,,,sustain,0.6903156042,1.544797063,1.135124652,0.4110269564,,,,,0.003903012024,1,0,0,0.2133551538,0.0716785714,0.7149662375
client,panel_mi,42,109,109,31,f92544f5ed508add4c093c58e76fce40d49ca14b51000a7b8770e0152039d485,10,change,False,-0,,,,,neutral,0.703102529,1.818194151,1.241243213,0.4581677031,,,,,0.004974071402,1,0,0,0.1623186022,0.7259872556,0.1116941944
client,panel_mi,42,109,109,33,f92544f5ed508add4c093c58e76fce40d49ca14b51000a7b8770e0152039d485,10,neutral,False,0.5560326499,,,,,neutral,0.2311313003,1.180801183,0.1377060319,0.09191006999,,,,,0.001401451649,0.3,0.7,0,0.02234375104,0.9438675046,0.03378874809
client,panel_mi,42,109,109,35,f92544f5ed508add4c093c58e76fce40d49ca14b51000a7b8770e0152039d485,10,change,False,-0,,,,,neutral,0.8166335225,1.988425493,1.200622486,0.4840874715,,,,,0.006566870026,1,0,0,0.136910826,0.6355520487,0.2275371552
client,panel_mi,42,109,109,37,f92544f5ed508add4c093c58e76fce40d49ca14b51000a7b8770e0152039d485,10,change,False,-0,,,,,change,0.7475705147,0.3838481903,0.160355164,0.1256770536,,,,,0.004210364539,1,0,0,0.6812348366,0.2223838568,0.0963812992
client,panel_mi,42,109,109,39,f92544f5ed508add4c093c58e76fce40d49ca14b51000a7b8770e0152039d485,10,change,False,-0,,,,,sustain,0.428121388,2.390344143,1.580861209,0.5358362386,,,,,0.002224921482,1,0,0,0.09159816802,0.04003285244,0.8683689833
client,panel_mi,42,109,109,41,f92544f5ed508add4c093c58e76fce40d49ca14b51000a7b8770e0152039d485,10,change,False,-0,,,,,change,0.2914057076,0.0800062269,0.009189378043,0.02741657555,,,,,0.001101584523,1,0,0,0.9231106043,0.0257677231,0.05112165213
client,panel_mi,42,109,109,43,f92544f5ed508add4c093c58e76fce40d49ca14b51000a7b8770e0152039d485,10,neutral,False,0.6126016193,,,,,change,0.5259251595,0.9239004254,0.2272867705,0.05926378088,,,,,0.003398753237,0.4,0.6,0,0.7370108366,0.2627902627,0.0001988059084
client,panel_mi,42,109,109,45,f92544f5ed508add4c093c58e76fce40d49ca14b51000a7b8770e0152039d485,10,neutral,False,-0,,,,,neutral,0.2757133245,0.08561765403,0.01267917636,0.02931596284,,,,,0.001476391917,0,1,0,0.07694174349,0.917945087,0.005113153718
client,panel_mi,42,130,130,0,957962b55a53a08db5f378e511817642230cbd4d6d1cf4d43dd6a4b63131ccc1,10,neutral,False,-0,,,,,neutral,0.6499916315,0.3899436295,0.1942791667,0.1275507212,,,,,0.01069626957,0,1,0,0.02383393608,0.6770950556,0.2990710735
client,panel_mi,42,130,130,2,957962b55a53a08db5f378e511817642230cbd4d6d1cf4d43dd6a4b63131ccc1,10,neutral,True,0.6309297536,,,,,neutral,0.4340590537,1.284560442,0.3061497802,0.1198767096,,,,,0.006260211114,0,0.5,0.5,0.04462777451,0.867020309,0.08835185319
client,panel_mi,42,130,130,4,957962b55a53a08db5f378e511817642230cbd4d6d1cf4d43dd6a4b63131ccc1,10,neutral,False,0.8173454221,,,,,sustain,0.9845713377,1.135458183,0.1517394173,0.05877082857,,,,,0.009904284962,0.1,0.6,0.3,0.2937499583,0.2846864164,0.4215636253
client,panel_mi,42,130,130,6,957962b55a53a08db5f378e511817642230cbd4d6d1cf4d43dd6a4b63131ccc1,10,sustain,False,0.2959032743,,,,,sustain,0.882671535,0.6524864614,0.1612070502,0.1028091681,,,,,0.009554116055,0.1,0,0.9,0.1952951252,0.2240004539,0.580704391
client,panel_mi,42,130,130,8,957962b55a53a08db5f378e511817642230cbd4d6d1cf4d43dd6a4b63131ccc1,10,change,False,0.2959032743,,,,,change,0.8490681648,0.5918544888,0.1267512896,0.08259366132,,,,,0.01195477229,0.9,0.1,0,0.609787643,0.2306750268,0.1595372707
client,panel_mi,42,130,130,10,957962b55a53a08db5f378e511817642230cbd4d6d1cf4d43dd6a4b63131ccc1,10,sustain,False,0.455485915,,,,,neutral,0.8959294558,0.8468718052,0.2203193261,0.09787670689,,,,,0.01332259923,0,0.2,0.8,0.1261357218,0.4503439963,0.423520267
client,panel_mi,42,130,130,12,957962b55a53a08db5f378e511817642230cbd4d6d1cf4d43dd6a4b63131ccc1,10,neutral,False,-0,,,,,neutral,0.7350543737,0.3619551957,0.1433789759,0.1189152887,,,,,0.01168572344,0,1,0,0.1016396284,0.69631356,0.2020467967
client,panel_mi,42,130,130,14,957962b55a53a08db5f378e511817642230cbd4d6d1cf4d43dd6a4b63131ccc1,10,sustain,False,0.455485915,,,,,sustain,0.9484363198,0.8360649824,0.1777262408,0.1007167234,,,,,0.01135030948,0,0.2,0.8,0.1914100945,0.3520544171,0.4565354884
client,panel_mi,42,130,130,16,957962b55a53a08db5f378e511817642230cbd4d6d1cf4d43dd6a4b63131ccc1,10,neutral,False,0.9372305632,,,,,neutral,0.8552606702,1.201845729,0.06882071406,0.03837704862,,,,,0.01110156532,0.2,0.5,0.3,0.371019423,0.5261801481,0.1028004289
client,panel_mi,42,130,130,18,957962b55a53a08db5f378e511817642230cbd4d6d1cf4d43dd6a4b63131ccc1,10,change,False,0.2959032743,,,,,sustain,0.9617026448,1.479837942,0.7219426484,0.3005335095,,,,,0.01526800822,0.9,0.1,0,0.2186586559,0.3275256753,0.4538156986
client,panel_mi,42,130,130,20,957962b55a53a08db5f378e511817642230cbd4d6d1cf4d43dd6a4b63131ccc1,10,change,False,0.2959032743,,,,,neutral,0.6475239396,0.8246232629,0.4447757323,0.1358773113,,,,,0.01517369412,0.9,0.1,0,0.4258809984,0.5689996481,0.005119282287
client,panel_mi,101,7,7,1,7fe3d6029ec1e666f41b728458a973e8e2e6924c09046427a23859dcc7b3d75a,10,neutral,False,0.2959032743,,,,,neutral,0.7353593111,0.9536234975,0.3673015546,0.1959814568,,,,,0.05108456686,0.1,0.9,0,0.030772686,0.5102830529,0.4589442611
client,panel_mi,101,7,7,3,7fe3d6029ec1e666f41b728458a973e8e2e6924c09046427a23859dcc7b3d75a,10,neutral,False,-0,,,,,neutral,0.3376574814,0.1098532155,0.01944538934,0.03748340736,,,,,0.002875550184,0,1,0,0.09208378196,0.8959655762,0.01195056923
client,panel_mi,101,7,7,5,7fe3d6029ec1e666f41b728458a973e8e2e6924c09046427a23859dcc7b3d75a,10,neutral,False,0.455485915,,,,,neutral,0.6693004966,0.6057261944,0.01436793152,0.03570181452,,,,,0.03328111395,0,0.8,0.2,0.09771743417,0.746403873,0.1558786929
client,panel_mi,101,7,7,7,7fe3d6029ec1e666f41b728458a973e8e2e6924c09046427a23859dcc7b3d75a,10,neutral,False,0.2959032743,,,,,neutral,0.1872183532,0.4536127612,0.01105365335,0.02681280522,,,,,0.003511114046,0,0.9,0.1,0.02708126977,0.9570056796,0.0159130767
client,panel_mi,101,7,7,9,7fe3d6029ec1e666f41b728458a973e8e2e6924c09046427a23859dcc7b3d75a,10,neutral,False,-0,,,,,neutral,0.3376574814,0.1098532155,0.01944539193,0.03748341027,,,,,0.002875565784,0,1,0,0.09208379686,0.8959655762,0.01195056271
client,panel_mi,101,7,7,11,7fe3d6029ec1e666f41b728458a973e8e2e6924c09046427a23859dcc7b3d75a,10,neutral,False,0.2959032743,,,,,neutral,0.6408201456,0.451561138,0.03099772377,0.04256811991,,,,,0.01303022914,0.1,0.9,0,0.1188174933,0.767168045,0.1140144616
client,panel_mi,101,7,7,13,7fe3d6029ec1e666f41b728458a973e8e2e6924c09046427a23859dcc7b3d75a,10,neutral,False,-0,,,,,neutral,0.3376574814,0.1098532155,0.01944538934,0.03748340736,,,,,0.002875550184,0,1,0,0.09208378196,0.8959655762,0.01195056923
client,panel_mi,101,7,7,15,7fe3d6029ec1e666f41b728458a973e8e2e6924c09046427a23859dcc7b3d75a,10,sustain,False,0.6126016193,,,,,neutral,0.5909972787,1.004598689,0.2593118299,0.07889339814,,,,,0.01264852472,0,0.4,0.6,0.02570025995,0.7465389967,0.227760762
client,panel_mi,101,7,7,17,7fe3d6029ec1e666f41b728458a973e8e2e6924c09046427a23859dcc7b3d75a,10,sustain,False,0.6126016193,,,,,neutral,0.4581944346,1.341813159,0.4334697303,0.1401319743,,,,,0.005651081912,0,0.4,0.6,0.03216820583,0.8486294746,0.1192022413
client,panel_mi,101,7,7,19,7fe3d6029ec1e666f41b728458a973e8e2e6924c09046427a23859dcc7b3d75a,10,neutral,False,0.455485915,,,,,neutral,0.7001698613,0.5743644714,0.01652053357,0.02453396677,,,,,0.01157764904,0,0.8,0.2,0.06272889674,0.6957721114,0.2414989918
client,panel_mi,101,7,7,21,7fe3d6029ec1e666f41b728458a973e8e2e6924c09046427a23859dcc7b3d75a,10,neutral,False,0.5816718657,,,,,sustain,0.5360373259,1.695143127,0.813547515,0.2576752039,,,,,0.01111428533,0.1,0.8,0.1,0.01562688313,0.2085978538,0.7757752538
client,panel_mi,101,7,7,23,7fe3d6029ec1e666f41b728458a973e8e2e6924c09046427a23859dcc7b3d75a,10,sustain,False,0.455485915,,,,,neutral,0.50244838,2.175675142,0.9509903493,0.3184056022,,,,,0.01072779298,0,0.2,0.8,0.09248031676,0.8386545181,0.06886516511
client,panel_mi,101,7,7,25,7fe3d6029ec1e666f41b728458a973e8e2e6924c09046427a23859dcc7b3d75a,10,neutral,True,0.6309297536,,,,,neutral,0.3376574814,2.26841471,0.403460455,0.2094536376,,,,,0.002875550184,0,0.5,0.5,0.09208378196,0.8959655762,0.01195056923
client,panel_mi,101,7,7,27,7fe3d6029ec1e666f41b728458a973e8e2e6924c09046427a23859dcc7b3d75a,10,neutral,False,-0,,,,,neutral,0.2836611867,0.09675566107,0.01688655955,0.03307673464,,,,,0.003249174682,0,1,0,0.09154872596,0.9077777863,0.0006735112984
client,panel_mi,101,7,7,29,7fe3d6029ec1e666f41b728458a973e8e2e6924c09046427a23859dcc7b3d75a,10,neutral,False,-0,,,,,neutral,0.3376574814,0.1098532155,0.01944538934,0.03748340736,,,,,0.002875550184,0,1,0,0.09208378196,0.8959655762,0.01195056923
client,panel_mi,101,7,7,31,7fe3d6029ec1e666f41b728458a973e8e2e6924c09046427a23859dcc7b3d75a,10,neutral,False,-0,,,,,neutral,0.2004630715,0.05848325789,0.006414009408,0.02010266327,,,,,0.00184297876,0,1,0,0.056453228,0.9431940317,0.0003527382796
client,panel_mi,101,7,7,33,7fe3d6029ec1e666f41b728458a973e8e2e6924c09046427a23859dcc7b3d75a,10,neutral,False,0.6126016193,,,,,neutral,0.1953881085,1.788297614,0.276508416,0.1473831576,,,,,0.004880969413,0.4,0.6,0,0.01228412054,0.9535811543,0.03413473442
client,panel_mi,101,7,7,35,7fe3d6029ec1e666f41b728458a973e8e2e6924c09046427a23859dcc7b3d75a,10,neutral,False,0.2959032743,,,,,neutral,0.7186152339,0.4875305116,0.08109047186,0.04859867242,,,,,0.01188375242,0.1,0.9,0,0.2628700435,0.6748630404,0.06226692721
client,panel_mi,101,7,7,37,7fe3d6029ec1e666f41b728458a973e8e2e6924c09046427a23859dcc7b3d75a,10,neutral,False,0.7298466992,,,,,neutral,0.66576159,1.023216593,0.05064343068,0.04678512394,,,,,0.009732748382,0.2,0.7,0.1,0.04116646945,0.6994127035,0.2594208121
client,panel_mi,101,7,7,39,7fe3d6029ec1e666f41b728458a973e8e2e6924c09046427a23859dcc7b3d75a,10,neutral,False,0.455485915,,,,,neutral,0.3376574814,0.9732778132,0.05305141559,0.08374260347,,,,,0.002875550184,0,0.8,0.2,0.09208378196,0.8959655762,0.01195056923
client,panel_mi,101,7,7,41,7fe3d6029ec1e666f41b728458a973e8e2e6924c09046427a23859dcc7b3d75a,10,neutral,False,0.2959032743,,,,,neutral,0.6416925788,1.203969753,0.3764377335,0.2200539527,,,,,0.01028907485,0,0.9,0.1,0.4744601846,0.5235415697,0.001998323249
client,panel_mi,101,7,7,43,7fe3d6029ec1e666f41b728458a973e8e2e6924c09046427a23859dcc7b3d75a,10,sustain,False,0.8586727111,,,,,neutral,0.5255169868,1.413947886,0.321589176,0.1013750762,,,,,0.005849615671,0.1,0.4,0.5,0.05385773629,0.8220669627,0.1240751967
client,panel_mi,101,7,7,45,7fe3d6029ec1e666f41b728458a973e8e2e6924c09046427a23859dcc7b3d75a,10,neutral,False,0.5816718657,,,,,change,0.8362933993,1.126950151,0.4034352919,0.1305898013,,,,,0.02344635502,0.1,0.8,0.1,0.5518034697,0.3535923362,0.09460422397
client,panel_mi,101,7,7,47,7fe3d6029ec1e666f41b728458a973e8e2e6924c09046427a23859dcc7b3d75a,10,change,False,0.2959032743,,,,,change,0.6575750709,0.4481895894,0.06029813244,0.03655224215,,,,,0.008213398047,0.9,0.1,0,0.7092930079,0.2489465028,0.04176042229
client,panel_mi,101,7,7,49,7fe3d6029ec1e666f41b728458a973e8e2e6924c09046427a23859dcc7b3d75a,10,change,False,0.2959032743,,,,,neutral,0.4571291804,1.53539882,1.01511724,0.2870188136,,,,,0.005126550794,0.9,0.1,0,0.1858742982,0.8107250929,0.003400636371
client,panel_mi,101,7,7,51,7fe3d6029ec1e666f41b728458a973e8e2e6924c09046427a23859dcc7b3d75a,10,change,False,-0,,,,,change,0.8698627949,0.5628582239,0.2889138376,0.1790623935,,,,,0.006537123583,1,0,0,0.5695787668,0.2894405425,0.1409807503
client,panel_mi,101,7,7,53,7fe3d6029ec1e666f41b728458a973e8e2e6924c09046427a23859dcc7b3d75a,10,change,False,0.6126016193,,,,,neutral,0.3376574814,1.474975041,0.5041035897,0.156983091,,,,,0.002875565784,0.6,0.4,0,0.09208379686,0.8959655762,0.01195056271
client,panel_mi,101,7,7,55,7fe3d6029ec1e666f41b728458a973e8e2e6924c09046427a23859dcc7b3d75a,10,change,False,0.5560326499,,,,,neutral,0.336863637,1.579705089,0.6914599643,0.1965925925,,,,,0.003934075125,0.7,0.3,0,0.1102557629,0.8862160444,0.003528232221
client,panel_mi,101,7,7,57,7fe3d6029ec1e666f41b728458a973e8e2e6924c09046427a23859dcc7b3d75a,10,neutral,False,0.6126016193,,,,,sustain,0.8112977147,1.713103437,0.6370450149,0.3044034935,,,,,0.008030067198,0.4,0.6,0,0.1508674473,0.2030566931,0.6460758448
client,panel_mi,101,7,7,59,7fe3d6029ec1e666f41b728458a973e8e2e6924c09046427a23859dcc7b3d75a,10,neutral,False,0.455485915,,,,,neutral,0.2360217124,0.5866380811,0.03287900585,0.0181802958,,,,,0.005813683849,0.2,0.8,0,0.07172160596,0.9281547666,0.0001236154058
client,panel_mi,101,7,7,61,7fe3d6029ec1e666f41b728458a973e8e2e6924c09046427a23859dcc7b3d75a,10,neutral,False,0.5560326499,,,,,neutral,0.2965404689,1.377359653,0.1342120231,0.1143611805,,,,,0.007539757993,0.3,0.7,0,0.01247035339,0.9151865244,0.07234318554
client,panel_mi,101,7,7,63,7fe3d6029ec1e666f41b728458a973e8e2e6924c09046427a23859dcc7b3d75a,10,neutral,False,0.455485915,,,,,neutral,0.2219201773,0.607505852,0.03748845844,0.0221126959,,,,,0.001881186618,0.2,0.8,0,0.06241609901,0.9362251163,0.001358798821
client,panel_mi,101,7,7,65,7fe3d6029ec1e666f41b728458a973e8e2e6924c09046427a23859dcc7b3d75a,10,neutral,False,0.455485915,,,,,neutral,0.4289994836,0.5040080667,0.001327622015,0.001016897564,,,,,0.006406241562,0.2,0.8,0,0.1736060977,0.8250852823,0.001308643143
client,panel_mi,101,27,27,1,e883cab14c33a28c3bf1e25281ef335a7bcd08f31fb3e2cea1e824982af00196,10,neutral,False,0.8649735207,,,,,change,0.7524532676,1.317475939,0.2268670832,0.08887591615,,,,,0.009122641757,0.2,0.6,0.2,0.5860183835,0.3660531044,0.04792850092
client,panel_mi,101,27,27,3,e883cab14c33a28c3bf1e25281ef335a7bcd08f31fb3e2cea1e824982af00196,10,neutral,False,0.6126016193,,,,,neutral,0.7540688515,0.9603079438,0.0901934171,0.08093157337,,,,,0.009861056693,0,0.6,0.4,0.1494520605,0.6936330199,0.1569149196
client,panel_mi,101,27,27,5,e883cab14c33a28c3bf1e25281ef335a7bcd08f31fb3e2cea1e824982af00196,10,neutral,False,0.455485915,,,,,change,0.7316663265,1.474389553,0.5991600859,0.2842983929,,,,,0.01421438716,0,0.8,0.2,0.6088079214,0.3486447334,0.04254721478
client,panel_mi,101,27,27,7,e883cab14c33a28c3bf1e25281ef335a7bcd08f31fb3e2cea1e824982af00196,10,neutral,False,0.8649735207,,,,,change,0.9026929736,1.179795921,0.1814799586,0.05951267127,,,,,0.01710890606,0.2,0.6,0.2,0.5220326781,0.3251364231,0.152830869
client,panel_mi,101,27,27,9,e883cab14c33a28c3bf1e25281ef335a7bcd08f31fb3e2cea1e824982af00196,10,neutral,False,-0,,,,,neutral,0.4873943031,0.1833979934,0.04722702769,0.06190896874,,,,,0.004078286234,0,1,0,0.1343329698,0.8324367404,0.03323026747
client,panel_mi,101,27,27,11,e883cab14c33a28c3bf1e25281ef335a7bcd08f31fb3e2cea1e824982af00196,10,neutral,False,-0,,,,,neutral,0.3870719075,0.1288782954,0.02497862104,0.04385398771,,,,,0.003082885174,0,1,0,0.09948833287,0.8790809512,0.02143073268
client,panel_mi,101,27,27,13,e883cab14c33a28c3bf1e25281ef335a7bcd08f31fb3e2cea1e824982af00196,10,neutral,False,0.455485915,,,,,neutral,0.3502953351,0.6813407063,0.03542804455,0.04201676435,,,,,0.004196654074,0.2,0.8,0,0.04979822785,0.9032716751,0.04693008959
client,panel_mi,101,27,27,15,e883cab14c33a28c3bf1e25281ef335a7bcd08f31fb3e2cea1e824982af00196,10,sustain,False,-0,,,,,neutral,0.9597515464,1.540277839,0.9336210152,0.4101880167,,,,,0.01761059277,0,0,1,0.3308514059,0.4548271298,0.2143215388
client,panel_mi,101,27,27,17,e883cab14c33a28c3bf1e25281ef335a7bcd08f31fb3e2cea1e824982af00196,10,sustain,False,-0,,,,,change,0.9077574611,1.848785162,1.0833757,0.4630133,,,,,0.01430774666,0,0,1,0.5174239874,0.3251477182,0.1574282944
client,panel_mi,101,27,27,19,e883cab14c33a28c3bf1e25281ef335a7bcd08f31fb3e2cea1e824982af00196,10,sustain,False,-0,,,,,change,0.6886227727,3.504383802,1.459516766,0.6252106076,,,,,0.01721342281,0,0,1,0.6404613853,0.3294732869,0.03006529436
client,panel_mi,101,27,27,21,e883cab14c33a28c3bf1e25281ef335a7bcd08f31fb3e2cea1e824982af00196,10,sustain,False,-0,,,,,change,0.5969914198,2.827423811,1.518754319,0.5790638702,,,,,0.004846982658,0,0,1,0.7794473767,0.1613875926,0.05916509032
client,panel_mi,101,55,55,1,1b9abf33ba8b2badfab01f2ee1f7aa958800a9808d579c0ec4e6bc41eb27f449,10,neutral,False,-0,,,,,neutral,0.6252725124,0.4277179241,0.2363023937,0.139074678,,,,,0.005837747827,0,1,0,0.3392922282,0.6519953012,0.008712472394
client,panel_mi,101,55,55,3,1b9abf33ba8b2badfab01f2ee1f7aa958800a9808d579c0ec4e6bc41eb27f449,10,neutral,False,-0,,,,,neutral,0.6765409112,0.3705869913,0.1689424309,0.1215872737,,,,,0.01574290358,0,1,0,0.2668583393,0.6903289557,0.04281264544
client,panel_mi,101,55,55,5,1b9abf33ba8b2badfab01f2ee1f7aa958800a9808d579c0ec4e6bc41eb27f449,10,neutral,False,-0,,,,,neutral,0.3634259999,0.1083330065,0.01609844365,0.03697279255,,,,,0.00601210352,0,1,0,0.06330148876,0.8973287344,0.03936973959
client,panel_mi,101,55,55,7,1b9abf33ba8b2badfab01f2ee1f7aa958800a9808d579c0ec4e6bc41eb27f449,10,neutral,False,-0,,,,,neutral,0.2966677845,0.0921799317,0.01415938636,0.03153320465,,,,,0.001120304572,0,1,0,0.07958097756,0.9119410515,0.008477969095
client,panel_mi,101,55,55,9,1b9abf33ba8b2badfab01f2ee1f7aa958800a9808d579c0ec4e6bc41eb27f449,10,neutral,False,-0,,,,,neutral,0.5098912716,0.2551393807,0.09889801981,0.08520788651,,,,,0.004268566612,0,1,0,0.2194395959,0.774808526,0.005751834251
client,panel_mi,101,55,55,11,1b9abf33ba8b2badfab01f2ee1f7aa958800a9808d579c0ec4e6bc41eb27f449,10,neutral,False,-0,,,,,neutral,0.5201488733,0.2114796042,0.06281930332,0.07109137125,,,,,0.00842965208,0,1,0,0.1597998589,0.8093857765,0.03081438318
client,panel_mi,101,55,55,13,1b9abf33ba8b2badfab01f2ee1f7aa958800a9808d579c0ec4e6bc41eb27f449,10,neutral,False,-0,,,,,change,0.8294810057,0.9326193333,0.6492766906,0.2784352945,,,,,0.01134786569,0,1,0,0.5240927935,0.3935216069,0.08238563687
client,panel_mi,101,55,55,15,1b9abf33ba8b2badfab01f2ee1f7aa958800a9808d579c0ec4e6bc41eb27f449,10,neutral,False,-0,,,,,neutral,0.4924542904,0.1838447303,0.04673529435,0.0620556841,,,,,0.01237188838,0,1,0,0.131042093,0.8320649266,0.03689296916
client,panel_mi,101,55,55,17,1b9abf33ba8b2badfab01f2ee1f7aa958800a9808d579c0ec4e6bc41eb27f449,10,neutral,False,0.2959032743,,,,,neutral,0.6935002804,0.4698424816,0.0438410805,0.04764322465,,,,,0.01292616315,0.1,0.9,0,0.1470771432,0.7341296077,0.1187932491
client,panel_mi,101,55,55,19,1b9abf33ba8b2badfab01f2ee1f7aa958800a9808d579c0ec4e6bc41eb27f449,10,neutral,False,0.6126016193,,,,,neutral,0.4525251091,1.121384129,0.1775193889,0.09405242623,,,,,0.003524452448,0.4,0.6,0,0.0757625252,0.8616789579,0.06255854666
client,panel_mi,101,55,55,21,1b9abf33ba8b2badfab01f2ee1f7aa958800a9808d579c0ec4e6bc41eb27f449,10,neutral,False,-0,,,,,neutral,0.6075689197,0.4028661847,0.2156589661,0.1315099859,,,,,0.05942052603,0,1,0,0.3250516355,0.6684015393,0.006546850316
client,panel_mi,101,55,55,23,1b9abf33ba8b2badfab01f2ee1f7aa958800a9808d579c0ec4e6bc41eb27f449,10,neutral,False,0.455485915,,,,,sustain,0.685634315,1.64935196,0.7458180823,0.2547783936,,,,,0.01216927823,0,0.8,0.2,0.1230098382,0.1371960938,0.7397940755
client,panel_mi,101,55,55,25,1b9abf33ba8b2badfab01f2ee1f7aa958800a9808d579c0ec4e6bc41eb27f449,10,neutral,False,0.6126016193,,,,,sustain,0.1838642061,2.156617871,0.6381032209,0.2239389662,,,,,0.00216649822,0,0.6,0.4,0.01400499791,0.02828117646,0.957713902
client,panel_mi,101,55,55,27,1b9abf33ba8b2badfab01f2ee1f7aa958800a9808d579c0ec4e6bc41eb27f449,10,neutral,True,0.6309297536,,,,,neutral,0.753020227,1.761701852,0.3392425156,0.2329751069,,,,,0.005980994087,0,0.5,0.5,0.3577966094,0.5924085379,0.04979478568
client,panel_mi,101,55,55,29,1b9abf33ba8b2badfab01f2ee1f7aa958800a9808d579c0ec4e6bc41eb27f449,10,sustain,False,0.5560326499,,,,,sustain,0.9158625603,1.043048376,0.1804570684,0.1394319872,,,,,0.01494638156,0,0.3,0.7,0.3450554013,0.1579865217,0.4969581068
client,panel_mi,101,55,55,31,1b9abf33ba8b2badfab01f2ee1f7aa958800a9808d579c0ec4e6bc41eb27f449,10,sustain,False,0.455485915,,,,,sustain,0.7380337119,1.134348488,0.2517718066,0.1835952315,,,,,0.002484734869,0,0.2,0.8,0.407169193,0.0357327871,0.5570980906
client,panel_mi,101,55,55,33,1b9abf33ba8b2badfab01f2ee1f7aa958800a9808d579c0ec4e6bc41eb27f449,10,change,False,0.455485915,,,,,sustain,0.8150361776,1.347234583,0.5471162941,0.2566910807,,,,,0.006597555242,0.8,0.2,0,0.3445533812,0.08423472941,0.5712119341
client,panel_mi,101,55,55,35,1b9abf33ba8b2badfab01f2ee1f7aa958800a9808d579c0ec4e6bc41eb27f449,10,neutral,False,0.2959032743,,,,,neutral,0.4525252581,0.3920003995,0.005969530889,0.02272779749,,,,,0.003524461063,0.1,0.9,0,0.07576258481,0.8616788983,0.06255854666
client,panel_mi,101,55,55,37,1b9abf33ba8b2badfab01f2ee1f7aa958800a9808d579c0ec4e6bc41eb27f449,10,neutral,False,-0,,,,,neutral,0.7426540256,0.354187429,0.1335030977,0.1165041276,,,,,0.0400098078,0,1,0,0.1433146298,0.7017433643,0.154941991
client,panel_mi,101,55,55,39,1b9abf33ba8b2badfab01f2ee1f7aa958800a9808d579c0ec4e6bc41eb27f449,10,neutral,False,-0,,,,,neutral,0.7234355807,0.3358219862,0.1222756829,0.1107782022,,,,,0.05276630446,0,1,0,0.1320278794,0.7147502899,0.1532218158
client,panel_mi,101,55,55,41,1b9abf33ba8b2badfab01f2ee1f7aa958800a9808d579c0ec4e6bc41eb27f449,10,neutral,False,0.5560326499,,,,,neutral,0.8866706491,0.7844790578,0.04502214131,0.05834391644,,,,,0.0226909183,0.3,0.7,0,0.2863387465,0.5572608709,0.1564003378
client,panel_mi,101,55,55,43,1b9abf33ba8b2badfab01f2ee1f7aa958800a9808d579c0ec4e6bc41eb27f449,10,neutral,False,-0,,,,,neutral,0.360155642,0.1177082583,0.02151403153,0.04011805014,,,,,0.007436760701,0,1,0,0.09436599165,0.8889552951,0.01667862199
client,panel_mi,101,55,55,45,1b9abf33ba8b2badfab01f2ee1f7aa958800a9808d579c0ec4e6bc41eb27f449,10,neutral,False,0.5560326499,,,,,sustain,0.9741147757,1.339193189,0.400570959,0.2092799427,,,,,0.009166686796,0.3,0.7,0,0.3358334303,0.2356278449,0.4285387099
client,panel_mi,101,55,55,47,1b9abf33ba8b2badfab01f2ee1f7aa958800a9808d579c0ec4e6bc41eb27f449,10,neutral,False,0.8586727111,,,,,neutral,0.9642814398,0.9881346285,0.02064209846,0.01206087264,,,,,0.004812674131,0.4,0.5,0.1,0.38845402,0.4046736658,0.2068722695
client,panel_mi,101,55,55,49,1b9abf33ba8b2badfab01f2ee1f7aa958800a9808d579c0ec4e6bc41eb27f449,10,change,False,0.8173454221,,,,,change,0.613971889,1.011297661,0.01625571572,0.01955581578,,,,,0.02020689286,0.6,0.3,0.1,0.6943215728,0.2909892797,0.01468908042
client,panel_mi,101,55,55,51,1b9abf33ba8b2badfab01f2ee1f7aa958800a9808d579c0ec4e6bc41eb27f449,10,neutral,False,0.2959032743,,,,,neutral,0.4138642251,0.3419049501,0.006522598466,0.004740364983,,,,,0.007334093563,0.1,0.9,0,0.1552500576,0.8412000537,0.003549827961
client,panel_mi,101,55,55,53,1b9abf33ba8b2badfab01f2ee1f7aa958800a9808d579c0ec4e6bc41eb27f449,10,neutral,False,0.5560326499,,,,,neutral,0.5277190804,0.6363999367,0.01117377754,0.007156608631,,,,,0.02892798185,0.3,0.7,0,0.2209240198,0.7694901228,0.009585913271
client,panel_mi,101,55,55,55,1b9abf33ba8b2badfab01f2ee1f7aa958800a9808d579c0ec4e6bc41eb27f449,10,change,False,0.2959032743,,,,,neutral,0.9534817934,1.124061173,0.5319569913,0.2150516802,,,,,0.00752502773,0.9,0.1,0,0.3116232455,0.4738005102,0.2145762444
client,panel_mi,101,55,55,57,1b9abf33ba8b2badfab01f2ee1f7aa958800a9808d579c0ec4e6bc41eb27f449,10,change,False,-0,,,,,sustain,0.7924756408,1.542039871,1.06587457,0.4105153526,,,,,0.01140668709,1,0,0,0.2139442414,0.1293528825,0.6567029357
client,panel_mi,101,55,55,59,1b9abf33ba8b2badfab01f2ee1f7aa958800a9808d579c0ec4e6bc41eb27f449,10,change,False,-0,,,,,neutral,0.7362110615,1.197969079,0.9023316851,0.3406920694,,,,,0.009666299447,1,0,0,0.3018065393,0.6416035891,0.05658984929
client,panel_mi,101,55,55,61,1b9abf33ba8b2badfab01f2ee1f7aa958800a9808d579c0ec4e6bc41eb27f449,10,change,False,0.6126016193,,,,,neutral,0.4727053344,1.029170954,0.3026141568,0.08125566381,,,,,0.001626855112,0.6,0.4,0,0.2107557952,0.7887194753,0.0005247548106
client,panel_mi,101,55,55,63,1b9abf33ba8b2badfab01f2ee1f7aa958800a9808d579c0ec4e6bc41eb27f449,10,neutral,False,0.6126016193,,,,,neutral,0.4318927228,0.8946466327,0.131205922,0.04961167038,,,,,0.007631702814,0.4,0.6,0,0.1367134601,0.8483184576,0.0149680227
client,panel_mi,101,56,56,1,994bc72760dcfe7fa4dcb4204fd49276c86f3b5d7563bd03968bb98375e50059,10,neutral,False,-0,,,,,neutral,0.5625066161,0.2137041688,0.05650588967,0.07181533623,,,,,0.02198174223,0,1,0,0.07416208088,0.807587266,0.1182506457
client,panel_mi,101,56,56,3,994bc72760dcfe7fa4dcb4204fd49276c86f3b5d7563bd03968bb98375e50059,10,neutral,False,-0,,,,,neutral,0.5851588249,0.3624328673,0.1814070758,0.1190633704,,,,,0.005704635289,0,1,0,0.2982383668,0.6959810257,0.00578062702
client,panel_mi,101,56,56,5,994bc72760dcfe7fa4dcb4204fd49276c86f3b5d7563bd03968bb98375e50059,10,neutral,False,-0,,,,,neutral,0.9209708571,0.6234925389,0.3229990387,0.1963689286,,,,,0.01705538854,0,1,0,0.2232767045,0.5360689163,0.2406543195
client,panel_mi,101,56,56,7,994bc72760dcfe7fa4dcb4204fd49276c86f3b5d7563bd03968bb98375e50059,10,neutral,False,0.2959032743,,,,,sustain,0.5151414871,2.237565446,1.306079652,0.46316116,,,,,0.005334281828,0.1,0.9,0,0.05646243691,0.1145400777,0.8289974928
client,panel_mi,101,56,56,9,994bc72760dcfe7fa4dcb4204fd49276c86f3b5d7563bd03968bb98375e50059,10,neutral,True,0.6309297536,,,,,neutral,0.7773553729,0.9754464477,0.1245333788,0.0772392698,,,,,0.01873994805,0,0.5,0.5,0.1199470311,0.6669102311,0.2131427824
client,panel_mi,101,56,56,11,994bc72760dcfe7fa4dcb4204fd49276c86f3b5d7563bd03968bb98375e50059,10,sustain,False,0.6126016193,,,,,change,0.938567996,1.293983078,0.3107278982,0.1941341611,,,,,0.03138045222,0,0.4,0.6,0.4551301897,0.174950555,0.3699192405
client,panel_mi,101,56,56,13,994bc72760dcfe7fa4dcb4204fd49276c86f3b5d7563bd03968bb98375e50059,10,neutral,False,0.455485915,,,,,neutral,0.4137398303,0.5879523158,0.01861965096,0.02365879849,,,,,0.003885385813,0.2,0.8,0,0.09077263623,0.8736363649,0.03559100628
client,panel_mi,101,56,56,15,994bc72760dcfe7fa4dcb4204fd49276c86f3b5d7563bd03968bb98375e50059,10,neutral,False,0.2959032743,,,,,neutral,0.3029283881,0.4691784002,0.01066926178,0.03648110222,,,,,0.00508520985,0.1,0.9,0,0.02006452903,0.9166789055,0.06325659156
client,panel_mi,101,56,56,17,994bc72760dcfe7fa4dcb4204fd49276c86f3b5d7563bd03968bb98375e50059,10,neutral,False,0.5560326499,,,,,neutral,0.4137398303,0.814382948,0.0751923967,0.0466609319,,,,,0.003885385813,0.3,0.7,0,0.09077263623,0.8736363649,0.03559100628
client,panel_mi,101,56,56,19,994bc72760dcfe7fa4dcb4204fd49276c86f3b5d7563bd03968bb98375e50059,10,neutral,False,0.455485915,,,,,neutral,0.5820820928,1.176815057,0.1163064142,0.1473111782,,,,,0.012052387,0,0.8,0.2,0.2714333832,0.7180991769,0.0104674492
client,panel_mi,101,56,56,21,994bc72760dcfe7fa4dcb4204fd49276c86f3b5d7563bd03968bb98375e50059,10,sustain,False,0.5560326499,,,,,change,0.7289657593,1.760016024,0.7172475734,0.3283792071,,,,,0.02739179134,0,0.3,0.7,0.6789821386,0.07391616702,0.2471016347
client,panel_mi,101,56,56,23,994bc72760dcfe7fa4dcb4204fd49276c86f3b5d7563bd03968bb98375e50059,10,neutral,False,0.5816718657,,,,,neutral,0.654065907,0.6876036167,0.01722460153,0.01280613206,,,,,0.05652822182,0.1,0.8,0.1,0.05879747868,0.7349328995,0.206269592
client,panel_mi,101,56,56,25,994bc72760dcfe7fa4dcb4204fd49276c86f3b5d7563bd03968bb98375e50059,10,sustain,False,0.6126016193,,,,,neutral,0.9933760762,1.094325733,0.1833240824,0.1316014361,,,,,0.04037871584,0,0.4,0.6,0.3072303832,0.3908464909,0.3019231856
client,panel_mi,101,56,56,27,994bc72760dcfe7fa4dcb4204fd49276c86f3b5d7563bd03968bb98375e50059,10,sustain,False,0.455485915,,,,,change,0.6985061169,1.90609498,0.9492384288,0.3756390777,,,,,0.02083431184,0,0.2,0.8,0.7291417122,0.1108987108,0.1599595696
client,panel_mi,101,56,56,29,994bc72760dcfe7fa4dcb4204fd49276c86f3b5d7563bd03968bb98375e50059,10,neutral,False,0.5560326499,,,,,neutral,0.4491804838,0.7302952036,0.05145355981,0.02923504172,,,,,0.01981027052,0,0.7,0.3,0.02372223511,0.8472134471,0.1290642917
client,panel_mi,101,56,56,31,994bc72760dcfe7fa4dcb4204fd49276c86f3b5d7563bd03968bb98375e50059,10,sustain,False,0.455485915,,,,,sustain,0.7482057214,0.6496617079,0.03099675833,0.05061076281,,,,,0.01985849626,0,0.2,0.8,0.1384203732,0.1643790305,0.6972006559
client,panel_mi,101,56,56,33,994bc72760dcfe7fa4dcb4204fd49276c86f3b5d7563bd03968bb98375e50059,10,neutral,False,-0,,,,,neutral,0.4137393832,0.1350907832,0.02547406788,0.0459264318,,,,,0.003885390237,0,1,0,0.09077247232,0.8736366034,0.03559098393
client,panel_mi,101,56,56,35,994bc72760dcfe7fa4dcb4204fd49276c86f3b5d7563bd03968bb98375e50059,10,sustain,False,0.9372305632,,,,,sustain,0.6818614602,1.60753594,0.1184608645,0.08800163682,,,,,0.006515340414,0.2,0.3,0.5,0.3674004674,0.02081769332,0.611781776
client,panel_mi,101,56,56,37,994bc72760dcfe7fa4dcb4204fd49276c86f3b5d7563bd03968bb98375e50059,10,neutral,True,0.6309297536,,,,,neutral,0.7816489935,1.264763519,0.2177985368,0.1433477633,,,,,0.006489874329,0,0.5,0.5,0.2168944329,0.6628769636,0.1202284694
client,panel_mi,101,56,56,39,994bc72760dcfe7fa4dcb4204fd49276c86f3b5d7563bd03968bb98375e50059,10,sustain,False,0.455485915,,,,,change,0.9619385004,1.056288266,0.3210833814,0.1727860668,,,,,0.05789369345,0,0.2,0.8,0.3992975056,0.2027439773,0.3979585171
client,panel_mi,101,56,56,41,994bc72760dcfe7fa4dcb4204fd49276c86f3b5d7563bd03968bb98375e50059,10,sustain,False,0.8173454221,,,,,change,0.8637119532,1.522329479,0.428956193,0.160044854,,,,,0.03140439838,0.1,0.3,0.6,0.600469768,0.2129386961,0.1865915656
client,panel_mi,101,56,56,43,994bc72760dcfe7fa4dcb4204fd49276c86f3b5d7563bd03968bb98375e50059,10,neutral,False,0.6126016193,,,,,neutral,0.4137393832,1.040814182,0.1717653727,0.07770231234,,,,,0.003885390237,0.4,0.6,0,0.09077247232,0.8736366034,0.03559098393
client,panel_mi,101,56,56,45,994bc72760dcfe7fa4dcb4204fd49276c86f3b5d7563bd03968bb98375e50059,10,neutral,False,0.5560326499,,,,,neutral,0.3639829755,1.005574861,0.1074179679,0.07869378628,,,,,0.01430955809,0.3,0.7,0,0.04502726346,0.8978472948,0.05712547153
client,panel_mi,101,56,56,47,994bc72760dcfe7fa4dcb4204fd49276c86f3b5d7563bd03968bb98375e50059,10,neutral,False,0.6126016193,,,,,change,0.9641243219,1.254229355,0.271050247,0.1684825854,,,,,0.06399742514,0.4,0.6,0,0.4375912547,0.2145092934,0.3478994966
client,panel_mi,101,56,56,49,994bc72760dcfe7fa4dcb4204fd49276c86f3b5d7563bd03968bb98375e50059,10,neutral,False,-0,,,,,neutral,0.4137398303,0.1350910515,0.02547415948,0.04592650468,,,,,0.003885385813,0,1,0,0.09077263623,0.8736363649,0.03559100628
client,panel_mi,101,56,56,51,994bc72760dcfe7fa4dcb4204fd49276c86f3b5d7563bd03968bb98375e50059,10,sustain,False,0.7298466992,,,,,sustain,0.8306087255,0.861261183,0.02522330644,0.0161777244,,,,,0.01165925432,0.1,0.2,0.7,0.2290870249,0.1461362392,0.624776721
client,panel_mi,101,56,56,53,994bc72760dcfe7fa4dcb4204fd49276c86f3b5d7563bd03968bb98375e50059,10,neutral,False,-0,,,,,neutral,0.7294245958,0.4722499549,0.2531566085,0.1524664171,,,,,0.01745628193,0,1,0,0.3307467699,0.6235976219,0.04565558583
client,panel_mi,101,56,56,55,994bc72760dcfe7fa4dcb4204fd49276c86f3b5d7563bd03968bb98375e50059,10,neutral,False,-0,,,,,neutral,0.4441683292,0.1625225395,0.03903919786,0.05503110047,,,,,0.01148380525,0,1,0,0.02358254977,0.8499969244,0.126420483
client,panel_mi,101,56,56,57,994bc72760dcfe7fa4dcb4204fd49276c86f3b5d7563bd03968bb98375e50059,10,neutral,False,-0,,,,,neutral,0.4137398303,0.1350910515,0.02547415948,0.04592650468,,,,,0.003885385813,0,1,0,0.09077263623,0.8736363649,0.03559100628
client,panel_mi,101,56,56,59,994bc72760dcfe7fa4dcb4204fd49276c86f3b5d7563bd03968bb98375e50059,10,neutral,False,0.455485915,,,,,change,0.9799511433,1.226302636,0.4296103029,0.1962602245,,,,,0.05236797407,0.2,0.8,0,0.4317106307,0.2663674951,0.3019219041
client,panel_mi,101,56,56,61,994bc72760dcfe7fa4dcb4204fd49276c86f3b5d7563bd03968bb98375e50059,10,sustain,False,0.8649735207,,,,,change,0.9247700572,1.093127441,0.1094379022,0.0375561933,,,,,0.09353294969,0.2,0.2,0.6,0.4527153373,0.1562265903,0.3910580277
client,panel_mi,101,56,56,63,994bc72760dcfe7fa4dcb4204fd49276c86f3b5d7563bd03968bb98375e50059,10,neutral,False,0.8173454221,,,,,neutral,0.3916927576,1.152753794,0.1167145327,0.05192575633,,,,,0.007588617504,0.1,0.6,0.3,0.01610900834,0.8723341823,0.1115567237
client,panel_mi,101,56,56,65,994bc72760dcfe7fa4dcb4204fd49276c86f3b5d7563bd03968bb98375e50059,10,neutral,False,-0,,,,,change,0.7556440234,0.7345234156,0.5040630309,0.227033207,,,,,0.01185216196,0,1,0,0.4815466404,0.4797340333,0.03871934861
client,panel_mi,101,56,56,67,994bc72760dcfe7fa4dcb4204fd49276c86f3b5d7563bd03968bb98375e50059,10,neutral,False,0.5816718657,,,,,neutral,0.4137398303,0.681578815,0.009655976955,0.008888085472,,,,,0.003885385813,0.1,0.8,0.1,0.09077263623,0.8736363649,0.03559100628
client,panel_mi,101,56,56,69,994bc72760dcfe7fa4dcb4204fd49276c86f3b5d7563bd03968bb98375e50059,10,neutral,False,0.8586727111,,,,,change,0.111648567,2.663115568,0.5794284204,0.2321726628,,,,,0.002414565766,0.4,0.5,0.1,0.9775927663,0.01244708989,0.00996013917
client,panel_mi,101,56,56,71,994bc72760dcfe7fa4dcb4204fd49276c86f3b5d7563bd03968bb98375e50059,10,neutral,False,0.5816718657,,,,,neutral,0.7614187002,0.8014844418,0.1003597845,0.04520176921,,,,,0.01737958379,0.1,0.8,0.1,0.3423846364,0.6005954146,0.05701996014
client,panel_mi,101,56,56,73,994bc72760dcfe7fa4dcb4204fd49276c86f3b5d7563bd03968bb98375e50059,10,neutral,False,0.455485915,,,,,neutral,0.8004355431,0.8172661781,0.1065009706,0.1034881216,,,,,0.055885382,0.2,0.8,0,0.1058346853,0.6312119365,0.262953341
client,panel_mi,101,56,56,75,994bc72760dcfe7fa4dcb4204fd49276c86f3b5d7563bd03968bb98375e50059,10,neutral,False,0.2959032743,,,,,neutral,0.6701607108,0.5143890828,0.05506812281,0.06383795099,,,,,0.01367052458,0.1,0.9,0,0.08623467386,0.7413775325,0.1723877937
client,panel_mi,101,56,56,77,994bc72760dcfe7fa4dcb4204fd49276c86f3b5d7563bd03968bb98375e50059,10,neutral,False,0.5560326499,,,,,neutral,0.6072294116,0.6451941639,0.005362759085,0.01109911683,,,,,0.06283665448,0,0.7,0.3,0.02671270072,0.7329708338,0.24031654
client,panel_mi,101,56,56,79,994bc72760dcfe7fa4dcb4204fd49276c86f3b5d7563bd03968bb98375e50059,10,neutral,False,-0,,,,,sustain,0.5463974476,1.421282768,1.137866148,0.3873728532,,,,,0.04585785046,0,1,0,0.008714174852,0.241404146,0.7498816848
client,panel_mi,101,56,56,81,994bc72760dcfe7fa4dcb4204fd49276c86f3b5d7563bd03968bb98375e50059,10,neutral,False,0.2959032743,,,,,change,0.7349789739,1.423948681,0.8187655304,0.3158143018,,,,,0.01026942395,0,0.9,0.1,0.6572058201,0.2790904939,0.0637036413
client,panel_mi,101,56,56,83,994bc72760dcfe7fa4dcb4204fd49276c86f3b5d7563bd03968bb98375e50059,10,neutral,False,0.2959032743,,,,,neutral,0.7009542584,0.4623837769,0.04928891623,0.04344230531,,,,,0.05849833041,0,0.9,0.1,0.08949609101,0.7187334895,0.1917704642
client,panel_mi,101,56,56,85,994bc72760dcfe7fa4dcb4204fd49276c86f3b5d7563bd03968bb98375e50059,10,change,False,0.5560326499,,,,,change,0.1323073506,1.136440956,0.1493765034,0.08200593028,,,,,0.002844427712,0.7,0.3,0,0.9707752466,0.02425992489,0.004964771681
client,panel_mi,101,56,56,87,994bc72760dcfe7fa4dcb4204fd49276c86f3b5d7563bd03968bb98375e50059,10,change,False,0.5560326499,,,,,neutral,0.9306107759,1.497815329,0.4543546957,0.2284661803,,,,,0.02514744923,0.7,0.3,0,0.1645175219,0.4576447606,0.3778377175
client,panel_mi,101,56,56,89,994bc72760dcfe7fa4dcb4204fd49276c86f3b5d7563bd03968bb98375e50059,10,neutral,False,0.455485915,,,,,neutral,0.4137398303,0.5879523158,0.01861965096,0.02365879849,,,,,0.003885385813,0.2,0.8,0,0.09077263623,0.8736363649,0.03559100628
client,panel_mi,101,56,56,91,994bc72760dcfe7fa4dcb4204fd49276c86f3b5d7563bd03968bb98375e50059,10,change,False,0.455485915,,,,,change,0.61942029,0.560329628,0.00518704191,0.02056842144,,,,,0.006568349898,0.8,0.2,0,0.7622288465,0.1798532009,0.05791794509
client,panel_mi,101,56,56,93,994bc72760dcfe7fa4dcb4204fd49276c86f3b5d7563bd03968bb98375e50059,10,change,False,0.455485915,,,,,neutral,0.5643356442,1.395840761,0.7154274189,0.2065351139,,,,,0.01207224559,0.8,0.2,0,0.1858378798,0.7806087136,0.03355339915
client,panel_mi,101,56,56,95,994bc72760dcfe7fa4dcb4204fd49276c86f3b5d7563bd03968bb98375e50059,10,change,False,0.2959032743,,,,,change,0.8495571017,0.7873147666,0.2615286008,0.1481709893,,,,,0.02466877736,0.9,0.1,0,0.5377475619,0.1012813225,0.3609710932
client,panel_mi,101,56,56,97,994bc72760dcfe7fa4dcb4204fd49276c86f3b5d7563bd03968bb98375e50059,10,neutral,False,0.9372305632,,,,,neutral,0.6737442613,1.229675898,0.06013759256,0.03777524577,,,,,0.06554632634,0.2,0.5,0.3,0.03747863322,0.6825469136,0.2799744606
client,panel_mi,101,56,56,99,994bc72760dcfe7fa4dcb4204fd49276c86f3b5d7563bd03968bb98375e50059,10,change,False,0.6126016193,,,,,neutral,0.6417130232,1.432270753,0.3899883154,0.1653551933,,,,,0.02799062431,0.6,0.4,0,0.1097234935,0.7664472461,0.1238292307
client,panel_mi,101,56,56,101,994bc72760dcfe7fa4dcb4204fd49276c86f3b5d7563bd03968bb98375e50059,10,neutral,False,0.2959032743,,,,,neutral,0.4965004921,0.513935186,0.02984511639,0.0586283744,,,,,0.03880024701,0.1,0.9,0,0.03261441737,0.8263757825,0.1410098374
client,panel_mi,101,56,56,103,994bc72760dcfe7fa4dcb4204fd49276c86f3b5d7563bd03968bb98375e50059,10,neutral,False,0.7298466992,,,,,neutral,0.9300394058,1.020730847,0.1494153685,0.06091977141,,,,,0.03431360051,0.1,0.7,0.2,0.3903854489,0.447732985,0.1618815958
client,panel_mi,101,56,56,105,994bc72760dcfe7fa4dcb4204fd49276c86f3b5d7563bd03968bb98375e50059,10,neutral,False,0.455485915,,,,,neutral,0.4450921416,0.5206744432,0.003874488606,0.006172138789,,,,,0.02657833323,0.2,0.8,0,0.1511441171,0.8365551829,0.01230069064
client,panel_mi,101,56,56,107,994bc72760dcfe7fa4dcb4204fd49276c86f3b5d7563bd03968bb98375e50059,10,neutral,False,0.455485915,,,,,neutral,0.4137398303,0.5879523158,0.01861965096,0.02365879849,,,,,0.003885385813,0.2,0.8,0,0.09077263623,0.8736363649,0.03559100628
client,panel_mi,101,56,56,109,994bc72760dcfe7fa4dcb4204fd49276c86f3b5d7563bd03968bb98375e50059,10,neutral,False,0.2959032743,,,,,neutral,0.4137398303,0.3615216836,0.002046905224,0.01254449654,,,,,0.003885385813,0.1,0.9,0,0.09077263623,0.8736363649,0.03559100628
client,panel_mi,101,56,56,111,994bc72760dcfe7fa4dcb4204fd49276c86f3b5d7563bd03968bb98375e50059,10,neutral,False,0.5560326499,,,,,neutral,0.4441683292,1.237940229,0.1148878226,0.1173622484,,,,,0.01148380525,0.3,0.7,0,0.02358254977,0.8499969244,0.126420483
client,panel_mi,101,56,56,113,994bc72760dcfe7fa4dcb4204fd49276c86f3b5d7563bd03968bb98375e50059,10,change,False,0.455485915,,,,,change,0.5844985247,0.5253561974,0.007139489216,0.007893611409,,,,,0.003924862947,0.8,0.2,0,0.7336643934,0.2495822906,0.0167532973
client,panel_mi,101,56,56,115,994bc72760dcfe7fa4dcb4204fd49276c86f3b5d7563bd03968bb98375e50059,10,change,True,0.6309297536,,,,,neutral,0.319206953,1.442967571,0.3633319549,0.1375663409,,,,,0.00272249477,0.5,0.5,0,0.06116191298,0.9123744965,0.02646350302
client,panel_mi,101,56,56,117,994bc72760dcfe7fa4dcb4204fd49276c86f3b5d7563bd03968bb98375e50059,10,change,False,0.455485915,,,,,change,0.9862577915,0.9599739552,0.2566522877,0.1353637327,,,,,0.01098891255,0.8,0.2,0,0.3905701637,0.3537095189,0.2557203174
client,panel_mi,101,56,56,119,994bc72760dcfe7fa4dcb4204fd49276c86f3b5d7563bd03968bb98375e50059,10,neutral,False,0.7298466992,,,,,neutral,0.4137398303,1.001635946,0.05726504869,0.03654923678,,,,,0.003885385813,0.1,0.7,0.2,0.09077263623,0.8736363649,0.03559100628
client,panel_mi,101,56,56,121,994bc72760dcfe7fa4dcb4204fd49276c86f3b5d7563bd03968bb98375e50059,10,neutral,False,0.2959032743,,,,,neutral,0.7238929868,0.4932778269,0.08566673383,0.05019493449,,,,,0.01547358744,0.1,0.9,0,0.2685038447,0.6689890623,0.06250707805
client,panel_mi,101,56,56,123,994bc72760dcfe7fa4dcb4204fd49276c86f3b5d7563bd03968bb98375e50059,10,neutral,False,-0,,,,,neutral,0.327753216,0.1203883588,0.02547005367,0.04101557585,,,,,0.001904135337,0,1,0,0.1122663021,0.8865760565,0.001157633262
client,panel_mi,101,56,56,125,994bc72760dcfe7fa4dcb4204fd49276c86f3b5d7563bd03968bb98375e50059,10,neutral,False,-0,,,,,neutral,0.2579245269,0.07922343165,0.01110061923,0.02715137625,,,,,0.003878300311,0,1,0,0.07271426171,0.9238334894,0.003452251432
client,panel_mi,101,56,56,127,994bc72760dcfe7fa4dcb4204fd49276c86f3b5d7563bd03968bb98375e50059,10,change,False,0.2959032743,,,,,change,0.608686626,0.4689077079,0.09794759044,0.04058833936,,,,,0.01267997734,0.9,0.1,0,0.6747555733,0.3171330094,0.008111404255
client,panel_mi,101,56,56,129,994bc72760dcfe7fa4dcb4204fd49276c86f3b5d7563bd03968bb98375e50059,10,sustain,False,0.6126016193,,,,,neutral,0.7913531065,0.9473775983,0.161046548,0.07385997875,,,,,0.02168710902,0,0.4,0.6,0.09198320657,0.6263640523,0.2816527784
client,panel_mi,101,56,56,131,994bc72760dcfe7fa4dcb4204fd49276c86f3b5d7563bd03968bb98375e50059,10,change,False,0.2959032743,,,,,sustain,0.6720523834,1.724055707,1.028810579,0.3763031612,,,,,0.01257730741,0.9,0.1,0,0.1973364651,0.07172244787,0.7309411168
client,panel_mi,101,56,56,133,994bc72760dcfe7fa4dcb4204fd49276c86f3b5d7563bd03968bb98375e50059,10,neutral,False,0.5560326499,,,,,neutral,0.4137398303,0.814382948,0.0751923967,0.0466609319,,,,,0.003885385813,0.3,0.7,0,0.09077263623,0.8736363649,0.03559100628
client,panel_mi,101,56,56,135,994bc72760dcfe7fa4dcb4204fd49276c86f3b5d7563bd03968bb98375e50059,10,neutral,False,0.5560326499,,,,,neutral,0.7239320278,0.6866188765,0.04765851672,0.02169822427,,,,,0.005417989101,0.3,0.7,0,0.4387831092,0.5337389708,0.02747790888
client,panel_mi,101,56,56,137,994bc72760dcfe7fa4dcb4204fd49276c86f3b5d7563bd03968bb98375e50059,10,change,False,0.5560326499,,,,,change,0.683103025,0.7373883039,0.02448355019,0.03952149438,,,,,0.00506785512,0.7,0.3,0,0.7333559394,0.1765170097,0.09012703598
client,panel_mi,101,56,56,139,994bc72760dcfe7fa4dcb4204fd49276c86f3b5d7563bd03968bb98375e50059,10,neutral,False,0.6126016193,,,,,neutral,0.2282706946,1.222924254,0.2371432329,0.09810906224,,,,,0.00198839535,0.4,0.6,0,0.0515772216,0.9401112795,0.008311438374
client,panel_mi,101,56,56,141,994bc72760dcfe7fa4dcb4204fd49276c86f3b5d7563bd03968bb98375e50059,10,neutral,False,0.5560326499,,,,,neutral,0.6471000314,0.645551914,0.002301729001,0.01179238455,,,,,0.01315498073,0,0.7,0.3,0.03243435547,0.7028058171,0.2647598386
client,panel_mi,101,56,56,143,994bc72760dcfe7fa4dcb4204fd49276c86f3b5d7563bd03968bb98375e50059,10,neutral,False,0.2959032743,,,,,neutral,0.2282706946,0.3520487871,0.004022764654,0.007035031472,,,,,0.00198839535,0.1,0.9,0,0.0515772216,0.9401112795,0.008311438374
client,panel_mi,101,56,56,145,994bc72760dcfe7fa4dcb4204fd49276c86f3b5d7563bd03968bb98375e50059,10,neutral,False,-0,,,,,neutral,0.7238928676,0.4019874036,0.1855695794,0.1312413025,,,,,0.01547357254,0,1,0,0.2685037851,0.6689891815,0.06250707805
client,panel_mi,101,56,56,147,994bc72760dcfe7fa4dcb4204fd49276c86f3b5d7563bd03968bb98375e50059,10,neutral,False,-0,,,,,neutral,0.7238928676,0.4019874036,0.1855695794,0.1312413025,,,,,0.01547357254,0,1,0,0.2685037851,0.6689891815,0.06250707805
client,panel_mi,101,56,56,149,994bc72760dcfe7fa4dcb4204fd49276c86f3b5d7563bd03968bb98375e50059,10,neutral,False,0.2959032743,,,,,neutral,0.2388857007,0.3807154048,0.005899050294,0.01447385975,,,,,0.008123802021,0.1,0.9,0,0.03840088099,0.9409822226,0.02061689273
client,panel_mi,101,56,56,151,994bc72760dcfe7fa4dcb4204fd49276c86f3b5d7563bd03968bb98375e50059,10,neutral,False,0.2959032743,,,,,neutral,0.6749256849,0.4475488514,0.03945027782,0.03926873924,,,,,0.03945406154,0,0.9,0.1,0.08663793653,0.7379564047,0.175405696
client,panel_mi,101,56,56,153,994bc72760dcfe7fa4dcb4204fd49276c86f3b5d7563bd03968bb98375e50059,10,neutral,False,0.2959032743,,,,,change,0.582965672,1.379208514,0.884445308,0.2592467282,,,,,0.008819762617,0.1,0.9,0,0.7522493601,0.2229468524,0.0248038508
client,panel_mi,101,56,56,155,994bc72760dcfe7fa4dcb4204fd49276c86f3b5d7563bd03968bb98375e50059,10,neutral,False,-0,,,,,change,0.28115955,2.455421448,1.667215316,0.5430718456,,,,,0.005332647823,0,1,0,0.9118651152,0.08582703769,0.002307897899
client,panel_mi,101,56,56,157,994bc72760dcfe7fa4dcb4204fd49276c86f3b5d7563bd03968bb98375e50059,10,neutral,False,0.6126016193,,,,,change,0.6829693913,0.8141768694,0.1118276872,0.03674505095,,,,,0.01140539721,0.4,0.6,0,0.6237870455,0.3526318967,0.02358107269
client,panel_mi,101,56,56,159,994bc72760dcfe7fa4dcb4204fd49276c86f3b5d7563bd03968bb98375e50059,10,neutral,False,0.2959032743,,,,,neutral,0.4137398303,0.3615216836,0.002046905224,0.01254449654,,,,,0.003885385813,0.1,0.9,0,0.09077263623,0.8736363649,0.03559100628
client,panel_mi,101,56,56,161,994bc72760dcfe7fa4dcb4204fd49276c86f3b5d7563bd03968bb98375e50059,10,neutral,False,0.6126016193,,,,,change,0.7192370892,0.9120531559,0.1658943305,0.06201232879,,,,,0.03177534789,0.4,0.6,0,0.6577718258,0.2891458869,0.05308223888
client,panel_mi,101,56,56,163,994bc72760dcfe7fa4dcb4204fd49276c86f3b5d7563bd03968bb98375e50059,10,neutral,False,0.6126016193,,,,,change,0.6511005163,0.7182201028,0.04042286365,0.01173635875,,,,,0.008558673784,0.4,0.6,0,0.5398589969,0.4556324482,0.004508499056
client,panel_mi,101,56,56,165,994bc72760dcfe7fa4dcb4204fd49276c86f3b5d7563bd03968bb98375e50059,10,neutral,False,0.2959032743,,,,,neutral,0.9470668435,0.8787475586,0.3575981787,0.1568215099,,,,,0.05662087724,0.1,0.9,0,0.4022246301,0.4167818129,0.1809934825
client,panel_mi,101,56,56,167,994bc72760dcfe7fa4dcb4204fd49276c86f3b5d7563bd03968bb98375e50059,10,neutral,False,0.5560326499,,,,,change,0.9985353351,1.098761594,0.2469843941,0.1471054301,,,,,0.09195875376,0.3,0.7,0,0.3600871265,0.3224160075,0.317496866
client,panel_mi,101,56,56,169,994bc72760dcfe7fa4dcb4204fd49276c86f3b5d7563bd03968bb98375e50059,10,neutral,False,0.5560326499,,,,,neutral,0.8419152498,0.7805697143,0.08959246101,0.05015417964,,,,,0.04870630056,0.3,0.7,0,0.4559865594,0.4590730667,0.0849403739
client,panel_mi,101,56,56,171,994bc72760dcfe7fa4dcb4204fd49276c86f3b5d7563bd03968bb98375e50059,10,neutral,False,0.6126016193,,,,,neutral,0.5706695914,1.340563127,0.1845062927,0.1393261414,,,,,0.04027140513,0.4,0.6,0,0.04977644607,0.7912591696,0.1589643359
client,panel_mi,101,56,56,173,994bc72760dcfe7fa4dcb4204fd49276c86f3b5d7563bd03968bb98375e50059,10,neutral,False,0.5560326499,,,,,neutral,0.2282705307,0.9326328855,0.1194364834,0.06025328459,,,,,0.001988395816,0.3,0.7,0,0.0515771322,0.9401113391,0.008311452344
client,panel_mi,101,66,66,1,60300796ba7899fd40ecbaa91387c5ca83e5757c4513c7aae95783e2e3877244,10,neutral,False,-0,,,,,neutral,0.544475317,0.2956445217,0.1278955662,0.0981292674,,,,,0.004246514291,0,1,0,0.2496938258,0.7440518737,0.006254290231
client,panel_mi,101,66,66,3,60300796ba7899fd40ecbaa91387c5ca83e5757c4513c7aae95783e2e3877244,10,neutral,False,-0,,,,,change,0.560868144,1.213458538,0.9865048573,0.3440961926,,,,,0.004282280337,0,1,0,0.701805234,0.2971677184,0.001027055201
client,panel_mi,101,66,66,5,60300796ba7899fd40ecbaa91387c5ca83e5757c4513c7aae95783e2e3877244,10,change,True,0.9602297179,,,,,neutral,0.9689819813,1.194909406,0.08978313215,0.03599102571,,,,,0.007031281479,0.4,0.2,0.4,0.2255097926,0.4357592165,0.3387309909
client,panel_mi,101,66,66,7,60300796ba7899fd40ecbaa91387c5ca83e5757c4513c7aae95783e2e3877244,10,change,True,0.6309297536,,,,,neutral,0.3344797492,1.368768409,0.348076202,0.1280823022,,,,,0.002060350031,0.5,0.5,0,0.07153306156,0.9048906565,0.0235762801
client,panel_mi,101,66,66,9,60300796ba7899fd40ecbaa91387c5ca83e5757c4513c7aae95783e2e3877244,10,sustain,False,0.8586727111,,,,,sustain,0.8113329411,1.186704189,0.1092668991,0.05371411486,,,,,0.005723573267,0.4,0.1,0.5,0.1301207244,0.2322330028,0.6376463175
client,panel_mi,101,66,66,11,60300796ba7899fd40ecbaa91387c5ca83e5757c4513c7aae95783e2e3877244,10,sustain,False,0.7298466992,,,,,neutral,0.5696259737,1.8048316,0.7071156742,0.2140615559,,,,,0.004091034178,0.1,0.2,0.7,0.07934060693,0.8046677709,0.115991652
client,panel_mi,101,66,66,13,60300796ba7899fd40ecbaa91387c5ca83e5757c4513c7aae95783e2e3877244,10,sustain,False,0.7298466992,,,,,change,0.9295492768,1.160742927,0.2745133471,0.08700037508,,,,,0.005526484922,0.2,0.1,0.7,0.5128676891,0.1962359846,0.2908963561
client,panel_mi,101,66,66,16,60300796ba7899fd40ecbaa91387c5ca83e5757c4513c7aae95783e2e3877244,10,change,False,0.5560326499,,,,,sustain,0.9823288918,1.285443962,0.3706112213,0.1981235971,,,,,0.006750877015,0.7,0.3,0,0.2593895793,0.3210504651,0.4195599556
client,panel_mi,101,66,66,18,60300796ba7899fd40ecbaa91387c5ca83e5757c4513c7aae95783e2e3877244,10,change,False,0.2959032743,,,,,neutral,0.9291781783,1.705190593,0.8130044372,0.3330214595,,,,,0.007069247309,0.9,0.1,0,0.1638191938,0.4625601172,0.3736206889
client,panel_mi,101,66,66,20,60300796ba7899fd40ecbaa91387c5ca83e5757c4513c7aae95783e2e3877244,10,change,False,0.2959032743,,,,,change,0.6404815912,0.4322250903,0.0469278446,0.03225806103,,,,,0.004027894232,0.9,0.1,0,0.7296462059,0.226391077,0.04396276921
client,panel_mi,101,66,66,22,60300796ba7899fd40ecbaa91387c5ca83e5757c4513c7aae95783e2e3877244,10,sustain,False,0.9372305632,,,,,neutral,0.642585814,2.281095338,0.3827697464,0.1788215786,,,,,0.004922709428,0.2,0.3,0.5,0.2995579839,0.6791161299,0.0213258788
client,panel_mi,101,66,66,24,60300796ba7899fd40ecbaa91387c5ca83e5757c4513c7aae95783e2e3877244,10,neutral,False,0.2959032743,,,,,neutral,0.5252974629,0.4071054131,0.05208713091,0.02273750663,,,,,0.004261827096,0.1,0.9,0,0.2612219751,0.7384620309,0.0003159825574
client,panel_mi,101,66,66,26,60300796ba7899fd40ecbaa91387c5ca83e5757c4513c7aae95783e2e3877244,10,change,False,-0,,,,,neutral,0.9230865836,1.836462498,1.065997304,0.461071444,,,,,0.007057764567,1,0,0,0.1593802422,0.4752414227,0.3653783202
client,panel_mi,101,66,66,28,60300796ba7899fd40ecbaa91387c5ca83e5757c4513c7aae95783e2e3877244,10,change,False,-0,,,,,change,0.8252723217,0.4556619525,0.2022871782,0.1475026431,,,,,0.004871273413,1,0,0,0.6340281367,0.2092924118,0.1566794813
client,panel_mi,101,66,66,30,60300796ba7899fd40ecbaa91387c5ca83e5757c4513c7aae95783e2e3877244,10,change,False,0.2959032743,,,,,neutral,0.763571918,1.060606539,0.4897298796,0.2272548718,,,,,0.00569382403,0.9,0,0.1,0.435657084,0.5205361247,0.04380677268
client,panel_mi,101,109,109,1,f92544f5ed508add4c093c58e76fce40d49ca14b51000a7b8770e0152039d485,10,neutral,False,-0,,,,,neutral,0.3370932043,0.1055677161,0.0173112139,0.03604343883,,,,,0.001893880428,0,1,0,0.08367313445,0.8998134732,0.01651335694
client,panel_mi,101,109,109,3,f92544f5ed508add4c093c58e76fce40d49ca14b51000a7b8770e0152039d485,10,neutral,False,0.2959032743,,,,,neutral,0.6519088745,0.5650752246,0.1864387174,0.0674190222,,,,,0.004526678473,0.1,0.9,0,0.4012126923,0.5907350779,0.008052286692
client,panel_mi,101,109,109,5,f92544f5ed508add4c093c58e76fce40d49ca14b51000a7b8770e0152039d485,10,neutral,True,0.6309297536,,,,,change,0.926325798,1.44319433,0.4104801875,0.2297281188,,,,,0.005710219033,0,0.5,0.5,0.521140933,0.2787898183,0.2000693381
client,panel_mi,101,109,109,7,f92544f5ed508add4c093c58e76fce40d49ca14b51000a7b8770e0152039d485,10,sustain,False,0.2959032743,,,,,sustain,0.8672761917,0.8236915827,0.2939199806,0.1582868242,,,,,0.005054838024,0,0.1,0.9,0.3784688711,0.1095895171,0.5119415522
client,panel_mi,101,109,109,9,f92544f5ed508add4c093c58e76fce40d49ca14b51000a7b8770e0152039d485,10,neutral,False,0.5816718657,,,,,neutral,0.52330935,1.013541985,0.03521566798,0.04827359347,,,,,0.005930811167,0.1,0.8,0.1,0.001621856703,0.7474583387,0.2509197891
client,panel_mi,101,109,109,11,f92544f5ed508add4c093c58e76fce40d49ca14b51000a7b8770e0152039d485,10,neutral,False,0.8586727111,,,,,neutral,0.7295178175,0.9953774512,0.03858965943,0.01266263538,,,,,0.006843642797,0.1,0.5,0.4,0.05853142589,0.6549173594,0.2865512073
client,panel_mi,101,109,109,13,f92544f5ed508add4c093c58e76fce40d49ca14b51000a7b8770e0152039d485,10,neutral,False,0.5560326499,,,,,neutral,0.8147751689,1.320764625,0.3083992004,0.2068727986,,,,,0.007854038849,0.3,0.7,0,0.06852142513,0.4780814052,0.4533971846
client,panel_mi,101,109,109,15,f92544f5ed508add4c093c58e76fce40d49ca14b51000a7b8770e0152039d485,10,sustain,False,0.2959032743,,,,,sustain,0.539935112,0.3838047996,0.01246662118,0.01920224102,,,,,0.004338483326,0,0.1,0.9,0.0458143428,0.1453503817,0.8088352084
client,panel_mi,101,109,109,17,f92544f5ed508add4c093c58e76fce40d49ca14b51000a7b8770e0152039d485,10,sustain,False,0.6126016193,,,,,change,0.7187233567,2.248630381,0.748396315,0.3671288888,,,,,0.004284126684,0,0.4,0.6,0.6613900065,0.2840620875,0.0545479171
client,panel_mi,101,109,109,19,f92544f5ed508add4c093c58e76fce40d49ca14b51000a7b8770e0152039d485,10,change,False,-0,,,,,change,0.9405341744,0.7679127455,0.4461383935,0.2359941798,,,,,0.005674843676,1,0,0,0.4639804959,0.180937916,0.3550816178
client,panel_mi,101,109,109,21,f92544f5ed508add4c093c58e76fce40d49ca14b51000a7b8770e0152039d485,10,change,False,-0,,,,,sustain,0.7799819708,0.7585530877,0.5171567841,0.23349439,,,,,0.004187608603,1,0,0,0.4683435857,0.04999379814,0.4816626012
client,panel_mi,101,109,109,23,f92544f5ed508add4c093c58e76fce40d49ca14b51000a7b8770e0152039d485,10,change,True,0.6309297536,,,,,neutral,0.1393320858,1.850982908,0.4451153141,0.1711795233,,,,,0.000634681317,0.5,0.5,0,0.02546603605,0.9689365625,0.005597450305
client,panel_mi,101,109,109,25,f92544f5ed508add4c093c58e76fce40d49ca14b51000a7b8770e0152039d485,10,neutral,False,0.7298466992,,,,,change,0.8519360423,1.66372745,0.5579134229,0.1981949277,,,,,0.004742437508,0.1,0.7,0.2,0.6008912921,0.1482445002,0.2508641183
client,panel_mi,101,109,109,27,f92544f5ed508add4c093c58e76fce40d49ca14b51000a7b8770e0152039d485,10,neutral,False,0.7298466992,,,,,sustain,0.9991771579,1.128868067,0.226795565,0.08215512181,,,,,0.006912554614,0.2,0.7,0.1,0.3304953277,0.3175362945,0.351968348
client,panel_mi,101,109,109,29,f92544f5ed508add4c093c58e76fce40d49ca14b51000a7b8770e0152039d485,10,change,False,-0,,,,,sustain,0.6903157234,1.544796586,1.135124399,0.4110268709,,,,,0.003903001547,1,0,0,0.2133552581,0.0716785416,0.7149661779
client,panel_mi,101,109,109,31,f92544f5ed508add4c093c58e76fce40d49ca14b51000a7b8770e0152039d485,10,change,False,-0,,,,,neutral,0.7031024098,1.818194389,1.241243257,0.4581677144,,,,,0.00497407373,1,0,0,0.1623185724,0.7259872556,0.111694172
client,panel_mi,101,109,109,33,f92544f5ed508add4c093c58e76fce40d49ca14b51000a7b8770e0152039d485,10,neutral,False,0.5560326499,,,,,neutral,0.2311312705,1.180801255,0.1377060322,0.09191006796,,,,,0.00140144839,0.3,0.7,0,0.02234374918,0.9438675046,0.03378873691
client,panel_mi,101,109,109,35,f92544f5ed508add4c093c58e76fce40d49ca14b51000a7b8770e0152039d485,10,change,False,-0,,,,,neutral,0.8166335225,1.988425255,1.200622414,0.4840874348,,,,,0.006566877477,1,0,0,0.1369108558,0.6355520487,0.2275371104
client,panel_mi,101,109,109,37,f92544f5ed508add4c093c58e76fce40d49ca14b51000a7b8770e0152039d485,10,change,False,-0,,,,,change,0.7475704551,0.3838481903,0.1603551611,0.1256770484,,,,,0.004210366867,1,0,0,0.6812348366,0.2223838568,0.0963812843
client,panel_mi,101,109,109,39,f92544f5ed508add4c093c58e76fce40d49ca14b51000a7b8770e0152039d485,10,change,False,-0,,,,,sustain,0.4281213582,2.390344143,1.580861208,0.5358362361,,,,,0.002224911703,1,0,0,0.09159816802,0.04003284499,0.8683689833
client,panel_mi,101,109,109,41,f92544f5ed508add4c093c58e76fce40d49ca14b51000a7b8770e0152039d485,10,change,False,-0,,,,,change,0.2914056778,0.0800062269,0.009189376139,0.02741656909,,,,,0.001101591857,1,0,0,0.9231106043,0.0257677231,0.0511216335
client,panel_mi,101,109,109,43,f92544f5ed508add4c093c58e76fce40d49ca14b51000a7b8770e0152039d485,10,neutral,False,0.6126016193,,,,,change,0.5259252191,0.9239002109,0.2272867102,0.0592637587,,,,,0.003398741363,0.4,0.6,0,0.7370108366,0.2627903521,0.0001988058502
client,panel_mi,101,109,109,45,f92544f5ed508add4c093c58e76fce40d49ca14b51000a7b8770e0152039d485,10,neutral,False,-0,,,,,neutral,0.2757133842,0.08561771363,0.01267919072,0.02931597448,,,,,0.001476392848,0,1,0,0.07694178075,0.917945087,0.005113154184
client,panel_mi,101,130,130,0,957962b55a53a08db5f378e511817642230cbd4d6d1cf4d43dd6a4b63131ccc1,10,neutral,False,-0,,,,,neutral,0.6898880601,0.4292010963,0.2222313663,0.1395240768,,,,,0.01088803448,0,1,0,0.03384370357,0.6510289907,0.3151272833
client,panel_mi,101,130,130,2,957962b55a53a08db5f378e511817642230cbd4d6d1cf4d43dd6a4b63131ccc1,10,neutral,True,0.6309297536,,,,,neutral,0.4474190176,1.282770954,0.302051568,0.1202603579,,,,,0.005013423972,0,0.5,0.5,0.04899432138,0.8617998958,0.08920574188
client,panel_mi,101,130,130,4,957962b55a53a08db5f378e511817642230cbd4d6d1cf4d43dd6a4b63131ccc1,10,neutral,False,0.8173454221,,,,,sustain,0.9659172297,1.05910989,0.1109228627,0.03973233834,,,,,0.01090441272,0.1,0.6,0.3,0.2248197049,0.3283618987,0.4468184114
client,panel_mi,101,130,130,6,957962b55a53a08db5f378e511817642230cbd4d6d1cf4d43dd6a4b63131ccc1,10,sustain,False,0.2959032743,,,,,sustain,0.8858383894,0.6599060655,0.166234135,0.1051575389,,,,,0.009697260335,0.1,0,0.9,0.1931844652,0.2301830798,0.5766324997
client,panel_mi,101,130,130,8,957962b55a53a08db5f378e511817642230cbd4d6d1cf4d43dd6a4b63131ccc1,10,change,False,0.2959032743,,,,,change,0.8397085071,0.5811296165,0.1187452624,0.0796361473,,,,,0.007081142161,0.9,0.1,0,0.6193279028,0.223305732,0.1573663056
client,panel_mi,101,130,130,10,957962b55a53a08db5f378e511817642230cbd4d6d1cf4d43dd6a4b63131ccc1,10,sustain,False,0.455485915,,,,,neutral,0.9106321335,0.8531569839,0.2175619336,0.1004278778,,,,,0.0117955599,0,0.2,0.8,0.1395301074,0.4371216893,0.4233481884
client,panel_mi,101,130,130,12,957962b55a53a08db5f378e511817642230cbd4d6d1cf4d43dd6a4b63131ccc1,10,neutral,False,-0,,,,,neutral,0.7362208962,0.3646982908,0.145628627,0.1197652577,,,,,0.009272832423,0,1,0,0.1001318321,0.6944061518,0.2054620236
client,panel_mi,101,130,130,14,957962b55a53a08db5f378e511817642230cbd4d6d1cf4d43dd6a4b63131ccc1,10,sustain,False,0.455485915,,,,,sustain,0.9450307488,0.8255112171,0.1699168934,0.09796871278,,,,,0.01119702123,0,0.2,0.8,0.1887812912,0.3469175696,0.4643011093
client,panel_mi,101,130,130,16,957962b55a53a08db5f378e511817642230cbd4d6d1cf4d43dd6a4b63131ccc1,10,neutral,False,0.9372305632,,,,,neutral,0.8562312722,1.193719149,0.06543443026,0.03656876937,,,,,0.008897464722,0.2,0.5,0.3,0.3628204167,0.5318785906,0.1053010076
client,panel_mi,101,130,130,18,957962b55a53a08db5f378e511817642230cbd4d6d1cf4d43dd6a4b63131ccc1,10,change,False,0.2959032743,,,,,sustain,0.9737223983,1.372833574,0.6649333667,0.2798680824,,,,,0.01065755635,0.9,0.1,0,0.2477310151,0.3104817569,0.4417872429
client,panel_mi,101,130,130,20,957962b55a53a08db5f378e511817642230cbd4d6d1cf4d43dd6a4b63131ccc1,10,change,False,0.2959032743,,,,,neutral,0.6489697695,0.8279884458,0.4475588753,0.1367387653,,,,,0.007403285708,0.9,0.1,0,0.4241884649,0.5702459812,0.005565566942
client,panel_mi,314,7,7,1,7fe3d6029ec1e666f41b728458a973e8e2e6924c09046427a23859dcc7b3d75a,10,neutral,False,0.2959032743,,,,,neutral,0.7288817763,0.9046453357,0.3188475399,0.1815377579,,,,,0.04822587222,0.1,0.9,0,0.02999787964,0.5403511524,0.4296509624
client,panel_mi,314,7,7,3,7fe3d6029ec1e666f41b728458a973e8e2e6924c09046427a23859dcc7b3d75a,10,neutral,False,-0,,,,,neutral,0.3367935419,0.1098898128,0.01953816673,0.03749568185,,,,,0.002858754946,0,1,0,0.09261196852,0.8959329724,0.0114551466
client,panel_mi,314,7,7,5,7fe3d6029ec1e666f41b728458a973e8e2e6924c09046427a23859dcc7b3d75a,10,neutral,False,0.455485915,,,,,neutral,0.7109943628,0.6155062675,0.01909660558,0.03923043423,,,,,0.04311533645,0,0.8,0.2,0.108595714,0.7191779613,0.1722263694
client,panel_mi,314,7,7,7,7fe3d6029ec1e666f41b728458a973e8e2e6924c09046427a23859dcc7b3d75a,10,neutral,False,0.2959032743,,,,,neutral,0.1792251021,0.4664228808,0.01167403346,0.02835838699,,,,,0.002806688193,0,0.9,0.1,0.02717467211,0.9590980411,0.01372726262
client,panel_mi,314,7,7,9,7fe3d6029ec1e666f41b728458a973e8e2e6924c09046427a23859dcc7b3d75a,10,neutral,False,-0,,,,,neutral,0.3367938399,0.1098898724,0.0195381946,0.03749571613,,,,,0.002858761,0,1,0,0.09261204302,0.8959327936,0.01145515777
client,panel_mi,314,7,7,11,7fe3d6029ec1e666f41b728458a973e8e2e6924c09046427a23859dcc7b3d75a,10,neutral,False,0.2959032743,,,,,neutral,0.6979771256,0.4845604479,0.04808357136,0.05305441286,,,,,0.02169151418,0.1,0.9,0,0.1302062273,0.7320653796,0.1377284229
client,panel_mi,314,7,7,13,7fe3d6029ec1e666f41b728458a973e8e2e6924c09046427a23859dcc7b3d75a,10,neutral,False,-0,,,,,neutral,0.3367935419,0.1098898128,0.01953816673,0.03749568185,,,,,0.002858754946,0,1,0,0.09261196852,0.8959329724,0.0114551466
client,panel_mi,314,7,7,15,7fe3d6029ec1e666f41b728458a973e8e2e6924c09046427a23859dcc7b3d75a,10,sustain,False,0.6126016193,,,,,neutral,0.6062689424,0.9529437661,0.2260115481,0.06773082528,,,,,0.01565911993,0,0.4,0.6,0.0222745426,0.7244721651,0.2532533705
client,panel_mi,314,7,7,17,7fe3d6029ec1e666f41b728458a973e8e2e6924c09046427a23859dcc7b3d75a,10,sustain,False,0.6126016193,,,,,neutral,0.5058486462,1.19890421,0.3720665167,0.1161250182,,,,,0.0182575155,0,0.4,0.6,0.02834658325,0.8164432645,0.1552101672
client,panel_mi,314,7,7,19,7fe3d6029ec1e666f41b728458a973e8e2e6924c09046427a23859dcc7b3d75a,10,neutral,False,0.455485915,,,,,neutral,0.7252597213,0.5878529072,0.02104660036,0.02896188155,,,,,0.009279333055,0,0.8,0.2,0.07382835448,0.6828653216,0.2433063686
client,panel_mi,314,7,7,21,7fe3d6029ec1e666f41b728458a973e8e2e6924c09046427a23859dcc7b3d75a,10,neutral,False,0.5816718657,,,,,sustain,0.5964589119,1.509206915,0.676854586,0.2192460671,,,,,0.03676151484,0.1,0.8,0.1,0.01605395041,0.2647883892,0.7191576362
client,panel_mi,314,7,7,23,7fe3d6029ec1e666f41b728458a973e8e2e6924c09046427a23859dcc7b3d75a,10,sustain,False,0.455485915,,,,,neutral,0.5514508486,2.003342262,0.8981974716,0.3000836548,,,,,0.01724664122,0,0.2,0.8,0.09858113527,0.8153972626,0.08602149785
client,panel_mi,314,7,7,25,7fe3d6029ec1e666f41b728458a973e8e2e6924c09046427a23859dcc7b3d75a,10,neutral,True,0.6309297536,,,,,neutral,0.3367935419,2.289603148,0.4040158743,0.2103967473,,,,,0.002858754946,0,0.5,0.5,0.09261196852,0.8959329724,0.0114551466
client,panel_mi,314,7,7,27,7fe3d6029ec1e666f41b728458a973e8e2e6924c09046427a23859dcc7b3d75a,10,neutral,False,-0,,,,,neutral,0.2739458978,0.0918481499,0.01529583545,0.03142120828,,,,,0.00254371902,0,1,0,0.08714520931,0.9122436643,0.0006111316616
client,panel_mi,314,7,7,29,7fe3d6029ec1e666f41b728458a973e8e2e6924c09046427a23859dcc7b3d75a,10,neutral,False,-0,,,,,neutral,0.3367935419,0.1098898128,0.01953816673,0.03749568185,,,,,0.002858754946,0,1,0,0.09261196852,0.8959329724,0.0114551466
client,panel_mi,314,7,7,31,7fe3d6029ec1e666f41b728458a973e8e2e6924c09046427a23859dcc7b3d75a,10,neutral,False,-0,,,,,neutral,0.2027845681,0.05934338644,0.006592826255,0.0203958401,,,,,0.001511253649,0,1,0,0.05720974132,0.9423831105,0.0004071853182
client,panel_mi,314,7,7,33,7fe3d6029ec1e666f41b728458a973e8e2e6924c09046427a23859dcc7b3d75a,10,neutral,False,0.6126016193,,,,,neutral,0.1854417771,1.779162803,0.2784490295,0.1461975062,,,,,0.00368812005,0.4,0.6,0,0.01250311267,0.9568715096,0.03062543832
client,panel_mi,314,7,7,35,7fe3d6029ec1e666f41b728458a973e8e2e6924c09046427a23859dcc7b3d75a,10,neutral,False,0.2959032743,,,,,neutral,0.7568219304,0.5198067963,0.1014257607,0.05815238767,,,,,0.01277191192,0.1,0.9,0,0.278380096,0.6469554901,0.07466443628
client,panel_mi,314,7,7,37,7fe3d6029ec1e666f41b728458a973e8e2e6924c09046427a23859dcc7b3d75a,10,neutral,False,0.7298466992,,,,,neutral,0.6714945436,1.012081611,0.04931320427,0.04506964182,,,,,0.009882955812,0.2,0.7,0.1,0.04393367842,0.6981014609,0.2579648793
client,panel_mi,314,7,7,39,7fe3d6029ec1e666f41b728458a973e8e2e6924c09046427a23859dcc7b3d75a,10,neutral,False,0.455485915,,,,,neutral,0.3367935419,0.9817751467,0.05332924976,0.08447028295,,,,,0.002858754946,0,0.8,0.2,0.09261196852,0.8959329724,0.0114551466
client,panel_mi,314,7,7,41,7fe3d6029ec1e666f41b728458a973e8e2e6924c09046427a23859dcc7b3d75a,10,neutral,False,0.2959032743,,,,,neutral,0.6398093104,1.241115296,0.3876093381,0.2241092735,,,,,0.007636480033,0,0.9,0.1,0.4811275601,0.5173380971,0.001534386422
client,panel_mi,314,7,7,43,7fe3d6029ec1e666f41b728458a973e8e2e6924c09046427a23859dcc7b3d75a,10,sustain,False,0.8586727111,,,,,neutral,0.5933600068,1.295633912,0.2613043699,0.07952834529,,,,,0.02413888089,0.1,0.4,0.5,0.05743062496,0.7808580995,0.1617112309
client,panel_mi,314,7,7,45,7fe3d6029ec1e666f41b728458a973e8e2e6924c09046427a23859dcc7b3d75a,10,neutral,False,0.5816718657,,,,,change,0.8199484944,1.159326416,0.4322819748,0.1388757779,,,,,0.01797265932,0.1,0.8,0.1,0.5707992315,0.3412127495,0.08798798174
client,panel_mi,314,7,7,47,7fe3d6029ec1e666f41b728458a973e8e2e6924c09046427a23859dcc7b3d75a,10,change,False,0.2959032743,,,,,change,0.6285298467,0.4225827724,0.03849609335,0.02977006221,,,,,0.009938155301,0.9,0.1,0,0.7439397573,0.2093661577,0.046694085
client,panel_mi,314,7,7,49,7fe3d6029ec1e666f41b728458a973e8e2e6924c09046427a23859dcc7b3d75a,10,change,False,0.2959032743,,,,,neutral,0.4877728224,1.447494224,0.9583146595,0.2713031973,,,,,0.008897974156,0.9,0.1,0,0.2055374384,0.7899390459,0.004523430485
client,panel_mi,314,7,7,51,7fe3d6029ec1e666f41b728458a973e8e2e6924c09046427a23859dcc7b3d75a,10,change,False,-0,,,,,change,0.8855117559,0.5704940557,0.2891640762,0.1812635753,,,,,0.01001643576,1,0,0,0.5652461052,0.270516634,0.1642372608
client,panel_mi,314,7,7,53,7fe3d6029ec1e666f41b728458a973e8e2e6924c09046427a23859dcc7b3d75a,10,change,False,0.6126016193,,,,,neutral,0.3367938399,1.47155762,0.5035230953,0.1564570735,,,,,0.002858761,0.6,0.4,0,0.09261204302,0.8959327936,0.01145515777
client,panel_mi,314,7,7,55,7fe3d6029ec1e666f41b728458a973e8e2e6924c09046427a23859dcc7b3d75a,10,change,False,0.5560326499,,,,,neutral,0.3299534023,1.589673489,0.6962726539,0.197928425,,,,,0.002645532368,0.7,0.3,0,0.1085705534,0.8886221051,0.002807290526
client,panel_mi,314,7,7,57,7fe3d6029ec1e666f41b728458a973e8e2e6924c09046427a23859dcc7b3d75a,10,neutral,False,0.6126016193,,,,,sustain,0.8305037618,1.658963346,0.5978205591,0.2915460733,,,,,0.02603204176,0.4,0.6,0,0.151045531,0.2220565975,0.6268979311
client,panel_mi,314,7,7,59,7fe3d6029ec1e666f41b728458a973e8e2e6924c09046427a23859dcc7b3d75a,10,neutral,False,0.455485915,,,,,neutral,0.2490000427,0.576443696,0.03006249382,0.01627538318,,,,,0.006100539584,0.2,0.8,0,0.07732882351,0.9225326777,0.0001385206997
client,panel_mi,314,7,7,61,7fe3d6029ec1e666f41b728458a973e8e2e6924c09046427a23859dcc7b3d75a,10,neutral,False,0.5560326499,,,,,neutral,0.3113925755,1.377083002,0.132309227,0.1158319883,,,,,0.01029562205,0.3,0.7,0,0.01268758904,0.9087967873,0.07851564884
client,panel_mi,314,7,7,63,7fe3d6029ec1e666f41b728458a973e8e2e6924c09046427a23859dcc7b3d75a,10,neutral,False,0.455485915,,,,,neutral,0.2206803858,0.6080537736,0.03766134582,0.02219252178,,,,,0.001640219823,0.2,0.8,0,0.06214850396,0.9365895987,0.001261903672
client,panel_mi,314,7,7,65,7fe3d6029ec1e666f41b728458a973e8e2e6924c09046427a23859dcc7b3d75a,10,neutral,False,0.455485915,,,,,neutral,0.4316011965,0.5029373527,0.000985715204,0.0007101219405,,,,,0.006461760961,0.2,0.8,0,0.1773821115,0.8217579126,0.000859978958
client,panel_mi,314,27,27,1,e883cab14c33a28c3bf1e25281ef335a7bcd08f31fb3e2cea1e824982af00196,10,neutral,False,0.8649735207,,,,,change,0.7478432655,1.325612545,0.2295507445,0.09035085965,,,,,0.006380878389,0.2,0.6,0.2,0.5884274244,0.3655560017,0.04601658508
client,panel_mi,314,27,27,3,e883cab14c33a28c3bf1e25281ef335a7bcd08f31fb3e2cea1e824982af00196,10,neutral,False,0.6126016193,,,,,neutral,0.7896145582,0.9164044738,0.07184488281,0.07214417761,,,,,0.007414293475,0,0.6,0.4,0.1483613253,0.6651539207,0.1864847392
client,panel_mi,314,27,27,5,e883cab14c33a28c3bf1e25281ef335a7bcd08f31fb3e2cea1e824982af00196,10,neutral,False,0.455485915,,,,,change,0.7171363235,1.540243196,0.661145377,0.3013545023,,,,,0.005933948793,0,0.8,0.2,0.6370469928,0.3196091652,0.04334384203
client,panel_mi,314,27,27,7,e883cab14c33a28c3bf1e25281ef335a7bcd08f31fb3e2cea1e824982af00196,10,neutral,False,0.8649735207,,,,,change,0.9105682373,1.171058893,0.1744029768,0.05717595869,,,,,0.006994525902,0.2,0.6,0.2,0.513556838,0.3271911144,0.1592520177
client,panel_mi,314,27,27,9,e883cab14c33a28c3bf1e25281ef335a7bcd08f31fb3e2cea1e824982af00196,10,neutral,False,-0,,,,,neutral,0.4861466587,0.1821136624,0.04649887746,0.06148707534,,,,,0.004117799457,0,1,0,0.1328390092,0.8335065842,0.03365438432
client,panel_mi,314,27,27,11,e883cab14c33a28c3bf1e25281ef335a7bcd08f31fb3e2cea1e824982af00196,10,neutral,False,-0,,,,,neutral,0.4037926495,0.1354574859,0.02694161016,0.04604862652,,,,,0.003281696234,0,1,0,0.1012131199,0.873316288,0.02547060326
client,panel_mi,314,27,27,13,e883cab14c33a28c3bf1e25281ef335a7bcd08f31fb3e2cea1e824982af00196,10,neutral,False,0.455485915,,,,,neutral,0.3509350717,0.66861853,0.03408178963,0.03947156251,,,,,0.002769583371,0.2,0.8,0,0.05315713957,0.9028964043,0.04394648969
client,panel_mi,314,27,27,15,e883cab14c33a28c3bf1e25281ef335a7bcd08f31fb3e2cea1e824982af00196,10,sustain,False,-0,,,,,neutral,0.955444932,1.546965361,0.9400127121,0.4114287887,,,,,0.008181815967,0,0,1,0.3203869462,0.4667200148,0.2128930539
client,panel_mi,314,27,27,17,e883cab14c33a28c3bf1e25281ef335a7bcd08f31fb3e2cea1e824982af00196,10,sustain,False,-0,,,,,change,0.9188761115,1.766000509,1.049397068,0.4497054324,,,,,0.006992675364,0,0,1,0.5108621716,0.3181222379,0.1710155904
client,panel_mi,314,27,27,19,e883cab14c33a28c3bf1e25281ef335a7bcd08f31fb3e2cea1e824982af00196,10,sustain,False,-0,,,,,change,0.6544190645,3.685302496,1.496009718,0.6342149527,,,,,0.005541582592,0,0,1,0.6749842763,0.2999261916,0.02508958615
client,panel_mi,314,27,27,21,e883cab14c33a28c3bf1e25281ef335a7bcd08f31fb3e2cea1e824982af00196,10,sustain,False,-0,,,,,change,0.6113137603,2.872313023,1.509820993,0.5828374921,,,,,0.00413722638,0,0,1,0.7672874331,0.1761446297,0.05656793714
client,panel_mi,314,55,55,1,1b9abf33ba8b2badfab01f2ee1f7aa958800a9808d579c0ec4e6bc41eb27f449,10,neutral,False,-0,,,,,neutral,0.6164016724,0.4194987714,0.2300386343,0.1365800277,,,,,0.005016249605,0,1,0,0.3355557024,0.6573762298,0.007068024017
client,panel_mi,314,55,55,3,1b9abf33ba8b2badfab01f2ee1f7aa958800a9808d579c0ec4e6bc41eb27f449,10,neutral,False,-0,,,,,neutral,0.6547385454,0.3510124087,0.1560211561,0.1155167343,,,,,0.002284432529,0,1,0,0.2588614225,0.7039750218,0.03716358915
client,panel_mi,314,55,55,5,1b9abf33ba8b2badfab01f2ee1f7aa958800a9808d579c0ec4e6bc41eb27f449,10,neutral,False,-0,,,,,neutral,0.3035272956,0.08447800577,0.01015559278,0.02893044825,,,,,0.001643284806,0,1,0,0.05299638957,0.9189918637,0.02801173553
client,panel_mi,314,55,55,7,1b9abf33ba8b2badfab01f2ee1f7aa958800a9808d579c0ec4e6bc41eb27f449,10,neutral,False,-0,,,,,neutral,0.3093450963,0.09986718744,0.01678173754,0.03412514826,,,,,0.001488666981,0,1,0,0.08772163093,0.9049575925,0.007320777513
client,panel_mi,314,55,55,9,1b9abf33ba8b2badfab01f2ee1f7aa958800a9808d579c0ec4e6bc41eb27f449,10,neutral,False,-0,,,,,neutral,0.5144060254,0.2641448379,0.1056027723,0.08809533474,,,,,0.005112739746,0,1,0,0.2273588181,0.7678623199,0.004778875969
client,panel_mi,314,55,55,11,1b9abf33ba8b2badfab01f2ee1f7aa958800a9808d579c0ec4e6bc41eb27f449,10,neutral,False,-0,,,,,neutral,0.527352035,0.2268543243,0.0736258343,0.07608473501,,,,,0.003658897709,0,1,0,0.1784061641,0.7970368266,0.02455695346
client,panel_mi,314,55,55,13,1b9abf33ba8b2badfab01f2ee1f7aa958800a9808d579c0ec4e6bc41eb27f449,10,neutral,False,-0,,,,,change,0.8101692796,0.9155868888,0.6447850184,0.2741820989,,,,,0.01907606982,0,1,0,0.5293061137,0.4002816081,0.07041220367
client,panel_mi,314,55,55,15,1b9abf33ba8b2badfab01f2ee1f7aa958800a9808d579c0ec4e6bc41eb27f449,10,neutral,False,-0,,,,,neutral,0.4821502864,0.1831552684,0.04787420252,0.06182923898,,,,,0.006635308266,0,1,0,0.1378080845,0.8326388597,0.02955305576
client,panel_mi,314,55,55,17,1b9abf33ba8b2badfab01f2ee1f7aa958800a9808d579c0ec4e6bc41eb27f449,10,neutral,False,0.2959032743,,,,,neutral,0.6639065146,0.4573622614,0.03573102426,0.0440718408,,,,,0.005152390804,0.1,0.9,0,0.1324325502,0.7531062365,0.1144612432
client,panel_mi,314,55,55,19,1b9abf33ba8b2badfab01f2ee1f7aa958800a9808d579c0ec4e6bc41eb27f449,10,neutral,False,0.6126016193,,,,,neutral,0.4700882435,1.097705424,0.1700417669,0.09096210548,,,,,0.004728083499,0.4,0.6,0,0.08149878681,0.8537948728,0.06470631063
client,panel_mi,314,55,55,21,1b9abf33ba8b2badfab01f2ee1f7aa958800a9808d579c0ec4e6bc41eb27f449,10,neutral,False,-0,,,,,neutral,0.6181393862,0.4257680476,0.2357845264,0.1384835057,,,,,0.002263032598,0,1,0,0.3398739696,0.6532678604,0.00685817888
client,panel_mi,314,55,55,23,1b9abf33ba8b2badfab01f2ee1f7aa958800a9808d579c0ec4e6bc41eb27f449,10,neutral,False,0.455485915,,,,,sustain,0.6704183221,1.736886019,0.7771814861,0.2680193342,,,,,0.006914013531,0,0.8,0.2,0.1279613525,0.1225780845,0.749460578
client,panel_mi,314,55,55,25,1b9abf33ba8b2badfab01f2ee1f7aa958800a9808d579c0ec4e6bc41eb27f449,10,neutral,False,0.6126016193,,,,,sustain,0.2562253475,1.942646834,0.5997410743,0.2092757209,,,,,0.009656322189,0,0.6,0.4,0.02347276174,0.04103669152,0.935490489
client,panel_mi,314,55,55,27,1b9abf33ba8b2badfab01f2ee1f7aa958800a9808d579c0ec4e6bc41eb27f449,10,neutral,True,0.6309297536,,,,,neutral,0.7651446462,1.745576859,0.3430541878,0.2342095562,,,,,0.009886400774,0,0.5,0.5,0.3703860044,0.5767951012,0.05281893164
client,panel_mi,314,55,55,29,1b9abf33ba8b2badfab01f2ee1f7aa958800a9808d579c0ec4e6bc41eb27f449,10,sustain,False,0.5560326499,,,,,sustain,0.9203044772,1.013104635,0.1624984393,0.1306397978,,,,,0.01849197969,0,0.3,0.7,0.3270220757,0.1687634736,0.5042144656
client,panel_mi,314,55,55,31,1b9abf33ba8b2badfab01f2ee1f7aa958800a9808d579c0ec4e6bc41eb27f449,10,sustain,False,0.455485915,,,,,sustain,0.7484977841,1.139423037,0.2677547084,0.187381242,,,,,0.01887952164,0,0.2,0.8,0.4188183248,0.03876527771,0.5424164534
client,panel_mi,314,55,55,33,1b9abf33ba8b2badfab01f2ee1f7aa958800a9808d579c0ec4e6bc41eb27f449,10,change,False,0.455485915,,,,,sustain,0.8186452985,1.324327469,0.5262951073,0.2507248187,,,,,0.03115659021,0.8,0.2,0,0.3552057743,0.08362562954,0.561168611
client,panel_mi,314,55,55,35,1b9abf33ba8b2badfab01f2ee1f7aa958800a9808d579c0ec4e6bc41eb27f449,10,neutral,False,0.2959032743,,,,,neutral,0.4700884223,0.3929745376,0.006664117511,0.02320217293,,,,,0.004728072323,0.1,0.9,0,0.08149883151,0.8537948728,0.06470634043
client,panel_mi,314,55,55,37,1b9abf33ba8b2badfab01f2ee1f7aa958800a9808d579c0ec4e6bc41eb27f449,10,neutral,False,-0,,,,,neutral,0.717400074,0.3297384679,0.118443438,0.1088737102,,,,,0.03232022375,0,1,0,0.1335095614,0.7191118002,0.1473786086
client,panel_mi,314,55,55,39,1b9abf33ba8b2badfab01f2ee1f7aa958800a9808d579c0ec4e6bc41eb27f449,10,neutral,False,-0,,,,,neutral,0.6794535518,0.2963911891,0.09887206361,0.09836586104,,,,,0.0290221516,0,1,0,0.1187378988,0.7434965372,0.1377655566
client,panel_mi,314,55,55,41,1b9abf33ba8b2badfab01f2ee1f7aa958800a9808d579c0ec4e6bc41eb27f449,10,neutral,False,0.5560326499,,,,,neutral,0.8651561141,0.7716949105,0.0365589745,0.05441602018,,,,,0.02387825958,0.3,0.7,0,0.2687603831,0.5831526518,0.1480869949
client,panel_mi,314,55,55,43,1b9abf33ba8b2badfab01f2ee1f7aa958800a9808d579c0ec4e6bc41eb27f449,10,neutral,False,-0,,,,,neutral,0.3368749917,0.1075228155,0.01832469475,0.03670056951,,,,,0.002166772727,0,1,0,0.08795737475,0.8980561495,0.01398654282
client,panel_mi,314,55,55,45,1b9abf33ba8b2badfab01f2ee1f7aa958800a9808d579c0ec4e6bc41eb27f449,10,neutral,False,0.5560326499,,,,,sustain,0.9789115787,1.314197862,0.3819053868,0.2016522335,,,,,0.03355671093,0.3,0.7,0,0.3521930575,0.2392661572,0.4085408151
client,panel_mi,314,55,55,47,1b9abf33ba8b2badfab01f2ee1f7aa958800a9808d579c0ec4e6bc41eb27f449,10,neutral,False,0.8586727111,,,,,neutral,0.9645271301,0.987269938,0.01958646747,0.0119023175,,,,,0.005009097047,0.4,0.5,0.1,0.3771117628,0.414488852,0.2083994448
client,panel_mi,314,55,55,49,1b9abf33ba8b2badfab01f2ee1f7aa958800a9808d579c0ec4e6bc41eb27f449,10,change,False,0.8173454221,,,,,change,0.5777498484,1.025073826,0.02755370426,0.02258722494,,,,,0.001863263198,0.6,0.3,0.1,0.7337449789,0.2521288991,0.01412608288
client,panel_mi,314,55,55,51,1b9abf33ba8b2badfab01f2ee1f7aa958800a9808d579c0ec4e6bc41eb27f449,10,neutral,False,0.2959032743,,,,,neutral,0.4153698981,0.3425594822,0.007156119023,0.004871546751,,,,,0.008693424053,0.1,0.9,0,0.1582998782,0.8387735486,0.002926579909
client,panel_mi,314,55,55,53,1b9abf33ba8b2badfab01f2ee1f7aa958800a9808d579c0ec4e6bc41eb27f449,10,neutral,False,0.5560326499,,,,,neutral,0.5669011474,0.6235673606,0.00258798715,0.004046013468,,,,,0.004160776269,0.3,0.7,0,0.2603281438,0.7304943204,0.009177548811
client,panel_mi,314,55,55,55,1b9abf33ba8b2badfab01f2ee1f7aa958800a9808d579c0ec4e6bc41eb27f449,10,change,False,0.2959032743,,,,,neutral,0.9688369036,1.090905023,0.5010679512,0.2086004386,,,,,0.01940251701,0.9,0.1,0,0.3257034123,0.4434646666,0.2308319807
client,panel_mi,314,55,55,57,1b9abf33ba8b2badfab01f2ee1f7aa958800a9808d579c0ec4e6bc41eb27f449,10,change,False,-0,,,,,sustain,0.7686670423,1.544638157,1.083811208,0.4109974847,,,,,0.0135577172,1,0,0,0.2133890688,0.1143107414,0.6723001599
client,panel_mi,314,55,55,59,1b9abf33ba8b2badfab01f2ee1f7aa958800a9808d579c0ec4e6bc41eb27f449,10,change,False,-0,,,,,neutral,0.7345963717,1.240023136,0.9320213333,0.3498759626,,,,,0.008402723819,1,0,0,0.2893775105,0.6507303119,0.05989217013
client,panel_mi,314,55,55,61,1b9abf33ba8b2badfab01f2ee1f7aa958800a9808d579c0ec4e6bc41eb27f449,10,change,False,0.6126016193,,,,,neutral,0.4761668146,1.022185439,0.2979659806,0.07985102218,,,,,0.001116669737,0.6,0.4,0,0.2137643099,0.7857300639,0.0005055858055
client,panel_mi,314,55,55,63,1b9abf33ba8b2badfab01f2ee1f7aa958800a9808d579c0ec4e6bc41eb27f449,10,neutral,False,0.6126016193,,,,,neutral,0.3945434391,0.9341148973,0.150164638,0.05652865788,,,,,0.00117793004,0.4,0.6,0,0.119807221,0.8673809171,0.01281191595
client,panel_mi,314,56,56,1,994bc72760dcfe7fa4dcb4204fd49276c86f3b5d7563bd03968bb98375e50059,10,neutral,False,-0,,,,,neutral,0.5792286396,0.2314278483,0.06729827825,0.07756547064,,,,,0.01323711406,0,1,0,0.0628471002,0.79339993,0.143753022
client,panel_mi,314,56,56,3,994bc72760dcfe7fa4dcb4204fd49276c86f3b5d7563bd03968bb98375e50059,10,neutral,False,-0,,,,,neutral,0.5913254619,0.3712922037,0.1886241533,0.1218052415,,,,,0.00576613564,0,1,0,0.3039537668,0.6898423433,0.006203944329
client,panel_mi,314,56,56,5,994bc72760dcfe7fa4dcb4204fd49276c86f3b5d7563bd03968bb98375e50059,10,neutral,False,-0,,,,,neutral,0.9272423387,0.642498672,0.3378452616,0.2017123621,,,,,0.01368342526,0,1,0,0.2170381099,0.5259765387,0.2569853663
client,panel_mi,314,56,56,7,994bc72760dcfe7fa4dcb4204fd49276c86f3b5d7563bd03968bb98375e50059,10,neutral,False,0.2959032743,,,,,sustain,0.5104894042,2.28330729,1.321461803,0.4686597909,,,,,0.00429000752,0.1,0.9,0,0.05926530808,0.1082796603,0.832455039
client,panel_mi,314,56,56,9,994bc72760dcfe7fa4dcb4204fd49276c86f3b5d7563bd03968bb98375e50059,10,neutral,True,0.6309297536,,,,,neutral,0.8227965236,1.006313682,0.1261444535,0.08789589764,,,,,0.03249702603,0,0.5,0.5,0.154034704,0.6357671022,0.2101982385
client,panel_mi,314,56,56,11,994bc72760dcfe7fa4dcb4204fd49276c86f3b5d7563bd03968bb98375e50059,10,sustain,False,0.6126016193,,,,,change,0.9453470707,1.294996452,0.3177627563,0.1952738441,,,,,0.04122344404,0,0.4,0.6,0.4598313868,0.1873383969,0.3528302312
client,panel_mi,314,56,56,13,994bc72760dcfe7fa4dcb4204fd49276c86f3b5d7563bd03968bb98375e50059,10,neutral,False,0.455485915,,,,,neutral,0.4163210988,0.5792950392,0.01699888029,0.021543145,,,,,0.003692856524,0.2,0.8,0,0.09585891664,0.8711863756,0.03295474127
client,panel_mi,314,56,56,15,994bc72760dcfe7fa4dcb4204fd49276c86f3b5d7563bd03968bb98375e50059,10,neutral,False,0.2959032743,,,,,neutral,0.3074253201,0.451773382,0.009613672514,0.03326109212,,,,,0.0064352802,0.1,0.9,0,0.02396033332,0.9163330793,0.05970655009
client,panel_mi,314,56,56,17,994bc72760dcfe7fa4dcb4204fd49276c86f3b5d7563bd03968bb98375e50059,10,neutral,False,0.5560326499,,,,,neutral,0.4163210988,0.7999928743,0.07206437208,0.04372367247,,,,,0.003692856524,0.3,0.7,0,0.09585891664,0.8711863756,0.03295474127
client,panel_mi,314,56,56,19,994bc72760dcfe7fa4dcb4204fd49276c86f3b5d7563bd03968bb98375e50059,10,neutral,False,0.455485915,,,,,neutral,0.5635737777,1.21134851,0.1096591002,0.146084447,,,,,0.00776577089,0,0.8,0.2,0.260946095,0.7308448553,0.008208981715
client,panel_mi,314,56,56,21,994bc72760dcfe7fa4dcb4204fd49276c86f3b5d7563bd03968bb98375e50059,10,sustain,False,0.5560326499,,,,,change,0.7051091194,1.822971439,0.7600139857,0.34237735,,,,,0.02493034862,0,0.3,0.7,0.6985226274,0.06929929554,0.2321781218
client,panel_mi,314,56,56,23,994bc72760dcfe7fa4dcb4204fd49276c86f3b5d7563bd03968bb98375e50059,10,neutral,False,0.5816718657,,,,,neutral,0.6232360005,0.668532896,0.008430322054,0.007598033098,,,,,0.02751149237,0.1,0.8,0.1,0.06237275526,0.7626592517,0.1749679148
client,panel_mi,314,56,56,25,994bc72760dcfe7fa4dcb4204fd49276c86f3b5d7563bd03968bb98375e50059,10,sustain,False,0.6126016193,,,,,neutral,0.997923255,1.117492747,0.198478225,0.1400241399,,,,,0.02256973274,0,0.4,0.6,0.3325962424,0.361271143,0.3061326146
client,panel_mi,314,56,56,27,994bc72760dcfe7fa4dcb4204fd49276c86f3b5d7563bd03968bb98375e50059,10,sustain,False,0.455485915,,,,,change,0.6520251632,1.999236059,1.009533657,0.3952503754,,,,,0.009449878708,0,0.2,0.8,0.7573391199,0.09445112199,0.1482097358
client,panel_mi,314,56,56,29,994bc72760dcfe7fa4dcb4204fd49276c86f3b5d7563bd03968bb98375e50059,10,neutral,False,0.5560326499,,,,,neutral,0.4453305602,0.7493842781,0.05680665452,0.03357437695,,,,,0.02268359438,0,0.7,0.3,0.02791239694,0.8528340459,0.1192535162
client,panel_mi,314,56,56,31,994bc72760dcfe7fa4dcb4204fd49276c86f3b5d7563bd03968bb98375e50059,10,sustain,False,0.455485915,,,,,sustain,0.7923967838,0.6561252594,0.0394353835,0.05254110124,,,,,0.04441237822,0,0.2,0.8,0.1420688778,0.1966413856,0.6612896919
client,panel_mi,314,56,56,33,994bc72760dcfe7fa4dcb4204fd49276c86f3b5d7563bd03968bb98375e50059,10,neutral,False,-0,,,,,neutral,0.4163207114,0.1378991455,0.02686781936,0.04686199634,,,,,0.003692839295,0,1,0,0.09585876763,0.8711865544,0.03295470029
client,panel_mi,314,56,56,35,994bc72760dcfe7fa4dcb4204fd49276c86f3b5d7563bd03968bb98375e50059,10,sustain,False,0.9372305632,,,,,sustain,0.705311954,1.566616106,0.1202982855,0.08653293291,,,,,0.007819800638,0.2,0.3,0.5,0.3956379294,0.02485791035,0.5795041919
client,panel_mi,314,56,56,37,994bc72760dcfe7fa4dcb4204fd49276c86f3b5d7563bd03968bb98375e50059,10,neutral,True,0.6309297536,,,,,neutral,0.777299881,1.304997042,0.2289808831,0.1512702592,,,,,0.005873846821,0,0.5,0.5,0.2270780057,0.6618100405,0.1111119017
client,panel_mi,314,56,56,39,994bc72760dcfe7fa4dcb4204fd49276c86f3b5d7563bd03968bb98375e50059,10,sustain,False,0.455485915,,,,,change,0.9681519866,1.056521463,0.3211028261,0.1720654733,,,,,0.06381019205,0,0.2,0.8,0.393848002,0.2133477628,0.3928042054
client,panel_mi,314,56,56,41,994bc72760dcfe7fa4dcb4204fd49276c86f3b5d7563bd03968bb98375e50059,10,sustain,False,0.8173454221,,,,,change,0.8702648282,1.534309077,0.425753837,0.1602415815,,,,,0.03124342486,0.1,0.3,0.6,0.5904928446,0.2348632365,0.174643904
client,panel_mi,314,56,56,43,994bc72760dcfe7fa4dcb4204fd49276c86f3b5d7563bd03968bb98375e50059,10,neutral,False,0.6126016193,,,,,neutral,0.4163207114,1.020691243,0.1671300488,0.07410841646,,,,,0.003692839295,0.4,0.6,0,0.09585876763,0.8711865544,0.03295470029
client,panel_mi,314,56,56,45,994bc72760dcfe7fa4dcb4204fd49276c86f3b5d7563bd03968bb98375e50059,10,neutral,False,0.5560326499,,,,,neutral,0.3574182391,1.143156415,0.1180221614,0.09729754359,,,,,0.01162304357,0.3,0.7,0,0.02853503451,0.8968974948,0.07456748933
client,panel_mi,314,56,56,47,994bc72760dcfe7fa4dcb4204fd49276c86f3b5d7563bd03968bb98375e50059,10,neutral,False,0.6126016193,,,,,change,0.9535937309,1.268362045,0.2753828985,0.1694612074,,,,,0.06055207923,0.4,0.6,0,0.45920825,0.2028877437,0.337904036
client,panel_mi,314,56,56,49,994bc72760dcfe7fa4dcb4204fd49276c86f3b5d7563bd03968bb98375e50059,10,neutral,False,-0,,,,,neutral,0.4163210988,0.137899369,0.0268678967,0.04686206856,,,,,0.003692856524,0,1,0,0.09585891664,0.8711863756,0.03295474127
client,panel_mi,314,56,56,51,994bc72760dcfe7fa4dcb4204fd49276c86f3b5d7563bd03968bb98375e50059,10,sustain,False,0.7298466992,,,,,sustain,0.8042137027,0.8614741713,0.02245079239,0.01592405841,,,,,0.007761293557,0.1,0.2,0.7,0.2220638096,0.1318466365,0.6460894942
client,panel_mi,314,56,56,53,994bc72760dcfe7fa4dcb4204fd49276c86f3b5d7563bd03968bb98375e50059,10,neutral,False,-0,,,,,neutral,0.7156801224,0.4845754504,0.2697047075,0.1561357837,,,,,0.01049384288,0,1,0,0.3477014899,0.6159585714,0.03633988649
client,panel_mi,314,56,56,55,994bc72760dcfe7fa4dcb4204fd49276c86f3b5d7563bd03968bb98375e50059,10,neutral,False,-0,,,,,neutral,0.4660424292,0.1764524877,0.04552441581,0.0596255079,,,,,0.01099731866,0,1,0,0.02487048134,0.8382385969,0.136890918
client,panel_mi,314,56,56,57,994bc72760dcfe7fa4dcb4204fd49276c86f3b5d7563bd03968bb98375e50059,10,neutral,False,-0,,,,,neutral,0.4163210988,0.137899369,0.0268678967,0.04686206856,,,,,0.003692856524,0,1,0,0.09585891664,0.8711863756,0.03295474127
client,panel_mi,314,56,56,59,994bc72760dcfe7fa4dcb4204fd49276c86f3b5d7563bd03968bb98375e50059,10,neutral,False,0.455485915,,,,,change,0.9542325735,1.272215366,0.4635721638,0.2021773575,,,,,0.04705952853,0.2,0.8,0,0.4861008227,0.2441593111,0.2697398961
client,panel_mi,314,56,56,61,994bc72760dcfe7fa4dcb4204fd49276c86f3b5d7563bd03968bb98375e50059,10,sustain,False,0.8649735207,,,,,change,0.9157462716,1.112837827,0.1252830116,0.0427219817,,,,,0.08084374666,0.2,0.2,0.6,0.4717620313,0.1492691338,0.3789688051
client,panel_mi,314,56,56,63,994bc72760dcfe7fa4dcb4204fd49276c86f3b5d7563bd03968bb98375e50059,10,neutral,False,0.8173454221,,,,,neutral,0.3947709203,1.150094357,0.1148194781,0.05127648524,,,,,0.004643584602,0.1,0.6,0.3,0.01575997099,0.870346725,0.1138932705
client,panel_mi,314,56,56,65,994bc72760dcfe7fa4dcb4204fd49276c86f3b5d7563bd03968bb98375e50059,10,neutral,False,-0,,,,,neutral,0.7579339743,0.7206435204,0.4898163278,0.2232726934,,,,,0.01230806671,0,1,0,0.4738047719,0.486439079,0.0397561118
client,panel_mi,314,56,56,67,994bc72760dcfe7fa4dcb4204fd49276c86f3b5d7563bd03968bb98375e50059,10,neutral,False,0.5816718657,,,,,neutral,0.4163210988,0.6860692739,0.009579715363,0.009633011724,,,,,0.003692856524,0.1,0.8,0.1,0.09585891664,0.8711863756,0.03295474127
client,panel_mi,314,56,56,69,994bc72760dcfe7fa4dcb4204fd49276c86f3b5d7563bd03968bb98375e50059,10,neutral,False,0.8586727111,,,,,change,0.1048865616,2.70481846,0.5822723726,0.2344281382,,,,,0.002176744398,0.4,0.5,0.1,0.9792377353,0.01163787581,0.009124335833
client,panel_mi,314,56,56,71,994bc72760dcfe7fa4dcb4204fd49276c86f3b5d7563bd03968bb98375e50059,10,neutral,False,0.5816718657,,,,,neutral,0.815977931,0.8411172748,0.1444742654,0.05650518888,,,,,0.0245701056,0.1,0.8,0.1,0.3795488179,0.5434930921,0.07695808262
client,panel_mi,314,56,56,73,994bc72760dcfe7fa4dcb4204fd49276c86f3b5d7563bd03968bb98375e50059,10,neutral,False,0.455485915,,,,,neutral,0.8342225552,0.8362912178,0.1266017812,0.1103331173,,,,,0.0676381439,0.2,0.8,0,0.1183974147,0.5993335843,0.282269001
client,panel_mi,314,56,56,75,994bc72760dcfe7fa4dcb4204fd49276c86f3b5d7563bd03968bb98375e50059,10,neutral,False,0.2959032743,,,,,neutral,0.7182471156,0.5384300768,0.0721819628,0.07144257119,,,,,0.01383896358,0.1,0.9,0,0.1001083478,0.7099695802,0.1899220645
client,panel_mi,314,56,56,77,994bc72760dcfe7fa4dcb4204fd49276c86f3b5d7563bd03968bb98375e50059,10,neutral,False,0.5560326499,,,,,neutral,0.6113642454,0.6493808627,0.00619024351,0.01241298578,,,,,0.05705299228,0,0.7,0.3,0.02965856157,0.7345204949,0.235820964
client,panel_mi,314,56,56,79,994bc72760dcfe7fa4dcb4204fd49276c86f3b5d7563bd03968bb98375e50059,10,neutral,False,-0,,,,,sustain,0.5134622455,1.477371454,1.184532415,0.3983016509,,,,,0.03481776267,0,1,0,0.004368321039,0.2282368243,0.7673949003
client,panel_mi,314,56,56,81,994bc72760dcfe7fa4dcb4204fd49276c86f3b5d7563bd03968bb98375e50059,10,neutral,False,0.2959032743,,,,,change,0.7047967315,1.522084212,0.8949328502,0.3376254001,,,,,0.005759639665,0,0.9,0.1,0.6878150105,0.251709044,0.06047589704
client,panel_mi,314,56,56,83,994bc72760dcfe7fa4dcb4204fd49276c86f3b5d7563bd03968bb98375e50059,10,neutral,False,0.2959032743,,,,,neutral,0.7465046048,0.4950867862,0.06497291659,0.05388753799,,,,,0.06107464433,0,0.9,0.1,0.1137944236,0.6921902895,0.1940152645
client,panel_mi,314,56,56,85,994bc72760dcfe7fa4dcb4204fd49276c86f3b5d7563bd03968bb98375e50059,10,change,False,0.5560326499,,,,,change,0.1009486765,1.28329404,0.1597875855,0.09321652483,,,,,0.0009168411489,0.7,0.3,0,0.9797772169,0.0145527292,0.005670093466
client,panel_mi,314,56,56,87,994bc72760dcfe7fa4dcb4204fd49276c86f3b5d7563bd03968bb98375e50059,10,change,False,0.5560326499,,,,,neutral,0.9335823059,1.448328364,0.4309801982,0.2167039824,,,,,0.02402547374,0.7,0.3,0,0.173941046,0.4739419818,0.3521169722
client,panel_mi,314,56,56,89,994bc72760dcfe7fa4dcb4204fd49276c86f3b5d7563bd03968bb98375e50059,10,neutral,False,0.455485915,,,,,neutral,0.4163210988,0.5792950392,0.01699888029,0.021543145,,,,,0.003692856524,0.2,0.8,0,0.09585891664,0.8711863756,0.03295474127
client,panel_mi,314,56,56,91,994bc72760dcfe7fa4dcb4204fd49276c86f3b5d7563bd03968bb98375e50059,10,change,False,0.455485915,,,,,change,0.5822312832,0.5525866747,0.003729734736,0.01777182896,,,,,0.01073039602,0.8,0.2,0,0.782699585,0.1681485623,0.04915192723
client,panel_mi,314,56,56,93,994bc72760dcfe7fa4dcb4204fd49276c86f3b5d7563bd03968bb98375e50059,10,change,False,0.455485915,,,,,neutral,0.5931029916,1.345791632,0.6798109147,0.1977843867,,,,,0.003460404929,0.8,0.2,0,0.1989582926,0.7631367445,0.03790498152
client,panel_mi,314,56,56,95,994bc72760dcfe7fa4dcb4204fd49276c86f3b5d7563bd03968bb98375e50059,10,change,False,0.2959032743,,,,,change,0.8222939968,0.7461743891,0.2241004106,0.1364962742,,,,,0.03307782859,0.9,0.1,0,0.5704849958,0.08978579938,0.3397292197
client,panel_mi,314,56,56,97,994bc72760dcfe7fa4dcb4204fd49276c86f3b5d7563bd03968bb98375e50059,10,neutral,False,0.9372305632,,,,,neutral,0.6771638989,1.21825532,0.06030061458,0.03636266638,,,,,0.05483166128,0.2,0.5,0.3,0.04050882533,0.6849702597,0.2745209336
client,panel_mi,314,56,56,99,994bc72760dcfe7fa4dcb4204fd49276c86f3b5d7563bd03968bb98375e50059,10,change,False,0.6126016193,,,,,neutral,0.6422219276,1.423586059,0.3879012171,0.1638920801,,,,,0.01989679411,0.6,0.4,0,0.111343585,0.7662370801,0.1224193126
client,panel_mi,314,56,56,101,994bc72760dcfe7fa4dcb4204fd49276c86f3b5d7563bd03968bb98375e50059,10,neutral,False,0.2959032743,,,,,neutral,0.5552784801,0.5384024471,0.04478930356,0.06826368987,,,,,0.04321783036,0.1,0.9,0,0.03756814823,0.7916761637,0.1707557142
client,panel_mi,314,56,56,103,994bc72760dcfe7fa4dcb4204fd49276c86f3b5d7563bd03968bb98375e50059,10,neutral,False,0.7298466992,,,,,neutral,0.9231845737,1.057349849,0.1785569084,0.07107070378,,,,,0.02637385949,0.1,0.7,0.2,0.4197748303,0.4279230237,0.152302146
client,panel_mi,314,56,56,105,994bc72760dcfe7fa4dcb4204fd49276c86f3b5d7563bd03968bb98375e50059,10,neutral,False,0.455485915,,,,,neutral,0.408687979,0.5320287108,0.00876524254,0.00879926474,,,,,0.003553684335,0.2,0.8,0,0.1284283847,0.8590397835,0.01253177784
client,panel_mi,314,56,56,107,994bc72760dcfe7fa4dcb4204fd49276c86f3b5d7563bd03968bb98375e50059,10,neutral,False,0.455485915,,,,,neutral,0.4163210988,0.5792950392,0.01699888029,0.021543145,,,,,0.003692856524,0.2,0.8,0,0.09585891664,0.8711863756,0.03295474127
client,panel_mi,314,56,56,109,994bc72760dcfe7fa4dcb4204fd49276c86f3b5d7563bd03968bb98375e50059,10,neutral,False,0.2959032743,,,,,neutral,0.4163210988,0.3585972041,0.001933388494,0.0115603236,,,,,0.003692856524,0.1,0.9,0,0.09585891664,0.8711863756,0.03295474127
client,panel_mi,314,56,56,111,994bc72760dcfe7fa4dcb4204fd49276c86f3b5d7563bd03968bb98375e50059,10,neutral,False,0.5560326499,,,,,neutral,0.4660424292,1.231738845,0.1135452851,0.119242297,,,,,0.01099731866,0.3,0.7,0,0.02487048134,0.8382385969,0.136890918
client,panel_mi,314,56,56,113,994bc72760dcfe7fa4dcb4204fd49276c86f3b5d7563bd03968bb98375e50059,10,change,False,0.455485915,,,,,change,0.5909470916,0.52750144,0.009619325142,0.008355199883,,,,,0.01617439091,0.8,0.2,0,0.7241461277,0.2601599097,0.01569396257
client,panel_mi,314,56,56,115,994bc72760dcfe7fa4dcb4204fd49276c86f3b5d7563bd03968bb98375e50059,10,change,True,0.6309297536,,,,,neutral,0.3147676885,1.48035232,0.3694384728,0.1421713303,,,,,0.001353222178,0.5,0.5,0,0.05660795048,0.9147552252,0.02863680199
client,panel_mi,314,56,56,117,994bc72760dcfe7fa4dcb4204fd49276c86f3b5d7563bd03968bb98375e50059,10,change,False,0.455485915,,,,,change,0.9896165729,0.9792641401,0.2691824888,0.1405975516,,,,,0.01023217477,0.8,0.2,0,0.3813048303,0.3535621166,0.2651330233
client,panel_mi,314,56,56,119,994bc72760dcfe7fa4dcb4204fd49276c86f3b5d7563bd03968bb98375e50059,10,neutral,False,0.7298466992,,,,,neutral,0.4163210988,1.013541344,0.05722604223,0.03795233773,,,,,0.003692856524,0.1,0.7,0.2,0.09585891664,0.8711863756,0.03295474127
client,panel_mi,314,56,56,121,994bc72760dcfe7fa4dcb4204fd49276c86f3b5d7563bd03968bb98375e50059,10,neutral,False,0.2959032743,,,,,neutral,0.703659296,0.4799709857,0.07902584504,0.04607205328,,,,,0.008266021498,0.1,0.9,0,0.265915066,0.6796849966,0.05439991876
client,panel_mi,314,56,56,123,994bc72760dcfe7fa4dcb4204fd49276c86f3b5d7563bd03968bb98375e50059,10,neutral,False,-0,,,,,neutral,0.3441919982,0.130168125,0.02948260507,0.04428460331,,,,,0.002392227529,0,1,0,0.1207651049,0.8779478073,0.00128715788
client,panel_mi,314,56,56,125,994bc72760dcfe7fa4dcb4204fd49276c86f3b5d7563bd03968bb98375e50059,10,neutral,False,-0,,,,,neutral,0.2471958846,0.07418297231,0.009743497541,0.02544221519,,,,,0.001248664572,0,1,0,0.06796328723,0.928501904,0.003534878837
client,panel_mi,314,56,56,127,994bc72760dcfe7fa4dcb4204fd49276c86f3b5d7563bd03968bb98375e50059,10,change,False,0.2959032743,,,,,change,0.5801194906,0.4366267353,0.07139143328,0.03143181475,,,,,0.002628597431,0.9,0.1,0,0.7076576948,0.285328567,0.00701378379
client,panel_mi,314,56,56,129,994bc72760dcfe7fa4dcb4204fd49276c86f3b5d7563bd03968bb98375e50059,10,sustain,False,0.6126016193,,,,,neutral,0.7687945962,0.8850574493,0.13218474,0.05749904711,,,,,0.01028037537,0,0.4,0.6,0.06774064153,0.6164309978,0.3158282936
client,panel_mi,314,56,56,131,994bc72760dcfe7fa4dcb4204fd49276c86f3b5d7563bd03968bb98375e50059,10,change,False,0.2959032743,,,,,sustain,0.6698595881,1.755811501,1.046089995,0.3815968562,,,,,0.01154801063,0.9,0.1,0,0.1894897819,0.07522037625,0.7352898717
client,panel_mi,314,56,56,133,994bc72760dcfe7fa4dcb4204fd49276c86f3b5d7563bd03968bb98375e50059,10,neutral,False,0.5560326499,,,,,neutral,0.4163210988,0.7999928743,0.07206437208,0.04372367247,,,,,0.003692856524,0.3,0.7,0,0.09585891664,0.8711863756,0.03295474127
client,panel_mi,314,56,56,135,994bc72760dcfe7fa4dcb4204fd49276c86f3b5d7563bd03968bb98375e50059,10,neutral,False,0.5560326499,,,,,neutral,0.7262236476,0.7128947318,0.07385206122,0.02825065153,,,,,0.003909311257,0.3,0.7,0,0.477353245,0.4958443642,0.02680234239
client,panel_mi,314,56,56,137,994bc72760dcfe7fa4dcb4204fd49276c86f3b5d7563bd03968bb98375e50059,10,change,False,0.5560326499,,,,,change,0.6391028762,0.7574965388,0.03389280791,0.04326326466,,,,,0.004994216375,0.7,0.3,0,0.7635198832,0.1502556503,0.08622455597
client,panel_mi,314,56,56,139,994bc72760dcfe7fa4dcb4204fd49276c86f3b5d7563bd03968bb98375e50059,10,neutral,False,0.6126016193,,,,,neutral,0.2414404303,1.186812642,0.229947397,0.09371275743,,,,,0.001224190695,0.4,0.6,0,0.05692025274,0.9349287152,0.00815105997
client,panel_mi,314,56,56,141,994bc72760dcfe7fa4dcb4204fd49276c86f3b5d7563bd03968bb98375e50059,10,neutral,False,0.5560326499,,,,,neutral,0.6633799672,0.6464677066,0.001861068033,0.01223596149,,,,,0.0101551963,0,0.7,0.3,0.03456774354,0.688575983,0.2768562436
client,panel_mi,314,56,56,143,994bc72760dcfe7fa4dcb4204fd49276c86f3b5d7563bd03968bb98375e50059,10,neutral,False,0.2959032743,,,,,neutral,0.2414404303,0.3471669003,0.00314231955,0.005986180828,,,,,0.001224190695,0.1,0.9,0,0.05692025274,0.9349287152,0.00815105997
client,panel_mi,314,56,56,145,994bc72760dcfe7fa4dcb4204fd49276c86f3b5d7563bd03968bb98375e50059,10,neutral,False,-0,,,,,neutral,0.7036592364,0.3861256838,0.1762717506,0.1263775744,,,,,0.008266011253,0,1,0,0.2659149766,0.6796851158,0.05439991504
client,panel_mi,314,56,56,147,994bc72760dcfe7fa4dcb4204fd49276c86f3b5d7563bd03968bb98375e50059,10,neutral,False,-0,,,,,neutral,0.7036592364,0.3861256838,0.1762717506,0.1263775744,,,,,0.008266011253,0,1,0,0.2659149766,0.6796851158,0.05439991504
client,panel_mi,314,56,56,149,994bc72760dcfe7fa4dcb4204fd49276c86f3b5d7563bd03968bb98375e50059,10,neutral,False,0.2959032743,,,,,neutral,0.2058698088,0.3743409541,0.006566059509,0.01198941594,,,,,0.00550761167,0.1,0.9,0,0.03752627224,0.9500995874,0.01237411238
client,panel_mi,314,56,56,151,994bc72760dcfe7fa4dcb4204fd49276c86f3b5d7563bd03968bb98375e50059,10,neutral,False,0.2959032743,,,,,neutral,0.6643918753,0.4434755117,0.0354629726,0.03838122208,,,,,0.03676071391,0,0.9,0.1,0.08921224624,0.7469394207,0.1638483107
client,panel_mi,314,56,56,153,994bc72760dcfe7fa4dcb4204fd49276c86f3b5d7563bd03968bb98375e50059,10,neutral,False,0.2959032743,,,,,change,0.5344536304,1.479696873,0.9586041887,0.2776900771,,,,,0.00685107708,0.1,0.9,0,0.7827675939,0.1985142678,0.01871814579
client,panel_mi,314,56,56,155,994bc72760dcfe7fa4dcb4204fd49276c86f3b5d7563bd03968bb98375e50059,10,neutral,False,-0,,,,,change,0.20526357,2.930627346,1.78756331,0.5875714596,,,,,0.001470297342,0,1,0,0.9441593289,0.05336356163,0.002477181377
client,panel_mi,314,56,56,157,994bc72760dcfe7fa4dcb4204fd49276c86f3b5d7563bd03968bb98375e50059,10,neutral,False,0.6126016193,,,,,change,0.6742600799,0.7914017081,0.09693416359,0.03079867169,,,,,0.007614386268,0.4,0.6,0,0.6107086539,0.3714852929,0.01780604944
client,panel_mi,314,56,56,159,994bc72760dcfe7fa4dcb4204fd49276c86f3b5d7563bd03968bb98375e50059,10,neutral,False,0.2959032743,,,,,neutral,0.4163210988,0.3585972041,0.001933388494,0.0115603236,,,,,0.003692856524,0.1,0.9,0,0.09585891664,0.8711863756,0.03295474127
client,panel_mi,314,56,56,161,994bc72760dcfe7fa4dcb4204fd49276c86f3b5d7563bd03968bb98375e50059,10,neutral,False,0.6126016193,,,,,change,0.6747211814,0.9987774134,0.2292650731,0.08057824787,,,,,0.02219298668,0.4,0.6,0,0.7089358568,0.2380434722,0.05302072689
client,panel_mi,314,56,56,163,994bc72760dcfe7fa4dcb4204fd49276c86f3b5d7563bd03968bb98375e50059,10,neutral,False,0.6126016193,,,,,change,0.6483156085,0.744120121,0.06438833832,0.01824489475,,,,,0.01520405896,0.4,0.6,0,0.5764344931,0.417722553,0.005842970219
client,panel_mi,314,56,56,165,994bc72760dcfe7fa4dcb4204fd49276c86f3b5d7563bd03968bb98375e50059,10,neutral,False,0.2959032743,,,,,change,0.9542246461,0.9964264393,0.444910204,0.1854868003,,,,,0.03015587665,0.1,0.9,0,0.4418111742,0.3619038165,0.1962850541
client,panel_mi,314,56,56,167,994bc72760dcfe7fa4dcb4204fd49276c86f3b5d7563bd03968bb98375e50059,10,neutral,False,0.5560326499,,,,,change,0.9895482063,1.130210733,0.2677579097,0.1514197306,,,,,0.07718280703,0.3,0.7,0,0.4057058394,0.2928891778,0.3014049828
client,panel_mi,314,56,56,169,994bc72760dcfe7fa4dcb4204fd49276c86f3b5d7563bd03968bb98375e50059,10,neutral,False,0.5560326499,,,,,change,0.8110932708,0.8260662913,0.1423707703,0.05976370681,,,,,0.02753486671,0.3,0.7,0,0.5246351957,0.4050908983,0.07027389854
client,panel_mi,314,56,56,171,994bc72760dcfe7fa4dcb4204fd49276c86f3b5d7563bd03968bb98375e50059,10,neutral,False,0.6126016193,,,,,neutral,0.6204616427,1.258389658,0.1691644988,0.1315443893,,,,,0.041874744,0.4,0.6,0,0.06418592483,0.7659269571,0.1698871702
client,panel_mi,314,56,56,173,994bc72760dcfe7fa4dcb4204fd49276c86f3b5d7563bd03968bb98375e50059,10,neutral,False,0.5560326499,,,,,neutral,0.2414404005,0.9069309428,0.1143457266,0.05668450183,,,,,0.001224173116,0.3,0.7,0,0.05692020804,0.9349287152,0.008151076734
client,panel_mi,314,66,66,1,60300796ba7899fd40ecbaa91387c5ca83e5757c4513c7aae95783e2e3877244,10,neutral,False,-0,,,,,neutral,0.5444754362,0.2956446111,0.1278956338,0.09812929634,,,,,0.004246522672,0,1,0,0.2496939003,0.7440518141,0.006254285574
client,panel_mi,314,66,66,3,60300796ba7899fd40ecbaa91387c5ca83e5757c4513c7aae95783e2e3877244,10,neutral,False,-0,,,,,change,0.5608680248,1.213459373,0.9865055271,0.3440963682,,,,,0.004282270093,0,1,0,0.7018054128,0.2971674502,0.001027054852
client,panel_mi,314,66,66,5,60300796ba7899fd40ecbaa91387c5ca83e5757c4513c7aae95783e2e3877244,10,change,True,0.9602297179,,,,,neutral,0.9689818621,1.194909465,0.0897831992,0.03599105547,,,,,0.007031316403,0.4,0.2,0.4,0.2255096138,0.4357592463,0.3387311101
client,panel_mi,314,66,66,7,60300796ba7899fd40ecbaa91387c5ca83e5757c4513c7aae95783e2e3877244,10,change,True,0.6309297536,,,,,neutral,0.3344794512,1.368768971,0.3480763261,0.1280823658,,,,,0.002060343046,0.5,0.5,0,0.07153297961,0.9048908353,0.02357626706
client,panel_mi,314,66,66,9,60300796ba7899fd40ecbaa91387c5ca83e5757c4513c7aae95783e2e3877244,10,sustain,False,0.8586727111,,,,,sustain,0.8113327622,1.186704379,0.1092669537,0.05371412253,,,,,0.00572357839,0.4,0.1,0.5,0.1301206499,0.2322328091,0.6376465559
client,panel_mi,314,66,66,11,60300796ba7899fd40ecbaa91387c5ca83e5757c4513c7aae95783e2e3877244,10,sustain,False,0.7298466992,,,,,neutral,0.5696260929,1.804831195,0.707115419,0.2140614701,,,,,0.004091033246,0.1,0.2,0.7,0.07934055477,0.8046676517,0.1159917489
client,panel_mi,314,66,66,13,60300796ba7899fd40ecbaa91387c5ca83e5757c4513c7aae95783e2e3877244,10,sustain,False,0.7298466992,,,,,change,0.9295492768,1.16074264,0.2745131793,0.08700031828,,,,,0.005526450928,0.2,0.1,0.7,0.5128675699,0.196235925,0.2908964753
client,panel_mi,314,66,66,16,60300796ba7899fd40ecbaa91387c5ca83e5757c4513c7aae95783e2e3877244,10,change,False,0.5560326499,,,,,sustain,0.9823288918,1.285444367,0.3706114488,0.1981236844,,,,,0.006750857923,0.7,0.3,0,0.2593894601,0.3210504055,0.4195601046
client,panel_mi,314,66,66,18,60300796ba7899fd40ecbaa91387c5ca83e5757c4513c7aae95783e2e3877244,10,change,False,0.2959032743,,,,,neutral,0.9291779399,1.705191118,0.8130046343,0.3330215373,,,,,0.00706925476,0.9,0.1,0,0.1638191044,0.4625601768,0.3736207187
client,panel_mi,314,66,66,20,60300796ba7899fd40ecbaa91387c5ca83e5757c4513c7aae95783e2e3877244,10,change,False,0.2959032743,,,,,change,0.640481472,0.4322249919,0.04692777745,0.03225802432,,,,,0.004027889576,0.9,0.1,0,0.7296463251,0.2263909876,0.04396272451
client,panel_mi,314,66,66,22,60300796ba7899fd40ecbaa91387c5ca83e5757c4513c7aae95783e2e3877244,10,sustain,False,0.9372305632,,,,,neutral,0.6425856948,2.281095234,0.3827698452,0.178821585,,,,,0.004922713153,0.2,0.3,0.5,0.2995578349,0.6791163087,0.02132588625
client,panel_mi,314,66,66,24,60300796ba7899fd40ecbaa91387c5ca83e5757c4513c7aae95783e2e3877244,10,neutral,False,0.2959032743,,,,,neutral,0.5252976418,0.4071055293,0.05208724634,0.0227375489,,,,,0.004261843394,0.1,0.9,0,0.2612221539,0.7384618521,0.0003159825574
client,panel_mi,314,66,66,26,60300796ba7899fd40ecbaa91387c5ca83e5757c4513c7aae95783e2e3877244,10,change,False,-0,,,,,neutral,0.9230864644,1.836462617,1.065997441,0.4610715045,,,,,0.007057785988,1,0,0,0.1593802124,0.4752414227,0.3653784394
client,panel_mi,314,66,66,28,60300796ba7899fd40ecbaa91387c5ca83e5757c4513c7aae95783e2e3877244,10,change,False,-0,,,,,change,0.8252723217,0.4556619525,0.2022871501,0.1475026224,,,,,0.004871235695,1,0,0,0.6340281367,0.2092923224,0.1566795111
client,panel_mi,314,66,66,30,60300796ba7899fd40ecbaa91387c5ca83e5757c4513c7aae95783e2e3877244,10,change,False,0.2959032743,,,,,neutral,0.7635719776,1.060606736,0.4897301106,0.2272549302,,,,,0.005693819374,0.9,0,0.1,0.4356569648,0.5205362439,0.04380680621
client,panel_mi,314,109,109,1,f92544f5ed508add4c093c58e76fce40d49ca14b51000a7b8770e0152039d485,10,neutral,False,-0,,,,,neutral,0.3370930552,0.1055676639,0.01731119286,0.03604341527,,,,,0.001893885084,0,1,0,0.08367308229,0.8998135328,0.01651334576
client,panel_mi,314,109,109,3,f92544f5ed508add4c093c58e76fce40d49ca14b51000a7b8770e0152039d485,10,neutral,False,0.2959032743,,,,,neutral,0.6519088745,0.5650752425,0.1864386815,0.06741900817,,,,,0.004526657518,0.1,0.9,0,0.4012126327,0.5907350779,0.008052286692
client,panel_mi,314,109,109,5,f92544f5ed508add4c093c58e76fce40d49ca14b51000a7b8770e0152039d485,10,neutral,True,0.6309297536,,,,,change,0.9263259768,1.443193734,0.4104799249,0.2297280142,,,,,0.00571021717,0,0.5,0.5,0.5211406946,0.2787897885,0.200069502
client,panel_mi,314,109,109,7,f92544f5ed508add4c093c58e76fce40d49ca14b51000a7b8770e0152039d485,10,sustain,False,0.2959032743,,,,,sustain,0.8672759533,0.8236914635,0.2939198635,0.1582867924,,,,,0.005054842215,0,0.1,0.9,0.3784688711,0.1095894203,0.511941731
client,panel_mi,314,109,109,9,f92544f5ed508add4c093c58e76fce40d49ca14b51000a7b8770e0152039d485,10,neutral,False,0.5816718657,,,,,neutral,0.5233089328,1.013541698,0.03521551637,0.0482735239,,,,,0.005930808838,0.1,0.8,0.1,0.001621855772,0.747458756,0.2509194314
client,panel_mi,314,109,109,11,f92544f5ed508add4c093c58e76fce40d49ca14b51000a7b8770e0152039d485,10,neutral,False,0.8586727111,,,,,neutral,0.7295178175,0.9953774035,0.03858965267,0.01266263269,,,,,0.006843643729,0.1,0.5,0.4,0.05853142589,0.6549173594,0.2865512371
client,panel_mi,314,109,109,13,f92544f5ed508add4c093c58e76fce40d49ca14b51000a7b8770e0152039d485,10,neutral,False,0.5560326499,,,,,neutral,0.8147751093,1.320764434,0.3083989865,0.2068727399,,,,,0.007854057476,0.3,0.7,0,0.06852139533,0.4780816138,0.4533970356
client,panel_mi,314,109,109,15,f92544f5ed508add4c093c58e76fce40d49ca14b51000a7b8770e0152039d485,10,sustain,False,0.2959032743,,,,,sustain,0.5399347544,0.3838047072,0.01246657436,0.019202217,,,,,0.004338486586,0,0.1,0.9,0.04581432045,0.1453502476,0.8088353872
client,panel_mi,314,109,109,17,f92544f5ed508add4c093c58e76fce40d49ca14b51000a7b8770e0152039d485,10,sustain,False,0.6126016193,,,,,change,0.7187234163,2.248630285,0.7483962224,0.3671288626,,,,,0.00428412389,0,0.4,0.6,0.6613899469,0.2840621471,0.0545479171
client,panel_mi,314,109,109,19,f92544f5ed508add4c093c58e76fce40d49ca14b51000a7b8770e0152039d485,10,change,False,-0,,,,,change,0.940534234,0.7679130435,0.4461385587,0.2359942328,,,,,0.005674827378,1,0,0,0.4639803767,0.1809379607,0.3550816476
client,panel_mi,314,109,109,21,f92544f5ed508add4c093c58e76fce40d49ca14b51000a7b8770e0152039d485,10,change,False,-0,,,,,sustain,0.779981792,0.7585532665,0.5171570205,0.233494454,,,,,0.004187643994,1,0,0,0.4683434963,0.04999377578,0.4816627502
client,panel_mi,314,109,109,23,f92544f5ed508add4c093c58e76fce40d49ca14b51000a7b8770e0152039d485,10,change,True,0.6309297536,,,,,neutral,0.1393320411,1.850983147,0.4451153246,0.1711795346,,,,,0.0006346797454,0.5,0.5,0,0.02546602488,0.9689365625,0.005597445183
client,panel_mi,314,109,109,25,f92544f5ed508add4c093c58e76fce40d49ca14b51000a7b8770e0152039d485,10,neutral,False,0.7298466992,,,,,change,0.8519359231,1.663727582,0.557913535,0.1981949688,,,,,0.004742448218,0.1,0.7,0.2,0.6008914113,0.1482444704,0.2508641779
client,panel_mi,314,109,109,27,f92544f5ed508add4c093c58e76fce40d49ca14b51000a7b8770e0152039d485,10,neutral,False,0.7298466992,,,,,sustain,0.9991772771,1.128868032,0.2267954811,0.08215509132,,,,,0.006912557874,0.2,0.7,0.1,0.3304952681,0.3175363839,0.351968348
client,panel_mi,314,109,109,29,f92544f5ed508add4c093c58e76fce40d49ca14b51000a7b8770e0152039d485,10,change,False,-0,,,,,sustain,0.6903157234,1.544796586,1.135124403,0.4110268812,,,,,0.003903044388,1,0,0,0.2133552581,0.0716785714,0.7149661779
client,panel_mi,314,109,109,31,f92544f5ed508add4c093c58e76fce40d49ca14b51000a7b8770e0152039d485,10,change,False,-0,,,,,neutral,0.7031023502,1.818194628,1.241243306,0.4581677308,,,,,0.004974070005,1,0,0,0.1623185575,0.7259873152,0.1116941795
client,panel_mi,314,109,109,33,f92544f5ed508add4c093c58e76fce40d49ca14b51000a7b8770e0152039d485,10,neutral,False,0.5560326499,,,,,neutral,0.2311311811,1.180801282,0.1377060638,0.09191007502,,,,,0.001401433139,0.3,0.7,0,0.02234374359,0.9438675642,0.03378872946
client,panel_mi,314,109,109,35,f92544f5ed508add4c093c58e76fce40d49ca14b51000a7b8770e0152039d485,10,change,False,-0,,,,,neutral,0.8166332841,1.988425493,1.200622605,0.4840874508,,,,,0.006566867232,1,0,0,0.136910826,0.6355522275,0.2275369167
client,panel_mi,314,109,109,37,f92544f5ed508add4c093c58e76fce40d49ca14b51000a7b8770e0152039d485,10,change,False,-0,,,,,change,0.7475705743,0.3838482797,0.1603552351,0.1256770857,,,,,0.004210344516,1,0,0,0.681234777,0.2223839313,0.0963812992
client,panel_mi,314,109,109,39,f92544f5ed508add4c093c58e76fce40d49ca14b51000a7b8770e0152039d485,10,change,False,-0,,,,,sustain,0.4281214476,2.390343666,1.580861051,0.5358361914,,,,,0.002224934753,1,0,0,0.09159819782,0.04003285244,0.8683689237
client,panel_mi,314,109,109,41,f92544f5ed508add4c093c58e76fce40d49ca14b51000a7b8770e0152039d485,10,change,False,-0,,,,,change,0.2914055586,0.08000615239,0.009189366205,0.02741656271,,,,,0.001101603732,1,0,0,0.9231106639,0.0257677082,0.0511216335
client,panel_mi,314,109,109,43,f92544f5ed508add4c093c58e76fce40d49ca14b51000a7b8770e0152039d485,10,neutral,False,0.6126016193,,,,,change,0.5259253383,0.9239000797,0.2272866298,0.05926373624,,,,,0.003398727626,0.4,0.6,0,0.737010777,0.2627904117,0.0001988059812
client,panel_mi,314,109,109,45,f92544f5ed508add4c093c58e76fce40d49ca14b51000a7b8770e0152039d485,10,neutral,False,-0,,,,,neutral,0.2757132649,0.08561765403,0.01267917059,0.02931594864,,,,,0.00147639541,0,1,0,0.07694170624,0.917945087,0.005113149993
client,panel_mi,314,130,130,0,957962b55a53a08db5f378e511817642230cbd4d6d1cf4d43dd6a4b63131ccc1,10,neutral,False,-0,,,,,neutral,0.6898879409,0.4292008579,0.2222311671,0.1395240181,,,,,0.0108880382,0,1,0,0.03384371474,0.6510291696,0.3151271641
client,panel_mi,314,130,130,2,957962b55a53a08db5f378e511817642230cbd4d6d1cf4d43dd6a4b63131ccc1,10,neutral,True,0.6309297536,,,,,neutral,0.4474188983,1.282771036,0.3020516345,0.1202603789,,,,,0.005013408139,0,0.5,0.5,0.04899431393,0.861800015,0.08920571953
client,panel_mi,314,130,130,4,957962b55a53a08db5f378e511817642230cbd4d6d1cf4d43dd6a4b63131ccc1,10,neutral,False,0.8173454221,,,,,sustain,0.9659171104,1.059109902,0.1109228354,0.03973232592,,,,,0.0109044034,0.1,0.6,0.3,0.2248196602,0.3283619285,0.4468184114
client,panel_mi,314,130,130,6,957962b55a53a08db5f378e511817642230cbd4d6d1cf4d43dd6a4b63131ccc1,10,sustain,False,0.2959032743,,,,,sustain,0.8858383894,0.6599061847,0.1662341708,0.1051575442,,,,,0.009697260335,0.1,0,0.9,0.1931844503,0.2301830798,0.5766324401
client,panel_mi,314,130,130,8,957962b55a53a08db5f378e511817642230cbd4d6d1cf4d43dd6a4b63131ccc1,10,change,False,0.2959032743,,,,,change,0.8397083282,0.5811294675,0.118745161,0.07963610209,,,,,0.007081155665,0.9,0.1,0,0.619328022,0.2233057022,0.1573662311
client,panel_mi,314,130,130,10,957962b55a53a08db5f378e511817642230cbd4d6d1cf4d43dd6a4b63131ccc1,10,sustain,False,0.455485915,,,,,neutral,0.9106321335,0.8531568766,0.2175618405,0.1004278679,,,,,0.0117955897,0,0.2,0.8,0.1395301521,0.4371215701,0.423348248
client,panel_mi,314,130,130,12,957962b55a53a08db5f378e511817642230cbd4d6d1cf4d43dd6a4b63131ccc1,10,neutral,False,-0,,,,,neutral,0.7362208962,0.3646982908,0.1456286454,0.1197652732,,,,,0.00927281566,0,1,0,0.1001318321,0.6944061518,0.2054620683
client,panel_mi,314,130,130,14,957962b55a53a08db5f378e511817642230cbd4d6d1cf4d43dd6a4b63131ccc1,10,sustain,False,0.455485915,,,,,sustain,0.9450307488,0.8255113125,0.1699169766,0.09796873883,,,,,0.01119703241,0,0.2,0.8,0.1887813061,0.3469176292,0.4643010199
client,panel_mi,314,130,130,16,957962b55a53a08db5f378e511817642230cbd4d6d1cf4d43dd6a4b63131ccc1,10,neutral,False,0.9372305632,,,,,neutral,0.8562312722,1.193719184,0.06543443616,0.03656877225,,,,,0.008897467516,0.2,0.5,0.3,0.3628204465,0.531878531,0.1053010076
client,panel_mi,314,130,130,18,957962b55a53a08db5f378e511817642230cbd4d6d1cf4d43dd6a4b63131ccc1,10,change,False,0.2959032743,,,,,sustain,0.9737225175,1.372833109,0.6649330908,0.2798679888,,,,,0.01065756939,0.9,0.1,0,0.2477311343,0.3104818463,0.4417870641
client,panel_mi,314,130,130,20,957962b55a53a08db5f378e511817642230cbd4d6d1cf4d43dd6a4b63131ccc1,10,change,False,0.2959032743,,,,,neutral,0.6489697695,0.8279881477,0.4475586214,0.1367386984,,,,,0.007403296418,0.9,0.1,0,0.4241886139,0.570245862,0.005565560888
client,panel_mi,2718,7,7,1,7fe3d6029ec1e666f41b728458a973e8e2e6924c09046427a23859dcc7b3d75a,10,neutral,False,0.2959032743,,,,,neutral,0.7282253504,0.9737082362,0.3799424063,0.2010311016,,,,,0.06666584313,0.1,0.9,0,0.0277532991,0.5047806501,0.4674660265
client,panel_mi,2718,7,7,3,7fe3d6029ec1e666f41b728458a973e8e2e6924c09046427a23859dcc7b3d75a,10,neutral,False,-0,,,,,neutral,0.3320348561,0.1077595204,0.01886026055,0.03678013647,,,,,0.002662165556,0,1,0,0.09111779183,0.8978434801,0.01103875041
client,panel_mi,2718,7,7,5,7fe3d6029ec1e666f41b728458a973e8e2e6924c09046427a23859dcc7b3d75a,10,neutral,False,0.455485915,,,,,neutral,0.7233456373,0.6045329332,0.01871248945,0.03545577888,,,,,0.0391635336,0,0.8,0.2,0.09791813046,0.7045084238,0.1975734681
client,panel_mi,2718,7,7,7,7fe3d6029ec1e666f41b728458a973e8e2e6924c09046427a23859dcc7b3d75a,10,neutral,False,0.2959032743,,,,,neutral,0.1745168269,0.4538214292,0.01143380706,0.02615129267,,,,,0.002358679892,0,0.9,0.1,0.02389888093,0.960772872,0.01532823034
client,panel_mi,2718,7,7,9,7fe3d6029ec1e666f41b728458a973e8e2e6924c09046427a23859dcc7b3d75a,10,neutral,False,-0,,,,,neutral,0.3320349753,0.1077596545,0.01886029174,0.03678015332,,,,,0.002662158804,0,1,0,0.09111782908,0.8978433609,0.01103875227
client,panel_mi,2718,7,7,11,7fe3d6029ec1e666f41b728458a973e8e2e6924c09046427a23859dcc7b3d75a,10,neutral,False,0.2959032743,,,,,neutral,0.6539931297,0.4447526932,0.03214973351,0.03956874023,,,,,0.007034332491,0.1,0.9,0,0.1428292692,0.7573454976,0.09982524812
client,panel_mi,2718,7,7,13,7fe3d6029ec1e666f41b728458a973e8e2e6924c09046427a23859dcc7b3d75a,10,neutral,False,-0,,,,,neutral,0.3320348561,0.1077595204,0.01886026055,0.03678013647,,,,,0.002662165556,0,1,0,0.09111779183,0.8978434801,0.01103875041
client,panel_mi,2718,7,7,15,7fe3d6029ec1e666f41b728458a973e8e2e6924c09046427a23859dcc7b3d75a,10,sustain,False,0.6126016193,,,,,neutral,0.5830712914,1.011977744,0.2655823099,0.08027482204,,,,,0.008965759538,0,0.4,0.6,0.02447272837,0.7515519857,0.223975271
client,panel_mi,2718,7,7,17,7fe3d6029ec1e666f41b728458a973e8e2e6924c09046427a23859dcc7b3d75a,10,sustain,False,0.6126016193,,,,,neutral,0.4496065676,1.315794235,0.4286579004,0.1353697943,,,,,0.004294439219,0,0.4,0.6,0.02635679208,0.8492153287,0.1244279146
client,panel_mi,2718,7,7,19,7fe3d6029ec1e666f41b728458a973e8e2e6924c09046427a23859dcc7b3d75a,10,neutral,False,0.455485915,,,,,neutral,0.7077234983,0.5855990171,0.01547503922,0.02883830647,,,,,0.008930225857,0,0.8,0.2,0.07838267833,0.7048655152,0.2167518586
client,panel_mi,2718,7,7,21,7fe3d6029ec1e666f41b728458a973e8e2e6924c09046427a23859dcc7b3d75a,10,neutral,False,0.5816718657,,,,,sustain,0.5409650207,1.672104394,0.7921250781,0.2524886727,,,,,0.01457710844,0.1,0.8,0.1,0.01388998795,0.2181539536,0.7679560781
client,panel_mi,2718,7,7,23,7fe3d6029ec1e666f41b728458a973e8e2e6924c09046427a23859dcc7b3d75a,10,sustain,False,0.455485915,,,,,neutral,0.5933064818,1.825456649,0.8407146632,0.2778478773,,,,,0.01697095297,0,0.2,0.8,0.09815338254,0.7936765552,0.1081700176
client,panel_mi,2718,7,7,25,7fe3d6029ec1e666f41b728458a973e8e2e6924c09046427a23859dcc7b3d75a,10,neutral,True,0.6309297536,,,,,neutral,0.3320348561,2.307051443,0.4056649903,0.2107681485,,,,,0.002662165556,0,0.5,0.5,0.09111779183,0.8978434801,0.01103875041
client,panel_mi,2718,7,7,27,7fe3d6029ec1e666f41b728458a973e8e2e6924c09046427a23859dcc7b3d75a,10,neutral,False,-0,,,,,neutral,0.2743018568,0.09218201786,0.01541375478,0.0315339271,,,,,0.003016971517,0,1,0,0.08751423657,0.9119391441,0.0005466648727
client,panel_mi,2718,7,7,29,7fe3d6029ec1e666f41b728458a973e8e2e6924c09046427a23859dcc7b3d75a,10,neutral,False,-0,,,,,neutral,0.3320348561,0.1077595204,0.01886026055,0.03678013647,,,,,0.002662165556,0,1,0,0.09111779183,0.8978434801,0.01103875041
client,panel_mi,2718,7,7,31,7fe3d6029ec1e666f41b728458a973e8e2e6924c09046427a23859dcc7b3d75a,10,neutral,False,-0,,,,,neutral,0.1930974126,0.05530866981,0.005743187842,0.01902003822,,,,,0.001595097361,0,1,0,0.05336481333,0.9461930394,0.0004421910271
client,panel_mi,2718,7,7,33,7fe3d6029ec1e666f41b728458a973e8e2e6924c09046427a23859dcc7b3d75a,10,neutral,False,0.6126016193,,,,,neutral,0.1651090086,1.764360564,0.2823853448,0.1440597813,,,,,0.003445163369,0.4,0.6,0,0.01284652762,0.9632140398,0.02393940091
client,panel_mi,2718,7,7,35,7fe3d6029ec1e666f41b728458a973e8e2e6924c09046427a23859dcc7b3d75a,10,neutral,False,0.2959032743,,,,,neutral,0.790589571,0.5373757601,0.1029147153,0.06452396679,,,,,0.01618277095,0.1,0.9,0,0.2574342787,0.6399869919,0.1025787443
client,panel_mi,2718,7,7,37,7fe3d6029ec1e666f41b728458a973e8e2e6924c09046427a23859dcc7b3d75a,10,neutral,False,0.7298466992,,,,,neutral,0.6408835053,0.9901369125,0.04055889039,0.03902425814,,,,,0.01226999704,0.2,0.7,0.1,0.04482667893,0.7304658294,0.224707514
client,panel_mi,2718,7,7,39,7fe3d6029ec1e666f41b728458a973e8e2e6924c09046427a23859dcc7b3d75a,10,neutral,False,0.455485915,,,,,neutral,0.3320348561,0.9874762893,0.05358215243,0.08447181845,,,,,0.002662165556,0,0.8,0.2,0.09111779183,0.8978434801,0.01103875041
client,panel_mi,2718,7,7,41,7fe3d6029ec1e666f41b728458a973e8e2e6924c09046427a23859dcc7b3d75a,10,neutral,False,0.2959032743,,,,,neutral,0.6394283175,1.246707922,0.388199619,0.2244161477,,,,,0.01003091596,0,0.9,0.1,0.4814941287,0.5170475841,0.001458282233
client,panel_mi,2718,7,7,43,7fe3d6029ec1e666f41b728458a973e8e2e6924c09046427a23859dcc7b3d75a,10,sustain,False,0.8586727111,,,,,neutral,0.5535589457,1.355643421,0.293957322,0.09109359832,,,,,0.01121185161,0.1,0.4,0.5,0.05310126022,0.8046697378,0.1422289163
client,panel_mi,2718,7,7,45,7fe3d6029ec1e666f41b728458a973e8e2e6924c09046427a23859dcc7b3d75a,10,neutral,False,0.5816718657,,,,,change,0.8334284425,1.143426406,0.4175451977,0.1345749952,,,,,0.02054811828,0.1,0.8,0.1,0.5594430566,0.3456528783,0.09490408003
client,panel_mi,2718,7,7,47,7fe3d6029ec1e666f41b728458a973e8e2e6924c09046427a23859dcc7b3d75a,10,change,False,0.2959032743,,,,,change,0.5941076279,0.4134548753,0.04242617874,0.02594081615,,,,,0.00617070822,0.9,0.1,0,0.7432830334,0.2312067002,0.02551025152
client,panel_mi,2718,7,7,49,7fe3d6029ec1e666f41b728458a973e8e2e6924c09046427a23859dcc7b3d75a,10,change,False,0.2959032743,,,,,neutral,0.481436938,1.466068451,0.9706176904,0.2746918984,,,,,0.008914072998,0.9,0.1,0,0.2012110502,0.7944732308,0.004315746017
client,panel_mi,2718,7,7,51,7fe3d6029ec1e666f41b728458a973e8e2e6924c09046427a23859dcc7b3d75a,10,change,False,-0,,,,,change,0.8769900799,0.5572943687,0.2802190624,0.1774545407,,,,,0.007458435837,1,0,0,0.5727566481,0.2702508867,0.1569924802
client,panel_mi,2718,7,7,53,7fe3d6029ec1e666f41b728458a973e8e2e6924c09046427a23859dcc7b3d75a,10,change,False,0.6126016193,,,,,neutral,0.3320349753,1.480464911,0.5069309299,0.1576132249,,,,,0.002662158804,0.6,0.4,0,0.09111782908,0.8978433609,0.01103875227
client,panel_mi,2718,7,7,55,7fe3d6029ec1e666f41b728458a973e8e2e6924c09046427a23859dcc7b3d75a,10,change,False,0.5560326499,,,,,neutral,0.3321616352,1.584069176,0.6939902686,0.1971474158,,,,,0.00341141643,0.7,0.3,0,0.1094966531,0.887611866,0.002891513053
client,panel_mi,2718,7,7,57,7fe3d6029ec1e666f41b728458a973e8e2e6924c09046427a23859dcc7b3d75a,10,neutral,False,0.6126016193,,,,,sustain,0.8389168978,1.648793292,0.5919937367,0.288811709,,,,,0.009047653526,0.4,0.6,0,0.1642269343,0.2135997266,0.6221733093
client,panel_mi,2718,7,7,59,7fe3d6029ec1e666f41b728458a973e8e2e6924c09046427a23859dcc7b3d75a,10,neutral,False,0.455485915,,,,,neutral,0.2427832335,0.581593281,0.03148399186,0.01725244728,,,,,0.005333042238,0.2,0.8,0,0.07444137335,0.9253753424,0.0001832477283
client,panel_mi,2718,7,7,61,7fe3d6029ec1e666f41b728458a973e8e2e6924c09046427a23859dcc7b3d75a,10,neutral,False,0.5560326499,,,,,neutral,0.3298684657,1.377522089,0.1300988863,0.1177968635,,,,,0.01181497239,0.3,0.7,0,0.01294242125,0.9005191922,0.08653835207
client,panel_mi,2718,7,7,63,7fe3d6029ec1e666f41b728458a973e8e2e6924c09046427a23859dcc7b3d75a,10,neutral,False,0.455485915,,,,,neutral,0.2201521993,0.6087444127,0.03780832907,0.02231692307,,,,,0.001938608824,0.2,0.8,0,0.06186727807,0.9368430376,0.00128967606
client,panel_mi,2718,7,7,65,7fe3d6029ec1e666f41b728458a973e8e2e6924c09046427a23859dcc7b3d75a,10,neutral,False,0.455485915,,,,,neutral,0.4348195195,0.5024505258,0.0007603839063,0.0005815479722,,,,,0.007157264743,0.2,0.8,0,0.1801298559,0.8191043139,0.0007658138638
client,panel_mi,2718,27,27,1,e883cab14c33a28c3bf1e25281ef335a7bcd08f31fb3e2cea1e824982af00196,10,neutral,False,0.8649735207,,,,,change,0.7581422329,1.303805411,0.2169057775,0.08569236351,,,,,0.009308191016,0.2,0.6,0.2,0.5777259469,0.3731208742,0.04915322736
client,panel_mi,2718,27,27,3,e883cab14c33a28c3bf1e25281ef335a7bcd08f31fb3e2cea1e824982af00196,10,neutral,False,0.6126016193,,,,,neutral,0.7680336237,0.9551950514,0.08708128033,0.08063544199,,,,,0.01286469121,0,0.6,0.4,0.1541503817,0.6832959056,0.1625537276
client,panel_mi,2718,27,27,5,e883cab14c33a28c3bf1e25281ef335a7bcd08f31fb3e2cea1e824982af00196,10,neutral,False,0.455485915,,,,,change,0.7327774763,1.500574017,0.6362171665,0.2925487199,,,,,0.01043325476,0,0.8,0.2,0.6244834661,0.3276837468,0.04783272743
client,panel_mi,2718,27,27,7,e883cab14c33a28c3bf1e25281ef335a7bcd08f31fb3e2cea1e824982af00196,10,neutral,False,0.8649735207,,,,,change,0.9083928466,1.184612286,0.1852884962,0.06043726036,,,,,0.0149781229,0.2,0.6,0.2,0.5218138695,0.3167365193,0.161449641
client,panel_mi,2718,27,27,9,e883cab14c33a28c3bf1e25281ef335a7bcd08f31fb3e2cea1e824982af00196,10,neutral,False,-0,,,,,neutral,0.4836552441,0.1808288097,0.04596926046,0.06106486613,,,,,0.004580681678,0,1,0,0.1323229373,0.8345782161,0.03309885412
client,panel_mi,2718,27,27,11,e883cab14c33a28c3bf1e25281ef335a7bcd08f31fb3e2cea1e824982af00196,10,neutral,False,-0,,,,,neutral,0.3884062171,0.1311723292,0.02617015408,0.04461970157,,,,,0.003526927205,0,1,0,0.1033070311,0.8770666122,0.01962634921
client,panel_mi,2718,27,27,13,e883cab14c33a28c3bf1e25281ef335a7bcd08f31fb3e2cea1e824982af00196,10,neutral,False,0.455485915,,,,,neutral,0.3578493297,0.6757172644,0.03430000652,0.04127039833,,,,,0.004956373945,0.2,0.8,0,0.05187354237,0.900405705,0.04772081226
client,panel_mi,2718,27,27,15,e883cab14c33a28c3bf1e25281ef335a7bcd08f31fb3e2cea1e824982af00196,10,sustain,False,-0,,,,,neutral,0.9787895083,1.342635393,0.8269800416,0.3715156661,,,,,0.02312682196,0,0,1,0.3056038916,0.4332396388,0.2611564994
client,panel_mi,2718,27,27,17,e883cab14c33a28c3bf1e25281ef335a7bcd08f31fb3e2cea1e824982af00196,10,sustain,False,-0,,,,,change,0.9108306766,1.80564785,1.068437648,0.4561560556,,,,,0.008476070128,0,0,1,0.5203251243,0.3153069615,0.164367944
client,panel_mi,2718,27,27,19,e883cab14c33a28c3bf1e25281ef335a7bcd08f31fb3e2cea1e824982af00196,10,sustain,False,-0,,,,,change,0.69434762,3.303338528,1.450502043,0.6137175487,,,,,0.01047432609,0,0,1,0.6530196667,0.3102201223,0.03676024079
client,panel_mi,2718,27,27,21,e883cab14c33a28c3bf1e25281ef335a7bcd08f31fb3e2cea1e824982af00196,10,sustain,False,-0,,,,,change,0.6084188819,2.896974325,1.514192927,0.5848624187,,,,,0.004367168061,0,0,1,0.7683728337,0.1764372289,0.05518995598
client,panel_mi,2718,55,55,1,1b9abf33ba8b2badfab01f2ee1f7aa958800a9808d579c0ec4e6bc41eb27f449,10,neutral,False,-0,,,,,neutral,0.612273097,0.4034395814,0.2153472224,0.1316852451,,,,,0.007775715087,0,1,0,0.3241513669,0.6680183411,0.007830202579
client,panel_mi,2718,55,55,3,1b9abf33ba8b2badfab01f2ee1f7aa958800a9808d579c0ec4e6bc41eb27f449,10,neutral,False,-0,,,,,neutral,0.6675276756,0.3622400463,0.1633720328,0.119003608,,,,,0.009482649155,0,1,0,0.2634168267,0.6961151958,0.04046794027
client,panel_mi,2718,55,55,5,1b9abf33ba8b2badfab01f2ee1f7aa958800a9808d579c0ec4e6bc41eb27f449,10,neutral,False,-0,,,,,neutral,0.3451060355,0.1019529328,0.01469240283,0.03482739713,,,,,0.006141121499,0,1,0,0.06578250229,0.9030720592,0.03114545718
client,panel_mi,2718,55,55,7,1b9abf33ba8b2badfab01f2ee1f7aa958800a9808d579c0ec4e6bc41eb27f449,10,neutral,False,-0,,,,,neutral,0.2926212847,0.0912964493,0.01404390218,0.03123493437,,,,,0.001364947297,0,1,0,0.07985004783,0.9127472043,0.00740284333
client,panel_mi,2718,55,55,9,1b9abf33ba8b2badfab01f2ee1f7aa958800a9808d579c0ec4e6bc41eb27f449,10,neutral,False,-0,,,,,neutral,0.4908439517,0.2380061299,0.08773417194,0.07969146479,,,,,0.004007826559,0,1,0,0.2070048749,0.788197875,0.004797243513
client,panel_mi,2718,55,55,11,1b9abf33ba8b2badfab01f2ee1f7aa958800a9808d579c0ec4e6bc41eb27f449,10,neutral,False,-0,,,,,neutral,0.5349964499,0.2316093296,0.07609657681,0.07762415928,,,,,0.01574190333,0,1,0,0.1807733774,0.7932559848,0.02597065642
client,panel_mi,2718,55,55,13,1b9abf33ba8b2badfab01f2ee1f7aa958800a9808d579c0ec4e6bc41eb27f449,10,neutral,False,-0,,,,,change,0.8335137963,0.9127799869,0.6304775619,0.2734781611,,,,,0.01453177165,0,1,0,0.5149431229,0.4014068246,0.08365012705
client,panel_mi,2718,55,55,15,1b9abf33ba8b2badfab01f2ee1f7aa958800a9808d579c0ec4e6bc41eb27f449,10,neutral,False,-0,,,,,neutral,0.4629579782,0.1674472243,0.03972494916,0.05665761937,,,,,0.003953310661,0,1,0,0.1221910492,0.8458212614,0.03198770434
client,panel_mi,2718,55,55,17,1b9abf33ba8b2badfab01f2ee1f7aa958800a9808d579c0ec4e6bc41eb27f449,10,neutral,False,0.2959032743,,,,,neutral,0.6868267059,0.4687484086,0.04219186707,0.04753197585,,,,,0.01532961149,0.1,0.9,0,0.1403810829,0.7388379574,0.1207809225
client,panel_mi,2718,55,55,19,1b9abf33ba8b2badfab01f2ee1f7aa958800a9808d579c0ec4e6bc41eb27f449,10,neutral,False,0.6126016193,,,,,neutral,0.4589429796,1.106491321,0.1738237656,0.09185047785,,,,,0.004484971985,0.4,0.6,0,0.07904297858,0.8587222099,0.06223483011
client,panel_mi,2718,55,55,21,1b9abf33ba8b2badfab01f2ee1f7aa958800a9808d579c0ec4e6bc41eb27f449,10,neutral,False,-0,,,,,neutral,0.5936736465,0.3758792877,0.1925193008,0.123221655,,,,,0.04430657253,0,1,0,0.3071068227,0.6866852045,0.006207991391
client,panel_mi,2718,55,55,23,1b9abf33ba8b2badfab01f2ee1f7aa958800a9808d579c0ec4e6bc41eb27f449,10,neutral,False,0.455485915,,,,,sustain,0.6837149858,1.626908457,0.7405014912,0.2509877624,,,,,0.01450743992,0,0.8,0.2,0.1182884425,0.1410586089,0.7406529188
client,panel_mi,2718,55,55,25,1b9abf33ba8b2badfab01f2ee1f7aa958800a9808d579c0ec4e6bc41eb27f449,10,neutral,False,0.6126016193,,,,,sustain,0.1983454078,2.109113841,0.6307056533,0.220972269,,,,,0.004374398384,0,0.6,0.4,0.01580485329,0.03070156835,0.9534934759
client,panel_mi,2718,55,55,27,1b9abf33ba8b2badfab01f2ee1f7aa958800a9808d579c0ec4e6bc41eb27f449,10,neutral,True,0.6309297536,,,,,neutral,0.7621228099,1.703760862,0.3285699675,0.2253260664,,,,,0.006358379032,0,0.5,0.5,0.3495398164,0.5947693586,0.05569081381
client,panel_mi,2718,55,55,29,1b9abf33ba8b2badfab01f2ee1f7aa958800a9808d579c0ec4e6bc41eb27f449,10,sustain,False,0.5560326499,,,,,sustain,0.9198304415,1.039872926,0.1800116521,0.1386757052,,,,,0.01408288442,0,0.3,0.7,0.3441613913,0.1621321738,0.4937064052
client,panel_mi,2718,55,55,31,1b9abf33ba8b2badfab01f2ee1f7aa958800a9808d579c0ec4e6bc41eb27f449,10,sustain,False,0.455485915,,,,,sustain,0.7491635084,1.104069185,0.243749858,0.1780045475,,,,,0.00513442466,0,0.2,0.8,0.4002851844,0.04113388807,0.5585808754
client,panel_mi,2718,55,55,33,1b9abf33ba8b2badfab01f2ee1f7aa958800a9808d579c0ec4e6bc41eb27f449,10,change,False,0.455485915,,,,,sustain,0.8372805715,1.310515738,0.5222161041,0.2470582725,,,,,0.008296289481,0.8,0.2,0,0.3486917317,0.09649057686,0.5548177958
client,panel_mi,2718,55,55,35,1b9abf33ba8b2badfab01f2ee1f7aa958800a9808d579c0ec4e6bc41eb27f449,10,neutral,False,0.2959032743,,,,,neutral,0.458943069,0.3908551604,0.006016227696,0.02242583947,,,,,0.004484978504,0.1,0.9,0,0.07904299349,0.8587220907,0.06223483756
client,panel_mi,2718,55,55,37,1b9abf33ba8b2badfab01f2ee1f7aa958800a9808d579c0ec4e6bc41eb27f449,10,neutral,False,-0,,,,,neutral,0.7309840322,0.343999207,0.127604259,0.1133320311,,,,,0.0370539166,0,1,0,0.1616779119,0.7089294195,0.1293926388
client,panel_mi,2718,55,55,39,1b9abf33ba8b2badfab01f2ee1f7aa958800a9808d579c0ec4e6bc41eb27f449,10,neutral,False,-0,,,,,neutral,0.7111599445,0.3239226639,0.1149233202,0.107049471,,,,,0.03900435939,0,1,0,0.1318617612,0.723306179,0.1448320597
client,panel_mi,2718,55,55,41,1b9abf33ba8b2badfab01f2ee1f7aa958800a9808d579c0ec4e6bc41eb27f449,10,neutral,False,0.5560326499,,,,,neutral,0.8882829547,0.7909599245,0.04666320686,0.06060840178,,,,,0.02438172325,0.3,0.7,0,0.276881367,0.5601302981,0.1629883498
client,panel_mi,2718,55,55,43,1b9abf33ba8b2badfab01f2ee1f7aa958800a9808d579c0ec4e6bc41eb27f449,10,neutral,False,-0,,,,,neutral,0.3387522101,0.1075660288,0.01817921988,0.03671511684,,,,,0.003601032542,0,1,0,0.08689744771,0.8980172276,0.0150853442
client,panel_mi,2718,55,55,45,1b9abf33ba8b2badfab01f2ee1f7aa958800a9808d579c0ec4e6bc41eb27f449,10,neutral,False,0.5560326499,,,,,sustain,0.9799484015,1.302321291,0.380250642,0.2016732257,,,,,0.01218935661,0.3,0.7,0,0.3259400725,0.2515754104,0.4224844873
client,panel_mi,2718,55,55,47,1b9abf33ba8b2badfab01f2ee1f7aa958800a9808d579c0ec4e6bc41eb27f449,10,neutral,False,0.8586727111,,,,,neutral,0.9586599469,0.981450665,0.01694814108,0.01025570987,,,,,0.007055727299,0.4,0.5,0.1,0.3857707381,0.4158883989,0.1983408034
client,panel_mi,2718,55,55,49,1b9abf33ba8b2badfab01f2ee1f7aa958800a9808d579c0ec4e6bc41eb27f449,10,change,False,0.8173454221,,,,,change,0.6105838418,1.020297194,0.0162994684,0.02055440652,,,,,0.02278176136,0.6,0.3,0.1,0.6933917999,0.2934067845,0.0132014975
client,panel_mi,2718,55,55,51,1b9abf33ba8b2badfab01f2ee1f7aa958800a9808d579c0ec4e6bc41eb27f449,10,neutral,False,0.2959032743,,,,,neutral,0.3974124193,0.3377679721,0.004385010904,0.00362254209,,,,,0.002411098918,0.1,0.9,0,0.1449796259,0.851526916,0.003493463155
client,panel_mi,2718,55,55,53,1b9abf33ba8b2badfab01f2ee1f7aa958800a9808d579c0ec4e6bc41eb27f449,10,neutral,False,0.5560326499,,,,,neutral,0.5465377569,0.6300978452,0.006780174528,0.005681638151,,,,,0.02699055895,0.3,0.7,0,0.2375120223,0.7527271509,0.009760877118
client,panel_mi,2718,55,55,55,1b9abf33ba8b2badfab01f2ee1f7aa958800a9808d579c0ec4e6bc41eb27f449,10,change,False,0.2959032743,,,,,neutral,0.9631709456,1.129023314,0.5289993805,0.2168718491,,,,,0.01835924946,0.9,0.1,0,0.3109446764,0.4597968459,0.2292584479
client,panel_mi,2718,55,55,57,1b9abf33ba8b2badfab01f2ee1f7aa958800a9808d579c0ec4e6bc41eb27f449,10,change,False,-0,,,,,sustain,0.8054038286,1.618727207,1.089991903,0.4244707561,,,,,0.01857202873,1,0,0,0.1981507242,0.1503767073,0.6514725089
client,panel_mi,2718,55,55,59,1b9abf33ba8b2badfab01f2ee1f7aa958800a9808d579c0ec4e6bc41eb27f449,10,change,False,-0,,,,,neutral,0.7248069644,1.273688674,0.9596660933,0.3570953406,,,,,0.008804807439,1,0,0,0.2797976136,0.661455512,0.05874678493
client,panel_mi,2718,55,55,61,1b9abf33ba8b2badfab01f2ee1f7aa958800a9808d579c0ec4e6bc41eb27f449,10,change,False,0.6126016193,,,,,neutral,0.4673251808,1.039106071,0.3092198147,0.08323291787,,,,,0.003560758661,0.6,0.4,0,0.2065544426,0.792963326,0.0004822560586
client,panel_mi,2718,55,55,63,1b9abf33ba8b2badfab01f2ee1f7aa958800a9808d579c0ec4e6bc41eb27f449,10,neutral,False,0.6126016193,,,,,neutral,0.4012401104,0.9278946728,0.1471189305,0.05549625487,,,,,0.003778237384,0.4,0.6,0,0.1223399043,0.8642816544,0.01337839663
client,panel_mi,2718,56,56,1,994bc72760dcfe7fa4dcb4204fd49276c86f3b5d7563bd03968bb98375e50059,10,neutral,False,-0,,,,,neutral,0.5608744025,0.2216705233,0.06320818755,0.07440384461,,,,,0.01473377924,0,1,0,0.05517420918,0.8011792898,0.1436465085
client,panel_mi,2718,56,56,3,994bc72760dcfe7fa4dcb4204fd49276c86f3b5d7563bd03968bb98375e50059,10,neutral,False,-0,,,,,neutral,0.580355823,0.3486863971,0.1695325088,0.1147927039,,,,,0.01723648049,0,1,0,0.2877953947,0.705614388,0.006590223406
client,panel_mi,2718,56,56,5,994bc72760dcfe7fa4dcb4204fd49276c86f3b5d7563bd03968bb98375e50059,10,neutral,False,-0,,,,,neutral,0.9414181709,0.6827607155,0.3680970682,0.2129030412,,,,,0.01395442057,0,1,0,0.2263344973,0.505220294,0.268445164
client,panel_mi,2718,56,56,7,994bc72760dcfe7fa4dcb4204fd49276c86f3b5d7563bd03968bb98375e50059,10,neutral,False,0.2959032743,,,,,sustain,0.4804965556,2.368714905,1.359672745,0.481348033,,,,,0.005644869991,0.1,0.9,0,0.05382490158,0.09953591973,0.8466391563
client,panel_mi,2718,56,56,9,994bc72760dcfe7fa4dcb4204fd49276c86f3b5d7563bd03968bb98375e50059,10,neutral,True,0.6309297536,,,,,neutral,0.7112346292,1.069828674,0.1756412022,0.09498281647,,,,,0.0170400627,0,0.5,0.5,0.11577712,0.7209793925,0.1632434577
client,panel_mi,2718,56,56,11,994bc72760dcfe7fa4dcb4204fd49276c86f3b5d7563bd03968bb98375e50059,10,sustain,False,0.6126016193,,,,,change,0.9536028504,1.268573952,0.2996937831,0.1879808016,,,,,0.04502035305,0,0.4,0.6,0.4463910162,0.1967593879,0.3568496406
client,panel_mi,2718,56,56,13,994bc72760dcfe7fa4dcb4204fd49276c86f3b5d7563bd03968bb98375e50059,10,neutral,False,0.455485915,,,,,neutral,0.3971032798,0.5829696536,0.01912002918,0.02187873636,,,,,0.002692588605,0.2,0.8,0,0.09072330594,0.879214108,0.03006257489
client,panel_mi,2718,56,56,15,994bc72760dcfe7fa4dcb4204fd49276c86f3b5d7563bd03968bb98375e50059,10,neutral,False,0.2959032743,,,,,neutral,0.2623332441,0.4608451985,0.01004306421,0.0324168721,,,,,0.005267211236,0.1,0.9,0,0.01876781322,0.9320996404,0.0491325669
client,panel_mi,2718,56,56,17,994bc72760dcfe7fa4dcb4204fd49276c86f3b5d7563bd03968bb98375e50059,10,neutral,False,0.5560326499,,,,,neutral,0.3971032798,0.8100910679,0.07681818959,0.04505968763,,,,,0.002692588605,0.3,0.7,0,0.09072330594,0.879214108,0.03006257489
client,panel_mi,2718,56,56,19,994bc72760dcfe7fa4dcb4204fd49276c86f3b5d7563bd03968bb98375e50059,10,neutral,False,0.455485915,,,,,neutral,0.5484630466,1.233045602,0.1035227103,0.144019098,,,,,0.008604838513,0,0.8,0.2,0.2508181632,0.7422595024,0.006922330707
client,panel_mi,2718,56,56,21,994bc72760dcfe7fa4dcb4204fd49276c86f3b5d7563bd03968bb98375e50059,10,sustain,False,0.5560326499,,,,,change,0.709582448,1.80947082,0.7494923851,0.3392496158,,,,,0.01944456436,0,0.3,0.7,0.6939965487,0.06928926706,0.2367141992
client,panel_mi,2718,56,56,23,994bc72760dcfe7fa4dcb4204fd49276c86f3b5d7563bd03968bb98375e50059,10,neutral,False,0.5816718657,,,,,neutral,0.5866232514,0.6784165978,0.008407959221,0.009572319933,,,,,0.04455347732,0.1,0.8,0.1,0.04835808277,0.7788761854,0.1727657616
client,panel_mi,2718,56,56,25,994bc72760dcfe7fa4dcb4204fd49276c86f3b5d7563bd03968bb98375e50059,10,sustain,False,0.6126016193,,,,,neutral,0.9896662831,1.045839572,0.154207439,0.1174685062,,,,,0.03694180399,0,0.4,0.6,0.2777140737,0.3999229968,0.3223629594
client,panel_mi,2718,56,56,27,994bc72760dcfe7fa4dcb4204fd49276c86f3b5d7563bd03968bb98375e50059,10,sustain,False,0.455485915,,,,,change,0.7484313846,1.861526489,0.90131853,0.3613465533,,,,,0.02882601693,0,0.2,0.8,0.697543323,0.1440324038,0.1584242284
client,panel_mi,2718,56,56,29,994bc72760dcfe7fa4dcb4204fd49276c86f3b5d7563bd03968bb98375e50059,10,neutral,False,0.5560326499,,,,,neutral,0.4520863593,0.7489128813,0.05572025136,0.03370432112,,,,,0.03550768644,0,0.7,0.3,0.02949285135,0.8502012491,0.1203058362
client,panel_mi,2718,56,56,31,994bc72760dcfe7fa4dcb4204fd49276c86f3b5d7563bd03968bb98375e50059,10,sustain,False,0.455485915,,,,,sustain,0.7664641738,0.6322690964,0.02969506077,0.04462252062,,,,,0.03895652294,0,0.2,0.8,0.1214488521,0.2007992715,0.6777518988
client,panel_mi,2718,56,56,33,994bc72760dcfe7fa4dcb4204fd49276c86f3b5d7563bd03968bb98375e50059,10,neutral,False,-0,,,,,neutral,0.397102803,0.1287265569,0.02372361574,0.04380331896,,,,,0.002692550188,0,1,0,0.09072311968,0.8792142868,0.03006253019
client,panel_mi,2718,56,56,35,994bc72760dcfe7fa4dcb4204fd49276c86f3b5d7563bd03968bb98375e50059,10,sustain,False,0.9372305632,,,,,sustain,0.6946368814,1.589613831,0.1196584116,0.08768150786,,,,,0.006918805651,0.2,0.3,0.5,0.3846725523,0.02259281278,0.5927346349
client,panel_mi,2718,56,56,37,994bc72760dcfe7fa4dcb4204fd49276c86f3b5d7563bd03968bb98375e50059,10,neutral,True,0.6309297536,,,,,neutral,0.7504534721,1.296483591,0.2295262053,0.1462766952,,,,,0.009284812957,0,0.5,0.5,0.2046031952,0.6864305735,0.1089662686
client,panel_mi,2718,56,56,39,994bc72760dcfe7fa4dcb4204fd49276c86f3b5d7563bd03968bb98375e50059,10,sustain,False,0.455485915,,,,,sustain,0.9551230669,1.051267719,0.3169841852,0.1721540765,,,,,0.04228227586,0,0.2,0.8,0.4019547999,0.1921970099,0.4058482051
client,panel_mi,2718,56,56,41,994bc72760dcfe7fa4dcb4204fd49276c86f3b5d7563bd03968bb98375e50059,10,sustain,False,0.8173454221,,,,,change,0.8286485672,1.622085845,0.485650483,0.1803245598,,,,,0.01477356814,0.1,0.3,0.6,0.630723238,0.2123316228,0.156945169
client,panel_mi,2718,56,56,43,994bc72760dcfe7fa4dcb4204fd49276c86f3b5d7563bd03968bb98375e50059,10,neutral,False,0.6126016193,,,,,neutral,0.397102803,1.037213084,0.1745165912,0.07628946078,,,,,0.002692550188,0.4,0.6,0,0.09072311968,0.8792142868,0.03006253019
client,panel_mi,2718,56,56,45,994bc72760dcfe7fa4dcb4204fd49276c86f3b5d7563bd03968bb98375e50059,10,neutral,False,0.5560326499,,,,,neutral,0.3619043827,1.047499697,0.1111765913,0.08483569396,,,,,0.01391745917,0.3,0.7,0,0.03914736584,0.8979187012,0.06293395162
client,panel_mi,2718,56,56,47,994bc72760dcfe7fa4dcb4204fd49276c86f3b5d7563bd03968bb98375e50059,10,neutral,False,0.6126016193,,,,,change,0.9663305283,1.20721693,0.2450456829,0.1559314602,,,,,0.0561283119,0.4,0.6,0,0.4490513206,0.2280289233,0.3229197562
client,panel_mi,2718,56,56,49,994bc72760dcfe7fa4dcb4204fd49276c86f3b5d7563bd03968bb98375e50059,10,neutral,False,-0,,,,,neutral,0.3971032798,0.1287268251,0.02372370836,0.0438034037,,,,,0.002692588605,0,1,0,0.09072330594,0.879214108,0.03006257489
client,panel_mi,2718,56,56,51,994bc72760dcfe7fa4dcb4204fd49276c86f3b5d7563bd03968bb98375e50059,10,sustain,False,0.7298466992,,,,,sustain,0.8115491867,0.8716061056,0.0274528578,0.01872119817,,,,,0.01024934463,0.1,0.2,0.7,0.2352057993,0.128400743,0.6363934278
client,panel_mi,2718,56,56,53,994bc72760dcfe7fa4dcb4204fd49276c86f3b5d7563bd03968bb98375e50059,10,neutral,False,-0,,,,,neutral,0.7105873227,0.4022720158,0.1898986361,0.1313283068,,,,,0.02212434635,0,1,0,0.2782000899,0.6687988043,0.05300107598
client,panel_mi,2718,56,56,55,994bc72760dcfe7fa4dcb4204fd49276c86f3b5d7563bd03968bb98375e50059,10,neutral,False,-0,,,,,neutral,0.4463495314,0.1649885774,0.04039920368,0.05584591101,,,,,0.01068970934,0,1,0,0.02266705781,0.8479033709,0.1294296086
client,panel_mi,2718,56,56,57,994bc72760dcfe7fa4dcb4204fd49276c86f3b5d7563bd03968bb98375e50059,10,neutral,False,-0,,,,,neutral,0.3971032798,0.1287268251,0.02372370836,0.0438034037,,,,,0.002692588605,0,1,0,0.09072330594,0.879214108,0.03006257489
client,panel_mi,2718,56,56,59,994bc72760dcfe7fa4dcb4204fd49276c86f3b5d7563bd03968bb98375e50059,10,neutral,False,0.455485915,,,,,change,0.9817786217,1.126221931,0.3719569447,0.1728259425,,,,,0.04321160913,0.2,0.8,0,0.4272613525,0.3026471734,0.2700914443
client,panel_mi,2718,56,56,61,994bc72760dcfe7fa4dcb4204fd49276c86f3b5d7563bd03968bb98375e50059,10,sustain,False,0.8649735207,,,,,change,0.9094088674,1.095238686,0.1084964621,0.03824364391,,,,,0.08077612519,0.2,0.2,0.6,0.4571194649,0.1397440732,0.4031364322
client,panel_mi,2718,56,56,63,994bc72760dcfe7fa4dcb4204fd49276c86f3b5d7563bd03968bb98375e50059,10,neutral,False,0.8173454221,,,,,neutral,0.3998409212,1.149458134,0.11006606,0.05025357533,,,,,0.008089410141,0.1,0.6,0.3,0.01377027202,0.8655027151,0.1207270175
client,panel_mi,2718,56,56,65,994bc72760dcfe7fa4dcb4204fd49276c86f3b5d7563bd03968bb98375e50059,10,neutral,False,-0,,,,,neutral,0.7747737765,0.7077583671,0.4707746118,0.219763029,,,,,0.02520062402,0,1,0,0.4595594406,0.4927474856,0.04769299179
client,panel_mi,2718,56,56,67,994bc72760dcfe7fa4dcb4204fd49276c86f3b5d7563bd03968bb98375e50059,10,neutral,False,0.5816718657,,,,,neutral,0.3971032798,0.6934229732,0.01125217539,0.01096452443,,,,,0.002692588605,0.1,0.8,0.1,0.09072330594,0.879214108,0.03006257489
client,panel_mi,2718,56,56,69,994bc72760dcfe7fa4dcb4204fd49276c86f3b5d7563bd03968bb98375e50059,10,neutral,False,0.8586727111,,,,,change,0.09852834046,2.683986028,0.5829733609,0.2351938487,,,,,0.001452391269,0.4,0.5,0.1,0.9805525541,0.01298610587,0.006461283658
client,panel_mi,2718,56,56,71,994bc72760dcfe7fa4dcb4204fd49276c86f3b5d7563bd03968bb98375e50059,10,neutral,False,0.5816718657,,,,,neutral,0.7802621722,0.7374100566,0.0603916182,0.02732959657,,,,,0.02706639841,0.1,0.8,0.1,0.2801893353,0.6334549189,0.08635570109
client,panel_mi,2718,56,56,73,994bc72760dcfe7fa4dcb4204fd49276c86f3b5d7563bd03968bb98375e50059,10,neutral,False,0.455485915,,,,,neutral,0.8162356019,0.8270974636,0.1161791605,0.1070146504,,,,,0.05023416877,0.2,0.8,0,0.1109663621,0.6161655188,0.2728681862
client,panel_mi,2718,56,56,75,994bc72760dcfe7fa4dcb4204fd49276c86f3b5d7563bd03968bb98375e50059,10,neutral,False,0.2959032743,,,,,neutral,0.635309279,0.5296898961,0.0558511247,0.06848984865,,,,,0.01480225194,0.1,0.9,0,0.06339789927,0.7542254925,0.1823765785
client,panel_mi,2718,56,56,77,994bc72760dcfe7fa4dcb4204fd49276c86f3b5d7563bd03968bb98375e50059,10,neutral,False,0.5560326499,,,,,neutral,0.5962527394,0.6462756485,0.006802745378,0.01122460717,,,,,0.05748398975,0,0.7,0.3,0.02549756505,0.7412306666,0.2332718074
client,panel_mi,2718,56,56,79,994bc72760dcfe7fa4dcb4204fd49276c86f3b5d7563bd03968bb98375e50059,10,neutral,False,-0,,,,,sustain,0.5330089331,1.401656151,1.12973912,0.3834742277,,,,,0.0378514193,0,1,0,0.004486212507,0.2461889088,0.7493249178
client,panel_mi,2718,56,56,81,994bc72760dcfe7fa4dcb4204fd49276c86f3b5d7563bd03968bb98375e50059,10,neutral,False,0.2959032743,,,,,change,0.7260980606,1.458799183,0.8461262458,0.3235556789,,,,,0.01449546963,0,0.9,0.1,0.6679137349,0.2685846388,0.06350164115
client,panel_mi,2718,56,56,83,994bc72760dcfe7fa4dcb4204fd49276c86f3b5d7563bd03968bb98375e50059,10,neutral,False,0.2959032743,,,,,neutral,0.6771522164,0.4473620951,0.04309180999,0.03854933368,,,,,0.06302066147,0,0.9,0.1,0.07725112885,0.7307218313,0.1920270324
client,panel_mi,2718,56,56,85,994bc72760dcfe7fa4dcb4204fd49276c86f3b5d7563bd03968bb98375e50059,10,change,False,0.5560326499,,,,,change,0.1218947843,1.167192548,0.1523426395,0.08454408175,,,,,0.0024853223,0.7,0.3,0,0.9736706614,0.02174473926,0.004584590439
client,panel_mi,2718,56,56,87,994bc72760dcfe7fa4dcb4204fd49276c86f3b5d7563bd03968bb98375e50059,10,change,False,0.5560326499,,,,,neutral,0.9433266521,1.451250553,0.4363194244,0.2212107825,,,,,0.01806855574,0.7,0.3,0,0.1786083281,0.4412271976,0.3801644742
client,panel_mi,2718,56,56,89,994bc72760dcfe7fa4dcb4204fd49276c86f3b5d7563bd03968bb98375e50059,10,neutral,False,0.455485915,,,,,neutral,0.3971032798,0.5829696536,0.01912002918,0.02187873636,,,,,0.002692588605,0.2,0.8,0,0.09072330594,0.879214108,0.03006257489
client,panel_mi,2718,56,56,91,994bc72760dcfe7fa4dcb4204fd49276c86f3b5d7563bd03968bb98375e50059,10,change,False,0.455485915,,,,,change,0.6186867952,0.5519759178,0.004497162562,0.01774003209,,,,,0.01108437032,0.8,0.2,0,0.7559918165,0.1937899143,0.05021829531
client,panel_mi,2718,56,56,93,994bc72760dcfe7fa4dcb4204fd49276c86f3b5d7563bd03968bb98375e50059,10,change,False,0.455485915,,,,,neutral,0.5658952594,1.424095535,0.7272993997,0.2117689509,,,,,0.008367839269,0.8,0.2,0,0.1792195737,0.7835631371,0.03721729666
client,panel_mi,2718,56,56,95,994bc72760dcfe7fa4dcb4204fd49276c86f3b5d7563bd03968bb98375e50059,10,change,False,0.2959032743,,,,,change,0.8766673803,0.8201227665,0.2911510371,0.1567559995,,,,,0.04324100167,0.9,0.1,0,0.5099147558,0.11769934,0.3723859191
client,panel_mi,2718,56,56,97,994bc72760dcfe7fa4dcb4204fd49276c86f3b5d7563bd03968bb98375e50059,10,neutral,False,0.9372305632,,,,,neutral,0.6911244392,1.21334407,0.05338305353,0.03495651911,,,,,0.06625143439,0.2,0.5,0.3,0.04028687626,0.6668065786,0.2929064333
client,panel_mi,2718,56,56,99,994bc72760dcfe7fa4dcb4204fd49276c86f3b5d7563bd03968bb98375e50059,10,change,False,0.6126016193,,,,,neutral,0.6349577308,1.481211317,0.402566461,0.173124792,,,,,0.02811112441,0.6,0.4,0,0.1008478627,0.7696534991,0.1294986308
client,panel_mi,2718,56,56,101,994bc72760dcfe7fa4dcb4204fd49276c86f3b5d7563bd03968bb98375e50059,10,neutral,False,0.2959032743,,,,,neutral,0.4744567573,0.5473239452,0.03253466677,0.06503716581,,,,,0.04021158069,0.1,0.9,0,0.02234342508,0.8304565549,0.1471999884
client,panel_mi,2718,56,56,103,994bc72760dcfe7fa4dcb4204fd49276c86f3b5d7563bd03968bb98375e50059,10,neutral,False,0.7298466992,,,,,neutral,0.9363626242,0.9894387186,0.1255096689,0.05209950066,,,,,0.0494328551,0.1,0.7,0.2,0.3624087274,0.4633865356,0.1742047071
client,panel_mi,2718,56,56,105,994bc72760dcfe7fa4dcb4204fd49276c86f3b5d7563bd03968bb98375e50059,10,neutral,False,0.455485915,,,,,neutral,0.4697656035,0.5202892661,0.002371020539,0.006383518823,,,,,0.03841201961,0.2,0.8,0,0.1606066972,0.8243480921,0.01504522003
client,panel_mi,2718,56,56,107,994bc72760dcfe7fa4dcb4204fd49276c86f3b5d7563bd03968bb98375e50059,10,neutral,False,0.455485915,,,,,neutral,0.3971032798,0.5829696536,0.01912002918,0.02187873636,,,,,0.002692588605,0.2,0.8,0,0.09072330594,0.879214108,0.03006257489
client,panel_mi,2718,56,56,109,994bc72760dcfe7fa4dcb4204fd49276c86f3b5d7563bd03968bb98375e50059,10,neutral,False,0.2959032743,,,,,neutral,0.3971032798,0.3558482394,0.001421868769,0.0105924524,,,,,0.002692588605,0.1,0.9,0,0.09072330594,0.879214108,0.03006257489
client,panel_mi,2718,56,56,111,994bc72760dcfe7fa4dcb4204fd49276c86f3b5d7563bd03968bb98375e50059,10,neutral,False,0.5560326499,,,,,neutral,0.4463495314,1.25154478,0.1155409915,0.1191989036,,,,,0.01068970934,0.3,0.7,0,0.02266705781,0.8479033709,0.1294296086
client,panel_mi,2718,56,56,113,994bc72760dcfe7fa4dcb4204fd49276c86f3b5d7563bd03968bb98375e50059,10,change,False,0.455485915,,,,,change,0.5867171288,0.5260423899,0.007433669267,0.008102198958,,,,,0.00699623907,0.8,0.2,0,0.7323056459,0.2505785525,0.01711589098
client,panel_mi,2718,56,56,115,994bc72760dcfe7fa4dcb4204fd49276c86f3b5d7563bd03968bb98375e50059,10,change,True,0.6309297536,,,,,neutral,0.2944118381,1.53798585,0.3816377068,0.1482146912,,,,,0.001752163982,0.5,0.5,0,0.05002815649,0.9223760366,0.02759584226
client,panel_mi,2718,56,56,117,994bc72760dcfe7fa4dcb4204fd49276c86f3b5d7563bd03968bb98375e50059,10,change,False,0.455485915,,,,,change,0.9844945073,0.9313863039,0.2311562928,0.1307568063,,,,,0.008670477197,0.8,0.2,0,0.4195118845,0.3065795004,0.2739085555
client,panel_mi,2718,56,56,119,994bc72760dcfe7fa4dcb4204fd49276c86f3b5d7563bd03968bb98375e50059,10,neutral,False,0.7298466992,,,,,neutral,0.3971032798,1.030997707,0.06108248201,0.04034874987,,,,,0.002692588605,0.1,0.7,0.2,0.09072330594,0.879214108,0.03006257489
client,panel_mi,2718,56,56,121,994bc72760dcfe7fa4dcb4204fd49276c86f3b5d7563bd03968bb98375e50059,10,neutral,False,0.2959032743,,,,,neutral,0.7225909233,0.4911083072,0.08359035594,0.04962995567,,,,,0.0114058312,0.1,0.9,0,0.2654601336,0.6714536548,0.06308619678
client,panel_mi,2718,56,56,123,994bc72760dcfe7fa4dcb4204fd49276c86f3b5d7563bd03968bb98375e50059,10,neutral,False,-0,,,,,neutral,0.343213588,0.1285955161,0.02872561606,0.04375958005,,,,,0.01347869169,0,1,0,0.1190020069,0.8793295622,0.001668485231
client,panel_mi,2718,56,56,125,994bc72760dcfe7fa4dcb4204fd49276c86f3b5d7563bd03968bb98375e50059,10,neutral,False,-0,,,,,neutral,0.2502960563,0.07530939579,0.01000699049,0.02582441148,,,,,0.008582385257,0,1,0,0.06877675653,0.9274564981,0.003766774433
client,panel_mi,2718,56,56,127,994bc72760dcfe7fa4dcb4204fd49276c86f3b5d7563bd03968bb98375e50059,10,change,False,0.2959032743,,,,,change,0.6510872841,0.5839299858,0.2058983455,0.07254346335,,,,,0.0561064966,0.9,0.1,0,0.5759292841,0.4175435603,0.00652717147
client,panel_mi,2718,56,56,129,994bc72760dcfe7fa4dcb4204fd49276c86f3b5d7563bd03968bb98375e50059,10,sustain,False,0.6126016193,,,,,neutral,0.7950758338,0.8849538803,0.1227960513,0.05869750995,,,,,0.0206180606,0,0.4,0.6,0.07946275175,0.5983070135,0.3222302198
client,panel_mi,2718,56,56,131,994bc72760dcfe7fa4dcb4204fd49276c86f3b5d7563bd03968bb98375e50059,10,change,False,0.2959032743,,,,,sustain,0.6992548108,1.64096837,0.9730129226,0.3597770341,,,,,0.01729729772,0.9,0.1,0,0.2153715342,0.07493246347,0.7096959949
client,panel_mi,2718,56,56,133,994bc72760dcfe7fa4dcb4204fd49276c86f3b5d7563bd03968bb98375e50059,10,neutral,False,0.5560326499,,,,,neutral,0.3971032798,0.8100910679,0.07681818959,0.04505968763,,,,,0.002692588605,0.3,0.7,0,0.09072330594,0.879214108,0.03006257489
client,panel_mi,2718,56,56,135,994bc72760dcfe7fa4dcb4204fd49276c86f3b5d7563bd03968bb98375e50059,10,neutral,False,0.5560326499,,,,,neutral,0.7133589387,0.6630986333,0.02453860537,0.01579169503,,,,,0.004995844327,0.3,0.7,0,0.3941462338,0.5779491067,0.02790468559
client,panel_mi,2718,56,56,137,994bc72760dcfe7fa4dcb4204fd49276c86f3b5d7563bd03968bb98375e50059,10,change,False,0.5560326499,,,,,change,0.713173151,0.7442232728,0.02429208175,0.04252184258,,,,,0.007090569939,0.7,0.3,0,0.7149735689,0.1830696911,0.10195674
client,panel_mi,2718,56,56,139,994bc72760dcfe7fa4dcb4204fd49276c86f3b5d7563bd03968bb98375e50059,10,neutral,False,0.6126016193,,,,,neutral,0.2090323269,1.282083541,0.2475041568,0.1048294771,,,,,0.002151880413,0.4,0.6,0,0.04397504404,0.9473840594,0.008640832268
client,panel_mi,2718,56,56,141,994bc72760dcfe7fa4dcb4204fd49276c86f3b5d7563bd03968bb98375e50059,10,neutral,False,0.5560326499,,,,,neutral,0.6562562585,0.6403599709,0.001269545382,0.01017615743,,,,,0.01618654281,0,0.7,0.3,0.02902390435,0.6837611198,0.2872149646
client,panel_mi,2718,56,56,143,994bc72760dcfe7fa4dcb4204fd49276c86f3b5d7563bd03968bb98375e50059,10,neutral,False,0.2959032743,,,,,neutral,0.2090323269,0.3610588759,0.005458714008,0.008895427669,,,,,0.002151880413,0.1,0.9,0,0.04397504404,0.9473840594,0.008640832268
client,panel_mi,2718,56,56,145,994bc72760dcfe7fa4dcb4204fd49276c86f3b5d7563bd03968bb98375e50059,10,neutral,False,-0,,,,,neutral,0.7225910425,0.3983102739,0.1823916685,0.1301161348,,,,,0.01140580513,0,1,0,0.2654601336,0.6714535952,0.06308619678
client,panel_mi,2718,56,56,147,994bc72760dcfe7fa4dcb4204fd49276c86f3b5d7563bd03968bb98375e50059,10,neutral,False,-0,,,,,neutral,0.7225910425,0.3983102739,0.1823916685,0.1301161348,,,,,0.01140580513,0,1,0,0.2654601336,0.6714535952,0.06308619678
client,panel_mi,2718,56,56,149,994bc72760dcfe7fa4dcb4204fd49276c86f3b5d7563bd03968bb98375e50059,10,neutral,False,0.2959032743,,,,,neutral,0.215237692,0.3802243739,0.006638525369,0.01363223458,,,,,0.006654025521,0.1,0.9,0,0.03610091284,0.9479789734,0.0159201175
client,panel_mi,2718,56,56,151,994bc72760dcfe7fa4dcb4204fd49276c86f3b5d7563bd03968bb98375e50059,10,neutral,False,0.2959032743,,,,,neutral,0.6494176388,0.4319895923,0.03406402608,0.03404895258,,,,,0.04748220742,0,0.9,0.1,0.07211134583,0.7493494749,0.1785391569
client,panel_mi,2718,56,56,153,994bc72760dcfe7fa4dcb4204fd49276c86f3b5d7563bd03968bb98375e50059,10,neutral,False,0.2959032743,,,,,change,0.5642963648,1.387281039,0.8967762807,0.2605997088,,,,,0.006992631592,0.1,0.9,0,0.7595184445,0.2207200974,0.01976147667
client,panel_mi,2718,56,56,155,994bc72760dcfe7fa4dcb4204fd49276c86f3b5d7563bd03968bb98375e50059,10,neutral,False,-0,,,,,change,0.3807815313,1.994517207,1.487380299,0.4849686063,,,,,0.01168265473,0,1,0,0.8608204126,0.1360793412,0.003100285307
client,panel_mi,2718,56,56,157,994bc72760dcfe7fa4dcb4204fd49276c86f3b5d7563bd03968bb98375e50059,10,neutral,False,0.6126016193,,,,,change,0.6855201721,0.7826978922,0.08688809862,0.02891952611,,,,,0.02529704198,0.4,0.6,0,0.5977704525,0.3823326826,0.01989687607
client,panel_mi,2718,56,56,159,994bc72760dcfe7fa4dcb4204fd49276c86f3b5d7563bd03968bb98375e50059,10,neutral,False,0.2959032743,,,,,neutral,0.3971032798,0.3558482394,0.001421868769,0.0105924524,,,,,0.002692588605,0.1,0.9,0,0.09072330594,0.879214108,0.03006257489
client,panel_mi,2718,56,56,161,994bc72760dcfe7fa4dcb4204fd49276c86f3b5d7563bd03968bb98375e50059,10,neutral,False,0.6126016193,,,,,change,0.7731852531,0.8311312199,0.09476804327,0.04420994388,,,,,0.0732678026,0.4,0.6,0,0.5821973085,0.358944267,0.05885845423
client,panel_mi,2718,56,56,163,994bc72760dcfe7fa4dcb4204fd49276c86f3b5d7563bd03968bb98375e50059,10,neutral,False,0.6126016193,,,,,neutral,0.6617572308,0.6889405608,0.009107049879,0.004643895373,,,,,0.01584961079,0.4,0.6,0,0.4638181329,0.5293745399,0.006807361729
client,panel_mi,2718,56,56,165,994bc72760dcfe7fa4dcb4204fd49276c86f3b5d7563bd03968bb98375e50059,10,neutral,False,0.2959032743,,,,,neutral,0.9487746358,0.829774344,0.3144247303,0.1451714426,,,,,0.0611329563,0.1,0.9,0,0.3677354455,0.4444948137,0.1877697706
client,panel_mi,2718,56,56,167,994bc72760dcfe7fa4dcb4204fd49276c86f3b5d7563bd03968bb98375e50059,10,neutral,False,0.5560326499,,,,,change,0.9978793859,1.066728294,0.2263662292,0.1386496268,,,,,0.09439577162,0.3,0.7,0,0.3583125174,0.3382285833,0.3034589291
client,panel_mi,2718,56,56,169,994bc72760dcfe7fa4dcb4204fd49276c86f3b5d7563bd03968bb98375e50059,10,neutral,False,0.5560326499,,,,,neutral,0.8473507166,0.7482023835,0.05390895519,0.04303518518,,,,,0.08266764879,0.3,0.7,0,0.3965873122,0.5104348063,0.09297786653
client,panel_mi,2718,56,56,171,994bc72760dcfe7fa4dcb4204fd49276c86f3b5d7563bd03968bb98375e50059,10,neutral,False,0.6126016193,,,,,neutral,0.51956141,1.446589261,0.2003803432,0.1481538932,,,,,0.03750158474,0.4,0.6,0,0.03652945906,0.8150076866,0.148462981
client,panel_mi,2718,56,56,173,994bc72760dcfe7fa4dcb4204fd49276c86f3b5d7563bd03968bb98375e50059,10,neutral,False,0.5560326499,,,,,neutral,0.2090321928,0.9750757042,0.126822401,0.06578474748,,,,,0.002151899273,0.3,0.7,0,0.04397499189,0.9473841786,0.008640852757
client,panel_mi,2718,66,66,1,60300796ba7899fd40ecbaa91387c5ca83e5757c4513c7aae95783e2e3877244,10,neutral,False,-0,,,,,neutral,0.5444753766,0.2956445217,0.1278955736,0.09812927321,,,,,0.004246519413,0,1,0,0.2496938258,0.7440518141,0.006254291628
client,panel_mi,2718,66,66,3,60300796ba7899fd40ecbaa91387c5ca83e5757c4513c7aae95783e2e3877244,10,neutral,False,-0,,,,,change,0.5608680844,1.213459015,0.9865051922,0.3440962803,,,,,0.004282282665,0,1,0,0.7018053532,0.2971675992,0.001027054852
client,panel_mi,2718,66,66,5,60300796ba7899fd40ecbaa91387c5ca83e5757c4513c7aae95783e2e3877244,10,change,True,0.9602297179,,,,,neutral,0.9689818621,1.194909501,0.08978320031,0.035991052,,,,,0.007031288929,0.4,0.2,0.4,0.2255097181,0.435759306,0.3387309909
client,panel_mi,2718,66,66,7,60300796ba7899fd40ecbaa91387c5ca83e5757c4513c7aae95783e2e3877244,10,change,True,0.6309297536,,,,,neutral,0.3344796896,1.368768375,0.3480762627,0.1280823175,,,,,0.002060353756,0.5,0.5,0,0.07153303921,0.9048906565,0.02357627079
client,panel_mi,2718,66,66,9,60300796ba7899fd40ecbaa91387c5ca83e5757c4513c7aae95783e2e3877244,10,sustain,False,0.8586727111,,,,,sustain,0.8113328218,1.18670435,0.1092669357,0.05371413167,,,,,0.005723568611,0.4,0.1,0.5,0.1301206648,0.232232973,0.6376463175
client,panel_mi,2718,66,66,11,60300796ba7899fd40ecbaa91387c5ca83e5757c4513c7aae95783e2e3877244,10,sustain,False,0.7298466992,,,,,neutral,0.5696260929,1.804831266,0.7071154598,0.2140614894,,,,,0.004091049079,0.1,0.2,0.7,0.07934062183,0.8046676517,0.1159917116
client,panel_mi,2718,66,66,13,60300796ba7899fd40ecbaa91387c5ca83e5757c4513c7aae95783e2e3877244,10,sustain,False,0.7298466992,,,,,change,0.9295492768,1.160742903,0.2745132495,0.08700033999,,,,,0.00552643463,0.2,0.1,0.7,0.5128676295,0.196235925,0.2908964157
client,panel_mi,2718,66,66,16,60300796ba7899fd40ecbaa91387c5ca83e5757c4513c7aae95783e2e3877244,10,change,False,0.5560326499,,,,,sustain,0.9823288918,1.285444069,0.3706112913,0.1981236261,,,,,0.006750884466,0.7,0.3,0,0.2593895793,0.3210503459,0.419560045
client,panel_mi,2718,66,66,18,60300796ba7899fd40ecbaa91387c5ca83e5757c4513c7aae95783e2e3877244,10,change,False,0.2959032743,,,,,neutral,0.9291781783,1.705190599,0.8130044159,0.3330214536,,,,,0.007069247775,0.9,0.1,0,0.1638192087,0.4625600874,0.3736207187
client,panel_mi,2718,66,66,20,60300796ba7899fd40ecbaa91387c5ca83e5757c4513c7aae95783e2e3877244,10,change,False,0.2959032743,,,,,change,0.6404815316,0.4322250456,0.04692779694,0.03225803679,,,,,0.004027900286,0.9,0.1,0,0.7296462059,0.2263909578,0.04396275431
client,panel_mi,2718,66,66,22,60300796ba7899fd40ecbaa91387c5ca83e5757c4513c7aae95783e2e3877244,10,sustain,False,0.9372305632,,,,,neutral,0.6425858736,2.281095219,0.3827697393,0.1788215692,,,,,0.004922724795,0.2,0.3,0.5,0.2995579839,0.6791161299,0.02132588625
client,panel_mi,2718,66,66,24,60300796ba7899fd40ecbaa91387c5ca83e5757c4513c7aae95783e2e3877244,10,neutral,False,0.2959032743,,,,,neutral,0.5252973437,0.407105425,0.05208711169,0.02273749567,,,,,0.004261831753,0.1,0.9,0,0.2612219453,0.7384620905,0.0003159827029
client,panel_mi,2718,66,66,26,60300796ba7899fd40ecbaa91387c5ca83e5757c4513c7aae95783e2e3877244,10,change,False,-0,,,,,neutral,0.9230865836,1.83646214,1.065997197,0.4610714055,,,,,0.007057765033,1,0,0,0.1593802869,0.475241363,0.3653783202
client,panel_mi,2718,66,66,28,60300796ba7899fd40ecbaa91387c5ca83e5757c4513c7aae95783e2e3877244,10,change,False,-0,,,,,change,0.8252723217,0.4556618333,0.2022871096,0.1475026148,,,,,0.004871262237,1,0,0,0.6340281367,0.2092923373,0.1566794664
client,panel_mi,2718,66,66,30,60300796ba7899fd40ecbaa91387c5ca83e5757c4513c7aae95783e2e3877244,10,change,False,0.2959032743,,,,,neutral,0.7635719776,1.060606652,0.4897300569,0.2272549212,,,,,0.005693828221,0.9,0,0.1,0.4356570244,0.5205362439,0.04380679131
client,panel_mi,2718,109,109,1,f92544f5ed508add4c093c58e76fce40d49ca14b51000a7b8770e0152039d485,10,neutral,False,-0,,,,,neutral,0.3370930552,0.1055677161,0.01731120623,0.0360434214,,,,,0.001893885201,0,1,0,0.08367309719,0.8998135328,0.01651335321
client,panel_mi,2718,109,109,3,f92544f5ed508add4c093c58e76fce40d49ca14b51000a7b8770e0152039d485,10,neutral,False,0.2959032743,,,,,neutral,0.6519089341,0.5650753677,0.186438845,0.06741905774,,,,,0.004526694305,0.1,0.9,0,0.4012127817,0.5907349586,0.008052288555
client,panel_mi,2718,109,109,5,f92544f5ed508add4c093c58e76fce40d49ca14b51000a7b8770e0152039d485,10,neutral,True,0.6309297536,,,,,change,0.926325798,1.443194389,0.4104802713,0.2297281461,,,,,0.005710238125,0,0.5,0.5,0.521140933,0.2787896991,0.2000693381
client,panel_mi,2718,109,109,7,f92544f5ed508add4c093c58e76fce40d49ca14b51000a7b8770e0152039d485,10,sustain,False,0.2959032743,,,,,sustain,0.8672759533,0.8236917853,0.2939201601,0.1582868932,,,,,0.005054843612,0,0.1,0.9,0.3784690797,0.1095894128,0.5119415522
client,panel_mi,2718,109,109,9,f92544f5ed508add4c093c58e76fce40d49ca14b51000a7b8770e0152039d485,10,neutral,False,0.5816718657,,,,,neutral,0.5233091116,1.013541818,0.03521561332,0.04827357006,,,,,0.005930833053,0.1,0.8,0.1,0.001621856005,0.7474584579,0.2509196401
client,panel_mi,2718,109,109,11,f92544f5ed508add4c093c58e76fce40d49ca14b51000a7b8770e0152039d485,10,neutral,False,0.8586727111,,,,,neutral,0.7295177579,0.9953775764,0.03858972527,0.01266265704,,,,,0.006843646523,0.1,0.5,0.4,0.05853140354,0.6549174786,0.2865510881
client,panel_mi,2718,109,109,13,f92544f5ed508add4c093c58e76fce40d49ca14b51000a7b8770e0152039d485,10,neutral,False,0.5560326499,,,,,neutral,0.8147751689,1.320764697,0.3083992308,0.2068728126,,,,,0.007854055613,0.3,0.7,0,0.06852141768,0.4780814052,0.4533972144
client,panel_mi,2718,109,109,15,f92544f5ed508add4c093c58e76fce40d49ca14b51000a7b8770e0152039d485,10,sustain,False,0.2959032743,,,,,sustain,0.539934814,0.3838047117,0.01246658929,0.01920222242,,,,,0.004338457249,0,0.1,0.9,0.04581432417,0.1453503072,0.8088353872
client,panel_mi,2718,109,109,17,f92544f5ed508add4c093c58e76fce40d49ca14b51000a7b8770e0152039d485,10,sustain,False,0.6126016193,,,,,change,0.7187233567,2.248630381,0.7483963029,0.3671288788,,,,,0.004284120165,0,0.4,0.6,0.6613900065,0.2840620875,0.05454792827
client,panel_mi,2718,109,109,19,f92544f5ed508add4c093c58e76fce40d49ca14b51000a7b8770e0152039d485,10,change,False,-0,,,,,change,0.940534234,0.7679130435,0.4461385952,0.2359942379,,,,,0.005674801767,1,0,0,0.4639803767,0.1809378862,0.355081737
client,panel_mi,2718,109,109,21,f92544f5ed508add4c093c58e76fce40d49ca14b51000a7b8770e0152039d485,10,change,False,-0,,,,,sustain,0.779981792,0.7585532665,0.5171570194,0.2334944501,,,,,0.004187614657,1,0,0,0.4683434963,0.04999376461,0.4816627502
client,panel_mi,2718,109,109,23,f92544f5ed508add4c093c58e76fce40d49ca14b51000a7b8770e0152039d485,10,change,True,0.6309297536,,,,,neutral,0.1393320411,1.850983147,0.4451153282,0.1711795404,,,,,0.0006346944137,0.5,0.5,0,0.02546602115,0.9689365625,0.005597449373
client,panel_mi,2718,109,109,25,f92544f5ed508add4c093c58e76fce40d49ca14b51000a7b8770e0152039d485,10,neutral,False,0.7298466992,,,,,change,0.8519358039,1.66372804,0.5579136873,0.1981950287,,,,,0.004742440768,0.1,0.7,0.2,0.6008914709,0.148244381,0.2508641183
client,panel_mi,2718,109,109,27,f92544f5ed508add4c093c58e76fce40d49ca14b51000a7b8770e0152039d485,10,neutral,False,0.7298466992,,,,,sustain,0.9991771579,1.128868067,0.226795565,0.08215512181,,,,,0.006912581623,0.2,0.7,0.1,0.3304953277,0.3175362945,0.351968348
client,panel_mi,2718,109,109,29,f92544f5ed508add4c093c58e76fce40d49ca14b51000a7b8770e0152039d485,10,change,False,-0,,,,,sustain,0.6903157234,1.544796824,1.135124448,0.4110268916,,,,,0.003903035773,1,0,0,0.2133552283,0.0716785565,0.7149661779
client,panel_mi,2718,109,109,31,f92544f5ed508add4c093c58e76fce40d49ca14b51000a7b8770e0152039d485,10,change,False,-0,,,,,neutral,0.7031024098,1.81819427,1.241243312,0.4581677152,,,,,0.00497409422,1,0,0,0.1623185873,0.7259873152,0.1116941422
client,panel_mi,2718,109,109,33,f92544f5ed508add4c093c58e76fce40d49ca14b51000a7b8770e0152039d485,10,neutral,False,0.5560326499,,,,,neutral,0.2311313748,1.180801111,0.1377060293,0.09191007037,,,,,0.001401450485,0.3,0.7,0,0.02234375849,0.9438675046,0.03378877044
client,panel_mi,2718,109,109,35,f92544f5ed508add4c093c58e76fce40d49ca14b51000a7b8770e0152039d485,10,change,False,-0,,,,,neutral,0.8166334033,1.988425255,1.200622442,0.4840874193,,,,,0.006566869561,1,0,0,0.1369108558,0.6355521083,0.2275370061
client,panel_mi,2718,109,109,37,f92544f5ed508add4c093c58e76fce40d49ca14b51000a7b8770e0152039d485,10,change,False,-0,,,,,change,0.7475704551,0.3838481903,0.160355181,0.1256770639,,,,,0.004210361745,1,0,0,0.6812348366,0.2223839015,0.0963812843
client,panel_mi,2718,109,109,39,f92544f5ed508add4c093c58e76fce40d49ca14b51000a7b8770e0152039d485,10,change,False,-0,,,,,sustain,0.4281213582,2.390343904,1.580861194,0.5358362268,,,,,0.002224909607,1,0,0,0.09159817547,0.04003283754,0.8683689833
client,panel_mi,2718,109,109,41,f92544f5ed508add4c093c58e76fce40d49ca14b51000a7b8770e0152039d485,10,change,False,-0,,,,,change,0.2914055884,0.08000615239,0.0091893664,0.02741656529,,,,,0.001101594069,1,0,0,0.9231106639,0.02576771937,0.05112162977
client,panel_mi,2718,109,109,43,f92544f5ed508add4c093c58e76fce40d49ca14b51000a7b8770e0152039d485,10,neutral,False,0.6126016193,,,,,change,0.5259250998,0.9239004374,0.227286871,0.05926380365,,,,,0.0033987395,0.4,0.6,0,0.7370109558,0.2627902329,0.0001988056611
client,panel_mi,2718,109,109,45,f92544f5ed508add4c093c58e76fce40d49ca14b51000a7b8770e0152039d485,10,neutral,False,-0,,,,,neutral,0.2757133842,0.08561771363,0.01267919072,0.02931597431,,,,,0.001476409845,0,1,0,0.07694178075,0.917945087,0.005113153718
client,panel_mi,2718,130,130,0,957962b55a53a08db5f378e511817642230cbd4d6d1cf4d43dd6a4b63131ccc1,10,neutral,False,-0,,,,,neutral,0.6898880005,0.4292009473,0.2222312265,0.1395240304,,,,,0.01088804193,0,1,0,0.03384369984,0.65102911,0.3151271939
client,panel_mi,2718,130,130,2,957962b55a53a08db5f378e511817642230cbd4d6d1cf4d43dd6a4b63131ccc1,10,neutral,True,0.6309297536,,,,,neutral,0.4474188983,1.282771274,0.3020516529,0.1202603922,,,,,0.005013406277,0,0.5,0.5,0.04899431393,0.861800015,0.08920569718
client,panel_mi,2718,130,130,4,957962b55a53a08db5f378e511817642230cbd4d6d1cf4d43dd6a4b63131ccc1,10,neutral,False,0.8173454221,,,,,sustain,0.9659171104,1.059109825,0.1109228242,0.03973232101,,,,,0.01090438943,0.1,0.6,0.3,0.2248196304,0.3283619285,0.4468184114
client,panel_mi,2718,130,130,6,957962b55a53a08db5f378e511817642230cbd4d6d1cf4d43dd6a4b63131ccc1,10,sustain,False,0.2959032743,,,,,sustain,0.8858383894,0.6599061847,0.1662341777,0.1051575493,,,,,0.009697262198,0.1,0,0.9,0.1931844503,0.2301830947,0.5766324401
client,panel_mi,2718,130,130,8,957962b55a53a08db5f378e511817642230cbd4d6d1cf4d43dd6a4b63131ccc1,10,change,False,0.2959032743,,,,,change,0.8397085071,0.5811297119,0.1187452949,0.07963615063,,,,,0.007081162184,0.9,0.1,0,0.6193279028,0.2233057767,0.1573663056
client,panel_mi,2718,130,130,10,957962b55a53a08db5f378e511817642230cbd4d6d1cf4d43dd6a4b63131ccc1,10,sustain,False,0.455485915,,,,,neutral,0.9106321335,0.8531570792,0.2175620517,0.1004279187,,,,,0.01179559436,0,0.2,0.8,0.1395301372,0.4371217787,0.423348099
client,panel_mi,2718,130,130,12,957962b55a53a08db5f378e511817642230cbd4d6d1cf4d43dd6a4b63131ccc1,10,neutral,False,-0,,,,,neutral,0.7362210155,0.3646984398,0.145628735,0.1197653031,,,,,0.009272806346,0,1,0,0.1001318544,0.6944060326,0.2054620981
client,panel_mi,2718,130,130,14,957962b55a53a08db5f378e511817642230cbd4d6d1cf4d43dd6a4b63131ccc1,10,sustain,False,0.455485915,,,,,sustain,0.9450307488,0.8255112648,0.1699169566,0.09796873423,,,,,0.0111970501,0,0.2,0.8,0.1887813061,0.3469176292,0.4643010497
client,panel_mi,2718,130,130,16,957962b55a53a08db5f378e511817642230cbd4d6d1cf4d43dd6a4b63131ccc1,10,neutral,False,0.9372305632,,,,,neutral,0.8562312126,1.19371922,0.06543442346,0.03656876802,,,,,0.008897467516,0.2,0.5,0.3,0.3628203869,0.5318785906,0.1053010002
client,panel_mi,2718,130,130,18,957962b55a53a08db5f378e511817642230cbd4d6d1cf4d43dd6a4b63131ccc1,10,change,False,0.2959032743,,,,,sustain,0.9737225175,1.372833323,0.6649331754,0.2798680179,,,,,0.01065756753,0.9,0.1,0,0.2477310896,0.3104818463,0.4417870939
client,panel_mi,2718,130,130,20,957962b55a53a08db5f378e511817642230cbd4d6d1cf4d43dd6a4b63131ccc1,10,change,False,0.2959032743,,,,,neutral,0.6489698291,0.8279882431,0.4475587342,0.1367387296,,,,,0.007403282914,0.9,0.1,0,0.4241885245,0.570245862,0.005565566476
client,soft_linear,-1,7,7,1,7fe3d6029ec1e666f41b728458a973e8e2e6924c09046427a23859dcc7b3d75a,10,neutral,False,0.2959032743,,,,,sustain,0.7962964773,0.9919043303,0.4357634569,0.2083927191,,,,,,0.1,0.9,0,0.05845496804,0.4553831816,0.4861618578
client,soft_linear,-1,7,7,3,7fe3d6029ec1e666f41b728458a973e8e2e6924c09046427a23859dcc7b3d75a,10,neutral,False,-0,,,,,neutral,0.5179262161,0.188534379,0.04578578693,0.06359448932,,,,,,0,1,0,0.1132864803,0.8281719685,0.05854149163
client,soft_linear,-1,7,7,5,7fe3d6029ec1e666f41b728458a973e8e2e6924c09046427a23859dcc7b3d75a,10,neutral,False,0.455485915,,,,,neutral,0.8553555608,0.6898720026,0.06585142722,0.06202549787,,,,,,0,0.8,0.2,0.1552077681,0.6005001664,0.2442921251
client,soft_linear,-1,7,7,7,7fe3d6029ec1e666f41b728458a973e8e2e6924c09046427a23859dcc7b3d75a,10,neutral,False,0.2959032743,,,,,neutral,0.5932164788,0.4369401485,0.02230916373,0.03807317613,,,,,,0,0.9,0.1,0.1050474718,0.7938259244,0.1011265591
client,soft_linear,-1,7,7,9,7fe3d6029ec1e666f41b728458a973e8e2e6924c09046427a23859dcc7b3d75a,10,neutral,False,-0,,,,,neutral,0.5179263353,0.1885344684,0.04578582342,0.0635945155,,,,,,0,1,0,0.1132865548,0.8281719089,0.05854148418
client,soft_linear,-1,7,7,11,7fe3d6029ec1e666f41b728458a973e8e2e6924c09046427a23859dcc7b3d75a,10,neutral,False,0.2959032743,,,,,neutral,0.7663340569,0.520534429,0.07316321297,0.06320185797,,,,,,0.1,0.9,0,0.1667684466,0.6843025684,0.1489289254
client,soft_linear,-1,7,7,13,7fe3d6029ec1e666f41b728458a973e8e2e6924c09046427a23859dcc7b3d75a,10,neutral,False,-0,,,,,neutral,0.5179262161,0.188534379,0.04578578693,0.06359448932,,,,,,0,1,0,0.1132864803,0.8281719685,0.05854149163
client,soft_linear,-1,7,7,15,7fe3d6029ec1e666f41b728458a973e8e2e6924c09046427a23859dcc7b3d75a,10,sustain,False,0.6126016193,,,,,neutral,0.7536756992,0.953506577,0.1778282063,0.07345676728,,,,,,0,0.4,0.6,0.07593233883,0.652877152,0.2711905837
client,soft_linear,-1,7,7,17,7fe3d6029ec1e666f41b728458a973e8e2e6924c09046427a23859dcc7b3d75a,10,sustain,False,0.6126016193,,,,,neutral,0.7298781872,1.050813687,0.235136496,0.09490403163,,,,,,0,0.4,0.6,0.08693225682,0.6910489798,0.222018823
client,soft_linear,-1,7,7,19,7fe3d6029ec1e666f41b728458a973e8e2e6924c09046427a23859dcc7b3d75a,10,neutral,False,0.455485915,,,,,neutral,0.6388379335,0.6337393284,0.01961487536,0.04358329432,,,,,,0,0.8,0.2,0.1110164821,0.7682392597,0.1207442656
client,soft_linear,-1,7,7,21,7fe3d6029ec1e666f41b728458a973e8e2e6924c09046427a23859dcc7b3d75a,10,neutral,False,0.5816718657,,,,,sustain,0.8104730248,1.081997347,0.3640826425,0.1206826077,,,,,,0.1,0.8,0.1,0.07247488201,0.3877659738,0.5397591591
client,soft_linear,-1,7,7,23,7fe3d6029ec1e666f41b728458a973e8e2e6924c09046427a23859dcc7b3d75a,10,sustain,False,0.455485915,,,,,neutral,0.8075874448,1.435538977,0.6088738598,0.2231454165,,,,,,0,0.2,0.8,0.1633582711,0.6516336203,0.1850081235
client,soft_linear,-1,7,7,25,7fe3d6029ec1e666f41b728458a973e8e2e6924c09046427a23859dcc7b3d75a,10,neutral,True,0.6309297536,,,,,neutral,0.5179262161,1.513276875,0.3154163196,0.1596178488,,,,,,0,0.5,0.5,0.1132864803,0.8281719685,0.05854149163
client,soft_linear,-1,7,7,27,7fe3d6029ec1e666f41b728458a973e8e2e6924c09046427a23859dcc7b3d75a,10,neutral,False,-0,,,,,neutral,0.4608485401,0.1730797589,0.04391884223,0.05851492222,,,,,,0,1,0,0.1343781948,0.8410705328,0.02455132268
client,soft_linear,-1,7,7,29,7fe3d6029ec1e666f41b728458a973e8e2e6924c09046427a23859dcc7b3d75a,10,neutral,False,-0,,,,,neutral,0.5179262161,0.188534379,0.04578578693,0.06359448932,,,,,,0,1,0,0.1132864803,0.8281719685,0.05854149163
client,soft_linear,-1,7,7,31,7fe3d6029ec1e666f41b728458a973e8e2e6924c09046427a23859dcc7b3d75a,10,neutral,False,-0,,,,,neutral,0.374384582,0.1198811829,0.02123689004,0.04084577308,,,,,,0,1,0,0.08883015066,0.8870258331,0.02414398454
client,soft_linear,-1,7,7,33,7fe3d6029ec1e666f41b728458a973e8e2e6924c09046427a23859dcc7b3d75a,10,neutral,False,0.6126016193,,,,,neutral,0.3734329343,1.405274443,0.2235586142,0.1290655802,,,,,,0.4,0.6,0,0.03536658362,0.8921400309,0.0724933669
client,soft_linear,-1,7,7,35,7fe3d6029ec1e666f41b728458a973e8e2e6924c09046427a23859dcc7b3d75a,10,neutral,False,0.2959032743,,,,,neutral,0.7979127765,0.5563596994,0.1230279194,0.06912565755,,,,,,0.1,0.9,0,0.2879279852,0.6188829541,0.09318904579
client,soft_linear,-1,7,7,37,7fe3d6029ec1e666f41b728458a973e8e2e6924c09046427a23859dcc7b3d75a,10,neutral,False,0.7298466992,,,,,neutral,0.7138417363,0.8653769612,0.01782819465,0.01530557453,,,,,,0.2,0.7,0.1,0.09961138666,0.7133744955,0.1870140284
client,soft_linear,-1,7,7,39,7fe3d6029ec1e666f41b728458a973e8e2e6924c09046427a23859dcc7b3d75a,10,neutral,False,0.455485915,,,,,neutral,0.5179262161,0.7184313774,0.03363800001,0.05983730744,,,,,,0,0.8,0.2,0.1132864803,0.8281719685,0.05854149163
client,soft_linear,-1,7,7,41,7fe3d6029ec1e666f41b728458a973e8e2e6924c09046427a23859dcc7b3d75a,10,neutral,False,0.2959032743,,,,,neutral,0.718972683,0.9083406806,0.3139967066,0.1816058845,,,,,,0,0.9,0.1,0.4278479815,0.5456910729,0.02646092512
client,soft_linear,-1,7,7,43,7fe3d6029ec1e666f41b728458a973e8e2e6924c09046427a23859dcc7b3d75a,10,sustain,False,0.8586727111,,,,,neutral,0.7210301757,1.253621793,0.2140250014,0.06836288843,,,,,,0.1,0.4,0.5,0.1227077246,0.7151821852,0.1621101499
client,soft_linear,-1,7,7,45,7fe3d6029ec1e666f41b728458a973e8e2e6924c09046427a23859dcc7b3d75a,10,neutral,False,0.5816718657,,,,,change,0.9001387358,1.182906282,0.4294610603,0.1400127866,,,,,,0.1,0.8,0.1,0.5326281786,0.3110044599,0.1563673764
client,soft_linear,-1,7,7,47,7fe3d6029ec1e666f41b728458a973e8e2e6924c09046427a23859dcc7b3d75a,10,change,False,0.2959032743,,,,,change,0.7645092607,0.5285641789,0.1080300869,0.06062828754,,,,,,0.9,0.1,0,0.6390706897,0.2847966254,0.0761327073
client,soft_linear,-1,7,7,49,7fe3d6029ec1e666f41b728458a973e8e2e6924c09046427a23859dcc7b3d75a,10,change,False,0.2959032743,,,,,neutral,0.6430709362,1.263838309,0.7902067011,0.236835536,,,,,,0.9,0.1,0,0.2550401986,0.7107913494,0.03416845202
client,soft_linear,-1,7,7,51,7fe3d6029ec1e666f41b728458a973e8e2e6924c09046427a23859dcc7b3d75a,10,change,False,-0,,,,,change,0.9207251668,0.6363853216,0.3354071515,0.1999978612,,,,,,1,0,0,0.5292019248,0.2736800015,0.1971181184
client,soft_linear,-1,7,7,53,7fe3d6029ec1e666f41b728458a973e8e2e6924c09046427a23859dcc7b3d75a,10,change,False,0.6126016193,,,,,neutral,0.5179263353,1.382114637,0.4236483109,0.1495007991,,,,,,0.6,0.4,0,0.1132865548,0.8281719089,0.05854148418
client,soft_linear,-1,7,7,55,7fe3d6029ec1e666f41b728458a973e8e2e6924c09046427a23859dcc7b3d75a,10,change,False,0.5560326499,,,,,neutral,0.4969937503,1.488843222,0.6098036883,0.1867560194,,,,,,0.7,0.3,0,0.1290307045,0.8312434554,0.03972584754
client,soft_linear,-1,7,7,57,7fe3d6029ec1e666f41b728458a973e8e2e6924c09046427a23859dcc7b3d75a,10,neutral,False,0.6126016193,,,,,sustain,0.975931108,1.19277885,0.2483999544,0.1664880335,,,,,,0.4,0.6,0,0.2304890305,0.3643659055,0.4051451087
client,soft_linear,-1,7,7,59,7fe3d6029ec1e666f41b728458a973e8e2e6924c09046427a23859dcc7b3d75a,10,neutral,False,0.455485915,,,,,neutral,0.4642363191,0.5526101947,0.008760692202,0.01568076515,,,,,,0.2,0.8,0,0.123962976,0.844661355,0.03137570992
client,soft_linear,-1,7,7,61,7fe3d6029ec1e666f41b728458a973e8e2e6924c09046427a23859dcc7b3d75a,10,neutral,False,0.5560326499,,,,,neutral,0.6175326705,1.105271289,0.1049801106,0.1192000854,,,,,,0.3,0.7,0,0.04838004336,0.7550596595,0.1965602487
client,soft_linear,-1,7,7,63,7fe3d6029ec1e666f41b728458a973e8e2e6924c09046427a23859dcc7b3d75a,10,neutral,False,0.455485915,,,,,neutral,0.4799019694,0.5826816678,0.01314466324,0.02435874337,,,,,,0.2,0.8,0,0.1064076647,0.8451570272,0.04843523726
client,soft_linear,-1,7,7,65,7fe3d6029ec1e666f41b728458a973e8e2e6924c09046427a23859dcc7b3d75a,10,neutral,False,0.455485915,,,,,neutral,0.6463454366,0.5526087999,0.007835765147,0.01764182135,,,,,,0.2,0.8,0,0.2232939154,0.7290999889,0.04760616645
client,soft_linear,-1,27,27,1,e883cab14c33a28c3bf1e25281ef335a7bcd08f31fb3e2cea1e824982af00196,10,neutral,False,0.8649735207,,,,,change,0.8137255907,1.193574083,0.1529109062,0.06119598667,,,,,,0.2,0.6,0.2,0.5174412727,0.4116359353,0.07092279941
client,soft_linear,-1,27,27,3,e883cab14c33a28c3bf1e25281ef335a7bcd08f31fb3e2cea1e824982af00196,10,neutral,False,0.6126016193,,,,,neutral,0.8320871592,0.9728161156,0.08897916506,0.08990263443,,,,,,0,0.6,0.4,0.1939146072,0.630664885,0.1754204929
client,soft_linear,-1,27,27,5,e883cab14c33a28c3bf1e25281ef335a7bcd08f31fb3e2cea1e824982af00196,10,neutral,False,0.455485915,,,,,change,0.7992443442,1.347487783,0.5364592408,0.2563658108,,,,,,0,0.8,0.2,0.5698312521,0.3579256237,0.07224307954
client,soft_linear,-1,27,27,7,e883cab14c33a28c3bf1e25281ef335a7bcd08f31fb3e2cea1e824982af00196,10,neutral,False,0.8649735207,,,,,change,0.9295728207,1.111055779,0.1251908041,0.04200228608,,,,,,0.2,0.6,0.2,0.4657576382,0.3690137863,0.1652285904
client,soft_linear,-1,27,27,9,e883cab14c33a28c3bf1e25281ef335a7bcd08f31fb3e2cea1e824982af00196,10,neutral,False,-0,,,,,neutral,0.5827844143,0.2361875623,0.07045479825,0.07910417368,,,,,,0,1,0,0.1503119171,0.7896325588,0.06005552039
client,soft_linear,-1,27,27,11,e883cab14c33a28c3bf1e25281ef335a7bcd08f31fb3e2cea1e824982af00196,10,neutral,False,-0,,,,,neutral,0.5085260868,0.1925096959,0.05041555372,0.06489717528,,,,,,0,1,0,0.1345587075,0.824886322,0.04055499658
client,soft_linear,-1,27,27,13,e883cab14c33a28c3bf1e25281ef335a7bcd08f31fb3e2cea1e824982af00196,10,neutral,False,0.455485915,,,,,neutral,0.4728359878,0.6178882003,0.01941627355,0.03332950685,,,,,,0.2,0.8,0,0.08635797352,0.8521039486,0.06153813377
client,soft_linear,-1,27,27,15,e883cab14c33a28c3bf1e25281ef335a7bcd08f31fb3e2cea1e824982af00196,10,sustain,False,-0,,,,,neutral,0.9809849858,1.34233439,0.8250589456,0.3714537822,,,,,,0,0,1,0.312820226,0.4259447157,0.2612351179
client,soft_linear,-1,27,27,17,e883cab14c33a28c3bf1e25281ef335a7bcd08f31fb3e2cea1e824982af00196,10,sustain,False,-0,,,,,change,0.9463561773,1.67162919,0.9943611479,0.4337693173,,,,,,0,0,1,0.4570228755,0.3550364971,0.187940672
client,soft_linear,-1,27,27,19,e883cab14c33a28c3bf1e25281ef335a7bcd08f31fb3e2cea1e824982af00196,10,sustain,False,-0,,,,,change,0.7474175692,2.905937433,1.383381744,0.5855900056,,,,,,0,0,1,0.6192570329,0.3260454535,0.05469749123
client,soft_linear,-1,27,27,21,e883cab14c33a28c3bf1e25281ef335a7bcd08f31fb3e2cea1e824982af00196,10,sustain,False,-0,,,,,change,0.7790979743,2.207239151,1.279891101,0.5138227065,,,,,,0,0,1,0.6591843963,0.2308116555,0.1100039259
client,soft_linear,-1,55,55,1,1b9abf33ba8b2badfab01f2ee1f7aa958800a9808d579c0ec4e6bc41eb27f449,10,neutral,False,-0,,,,,neutral,0.8258569241,0.5384986401,0.2839641835,0.1719984149,,,,,,0,1,0,0.317528218,0.5836238861,0.09884795547
client,soft_linear,-1,55,55,3,1b9abf33ba8b2badfab01f2ee1f7aa958800a9808d579c0ec4e6bc41eb27f449,10,neutral,False,-0,,,,,neutral,0.7704220414,0.4334623516,0.2010192709,0.1408139475,,,,,,0,1,0,0.263728857,0.6482607126,0.08801042289
client,soft_linear,-1,55,55,5,1b9abf33ba8b2badfab01f2ee1f7aa958800a9808d579c0ec4e6bc41eb27f449,10,neutral,False,-0,,,,,neutral,0.7014765739,0.3281444013,0.1217614793,0.1083740655,,,,,,0,1,0,0.09307868779,0.7202589512,0.1866622865
client,soft_linear,-1,55,55,7,1b9abf33ba8b2badfab01f2ee1f7aa958800a9808d579c0ec4e6bc41eb27f449,10,neutral,False,-0,,,,,neutral,0.5989686847,0.2394401878,0.06956170156,0.08015434814,,,,,,0,1,0,0.1343215257,0.787068367,0.0786101073
client,soft_linear,-1,55,55,9,1b9abf33ba8b2badfab01f2ee1f7aa958800a9808d579c0ec4e6bc41eb27f449,10,neutral,False,-0,,,,,neutral,0.7081130743,0.3564120531,0.1464420774,0.117195291,,,,,,0,1,0,0.2260908782,0.7001840472,0.07372507453
client,soft_linear,-1,55,55,11,1b9abf33ba8b2badfab01f2ee1f7aa958800a9808d579c0ec4e6bc41eb27f449,10,neutral,False,-0,,,,,neutral,0.762663722,0.3879653513,0.1592484814,0.1269430467,,,,,,0,1,0,0.2062970549,0.6784358025,0.1152670979
client,soft_linear,-1,55,55,13,1b9abf33ba8b2badfab01f2ee1f7aa958800a9808d579c0ec4e6bc41eb27f449,10,neutral,False,-0,,,,,change,0.9381546378,0.9474239349,0.598639936,0.2821068292,,,,,,0,1,0,0.4409339428,0.3877385557,0.1713275164
client,soft_linear,-1,55,55,15,1b9abf33ba8b2badfab01f2ee1f7aa958800a9808d579c0ec4e6bc41eb27f449,10,neutral,False,-0,,,,,neutral,0.611351788,0.2576169968,0.08210288419,0.08600314188,,,,,,0,1,0,0.1622128189,0.7728912234,0.06489598751
client,soft_linear,-1,55,55,17,1b9abf33ba8b2badfab01f2ee1f7aa958800a9808d579c0ec4e6bc41eb27f449,10,neutral,False,0.2959032743,,,,,neutral,0.8085098863,0.571270901,0.1022475003,0.07961393485,,,,,,0.1,0.9,0,0.1589161158,0.6502683759,0.1908154339
client,soft_linear,-1,55,55,19,1b9abf33ba8b2badfab01f2ee1f7aa958800a9808d579c0ec4e6bc41eb27f449,10,neutral,False,0.6126016193,,,,,neutral,0.7310091853,1.012435114,0.1079465108,0.09178398482,,,,,,0.4,0.6,0,0.133174479,0.7094051838,0.1574203223
client,soft_linear,-1,55,55,21,1b9abf33ba8b2badfab01f2ee1f7aa958800a9808d579c0ec4e6bc41eb27f449,10,neutral,False,-0,,,,,neutral,0.7055677176,0.4282756448,0.2168527494,0.1392436973,,,,,,0,1,0,0.3061161339,0.6516317725,0.042252101
client,soft_linear,-1,55,55,23,1b9abf33ba8b2badfab01f2ee1f7aa958800a9808d579c0ec4e6bc41eb27f449,10,neutral,False,0.455485915,,,,,sustain,0.8658499718,1.393387699,0.5609982185,0.2188179888,,,,,,0,0.8,0.2,0.2017278522,0.1991575658,0.5991145968
client,soft_linear,-1,55,55,25,1b9abf33ba8b2badfab01f2ee1f7aa958800a9808d579c0ec4e6bc41eb27f449,10,neutral,False,0.6126016193,,,,,sustain,0.5268836617,1.392550212,0.4229793162,0.151691504,,,,,,0,0.6,0.4,0.06358008832,0.1116381139,0.8247817755
client,soft_linear,-1,55,55,27,1b9abf33ba8b2badfab01f2ee1f7aa958800a9808d579c0ec4e6bc41eb27f449,10,neutral,True,0.6309297536,,,,,neutral,0.8946048021,1.268781781,0.2263011904,0.1610552214,,,,,,0,0.5,0.5,0.3186250031,0.5330652595,0.148309797
client,soft_linear,-1,55,55,29,1b9abf33ba8b2badfab01f2ee1f7aa958800a9808d579c0ec4e6bc41eb27f449,10,sustain,False,0.5560326499,,,,,sustain,0.9361618757,0.9335211754,0.1194269816,0.1066467784,,,,,,0,0.3,0.7,0.2757417262,0.2139786482,0.5102796555
client,soft_linear,-1,55,55,31,1b9abf33ba8b2badfab01f2ee1f7aa958800a9808d579c0ec4e6bc41eb27f449,10,sustain,False,0.455485915,,,,,change,0.8629059792,1.121399879,0.3546270195,0.195586561,,,,,,0,0.2,0.8,0.4622099698,0.09960447252,0.4381855428
client,soft_linear,-1,55,55,33,1b9abf33ba8b2badfab01f2ee1f7aa958800a9808d579c0ec4e6bc41eb27f449,10,change,False,0.455485915,,,,,sustain,0.9214324355,1.201224065,0.4399179566,0.2146966385,,,,,,0.8,0.2,0,0.3514629006,0.1614571512,0.4870799482
client,soft_linear,-1,55,55,35,1b9abf33ba8b2badfab01f2ee1f7aa958800a9808d579c0ec4e6bc41eb27f449,10,neutral,False,0.2959032743,,,,,neutral,0.7310094237,0.5106051773,0.06220815137,0.06139781829,,,,,,0.1,0.9,0,0.1331745386,0.7094050646,0.157420367
client,soft_linear,-1,55,55,37,1b9abf33ba8b2badfab01f2ee1f7aa958800a9808d579c0ec4e6bc41eb27f449,10,neutral,False,-0,,,,,neutral,0.8189771175,0.4442941546,0.1935929637,0.1440840697,,,,,,0,1,0,0.1962351501,0.6412767768,0.162488088
client,soft_linear,-1,55,55,39,1b9abf33ba8b2badfab01f2ee1f7aa958800a9808d579c0ec4e6bc41eb27f449,10,neutral,False,-0,,,,,neutral,0.8040245771,0.4558303356,0.210753098,0.1475531877,,,,,,0,1,0,0.1132799387,0.6339213848,0.2527987361
client,soft_linear,-1,55,55,41,1b9abf33ba8b2badfab01f2ee1f7aa958800a9808d579c0ec4e6bc41eb27f449,10,neutral,False,0.5560326499,,,,,neutral,0.9041521549,0.8079534948,0.0556670434,0.06603986092,,,,,,0.3,0.7,0,0.2800425887,0.5440425873,0.1759148389
client,soft_linear,-1,55,55,43,1b9abf33ba8b2badfab01f2ee1f7aa958800a9808d579c0ec4e6bc41eb27f449,10,neutral,False,-0,,,,,neutral,0.5159490108,0.1904655099,0.04758440241,0.06422750468,,,,,,0,1,0,0.1218531132,0.826574266,0.05157262832
client,soft_linear,-1,55,55,45,1b9abf33ba8b2badfab01f2ee1f7aa958800a9808d579c0ec4e6bc41eb27f449,10,neutral,False,0.5560326499,,,,,sustain,0.9886134863,1.226316106,0.3351113762,0.1854005239,,,,,,0.3,0.7,0,0.3010454178,0.2901426256,0.4088119566
client,soft_linear,-1,55,55,47,1b9abf33ba8b2badfab01f2ee1f7aa958800a9808d579c0ec4e6bc41eb27f449,10,neutral,False,0.8586727111,,,,,change,0.9490898848,0.9760953724,0.01564729283,0.008644709226,,,,,,0.4,0.5,0.1,0.4090355337,0.4073776603,0.1835868061
client,soft_linear,-1,55,55,49,1b9abf33ba8b2badfab01f2ee1f7aa958800a9808d579c0ec4e6bc41eb27f449,10,change,False,0.8173454221,,,,,change,0.8325980306,0.9033342004,0.004229648005,0.001363992785,,,,,,0.6,0.3,0.1,0.5575904846,0.3488796353,0.09352989495
client,soft_linear,-1,55,55,51,1b9abf33ba8b2badfab01f2ee1f7aa958800a9808d579c0ec4e6bc41eb27f449,10,neutral,False,0.2959032743,,,,,neutral,0.5832263827,0.3990677565,0.0214245171,0.02346058199,,,,,,0.1,0.9,0,0.1706260443,0.7811930776,0.04818084836
client,soft_linear,-1,55,55,53,1b9abf33ba8b2badfab01f2ee1f7aa958800a9808d579c0ec4e6bc41eb27f449,10,neutral,False,0.5560326499,,,,,neutral,0.7091160417,0.6723287076,0.005299000889,0.02099717928,,,,,,0.3,0.7,0,0.2615378499,0.679988265,0.05847387761
client,soft_linear,-1,55,55,55,1b9abf33ba8b2badfab01f2ee1f7aa958800a9808d579c0ec4e6bc41eb27f449,10,change,False,0.2959032743,,,,,neutral,0.8735514879,0.908428055,0.4239444622,0.1607613025,,,,,,0.9,0.1,0,0.3941144347,0.4944774508,0.1114082038
client,soft_linear,-1,55,55,57,1b9abf33ba8b2badfab01f2ee1f7aa958800a9808d579c0ec4e6bc41eb27f449,10,change,False,-0,,,,,sustain,0.8876942992,1.343881607,0.8974359832,0.371771823,,,,,,1,0,0,0.2608312368,0.1722517759,0.5669169426
client,soft_linear,-1,55,55,59,1b9abf33ba8b2badfab01f2ee1f7aa958800a9808d579c0ec4e6bc41eb27f449,10,change,False,-0,,,,,neutral,0.8968218565,1.33678937,0.8868824984,0.3703118729,,,,,,1,0,0,0.2626876831,0.5576512814,0.1796609759
client,soft_linear,-1,55,55,61,1b9abf33ba8b2badfab01f2ee1f7aa958800a9808d579c0ec4e6bc41eb27f449,10,change,False,0.6126016193,,,,,neutral,0.6337817907,0.9511756182,0.216697589,0.06817612887,,,,,,0.6,0.4,0,0.2567279935,0.7129584551,0.03031347878
client,soft_linear,-1,55,55,63,1b9abf33ba8b2badfab01f2ee1f7aa958800a9808d579c0ec4e6bc41eb27f449,10,neutral,False,0.6126016193,,,,,neutral,0.8116512299,0.9507622361,0.0819378514,0.08259215429,,,,,,0.4,0.6,0,0.1776761264,0.6487279534,0.1735958904
client,soft_linear,-1,56,56,1,994bc72760dcfe7fa4dcb4204fd49276c86f3b5d7563bd03968bb98375e50059,10,neutral,False,-0,,,,,neutral,0.7261021733,0.3395216763,0.1249220642,0.1119345076,,,,,,0,1,0,0.1265976727,0.712110877,0.161291495
client,soft_linear,-1,56,56,3,994bc72760dcfe7fa4dcb4204fd49276c86f3b5d7563bd03968bb98375e50059,10,neutral,False,-0,,,,,neutral,0.7958921194,0.6082491875,0.3650908358,0.1920552966,,,,,,0,1,0,0.3915573955,0.544303,0.06413958222
client,soft_linear,-1,56,56,5,994bc72760dcfe7fa4dcb4204fd49276c86f3b5d7563bd03968bb98375e50059,10,neutral,False,-0,,,,,neutral,0.988296032,0.9066134691,0.5342093324,0.2719287284,,,,,,0,1,0,0.2736813724,0.4038897753,0.3224289119
client,soft_linear,-1,56,56,7,994bc72760dcfe7fa4dcb4204fd49276c86f3b5d7563bd03968bb98375e50059,10,neutral,False,0.2959032743,,,,,sustain,0.8458333015,1.564011025,0.8548383937,0.331552157,,,,,,0.1,0.9,0,0.1694869995,0.2142588943,0.6162540317
client,soft_linear,-1,56,56,9,994bc72760dcfe7fa4dcb4204fd49276c86f3b5d7563bd03968bb98375e50059,10,neutral,True,0.6309297536,,,,,neutral,0.9085258842,1.065400779,0.1380916948,0.1105525394,,,,,,0,0.5,0.5,0.2330317199,0.5517637134,0.2152045816
client,soft_linear,-1,56,56,11,994bc72760dcfe7fa4dcb4204fd49276c86f3b5d7563bd03968bb98375e50059,10,sustain,False,0.6126016193,,,,,change,0.9467644095,1.364454675,0.3810806797,0.2146731891,,,,,,0,0.4,0.6,0.4962230027,0.2284547985,0.2753222287
client,soft_linear,-1,56,56,13,994bc72760dcfe7fa4dcb4204fd49276c86f3b5d7563bd03968bb98375e50059,10,neutral,False,0.455485915,,,,,neutral,0.5605072379,0.5890871048,0.01061034929,0.02841944782,,,,,,0.2,0.8,0,0.1237919554,0.8072912693,0.06891676039
client,soft_linear,-1,56,56,15,994bc72760dcfe7fa4dcb4204fd49276c86f3b5d7563bd03968bb98375e50059,10,neutral,False,0.2959032743,,,,,neutral,0.5237709284,0.4321371555,0.0157682502,0.03628027425,,,,,,0.1,0.9,0,0.0723579675,0.8283162713,0.09932578355
client,soft_linear,-1,56,56,17,994bc72760dcfe7fa4dcb4204fd49276c86f3b5d7563bd03968bb98375e50059,10,neutral,False,0.5560326499,,,,,neutral,0.5605072379,0.7765953183,0.0473102225,0.04468002344,,,,,,0.3,0.7,0,0.1237919554,0.8072912693,0.06891676039
client,soft_linear,-1,56,56,19,994bc72760dcfe7fa4dcb4204fd49276c86f3b5d7563bd03968bb98375e50059,10,neutral,False,0.455485915,,,,,neutral,0.600486815,0.9426018,0.08360998815,0.1147057239,,,,,,0,0.8,0.2,0.2265903503,0.7441295981,0.02928005531
client,soft_linear,-1,56,56,21,994bc72760dcfe7fa4dcb4204fd49276c86f3b5d7563bd03968bb98375e50059,10,sustain,False,0.5560326499,,,,,change,0.8554445505,1.559618771,0.5988654697,0.2799423353,,,,,,0,0.3,0.7,0.6031831503,0.1613817364,0.2354351133
client,soft_linear,-1,56,56,23,994bc72760dcfe7fa4dcb4204fd49276c86f3b5d7563bd03968bb98375e50059,10,neutral,False,0.5816718657,,,,,neutral,0.7188196182,0.6622901559,0.01254262366,0.006167565992,,,,,,0.1,0.8,0.1,0.1713171601,0.7147762179,0.1139065921
client,soft_linear,-1,56,56,25,994bc72760dcfe7fa4dcb4204fd49276c86f3b5d7563bd03968bb98375e50059,10,sustain,False,0.6126016193,,,,,change,0.9956789613,1.17394228,0.2367212953,0.1571987435,,,,,,0,0.4,0.6,0.3714718223,0.3361950219,0.2923331261
client,soft_linear,-1,56,56,27,994bc72760dcfe7fa4dcb4204fd49276c86f3b5d7563bd03968bb98375e50059,10,sustain,False,0.455485915,,,,,change,0.8003789783,1.683343315,0.7964112058,0.3270530287,,,,,,0,0.2,0.8,0.6554920077,0.1478502601,0.1966577768
client,soft_linear,-1,56,56,29,994bc72760dcfe7fa4dcb4204fd49276c86f3b5d7563bd03968bb98375e50059,10,neutral,False,0.5560326499,,,,,neutral,0.5519939065,0.8729273736,0.06772842161,0.06651300112,,,,,,0,0.7,0.3,0.09701744467,0.8152134418,0.08776916564
client,soft_linear,-1,56,56,31,994bc72760dcfe7fa4dcb4204fd49276c86f3b5d7563bd03968bb98375e50059,10,sustain,False,0.455485915,,,,,sustain,0.9877790809,0.959806776,0.24929158,0.140008403,,,,,,0,0.2,0.8,0.3010694087,0.2875066996,0.4114239216
client,soft_linear,-1,56,56,33,994bc72760dcfe7fa4dcb4204fd49276c86f3b5d7563bd03968bb98375e50059,10,neutral,False,-0,,,,,neutral,0.5605068803,0.2140704542,0.05721049438,0.07193451766,,,,,,0,1,0,0.1237918362,0.8072915077,0.06891670823
client,soft_linear,-1,56,56,35,994bc72760dcfe7fa4dcb4204fd49276c86f3b5d7563bd03968bb98375e50059,10,sustain,False,0.9372305632,,,,,change,0.8370726109,1.297223985,0.1175979652,0.06010596259,,,,,,0.2,0.3,0.5,0.4610675573,0.08182044327,0.4571120441
client,soft_linear,-1,56,56,37,994bc72760dcfe7fa4dcb4204fd49276c86f3b5d7563bd03968bb98375e50059,10,neutral,True,0.6309297536,,,,,neutral,0.8917731643,1.263652623,0.223172143,0.1592091907,,,,,,0,0.5,0.5,0.312928766,0.538837254,0.1482339054
client,soft_linear,-1,56,56,39,994bc72760dcfe7fa4dcb4204fd49276c86f3b5d7563bd03968bb98375e50059,10,sustain,False,0.455485915,,,,,change,0.9510405064,1.387108207,0.5515762207,0.2493900905,,,,,,0,0.2,0.8,0.4922026694,0.2606404424,0.2471569031
client,soft_linear,-1,56,56,41,994bc72760dcfe7fa4dcb4204fd49276c86f3b5d7563bd03968bb98375e50059,10,sustain,False,0.8173454221,,,,,change,0.9502434134,1.322259277,0.2846202709,0.1111328913,,,,,,0.1,0.3,0.6,0.4927686155,0.2667406499,0.2404907495
client,soft_linear,-1,56,56,43,994bc72760dcfe7fa4dcb4204fd49276c86f3b5d7563bd03968bb98375e50059,10,neutral,False,0.6126016193,,,,,neutral,0.5605068803,0.9641037792,0.1240102316,0.06986800639,,,,,,0.4,0.6,0,0.1237918362,0.8072915077,0.06891670823
client,soft_linear,-1,56,56,45,994bc72760dcfe7fa4dcb4204fd49276c86f3b5d7563bd03968bb98375e50059,10,neutral,False,0.5560326499,,,,,neutral,0.6121381521,0.8888652787,0.06606805809,0.07405857609,,,,,,0.3,0.7,0,0.09167998284,0.7821122408,0.1262077987
client,soft_linear,-1,56,56,47,994bc72760dcfe7fa4dcb4204fd49276c86f3b5d7563bd03968bb98375e50059,10,neutral,False,0.6126016193,,,,,change,0.9778060317,1.088136005,0.1801286522,0.1262322638,,,,,,0.4,0.6,0,0.4396676421,0.2820316851,0.2783007026
client,soft_linear,-1,56,56,49,994bc72760dcfe7fa4dcb4204fd49276c86f3b5d7563bd03968bb98375e50059,10,neutral,False,-0,,,,,neutral,0.5605072379,0.2140706778,0.05721060287,0.07193459229,,,,,,0,1,0,0.1237919554,0.8072912693,0.06891676039
client,soft_linear,-1,56,56,51,994bc72760dcfe7fa4dcb4204fd49276c86f3b5d7563bd03968bb98375e50059,10,sustain,False,0.7298466992,,,,,sustain,0.9755173326,0.9688493192,0.1141322403,0.0444276248,,,,,,0.1,0.2,0.7,0.3081532717,0.2526724935,0.4391742647
client,soft_linear,-1,56,56,53,994bc72760dcfe7fa4dcb4204fd49276c86f3b5d7563bd03968bb98375e50059,10,neutral,False,-0,,,,,neutral,0.7624287009,0.5070575476,0.2768772676,0.1627870593,,,,,,0,1,0,0.3395580947,0.6022651196,0.05817673728
client,soft_linear,-1,56,56,55,994bc72760dcfe7fa4dcb4204fd49276c86f3b5d7563bd03968bb98375e50059,10,neutral,False,-0,,,,,neutral,0.6456392407,0.2807563841,0.09392296942,0.09339955592,,,,,,0,1,0,0.07744137198,0.755212307,0.1673463136
client,soft_linear,-1,56,56,57,994bc72760dcfe7fa4dcb4204fd49276c86f3b5d7563bd03968bb98375e50059,10,neutral,False,-0,,,,,neutral,0.5605072379,0.2140706778,0.05721060287,0.07193459229,,,,,,0,1,0,0.1237919554,0.8072912693,0.06891676039
client,soft_linear,-1,56,56,59,994bc72760dcfe7fa4dcb4204fd49276c86f3b5d7563bd03968bb98375e50059,10,neutral,False,0.455485915,,,,,change,0.9318118691,1.009817636,0.3243785455,0.139521169,,,,,,0.2,0.8,0,0.4845973551,0.3392008841,0.1762017757
client,soft_linear,-1,56,56,61,994bc72760dcfe7fa4dcb4204fd49276c86f3b5d7563bd03968bb98375e50059,10,sustain,False,0.8649735207,,,,,sustain,0.9825236797,1.045267272,0.07141140935,0.02394561312,,,,,,0.2,0.2,0.6,0.3625348508,0.244798094,0.3926670253
client,soft_linear,-1,56,56,63,994bc72760dcfe7fa4dcb4204fd49276c86f3b5d7563bd03968bb98375e50059,10,neutral,False,0.8173454221,,,,,neutral,0.6670739651,0.9526043177,0.03696258632,0.01286012626,,,,,,0.1,0.6,0.3,0.08468417823,0.7429552078,0.1723605841
client,soft_linear,-1,56,56,65,994bc72760dcfe7fa4dcb4204fd49276c86f3b5d7563bd03968bb98375e50059,10,neutral,False,-0,,,,,neutral,0.8507361412,0.6591883898,0.391268565,0.2063724462,,,,,,0,1,0,0.3858075738,0.5172709823,0.09692149609
client,soft_linear,-1,56,56,67,994bc72760dcfe7fa4dcb4204fd49276c86f3b5d7563bd03968bb98375e50059,10,neutral,False,0.5816718657,,,,,neutral,0.5605072379,0.6476573944,0.001585388296,0.002079940825,,,,,,0.1,0.8,0.1,0.1237919554,0.8072912693,0.06891676039
client,soft_linear,-1,56,56,69,994bc72760dcfe7fa4dcb4204fd49276c86f3b5d7563bd03968bb98375e50059,10,neutral,False,0.8586727111,,,,,change,0.5080733895,1.494735235,0.3500381436,0.1135366771,,,,,,0.4,0.5,0.1,0.8350237012,0.1005957201,0.0643805638
client,soft_linear,-1,56,56,71,994bc72760dcfe7fa4dcb4204fd49276c86f3b5d7563bd03968bb98375e50059,10,neutral,False,0.5816718657,,,,,neutral,0.8477568626,0.738047111,0.06574865994,0.02670617649,,,,,,0.1,0.8,0.1,0.2571589053,0.6016284823,0.1412126124
client,soft_linear,-1,56,56,73,994bc72760dcfe7fa4dcb4204fd49276c86f3b5d7563bd03968bb98375e50059,10,neutral,False,0.455485915,,,,,neutral,0.8991802335,0.7768839836,0.1103484602,0.09086692643,,,,,,0.2,0.8,0,0.2055083364,0.562402308,0.2320893258
client,soft_linear,-1,56,56,75,994bc72760dcfe7fa4dcb4204fd49276c86f3b5d7563bd03968bb98375e50059,10,neutral,False,0.2959032743,,,,,neutral,0.8788121939,0.6976851702,0.1915789915,0.1186635837,,,,,,0.1,0.9,0,0.1534635276,0.5672523379,0.2792841494
client,soft_linear,-1,56,56,77,994bc72760dcfe7fa4dcb4204fd49276c86f3b5d7563bd03968bb98375e50059,10,neutral,False,0.5560326499,,,,,neutral,0.7766068578,0.7199481934,0.01551057017,0.03701147235,,,,,,0,0.7,0.3,0.1014642417,0.6551021338,0.2434335351
client,soft_linear,-1,56,56,79,994bc72760dcfe7fa4dcb4204fd49276c86f3b5d7563bd03968bb98375e50059,10,neutral,False,-0,,,,,sustain,0.7821369767,0.9122670293,0.6555356239,0.2733494597,,,,,,0,1,0,0.0558476001,0.4016127288,0.5425397158
client,soft_linear,-1,56,56,81,994bc72760dcfe7fa4dcb4204fd49276c86f3b5d7563bd03968bb98375e50059,10,neutral,False,0.2959032743,,,,,change,0.8287360668,1.150797641,0.5862626927,0.2483927084,,,,,,0,0.9,0.1,0.547663331,0.3650552928,0.08728142828
client,soft_linear,-1,56,56,83,994bc72760dcfe7fa4dcb4204fd49276c86f3b5d7563bd03968bb98375e50059,10,neutral,False,0.2959032743,,,,,neutral,0.7390973568,0.5351691782,0.07366212889,0.06987192613,,,,,,0,0.9,0.1,0.1824623495,0.6998574734,0.1176801845
client,soft_linear,-1,56,56,85,994bc72760dcfe7fa4dcb4204fd49276c86f3b5d7563bd03968bb98375e50059,10,change,False,0.5560326499,,,,,change,0.4515301287,0.7874436721,0.0644231817,0.04244997562,,,,,,0.7,0.3,0,0.856374979,0.1040341631,0.03959088773
client,soft_linear,-1,56,56,87,994bc72760dcfe7fa4dcb4204fd49276c86f3b5d7563bd03968bb98375e50059,10,change,False,0.5560326499,,,,,neutral,0.9717512131,1.331194192,0.3825858994,0.2000845374,,,,,,0.7,0.3,0,0.2206945568,0.4018388093,0.377466619
client,soft_linear,-1,56,56,89,994bc72760dcfe7fa4dcb4204fd49276c86f3b5d7563bd03968bb98375e50059,10,neutral,False,0.455485915,,,,,neutral,0.5605072379,0.5890871048,0.01061034929,0.02841944782,,,,,,0.2,0.8,0,0.1237919554,0.8072912693,0.06891676039
client,soft_linear,-1,56,56,91,994bc72760dcfe7fa4dcb4204fd49276c86f3b5d7563bd03968bb98375e50059,10,change,False,0.455485915,,,,,change,0.7572288513,0.6106769323,0.02683444224,0.03680275111,,,,,,0.8,0.2,0,0.6714860201,0.232158199,0.09635584801
client,soft_linear,-1,56,56,93,994bc72760dcfe7fa4dcb4204fd49276c86f3b5d7563bd03968bb98375e50059,10,change,False,0.455485915,,,,,neutral,0.7733771801,1.220812392,0.5319064206,0.1782877962,,,,,,0.8,0.2,0,0.2413852066,0.6579560637,0.1006587148
client,soft_linear,-1,56,56,95,994bc72760dcfe7fa4dcb4204fd49276c86f3b5d7563bd03968bb98375e50059,10,change,False,0.2959032743,,,,,change,0.9165399075,0.7463349283,0.2301183201,0.1313824552,,,,,,0.9,0.1,0,0.5272007585,0.182357803,0.2904414535
client,soft_linear,-1,56,56,97,994bc72760dcfe7fa4dcb4204fd49276c86f3b5d7563bd03968bb98375e50059,10,neutral,False,0.9372305632,,,,,neutral,0.8713338375,1.044254565,0.008273532854,0.00353698005,,,,,,0.2,0.5,0.3,0.1438615024,0.5701776147,0.2859608233
client,soft_linear,-1,56,56,99,994bc72760dcfe7fa4dcb4204fd49276c86f3b5d7563bd03968bb98375e50059,10,change,False,0.6126016193,,,,,neutral,0.8242112994,1.188058281,0.2586364444,0.1319368376,,,,,,0.6,0.4,0,0.1863083541,0.6378721595,0.1758195162
client,soft_linear,-1,56,56,101,994bc72760dcfe7fa4dcb4204fd49276c86f3b5d7563bd03968bb98375e50059,10,neutral,False,0.2959032743,,,,,neutral,0.662225008,0.4987055242,0.04804720134,0.05865279329,,,,,,0.1,0.9,0,0.09157883376,0.7493867874,0.1590344161
client,soft_linear,-1,56,56,103,994bc72760dcfe7fa4dcb4204fd49276c86f3b5d7563bd03968bb98375e50059,10,neutral,False,0.7298466992,,,,,neutral,0.9639773965,1.043095726,0.1705776956,0.06555391722,,,,,,0.1,0.7,0.2,0.3888137937,0.4048323929,0.2063538581
client,soft_linear,-1,56,56,105,994bc72760dcfe7fa4dcb4204fd49276c86f3b5d7563bd03968bb98375e50059,10,neutral,False,0.455485915,,,,,neutral,0.5325285792,0.5469400287,0.003982785185,0.01536295149,,,,,,0.2,0.8,0,0.1515748948,0.8089596033,0.0394654274
client,soft_linear,-1,56,56,107,994bc72760dcfe7fa4dcb4204fd49276c86f3b5d7563bd03968bb98375e50059,10,neutral,False,0.455485915,,,,,neutral,0.5605072379,0.5890871048,0.01061034929,0.02841944782,,,,,,0.2,0.8,0,0.1237919554,0.8072912693,0.06891676039
client,soft_linear,-1,56,56,109,994bc72760dcfe7fa4dcb4204fd49276c86f3b5d7563bd03968bb98375e50059,10,neutral,False,0.2959032743,,,,,neutral,0.5605072379,0.4015788913,0.01391047608,0.02577745295,,,,,,0.1,0.9,0,0.1237919554,0.8072912693,0.06891676039
client,soft_linear,-1,56,56,111,994bc72760dcfe7fa4dcb4204fd49276c86f3b5d7563bd03968bb98375e50059,10,neutral,False,0.5560326499,,,,,neutral,0.6456392407,0.9639997333,0.08058553042,0.09355847117,,,,,,0.3,0.7,0,0.07744137198,0.755212307,0.1673463136
client,soft_linear,-1,56,56,113,994bc72760dcfe7fa4dcb4204fd49276c86f3b5d7563bd03968bb98375e50059,10,change,False,0.455485915,,,,,change,0.8652448654,0.6995521784,0.09180198261,0.06141626639,,,,,,0.8,0.2,0,0.5526129007,0.3245320916,0.1228550524
client,soft_linear,-1,56,56,115,994bc72760dcfe7fa4dcb4204fd49276c86f3b5d7563bd03968bb98375e50059,10,change,True,0.6309297536,,,,,neutral,0.6486862898,1.145722866,0.2145138615,0.1070168807,,,,,,0.5,0.5,0,0.132748872,0.7617400885,0.1055110171
client,soft_linear,-1,56,56,117,994bc72760dcfe7fa4dcb4204fd49276c86f3b5d7563bd03968bb98375e50059,10,change,False,0.455485915,,,,,change,0.9793738723,0.9326740026,0.239936434,0.1275483497,,,,,,0.8,0.2,0,0.4027252793,0.3586646914,0.2386100292
client,soft_linear,-1,56,56,119,994bc72760dcfe7fa4dcb4204fd49276c86f3b5d7563bd03968bb98375e50059,10,neutral,False,0.7298466992,,,,,neutral,0.5605072379,0.8937358975,0.02926030051,0.01922027273,,,,,,0.1,0.7,0.2,0.1237919554,0.8072912693,0.06891676039
client,soft_linear,-1,56,56,121,994bc72760dcfe7fa4dcb4204fd49276c86f3b5d7563bd03968bb98375e50059,10,neutral,False,0.2959032743,,,,,neutral,0.8118816018,0.5511383951,0.1013499757,0.07030177626,,,,,,0.1,0.9,0,0.2237874418,0.6401605606,0.1360519528
client,soft_linear,-1,56,56,123,994bc72760dcfe7fa4dcb4204fd49276c86f3b5d7563bd03968bb98375e50059,10,neutral,False,-0,,,,,neutral,0.5233125091,0.2025715858,0.05541236179,0.06818721478,,,,,,0,1,0,0.1415580213,0.8166279197,0.04181396589
client,soft_linear,-1,56,56,125,994bc72760dcfe7fa4dcb4204fd49276c86f3b5d7563bd03968bb98375e50059,10,neutral,False,-0,,,,,neutral,0.4323238432,0.1571784467,0.03706300767,0.05326333653,,,,,,0,1,0,0.124348484,0.8545514941,0.02109999396
client,soft_linear,-1,56,56,127,994bc72760dcfe7fa4dcb4204fd49276c86f3b5d7563bd03968bb98375e50059,10,change,False,0.2959032743,,,,,change,0.8483998179,0.6185358167,0.1656186626,0.08704157416,,,,,,0.9,0.1,0,0.5724270344,0.3120699823,0.1155029759
client,soft_linear,-1,56,56,129,994bc72760dcfe7fa4dcb4204fd49276c86f3b5d7563bd03968bb98375e50059,10,sustain,False,0.6126016193,,,,,neutral,0.8242414594,1.074263072,0.2124599069,0.1060505366,,,,,,0,0.4,0.6,0.1427793354,0.6301738024,0.2270469218
client,soft_linear,-1,56,56,131,994bc72760dcfe7fa4dcb4204fd49276c86f3b5d7563bd03968bb98375e50059,10,change,False,0.2959032743,,,,,sustain,0.8773863912,1.358376002,0.7250085671,0.2901562421,,,,,,0.9,0.1,0,0.2716490924,0.1565213352,0.5718295574
client,soft_linear,-1,56,56,133,994bc72760dcfe7fa4dcb4204fd49276c86f3b5d7563bd03968bb98375e50059,10,neutral,False,0.5560326499,,,,,neutral,0.5605072379,0.7765953183,0.0473102225,0.04468002344,,,,,,0.3,0.7,0,0.1237919554,0.8072912693,0.06891676039
client,soft_linear,-1,56,56,135,994bc72760dcfe7fa4dcb4204fd49276c86f3b5d7563bd03968bb98375e50059,10,neutral,False,0.5560326499,,,,,neutral,0.8037167192,0.7081761122,0.03266359167,0.03105678197,,,,,,0.3,0.7,0,0.376773715,0.552474916,0.0707513243
client,soft_linear,-1,56,56,137,994bc72760dcfe7fa4dcb4204fd49276c86f3b5d7563bd03968bb98375e50059,10,change,False,0.5560326499,,,,,change,0.8670901656,0.7928101361,0.04275049429,0.06141192308,,,,,,0.7,0.3,0,0.5911958814,0.2426143587,0.1661897898
client,soft_linear,-1,56,56,139,994bc72760dcfe7fa4dcb4204fd49276c86f3b5d7563bd03968bb98375e50059,10,neutral,False,0.6126016193,,,,,neutral,0.5602134466,1.044505376,0.1419967966,0.08650583215,,,,,,0.4,0.6,0,0.1005628183,0.8109673858,0.08846971393
client,soft_linear,-1,56,56,141,994bc72760dcfe7fa4dcb4204fd49276c86f3b5d7563bd03968bb98375e50059,10,neutral,False,0.5560326499,,,,,neutral,0.8233783245,0.722501123,0.02164167855,0.03777980629,,,,,,0,0.7,0.3,0.1028338373,0.5948268175,0.3023394048
client,soft_linear,-1,56,56,143,994bc72760dcfe7fa4dcb4204fd49276c86f3b5d7563bd03968bb98375e50059,10,neutral,False,0.2959032743,,,,,neutral,0.5602134466,0.4182718068,0.01575399355,0.03182041851,,,,,,0.1,0.9,0,0.1005628183,0.8109673858,0.08846971393
client,soft_linear,-1,56,56,145,994bc72760dcfe7fa4dcb4204fd49276c86f3b5d7563bd03968bb98375e50059,10,neutral,False,-0,,,,,neutral,0.8118814826,0.4460360706,0.1980752772,0.1446088074,,,,,,0,1,0,0.2237874418,0.6401606798,0.1360519081
client,soft_linear,-1,56,56,147,994bc72760dcfe7fa4dcb4204fd49276c86f3b5d7563bd03968bb98375e50059,10,neutral,False,-0,,,,,neutral,0.8118814826,0.4460360706,0.1980752772,0.1446088074,,,,,,0,1,0,0.2237874418,0.6401606798,0.1360519081
client,soft_linear,-1,56,56,149,994bc72760dcfe7fa4dcb4204fd49276c86f3b5d7563bd03968bb98375e50059,10,neutral,False,0.2959032743,,,,,neutral,0.6543866992,0.4455795676,0.03229111048,0.03988091321,,,,,,0.1,0.9,0,0.1416797638,0.7573297024,0.1009905636
client,soft_linear,-1,56,56,151,994bc72760dcfe7fa4dcb4204fd49276c86f3b5d7563bd03968bb98375e50059,10,neutral,False,0.2959032743,,,,,neutral,0.850913763,0.5949281961,0.1267569714,0.08399183545,,,,,,0,0.9,0.1,0.168342635,0.6105872393,0.2210701555
client,soft_linear,-1,56,56,153,994bc72760dcfe7fa4dcb4204fd49276c86f3b5d7563bd03968bb98375e50059,10,neutral,False,0.2959032743,,,,,change,0.8064749241,0.9934971631,0.5258604013,0.1795151217,,,,,,0.1,0.9,0,0.5697249174,0.3529691994,0.07730592787
client,soft_linear,-1,56,56,155,994bc72760dcfe7fa4dcb4204fd49276c86f3b5d7563bd03968bb98375e50059,10,neutral,False,-0,,,,,change,0.695795238,1.095955729,0.8463920217,0.3176429163,,,,,,0,1,0,0.6341353655,0.334220022,0.03164460137
client,soft_linear,-1,56,56,157,994bc72760dcfe7fa4dcb4204fd49276c86f3b5d7563bd03968bb98375e50059,10,neutral,False,0.6126016193,,,,,change,0.7513719201,0.8781826496,0.1338874376,0.05504952237,,,,,,0.4,0.6,0,0.6241047382,0.3168438077,0.05905145779
client,soft_linear,-1,56,56,159,994bc72760dcfe7fa4dcb4204fd49276c86f3b5d7563bd03968bb98375e50059,10,neutral,False,0.2959032743,,,,,neutral,0.5605072379,0.4015788913,0.01391047608,0.02577745295,,,,,,0.1,0.9,0,0.1237919554,0.8072912693,0.06891676039
client,soft_linear,-1,56,56,161,994bc72760dcfe7fa4dcb4204fd49276c86f3b5d7563bd03968bb98375e50059,10,neutral,False,0.6126016193,,,,,change,0.8960527182,0.8500794291,0.06140771794,0.05594479828,,,,,,0.4,0.6,0,0.47138834,0.4003496468,0.1282620728
client,soft_linear,-1,56,56,163,994bc72760dcfe7fa4dcb4204fd49276c86f3b5d7563bd03968bb98375e50059,10,neutral,False,0.6126016193,,,,,neutral,0.7599799037,0.7378258705,0.007908316339,0.02180913377,,,,,,0.4,0.6,0,0.3335278034,0.607933104,0.05853912607
client,soft_linear,-1,56,56,165,994bc72760dcfe7fa4dcb4204fd49276c86f3b5d7563bd03968bb98375e50059,10,neutral,False,0.2959032743,,,,,neutral,0.9261835217,0.8554351568,0.3505607904,0.1498657907,,,,,,0.1,0.9,0,0.418623656,0.4258237183,0.1555525959
client,soft_linear,-1,56,56,167,994bc72760dcfe7fa4dcb4204fd49276c86f3b5d7563bd03968bb98375e50059,10,neutral,False,0.5560326499,,,,,change,0.9830197692,1.015841806,0.1993050147,0.1212954023,,,,,,0.3,0.7,0,0.4044309556,0.3453392684,0.2502298057
client,soft_linear,-1,56,56,169,994bc72760dcfe7fa4dcb4204fd49276c86f3b5d7563bd03968bb98375e50059,10,neutral,False,0.5560326499,,,,,neutral,0.824128747,0.7558489919,0.07490095264,0.04312839373,,,,,,0.3,0.7,0,0.4454540014,0.4803620577,0.07418396324
client,soft_linear,-1,56,56,171,994bc72760dcfe7fa4dcb4204fd49276c86f3b5d7563bd03968bb98375e50059,10,neutral,False,0.6126016193,,,,,neutral,0.7577304244,1.076061624,0.1239172385,0.1089830882,,,,,,0.4,0.6,0,0.1197561249,0.6848395467,0.1954043508
client,soft_linear,-1,56,56,173,994bc72760dcfe7fa4dcb4204fd49276c86f3b5d7563bd03968bb98375e50059,10,neutral,False,0.5560326499,,,,,neutral,0.560213387,0.8357610583,0.05991586586,0.05866845022,,,,,,0.3,0.7,0,0.100562796,0.8109675646,0.08846970648
client,soft_linear,-1,66,66,1,60300796ba7899fd40ecbaa91387c5ca83e5757c4513c7aae95783e2e3877244,10,neutral,False,-0,,,,,neutral,0.6411092877,0.3113217056,0.1225836953,0.1030848143,,,,,,0,1,0,0.2210300863,0.7324781418,0.04649168253
client,soft_linear,-1,66,66,3,60300796ba7899fd40ecbaa91387c5ca83e5757c4513c7aae95783e2e3877244,10,neutral,False,-0,,,,,change,0.7310325503,0.8716194034,0.6418174116,0.2630583995,,,,,,0,1,0,0.549908638,0.4182736576,0.03181766719
client,soft_linear,-1,66,66,5,60300796ba7899fd40ecbaa91387c5ca83e5757c4513c7aae95783e2e3877244,10,change,True,0.9602297179,,,,,neutral,0.9833881259,1.159663701,0.06670681911,0.02713372348,,,,,,0.4,0.2,0.4,0.2511881888,0.403807193,0.3450046182
client,soft_linear,-1,66,66,7,60300796ba7899fd40ecbaa91387c5ca83e5757c4513c7aae95783e2e3877244,10,change,True,0.6309297536,,,,,neutral,0.4374675453,1.20673573,0.2886544062,0.1069687467,,,,,,0.5,0.5,0,0.1039133146,0.8613334894,0.03475311026
client,soft_linear,-1,66,66,9,60300796ba7899fd40ecbaa91387c5ca83e5757c4513c7aae95783e2e3877244,10,sustain,False,0.8586727111,,,,,sustain,0.8515889049,1.161386627,0.09798409928,0.05014933939,,,,,,0.4,0.1,0.5,0.1462885588,0.2535938323,0.6001176238
client,soft_linear,-1,66,66,11,60300796ba7899fd40ecbaa91387c5ca83e5757c4513c7aae95783e2e3877244,10,sustain,False,0.7298466992,,,,,neutral,0.7334173322,1.519562,0.5378745079,0.1623047915,,,,,,0.1,0.2,0.7,0.1241153926,0.7061132193,0.1697714031
client,soft_linear,-1,66,66,13,60300796ba7899fd40ecbaa91387c5ca83e5757c4513c7aae95783e2e3877244,10,sustain,False,0.7298466992,,,,,change,0.9740114212,1.075529671,0.2017229298,0.06753045818,,,,,,0.2,0.1,0.7,0.4278899431,0.2348744422,0.3372356296
client,soft_linear,-1,66,66,16,60300796ba7899fd40ecbaa91387c5ca83e5757c4513c7aae95783e2e3877244,10,change,False,0.5560326499,,,,,neutral,0.9909589291,1.034570765,0.2081091917,0.127907987,,,,,,0.7,0.3,0,0.3435915112,0.3844794035,0.2719290555
client,soft_linear,-1,66,66,18,60300796ba7899fd40ecbaa91387c5ca83e5757c4513c7aae95783e2e3877244,10,change,False,0.2959032743,,,,,neutral,0.9496125579,1.497082663,0.724474315,0.2945731492,,,,,,0.9,0.1,0,0.2058047801,0.4755032659,0.3186920285
client,soft_linear,-1,66,66,20,60300796ba7899fd40ecbaa91387c5ca83e5757c4513c7aae95783e2e3877244,10,change,False,0.2959032743,,,,,change,0.8151705861,0.6018078446,0.1655266716,0.08109375063,,,,,,0.9,0.1,0,0.578789413,0.3339616358,0.08724897355
client,soft_linear,-1,66,66,22,60300796ba7899fd40ecbaa91387c5ca83e5757c4513c7aae95783e2e3877244,10,sustain,False,0.9372305632,,,,,neutral,0.7562842965,1.714908952,0.308620894,0.1274084596,,,,,,0.2,0.3,0.5,0.2919150293,0.6387165785,0.06936836988
client,soft_linear,-1,66,66,24,60300796ba7899fd40ecbaa91387c5ca83e5757c4513c7aae95783e2e3877244,10,neutral,False,0.2959032743,,,,,neutral,0.5497452021,0.3943937689,0.03427112302,0.01998633236,,,,,,0.1,0.9,0,0.2228457481,0.7623062134,0.0148481084
client,soft_linear,-1,66,66,26,60300796ba7899fd40ecbaa91387c5ca83e5757c4513c7aae95783e2e3877244,10,change,False,-0,,,,,sustain,0.9395216703,1.761089683,1.029287978,0.4488964559,,,,,,1,0,0,0.1718574911,0.3973684311,0.4307740629
client,soft_linear,-1,66,66,28,60300796ba7899fd40ecbaa91387c5ca83e5757c4513c7aae95783e2e3877244,10,change,False,-0,,,,,change,0.9550443292,0.7236142755,0.3980734967,0.2240793164,,,,,,1,0,0,0.4849961698,0.2467766404,0.2682272196
client,soft_linear,-1,66,66,30,60300796ba7899fd40ecbaa91387c5ca83e5757c4513c7aae95783e2e3877244,10,change,False,0.2959032743,,,,,neutral,0.8546116948,1.028471279,0.4767211635,0.2160149039,,,,,,0.9,0,0.1,0.41401577,0.4904291332,0.09555511177
client,soft_linear,-1,109,109,1,f92544f5ed508add4c093c58e76fce40d49ca14b51000a7b8770e0152039d485,10,neutral,False,-0,,,,,neutral,0.5413295627,0.2025540471,0.05202283394,0.06818148563,,,,,,0,1,0,0.1198992729,0.816642344,0.06345839798
client,soft_linear,-1,109,109,3,f92544f5ed508add4c093c58e76fce40d49ca14b51000a7b8770e0152039d485,10,neutral,False,0.2959032743,,,,,neutral,0.7954120636,0.6148618758,0.1887174241,0.08368473515,,,,,,0.1,0.9,0,0.367338717,0.5644489527,0.0682123825
client,soft_linear,-1,109,109,5,f92544f5ed508add4c093c58e76fce40d49ca14b51000a7b8770e0152039d485,10,neutral,True,0.6309297536,,,,,change,0.9851613045,1.237129986,0.2638773958,0.1735456803,,,,,,0,0.5,0.5,0.4193044305,0.2815985084,0.299097091
client,soft_linear,-1,109,109,7,f92544f5ed508add4c093c58e76fce40d49ca14b51000a7b8770e0152039d485,10,sustain,False,0.2959032743,,,,,sustain,0.8999648094,0.7971820891,0.2715743629,0.1484999197,,,,,,0,0.1,0.9,0.3447407484,0.1436216384,0.5116376281
client,soft_linear,-1,109,109,9,f92544f5ed508add4c093c58e76fce40d49ca14b51000a7b8770e0152039d485,10,neutral,False,0.5816718657,,,,,neutral,0.4875010252,0.8173312902,0.01654261899,0.02964289541,,,,,,0.1,0.8,0.1,0.00876821205,0.800572753,0.1906589568
client,soft_linear,-1,109,109,11,f92544f5ed508add4c093c58e76fce40d49ca14b51000a7b8770e0152039d485,10,neutral,False,0.8586727111,,,,,neutral,0.7848284245,0.9797951102,0.03049118759,0.0089259891,,,,,,0.1,0.5,0.4,0.08768249303,0.6291701794,0.2831473947
client,soft_linear,-1,109,109,13,f92544f5ed508add4c093c58e76fce40d49ca14b51000a7b8770e0152039d485,10,neutral,False,0.5560326499,,,,,neutral,0.8907707334,1.131151175,0.2298434132,0.1638111839,,,,,,0.3,0.7,0,0.1252581626,0.4840218127,0.3907200098
client,soft_linear,-1,109,109,15,f92544f5ed508add4c093c58e76fce40d49ca14b51000a7b8770e0152039d485,10,sustain,False,0.2959032743,,,,,sustain,0.8407719731,0.5831077099,0.1248549808,0.07921993428,,,,,,0,0.1,0.9,0.1430031657,0.2455008626,0.6114959717
client,soft_linear,-1,109,109,17,f92544f5ed508add4c093c58e76fce40d49ca14b51000a7b8770e0152039d485,10,sustain,False,0.6126016193,,,,,change,0.8386451006,1.813948154,0.5682970635,0.2946904589,,,,,,0,0.4,0.6,0.5609132051,0.3390447795,0.1000420526
client,soft_linear,-1,109,109,19,f92544f5ed508add4c093c58e76fce40d49ca14b51000a7b8770e0152039d485,10,change,False,-0,,,,,change,0.9601557255,0.7858414054,0.4506245626,0.240756091,,,,,,1,0,0,0.4557360709,0.2160528004,0.3282110989
client,soft_linear,-1,109,109,21,f92544f5ed508add4c093c58e76fce40d49ca14b51000a7b8770e0152039d485,10,change,False,-0,,,,,change,0.8434119821,0.6194494963,0.3560846189,0.1952272445,,,,,,1,0,0,0.5382406712,0.09624660015,0.3655126989
client,soft_linear,-1,109,109,23,f92544f5ed508add4c093c58e76fce40d49ca14b51000a7b8770e0152039d485,10,change,True,0.6309297536,,,,,neutral,0.269471705,1.606309026,0.3952017376,0.1546927797,,,,,,0.5,0.5,0,0.04322655499,0.9311657548,0.02560761385
client,soft_linear,-1,109,109,25,f92544f5ed508add4c093c58e76fce40d49ca14b51000a7b8770e0152039d485,10,neutral,False,0.7298466992,,,,,change,0.9338494539,1.403243244,0.4118464646,0.1467330481,,,,,,0.1,0.7,0.2,0.5148268342,0.2153461576,0.269827038
client,soft_linear,-1,109,109,27,f92544f5ed508add4c093c58e76fce40d49ca14b51000a7b8770e0152039d485,10,neutral,False,0.7298466992,,,,,sustain,0.99992764,1.097017908,0.2056240555,0.07460647884,,,,,,0.2,0.7,0.1,0.3275152445,0.3352159262,0.3372688293
client,soft_linear,-1,109,109,29,f92544f5ed508add4c093c58e76fce40d49ca14b51000a7b8770e0152039d485,10,change,False,-0,,,,,sustain,0.9034337401,1.093653917,0.7300634216,0.3171101652,,,,,,1,0,0,0.3349902332,0.1498763114,0.5151335001
client,soft_linear,-1,109,109,31,f92544f5ed508add4c093c58e76fce40d49ca14b51000a7b8770e0152039d485,10,change,False,-0,,,,,neutral,0.8262563348,1.65976727,1.090431015,0.4317074492,,,,,,1,0,0,0.1901832372,0.6359129548,0.1739038229
client,soft_linear,-1,109,109,33,f92544f5ed508add4c093c58e76fce40d49ca14b51000a7b8770e0152039d485,10,neutral,False,0.5560326499,,,,,neutral,0.4776181281,0.9275009513,0.08417696245,0.07285813001,,,,,,0.3,0.7,0,0.06629867852,0.8504102826,0.08329097182
client,soft_linear,-1,109,109,35,f92544f5ed508add4c093c58e76fce40d49ca14b51000a7b8770e0152039d485,10,change,False,-0,,,,,neutral,0.879116118,1.717318177,1.068266027,0.4415879159,,,,,,1,0,0,0.1795470268,0.5813279152,0.239125073
client,soft_linear,-1,109,109,37,f92544f5ed508add4c093c58e76fce40d49ca14b51000a7b8770e0152039d485,10,change,False,-0,,,,,change,0.8870715499,0.5859935284,0.3035154678,0.1857124056,,,,,,1,0,0,0.5565525889,0.287096113,0.1563512534
client,soft_linear,-1,109,109,39,f92544f5ed508add4c093c58e76fce40d49ca14b51000a7b8770e0152039d485,10,change,False,-0,,,,,sustain,0.6973331571,1.759138584,1.223896618,0.4485744215,,,,,,1,0,0,0.1721931398,0.100853622,0.7269532084
client,soft_linear,-1,109,109,41,f92544f5ed508add4c093c58e76fce40d49ca14b51000a7b8770e0152039d485,10,change,False,-0,,,,,change,0.5563448071,0.2126882076,0.05696513503,0.07148475287,,,,,,1,0,0,0.8084081411,0.06494156271,0.1266502589
client,soft_linear,-1,109,109,43,f92544f5ed508add4c093c58e76fce40d49ca14b51000a7b8770e0152039d485,10,neutral,False,0.6126016193,,,,,change,0.6203703284,0.8495734334,0.1549565467,0.04377039785,,,,,,0.4,0.6,0,0.6725233197,0.3161695302,0.01130713522
client,soft_linear,-1,109,109,45,f92544f5ed508add4c093c58e76fce40d49ca14b51000a7b8770e0152039d485,10,neutral,False,-0,,,,,neutral,0.4732083678,0.169337675,0.03947865939,0.05728133999,,,,,,0,1,0,0.117126599,0.8442237973,0.0386496298
client,soft_linear,-1,130,130,0,957962b55a53a08db5f378e511817642230cbd4d6d1cf4d43dd6a4b63131ccc1,10,neutral,False,-0,,,,,neutral,0.7365294099,0.4115079045,0.190874026,0.1341478476,,,,,,0,1,0,0.06825875491,0.6626502872,0.2690909505
client,soft_linear,-1,130,130,2,957962b55a53a08db5f378e511817642230cbd4d6d1cf4d43dd6a4b63131ccc1,10,neutral,True,0.6309297536,,,,,neutral,0.6015225053,1.13283655,0.2241401951,0.1015061868,,,,,,0,0.5,0.5,0.08168403059,0.7863672376,0.1319487542
client,soft_linear,-1,130,130,4,957962b55a53a08db5f378e511817642230cbd4d6d1cf4d43dd6a4b63131ccc1,10,neutral,False,0.8173454221,,,,,sustain,0.9893870354,1.034073722,0.08636640967,0.03515194959,,,,,,0.1,0.6,0.3,0.2628531158,0.3659551144,0.37119174
client,soft_linear,-1,130,130,6,957962b55a53a08db5f378e511817642230cbd4d6d1cf4d43dd6a4b63131ccc1,10,sustain,False,0.2959032743,,,,,sustain,0.9803008437,0.8936487794,0.3420964513,0.1678901376,,,,,,0.1,0,0.9,0.2638365924,0.3065612912,0.4296020865
client,soft_linear,-1,130,130,8,957962b55a53a08db5f378e511817642230cbd4d6d1cf4d43dd6a4b63131ccc1,10,change,False,0.2959032743,,,,,change,0.9050272107,0.6763862371,0.1907503493,0.1057268072,,,,,,0.9,0.1,0,0.5433981419,0.2795300484,0.1770718098
client,soft_linear,-1,130,130,10,957962b55a53a08db5f378e511817642230cbd4d6d1cf4d43dd6a4b63131ccc1,10,sustain,False,0.455485915,,,,,neutral,0.9524387717,0.9496094346,0.2703312927,0.1271584017,,,,,,0,0.2,0.8,0.1909034848,0.4329268932,0.3761695921
client,soft_linear,-1,130,130,12,957962b55a53a08db5f378e511817642230cbd4d6d1cf4d43dd6a4b63131ccc1,10,neutral,False,-0,,,,,neutral,0.7123404145,0.3248630464,0.1154404352,0.1073446757,,,,,,0,1,0,0.134432137,0.7226262689,0.1429415047
client,soft_linear,-1,130,130,14,957962b55a53a08db5f378e511817642230cbd4d6d1cf4d43dd6a4b63131ccc1,10,sustain,False,0.455485915,,,,,neutral,0.9830363393,1.083462095,0.3450470556,0.1629466921,,,,,,0,0.2,0.8,0.2610348165,0.4179350734,0.3210300803
client,soft_linear,-1,130,130,16,957962b55a53a08db5f378e511817642230cbd4d6d1cf4d43dd6a4b63131ccc1,10,neutral,False,0.9372305632,,,,,neutral,0.8936073184,1.145392376,0.05185797533,0.02726009281,,,,,,0.2,0.5,0.3,0.3565401435,0.5086227655,0.1348370463
client,soft_linear,-1,130,130,18,957962b55a53a08db5f378e511817642230cbd4d6d1cf4d43dd6a4b63131ccc1,10,change,False,0.2959032743,,,,,sustain,0.9924237132,1.25805167,0.5894081891,0.2530901965,,,,,,0.9,0.1,0,0.278788954,0.3379644752,0.3832465708
client,soft_linear,-1,130,130,20,957962b55a53a08db5f378e511817642230cbd4d6d1cf4d43dd6a4b63131ccc1,10,change,False,0.2959032743,,,,,neutral,0.7557241321,0.8877490997,0.4636762088,0.1529940004,,,,,,0.9,0.1,0,0.3979077339,0.5578446388,0.04424761981
client,transcript_balanced_prior,-1,7,7,1,7fe3d6029ec1e666f41b728458a973e8e2e6924c09046427a23859dcc7b3d75a,10,neutral,False,0.2959032743,,,,,neutral,0.948752388,0.7658486361,0.2515573902,0.131425898,,,,,,0.1,0.9,0,0.2836299984,0.4911854537,0.2251845479
client,transcript_balanced_prior,-1,7,7,3,7fe3d6029ec1e666f41b728458a973e8e2e6924c09046427a23859dcc7b3d75a,10,neutral,False,-0,,,,,neutral,0.948752388,0.7109335164,0.3900462992,0.2206295424,,,,,,0,1,0,0.2836299984,0.4911854537,0.2251845479
client,transcript_balanced_prior,-1,7,7,5,7fe3d6029ec1e666f41b728458a973e8e2e6924c09046427a23859dcc7b3d75a,10,neutral,False,0.455485915,,,,,neutral,0.948752388,0.8669138132,0.1764466615,0.117316912,,,,,,0,0.8,0.2,0.2836299984,0.4911854537,0.2251845479
client,transcript_balanced_prior,-1,7,7,7,7fe3d6029ec1e666f41b728458a973e8e2e6924c09046427a23859dcc7b3d75a,10,neutral,False,0.2959032743,,,,,neutral,0.948752388,0.7889236648,0.2632464803,0.1411448693,,,,,,0,0.9,0.1,0.2836299984,0.4911854537,0.2251845479
client,transcript_balanced_prior,-1,7,7,9,7fe3d6029ec1e666f41b728458a973e8e2e6924c09046427a23859dcc7b3d75a,10,neutral,False,-0,,,,,neutral,0.948752388,0.7109335164,0.3900462992,0.2206295424,,,,,,0,1,0,0.2836299984,0.4911854537,0.2251845479
client,transcript_balanced_prior,-1,7,7,11,7fe3d6029ec1e666f41b728458a973e8e2e6924c09046427a23859dcc7b3d75a,10,neutral,False,0.2959032743,,,,,neutral,0.948752388,0.7658486361,0.2515573902,0.131425898,,,,,,0.1,0.9,0,0.2836299984,0.4911854537,0.2251845479
client,transcript_balanced_prior,-1,7,7,13,7fe3d6029ec1e666f41b728458a973e8e2e6924c09046427a23859dcc7b3d75a,10,neutral,False,-0,,,,,neutral,0.948752388,0.7109335164,0.3900462992,0.2206295424,,,,,,0,1,0,0.2836299984,0.4911854537,0.2251845479
client,transcript_balanced_prior,-1,7,7,15,7fe3d6029ec1e666f41b728458a973e8e2e6924c09046427a23859dcc7b3d75a,10,sustain,False,0.6126016193,,,,,neutral,0.948752388,1.178874407,0.2292473861,0.1447971153,,,,,,0,0.4,0.6,0.2836299984,0.4911854537,0.2251845479
client,transcript_balanced_prior,-1,7,7,17,7fe3d6029ec1e666f41b728458a973e8e2e6924c09046427a23859dcc7b3d75a,10,sustain,False,0.6126016193,,,,,neutral,0.948752388,1.178874407,0.2292473861,0.1447971153,,,,,,0,0.4,0.6,0.2836299984,0.4911854537,0.2251845479
client,transcript_balanced_prior,-1,7,7,19,7fe3d6029ec1e666f41b728458a973e8e2e6924c09046427a23859dcc7b3d75a,10,neutral,False,0.455485915,,,,,neutral,0.948752388,0.8669138132,0.1764466615,0.117316912,,,,,,0,0.8,0.2,0.2836299984,0.4911854537,0.2251845479
client,transcript_balanced_prior,-1,7,7,21,7fe3d6029ec1e666f41b728458a973e8e2e6924c09046427a23859dcc7b3d75a,10,neutral,False,0.5816718657,,,,,neutral,0.948752388,0.8438387844,0.1447575714,0.05391110985,,,,,,0.1,0.8,0.1,0.2836299984,0.4911854537,0.2251845479
client,transcript_balanced_prior,-1,7,7,23,7fe3d6029ec1e666f41b728458a973e8e2e6924c09046427a23859dcc7b3d75a,10,sustain,False,0.455485915,,,,,neutral,0.948752388,1.334854703,0.4956477484,0.2153835142,,,,,,0,0.2,0.8,0.2836299984,0.4911854537,0.2251845479
client,transcript_balanced_prior,-1,7,7,25,7fe3d6029ec1e666f41b728458a973e8e2e6924c09046427a23859dcc7b3d75a,10,neutral,True,0.6309297536,,,,,neutral,0.948752388,1.100884258,0.156047205,0.1250162303,,,,,,0,0.5,0.5,0.2836299984,0.4911854537,0.2251845479
client,transcript_balanced_prior,-1,7,7,27,7fe3d6029ec1e666f41b728458a973e8e2e6924c09046427a23859dcc7b3d75a,10,neutral,False,-0,,,,,neutral,0.948752388,0.7109335164,0.3900462992,0.2206295424,,,,,,0,1,0,0.2836299984,0.4911854537,0.2251845479
client,transcript_balanced_prior,-1,7,7,29,7fe3d6029ec1e666f41b728458a973e8e2e6924c09046427a23859dcc7b3d75a,10,neutral,False,-0,,,,,neutral,0.948752388,0.7109335164,0.3900462992,0.2206295424,,,,,,0,1,0,0.2836299984,0.4911854537,0.2251845479
client,transcript_balanced_prior,-1,7,7,31,7fe3d6029ec1e666f41b728458a973e8e2e6924c09046427a23859dcc7b3d75a,10,neutral,False,-0,,,,,neutral,0.948752388,0.7109335164,0.3900462992,0.2206295424,,,,,,0,1,0,0.2836299984,0.4911854537,0.2251845479
client,transcript_balanced_prior,-1,7,7,33,7fe3d6029ec1e666f41b728458a973e8e2e6924c09046427a23859dcc7b3d75a,10,neutral,False,0.6126016193,,,,,neutral,0.948752388,0.9305939949,0.07609066336,0.0857367458,,,,,,0.4,0.6,0,0.2836299984,0.4911854537,0.2251845479
client,transcript_balanced_prior,-1,7,7,35,7fe3d6029ec1e666f41b728458a973e8e2e6924c09046427a23859dcc7b3d75a,10,neutral,False,0.2959032743,,,,,neutral,0.948752388,0.7658486361,0.2515573902,0.131425898,,,,,,0.1,0.9,0,0.2836299984,0.4911854537,0.2251845479
client,transcript_balanced_prior,-1,7,7,37,7fe3d6029ec1e666f41b728458a973e8e2e6924c09046427a23859dcc7b3d75a,10,neutral,False,0.7298466992,,,,,neutral,0.948752388,0.898753904,0.06626866242,0.02519700219,,,,,,0.2,0.7,0.1,0.2836299984,0.4911854537,0.2251845479
client,transcript_balanced_prior,-1,7,7,39,7fe3d6029ec1e666f41b728458a973e8e2e6924c09046427a23859dcc7b3d75a,10,neutral,False,0.455485915,,,,,neutral,0.948752388,0.8669138132,0.1764466615,0.117316912,,,,,,0,0.8,0.2,0.2836299984,0.4911854537,0.2251845479
client,transcript_balanced_prior,-1,7,7,41,7fe3d6029ec1e666f41b728458a973e8e2e6924c09046427a23859dcc7b3d75a,10,neutral,False,0.2959032743,,,,,neutral,0.948752388,0.7889236648,0.2632464803,0.1411448693,,,,,,0,0.9,0.1,0.2836299984,0.4911854537,0.2251845479
client,transcript_balanced_prior,-1,7,7,43,7fe3d6029ec1e666f41b728458a973e8e2e6924c09046427a23859dcc7b3d75a,10,sustain,False,0.8586727111,,,,,neutral,0.948752388,1.155799378,0.117558296,0.0519359081,,,,,,0.1,0.4,0.5,0.2836299984,0.4911854537,0.2251845479
client,transcript_balanced_prior,-1,7,7,45,7fe3d6029ec1e666f41b728458a973e8e2e6924c09046427a23859dcc7b3d75a,10,neutral,False,0.5816718657,,,,,neutral,0.948752388,0.8438387844,0.1447575714,0.05391110985,,,,,,0.1,0.8,0.1,0.2836299984,0.4911854537,0.2251845479
client,transcript_balanced_prior,-1,7,7,47,7fe3d6029ec1e666f41b728458a973e8e2e6924c09046427a23859dcc7b3d75a,10,change,False,0.2959032743,,,,,neutral,0.948752388,1.205169593,0.5836461186,0.2329060442,,,,,,0.9,0.1,0,0.2836299984,0.4911854537,0.2251845479
client,transcript_balanced_prior,-1,7,7,49,7fe3d6029ec1e666f41b728458a973e8e2e6924c09046427a23859dcc7b3d75a,10,change,False,0.2959032743,,,,,neutral,0.948752388,1.205169593,0.5836461186,0.2329060442,,,,,,0.9,0.1,0,0.2836299984,0.4911854537,0.2251845479
client,transcript_balanced_prior,-1,7,7,51,7fe3d6029ec1e666f41b728458a973e8e2e6924c09046427a23859dcc7b3d75a,10,change,False,-0,,,,,neutral,0.948752388,1.260084713,0.8051572096,0.3541921969,,,,,,1,0,0,0.2836299984,0.4911854537,0.2251845479
client,transcript_balanced_prior,-1,7,7,53,7fe3d6029ec1e666f41b728458a973e8e2e6924c09046427a23859dcc7b3d75a,10,change,False,0.6126016193,,,,,neutral,0.948752388,1.040424234,0.1591128454,0.1093357966,,,,,,0.6,0.4,0,0.2836299984,0.4911854537,0.2251845479
client,transcript_balanced_prior,-1,7,7,55,7fe3d6029ec1e666f41b728458a973e8e2e6924c09046427a23859dcc7b3d75a,10,change,False,0.5560326499,,,,,neutral,0.948752388,1.095339354,0.2606239365,0.1351905234,,,,,,0.7,0.3,0,0.2836299984,0.4911854537,0.2251845479
client,transcript_balanced_prior,-1,7,7,57,7fe3d6029ec1e666f41b728458a973e8e2e6924c09046427a23859dcc7b3d75a,10,neutral,False,0.6126016193,,,,,neutral,0.948752388,0.9305939949,0.07609066336,0.0857367458,,,,,,0.4,0.6,0,0.2836299984,0.4911854537,0.2251845479
client,transcript_balanced_prior,-1,7,7,59,7fe3d6029ec1e666f41b728458a973e8e2e6924c09046427a23859dcc7b3d75a,10,neutral,False,0.455485915,,,,,neutral,0.948752388,0.8207637557,0.1530684813,0.1003217027,,,,,,0.2,0.8,0,0.2836299984,0.4911854537,0.2251845479
client,transcript_balanced_prior,-1,7,7,61,7fe3d6029ec1e666f41b728458a973e8e2e6924c09046427a23859dcc7b3d75a,10,neutral,False,0.5560326499,,,,,neutral,0.948752388,0.8756788753,0.09457957231,0.08735656276,,,,,,0.3,0.7,0,0.2836299984,0.4911854537,0.2251845479
client,transcript_balanced_prior,-1,7,7,63,7fe3d6029ec1e666f41b728458a973e8e2e6924c09046427a23859dcc7b3d75a,10,neutral,False,0.455485915,,,,,neutral,0.948752388,0.8207637557,0.1530684813,0.1003217027,,,,,,0.2,0.8,0,0.2836299984,0.4911854537,0.2251845479
client,transcript_balanced_prior,-1,7,7,65,7fe3d6029ec1e666f41b728458a973e8e2e6924c09046427a23859dcc7b3d75a,10,neutral,False,0.455485915,,,,,neutral,0.948752388,0.8207637557,0.1530684813,0.1003217027,,,,,,0.2,0.8,0,0.2836299984,0.4911854537,0.2251845479
client,transcript_balanced_prior,-1,27,27,1,e883cab14c33a28c3bf1e25281ef335a7bcd08f31fb3e2cea1e824982af00196,10,neutral,False,0.8649735207,,,,,neutral,0.9133152201,0.9799077382,0.01861344364,0.007731973591,,,,,,0.2,0.6,0.2,0.3078724227,0.5219935345,0.1701340428
client,transcript_balanced_prior,-1,27,27,3,e883cab14c33a28c3bf1e25281ef335a7bcd08f31fb3e2cea1e824982af00196,10,neutral,False,0.6126016193,,,,,neutral,0.9133152201,1.098527512,0.1537087956,0.1318991422,,,,,,0,0.6,0.4,0.3078724227,0.5219935345,0.1701340428
client,transcript_balanced_prior,-1,27,27,5,e883cab14c33a28c3bf1e25281ef335a7bcd08f31fb3e2cea1e824982af00196,10,neutral,False,0.455485915,,,,,neutral,0.9133152201,0.8743137949,0.1729649989,0.1220289808,,,,,,0,0.8,0.2,0.3078724227,0.5219935345,0.1701340428
client,transcript_balanced_prior,-1,27,27,7,e883cab14c33a28c3bf1e25281ef335a7bcd08f31fb3e2cea1e824982af00196,10,neutral,False,0.8649735207,,,,,neutral,0.9133152201,0.9799077382,0.01861344364,0.007731973591,,,,,,0.2,0.6,0.2,0.3078724227,0.5219935345,0.1701340428
client,transcript_balanced_prior,-1,27,27,9,e883cab14c33a28c3bf1e25281ef335a7bcd08f31fb3e2cea1e824982af00196,10,neutral,False,-0,,,,,neutral,0.9133152201,0.6501000772,0.3522212023,0.2038385302,,,,,,0,1,0,0.3078724227,0.5219935345,0.1701340428
client,transcript_balanced_prior,-1,27,27,11,e883cab14c33a28c3bf1e25281ef335a7bcd08f31fb3e2cea1e824982af00196,10,neutral,False,-0,,,,,neutral,0.9133152201,0.6501000772,0.3522212023,0.2038385302,,,,,,0,1,0,0.3078724227,0.5219935345,0.1701340428
client,transcript_balanced_prior,-1,27,27,13,e883cab14c33a28c3bf1e25281ef335a7bcd08f31fb3e2cea1e824982af00196,10,neutral,False,0.455485915,,,,,neutral,0.9133152201,0.7556940206,0.117869647,0.079461281,,,,,,0.2,0.8,0,0.3078724227,0.5219935345,0.1701340428
client,transcript_balanced_prior,-1,27,27,15,e883cab14c33a28c3bf1e25281ef335a7bcd08f31fb3e2cea1e824982af00196,10,sustain,False,-0,,,,,neutral,0.9133152201,1.771168665,1.055940186,0.4505543969,,,,,,0,0,1,0.3078724227,0.5219935345,0.1701340428
client,transcript_balanced_prior,-1,27,27,17,e883cab14c33a28c3bf1e25281ef335a7bcd08f31fb3e2cea1e824982af00196,10,sustain,False,-0,,,,,neutral,0.9133152201,1.771168665,1.055940186,0.4505543969,,,,,,0,0,1,0.3078724227,0.5219935345,0.1701340428
client,transcript_balanced_prior,-1,27,27,19,e883cab14c33a28c3bf1e25281ef335a7bcd08f31fb3e2cea1e824982af00196,10,sustain,False,-0,,,,,neutral,0.9133152201,1.771168665,1.055940186,0.4505543969,,,,,,0,0,1,0.3078724227,0.5219935345,0.1701340428
client,transcript_balanced_prior,-1,27,27,21,e883cab14c33a28c3bf1e25281ef335a7bcd08f31fb3e2cea1e824982af00196,10,sustain,False,-0,,,,,neutral,0.9133152201,1.771168665,1.055940186,0.4505543969,,,,,,0,0,1,0.3078724227,0.5219935345,0.1701340428
client,transcript_balanced_prior,-1,55,55,1,1b9abf33ba8b2badfab01f2ee1f7aa958800a9808d579c0ec4e6bc41eb27f449,10,neutral,False,-0,,,,,neutral,0.950644041,0.7138618224,0.3916683025,0.2214277217,,,,,,0,1,0,0.2789424984,0.4897492163,0.2313082853
client,transcript_balanced_prior,-1,55,55,3,1b9abf33ba8b2badfab01f2ee1f7aa958800a9808d579c0ec4e6bc41eb27f449,10,neutral,False,-0,,,,,neutral,0.950644041,0.7138618224,0.3916683025,0.2214277217,,,,,,0,1,0,0.2789424984,0.4897492163,0.2313082853
client,transcript_balanced_prior,-1,55,55,5,1b9abf33ba8b2badfab01f2ee1f7aa958800a9808d579c0ec4e6bc41eb27f449,10,neutral,False,-0,,,,,neutral,0.950644041,0.7138618224,0.3916683025,0.2214277217,,,,,,0,1,0,0.2789424984,0.4897492163,0.2313082853
client,transcript_balanced_prior,-1,55,55,7,1b9abf33ba8b2badfab01f2ee1f7aa958800a9808d579c0ec4e6bc41eb27f449,10,neutral,False,-0,,,,,neutral,0.950644041,0.7138618224,0.3916683025,0.2214277217,,,,,,0,1,0,0.2789424984,0.4897492163,0.2313082853
client,transcript_balanced_prior,-1,55,55,9,1b9abf33ba8b2badfab01f2ee1f7aa958800a9808d579c0ec4e6bc41eb27f449,10,neutral,False,-0,,,,,neutral,0.950644041,0.7138618224,0.3916683025,0.2214277217,,,,,,0,1,0,0.2789424984,0.4897492163,0.2313082853
client,transcript_balanced_prior,-1,55,55,11,1b9abf33ba8b2badfab01f2ee1f7aa958800a9808d579c0ec4e6bc41eb27f449,10,neutral,False,-0,,,,,neutral,0.950644041,0.7138618224,0.3916683025,0.2214277217,,,,,,0,1,0,0.2789424984,0.4897492163,0.2313082853
client,transcript_balanced_prior,-1,55,55,13,1b9abf33ba8b2badfab01f2ee1f7aa958800a9808d579c0ec4e6bc41eb27f449,10,neutral,False,-0,,,,,neutral,0.950644041,0.7138618224,0.3916683025,0.2214277217,,,,,,0,1,0,0.2789424984,0.4897492163,0.2313082853
client,transcript_balanced_prior,-1,55,55,15,1b9abf33ba8b2badfab01f2ee1f7aa958800a9808d579c0ec4e6bc41eb27f449,10,neutral,False,-0,,,,,neutral,0.950644041,0.7138618224,0.3916683025,0.2214277217,,,,,,0,1,0,0.2789424984,0.4897492163,0.2313082853
client,transcript_balanced_prior,-1,55,55,17,1b9abf33ba8b2badfab01f2ee1f7aa958800a9808d579c0ec4e6bc41eb27f449,10,neutral,False,0.2959032743,,,,,neutral,0.950644041,0.7701506018,0.2538296461,0.1328871326,,,,,,0.1,0.9,0,0.2789424984,0.4897492163,0.2313082853
client,transcript_balanced_prior,-1,55,55,19,1b9abf33ba8b2badfab01f2ee1f7aa958800a9808d579c0ec4e6bc41eb27f449,10,neutral,False,0.6126016193,,,,,neutral,0.950644041,0.9390169403,0.08031367681,0.08838385149,,,,,,0.4,0.6,0,0.2789424984,0.4897492163,0.2313082853
client,transcript_balanced_prior,-1,55,55,21,1b9abf33ba8b2badfab01f2ee1f7aa958800a9808d579c0ec4e6bc41eb27f449,10,neutral,False,-0,,,,,neutral,0.950644041,0.7138618224,0.3916683025,0.2214277217,,,,,,0,1,0,0.2789424984,0.4897492163,0.2313082853
client,transcript_balanced_prior,-1,55,55,23,1b9abf33ba8b2badfab01f2ee1f7aa958800a9808d579c0ec4e6bc41eb27f449,10,neutral,False,0.455485915,,,,,neutral,0.950644041,0.8638902359,0.175044675,0.1160848041,,,,,,0,0.8,0.2,0.2789424984,0.4897492163,0.2313082853
client,transcript_balanced_prior,-1,55,55,25,1b9abf33ba8b2badfab01f2ee1f7aa958800a9808d579c0ec4e6bc41eb27f449,10,neutral,False,0.6126016193,,,,,neutral,0.950644041,1.013918649,0.1184210474,0.1108745228,,,,,,0,0.6,0.4,0.2789424984,0.4897492163,0.2313082853
client,transcript_balanced_prior,-1,55,55,27,1b9abf33ba8b2badfab01f2ee1f7aa958800a9808d579c0ec4e6bc41eb27f449,10,neutral,True,0.6309297536,,,,,neutral,0.950644041,1.088932856,0.1501092336,0.1219684327,,,,,,0,0.5,0.5,0.2789424984,0.4897492163,0.2313082853
client,transcript_balanced_prior,-1,55,55,29,1b9abf33ba8b2badfab01f2ee1f7aa958800a9808d579c0ec4e6bc41eb27f449,10,sustain,False,0.5560326499,,,,,neutral,0.950644041,1.23896127,0.333485606,0.1699346581,,,,,,0,0.3,0.7,0.2789424984,0.4897492163,0.2313082853
client,transcript_balanced_prior,-1,55,55,31,1b9abf33ba8b2badfab01f2ee1f7aa958800a9808d579c0ec4e6bc41eb27f449,10,sustain,False,0.455485915,,,,,neutral,0.950644041,1.313975476,0.4851737922,0.2110203541,,,,,,0,0.2,0.8,0.2789424984,0.4897492163,0.2313082853
client,transcript_balanced_prior,-1,55,55,33,1b9abf33ba8b2badfab01f2ee1f7aa958800a9808d579c0ec4e6bc41eb27f449,10,change,False,0.455485915,,,,,neutral,0.950644041,1.164172058,0.4089590511,0.1771755043,,,,,,0.8,0.2,0,0.2789424984,0.4897492163,0.2313082853
client,transcript_balanced_prior,-1,55,55,35,1b9abf33ba8b2badfab01f2ee1f7aa958800a9808d579c0ec4e6bc41eb27f449,10,neutral,False,0.2959032743,,,,,neutral,0.950644041,0.7701506018,0.2538296461,0.1328871326,,,,,,0.1,0.9,0,0.2789424984,0.4897492163,0.2313082853
client,transcript_balanced_prior,-1,55,55,37,1b9abf33ba8b2badfab01f2ee1f7aa958800a9808d579c0ec4e6bc41eb27f449,10,neutral,False,-0,,,,,neutral,0.950644041,0.7138618224,0.3916683025,0.2214277217,,,,,,0,1,0,0.2789424984,0.4897492163,0.2313082853
client,transcript_balanced_prior,-1,55,55,39,1b9abf33ba8b2badfab01f2ee1f7aa958800a9808d579c0ec4e6bc41eb27f449,10,neutral,False,-0,,,,,neutral,0.950644041,0.7138618224,0.3916683025,0.2214277217,,,,,,0,1,0,0.2789424984,0.4897492163,0.2313082853
client,transcript_balanced_prior,-1,55,55,41,1b9abf33ba8b2badfab01f2ee1f7aa958800a9808d579c0ec4e6bc41eb27f449,10,neutral,False,0.5560326499,,,,,neutral,0.950644041,0.8827281608,0.09815233324,0.0896946291,,,,,,0.3,0.7,0,0.2789424984,0.4897492163,0.2313082853
client,transcript_balanced_prior,-1,55,55,43,1b9abf33ba8b2badfab01f2ee1f7aa958800a9808d579c0ec4e6bc41eb27f449,10,neutral,False,-0,,,,,neutral,0.950644041,0.7138618224,0.3916683025,0.2214277217,,,,,,0,1,0,0.2789424984,0.4897492163,0.2313082853
client,transcript_balanced_prior,-1,55,55,45,1b9abf33ba8b2badfab01f2ee1f7aa958800a9808d579c0ec4e6bc41eb27f449,10,neutral,False,0.5560326499,,,,,neutral,0.950644041,0.8827281608,0.09815233324,0.0896946291,,,,,,0.3,0.7,0,0.2789424984,0.4897492163,0.2313082853
client,transcript_balanced_prior,-1,55,55,47,1b9abf33ba8b2badfab01f2ee1f7aa958800a9808d579c0ec4e6bc41eb27f449,10,neutral,False,0.8586727111,,,,,neutral,0.950644041,1.014031147,0.03200186302,0.0188261861,,,,,,0.4,0.5,0.1,0.2789424984,0.4897492163,0.2313082853
client,transcript_balanced_prior,-1,55,55,49,1b9abf33ba8b2badfab01f2ee1f7aa958800a9808d579c0ec4e6bc41eb27f449,10,change,False,0.8173454221,,,,,neutral,0.950644041,1.126608706,0.1563245502,0.05489248474,,,,,,0.6,0.3,0.1,0.2789424984,0.4897492163,0.2313082853
client,transcript_balanced_prior,-1,55,55,51,1b9abf33ba8b2badfab01f2ee1f7aa958800a9808d579c0ec4e6bc41eb27f449,10,neutral,False,0.2959032743,,,,,neutral,0.950644041,0.7701506018,0.2538296461,0.1328871326,,,,,,0.1,0.9,0,0.2789424984,0.4897492163,0.2313082853
client,transcript_balanced_prior,-1,55,55,53,1b9abf33ba8b2badfab01f2ee1f7aa958800a9808d579c0ec4e6bc41eb27f449,10,neutral,False,0.5560326499,,,,,neutral,0.950644041,0.8827281608,0.09815233324,0.0896946291,,,,,,0.3,0.7,0,0.2789424984,0.4897492163,0.2313082853
client,transcript_balanced_prior,-1,55,55,55,1b9abf33ba8b2badfab01f2ee1f7aa958800a9808d579c0ec4e6bc41eb27f449,10,change,False,0.2959032743,,,,,neutral,0.950644041,1.220460838,0.5911203947,0.23640257,,,,,,0.9,0.1,0,0.2789424984,0.4897492163,0.2313082853
client,transcript_balanced_prior,-1,55,55,57,1b9abf33ba8b2badfab01f2ee1f7aa958800a9808d579c0ec4e6bc41eb27f449,10,change,False,-0,,,,,neutral,0.950644041,1.276749617,0.8132817382,0.3577459264,,,,,,1,0,0,0.2789424984,0.4897492163,0.2313082853
client,transcript_balanced_prior,-1,55,55,59,1b9abf33ba8b2badfab01f2ee1f7aa958800a9808d579c0ec4e6bc41eb27f449,10,change,False,-0,,,,,neutral,0.950644041,1.276749617,0.8132817382,0.3577459264,,,,,,1,0,0,0.2789424984,0.4897492163,0.2313082853
client,transcript_balanced_prior,-1,55,55,61,1b9abf33ba8b2badfab01f2ee1f7aa958800a9808d579c0ec4e6bc41eb27f449,10,change,False,0.6126016193,,,,,neutral,0.950644041,1.051594499,0.164636364,0.1124406834,,,,,,0.6,0.4,0,0.2789424984,0.4897492163,0.2313082853
client,transcript_balanced_prior,-1,55,55,63,1b9abf33ba8b2badfab01f2ee1f7aa958800a9808d579c0ec4e6bc41eb27f449,10,neutral,False,0.6126016193,,,,,neutral,0.950644041,0.9390169403,0.08031367681,0.08838385149,,,,,,0.4,0.6,0,0.2789424984,0.4897492163,0.2313082853
client,transcript_balanced_prior,-1,56,56,1,994bc72760dcfe7fa4dcb4204fd49276c86f3b5d7563bd03968bb98375e50059,10,neutral,False,-0,,,,,neutral,0.9473869927,0.7059113782,0.3862020983,0.2192584826,,,,,,0,1,0,0.2817142896,0.4936584596,0.2246272508
client,transcript_balanced_prior,-1,56,56,3,994bc72760dcfe7fa4dcb4204fd49276c86f3b5d7563bd03968bb98375e50059,10,neutral,False,-0,,,,,neutral,0.9473869927,0.7059113782,0.3862020983,0.2192584826,,,,,,0,1,0,0.2817142896,0.4936584596,0.2246272508
client,transcript_balanced_prior,-1,56,56,5,994bc72760dcfe7fa4dcb4204fd49276c86f3b5d7563bd03968bb98375e50059,10,neutral,False,-0,,,,,neutral,0.9473869927,0.7059113782,0.3862020983,0.2192584826,,,,,,0,1,0,0.2817142896,0.4936584596,0.2246272508
client,transcript_balanced_prior,-1,56,56,7,994bc72760dcfe7fa4dcb4204fd49276c86f3b5d7563bd03968bb98375e50059,10,neutral,False,0.2959032743,,,,,neutral,0.9473869927,0.7620064283,0.2485909323,0.1304307228,,,,,,0.1,0.9,0,0.2817142896,0.4936584596,0.2246272508
client,transcript_balanced_prior,-1,56,56,9,994bc72760dcfe7fa4dcb4204fd49276c86f3b5d7563bd03968bb98375e50059,10,neutral,True,0.6309297536,,,,,neutral,0.9473869927,1.099612146,0.1552333071,0.1244757918,,,,,,0,0.5,0.5,0.2817142896,0.4936584596,0.2246272508
client,transcript_balanced_prior,-1,56,56,11,994bc72760dcfe7fa4dcb4204fd49276c86f3b5d7563bd03968bb98375e50059,10,sustain,False,0.6126016193,,,,,neutral,0.9473869927,1.1783523,0.2290395489,0.1444240141,,,,,,0,0.4,0.6,0.2817142896,0.4936584596,0.2246272508
client,transcript_balanced_prior,-1,56,56,13,994bc72760dcfe7fa4dcb4204fd49276c86f3b5d7563bd03968bb98375e50059,10,neutral,False,0.455485915,,,,,neutral,0.9473869927,0.8181014784,0.1509797663,0.09964105493,,,,,,0.2,0.8,0,0.2817142896,0.4936584596,0.2246272508
client,transcript_balanced_prior,-1,56,56,15,994bc72760dcfe7fa4dcb4204fd49276c86f3b5d7563bd03968bb98375e50059,10,neutral,False,0.2959032743,,,,,neutral,0.9473869927,0.7620064283,0.2485909323,0.1304307228,,,,,,0.1,0.9,0,0.2817142896,0.4936584596,0.2246272508
client,transcript_balanced_prior,-1,56,56,17,994bc72760dcfe7fa4dcb4204fd49276c86f3b5d7563bd03968bb98375e50059,10,neutral,False,0.5560326499,,,,,neutral,0.9473869927,0.8741965285,0.09336860029,0.08695584418,,,,,,0.3,0.7,0,0.2817142896,0.4936584596,0.2246272508
client,transcript_balanced_prior,-1,56,56,19,994bc72760dcfe7fa4dcb4204fd49276c86f3b5d7563bd03968bb98375e50059,10,neutral,False,0.455485915,,,,,neutral,0.9473869927,0.8633916854,0.1738145818,0.1163010354,,,,,,0,0.8,0.2,0.2817142896,0.4936584596,0.2246272508
client,transcript_balanced_prior,-1,56,56,21,994bc72760dcfe7fa4dcb4204fd49276c86f3b5d7563bd03968bb98375e50059,10,sustain,False,0.5560326499,,,,,neutral,0.9473869927,1.257092453,0.3428457907,0.1736931537,,,,,,0,0.3,0.7,0.2817142896,0.4936584596,0.2246272508
client,transcript_balanced_prior,-1,56,56,23,994bc72760dcfe7fa4dcb4204fd49276c86f3b5d7563bd03968bb98375e50059,10,neutral,False,0.5816718657,,,,,neutral,0.9473869927,0.8407465819,0.1423971741,0.05311058907,,,,,,0.1,0.8,0.1,0.2817142896,0.4936584596,0.2246272508
client,transcript_balanced_prior,-1,56,56,25,994bc72760dcfe7fa4dcb4204fd49276c86f3b5d7563bd03968bb98375e50059,10,sustain,False,0.6126016193,,,,,neutral,0.9473869927,1.1783523,0.2290395489,0.1444240141,,,,,,0,0.4,0.6,0.2817142896,0.4936584596,0.2246272508
client,transcript_balanced_prior,-1,56,56,27,994bc72760dcfe7fa4dcb4204fd49276c86f3b5d7563bd03968bb98375e50059,10,sustain,False,0.455485915,,,,,neutral,0.9473869927,1.335832607,0.4966520324,0.2153846588,,,,,,0,0.2,0.8,0.2817142896,0.4936584596,0.2246272508
client,transcript_balanced_prior,-1,56,56,29,994bc72760dcfe7fa4dcb4204fd49276c86f3b5d7563bd03968bb98375e50059,10,neutral,False,0.5560326499,,,,,neutral,0.9473869927,0.9421318389,0.1276208236,0.1093135569,,,,,,0,0.7,0.3,0.2817142896,0.4936584596,0.2246272508
client,transcript_balanced_prior,-1,56,56,31,994bc72760dcfe7fa4dcb4204fd49276c86f3b5d7563bd03968bb98375e50059,10,sustain,False,0.455485915,,,,,neutral,0.9473869927,1.335832607,0.4966520324,0.2153846588,,,,,,0,0.2,0.8,0.2817142896,0.4936584596,0.2246272508
client,transcript_balanced_prior,-1,56,56,33,994bc72760dcfe7fa4dcb4204fd49276c86f3b5d7563bd03968bb98375e50059,10,neutral,False,-0,,,,,neutral,0.9473869927,0.7059113782,0.3862020983,0.2192584826,,,,,,0,1,0,0.2817142896,0.4936584596,0.2246272508
client,transcript_balanced_prior,-1,56,56,35,994bc72760dcfe7fa4dcb4204fd49276c86f3b5d7563bd03968bb98375e50059,10,sustain,False,0.9372305632,,,,,neutral,0.9473869927,1.211802246,0.1200109751,0.04224673233,,,,,,0.2,0.3,0.5,0.2817142896,0.4936584596,0.2246272508
client,transcript_balanced_prior,-1,56,56,37,994bc72760dcfe7fa4dcb4204fd49276c86f3b5d7563bd03968bb98375e50059,10,neutral,True,0.6309297536,,,,,neutral,0.9473869927,1.099612146,0.1552333071,0.1244757918,,,,,,0,0.5,0.5,0.2817142896,0.4936584596,0.2246272508
client,transcript_balanced_prior,-1,56,56,39,994bc72760dcfe7fa4dcb4204fd49276c86f3b5d7563bd03968bb98375e50059,10,sustain,False,0.455485915,,,,,neutral,0.9473869927,1.335832607,0.4966520324,0.2153846588,,,,,,0,0.2,0.8,0.2817142896,0.4936584596,0.2246272508
client,transcript_balanced_prior,-1,56,56,41,994bc72760dcfe7fa4dcb4204fd49276c86f3b5d7563bd03968bb98375e50059,10,sustain,False,0.8173454221,,,,,neutral,0.9473869927,1.23444735,0.2114283829,0.07879200952,,,,,,0.1,0.3,0.6,0.2817142896,0.4936584596,0.2246272508
client,transcript_balanced_prior,-1,56,56,43,994bc72760dcfe7fa4dcb4204fd49276c86f3b5d7563bd03968bb98375e50059,10,neutral,False,0.6126016193,,,,,neutral,0.9473869927,0.9302915785,0.07575743428,0.0855960464,,,,,,0.4,0.6,0,0.2817142896,0.4936584596,0.2246272508
client,transcript_balanced_prior,-1,56,56,45,994bc72760dcfe7fa4dcb4204fd49276c86f3b5d7563bd03968bb98375e50059,10,neutral,False,0.5560326499,,,,,neutral,0.9473869927,0.8741965285,0.09336860029,0.08695584418,,,,,,0.3,0.7,0,0.2817142896,0.4936584596,0.2246272508
client,transcript_balanced_prior,-1,56,56,47,994bc72760dcfe7fa4dcb4204fd49276c86f3b5d7563bd03968bb98375e50059,10,neutral,False,0.6126016193,,,,,neutral,0.9473869927,0.9302915785,0.07575743428,0.0855960464,,,,,,0.4,0.6,0,0.2817142896,0.4936584596,0.2246272508
client,transcript_balanced_prior,-1,56,56,49,994bc72760dcfe7fa4dcb4204fd49276c86f3b5d7563bd03968bb98375e50059,10,neutral,False,-0,,,,,neutral,0.9473869927,0.7059113782,0.3862020983,0.2192584826,,,,,,0,1,0,0.2817142896,0.4936584596,0.2246272508
client,transcript_balanced_prior,-1,56,56,51,994bc72760dcfe7fa4dcb4204fd49276c86f3b5d7563bd03968bb98375e50059,10,sustain,False,0.7298466992,,,,,neutral,0.9473869927,1.313187503,0.3452346247,0.1187343376,,,,,,0.1,0.2,0.7,0.2817142896,0.4936584596,0.2246272508
client,transcript_balanced_prior,-1,56,56,53,994bc72760dcfe7fa4dcb4204fd49276c86f3b5d7563bd03968bb98375e50059,10,neutral,False,-0,,,,,neutral,0.9473869927,0.7059113782,0.3862020983,0.2192584826,,,,,,0,1,0,0.2817142896,0.4936584596,0.2246272508
client,transcript_balanced_prior,-1,56,56,55,994bc72760dcfe7fa4dcb4204fd49276c86f3b5d7563bd03968bb98375e50059,10,neutral,False,-0,,,,,neutral,0.9473869927,0.7059113782,0.3862020983,0.2192584826,,,,,,0,1,0,0.2817142896,0.4936584596,0.2246272508
client,transcript_balanced_prior,-1,56,56,57,994bc72760dcfe7fa4dcb4204fd49276c86f3b5d7563bd03968bb98375e50059,10,neutral,False,-0,,,,,neutral,0.9473869927,0.7059113782,0.3862020983,0.2192584826,,,,,,0,1,0,0.2817142896,0.4936584596,0.2246272508
client,transcript_balanced_prior,-1,56,56,59,994bc72760dcfe7fa4dcb4204fd49276c86f3b5d7563bd03968bb98375e50059,10,neutral,False,0.455485915,,,,,neutral,0.9473869927,0.8181014784,0.1509797663,0.09964105493,,,,,,0.2,0.8,0,0.2817142896,0.4936584596,0.2246272508
client,transcript_balanced_prior,-1,56,56,61,994bc72760dcfe7fa4dcb4204fd49276c86f3b5d7563bd03968bb98375e50059,10,sustain,False,0.8649735207,,,,,neutral,0.9473869927,1.2905424,0.2338172169,0.07989500626,,,,,,0.2,0.2,0.6,0.2817142896,0.4936584596,0.2246272508
client,transcript_balanced_prior,-1,56,56,63,994bc72760dcfe7fa4dcb4204fd49276c86f3b5d7563bd03968bb98375e50059,10,neutral,False,0.8173454221,,,,,neutral,0.9473869927,0.998226889,0.0500096576,0.02783322531,,,,,,0.1,0.6,0.3,0.2817142896,0.4936584596,0.2246272508
client,transcript_balanced_prior,-1,56,56,65,994bc72760dcfe7fa4dcb4204fd49276c86f3b5d7563bd03968bb98375e50059,10,neutral,False,-0,,,,,neutral,0.9473869927,0.7059113782,0.3862020983,0.2192584826,,,,,,0,1,0,0.2817142896,0.4936584596,0.2246272508
client,transcript_balanced_prior,-1,56,56,67,994bc72760dcfe7fa4dcb4204fd49276c86f3b5d7563bd03968bb98375e50059,10,neutral,False,0.5816718657,,,,,neutral,0.9473869927,0.8407465819,0.1423971741,0.05311058907,,,,,,0.1,0.8,0.1,0.2817142896,0.4936584596,0.2246272508
client,transcript_balanced_prior,-1,56,56,69,994bc72760dcfe7fa4dcb4204fd49276c86f3b5d7563bd03968bb98375e50059,10,neutral,False,0.8586727111,,,,,neutral,0.9473869927,1.009031732,0.02956367605,0.01744120745,,,,,,0.4,0.5,0.1,0.2817142896,0.4936584596,0.2246272508
client,transcript_balanced_prior,-1,56,56,71,994bc72760dcfe7fa4dcb4204fd49276c86f3b5d7563bd03968bb98375e50059,10,neutral,False,0.5816718657,,,,,neutral,0.9473869927,0.8407465819,0.1423971741,0.05311058907,,,,,,0.1,0.8,0.1,0.2817142896,0.4936584596,0.2246272508
client,transcript_balanced_prior,-1,56,56,73,994bc72760dcfe7fa4dcb4204fd49276c86f3b5d7563bd03968bb98375e50059,10,neutral,False,0.455485915,,,,,neutral,0.9473869927,0.8181014784,0.1509797663,0.09964105493,,,,,,0.2,0.8,0,0.2817142896,0.4936584596,0.2246272508
client,transcript_balanced_prior,-1,56,56,75,994bc72760dcfe7fa4dcb4204fd49276c86f3b5d7563bd03968bb98375e50059,10,neutral,False,0.2959032743,,,,,neutral,0.9473869927,0.7620064283,0.2485909323,0.1304307228,,,,,,0.1,0.9,0,0.2817142896,0.4936584596,0.2246272508
client,transcript_balanced_prior,-1,56,56,77,994bc72760dcfe7fa4dcb4204fd49276c86f3b5d7563bd03968bb98375e50059,10,neutral,False,0.5560326499,,,,,neutral,0.9473869927,0.9421318389,0.1276208236,0.1093135569,,,,,,0,0.7,0.3,0.2817142896,0.4936584596,0.2246272508
client,transcript_balanced_prior,-1,56,56,79,994bc72760dcfe7fa4dcb4204fd49276c86f3b5d7563bd03968bb98375e50059,10,neutral,False,-0,,,,,neutral,0.9473869927,0.7059113782,0.3862020983,0.2192584826,,,,,,0,1,0,0.2817142896,0.4936584596,0.2246272508
client,transcript_balanced_prior,-1,56,56,81,994bc72760dcfe7fa4dcb4204fd49276c86f3b5d7563bd03968bb98375e50059,10,neutral,False,0.2959032743,,,,,neutral,0.9473869927,0.7846515318,0.2600083401,0.1399620698,,,,,,0,0.9,0.1,0.2817142896,0.4936584596,0.2246272508
client,transcript_balanced_prior,-1,56,56,83,994bc72760dcfe7fa4dcb4204fd49276c86f3b5d7563bd03968bb98375e50059,10,neutral,False,0.2959032743,,,,,neutral,0.9473869927,0.7846515318,0.2600083401,0.1399620698,,,,,,0,0.9,0.1,0.2817142896,0.4936584596,0.2246272508
client,transcript_balanced_prior,-1,56,56,85,994bc72760dcfe7fa4dcb4204fd49276c86f3b5d7563bd03968bb98375e50059,10,change,False,0.5560326499,,,,,neutral,0.9473869927,1.098576729,0.2629239363,0.135795723,,,,,,0.7,0.3,0,0.2817142896,0.4936584596,0.2246272508
client,transcript_balanced_prior,-1,56,56,87,994bc72760dcfe7fa4dcb4204fd49276c86f3b5d7563bd03968bb98375e50059,10,change,False,0.5560326499,,,,,neutral,0.9473869927,1.098576729,0.2629239363,0.135795723,,,,,,0.7,0.3,0,0.2817142896,0.4936584596,0.2246272508
client,transcript_balanced_prior,-1,56,56,89,994bc72760dcfe7fa4dcb4204fd49276c86f3b5d7563bd03968bb98375e50059,10,neutral,False,0.455485915,,,,,neutral,0.9473869927,0.8181014784,0.1509797663,0.09964105493,,,,,,0.2,0.8,0,0.2817142896,0.4936584596,0.2246272508
client,transcript_balanced_prior,-1,56,56,91,994bc72760dcfe7fa4dcb4204fd49276c86f3b5d7563bd03968bb98375e50059,10,change,False,0.455485915,,,,,neutral,0.9473869927,1.154671779,0.4053127702,0.1746387663,,,,,,0.8,0.2,0,0.2817142896,0.4936584596,0.2246272508
client,transcript_balanced_prior,-1,56,56,93,994bc72760dcfe7fa4dcb4204fd49276c86f3b5d7563bd03968bb98375e50059,10,change,False,0.455485915,,,,,neutral,0.9473869927,1.154671779,0.4053127702,0.1746387663,,,,,,0.8,0.2,0,0.2817142896,0.4936584596,0.2246272508
client,transcript_balanced_prior,-1,56,56,95,994bc72760dcfe7fa4dcb4204fd49276c86f3b5d7563bd03968bb98375e50059,10,change,False,0.2959032743,,,,,neutral,0.9473869927,1.210766829,0.5877016042,0.2340483602,,,,,,0.9,0.1,0,0.2817142896,0.4936584596,0.2246272508
client,transcript_balanced_prior,-1,56,56,97,994bc72760dcfe7fa4dcb4204fd49276c86f3b5d7563bd03968bb98375e50059,10,neutral,False,0.9372305632,,,,,neutral,0.9473869927,1.054321939,0.01239849159,0.006208852222,,,,,,0.2,0.5,0.3,0.2817142896,0.4936584596,0.2246272508
client,transcript_balanced_prior,-1,56,56,99,994bc72760dcfe7fa4dcb4204fd49276c86f3b5d7563bd03968bb98375e50059,10,change,False,0.6126016193,,,,,neutral,0.9473869927,1.042481679,0.1605351023,0.1096912452,,,,,,0.6,0.4,0,0.2817142896,0.4936584596,0.2246272508
client,transcript_balanced_prior,-1,56,56,101,994bc72760dcfe7fa4dcb4204fd49276c86f3b5d7563bd03968bb98375e50059,10,neutral,False,0.2959032743,,,,,neutral,0.9473869927,0.7620064283,0.2485909323,0.1304307228,,,,,,0.1,0.9,0,0.2817142896,0.4936584596,0.2246272508
client,transcript_balanced_prior,-1,56,56,103,994bc72760dcfe7fa4dcb4204fd49276c86f3b5d7563bd03968bb98375e50059,10,neutral,False,0.7298466992,,,,,neutral,0.9473869927,0.9194867354,0.07620341583,0.03184706719,,,,,,0.1,0.7,0.2,0.2817142896,0.4936584596,0.2246272508
client,transcript_balanced_prior,-1,56,56,105,994bc72760dcfe7fa4dcb4204fd49276c86f3b5d7563bd03968bb98375e50059,10,neutral,False,0.455485915,,,,,neutral,0.9473869927,0.8181014784,0.1509797663,0.09964105493,,,,,,0.2,0.8,0,0.2817142896,0.4936584596,0.2246272508
client,transcript_balanced_prior,-1,56,56,107,994bc72760dcfe7fa4dcb4204fd49276c86f3b5d7563bd03968bb98375e50059,10,neutral,False,0.455485915,,,,,neutral,0.9473869927,0.8181014784,0.1509797663,0.09964105493,,,,,,0.2,0.8,0,0.2817142896,0.4936584596,0.2246272508
client,transcript_balanced_prior,-1,56,56,109,994bc72760dcfe7fa4dcb4204fd49276c86f3b5d7563bd03968bb98375e50059,10,neutral,False,0.2959032743,,,,,neutral,0.9473869927,0.7620064283,0.2485909323,0.1304307228,,,,,,0.1,0.9,0,0.2817142896,0.4936584596,0.2246272508
client,transcript_balanced_prior,-1,56,56,111,994bc72760dcfe7fa4dcb4204fd49276c86f3b5d7563bd03968bb98375e50059,10,neutral,False,0.5560326499,,,,,neutral,0.9473869927,0.8741965285,0.09336860029,0.08695584418,,,,,,0.3,0.7,0,0.2817142896,0.4936584596,0.2246272508
client,transcript_balanced_prior,-1,56,56,113,994bc72760dcfe7fa4dcb4204fd49276c86f3b5d7563bd03968bb98375e50059,10,change,False,0.455485915,,,,,neutral,0.9473869927,1.154671779,0.4053127702,0.1746387663,,,,,,0.8,0.2,0,0.2817142896,0.4936584596,0.2246272508
client,transcript_balanced_prior,-1,56,56,115,994bc72760dcfe7fa4dcb4204fd49276c86f3b5d7563bd03968bb98375e50059,10,change,True,0.6309297536,,,,,neutral,0.9473869927,0.9863866286,0.09814626827,0.09330298788,,,,,,0.5,0.5,0,0.2817142896,0.4936584596,0.2246272508
client,transcript_balanced_prior,-1,56,56,117,994bc72760dcfe7fa4dcb4204fd49276c86f3b5d7563bd03968bb98375e50059,10,change,False,0.455485915,,,,,neutral,0.9473869927,1.154671779,0.4053127702,0.1746387663,,,,,,0.8,0.2,0,0.2817142896,0.4936584596,0.2246272508
client,transcript_balanced_prior,-1,56,56,119,994bc72760dcfe7fa4dcb4204fd49276c86f3b5d7563bd03968bb98375e50059,10,neutral,False,0.7298466992,,,,,neutral,0.9473869927,0.9194867354,0.07620341583,0.03184706719,,,,,,0.1,0.7,0.2,0.2817142896,0.4936584596,0.2246272508
client,transcript_balanced_prior,-1,56,56,121,994bc72760dcfe7fa4dcb4204fd49276c86f3b5d7563bd03968bb98375e50059,10,neutral,False,0.2959032743,,,,,neutral,0.9473869927,0.7620064283,0.2485909323,0.1304307228,,,,,,0.1,0.9,0,0.2817142896,0.4936584596,0.2246272508
client,transcript_balanced_prior,-1,56,56,123,994bc72760dcfe7fa4dcb4204fd49276c86f3b5d7563bd03968bb98375e50059,10,neutral,False,-0,,,,,neutral,0.9473869927,0.7059113782,0.3862020983,0.2192584826,,,,,,0,1,0,0.2817142896,0.4936584596,0.2246272508
client,transcript_balanced_prior,-1,56,56,125,994bc72760dcfe7fa4dcb4204fd49276c86f3b5d7563bd03968bb98375e50059,10,neutral,False,-0,,,,,neutral,0.9473869927,0.7059113782,0.3862020983,0.2192584826,,,,,,0,1,0,0.2817142896,0.4936584596,0.2246272508
client,transcript_balanced_prior,-1,56,56,127,994bc72760dcfe7fa4dcb4204fd49276c86f3b5d7563bd03968bb98375e50059,10,change,False,0.2959032743,,,,,neutral,0.9473869927,1.210766829,0.5877016042,0.2340483602,,,,,,0.9,0.1,0,0.2817142896,0.4936584596,0.2246272508
client,transcript_balanced_prior,-1,56,56,129,994bc72760dcfe7fa4dcb4204fd49276c86f3b5d7563bd03968bb98375e50059,10,sustain,False,0.6126016193,,,,,neutral,0.9473869927,1.1783523,0.2290395489,0.1444240141,,,,,,0,0.4,0.6,0.2817142896,0.4936584596,0.2246272508
client,transcript_balanced_prior,-1,56,56,131,994bc72760dcfe7fa4dcb4204fd49276c86f3b5d7563bd03968bb98375e50059,10,change,False,0.2959032743,,,,,neutral,0.9473869927,1.210766829,0.5877016042,0.2340483602,,,,,,0.9,0.1,0,0.2817142896,0.4936584596,0.2246272508
client,transcript_balanced_prior,-1,56,56,133,994bc72760dcfe7fa4dcb4204fd49276c86f3b5d7563bd03968bb98375e50059,10,neutral,False,0.5560326499,,,,,neutral,0.9473869927,0.8741965285,0.09336860029,0.08695584418,,,,,,0.3,0.7,0,0.2817142896,0.4936584596,0.2246272508
client,transcript_balanced_prior,-1,56,56,135,994bc72760dcfe7fa4dcb4204fd49276c86f3b5d7563bd03968bb98375e50059,10,neutral,False,0.5560326499,,,,,neutral,0.9473869927,0.8741965285,0.09336860029,0.08695584418,,,,,,0.3,0.7,0,0.2817142896,0.4936584596,0.2246272508
client,transcript_balanced_prior,-1,56,56,137,994bc72760dcfe7fa4dcb4204fd49276c86f3b5d7563bd03968bb98375e50059,10,change,False,0.5560326499,,,,,neutral,0.9473869927,1.098576729,0.2629239363,0.135795723,,,,,,0.7,0.3,0,0.2817142896,0.4936584596,0.2246272508
client,transcript_balanced_prior,-1,56,56,139,994bc72760dcfe7fa4dcb4204fd49276c86f3b5d7563bd03968bb98375e50059,10,neutral,False,0.6126016193,,,,,neutral,0.9473869927,0.9302915785,0.07575743428,0.0855960464,,,,,,0.4,0.6,0,0.2817142896,0.4936584596,0.2246272508
client,transcript_balanced_prior,-1,56,56,141,994bc72760dcfe7fa4dcb4204fd49276c86f3b5d7563bd03968bb98375e50059,10,neutral,False,0.5560326499,,,,,neutral,0.9473869927,0.9421318389,0.1276208236,0.1093135569,,,,,,0,0.7,0.3,0.2817142896,0.4936584596,0.2246272508
client,transcript_balanced_prior,-1,56,56,143,994bc72760dcfe7fa4dcb4204fd49276c86f3b5d7563bd03968bb98375e50059,10,neutral,False,0.2959032743,,,,,neutral,0.9473869927,0.7620064283,0.2485909323,0.1304307228,,,,,,0.1,0.9,0,0.2817142896,0.4936584596,0.2246272508
client,transcript_balanced_prior,-1,56,56,145,994bc72760dcfe7fa4dcb4204fd49276c86f3b5d7563bd03968bb98375e50059,10,neutral,False,-0,,,,,neutral,0.9473869927,0.7059113782,0.3862020983,0.2192584826,,,,,,0,1,0,0.2817142896,0.4936584596,0.2246272508
client,transcript_balanced_prior,-1,56,56,147,994bc72760dcfe7fa4dcb4204fd49276c86f3b5d7563bd03968bb98375e50059,10,neutral,False,-0,,,,,neutral,0.9473869927,0.7059113782,0.3862020983,0.2192584826,,,,,,0,1,0,0.2817142896,0.4936584596,0.2246272508
client,transcript_balanced_prior,-1,56,56,149,994bc72760dcfe7fa4dcb4204fd49276c86f3b5d7563bd03968bb98375e50059,10,neutral,False,0.2959032743,,,,,neutral,0.9473869927,0.7620064283,0.2485909323,0.1304307228,,,,,,0.1,0.9,0,0.2817142896,0.4936584596,0.2246272508
client,transcript_balanced_prior,-1,56,56,151,994bc72760dcfe7fa4dcb4204fd49276c86f3b5d7563bd03968bb98375e50059,10,neutral,False,0.2959032743,,,,,neutral,0.9473869927,0.7846515318,0.2600083401,0.1399620698,,,,,,0,0.9,0.1,0.2817142896,0.4936584596,0.2246272508
client,transcript_balanced_prior,-1,56,56,153,994bc72760dcfe7fa4dcb4204fd49276c86f3b5d7563bd03968bb98375e50059,10,neutral,False,0.2959032743,,,,,neutral,0.9473869927,0.7620064283,0.2485909323,0.1304307228,,,,,,0.1,0.9,0,0.2817142896,0.4936584596,0.2246272508
client,transcript_balanced_prior,-1,56,56,155,994bc72760dcfe7fa4dcb4204fd49276c86f3b5d7563bd03968bb98375e50059,10,neutral,False,-0,,,,,neutral,0.9473869927,0.7059113782,0.3862020983,0.2192584826,,,,,,0,1,0,0.2817142896,0.4936584596,0.2246272508
client,transcript_balanced_prior,-1,56,56,157,994bc72760dcfe7fa4dcb4204fd49276c86f3b5d7563bd03968bb98375e50059,10,neutral,False,0.6126016193,,,,,neutral,0.9473869927,0.9302915785,0.07575743428,0.0855960464,,,,,,0.4,0.6,0,0.2817142896,0.4936584596,0.2246272508
client,transcript_balanced_prior,-1,56,56,159,994bc72760dcfe7fa4dcb4204fd49276c86f3b5d7563bd03968bb98375e50059,10,neutral,False,0.2959032743,,,,,neutral,0.9473869927,0.7620064283,0.2485909323,0.1304307228,,,,,,0.1,0.9,0,0.2817142896,0.4936584596,0.2246272508
client,transcript_balanced_prior,-1,56,56,161,994bc72760dcfe7fa4dcb4204fd49276c86f3b5d7563bd03968bb98375e50059,10,neutral,False,0.6126016193,,,,,neutral,0.9473869927,0.9302915785,0.07575743428,0.0855960464,,,,,,0.4,0.6,0,0.2817142896,0.4936584596,0.2246272508
client,transcript_balanced_prior,-1,56,56,163,994bc72760dcfe7fa4dcb4204fd49276c86f3b5d7563bd03968bb98375e50059,10,neutral,False,0.6126016193,,,,,neutral,0.9473869927,0.9302915785,0.07575743428,0.0855960464,,,,,,0.4,0.6,0,0.2817142896,0.4936584596,0.2246272508
client,transcript_balanced_prior,-1,56,56,165,994bc72760dcfe7fa4dcb4204fd49276c86f3b5d7563bd03968bb98375e50059,10,neutral,False,0.2959032743,,,,,neutral,0.9473869927,0.7620064283,0.2485909323,0.1304307228,,,,,,0.1,0.9,0,0.2817142896,0.4936584596,0.2246272508
client,transcript_balanced_prior,-1,56,56,167,994bc72760dcfe7fa4dcb4204fd49276c86f3b5d7563bd03968bb98375e50059,10,neutral,False,0.5560326499,,,,,neutral,0.9473869927,0.8741965285,0.09336860029,0.08695584418,,,,,,0.3,0.7,0,0.2817142896,0.4936584596,0.2246272508
client,transcript_balanced_prior,-1,56,56,169,994bc72760dcfe7fa4dcb4204fd49276c86f3b5d7563bd03968bb98375e50059,10,neutral,False,0.5560326499,,,,,neutral,0.9473869927,0.8741965285,0.09336860029,0.08695584418,,,,,,0.3,0.7,0,0.2817142896,0.4936584596,0.2246272508
client,transcript_balanced_prior,-1,56,56,171,994bc72760dcfe7fa4dcb4204fd49276c86f3b5d7563bd03968bb98375e50059,10,neutral,False,0.6126016193,,,,,neutral,0.9473869927,0.9302915785,0.07575743428,0.0855960464,,,,,,0.4,0.6,0,0.2817142896,0.4936584596,0.2246272508
client,transcript_balanced_prior,-1,56,56,173,994bc72760dcfe7fa4dcb4204fd49276c86f3b5d7563bd03968bb98375e50059,10,neutral,False,0.5560326499,,,,,neutral,0.9473869927,0.8741965285,0.09336860029,0.08695584418,,,,,,0.3,0.7,0,0.2817142896,0.4936584596,0.2246272508
client,transcript_balanced_prior,-1,66,66,1,60300796ba7899fd40ecbaa91387c5ca83e5757c4513c7aae95783e2e3877244,10,neutral,False,-0,,,,,neutral,0.9094012951,0.5969675916,0.3033505651,0.1888466766,,,,,,0,1,0,0.2358522207,0.550478383,0.2136693964
client,transcript_balanced_prior,-1,66,66,3,60300796ba7899fd40ecbaa91387c5ca83e5757c4513c7aae95783e2e3877244,10,neutral,False,-0,,,,,neutral,0.9094012951,0.5969675916,0.3033505651,0.1888466766,,,,,,0,1,0,0.2358522207,0.550478383,0.2136693964
client,transcript_balanced_prior,-1,66,66,5,60300796ba7899fd40ecbaa91387c5ca83e5757c4513c7aae95783e2e3877244,10,change,True,0.9602297179,,,,,neutral,0.9094012951,1.314543594,0.1844986842,0.06763823274,,,,,,0.4,0.2,0.4,0.2358522207,0.550478383,0.2136693964
client,transcript_balanced_prior,-1,66,66,7,60300796ba7899fd40ecbaa91387c5ca83e5757c4513c7aae95783e2e3877244,10,change,True,0.6309297536,,,,,neutral,0.9094012951,1.020758723,0.1179767274,0.09890130743,,,,,,0.5,0.5,0,0.2358522207,0.550478383,0.2136693964
client,transcript_balanced_prior,-1,66,66,9,60300796ba7899fd40ecbaa91387c5ca83e5757c4513c7aae95783e2e3877244,10,sustain,False,0.8586727111,,,,,neutral,0.9094012951,1.409179368,0.3118604816,0.1261279455,,,,,,0.4,0.1,0.5,0.2358522207,0.550478383,0.2136693964
client,transcript_balanced_prior,-1,66,66,11,60300796ba7899fd40ecbaa91387c5ca83e5757c4513c7aae95783e2e3877244,10,sustain,False,0.7298466992,,,,,neutral,0.9094012951,1.344176238,0.3778083788,0.1248760024,,,,,,0.1,0.2,0.7,0.2358522207,0.550478383,0.2136693964
client,transcript_balanced_prior,-1,66,66,13,60300796ba7899fd40ecbaa91387c5ca83e5757c4513c7aae95783e2e3877244,10,sustain,False,0.7298466992,,,,,neutral,0.9094012951,1.428934465,0.4407336113,0.1547895737,,,,,,0.2,0.1,0.7,0.2358522207,0.550478383,0.2136693964
client,transcript_balanced_prior,-1,66,66,16,60300796ba7899fd40ecbaa91387c5ca83e5757c4513c7aae95783e2e3877244,10,change,False,0.5560326499,,,,,neutral,0.9094012951,1.190275175,0.3238271923,0.1529485906,,,,,,0.7,0.3,0,0.2358522207,0.550478383,0.2136693964
client,transcript_balanced_prior,-1,66,66,18,60300796ba7899fd40ecbaa91387c5ca83e5757c4513c7aae95783e2e3877244,10,change,False,0.2959032743,,,,,neutral,0.9094012951,1.359791627,0.6896776573,0.2634706199,,,,,,0.9,0.1,0,0.2358522207,0.550478383,0.2136693964
client,transcript_balanced_prior,-1,66,66,20,60300796ba7899fd40ecbaa91387c5ca83e5757c4513c7aae95783e2e3877244,10,change,False,0.2959032743,,,,,neutral,0.9094012951,1.359791627,0.6896776573,0.2634706199,,,,,,0.9,0.1,0,0.2358522207,0.550478383,0.2136693964
client,transcript_balanced_prior,-1,66,66,22,60300796ba7899fd40ecbaa91387c5ca83e5757c4513c7aae95783e2e3877244,10,sustain,False,0.9372305632,,,,,neutral,0.9094012951,1.239662916,0.1460100166,0.04900129096,,,,,,0.2,0.3,0.5,0.2358522207,0.550478383,0.2136693964
client,transcript_balanced_prior,-1,66,66,24,60300796ba7899fd40ecbaa91387c5ca83e5757c4513c7aae95783e2e3877244,10,neutral,False,0.2959032743,,,,,neutral,0.9094012951,0.6817258178,0.1862757976,0.1094564851,,,,,,0.1,0.9,0,0.2358522207,0.550478383,0.2136693964
client,transcript_balanced_prior,-1,66,66,26,60300796ba7899fd40ecbaa91387c5ca83e5757c4513c7aae95783e2e3877244,10,change,False,-0,,,,,neutral,0.9094012951,1.444549854,0.9326028897,0.3919445143,,,,,,1,0,0,0.2358522207,0.550478383,0.2136693964
client,transcript_balanced_prior,-1,66,66,28,60300796ba7899fd40ecbaa91387c5ca83e5757c4513c7aae95783e2e3877244,10,change,False,-0,,,,,neutral,0.9094012951,1.444549854,0.9326028897,0.3919445143,,,,,,1,0,0,0.2358522207,0.550478383,0.2136693964
client,transcript_balanced_prior,-1,66,66,30,60300796ba7899fd40ecbaa91387c5ca83e5757c4513c7aae95783e2e3877244,10,change,False,0.2959032743,,,,,neutral,0.9094012951,1.454427402,0.7570394546,0.3048672083,,,,,,0.9,0,0.1,0.2358522207,0.550478383,0.2136693964
client,transcript_balanced_prior,-1,109,109,1,f92544f5ed508add4c093c58e76fce40d49ca14b51000a7b8770e0152039d485,10,neutral,False,-0,,,,,neutral,0.9198446528,0.6214871099,0.3216569767,0.1958028675,,,,,,0,1,0,0.243774926,0.5371450496,0.2190800244
client,transcript_balanced_prior,-1,109,109,3,f92544f5ed508add4c093c58e76fce40d49ca14b51000a7b8770e0152039d485,10,neutral,False,0.2959032743,,,,,neutral,0.9198446528,0.7004893903,0.2003310014,0.114585459,,,,,,0.1,0.9,0,0.243774926,0.5371450496,0.2190800244
client,transcript_balanced_prior,-1,109,109,5,f92544f5ed508add4c093c58e76fce40d49ca14b51000a7b8770e0152039d485,10,neutral,True,0.6309297536,,,,,neutral,0.9198446528,1.069902659,0.139722002,0.1129994129,,,,,,0,0.5,0.5,0.243774926,0.5371450496,0.2190800244
client,transcript_balanced_prior,-1,109,109,7,f92544f5ed508add4c093c58e76fce40d49ca14b51000a7b8770e0152039d485,10,sustain,False,0.2959032743,,,,,neutral,0.9198446528,1.428635098,0.7141740222,0.2780216971,,,,,,0,0.1,0.9,0.243774926,0.5371450496,0.2190800244
client,transcript_balanced_prior,-1,109,109,9,f92544f5ed508add4c093c58e76fce40d49ca14b51000a7b8770e0152039d485,10,neutral,False,0.5816718657,,,,,neutral,0.9198446528,0.7901725001,0.1039440065,0.03989066052,,,,,,0.1,0.8,0.1,0.243774926,0.5371450496,0.2190800244
client,transcript_balanced_prior,-1,109,109,11,f92544f5ed508add4c093c58e76fce40d49ca14b51000a7b8770e0152039d485,10,neutral,False,0.8586727111,,,,,neutral,0.9198446528,1.059221829,0.05478302163,0.02925020194,,,,,,0.1,0.5,0.4,0.243774926,0.5371450496,0.2190800244
client,transcript_balanced_prior,-1,109,109,13,f92544f5ed508add4c093c58e76fce40d49ca14b51000a7b8770e0152039d485,10,neutral,False,0.5560326499,,,,,neutral,0.9198446528,0.8584939511,0.07767905089,0.08275838757,,,,,,0.3,0.7,0,0.243774926,0.5371450496,0.2190800244
client,transcript_balanced_prior,-1,109,109,15,f92544f5ed508add4c093c58e76fce40d49ca14b51000a7b8770e0152039d485,10,sustain,False,0.2959032743,,,,,neutral,0.9198446528,1.428635098,0.7141740222,0.2780216971,,,,,,0,0.1,0.9,0.243774926,0.5371450496,0.2190800244
client,transcript_balanced_prior,-1,109,109,17,f92544f5ed508add4c093c58e76fce40d49ca14b51000a7b8770e0152039d485,10,sustain,False,0.6126016193,,,,,neutral,0.9198446528,1.159585769,0.223335007,0.1355621387,,,,,,0,0.4,0.6,0.243774926,0.5371450496,0.2190800244
client,transcript_balanced_prior,-1,109,109,19,f92544f5ed508add4c093c58e76fce40d49ca14b51000a7b8770e0152039d485,10,change,False,-0,,,,,neutral,0.9198446528,1.411509914,0.908397224,0.385436415,,,,,,1,0,0,0.243774926,0.5371450496,0.2190800244
client,transcript_balanced_prior,-1,109,109,21,f92544f5ed508add4c093c58e76fce40d49ca14b51000a7b8770e0152039d485,10,change,False,-0,,,,,neutral,0.9198446528,1.411509914,0.908397224,0.385436415,,,,,,1,0,0,0.243774926,0.5371450496,0.2190800244
client,transcript_balanced_prior,-1,109,109,23,f92544f5ed508add4c093c58e76fce40d49ca14b51000a7b8770e0152039d485,10,change,True,0.6309297536,,,,,neutral,0.9198446528,1.016498512,0.1150271003,0.09878553548,,,,,,0.5,0.5,0,0.243774926,0.5371450496,0.2190800244
client,transcript_balanced_prior,-1,109,109,25,f92544f5ed508add4c093c58e76fce40d49ca14b51000a7b8770e0152039d485,10,neutral,False,0.7298466992,,,,,neutral,0.9198446528,0.8798556099,0.04755701153,0.0210969426,,,,,,0.1,0.7,0.2,0.243774926,0.5371450496,0.2190800244
client,transcript_balanced_prior,-1,109,109,27,f92544f5ed508add4c093c58e76fce40d49ca14b51000a7b8770e0152039d485,10,neutral,False,0.7298466992,,,,,neutral,0.9198446528,0.8691747805,0.04261803121,0.01783986677,,,,,,0.2,0.7,0.1,0.243774926,0.5371450496,0.2190800244
client,transcript_balanced_prior,-1,109,109,29,f92544f5ed508add4c093c58e76fce40d49ca14b51000a7b8770e0152039d485,10,change,False,-0,,,,,neutral,0.9198446528,1.411509914,0.908397224,0.385436415,,,,,,1,0,0,0.243774926,0.5371450496,0.2190800244
client,transcript_balanced_prior,-1,109,109,31,f92544f5ed508add4c093c58e76fce40d49ca14b51000a7b8770e0152039d485,10,change,False,-0,,,,,neutral,0.9198446528,1.411509914,0.908397224,0.385436415,,,,,,1,0,0,0.243774926,0.5371450496,0.2190800244
client,transcript_balanced_prior,-1,109,109,33,f92544f5ed508add4c093c58e76fce40d49ca14b51000a7b8770e0152039d485,10,neutral,False,0.5560326499,,,,,neutral,0.9198446528,0.8584939511,0.07767905089,0.08275838757,,,,,,0.3,0.7,0,0.243774926,0.5371450496,0.2190800244
client,transcript_balanced_prior,-1,109,109,35,f92544f5ed508add4c093c58e76fce40d49ca14b51000a7b8770e0152039d485,10,change,False,-0,,,,,neutral,0.9198446528,1.411509914,0.908397224,0.385436415,,,,,,1,0,0,0.243774926,0.5371450496,0.2190800244
client,transcript_balanced_prior,-1,109,109,37,f92544f5ed508add4c093c58e76fce40d49ca14b51000a7b8770e0152039d485,10,change,False,-0,,,,,neutral,0.9198446528,1.411509914,0.908397224,0.385436415,,,,,,1,0,0,0.243774926,0.5371450496,0.2190800244
client,transcript_balanced_prior,-1,109,109,39,f92544f5ed508add4c093c58e76fce40d49ca14b51000a7b8770e0152039d485,10,change,False,-0,,,,,neutral,0.9198446528,1.411509914,0.908397224,0.385436415,,,,,,1,0,0,0.243774926,0.5371450496,0.2190800244
client,transcript_balanced_prior,-1,109,109,41,f92544f5ed508add4c093c58e76fce40d49ca14b51000a7b8770e0152039d485,10,change,False,-0,,,,,neutral,0.9198446528,1.411509914,0.908397224,0.385436415,,,,,,1,0,0,0.243774926,0.5371450496,0.2190800244
client,transcript_balanced_prior,-1,109,109,43,f92544f5ed508add4c093c58e76fce40d49ca14b51000a7b8770e0152039d485,10,neutral,False,0.6126016193,,,,,neutral,0.9198446528,0.9374962315,0.07635307562,0.0863694434,,,,,,0.4,0.6,0,0.243774926,0.5371450496,0.2190800244
client,transcript_balanced_prior,-1,109,109,45,f92544f5ed508add4c093c58e76fce40d49ca14b51000a7b8770e0152039d485,10,neutral,False,-0,,,,,neutral,0.9198446528,0.6214871099,0.3216569767,0.1958028675,,,,,,0,1,0,0.243774926,0.5371450496,0.2190800244
client,transcript_balanced_prior,-1,130,130,0,957962b55a53a08db5f378e511817642230cbd4d6d1cf4d43dd6a4b63131ccc1,10,neutral,False,-0,,,,,neutral,0.9131472014,0.6186703315,0.3223443273,0.195007036,,,,,,0,1,0,0.2699936348,0.5386602011,0.191346164
client,transcript_balanced_prior,-1,130,130,2,957962b55a53a08db5f378e511817642230cbd4d6d1cf4d43dd6a4b63131ccc1,10,neutral,True,0.6309297536,,,,,neutral,0.9131472014,1.136170723,0.1696583644,0.1296291946,,,,,,0,0.5,0.5,0.2699936348,0.5386602011,0.191346164
client,transcript_balanced_prior,-1,130,130,4,957962b55a53a08db5f378e511817642230cbd4d6d1cf4d43dd6a4b63131ccc1,10,neutral,False,0.8173454221,,,,,neutral,0.9131472014,0.9982392226,0.04446606287,0.02716167013,,,,,,0.1,0.6,0.3,0.2699936348,0.5386602011,0.191346164
client,transcript_balanced_prior,-1,130,130,6,957962b55a53a08db5f378e511817642230cbd4d6d1cf4d43dd6a4b63131ccc1,10,sustain,False,0.2959032743,,,,,neutral,0.9131472014,1.619239692,0.8212429074,0.3318732103,,,,,,0.1,0,0.9,0.2699936348,0.5386602011,0.191346164
client,transcript_balanced_prior,-1,130,130,8,957962b55a53a08db5f378e511817642230cbd4d6d1cf4d43dd6a4b63131ccc1,10,change,False,0.2959032743,,,,,neutral,0.9131472014,1.240288239,0.6259441467,0.2385587299,,,,,,0.9,0.1,0,0.2699936348,0.5386602011,0.191346164
client,transcript_balanced_prior,-1,130,130,10,957962b55a53a08db5f378e511817642230cbd4d6d1cf4d43dd6a4b63131ccc1,10,sustain,False,0.455485915,,,,,neutral,0.9131472014,1.446670958,0.5580467867,0.2342922224,,,,,,0,0.2,0.8,0.2699936348,0.5386602011,0.191346164
client,transcript_balanced_prior,-1,130,130,12,957962b55a53a08db5f378e511817642230cbd4d6d1cf4d43dd6a4b63131ccc1,10,neutral,False,-0,,,,,neutral,0.9131472014,0.6186703315,0.3223443273,0.195007036,,,,,,0,1,0,0.2699936348,0.5386602011,0.191346164
client,transcript_balanced_prior,-1,130,130,14,957962b55a53a08db5f378e511817642230cbd4d6d1cf4d43dd6a4b63131ccc1,10,sustain,False,0.455485915,,,,,neutral,0.9131472014,1.446670958,0.5580467867,0.2342922224,,,,,,0,0.2,0.8,0.2699936348,0.5386602011,0.191346164
client,transcript_balanced_prior,-1,130,130,16,957962b55a53a08db5f378e511817642230cbd4d6d1cf4d43dd6a4b63131ccc1,10,neutral,False,0.9372305632,,,,,neutral,0.9131472014,1.067307879,0.01819937614,0.009032222664,,,,,,0.2,0.5,0.3,0.2699936348,0.5386602011,0.191346164
client,transcript_balanced_prior,-1,130,130,18,957962b55a53a08db5f378e511817642230cbd4d6d1cf4d43dd6a4b63131ccc1,10,change,False,0.2959032743,,,,,neutral,0.9131472014,1.240288239,0.6259441467,0.2385587299,,,,,,0.9,0.1,0,0.2699936348,0.5386602011,0.191346164
client,transcript_balanced_prior,-1,130,130,20,957962b55a53a08db5f378e511817642230cbd4d6d1cf4d43dd6a4b63131ccc1,10,change,False,0.2959032743,,,,,neutral,0.9131472014,1.240288239,0.6259441467,0.2385587299,,,,,,0.9,0.1,0,0.2699936348,0.5386602011,0.191346164
therapist,hard_linear,-1,7,7,0,7fe3d6029ec1e666f41b728458a973e8e2e6924c09046427a23859dcc7b3d75a,10,question,False,-0,0,1,0,0,question,0.3850367069,0.1449521631,0.02517635989,0.04920816863,0.06719388068,0.8650635481,0.02495487779,0.04278762639,,,,,,,
therapist,hard_linear,-1,7,7,2,7fe3d6029ec1e666f41b728458a973e8e2e6924c09046427a23859dcc7b3d75a,10,reflection,False,-0,1,0,0,0,reflection,0.6516410112,0.3619192243,0.1312925359,0.1189041449,0.696338594,0.09953767061,0.03748132661,0.1666423976,,,,,,,
therapist,hard_linear,-1,7,7,4,7fe3d6029ec1e666f41b728458a973e8e2e6924c09046427a23859dcc7b3d75a,10,other,False,0.4406454496,0.3,0,0,0.7,other,0.5857744813,1.088743025,0.08384198134,0.1161770599,0.05080669001,0.09214954823,0.09999010712,0.7570536137,,,,,,,
therapist,hard_linear,-1,7,7,6,7fe3d6029ec1e666f41b728458a973e8e2e6924c09046427a23859dcc7b3d75a,10,question,False,-0,0,1,0,0,question,0.8019504547,0.5380760431,0.2380582177,0.1718752946,0.0993430987,0.5838705897,0.2076306045,0.1091557667,,,,,,,
therapist,hard_linear,-1,7,7,8,7fe3d6029ec1e666f41b728458a973e8e2e6924c09046427a23859dcc7b3d75a,10,reflection,False,0.2344977968,0.9,0,0,0.1,reflection,0.8779274821,0.8762854517,0.303367887,0.1626610667,0.4362964928,0.235191837,0.05542178825,0.2730899751,,,,,,,
therapist,hard_linear,-1,7,7,10,7fe3d6029ec1e666f41b728458a973e8e2e6924c09046427a23859dcc7b3d75a,10,question,False,-0,0,1,0,0,question,0.5872409344,0.4877684712,0.2715816873,0.1570836941,0.0182231497,0.613994956,0.01863653027,0.3491452634,,,,,,,
therapist,hard_linear,-1,7,7,12,7fe3d6029ec1e666f41b728458a973e8e2e6924c09046427a23859dcc7b3d75a,10,other,False,0.5783898247,0.1,0.2,0,0.7,other,0.3390998542,1.075684671,0.06796881337,0.0571320917,0.03881664574,0.03534394875,0.03672236577,0.8891170621,,,,,,,
therapist,hard_linear,-1,7,7,14,7fe3d6029ec1e666f41b728458a973e8e2e6924c09046427a23859dcc7b3d75a,10,reflection,False,0.2344977968,0.9,0,0,0.1,other,0.6081446409,1.672116071,0.946210935,0.3141829472,0.1615930945,0.04537833855,0.06476733088,0.7282612324,,,,,,,
therapist,hard_linear,-1,7,7,16,7fe3d6029ec1e666f41b728458a973e8e2e6924c09046427a23859dcc7b3d75a,10,question,False,-0,0,1,0,0,question,0.1474340558,0.03973476216,0.002092487567,0.01369449955,0.006198504008,0.9610443115,0.01641530916,0.01634191163,,,,,,,
therapist,hard_linear,-1,7,7,18,7fe3d6029ec1e666f41b728458a973e8e2e6924c09046427a23859dcc7b3d75a,10,question,False,0.3609640474,0.2,0.8,0,0,question,0.7080218792,0.6676339388,0.03203204994,0.05643344178,0.1889691949,0.6583625674,0.06645025313,0.08621808141,,,,,,,
therapist,hard_linear,-1,7,7,20,7fe3d6029ec1e666f41b728458a973e8e2e6924c09046427a23859dcc7b3d75a,10,question,False,-0,0,1,0,0,question,0.1580513716,0.04419156164,0.002683221048,0.01522093712,0.006496388465,0.9567706585,0.0253516864,0.0113813011,,,,,,,
therapist,hard_linear,-1,7,7,22,7fe3d6029ec1e666f41b728458a973e8e2e6924c09046427a23859dcc7b3d75a,10,question,False,-0,0,1,0,0,question,0.3564408422,0.1279027909,0.01958694756,0.04352822308,0.0254836455,0.8799389005,0.04226803035,0.05230943859,,,,,,,
therapist,hard_linear,-1,7,7,24,7fe3d6029ec1e666f41b728458a973e8e2e6924c09046427a23859dcc7b3d75a,10,reflection,False,0.3609640474,0.8,0.2,0,0,question,0.8161535859,1.348150349,0.4987597645,0.2134195671,0.2153306901,0.5496738553,0.05817518383,0.1768202633,,,,,,,
therapist,hard_linear,-1,7,7,26,7fe3d6029ec1e666f41b728458a973e8e2e6924c09046427a23859dcc7b3d75a,10,question,False,-0,0,1,0,0,question,0.3531836867,0.1274921894,0.01978659306,0.04339103744,0.06072698161,0.8803004026,0.0334812291,0.02549143508,,,,,,,
therapist,hard_linear,-1,7,7,28,7fe3d6029ec1e666f41b728458a973e8e2e6924c09046427a23859dcc7b3d75a,10,question,False,0.4609640474,0,0.8,0.1,0.1,question,0.745981276,0.8006310701,0.0773501565,0.0478770287,0.05450505763,0.588690877,0.08503703773,0.27176705,,,,,,,
therapist,hard_linear,-1,7,7,30,7fe3d6029ec1e666f41b728458a973e8e2e6924c09046427a23859dcc7b3d75a,10,therapist_input,False,-0,0,0,1,0,therapist_input,0.8698633909,0.722517848,0.3697161645,0.2237817221,0.1738116741,0.2619810402,0.4855282307,0.07867909223,,,,,,,
therapist,hard_linear,-1,7,7,32,7fe3d6029ec1e666f41b728458a973e8e2e6924c09046427a23859dcc7b3d75a,10,other,False,0.2344977968,0,0,0.1,0.9,other,0.5857745409,0.4807574451,0.03150652078,0.05263151838,0.05080674961,0.09214947373,0.09999015182,0.7570536137,,,,,,,
therapist,hard_linear,-1,7,7,34,7fe3d6029ec1e666f41b728458a973e8e2e6924c09046427a23859dcc7b3d75a,10,question,False,-0,0,1,0,0,question,0.2548310757,0.08913180232,0.01144771384,0.03050382595,0.01947258972,0.9147250056,0.004337828141,0.06146454811,,,,,,,
therapist,hard_linear,-1,7,7,36,7fe3d6029ec1e666f41b728458a973e8e2e6924c09046427a23859dcc7b3d75a,10,other,False,0.3609640474,0.2,0,0,0.8,other,0.1681700945,1.165987107,0.06282121034,0.08019748216,0.003574336413,0.01512547489,0.0291094929,0.9521907568,,,,,,,
therapist,hard_linear,-1,7,7,38,7fe3d6029ec1e666f41b728458a973e8e2e6924c09046427a23859dcc7b3d75a,10,reflection,False,0.4406454496,0.7,0.3,0,0,reflection,0.9529772997,1.064336777,0.1689286395,0.142250776,0.3663098216,0.2998480499,0.1364725381,0.1973695308,,,,,,,
therapist,hard_linear,-1,7,7,40,7fe3d6029ec1e666f41b728458a973e8e2e6924c09046427a23859dcc7b3d75a,10,question,False,0.2344977968,0.1,0.9,0,0,question,0.8444361687,0.8630753398,0.3238649677,0.1535377743,0.3821400702,0.4265237451,0.06585675478,0.1254793704,,,,,,,
therapist,hard_linear,-1,7,7,42,7fe3d6029ec1e666f41b728458a973e8e2e6924c09046427a23859dcc7b3d75a,10,question,False,-0,0,1,0,0,question,0.3136206865,0.1304257959,0.02594352068,0.04437058713,0.006092789117,0.8777215481,0.01224062964,0.1039449796,,,,,,,
therapist,hard_linear,-1,7,7,44,7fe3d6029ec1e666f41b728458a973e8e2e6924c09046427a23859dcc7b3d75a,10,other,False,0.2344977968,0.1,0,0,0.9,other,0.4946863353,0.4363484427,0.01394944717,0.03793607011,0.0840774551,0.0629812181,0.04212896526,0.8108123541,,,,,,,
therapist,hard_linear,-1,7,7,46,7fe3d6029ec1e666f41b728458a973e8e2e6924c09046427a23859dcc7b3d75a,10,other,False,-0,0,0,0,1,other,0.3293659389,0.1250279695,0.02070358555,0.04256762766,0.005557378754,0.07317869365,0.03879175335,0.8824722171,,,,,,,
therapist,hard_linear,-1,7,7,48,7fe3d6029ec1e666f41b728458a973e8e2e6924c09046427a23859dcc7b3d75a,10,question,False,-0,0,1,0,0,question,0.4925127923,0.2417925745,0.07267680131,0.08091320633,0.157509923,0.7852190137,0.03558413312,0.02168692835,,,,,,,
therapist,hard_linear,-1,7,7,50,7fe3d6029ec1e666f41b728458a973e8e2e6924c09046427a23859dcc7b3d75a,10,question,False,-0,0,1,0,0,question,0.5745021105,0.3111233115,0.110177096,0.1030222729,0.03210711107,0.7326235175,0.0469940193,0.1882753521,,,,,,,
therapist,hard_linear,-1,7,7,52,7fe3d6029ec1e666f41b728458a973e8e2e6924c09046427a23859dcc7b3d75a,10,reflection,False,0.2344977968,0.9,0.1,0,0,question,0.8778946996,1.564743513,0.7115015001,0.3103823866,0.1933503747,0.4239352345,0.3217002153,0.06101413444,,,,,,,
therapist,hard_linear,-1,7,7,54,7fe3d6029ec1e666f41b728458a973e8e2e6924c09046427a23859dcc7b3d75a,10,question,False,0.4854752972,0.4,0.6,0,0,question,0.4409717321,1.167060772,0.1688042637,0.1061000412,0.07113400102,0.8327892423,0.01766394824,0.07841283083,,,,,,,
therapist,hard_linear,-1,7,7,56,7fe3d6029ec1e666f41b728458a973e8e2e6924c09046427a23859dcc7b3d75a,10,question,False,-0,0,1,0,0,question,0.349060446,0.1276066452,0.02034474059,0.04342929967,0.06807416677,0.8801994324,0.02907991037,0.02264637873,,,,,,,
therapist,hard_linear,-1,7,7,58,7fe3d6029ec1e666f41b728458a973e8e2e6924c09046427a23859dcc7b3d75a,10,therapist_input,False,0.2344977968,0,0.1,0.9,0,question,0.9762344956,1.411727309,0.5953710109,0.2855687536,0.16529423,0.344882369,0.23449938,0.2553240657,,,,,,,
therapist,hard_linear,-1,7,7,60,7fe3d6029ec1e666f41b728458a973e8e2e6924c09046427a23859dcc7b3d75a,10,question,False,0.4406454496,0,0.7,0.3,0,question,0.5666604042,0.9948510885,0.0746329011,0.09813909939,0.1183082312,0.7657133937,0.06765773892,0.04832060263,,,,,,,
therapist,hard_linear,-1,7,7,62,7fe3d6029ec1e666f41b728458a973e8e2e6924c09046427a23859dcc7b3d75a,10,other,False,0.6477309221,0.1,0,0.3,0.6,other,0.7013651729,0.9854329884,0.007271804692,0.0270537227,0.04529832676,0.06241467968,0.282835722,0.6094512939,,,,,,,
therapist,hard_linear,-1,7,7,64,7fe3d6029ec1e666f41b728458a973e8e2e6924c09046427a23859dcc7b3d75a,10,other,False,-0,0,0,0,1,other,0.4183680415,0.162108615,0.03045864423,0.05489430883,0.03000477143,0.05820298567,0.06144345179,0.8503488302,,,,,,,
therapist,hard_linear,-1,27,27,0,e883cab14c33a28c3bf1e25281ef335a7bcd08f31fb3e2cea1e824982af00196,10,therapist_input,False,0.4609640474,0,0.1,0.8,0.1,reflection,0.7007578611,1.554037285,0.6081619589,0.2732676453,0.5964183211,0.04703537002,0.3024734855,0.05407287925,,,,,,,
therapist,hard_linear,-1,27,27,2,e883cab14c33a28c3bf1e25281ef335a7bcd08f31fb3e2cea1e824982af00196,10,other,False,-0,0,0,0,1,other,0.6013874412,0.2942144275,0.08891155881,0.09767594429,0.05060090497,0.08601713181,0.1182652488,0.7451167107,,,,,,,
therapist,hard_linear,-1,27,27,4,e883cab14c33a28c3bf1e25281ef335a7bcd08f31fb3e2cea1e824982af00196,10,therapist_input,False,-0,0,0,1,0,reflection,0.7814443707,1.885000706,1.115470597,0.4686422158,0.5977980494,0.1858932972,0.1518289447,0.06447970122,,,,,,,
therapist,hard_linear,-1,27,27,6,e883cab14c33a28c3bf1e25281ef335a7bcd08f31fb3e2cea1e824982af00196,10,other,False,-0,0,0,0,1,other,0.5189999342,0.2260679901,0.05543277725,0.07582992292,0.08746307343,0.06850833446,0.04636470228,0.7976638675,,,,,,,
therapist,hard_linear,-1,27,27,8,e883cab14c33a28c3bf1e25281ef335a7bcd08f31fb3e2cea1e824982af00196,10,other,False,0.9232196723,0.3,0.1,0.2,0.4,question,0.707501471,2.099032947,0.4726895886,0.2026928778,0.1021320596,0.675878644,0.1343955994,0.08759366721,,,,,,,
therapist,hard_linear,-1,27,27,10,e883cab14c33a28c3bf1e25281ef335a7bcd08f31fb3e2cea1e824982af00196,10,other,False,0.3609640474,0.2,0,0,0.8,therapist_input,0.8921314478,1.335746264,0.4699392532,0.2415615194,0.2259308547,0.06852443516,0.4324130416,0.2731316984,,,,,,,
therapist,hard_linear,-1,27,27,12,e883cab14c33a28c3bf1e25281ef335a7bcd08f31fb3e2cea1e824982af00196,10,reflection,False,0.3609640474,0.8,0,0,0.2,reflection,0.5503928661,0.8363885641,0.05006415234,0.09329668769,0.7624257803,0.04061058909,0.1517764479,0.04518714175,,,,,,,
therapist,hard_linear,-1,27,27,14,e883cab14c33a28c3bf1e25281ef335a7bcd08f31fb3e2cea1e824982af00196,10,therapist_input,False,-0,0,0,1,0,therapist_input,0.732794404,0.5372006893,0.2640029859,0.1716202753,0.2848508358,0.03732604906,0.5843818188,0.09344132245,,,,,,,
therapist,hard_linear,-1,27,27,16,e883cab14c33a28c3bf1e25281ef335a7bcd08f31fb3e2cea1e824982af00196,10,therapist_input,False,-0,0,0,1,0,question,0.8987981081,1.564514041,0.9068935884,0.4146640715,0.2064643502,0.4767737985,0.2091896385,0.1075721979,,,,,,,
therapist,hard_linear,-1,27,27,18,e883cab14c33a28c3bf1e25281ef335a7bcd08f31fb3e2cea1e824982af00196,10,therapist_input,False,-0,0,0,1,0,therapist_input,0.8525412083,0.7932754755,0.4365379165,0.2427204513,0.3229779005,0.1718199551,0.45236063,0.05284149572,,,,,,,
therapist,hard_linear,-1,27,27,20,e883cab14c33a28c3bf1e25281ef335a7bcd08f31fb3e2cea1e824982af00196,10,therapist_input,False,0.6477309221,0.1,0.3,0.6,0,question,0.6104854941,2.142485422,0.5043568567,0.2185514086,0.1363488883,0.7346400619,0.04575144127,0.08325963467,,,,,,,
therapist,hard_linear,-1,27,27,22,e883cab14c33a28c3bf1e25281ef335a7bcd08f31fb3e2cea1e824982af00196,10,other,False,-0,0,0,0,1,other,0.4543662965,0.1970615238,0.04732296253,0.06638680909,0.0295758564,0.1153514013,0.03393265978,0.8211401105,,,,,,,
therapist,hard_linear,-1,55,55,0,1b9abf33ba8b2badfab01f2ee1f7aa958800a9808d579c0ec4e6bc41eb27f449,10,question,False,0.2344977968,0,0.9,0.1,0,therapist_input,0.7984277606,0.9467065811,0.404607404,0.1732555826,0.02102044038,0.3833465278,0.432694912,0.162938118,,,,,,,
therapist,hard_linear,-1,55,55,2,1b9abf33ba8b2badfab01f2ee1f7aa958800a9808d579c0ec4e6bc41eb27f449,10,question,False,0.2344977968,0,0.9,0.1,0,question,0.91034168,1.054085934,0.4145711543,0.216262895,0.3558057249,0.3768183589,0.1725735664,0.09480236471,,,,,,,
therapist,hard_linear,-1,55,55,4,1b9abf33ba8b2badfab01f2ee1f7aa958800a9808d579c0ec4e6bc41eb27f449,10,question,False,-0,0,1,0,0,question,0.3265132904,0.11933247,0.01825902417,0.04066206787,0.008478919044,0.8875126243,0.04410291463,0.05990549177,,,,,,,
therapist,hard_linear,-1,55,55,6,1b9abf33ba8b2badfab01f2ee1f7aa958800a9808d579c0ec4e6bc41eb27f449,10,question,False,-0,0,1,0,0,therapist_input,0.6837602258,2.052471876,1.222029335,0.4931956371,0.02094036527,0.1284170896,0.6490819454,0.2015606463,,,,,,,
therapist,hard_linear,-1,55,55,8,1b9abf33ba8b2badfab01f2ee1f7aa958800a9808d579c0ec4e6bc41eb27f449,10,therapist_input,False,0.3609640474,0,0.2,0.8,0,therapist_input,0.2598663867,0.6453535378,0.03396294666,0.03323078975,0.002749484964,0.05708191916,0.9131318331,0.02703673393,,,,,,,
therapist,hard_linear,-1,55,55,10,1b9abf33ba8b2badfab01f2ee1f7aa958800a9808d579c0ec4e6bc41eb27f449,10,question,False,-0,0,1,0,0,question,0.7765721679,0.5055959821,0.2174014206,0.1623563217,0.06418282539,0.6031460166,0.1512717456,0.1813994497,,,,,,,
therapist,hard_linear,-1,55,55,12,1b9abf33ba8b2badfab01f2ee1f7aa958800a9808d579c0ec4e6bc41eb27f449,10,question,False,-0,0,1,0,0,question,0.7842618823,0.7678299546,0.4569540541,0.2359721146,0.4006508887,0.4640189111,0.06782986969,0.06750037521,,,,,,,
therapist,hard_linear,-1,55,55,14,1b9abf33ba8b2badfab01f2ee1f7aa958800a9808d579c0ec4e6bc41eb27f449,10,question,False,-0,0,1,0,0,question,0.4277764857,0.1780474931,0.0382429834,0.06015029649,0.06385435164,0.8369027972,0.01328763925,0.08595527709,,,,,,,
therapist,hard_linear,-1,55,55,16,1b9abf33ba8b2badfab01f2ee1f7aa958800a9808d579c0ec4e6bc41eb27f449,10,question,False,-0,0,1,0,0,question,0.719565928,0.4296076894,0.1692891645,0.139647249,0.04976075143,0.6507642865,0.1512986273,0.1481762677,,,,,,,
therapist,hard_linear,-1,55,55,18,1b9abf33ba8b2badfab01f2ee1f7aa958800a9808d579c0ec4e6bc41eb27f449,10,reflection,False,-0,1,0,0,0,reflection,0.4803935885,0.2006071061,0.04494523849,0.06754567607,0.8182338476,0.0377112329,0.07938458025,0.06467036158,,,,,,,
therapist,hard_linear,-1,55,55,20,1b9abf33ba8b2badfab01f2ee1f7aa958800a9808d579c0ec4e6bc41eb27f449,10,reflection,False,0.2344977968,0.9,0,0,0.1,reflection,0.6454130411,0.5251363963,0.05175458492,0.06700913983,0.7163763046,0.1217624098,0.05640052631,0.1054607332,,,,,,,
therapist,hard_linear,-1,55,55,22,1b9abf33ba8b2badfab01f2ee1f7aa958800a9808d579c0ec4e6bc41eb27f449,10,question,False,0.6477309221,0.3,0.6,0.1,0,reflection,0.7766527534,1.17586695,0.1445718445,0.07716222829,0.5317102671,0.3202913404,0.04819238931,0.09980598092,,,,,,,
therapist,hard_linear,-1,55,55,24,1b9abf33ba8b2badfab01f2ee1f7aa958800a9808d579c0ec4e6bc41eb27f449,10,question,False,-0,0,1,0,0,question,0.5179207921,0.2811683118,0.09873780204,0.09353075654,0.03349342942,0.7549012899,0.01875615492,0.1928492188,,,,,,,
therapist,hard_linear,-1,55,55,26,1b9abf33ba8b2badfab01f2ee1f7aa958800a9808d579c0ec4e6bc41eb27f449,10,question,False,-0,0,1,0,0,question,0.5333746076,0.2438032329,0.06505972281,0.0815613671,0.0818022117,0.7836418152,0.03189017624,0.1026658341,,,,,,,
therapist,hard_linear,-1,55,55,28,1b9abf33ba8b2badfab01f2ee1f7aa958800a9808d579c0ec4e6bc41eb27f449,10,question,False,-0,0,1,0,0,question,0.3861925006,0.1557761282,0.03145720657,0.0527989955,0.02257331088,0.85575068,0.0238428954,0.09783311188,,,,,,,
therapist,hard_linear,-1,55,55,30,1b9abf33ba8b2badfab01f2ee1f7aa958800a9808d579c0ec4e6bc41eb27f449,10,question,False,-0,0,1,0,0,question,0.9787951708,1.085919619,0.5894394036,0.3153159299,0.2613373399,0.3375911415,0.2315804958,0.1694909483,,,,,,,
therapist,hard_linear,-1,55,55,32,1b9abf33ba8b2badfab01f2ee1f7aa958800a9808d579c0ec4e6bc41eb27f449,10,question,False,-0,0,1,0,0,question,0.5073475242,0.21759893,0.05170406535,0.073081697,0.04520847648,0.8044479489,0.08285559714,0.06748796254,,,,,,,
therapist,hard_linear,-1,55,55,34,1b9abf33ba8b2badfab01f2ee1f7aa958800a9808d579c0ec4e6bc41eb27f449,10,reflection,False,-0,1,0,0,0,reflection,0.8245766759,0.664534688,0.3389749167,0.2078588642,0.5145128369,0.1589470506,0.2743978798,0.05214216933,,,,,,,
therapist,hard_linear,-1,55,55,36,1b9abf33ba8b2badfab01f2ee1f7aa958800a9808d579c0ec4e6bc41eb27f449,10,question,False,0.2344977968,0,0.9,0.1,0,question,0.5201984048,0.416495502,0.02809917036,0.02876793839,0.02846096642,0.7601384521,0.1832941771,0.02810642682,,,,,,,
therapist,hard_linear,-1,55,55,38,1b9abf33ba8b2badfab01f2ee1f7aa958800a9808d579c0ec4e6bc41eb27f449,10,therapist_input,False,-0,0,0,1,0,therapist_input,0.3519829512,0.1253854036,0.01885585053,0.04268706949,0.03166625649,0.0543326959,0.8821569681,0.03184415027,,,,,,,
therapist,hard_linear,-1,55,55,40,1b9abf33ba8b2badfab01f2ee1f7aa958800a9808d579c0ec4e6bc41eb27f449,10,therapist_input,True,0.5,0,0,0.5,0.5,other,0.3340514898,1.429216355,0.3405126547,0.1393238578,0.02503309026,0.02323316969,0.06466047466,0.8870732188,,,,,,,
therapist,hard_linear,-1,55,55,42,1b9abf33ba8b2badfab01f2ee1f7aa958800a9808d579c0ec4e6bc41eb27f449,10,question,False,-0,0,1,0,0,question,0.4860869944,0.23004058,0.06451307456,0.07711655444,0.04817702249,0.794501245,0.01706819609,0.1402534544,,,,,,,
therapist,hard_linear,-1,55,55,44,1b9abf33ba8b2badfab01f2ee1f7aa958800a9808d579c0ec4e6bc41eb27f449,10,question,False,0.4406454496,0.3,0.7,0,0,question,0.4836944044,0.8684998006,0.06245602309,0.06676157936,0.09168694913,0.8051746488,0.01495481189,0.08818357438,,,,,,,
therapist,hard_linear,-1,55,55,46,1b9abf33ba8b2badfab01f2ee1f7aa958800a9808d579c0ec4e6bc41eb27f449,10,reflection,False,0.2344977968,0.9,0.1,0,0,question,0.8496440649,1.541121233,0.7331707128,0.2992138314,0.1929984838,0.5457709432,0.1462217569,0.1150088385,,,,,,,
therapist,hard_linear,-1,55,55,48,1b9abf33ba8b2badfab01f2ee1f7aa958800a9808d579c0ec4e6bc41eb27f449,10,question,False,0.2344977968,0,0.9,0,0.1,question,0.2906627655,0.4511010662,0.008146788706,0.03443949812,0.01781710051,0.9072178602,0.04857212305,0.02639299631,,,,,,,
therapist,hard_linear,-1,55,55,50,1b9abf33ba8b2badfab01f2ee1f7aa958800a9808d579c0ec4e6bc41eb27f449,10,therapist_input,False,-0,0,0,1,0,therapist_input,0.3016995192,0.1029926091,0.01339729483,0.035177271,0.01660601795,0.05163223669,0.9021336436,0.02962808497,,,,,,,
therapist,hard_linear,-1,55,55,52,1b9abf33ba8b2badfab01f2ee1f7aa958800a9808d579c0ec4e6bc41eb27f449,10,reflection,False,0.6783898247,0.7,0.1,0.1,0.1,reflection,0.8622554541,1.114870954,0.1025999186,0.04631964091,0.4624963105,0.2916226983,0.1878254861,0.05805549398,,,,,,,
therapist,hard_linear,-1,55,55,54,1b9abf33ba8b2badfab01f2ee1f7aa958800a9808d579c0ec4e6bc41eb27f449,10,question,False,0.2344977968,0,0.9,0.1,0,question,0.4670072794,0.390899317,0.01757633769,0.02086230491,0.01477358956,0.7901347876,0.1671226472,0.0279689841,,,,,,,
therapist,hard_linear,-1,55,55,56,1b9abf33ba8b2badfab01f2ee1f7aa958800a9808d579c0ec4e6bc41eb27f449,10,question,False,0.4609640474,0,0.8,0.1,0.1,question,0.8817042112,0.9404691935,0.1366554545,0.09425125064,0.2055524737,0.5037955046,0.1810865849,0.1095654443,,,,,,,
therapist,hard_linear,-1,55,55,58,1b9abf33ba8b2badfab01f2ee1f7aa958800a9808d579c0ec4e6bc41eb27f449,10,question,False,0.2344977968,0,0.9,0.1,0,question,0.6416168213,0.592373544,0.08415624274,0.08909201359,0.1970507056,0.6921058297,0.07341779768,0.03742560372,,,,,,,
therapist,hard_linear,-1,55,55,60,1b9abf33ba8b2badfab01f2ee1f7aa958800a9808d579c0ec4e6bc41eb27f449,10,question,False,0.2344977968,0,0.9,0.1,0,therapist_input,0.8360416293,1.235918647,0.586577131,0.2392322837,0.05391230807,0.2734008729,0.5026598573,0.1700269133,,,,,,,
therapist,hard_linear,-1,55,55,62,1b9abf33ba8b2badfab01f2ee1f7aa958800a9808d579c0ec4e6bc41eb27f449,10,other,False,0.7427376486,0,0.2,0.3,0.5,therapist_input,0.437386632,1.966107751,0.4987547306,0.1877775733,0.0258699432,0.07365401089,0.8386407495,0.06183529273,,,,,,,
therapist,hard_linear,-1,55,55,64,1b9abf33ba8b2badfab01f2ee1f7aa958800a9808d579c0ec4e6bc41eb27f449,10,other,False,-0,0,0,0,1,other,0.8448553085,0.7005993128,0.3596719743,0.2178053232,0.2522499859,0.05258987844,0.1988723576,0.4962877631,,,,,,,
therapist,hard_linear,-1,56,56,0,994bc72760dcfe7fa4dcb4204fd49276c86f3b5d7563bd03968bb98375e50059,10,question,False,0.8427376486,0.1,0.5,0.3,0.1,therapist_input,0.7620200515,1.415680343,0.1796969671,0.05903174858,0.06370265782,0.2118962258,0.608415544,0.1159855425,,,,,,,
therapist,hard_linear,-1,56,56,2,994bc72760dcfe7fa4dcb4204fd49276c86f3b5d7563bd03968bb98375e50059,10,other,False,0.4854752972,0,0.4,0,0.6,other,0.8243704438,0.8656956911,0.03812800215,0.06418605889,0.07155410945,0.383672297,0.09731968492,0.4474540055,,,,,,,
therapist,hard_linear,-1,56,56,4,994bc72760dcfe7fa4dcb4204fd49276c86f3b5d7563bd03968bb98375e50059,10,question,False,-0,0,1,0,0,question,0.5816635489,0.2882547081,0.08877126145,0.09578450764,0.03649375588,0.7495706677,0.07663296163,0.1373026073,,,,,,,
therapist,hard_linear,-1,56,56,6,994bc72760dcfe7fa4dcb4204fd49276c86f3b5d7563bd03968bb98375e50059,10,other,False,-0,0,0,0,1,other,0.6239784956,0.3310748935,0.1134537795,0.109292433,0.04290531576,0.07688455284,0.1620587558,0.7181513906,,,,,,,
therapist,hard_linear,-1,56,56,8,994bc72760dcfe7fa4dcb4204fd49276c86f3b5d7563bd03968bb98375e50059,10,reflection,False,0.2344977968,0.9,0.1,0,0,therapist_input,0.4803338349,2.858775163,1.390208049,0.530715196,0.05662392825,0.06419438869,0.8211419582,0.05803965777,,,,,,,
therapist,hard_linear,-1,56,56,10,994bc72760dcfe7fa4dcb4204fd49276c86f3b5d7563bd03968bb98375e50059,10,reflection,True,0.5,0.5,0.5,0,0,question,0.7840222716,0.8733848929,0.0375349695,0.05875107369,0.3402198255,0.512422204,0.05138802901,0.09596991539,,,,,,,
therapist,hard_linear,-1,56,56,12,994bc72760dcfe7fa4dcb4204fd49276c86f3b5d7563bd03968bb98375e50059,10,reflection,False,-0,1,0,0,0,reflection,0.7894925475,0.5403941274,0.2450703083,0.1725503793,0.5825185776,0.07742381096,0.1110135466,0.2290440053,,,,,,,
therapist,hard_linear,-1,56,56,14,994bc72760dcfe7fa4dcb4204fd49276c86f3b5d7563bd03968bb98375e50059,10,reflection,False,-0,1,0,0,0,reflection,0.5059152842,0.2215843052,0.05453312663,0.07437587506,0.8012483716,0.03201516345,0.09062824398,0.07610826194,,,,,,,
therapist,hard_linear,-1,56,56,16,994bc72760dcfe7fa4dcb4204fd49276c86f3b5d7563bd03968bb98375e50059,10,reflection,False,-0,1,0,0,0,reflection,0.6679421067,0.401119709,0.1625998546,0.1309759075,0.6695699096,0.06046815962,0.2165888399,0.05337308347,,,,,,,
therapist,hard_linear,-1,56,56,18,994bc72760dcfe7fa4dcb4204fd49276c86f3b5d7563bd03968bb98375e50059,10,reflection,False,0.3609640474,0.8,0.2,0,0,reflection,0.6889820695,0.6503169298,0.03389859388,0.05018886695,0.6497955918,0.2171439677,0.03343361989,0.09962683916,,,,,,,
therapist,hard_linear,-1,56,56,20,994bc72760dcfe7fa4dcb4204fd49276c86f3b5d7563bd03968bb98375e50059,10,other,False,0.2344977968,0.1,0,0,0.9,other,0.6239784956,0.6128433645,0.06850299451,0.09379636095,0.04290531576,0.07688455284,0.1620587558,0.7181513906,,,,,,,
therapist,hard_linear,-1,56,56,22,994bc72760dcfe7fa4dcb4204fd49276c86f3b5d7563bd03968bb98375e50059,10,reflection,False,0.3609640474,0.8,0,0,0.2,reflection,0.7666122317,1.045714283,0.2886274256,0.1737995769,0.4504241645,0.01777638122,0.4015506506,0.1302487552,,,,,,,
therapist,hard_linear,-1,56,56,24,994bc72760dcfe7fa4dcb4204fd49276c86f3b5d7563bd03968bb98375e50059,10,question,False,-0,0,1,0,0,question,0.2391939163,0.07563276589,0.007554371479,0.02593409015,0.01811638847,0.9271566272,0.0128292162,0.04189775884,,,,,,,
therapist,hard_linear,-1,56,56,26,994bc72760dcfe7fa4dcb4204fd49276c86f3b5d7563bd03968bb98375e50059,10,other,False,-0,0,0,0,1,other,0.4465555847,0.1826711893,0.03883356117,0.06167022858,0.08555005491,0.05347424373,0.02793365903,0.8330420256,,,,,,,
therapist,hard_linear,-1,56,56,28,994bc72760dcfe7fa4dcb4204fd49276c86f3b5d7563bd03968bb98375e50059,10,reflection,False,-0,1,0,0,0,reflection,0.7122734785,0.5104753971,0.2398019483,0.1637935282,0.6002101302,0.01428605895,0.2449983209,0.1405054033,,,,,,,
therapist,hard_linear,-1,56,56,30,994bc72760dcfe7fa4dcb4204fd49276c86f3b5d7563bd03968bb98375e50059,10,question,False,0.4406454496,0.3,0.7,0,0,reflection,0.695630312,0.7777137637,0.0886635092,0.04891876832,0.462929517,0.4579742551,0.02517944202,0.05391675234,,,,,,,
therapist,hard_linear,-1,56,56,32,994bc72760dcfe7fa4dcb4204fd49276c86f3b5d7563bd03968bb98375e50059,10,other,False,-0,0,0,0,1,other,0.4465562105,0.182671532,0.03883370837,0.06167036417,0.08555021882,0.05347440392,0.02793367207,0.8330416679,,,,,,,
therapist,hard_linear,-1,56,56,34,994bc72760dcfe7fa4dcb4204fd49276c86f3b5d7563bd03968bb98375e50059,10,question,False,-0,0,1,0,0,question,0.5937430263,0.3649226427,0.1495015579,0.1198347443,0.226389274,0.6942504048,0.01124095172,0.06811944395,,,,,,,
therapist,hard_linear,-1,56,56,36,994bc72760dcfe7fa4dcb4204fd49276c86f3b5d7563bd03968bb98375e50059,10,reflection,False,-0,1,0,0,0,therapist_input,0.792866528,0.9109463692,0.5747030548,0.2730179087,0.4021434486,0.08781033754,0.4543800354,0.05566620827,,,,,,,
therapist,hard_linear,-1,56,56,38,994bc72760dcfe7fa4dcb4204fd49276c86f3b5d7563bd03968bb98375e50059,10,other,False,-0,0,0,0,1,other,0.8049798608,0.6580299735,0.3360848017,0.2060499529,0.218340233,0.02900839038,0.234780848,0.5178705454,,,,,,,
therapist,hard_linear,-1,56,56,40,994bc72760dcfe7fa4dcb4204fd49276c86f3b5d7563bd03968bb98375e50059,10,other,False,-0,0,0,0,1,other,0.4576217234,0.1989543736,0.04787975149,0.06700561817,0.1136840209,0.04286676645,0.02386188135,0.8195872903,,,,,,,
therapist,hard_linear,-1,56,56,42,994bc72760dcfe7fa4dcb4204fd49276c86f3b5d7563bd03968bb98375e50059,10,reflection,False,0.5783898247,0.7,0.2,0,0.1,therapist_input,0.7759513259,1.52129156,0.3600557641,0.2163772351,0.3810858428,0.05056899041,0.4855152965,0.08282990754,,,,,,,
therapist,hard_linear,-1,56,56,44,994bc72760dcfe7fa4dcb4204fd49276c86f3b5d7563bd03968bb98375e50059,10,reflection,False,0.4406454496,0.7,0,0.3,0,reflection,0.9889566302,1.213341188,0.2383641098,0.1870026966,0.3247334361,0.2080946267,0.2417013198,0.2254706323,,,,,,,
therapist,hard_linear,-1,56,56,46,994bc72760dcfe7fa4dcb4204fd49276c86f3b5d7563bd03968bb98375e50059,10,question,False,-0,0,1,0,0,question,0.6958508492,0.4100275636,0.1613237878,0.1336965205,0.0658846274,0.6636319757,0.07499664277,0.1954867244,,,,,,,
therapist,hard_linear,-1,56,56,48,994bc72760dcfe7fa4dcb4204fd49276c86f3b5d7563bd03968bb98375e50059,10,other,False,-0,0,0,0,1,other,0.6239784956,0.3310748935,0.1134537795,0.109292433,0.04290531576,0.07688455284,0.1620587558,0.7181513906,,,,,,,
therapist,hard_linear,-1,56,56,50,994bc72760dcfe7fa4dcb4204fd49276c86f3b5d7563bd03968bb98375e50059,10,reflection,False,-0,1,0,0,0,other,0.9604811668,1.29133594,0.7258984109,0.3608328564,0.2749032974,0.1314516962,0.239175275,0.3544697762,,,,,,,
therapist,hard_linear,-1,56,56,52,994bc72760dcfe7fa4dcb4204fd49276c86f3b5d7563bd03968bb98375e50059,10,other,False,-0,0,0,0,1,other,0.5170698166,0.2400620729,0.06602143604,0.08035502869,0.03003222123,0.05457790941,0.1288108528,0.7865790129,,,,,,,
therapist,hard_linear,-1,56,56,54,994bc72760dcfe7fa4dcb4204fd49276c86f3b5d7563bd03968bb98375e50059,10,reflection,False,0.5783898247,0.7,0,0.2,0.1,therapist_input,0.4114046097,2.59894256,0.8662620702,0.3031160309,0.0367596671,0.03299155086,0.8517836928,0.07846500725,,,,,,,
therapist,hard_linear,-1,56,56,56,994bc72760dcfe7fa4dcb4204fd49276c86f3b5d7563bd03968bb98375e50059,10,reflection,False,0.6804820237,0.5,0,0.4,0.1,therapist_input,0.630059123,1.205884778,0.1805518277,0.06070342771,0.1871944964,0.01266378257,0.6870045066,0.1131372154,,,,,,,
therapist,hard_linear,-1,56,56,58,994bc72760dcfe7fa4dcb4204fd49276c86f3b5d7563bd03968bb98375e50059,10,question,False,-0,0,1,0,0,question,0.4348555505,0.2014370859,0.05382949305,0.06781676684,0.02422525734,0.8175550103,0.01811925136,0.140100494,,,,,,,
therapist,hard_linear,-1,56,56,60,994bc72760dcfe7fa4dcb4204fd49276c86f3b5d7563bd03968bb98375e50059,10,other,False,-0,0,0,0,1,other,0.6239784956,0.3310748935,0.1134537795,0.109292433,0.04290531576,0.07688455284,0.1620587558,0.7181513906,,,,,,,
therapist,hard_linear,-1,56,56,62,994bc72760dcfe7fa4dcb4204fd49276c86f3b5d7563bd03968bb98375e50059,10,other,False,-0,0,0,0,1,other,0.7393138409,0.5123146176,0.2324672205,0.164334611,0.1810307801,0.02387736179,0.195984602,0.5991072655,,,,,,,
therapist,hard_linear,-1,56,56,64,994bc72760dcfe7fa4dcb4204fd49276c86f3b5d7563bd03968bb98375e50059,10,other,False,-0,0,0,0,1,other,0.8049798608,0.6580298543,0.3360847041,0.2060499222,0.218340233,0.02900842391,0.2347807586,0.517870605,,,,,,,
therapist,hard_linear,-1,56,56,66,994bc72760dcfe7fa4dcb4204fd49276c86f3b5d7563bd03968bb98375e50059,10,reflection,False,-0,1,0,0,0,reflection,0.6734836102,0.3755450845,0.1364741287,0.1231185042,0.686914742,0.1256835759,0.04322456196,0.1441770643,,,,,,,
therapist,hard_linear,-1,56,56,68,994bc72760dcfe7fa4dcb4204fd49276c86f3b5d7563bd03968bb98375e50059,10,question,False,-0,0,1,0,0,question,0.2858158052,0.0929178521,0.01054767155,0.03178225287,0.02971379645,0.9112683535,0.02451359481,0.03450420871,,,,,,,
therapist,hard_linear,-1,56,56,70,994bc72760dcfe7fa4dcb4204fd49276c86f3b5d7563bd03968bb98375e50059,10,other,False,-0,0,0,0,1,other,0.8049798608,0.6580298543,0.3360847041,0.2060499222,0.218340233,0.02900842391,0.2347807586,0.517870605,,,,,,,
therapist,hard_linear,-1,56,56,72,994bc72760dcfe7fa4dcb4204fd49276c86f3b5d7563bd03968bb98375e50059,10,therapist_input,False,-0,0,0,1,0,therapist_input,0.486675173,0.202197507,0.04498101352,0.06806508275,0.04862725735,0.06146910787,0.8169335127,0.07297008485,,,,,,,
therapist,hard_linear,-1,56,56,74,994bc72760dcfe7fa4dcb4204fd49276c86f3b5d7563bd03968bb98375e50059,10,other,False,-0,0,0,0,1,other,0.4465555847,0.1826711893,0.03883356117,0.06167022858,0.08555005491,0.05347424373,0.02793365903,0.8330420256,,,,,,,
therapist,hard_linear,-1,56,56,76,994bc72760dcfe7fa4dcb4204fd49276c86f3b5d7563bd03968bb98375e50059,10,therapist_input,False,0.3609640474,0,0,0.8,0.2,therapist_input,0.8385874033,0.9248411417,0.230140256,0.1229721126,0.1679534614,0.04020874947,0.3970465064,0.3947912455,,,,,,,
therapist,hard_linear,-1,56,56,78,994bc72760dcfe7fa4dcb4204fd49276c86f3b5d7563bd03968bb98375e50059,10,other,False,-0,0,0,0,1,other,0.6201018095,0.3546946347,0.1353710771,0.1166617537,0.03603509068,0.059074644,0.2035027295,0.7013875842,,,,,,,
therapist,hard_linear,-1,56,56,80,994bc72760dcfe7fa4dcb4204fd49276c86f3b5d7563bd03968bb98375e50059,10,therapist_input,False,0.2344977968,0,0,0.9,0.1,therapist_input,0.7026850581,0.6495021105,0.1380174605,0.1062362612,0.2442691177,0.02493640222,0.6213617325,0.1094327122,,,,,,,
therapist,hard_linear,-1,56,56,82,994bc72760dcfe7fa4dcb4204fd49276c86f3b5d7563bd03968bb98375e50059,10,other,False,-0,0,0,0,1,other,0.4465562105,0.182671532,0.03883370837,0.06167036417,0.08555021882,0.05347440392,0.02793367207,0.8330416679,,,,,,,
therapist,hard_linear,-1,56,56,84,994bc72760dcfe7fa4dcb4204fd49276c86f3b5d7563bd03968bb98375e50059,10,other,False,-0,0,0,0,1,other,0.6239789724,0.3310753107,0.1134540041,0.1092925733,0.04290533811,0.07688481361,0.1620588005,0.7181510925,,,,,,,
therapist,hard_linear,-1,56,56,86,994bc72760dcfe7fa4dcb4204fd49276c86f3b5d7563bd03968bb98375e50059,10,other,False,-0,0,0,0,1,other,0.4465562105,0.182671532,0.03883370837,0.06167036417,0.08555021882,0.05347440392,0.02793367207,0.8330416679,,,,,,,
therapist,hard_linear,-1,56,56,88,994bc72760dcfe7fa4dcb4204fd49276c86f3b5d7563bd03968bb98375e50059,10,therapist_input,False,0.4406454496,0,0,0.7,0.3,therapist_input,0.7426604629,1.187052298,0.224067398,0.1754211533,0.3774740994,0.02486433089,0.5023217201,0.09533987939,,,,,,,
therapist,hard_linear,-1,56,56,90,994bc72760dcfe7fa4dcb4204fd49276c86f3b5d7563bd03968bb98375e50059,10,question,False,0.4609640474,0,0.8,0.1,0.1,therapist_input,0.8052403927,1.37179504,0.4815330368,0.195335014,0.1273823231,0.2780636549,0.5371236205,0.05743037909,,,,,,,
therapist,hard_linear,-1,56,56,92,994bc72760dcfe7fa4dcb4204fd49276c86f3b5d7563bd03968bb98375e50059,10,other,False,-0,0,0,0,1,other,0.4454536736,0.1905042976,0.04384541391,0.06424022774,0.01718897931,0.05311077833,0.1031580791,0.8265421987,,,,,,,
therapist,hard_linear,-1,56,56,94,994bc72760dcfe7fa4dcb4204fd49276c86f3b5d7563bd03968bb98375e50059,10,question,False,0.2344977968,0,0.9,0,0.1,question,0.6960005164,0.5437243462,0.0726629865,0.07101473969,0.1208435819,0.6714392304,0.05083464831,0.1568825841,,,,,,,
therapist,hard_linear,-1,56,56,96,994bc72760dcfe7fa4dcb4204fd49276c86f3b5d7563bd03968bb98375e50059,10,other,False,-0,0,0,0,1,other,0.8049798608,0.6580298543,0.3360847041,0.2060499222,0.218340233,0.02900842391,0.2347807586,0.517870605,,,,,,,
therapist,hard_linear,-1,56,56,98,994bc72760dcfe7fa4dcb4204fd49276c86f3b5d7563bd03968bb98375e50059,10,other,False,-0,0,0,0,1,other,0.4465555847,0.1826711893,0.03883356117,0.06167022858,0.08555005491,0.05347424373,0.02793365903,0.8330420256,,,,,,,
therapist,hard_linear,-1,56,56,100,994bc72760dcfe7fa4dcb4204fd49276c86f3b5d7563bd03968bb98375e50059,10,other,False,0.2344977968,0,0,0.1,0.9,other,0.6239784956,0.4799470365,0.04467230651,0.05034507647,0.04290531576,0.07688455284,0.1620587558,0.7181513906,,,,,,,
therapist,hard_linear,-1,56,56,102,994bc72760dcfe7fa4dcb4204fd49276c86f3b5d7563bd03968bb98375e50059,10,other,False,-0,0,0,0,1,other,0.6239784956,0.3310748935,0.1134537795,0.109292433,0.04290531576,0.07688455284,0.1620587558,0.7181513906,,,,,,,
therapist,hard_linear,-1,56,56,104,994bc72760dcfe7fa4dcb4204fd49276c86f3b5d7563bd03968bb98375e50059,10,reflection,False,0.2344977968,0.9,0,0,0.1,question,0.9471241236,1.328510988,0.5692327932,0.2843538825,0.282451421,0.3931922913,0.175811857,0.1485444009,,,,,,,
therapist,hard_linear,-1,56,56,106,994bc72760dcfe7fa4dcb4204fd49276c86f3b5d7563bd03968bb98375e50059,10,reflection,False,0.3609640474,0.8,0,0,0.2,question,0.8730893731,2.131859207,0.7307469805,0.3674537854,0.09088686109,0.4366491437,0.1283341497,0.3441298306,,,,,,,
therapist,hard_linear,-1,56,56,108,994bc72760dcfe7fa4dcb4204fd49276c86f3b5d7563bd03968bb98375e50059,10,question,False,-0,0,1,0,0,question,0.8248981237,0.5569421649,0.2454536299,0.1773526421,0.1390416324,0.5729584098,0.1102024242,0.1777975261,,,,,,,
therapist,hard_linear,-1,56,56,110,994bc72760dcfe7fa4dcb4204fd49276c86f3b5d7563bd03968bb98375e50059,10,therapist_input,False,-0,0,0,1,0,therapist_input,0.6146288514,0.3047965169,0.09411077476,0.1010253182,0.05331105739,0.09213811904,0.7372733355,0.1172774509,,,,,,,
therapist,hard_linear,-1,56,56,112,994bc72760dcfe7fa4dcb4204fd49276c86f3b5d7563bd03968bb98375e50059,10,question,False,0.4854752972,0,0.6,0.4,0,therapist_input,0.9272226095,1.173605514,0.1850260303,0.1528282851,0.09155604243,0.2643604875,0.3912722468,0.2528111339,,,,,,,
therapist,hard_linear,-1,56,56,114,994bc72760dcfe7fa4dcb4204fd49276c86f3b5d7563bd03968bb98375e50059,10,therapist_input,False,0.2344977968,0.1,0,0.9,0,other,0.8756377101,1.439414287,0.6614631431,0.3166192721,0.08405124396,0.1699420363,0.2660152614,0.4799914956,,,,,,,
therapist,hard_linear,-1,56,56,116,994bc72760dcfe7fa4dcb4204fd49276c86f3b5d7563bd03968bb98375e50059,10,therapist_input,False,0.4609640474,0.1,0.1,0.8,0,therapist_input,0.4945912361,0.8076247931,0.01403227532,0.04479978602,0.01989058405,0.0913316682,0.801969111,0.08680863678,,,,,,,
therapist,hard_linear,-1,56,56,118,994bc72760dcfe7fa4dcb4204fd49276c86f3b5d7563bd03968bb98375e50059,10,reflection,False,-0,1,0,0,0,therapist_input,0.8211789727,1.673350215,1.018011781,0.4340674226,0.1876174361,0.105312176,0.5737412572,0.1333290637,,,,,,,
therapist,hard_linear,-1,56,56,120,994bc72760dcfe7fa4dcb4204fd49276c86f3b5d7563bd03968bb98375e50059,10,therapist_input,False,-0,0,0,1,0,therapist_input,0.4906135201,0.2229079753,0.05890828068,0.07480534241,0.1280172467,0.03889831901,0.8001884818,0.03289594501,,,,,,,
therapist,hard_linear,-1,56,56,122,994bc72760dcfe7fa4dcb4204fd49276c86f3b5d7563bd03968bb98375e50059,10,other,False,0.4854752972,0,0,0.4,0.6,other,0.4700805247,0.9707229465,0.1250773693,0.07088029239,0.02420575544,0.04360298067,0.1208496094,0.8113416433,,,,,,,
therapist,hard_linear,-1,56,56,124,994bc72760dcfe7fa4dcb4204fd49276c86f3b5d7563bd03968bb98375e50059,10,therapist_input,False,0.3609640474,0,0,0.8,0.2,reflection,0.9658317566,1.3120507,0.4121425429,0.2294990612,0.3188153803,0.1290820241,0.2649796903,0.2871228755,,,,,,,
therapist,hard_linear,-1,56,56,126,994bc72760dcfe7fa4dcb4204fd49276c86f3b5d7563bd03968bb98375e50059,10,therapist_input,False,0.2344977968,0,0,0.9,0.1,reflection,0.9229460955,1.563197017,0.6991526793,0.3196620747,0.4072177708,0.1010234207,0.2020516992,0.289707154,,,,,,,
therapist,hard_linear,-1,56,56,128,994bc72760dcfe7fa4dcb4204fd49276c86f3b5d7563bd03968bb98375e50059,10,other,False,-0,0,0,0,1,other,0.4465562105,0.182671532,0.03883370837,0.06167036417,0.08555021882,0.05347440392,0.02793367207,0.8330416679,,,,,,,
therapist,hard_linear,-1,56,56,130,994bc72760dcfe7fa4dcb4204fd49276c86f3b5d7563bd03968bb98375e50059,10,reflection,True,0.7609640474,0.4,0,0.2,0.4,therapist_input,0.7584306598,1.666779876,0.2566837548,0.136941439,0.2992278337,0.06800983101,0.5637762547,0.06898606569,,,,,,,
therapist,hard_linear,-1,56,56,132,994bc72760dcfe7fa4dcb4204fd49276c86f3b5d7563bd03968bb98375e50059,10,reflection,False,0.2344977968,0.9,0,0,0.1,reflection,0.8490772843,0.8343886375,0.2457514505,0.1613507055,0.5057628155,0.1017746925,0.2826189697,0.1098435745,,,,,,,
therapist,hard_linear,-1,56,56,134,994bc72760dcfe7fa4dcb4204fd49276c86f3b5d7563bd03968bb98375e50059,10,reflection,False,0.2344977968,0.9,0,0,0.1,other,0.9240865111,1.258129597,0.5500062173,0.2476648185,0.271278888,0.1319025308,0.1650325209,0.4317860305,,,,,,,
therapist,hard_linear,-1,56,56,136,994bc72760dcfe7fa4dcb4204fd49276c86f3b5d7563bd03968bb98375e50059,10,other,False,-0,0,0,0,1,other,0.6239784956,0.3310748935,0.1134537795,0.109292433,0.04290531576,0.07688455284,0.1620587558,0.7181513906,,,,,,,
therapist,hard_linear,-1,56,56,138,994bc72760dcfe7fa4dcb4204fd49276c86f3b5d7563bd03968bb98375e50059,10,therapist_input,False,0.5783898247,0.1,0,0.7,0.2,reflection,0.9626822472,1.231346726,0.2204761906,0.1211299756,0.3334299326,0.1499926746,0.3212293386,0.1953480244,,,,,,,
therapist,hard_linear,-1,56,56,140,994bc72760dcfe7fa4dcb4204fd49276c86f3b5d7563bd03968bb98375e50059,10,other,False,0.4406454496,0,0,0.3,0.7,other,0.5244463682,0.784929575,0.04009055646,0.04919086127,0.06356038898,0.02543875575,0.1301148534,0.7808859348,,,,,,,
therapist,hard_linear,-1,56,56,142,994bc72760dcfe7fa4dcb4204fd49276c86f3b5d7563bd03968bb98375e50059,10,other,False,0.4406454496,0,0,0.3,0.7,other,0.94512707,1.033187449,0.1432438999,0.1357744207,0.1464364678,0.1870416552,0.258184582,0.4083372653,,,,,,,
therapist,hard_linear,-1,56,56,144,994bc72760dcfe7fa4dcb4204fd49276c86f3b5d7563bd03968bb98375e50059,10,other,False,0.4854752972,0,0,0.4,0.6,therapist_input,0.6094384789,1.245182002,0.3102291372,0.1354627935,0.02409455925,0.09908044338,0.7206726074,0.1561523527,,,,,,,
therapist,hard_linear,-1,56,56,146,994bc72760dcfe7fa4dcb4204fd49276c86f3b5d7563bd03968bb98375e50059,10,therapist_input,False,0.7427376486,0.2,0,0.5,0.3,therapist_input,0.3766157627,1.507026547,0.2130422893,0.09571706418,0.07303328812,0.01401661057,0.8649767041,0.0479734838,,,,,,,
therapist,hard_linear,-1,56,56,148,994bc72760dcfe7fa4dcb4204fd49276c86f3b5d7563bd03968bb98375e50059,10,reflection,False,0.4854752972,0.6,0,0,0.4,therapist_input,0.5921732783,2.072714281,0.7950905926,0.3781544417,0.1913197339,0.02268926241,0.7188575268,0.06713353097,,,,,,,
therapist,hard_linear,-1,56,56,150,994bc72760dcfe7fa4dcb4204fd49276c86f3b5d7563bd03968bb98375e50059,10,therapist_input,False,0.3609640474,0,0,0.8,0.2,therapist_input,0.4329955578,0.6000866294,0.01290910529,0.03025160023,0.05276556313,0.0123025598,0.8301421404,0.1047897115,,,,,,,
therapist,hard_linear,-1,56,56,152,994bc72760dcfe7fa4dcb4204fd49276c86f3b5d7563bd03968bb98375e50059,10,therapist_input,False,0.4854752972,0,0,0.6,0.4,other,0.7993708253,1.450152922,0.3051643113,0.1908928001,0.1903689057,0.09215135872,0.1266831905,0.5907965302,,,,,,,
therapist,hard_linear,-1,56,56,154,994bc72760dcfe7fa4dcb4204fd49276c86f3b5d7563bd03968bb98375e50059,10,other,False,-0,0,0,0,1,other,0.4465555847,0.1826711893,0.03883356117,0.06167022858,0.08555005491,0.05347424373,0.02793365903,0.8330420256,,,,,,,
therapist,hard_linear,-1,56,56,156,994bc72760dcfe7fa4dcb4204fd49276c86f3b5d7563bd03968bb98375e50059,10,other,False,-0,0,0,0,1,other,0.4465555847,0.1826711893,0.03883356117,0.06167022858,0.08555005491,0.05347424373,0.02793365903,0.8330420256,,,,,,,
therapist,hard_linear,-1,56,56,158,994bc72760dcfe7fa4dcb4204fd49276c86f3b5d7563bd03968bb98375e50059,10,other,False,0.7427376486,0.2,0,0.3,0.5,therapist_input,0.8354016542,1.314574575,0.1428203129,0.06762791614,0.3232816458,0.03855929524,0.4568176866,0.1813413501,,,,,,,
therapist,hard_linear,-1,56,56,160,994bc72760dcfe7fa4dcb4204fd49276c86f3b5d7563bd03968bb98375e50059,10,other,False,0.7854752972,0.1,0.1,0.2,0.6,therapist_input,0.8917165995,1.777690411,0.3399095786,0.1422873352,0.2982570827,0.1325881779,0.4539667368,0.1151880622,,,,,,,
therapist,hard_linear,-1,56,56,162,994bc72760dcfe7fa4dcb4204fd49276c86f3b5d7563bd03968bb98375e50059,10,other,False,-0,0,0,0,1,other,0.4465555847,0.1826711893,0.03883356117,0.06167022858,0.08555005491,0.05347424373,0.02793365903,0.8330420256,,,,,,,
therapist,hard_linear,-1,56,56,164,994bc72760dcfe7fa4dcb4204fd49276c86f3b5d7563bd03968bb98375e50059,10,therapist_input,False,0.4406454496,0,0,0.7,0.3,reflection,0.8219316006,1.729521739,0.6049202693,0.3087281429,0.5520837903,0.06925322115,0.1631700844,0.2154929787,,,,,,,
therapist,hard_linear,-1,56,56,166,994bc72760dcfe7fa4dcb4204fd49276c86f3b5d7563bd03968bb98375e50059,10,other,False,-0,0,0,0,1,other,0.4465562105,0.182671532,0.03883370837,0.06167036417,0.08555021882,0.05347440392,0.02793367207,0.8330416679,,,,,,,
therapist,hard_linear,-1,56,56,168,994bc72760dcfe7fa4dcb4204fd49276c86f3b5d7563bd03968bb98375e50059,10,other,False,-0,0,0,0,1,other,0.4465562105,0.182671532,0.03883370837,0.06167036417,0.08555021882,0.05347440392,0.02793367207,0.8330416679,,,,,,,
therapist,hard_linear,-1,56,56,170,994bc72760dcfe7fa4dcb4204fd49276c86f3b5d7563bd03968bb98375e50059,10,other,False,-0,0,0,0,1,other,0.4454536438,0.1905042976,0.04384539875,0.06424020579,0.01718902402,0.05311072245,0.1031580269,0.8265421987,,,,,,,
therapist,hard_linear,-1,56,56,172,994bc72760dcfe7fa4dcb4204fd49276c86f3b5d7563bd03968bb98375e50059,10,other,False,0.7854752972,0.3,0,0.3,0.4,reflection,0.7689936161,1.460125977,0.1780635078,0.09001662965,0.5978360176,0.06177283451,0.2223768234,0.1180142835,,,,,,,
therapist,hard_linear,-1,56,56,174,994bc72760dcfe7fa4dcb4204fd49276c86f3b5d7563bd03968bb98375e50059,10,other,False,-0,0,0,0,1,other,0.7300943732,0.4160106778,0.1551234037,0.1355192064,0.09746654332,0.1089641154,0.1338961422,0.659673214,,,,,,,
therapist,hard_linear,-1,66,66,0,60300796ba7899fd40ecbaa91387c5ca83e5757c4513c7aae95783e2e3877244,10,other,False,-0,0,0,0,1,other,0.3791004121,0.1392532885,0.0228606726,0.04731283662,0.03587551042,0.05816274881,0.0359541215,0.8700075746,,,,,,,
therapist,hard_linear,-1,66,66,2,60300796ba7899fd40ecbaa91387c5ca83e5757c4513c7aae95783e2e3877244,10,question,False,-0,0,1,0,0,question,0.5450160503,0.3597564995,0.1612343247,0.1182334348,0.015286888,0.6978462338,0.02393985353,0.2629270256,,,,,,,
therapist,hard_linear,-1,66,66,4,60300796ba7899fd40ecbaa91387c5ca83e5757c4513c7aae95783e2e3877244,10,reflection,True,0.8609640474,0.4,0.1,0.4,0.1,therapist_input,0.9314387441,1.46265502,0.119091495,0.06516280231,0.1437728554,0.1444478631,0.3853942454,0.3263850808,,,,,,,
therapist,hard_linear,-1,66,66,6,60300796ba7899fd40ecbaa91387c5ca83e5757c4513c7aae95783e2e3877244,10,reflection,False,-0,1,0,0,0,therapist_input,0.9013392329,1.263166785,0.7507183286,0.3548516217,0.282757163,0.1885375232,0.4389521778,0.08975315839,,,,,,,
therapist,hard_linear,-1,66,66,8,60300796ba7899fd40ecbaa91387c5ca83e5757c4513c7aae95783e2e3877244,10,reflection,False,-0,1,0,0,0,reflection,0.3516185284,0.1473590583,0.03100300133,0.05000764838,0.8629840612,0.1084822714,0.009063716047,0.01946996897,,,,,,,
therapist,hard_linear,-1,66,66,10,60300796ba7899fd40ecbaa91387c5ca83e5757c4513c7aae95783e2e3877244,10,other,False,0.6804820237,0.4,0.1,0,0.5,other,0.898229003,1.151194549,0.06379229216,0.06054641388,0.2133309096,0.2385166287,0.08965348452,0.4584988952,,,,,,,
therapist,hard_linear,-1,66,66,12,60300796ba7899fd40ecbaa91387c5ca83e5757c4513c7aae95783e2e3877244,10,reflection,False,-0,1,0,0,0,therapist_input,0.6483274102,1.357307792,0.9750579398,0.3745215829,0.25735268,0.08343977481,0.6452724338,0.0139351394,,,,,,,
therapist,hard_linear,-1,66,66,14,60300796ba7899fd40ecbaa91387c5ca83e5757c4513c7aae95783e2e3877244,10,therapist_input,False,0.5783898247,0.2,0,0.7,0.1,therapist_input,0.2859695852,1.320256666,0.08649867438,0.08713508081,0.01146828569,0.05372909456,0.9070110917,0.02779155597,,,,,,,
therapist,hard_linear,-1,66,66,15,60300796ba7899fd40ecbaa91387c5ca83e5757c4513c7aae95783e2e3877244,10,therapist_input,False,0.2344977968,0,0.1,0.9,0,therapist_input,0.5224497914,0.4301002502,0.04644122446,0.03143955525,0.01870981231,0.2296336889,0.7302160263,0.02144044265,,,,,,,
therapist,hard_linear,-1,66,66,17,60300796ba7899fd40ecbaa91387c5ca83e5757c4513c7aae95783e2e3877244,10,reflection,False,0.2344977968,0.9,0.1,0,0,therapist_input,0.9706625342,1.541376543,0.6604695269,0.3281496467,0.2210803628,0.1603007019,0.3570418954,0.2615770698,,,,,,,
therapist,hard_linear,-1,66,66,19,60300796ba7899fd40ecbaa91387c5ca83e5757c4513c7aae95783e2e3877244,10,therapist_input,False,0.4854752972,0.4,0,0.6,0,therapist_input,0.8847295642,1.05205369,0.09731560466,0.1214779246,0.2072909772,0.1968450844,0.4944372773,0.1014266312,,,,,,,
therapist,hard_linear,-1,66,66,21,60300796ba7899fd40ecbaa91387c5ca83e5757c4513c7aae95783e2e3877244,10,therapist_input,False,-0,0,0,1,0,therapist_input,0.4227597117,0.1753191203,0.03772527749,0.05925242747,0.04738577828,0.09663195908,0.8391891718,0.01679307967,,,,,,,
therapist,hard_linear,-1,66,66,23,60300796ba7899fd40ecbaa91387c5ca83e5757c4513c7aae95783e2e3877244,10,therapist_input,False,0.2344977968,0,0,0.9,0.1,therapist_input,0.8625414968,0.9131604433,0.2836362807,0.1855589646,0.291826278,0.1484086812,0.4804518819,0.07931318879,,,,,,,
therapist,hard_linear,-1,66,66,25,60300796ba7899fd40ecbaa91387c5ca83e5757c4513c7aae95783e2e3877244,10,therapist_input,False,0.6477309221,0.1,0.3,0.6,0,question,0.7894530892,1.220338374,0.1982904674,0.0767218467,0.2573814988,0.4962972105,0.2328390479,0.01348227262,,,,,,,
therapist,hard_linear,-1,66,66,27,60300796ba7899fd40ecbaa91387c5ca83e5757c4513c7aae95783e2e3877244,10,other,False,-0,0,0,0,1,other,0.3174099028,0.1167531163,0.01836713155,0.03979803528,0.0135564683,0.07450006157,0.02213865519,0.8898047805,,,,,,,
therapist,hard_linear,-1,66,66,29,60300796ba7899fd40ecbaa91387c5ca83e5757c4513c7aae95783e2e3877244,10,reflection,False,0.2344977968,0.9,0,0,0.1,reflection,0.3899386823,0.4582832545,0.01120916132,0.04150245268,0.8619186878,0.07321219891,0.02591936849,0.03894973174,,,,,,,
therapist,hard_linear,-1,109,109,0,f92544f5ed508add4c093c58e76fce40d49ca14b51000a7b8770e0152039d485,10,therapist_input,False,0.4406454496,0,0,0.7,0.3,therapist_input,0.8271654248,0.8583892584,0.08648299631,0.0783308722,0.05328502506,0.1281040609,0.4499598145,0.3686510324,,,,,,,
therapist,hard_linear,-1,109,109,2,f92544f5ed508add4c093c58e76fce40d49ca14b51000a7b8770e0152039d485,10,therapist_input,False,0.2344977968,0,0,0.9,0.1,therapist_input,0.7385997772,0.6102950394,0.1041613429,0.09315304275,0.05869165808,0.1745199114,0.6366536021,0.1301348209,,,,,,,
therapist,hard_linear,-1,109,109,4,f92544f5ed508add4c093c58e76fce40d49ca14b51000a7b8770e0152039d485,10,question,False,0.6783898247,0.1,0.7,0.1,0.1,question,0.7147998214,1.232399791,0.1699853556,0.07943592453,0.05583170429,0.4746015966,0.4359014332,0.03366525471,,,,,,,
therapist,hard_linear,-1,109,109,6,f92544f5ed508add4c093c58e76fce40d49ca14b51000a7b8770e0152039d485,10,reflection,False,-0,1,0,0,0,reflection,0.8045447469,0.7414883375,0.4081899138,0.2289123849,0.4764043093,0.1885607392,0.3130477369,0.02198716439,,,,,,,
therapist,hard_linear,-1,109,109,8,f92544f5ed508add4c093c58e76fce40d49ca14b51000a7b8770e0152039d485,10,reflection,False,-0,1,0,0,0,reflection,0.7939531803,0.7274718285,0.4139001193,0.2251252944,0.4831288755,0.09954555333,0.3663883805,0.05093719065,,,,,,,
therapist,hard_linear,-1,109,109,10,f92544f5ed508add4c093c58e76fce40d49ca14b51000a7b8770e0152039d485,10,reflection,False,-0,1,0,0,0,reflection,0.819344759,0.7445739508,0.4029533117,0.22974323,0.4749365747,0.2215412557,0.2784858644,0.02503626235,,,,,,,
therapist,hard_linear,-1,109,109,12,f92544f5ed508add4c093c58e76fce40d49ca14b51000a7b8770e0152039d485,10,reflection,False,-0,1,0,0,0,reflection,0.872027874,0.8797850609,0.4957230894,0.265140086,0.4148720801,0.3339528143,0.1972794384,0.0538957119,,,,,,,
therapist,hard_linear,-1,109,109,14,f92544f5ed508add4c093c58e76fce40d49ca14b51000a7b8770e0152039d485,10,question,False,-0,0,1,0,0,question,0.3226807714,0.1113273799,0.01512746639,0.03797831751,0.04063729942,0.8946458101,0.02047495544,0.04424191639,,,,,,,
therapist,hard_linear,-1,109,109,16,f92544f5ed508add4c093c58e76fce40d49ca14b51000a7b8770e0152039d485,10,other,False,-0,0,0,0,1,other,0.2745710611,0.09679998457,0.01282298451,0.03309165863,0.003899674397,0.05817119777,0.03019155003,0.9077375531,,,,,,,
therapist,hard_linear,-1,109,109,18,f92544f5ed508add4c093c58e76fce40d49ca14b51000a7b8770e0152039d485,10,question,False,-0,0,1,0,0,question,0.3793909848,0.1440752298,0.02522456425,0.04891671453,0.01709613204,0.8658226132,0.05242908373,0.06465219706,,,,,,,
therapist,hard_linear,-1,109,109,20,f92544f5ed508add4c093c58e76fce40d49ca14b51000a7b8770e0152039d485,10,question,False,0.3609640474,0.2,0.8,0,0,question,0.5805954337,0.6484156847,0.01817020741,0.04873661708,0.1226106361,0.7513871789,0.09365734458,0.03234484792,,,,,,,
therapist,hard_linear,-1,109,109,22,f92544f5ed508add4c093c58e76fce40d49ca14b51000a7b8770e0152039d485,10,reflection,False,-0,1,0,0,0,therapist_input,0.9521160722,1.877801061,0.9793366445,0.4675324215,0.1529260129,0.2421862781,0.4029513896,0.2019363493,,,,,,,
therapist,hard_linear,-1,109,109,24,f92544f5ed508add4c093c58e76fce40d49ca14b51000a7b8770e0152039d485,10,question,False,0.5783898247,0,0.7,0.2,0.1,question,0.780849278,0.9193927854,0.02049357275,0.03997656443,0.1100211889,0.61127913,0.1772942245,0.1014054641,,,,,,,
therapist,hard_linear,-1,109,109,26,f92544f5ed508add4c093c58e76fce40d49ca14b51000a7b8770e0152039d485,10,reflection,False,-0,1,0,0,0,reflection,0.5875355601,0.2969967723,0.09335518583,0.09855773282,0.7430464625,0.1207225248,0.1098088101,0.0264223218,,,,,,,
therapist,hard_linear,-1,109,109,28,f92544f5ed508add4c093c58e76fce40d49ca14b51000a7b8770e0152039d485,10,question,False,-0,0,1,0,0,question,0.8484731317,0.8098889589,0.4559040913,0.2470886627,0.1409956515,0.4449074566,0.352235347,0.06186150759,,,,,,,
therapist,hard_linear,-1,109,109,30,f92544f5ed508add4c093c58e76fce40d49ca14b51000a7b8770e0152039d485,10,other,False,-0,0,0,0,1,other,0.4543389976,0.181713447,0.03707152522,0.0613555779,0.06376456469,0.05997702107,0.04241815954,0.833840251,,,,,,,
therapist,hard_linear,-1,109,109,32,f92544f5ed508add4c093c58e76fce40d49ca14b51000a7b8770e0152039d485,10,therapist_input,False,-0,0,0,1,0,therapist_input,0.324398011,0.1139536127,0.01614847774,0.03885947962,0.05326293409,0.01648628339,0.8922993541,0.03795142844,,,,,,,
therapist,hard_linear,-1,109,109,34,f92544f5ed508add4c093c58e76fce40d49ca14b51000a7b8770e0152039d485,10,question,False,-0,0,1,0,0,question,0.4927682877,0.2152530551,0.05258916778,0.07231913528,0.1006437466,0.8063373566,0.02878199331,0.0642369166,,,,,,,
therapist,hard_linear,-1,109,109,36,f92544f5ed508add4c093c58e76fce40d49ca14b51000a7b8770e0152039d485,10,question,False,0.2344977968,0,0.9,0.1,0,question,0.870465517,0.7792482674,0.234237725,0.1352552421,0.1338543892,0.4840496182,0.2829820514,0.09911395609,,,,,,,
therapist,hard_linear,-1,109,109,38,f92544f5ed508add4c093c58e76fce40d49ca14b51000a7b8770e0152039d485,10,question,False,-0,0,1,0,0,question,0.4284130037,0.1808215231,0.04071329049,0.06106246538,0.02184616029,0.8345842957,0.0359547846,0.1076147482,,,,,,,
therapist,hard_linear,-1,109,109,40,f92544f5ed508add4c093c58e76fce40d49ca14b51000a7b8770e0152039d485,10,reflection,False,0.6854752972,0.6,0.2,0.2,0,question,0.8610887527,1.567052758,0.3076941429,0.1404827866,0.1415482759,0.4881100059,0.2857304513,0.08461125195,,,,,,,
therapist,hard_linear,-1,109,109,42,f92544f5ed508add4c093c58e76fce40d49ca14b51000a7b8770e0152039d485,10,therapist_input,False,0.4406454496,0,0,0.7,0.3,therapist_input,0.755659163,1.144487143,0.1688881691,0.159877686,0.04505205154,0.3159466982,0.5501285195,0.08887277544,,,,,,,
therapist,hard_linear,-1,109,109,44,f92544f5ed508add4c093c58e76fce40d49ca14b51000a7b8770e0152039d485,10,other,False,0.6854752972,0.2,0,0.2,0.6,reflection,0.9394741654,1.500865185,0.2578627944,0.1494972772,0.4281434119,0.2196735293,0.145335272,0.2068477571,,,,,,,
therapist,hard_linear,-1,130,130,1,957962b55a53a08db5f378e511817642230cbd4d6d1cf4d43dd6a4b63131ccc1,10,therapist_input,False,0.3609640474,0,0,0.8,0.2,therapist_input,0.2149776965,1.007325643,0.05680093998,0.07712009058,0.04744775221,0.01062565856,0.9333679676,0.00855872035,,,,,,,
therapist,hard_linear,-1,130,130,3,957962b55a53a08db5f378e511817642230cbd4d6d1cf4d43dd6a4b63131ccc1,10,therapist_input,False,0.4854752972,0,0,0.6,0.4,therapist_input,0.5076267719,0.975619784,0.1174178273,0.07406505432,0.05484510586,0.02874859981,0.7928192019,0.123587057,,,,,,,
therapist,hard_linear,-1,130,130,5,957962b55a53a08db5f378e511817642230cbd4d6d1cf4d43dd6a4b63131ccc1,10,question,False,0.4854752972,0,0.6,0.4,0,reflection,0.7181835175,2.206718445,0.5373038886,0.3236782936,0.4740665257,0.04398784414,0.4355990291,0.04634662345,,,,,,,
therapist,hard_linear,-1,130,130,7,957962b55a53a08db5f378e511817642230cbd4d6d1cf4d43dd6a4b63131ccc1,10,therapist_input,False,-0,0,0,1,0,therapist_input,0.437675029,0.1954497099,0.04832937147,0.06585952329,0.1208388805,0.01100859139,0.8224648237,0.04568774626,,,,,,,
therapist,hard_linear,-1,130,130,9,957962b55a53a08db5f378e511817642230cbd4d6d1cf4d43dd6a4b63131ccc1,10,question,False,0.6854752972,0.2,0.6,0.2,0,question,0.3653782904,1.341871971,0.1050238653,0.06629634444,0.1178070679,0.8539799452,0.01662063412,0.01159235928,,,,,,,
therapist,hard_linear,-1,130,130,11,957962b55a53a08db5f378e511817642230cbd4d6d1cf4d43dd6a4b63131ccc1,10,question,False,0.4609640474,0,0.8,0.1,0.1,therapist_input,0.8489758372,1.173353678,0.369078133,0.1412665233,0.06398076564,0.3227550387,0.4676106572,0.1456535459,,,,,,,
therapist,hard_linear,-1,130,130,13,957962b55a53a08db5f378e511817642230cbd4d6d1cf4d43dd6a4b63131ccc1,10,question,False,0.2344977968,0,0.9,0,0.1,question,0.4854917526,0.5311711043,0.02790304385,0.06479608046,0.04455564171,0.8076841831,0.1140330285,0.03372710198,,,,,,,
therapist,hard_linear,-1,130,130,15,957962b55a53a08db5f378e511817642230cbd4d6d1cf4d43dd6a4b63131ccc1,10,therapist_input,False,-0,0,0,1,0,therapist_input,0.7870611548,0.5565328598,0.257020894,0.1772342513,0.1910598427,0.04519493133,0.5731928945,0.1905523092,,,,,,,
therapist,hard_linear,-1,130,130,17,957962b55a53a08db5f378e511817642230cbd4d6d1cf4d43dd6a4b63131ccc1,10,therapist_input,False,0.3609640474,0,0.2,0.8,0,therapist_input,0.5221034884,0.8145054936,0.03883855209,0.08422336724,0.101277411,0.04298794642,0.7934036851,0.06233090535,,,,,,,
therapist,hard_linear,-1,130,130,19,957962b55a53a08db5f378e511817642230cbd4d6d1cf4d43dd6a4b63131ccc1,10,therapist_input,False,-0,0,0,1,0,therapist_input,0.8736536503,0.7014563084,0.3506579157,0.218039946,0.09388138354,0.2471682727,0.4958626628,0.1630876809,,,,,,,
therapist,hard_linear,-1,130,130,21,957962b55a53a08db5f378e511817642230cbd4d6d1cf4d43dd6a4b63131ccc1,10,other,False,-0,0,0,0,1,other,0.3089254797,0.104130201,0.01322563919,0.03555998644,0.02188080922,0.03947307914,0.03753812984,0.9011079669,,,,,,,
therapist,panel_mi,17,7,7,0,7fe3d6029ec1e666f41b728458a973e8e2e6924c09046427a23859dcc7b3d75a,10,question,False,-0,0,1,0,0,question,0.01557027362,0.002823640127,1.194137325e-05,0.0009782167534,0.001737649553,0.9971802831,0.0001016329988,0.0009803825524,0.0001877017494,,,,,,
therapist,panel_mi,17,7,7,2,7fe3d6029ec1e666f41b728458a973e8e2e6924c09046427a23859dcc7b3d75a,10,reflection,False,-0,1,0,0,0,reflection,0.3608929217,0.1483486742,0.02969745417,0.05033619346,0.8621304631,0.09673988074,0.004992155824,0.03613749892,0.02050470747,,,,,,
therapist,panel_mi,17,7,7,4,7fe3d6029ec1e666f41b728458a973e8e2e6924c09046427a23859dcc7b3d75a,10,other,False,0.4406454496,0.3,0,0,0.7,other,0.1535074413,2.497662522,0.1549642082,0.1292891478,0.0002720093762,0.005552097689,0.04262075946,0.9515551329,0.00125728373,,,,,,
therapist,panel_mi,17,7,7,6,7fe3d6029ec1e666f41b728458a973e8e2e6924c09046427a23859dcc7b3d75a,10,question,False,-0,0,1,0,0,question,0.4284936488,0.1791048199,0.03935979385,0.06049810157,0.0186551176,0.8360182643,0.1006083637,0.04471831769,0.02380862273,,,,,,
therapist,panel_mi,17,7,7,8,7fe3d6029ec1e666f41b728458a973e8e2e6924c09046427a23859dcc7b3d75a,10,reflection,False,0.2344977968,0.9,0,0,0.1,other,0.6981974244,1.204615432,0.6382171355,0.2287129657,0.2783801258,0.1310198158,0.006244092714,0.5843559504,0.0122482609,,,,,,
therapist,panel_mi,17,7,7,10,7fe3d6029ec1e666f41b728458a973e8e2e6924c09046427a23859dcc7b3d75a,10,question,False,-0,0,1,0,0,question,0.4984595478,0.453202486,0.261152133,0.1467641974,0.001898488728,0.6355893612,0.004273119383,0.3582389951,0.03298456222,,,,,,
therapist,panel_mi,17,7,7,12,7fe3d6029ec1e666f41b728458a973e8e2e6924c09046427a23859dcc7b3d75a,10,other,False,0.5783898247,0.1,0.2,0,0.7,other,0.2326609194,1.320709471,0.09430798767,0.07912662105,0.03394741938,0.009481028654,0.02646959946,0.9301019907,0.00774742011,,,,,,
therapist,panel_mi,17,7,7,14,7fe3d6029ec1e666f41b728458a973e8e2e6924c09046427a23859dcc7b3d75a,10,reflection,False,0.2344977968,0.9,0,0,0.1,other,0.4806970656,1.171407411,0.7454471615,0.2168003547,0.2829372883,0.001412005397,0.01188117452,0.703769505,0.02963956632,,,,,,
therapist,panel_mi,17,7,7,16,7fe3d6029ec1e666f41b728458a973e8e2e6924c09046427a23859dcc7b3d75a,10,question,False,-0,0,1,0,0,question,0.02045475133,0.003904684447,2.276725142e-05,0.00135253023,3.575634037e-05,0.9961029291,0.001681802445,0.002179530216,0.0008318191394,,,,,,
therapist,panel_mi,17,7,7,18,7fe3d6029ec1e666f41b728458a973e8e2e6924c09046427a23859dcc7b3d75a,10,question,False,0.3609640474,0.2,0.8,0,0,question,0.4949064255,0.534256053,0.00932696434,0.0107805216,0.2543090284,0.7221525311,0.007283588406,0.0162548665,0.04195171595,,,,,,
therapist,panel_mi,17,7,7,20,7fe3d6029ec1e666f41b728458a973e8e2e6924c09046427a23859dcc7b3d75a,10,question,False,-0,0,1,0,0,question,0.009799246676,0.001654741587,4.083596283e-06,0.0005733721368,7.993845065e-05,0.9983466268,0.001016573282,0.0005569037749,0.0001250439964,,,,,,
therapist,panel_mi,17,7,7,22,7fe3d6029ec1e666f41b728458a973e8e2e6924c09046427a23859dcc7b3d75a,10,question,False,-0,0,1,0,0,question,0.3659375608,0.1660454273,0.03924544314,0.05619488928,0.0004892778816,0.8470077515,0.03037122451,0.12213175,0.02043234743,,,,,,
therapist,panel_mi,17,7,7,24,7fe3d6029ec1e666f41b728458a973e8e2e6924c09046427a23859dcc7b3d75a,10,reflection,False,0.3609640474,0.8,0.2,0,0,question,0.09020350128,3.507331685,1.225314836,0.3924624216,0.01254312508,0.9779189229,0.001365419128,0.008172570728,0.001125103328,,,,,,
therapist,panel_mi,17,7,7,26,7fe3d6029ec1e666f41b728458a973e8e2e6924c09046427a23859dcc7b3d75a,10,question,False,-0,0,1,0,0,question,0.1081128865,0.02714678086,0.001004045552,0.009372673984,0.00944949314,0.9732183218,0.01352899987,0.003803111147,0.002413631883,,,,,,
therapist,panel_mi,17,7,7,28,7fe3d6029ec1e666f41b728458a973e8e2e6924c09046427a23859dcc7b3d75a,10,question,False,0.4609640474,0,0.8,0.1,0.1,question,0.5759396553,0.8557782173,0.05920305575,0.05264664946,0.02915379964,0.6689589024,0.01679671183,0.2850906551,0.02657549083,,,,,,
therapist,panel_mi,17,7,7,30,7fe3d6029ec1e666f41b728458a973e8e2e6924c09046427a23859dcc7b3d75a,10,therapist_input,False,-0,0,0,1,0,therapist_input,0.4294013083,0.1871901304,0.04457540123,0.06315361819,0.1172562838,0.01545392536,0.8292859793,0.03800372034,0.008983962238,,,,,,
therapist,panel_mi,17,7,7,32,7fe3d6029ec1e666f41b728458a973e8e2e6924c09046427a23859dcc7b3d75a,10,other,False,0.2344977968,0,0,0.1,0.9,other,0.1535081416,0.3602329429,0.005981139693,0.008315290876,0.000272009609,0.005552126095,0.0426210463,0.9515548944,0.001257307129,,,,,,
therapist,panel_mi,17,7,7,34,7fe3d6029ec1e666f41b728458a973e8e2e6924c09046427a23859dcc7b3d75a,10,question,False,-0,0,1,0,0,question,0.04480632767,0.01119677722,0.0002443384644,0.003874439855,9.94555885e-05,0.9888656735,6.438072887e-05,0.01097046956,0.003265466541,,,,,,
therapist,panel_mi,17,7,7,36,7fe3d6029ec1e666f41b728458a973e8e2e6924c09046427a23859dcc7b3d75a,10,other,False,0.3609640474,0.2,0,0,0.8,other,0.02366215736,2.57881657,0.07804190872,0.07634128493,2.563872386e-06,0.0003420609864,0.004665521439,0.9949899912,0.0008065814036,,,,,,
therapist,panel_mi,17,7,7,38,7fe3d6029ec1e666f41b728458a973e8e2e6924c09046427a23859dcc7b3d75a,10,reflection,False,0.4406454496,0.7,0.3,0,0,reflection,0.8767729402,0.9131637335,0.08514438631,0.09965143137,0.4825407565,0.2609040141,0.08694314212,0.1696120799,0.02010370418,,,,,,
therapist,panel_mi,17,7,7,40,7fe3d6029ec1e666f41b728458a973e8e2e6924c09046427a23859dcc7b3d75a,10,question,False,0.2344977968,0.1,0.9,0,0,question,0.6779487133,0.5692029715,0.1285051904,0.07285297865,0.2933232486,0.6088567972,0.02078014053,0.07703981549,0.03884698078,,,,,,
therapist,panel_mi,17,7,7,42,7fe3d6029ec1e666f41b728458a973e8e2e6924c09046427a23859dcc7b3d75a,10,question,False,-0,0,1,0,0,question,0.08574075252,0.02548059449,0.001253953401,0.008799477811,3.482330385e-06,0.9748412967,0.0002366285044,0.02491860837,0.003971827216,,,,,,
therapist,panel_mi,17,7,7,44,7fe3d6029ec1e666f41b728458a973e8e2e6924c09046427a23859dcc7b3d75a,10,other,False,0.2344977968,0.1,0,0,0.9,other,0.07187040895,0.4102613563,0.01281488676,0.01557440188,0.01983807608,0.0002135580144,1.770195195e-05,0.9799305797,0.0009548547678,,,,,,
therapist,panel_mi,17,7,7,46,7fe3d6029ec1e666f41b728458a973e8e2e6924c09046427a23859dcc7b3d75a,10,other,False,-0,0,0,0,1,other,0.1459543705,0.04322989658,0.002777202213,0.0148917225,1.354131882e-06,0.02794367075,0.01436377503,0.9576910734,0.004964304157,,,,,,
therapist,panel_mi,17,7,7,48,7fe3d6029ec1e666f41b728458a973e8e2e6924c09046427a23859dcc7b3d75a,10,question,False,-0,0,1,0,0,question,0.1426412016,0.03954642266,0.002252871782,0.01362993713,0.02578257397,0.9612253308,0.006855547428,0.006136543117,0.006562232971,,,,,,
therapist,panel_mi,17,7,7,50,7fe3d6029ec1e666f41b728458a973e8e2e6924c09046427a23859dcc7b3d75a,10,question,False,-0,0,1,0,0,question,0.3769446015,0.2132572085,0.07117682601,0.07166991517,0.001374521293,0.8079482913,0.005582839251,0.1850943267,0.05235453323,,,,,,
therapist,panel_mi,17,7,7,52,7fe3d6029ec1e666f41b728458a973e8e2e6924c09046427a23859dcc7b3d75a,10,reflection,False,0.2344977968,0.9,0.1,0,0,therapist_input,0.7558518052,1.921775985,0.9741953444,0.4077721635,0.1544437408,0.0901363939,0.6355028152,0.1199170128,0.01702635363,,,,,,
therapist,panel_mi,17,7,7,54,7fe3d6029ec1e666f41b728458a973e8e2e6924c09046427a23859dcc7b3d75a,10,question,False,0.4854752972,0.4,0.6,0,0,question,0.3977329135,1.124717727,0.1737246165,0.09531075359,0.07575707138,0.8569456935,0.02128799818,0.04600918666,0.01322516333,,,,,,
therapist,panel_mi,17,7,7,56,7fe3d6029ec1e666f41b728458a973e8e2e6924c09046427a23859dcc7b3d75a,10,question,False,-0,0,1,0,0,question,0.275449723,0.09764969349,0.0130546803,0.03337802281,0.03140381351,0.9069668055,0.003299631178,0.05832988769,0.02980255708,,,,,,
therapist,panel_mi,17,7,7,58,7fe3d6029ec1e666f41b728458a973e8e2e6924c09046427a23859dcc7b3d75a,10,therapist_input,False,0.2344977968,0,0.1,0.9,0,question,0.771271646,2.092498136,0.9332129987,0.3842101036,0.06006092951,0.5796779394,0.1038912088,0.2563699484,0.02575128153,,,,,,
therapist,panel_mi,17,7,7,60,7fe3d6029ec1e666f41b728458a973e8e2e6924c09046427a23859dcc7b3d75a,10,question,False,0.4406454496,0,0.7,0.3,0,question,0.6736222506,1.305770534,0.2225524657,0.1900857904,0.3723743558,0.5535479784,0.05116911605,0.02290854417,0.02112630568,,,,,,
therapist,panel_mi,17,7,7,62,7fe3d6029ec1e666f41b728458a973e8e2e6924c09046427a23859dcc7b3d75a,10,other,False,0.6477309221,0.1,0,0.3,0.6,other,0.4060055017,1.355183583,0.08458798438,0.06583261242,0.001436779276,0.0334938094,0.1432803571,0.8217889667,0.03485577554,,,,,,
therapist,panel_mi,17,7,7,64,7fe3d6029ec1e666f41b728458a973e8e2e6924c09046427a23859dcc7b3d75a,10,other,False,-0,0,0,0,1,other,0.1739656776,0.05988658965,0.006163707072,0.02058092208,0.0002013991761,0.005437624641,0.05248960108,0.941871345,0.01046014857,,,,,,
therapist,panel_mi,17,27,27,0,e883cab14c33a28c3bf1e25281ef335a7bcd08f31fb3e2cea1e824982af00196,10,therapist_input,False,0.4609640474,0,0.1,0.8,0.1,reflection,0.4267565906,2.343106198,1.077955555,0.4334756431,0.8082370758,0.006097044796,0.1593247205,0.02634110488,0.01300191414,,,,,,
therapist,panel_mi,17,27,27,2,e883cab14c33a28c3bf1e25281ef335a7bcd08f31fb3e2cea1e824982af00196,10,other,False,-0,0,0,0,1,other,0.2077510059,0.07329408824,0.008860842007,0.02514057471,0.003893087152,0.004917506594,0.06186194345,0.9293274879,0.005003970116,,,,,,
therapist,panel_mi,17,27,27,4,e883cab14c33a28c3bf1e25281ef335a7bcd08f31fb3e2cea1e824982af00196,10,therapist_input,False,-0,0,0,1,0,reflection,0.7609818578,1.543122888,1.004735728,0.4107164204,0.6072252989,0.06008838862,0.2137126476,0.118973732,0.03020882607,,,,,,
therapist,panel_mi,17,27,27,6,e883cab14c33a28c3bf1e25281ef335a7bcd08f31fb3e2cea1e824982af00196,10,other,False,-0,0,0,0,1,other,0.1027495116,0.03215633705,0.001981203994,0.01109446677,0.03130041435,0.0003026573104,4.179354801e-05,0.9683551788,0.002197557129,,,,,,
therapist,panel_mi,17,27,27,8,e883cab14c33a28c3bf1e25281ef335a7bcd08f31fb3e2cea1e824982af00196,10,other,False,0.9232196723,0.3,0.1,0.2,0.4,question,0.3358978331,3.282372913,0.8498873927,0.3674263502,0.05562388897,0.8848484755,0.04835011438,0.01117755752,0.007508465555,,,,,,
therapist,panel_mi,17,27,27,10,e883cab14c33a28c3bf1e25281ef335a7bcd08f31fb3e2cea1e824982af00196,10,other,False,0.3609640474,0.2,0,0,0.8,other,0.7139033079,1.115480804,0.30098055,0.191639319,0.07119976729,0.02264221013,0.4260693491,0.4800886214,0.08431131393,,,,,,
therapist,panel_mi,17,27,27,12,e883cab14c33a28c3bf1e25281ef335a7bcd08f31fb3e2cea1e824982af00196,10,reflection,False,0.3609640474,0.8,0,0,0.2,reflection,0.4683387578,0.9047714472,0.07181187765,0.1054158631,0.7615058422,0.000831480429,0.2054059058,0.0322567448,0.02533919178,,,,,,
therapist,panel_mi,17,27,27,14,e883cab14c33a28c3bf1e25281ef335a7bcd08f31fb3e2cea1e824982af00196,10,therapist_input,False,-0,0,0,1,0,therapist_input,0.3547573388,0.1449005604,0.02723322644,0.04919100051,0.06767748296,0.00045336326,0.8651083112,0.06676085293,0.00960658025,,,,,,
therapist,panel_mi,17,27,27,16,e883cab14c33a28c3bf1e25281ef335a7bcd08f31fb3e2cea1e824982af00196,10,therapist_input,False,-0,0,0,1,0,therapist_input,0.8965635896,0.7765077949,0.4016092007,0.2382813722,0.08766301721,0.2303375006,0.4600096643,0.2219897956,0.1299937963,,,,,,
therapist,panel_mi,17,27,27,18,e883cab14c33a28c3bf1e25281ef335a7bcd08f31fb3e2cea1e824982af00196,10,therapist_input,False,-0,0,0,1,0,therapist_input,0.7102536559,0.3971728981,0.1450037855,0.1297678064,0.1391179264,0.1086796895,0.6722177863,0.07998458296,0.04140006751,,,,,,
therapist,panel_mi,17,27,27,20,e883cab14c33a28c3bf1e25281ef335a7bcd08f31fb3e2cea1e824982af00196,10,therapist_input,False,0.6477309221,0.1,0.3,0.6,0,question,0.3607494831,2.245743982,0.6441609568,0.2275890134,0.07115782797,0.873380065,0.0393704921,0.01609167084,0.01776824705,,,,,,
therapist,panel_mi,17,27,27,22,e883cab14c33a28c3bf1e25281ef335a7bcd08f31fb3e2cea1e824982af00196,10,other,False,-0,0,0,0,1,other,0.5150999427,0.2501609623,0.07266340477,0.0836081125,0.1346513629,0.07326760888,0.01340561546,0.778675437,0.05376005173,,,,,,
therapist,panel_mi,17,55,55,0,1b9abf33ba8b2badfab01f2ee1f7aa958800a9808d579c0ec4e6bc41eb27f449,10,question,False,0.2344977968,0,0.9,0.1,0,therapist_input,0.7520904541,1.384156936,0.701805419,0.2678930404,0.01531018317,0.2289946526,0.5626710653,0.1930240542,0.09783049673,,,,,,
therapist,panel_mi,17,55,55,2,1b9abf33ba8b2badfab01f2ee1f7aa958800a9808d579c0ec4e6bc41eb27f449,10,question,False,0.2344977968,0,0.9,0.1,0,question,0.748978436,0.6206185699,0.1299992133,0.09270111233,0.1658474952,0.5987946391,0.2037917823,0.03156609088,0.03667220101,,,,,,
therapist,panel_mi,17,55,55,4,1b9abf33ba8b2badfab01f2ee1f7aa958800a9808d579c0ec4e6bc41eb27f449,10,question,False,-0,0,1,0,0,question,0.03849673644,0.008204828016,0.0001005588521,0.002840329697,8.75810947e-05,0.9918287396,0.003297333373,0.004786363803,0.0004480349889,,,,,,
therapist,panel_mi,17,55,55,6,1b9abf33ba8b2badfab01f2ee1f7aa958800a9808d579c0ec4e6bc41eb27f449,10,question,False,-0,0,1,0,0,therapist_input,0.6699735522,1.57681179,1.054381634,0.4169135069,0.004302877933,0.2066328079,0.6328809857,0.1561832875,0.06547339261,,,,,,
therapist,panel_mi,17,55,55,8,1b9abf33ba8b2badfab01f2ee1f7aa958800a9808d579c0ec4e6bc41eb27f449,10,therapist_input,False,0.3609640474,0,0.2,0.8,0,therapist_input,0.2846163809,0.5397883892,0.01426945788,0.00989589173,1.144119869e-05,0.1119808182,0.8804003,0.007607439999,0.01253128052,,,,,,
therapist,panel_mi,17,55,55,10,1b9abf33ba8b2badfab01f2ee1f7aa958800a9808d579c0ec4e6bc41eb27f449,10,question,False,-0,0,1,0,0,question,0.1969572902,0.06241383031,0.005501837371,0.02144174339,0.0008063620189,0.9394940138,0.02445574664,0.03524385393,0.005133451894,,,,,,
therapist,panel_mi,17,55,55,12,1b9abf33ba8b2badfab01f2ee1f7aa958800a9808d579c0ec4e6bc41eb27f449,10,question,False,-0,0,1,0,0,reflection,0.6915775537,1.054167151,0.7445921011,0.307883157,0.5612124205,0.3484825194,0.0219127629,0.06839220971,0.02380304039,,,,,,
therapist,panel_mi,17,55,55,14,1b9abf33ba8b2badfab01f2ee1f7aa958800a9808d579c0ec4e6bc41eb27f449,10,question,False,-0,0,1,0,0,question,0.03163212538,0.006353851873,5.822780417e-05,0.002200141103,0.002842806512,0.993666172,0.0003424318274,0.003148511518,0.0006444483297,,,,,,
therapist,panel_mi,17,55,55,16,1b9abf33ba8b2badfab01f2ee1f7aa958800a9808d579c0ec4e6bc41eb27f449,10,question,False,-0,0,1,0,0,question,0.1955529749,0.06058630347,0.005095389527,0.02081932025,0.001881294535,0.9412126541,0.03134526685,0.02556088567,0.004922603257,,,,,,
therapist,panel_mi,17,55,55,18,1b9abf33ba8b2badfab01f2ee1f7aa958800a9808d579c0ec4e6bc41eb27f449,10,reflection,False,-0,1,0,0,0,reflection,0.175222978,0.04955912009,0.003226002446,0.01705671227,0.9516490102,0.007610653993,0.02079377882,0.0199466683,0.002135767369,,,,,,
therapist,panel_mi,17,55,55,20,1b9abf33ba8b2badfab01f2ee1f7aa958800a9808d579c0ec4e6bc41eb27f449,10,reflection,False,0.2344977968,0.9,0,0,0.1,reflection,0.6699759364,0.528975901,0.08640619075,0.06300153595,0.6535569429,0.02792621218,0.0867048651,0.2318120003,0.02674649656,,,,,,
therapist,panel_mi,17,55,55,22,1b9abf33ba8b2badfab01f2ee1f7aa958800a9808d579c0ec4e6bc41eb27f449,10,question,False,0.6477309221,0.3,0.6,0.1,0,reflection,0.5851610303,1.117251247,0.1199907166,0.0507226771,0.5704356432,0.3997624516,0.01855271682,0.01124916784,0.01285422128,,,,,,
therapist,panel_mi,17,55,55,24,1b9abf33ba8b2badfab01f2ee1f7aa958800a9808d579c0ec4e6bc41eb27f449,10,question,False,-0,0,1,0,0,question,0.006468809675,0.001081753522,2.071711151e-06,0.0003748519291,6.816296082e-05,0.9989188313,6.773051427e-05,0.0009452787344,9.595652227e-05,,,,,,
therapist,panel_mi,17,55,55,26,1b9abf33ba8b2badfab01f2ee1f7aa958800a9808d579c0ec4e6bc41eb27f449,10,question,False,-0,0,1,0,0,question,0.01134442538,0.001930489554,5.343095345e-06,0.0006688844745,0.0008170794463,0.9980713129,0.0001446414681,0.0009669287247,0.000143458863,,,,,,
therapist,panel_mi,17,55,55,28,1b9abf33ba8b2badfab01f2ee1f7aa958800a9808d579c0ec4e6bc41eb27f449,10,question,False,-0,0,1,0,0,question,0.005126318894,0.000822643924,1.159869933e-06,0.0002850827676,3.366691453e-05,0.9991776347,0.0001014546579,0.0006872093654,0.0001114438273,,,,,,
therapist,panel_mi,17,55,55,30,1b9abf33ba8b2badfab01f2ee1f7aa958800a9808d579c0ec4e6bc41eb27f449,10,question,False,-0,0,1,0,0,question,0.3795563877,0.1393823773,0.02284414262,0.0473557947,0.05240846425,0.869895339,0.04756368697,0.03013251349,0.01620347798,,,,,,
therapist,panel_mi,17,55,55,32,1b9abf33ba8b2badfab01f2ee1f7aa958800a9808d579c0ec4e6bc41eb27f449,10,question,False,-0,0,1,0,0,question,0.007184142713,0.001193400705,2.330141822e-06,0.0004135571986,3.23333843e-05,0.9988072515,0.0009217496845,0.0002386773267,0.0001337086578,,,,,,
therapist,panel_mi,17,55,55,34,1b9abf33ba8b2badfab01f2ee1f7aa958800a9808d579c0ec4e6bc41eb27f449,10,reflection,False,-0,1,0,0,0,reflection,0.140769586,0.03789431602,0.001963707818,0.01306357611,0.9628146887,0.009342616424,0.02120379545,0.006638901774,0.002801575232,,,,,,
therapist,panel_mi,17,55,55,36,1b9abf33ba8b2badfab01f2ee1f7aa958800a9808d579c0ec4e6bc41eb27f449,10,question,False,0.2344977968,0,0.9,0.1,0,question,0.002553550759,0.8137925777,0.01986681773,0.03509186277,5.927167877e-06,0.9996260405,0.0002932277275,7.466045645e-05,4.027489922e-05,,,,,,
therapist,panel_mi,17,55,55,38,1b9abf33ba8b2badfab01f2ee1f7aa958800a9808d579c0ec4e6bc41eb27f449,10,therapist_input,False,-0,0,0,1,0,therapist_input,0.1340241879,0.03882161155,0.002303674792,0.01338148865,0.0002715610026,0.02724084817,0.9619222879,0.01056527719,0.0127338618,,,,,,
therapist,panel_mi,17,55,55,40,1b9abf33ba8b2badfab01f2ee1f7aa958800a9808d579c0ec4e6bc41eb27f449,10,therapist_input,True,0.5,0,0,0.5,0.5,other,0.2143269032,1.328753628,0.3558155957,0.1200031714,0.003107772674,0.0008571039652,0.07623718679,0.9197980165,0.007978728972,,,,,,
therapist,panel_mi,17,55,55,42,1b9abf33ba8b2badfab01f2ee1f7aa958800a9808d579c0ec4e6bc41eb27f449,10,question,False,-0,0,1,0,0,question,0.004781299736,0.0007503462839,9.284036395e-07,0.0002600267889,0.0001093183164,0.9992500544,4.782521137e-05,0.0005929322797,5.125595999e-05,,,,,,
therapist,panel_mi,17,55,55,44,1b9abf33ba8b2badfab01f2ee1f7aa958800a9808d579c0ec4e6bc41eb27f449,10,question,False,0.4406454496,0.3,0.7,0,0,question,0.01308954414,2.054080302,0.1780307992,0.1143214462,0.001068246434,0.9977749586,0.0005046824226,0.0006521065952,0.0003734580823,,,,,,
therapist,panel_mi,17,55,55,46,1b9abf33ba8b2badfab01f2ee1f7aa958800a9808d579c0ec4e6bc41eb27f449,10,reflection,False,0.2344977968,0.9,0.1,0,0,question,0.739091754,3.160655391,1.070452259,0.4877297955,0.03221372515,0.5024341345,0.3862496614,0.07910250872,0.08198966831,,,,,,
therapist,panel_mi,17,55,55,48,1b9abf33ba8b2badfab01f2ee1f7aa958800a9808d579c0ec4e6bc41eb27f449,10,question,False,0.2344977968,0,0.9,0,0.1,question,0.006186712999,0.9618201906,0.01977789282,0.03603320304,8.736091331e-06,0.9989463687,0.000977846561,6.714116898e-05,0.0002453729685,,,,,,
therapist,panel_mi,17,55,55,50,1b9abf33ba8b2badfab01f2ee1f7aa958800a9808d579c0ec4e6bc41eb27f449,10,therapist_input,False,-0,0,0,1,0,therapist_input,0.04954124615,0.01210210752,0.0002687182951,0.004187178393,8.663388871e-05,0.0008381168591,0.987970829,0.0111043863,0.0024928567,,,,,,
therapist,panel_mi,17,55,55,52,1b9abf33ba8b2badfab01f2ee1f7aa958800a9808d579c0ec4e6bc41eb27f449,10,reflection,False,0.6783898247,0.7,0.1,0.1,0.1,question,0.7460438609,1.805920011,0.482317203,0.1974455051,0.1991676837,0.5507121682,0.2414359152,0.008684204891,0.06160824373,,,,,,
therapist,panel_mi,17,55,55,54,1b9abf33ba8b2badfab01f2ee1f7aa958800a9808d579c0ec4e6bc41eb27f449,10,question,False,0.2344977968,0,0.9,0.1,0,question,0.5044869184,0.4592342973,0.08150483699,0.03848485289,0.0008802373777,0.6886238456,0.2908923328,0.01960359141,0.040697705,,,,,,
therapist,panel_mi,17,55,55,56,1b9abf33ba8b2badfab01f2ee1f7aa958800a9808d579c0ec4e6bc41eb27f449,10,question,False,0.4609640474,0,0.8,0.1,0.1,question,0.8632027507,0.9008631587,0.1112424985,0.08307410569,0.1907075346,0.5327743292,0.1218874007,0.1546307355,0.05351453274,,,,,,
therapist,panel_mi,17,55,55,58,1b9abf33ba8b2badfab01f2ee1f7aa958800a9808d579c0ec4e6bc41eb27f449,10,question,False,0.2344977968,0,0.9,0.1,0,question,0.05459311977,0.6240390592,0.01740686722,0.03451889141,0.006473264657,0.9882276654,0.002168301726,0.003130803583,0.001577751129,,,,,,
therapist,panel_mi,17,55,55,60,1b9abf33ba8b2badfab01f2ee1f7aa958800a9808d579c0ec4e6bc41eb27f449,10,question,False,0.2344977968,0,0.9,0.1,0,question,0.7450514436,0.8620732248,0.3532837573,0.151700767,0.002095656004,0.4228352606,0.4173714221,0.1576976776,0.04514273256,,,,,,
therapist,panel_mi,17,55,55,62,1b9abf33ba8b2badfab01f2ee1f7aa958800a9808d579c0ec4e6bc41eb27f449,10,other,False,0.7427376486,0,0.2,0.3,0.5,therapist_input,0.3944638371,1.777436313,0.4716916572,0.162253273,0.003057865892,0.04790052027,0.8421966434,0.1068449989,0.03760208935,,,,,,
therapist,panel_mi,17,55,55,64,1b9abf33ba8b2badfab01f2ee1f7aa958800a9808d579c0ec4e6bc41eb27f449,10,other,False,-0,0,0,0,1,other,0.4636191428,0.2340308875,0.06948567025,0.07840724865,0.1510363072,0.001672638813,0.05595367402,0.7913373709,0.03959903866,,,,,,
therapist,panel_mi,17,56,56,0,994bc72760dcfe7fa4dcb4204fd49276c86f3b5d7563bd03968bb98375e50059,10,question,False,0.8427376486,0.1,0.5,0.3,0.1,therapist_input,0.6819473505,1.451836991,0.08510944691,0.04871714537,0.005432954524,0.3644925952,0.5402113795,0.08986307681,0.04293270782,,,,,,
therapist,panel_mi,17,56,56,2,994bc72760dcfe7fa4dcb4204fd49276c86f3b5d7563bd03968bb98375e50059,10,other,False,0.4854752972,0,0.4,0,0.6,question,0.4155317247,1.348133034,0.4212110848,0.1427882831,0.02985374629,0.8346835971,0.0161991436,0.1192634851,0.007425148971,,,,,,
therapist,panel_mi,17,56,56,4,994bc72760dcfe7fa4dcb4204fd49276c86f3b5d7563bd03968bb98375e50059,10,question,False,-0,0,1,0,0,question,0.04361984134,0.01022355631,0.0001890225315,0.00353816282,0.0002231690596,0.9898284674,0.0007297751727,0.009218528867,0.0004417252785,,,,,,
therapist,panel_mi,17,56,56,6,994bc72760dcfe7fa4dcb4204fd49276c86f3b5d7563bd03968bb98375e50059,10,other,False,-0,0,0,0,1,other,0.2702840269,0.09563113749,0.01303055696,0.03269759732,0.007698703557,0.01759128273,0.06591086835,0.9087991714,0.008197834715,,,,,,
therapist,panel_mi,17,56,56,8,994bc72760dcfe7fa4dcb4204fd49276c86f3b5d7563bd03968bb98375e50059,10,reflection,False,0.2344977968,0.9,0.1,0,0,therapist_input,0.01868710294,10.23527794,1.812624353,0.6905488407,2.52429254e-05,0.0008501500124,0.9964094162,0.002715197392,0.0001333556429,,,,,,
therapist,panel_mi,17,56,56,10,994bc72760dcfe7fa4dcb4204fd49276c86f3b5d7563bd03968bb98375e50059,10,reflection,True,0.5,0.5,0.5,0,0,reflection,0.5852822065,0.7260298729,0.003032307333,0.01116871043,0.5137215853,0.4556701183,0.0009783726418,0.02962989546,0.01418203581,,,,,,
therapist,panel_mi,17,56,56,12,994bc72760dcfe7fa4dcb4204fd49276c86f3b5d7563bd03968bb98375e50059,10,reflection,False,-0,1,0,0,0,reflection,0.4893436134,0.3706788421,0.1845380123,0.1216156706,0.6902655363,0.007672166917,0.004533793312,0.2975284457,0.009035713971,,,,,,
therapist,panel_mi,17,56,56,14,994bc72760dcfe7fa4dcb4204fd49276c86f3b5d7563bd03968bb98375e50059,10,reflection,False,-0,1,0,0,0,reflection,0.08957784623,0.02381058596,0.0009337194492,0.008224677954,0.9764705896,0.0003629354178,0.004112721886,0.01905368268,0.001499043428,,,,,,
therapist,panel_mi,17,56,56,16,994bc72760dcfe7fa4dcb4204fd49276c86f3b5d7563bd03968bb98375e50059,10,reflection,False,-0,1,0,0,0,therapist_input,0.5964081287,0.8465625048,0.6108543513,0.2566257699,0.4288867116,0.0002652654075,0.5321527719,0.0386952199,0.01583589241,,,,,,
therapist,panel_mi,17,56,56,18,994bc72760dcfe7fa4dcb4204fd49276c86f3b5d7563bd03968bb98375e50059,10,reflection,False,0.3609640474,0.8,0.2,0,0,reflection,0.2924321294,0.5725230813,0.0200098264,0.01831464606,0.8888775706,0.09149859846,0.00128195365,0.01834191754,0.006358528044,,,,,,
therapist,panel_mi,17,56,56,20,994bc72760dcfe7fa4dcb4204fd49276c86f3b5d7563bd03968bb98375e50059,10,other,False,0.2344977968,0.1,0,0,0.9,other,0.2702840269,0.5727383748,0.01325065054,0.05241181051,0.007698703557,0.01759128273,0.06591086835,0.9087991714,0.008197834715,,,,,,
therapist,panel_mi,17,56,56,22,994bc72760dcfe7fa4dcb4204fd49276c86f3b5d7563bd03968bb98375e50059,10,reflection,False,0.3609640474,0.8,0,0,0.2,reflection,0.1049888209,0.9076121673,0.06536389935,0.06004807286,0.9725314975,0.0001636497327,0.01535041351,0.01195447426,0.001456334023,,,,,,
therapist,panel_mi,17,56,56,24,994bc72760dcfe7fa4dcb4204fd49276c86f3b5d7563bd03968bb98375e50059,10,question,False,-0,0,1,0,0,question,0.01100434922,0.001926667639,6.01653923e-06,0.000667551405,0.0003281210666,0.9980751276,0.0001167038718,0.001479983563,0.0001129564625,,,,,,
therapist,panel_mi,17,56,56,26,994bc72760dcfe7fa4dcb4204fd49276c86f3b5d7563bd03968bb98375e50059,10,other,False,-0,0,0,0,1,other,0.1545697153,0.05433953926,0.005425670912,0.01868931356,0.05124112219,0.00164813851,2.532030408e-07,0.9471104741,0.00138423068,,,,,,
therapist,panel_mi,17,56,56,28,994bc72760dcfe7fa4dcb4204fd49276c86f3b5d7563bd03968bb98375e50059,10,reflection,False,-0,1,0,0,0,reflection,0.06319512427,0.01674170233,0.000528535552,0.005788666214,0.9833977818,4.182538032e-05,0.000671979622,0.01588850841,0.0009685455007,,,,,,
therapist,panel_mi,17,56,56,30,994bc72760dcfe7fa4dcb4204fd49276c86f3b5d7563bd03968bb98375e50059,10,question,False,0.4406454496,0.3,0.7,0,0,reflection,0.2344225049,1.775568038,0.7553104661,0.2224896304,0.9113866687,0.08235144615,0.00118138094,0.005080583505,0.003387722652,,,,,,
therapist,panel_mi,17,56,56,32,994bc72760dcfe7fa4dcb4204fd49276c86f3b5d7563bd03968bb98375e50059,10,other,False,-0,0,0,0,1,other,0.1545703858,0.05433984846,0.005425731506,0.01868942144,0.05124140531,0.001648154808,2.532040639e-07,0.9471101761,0.001384232193,,,,,,
therapist,panel_mi,17,56,56,34,994bc72760dcfe7fa4dcb4204fd49276c86f3b5d7563bd03968bb98375e50059,10,question,False,-0,0,1,0,0,question,0.5271978974,0.6542865038,0.4542978596,0.2050068598,0.472935766,0.5198127627,0.0001923927775,0.007059038617,0.04682108015,,,,,,
therapist,panel_mi,17,56,56,36,994bc72760dcfe7fa4dcb4204fd49276c86f3b5d7563bd03968bb98375e50059,10,reflection,False,-0,1,0,0,0,therapist_input,0.6953553557,1.003338933,0.7044140479,0.2957613057,0.3666531742,0.05859088898,0.5468782187,0.02787772939,0.01561265439,,,,,,
therapist,panel_mi,17,56,56,38,994bc72760dcfe7fa4dcb4204fd49276c86f3b5d7563bd03968bb98375e50059,10,other,False,-0,0,0,0,1,reflection,0.4695168436,1.326157331,1.059474787,0.3681136251,0.7209938765,0.001539185294,0.01197141409,0.2654954791,0.0217555128,,,,,,
therapist,panel_mi,17,56,56,40,994bc72760dcfe7fa4dcb4204fd49276c86f3b5d7563bd03968bb98375e50059,10,other,False,-0,0,0,0,1,other,0.2472919971,0.1134857237,0.02295660685,0.03870254964,0.1069900244,0.0002930307819,7.864516149e-09,0.8927168846,0.002662175568,,,,,,
therapist,panel_mi,17,56,56,42,994bc72760dcfe7fa4dcb4204fd49276c86f3b5d7563bd03968bb98375e50059,10,reflection,False,0.5783898247,0.7,0.2,0,0.1,reflection,0.5633134246,1.666329756,0.09330135671,0.1440722153,0.7021644115,0.003288215492,0.2308341712,0.06371320784,0.004313426092,,,,,,
therapist,panel_mi,17,56,56,44,994bc72760dcfe7fa4dcb4204fd49276c86f3b5d7563bd03968bb98375e50059,10,reflection,False,0.4406454496,0.7,0,0.3,0,other,0.7020385265,1.832778013,0.6868988903,0.3441715868,0.2328663617,0.05970568582,0.0666090101,0.6408189535,0.01971041597,,,,,,
therapist,panel_mi,17,56,56,46,994bc72760dcfe7fa4dcb4204fd49276c86f3b5d7563bd03968bb98375e50059,10,question,False,-0,0,1,0,0,question,0.2528404891,0.08637992293,0.01066310419,0.02957373991,0.01005773433,0.9172456861,0.01320453454,0.05949210003,0.003062904812,,,,,,
therapist,panel_mi,17,56,56,48,994bc72760dcfe7fa4dcb4204fd49276c86f3b5d7563bd03968bb98375e50059,10,other,False,-0,0,0,0,1,other,0.2702840269,0.09563113749,0.01303055696,0.03269759732,0.007698703557,0.01759128273,0.06591086835,0.9087991714,0.008197834715,,,,,,
therapist,panel_mi,17,56,56,50,994bc72760dcfe7fa4dcb4204fd49276c86f3b5d7563bd03968bb98375e50059,10,reflection,False,-0,1,0,0,0,reflection,0.6756278276,0.3772393465,0.1375142685,0.1236411973,0.685751915,0.04569446295,0.1167569607,0.1517966986,0.02088079415,,,,,,
therapist,panel_mi,17,56,56,52,994bc72760dcfe7fa4dcb4204fd49276c86f3b5d7563bd03968bb98375e50059,10,other,False,-0,0,0,0,1,other,0.3056201637,0.1332011968,0.02820372853,0.04529646836,0.002550724661,0.01017429493,0.1119859964,0.8752889633,0.008214680478,,,,,,
therapist,panel_mi,17,56,56,54,994bc72760dcfe7fa4dcb4204fd49276c86f3b5d7563bd03968bb98375e50059,10,reflection,False,0.5783898247,0.7,0,0.2,0.1,therapist_input,0.1071702391,5.481941791,1.085960123,0.3894484921,0.000668045599,0.002207110869,0.9692157507,0.02790903673,0.002930330113,,,,,,
therapist,panel_mi,17,56,56,56,994bc72760dcfe7fa4dcb4204fd49276c86f3b5d7563bd03968bb98375e50059,10,reflection,False,0.6804820237,0.5,0,0.4,0.1,other,0.7055544257,1.494156915,0.2904879519,0.1301570315,0.1233913526,0.0002299225598,0.3909289241,0.485449791,0.02701627091,,,,,,
therapist,panel_mi,17,56,56,58,994bc72760dcfe7fa4dcb4204fd49276c86f3b5d7563bd03968bb98375e50059,10,question,False,-0,0,1,0,0,question,0.02142981812,0.004473005887,3.769148503e-05,0.001549259724,0.0001975414634,0.995536983,5.466311632e-05,0.004210813902,0.0001768102229,,,,,,
therapist,panel_mi,17,56,56,60,994bc72760dcfe7fa4dcb4204fd49276c86f3b5d7563bd03968bb98375e50059,10,other,False,-0,0,0,0,1,other,0.2702840269,0.09563113749,0.01303055696,0.03269759732,0.007698703557,0.01759128273,0.06591086835,0.9087991714,0.008197834715,,,,,,
therapist,panel_mi,17,56,56,62,994bc72760dcfe7fa4dcb4204fd49276c86f3b5d7563bd03968bb98375e50059,10,other,False,-0,0,0,0,1,reflection,0.6483264565,0.8495076895,0.5876309018,0.2573853952,0.5058764219,0.002457200782,0.06404098123,0.4276254177,0.01685235836,,,,,,
therapist,panel_mi,17,56,56,64,994bc72760dcfe7fa4dcb4204fd49276c86f3b5d7563bd03968bb98375e50059,10,other,False,-0,0,0,0,1,reflection,0.4695167542,1.326156974,1.059474569,0.3681135538,0.7209938765,0.001539189485,0.01197137684,0.2654955983,0.0217555128,,,,,,
therapist,panel_mi,17,56,56,66,994bc72760dcfe7fa4dcb4204fd49276c86f3b5d7563bd03968bb98375e50059,10,reflection,False,-0,1,0,0,0,reflection,0.09155105054,0.02278416045,0.0007638697805,0.00787126416,0.9774734378,0.00483836513,0.002656287048,0.01503190398,0.0008781175129,,,,,,
therapist,panel_mi,17,56,56,68,994bc72760dcfe7fa4dcb4204fd49276c86f3b5d7563bd03968bb98375e50059,10,question,False,-0,0,1,0,0,question,0.01697296835,0.003077588743,1.384766513e-05,0.001066162859,0.0002380859514,0.9969270825,0.001010900596,0.001823898056,0.0001292170782,,,,,,
therapist,panel_mi,17,56,56,70,994bc72760dcfe7fa4dcb4204fd49276c86f3b5d7563bd03968bb98375e50059,10,other,False,-0,0,0,0,1,reflection,0.4695167542,1.326156974,1.059474569,0.3681135538,0.7209938765,0.001539189485,0.01197137684,0.2654955983,0.0217555128,,,,,,
therapist,panel_mi,17,56,56,72,994bc72760dcfe7fa4dcb4204fd49276c86f3b5d7563bd03968bb98375e50059,10,therapist_input,False,-0,0,0,1,0,therapist_input,0.04469304159,0.009764204733,0.0001483766285,0.003379417786,0.0007066951366,0.001967997756,0.9902833104,0.007042026613,0.0004392173141,,,,,,
therapist,panel_mi,17,56,56,74,994bc72760dcfe7fa4dcb4204fd49276c86f3b5d7563bd03968bb98375e50059,10,other,False,-0,0,0,0,1,other,0.1545697153,0.05433953926,0.005425670912,0.01868931356,0.05124112219,0.00164813851,2.532030408e-07,0.9471104741,0.00138423068,,,,,,
therapist,panel_mi,17,56,56,76,994bc72760dcfe7fa4dcb4204fd49276c86f3b5d7563bd03968bb98375e50059,10,therapist_input,False,0.3609640474,0,0,0.8,0.2,other,0.5430421233,1.260953498,0.6019592348,0.1831296745,0.05352464318,0.00411923416,0.2246362269,0.7177199125,0.009453199804,,,,,,
therapist,panel_mi,17,56,56,78,994bc72760dcfe7fa4dcb4204fd49276c86f3b5d7563bd03968bb98375e50059,10,other,False,-0,0,0,0,1,other,0.3936793804,0.2172313333,0.07189653424,0.07296222978,0.00447699707,0.007204780821,0.1835744679,0.8047437668,0.01224726159,,,,,,
therapist,panel_mi,17,56,56,80,994bc72760dcfe7fa4dcb4204fd49276c86f3b5d7563bd03968bb98375e50059,10,therapist_input,False,0.2344977968,0,0,0.9,0.1,therapist_input,0.4189463854,0.6450140417,0.06274774155,0.09066316105,0.2035288066,0.0003451703233,0.7816107869,0.01451525558,0.01083976589,,,,,,
therapist,panel_mi,17,56,56,82,994bc72760dcfe7fa4dcb4204fd49276c86f3b5d7563bd03968bb98375e50059,10,other,False,-0,0,0,0,1,other,0.1545703858,0.05433984846,0.005425731506,0.01868942144,0.05124140531,0.001648154808,2.532040639e-07,0.9471101761,0.001384232193,,,,,,
therapist,panel_mi,17,56,56,84,994bc72760dcfe7fa4dcb4204fd49276c86f3b5d7563bd03968bb98375e50059,10,other,False,-0,0,0,0,1,other,0.2702846825,0.09563147277,0.01303062929,0.03269769063,0.007698709611,0.01759142801,0.0659109652,0.9087988734,0.008197856136,,,,,,
therapist,panel_mi,17,56,56,86,994bc72760dcfe7fa4dcb4204fd49276c86f3b5d7563bd03968bb98375e50059,10,other,False,-0,0,0,0,1,other,0.1545703858,0.05433984846,0.005425731506,0.01868942144,0.05124140531,0.001648154808,2.532040639e-07,0.9471101761,0.001384232193,,,,,,
therapist,panel_mi,17,56,56,88,994bc72760dcfe7fa4dcb4204fd49276c86f3b5d7563bd03968bb98375e50059,10,therapist_input,False,0.4406454496,0,0,0.7,0.3,other,0.7549147606,1.087502915,0.2567485718,0.1329905274,0.2189068794,0.001103572198,0.2861651778,0.493824333,0.02247200161,,,,,,
therapist,panel_mi,17,56,56,90,994bc72760dcfe7fa4dcb4204fd49276c86f3b5d7563bd03968bb98375e50059,10,question,False,0.4609640474,0,0.8,0.1,0.1,therapist_input,0.4976044595,1.656908119,0.7710825648,0.2514235378,0.01689914986,0.2149202377,0.7495106459,0.01866995543,0.006494123489,,,,,,
therapist,panel_mi,17,56,56,92,994bc72760dcfe7fa4dcb4204fd49276c86f3b5d7563bd03968bb98375e50059,10,other,False,-0,0,0,0,1,other,0.04143317789,0.009387008846,0.0001539026744,0.003249040642,0.000531712838,0.008114221506,0.0006971819676,0.9906568527,0.0003124222276,,,,,,
therapist,panel_mi,17,56,56,94,994bc72760dcfe7fa4dcb4204fd49276c86f3b5d7563bd03968bb98375e50059,10,question,False,0.2344977968,0,0.9,0,0.1,question,0.1396286339,0.3806884419,0.008092452795,0.01253637032,0.008709426969,0.95877105,6.646367547e-05,0.03245319054,0.001409742632,,,,,,
therapist,panel_mi,17,56,56,96,994bc72760dcfe7fa4dcb4204fd49276c86f3b5d7563bd03968bb98375e50059,10,other,False,-0,0,0,0,1,reflection,0.4695167542,1.326156974,1.059474569,0.3681135538,0.7209938765,0.001539189485,0.01197137684,0.2654955983,0.0217555128,,,,,,
therapist,panel_mi,17,56,56,98,994bc72760dcfe7fa4dcb4204fd49276c86f3b5d7563bd03968bb98375e50059,10,other,False,-0,0,0,0,1,other,0.1545697153,0.05433953926,0.005425670912,0.01868931356,0.05124112219,0.00164813851,2.532030408e-07,0.9471104741,0.00138423068,,,,,,
therapist,panel_mi,17,56,56,100,994bc72760dcfe7fa4dcb4204fd49276c86f3b5d7563bd03968bb98375e50059,10,other,False,0.2344977968,0,0,0.1,0.9,other,0.2702840269,0.3580132142,0.001608217579,0.01053911994,0.007698703557,0.01759128273,0.06591086835,0.9087991714,0.008197834715,,,,,,
therapist,panel_mi,17,56,56,102,994bc72760dcfe7fa4dcb4204fd49276c86f3b5d7563bd03968bb98375e50059,10,other,False,-0,0,0,0,1,other,0.2702840269,0.09563113749,0.01303055696,0.03269759732,0.007698703557,0.01759128273,0.06591086835,0.9087991714,0.008197834715,,,,,,
therapist,panel_mi,17,56,56,104,994bc72760dcfe7fa4dcb4204fd49276c86f3b5d7563bd03968bb98375e50059,10,reflection,False,0.2344977968,0.9,0,0,0.1,other,0.9129183888,1.171963388,0.5013794095,0.2302193018,0.3015871644,0.2246835679,0.07971520722,0.3940140605,0.01621195301,,,,,,
therapist,panel_mi,17,56,56,106,994bc72760dcfe7fa4dcb4204fd49276c86f3b5d7563bd03968bb98375e50059,10,reflection,False,0.3609640474,0.8,0,0,0.2,other,0.6919300556,1.511280859,0.6409751057,0.2355209333,0.1667127907,0.09224911034,0.06430149078,0.6767366529,0.03226568177,,,,,,
therapist,panel_mi,17,56,56,108,994bc72760dcfe7fa4dcb4204fd49276c86f3b5d7563bd03968bb98375e50059,10,question,False,-0,0,1,0,0,question,0.776599884,0.6054474711,0.3066487193,0.1912597319,0.1317179054,0.5458301306,0.03664425761,0.285807699,0.01494398899,,,,,,
therapist,panel_mi,17,56,56,110,994bc72760dcfe7fa4dcb4204fd49276c86f3b5d7563bd03968bb98375e50059,10,therapist_input,False,-0,0,0,1,0,therapist_input,0.1179329231,0.033860825,0.001896369983,0.01167971697,0.0007952869637,0.004865833092,0.9667059779,0.02763282694,0.006201657467,,,,,,
therapist,panel_mi,17,56,56,112,994bc72760dcfe7fa4dcb4204fd49276c86f3b5d7563bd03968bb98375e50059,10,question,False,0.4854752972,0,0.6,0.4,0,therapist_input,0.8083014488,1.063103676,0.1602714905,0.1191785179,0.01198000647,0.292360872,0.4434768558,0.2521822751,0.03936162964,,,,,,
therapist,panel_mi,17,56,56,114,994bc72760dcfe7fa4dcb4204fd49276c86f3b5d7563bd03968bb98375e50059,10,therapist_input,False,0.2344977968,0.1,0,0.9,0,therapist_input,0.639531076,1.140519249,0.3979825772,0.2315293458,0.007675243076,0.04584821314,0.4837632179,0.4627133012,0.01127410401,,,,,,
therapist,panel_mi,17,56,56,116,994bc72760dcfe7fa4dcb4204fd49276c86f3b5d7563bd03968bb98375e50059,10,therapist_input,False,0.4609640474,0.1,0.1,0.8,0,therapist_input,0.1239668578,1.370268214,0.04631980543,0.0700826173,0.000180810981,0.008232302964,0.9650099874,0.02657684684,0.003887105035,,,,,,
therapist,panel_mi,17,56,56,118,994bc72760dcfe7fa4dcb4204fd49276c86f3b5d7563bd03968bb98375e50059,10,reflection,False,-0,1,0,0,0,therapist_input,0.5858214498,1.011062384,0.767009685,0.2976210503,0.3638322055,0.02413921617,0.6013344526,0.01069404744,0.006734209601,,,,,,
therapist,panel_mi,17,56,56,120,994bc72760dcfe7fa4dcb4204fd49276c86f3b5d7563bd03968bb98375e50059,10,therapist_input,False,-0,0,0,1,0,therapist_input,0.04069285095,0.008821179159,0.0001228795366,0.003053405698,0.001942551462,0.0003715707571,0.9912177324,0.00646820385,0.0002623658511,,,,,,
therapist,panel_mi,17,56,56,122,994bc72760dcfe7fa4dcb4204fd49276c86f3b5d7563bd03968bb98375e50059,10,other,False,0.4854752972,0,0,0.4,0.6,other,0.1794018745,1.193512654,0.2337874268,0.09402443927,0.0009309750749,0.004156440496,0.05558177084,0.9393308759,0.002540288493,,,,,,
therapist,panel_mi,17,56,56,124,994bc72760dcfe7fa4dcb4204fd49276c86f3b5d7563bd03968bb98375e50059,10,therapist_input,False,0.3609640474,0,0,0.8,0.2,other,0.5804501176,3.317435265,0.9074662519,0.4233058188,0.3530022502,0.01574942842,0.01787056401,0.6133777499,0.0242565833,,,,,,
therapist,panel_mi,17,56,56,126,994bc72760dcfe7fa4dcb4204fd49276c86f3b5d7563bd03968bb98375e50059,10,therapist_input,False,0.2344977968,0,0,0.9,0.1,reflection,0.5900189281,3.42412852,1.155108222,0.5049026398,0.5025492907,0.005052443594,0.024227608,0.4681706429,0.05768425018,,,,,,
therapist,panel_mi,17,56,56,128,994bc72760dcfe7fa4dcb4204fd49276c86f3b5d7563bd03968bb98375e50059,10,other,False,-0,0,0,0,1,other,0.1545703858,0.05433984846,0.005425731506,0.01868942144,0.05124140531,0.001648154808,2.532040639e-07,0.9471101761,0.001384232193,,,,,,
therapist,panel_mi,17,56,56,130,994bc72760dcfe7fa4dcb4204fd49276c86f3b5d7563bd03968bb98375e50059,10,reflection,True,0.7609640474,0.4,0,0.2,0.4,therapist_input,0.5630753636,2.011744368,0.2938693519,0.1540317772,0.3866445124,0.002906479873,0.5883876085,0.02206137963,0.00418080762,,,,,,
therapist,panel_mi,17,56,56,132,994bc72760dcfe7fa4dcb4204fd49276c86f3b5d7563bd03968bb98375e50059,10,reflection,False,0.2344977968,0.9,0,0,0.1,reflection,0.1197257042,0.4347101677,0.01180033697,0.02152600801,0.9694972038,0.004532889463,0.008863447234,0.01710638404,0.001464463654,,,,,,
therapist,panel_mi,17,56,56,134,994bc72760dcfe7fa4dcb4204fd49276c86f3b5d7563bd03968bb98375e50059,10,reflection,False,0.2344977968,0.9,0,0,0.1,reflection,0.5175200701,0.5081772923,0.129475648,0.05182384854,0.639339745,0.004687542561,0.008092974313,0.3478797972,0.020687107,,,,,,
therapist,panel_mi,17,56,56,136,994bc72760dcfe7fa4dcb4204fd49276c86f3b5d7563bd03968bb98375e50059,10,other,False,-0,0,0,0,1,other,0.2702840269,0.09563113749,0.01303055696,0.03269759732,0.007698703557,0.01759128273,0.06591086835,0.9087991714,0.008197834715,,,,,,
therapist,panel_mi,17,56,56,138,994bc72760dcfe7fa4dcb4204fd49276c86f3b5d7563bd03968bb98375e50059,10,therapist_input,False,0.5783898247,0.1,0,0.7,0.2,other,0.8055509925,1.671812946,0.4651054778,0.1875211855,0.3861584067,0.0366079323,0.1325443834,0.4446892142,0.01175943296,,,,,,
therapist,panel_mi,17,56,56,140,994bc72760dcfe7fa4dcb4204fd49276c86f3b5d7563bd03968bb98375e50059,10,other,False,0.4406454496,0,0,0.3,0.7,other,0.13762407,1.139228907,0.1441481686,0.08422452871,0.01439468097,2.888950075e-05,0.02461200021,0.9609645009,0.004813895095,,,,,,
therapist,panel_mi,17,56,56,142,994bc72760dcfe7fa4dcb4204fd49276c86f3b5d7563bd03968bb98375e50059,10,other,False,0.4406454496,0,0,0.3,0.7,other,0.4605497122,1.138292289,0.0993302832,0.1134903826,0.1309028566,0.02112542093,0.0366464071,0.8113252521,0.005098300986,,,,,,
therapist,panel_mi,17,56,56,144,994bc72760dcfe7fa4dcb4204fd49276c86f3b5d7563bd03968bb98375e50059,10,other,False,0.4854752972,0,0,0.4,0.6,therapist_input,0.6066708565,1.009886289,0.2144436765,0.08544133891,0.01810497791,0.05864380673,0.6839078069,0.2393434495,0.02984220907,,,,,,
therapist,panel_mi,17,56,56,146,994bc72760dcfe7fa4dcb4204fd49276c86f3b5d7563bd03968bb98375e50059,10,therapist_input,False,0.7427376486,0.2,0,0.5,0.3,therapist_input,0.04309168458,2.718595467,0.3650559888,0.1943114298,0.001872715307,6.473373651e-05,0.9903030396,0.0077595287,0.0003449920332,,,,,,
therapist,panel_mi,17,56,56,148,994bc72760dcfe7fa4dcb4204fd49276c86f3b5d7563bd03968bb98375e50059,10,reflection,False,0.4854752972,0.6,0,0,0.4,therapist_input,0.06228274107,5.095985031,1.477237599,0.6560650147,0.004283971153,6.279435183e-05,0.9851980209,0.01045526378,0.0007523690001,,,,,,
therapist,panel_mi,17,56,56,150,994bc72760dcfe7fa4dcb4204fd49276c86f3b5d7563bd03968bb98375e50059,10,therapist_input,False,0.3609640474,0,0,0.8,0.2,therapist_input,0.25640288,0.5333929837,0.01540255999,0.007617644007,0.0004414717259,0.0001024835874,0.8874839544,0.1119720936,0.003714075778,,,,,,
therapist,panel_mi,17,56,56,152,994bc72760dcfe7fa4dcb4204fd49276c86f3b5d7563bd03968bb98375e50059,10,therapist_input,False,0.4854752972,0,0,0.6,0.4,other,0.4245834649,2.266227269,0.5245136441,0.2535391727,0.1477093697,0.009718576446,0.02620554343,0.8163664937,0.009657679126,,,,,,
therapist,panel_mi,17,56,56,154,994bc72760dcfe7fa4dcb4204fd49276c86f3b5d7563bd03968bb98375e50059,10,other,False,-0,0,0,0,1,other,0.1545697153,0.05433953926,0.005425670912,0.01868931356,0.05124112219,0.00164813851,2.532030408e-07,0.9471104741,0.00138423068,,,,,,
therapist,panel_mi,17,56,56,156,994bc72760dcfe7fa4dcb4204fd49276c86f3b5d7563bd03968bb98375e50059,10,other,False,-0,0,0,0,1,other,0.1545697153,0.05433953926,0.005425670912,0.01868931356,0.05124112219,0.00164813851,2.532030408e-07,0.9471104741,0.00138423068,,,,,,
therapist,panel_mi,17,56,56,158,994bc72760dcfe7fa4dcb4204fd49276c86f3b5d7563bd03968bb98375e50059,10,other,False,0.7427376486,0.2,0,0.3,0.5,therapist_input,0.4980472326,1.560813296,0.3708168473,0.1213017481,0.08883036673,0.00102575589,0.7748285532,0.1353152692,0.01103929989,,,,,,
therapist,panel_mi,17,56,56,160,994bc72760dcfe7fa4dcb4204fd49276c86f3b5d7563bd03968bb98375e50059,10,other,False,0.7854752972,0.1,0.1,0.2,0.6,therapist_input,0.5415235758,1.802610576,0.4971159422,0.1670914852,0.05713717267,0.01734108105,0.752948761,0.1725729406,0.006895688828,,,,,,
therapist,panel_mi,17,56,56,162,994bc72760dcfe7fa4dcb4204fd49276c86f3b5d7563bd03968bb98375e50059,10,other,False,-0,0,0,0,1,other,0.1545697153,0.05433953926,0.005425670912,0.01868931356,0.05124112219,0.00164813851,2.532030408e-07,0.9471104741,0.00138423068,,,,,,
therapist,panel_mi,17,56,56,164,994bc72760dcfe7fa4dcb4204fd49276c86f3b5d7563bd03968bb98375e50059,10,therapist_input,False,0.4406454496,0,0,0.7,0.3,other,0.5096378326,3.303625351,0.711214439,0.3677508882,0.3287565708,0.002859899309,0.01067451201,0.6577089429,0.01151114516,,,,,,
therapist,panel_mi,17,56,56,166,994bc72760dcfe7fa4dcb4204fd49276c86f3b5d7563bd03968bb98375e50059,10,other,False,-0,0,0,0,1,other,0.1545703858,0.05433984846,0.005425731506,0.01868942144,0.05124140531,0.001648154808,2.532040639e-07,0.9471101761,0.001384232193,,,,,,
therapist,panel_mi,17,56,56,168,994bc72760dcfe7fa4dcb4204fd49276c86f3b5d7563bd03968bb98375e50059,10,other,False,-0,0,0,0,1,other,0.1545703858,0.05433984846,0.005425731506,0.01868942144,0.05124140531,0.001648154808,2.532040639e-07,0.9471101761,0.001384232193,,,,,,
therapist,panel_mi,17,56,56,170,994bc72760dcfe7fa4dcb4204fd49276c86f3b5d7563bd03968bb98375e50059,10,other,False,-0,0,0,0,1,other,0.04143315926,0.009387008846,0.0001539025246,0.003249038,0.0005317159812,0.008114212193,0.0006971805124,0.9906568527,0.0003124174546,,,,,,
therapist,panel_mi,17,56,56,172,994bc72760dcfe7fa4dcb4204fd49276c86f3b5d7563bd03968bb98375e50059,10,other,False,0.7854752972,0.3,0,0.3,0.4,other,0.7706263661,1.112423122,0.01359382624,0.006358168611,0.2585482895,0.004873828497,0.2435130775,0.493064791,0.02487754449,,,,,,
therapist,panel_mi,17,56,56,174,994bc72760dcfe7fa4dcb4204fd49276c86f3b5d7563bd03968bb98375e50059,10,other,False,-0,0,0,0,1,other,0.2764883339,0.1017837748,0.01524387656,0.03477043394,0.01510070451,0.006814736873,0.07485967875,0.9032249451,0.005435651634,,,,,,
therapist,panel_mi,17,66,66,0,60300796ba7899fd40ecbaa91387c5ca83e5757c4513c7aae95783e2e3877244,10,other,False,-0,0,0,0,1,other,0.1748684198,0.05438346416,0.004401431778,0.01870429471,0.03698074445,0.0007313719834,0.01521897595,0.9470689893,0.001630797749,,,,,,
therapist,panel_mi,17,66,66,2,60300796ba7899fd40ecbaa91387c5ca83e5757c4513c7aae95783e2e3877244,10,question,False,-0,0,1,0,0,other,0.5644720197,0.7964590788,0.5820403469,0.2435598004,0.003658343805,0.450922817,0.01599907503,0.5294197202,0.007124236319,,,,,,
therapist,panel_mi,17,66,66,4,60300796ba7899fd40ecbaa91387c5ca83e5757c4513c7aae95783e2e3877244,10,reflection,True,0.8609640474,0.4,0.1,0.4,0.1,therapist_input,0.8511031866,1.445318186,0.1165306737,0.06523542162,0.1936470419,0.03953719884,0.401692152,0.36512357,0.008751031011,,,,,,
therapist,panel_mi,17,66,66,6,60300796ba7899fd40ecbaa91387c5ca83e5757c4513c7aae95783e2e3877244,10,reflection,False,-0,1,0,0,0,reflection,0.8000662327,0.6071643829,0.3012779735,0.1917473372,0.5448938608,0.113457419,0.277880013,0.06376875937,0.005515167955,,,,,,
therapist,panel_mi,17,66,66,8,60300796ba7899fd40ecbaa91387c5ca83e5757c4513c7aae95783e2e3877244,10,reflection,False,-0,1,0,0,0,reflection,0.03032843955,0.006345333531,6.730677125e-05,0.002197187285,0.9936747551,0.005139239132,0.0002905745641,0.0008954528021,0.0001677901309,,,,,,
therapist,panel_mi,17,66,66,10,60300796ba7899fd40ecbaa91387c5ca83e5757c4513c7aae95783e2e3877244,10,other,False,0.6804820237,0.4,0.1,0,0.5,reflection,0.7991882563,1.203406882,0.1244974134,0.06805560217,0.582496047,0.1248846054,0.08214561641,0.2104737312,0.008500138298,,,,,,
therapist,panel_mi,17,66,66,12,60300796ba7899fd40ecbaa91387c5ca83e5757c4513c7aae95783e2e3877244,10,reflection,False,-0,1,0,0,0,therapist_input,0.6523970962,1.233342052,0.8902058531,0.3484292722,0.2913173437,0.08270398527,0.6173001528,0.008678590879,0.003418393433,,,,,,
therapist,panel_mi,17,66,66,14,60300796ba7899fd40ecbaa91387c5ca83e5757c4513c7aae95783e2e3877244,10,therapist_input,False,0.5783898247,0.2,0,0.7,0.1,therapist_input,0.3538865149,1.471829979,0.06679531601,0.07843015003,0.003406970529,0.03541753441,0.8639643788,0.09721118212,0.003422871698,,,,,,
therapist,panel_mi,17,66,66,15,60300796ba7899fd40ecbaa91387c5ca83e5757c4513c7aae95783e2e3877244,10,therapist_input,False,0.2344977968,0,0.1,0.9,0,question,0.4980639815,1.057406664,0.6526497167,0.1916772092,0.001071353792,0.6654934883,0.3231466413,0.01028849185,0.006880050991,,,,,,
therapist,panel_mi,17,66,66,17,60300796ba7899fd40ecbaa91387c5ca83e5757c4513c7aae95783e2e3877244,10,reflection,False,0.2344977968,0.9,0.1,0,0,other,0.8497652411,1.28869338,0.5250870986,0.2860831562,0.3449992239,0.03655210137,0.2048302591,0.4136183858,0.009317119606,,,,,,
therapist,panel_mi,17,66,66,19,60300796ba7899fd40ecbaa91387c5ca83e5757c4513c7aae95783e2e3877244,10,therapist_input,False,0.4854752972,0.4,0,0.6,0,therapist_input,0.7281048894,0.8424611449,0.03049381335,0.0545708967,0.2539320588,0.06070606783,0.6124367714,0.07292509824,0.004620887339,,,,,,
therapist,panel_mi,17,66,66,21,60300796ba7899fd40ecbaa91387c5ca83e5757c4513c7aae95783e2e3877244,10,therapist_input,False,-0,0,0,1,0,therapist_input,0.2687539458,0.08922889829,0.01033088005,0.03053664434,0.03429052606,0.04232681543,0.9146361351,0.008746469393,0.001497609424,,,,,,
therapist,panel_mi,17,66,66,23,60300796ba7899fd40ecbaa91387c5ca83e5757c4513c7aae95783e2e3877244,10,therapist_input,False,0.2344977968,0,0,0.9,0.1,therapist_input,0.7276988626,0.5989018202,0.09466671138,0.08995146009,0.165682286,0.06294572353,0.6494535804,0.1219184622,0.005522756837,,,,,,
therapist,panel_mi,17,66,66,25,60300796ba7899fd40ecbaa91387c5ca83e5757c4513c7aae95783e2e3877244,10,therapist_input,False,0.6477309221,0.1,0.3,0.6,0,question,0.3128354847,2.002393849,0.6401097612,0.2105115957,0.03643301874,0.891757369,0.06535012275,0.006459492259,0.002927695634,,,,,,
therapist,panel_mi,17,66,66,27,60300796ba7899fd40ecbaa91387c5ca83e5757c4513c7aae95783e2e3877244,10,other,False,-0,0,0,0,1,other,0.2303297818,0.07479435951,0.007592721757,0.0256496954,0.00305544911,0.03241854906,0.03659176081,0.927934289,0.001841827529,,,,,,
therapist,panel_mi,17,66,66,29,60300796ba7899fd40ecbaa91387c5ca83e5757c4513c7aae95783e2e3877244,10,reflection,False,0.2344977968,0.9,0,0,0.1,reflection,0.06591656804,0.4788147657,0.01538402358,0.02467111143,0.9847396612,0.0008092775242,0.004887008108,0.009564024396,0.0003744282876,,,,,,
therapist,panel_mi,17,109,109,0,f92544f5ed508add4c093c58e76fce40d49ca14b51000a7b8770e0152039d485,10,therapist_input,False,0.4406454496,0,0,0.7,0.3,therapist_input,0.6656963229,0.7079644859,0.02471264849,0.03177928375,0.01226227544,0.06644988805,0.5683159828,0.3529718518,0.02183705941,,,,,,
therapist,panel_mi,17,109,109,2,f92544f5ed508add4c093c58e76fce40d49ca14b51000a7b8770e0152039d485,10,therapist_input,False,0.2344977968,0,0,0.9,0.1,therapist_input,0.5754991174,0.4664632857,0.0506105479,0.04467690276,0.005503399298,0.08599708974,0.7146098614,0.193889603,0.01157890819,,,,,,
therapist,panel_mi,17,109,109,4,f92544f5ed508add4c093c58e76fce40d49ca14b51000a7b8770e0152039d485,10,question,False,0.6783898247,0.1,0.7,0.1,0.1,question,0.5586111546,1.342537823,0.09660657006,0.08286735403,0.009226427414,0.6074168682,0.3691399693,0.0142167313,0.01616587304,,,,,,
therapist,panel_mi,17,109,109,6,f92544f5ed508add4c093c58e76fce40d49ca14b51000a7b8770e0152039d485,10,reflection,False,-0,1,0,0,0,reflection,0.4841991365,0.2893024981,0.1119417957,0.09611732981,0.748785615,0.02832168713,0.2191274911,0.003765165107,0.008592228405,,,,,,
therapist,panel_mi,17,109,109,8,f92544f5ed508add4c093c58e76fce40d49ca14b51000a7b8770e0152039d485,10,reflection,False,-0,1,0,0,0,reflection,0.3813453317,0.2099894881,0.06818749246,0.07060613339,0.8105927706,0.001751802862,0.1795658171,0.00808964856,0.005511078984,,,,,,
therapist,panel_mi,17,109,109,10,f92544f5ed508add4c093c58e76fce40d49ca14b51000a7b8770e0152039d485,10,reflection,False,-0,1,0,0,0,therapist_input,0.7648074627,0.8912345171,0.5595620872,0.2680467779,0.4101490378,0.1358008087,0.4392929673,0.01475712378,0.007249868009,,,,,,
therapist,panel_mi,17,109,109,12,f92544f5ed508add4c093c58e76fce40d49ca14b51000a7b8770e0152039d485,10,reflection,False,-0,1,0,0,0,reflection,0.09771558642,0.02366397716,0.0007468688418,0.008174223767,0.9766137004,0.007907615975,0.01070842054,0.004770189524,0.0009212916484,,,,,,
therapist,panel_mi,17,109,109,14,f92544f5ed508add4c093c58e76fce40d49ca14b51000a7b8770e0152039d485,10,question,False,-0,0,1,0,0,question,0.02445684932,0.004558386281,2.802697097e-05,0.001578816145,0.001884296187,0.9954519272,0.0009823965374,0.001681330032,0.0001666301105,,,,,,
therapist,panel_mi,17,109,109,16,f92544f5ed508add4c093c58e76fce40d49ca14b51000a7b8770e0152039d485,10,other,False,-0,0,0,0,1,other,0.2292931825,0.07724227756,0.008267943684,0.02647989762,0.0002771238505,0.03711249679,0.0369448252,0.9256655574,0.003599943593,,,,,,
therapist,panel_mi,17,109,109,18,f92544f5ed508add4c093c58e76fce40d49ca14b51000a7b8770e0152039d485,10,question,False,-0,0,1,0,0,question,0.02732445858,0.005333974492,4.081010222e-05,0.001847247448,0.0003411928774,0.9946802258,0.002474263543,0.002504338743,0.0001370583341,,,,,,
therapist,panel_mi,17,109,109,20,f92544f5ed508add4c093c58e76fce40d49ca14b51000a7b8770e0152039d485,10,question,False,0.3609640474,0.2,0.8,0,0,question,0.4170893431,0.6781848073,0.02480794668,0.04797621084,0.06392766535,0.8519476056,0.03680754453,0.04731719941,0.004932501353,,,,,,
therapist,panel_mi,17,109,109,22,f92544f5ed508add4c093c58e76fce40d49ca14b51000a7b8770e0152039d485,10,reflection,False,-0,1,0,0,0,therapist_input,0.8308313489,1.767068624,1.004462848,0.4498811235,0.1708330065,0.03469377011,0.4058216512,0.38865152,0.01665827073,,,,,,
therapist,panel_mi,17,109,109,24,f92544f5ed508add4c093c58e76fce40d49ca14b51000a7b8770e0152039d485,10,question,False,0.5783898247,0,0.7,0.2,0.1,question,0.5971158743,1.037009823,0.06381341085,0.0494642186,0.02522430383,0.5693148375,0.395098865,0.01036202535,0.01458462048,,,,,,
therapist,panel_mi,17,109,109,26,f92544f5ed508add4c093c58e76fce40d49ca14b51000a7b8770e0152039d485,10,reflection,False,-0,1,0,0,0,reflection,0.08405974507,0.01980438828,0.0005320379522,0.006844708393,0.9803903699,0.006442560814,0.003476196202,0.00969082769,0.0009651075816,,,,,,
therapist,panel_mi,17,109,109,28,f92544f5ed508add4c093c58e76fce40d49ca14b51000a7b8770e0152039d485,10,question,False,-0,0,1,0,0,question,0.6058709025,0.3156858683,0.103938685,0.1044597858,0.1330943704,0.7292885184,0.110465683,0.02715143003,0.0129705295,,,,,,
therapist,panel_mi,17,109,109,30,f92544f5ed508add4c093c58e76fce40d49ca14b51000a7b8770e0152039d485,10,other,False,-0,0,0,0,1,other,0.07524606586,0.0214807447,0.0008926507389,0.007422320538,0.02099911496,0.0002317747567,2.075714292e-05,0.9787484407,0.0002719935146,,,,,,
therapist,panel_mi,17,109,109,32,f92544f5ed508add4c093c58e76fce40d49ca14b51000a7b8770e0152039d485,10,therapist_input,False,-0,0,0,1,0,therapist_input,0.07020455599,0.01660127565,0.0004168322647,0.005740245697,0.002080875216,0.002833355218,0.9835356474,0.01155003533,0.0009518853622,,,,,,
therapist,panel_mi,17,109,109,34,f92544f5ed508add4c093c58e76fce40d49ca14b51000a7b8770e0152039d485,10,question,False,-0,0,1,0,0,question,0.23026447,0.07361603528,0.007477622091,0.02524983026,0.04617612809,0.9290283322,0.0116903102,0.01310520153,0.001492125681,,,,,,
therapist,panel_mi,17,109,109,36,f92544f5ed508add4c093c58e76fce40d49ca14b51000a7b8770e0152039d485,10,question,False,0.2344977968,0,0.9,0.1,0,question,0.7947412729,0.6865905523,0.1465811466,0.1169521991,0.2051711082,0.5885002613,0.123155795,0.08317279816,0.01167484559,,,,,,
therapist,panel_mi,17,109,109,38,f92544f5ed508add4c093c58e76fce40d49ca14b51000a7b8770e0152039d485,10,question,False,-0,0,1,0,0,question,0.1388952583,0.03722068667,0.00187486565,0.01283256976,0.004766826984,0.9634634852,0.01337788813,0.01839179732,0.00105943426,,,,,,
therapist,panel_mi,17,109,109,40,f92544f5ed508add4c093c58e76fce40d49ca14b51000a7b8770e0152039d485,10,reflection,False,0.6854752972,0.6,0.2,0.2,0,question,0.9604973197,1.393568325,0.2073588426,0.1150283528,0.2097318918,0.3669385016,0.278175056,0.1451545507,0.01933478937,,,,,,
therapist,panel_mi,17,109,109,42,f92544f5ed508add4c093c58e76fce40d49ca14b51000a7b8770e0152039d485,10,therapist_input,False,0.4406454496,0,0,0.7,0.3,therapist_input,0.1064934283,1.324904465,0.1568534557,0.09779887576,0.0005763533991,0.01409143955,0.9724401236,0.01289212145,0.0005309446133,,,,,,
therapist,panel_mi,17,109,109,44,f92544f5ed508add4c093c58e76fce40d49ca14b51000a7b8770e0152039d485,10,other,False,0.6854752972,0.2,0,0.2,0.6,other,0.9013541937,1.287808216,0.1014596002,0.1035756588,0.07683318108,0.2317430079,0.261233151,0.4301906526,0.0120072104,,,,,,
therapist,panel_mi,17,130,130,1,957962b55a53a08db5f378e511817642230cbd4d6d1cf4d43dd6a4b63131ccc1,10,therapist_input,False,0.3609640474,0,0,0.8,0.2,therapist_input,0.09380530566,1.135695577,0.06953332296,0.07290514915,0.02083135769,0.0004599229433,0.9749243855,0.003784290981,0.001169045223,,,,,,
therapist,panel_mi,17,130,130,3,957962b55a53a08db5f378e511817642230cbd4d6d1cf4d43dd6a4b63131ccc1,10,therapist_input,False,0.4854752972,0,0,0.6,0.4,therapist_input,0.3560751677,1.351774108,0.2069463106,0.1271911138,0.08491571993,0.005257650744,0.8676770926,0.04214952514,0.04384335503,,,,,,
therapist,panel_mi,17,130,130,5,957962b55a53a08db5f378e511817642230cbd4d6d1cf4d43dd6a4b63131ccc1,10,question,False,0.4854752972,0,0.6,0.4,0,reflection,0.4634460211,4.295688391,0.8913349044,0.4605678985,0.7189120054,0.001856781542,0.2709406614,0.008290497586,0.04359501973,,,,,,
therapist,panel_mi,17,130,130,7,957962b55a53a08db5f378e511817642230cbd4d6d1cf4d43dd6a4b63131ccc1,10,therapist_input,False,-0,0,0,1,0,therapist_input,0.209769994,0.06994070858,0.007164990253,0.02400179743,0.0204753466,0.0003583076468,0.9324490428,0.0467172116,0.01248362847,,,,,,
therapist,panel_mi,17,130,130,9,957962b55a53a08db5f378e511817642230cbd4d6d1cf4d43dd6a4b63131ccc1,10,question,False,0.6854752972,0.2,0.6,0.2,0,question,0.170996666,1.865538492,0.1751042041,0.1044679299,0.05780794472,0.9400336146,0.001851897687,0.0003065534984,0.001259838464,,,,,,
therapist,panel_mi,17,130,130,11,957962b55a53a08db5f378e511817642230cbd4d6d1cf4d43dd6a4b63131ccc1,10,question,False,0.4609640474,0,0.8,0.1,0.1,question,0.6366286278,1.131425393,0.1655548601,0.1065691428,0.05641177297,0.5437518954,0.3958036005,0.004032696597,0.02364801988,,,,,,
therapist,panel_mi,17,130,130,13,957962b55a53a08db5f378e511817642230cbd4d6d1cf4d43dd6a4b63131ccc1,10,question,False,0.2344977968,0,0.9,0,0.1,question,0.1063109562,0.6210917536,0.01515252351,0.03895281025,0.004437999334,0.9721919894,0.02078251168,0.002587401774,0.002504112665,,,,,,
therapist,panel_mi,17,130,130,15,957962b55a53a08db5f378e511817642230cbd4d6d1cf4d43dd6a4b63131ccc1,10,therapist_input,False,-0,0,0,1,0,therapist_input,0.7312543988,0.6711834073,0.371049687,0.209703115,0.1620377302,0.001634572982,0.511103332,0.32522434,0.0587519519,,,,,,
therapist,panel_mi,17,130,130,17,957962b55a53a08db5f378e511817642230cbd4d6d1cf4d43dd6a4b63131ccc1,10,therapist_input,False,0.3609640474,0,0.2,0.8,0,therapist_input,0.4896536171,0.999638319,0.05190529191,0.1096398127,0.1175360307,0.01653105021,0.7993797064,0.06655323505,0.04554334655,,,,,,
therapist,panel_mi,17,130,130,19,957962b55a53a08db5f378e511817642230cbd4d6d1cf4d43dd6a4b63131ccc1,10,therapist_input,False,-0,0,0,1,0,therapist_input,0.5884706974,0.320889622,0.1146548538,0.1060966899,0.03177318722,0.187843129,0.7255033255,0.05488035083,0.008471038193,,,,,,
therapist,panel_mi,17,130,130,21,957962b55a53a08db5f378e511817642230cbd4d6d1cf4d43dd6a4b63131ccc1,10,other,False,-0,0,0,0,1,other,0.07827349752,0.01982275024,0.0006473118322,0.006851035362,0.002070117509,0.001579684787,0.01597778127,0.9803724289,0.0004229895421,,,,,,
therapist,panel_mi,42,7,7,0,7fe3d6029ec1e666f41b728458a973e8e2e6924c09046427a23859dcc7b3d75a,10,question,False,-0,0,1,0,0,question,0.0128779076,0.002255239058,7.534960394e-06,0.0007813710552,0.0007643764256,0.9977473021,0.0001243185397,0.001364032971,8.395033365e-05,,,,,,
therapist,panel_mi,42,7,7,2,7fe3d6029ec1e666f41b728458a973e8e2e6924c09046427a23859dcc7b3d75a,10,reflection,False,-0,1,0,0,0,reflection,0.4657091498,0.2141173482,0.05595301131,0.07194976752,0.8072535396,0.1234301776,0.01052845456,0.05878773332,0.03579579666,,,,,,
therapist,panel_mi,42,7,7,4,7fe3d6029ec1e666f41b728458a973e8e2e6924c09046427a23859dcc7b3d75a,10,other,False,0.4406454496,0.3,0,0,0.7,other,0.1547029018,2.452636525,0.1549704972,0.1290556836,0.0003158279287,0.006786817219,0.04104609787,0.951851368,0.001823359402,,,,,,
therapist,panel_mi,42,7,7,6,7fe3d6029ec1e666f41b728458a973e8e2e6924c09046427a23859dcc7b3d75a,10,question,False,-0,0,1,0,0,question,0.3686420619,0.150291428,0.03051952732,0.05098091245,0.01363886613,0.8604571223,0.1012625843,0.02464138716,0.01121430844,,,,,,
therapist,panel_mi,42,7,7,8,7fe3d6029ec1e666f41b728458a973e8e2e6924c09046427a23859dcc7b3d75a,10,reflection,False,0.2344977968,0.9,0,0,0.1,other,0.7618211508,1.024112225,0.4789565022,0.1904420186,0.3472567201,0.1563918144,0.01052482333,0.4858266413,0.01440386754,,,,,,
therapist,panel_mi,42,7,7,10,7fe3d6029ec1e666f41b728458a973e8e2e6924c09046427a23859dcc7b3d75a,10,question,False,-0,0,1,0,0,question,0.4589521289,0.3352837265,0.1581575895,0.1106098713,0.002046492882,0.7151351571,0.005371929146,0.2774465084,0.01669237949,,,,,,
therapist,panel_mi,42,7,7,12,7fe3d6029ec1e666f41b728458a973e8e2e6924c09046427a23859dcc7b3d75a,10,other,False,0.5783898247,0.1,0.2,0,0.7,other,0.2394950837,1.421974514,0.0959161929,0.09246811868,0.02325398847,0.007026477251,0.04426964372,0.9254498482,0.007507211529,,,,,,
therapist,panel_mi,42,7,7,14,7fe3d6029ec1e666f41b728458a973e8e2e6924c09046427a23859dcc7b3d75a,10,reflection,False,0.2344977968,0.9,0,0,0.1,other,0.4979314804,1.162660864,0.7314798498,0.2151239615,0.2860883772,0.001473446144,0.01721225679,0.6952259541,0.0377930738,,,,,,
therapist,panel_mi,42,7,7,16,7fe3d6029ec1e666f41b728458a973e8e2e6924c09046427a23859dcc7b3d75a,10,question,False,-0,0,1,0,0,question,0.02528763562,0.004977373872,3.663420651e-05,0.00172381587,7.05144339e-05,0.9950349927,0.002440197393,0.002454256173,0.001106592128,,,,,,
therapist,panel_mi,42,7,7,18,7fe3d6029ec1e666f41b728458a973e8e2e6924c09046427a23859dcc7b3d75a,10,question,False,0.3609640474,0.2,0.8,0,0,question,0.4231213331,0.5589905858,0.00638703187,0.01851933264,0.131680429,0.8253944516,0.01270736195,0.03021775745,0.01248474233,,,,,,
therapist,panel_mi,42,7,7,20,7fe3d6029ec1e666f41b728458a973e8e2e6924c09046427a23859dcc7b3d75a,10,question,False,-0,0,1,0,0,question,0.01588488184,0.002929563634,1.371867288e-05,0.001014913122,0.0001619029063,0.9970747232,0.002193178982,0.0005702474737,0.0004474371672,,,,,,
therapist,panel_mi,42,7,7,22,7fe3d6029ec1e666f41b728458a973e8e2e6924c09046427a23859dcc7b3d75a,10,question,False,-0,0,1,0,0,question,0.2927164435,0.1199745089,0.02204384273,0.04087701872,0.0005682160845,0.8869431615,0.01793775521,0.09455095977,0.02271087095,,,,,,
therapist,panel_mi,42,7,7,24,7fe3d6029ec1e666f41b728458a973e8e2e6924c09046427a23859dcc7b3d75a,10,reflection,False,0.3609640474,0.8,0.2,0,0,question,0.1166353896,3.360934818,1.209020412,0.3880120569,0.01509289257,0.9699138403,0.001950284466,0.01304300316,0.002849838929,,,,,,
therapist,panel_mi,42,7,7,26,7fe3d6029ec1e666f41b728458a973e8e2e6924c09046427a23859dcc7b3d75a,10,question,False,-0,0,1,0,0,question,0.1531980485,0.04222917929,0.002409706292,0.01454905226,0.01490856521,0.9586499929,0.0212222375,0.005219132639,0.005373169202,,,,,,
therapist,panel_mi,42,7,7,28,7fe3d6029ec1e666f41b728458a973e8e2e6924c09046427a23859dcc7b3d75a,10,question,False,0.4609640474,0,0.8,0.1,0.1,question,0.5487471819,0.9393850684,0.10330213,0.06828623678,0.011802705,0.6244720221,0.01018013898,0.3535451591,0.03367795423,,,,,,
therapist,panel_mi,42,7,7,30,7fe3d6029ec1e666f41b728458a973e8e2e6924c09046427a23859dcc7b3d75a,10,therapist_input,False,-0,0,0,1,0,therapist_input,0.4912686944,0.2632472813,0.08987028234,0.08780791379,0.1877260953,0.01461087354,0.7685518265,0.02911118045,0.007102723233,,,,,,
therapist,panel_mi,42,7,7,32,7fe3d6029ec1e666f41b728458a973e8e2e6924c09046427a23859dcc7b3d75a,10,other,False,0.2344977968,0,0,0.1,0.9,other,0.1547037065,0.3637174476,0.006210204233,0.009178073696,0.0003158282198,0.006786845624,0.04104639217,0.9518510103,0.001823354512,,,,,,
therapist,panel_mi,42,7,7,34,7fe3d6029ec1e666f41b728458a973e8e2e6924c09046427a23859dcc7b3d75a,10,question,False,-0,0,1,0,0,question,0.08525406569,0.02508416027,0.001209433319,0.008663039265,0.0002665279608,0.975227952,9.879931895e-05,0.02440681122,0.01002200134,,,,,,
therapist,panel_mi,42,7,7,36,7fe3d6029ec1e666f41b728458a973e8e2e6924c09046427a23859dcc7b3d75a,10,other,False,0.3609640474,0.2,0,0,0.8,other,0.04374271259,2.468034354,0.07594153002,0.07801168864,4.56472344e-06,0.0003146464587,0.0103779342,0.9893029332,0.002328082221,,,,,,
therapist,panel_mi,42,7,7,38,7fe3d6029ec1e666f41b728458a973e8e2e6924c09046427a23859dcc7b3d75a,10,reflection,False,0.4406454496,0.7,0.3,0,0,reflection,0.929382205,1.026294082,0.1449742143,0.1338373025,0.4134986401,0.2565552592,0.1076514944,0.2222946137,0.02361806668,,,,,,
therapist,panel_mi,42,7,7,40,7fe3d6029ec1e666f41b728458a973e8e2e6924c09046427a23859dcc7b3d75a,10,question,False,0.2344977968,0.1,0.9,0,0,question,0.7400631905,0.6447028995,0.1704090872,0.0955285188,0.2970296741,0.5590837002,0.0218795985,0.1220070869,0.05426381901,,,,,,
therapist,panel_mi,42,7,7,42,7fe3d6029ec1e666f41b728458a973e8e2e6924c09046427a23859dcc7b3d75a,10,question,False,-0,0,1,0,0,question,0.08468271792,0.02511594258,0.001220253896,0.008673994179,3.477285645e-06,0.9751968384,0.0002026289731,0.02459707297,0.004742545076,,,,,,
therapist,panel_mi,42,7,7,44,7fe3d6029ec1e666f41b728458a973e8e2e6924c09046427a23859dcc7b3d75a,10,other,False,0.2344977968,0.1,0,0,0.9,other,0.07392089814,0.4068939511,0.01255804717,0.01509268988,0.02066589706,0.0001694996899,1.84352466e-05,0.9791461825,0.001821864629,,,,,,
therapist,panel_mi,42,7,7,46,7fe3d6029ec1e666f41b728458a973e8e2e6924c09046427a23859dcc7b3d75a,10,other,False,-0,0,0,0,1,other,0.1508985162,0.04481174052,0.002929002236,0.01543318735,2.184369123e-06,0.02683340386,0.01698695496,0.9561774135,0.004905519076,,,,,,
therapist,panel_mi,42,7,7,48,7fe3d6029ec1e666f41b728458a973e8e2e6924c09046427a23859dcc7b3d75a,10,question,False,-0,0,1,0,0,question,0.1417661309,0.04081102833,0.002562109055,0.01406325791,0.03016710281,0.9600106478,0.006437347736,0.003384956624,0.006209385581,,,,,,
therapist,panel_mi,42,7,7,50,7fe3d6029ec1e666f41b728458a973e8e2e6924c09046427a23859dcc7b3d75a,10,question,False,-0,0,1,0,0,question,0.3164254129,0.1559548825,0.04023138675,0.05285818947,0.001605287543,0.8555977941,0.003644059645,0.1391529143,0.02216766402,,,,,,
therapist,panel_mi,42,7,7,52,7fe3d6029ec1e666f41b728458a973e8e2e6924c09046427a23859dcc7b3d75a,10,reflection,False,0.2344977968,0.9,0.1,0,0,therapist_input,0.8560404778,1.437318277,0.6896074094,0.3124553874,0.2581188679,0.1125714406,0.5139318109,0.1153779626,0.0108319968,,,,,,
therapist,panel_mi,42,7,7,54,7fe3d6029ec1e666f41b728458a973e8e2e6924c09046427a23859dcc7b3d75a,10,question,False,0.4854752972,0.4,0.6,0,0,question,0.3579376638,1.089129934,0.1768885521,0.08700432324,0.08078219742,0.8711996078,0.01204149704,0.03597668186,0.01059031487,,,,,,
therapist,panel_mi,42,7,7,56,7fe3d6029ec1e666f41b728458a973e8e2e6924c09046427a23859dcc7b3d75a,10,question,False,-0,0,1,0,0,question,0.1942232251,0.06503073871,0.006724571712,0.0223324508,0.009862489998,0.9370386004,0.001515161712,0.05158368498,0.01540309936,,,,,,
therapist,panel_mi,42,7,7,58,7fe3d6029ec1e666f41b728458a973e8e2e6924c09046427a23859dcc7b3d75a,10,therapist_input,False,0.2344977968,0,0.1,0.9,0,question,0.7928735614,1.870387101,0.8631220406,0.354540712,0.04925389588,0.5494545102,0.1337649226,0.267526716,0.05522739142,,,,,,
therapist,panel_mi,42,7,7,60,7fe3d6029ec1e666f41b728458a973e8e2e6924c09046427a23859dcc7b3d75a,10,question,False,0.4406454496,0,0.7,0.3,0,question,0.7121195197,1.504821217,0.293620289,0.2336386243,0.4204922616,0.4911196232,0.03484265134,0.05354545265,0.01266590506,,,,,,
therapist,panel_mi,42,7,7,62,7fe3d6029ec1e666f41b728458a973e8e2e6924c09046427a23859dcc7b3d75a,10,other,False,0.6477309221,0.1,0,0.3,0.6,other,0.2807264328,1.441144359,0.1437119565,0.08336120556,0.001729344716,0.01725229621,0.08509264141,0.8959257007,0.02012965456,,,,,,
therapist,panel_mi,42,7,7,64,7fe3d6029ec1e666f41b728458a973e8e2e6924c09046427a23859dcc7b3d75a,10,other,False,-0,0,0,0,1,other,0.2197893411,0.08493965864,0.01238082888,0.02908662859,0.0004306874762,0.00536680501,0.0756347999,0.9185676575,0.02044362575,,,,,,
therapist,panel_mi,42,27,27,0,e883cab14c33a28c3bf1e25281ef335a7bcd08f31fb3e2cea1e824982af00196,10,therapist_input,False,0.4609640474,0,0.1,0.8,0.1,reflection,0.4587731063,2.167363071,0.9906639328,0.4057029981,0.7785617709,0.01186729595,0.191734314,0.01783653721,0.01144037396,,,,,,
therapist,panel_mi,42,27,27,2,e883cab14c33a28c3bf1e25281ef335a7bcd08f31fb3e2cea1e824982af00196,10,other,False,-0,0,0,0,1,other,0.2729244828,0.1019701511,0.01567740148,0.0348331944,0.01257811207,0.00638891384,0.07797648758,0.9030565023,0.009114971384,,,,,,
therapist,panel_mi,42,27,27,4,e883cab14c33a28c3bf1e25281ef335a7bcd08f31fb3e2cea1e824982af00196,10,therapist_input,False,-0,0,0,1,0,reflection,0.8138774633,1.258910894,0.8105137642,0.3539407687,0.5267409086,0.05977294967,0.2839631438,0.1295229495,0.04630726948,,,,,,
therapist,panel_mi,42,27,27,6,e883cab14c33a28c3bf1e25281ef335a7bcd08f31fb3e2cea1e824982af00196,10,other,False,-0,0,0,0,1,other,0.1094507873,0.03485042229,0.00231661331,0.01201938971,0.03381415084,0.0003751037002,6.088339796e-05,0.9657498598,0.002526465338,,,,,,
therapist,panel_mi,42,27,27,8,e883cab14c33a28c3bf1e25281ef335a7bcd08f31fb3e2cea1e824982af00196,10,other,False,0.9232196723,0.3,0.1,0.2,0.4,question,0.3156053722,3.30038534,0.8713950852,0.3758948772,0.0432565026,0.8953863978,0.04851379246,0.01284335367,0.004558247514,,,,,,
therapist,panel_mi,42,27,27,10,e883cab14c33a28c3bf1e25281ef335a7bcd08f31fb3e2cea1e824982af00196,10,other,False,0.3609640474,0.2,0,0,0.8,other,0.7251387239,1.152648783,0.3242832555,0.2020164702,0.06818790734,0.02962454222,0.4389146268,0.4632728696,0.08920808136,,,,,,
therapist,panel_mi,42,27,27,12,e883cab14c33a28c3bf1e25281ef335a7bcd08f31fb3e2cea1e824982af00196,10,reflection,False,0.3609640474,0.8,0,0,0.2,reflection,0.345833987,0.8767933965,0.04883906878,0.08243176728,0.8559283018,0.0005433070473,0.1202839836,0.02324436605,0.01439635642,,,,,,
therapist,panel_mi,42,27,27,14,e883cab14c33a28c3bf1e25281ef335a7bcd08f31fb3e2cea1e824982af00196,10,therapist_input,False,-0,0,0,1,0,therapist_input,0.4583816528,0.2191535383,0.05800899977,0.07358669231,0.1005472392,0.0005040143151,0.8031983376,0.09575032443,0.03211618587,,,,,,
therapist,panel_mi,42,27,27,16,e883cab14c33a28c3bf1e25281ef335a7bcd08f31fb3e2cea1e824982af00196,10,therapist_input,False,-0,0,0,1,0,therapist_input,0.873431921,0.7249398232,0.3718146634,0.2244389261,0.09885001183,0.1402341127,0.4843536913,0.2765621543,0.08556883037,,,,,,
therapist,panel_mi,42,27,27,18,e883cab14c33a28c3bf1e25281ef335a7bcd08f31fb3e2cea1e824982af00196,10,therapist_input,False,-0,0,0,1,0,therapist_input,0.6746268272,0.3705201745,0.1326139319,0.1215665955,0.1537988186,0.09972395748,0.6903751493,0.05610204488,0.03670423105,,,,,,
therapist,panel_mi,42,27,27,20,e883cab14c33a28c3bf1e25281ef335a7bcd08f31fb3e2cea1e824982af00196,10,therapist_input,False,0.6477309221,0.1,0.3,0.6,0,question,0.3798209429,2.171022899,0.6334604597,0.2262527438,0.05422725156,0.869582355,0.04675947875,0.02943096496,0.01797342114,,,,,,
therapist,panel_mi,42,27,27,22,e883cab14c33a28c3bf1e25281ef335a7bcd08f31fb3e2cea1e824982af00196,10,other,False,-0,0,0,0,1,other,0.4197353125,0.1716878116,0.03572115221,0.05805623274,0.05564074963,0.08658134192,0.01553587615,0.8422420621,0.02960648574,,,,,,
therapist,panel_mi,42,55,55,0,1b9abf33ba8b2badfab01f2ee1f7aa958800a9808d579c0ec4e6bc41eb27f449,10,question,False,0.2344977968,0,0.9,0.1,0,therapist_input,0.7332016826,1.850863385,0.8675163905,0.3543673624,0.00559578184,0.1381138116,0.5008047223,0.3554857075,0.1331925392,,,,,,
therapist,panel_mi,42,55,55,2,1b9abf33ba8b2badfab01f2ee1f7aa958800a9808d579c0ec4e6bc41eb27f449,10,question,False,0.2344977968,0,0.9,0.1,0,question,0.6315636039,0.5811039001,0.1022387435,0.08434415027,0.2127567828,0.6623467207,0.122047618,0.002848910633,0.01010673027,,,,,,
therapist,panel_mi,42,55,55,4,1b9abf33ba8b2badfab01f2ee1f7aa958800a9808d579c0ec4e6bc41eb27f449,10,question,False,-0,0,1,0,0,question,0.0261297673,0.00519166654,4.000922975e-05,0.001797995882,4.219862603e-05,0.9948217273,0.002522278111,0.002613746095,0.0003859580902,,,,,,
therapist,panel_mi,42,55,55,6,1b9abf33ba8b2badfab01f2ee1f7aa958800a9808d579c0ec4e6bc41eb27f449,10,question,False,-0,0,1,0,0,therapist_input,0.5872504711,1.850904703,1.236661566,0.4633459271,0.004673096351,0.1570949852,0.7147800326,0.1234518886,0.01001655683,,,,,,
therapist,panel_mi,42,55,55,8,1b9abf33ba8b2badfab01f2ee1f7aa958800a9808d579c0ec4e6bc41eb27f449,10,therapist_input,False,0.3609640474,0,0.2,0.8,0,therapist_input,0.3051888049,0.519200635,0.007603834806,0.004861688794,1.40622451e-05,0.1365308911,0.8596760035,0.003779077902,0.01526708715,,,,,,
therapist,panel_mi,42,55,55,10,1b9abf33ba8b2badfab01f2ee1f7aa958800a9808d579c0ec4e6bc41eb27f449,10,question,False,-0,0,1,0,0,question,0.1113698483,0.03008846939,0.001380580452,0.01038399747,0.000987632433,0.9703598022,0.02105574682,0.007596858777,0.002563548507,,,,,,
therapist,panel_mi,42,55,55,12,1b9abf33ba8b2badfab01f2ee1f7aa958800a9808d579c0ec4e6bc41eb27f449,10,question,False,-0,0,1,0,0,reflection,0.602004528,1.165868521,0.8811744161,0.3335573938,0.6370546818,0.3116518259,0.03557134792,0.01572207734,0.02882266417,,,,,,
therapist,panel_mi,42,55,55,14,1b9abf33ba8b2badfab01f2ee1f7aa958800a9808d579c0ec4e6bc41eb27f449,10,question,False,-0,0,1,0,0,question,0.01662079431,0.003114897525,1.589914995e-05,0.001079074805,0.002434125636,0.9968900681,0.0001464941888,0.000529438199,0.0002799958456,,,,,,
therapist,panel_mi,42,55,55,16,1b9abf33ba8b2badfab01f2ee1f7aa958800a9808d579c0ec4e6bc41eb27f449,10,question,False,-0,0,1,0,0,question,0.1177696958,0.03162792698,0.001485971162,0.01091293391,0.002149493899,0.9688670039,0.0212765336,0.007706913166,0.00218891562,,,,,,
therapist,panel_mi,42,55,55,18,1b9abf33ba8b2badfab01f2ee1f7aa958800a9808d579c0ec4e6bc41eb27f449,10,reflection,False,-0,1,0,0,0,reflection,0.2325804979,0.07427047938,0.007439136715,0.02547192265,0.9284205437,0.006833326072,0.02307806537,0.04166805372,0.02460553683,,,,,,
therapist,panel_mi,42,55,55,20,1b9abf33ba8b2badfab01f2ee1f7aa958800a9808d579c0ec4e6bc41eb27f449,10,reflection,False,0.2344977968,0.9,0,0,0.1,reflection,0.3545782268,0.4122466773,0.005455416472,0.02790053047,0.8801091313,0.02192229405,0.04682319239,0.05114540458,0.002944167238,,,,,,
therapist,panel_mi,42,55,55,22,1b9abf33ba8b2badfab01f2ee1f7aa958800a9808d579c0ec4e6bc41eb27f449,10,question,False,0.6477309221,0.3,0.6,0.1,0,reflection,0.5789176226,1.112387055,0.1372339469,0.05123674504,0.5886355639,0.3807730675,0.02373710461,0.006854269654,0.01195230521,,,,,,
therapist,panel_mi,42,55,55,24,1b9abf33ba8b2badfab01f2ee1f7aa958800a9808d579c0ec4e6bc41eb27f449,10,question,False,-0,0,1,0,0,question,0.007166529074,0.001179854386,2.256831689e-06,0.0004088551894,0.0001848535321,0.9988207817,8.615359548e-05,0.0009081977187,0.0001831902919,,,,,,
therapist,panel_mi,42,55,55,26,1b9abf33ba8b2badfab01f2ee1f7aa958800a9808d579c0ec4e6bc41eb27f449,10,question,False,-0,0,1,0,0,question,0.009916496463,0.001695460174,4.574105872e-06,0.000587459151,0.001270744251,0.9983059764,0.00020841269,0.0002148559579,0.0001397826709,,,,,,
therapist,panel_mi,42,55,55,28,1b9abf33ba8b2badfab01f2ee1f7aa958800a9808d579c0ec4e6bc41eb27f449,10,question,False,-0,0,1,0,0,question,0.002479418181,0.0003508945229,1.866198989e-07,0.0001216031527,4.625383735e-05,0.9996491671,6.564425712e-05,0.0002389300353,2.521068382e-05,,,,,,
therapist,panel_mi,42,55,55,30,1b9abf33ba8b2badfab01f2ee1f7aa958800a9808d579c0ec4e6bc41eb27f449,10,question,False,-0,0,1,0,0,question,0.3057046533,0.1122024655,0.01696807675,0.03827203433,0.0679102093,0.8938632011,0.03254153952,0.005685046315,0.006278481334,,,,,,
therapist,panel_mi,42,55,55,32,1b9abf33ba8b2badfab01f2ee1f7aa958800a9808d579c0ec4e6bc41eb27f449,10,question,False,-0,0,1,0,0,question,0.003904035082,0.0006037388812,6.235376903e-07,0.0002092398812,6.653238961e-05,0.9993964434,0.0005037031369,3.337172529e-05,4.204959987e-05,,,,,,
therapist,panel_mi,42,55,55,34,1b9abf33ba8b2badfab01f2ee1f7aa958800a9808d579c0ec4e6bc41eb27f449,10,reflection,False,-0,1,0,0,0,reflection,0.1995767057,0.06360092759,0.006052478044,0.02184588816,0.9383794069,0.008406022564,0.04621370882,0.007000889629,0.004073734395,,,,,,
therapist,panel_mi,42,55,55,36,1b9abf33ba8b2badfab01f2ee1f7aa958800a9808d579c0ec4e6bc41eb27f449,10,question,False,0.2344977968,0,0.9,0.1,0,question,0.001842247555,0.8394309473,0.01990230793,0.03525432549,1.293715013e-05,0.9997376204,0.000226685268,2.2790191e-05,1.487793088e-05,,,,,,
therapist,panel_mi,42,55,55,38,1b9abf33ba8b2badfab01f2ee1f7aa958800a9808d579c0ec4e6bc41eb27f449,10,therapist_input,False,-0,0,0,1,0,therapist_input,0.1649378538,0.05233196914,0.004325237904,0.01800394135,0.0001673074876,0.0106727872,0.9490138888,0.04014606029,0.02072329819,,,,,,
therapist,panel_mi,42,55,55,40,1b9abf33ba8b2badfab01f2ee1f7aa958800a9808d579c0ec4e6bc41eb27f449,10,therapist_input,True,0.5,0,0,0.5,0.5,other,0.1685158908,1.499340516,0.3965588396,0.1403637543,0.002652117284,0.001105842646,0.05284383148,0.9433981776,0.002735705581,,,,,,
therapist,panel_mi,42,55,55,42,1b9abf33ba8b2badfab01f2ee1f7aa958800a9808d579c0ec4e6bc41eb27f449,10,question,False,-0,0,1,0,0,question,0.002656468423,0.0003725984425,1.938972846e-07,0.000129104752,0.0001835574658,0.999627471,5.21314978e-05,0.0001367785444,2.769249477e-05,,,,,,
therapist,panel_mi,42,55,55,44,1b9abf33ba8b2badfab01f2ee1f7aa958800a9808d579c0ec4e6bc41eb27f449,10,question,False,0.4406454496,0.3,0.7,0,0,question,0.004281678237,2.299852305,0.1793288025,0.1156994805,0.0004691182112,0.9993492365,8.263874042e-05,9.897285781e-05,7.728006312e-05,,,,,,
therapist,panel_mi,42,55,55,46,1b9abf33ba8b2badfab01f2ee1f7aa958800a9808d579c0ec4e6bc41eb27f449,10,reflection,False,0.2344977968,0.9,0.1,0,0,question,0.6198593378,3.142271027,1.141601556,0.4757921393,0.03190590814,0.6583392024,0.2738257945,0.03592904657,0.03279132023,,,,,,
therapist,panel_mi,42,55,55,48,1b9abf33ba8b2badfab01f2ee1f7aa958800a9808d579c0ec4e6bc41eb27f449,10,question,False,0.2344977968,0,0.9,0,0.1,question,0.001717738574,1.074421874,0.01994702559,0.03594998037,8.543638614e-06,0.9997561574,0.0002136455441,2.161712109e-05,2.138535092e-05,,,,,,
therapist,panel_mi,42,55,55,50,1b9abf33ba8b2badfab01f2ee1f7aa958800a9808d579c0ec4e6bc41eb27f449,10,therapist_input,False,-0,0,0,1,0,therapist_input,0.02869940549,0.00609858986,6.513404598e-05,0.002111811611,9.100438911e-05,0.0007334506954,0.9939199686,0.005255571567,0.0007743299357,,,,,,
therapist,panel_mi,42,55,55,52,1b9abf33ba8b2badfab01f2ee1f7aa958800a9808d579c0ec4e6bc41eb27f449,10,reflection,False,0.6783898247,0.7,0.1,0.1,0.1,question,0.7011534572,1.907797778,0.4827575302,0.198180279,0.2228925228,0.5876075029,0.1877815127,0.001718424959,0.0395687744,,,,,,
therapist,panel_mi,42,55,55,54,1b9abf33ba8b2badfab01f2ee1f7aa958800a9808d579c0ec4e6bc41eb27f449,10,question,False,0.2344977968,0,0.9,0.1,0,question,0.568996489,0.523249191,0.1257681922,0.05718329721,0.002819329733,0.6323975325,0.330100596,0.03468254209,0.0313549377,,,,,,
therapist,panel_mi,42,55,55,56,1b9abf33ba8b2badfab01f2ee1f7aa958800a9808d579c0ec4e6bc41eb27f449,10,question,False,0.4609640474,0,0.8,0.1,0.1,question,0.899381876,1.00684135,0.1792336512,0.1128111789,0.2292559594,0.4627401829,0.09442525357,0.2135785818,0.09027123451,,,,,,
therapist,panel_mi,42,55,55,58,1b9abf33ba8b2badfab01f2ee1f7aa958800a9808d579c0ec4e6bc41eb27f449,10,question,False,0.2344977968,0,0.9,0.1,0,question,0.05537432432,0.6023412782,0.01720688853,0.03372573232,0.008732670918,0.9875463247,0.002710489323,0.001010509906,0.001422494301,,,,,,
therapist,panel_mi,42,55,55,60,1b9abf33ba8b2badfab01f2ee1f7aa958800a9808d579c0ec4e6bc41eb27f449,10,question,False,0.2344977968,0,0.9,0.1,0,therapist_input,0.7342111468,0.9088668704,0.4020412769,0.1622682997,0.003367493395,0.3970898986,0.4600888789,0.1394538134,0.05371277779,,,,,,
therapist,panel_mi,42,55,55,62,1b9abf33ba8b2badfab01f2ee1f7aa958800a9808d579c0ec4e6bc41eb27f449,10,other,False,0.7427376486,0,0.2,0.3,0.5,therapist_input,0.45878461,1.596397986,0.3619791998,0.1271045675,0.002528139157,0.036345575,0.7819415331,0.1791847944,0.04998932406,,,,,,
therapist,panel_mi,42,55,55,64,1b9abf33ba8b2badfab01f2ee1f7aa958800a9808d579c0ec4e6bc41eb27f449,10,other,False,-0,0,0,0,1,other,0.558339119,0.3406033814,0.13431479,0.1122723259,0.2134484053,0.001534541603,0.07367609441,0.7113409042,0.07284863293,,,,,,
therapist,panel_mi,42,56,56,0,994bc72760dcfe7fa4dcb4204fd49276c86f3b5d7563bd03968bb98375e50059,10,question,False,0.8427376486,0.1,0.5,0.3,0.1,therapist_input,0.6994323134,1.430571139,0.05053062849,0.03983138879,0.004567445721,0.412843138,0.483916223,0.09867320955,0.01122699957,,,,,,
therapist,panel_mi,42,56,56,2,994bc72760dcfe7fa4dcb4204fd49276c86f3b5d7563bd03968bb98375e50059,10,other,False,0.4854752972,0,0.4,0,0.6,question,0.4466300905,1.287648082,0.3911700571,0.13373093,0.03319726512,0.8154414296,0.0173811391,0.1339802593,0.004971095826,,,,,,
therapist,panel_mi,42,56,56,4,994bc72760dcfe7fa4dcb4204fd49276c86f3b5d7563bd03968bb98375e50059,10,question,False,-0,0,1,0,0,question,0.05918693542,0.01453444548,0.0003682292677,0.005027056653,0.0004270965292,0.9855706096,0.001441945205,0.01256033592,0.0004510823637,,,,,,
therapist,panel_mi,42,56,56,6,994bc72760dcfe7fa4dcb4204fd49276c86f3b5d7563bd03968bb98375e50059,10,other,False,-0,0,0,0,1,other,0.2707218528,0.09686826915,0.01357118994,0.03311469334,0.008142041974,0.01527929865,0.06890311092,0.9076755643,0.003760926425,,,,,,
therapist,panel_mi,42,56,56,8,994bc72760dcfe7fa4dcb4204fd49276c86f3b5d7563bd03968bb98375e50059,10,reflection,False,0.2344977968,0.9,0.1,0,0,therapist_input,0.02623074502,9.53680234,1.809116915,0.6882063175,5.024351412e-05,0.001872725436,0.99477005,0.003306981875,0.000255813211,,,,,,
therapist,panel_mi,42,56,56,10,994bc72760dcfe7fa4dcb4204fd49276c86f3b5d7563bd03968bb98375e50059,10,reflection,True,0.5,0.5,0.5,0,0,question,0.5899923444,0.7272710204,0.002465217518,0.01167180429,0.462017864,0.5054074526,0.001075876411,0.03149883822,0.02822210267,,,,,,
therapist,panel_mi,42,56,56,12,994bc72760dcfe7fa4dcb4204fd49276c86f3b5d7563bd03968bb98375e50059,10,reflection,False,-0,1,0,0,0,reflection,0.4134554863,0.2438763231,0.08906828165,0.08158491257,0.7835845351,0.007251432631,0.003821791383,0.2053422481,0.006409175694,,,,,,
therapist,panel_mi,42,56,56,14,994bc72760dcfe7fa4dcb4204fd49276c86f3b5d7563bd03968bb98375e50059,10,reflection,False,-0,1,0,0,0,reflection,0.06581538171,0.01653612964,0.0004705948642,0.005717757579,0.9835998416,0.0002540415735,0.002105779015,0.01404032856,0.001151410164,,,,,,
therapist,panel_mi,42,56,56,16,994bc72760dcfe7fa4dcb4204fd49276c86f3b5d7563bd03968bb98375e50059,10,reflection,False,-0,1,0,0,0,reflection,0.6252650023,0.6566748619,0.4173043866,0.2056725154,0.5185728073,0.001124936971,0.4274821877,0.05282005668,0.0131745059,,,,,,
therapist,panel_mi,42,56,56,18,994bc72760dcfe7fa4dcb4204fd49276c86f3b5d7563bd03968bb98375e50059,10,reflection,False,0.3609640474,0.8,0.2,0,0,reflection,0.3065180182,0.5664440513,0.01746421678,0.01729062689,0.8811920285,0.09765634686,0.001244020532,0.01990770549,0.008459499106,,,,,,
therapist,panel_mi,42,56,56,20,994bc72760dcfe7fa4dcb4204fd49276c86f3b5d7563bd03968bb98375e50059,10,other,False,0.2344977968,0.1,0,0,0.9,other,0.2707218528,0.5682528667,0.0134778944,0.05221964722,0.008142041974,0.01527929865,0.06890311092,0.9076755643,0.003760926425,,,,,,
therapist,panel_mi,42,56,56,22,994bc72760dcfe7fa4dcb4204fd49276c86f3b5d7563bd03968bb98375e50059,10,reflection,False,0.3609640474,0.8,0,0,0.2,reflection,0.05675846711,1.021257295,0.07251101481,0.06447546377,0.9870330691,8.844702097e-05,0.006495257374,0.006383240223,0.0006670131115,,,,,,
therapist,panel_mi,42,56,56,24,994bc72760dcfe7fa4dcb4204fd49276c86f3b5d7563bd03968bb98375e50059,10,question,False,-0,0,1,0,0,question,0.0108176237,0.00185476779,5.264564524e-06,0.0006426644947,0.000416899944,0.998146832,0.0001587974693,0.00127740053,7.981623639e-05,,,,,,
therapist,panel_mi,42,56,56,26,994bc72760dcfe7fa4dcb4204fd49276c86f3b5d7563bd03968bb98375e50059,10,other,False,-0,0,0,0,1,other,0.1596753299,0.0561655052,0.00572780898,0.01931231363,0.05234094709,0.00227609463,2.627950551e-07,0.9453827739,0.002194876317,,,,,,
therapist,panel_mi,42,56,56,28,994bc72760dcfe7fa4dcb4204fd49276c86f3b5d7563bd03968bb98375e50059,10,reflection,False,-0,1,0,0,0,reflection,0.03093874641,0.006854427978,8.612451876e-05,0.002373277104,0.9931691289,9.825866982e-06,0.0005646686768,0.006256449036,0.0002470373292,,,,,,
therapist,panel_mi,42,56,56,30,994bc72760dcfe7fa4dcb4204fd49276c86f3b5d7563bd03968bb98375e50059,10,question,False,0.4406454496,0.3,0.7,0,0,reflection,0.289187938,1.537682626,0.6713889043,0.1907743472,0.8763845563,0.1176384538,0.001129037701,0.004847927019,0.01097178087,,,,,,
therapist,panel_mi,42,56,56,32,994bc72760dcfe7fa4dcb4204fd49276c86f3b5d7563bd03968bb98375e50059,10,other,False,-0,0,0,0,1,other,0.1596760303,0.05616576225,0.005727861643,0.01931241256,0.05234119296,0.002276116749,2.627960498e-07,0.9453824162,0.002194874221,,,,,,
therapist,panel_mi,42,56,56,34,994bc72760dcfe7fa4dcb4204fd49276c86f3b5d7563bd03968bb98375e50059,10,question,False,-0,0,1,0,0,question,0.5278597474,0.6202927828,0.4200273273,0.1954655504,0.4542321563,0.537786901,0.000268401287,0.007712495513,0.07534001768,,,,,,
therapist,panel_mi,42,56,56,36,994bc72760dcfe7fa4dcb4204fd49276c86f3b5d7563bd03968bb98375e50059,10,reflection,False,-0,1,0,0,0,therapist_input,0.662704289,1.007117987,0.7256684685,0.2966720482,0.3652701974,0.04518543929,0.5658473969,0.02369695716,0.006132493727,,,,,,
therapist,panel_mi,42,56,56,38,994bc72760dcfe7fa4dcb4204fd49276c86f3b5d7563bd03968bb98375e50059,10,other,False,-0,0,0,0,1,reflection,0.3824158013,1.671995044,1.306364539,0.4338327526,0.8042142987,0.0007559913211,0.007157849614,0.1878718734,0.0113496678,,,,,,
therapist,panel_mi,42,56,56,40,994bc72760dcfe7fa4dcb4204fd49276c86f3b5d7563bd03968bb98375e50059,10,other,False,-0,0,0,0,1,other,0.279127121,0.1378469318,0.03305052081,0.04684460985,0.128332153,0.0004358187434,8.218034253e-09,0.8712320328,0.007640930358,,,,,,
therapist,panel_mi,42,56,56,42,994bc72760dcfe7fa4dcb4204fd49276c86f3b5d7563bd03968bb98375e50059,10,reflection,False,0.5783898247,0.7,0.2,0,0.1,reflection,0.5846224427,1.692833632,0.1091536218,0.154788467,0.6724727154,0.003376682755,0.2614295483,0.06272103637,0.006317268126,,,,,,
therapist,panel_mi,42,56,56,44,994bc72760dcfe7fa4dcb4204fd49276c86f3b5d7563bd03968bb98375e50059,10,reflection,False,0.4406454496,0.7,0,0.3,0,other,0.7272158861,1.628766453,0.5908879854,0.2989417529,0.2661224902,0.03782522678,0.09629312158,0.5997591615,0.0379983969,,,,,,
therapist,panel_mi,42,56,56,46,994bc72760dcfe7fa4dcb4204fd49276c86f3b5d7563bd03968bb98375e50059,10,question,False,-0,0,1,0,0,question,0.2451333255,0.08316864818,0.009959742482,0.02848741147,0.007892396301,0.9201959372,0.0142404763,0.05767124891,0.003770095529,,,,,,
therapist,panel_mi,42,56,56,48,994bc72760dcfe7fa4dcb4204fd49276c86f3b5d7563bd03968bb98375e50059,10,other,False,-0,0,0,0,1,other,0.2707218528,0.09686826915,0.01357118994,0.03311469334,0.008142041974,0.01527929865,0.06890311092,0.9076755643,0.003760926425,,,,,,
therapist,panel_mi,42,56,56,50,994bc72760dcfe7fa4dcb4204fd49276c86f3b5d7563bd03968bb98375e50059,10,reflection,False,-0,1,0,0,0,reflection,0.6848811507,0.3956027329,0.1507736765,0.1292867429,0.6732740998,0.04422570765,0.1083505154,0.1741496921,0.01926385984,,,,,,
therapist,panel_mi,42,56,56,52,994bc72760dcfe7fa4dcb4204fd49276c86f3b5d7563bd03968bb98375e50059,10,other,False,-0,0,0,0,1,other,0.31422925,0.1404584944,0.03131543533,0.0477139185,0.002178405412,0.01041033957,0.1184515134,0.8689597249,0.003225133987,,,,,,
therapist,panel_mi,42,56,56,54,994bc72760dcfe7fa4dcb4204fd49276c86f3b5d7563bd03968bb98375e50059,10,reflection,False,0.5783898247,0.7,0,0.2,0.1,therapist_input,0.1341786534,5.400261971,1.06836407,0.3832729802,0.0007208784809,0.002757085953,0.9586228132,0.03789914399,0.006676522084,,,,,,
therapist,panel_mi,42,56,56,56,994bc72760dcfe7fa4dcb4204fd49276c86f3b5d7563bd03968bb98375e50059,10,reflection,False,0.6804820237,0.5,0,0.4,0.1,other,0.7175344229,1.446892256,0.2722284085,0.1214003852,0.1369825006,0.0001557672658,0.3882828355,0.4745789468,0.08702949435,,,,,,
therapist,panel_mi,42,56,56,58,994bc72760dcfe7fa4dcb4204fd49276c86f3b5d7563bd03968bb98375e50059,10,question,False,-0,0,1,0,0,question,0.02045552433,0.004192605615,3.255121932e-05,0.001452195538,0.0002515906526,0.9958161116,6.187552935e-05,0.003870357526,0.0001265648461,,,,,,
therapist,panel_mi,42,56,56,60,994bc72760dcfe7fa4dcb4204fd49276c86f3b5d7563bd03968bb98375e50059,10,other,False,-0,0,0,0,1,other,0.2707218528,0.09686826915,0.01357118994,0.03311469334,0.008142041974,0.01527929865,0.06890311092,0.9076755643,0.003760926425,,,,,,
therapist,panel_mi,42,56,56,62,994bc72760dcfe7fa4dcb4204fd49276c86f3b5d7563bd03968bb98375e50059,10,other,False,-0,0,0,0,1,reflection,0.616946578,0.9144462347,0.6623734811,0.2738961374,0.5485169291,0.001911881031,0.04883269593,0.4007384777,0.008514797315,,,,,,
therapist,panel_mi,42,56,56,64,994bc72760dcfe7fa4dcb4204fd49276c86f3b5d7563bd03968bb98375e50059,10,other,False,-0,0,0,0,1,reflection,0.3824157715,1.671994925,1.30636449,0.4338327275,0.8042142987,0.0007559929509,0.007157824934,0.1878719032,0.0113496501,,,,,,
therapist,panel_mi,42,56,56,66,994bc72760dcfe7fa4dcb4204fd49276c86f3b5d7563bd03968bb98375e50059,10,reflection,False,-0,1,0,0,0,reflection,0.09789622575,0.02483330108,0.0009135482834,0.008576683641,0.9754726291,0.004744512029,0.00304458919,0.01673829928,0.002617190825,,,,,,
therapist,panel_mi,42,56,56,68,994bc72760dcfe7fa4dcb4204fd49276c86f3b5d7563bd03968bb98375e50059,10,question,False,-0,0,1,0,0,question,0.01766732708,0.003189399373,1.437532451e-05,0.001104867131,0.0003083327902,0.9968156815,0.001486719353,0.001389257493,0.0001717910782,,,,,,
therapist,panel_mi,42,56,56,70,994bc72760dcfe7fa4dcb4204fd49276c86f3b5d7563bd03968bb98375e50059,10,other,False,-0,0,0,0,1,reflection,0.3824157715,1.671994925,1.30636449,0.4338327275,0.8042142987,0.0007559929509,0.007157824934,0.1878719032,0.0113496501,,,,,,
therapist,panel_mi,42,56,56,72,994bc72760dcfe7fa4dcb4204fd49276c86f3b5d7563bd03968bb98375e50059,10,therapist_input,False,-0,0,0,1,0,therapist_input,0.05681363493,0.01315258723,0.0002717873271,0.004550000028,0.0005769492709,0.00287382747,0.9869335294,0.009615764022,0.001847706153,,,,,,
therapist,panel_mi,42,56,56,74,994bc72760dcfe7fa4dcb4204fd49276c86f3b5d7563bd03968bb98375e50059,10,other,False,-0,0,0,0,1,other,0.1596753299,0.0561655052,0.00572780898,0.01931231363,0.05234094709,0.00227609463,2.627950551e-07,0.9453827739,0.002194876317,,,,,,
therapist,panel_mi,42,56,56,76,994bc72760dcfe7fa4dcb4204fd49276c86f3b5d7563bd03968bb98375e50059,10,therapist_input,False,0.3609640474,0,0,0.8,0.2,other,0.5789267421,1.090594566,0.4823940424,0.1482257207,0.05115675926,0.003506479785,0.2836537361,0.6616830826,0.01886882447,,,,,,
therapist,panel_mi,42,56,56,78,994bc72760dcfe7fa4dcb4204fd49276c86f3b5d7563bd03968bb98375e50059,10,other,False,-0,0,0,0,1,other,0.4224004745,0.2526423633,0.09455459059,0.08440582359,0.004380494356,0.007603770588,0.2112701237,0.7767456174,0.004854292143,,,,,,
therapist,panel_mi,42,56,56,80,994bc72760dcfe7fa4dcb4204fd49276c86f3b5d7563bd03968bb98375e50059,10,therapist_input,False,0.2344977968,0,0,0.9,0.1,therapist_input,0.5229999423,0.6666898221,0.1194896517,0.1092351618,0.2705070972,0.0006775746006,0.6953260303,0.0334893316,0.008944204077,,,,,,
therapist,panel_mi,42,56,56,82,994bc72760dcfe7fa4dcb4204fd49276c86f3b5d7563bd03968bb98375e50059,10,other,False,-0,0,0,0,1,other,0.1596760303,0.05616576225,0.005727861643,0.01931241256,0.05234119296,0.002276116749,2.627960498e-07,0.9453824162,0.002194874221,,,,,,
therapist,panel_mi,42,56,56,84,994bc72760dcfe7fa4dcb4204fd49276c86f3b5d7563bd03968bb98375e50059,10,other,False,-0,0,0,0,1,other,0.2707226276,0.09686860442,0.01357127518,0.03311481887,0.008142055012,0.01527944021,0.06890329719,0.9076752663,0.00376094575,,,,,,
therapist,panel_mi,42,56,56,86,994bc72760dcfe7fa4dcb4204fd49276c86f3b5d7563bd03968bb98375e50059,10,other,False,-0,0,0,0,1,other,0.1596760303,0.05616576225,0.005727861643,0.01931241256,0.05234119296,0.002276116749,2.627960498e-07,0.9453824162,0.002194874221,,,,,,
therapist,panel_mi,42,56,56,88,994bc72760dcfe7fa4dcb4204fd49276c86f3b5d7563bd03968bb98375e50059,10,therapist_input,False,0.4406454496,0,0,0.7,0.3,therapist_input,0.7727515697,0.9370430887,0.1488881719,0.1004836119,0.2191235721,0.000563020003,0.3942720294,0.3860414028,0.05733536556,,,,,,
therapist,panel_mi,42,56,56,90,994bc72760dcfe7fa4dcb4204fd49276c86f3b5d7563bd03968bb98375e50059,10,question,False,0.4609640474,0,0.8,0.1,0.1,therapist_input,0.4432796836,1.808249854,0.8642799555,0.2792382123,0.013152753,0.1828097105,0.7898024917,0.01423503272,0.01116157882,,,,,,
therapist,panel_mi,42,56,56,92,994bc72760dcfe7fa4dcb4204fd49276c86f3b5d7563bd03968bb98375e50059,10,other,False,-0,0,0,0,1,other,0.04034252465,0.009030464105,0.0001406354646,0.00312577413,0.0005160356523,0.007675641682,0.0007981201634,0.9910101891,0.0002810252481,,,,,,
therapist,panel_mi,42,56,56,94,994bc72760dcfe7fa4dcb4204fd49276c86f3b5d7563bd03968bb98375e50059,10,question,False,0.2344977968,0,0.9,0,0.1,question,0.1345769465,0.3906115022,0.008933742908,0.01443168152,0.009949227795,0.9612579346,8.268267266e-05,0.02871024981,0.001057461603,,,,,,
therapist,panel_mi,42,56,56,96,994bc72760dcfe7fa4dcb4204fd49276c86f3b5d7563bd03968bb98375e50059,10,other,False,-0,0,0,0,1,reflection,0.3824157715,1.671994925,1.30636449,0.4338327275,0.8042142987,0.0007559929509,0.007157824934,0.1878719032,0.0113496501,,,,,,
therapist,panel_mi,42,56,56,98,994bc72760dcfe7fa4dcb4204fd49276c86f3b5d7563bd03968bb98375e50059,10,other,False,-0,0,0,0,1,other,0.1596753299,0.0561655052,0.00572780898,0.01931231363,0.05234094709,0.00227609463,2.627950551e-07,0.9453827739,0.002194876317,,,,,,
therapist,panel_mi,42,56,56,100,994bc72760dcfe7fa4dcb4204fd49276c86f3b5d7563bd03968bb98375e50059,10,other,False,0.2344977968,0,0,0.1,0.9,other,0.2707218528,0.3546868496,0.001325680612,0.009564882168,0.008142041974,0.01527929865,0.06890311092,0.9076755643,0.003760926425,,,,,,
therapist,panel_mi,42,56,56,102,994bc72760dcfe7fa4dcb4204fd49276c86f3b5d7563bd03968bb98375e50059,10,other,False,-0,0,0,0,1,other,0.2707218528,0.09686826915,0.01357118994,0.03311469334,0.008142041974,0.01527929865,0.06890311092,0.9076755643,0.003760926425,,,,,,
therapist,panel_mi,42,56,56,104,994bc72760dcfe7fa4dcb4204fd49276c86f3b5d7563bd03968bb98375e50059,10,reflection,False,0.2344977968,0.9,0,0,0.1,other,0.9160385132,1.116970885,0.468423329,0.2170921281,0.3202268481,0.1842708737,0.09745246172,0.3980498016,0.02099372074,,,,,,
therapist,panel_mi,42,56,56,106,994bc72760dcfe7fa4dcb4204fd49276c86f3b5d7563bd03968bb98375e50059,10,reflection,False,0.3609640474,0.8,0,0,0.2,other,0.6522808075,1.746775639,0.7376484188,0.2722399451,0.1224975958,0.07591792196,0.08640538156,0.7151790857,0.05093859509,,,,,,
therapist,panel_mi,42,56,56,108,994bc72760dcfe7fa4dcb4204fd49276c86f3b5d7563bd03968bb98375e50059,10,question,False,-0,0,1,0,0,question,0.8416811228,0.7323694229,0.3887116833,0.226450995,0.1814545244,0.4807685018,0.04818656668,0.2895904779,0.03091847338,,,,,,
therapist,panel_mi,42,56,56,110,994bc72760dcfe7fa4dcb4204fd49276c86f3b5d7563bd03968bb98375e50059,10,therapist_input,False,-0,0,0,1,0,therapist_input,0.2401985824,0.09097886831,0.01328886341,0.03112772503,0.0005640551681,0.01162742637,0.9130369425,0.07477154583,0.02480256557,,,,,,
therapist,panel_mi,42,56,56,112,994bc72760dcfe7fa4dcb4204fd49276c86f3b5d7563bd03968bb98375e50059,10,question,False,0.4854752972,0,0.6,0.4,0,therapist_input,0.7847294807,1.084489298,0.1768166903,0.121191767,0.009732560255,0.2643671334,0.48889938,0.2370009422,0.07949930429,,,,,,
therapist,panel_mi,42,56,56,114,994bc72760dcfe7fa4dcb4204fd49276c86f3b5d7563bd03968bb98375e50059,10,therapist_input,False,0.2344977968,0.1,0,0.9,0,therapist_input,0.6425716281,1.071348172,0.3455114516,0.2145756045,0.00897726696,0.04685609043,0.5133930445,0.430773586,0.01339505333,,,,,,
therapist,panel_mi,42,56,56,116,994bc72760dcfe7fa4dcb4204fd49276c86f3b5d7563bd03968bb98375e50059,10,therapist_input,False,0.4609640474,0.1,0.1,0.8,0,therapist_input,0.1905992925,1.362590915,0.03872420438,0.0708504394,0.0001368818776,0.01461077016,0.9389999509,0.04625244066,0.01124745142,,,,,,
therapist,panel_mi,42,56,56,118,994bc72760dcfe7fa4dcb4204fd49276c86f3b5d7563bd03968bb98375e50059,10,reflection,False,-0,1,0,0,0,therapist_input,0.6125609875,1.068293571,0.8007321124,0.3112031994,0.3435942829,0.03413142264,0.6070138216,0.01526040025,0.007105149329,,,,,,
therapist,panel_mi,42,56,56,120,994bc72760dcfe7fa4dcb4204fd49276c86f3b5d7563bd03968bb98375e50059,10,therapist_input,False,-0,0,0,1,0,therapist_input,0.03389840946,0.006941153202,7.039090682e-05,0.002403277927,0.002873332705,0.0002736740862,0.9930830002,0.003770071315,0.0002710492408,,,,,,
therapist,panel_mi,42,56,56,122,994bc72760dcfe7fa4dcb4204fd49276c86f3b5d7563bd03968bb98375e50059,10,other,False,0.4854752972,0,0,0.4,0.6,other,0.2082872838,1.106536114,0.2135716445,0.08261053629,0.0009034692193,0.004029322881,0.07077497244,0.9242922664,0.002326199785,,,,,,
therapist,panel_mi,42,56,56,124,994bc72760dcfe7fa4dcb4204fd49276c86f3b5d7563bd03968bb98375e50059,10,therapist_input,False,0.3609640474,0,0,0.8,0.2,other,0.6047851443,3.002879632,0.8914613299,0.4168435792,0.4206500947,0.009460659698,0.02730330825,0.542585969,0.03213657811,,,,,,
therapist,panel_mi,42,56,56,126,994bc72760dcfe7fa4dcb4204fd49276c86f3b5d7563bd03968bb98375e50059,10,therapist_input,False,0.2344977968,0,0,0.9,0.1,reflection,0.5990187526,3.212654078,1.143903427,0.4952906862,0.5166345835,0.004074627068,0.03079135343,0.4484994411,0.07113562524,,,,,,
therapist,panel_mi,42,56,56,128,994bc72760dcfe7fa4dcb4204fd49276c86f3b5d7563bd03968bb98375e50059,10,other,False,-0,0,0,0,1,other,0.1596760303,0.05616576225,0.005727861643,0.01931241256,0.05234119296,0.002276116749,2.627960498e-07,0.9453824162,0.002194874221,,,,,,
therapist,panel_mi,42,56,56,130,994bc72760dcfe7fa4dcb4204fd49276c86f3b5d7563bd03968bb98375e50059,10,reflection,True,0.7609640474,0.4,0,0.2,0.4,therapist_input,0.5824388862,1.924037778,0.2758303054,0.1453255277,0.3990675211,0.00413179677,0.5697540641,0.02704657987,0.007027215324,,,,,,
therapist,panel_mi,42,56,56,132,994bc72760dcfe7fa4dcb4204fd49276c86f3b5d7563bd03968bb98375e50059,10,reflection,False,0.2344977968,0.9,0,0,0.1,reflection,0.1347648203,0.4235341575,0.010716852,0.0204074002,0.9647582173,0.005951523315,0.009298650548,0.01999162696,0.002361306921,,,,,,
therapist,panel_mi,42,56,56,134,994bc72760dcfe7fa4dcb4204fd49276c86f3b5d7563bd03968bb98375e50059,10,reflection,False,0.2344977968,0.9,0,0,0.1,reflection,0.546718657,0.647627002,0.2627397279,0.09009794466,0.5313469172,0.005457246676,0.007171405014,0.4560244679,0.06015383452,,,,,,
therapist,panel_mi,42,56,56,136,994bc72760dcfe7fa4dcb4204fd49276c86f3b5d7563bd03968bb98375e50059,10,other,False,-0,0,0,0,1,other,0.2707218528,0.09686826915,0.01357118994,0.03311469334,0.008142041974,0.01527929865,0.06890311092,0.9076755643,0.003760926425,,,,,,
therapist,panel_mi,42,56,56,138,994bc72760dcfe7fa4dcb4204fd49276c86f3b5d7563bd03968bb98375e50059,10,therapist_input,False,0.5783898247,0.1,0,0.7,0.2,reflection,0.8056513667,1.586793619,0.4472673374,0.1762408779,0.4441174567,0.028070461,0.1541834772,0.3736285865,0.01103091799,,,,,,
therapist,panel_mi,42,56,56,140,994bc72760dcfe7fa4dcb4204fd49276c86f3b5d7563bd03968bb98375e50059,10,other,False,0.4406454496,0,0,0.3,0.7,other,0.2340843529,0.9209499925,0.1086920871,0.06123291532,0.02285272814,2.602511631e-05,0.05628048256,0.9208408594,0.02030741051,,,,,,
therapist,panel_mi,42,56,56,142,994bc72760dcfe7fa4dcb4204fd49276c86f3b5d7563bd03968bb98375e50059,10,other,False,0.4406454496,0,0,0.3,0.7,other,0.5466353297,1.204998901,0.1110033152,0.1367545475,0.1981281191,0.02554281615,0.03637227416,0.7399568558,0.005738005973,,,,,,
therapist,panel_mi,42,56,56,144,994bc72760dcfe7fa4dcb4204fd49276c86f3b5d7563bd03968bb98375e50059,10,other,False,0.4854752972,0,0,0.4,0.6,therapist_input,0.6292641163,0.8530337572,0.1102265949,0.04954110222,0.01009883545,0.05124647543,0.5991280675,0.3395265639,0.07308646291,,,,,,
therapist,panel_mi,42,56,56,146,994bc72760dcfe7fa4dcb4204fd49276c86f3b5d7563bd03968bb98375e50059,10,therapist_input,False,0.7427376486,0.2,0,0.5,0.3,therapist_input,0.0612664111,2.502643596,0.3575547329,0.1861893345,0.003121178132,0.0001366912038,0.9853075743,0.01143457927,0.001356145134,,,,,,
therapist,panel_mi,42,56,56,148,994bc72760dcfe7fa4dcb4204fd49276c86f3b5d7563bd03968bb98375e50059,10,reflection,False,0.4854752972,0.6,0,0,0.4,therapist_input,0.09938121587,4.557367325,1.44522952,0.6354714149,0.007115882821,0.0002596501436,0.9738503695,0.01877405681,0.003454628168,,,,,,
therapist,panel_mi,42,56,56,150,994bc72760dcfe7fa4dcb4204fd49276c86f3b5d7563bd03968bb98375e50059,10,therapist_input,False,0.3609640474,0,0,0.8,0.2,therapist_input,0.2754766643,0.5233945012,0.01120384727,0.005433572501,0.0005321217468,9.431013314e-05,0.8745310903,0.1248424053,0.01766530238,,,,,,
therapist,panel_mi,42,56,56,152,994bc72760dcfe7fa4dcb4204fd49276c86f3b5d7563bd03968bb98375e50059,10,therapist_input,False,0.4854752972,0,0,0.6,0.4,other,0.4291924238,2.220686507,0.5217365992,0.2500942839,0.1424577683,0.0116865579,0.02824329212,0.8176124692,0.00640754262,,,,,,
therapist,panel_mi,42,56,56,154,994bc72760dcfe7fa4dcb4204fd49276c86f3b5d7563bd03968bb98375e50059,10,other,False,-0,0,0,0,1,other,0.1596753299,0.0561655052,0.00572780898,0.01931231363,0.05234094709,0.00227609463,2.627950551e-07,0.9453827739,0.002194876317,,,,,,
therapist,panel_mi,42,56,56,156,994bc72760dcfe7fa4dcb4204fd49276c86f3b5d7563bd03968bb98375e50059,10,other,False,-0,0,0,0,1,other,0.1596753299,0.0561655052,0.00572780898,0.01931231363,0.05234094709,0.00227609463,2.627950551e-07,0.9453827739,0.002194876317,,,,,,
therapist,panel_mi,42,56,56,158,994bc72760dcfe7fa4dcb4204fd49276c86f3b5d7563bd03968bb98375e50059,10,other,False,0.7427376486,0.2,0,0.3,0.5,therapist_input,0.5190863609,1.60289948,0.3715038176,0.1244739148,0.1293438375,0.001017622184,0.7614840865,0.1081544608,0.01290160418,,,,,,
therapist,panel_mi,42,56,56,160,994bc72760dcfe7fa4dcb4204fd49276c86f3b5d7563bd03968bb98375e50059,10,other,False,0.7854752972,0.1,0.1,0.2,0.6,therapist_input,0.5194910169,1.849098504,0.5207039982,0.1758144533,0.05366838723,0.01500042062,0.7670180202,0.1643131673,0.01538527757,,,,,,
therapist,panel_mi,42,56,56,162,994bc72760dcfe7fa4dcb4204fd49276c86f3b5d7563bd03968bb98375e50059,10,other,False,-0,0,0,0,1,other,0.1596753299,0.0561655052,0.00572780898,0.01931231363,0.05234094709,0.00227609463,2.627950551e-07,0.9453827739,0.002194876317,,,,,,
therapist,panel_mi,42,56,56,164,994bc72760dcfe7fa4dcb4204fd49276c86f3b5d7563bd03968bb98375e50059,10,therapist_input,False,0.4406454496,0,0,0.7,0.3,other,0.5447109342,2.980602801,0.7001914808,0.3648962292,0.3780243099,0.001757098944,0.01758060418,0.6026379466,0.0223220624,,,,,,
therapist,panel_mi,42,56,56,166,994bc72760dcfe7fa4dcb4204fd49276c86f3b5d7563bd03968bb98375e50059,10,other,False,-0,0,0,0,1,other,0.1596760303,0.05616576225,0.005727861643,0.01931241256,0.05234119296,0.002276116749,2.627960498e-07,0.9453824162,0.002194874221,,,,,,
therapist,panel_mi,42,56,56,168,994bc72760dcfe7fa4dcb4204fd49276c86f3b5d7563bd03968bb98375e50059,10,other,False,-0,0,0,0,1,other,0.1596760303,0.05616576225,0.005727861643,0.01931241256,0.05234119296,0.002276116749,2.627960498e-07,0.9453824162,0.002194874221,,,,,,
therapist,panel_mi,42,56,56,170,994bc72760dcfe7fa4dcb4204fd49276c86f3b5d7563bd03968bb98375e50059,10,other,False,-0,0,0,0,1,other,0.04034251347,0.009030464105,0.0001406353103,0.003125771689,0.0005160394358,0.007675631437,0.0007981195813,0.9910101891,0.0002810250153,,,,,,
therapist,panel_mi,42,56,56,172,994bc72760dcfe7fa4dcb4204fd49276c86f3b5d7563bd03968bb98375e50059,10,other,False,0.7854752972,0.3,0,0.3,0.4,other,0.7998809814,1.093837035,0.0003242515572,0.001664235821,0.2854840159,0.00445884373,0.3003872633,0.4096698761,0.01937403902,,,,,,
therapist,panel_mi,42,56,56,174,994bc72760dcfe7fa4dcb4204fd49276c86f3b5d7563bd03968bb98375e50059,10,other,False,-0,0,0,0,1,other,0.2752319276,0.09893320501,0.01410843733,0.03381056507,0.01464613248,0.00930625014,0.07024446875,0.9058032036,0.004588368349,,,,,,
therapist,panel_mi,42,66,66,0,60300796ba7899fd40ecbaa91387c5ca83e5757c4513c7aae95783e2e3877244,10,other,False,-0,0,0,0,1,other,0.174868539,0.05438346416,0.004401433952,0.01870430441,0.03698077053,0.0007313710521,0.01521897316,0.9470688701,0.001630799845,,,,,,
therapist,panel_mi,42,66,66,2,60300796ba7899fd40ecbaa91387c5ca83e5757c4513c7aae95783e2e3877244,10,question,False,-0,0,1,0,0,other,0.5644720197,0.7964589,0.5820401855,0.2435597568,0.003658340778,0.4509229064,0.01599907316,0.5294196606,0.00712423306,,,,,,
therapist,panel_mi,42,66,66,4,60300796ba7899fd40ecbaa91387c5ca83e5757c4513c7aae95783e2e3877244,10,reflection,True,0.8609640474,0.4,0.1,0.4,0.1,therapist_input,0.8511029482,1.445318544,0.1165308172,0.06523549791,0.1936469376,0.03953715041,0.4016920924,0.3651237488,0.008751037531,,,,,,
therapist,panel_mi,42,66,66,6,60300796ba7899fd40ecbaa91387c5ca83e5757c4513c7aae95783e2e3877244,10,reflection,False,-0,1,0,0,0,reflection,0.8000660539,0.6071642637,0.3012779341,0.1917473139,0.5448938608,0.1134573445,0.2778800428,0.06376871467,0.005515140947,,,,,,
therapist,panel_mi,42,66,66,8,60300796ba7899fd40ecbaa91387c5ca83e5757c4513c7aae95783e2e3877244,10,reflection,False,-0,1,0,0,0,reflection,0.03032842837,0.006345333531,6.730672803e-05,0.002197185833,0.9936747551,0.005139234941,0.0002905746805,0.0008954526857,0.000167799968,,,,,,
therapist,panel_mi,42,66,66,10,60300796ba7899fd40ecbaa91387c5ca83e5757c4513c7aae95783e2e3877244,10,other,False,0.6804820237,0.4,0.1,0,0.5,reflection,0.7991879582,1.203407145,0.1244975917,0.06805566288,0.5824962854,0.1248845086,0.08214562386,0.2104735672,0.008500149474,,,,,,
therapist,panel_mi,42,66,66,12,60300796ba7899fd40ecbaa91387c5ca83e5757c4513c7aae95783e2e3877244,10,reflection,False,-0,1,0,0,0,therapist_input,0.652397275,1.233341455,0.8902053027,0.348429111,0.2913175225,0.08270397037,0.6172999144,0.00867858436,0.003418395296,,,,,,
therapist,panel_mi,42,66,66,14,60300796ba7899fd40ecbaa91387c5ca83e5757c4513c7aae95783e2e3877244,10,therapist_input,False,0.5783898247,0.2,0,0.7,0.1,therapist_input,0.3538864255,1.471830003,0.06679531526,0.07843014553,0.003406970296,0.03541751951,0.8639643788,0.09721114486,0.003422857728,,,,,,
therapist,panel_mi,42,66,66,15,60300796ba7899fd40ecbaa91387c5ca83e5757c4513c7aae95783e2e3877244,10,therapist_input,False,0.2344977968,0,0.1,0.9,0,question,0.4980639815,1.05740647,0.6526494441,0.1916771337,0.001071351813,0.6654933691,0.3231467605,0.01028848067,0.006880051456,,,,,,
therapist,panel_mi,42,66,66,17,60300796ba7899fd40ecbaa91387c5ca83e5757c4513c7aae95783e2e3877244,10,reflection,False,0.2344977968,0.9,0.1,0,0,other,0.8497652411,1.288693428,0.5250870366,0.2860831365,0.3449992836,0.0365520902,0.2048302591,0.4136183858,0.009317145683,,,,,,
therapist,panel_mi,42,66,66,19,60300796ba7899fd40ecbaa91387c5ca83e5757c4513c7aae95783e2e3877244,10,therapist_input,False,0.4854752972,0.4,0,0.6,0,therapist_input,0.7281048894,0.8424611211,0.03049378984,0.05457087724,0.2539321184,0.06070605665,0.6124367118,0.07292507589,0.004620912019,,,,,,
therapist,panel_mi,42,66,66,21,60300796ba7899fd40ecbaa91387c5ca83e5757c4513c7aae95783e2e3877244,10,therapist_input,False,-0,0,0,1,0,therapist_input,0.2687539756,0.08922889829,0.01033088271,0.03053665692,0.03429055586,0.04232682288,0.9146361351,0.008746468462,0.001497620367,,,,,,
therapist,panel_mi,42,66,66,23,60300796ba7899fd40ecbaa91387c5ca83e5757c4513c7aae95783e2e3877244,10,therapist_input,False,0.2344977968,0,0,0.9,0.1,therapist_input,0.7276989818,0.5989020914,0.09466687015,0.08995152865,0.1656823903,0.06294575334,0.649453342,0.1219184846,0.005522759166,,,,,,
therapist,panel_mi,42,66,66,25,60300796ba7899fd40ecbaa91387c5ca83e5757c4513c7aae95783e2e3877244,10,therapist_input,False,0.6477309221,0.1,0.3,0.6,0,question,0.3128352463,2.00239424,0.6401099305,0.2105116609,0.03643292189,0.8917574883,0.06535010785,0.006459488533,0.002927684691,,,,,,
therapist,panel_mi,42,66,66,27,60300796ba7899fd40ecbaa91387c5ca83e5757c4513c7aae95783e2e3877244,10,other,False,-0,0,0,0,1,other,0.2303298265,0.07479447871,0.007592740178,0.02564970412,0.003055449575,0.03241856769,0.03659176826,0.927934289,0.001841836842,,,,,,
therapist,panel_mi,42,66,66,29,60300796ba7899fd40ecbaa91387c5ca83e5757c4513c7aae95783e2e3877244,10,reflection,False,0.2344977968,0.9,0,0,0.1,reflection,0.06591660529,0.4788147717,0.01538401219,0.02467110588,0.9847396612,0.0008092780481,0.004887014627,0.009564032778,0.0003744248534,,,,,,
therapist,panel_mi,42,109,109,0,f92544f5ed508add4c093c58e76fce40d49ca14b51000a7b8770e0152039d485,10,therapist_input,False,0.4406454496,0,0,0.7,0.3,therapist_input,0.6247606277,0.6848568738,0.008209165474,0.02529881677,0.01028508507,0.06028297544,0.6332563162,0.2961755991,0.01708667725,,,,,,
therapist,panel_mi,42,109,109,2,f92544f5ed508add4c093c58e76fce40d49ca14b51000a7b8770e0152039d485,10,therapist_input,False,0.2344977968,0,0,0.9,0.1,therapist_input,0.563246727,0.4635107249,0.04169389198,0.04518035997,0.005305456929,0.1034903526,0.7337154746,0.1574886739,0.007581576705,,,,,,
therapist,panel_mi,42,109,109,4,f92544f5ed508add4c093c58e76fce40d49ca14b51000a7b8770e0152039d485,10,question,False,0.6783898247,0.1,0.7,0.1,0.1,question,0.5105570555,1.351870728,0.05922607005,0.07272802255,0.005730181001,0.6774708033,0.3050465584,0.0117525328,0.03741725907,,,,,,
therapist,panel_mi,42,109,109,6,f92544f5ed508add4c093c58e76fce40d49ca14b51000a7b8770e0152039d485,10,reflection,False,-0,1,0,0,0,reflection,0.5268367529,0.3231337667,0.1306376435,0.1068017393,0.7238770127,0.04192410409,0.2293748856,0.004823976196,0.01732617989,,,,,,
therapist,panel_mi,42,109,109,8,f92544f5ed508add4c093c58e76fce40d49ca14b51000a7b8770e0152039d485,10,reflection,False,-0,1,0,0,0,reflection,0.3832247257,0.214541927,0.07121092015,0.0720878725,0.8069108725,0.001484804554,0.1840326488,0.007571594324,0.006315412931,,,,,,
therapist,panel_mi,42,109,109,10,f92544f5ed508add4c093c58e76fce40d49ca14b51000a7b8770e0152039d485,10,reflection,False,-0,1,0,0,0,therapist_input,0.7753190398,0.9017355442,0.5597707477,0.2707002174,0.405864656,0.1517977864,0.4284127355,0.0139248278,0.007522272877,,,,,,
therapist,panel_mi,42,109,109,12,f92544f5ed508add4c093c58e76fce40d49ca14b51000a7b8770e0152039d485,10,reflection,False,-0,1,0,0,0,reflection,0.2900589705,0.09759940952,0.01204045718,0.03336111822,0.9070121646,0.04331084341,0.01292233728,0.03675464168,0.0217853263,,,,,,
therapist,panel_mi,42,109,109,14,f92544f5ed508add4c093c58e76fce40d49ca14b51000a7b8770e0152039d485,10,question,False,-0,0,1,0,0,question,0.03587894142,0.007246159948,7.461556112e-05,0.002508786506,0.004249910358,0.9927800298,0.001572375186,0.001397672808,0.001143357484,,,,,,
therapist,panel_mi,42,109,109,16,f92544f5ed508add4c093c58e76fce40d49ca14b51000a7b8770e0152039d485,10,other,False,-0,0,0,0,1,other,0.2195906341,0.07303462178,0.007470355459,0.0250524954,0.0002576755651,0.03996234387,0.03021132946,0.9295685887,0.003020330099,,,,,,
therapist,panel_mi,42,109,109,18,f92544f5ed508add4c093c58e76fce40d49ca14b51000a7b8770e0152039d485,10,question,False,-0,0,1,0,0,question,0.0279125683,0.005469830241,4.299226189e-05,0.001894256316,0.0003558151657,0.9945451021,0.002783403266,0.002315688413,0.0004023188376,,,,,,
therapist,panel_mi,42,109,109,20,f92544f5ed508add4c093c58e76fce40d49ca14b51000a7b8770e0152039d485,10,question,False,0.3609640474,0.2,0.8,0,0,question,0.3425891101,0.6722064197,0.02963641238,0.04249056687,0.05640069768,0.8856445551,0.02817573771,0.02977903187,0.004720213823,,,,,,
therapist,panel_mi,42,109,109,22,f92544f5ed508add4c093c58e76fce40d49ca14b51000a7b8770e0152039d485,10,reflection,False,-0,1,0,0,0,other,0.8728657961,1.738502741,0.9748782977,0.4451472133,0.1757833958,0.06033764407,0.373306185,0.3905728459,0.05485574156,,,,,,
therapist,panel_mi,42,109,109,24,f92544f5ed508add4c093c58e76fce40d49ca14b51000a7b8770e0152039d485,10,question,False,0.5783898247,0,0.7,0.2,0.1,question,0.5993553996,1.062556577,0.07950111865,0.05486171677,0.02512416802,0.5476309061,0.4178267419,0.009418188594,0.01941089891,,,,,,
therapist,panel_mi,42,109,109,26,f92544f5ed508add4c093c58e76fce40d49ca14b51000a7b8770e0152039d485,10,reflection,False,-0,1,0,0,0,reflection,0.1812894046,0.05327307805,0.003856102159,0.01832527026,0.9481211901,0.02562229335,0.004087449051,0.02216912247,0.009616827592,,,,,,
therapist,panel_mi,42,109,109,28,f92544f5ed508add4c093c58e76fce40d49ca14b51000a7b8770e0152039d485,10,question,False,-0,0,1,0,0,question,0.596106112,0.3128903508,0.1036332927,0.10357928,0.1384283602,0.7313300371,0.1087437421,0.02149781212,0.03165798634,,,,,,
therapist,panel_mi,42,109,109,30,f92544f5ed508add4c093c58e76fce40d49ca14b51000a7b8770e0152039d485,10,other,False,-0,0,0,0,1,other,0.08196625859,0.0238728486,0.001096482808,0.008246124657,0.0232352633,0.0003311132605,2.379416765e-05,0.9764097333,0.0002952520153,,,,,,
therapist,panel_mi,42,109,109,32,f92544f5ed508add4c093c58e76fce40d49ca14b51000a7b8770e0152039d485,10,therapist_input,False,-0,0,0,1,0,therapist_input,0.05872443318,0.01349834073,0.0002825861701,0.004669357894,0.001825117157,0.001765556284,0.9865922928,0.009816969745,0.001129113836,,,,,,
therapist,panel_mi,42,109,109,34,f92544f5ed508add4c093c58e76fce40d49ca14b51000a7b8770e0152039d485,10,question,False,-0,0,1,0,0,question,0.2312665582,0.0738684684,0.00749532098,0.02533549705,0.04582533985,0.928793788,0.01390505582,0.01147571765,0.004309177399,,,,,,
therapist,panel_mi,42,109,109,36,f92544f5ed508add4c093c58e76fce40d49ca14b51000a7b8770e0152039d485,10,question,False,0.2344977968,0,0.9,0.1,0,question,0.8389995694,0.7556285799,0.2002992362,0.1358691262,0.2369329631,0.5322068334,0.1526239514,0.07823626697,0.006141776219,,,,,,
therapist,panel_mi,42,109,109,38,f92544f5ed508add4c093c58e76fce40d49ca14b51000a7b8770e0152039d485,10,question,False,-0,0,1,0,0,question,0.1802120358,0.05216774717,0.003647387818,0.01794789178,0.005759435706,0.9491695166,0.01981554739,0.02525538765,0.003880901262,,,,,,
therapist,panel_mi,42,109,109,40,f92544f5ed508add4c093c58e76fce40d49ca14b51000a7b8770e0152039d485,10,reflection,False,0.6854752972,0.6,0.2,0.2,0,question,0.8885911107,1.514169049,0.2885906153,0.1383630377,0.1694624126,0.4977348745,0.2127186358,0.1200840622,0.03305487335,,,,,,
therapist,panel_mi,42,109,109,42,f92544f5ed508add4c093c58e76fce40d49ca14b51000a7b8770e0152039d485,10,therapist_input,False,0.4406454496,0,0,0.7,0.3,therapist_input,0.1520404965,1.232196543,0.1457830235,0.0940760451,0.0004399809986,0.0248239357,0.9564846158,0.01825145259,0.004073458724,,,,,,
therapist,panel_mi,42,109,109,44,f92544f5ed508add4c093c58e76fce40d49ca14b51000a7b8770e0152039d485,10,other,False,0.6854752972,0.2,0,0.2,0.6,other,0.9016295075,1.34365468,0.1320692217,0.1156013813,0.06674856693,0.2266688645,0.3244214952,0.3821610808,0.05922093987,,,,,,
therapist,panel_mi,42,130,130,1,957962b55a53a08db5f378e511817642230cbd4d6d1cf4d43dd6a4b63131ccc1,10,therapist_input,False,0.3609640474,0,0,0.8,0.2,therapist_input,0.1059494466,1.19911278,0.06842827263,0.07645893248,0.02709286846,0.0003497833677,0.9697419405,0.002815365326,0.000617356156,,,,,,
therapist,panel_mi,42,130,130,3,957962b55a53a08db5f378e511817642230cbd4d6d1cf4d43dd6a4b63131ccc1,10,therapist_input,False,0.4854752972,0,0,0.6,0.4,therapist_input,0.3354203105,1.199411604,0.1969084884,0.1040468962,0.05513737351,0.004290748388,0.880192399,0.0603794232,0.03231979162,,,,,,
therapist,panel_mi,42,130,130,5,957962b55a53a08db5f378e511817642230cbd4d6d1cf4d43dd6a4b63131ccc1,10,question,False,0.4854752972,0,0.6,0.4,0,reflection,0.4720178246,4.238318253,0.9236024502,0.4721302728,0.7359751463,0.002189306077,0.2442557365,0.01757981628,0.05551456288,,,,,,
therapist,panel_mi,42,130,130,7,957962b55a53a08db5f378e511817642230cbd4d6d1cf4d43dd6a4b63131ccc1,10,therapist_input,False,-0,0,0,1,0,therapist_input,0.187699765,0.06072500348,0.005550137451,0.02086659178,0.0158319883,0.0003303976846,0.9410820007,0.04275565222,0.008950887248,,,,,,
therapist,panel_mi,42,130,130,9,957962b55a53a08db5f378e511817642230cbd4d6d1cf4d43dd6a4b63131ccc1,10,question,False,0.6854752972,0.2,0.6,0.2,0,question,0.20436804,1.751348451,0.159724147,0.09570678663,0.07332861423,0.9236673117,0.002723798156,0.0002802850504,0.00734416116,,,,,,
therapist,panel_mi,42,130,130,11,957962b55a53a08db5f378e511817642230cbd4d6d1cf4d43dd6a4b63131ccc1,10,question,False,0.4609640474,0,0.8,0.1,0.1,question,0.6325618029,1.099170804,0.1403084119,0.09868429304,0.05747771263,0.567045033,0.3712332845,0.004243991338,0.03617290407,,,,,,
therapist,panel_mi,42,130,130,13,957962b55a53a08db5f378e511817642230cbd4d6d1cf4d43dd6a4b63131ccc1,10,question,False,0.2344977968,0,0.9,0,0.1,question,0.08363544941,0.6221576486,0.01608278073,0.03690560959,0.003494526492,0.9795718193,0.01454210561,0.002391535789,0.001206578105,,,,,,
therapist,panel_mi,42,130,130,15,957962b55a53a08db5f378e511817642230cbd4d6d1cf4d43dd6a4b63131ccc1,10,therapist_input,False,-0,0,0,1,0,therapist_input,0.7259574533,0.6287867427,0.3339835761,0.1978612791,0.1698575914,0.001500447979,0.5332383513,0.2954035997,0.05549780652,,,,,,
therapist,panel_mi,42,130,130,17,957962b55a53a08db5f378e511817642230cbd4d6d1cf4d43dd6a4b63131ccc1,10,therapist_input,False,0.3609640474,0,0.2,0.8,0,therapist_input,0.5143678784,1.026742768,0.0548140263,0.116116955,0.1166187301,0.01557023544,0.7844051123,0.08340599388,0.04131001979,,,,,,
therapist,panel_mi,42,130,130,19,957962b55a53a08db5f378e511817642230cbd4d6d1cf4d43dd6a4b63131ccc1,10,therapist_input,False,-0,0,0,1,0,therapist_input,0.6515913606,0.4375005364,0.2009209206,0.1420345367,0.02734141983,0.2663163245,0.6456481814,0.06069407985,0.0252788607,,,,,,
therapist,panel_mi,42,130,130,21,957962b55a53a08db5f378e511817642230cbd4d6d1cf4d43dd6a4b63131ccc1,10,other,False,-0,0,0,0,1,other,0.08447803557,0.021896163,0.0007947629229,0.007565436649,0.002219684888,0.001600413234,0.01783809625,0.9783417583,0.0007132131723,,,,,,
therapist,panel_mi,101,7,7,0,7fe3d6029ec1e666f41b728458a973e8e2e6924c09046427a23859dcc7b3d75a,10,question,False,-0,0,1,0,0,question,0.01279853377,0.002199563431,6.826139755e-06,0.0007620890705,0.0008735965821,0.9978028536,0.0002377768105,0.001085807802,0.0002194414847,,,,,,
therapist,panel_mi,101,7,7,2,7fe3d6029ec1e666f41b728458a973e8e2e6924c09046427a23859dcc7b3d75a,10,reflection,False,-0,1,0,0,0,reflection,0.300499171,0.1082042083,0.01582966828,0.03692953854,0.8974442482,0.0674726814,0.009055457078,0.02602754533,0.008725365624,,,,,,
therapist,panel_mi,101,7,7,4,7fe3d6029ec1e666f41b728458a973e8e2e6924c09046427a23859dcc7b3d75a,10,other,False,0.4406454496,0.3,0,0,0.7,other,0.1852838546,2.444482152,0.149143921,0.133193479,0.0003369350452,0.005527449306,0.0574644208,0.9366711378,0.005430331919,,,,,,
therapist,panel_mi,101,7,7,6,7fe3d6029ec1e666f41b728458a973e8e2e6924c09046427a23859dcc7b3d75a,10,question,False,-0,0,1,0,0,question,0.3837308586,0.1595929563,0.03375756521,0.05406238312,0.01043303218,0.8524907231,0.1038565412,0.03321970999,0.01851217076,,,,,,
therapist,panel_mi,101,7,7,8,7fe3d6029ec1e666f41b728458a973e8e2e6924c09046427a23859dcc7b3d75a,10,reflection,False,0.2344977968,0.9,0,0,0.1,other,0.77222085,0.9410748541,0.4104480434,0.1712390715,0.3844967484,0.1585796773,0.01133954711,0.4455840588,0.03189384192,,,,,,
therapist,panel_mi,101,7,7,10,7fe3d6029ec1e666f41b728458a973e8e2e6924c09046427a23859dcc7b3d75a,10,question,False,-0,0,1,0,0,question,0.4524187744,0.3089822531,0.1361926299,0.1023469393,0.002702076687,0.7341937423,0.007212798111,0.2558912933,0.005325573497,,,,,,
therapist,panel_mi,101,7,7,12,7fe3d6029ec1e666f41b728458a973e8e2e6924c09046427a23859dcc7b3d75a,10,other,False,0.5783898247,0.1,0.2,0,0.7,other,0.2187012434,1.309671412,0.09804748113,0.08233308762,0.02243325301,0.01204053778,0.02920139208,0.9363248944,0.004419024568,,,,,,
therapist,panel_mi,101,7,7,14,7fe3d6029ec1e666f41b728458a973e8e2e6924c09046427a23859dcc7b3d75a,10,reflection,False,0.2344977968,0.9,0,0,0.1,other,0.544616282,0.9529407829,0.5486802337,0.1678015434,0.3662299216,0.002472764347,0.01803481951,0.6132624745,0.03404353186,,,,,,
therapist,panel_mi,101,7,7,16,7fe3d6029ec1e666f41b728458a973e8e2e6924c09046427a23859dcc7b3d75a,10,question,False,-0,0,1,0,0,question,0.02926315367,0.005967565812,5.504845664e-05,0.00206646055,0.0001124667615,0.994050324,0.001778708189,0.004058564547,0.001810364425,,,,,,
therapist,panel_mi,101,7,7,18,7fe3d6029ec1e666f41b728458a973e8e2e6924c09046427a23859dcc7b3d75a,10,question,False,0.3609640474,0.2,0.8,0,0,question,0.4577437341,0.5355356336,0.001212051127,0.01205357334,0.1797459424,0.786339283,0.01247939188,0.02143539116,0.009762576781,,,,,,
therapist,panel_mi,101,7,7,20,7fe3d6029ec1e666f41b728458a973e8e2e6924c09046427a23859dcc7b3d75a,10,question,False,-0,0,1,0,0,question,0.008071087301,0.001316459849,2.55588692e-06,0.0004561634606,0.0001186449881,0.9986844063,0.0008160600555,0.000380879821,0.0001554608752,,,,,,
therapist,panel_mi,101,7,7,22,7fe3d6029ec1e666f41b728458a973e8e2e6924c09046427a23859dcc7b3d75a,10,question,False,-0,0,1,0,0,question,0.4647207558,0.248087123,0.08058509096,0.08294093159,0.001229349757,0.7802919149,0.04425669461,0.1742219925,0.07008886337,,,,,,
therapist,panel_mi,101,7,7,24,7fe3d6029ec1e666f41b728458a973e8e2e6924c09046427a23859dcc7b3d75a,10,reflection,False,0.3609640474,0.8,0.2,0,0,question,0.1450567245,3.220418751,1.190125759,0.3831671309,0.01803511381,0.9604487419,0.00229964382,0.01921658404,0.004897389095,,,,,,
therapist,panel_mi,101,7,7,26,7fe3d6029ec1e666f41b728458a973e8e2e6924c09046427a23859dcc7b3d75a,10,question,False,-0,0,1,0,0,question,0.1605057865,0.04379231483,0.002489185512,0.01508427635,0.01393664349,0.9571527243,0.01899146847,0.009919201955,0.007089319639,,,,,,
therapist,panel_mi,101,7,7,28,7fe3d6029ec1e666f41b728458a973e8e2e6924c09046427a23859dcc7b3d75a,10,question,False,0.4609640474,0,0.8,0.1,0.1,question,0.5688825846,0.8363138795,0.06675966451,0.04953398371,0.01721512154,0.6596651673,0.02157735452,0.3015423715,0.04319075495,,,,,,
therapist,panel_mi,101,7,7,30,7fe3d6029ec1e666f41b728458a973e8e2e6924c09046427a23859dcc7b3d75a,10,therapist_input,False,-0,0,0,1,0,therapist_input,0.5111342669,0.2950491905,0.1122461141,0.09794058041,0.2147883922,0.02075864188,0.7444949746,0.01995799318,0.0050494764,,,,,,
therapist,panel_mi,101,7,7,32,7fe3d6029ec1e666f41b728458a973e8e2e6924c09046427a23859dcc7b3d75a,10,other,False,0.2344977968,0,0,0.1,0.9,other,0.1852849275,0.3445392363,0.003184636918,0.005123933934,0.0003369353944,0.005527475383,0.05746491998,0.936670661,0.005430400837,,,,,,
therapist,panel_mi,101,7,7,34,7fe3d6029ec1e666f41b728458a973e8e2e6924c09046427a23859dcc7b3d75a,10,question,False,-0,0,1,0,0,question,0.05133008212,0.01287765335,0.0003126758269,0.004455041842,0.0005131841172,0.9872049093,8.805528341e-05,0.01219386607,0.005136749242,,,,,,
therapist,panel_mi,101,7,7,36,7fe3d6029ec1e666f41b728458a973e8e2e6924c09046427a23859dcc7b3d75a,10,other,False,0.3609640474,0.2,0,0,0.8,other,0.05547107011,2.289157222,0.07471419318,0.07900651999,1.132252328e-05,0.000585501024,0.01356926374,0.9858339429,0.003859999124,,,,,,
therapist,panel_mi,101,7,7,38,7fe3d6029ec1e666f41b728458a973e8e2e6924c09046427a23859dcc7b3d75a,10,reflection,False,0.4406454496,0.7,0.3,0,0,reflection,0.9026122689,0.9721371114,0.1055097104,0.1185987431,0.4736486375,0.2238494456,0.1143581644,0.18814376,0.03125869483,,,,,,
therapist,panel_mi,101,7,7,40,7fe3d6029ec1e666f41b728458a973e8e2e6924c09046427a23859dcc7b3d75a,10,question,False,0.2344977968,0.1,0.9,0,0,question,0.7465481162,0.6707247496,0.1944518322,0.1021063981,0.322334826,0.5382384062,0.02266187407,0.116764918,0.05431149155,,,,,,
therapist,panel_mi,101,7,7,42,7fe3d6029ec1e666f41b728458a973e8e2e6924c09046427a23859dcc7b3d75a,10,question,False,-0,0,1,0,0,question,0.1021591574,0.03202499449,0.001969019351,0.01104933162,5.520067589e-06,0.9684823751,0.0002777808986,0.03123429976,0.009186847135,,,,,,
therapist,panel_mi,101,7,7,44,7fe3d6029ec1e666f41b728458a973e8e2e6924c09046427a23859dcc7b3d75a,10,other,False,0.2344977968,0.1,0,0,0.9,other,0.08184117824,0.3963191833,0.0116487018,0.0135406568,0.02359588817,0.0001537670905,1.984103437e-05,0.9762305021,0.001777593745,,,,,,
therapist,panel_mi,101,7,7,46,7fe3d6029ec1e666f41b728458a973e8e2e6924c09046427a23859dcc7b3d75a,10,other,False,-0,0,0,0,1,other,0.1345943063,0.03872439638,0.002211086856,0.01334817365,2.570281595e-06,0.02383776382,0.01414386369,0.962015748,0.004749911837,,,,,,
therapist,panel_mi,101,7,7,48,7fe3d6029ec1e666f41b728458a973e8e2e6924c09046427a23859dcc7b3d75a,10,question,False,-0,0,1,0,0,question,0.2178527713,0.06740823388,0.006160627314,0.02314108539,0.03982857987,0.9348134995,0.01135248132,0.01400545798,0.01219311357,,,,,,
therapist,panel_mi,101,7,7,50,7fe3d6029ec1e666f41b728458a973e8e2e6924c09046427a23859dcc7b3d75a,10,question,False,-0,0,1,0,0,question,0.211567685,0.07561527938,0.009402980744,0.02592816226,0.001877344213,0.9271728396,0.007379331626,0.06357048452,0.01110509317,,,,,,
therapist,panel_mi,101,7,7,52,7fe3d6029ec1e666f41b728458a973e8e2e6924c09046427a23859dcc7b3d75a,10,reflection,False,0.2344977968,0.9,0.1,0,0,therapist_input,0.9049242139,1.668999398,0.768104218,0.349870057,0.1889950037,0.1834741235,0.4850994647,0.1424313635,0.07261373848,,,,,,
therapist,panel_mi,101,7,7,54,7fe3d6029ec1e666f41b728458a973e8e2e6924c09046427a23859dcc7b3d75a,10,question,False,0.4854752972,0.4,0.6,0,0,question,0.3010867238,1.129923856,0.1974351272,0.09053273409,0.069915995,0.8962231874,0.008035978302,0.02582485415,0.004769163206,,,,,,
therapist,panel_mi,101,7,7,56,7fe3d6029ec1e666f41b728458a973e8e2e6924c09046427a23859dcc7b3d75a,10,question,False,-0,0,1,0,0,question,0.2253011614,0.0815320015,0.01076898741,0.02793333668,0.007416556589,0.9217031598,0.00325631653,0.06762389839,0.03437168524,,,,,,
therapist,panel_mi,101,7,7,58,7fe3d6029ec1e666f41b728458a973e8e2e6924c09046427a23859dcc7b3d75a,10,therapist_input,False,0.2344977968,0,0.1,0.9,0,question,0.8095767498,1.967575365,0.8784567797,0.3701740965,0.06080514193,0.5270127654,0.1206302866,0.291551739,0.06542371213,,,,,,
therapist,panel_mi,101,7,7,60,7fe3d6029ec1e666f41b728458a973e8e2e6924c09046427a23859dcc7b3d75a,10,question,False,0.4406454496,0,0.7,0.3,0,question,0.6345906854,1.380131796,0.1570786905,0.1793725077,0.2792848349,0.6467221975,0.02777877823,0.04621421546,0.02654303238,,,,,,
therapist,panel_mi,101,7,7,62,7fe3d6029ec1e666f41b728458a973e8e2e6924c09046427a23859dcc7b3d75a,10,other,False,0.6477309221,0.1,0,0.3,0.6,other,0.3326168954,1.311650115,0.1139782548,0.06785773955,0.003142526839,0.0167469345,0.1152135581,0.8648969531,0.02207680792,,,,,,
therapist,panel_mi,101,7,7,64,7fe3d6029ec1e666f41b728458a973e8e2e6924c09046427a23859dcc7b3d75a,10,other,False,-0,0,0,0,1,other,0.1717857569,0.0591227971,0.00607113274,0.02032066374,0.0004857756139,0.00443064142,0.05249261111,0.9425910115,0.008872372098,,,,,,
therapist,panel_mi,101,27,27,0,e883cab14c33a28c3bf1e25281ef335a7bcd08f31fb3e2cea1e824982af00196,10,therapist_input,False,0.4609640474,0,0.1,0.8,0.1,reflection,0.4419853091,2.286050677,1.076038897,0.4285589122,0.8055790663,0.01328042429,0.1566853225,0.02445508912,0.009858107194,,,,,,
therapist,panel_mi,101,27,27,2,e883cab14c33a28c3bf1e25281ef335a7bcd08f31fb3e2cea1e824982af00196,10,other,False,-0,0,0,0,1,other,0.2423734665,0.08562153578,0.01117603676,0.02931728209,0.009895151481,0.006579434965,0.06558389962,0.9179415703,0.009511555545,,,,,,
therapist,panel_mi,101,27,27,4,e883cab14c33a28c3bf1e25281ef335a7bcd08f31fb3e2cea1e824982af00196,10,therapist_input,False,-0,0,0,1,0,reflection,0.8184239268,1.284918189,0.8269512759,0.3594773456,0.5344439745,0.08258935809,0.2766732275,0.106293425,0.03665028885,,,,,,
therapist,panel_mi,101,27,27,6,e883cab14c33a28c3bf1e25281ef335a7bcd08f31fb3e2cea1e824982af00196,10,other,False,-0,0,0,0,1,other,0.1045558602,0.03281652182,0.00205869985,0.01132116126,0.03187995404,0.0003374272783,6.64918407e-05,0.967716217,0.002066548448,,,,,,
therapist,panel_mi,101,27,27,8,e883cab14c33a28c3bf1e25281ef335a7bcd08f31fb3e2cea1e824982af00196,10,other,False,0.9232196723,0.3,0.1,0.2,0.4,question,0.2223942429,3.823947667,0.9495700576,0.4172809203,0.03314626962,0.9326786995,0.02872624062,0.005448828451,0.003194421064,,,,,,
therapist,panel_mi,101,27,27,10,e883cab14c33a28c3bf1e25281ef335a7bcd08f31fb3e2cea1e824982af00196,10,other,False,0.3609640474,0.2,0,0,0.8,therapist_input,0.6883460879,1.279438162,0.424920898,0.2355687179,0.05554858595,0.02208727226,0.5061991215,0.416165024,0.06564359367,,,,,,
therapist,panel_mi,101,27,27,12,e883cab14c33a28c3bf1e25281ef335a7bcd08f31fb3e2cea1e824982af00196,10,reflection,False,0.3609640474,0.8,0,0,0.2,reflection,0.4291659296,0.7225542426,0.03456448116,0.06210368424,0.8174058795,0.0005884942948,0.1215770096,0.06042852998,0.02704124525,,,,,,
therapist,panel_mi,101,27,27,14,e883cab14c33a28c3bf1e25281ef335a7bcd08f31fb3e2cea1e824982af00196,10,therapist_input,False,-0,0,0,1,0,therapist_input,0.4313472807,0.2025681585,0.05191803542,0.06818607793,0.06336697936,0.0005109567428,0.8166308403,0.1194912195,0.0377762951,,,,,,
therapist,panel_mi,101,27,27,16,e883cab14c33a28c3bf1e25281ef335a7bcd08f31fb3e2cea1e824982af00196,10,therapist_input,False,-0,0,0,1,0,therapist_input,0.8488864899,0.644028306,0.3109300639,0.2021407139,0.07621206343,0.2096425742,0.5251725912,0.1889727712,0.0578481555,,,,,,
therapist,panel_mi,101,27,27,18,e883cab14c33a28c3bf1e25281ef335a7bcd08f31fb3e2cea1e824982af00196,10,therapist_input,False,-0,0,0,1,0,therapist_input,0.7110389471,0.4382410944,0.1786120387,0.1422582027,0.1441937536,0.1750756055,0.6451701522,0.0355604291,0.04042274505,,,,,,
therapist,panel_mi,101,27,27,20,e883cab14c33a28c3bf1e25281ef335a7bcd08f31fb3e2cea1e824982af00196,10,therapist_input,False,0.6477309221,0.1,0.3,0.6,0,question,0.2861905098,2.412728954,0.6954032597,0.2450220181,0.05019582435,0.9074733853,0.03099181317,0.01133901346,0.01356861182,,,,,,
therapist,panel_mi,101,27,27,22,e883cab14c33a28c3bf1e25281ef335a7bcd08f31fb3e2cea1e824982af00196,10,other,False,-0,0,0,0,1,other,0.3741976023,0.1478804499,0.02760730651,0.05018076981,0.07662113011,0.05265555903,0.008189123124,0.862534225,0.01757558063,,,,,,
therapist,panel_mi,101,55,55,0,1b9abf33ba8b2badfab01f2ee1f7aa958800a9808d579c0ec4e6bc41eb27f449,10,question,False,0.2344977968,0,0.9,0.1,0,therapist_input,0.7621563077,1.50466969,0.7343109776,0.2940295464,0.007066895254,0.2023694515,0.5128597021,0.2777040601,0.09899127483,,,,,,
therapist,panel_mi,101,55,55,2,1b9abf33ba8b2badfab01f2ee1f7aa958800a9808d579c0ec4e6bc41eb27f449,10,question,False,0.2344977968,0,0.9,0.1,0,question,0.6423278451,0.5837398976,0.1004148893,0.08544191204,0.2113891095,0.6645872593,0.1153139323,0.008709689602,0.0131102968,,,,,,
therapist,panel_mi,101,55,55,4,1b9abf33ba8b2badfab01f2ee1f7aa958800a9808d579c0ec4e6bc41eb27f449,10,question,False,-0,0,1,0,0,question,0.02841689996,0.005722833332,4.86547954e-05,0.001981811815,6.074932753e-05,0.9942933917,0.003096486907,0.002549284603,0.000225618016,,,,,,
therapist,panel_mi,101,55,55,6,1b9abf33ba8b2badfab01f2ee1f7aa958800a9808d579c0ec4e6bc41eb27f449,10,question,False,-0,0,1,0,0,therapist_input,0.5913954973,1.927887917,1.258429962,0.4751590834,0.005526822992,0.1454550773,0.7141091824,0.1349088699,0.02363249101,,,,,,
therapist,panel_mi,101,55,55,8,1b9abf33ba8b2badfab01f2ee1f7aa958800a9808d579c0ec4e6bc41eb27f449,10,therapist_input,False,0.3609640474,0,0.2,0.8,0,therapist_input,0.2968823016,0.5278509736,0.01041913042,0.007041288734,1.997054096e-05,0.1251392066,0.8691569567,0.00568392314,0.02098133229,,,,,,
therapist,panel_mi,101,55,55,10,1b9abf33ba8b2badfab01f2ee1f7aa958800a9808d579c0ec4e6bc41eb27f449,10,question,False,-0,0,1,0,0,question,0.1621177495,0.04749093205,0.003172444375,0.01634972166,0.001260835561,0.9536191225,0.02349716611,0.02162295207,0.003759286832,,,,,,
therapist,panel_mi,101,55,55,12,1b9abf33ba8b2badfab01f2ee1f7aa958800a9808d579c0ec4e6bc41eb27f449,10,question,False,-0,0,1,0,0,reflection,0.5123388767,1.410199404,1.095799532,0.3851760149,0.7237891555,0.2440945804,0.01289415639,0.01922202669,0.007503365166,,,,,,
therapist,panel_mi,101,55,55,14,1b9abf33ba8b2badfab01f2ee1f7aa958800a9808d579c0ec4e6bc41eb27f449,10,question,False,-0,0,1,0,0,question,0.02116708271,0.003997377586,2.358633246e-05,0.001384610654,0.002393590985,0.9960106015,0.0002197702852,0.001376028871,0.0002299017069,,,,,,
therapist,panel_mi,101,55,55,16,1b9abf33ba8b2badfab01f2ee1f7aa958800a9808d579c0ec4e6bc41eb27f449,10,question,False,-0,0,1,0,0,question,0.1351446509,0.03712913394,0.001969153597,0.01280117379,0.002463679062,0.9635517001,0.02233683318,0.01164779812,0.002242533024,,,,,,
therapist,panel_mi,101,55,55,18,1b9abf33ba8b2badfab01f2ee1f7aa958800a9808d579c0ec4e6bc41eb27f449,10,reflection,False,-0,1,0,0,0,reflection,0.2388038039,0.07550188154,0.007435804411,0.02588970707,0.9272779226,0.008307764307,0.03084807098,0.03356619924,0.01201336738,,,,,,
therapist,panel_mi,101,55,55,20,1b9abf33ba8b2badfab01f2ee1f7aa958800a9808d579c0ec4e6bc41eb27f449,10,reflection,False,0.2344977968,0.9,0,0,0.1,reflection,0.4405617118,0.4053953946,0.007785749834,0.02750956191,0.8346303105,0.0242988281,0.05277447775,0.08829636872,0.008289190941,,,,,,
therapist,panel_mi,101,55,55,22,1b9abf33ba8b2badfab01f2ee1f7aa958800a9808d579c0ec4e6bc41eb27f449,10,question,False,0.6477309221,0.3,0.6,0.1,0,reflection,0.604960382,1.068914747,0.09659100045,0.0411004672,0.5426570177,0.4209391177,0.0256371554,0.01076670643,0.02319116332,,,,,,
therapist,panel_mi,101,55,55,24,1b9abf33ba8b2badfab01f2ee1f7aa958800a9808d579c0ec4e6bc41eb27f449,10,question,False,-0,0,1,0,0,question,0.00546084065,0.0008719788166,1.254714942e-06,0.0003021790287,0.0001258298144,0.9991282225,5.581319056e-05,0.0006899870932,0.0001078370697,,,,,,
therapist,panel_mi,101,55,55,26,1b9abf33ba8b2badfab01f2ee1f7aa958800a9808d579c0ec4e6bc41eb27f449,10,question,False,-0,0,1,0,0,question,0.01155712362,0.001994212624,5.990394157e-06,0.0006909544838,0.00131123641,0.9980076551,0.0001531427988,0.0005278608878,0.0001473473094,,,,,,
therapist,panel_mi,101,55,55,28,1b9abf33ba8b2badfab01f2ee1f7aa958800a9808d579c0ec4e6bc41eb27f449,10,question,False,-0,0,1,0,0,question,0.003157156054,0.0004546483688,3.001746289e-07,0.0001575637317,8.647811046e-05,0.999545455,8.827089187e-05,0.0002798092901,3.354137152e-05,,,,,,
therapist,panel_mi,101,55,55,30,1b9abf33ba8b2badfab01f2ee1f7aa958800a9808d579c0ec4e6bc41eb27f449,10,question,False,-0,0,1,0,0,question,0.3432396948,0.1263181269,0.0202200217,0.04299880587,0.0682502538,0.881334424,0.03544371948,0.01497158594,0.003009641543,,,,,,
therapist,panel_mi,101,55,55,32,1b9abf33ba8b2badfab01f2ee1f7aa958800a9808d579c0ec4e6bc41eb27f449,10,question,False,-0,0,1,0,0,question,0.005732652731,0.0009281769744,1.458350142e-06,0.0003216528768,6.174484588e-05,0.9990722537,0.0007637859089,0.0001022526849,6.488494546e-05,,,,,,
therapist,panel_mi,101,55,55,34,1b9abf33ba8b2badfab01f2ee1f7aa958800a9808d579c0ec4e6bc41eb27f449,10,reflection,False,-0,1,0,0,0,reflection,0.222166881,0.0701758489,0.006814623332,0.02408169579,0.9322298765,0.009993774816,0.04393650591,0.01383985579,0.009272353724,,,,,,
therapist,panel_mi,101,55,55,36,1b9abf33ba8b2badfab01f2ee1f7aa958800a9808d579c0ec4e6bc41eb27f449,10,question,False,0.2344977968,0,0.9,0.1,0,question,0.003201948479,0.7928159844,0.01983258876,0.03492806883,1.862607678e-05,0.9995230436,0.0003619999043,9.631446301e-05,4.069008719e-05,,,,,,
therapist,panel_mi,101,55,55,38,1b9abf33ba8b2badfab01f2ee1f7aa958800a9808d579c0ec4e6bc41eb27f449,10,therapist_input,False,-0,0,0,1,0,therapist_input,0.08116196841,0.02001902461,0.000584460102,0.006918675569,0.0003596677561,0.01076639257,0.9801799655,0.008693911135,0.005819189362,,,,,,
therapist,panel_mi,101,55,55,40,1b9abf33ba8b2badfab01f2ee1f7aa958800a9808d579c0ec4e6bc41eb27f449,10,therapist_input,True,0.5,0,0,0.5,0.5,other,0.1408985406,1.603454409,0.4163859945,0.1506951666,0.001967014279,0.0006952731637,0.04239146039,0.9549463391,0.00185904617,,,,,,
therapist,panel_mi,101,55,55,42,1b9abf33ba8b2badfab01f2ee1f7aa958800a9808d579c0ec4e6bc41eb27f449,10,question,False,-0,0,1,0,0,question,0.003853753908,0.000568551477,4.602954744e-07,0.0001970106112,0.0002513868676,0.9994317293,4.937663834e-05,0.0002675724681,4.46500344e-05,,,,,,
therapist,panel_mi,101,55,55,44,1b9abf33ba8b2badfab01f2ee1f7aa958800a9808d579c0ec4e6bc41eb27f449,10,question,False,0.4406454496,0.3,0.7,0,0,question,0.007216664962,2.108531195,0.1787602594,0.1145583644,0.0008887633448,0.9988187551,0.0001651635102,0.0001272524969,0.0001596548682,,,,,,
therapist,panel_mi,101,55,55,46,1b9abf33ba8b2badfab01f2ee1f7aa958800a9808d579c0ec4e6bc41eb27f449,10,reflection,False,0.2344977968,0.9,0.1,0,0,question,0.6854604483,2.760659719,1.068612303,0.4535043923,0.04936752096,0.5883501172,0.3241912723,0.03809114546,0.04509981722,,,,,,
therapist,panel_mi,101,55,55,48,1b9abf33ba8b2badfab01f2ee1f7aa958800a9808d579c0ec4e6bc41eb27f449,10,question,False,0.2344977968,0,0.9,0,0.1,question,0.003643871052,1.024470209,0.01987888442,0.03599799242,1.502870327e-05,0.9994271398,0.0005221274332,3.572912465e-05,6.420583668e-05,,,,,,
therapist,panel_mi,101,55,55,50,1b9abf33ba8b2badfab01f2ee1f7aa958800a9808d579c0ec4e6bc41eb27f449,10,therapist_input,False,-0,0,0,1,0,therapist_input,0.04177227989,0.009725985117,0.0001706916297,0.003366197954,8.713691932e-05,0.0008586150361,0.9903212786,0.008733090945,0.001767076901,,,,,,
therapist,panel_mi,101,55,55,52,1b9abf33ba8b2badfab01f2ee1f7aa958800a9808d579c0ec4e6bc41eb27f449,10,reflection,False,0.6783898247,0.7,0.1,0.1,0.1,question,0.7061103582,1.824986148,0.5094840772,0.2011862484,0.2066940963,0.5998541117,0.186886251,0.006565482821,0.0443954356,,,,,,
therapist,panel_mi,101,55,55,54,1b9abf33ba8b2badfab01f2ee1f7aa958800a9808d579c0ec4e6bc41eb27f449,10,question,False,0.2344977968,0,0.9,0.1,0,question,0.5838533044,0.5534537435,0.1511193509,0.06565126468,0.002559939632,0.607039392,0.3527191877,0.03768145293,0.04183989018,,,,,,
therapist,panel_mi,101,55,55,56,1b9abf33ba8b2badfab01f2ee1f7aa958800a9808d579c0ec4e6bc41eb27f449,10,question,False,0.4609640474,0,0.8,0.1,0.1,question,0.8353987336,0.9414958477,0.1293582905,0.09847516974,0.2463642806,0.5383175611,0.1018319726,0.1134861708,0.05409464985,,,,,,
therapist,panel_mi,101,55,55,58,1b9abf33ba8b2badfab01f2ee1f7aa958800a9808d579c0ec4e6bc41eb27f449,10,question,False,0.2344977968,0,0.9,0.1,0,question,0.05884252116,0.6068133331,0.01711015065,0.03412803231,0.008475582115,0.986884594,0.002607632894,0.00203224062,0.001426780946,,,,,,
therapist,panel_mi,101,55,55,60,1b9abf33ba8b2badfab01f2ee1f7aa958800a9808d579c0ec4e6bc41eb27f449,10,question,False,0.2344977968,0,0.9,0.1,0,therapist_input,0.7538654804,0.8960453033,0.3767702713,0.1603951201,0.003077534959,0.4063451886,0.4250780046,0.1654992998,0.02502004243,,,,,,
therapist,panel_mi,101,55,55,62,1b9abf33ba8b2badfab01f2ee1f7aa958800a9808d579c0ec4e6bc41eb27f449,10,other,False,0.7427376486,0,0.2,0.3,0.5,therapist_input,0.4221639931,1.683155125,0.4187000265,0.1449176306,0.002483167918,0.03838785738,0.8154052496,0.1437236965,0.02855506912,,,,,,
therapist,panel_mi,101,55,55,64,1b9abf33ba8b2badfab01f2ee1f7aa958800a9808d579c0ec4e6bc41eb27f449,10,other,False,-0,0,0,0,1,other,0.359713912,0.158206746,0.0356670457,0.05360371521,0.1160002723,0.00213203812,0.02819446288,0.8536732793,0.01378518064,,,,,,
therapist,panel_mi,101,56,56,0,994bc72760dcfe7fa4dcb4204fd49276c86f3b5d7563bd03968bb98375e50059,10,question,False,0.8427376486,0.1,0.5,0.3,0.1,therapist_input,0.6853165627,1.489316297,0.126891763,0.06015419705,0.006192197558,0.3032549322,0.5816082954,0.1089445725,0.04806448519,,,,,,
therapist,panel_mi,101,56,56,2,994bc72760dcfe7fa4dcb4204fd49276c86f3b5d7563bd03968bb98375e50059,10,other,False,0.4854752972,0,0.4,0,0.6,question,0.4760941565,1.174814463,0.3401281429,0.1139725744,0.03060285188,0.7874763012,0.01641396061,0.1655068398,0.01948431507,,,,,,
therapist,panel_mi,101,56,56,4,994bc72760dcfe7fa4dcb4204fd49276c86f3b5d7563bd03968bb98375e50059,10,question,False,-0,0,1,0,0,question,0.06749551743,0.01727952436,0.0005273626153,0.005974186937,0.0003401532595,0.9828688502,0.001583540579,0.01520740055,0.001857203199,,,,,,
therapist,panel_mi,101,56,56,6,994bc72760dcfe7fa4dcb4204fd49276c86f3b5d7563bd03968bb98375e50059,10,other,False,-0,0,0,0,1,other,0.3109952509,0.1131171733,0.01724566234,0.03857891056,0.01313382946,0.02208165452,0.07173849642,0.8930460215,0.01049126405,,,,,,
therapist,panel_mi,101,56,56,8,994bc72760dcfe7fa4dcb4204fd49276c86f3b5d7563bd03968bb98375e50059,10,reflection,False,0.2344977968,0.9,0.1,0,0,therapist_input,0.03032771312,9.545551443,1.807108667,0.6871792588,4.838565656e-05,0.002408498665,0.9938098192,0.00373335788,0.000643936859,,,,,,
therapist,panel_mi,101,56,56,10,994bc72760dcfe7fa4dcb4204fd49276c86f3b5d7563bd03968bb98375e50059,10,reflection,True,0.5,0.5,0.5,0,0,question,0.5889771581,0.725657016,0.001637764678,0.0111964376,0.4744398594,0.49376598,0.001062245457,0.03073194623,0.01193554513,,,,,,
therapist,panel_mi,101,56,56,12,994bc72760dcfe7fa4dcb4204fd49276c86f3b5d7563bd03968bb98375e50059,10,reflection,False,-0,1,0,0,0,reflection,0.4615215361,0.3125247657,0.1377169386,0.1034640567,0.7315975428,0.007358679082,0.004921417683,0.2561224103,0.02669509687,,,,,,
therapist,panel_mi,101,56,56,14,994bc72760dcfe7fa4dcb4204fd49276c86f3b5d7563bd03968bb98375e50059,10,reflection,False,-0,1,0,0,0,reflection,0.09977444261,0.02806189284,0.001353989837,0.009687359214,0.972328186,0.0002679595782,0.003389160614,0.02401462756,0.005208837334,,,,,,
therapist,panel_mi,101,56,56,16,994bc72760dcfe7fa4dcb4204fd49276c86f3b5d7563bd03968bb98375e50059,10,reflection,False,-0,1,0,0,0,reflection,0.6100422144,0.6419836283,0.4096464565,0.2015680806,0.5262475014,0.0006668085698,0.4279841483,0.04510156065,0.02265595086,,,,,,
therapist,panel_mi,101,56,56,18,994bc72760dcfe7fa4dcb4204fd49276c86f3b5d7563bd03968bb98375e50059,10,reflection,False,0.3609640474,0.8,0.2,0,0,reflection,0.3147318065,0.5691302776,0.01708677898,0.01825740813,0.8780866861,0.0977236256,0.001227141707,0.02296253294,0.005191273522,,,,,,
therapist,panel_mi,101,56,56,20,994bc72760dcfe7fa4dcb4204fd49276c86f3b5d7563bd03968bb98375e50059,10,other,False,0.2344977968,0.1,0,0,0.9,other,0.3109952509,0.5350618437,0.01322810074,0.05142039946,0.01313382946,0.02208165452,0.07173849642,0.8930460215,0.01049126405,,,,,,
therapist,panel_mi,101,56,56,22,994bc72760dcfe7fa4dcb4204fd49276c86f3b5d7563bd03968bb98375e50059,10,reflection,False,0.3609640474,0.8,0,0,0.2,reflection,0.09438953549,0.9441900849,0.06728450254,0.06222158338,0.9758244753,0.0001107869684,0.01424203627,0.009822691791,0.002898766194,,,,,,
therapist,panel_mi,101,56,56,24,994bc72760dcfe7fa4dcb4204fd49276c86f3b5d7563bd03968bb98375e50059,10,question,False,-0,0,1,0,0,question,0.02044163831,0.004001506139,2.714526912e-05,0.001386017683,0.0003721000103,0.996006608,0.0003103967756,0.003310941858,0.0006533289561,,,,,,
therapist,panel_mi,101,56,56,26,994bc72760dcfe7fa4dcb4204fd49276c86f3b5d7563bd03968bb98375e50059,10,other,False,-0,0,0,0,1,other,0.1642344147,0.05862355977,0.006246292229,0.0201504822,0.05476876348,0.002169294748,2.135584225e-07,0.9430617094,0.002917125821,,,,,,
therapist,panel_mi,101,56,56,28,994bc72760dcfe7fa4dcb4204fd49276c86f3b5d7563bd03968bb98375e50059,10,reflection,False,-0,1,0,0,0,reflection,0.06252261996,0.01634338498,0.0004957807821,0.005651262589,0.983789444,1.68651859e-05,0.0009595854208,0.01523409225,0.002550864359,,,,,,
therapist,panel_mi,101,56,56,30,994bc72760dcfe7fa4dcb4204fd49276c86f3b5d7563bd03968bb98375e50059,10,question,False,0.4406454496,0.3,0.7,0,0,reflection,0.2601717114,1.644416391,0.7133040237,0.2057066352,0.8944975138,0.1001202315,0.0008870828897,0.004495137371,0.003138080239,,,,,,
therapist,panel_mi,101,56,56,32,994bc72760dcfe7fa4dcb4204fd49276c86f3b5d7563bd03968bb98375e50059,10,other,False,-0,0,0,0,1,other,0.1642348915,0.05862374976,0.006246335115,0.02015056224,0.05476896837,0.002169313142,2.135589057e-07,0.9430615306,0.002917113714,,,,,,
therapist,panel_mi,101,56,56,34,994bc72760dcfe7fa4dcb4204fd49276c86f3b5d7563bd03968bb98375e50059,10,question,False,-0,0,1,0,0,question,0.5321460366,0.5285133123,0.3265564935,0.1690844874,0.3973295093,0.5894806385,0.0005679958267,0.01262184512,0.04506295547,,,,,,
therapist,panel_mi,101,56,56,36,994bc72760dcfe7fa4dcb4204fd49276c86f3b5d7563bd03968bb98375e50059,10,reflection,False,-0,1,0,0,0,therapist_input,0.6851729751,0.8646146655,0.5920302853,0.2612669915,0.4212137759,0.05235063285,0.5037682056,0.02266729623,0.01361863129,,,,,,
therapist,panel_mi,101,56,56,38,994bc72760dcfe7fa4dcb4204fd49276c86f3b5d7563bd03968bb98375e50059,10,other,False,-0,0,0,0,1,reflection,0.4401656091,1.474737644,1.16874502,0.3977954525,0.7575612068,0.001147839939,0.01245221402,0.2288387567,0.03229676187,,,,,,
therapist,panel_mi,101,56,56,40,994bc72760dcfe7fa4dcb4204fd49276c86f3b5d7563bd03968bb98375e50059,10,other,False,-0,0,0,0,1,other,0.2620322406,0.1240596101,0.02711796679,0.04224386331,0.1162119135,0.0004609192838,6.325331814e-09,0.8833271861,0.005693909712,,,,,,
therapist,panel_mi,101,56,56,42,994bc72760dcfe7fa4dcb4204fd49276c86f3b5d7563bd03968bb98375e50059,10,reflection,False,0.5783898247,0.7,0.2,0,0.1,reflection,0.5647223592,1.66089246,0.09365591062,0.1441786423,0.7010015845,0.003394064028,0.2317246944,0.06387965381,0.0053490391,,,,,,
therapist,panel_mi,101,56,56,44,994bc72760dcfe7fa4dcb4204fd49276c86f3b5d7563bd03968bb98375e50059,10,reflection,False,0.4406454496,0.7,0,0.3,0,other,0.71758461,1.704496086,0.5923835657,0.3128215467,0.2827900648,0.05198931694,0.0649241358,0.6002964973,0.03961719945,,,,,,
therapist,panel_mi,101,56,56,46,994bc72760dcfe7fa4dcb4204fd49276c86f3b5d7563bd03968bb98375e50059,10,question,False,-0,0,1,0,0,question,0.2284950316,0.07715000957,0.008904372074,0.02644861748,0.007788839284,0.9257509112,0.00954140164,0.05691879243,0.002874725033,,,,,,
therapist,panel_mi,101,56,56,48,994bc72760dcfe7fa4dcb4204fd49276c86f3b5d7563bd03968bb98375e50059,10,other,False,-0,0,0,0,1,other,0.3109952509,0.1131171733,0.01724566234,0.03857891056,0.01313382946,0.02208165452,0.07173849642,0.8930460215,0.01049126405,,,,,,
therapist,panel_mi,101,56,56,50,994bc72760dcfe7fa4dcb4204fd49276c86f3b5d7563bd03968bb98375e50059,10,reflection,False,-0,1,0,0,0,reflection,0.6065852046,0.3074106276,0.09834786107,0.1018509194,0.7353485823,0.04545307904,0.0763008967,0.142897442,0.007001736201,,,,,,
therapist,panel_mi,101,56,56,52,994bc72760dcfe7fa4dcb4204fd49276c86f3b5d7563bd03968bb98375e50059,10,other,False,-0,0,0,0,1,other,0.2918682992,0.1192584559,0.02220290589,0.04063728252,0.003376586363,0.01205212809,0.09699292481,0.8875783682,0.003652391257,,,,,,
therapist,panel_mi,101,56,56,54,994bc72760dcfe7fa4dcb4204fd49276c86f3b5d7563bd03968bb98375e50059,10,reflection,False,0.5783898247,0.7,0,0.2,0.1,therapist_input,0.13128905,5.270039143,1.071058523,0.3840876278,0.0008755734889,0.003164534923,0.9603471756,0.03561275452,0.006001905538,,,,,,
therapist,panel_mi,101,56,56,56,994bc72760dcfe7fa4dcb4204fd49276c86f3b5d7563bd03968bb98375e50059,10,reflection,False,0.6804820237,0.5,0,0.4,0.1,therapist_input,0.6853938699,1.548674536,0.2820617471,0.1328364322,0.09961410612,0.0002195609268,0.4557116628,0.4444547594,0.06732787192,,,,,,
therapist,panel_mi,101,56,56,58,994bc72760dcfe7fa4dcb4204fd49276c86f3b5d7563bd03968bb98375e50059,10,question,False,-0,0,1,0,0,question,0.02486644126,0.005316237453,5.292936361e-05,0.001841101265,0.0002545444004,0.9946978688,7.298409764e-05,0.004974600393,0.0003327631275,,,,,,
therapist,panel_mi,101,56,56,60,994bc72760dcfe7fa4dcb4204fd49276c86f3b5d7563bd03968bb98375e50059,10,other,False,-0,0,0,0,1,other,0.3109952509,0.1131171733,0.01724566234,0.03857891056,0.01313382946,0.02208165452,0.07173849642,0.8930460215,0.01049126405,,,,,,
therapist,panel_mi,101,56,56,62,994bc72760dcfe7fa4dcb4204fd49276c86f3b5d7563bd03968bb98375e50059,10,other,False,-0,0,0,0,1,reflection,0.6225569844,0.9143001437,0.6595477083,0.2738594908,0.5457938313,0.002349387389,0.05105971172,0.4007970393,0.0438561663,,,,,,
therapist,panel_mi,101,56,56,64,994bc72760dcfe7fa4dcb4204fd49276c86f3b5d7563bd03968bb98375e50059,10,other,False,-0,0,0,0,1,reflection,0.4401655197,1.474737644,1.168744997,0.3977954333,0.7575612068,0.00114784285,0.01245217677,0.2288387716,0.03229670972,,,,,,
therapist,panel_mi,101,56,56,66,994bc72760dcfe7fa4dcb4204fd49276c86f3b5d7563bd03968bb98375e50059,10,reflection,False,-0,1,0,0,0,reflection,0.08742847294,0.0217176713,0.0007034670723,0.007503946695,0.9785163999,0.005106986966,0.001795013668,0.01458153408,0.001691829413,,,,,,
therapist,panel_mi,101,56,56,68,994bc72760dcfe7fa4dcb4204fd49276c86f3b5d7563bd03968bb98375e50059,10,question,False,-0,0,1,0,0,question,0.02262202092,0.004296579398,2.667490865e-05,0.001488186919,0.0002308033872,0.9957126379,0.001949676313,0.002106876113,0.000488747668,,,,,,
therapist,panel_mi,101,56,56,70,994bc72760dcfe7fa4dcb4204fd49276c86f3b5d7563bd03968bb98375e50059,10,other,False,-0,0,0,0,1,reflection,0.4401655197,1.474737644,1.168744997,0.3977954333,0.7575612068,0.00114784285,0.01245217677,0.2288387716,0.03229670972,,,,,,
therapist,panel_mi,101,56,56,72,994bc72760dcfe7fa4dcb4204fd49276c86f3b5d7563bd03968bb98375e50059,10,therapist_input,False,-0,0,0,1,0,therapist_input,0.05794143677,0.01333861798,0.0002750912426,0.004614199008,0.0008315314772,0.002913302276,0.9867499471,0.00950518623,0.0008304488147,,,,,,
therapist,panel_mi,101,56,56,74,994bc72760dcfe7fa4dcb4204fd49276c86f3b5d7563bd03968bb98375e50059,10,other,False,-0,0,0,0,1,other,0.1642344147,0.05862355977,0.006246292229,0.0201504822,0.05476876348,0.002169294748,2.135584225e-07,0.9430617094,0.002917125821,,,,,,
therapist,panel_mi,101,56,56,76,994bc72760dcfe7fa4dcb4204fd49276c86f3b5d7563bd03968bb98375e50059,10,therapist_input,False,0.3609640474,0,0,0.8,0.2,other,0.6017125845,1.213646859,0.5427060676,0.1756297178,0.07877893746,0.004654671066,0.2420479357,0.674518466,0.02176547796,,,,,,
therapist,panel_mi,101,56,56,78,994bc72760dcfe7fa4dcb4204fd49276c86f3b5d7563bd03968bb98375e50059,10,other,False,-0,0,0,0,1,other,0.3911932111,0.2075773627,0.06525776144,0.06982018059,0.005575100426,0.0086264899,0.1732480824,0.8125503659,0.003940523602,,,,,,
therapist,panel_mi,101,56,56,80,994bc72760dcfe7fa4dcb4204fd49276c86f3b5d7563bd03968bb98375e50059,10,therapist_input,False,0.2344977968,0,0,0.9,0.1,therapist_input,0.4866069257,0.6390871882,0.09009395325,0.09826609464,0.2386347055,0.0009015773539,0.7330206037,0.02744317614,0.02794833481,,,,,,
therapist,panel_mi,101,56,56,82,994bc72760dcfe7fa4dcb4204fd49276c86f3b5d7563bd03968bb98375e50059,10,other,False,-0,0,0,0,1,other,0.1642348915,0.05862374976,0.006246335115,0.02015056224,0.05476896837,0.002169313142,2.135589057e-07,0.9430615306,0.002917113714,,,,,,
therapist,panel_mi,101,56,56,84,994bc72760dcfe7fa4dcb4204fd49276c86f3b5d7563bd03968bb98375e50059,10,other,False,-0,0,0,0,1,other,0.3109963536,0.1131176874,0.01724580578,0.03857908517,0.01313385554,0.02208187245,0.07173870504,0.8930454254,0.01049130689,,,,,,
therapist,panel_mi,101,56,56,86,994bc72760dcfe7fa4dcb4204fd49276c86f3b5d7563bd03968bb98375e50059,10,other,False,-0,0,0,0,1,other,0.1642348915,0.05862374976,0.006246335115,0.02015056224,0.05476896837,0.002169313142,2.135589057e-07,0.9430615306,0.002917113714,,,,,,
therapist,panel_mi,101,56,56,88,994bc72760dcfe7fa4dcb4204fd49276c86f3b5d7563bd03968bb98375e50059,10,therapist_input,False,0.4406454496,0,0,0.7,0.3,other,0.7462790012,0.9076901972,0.1459302827,0.08850149013,0.1698330939,0.0007046496612,0.3882968724,0.4411653876,0.0329442136,,,,,,
therapist,panel_mi,101,56,56,90,994bc72760dcfe7fa4dcb4204fd49276c86f3b5d7563bd03968bb98375e50059,10,question,False,0.4609640474,0,0.8,0.1,0.1,therapist_input,0.4704113603,1.752320743,0.8274586906,0.269340481,0.01709953137,0.1941247731,0.7730388045,0.01573687792,0.009680854157,,,,,,
therapist,panel_mi,101,56,56,92,994bc72760dcfe7fa4dcb4204fd49276c86f3b5d7563bd03968bb98375e50059,10,other,False,-0,0,0,0,1,other,0.04092990234,0.009100053459,0.0001402426844,0.003149834085,0.0006627649418,0.007551776711,0.0008442262188,0.9909412265,0.000343998574,,,,,,
therapist,panel_mi,101,56,56,94,994bc72760dcfe7fa4dcb4204fd49276c86f3b5d7563bd03968bb98375e50059,10,question,False,0.2344977968,0,0.9,0,0.1,question,0.1601073742,0.3680367358,0.006265965909,0.01039212325,0.009588140063,0.9505121112,8.740674821e-05,0.03981235623,0.003913328052,,,,,,
therapist,panel_mi,101,56,56,96,994bc72760dcfe7fa4dcb4204fd49276c86f3b5d7563bd03968bb98375e50059,10,other,False,-0,0,0,0,1,reflection,0.4401655197,1.474737644,1.168744997,0.3977954333,0.7575612068,0.00114784285,0.01245217677,0.2288387716,0.03229670972,,,,,,
therapist,panel_mi,101,56,56,98,994bc72760dcfe7fa4dcb4204fd49276c86f3b5d7563bd03968bb98375e50059,10,other,False,-0,0,0,0,1,other,0.1642344147,0.05862355977,0.006246292229,0.0201504822,0.05476876348,0.002169294748,2.135584225e-07,0.9430617094,0.002917125821,,,,,,
therapist,panel_mi,101,56,56,100,994bc72760dcfe7fa4dcb4204fd49276c86f3b5d7563bd03968bb98375e50059,10,other,False,0.2344977968,0,0,0.1,0.9,other,0.3109952509,0.3652782276,0.001507167345,0.01337949167,0.01313382946,0.02208165452,0.07173849642,0.8930460215,0.01049126405,,,,,,
therapist,panel_mi,101,56,56,102,994bc72760dcfe7fa4dcb4204fd49276c86f3b5d7563bd03968bb98375e50059,10,other,False,-0,0,0,0,1,other,0.3109952509,0.1131171733,0.01724566234,0.03857891056,0.01313382946,0.02208165452,0.07173849642,0.8930460215,0.01049126405,,,,,,
therapist,panel_mi,101,56,56,104,994bc72760dcfe7fa4dcb4204fd49276c86f3b5d7563bd03968bb98375e50059,10,reflection,False,0.2344977968,0.9,0,0,0.1,other,0.9113613367,1.089677477,0.450527135,0.2115851873,0.3319552839,0.2097266167,0.07998462021,0.378333509,0.02927141264,,,,,,
therapist,panel_mi,101,56,56,106,994bc72760dcfe7fa4dcb4204fd49276c86f3b5d7563bd03968bb98375e50059,10,reflection,False,0.3609640474,0.8,0,0,0.2,other,0.7139656544,1.504580104,0.6243344133,0.2356669988,0.1692615002,0.1123751551,0.05977641791,0.6585869193,0.05430072546,,,,,,
therapist,panel_mi,101,56,56,108,994bc72760dcfe7fa4dcb4204fd49276c86f3b5d7563bd03968bb98375e50059,10,question,False,-0,0,1,0,0,question,0.8452633619,0.6996051073,0.3612323633,0.2175330058,0.1597857773,0.4967814386,0.06332153827,0.2801112831,0.0378805846,,,,,,
therapist,panel_mi,101,56,56,110,994bc72760dcfe7fa4dcb4204fd49276c86f3b5d7563bd03968bb98375e50059,10,therapist_input,False,-0,0,0,1,0,therapist_input,0.2696882188,0.09830992669,0.01388764438,0.03360056385,0.002126616891,0.02419423871,0.9063679576,0.06731122732,0.02457659319,,,,,,
therapist,panel_mi,101,56,56,112,994bc72760dcfe7fa4dcb4204fd49276c86f3b5d7563bd03968bb98375e50059,10,question,False,0.4854752972,0,0.6,0.4,0,therapist_input,0.7835187912,1.033631754,0.1493510263,0.1094690085,0.006105740089,0.2972840369,0.4655767381,0.2310335189,0.08715710789,,,,,,
therapist,panel_mi,101,56,56,114,994bc72760dcfe7fa4dcb4204fd49276c86f3b5d7563bd03968bb98375e50059,10,therapist_input,False,0.2344977968,0.1,0,0.9,0,therapist_input,0.6528437138,1.095849943,0.371508515,0.2229055412,0.009681141004,0.05094978213,0.4954321384,0.4439369142,0.0141978506,,,,,,
therapist,panel_mi,101,56,56,116,994bc72760dcfe7fa4dcb4204fd49276c86f3b5d7563bd03968bb98375e50059,10,therapist_input,False,0.4609640474,0.1,0.1,0.8,0,therapist_input,0.1638350487,1.332721645,0.04148522001,0.06897870181,0.0001894683082,0.01292528771,0.9503549337,0.03653034568,0.007357100956,,,,,,
therapist,panel_mi,101,56,56,118,994bc72760dcfe7fa4dcb4204fd49276c86f3b5d7563bd03968bb98375e50059,10,reflection,False,-0,1,0,0,0,therapist_input,0.622499764,0.7846931815,0.5485200326,0.2404521934,0.4562596381,0.02870362997,0.5018655658,0.01317115873,0.03158145025,,,,,,
therapist,panel_mi,101,56,56,120,994bc72760dcfe7fa4dcb4204fd49276c86f3b5d7563bd03968bb98375e50059,10,therapist_input,False,-0,0,0,1,0,therapist_input,0.03783066198,0.007937858813,9.365401538e-05,0.002748001805,0.002721277997,0.000323864806,0.9920935631,0.004861278459,0.0003452498931,,,,,,
therapist,panel_mi,101,56,56,122,994bc72760dcfe7fa4dcb4204fd49276c86f3b5d7563bd03968bb98375e50059,10,other,False,0.4854752972,0,0,0.4,0.6,other,0.2028481811,1.126429848,0.2183744991,0.08539612056,0.001402642345,0.003851380665,0.06696122885,0.9277848005,0.003316994058,,,,,,
therapist,panel_mi,101,56,56,124,994bc72760dcfe7fa4dcb4204fd49276c86f3b5d7563bd03968bb98375e50059,10,therapist_input,False,0.3609640474,0,0,0.8,0.2,other,0.5849631429,3.359653199,0.9116192094,0.4322310706,0.4120148122,0.01120695472,0.01734661311,0.5594316125,0.03340819851,,,,,,
therapist,panel_mi,101,56,56,126,994bc72760dcfe7fa4dcb4204fd49276c86f3b5d7563bd03968bb98375e50059,10,therapist_input,False,0.2344977968,0,0,0.9,0.1,reflection,0.5985918045,3.338102549,1.146019001,0.500012845,0.4930283427,0.006038031075,0.02661908604,0.4743145406,0.07806281745,,,,,,
therapist,panel_mi,101,56,56,128,994bc72760dcfe7fa4dcb4204fd49276c86f3b5d7563bd03968bb98375e50059,10,other,False,-0,0,0,0,1,other,0.1642348915,0.05862374976,0.006246335115,0.02015056224,0.05476896837,0.002169313142,2.135589057e-07,0.9430615306,0.002917113714,,,,,,
therapist,panel_mi,101,56,56,130,994bc72760dcfe7fa4dcb4204fd49276c86f3b5d7563bd03968bb98375e50059,10,reflection,True,0.7609640474,0.4,0,0.2,0.4,therapist_input,0.5788229704,1.948964334,0.2560846694,0.1422434855,0.4364675879,0.002952191979,0.5366390347,0.02394118905,0.01224336959,,,,,,
therapist,panel_mi,101,56,56,132,994bc72760dcfe7fa4dcb4204fd49276c86f3b5d7563bd03968bb98375e50059,10,reflection,False,0.2344977968,0.9,0,0,0.1,reflection,0.1117881313,0.4352982042,0.01218338844,0.02120255358,0.9718716741,0.004694839008,0.0067976797,0.01663578302,0.001795309014,,,,,,
therapist,panel_mi,101,56,56,134,994bc72760dcfe7fa4dcb4204fd49276c86f3b5d7563bd03968bb98375e50059,10,reflection,False,0.2344977968,0.9,0,0,0.1,reflection,0.5415577292,0.582779628,0.1986374733,0.07253103499,0.5781300664,0.005565960892,0.008181802928,0.4081222117,0.03793568909,,,,,,
therapist,panel_mi,101,56,56,136,994bc72760dcfe7fa4dcb4204fd49276c86f3b5d7563bd03968bb98375e50059,10,other,False,-0,0,0,0,1,other,0.3109952509,0.1131171733,0.01724566234,0.03857891056,0.01313382946,0.02208165452,0.07173849642,0.8930460215,0.01049126405,,,,,,
therapist,panel_mi,101,56,56,138,994bc72760dcfe7fa4dcb4204fd49276c86f3b5d7563bd03968bb98375e50059,10,therapist_input,False,0.5783898247,0.1,0,0.7,0.2,reflection,0.804169476,1.663039714,0.4762476651,0.1906106449,0.4673679471,0.03502425179,0.1388719529,0.3587358594,0.04372150823,,,,,,
therapist,panel_mi,101,56,56,140,994bc72760dcfe7fa4dcb4204fd49276c86f3b5d7563bd03968bb98375e50059,10,other,False,0.4406454496,0,0,0.3,0.7,other,0.2306625545,1.050888061,0.1216306679,0.08050436756,0.0391208604,5.656393478e-05,0.03614421934,0.9246783257,0.01742285863,,,,,,
therapist,panel_mi,101,56,56,142,994bc72760dcfe7fa4dcb4204fd49276c86f3b5d7563bd03968bb98375e50059,10,other,False,0.4406454496,0,0,0.3,0.7,other,0.561349988,1.083622116,0.09718011622,0.1189188677,0.1884055585,0.02011357434,0.05513674766,0.736344099,0.01579863206,,,,,,
therapist,panel_mi,101,56,56,144,994bc72760dcfe7fa4dcb4204fd49276c86f3b5d7563bd03968bb98375e50059,10,other,False,0.4854752972,0,0,0.4,0.6,therapist_input,0.5849999189,1.007111287,0.2199095829,0.08400540519,0.01126060449,0.05757380649,0.6927669048,0.2383986264,0.04824125022,,,,,,
therapist,panel_mi,101,56,56,146,994bc72760dcfe7fa4dcb4204fd49276c86f3b5d7563bd03968bb98375e50059,10,therapist_input,False,0.7427376486,0.2,0,0.5,0.3,therapist_input,0.04634427279,2.651338111,0.3641038721,0.192842433,0.002684556413,7.7638324e-05,0.9895914197,0.007646334823,0.0006050539087,,,,,,
therapist,panel_mi,101,56,56,148,994bc72760dcfe7fa4dcb4204fd49276c86f3b5d7563bd03968bb98375e50059,10,reflection,False,0.4854752972,0.6,0,0,0.4,therapist_input,0.0882281214,4.585653496,1.455333287,0.6410392424,0.008411767893,0.0001952413295,0.9777829051,0.01361003704,0.002474403474,,,,,,
therapist,panel_mi,101,56,56,150,994bc72760dcfe7fa4dcb4204fd49276c86f3b5d7563bd03968bb98375e50059,10,therapist_input,False,0.3609640474,0,0,0.8,0.2,therapist_input,0.2306464463,0.5500080824,0.02161325163,0.01109951678,0.00036179577,6.961481995e-05,0.9037386179,0.09582992643,0.007310885936,,,,,,
therapist,panel_mi,101,56,56,152,994bc72760dcfe7fa4dcb4204fd49276c86f3b5d7563bd03968bb98375e50059,10,therapist_input,False,0.4854752972,0,0,0.6,0.4,other,0.4714635611,2.222642106,0.5027613128,0.2566688228,0.1820234507,0.009987221099,0.02907626703,0.7789130807,0.01904530637,,,,,,
therapist,panel_mi,101,56,56,154,994bc72760dcfe7fa4dcb4204fd49276c86f3b5d7563bd03968bb98375e50059,10,other,False,-0,0,0,0,1,other,0.1642344147,0.05862355977,0.006246292229,0.0201504822,0.05476876348,0.002169294748,2.135584225e-07,0.9430617094,0.002917125821,,,,,,
therapist,panel_mi,101,56,56,156,994bc72760dcfe7fa4dcb4204fd49276c86f3b5d7563bd03968bb98375e50059,10,other,False,-0,0,0,0,1,other,0.1642344147,0.05862355977,0.006246292229,0.0201504822,0.05476876348,0.002169294748,2.135584225e-07,0.9430617094,0.002917125821,,,,,,
therapist,panel_mi,101,56,56,158,994bc72760dcfe7fa4dcb4204fd49276c86f3b5d7563bd03968bb98375e50059,10,other,False,0.7427376486,0.2,0,0.3,0.5,therapist_input,0.5552510023,1.6125653,0.3462817852,0.1213384061,0.17425327,0.001197495614,0.7277960181,0.09675320238,0.01949512027,,,,,,
therapist,panel_mi,101,56,56,160,994bc72760dcfe7fa4dcb4204fd49276c86f3b5d7563bd03968bb98375e50059,10,other,False,0.7854752972,0.1,0.1,0.2,0.6,therapist_input,0.5367562175,1.838570511,0.5082670634,0.1723641014,0.06418313086,0.01405445021,0.7569580674,0.1648043096,0.01219648682,,,,,,
therapist,panel_mi,101,56,56,162,994bc72760dcfe7fa4dcb4204fd49276c86f3b5d7563bd03968bb98375e50059,10,other,False,-0,0,0,0,1,other,0.1642344147,0.05862355977,0.006246292229,0.0201504822,0.05476876348,0.002169294748,2.135584225e-07,0.9430617094,0.002917125821,,,,,,
therapist,panel_mi,101,56,56,164,994bc72760dcfe7fa4dcb4204fd49276c86f3b5d7563bd03968bb98375e50059,10,therapist_input,False,0.4406454496,0,0,0.7,0.3,other,0.5292833447,3.048861644,0.7014330786,0.3626234283,0.3497076631,0.001878331997,0.01561692171,0.6327970028,0.03184802458,,,,,,
therapist,panel_mi,101,56,56,166,994bc72760dcfe7fa4dcb4204fd49276c86f3b5d7563bd03968bb98375e50059,10,other,False,-0,0,0,0,1,other,0.1642348915,0.05862374976,0.006246335115,0.02015056224,0.05476896837,0.002169313142,2.135589057e-07,0.9430615306,0.002917113714,,,,,,
therapist,panel_mi,101,56,56,168,994bc72760dcfe7fa4dcb4204fd49276c86f3b5d7563bd03968bb98375e50059,10,other,False,-0,0,0,0,1,other,0.1642348915,0.05862374976,0.006246335115,0.02015056224,0.05476896837,0.002169313142,2.135589057e-07,0.9430615306,0.002917113714,,,,,,
therapist,panel_mi,101,56,56,170,994bc72760dcfe7fa4dcb4204fd49276c86f3b5d7563bd03968bb98375e50059,10,other,False,-0,0,0,0,1,other,0.04092987254,0.009100053459,0.0001402424488,0.003149829606,0.0006627688999,0.007551760878,0.000844225171,0.9909412265,0.0003439996508,,,,,,
therapist,panel_mi,101,56,56,172,994bc72760dcfe7fa4dcb4204fd49276c86f3b5d7563bd03968bb98375e50059,10,other,False,0.7854752972,0.3,0,0.3,0.4,other,0.7930033803,1.099731541,0.003551402762,0.003237683996,0.2925272584,0.005588557106,0.2593334913,0.4425507486,0.02225865982,,,,,,
therapist,panel_mi,101,56,56,174,994bc72760dcfe7fa4dcb4204fd49276c86f3b5d7563bd03968bb98375e50059,10,other,False,-0,0,0,0,1,other,0.2407592684,0.08143493533,0.009629933691,0.02790046514,0.01264316309,0.008242586628,0.05732154846,0.921792686,0.00305716577,,,,,,
therapist,panel_mi,101,66,66,0,60300796ba7899fd40ecbaa91387c5ca83e5757c4513c7aae95783e2e3877244,10,other,False,-0,0,0,0,1,other,0.174868539,0.05438346416,0.004401433799,0.01870430649,0.03698076308,0.0007313714596,0.0152189862,0.9470688701,0.001630806131,,,,,,
therapist,panel_mi,101,66,66,2,60300796ba7899fd40ecbaa91387c5ca83e5757c4513c7aae95783e2e3877244,10,question,False,-0,0,1,0,0,other,0.5644720793,0.7964588404,0.5820401529,0.2435597506,0.003658341244,0.4509229064,0.01599907316,0.529419601,0.007124225143,,,,,,
therapist,panel_mi,101,66,66,4,60300796ba7899fd40ecbaa91387c5ca83e5757c4513c7aae95783e2e3877244,10,reflection,True,0.8609640474,0.4,0.1,0.4,0.1,therapist_input,0.8511030078,1.445318377,0.1165307262,0.06523545454,0.1936469376,0.03953717649,0.4016922414,0.3651235998,0.008751047775,,,,,,
therapist,panel_mi,101,66,66,6,60300796ba7899fd40ecbaa91387c5ca83e5757c4513c7aae95783e2e3877244,10,reflection,False,-0,1,0,0,0,reflection,0.8000662327,0.6071644425,0.3012780976,0.1917473761,0.5448937416,0.1134573594,0.2778801322,0.06376872957,0.005515138153,,,,,,
therapist,panel_mi,101,66,66,8,60300796ba7899fd40ecbaa91387c5ca83e5757c4513c7aae95783e2e3877244,10,reflection,False,-0,1,0,0,0,reflection,0.03032841161,0.006345333531,6.730667509e-05,0.002197183967,0.9936747551,0.005139229819,0.000290574535,0.0008954525692,0.0001677998953,,,,,,
therapist,panel_mi,101,66,66,10,60300796ba7899fd40ecbaa91387c5ca83e5757c4513c7aae95783e2e3877244,10,other,False,0.6804820237,0.4,0.1,0,0.5,reflection,0.7991880774,1.203407216,0.1244976153,0.06805568116,0.5824962854,0.1248845607,0.08214564621,0.2104735374,0.008500143886,,,,,,
therapist,panel_mi,101,66,66,12,60300796ba7899fd40ecbaa91387c5ca83e5757c4513c7aae95783e2e3877244,10,reflection,False,-0,1,0,0,0,therapist_input,0.6523973346,1.233341217,0.8902052184,0.3484290908,0.2913175821,0.08270397037,0.6172999144,0.008678594604,0.003418415319,,,,,,
therapist,panel_mi,101,66,66,14,60300796ba7899fd40ecbaa91387c5ca83e5757c4513c7aae95783e2e3877244,10,therapist_input,False,0.5783898247,0.2,0,0.7,0.1,therapist_input,0.3538864255,1.471829884,0.0667953138,0.07843013902,0.003406970995,0.03541750461,0.8639643788,0.09721116722,0.003422858892,,,,,,
therapist,panel_mi,101,66,66,15,60300796ba7899fd40ecbaa91387c5ca83e5757c4513c7aae95783e2e3877244,10,therapist_input,False,0.2344977968,0,0.1,0.9,0,question,0.4980638921,1.057406878,0.6526497853,0.191677225,0.00107135321,0.6654936075,0.3231466413,0.01028848533,0.006880057044,,,,,,
therapist,panel_mi,101,66,66,17,60300796ba7899fd40ecbaa91387c5ca83e5757c4513c7aae95783e2e3877244,10,reflection,False,0.2344977968,0.9,0.1,0,0,other,0.8497652411,1.288693595,0.5250871826,0.2860831881,0.3449991941,0.03655210882,0.2048303187,0.4136184156,0.009317139164,,,,,,
therapist,panel_mi,101,66,66,19,60300796ba7899fd40ecbaa91387c5ca83e5757c4513c7aae95783e2e3877244,10,therapist_input,False,0.4854752972,0.4,0,0.6,0,therapist_input,0.7281048894,0.8424609065,0.03049376348,0.05457086237,0.253932178,0.06070605665,0.6124367118,0.07292505354,0.004620907363,,,,,,
therapist,panel_mi,101,66,66,21,60300796ba7899fd40ecbaa91387c5ca83e5757c4513c7aae95783e2e3877244,10,therapist_input,False,-0,0,0,1,0,therapist_input,0.268754065,0.08922895789,0.01033089598,0.03053667345,0.03429058567,0.0423268415,0.9146361351,0.008746472187,0.001497621415,,,,,,
therapist,panel_mi,101,66,66,23,60300796ba7899fd40ecbaa91387c5ca83e5757c4513c7aae95783e2e3877244,10,therapist_input,False,0.2344977968,0,0,0.9,0.1,therapist_input,0.7276989222,0.5989018977,0.09466675721,0.08995147721,0.1656823456,0.06294570118,0.6494535208,0.1219184399,0.0055227587,,,,,,
therapist,panel_mi,101,66,66,25,60300796ba7899fd40ecbaa91387c5ca83e5757c4513c7aae95783e2e3877244,10,therapist_input,False,0.6477309221,0.1,0.3,0.6,0,question,0.3128352463,2.002394493,0.64010981,0.2105116474,0.03643295169,0.8917574883,0.06535009295,0.006459490862,0.002927688416,,,,,,
therapist,panel_mi,101,66,66,27,60300796ba7899fd40ecbaa91387c5ca83e5757c4513c7aae95783e2e3877244,10,other,False,-0,0,0,0,1,other,0.2303299606,0.07479447871,0.007592741611,0.02564971276,0.003055451671,0.03241859004,0.03659176081,0.9279341698,0.001841808669,,,,,,
therapist,panel_mi,101,66,66,29,60300796ba7899fd40ecbaa91387c5ca83e5757c4513c7aae95783e2e3877244,10,reflection,False,0.2344977968,0.9,0,0,0.1,reflection,0.06591660529,0.478814718,0.01538402229,0.02467110715,0.9847396612,0.0008092783391,0.004887013696,0.009564031847,0.0003744248243,,,,,,
therapist,panel_mi,101,109,109,0,f92544f5ed508add4c093c58e76fce40d49ca14b51000a7b8770e0152039d485,10,therapist_input,False,0.4406454496,0,0,0.7,0.3,therapist_input,0.5838192701,0.6791913599,0.005533438434,0.02316806533,0.01162514836,0.0517850928,0.6870854497,0.2495043278,0.02165016159,,,,,,
therapist,panel_mi,101,109,109,2,f92544f5ed508add4c093c58e76fce40d49ca14b51000a7b8770e0152039d485,10,therapist_input,False,0.2344977968,0,0,0.9,0.1,therapist_input,0.5978450179,0.4877311677,0.06099331511,0.05142614773,0.004530417733,0.1021289974,0.6969132423,0.1964273155,0.0604746826,,,,,,
therapist,panel_mi,101,109,109,4,f92544f5ed508add4c093c58e76fce40d49ca14b51000a7b8770e0152039d485,10,question,False,0.6783898247,0.1,0.7,0.1,0.1,question,0.5116941929,1.36247822,0.06366465385,0.07558075005,0.007326749153,0.6699033976,0.3140844405,0.008685376495,0.035139855,,,,,,
therapist,panel_mi,101,109,109,6,f92544f5ed508add4c093c58e76fce40d49ca14b51000a7b8770e0152039d485,10,reflection,False,-0,1,0,0,0,reflection,0.5614286661,0.3623146117,0.1563044688,0.1190266934,0.6960633993,0.05052725598,0.2476712763,0.005738127045,0.01139482856,,,,,,
therapist,panel_mi,101,109,109,8,f92544f5ed508add4c093c58e76fce40d49ca14b51000a7b8770e0152039d485,10,reflection,False,-0,1,0,0,0,reflection,0.3921065629,0.2092236429,0.0658857504,0.07035667985,0.8112136722,0.001893187291,0.1733759344,0.01351716835,0.003677017987,,,,,,
therapist,panel_mi,101,109,109,10,f92544f5ed508add4c093c58e76fce40d49ca14b51000a7b8770e0152039d485,10,reflection,False,-0,1,0,0,0,reflection,0.8098269105,0.8976288438,0.5344382721,0.2696638982,0.4075348973,0.1921089739,0.3823524117,0.01800378039,0.02529934421,,,,,,
therapist,panel_mi,101,109,109,12,f92544f5ed508add4c093c58e76fce40d49ca14b51000a7b8770e0152039d485,10,reflection,False,-0,1,0,0,0,reflection,0.2206883878,0.06919667125,0.006558732088,0.0237489601,0.9331432581,0.04183510691,0.008927931078,0.01609374024,0.01087093353,,,,,,
therapist,panel_mi,101,109,109,14,f92544f5ed508add4c093c58e76fce40d49ca14b51000a7b8770e0152039d485,10,question,False,-0,0,1,0,0,question,0.02521368302,0.004807266872,3.306352519e-05,0.001664968691,0.002847704105,0.9952042699,0.0008043258567,0.001143739093,0.0004810526152,,,,,,
therapist,panel_mi,101,109,109,16,f92544f5ed508add4c093c58e76fce40d49ca14b51000a7b8770e0152039d485,10,other,False,-0,0,0,0,1,other,0.2041191608,0.06637431681,0.006256189285,0.02278949946,0.0002298917825,0.03850098327,0.02548862994,0.9357806444,0.001357381232,,,,,,
therapist,panel_mi,101,109,109,18,f92544f5ed508add4c093c58e76fce40d49ca14b51000a7b8770e0152039d485,10,question,False,-0,0,1,0,0,question,0.02731591091,0.005313660484,4.025463664e-05,0.001840231914,0.0003985372896,0.9947003126,0.00244696578,0.002454126719,9.395699453e-05,,,,,,
therapist,panel_mi,101,109,109,20,f92544f5ed508add4c093c58e76fce40d49ca14b51000a7b8770e0152039d485,10,question,False,0.3609640474,0.2,0.8,0,0,question,0.4243088067,0.6506592631,0.02084389202,0.04207368248,0.07517350465,0.846762538,0.04280750826,0.03525649384,0.0101957405,,,,,,
therapist,panel_mi,101,109,109,22,f92544f5ed508add4c093c58e76fce40d49ca14b51000a7b8770e0152039d485,10,reflection,False,-0,1,0,0,0,therapist_input,0.8604635,1.807047129,1.005865551,0.4563811162,0.1641381085,0.05631197244,0.3992708623,0.380279094,0.0452642031,,,,,,
therapist,panel_mi,101,109,109,24,f92544f5ed508add4c093c58e76fce40d49ca14b51000a7b8770e0152039d485,10,question,False,0.5783898247,0,0.7,0.2,0.1,question,0.6042241454,1.02027455,0.05761361014,0.04719891208,0.02786789462,0.5763896704,0.3838384748,0.01190403383,0.01350571681,,,,,,
therapist,panel_mi,101,109,109,26,f92544f5ed508add4c093c58e76fce40d49ca14b51000a7b8770e0152039d485,10,reflection,False,-0,1,0,0,0,reflection,0.1590753347,0.04472192004,0.002720770392,0.01540246031,0.9562632442,0.02111348137,0.0040248679,0.01859833859,0.00675236294,,,,,,
therapist,panel_mi,101,109,109,28,f92544f5ed508add4c093c58e76fce40d49ca14b51000a7b8770e0152039d485,10,question,False,-0,0,1,0,0,question,0.6228608489,0.3341707289,0.1147331503,0.1102616739,0.1417458951,0.7159314752,0.1148562059,0.02746642567,0.0227342546,,,,,,
therapist,panel_mi,101,109,109,30,f92544f5ed508add4c093c58e76fce40d49ca14b51000a7b8770e0152039d485,10,other,False,-0,0,0,0,1,other,0.07567147166,0.02157544717,0.000898244365,0.007454949853,0.02103756554,0.000287934381,1.884437006e-05,0.9786555171,0.0004284698516,,,,,,
therapist,panel_mi,101,109,109,32,f92544f5ed508add4c093c58e76fce40d49ca14b51000a7b8770e0152039d485,10,therapist_input,False,-0,0,0,1,0,therapist_input,0.06592283398,0.01556660049,0.0003771498364,0.005383251425,0.002096361248,0.001927908161,0.9845539331,0.01142179035,0.002498337533,,,,,,
therapist,panel_mi,101,109,109,34,f92544f5ed508add4c093c58e76fce40d49ca14b51000a7b8770e0152039d485,10,question,False,-0,0,1,0,0,question,0.2309304625,0.07392115891,0.007540991907,0.0253533833,0.04642061144,0.9287449121,0.0128947245,0.01193973515,0.003492550459,,,,,,
therapist,panel_mi,101,109,109,36,f92544f5ed508add4c093c58e76fce40d49ca14b51000a7b8770e0152039d485,10,question,False,0.2344977968,0,0.9,0.1,0,question,0.8394982815,0.7526723802,0.1868906559,0.1366153879,0.222211197,0.5457497239,0.1253844798,0.1066546291,0.02958710492,,,,,,
therapist,panel_mi,101,109,109,38,f92544f5ed508add4c093c58e76fce40d49ca14b51000a7b8770e0152039d485,10,question,False,-0,0,1,0,0,question,0.1965339333,0.05764255673,0.004355759984,0.01981606256,0.009043378755,0.9439871907,0.02757712267,0.01939221099,0.00509094866,,,,,,
therapist,panel_mi,101,109,109,40,f92544f5ed508add4c093c58e76fce40d49ca14b51000a7b8770e0152039d485,10,reflection,False,0.6854752972,0.6,0.2,0.2,0,question,0.905318737,1.438541317,0.2518244009,0.1223926636,0.1920175254,0.4681331515,0.2269107401,0.112938568,0.02934840322,,,,,,
therapist,panel_mi,101,109,109,42,f92544f5ed508add4c093c58e76fce40d49ca14b51000a7b8770e0152039d485,10,therapist_input,False,0.4406454496,0,0,0.7,0.3,therapist_input,0.1622840613,1.177729961,0.1417922686,0.08977297624,0.0005046527367,0.02453397959,0.9528829455,0.02207847685,0.005392672494,,,,,,
therapist,panel_mi,101,109,109,44,f92544f5ed508add4c093c58e76fce40d49ca14b51000a7b8770e0152039d485,10,other,False,0.6854752972,0.2,0,0.2,0.6,therapist_input,0.9202317595,1.383422089,0.1689725184,0.127254756,0.07895924151,0.2386900932,0.3538111448,0.3285394609,0.08746014535,,,,,,
therapist,panel_mi,101,130,130,1,957962b55a53a08db5f378e511817642230cbd4d6d1cf4d43dd6a4b63131ccc1,10,therapist_input,False,0.3609640474,0,0,0.8,0.2,therapist_input,0.1100481004,1.180998057,0.06789992466,0.07628226797,0.02822028659,0.0003525289358,0.9683268666,0.003100325586,0.002140040509,,,,,,
therapist,panel_mi,101,130,130,3,957962b55a53a08db5f378e511817642230cbd4d6d1cf4d43dd6a4b63131ccc1,10,therapist_input,False,0.4854752972,0,0,0.6,0.4,therapist_input,0.3106041551,1.168628564,0.2000902179,0.097345914,0.03766164929,0.005844061263,0.8926445246,0.06384986639,0.02450246178,,,,,,
therapist,panel_mi,101,130,130,5,957962b55a53a08db5f378e511817642230cbd4d6d1cf4d43dd6a4b63131ccc1,10,question,False,0.4854752972,0,0.6,0.4,0,reflection,0.3850421607,4.379678202,1.057831342,0.5053540319,0.8079413176,0.002104524989,0.1820092648,0.007944831625,0.02587726712,,,,,,
therapist,panel_mi,101,130,130,7,957962b55a53a08db5f378e511817642230cbd4d6d1cf4d43dd6a4b63131ccc1,10,therapist_input,False,-0,0,0,1,0,therapist_input,0.200053528,0.06811890751,0.007272840774,0.02338268495,0.01288517565,0.0003308506275,0.9341493845,0.05263458937,0.01179025881,,,,,,
therapist,panel_mi,101,130,130,9,957962b55a53a08db5f378e511817642230cbd4d6d1cf4d43dd6a4b63131ccc1,10,question,False,0.6854752972,0.2,0.6,0.2,0,question,0.2230435908,1.80975927,0.1496095837,0.09283002595,0.08588785678,0.911939621,0.001804378582,0.0003681326634,0.002887242706,,,,,,
therapist,panel_mi,101,130,130,11,957962b55a53a08db5f378e511817642230cbd4d6d1cf4d43dd6a4b63131ccc1,10,question,False,0.4609640474,0,0.8,0.1,0.1,question,0.6906607151,1.168749917,0.1763864604,0.1196163492,0.09688080102,0.5185317993,0.3803628087,0.004224565811,0.04192723334,,,,,,
therapist,panel_mi,101,130,130,13,957962b55a53a08db5f378e511817642230cbd4d6d1cf4d43dd6a4b63131ccc1,10,question,False,0.2344977968,0,0.9,0,0.1,question,0.09593006223,0.621744911,0.01558032953,0.0379091341,0.005019400269,0.9759766459,0.01652175188,0.002482226584,0.001624731114,,,,,,
therapist,panel_mi,101,130,130,15,957962b55a53a08db5f378e511817642230cbd4d6d1cf4d43dd6a4b63131ccc1,10,therapist_input,False,-0,0,0,1,0,therapist_input,0.7304731011,0.7195824385,0.4159693367,0.2229843306,0.151460439,0.001288549276,0.4869555533,0.3602954447,0.07037441432,,,,,,
therapist,panel_mi,101,130,130,17,957962b55a53a08db5f378e511817642230cbd4d6d1cf4d43dd6a4b63131ccc1,10,therapist_input,False,0.3609640474,0,0.2,0.8,0,therapist_input,0.5167777538,0.9865038037,0.05243701092,0.1113640831,0.1116414443,0.01889106631,0.7859490514,0.08351840079,0.0421167016,,,,,,
therapist,panel_mi,101,130,130,19,957962b55a53a08db5f378e511817642230cbd4d6d1cf4d43dd6a4b63131ccc1,10,therapist_input,False,-0,0,0,1,0,therapist_input,0.6554306746,0.3823878467,0.1493437573,0.1252275989,0.04416182637,0.2038313597,0.6822303534,0.06977642328,0.01236139052,,,,,,
therapist,panel_mi,101,130,130,21,957962b55a53a08db5f378e511817642230cbd4d6d1cf4d43dd6a4b63131ccc1,10,other,False,-0,0,0,0,1,other,0.07644296438,0.01899107546,0.0005794828821,0.006564361722,0.002435766393,0.001646875055,0.01472925115,0.9811881185,0.0003276458592,,,,,,
therapist,panel_mi,314,7,7,0,7fe3d6029ec1e666f41b728458a973e8e2e6924c09046427a23859dcc7b3d75a,10,question,False,-0,0,1,0,0,question,0.0124661969,0.002145802835,6.58713239e-06,0.0007434479915,0.0008307598764,0.997856617,0.0001869163971,0.001125802519,0.0001961191156,,,,,,
therapist,panel_mi,314,7,7,2,7fe3d6029ec1e666f41b728458a973e8e2e6924c09046427a23859dcc7b3d75a,10,reflection,False,-0,1,0,0,0,reflection,0.4806927145,0.2316423655,0.06456259094,0.0776348509,0.7932297587,0.1279250085,0.005249790382,0.07359544933,0.06271280348,,,,,,
therapist,panel_mi,314,7,7,4,7fe3d6029ec1e666f41b728458a973e8e2e6924c09046427a23859dcc7b3d75a,10,other,False,0.4406454496,0.3,0,0,0.7,other,0.1735793054,2.46697367,0.1514208703,0.1315419497,0.0003077525762,0.006397160236,0.05033169314,0.9429634213,0.007067845669,,,,,,
therapist,panel_mi,314,7,7,6,7fe3d6029ec1e666f41b728458a973e8e2e6924c09046427a23859dcc7b3d75a,10,question,False,-0,0,1,0,0,question,0.4346216619,0.210205555,0.05988263883,0.07067650891,0.0107644219,0.8104176521,0.1520083696,0.0268096067,0.03317461163,,,,,,
therapist,panel_mi,314,7,7,8,7fe3d6029ec1e666f41b728458a973e8e2e6924c09046427a23859dcc7b3d75a,10,reflection,False,0.2344977968,0.9,0,0,0.1,other,0.7577041388,1.040137017,0.4909946767,0.1941750453,0.3407596648,0.1600594074,0.008602006361,0.4905789495,0.01719160005,,,,,,
therapist,panel_mi,314,7,7,10,7fe3d6029ec1e666f41b728458a973e8e2e6924c09046427a23859dcc7b3d75a,10,question,False,-0,0,1,0,0,question,0.5108829737,0.4930391312,0.2975066881,0.1586460727,0.001850101748,0.6107673645,0.005318517797,0.3820640445,0.01314429659,,,,,,
therapist,panel_mi,314,7,7,12,7fe3d6029ec1e666f41b728458a973e8e2e6924c09046427a23859dcc7b3d75a,10,other,False,0.5783898247,0.1,0.2,0,0.7,other,0.2495581359,1.338557424,0.09327552799,0.0876068508,0.02262299322,0.01092060469,0.04367987067,0.9227765203,0.004005518742,,,,,,
therapist,panel_mi,314,7,7,14,7fe3d6029ec1e666f41b728458a973e8e2e6924c09046427a23859dcc7b3d75a,10,reflection,False,0.2344977968,0.9,0,0,0.1,other,0.5527604222,0.8782579124,0.4797337603,0.1497565554,0.4004367292,0.001306019374,0.01886954904,0.5793876648,0.02978066728,,,,,,
therapist,panel_mi,314,7,7,16,7fe3d6029ec1e666f41b728458a973e8e2e6924c09046427a23859dcc7b3d75a,10,question,False,-0,0,1,0,0,question,0.01413095556,0.002554816427,1.010628138e-05,0.0008850883884,5.833325122e-05,0.9974485636,0.0007543476531,0.001738793566,0.0002223909833,,,,,,
therapist,panel_mi,314,7,7,18,7fe3d6029ec1e666f41b728458a973e8e2e6924c09046427a23859dcc7b3d75a,10,question,False,0.3609640474,0.2,0.8,0,0,question,0.4002378583,0.531368649,0.002928152766,0.01003197115,0.1540720463,0.8214969635,0.006820182316,0.01761083491,0.01024986245,,,,,,
therapist,panel_mi,314,7,7,20,7fe3d6029ec1e666f41b728458a973e8e2e6924c09046427a23859dcc7b3d75a,10,question,False,-0,0,1,0,0,question,0.01159184333,0.002000842011,6.013622273e-06,0.0006932484253,0.0001442480425,0.9980010986,0.001299908268,0.0005546931643,0.000123594451,,,,,,
therapist,panel_mi,314,7,7,22,7fe3d6029ec1e666f41b728458a973e8e2e6924c09046427a23859dcc7b3d75a,10,question,False,-0,0,1,0,0,question,0.3609203696,0.1692305505,0.04248596124,0.05724599819,0.0009529610397,0.8443142176,0.02134912461,0.1333836764,0.01595716365,,,,,,
therapist,panel_mi,314,7,7,24,7fe3d6029ec1e666f41b728458a973e8e2e6924c09046427a23859dcc7b3d75a,10,reflection,False,0.3609640474,0.8,0.2,0,0,question,0.1242564544,3.31602587,1.204199138,0.3864790261,0.01597366296,0.9676615596,0.002540184185,0.01382455789,0.003729541553,,,,,,
therapist,panel_mi,314,7,7,26,7fe3d6029ec1e666f41b728458a973e8e2e6924c09046427a23859dcc7b3d75a,10,question,False,-0,0,1,0,0,question,0.1233922541,0.03159249574,0.001321157031,0.01090078084,0.01146995649,0.9689013362,0.01367616467,0.005952542182,0.002786739962,,,,,,
therapist,panel_mi,314,7,7,28,7fe3d6029ec1e666f41b728458a973e8e2e6924c09046427a23859dcc7b3d75a,10,question,False,0.4609640474,0,0.8,0.1,0.1,question,0.5347157717,0.8342660546,0.04451101929,0.04482926478,0.01911741123,0.7006671429,0.0154857263,0.2647296786,0.02214125358,,,,,,
therapist,panel_mi,314,7,7,30,7fe3d6029ec1e666f41b728458a973e8e2e6924c09046427a23859dcc7b3d75a,10,therapist_input,False,-0,0,0,1,0,therapist_input,0.5215201974,0.2934363782,0.1077661555,0.09742922813,0.2038192004,0.0134230433,0.7456966639,0.03706108779,0.007295123301,,,,,,
therapist,panel_mi,314,7,7,32,7fe3d6029ec1e666f41b728458a973e8e2e6924c09046427a23859dcc7b3d75a,10,other,False,0.2344977968,0,0,0.1,0.9,other,0.1735802889,0.3517667044,0.004353734434,0.006754681681,0.0003077534202,0.00639718771,0.05033209175,0.9429629445,0.00706789922,,,,,,
therapist,panel_mi,314,7,7,34,7fe3d6029ec1e666f41b728458a973e8e2e6924c09046427a23859dcc7b3d75a,10,question,False,-0,0,1,0,0,question,0.01434439793,0.002767096274,1.419424005e-05,0.000958625449,0.0001622963173,0.9972367287,4.553688632e-05,0.002555417363,0.0003455535043,,,,,,
therapist,panel_mi,314,7,7,36,7fe3d6029ec1e666f41b728458a973e8e2e6924c09046427a23859dcc7b3d75a,10,other,False,0.3609640474,0.2,0,0,0.8,other,0.03459395096,2.501717505,0.07690128048,0.0772347033,3.816323897e-06,0.0002310170094,0.007823664695,0.991941452,0.0003009473439,,,,,,
therapist,panel_mi,314,7,7,38,7fe3d6029ec1e666f41b728458a973e8e2e6924c09046427a23859dcc7b3d75a,10,reflection,False,0.4406454496,0.7,0.3,0,0,reflection,0.9401132464,1.018900532,0.1387489674,0.1309420439,0.4075918794,0.2719344199,0.1367094815,0.1837642491,0.03787473962,,,,,,
therapist,panel_mi,314,7,7,40,7fe3d6029ec1e666f41b728458a973e8e2e6924c09046427a23859dcc7b3d75a,10,question,False,0.2344977968,0.1,0.9,0,0,question,0.6928297877,0.578580606,0.1357859606,0.07530752443,0.3032805324,0.6003149152,0.04663912579,0.04976550117,0.04709580168,,,,,,
therapist,panel_mi,314,7,7,42,7fe3d6029ec1e666f41b728458a973e8e2e6924c09046427a23859dcc7b3d75a,10,question,False,-0,0,1,0,0,question,0.06262563914,0.01699375361,0.0005596769101,0.005875623459,3.660290531e-06,0.9831498265,0.000242622802,0.01660390571,0.001223542495,,,,,,
therapist,panel_mi,314,7,7,44,7fe3d6029ec1e666f41b728458a973e8e2e6924c09046427a23859dcc7b3d75a,10,other,False,0.2344977968,0.1,0,0,0.9,other,0.05908666924,0.4303772785,0.01422278947,0.01819348881,0.01559340023,0.0001426676608,1.25350216e-05,0.9842513204,0.0005250967224,,,,,,
therapist,panel_mi,314,7,7,46,7fe3d6029ec1e666f41b728458a973e8e2e6924c09046427a23859dcc7b3d75a,10,other,False,-0,0,0,0,1,other,0.1459804475,0.04266780242,0.002622341527,0.01469927794,1.36715812e-06,0.02250542119,0.01926360093,0.958229661,0.003323327051,,,,,,
therapist,panel_mi,314,7,7,48,7fe3d6029ec1e666f41b728458a973e8e2e6924c09046427a23859dcc7b3d75a,10,question,False,-0,0,1,0,0,question,0.1292262524,0.03509350121,0.001802982968,0.0121028083,0.02353219129,0.9655151367,0.005348527338,0.005604141392,0.005374477711,,,,,,
therapist,panel_mi,314,7,7,50,7fe3d6029ec1e666f41b728458a973e8e2e6924c09046427a23859dcc7b3d75a,10,question,False,-0,0,1,0,0,question,0.3466054797,0.161770612,0.04003634777,0.05478257371,0.001777974539,0.8506361842,0.01534251124,0.1322432458,0.01654881984,,,,,,
therapist,panel_mi,314,7,7,52,7fe3d6029ec1e666f41b728458a973e8e2e6924c09046427a23859dcc7b3d75a,10,reflection,False,0.2344977968,0.9,0.1,0,0,therapist_input,0.8752975464,1.640923893,0.7720682781,0.3546856775,0.2069279253,0.1074449793,0.5110718012,0.1745553315,0.02735271491,,,,,,
therapist,panel_mi,314,7,7,54,7fe3d6029ec1e666f41b728458a973e8e2e6924c09046427a23859dcc7b3d75a,10,question,False,0.4854752972,0.4,0.6,0,0,question,0.400765717,1.15171653,0.1757890798,0.1006299797,0.0714090392,0.8521660566,0.0126298815,0.06379498541,0.009606687352,,,,,,
therapist,panel_mi,314,7,7,56,7fe3d6029ec1e666f41b728458a973e8e2e6924c09046427a23859dcc7b3d75a,10,question,False,-0,0,1,0,0,question,0.1732894033,0.04862758145,0.003086891154,0.01673832687,0.02068870142,0.9525358081,0.008511546068,0.01826397702,0.0103773186,,,,,,
therapist,panel_mi,314,7,7,58,7fe3d6029ec1e666f41b728458a973e8e2e6924c09046427a23859dcc7b3d75a,10,therapist_input,False,0.2344977968,0,0.1,0.9,0,question,0.7450962663,2.213776869,0.9623445591,0.4009622309,0.03759414703,0.5544914007,0.09124296904,0.3166715503,0.0392479077,,,,,,
therapist,panel_mi,314,7,7,60,7fe3d6029ec1e666f41b728458a973e8e2e6924c09046427a23859dcc7b3d75a,10,question,False,0.4406454496,0,0.7,0.3,0,question,0.6999946237,1.393487531,0.2827163609,0.2159940946,0.4214063287,0.4972164035,0.04906601831,0.03231124952,0.02255994454,,,,,,
therapist,panel_mi,314,7,7,62,7fe3d6029ec1e666f41b728458a973e8e2e6924c09046427a23859dcc7b3d75a,10,other,False,0.6477309221,0.1,0,0.3,0.6,other,0.3913752437,1.299328196,0.08001605614,0.05786338322,0.001952159568,0.02040727064,0.1558282077,0.8218124509,0.02604719996,,,,,,
therapist,panel_mi,314,7,7,64,7fe3d6029ec1e666f41b728458a973e8e2e6924c09046427a23859dcc7b3d75a,10,other,False,-0,0,0,0,1,other,0.1628036499,0.05558638647,0.005437442985,0.01911478593,0.0002364731918,0.003842349397,0.04999090359,0.9459301829,0.005901065655,,,,,,
therapist,panel_mi,314,27,27,0,e883cab14c33a28c3bf1e25281ef335a7bcd08f31fb3e2cea1e824982af00196,10,therapist_input,False,0.4609640474,0,0.1,0.8,0.1,reflection,0.4200000465,2.299207163,1.039919799,0.4256589045,0.7992904782,0.006539570633,0.1794828176,0.01468718238,0.01193427201,,,,,,
therapist,panel_mi,314,27,27,2,e883cab14c33a28c3bf1e25281ef335a7bcd08f31fb3e2cea1e824982af00196,10,other,False,-0,0,0,0,1,other,0.2510559857,0.0892816186,0.01201233266,0.03055446034,0.00956614688,0.008348410949,0.06749748439,0.9145878553,0.007338145282,,,,,,
therapist,panel_mi,314,27,27,4,e883cab14c33a28c3bf1e25281ef335a7bcd08f31fb3e2cea1e824982af00196,10,therapist_input,False,-0,0,0,1,0,reflection,0.8209370971,1.222890973,0.7851659702,0.346156851,0.5181944966,0.06949266791,0.2943778932,0.1179349199,0.02055997215,,,,,,
therapist,panel_mi,314,27,27,6,e883cab14c33a28c3bf1e25281ef335a7bcd08f31fb3e2cea1e824982af00196,10,other,False,-0,0,0,0,1,other,0.1037528887,0.03270750865,0.002054747537,0.01128372745,0.03192574903,0.0002057608945,4.686200919e-05,0.9678215981,0.001725504873,,,,,,
therapist,panel_mi,314,27,27,8,e883cab14c33a28c3bf1e25281ef335a7bcd08f31fb3e2cea1e824982af00196,10,other,False,0.9232196723,0.3,0.1,0.2,0.4,question,0.3127214313,3.422687051,0.8717574007,0.3790215089,0.04491110519,0.8947758675,0.05137374997,0.008939232677,0.004642436281,,,,,,
therapist,panel_mi,314,27,27,10,e883cab14c33a28c3bf1e25281ef335a7bcd08f31fb3e2cea1e824982af00196,10,other,False,0.3609640474,0.2,0,0,0.8,other,0.6597607136,1.090060568,0.2666409393,0.1811362196,0.05807321519,0.009534666315,0.4109009802,0.5214911103,0.05403758958,,,,,,
therapist,panel_mi,314,27,27,12,e883cab14c33a28c3bf1e25281ef335a7bcd08f31fb3e2cea1e824982af00196,10,reflection,False,0.3609640474,0.8,0,0,0.2,reflection,0.4352687001,0.7862875819,0.04528440505,0.07697056472,0.8054682612,0.0005416205968,0.1473881304,0.0466019921,0.02646881342,,,,,,
therapist,panel_mi,314,27,27,14,e883cab14c33a28c3bf1e25281ef335a7bcd08f31fb3e2cea1e824982af00196,10,therapist_input,False,-0,0,0,1,0,therapist_input,0.4148818254,0.1881661713,0.04493465328,0.06347374691,0.06432537735,0.0005370217841,0.828477025,0.1066605821,0.02341033332,,,,,,
therapist,panel_mi,314,27,27,16,e883cab14c33a28c3bf1e25281ef335a7bcd08f31fb3e2cea1e824982af00196,10,therapist_input,False,-0,0,0,1,0,therapist_input,0.8716457486,0.8483148217,0.4753493598,0.2570778592,0.07197599113,0.154560551,0.4281358123,0.3453276753,0.0468769148,,,,,,
therapist,panel_mi,314,27,27,18,e883cab14c33a28c3bf1e25281ef335a7bcd08f31fb3e2cea1e824982af00196,10,therapist_input,False,-0,0,0,1,0,therapist_input,0.6925837398,0.3958313763,0.148712116,0.1293567903,0.1617523432,0.1146912128,0.673120141,0.05043618754,0.03132430464,,,,,,
therapist,panel_mi,314,27,27,20,e883cab14c33a28c3bf1e25281ef335a7bcd08f31fb3e2cea1e824982af00196,10,therapist_input,False,0.6477309221,0.1,0.3,0.6,0,question,0.3391119242,2.232593332,0.6549924689,0.2281860547,0.06172532961,0.8838015795,0.04096444696,0.01350869238,0.01329613477,,,,,,
therapist,panel_mi,314,27,27,22,e883cab14c33a28c3bf1e25281ef335a7bcd08f31fb3e2cea1e824982af00196,10,other,False,-0,0,0,0,1,other,0.3590506911,0.1353964061,0.02286789472,0.04602827318,0.06400921196,0.05099254847,0.01162861101,0.8733695745,0.0106344996,,,,,,
therapist,panel_mi,314,55,55,0,1b9abf33ba8b2badfab01f2ee1f7aa958800a9808d579c0ec4e6bc41eb27f449,10,question,False,0.2344977968,0,0.9,0.1,0,therapist_input,0.772146225,1.594129598,0.764712863,0.3118313536,0.009933164343,0.1841037124,0.4911571443,0.3148059547,0.1311834157,,,,,,
therapist,panel_mi,314,55,55,2,1b9abf33ba8b2badfab01f2ee1f7aa958800a9808d579c0ec4e6bc41eb27f449,10,question,False,0.2344977968,0,0.9,0.1,0,question,0.6692280769,0.6069389045,0.1193801971,0.09193624874,0.2214090377,0.637031436,0.1338597536,0.007699776441,0.01239345875,,,,,,
therapist,panel_mi,314,55,55,4,1b9abf33ba8b2badfab01f2ee1f7aa958800a9808d579c0ec4e6bc41eb27f449,10,question,False,-0,0,1,0,0,question,0.04235617816,0.009237024002,0.0001285982649,0.003197196902,6.504818157e-05,0.9908055067,0.003473497229,0.005655982997,0.001426210627,,,,,,
therapist,panel_mi,314,55,55,6,1b9abf33ba8b2badfab01f2ee1f7aa958800a9808d579c0ec4e6bc41eb27f449,10,question,False,-0,0,1,0,0,therapist_input,0.6113240123,1.729738116,1.174414512,0.4436796508,0.006199027412,0.1773308516,0.6948357224,0.1216344386,0.05482584983,,,,,,
therapist,panel_mi,314,55,55,8,1b9abf33ba8b2badfab01f2ee1f7aa958800a9808d579c0ec4e6bc41eb27f449,10,therapist_input,False,0.3609640474,0,0.2,0.8,0,therapist_input,0.3662951291,0.5083634377,0.0007186370361,0.002621447968,1.424614311e-05,0.1786250323,0.8147795796,0.006581156049,0.05185275152,,,,,,
therapist,panel_mi,314,55,55,10,1b9abf33ba8b2badfab01f2ee1f7aa958800a9808d579c0ec4e6bc41eb27f449,10,question,False,-0,0,1,0,0,question,0.16527614,0.04900816828,0.003415560917,0.01686842,0.001193184988,0.9521733522,0.02775565349,0.01887783594,0.00438381359,,,,,,
therapist,panel_mi,314,55,55,12,1b9abf33ba8b2badfab01f2ee1f7aa958800a9808d579c0ec4e6bc41eb27f449,10,question,False,-0,0,1,0,0,reflection,0.4980400801,1.584527493,1.203960469,0.4183173124,0.7558020949,0.205044657,0.02083672769,0.01831655204,0.022623647,,,,,,
therapist,panel_mi,314,55,55,14,1b9abf33ba8b2badfab01f2ee1f7aa958800a9808d579c0ec4e6bc41eb27f449,10,question,False,-0,0,1,0,0,question,0.02019328624,0.003770297393,2.091272783e-05,0.001305977853,0.002288620919,0.9962368011,0.0002756440954,0.001198873157,0.0002390276204,,,,,,
therapist,panel_mi,314,55,55,16,1b9abf33ba8b2badfab01f2ee1f7aa958800a9808d579c0ec4e6bc41eb27f449,10,question,False,-0,0,1,0,0,question,0.1329120994,0.03670276701,0.001970264069,0.01265493326,0.002453765366,0.9639625549,0.02391992323,0.009663701057,0.002874752972,,,,,,
therapist,panel_mi,314,55,55,18,1b9abf33ba8b2badfab01f2ee1f7aa958800a9808d579c0ec4e6bc41eb27f449,10,reflection,False,-0,1,0,0,0,reflection,0.266831547,0.08989160508,0.01072161617,0.03076052572,0.9140302539,0.006868089084,0.03074433282,0.04835736006,0.01992115937,,,,,,
therapist,panel_mi,314,55,55,20,1b9abf33ba8b2badfab01f2ee1f7aa958800a9808d579c0ec4e6bc41eb27f449,10,reflection,False,0.2344977968,0.9,0,0,0.1,reflection,0.4289249778,0.4086321175,0.007568760329,0.02849854238,0.8413599133,0.0225122273,0.05660409853,0.07952376455,0.01097783539,,,,,,
therapist,panel_mi,314,55,55,22,1b9abf33ba8b2badfab01f2ee1f7aa958800a9808d579c0ec4e6bc41eb27f449,10,question,False,0.6477309221,0.3,0.6,0.1,0,reflection,0.605958581,1.066074473,0.0897493941,0.04007155844,0.534316659,0.429711163,0.02441414818,0.01155804656,0.01484248042,,,,,,
therapist,panel_mi,314,55,55,24,1b9abf33ba8b2badfab01f2ee1f7aa958800a9808d579c0ec4e6bc41eb27f449,10,question,False,-0,0,1,0,0,question,0.007959579118,0.001315922709,2.7126023e-06,0.0004559991622,0.000254826562,0.9986848831,0.0001081303708,0.0009521542815,0.0002477829112,,,,,,
therapist,panel_mi,314,55,55,26,1b9abf33ba8b2badfab01f2ee1f7aa958800a9808d579c0ec4e6bc41eb27f449,10,question,False,-0,0,1,0,0,question,0.01390768588,0.002486337209,9.655196488e-06,0.0008614239239,0.001797202392,0.9975167513,0.0002349853312,0.0004511294537,0.0002506992896,,,,,,
therapist,panel_mi,314,55,55,28,1b9abf33ba8b2badfab01f2ee1f7aa958800a9808d579c0ec4e6bc41eb27f449,10,question,False,-0,0,1,0,0,question,0.003434787039,0.0005036668153,3.811748562e-07,0.0001745558839,7.554499462e-05,0.99949646,9.090217645e-05,0.0003371231724,4.227335376e-05,,,,,,
therapist,panel_mi,314,55,55,30,1b9abf33ba8b2badfab01f2ee1f7aa958800a9808d579c0ec4e6bc41eb27f449,10,question,False,-0,0,1,0,0,question,0.3737539947,0.1396446377,0.02361999175,0.04744307479,0.06416885555,0.869667232,0.04586648941,0.02029740065,0.01018544473,,,,,,
therapist,panel_mi,314,55,55,32,1b9abf33ba8b2badfab01f2ee1f7aa958800a9808d579c0ec4e6bc41eb27f449,10,question,False,-0,0,1,0,0,question,0.007135079242,0.001201099018,2.49901508e-06,0.0004161925016,5.358030467e-05,0.9987996221,0.001019307878,0.0001274695242,0.000132224086,,,,,,
therapist,panel_mi,314,55,55,34,1b9abf33ba8b2badfab01f2ee1f7aa958800a9808d579c0ec4e6bc41eb27f449,10,reflection,False,-0,1,0,0,0,reflection,0.1348405629,0.03611645103,0.001812953532,0.01245379602,0.9645279646,0.006593859755,0.02130330727,0.007574849762,0.001876116497,,,,,,
therapist,panel_mi,314,55,55,36,1b9abf33ba8b2badfab01f2ee1f7aa958800a9808d579c0ec4e6bc41eb27f449,10,question,False,0.2344977968,0,0.9,0.1,0,question,0.003067912534,0.7861696847,0.01983056717,0.03485391609,1.40644388e-05,0.9995378256,0.0003868257045,6.127081724e-05,4.873489888e-05,,,,,,
therapist,panel_mi,314,55,55,38,1b9abf33ba8b2badfab01f2ee1f7aa958800a9808d579c0ec4e6bc41eb27f449,10,therapist_input,False,-0,0,0,1,0,therapist_input,0.1407066584,0.04193935916,0.002771183383,0.01444979806,0.000391379639,0.03166853637,0.9589279294,0.009012159891,0.01454328187,,,,,,
therapist,panel_mi,314,55,55,40,1b9abf33ba8b2badfab01f2ee1f7aa958800a9808d579c0ec4e6bc41eb27f449,10,therapist_input,True,0.5,0,0,0.5,0.5,other,0.1614950448,1.525089966,0.4018067646,0.1430526217,0.002504493576,0.001007584971,0.0500289984,0.9464588165,0.00340970722,,,,,,
therapist,panel_mi,314,55,55,42,1b9abf33ba8b2badfab01f2ee1f7aa958800a9808d579c0ec4e6bc41eb27f449,10,question,False,-0,0,1,0,0,question,0.003829866881,0.0005627665669,4.471690352e-07,0.0001950297965,0.0002580973087,0.9994373322,5.829766815e-05,0.0002462278062,5.263358617e-05,,,,,,
therapist,panel_mi,314,55,55,44,1b9abf33ba8b2badfab01f2ee1f7aa958800a9808d579c0ec4e6bc41eb27f449,10,question,False,0.4406454496,0.3,0.7,0,0,question,0.006999218836,2.130239461,0.1788254005,0.1147279967,0.000826632895,0.9988656044,0.0001610129402,0.000146755061,0.0001505630062,,,,,,
therapist,panel_mi,314,55,55,46,1b9abf33ba8b2badfab01f2ee1f7aa958800a9808d579c0ec4e6bc41eb27f449,10,reflection,False,0.2344977968,0.9,0.1,0,0,question,0.7075347304,3.035162175,1.078467913,0.4758707704,0.03662476689,0.5552451015,0.3498695791,0.05826058239,0.06445686519,,,,,,
therapist,panel_mi,314,55,55,48,1b9abf33ba8b2badfab01f2ee1f7aa958800a9808d579c0ec4e6bc41eb27f449,10,question,False,0.2344977968,0,0.9,0,0.1,question,0.004665827379,1.001710568,0.01983990283,0.03602238296,1.492395131e-05,0.9992390871,0.0007010880508,4.493672895e-05,0.0001252264483,,,,,,
therapist,panel_mi,314,55,55,50,1b9abf33ba8b2badfab01f2ee1f7aa958800a9808d579c0ec4e6bc41eb27f449,10,therapist_input,False,-0,0,0,1,0,therapist_input,0.03489632159,0.007393144537,8.713285643e-05,0.00255962199,0.0002193301189,0.0016638136,0.9926341176,0.005482723005,0.001116898144,,,,,,
therapist,panel_mi,314,55,55,52,1b9abf33ba8b2badfab01f2ee1f7aa958800a9808d579c0ec4e6bc41eb27f449,10,reflection,False,0.6783898247,0.7,0.1,0.1,0.1,question,0.7416303158,1.821653283,0.4587485639,0.1928126825,0.2153011113,0.5423299074,0.2379368842,0.004432117101,0.05336518213,,,,,,
therapist,panel_mi,314,55,55,54,1b9abf33ba8b2badfab01f2ee1f7aa958800a9808d579c0ec4e6bc41eb27f449,10,question,False,0.2344977968,0,0.9,0.1,0,question,0.6009190679,0.5429512024,0.1320030214,0.06347657718,0.002992333146,0.6197254062,0.3252364397,0.05204580352,0.03842559457,,,,,,
therapist,panel_mi,314,55,55,56,1b9abf33ba8b2badfab01f2ee1f7aa958800a9808d579c0ec4e6bc41eb27f449,10,question,False,0.4609640474,0,0.8,0.1,0.1,question,0.8500373363,1.008333802,0.1752695273,0.1187532254,0.2896391749,0.4987734854,0.08885069191,0.1227366552,0.05304821208,,,,,,
therapist,panel_mi,314,55,55,58,1b9abf33ba8b2badfab01f2ee1f7aa958800a9808d579c0ec4e6bc41eb27f449,10,question,False,0.2344977968,0,0.9,0.1,0,question,0.06256382912,0.5781066909,0.01676889969,0.03287068799,0.008928310126,0.9858800769,0.003506692592,0.001684929943,0.001664698822,,,,,,
therapist,panel_mi,314,55,55,60,1b9abf33ba8b2badfab01f2ee1f7aa958800a9808d579c0ec4e6bc41eb27f449,10,question,False,0.2344977968,0,0.9,0.1,0,therapist_input,0.736576736,0.8705506623,0.3690486869,0.1530060729,0.003462268738,0.4164299369,0.4399160743,0.1401918083,0.03497827798,,,,,,
therapist,panel_mi,314,55,55,62,1b9abf33ba8b2badfab01f2ee1f7aa958800a9808d579c0ec4e6bc41eb27f449,10,other,False,0.7427376486,0,0.2,0.3,0.5,therapist_input,0.4238837361,1.688928385,0.4104738163,0.1447314527,0.003598330077,0.03237564117,0.8114956021,0.1525303721,0.03422669321,,,,,,
therapist,panel_mi,314,55,55,64,1b9abf33ba8b2badfab01f2ee1f7aa958800a9808d579c0ec4e6bc41eb27f449,10,other,False,-0,0,0,0,1,other,0.458747983,0.2601363063,0.09267805152,0.08681109881,0.1985020339,0.002183858771,0.02836759016,0.7709465027,0.03036765754,,,,,,
therapist,panel_mi,314,56,56,0,994bc72760dcfe7fa4dcb4204fd49276c86f3b5d7563bd03968bb98375e50059,10,question,False,0.8427376486,0.1,0.5,0.3,0.1,therapist_input,0.709141314,1.495362294,0.09153194046,0.05314196526,0.00388541189,0.3365312517,0.534386456,0.1251969039,0.01964762807,,,,,,
therapist,panel_mi,314,56,56,2,994bc72760dcfe7fa4dcb4204fd49276c86f3b5d7563bd03968bb98375e50059,10,other,False,0.4854752972,0,0.4,0,0.6,question,0.4288615286,1.268274367,0.3914741258,0.1294818119,0.02717715874,0.8205901384,0.01443508733,0.1377975643,0.01083058584,,,,,,
therapist,panel_mi,314,56,56,4,994bc72760dcfe7fa4dcb4204fd49276c86f3b5d7563bd03968bb98375e50059,10,question,False,-0,0,1,0,0,question,0.05757296458,0.01396920346,0.0003362901003,0.004831902568,0.0003920833115,0.9861280322,0.00159959239,0.01188035868,0.0007327687927,,,,,,
therapist,panel_mi,314,56,56,6,994bc72760dcfe7fa4dcb4204fd49276c86f3b5d7563bd03968bb98375e50059,10,other,False,-0,0,0,0,1,other,0.2866853774,0.1045237109,0.01550901745,0.03569235135,0.007505518384,0.01946413331,0.07227690518,0.9007533789,0.006427297834,,,,,,
therapist,panel_mi,314,56,56,8,994bc72760dcfe7fa4dcb4204fd49276c86f3b5d7563bd03968bb98375e50059,10,reflection,False,0.2344977968,0.9,0.1,0,0,therapist_input,0.03343700618,9.594017124,1.805549852,0.6865773279,4.518984861e-05,0.002743744757,0.9930534363,0.004157576244,0.0005591012305,,,,,,
therapist,panel_mi,314,56,56,10,994bc72760dcfe7fa4dcb4204fd49276c86f3b5d7563bd03968bb98375e50059,10,reflection,True,0.5,0.5,0.5,0,0,question,0.589182198,0.726682663,0.002256265282,0.01148833309,0.4643532634,0.5034577847,0.001002309844,0.03118671104,0.0157080628,,,,,,
therapist,panel_mi,314,56,56,12,994bc72760dcfe7fa4dcb4204fd49276c86f3b5d7563bd03968bb98375e50059,10,reflection,False,-0,1,0,0,0,reflection,0.4644792974,0.3239210546,0.1470941452,0.1070489401,0.7233073115,0.007595346309,0.003646019846,0.2654511929,0.005931872874,,,,,,
therapist,panel_mi,314,56,56,14,994bc72760dcfe7fa4dcb4204fd49276c86f3b5d7563bd03968bb98375e50059,10,reflection,False,-0,1,0,0,0,reflection,0.05882956833,0.01420556381,0.0003376415238,0.004913517258,0.9858947992,0.0002213080879,0.002345340326,0.01153849624,0.0004107138957,,,,,,
therapist,panel_mi,314,56,56,16,994bc72760dcfe7fa4dcb4204fd49276c86f3b5d7563bd03968bb98375e50059,10,reflection,False,-0,1,0,0,0,reflection,0.6242688298,0.5212671757,0.2835405092,0.1669632093,0.5937675834,0.001033003791,0.3375467658,0.06765259802,0.02664652467,,,,,,
therapist,panel_mi,314,56,56,18,994bc72760dcfe7fa4dcb4204fd49276c86f3b5d7563bd03968bb98375e50059,10,reflection,False,0.3609640474,0.8,0.2,0,0,reflection,0.2755506337,0.5769614697,0.0225133109,0.01880929347,0.8967214823,0.0864000693,0.0009927685605,0.01588575915,0.003647333477,,,,,,
therapist,panel_mi,314,56,56,20,994bc72760dcfe7fa4dcb4204fd49276c86f3b5d7563bd03968bb98375e50059,10,other,False,0.2344977968,0.1,0,0,0.9,other,0.2866853774,0.5832829945,0.01415860137,0.05544559307,0.007505518384,0.01946413331,0.07227690518,0.9007533789,0.006427297834,,,,,,
therapist,panel_mi,314,56,56,22,994bc72760dcfe7fa4dcb4204fd49276c86f3b5d7563bd03968bb98375e50059,10,reflection,False,0.3609640474,0.8,0,0,0.2,reflection,0.1054211855,0.9815410852,0.06666506429,0.06584026705,0.9718093872,0.000109233617,0.01979647949,0.008284882642,0.003602173878,,,,,,
therapist,panel_mi,314,56,56,24,994bc72760dcfe7fa4dcb4204fd49276c86f3b5d7563bd03968bb98375e50059,10,question,False,-0,0,1,0,0,question,0.01554061007,0.002813837258,1.221595382e-05,0.0009748228794,0.0005322244251,0.9971901178,0.0002893144847,0.001988353673,0.0002294591686,,,,,,
therapist,panel_mi,314,56,56,26,994bc72760dcfe7fa4dcb4204fd49276c86f3b5d7563bd03968bb98375e50059,10,other,False,-0,0,0,0,1,other,0.1679969281,0.06084547192,0.006745823462,0.02090762381,0.05707263201,0.001958522713,2.304814615e-07,0.9409686327,0.004307417665,,,,,,
therapist,panel_mi,314,56,56,28,994bc72760dcfe7fa4dcb4204fd49276c86f3b5d7563bd03968bb98375e50059,10,reflection,False,-0,1,0,0,0,reflection,0.0430871062,0.0102989506,0.0001967487433,0.003564192059,0.9897540212,1.535460979e-05,0.0006750268512,0.009555644356,0.0004976791097,,,,,,
therapist,panel_mi,314,56,56,30,994bc72760dcfe7fa4dcb4204fd49276c86f3b5d7563bd03968bb98375e50059,10,question,False,0.4406454496,0.3,0.7,0,0,reflection,0.2733855546,1.613514022,0.7001246557,0.2016417808,0.8882287145,0.1049550623,0.001166617149,0.005649667233,0.009843994863,,,,,,
therapist,panel_mi,314,56,56,32,994bc72760dcfe7fa4dcb4204fd49276c86f3b5d7563bd03968bb98375e50059,10,other,False,-0,0,0,0,1,other,0.1679975688,0.06084585562,0.006745898502,0.02090773536,0.05707292631,0.001958542038,2.304824847e-07,0.9409683943,0.004307457246,,,,,,
therapist,panel_mi,314,56,56,34,994bc72760dcfe7fa4dcb4204fd49276c86f3b5d7563bd03968bb98375e50059,10,question,False,-0,0,1,0,0,question,0.5433368087,0.6110591292,0.4064000234,0.1928523322,0.4440751672,0.5427757502,0.001245253487,0.01190388482,0.06105952337,,,,,,
therapist,panel_mi,314,56,56,36,994bc72760dcfe7fa4dcb4204fd49276c86f3b5d7563bd03968bb98375e50059,10,reflection,False,-0,1,0,0,0,therapist_input,0.6764971614,0.9972251654,0.7100233765,0.2942846562,0.3689016402,0.0504232049,0.5554827452,0.02519239858,0.01399106812,,,,,,
therapist,panel_mi,314,56,56,38,994bc72760dcfe7fa4dcb4204fd49276c86f3b5d7563bd03968bb98375e50059,10,other,False,-0,0,0,0,1,reflection,0.4499014616,1.417981625,1.128941853,0.3867198292,0.7446740866,0.001130499877,0.01199305523,0.2422023714,0.01759491116,,,,,,
therapist,panel_mi,314,56,56,40,994bc72760dcfe7fa4dcb4204fd49276c86f3b5d7563bd03968bb98375e50059,10,other,False,-0,0,0,0,1,other,0.281820029,0.1403531432,0.03420037916,0.04767888911,0.1305859089,0.0003628678969,5.889476462e-09,0.8690512776,0.01216947846,,,,,,
therapist,panel_mi,314,56,56,42,994bc72760dcfe7fa4dcb4204fd49276c86f3b5d7563bd03968bb98375e50059,10,reflection,False,0.5783898247,0.7,0.2,0,0.1,reflection,0.5821577311,1.696519539,0.1097904999,0.1554186328,0.6732550263,0.003349232022,0.2624474168,0.06094830111,0.01020434685,,,,,,
therapist,panel_mi,314,56,56,44,994bc72760dcfe7fa4dcb4204fd49276c86f3b5d7563bd03968bb98375e50059,10,reflection,False,0.4406454496,0.7,0,0.3,0,other,0.7551186085,1.632306588,0.5701460184,0.299458776,0.2709808052,0.05515604466,0.09122999012,0.5826331973,0.03299928829,,,,,,
therapist,panel_mi,314,56,56,46,994bc72760dcfe7fa4dcb4204fd49276c86f3b5d7563bd03968bb98375e50059,10,question,False,-0,0,1,0,0,question,0.2252985686,0.07505697757,0.008342099831,0.02573879005,0.007138160057,0.9276906252,0.01091935765,0.05425189808,0.002772017848,,,,,,
therapist,panel_mi,314,56,56,48,994bc72760dcfe7fa4dcb4204fd49276c86f3b5d7563bd03968bb98375e50059,10,other,False,-0,0,0,0,1,other,0.2866853774,0.1045237109,0.01550901745,0.03569235135,0.007505518384,0.01946413331,0.07227690518,0.9007533789,0.006427297834,,,,,,
therapist,panel_mi,314,56,56,50,994bc72760dcfe7fa4dcb4204fd49276c86f3b5d7563bd03968bb98375e50059,10,reflection,False,-0,1,0,0,0,reflection,0.5940437913,0.2939869165,0.09022829368,0.09760382434,0.7452862263,0.03934589773,0.09022795409,0.1251399368,0.0073591494,,,,,,
therapist,panel_mi,314,56,56,52,994bc72760dcfe7fa4dcb4204fd49276c86f3b5d7563bd03968bb98375e50059,10,other,False,-0,0,0,0,1,other,0.3105089962,0.1369202137,0.02971132753,0.04653597375,0.002209666651,0.0107886903,0.1149618849,0.8720397949,0.003895182861,,,,,,
therapist,panel_mi,314,56,56,54,994bc72760dcfe7fa4dcb4204fd49276c86f3b5d7563bd03968bb98375e50059,10,reflection,False,0.5783898247,0.7,0,0.2,0.1,therapist_input,0.09867175668,5.407323182,1.09196557,0.3920063839,0.0007592407637,0.002583041321,0.9728021622,0.02385549992,0.002103967825,,,,,,
therapist,panel_mi,314,56,56,56,994bc72760dcfe7fa4dcb4204fd49276c86f3b5d7563bd03968bb98375e50059,10,reflection,False,0.6804820237,0.5,0,0.4,0.1,therapist_input,0.7281081676,1.382877833,0.2278497799,0.1043553157,0.1453234255,0.0003269786539,0.4370455742,0.4173039794,0.04723219946,,,,,,
therapist,panel_mi,314,56,56,58,994bc72760dcfe7fa4dcb4204fd49276c86f3b5d7563bd03968bb98375e50059,10,question,False,-0,0,1,0,0,question,0.02290009707,0.004808584228,4.311551512e-05,0.001665406687,0.0002511443454,0.995202899,6.972782285e-05,0.00447615562,0.0001049447237,,,,,,
therapist,panel_mi,314,56,56,60,994bc72760dcfe7fa4dcb4204fd49276c86f3b5d7563bd03968bb98375e50059,10,other,False,-0,0,0,0,1,other,0.2866853774,0.1045237109,0.01550901745,0.03569235135,0.007505518384,0.01946413331,0.07227690518,0.9007533789,0.006427297834,,,,,,
therapist,panel_mi,314,56,56,62,994bc72760dcfe7fa4dcb4204fd49276c86f3b5d7563bd03968bb98375e50059,10,other,False,-0,0,0,0,1,reflection,0.6350435019,0.7910583019,0.5421417099,0.2421351975,0.4903408587,0.002525567776,0.05376883596,0.4533647597,0.02802455425,,,,,,
therapist,panel_mi,314,56,56,64,994bc72760dcfe7fa4dcb4204fd49276c86f3b5d7563bd03968bb98375e50059,10,other,False,-0,0,0,0,1,reflection,0.4499013722,1.417981386,1.128941761,0.386719788,0.7446740866,0.001130501973,0.01199301518,0.242202431,0.01759489998,,,,,,
therapist,panel_mi,314,56,56,66,994bc72760dcfe7fa4dcb4204fd49276c86f3b5d7563bd03968bb98375e50059,10,reflection,False,-0,1,0,0,0,reflection,0.0800903216,0.01942654513,0.0005651413596,0.006714484286,0.9807608724,0.003155068029,0.002764850855,0.01331918687,0.0013146454,,,,,,
therapist,panel_mi,314,56,56,68,994bc72760dcfe7fa4dcb4204fd49276c86f3b5d7563bd03968bb98375e50059,10,question,False,-0,0,1,0,0,question,0.03860875219,0.00817291718,0.0001011347201,0.002829287901,0.0003470217925,0.9918602705,0.005379338749,0.002413244452,0.00166373211,,,,,,
therapist,panel_mi,314,56,56,70,994bc72760dcfe7fa4dcb4204fd49276c86f3b5d7563bd03968bb98375e50059,10,other,False,-0,0,0,0,1,reflection,0.4499013722,1.417981386,1.128941761,0.386719788,0.7446740866,0.001130501973,0.01199301518,0.242202431,0.01759489998,,,,,,
therapist,panel_mi,314,56,56,72,994bc72760dcfe7fa4dcb4204fd49276c86f3b5d7563bd03968bb98375e50059,10,therapist_input,False,-0,0,0,1,0,therapist_input,0.06305672228,0.01487015095,0.0003455500631,0.00514291752,0.0007955934852,0.003138400149,0.9852398634,0.01082616765,0.00188547431,,,,,,
therapist,panel_mi,314,56,56,74,994bc72760dcfe7fa4dcb4204fd49276c86f3b5d7563bd03968bb98375e50059,10,other,False,-0,0,0,0,1,other,0.1679969281,0.06084547192,0.006745823462,0.02090762381,0.05707263201,0.001958522713,2.304814615e-07,0.9409686327,0.004307417665,,,,,,
therapist,panel_mi,314,56,56,76,994bc72760dcfe7fa4dcb4204fd49276c86f3b5d7563bd03968bb98375e50059,10,therapist_input,False,0.3609640474,0,0,0.8,0.2,other,0.6018712521,1.068554473,0.4553774869,0.1441293907,0.06053496152,0.003603873309,0.2937770486,0.6420840621,0.03564142808,,,,,,
therapist,panel_mi,314,56,56,78,994bc72760dcfe7fa4dcb4204fd49276c86f3b5d7563bd03968bb98375e50059,10,other,False,-0,0,0,0,1,other,0.3953534961,0.2182379812,0.07238358543,0.07328929131,0.004403958563,0.007640228607,0.1840216815,0.8039340973,0.004674161784,,,,,,
therapist,panel_mi,314,56,56,80,994bc72760dcfe7fa4dcb4204fd49276c86f3b5d7563bd03968bb98375e50059,10,therapist_input,False,0.2344977968,0,0,0.9,0.1,therapist_input,0.4944480658,0.7182552993,0.1245302015,0.1187670404,0.2797209322,0.000812542974,0.7008425593,0.01862398908,0.0126142744,,,,,,
therapist,panel_mi,314,56,56,82,994bc72760dcfe7fa4dcb4204fd49276c86f3b5d7563bd03968bb98375e50059,10,other,False,-0,0,0,0,1,other,0.1679975688,0.06084585562,0.006745898502,0.02090773536,0.05707292631,0.001958542038,2.304824847e-07,0.9409683943,0.004307457246,,,,,,
therapist,panel_mi,314,56,56,84,994bc72760dcfe7fa4dcb4204fd49276c86f3b5d7563bd03968bb98375e50059,10,other,False,-0,0,0,0,1,other,0.2866860628,0.1045240983,0.0155091155,0.03569247084,0.00750552956,0.01946430281,0.07227706164,0.9007532001,0.006427307613,,,,,,
therapist,panel_mi,314,56,56,86,994bc72760dcfe7fa4dcb4204fd49276c86f3b5d7563bd03968bb98375e50059,10,other,False,-0,0,0,0,1,other,0.1679975688,0.06084585562,0.006745898502,0.02090773536,0.05707292631,0.001958542038,2.304824847e-07,0.9409683943,0.004307457246,,,,,,
therapist,panel_mi,314,56,56,88,994bc72760dcfe7fa4dcb4204fd49276c86f3b5d7563bd03968bb98375e50059,10,therapist_input,False,0.4406454496,0,0,0.7,0.3,other,0.7761319876,0.951548934,0.1581200735,0.1043792985,0.2247224152,0.0008029920864,0.3845202327,0.3899543285,0.02180026844,,,,,,
therapist,panel_mi,314,56,56,90,994bc72760dcfe7fa4dcb4204fd49276c86f3b5d7563bd03968bb98375e50059,10,question,False,0.4609640474,0,0.8,0.1,0.1,therapist_input,0.4377686083,1.864442992,0.8930739427,0.2894364566,0.0161049515,0.1704985797,0.7993909121,0.01400561072,0.00742112007,,,,,,
therapist,panel_mi,314,56,56,92,994bc72760dcfe7fa4dcb4204fd49276c86f3b5d7563bd03968bb98375e50059,10,other,False,-0,0,0,0,1,other,0.04806320742,0.01097155269,0.0002009546939,0.003796630108,0.0007620438118,0.008935128339,0.001214407035,0.9890883565,0.0004001755733,,,,,,
therapist,panel_mi,314,56,56,94,994bc72760dcfe7fa4dcb4204fd49276c86f3b5d7563bd03968bb98375e50059,10,question,False,0.2344977968,0,0.9,0,0.1,question,0.1567023993,0.3724368751,0.006742775947,0.01130525427,0.01017793454,0.9522501826,9.462620073e-05,0.03747724369,0.001300141914,,,,,,
therapist,panel_mi,314,56,56,96,994bc72760dcfe7fa4dcb4204fd49276c86f3b5d7563bd03968bb98375e50059,10,other,False,-0,0,0,0,1,reflection,0.4499013722,1.417981386,1.128941761,0.386719788,0.7446740866,0.001130501973,0.01199301518,0.242202431,0.01759489998,,,,,,
therapist,panel_mi,314,56,56,98,994bc72760dcfe7fa4dcb4204fd49276c86f3b5d7563bd03968bb98375e50059,10,other,False,-0,0,0,0,1,other,0.1679969281,0.06084547192,0.006745823462,0.02090762381,0.05707263201,0.001958522713,2.304814615e-07,0.9409686327,0.004307417665,,,,,,
therapist,panel_mi,314,56,56,100,994bc72760dcfe7fa4dcb4204fd49276c86f3b5d7563bd03968bb98375e50059,10,other,False,0.2344977968,0,0,0.1,0.9,other,0.2866853774,0.356796407,0.001204322614,0.01046722417,0.007505518384,0.01946413331,0.07227690518,0.9007533789,0.006427297834,,,,,,
therapist,panel_mi,314,56,56,102,994bc72760dcfe7fa4dcb4204fd49276c86f3b5d7563bd03968bb98375e50059,10,other,False,-0,0,0,0,1,other,0.2866853774,0.1045237109,0.01550901745,0.03569235135,0.007505518384,0.01946413331,0.07227690518,0.9007533789,0.006427297834,,,,,,
therapist,panel_mi,314,56,56,104,994bc72760dcfe7fa4dcb4204fd49276c86f3b5d7563bd03968bb98375e50059,10,reflection,False,0.2344977968,0.9,0,0,0.1,other,0.9220018387,1.053083062,0.4204024051,0.2038340429,0.3480530083,0.2043588161,0.09137549996,0.3562126458,0.01866533048,,,,,,
therapist,panel_mi,314,56,56,106,994bc72760dcfe7fa4dcb4204fd49276c86f3b5d7563bd03968bb98375e50059,10,reflection,False,0.3609640474,0.8,0,0,0.2,other,0.7848924398,1.531801474,0.5916926884,0.2452126789,0.1673495173,0.1575682312,0.0735796988,0.6015025973,0.05137978122,,,,,,
therapist,panel_mi,314,56,56,108,994bc72760dcfe7fa4dcb4204fd49276c86f3b5d7563bd03968bb98375e50059,10,question,False,-0,0,1,0,0,question,0.8267541528,0.6738533378,0.345760384,0.2104423626,0.1646113247,0.5097405314,0.05038329214,0.2752647996,0.04147074372,,,,,,
therapist,panel_mi,314,56,56,110,994bc72760dcfe7fa4dcb4204fd49276c86f3b5d7563bd03968bb98375e50059,10,therapist_input,False,-0,0,0,1,0,therapist_input,0.1876773983,0.05784948915,0.004683930875,0.01988660703,0.001212199219,0.02516866289,0.9437919855,0.02982715145,0.01307415962,,,,,,
therapist,panel_mi,314,56,56,112,994bc72760dcfe7fa4dcb4204fd49276c86f3b5d7563bd03968bb98375e50059,10,question,False,0.4854752972,0,0.6,0.4,0,therapist_input,0.7797735333,0.9285643578,0.08965615748,0.08102795045,0.008935014717,0.3663673997,0.4425361753,0.1821614802,0.09256065637,,,,,,
therapist,panel_mi,314,56,56,114,994bc72760dcfe7fa4dcb4204fd49276c86f3b5d7563bd03968bb98375e50059,10,therapist_input,False,0.2344977968,0.1,0,0.9,0,therapist_input,0.6450001001,1.139740539,0.4137606462,0.2347236782,0.009346337989,0.04612120241,0.4736997187,0.4708327353,0.006878250279,,,,,,
therapist,panel_mi,314,56,56,116,994bc72760dcfe7fa4dcb4204fd49276c86f3b5d7563bd03968bb98375e50059,10,therapist_input,False,0.4609640474,0.1,0.1,0.8,0,therapist_input,0.1555083245,1.341726637,0.04223747105,0.06758741022,0.0001634648506,0.01328931935,0.9539014101,0.03264584392,0.007077373564,,,,,,
therapist,panel_mi,314,56,56,118,994bc72760dcfe7fa4dcb4204fd49276c86f3b5d7563bd03968bb98375e50059,10,reflection,False,-0,1,0,0,0,therapist_input,0.6094768643,0.9679867029,0.7198209752,0.2871672574,0.3798470199,0.02703215182,0.5781668425,0.01495398115,0.02121124044,,,,,,
therapist,panel_mi,314,56,56,120,994bc72760dcfe7fa4dcb4204fd49276c86f3b5d7563bd03968bb98375e50059,10,therapist_input,False,-0,0,0,1,0,therapist_input,0.04450088739,0.009686383419,0.0001412723036,0.003352517992,0.003089794423,0.0003293427581,0.9903603792,0.006220507901,0.0005109986523,,,,,,
therapist,panel_mi,314,56,56,122,994bc72760dcfe7fa4dcb4204fd49276c86f3b5d7563bd03968bb98375e50059,10,other,False,0.4854752972,0,0,0.4,0.6,other,0.2126475573,1.095016807,0.2105109681,0.08099252902,0.0009173861472,0.004021830857,0.07312189043,0.9219388962,0.003540851874,,,,,,
therapist,panel_mi,314,56,56,124,994bc72760dcfe7fa4dcb4204fd49276c86f3b5d7563bd03968bb98375e50059,10,therapist_input,False,0.3609640474,0,0,0.8,0.2,other,0.6025405526,3.123901486,0.9075998681,0.4284011483,0.4585021436,0.00959755946,0.02385936119,0.5080408454,0.02802256122,,,,,,
therapist,panel_mi,314,56,56,126,994bc72760dcfe7fa4dcb4204fd49276c86f3b5d7563bd03968bb98375e50059,10,therapist_input,False,0.2344977968,0,0,0.9,0.1,reflection,0.5982895494,3.362881535,1.151072425,0.5025476837,0.5076059103,0.006597039755,0.02598571405,0.4598113,0.06538246572,,,,,,
therapist,panel_mi,314,56,56,128,994bc72760dcfe7fa4dcb4204fd49276c86f3b5d7563bd03968bb98375e50059,10,other,False,-0,0,0,0,1,other,0.1679975688,0.06084585562,0.006745898502,0.02090773536,0.05707292631,0.001958542038,2.304824847e-07,0.9409683943,0.004307457246,,,,,,
therapist,panel_mi,314,56,56,130,994bc72760dcfe7fa4dcb4204fd49276c86f3b5d7563bd03968bb98375e50059,10,reflection,True,0.7609640474,0.4,0,0.2,0.4,therapist_input,0.577570796,1.957632899,0.2565242887,0.1428387981,0.4370636046,0.002921792911,0.5366181135,0.02339643426,0.0198408775,,,,,,
therapist,panel_mi,314,56,56,132,994bc72760dcfe7fa4dcb4204fd49276c86f3b5d7563bd03968bb98375e50059,10,reflection,False,0.2344977968,0.9,0,0,0.1,reflection,0.1246262416,0.4339091718,0.01155430622,0.02164946115,0.9680318832,0.004844383337,0.009643370286,0.01748031378,0.002108877292,,,,,,
therapist,panel_mi,314,56,56,134,994bc72760dcfe7fa4dcb4204fd49276c86f3b5d7563bd03968bb98375e50059,10,reflection,False,0.2344977968,0.9,0,0,0.1,reflection,0.5195175409,0.5081532955,0.1289790949,0.05184633324,0.639523685,0.005922832526,0.007490658667,0.3470627666,0.02143514156,,,,,,
therapist,panel_mi,314,56,56,136,994bc72760dcfe7fa4dcb4204fd49276c86f3b5d7563bd03968bb98375e50059,10,other,False,-0,0,0,0,1,other,0.2866853774,0.1045237109,0.01550901745,0.03569235135,0.007505518384,0.01946413331,0.07227690518,0.9007533789,0.006427297834,,,,,,
therapist,panel_mi,314,56,56,138,994bc72760dcfe7fa4dcb4204fd49276c86f3b5d7563bd03968bb98375e50059,10,therapist_input,False,0.5783898247,0.1,0,0.7,0.2,other,0.8228591681,1.499718696,0.4057593564,0.1593865148,0.3982987106,0.02915388905,0.1741171777,0.3984301984,0.02437685616,,,,,,
therapist,panel_mi,314,56,56,140,994bc72760dcfe7fa4dcb4204fd49276c86f3b5d7563bd03968bb98375e50059,10,other,False,0.4406454496,0,0,0.3,0.7,other,0.1736326069,1.06420862,0.1331414021,0.07808410209,0.01975742169,3.667918281e-05,0.03265864402,0.9475472569,0.009330222383,,,,,,
therapist,panel_mi,314,56,56,142,994bc72760dcfe7fa4dcb4204fd49276c86f3b5d7563bd03968bb98375e50059,10,other,False,0.4406454496,0,0,0.3,0.7,other,0.4751954675,1.174036908,0.1027278608,0.1210869463,0.1487793773,0.02044878528,0.03392612189,0.7968457341,0.005560742691,,,,,,
therapist,panel_mi,314,56,56,144,994bc72760dcfe7fa4dcb4204fd49276c86f3b5d7563bd03968bb98375e50059,10,other,False,0.4854752972,0,0,0.4,0.6,therapist_input,0.5637205839,1.060462713,0.2564989298,0.094509391,0.01679995097,0.04931311309,0.7216260433,0.2122609168,0.03964330629,,,,,,
therapist,panel_mi,314,56,56,146,994bc72760dcfe7fa4dcb4204fd49276c86f3b5d7563bd03968bb98375e50059,10,therapist_input,False,0.7427376486,0.2,0,0.5,0.3,therapist_input,0.06741520017,2.439301088,0.3549763003,0.1834627026,0.003742980305,0.0001471643627,0.983561039,0.01254881732,0.001675516716,,,,,,
therapist,panel_mi,314,56,56,148,994bc72760dcfe7fa4dcb4204fd49276c86f3b5d7563bd03968bb98375e50059,10,reflection,False,0.4854752972,0.6,0,0,0.4,therapist_input,0.1074954569,4.479299831,1.437820032,0.6312008342,0.007526311092,0.0003415562387,0.9711529016,0.02097919397,0.003409056459,,,,,,
therapist,panel_mi,314,56,56,150,994bc72760dcfe7fa4dcb4204fd49276c86f3b5d7563bd03968bb98375e50059,10,therapist_input,False,0.3609640474,0,0,0.8,0.2,therapist_input,0.2322638333,0.549557358,0.02138155152,0.01102684689,0.0004927620175,8.569246711e-05,0.9031059146,0.09631557018,0.004153613467,,,,,,
therapist,panel_mi,314,56,56,152,994bc72760dcfe7fa4dcb4204fd49276c86f3b5d7563bd03968bb98375e50059,10,therapist_input,False,0.4854752972,0,0,0.6,0.4,other,0.4277707338,2.219911772,0.5217446728,0.2500993193,0.143847838,0.01062826533,0.02828846872,0.8172354698,0.007450291421,,,,,,
therapist,panel_mi,314,56,56,154,994bc72760dcfe7fa4dcb4204fd49276c86f3b5d7563bd03968bb98375e50059,10,other,False,-0,0,0,0,1,other,0.1679969281,0.06084547192,0.006745823462,0.02090762381,0.05707263201,0.001958522713,2.304814615e-07,0.9409686327,0.004307417665,,,,,,
therapist,panel_mi,314,56,56,156,994bc72760dcfe7fa4dcb4204fd49276c86f3b5d7563bd03968bb98375e50059,10,other,False,-0,0,0,0,1,other,0.1679969281,0.06084547192,0.006745823462,0.02090762381,0.05707263201,0.001958522713,2.304814615e-07,0.9409686327,0.004307417665,,,,,,
therapist,panel_mi,314,56,56,158,994bc72760dcfe7fa4dcb4204fd49276c86f3b5d7563bd03968bb98375e50059,10,other,False,0.7427376486,0.2,0,0.3,0.5,therapist_input,0.5861461163,1.448601043,0.2950103807,0.09627448694,0.13846533,0.001873772242,0.710251689,0.1494092047,0.02033508196,,,,,,
therapist,panel_mi,314,56,56,160,994bc72760dcfe7fa4dcb4204fd49276c86f3b5d7563bd03968bb98375e50059,10,other,False,0.7854752972,0.1,0.1,0.2,0.6,therapist_input,0.5333725214,1.836230123,0.5083228913,0.1722566231,0.06110529974,0.01412720699,0.75819242,0.1665750593,0.01022857055,,,,,,
therapist,panel_mi,314,56,56,162,994bc72760dcfe7fa4dcb4204fd49276c86f3b5d7563bd03968bb98375e50059,10,other,False,-0,0,0,0,1,other,0.1679969281,0.06084547192,0.006745823462,0.02090762381,0.05707263201,0.001958522713,2.304814615e-07,0.9409686327,0.004307417665,,,,,,
therapist,panel_mi,314,56,56,164,994bc72760dcfe7fa4dcb4204fd49276c86f3b5d7563bd03968bb98375e50059,10,therapist_input,False,0.4406454496,0,0,0.7,0.3,other,0.5322442055,3.059656823,0.7015729286,0.3636071335,0.3523449004,0.002464321908,0.01540945284,0.6297813058,0.02270763926,,,,,,
therapist,panel_mi,314,56,56,166,994bc72760dcfe7fa4dcb4204fd49276c86f3b5d7563bd03968bb98375e50059,10,other,False,-0,0,0,0,1,other,0.1679975688,0.06084585562,0.006745898502,0.02090773536,0.05707292631,0.001958542038,2.304824847e-07,0.9409683943,0.004307457246,,,,,,
therapist,panel_mi,314,56,56,168,994bc72760dcfe7fa4dcb4204fd49276c86f3b5d7563bd03968bb98375e50059,10,other,False,-0,0,0,0,1,other,0.1679975688,0.06084585562,0.006745898502,0.02090773536,0.05707292631,0.001958542038,2.304824847e-07,0.9409683943,0.004307457246,,,,,,
therapist,panel_mi,314,56,56,170,994bc72760dcfe7fa4dcb4204fd49276c86f3b5d7563bd03968bb98375e50059,10,other,False,-0,0,0,0,1,other,0.04806318134,0.01097155269,0.0002009544331,0.003796626356,0.0007620487013,0.008935113437,0.00121440622,0.9890883565,0.0004001769703,,,,,,
therapist,panel_mi,314,56,56,172,994bc72760dcfe7fa4dcb4204fd49276c86f3b5d7563bd03968bb98375e50059,10,other,False,0.7854752972,0.3,0,0.3,0.4,other,0.7765092254,1.108394241,0.01050688975,0.005362974841,0.2645761371,0.005017304793,0.249004364,0.4814021587,0.01535844803,,,,,,
therapist,panel_mi,314,56,56,174,994bc72760dcfe7fa4dcb4204fd49276c86f3b5d7563bd03968bb98375e50059,10,other,False,-0,0,0,0,1,other,0.233706668,0.07686637342,0.008416717864,0.02635243548,0.01276910864,0.009326001629,0.05189127475,0.9260135889,0.003383743344,,,,,,
therapist,panel_mi,314,66,66,0,60300796ba7899fd40ecbaa91387c5ca83e5757c4513c7aae95783e2e3877244,10,other,False,-0,0,0,0,1,other,0.1503340453,0.04495562613,0.003094762176,0.01548242696,0.03225244582,0.0006809642073,0.01102670841,0.9560399055,0.001366942772,,,,,,
therapist,panel_mi,314,66,66,2,60300796ba7899fd40ecbaa91387c5ca83e5757c4513c7aae95783e2e3877244,10,question,False,-0,0,1,0,0,other,0.5560498238,0.7604566813,0.5506795492,0.2340035678,0.003407479031,0.4674529135,0.01251111459,0.5166285038,0.006092985626,,,,,,
therapist,panel_mi,314,66,66,4,60300796ba7899fd40ecbaa91387c5ca83e5757c4513c7aae95783e2e3877244,10,reflection,True,0.8609640474,0.4,0.1,0.4,0.1,other,0.8455875516,1.48132084,0.1391415691,0.07507091605,0.1837947667,0.03897661716,0.3801132739,0.3971153498,0.0154708894,,,,,,
therapist,panel_mi,314,66,66,6,60300796ba7899fd40ecbaa91387c5ca83e5757c4513c7aae95783e2e3877244,10,reflection,False,-0,1,0,0,0,reflection,0.8113948107,0.6138970256,0.3026575688,0.1936565105,0.5412374735,0.1143588051,0.2717248499,0.07267887145,0.005566666834,,,,,,
therapist,panel_mi,314,66,66,8,60300796ba7899fd40ecbaa91387c5ca83e5757c4513c7aae95783e2e3877244,10,reflection,False,-0,1,0,0,0,reflection,0.03074110858,0.006477787625,7.083838317e-05,0.002243020847,0.993543148,0.00532182958,0.0002663911146,0.0008686838555,0.0001724619651,,,,,,
therapist,panel_mi,314,66,66,10,60300796ba7899fd40ecbaa91387c5ca83e5757c4513c7aae95783e2e3877244,10,other,False,0.6804820237,0.4,0.1,0,0.5,reflection,0.7970622182,1.154142439,0.1031493848,0.05650514023,0.5704126954,0.1199917793,0.07150453329,0.238090992,0.00840541441,,,,,,
therapist,panel_mi,314,66,66,12,60300796ba7899fd40ecbaa91387c5ca83e5757c4513c7aae95783e2e3877244,10,reflection,False,-0,1,0,0,0,therapist_input,0.6449556351,1.237781405,0.8985978659,0.3493910674,0.2900269628,0.07808049023,0.623188436,0.008704168722,0.003492797958,,,,,,
therapist,panel_mi,314,66,66,14,60300796ba7899fd40ecbaa91387c5ca83e5757c4513c7aae95783e2e3877244,10,therapist_input,False,0.5783898247,0.2,0,0.7,0.1,therapist_input,0.3395845592,1.479465136,0.06902620136,0.07789247276,0.003244465915,0.03191234916,0.8710455894,0.09379762411,0.005249374546,,,,,,
therapist,panel_mi,314,66,66,15,60300796ba7899fd40ecbaa91387c5ca83e5757c4513c7aae95783e2e3877244,10,therapist_input,False,0.2344977968,0,0.1,0.9,0,question,0.5039483905,1.027626196,0.6265419428,0.184898937,0.001052124193,0.6539270878,0.3346696198,0.01035113912,0.006227626465,,,,,,
therapist,panel_mi,314,66,66,17,60300796ba7899fd40ecbaa91387c5ca83e5757c4513c7aae95783e2e3877244,10,reflection,False,0.2344977968,0.9,0.1,0,0,other,0.8583464622,1.29773066,0.5182334862,0.2882466369,0.3441360593,0.03415508568,0.2345254421,0.3871834576,0.0147510469,,,,,,
therapist,panel_mi,314,66,66,19,60300796ba7899fd40ecbaa91387c5ca83e5757c4513c7aae95783e2e3877244,10,therapist_input,False,0.4854752972,0.4,0,0.6,0,therapist_input,0.7585488558,0.8543700337,0.03057307244,0.05932543992,0.2630985677,0.06269469857,0.5863729715,0.08783368766,0.004801440984,,,,,,
therapist,panel_mi,314,66,66,21,60300796ba7899fd40ecbaa91387c5ca83e5757c4513c7aae95783e2e3877244,10,therapist_input,False,-0,0,0,1,0,therapist_input,0.2641684115,0.08693781495,0.009802654066,0.02976234446,0.03346968442,0.04085732251,0.9167342186,0.008938895538,0.001462112763,,,,,,
therapist,panel_mi,314,66,66,23,60300796ba7899fd40ecbaa91387c5ca83e5757c4513c7aae95783e2e3877244,10,therapist_input,False,0.2344977968,0,0,0.9,0.1,therapist_input,0.7465509772,0.611200875,0.104406946,0.09321496675,0.1674247384,0.06419538707,0.6334734559,0.1349063963,0.009292564355,,,,,,
therapist,panel_mi,314,66,66,25,60300796ba7899fd40ecbaa91387c5ca83e5757c4513c7aae95783e2e3877244,10,therapist_input,False,0.6477309221,0.1,0.3,0.6,0,question,0.3006135225,2.08242039,0.6577609687,0.2193877356,0.03664852679,0.8989483714,0.05690499395,0.007498157211,0.002585782902,,,,,,
therapist,panel_mi,314,66,66,27,60300796ba7899fd40ecbaa91387c5ca83e5757c4513c7aae95783e2e3877244,10,other,False,-0,0,0,0,1,other,0.2191238254,0.06967968494,0.006600009442,0.02391310117,0.003141873283,0.03286811709,0.03129743785,0.932692647,0.001283593825,,,,,,
therapist,panel_mi,314,66,66,29,60300796ba7899fd40ecbaa91387c5ca83e5757c4513c7aae95783e2e3877244,10,reflection,False,0.2344977968,0.9,0,0,0.1,reflection,0.06423209608,0.4802563922,0.01549072742,0.02473873272,0.9851949811,0.0007932813023,0.004623787943,0.009388003498,0.0004289844946,,,,,,
therapist,panel_mi,314,109,109,0,f92544f5ed508add4c093c58e76fce40d49ca14b51000a7b8770e0152039d485,10,therapist_input,False,0.4406454496,0,0,0.7,0.3,therapist_input,0.6227605939,0.6789441586,0.01141325867,0.02284426457,0.009723508731,0.05090391636,0.6109935641,0.3283789754,0.01353709213,,,,,,
therapist,panel_mi,314,109,109,2,f92544f5ed508add4c093c58e76fce40d49ca14b51000a7b8770e0152039d485,10,therapist_input,False,0.2344977968,0,0,0.9,0.1,therapist_input,0.5979100466,0.4896698654,0.05728469481,0.05293739438,0.005308582447,0.1150780767,0.7042207718,0.1753925979,0.02482744493,,,,,,
therapist,panel_mi,314,109,109,4,f92544f5ed508add4c093c58e76fce40d49ca14b51000a7b8770e0152039d485,10,question,False,0.6783898247,0.1,0.7,0.1,0.1,question,0.5390735269,1.34052316,0.07348385822,0.07569282499,0.006040640175,0.64419806,0.3335114121,0.0162499696,0.02793601528,,,,,,
therapist,panel_mi,314,109,109,6,f92544f5ed508add4c093c58e76fce40d49ca14b51000a7b8770e0152039d485,10,reflection,False,-0,1,0,0,0,reflection,0.5433305502,0.3446925879,0.1458197184,0.1135482236,0.7084380984,0.0428981185,0.2427681386,0.00589561183,0.0169262588,,,,,,
therapist,panel_mi,314,109,109,8,f92544f5ed508add4c093c58e76fce40d49ca14b51000a7b8770e0152039d485,10,reflection,False,-0,1,0,0,0,reflection,0.363765806,0.1931642741,0.05872419331,0.0651115205,0.8243465424,0.0017595276,0.1667824537,0.007111493498,0.004515185487,,,,,,
therapist,panel_mi,314,109,109,10,f92544f5ed508add4c093c58e76fce40d49ca14b51000a7b8770e0152039d485,10,reflection,False,-0,1,0,0,0,therapist_input,0.7707163692,0.963078022,0.6129525024,0.2859633845,0.3817161322,0.1466263831,0.4571292996,0.01452819072,0.01108273398,,,,,,
therapist,panel_mi,314,109,109,12,f92544f5ed508add4c093c58e76fce40d49ca14b51000a7b8770e0152039d485,10,reflection,False,-0,1,0,0,0,reflection,0.2123777419,0.06256071478,0.004940526513,0.02149177173,0.939356029,0.02394194342,0.01551392674,0.02118812688,0.01338828821,,,,,,
therapist,panel_mi,314,109,109,14,f92544f5ed508add4c093c58e76fce40d49ca14b51000a7b8770e0152039d485,10,question,False,-0,0,1,0,0,question,0.02642721497,0.005025236402,3.49648677e-05,0.001740391587,0.002642164705,0.994987309,0.001030597603,0.00133986061,0.0003267397988,,,,,,
therapist,panel_mi,314,109,109,16,f92544f5ed508add4c093c58e76fce40d49ca14b51000a7b8770e0152039d485,10,other,False,-0,0,0,0,1,other,0.227575928,0.07675733417,0.008225133388,0.02631547268,0.0002371125156,0.04201940447,0.0316289179,0.9261145592,0.002578740939,,,,,,
therapist,panel_mi,314,109,109,18,f92544f5ed508add4c093c58e76fce40d49ca14b51000a7b8770e0152039d485,10,question,False,-0,0,1,0,0,question,0.03313433379,0.006688321475,6.418438039e-05,0.002315832601,0.0004219324328,0.9933339357,0.003317667637,0.002926399466,0.0003167049144,,,,,,
therapist,panel_mi,314,109,109,20,f92544f5ed508add4c093c58e76fce40d49ca14b51000a7b8770e0152039d485,10,question,False,0.3609640474,0.2,0.8,0,0,question,0.4597037733,0.6674174547,0.0211200293,0.04783394445,0.07474384457,0.8303983808,0.04544588923,0.04941188544,0.01570101641,,,,,,
therapist,panel_mi,314,109,109,22,f92544f5ed508add4c093c58e76fce40d49ca14b51000a7b8770e0152039d485,10,reflection,False,-0,1,0,0,0,therapist_input,0.8697569966,1.636645675,0.9384567872,0.4276500561,0.194631815,0.05417584255,0.4243755341,0.3268168569,0.04281107336,,,,,,
therapist,panel_mi,314,109,109,24,f92544f5ed508add4c093c58e76fce40d49ca14b51000a7b8770e0152039d485,10,question,False,0.5783898247,0,0.7,0.2,0.1,question,0.6024104953,1.059808767,0.07625986199,0.05438122625,0.02688453533,0.551079154,0.412532568,0.009503740817,0.01857275143,,,,,,
therapist,panel_mi,314,109,109,26,f92544f5ed508add4c093c58e76fce40d49ca14b51000a7b8770e0152039d485,10,reflection,False,-0,1,0,0,0,reflection,0.1338564903,0.03555914015,0.001711807843,0.01226259797,0.9650656581,0.01484098844,0.004161413759,0.01593195833,0.005960023962,,,,,,
therapist,panel_mi,314,109,109,28,f92544f5ed508add4c093c58e76fce40d49ca14b51000a7b8770e0152039d485,10,question,False,-0,0,1,0,0,question,0.6515796781,0.3500675261,0.1211528631,0.1152226807,0.1179370657,0.7046405077,0.1349017024,0.04252073169,0.031438604,,,,,,
therapist,panel_mi,314,109,109,30,f92544f5ed508add4c093c58e76fce40d49ca14b51000a7b8770e0152039d485,10,other,False,-0,0,0,0,1,other,0.0825316906,0.02413745224,0.001122726741,0.008337209456,0.02353491262,0.0002903233108,2.324994239e-05,0.9761514664,0.0006454651593,,,,,,
therapist,panel_mi,314,109,109,32,f92544f5ed508add4c093c58e76fce40d49ca14b51000a7b8770e0152039d485,10,therapist_input,False,-0,0,0,1,0,therapist_input,0.06420382857,0.01467101369,0.0003144691027,0.005074200254,0.002170203021,0.002968213055,0.9854360819,0.009425567463,0.001165938331,,,,,,
therapist,panel_mi,314,109,109,34,f92544f5ed508add4c093c58e76fce40d49ca14b51000a7b8770e0152039d485,10,question,False,-0,0,1,0,0,question,0.222490862,0.07009004802,0.006770203259,0.02405255813,0.0435474962,0.9323098063,0.0125348838,0.01160779502,0.001581784338,,,,,,
therapist,panel_mi,314,109,109,36,f92544f5ed508add4c093c58e76fce40d49ca14b51000a7b8770e0152039d485,10,question,False,0.2344977968,0,0.9,0.1,0,question,0.8054890633,0.7027374983,0.1575603322,0.1217091101,0.2126603127,0.5767968297,0.1255577505,0.08498509228,0.01383051556,,,,,,
therapist,panel_mi,314,109,109,38,f92544f5ed508add4c093c58e76fce40d49ca14b51000a7b8770e0152039d485,10,question,False,-0,0,1,0,0,question,0.1288328767,0.03352657333,0.001498982602,0.0115649779,0.005290744361,0.9670292139,0.01448231377,0.0131977452,0.00106070214,,,,,,
therapist,panel_mi,314,109,109,40,f92544f5ed508add4c093c58e76fce40d49ca14b51000a7b8770e0152039d485,10,reflection,False,0.6854752972,0.6,0.2,0.2,0,question,0.9429603815,1.477839518,0.2468666258,0.1314600729,0.1778483987,0.4061830044,0.2704209983,0.1455475688,0.04537663981,,,,,,
therapist,panel_mi,314,109,109,42,f92544f5ed508add4c093c58e76fce40d49ca14b51000a7b8770e0152039d485,10,therapist_input,False,0.4406454496,0,0,0.7,0.3,therapist_input,0.1736938506,1.140845198,0.1379183035,0.08684797049,0.0004378514714,0.0258170478,0.9485086203,0.02523641288,0.007554591633,,,,,,
therapist,panel_mi,314,109,109,44,f92544f5ed508add4c093c58e76fce40d49ca14b51000a7b8770e0152039d485,10,other,False,0.6854752972,0.2,0,0.2,0.6,other,0.9282932281,1.284427941,0.1159864086,0.1028373518,0.09584110975,0.2211984843,0.2985780239,0.3843824267,0.04490602762,,,,,,
therapist,panel_mi,314,130,130,1,957962b55a53a08db5f378e511817642230cbd4d6d1cf4d43dd6a4b63131ccc1,10,therapist_input,False,0.3609640474,0,0,0.8,0.2,therapist_input,0.1190588623,1.141297391,0.06672570035,0.07572038421,0.03050107881,0.000405384053,0.9652642012,0.003829298075,0.0005906351726,,,,,,
therapist,panel_mi,314,130,130,3,957962b55a53a08db5f378e511817642230cbd4d6d1cf4d43dd6a4b63131ccc1,10,therapist_input,False,0.4854752972,0,0,0.6,0.4,therapist_input,0.2330821902,1.404222527,0.2421394517,0.1227786709,0.03801393509,0.002296436112,0.9261659384,0.03352367133,0.01215486601,,,,,,
therapist,panel_mi,314,130,130,5,957962b55a53a08db5f378e511817642230cbd4d6d1cf4d43dd6a4b63131ccc1,10,question,False,0.4854752972,0,0.6,0.4,0,reflection,0.3483674526,5.053456497,1.110876339,0.5229115556,0.8330755234,0.0007468092372,0.1597588062,0.006418840494,0.02084812149,,,,,,
therapist,panel_mi,314,130,130,7,957962b55a53a08db5f378e511817642230cbd4d6d1cf4d43dd6a4b63131ccc1,10,therapist_input,False,-0,0,0,1,0,therapist_input,0.1813462079,0.05779890716,0.004996498076,0.01986936397,0.01616531983,0.0002312719589,0.9438397288,0.03976368904,0.007760743611,,,,,,
therapist,panel_mi,314,130,130,9,957962b55a53a08db5f378e511817642230cbd4d6d1cf4d43dd6a4b63131ccc1,10,question,False,0.6854752972,0.2,0.6,0.2,0,question,0.22932145,1.732534392,0.1471837803,0.09049530173,0.08784781396,0.9092670679,0.00261844811,0.0002666846267,0.005960561335,,,,,,
therapist,panel_mi,314,130,130,11,957962b55a53a08db5f378e511817642230cbd4d6d1cf4d43dd6a4b63131ccc1,10,question,False,0.4609640474,0,0.8,0.1,0.1,question,0.6468670368,1.076128983,0.1147381563,0.09423148409,0.07450481504,0.5870617628,0.333932519,0.004500929266,0.007810259704,,,,,,
therapist,panel_mi,314,130,130,13,957962b55a53a08db5f378e511817642230cbd4d6d1cf4d43dd6a4b63131ccc1,10,question,False,0.2344977968,0,0.9,0,0.1,question,0.08930297196,0.622550392,0.01585445706,0.03737784691,0.004335428122,0.977974534,0.01527258568,0.002417405834,0.001486082328,,,,,,
therapist,panel_mi,314,130,130,15,957962b55a53a08db5f378e511817642230cbd4d6d1cf4d43dd6a4b63131ccc1,10,therapist_input,False,-0,0,0,1,0,therapist_input,0.7122983932,0.5702064037,0.2851643491,0.1811807656,0.182437405,0.001135814236,0.5654087067,0.2510180473,0.02853723429,,,,,,
therapist,panel_mi,314,130,130,17,957962b55a53a08db5f378e511817642230cbd4d6d1cf4d43dd6a4b63131ccc1,10,therapist_input,False,0.3609640474,0,0.2,0.8,0,therapist_input,0.4629004598,1.131319118,0.05724451866,0.119548241,0.1321939081,0.008339459077,0.8045600653,0.05490657687,0.01979466341,,,,,,
therapist,panel_mi,314,130,130,19,957962b55a53a08db5f378e511817642230cbd4d6d1cf4d43dd6a4b63131ccc1,10,therapist_input,False,-0,0,0,1,0,therapist_input,0.6638405323,0.4176909924,0.1791374586,0.1360303809,0.04453479126,0.2392849624,0.6585656404,0.05761448294,0.01107905805,,,,,,
therapist,panel_mi,314,130,130,21,957962b55a53a08db5f378e511817642230cbd4d6d1cf4d43dd6a4b63131ccc1,10,other,False,-0,0,0,0,1,other,0.08277651668,0.02112272568,0.0007257957129,0.007299006106,0.002593223704,0.001583717996,0.01672430709,0.9790987968,0.0008121331921,,,,,,
therapist,panel_mi,2718,7,7,0,7fe3d6029ec1e666f41b728458a973e8e2e6924c09046427a23859dcc7b3d75a,10,question,False,-0,0,1,0,0,question,0.01713586971,0.003096063621,1.383401356e-05,0.001072550712,0.001764852786,0.9969086647,0.0002866316354,0.001039790572,0.0004402826889,,,,,,
therapist,panel_mi,2718,7,7,2,7fe3d6029ec1e666f41b728458a973e8e2e6924c09046427a23859dcc7b3d75a,10,reflection,False,-0,1,0,0,0,reflection,0.4840530753,0.2258882523,0.05995722985,0.07577167786,0.7978073359,0.1063058749,0.008086030371,0.08780085295,0.05126484483,,,,,,
therapist,panel_mi,2718,7,7,4,7fe3d6029ec1e666f41b728458a973e8e2e6924c09046427a23859dcc7b3d75a,10,other,False,0.4406454496,0.3,0,0,0.7,other,0.179271698,2.374277515,0.1504242137,0.1318127711,0.000421621924,0.006633194629,0.05233281851,0.9406124353,0.005805225112,,,,,,
therapist,panel_mi,2718,7,7,6,7fe3d6029ec1e666f41b728458a973e8e2e6924c09046427a23859dcc7b3d75a,10,question,False,-0,0,1,0,0,question,0.394569695,0.1668920666,0.03695170914,0.05647437817,0.0138388481,0.846290946,0.1108733863,0.02899679914,0.01367667783,,,,,,
therapist,panel_mi,2718,7,7,8,7fe3d6029ec1e666f41b728458a973e8e2e6924c09046427a23859dcc7b3d75a,10,reflection,False,0.2344977968,0.9,0,0,0.1,other,0.7487610579,1.002841938,0.4726708703,0.1848031327,0.3548617959,0.1405383497,0.01008437201,0.4945155084,0.02690704539,,,,,,
therapist,panel_mi,2718,7,7,10,7fe3d6029ec1e666f41b728458a973e8e2e6924c09046427a23859dcc7b3d75a,10,question,False,-0,0,1,0,0,question,0.5240122676,0.5995286703,0.4008451144,0.1895763009,0.001892105443,0.5490703583,0.004647673573,0.4443899095,0.01182736736,,,,,,
therapist,panel_mi,2718,7,7,12,7fe3d6029ec1e666f41b728458a973e8e2e6924c09046427a23859dcc7b3d75a,10,other,False,0.5783898247,0.1,0.2,0,0.7,other,0.2129704952,1.367459992,0.0998209867,0.08594805095,0.0235623084,0.008754929528,0.02997475863,0.9377080202,0.00441177655,,,,,,
therapist,panel_mi,2718,7,7,14,7fe3d6029ec1e666f41b728458a973e8e2e6924c09046427a23859dcc7b3d75a,10,reflection,False,0.2344977968,0.9,0,0,0.1,other,0.4664829373,1.306035805,0.8407827818,0.2447657528,0.2423197776,0.00108805974,0.01790788211,0.7386842966,0.01807095483,,,,,,
therapist,panel_mi,2718,7,7,16,7fe3d6029ec1e666f41b728458a973e8e2e6924c09046427a23859dcc7b3d75a,10,question,False,-0,0,1,0,0,question,0.03618735448,0.007743699942,9.360314664e-05,0.002680851017,4.33160385e-05,0.9922862053,0.00536505878,0.002305381931,0.002207827289,,,,,,
therapist,panel_mi,2718,7,7,18,7fe3d6029ec1e666f41b728458a973e8e2e6924c09046427a23859dcc7b3d75a,10,question,False,0.3609640474,0.2,0.8,0,0,question,0.4607551992,0.5290721893,0.001310789994,0.009884815125,0.20043917,0.7714147568,0.007095226552,0.02105086111,0.02483910322,,,,,,
therapist,panel_mi,2718,7,7,20,7fe3d6029ec1e666f41b728458a973e8e2e6924c09046427a23859dcc7b3d75a,10,question,False,-0,0,1,0,0,question,0.01537384652,0.002757831942,1.125552363e-05,0.0009554392827,0.0001874219452,0.9972459674,0.001696754829,0.0008698988822,0.0002146668994,,,,,,
therapist,panel_mi,2718,7,7,22,7fe3d6029ec1e666f41b728458a973e8e2e6924c09046427a23859dcc7b3d75a,10,question,False,-0,0,1,0,0,question,0.3736476898,0.1784648448,0.04658388124,0.06028760002,0.0008213136462,0.8365534544,0.02367167175,0.1389535367,0.009906305,,,,,,
therapist,panel_mi,2718,7,7,24,7fe3d6029ec1e666f41b728458a973e8e2e6924c09046427a23859dcc7b3d75a,10,reflection,False,0.3609640474,0.8,0.2,0,0,question,0.1301721185,2.975135719,1.185790713,0.3710068807,0.02448118478,0.9643737078,0.001572010457,0.009573091753,0.005921670701,,,,,,
therapist,panel_mi,2718,7,7,26,7fe3d6029ec1e666f41b728458a973e8e2e6924c09046427a23859dcc7b3d75a,10,question,False,-0,0,1,0,0,question,0.1297971606,0.03376427665,0.001513785105,0.01164657762,0.01395701058,0.9667993784,0.0135934148,0.00565019995,0.002571096178,,,,,,
therapist,panel_mi,2718,7,7,28,7fe3d6029ec1e666f41b728458a973e8e2e6924c09046427a23859dcc7b3d75a,10,question,False,0.4609640474,0,0.8,0.1,0.1,question,0.5583660007,0.9168271303,0.08725904367,0.06368033462,0.01789194904,0.6398127079,0.01121806912,0.3310773075,0.01518475264,,,,,,
therapist,panel_mi,2718,7,7,30,7fe3d6029ec1e666f41b728458a973e8e2e6924c09046427a23859dcc7b3d75a,10,therapist_input,False,-0,0,0,1,0,therapist_input,0.4405733347,0.2189321965,0.06497217276,0.07351479388,0.1593741626,0.00819976069,0.8033761978,0.02904984355,0.007003476378,,,,,,
therapist,panel_mi,2718,7,7,32,7fe3d6029ec1e666f41b728458a973e8e2e6924c09046427a23859dcc7b3d75a,10,other,False,0.2344977968,0,0,0.1,0.9,other,0.1792727858,0.3501145504,0.003965623898,0.006461294452,0.0004216226225,0.006633229554,0.05233323574,0.9406118393,0.005805265624,,,,,,
therapist,panel_mi,2718,7,7,34,7fe3d6029ec1e666f41b728458a973e8e2e6924c09046427a23859dcc7b3d75a,10,question,False,-0,0,1,0,0,question,0.0162385311,0.003129367018,1.746343105e-05,0.001084079862,0.0001936907647,0.9968754649,0.0001675351232,0.002763240598,0.0002599013678,,,,,,
therapist,panel_mi,2718,7,7,36,7fe3d6029ec1e666f41b728458a973e8e2e6924c09046427a23859dcc7b3d75a,10,other,False,0.3609640474,0.2,0,0,0.8,other,0.06544587016,2.482748954,0.07349157446,0.08013426902,4.365624136e-06,0.0002200174786,0.01761348918,0.9821619987,0.006001881789,,,,,,
therapist,panel_mi,2718,7,7,38,7fe3d6029ec1e666f41b728458a973e8e2e6924c09046427a23859dcc7b3d75a,10,reflection,False,0.4406454496,0.7,0.3,0,0,reflection,0.8842481375,0.9149290085,0.08864682534,0.09963291381,0.4680786729,0.2784585953,0.09301491082,0.1604478657,0.02011130191,,,,,,
therapist,panel_mi,2718,7,7,40,7fe3d6029ec1e666f41b728458a973e8e2e6924c09046427a23859dcc7b3d75a,10,question,False,0.2344977968,0.1,0.9,0,0,question,0.6422469616,0.5416744471,0.1187847645,0.0640242534,0.3015318513,0.6258455515,0.02267324924,0.04994937032,0.02565166913,,,,,,
therapist,panel_mi,2718,7,7,42,7fe3d6029ec1e666f41b728458a973e8e2e6924c09046427a23859dcc7b3d75a,10,question,False,-0,0,1,0,0,question,0.07872686535,0.0228956975,0.00101714173,0.007909655887,3.383611329e-06,0.9773645401,0.0001656140084,0.02246652916,0.001149133663,,,,,,
therapist,panel_mi,2718,7,7,44,7fe3d6029ec1e666f41b728458a973e8e2e6924c09046427a23859dcc7b3d75a,10,other,False,0.2344977968,0.1,0,0,0.9,other,0.06373586506,0.4220982417,0.01369185944,0.01714627648,0.01718675718,0.0001341823227,1.217964655e-05,0.9826668501,0.0006644288078,,,,,,
therapist,panel_mi,2718,7,7,46,7fe3d6029ec1e666f41b728458a973e8e2e6924c09046427a23859dcc7b3d75a,10,other,False,-0,0,0,0,1,other,0.1323136538,0.03905425221,0.002405839333,0.01346124881,1.435668423e-06,0.02928387746,0.009016161785,0.9616984129,0.001367236488,,,,,,
therapist,panel_mi,2718,7,7,48,7fe3d6029ec1e666f41b728458a973e8e2e6924c09046427a23859dcc7b3d75a,10,question,False,-0,0,1,0,0,question,0.1231196895,0.03354679048,0.001700176298,0.01157191945,0.02385811135,0.9670096636,0.005239019636,0.003893224522,0.004256786779,,,,,,
therapist,panel_mi,2718,7,7,50,7fe3d6029ec1e666f41b728458a973e8e2e6924c09046427a23859dcc7b3d75a,10,question,False,-0,0,1,0,0,question,0.337067306,0.1622476429,0.04173723622,0.05494025769,0.002049315255,0.850230515,0.009085195139,0.1386348754,0.009008834139,,,,,,
therapist,panel_mi,2718,7,7,52,7fe3d6029ec1e666f41b728458a973e8e2e6924c09046427a23859dcc7b3d75a,10,reflection,False,0.2344977968,0.9,0.1,0,0,therapist_input,0.8365498185,1.741500139,0.8435940394,0.3747945382,0.1866165549,0.09958855063,0.5568053722,0.1569895148,0.03937261179,,,,,,
therapist,panel_mi,2718,7,7,54,7fe3d6029ec1e666f41b728458a973e8e2e6924c09046427a23859dcc7b3d75a,10,question,False,0.4854752972,0.4,0.6,0,0,question,0.4013229907,1.141755313,0.1741696075,0.09900887524,0.07327012718,0.8516974449,0.01250959001,0.06252282858,0.006502994802,,,,,,
therapist,panel_mi,2718,7,7,56,7fe3d6029ec1e666f41b728458a973e8e2e6924c09046427a23859dcc7b3d75a,10,question,False,-0,0,1,0,0,question,0.1418054849,0.03870661557,0.002057599636,0.01334209626,0.01897472702,0.9620329142,0.003343822435,0.01564859785,0.005311748944,,,,,,
therapist,panel_mi,2718,7,7,58,7fe3d6029ec1e666f41b728458a973e8e2e6924c09046427a23859dcc7b3d75a,10,therapist_input,False,0.2344977968,0,0.1,0.9,0,question,0.7405787706,2.195647526,0.9702320814,0.3962390057,0.0492066294,0.597248435,0.09233434498,0.2612105906,0.02452445589,,,,,,
therapist,panel_mi,2718,7,7,60,7fe3d6029ec1e666f41b728458a973e8e2e6924c09046427a23859dcc7b3d75a,10,question,False,0.4406454496,0,0.7,0.3,0,question,0.6871592999,1.4235457,0.2866186891,0.2197666951,0.42477265,0.501255393,0.04355806857,0.03041384742,0.03481388837,,,,,,
therapist,panel_mi,2718,7,7,62,7fe3d6029ec1e666f41b728458a973e8e2e6924c09046427a23859dcc7b3d75a,10,other,False,0.6477309221,0.1,0,0.3,0.6,other,0.2219758779,1.572149636,0.1742340506,0.09888515148,0.001174782636,0.01466673426,0.05860861391,0.9255498052,0.003553637071,,,,,,
therapist,panel_mi,2718,7,7,64,7fe3d6029ec1e666f41b728458a973e8e2e6924c09046427a23859dcc7b3d75a,10,other,False,-0,0,0,0,1,other,0.1122201607,0.03280247748,0.001848638489,0.01131636961,0.0001548143919,0.003984312527,0.02813124098,0.9677296877,0.001998896245,,,,,,
therapist,panel_mi,2718,27,27,0,e883cab14c33a28c3bf1e25281ef335a7bcd08f31fb3e2cea1e824982af00196,10,therapist_input,False,0.4609640474,0,0.1,0.8,0.1,reflection,0.4294984341,2.286383033,1.030047361,0.4218625196,0.7946115732,0.005368311889,0.1810316741,0.01898849756,0.006784897298,,,,,,
therapist,panel_mi,2718,27,27,2,e883cab14c33a28c3bf1e25281ef335a7bcd08f31fb3e2cea1e824982af00196,10,other,False,-0,0,0,0,1,other,0.2164912224,0.07942261547,0.01056908215,0.02721887021,0.00404392276,0.003678645473,0.06862794608,0.9236494303,0.007566993125,,,,,,
therapist,panel_mi,2718,27,27,4,e883cab14c33a28c3bf1e25281ef335a7bcd08f31fb3e2cea1e824982af00196,10,therapist_input,False,-0,0,0,1,0,reflection,0.8235185146,1.179482698,0.7545466199,0.3365964942,0.505908668,0.06557139009,0.3074377179,0.1210821867,0.03100621328,,,,,,
therapist,panel_mi,2718,27,27,6,e883cab14c33a28c3bf1e25281ef335a7bcd08f31fb3e2cea1e824982af00196,10,other,False,-0,0,0,0,1,other,0.1061386913,0.03359807655,0.002161669466,0.01158952981,0.03271010146,0.0002822265087,4.762925528e-05,0.9669600725,0.002117635217,,,,,,
therapist,panel_mi,2718,27,27,8,e883cab14c33a28c3bf1e25281ef335a7bcd08f31fb3e2cea1e824982af00196,10,other,False,0.9232196723,0.3,0.1,0.2,0.4,question,0.2556202412,3.604694878,0.920839111,0.4015998967,0.04247043654,0.9196158648,0.0302604083,0.007653290872,0.003805734217,,,,,,
therapist,panel_mi,2718,27,27,10,e883cab14c33a28c3bf1e25281ef335a7bcd08f31fb3e2cea1e824982af00196,10,other,False,0.3609640474,0.2,0,0,0.8,therapist_input,0.7242073417,1.160383368,0.3771772313,0.2065644327,0.09872486442,0.01285620313,0.4701474607,0.418271482,0.09667630494,,,,,,
therapist,panel_mi,2718,27,27,12,e883cab14c33a28c3bf1e25281ef335a7bcd08f31fb3e2cea1e824982af00196,10,reflection,False,0.3609640474,0.8,0,0,0.2,reflection,0.4010235071,0.8183201909,0.04654871344,0.07950110769,0.8255218267,0.0006664420362,0.1378263682,0.03598537296,0.01897813752,,,,,,
therapist,panel_mi,2718,27,27,14,e883cab14c33a28c3bf1e25281ef335a7bcd08f31fb3e2cea1e824982af00196,10,therapist_input,False,-0,0,0,1,0,therapist_input,0.4345349371,0.2037171274,0.05205682346,0.06856113538,0.06731368601,0.0005615981063,0.8156930804,0.1164316759,0.03532092646,,,,,,
therapist,panel_mi,2718,27,27,16,e883cab14c33a28c3bf1e25281ef335a7bcd08f31fb3e2cea1e824982af00196,10,therapist_input,False,-0,0,0,1,0,therapist_input,0.8914592266,0.7912388444,0.4153987563,0.2421828981,0.07648637891,0.2418421209,0.4532828927,0.2283886671,0.1014980227,,,,,,
therapist,panel_mi,2718,27,27,18,e883cab14c33a28c3bf1e25281ef335a7bcd08f31fb3e2cea1e824982af00196,10,therapist_input,False,-0,0,0,1,0,therapist_input,0.6714772582,0.3930656314,0.1516224622,0.1285088414,0.1776859909,0.1158669591,0.6749844551,0.03146258369,0.01567643508,,,,,,
therapist,panel_mi,2718,27,27,20,e883cab14c33a28c3bf1e25281ef335a7bcd08f31fb3e2cea1e824982af00196,10,therapist_input,False,0.6477309221,0.1,0.3,0.6,0,question,0.352763176,2.079933044,0.6328673564,0.2142654293,0.05885401368,0.876507163,0.05347537249,0.01116343495,0.02534802258,,,,,,
therapist,panel_mi,2718,27,27,22,e883cab14c33a28c3bf1e25281ef335a7bcd08f31fb3e2cea1e824982af00196,10,other,False,-0,0,0,0,1,other,0.38656196,0.1509581059,0.02800407108,0.05120206349,0.07235147059,0.05438519642,0.01337962411,0.859883666,0.009578304365,,,,,,
therapist,panel_mi,2718,55,55,0,1b9abf33ba8b2badfab01f2ee1f7aa958800a9808d579c0ec4e6bc41eb27f449,10,question,False,0.2344977968,0,0.9,0.1,0,therapist_input,0.7310144305,1.834468263,0.8628876068,0.3517313392,0.004453985952,0.1406083405,0.5022336245,0.3527041078,0.1369751394,,,,,,
therapist,panel_mi,2718,55,55,2,1b9abf33ba8b2badfab01f2ee1f7aa958800a9808d579c0ec4e6bc41eb27f449,10,question,False,0.2344977968,0,0.9,0.1,0,question,0.6740097404,0.5876866221,0.1038507391,0.08586500196,0.2000518739,0.6502197981,0.1349484026,0.0147799449,0.009436020628,,,,,,
therapist,panel_mi,2718,55,55,4,1b9abf33ba8b2badfab01f2ee1f7aa958800a9808d579c0ec4e6bc41eb27f449,10,question,False,-0,0,1,0,0,question,0.02823097445,0.005676435772,4.799419874e-05,0.001965765141,7.363648911e-05,0.9943396449,0.003207593691,0.002379180398,0.0004294650571,,,,,,
therapist,panel_mi,2718,55,55,6,1b9abf33ba8b2badfab01f2ee1f7aa958800a9808d579c0ec4e6bc41eb27f449,10,question,False,-0,0,1,0,0,therapist_input,0.6041315198,1.798459172,1.207149852,0.4549970596,0.006848553661,0.1655537635,0.7039224505,0.1236751825,0.02885350958,,,,,,
therapist,panel_mi,2718,55,55,8,1b9abf33ba8b2badfab01f2ee1f7aa958800a9808d579c0ec4e6bc41eb27f449,10,therapist_input,False,0.3609640474,0,0.2,0.8,0,therapist_input,0.2288267463,0.5662672102,0.02527064017,0.0148313261,3.49111142e-05,0.08575978875,0.9104803801,0.003724790411,0.005826495588,,,,,,
therapist,panel_mi,2718,55,55,10,1b9abf33ba8b2badfab01f2ee1f7aa958800a9808d579c0ec4e6bc41eb27f449,10,question,False,-0,0,1,0,0,question,0.1343219131,0.03785197064,0.002120570606,0.01304907038,0.001140108914,0.9628554583,0.02476214431,0.01124233007,0.001835916424,,,,,,
therapist,panel_mi,2718,55,55,12,1b9abf33ba8b2badfab01f2ee1f7aa958800a9808d579c0ec4e6bc41eb27f449,10,question,False,-0,0,1,0,0,reflection,0.5792453885,1.390441179,1.046251371,0.3812290437,0.6930949092,0.2489654571,0.02062020078,0.03731944412,0.0119192088,,,,,,
therapist,panel_mi,2718,55,55,14,1b9abf33ba8b2badfab01f2ee1f7aa958800a9808d579c0ec4e6bc41eb27f449,10,question,False,-0,0,1,0,0,question,0.02946426719,0.00591258239,5.244126075e-05,0.002047454808,0.003781726118,0.9941048622,0.0002971280483,0.001816280186,0.0007774500409,,,,,,
therapist,panel_mi,2718,55,55,16,1b9abf33ba8b2badfab01f2ee1f7aa958800a9808d579c0ec4e6bc41eb27f449,10,question,False,-0,0,1,0,0,question,0.1764834374,0.05260786042,0.003917441708,0.01809818739,0.003098011948,0.9487519264,0.03189396858,0.01625606231,0.003396773711,,,,,,
therapist,panel_mi,2718,55,55,18,1b9abf33ba8b2badfab01f2ee1f7aa958800a9808d579c0ec4e6bc41eb27f449,10,reflection,False,-0,1,0,0,0,reflection,0.1513671279,0.04135959595,0.002292839637,0.01425122733,0.9594839811,0.005783705972,0.02007531561,0.01465697866,0.001180293737,,,,,,
therapist,panel_mi,2718,55,55,20,1b9abf33ba8b2badfab01f2ee1f7aa958800a9808d579c0ec4e6bc41eb27f449,10,reflection,False,0.2344977968,0.9,0,0,0.1,reflection,0.499027729,0.4243346944,0.01542837961,0.03376345155,0.7998491526,0.02386505529,0.06911785901,0.1071678996,0.01464844774,,,,,,
therapist,panel_mi,2718,55,55,22,1b9abf33ba8b2badfab01f2ee1f7aa958800a9808d579c0ec4e6bc41eb27f449,10,question,False,0.6477309221,0.3,0.6,0.1,0,reflection,0.5874524713,1.096262932,0.09392266586,0.04455689749,0.5413018465,0.4305509925,0.01716030948,0.01098692603,0.009061936289,,,,,,
therapist,panel_mi,2718,55,55,24,1b9abf33ba8b2badfab01f2ee1f7aa958800a9808d579c0ec4e6bc41eb27f449,10,question,False,-0,0,1,0,0,question,0.007075203583,0.00117185805,2.28886931e-06,0.0004060668007,0.0001227384782,0.9988287687,0.0001043559314,0.000944071624,0.0001657944085,,,,,,
therapist,panel_mi,2718,55,55,26,1b9abf33ba8b2badfab01f2ee1f7aa958800a9808d579c0ec4e6bc41eb27f449,10,question,False,-0,0,1,0,0,question,0.01077204105,0.001825746498,4.909937292e-06,0.0006325974249,0.001140332781,0.9981759191,0.000186080666,0.0004976757336,0.0001230925554,,,,,,
therapist,panel_mi,2718,55,55,28,1b9abf33ba8b2badfab01f2ee1f7aa958800a9808d579c0ec4e6bc41eb27f449,10,question,False,-0,0,1,0,0,question,0.003274468472,0.0004893546575,3.941893622e-07,0.0001695768962,4.322340828e-05,0.9995107651,5.941009294e-05,0.0003865756444,3.116993321e-05,,,,,,
therapist,panel_mi,2718,55,55,30,1b9abf33ba8b2badfab01f2ee1f7aa958800a9808d579c0ec4e6bc41eb27f449,10,question,False,-0,0,1,0,0,question,0.3057084382,0.1049260572,0.01380094417,0.03582766603,0.04603058845,0.9003911018,0.03953431919,0.01404400636,0.003851627465,,,,,,
therapist,panel_mi,2718,55,55,32,1b9abf33ba8b2badfab01f2ee1f7aa958800a9808d579c0ec4e6bc41eb27f449,10,question,False,-0,0,1,0,0,question,0.005138015375,0.000833978178,1.233376728e-06,0.0002890032477,3.379824193e-05,0.9991663694,0.0007296340773,7.020403427e-05,5.438146036e-05,,,,,,
therapist,panel_mi,2718,55,55,34,1b9abf33ba8b2badfab01f2ee1f7aa958800a9808d579c0ec4e6bc41eb27f449,10,reflection,False,-0,1,0,0,0,reflection,0.2028631419,0.06195175648,0.005322895197,0.02128440405,0.9399282336,0.01247481909,0.03839166462,0.009205273353,0.00336167356,,,,,,
therapist,panel_mi,2718,55,55,36,1b9abf33ba8b2badfab01f2ee1f7aa958800a9808d579c0ec4e6bc41eb27f449,10,question,False,0.2344977968,0,0.9,0.1,0,question,0.00276557426,0.7914841179,0.01984378237,0.0348954348,1.258473094e-05,0.9995840192,0.000366652268,3.676329652e-05,4.158443335e-05,,,,,,
therapist,panel_mi,2718,55,55,38,1b9abf33ba8b2badfab01f2ee1f7aa958800a9808d579c0ec4e6bc41eb27f449,10,therapist_input,False,-0,0,0,1,0,therapist_input,0.1707383394,0.06055406854,0.006552739212,0.02080834636,0.0002488997416,0.002903860062,0.9412428141,0.05560435727,0.02407385409,,,,,,
therapist,panel_mi,2718,55,55,40,1b9abf33ba8b2badfab01f2ee1f7aa958800a9808d579c0ec4e6bc41eb27f449,10,therapist_input,True,0.5,0,0,0.5,0.5,other,0.2446397245,1.251624681,0.3310917115,0.1095418139,0.00412283279,0.001194731449,0.090487957,0.9041944742,0.006505317986,,,,,,
therapist,panel_mi,2718,55,55,42,1b9abf33ba8b2badfab01f2ee1f7aa958800a9808d579c0ec4e6bc41eb27f449,10,question,False,-0,0,1,0,0,question,0.003273023991,0.0004765930644,3.348132323e-07,0.0001651666018,0.0001401177142,0.9995235205,4.25369617e-05,0.0002938334947,2.343772394e-05,,,,,,
therapist,panel_mi,2718,55,55,44,1b9abf33ba8b2badfab01f2ee1f7aa958800a9808d579c0ec4e6bc41eb27f449,10,question,False,0.4406454496,0.3,0.7,0,0,question,0.008899046108,2.32868748,0.1788533588,0.1160594411,0.0004269631172,0.9985101819,7.020041812e-05,0.0009925736813,0.000268144242,,,,,,
therapist,panel_mi,2718,55,55,46,1b9abf33ba8b2badfab01f2ee1f7aa958800a9808d579c0ec4e6bc41eb27f449,10,reflection,False,0.2344977968,0.9,0.1,0,0,question,0.7019632459,2.931622434,1.076516231,0.4668361939,0.04086527973,0.5833581686,0.3185877502,0.05718882009,0.0195572488,,,,,,
therapist,panel_mi,2718,55,55,48,1b9abf33ba8b2badfab01f2ee1f7aa958800a9808d579c0ec4e6bc41eb27f449,10,question,False,0.2344977968,0,0.9,0,0.1,question,0.002295085695,1.023536942,0.01992535519,0.03592163561,5.054019312e-06,0.9996617436,0.0002971994982,3.598801413e-05,2.858577136e-05,,,,,,
therapist,panel_mi,2718,55,55,50,1b9abf33ba8b2badfab01f2ee1f7aa958800a9808d579c0ec4e6bc41eb27f449,10,therapist_input,False,-0,0,0,1,0,therapist_input,0.02148434147,0.004380987026,3.473707321e-05,0.001517400749,0.0001297277195,0.0003021435114,0.9956285357,0.003939514048,0.0007391367108,,,,,,
therapist,panel_mi,2718,55,55,52,1b9abf33ba8b2badfab01f2ee1f7aa958800a9808d579c0ec4e6bc41eb27f449,10,reflection,False,0.6783898247,0.7,0.1,0.1,0.1,question,0.7245940566,1.670501429,0.4358069373,0.1726663588,0.2538325787,0.5736423135,0.1638096273,0.008715501055,0.01705081016,,,,,,
therapist,panel_mi,2718,55,55,54,1b9abf33ba8b2badfab01f2ee1f7aa958800a9808d579c0ec4e6bc41eb27f449,10,question,False,0.2344977968,0,0.9,0.1,0,question,0.5528393388,0.5348190188,0.14423074,0.05984125129,0.00213564327,0.6193454862,0.3547428548,0.02377605438,0.02467627078,,,,,,
therapist,panel_mi,2718,55,55,56,1b9abf33ba8b2badfab01f2ee1f7aa958800a9808d579c0ec4e6bc41eb27f449,10,question,False,0.4609640474,0,0.8,0.1,0.1,question,0.9370564818,1.067268181,0.225223942,0.1263780237,0.2230453491,0.4091753364,0.1181026921,0.249676615,0.06420251727,,,,,,
therapist,panel_mi,2718,55,55,58,1b9abf33ba8b2badfab01f2ee1f7aa958800a9808d579c0ec4e6bc41eb27f449,10,question,False,0.2344977968,0,0.9,0.1,0,question,0.0941561833,0.5092611853,0.01462401087,0.02978849137,0.01405843161,0.976711452,0.007592954673,0.001637268579,0.003938771319,,,,,,
therapist,panel_mi,2718,55,55,60,1b9abf33ba8b2badfab01f2ee1f7aa958800a9808d579c0ec4e6bc41eb27f449,10,question,False,0.2344977968,0,0.9,0.1,0,therapist_input,0.740109086,0.9198809743,0.4080950221,0.1651326085,0.004290990531,0.3922496438,0.4601975083,0.1432618052,0.03968536481,,,,,,
therapist,panel_mi,2718,55,55,62,1b9abf33ba8b2badfab01f2ee1f7aa958800a9808d579c0ec4e6bc41eb27f449,10,other,False,0.7427376486,0,0.2,0.3,0.5,therapist_input,0.4393461347,1.669501802,0.4038527733,0.1421077093,0.005486384965,0.03618807346,0.8060438037,0.1522817314,0.04428875819,,,,,,
therapist,panel_mi,2718,55,55,64,1b9abf33ba8b2badfab01f2ee1f7aa958800a9808d579c0ec4e6bc41eb27f449,10,other,False,-0,0,0,0,1,other,0.6251997352,0.4607401192,0.2239501499,0.1490253469,0.2841253877,0.001853009453,0.08320505917,0.6308165789,0.1026937142,,,,,,
therapist,panel_mi,2718,56,56,0,994bc72760dcfe7fa4dcb4204fd49276c86f3b5d7563bd03968bb98375e50059,10,question,False,0.8427376486,0.1,0.5,0.3,0.1,therapist_input,0.714397788,1.437057501,0.06645796161,0.04393066206,0.005222403444,0.3749570251,0.5039285421,0.1158920079,0.02619232796,,,,,,
therapist,panel_mi,2718,56,56,2,994bc72760dcfe7fa4dcb4204fd49276c86f3b5d7563bd03968bb98375e50059,10,other,False,0.4854752972,0,0.4,0,0.6,question,0.522230804,1.102226949,0.2925648892,0.1013301305,0.03508899361,0.7533062696,0.01920682378,0.1923979521,0.02061975375,,,,,,
therapist,panel_mi,2718,56,56,4,994bc72760dcfe7fa4dcb4204fd49276c86f3b5d7563bd03968bb98375e50059,10,question,False,-0,0,1,0,0,question,0.04034532979,0.009323293343,0.0001578074388,0.003226996405,0.0001867957908,0.990719974,0.0006534905406,0.008439650759,0.0005135223037,,,,,,
therapist,panel_mi,2718,56,56,6,994bc72760dcfe7fa4dcb4204fd49276c86f3b5d7563bd03968bb98375e50059,10,other,False,-0,0,0,0,1,other,0.2863079607,0.1010996923,0.01407408282,0.03454016024,0.01331501175,0.01673085988,0.06611118466,0.903842926,0.006255416665,,,,,,
therapist,panel_mi,2718,56,56,8,994bc72760dcfe7fa4dcb4204fd49276c86f3b5d7563bd03968bb98375e50059,10,reflection,False,0.2344977968,0.9,0.1,0,0,therapist_input,0.01856685802,10.12982178,1.812707318,0.6893667071,2.691728514e-05,0.001369188307,0.9965055585,0.002098363359,0.0001492454467,,,,,,
therapist,panel_mi,2718,56,56,10,994bc72760dcfe7fa4dcb4204fd49276c86f3b5d7563bd03968bb98375e50059,10,reflection,True,0.5,0.5,0.5,0,0,reflection,0.5982797146,0.730810523,0.002137866733,0.01296590684,0.4909766316,0.4722426534,0.000932333176,0.03584837541,0.02066208981,,,,,,
therapist,panel_mi,2718,56,56,12,994bc72760dcfe7fa4dcb4204fd49276c86f3b5d7563bd03968bb98375e50059,10,reflection,False,-0,1,0,0,0,reflection,0.4193801284,0.2513075173,0.09398557017,0.08397673785,0.7777832747,0.007000505924,0.004174026661,0.2110422403,0.008672535419,,,,,,
therapist,panel_mi,2718,56,56,14,994bc72760dcfe7fa4dcb4204fd49276c86f3b5d7563bd03968bb98375e50059,10,reflection,False,-0,1,0,0,0,reflection,0.06342148036,0.01528119668,0.0003746839742,0.00528478394,0.984834969,0.0003014186223,0.003299597185,0.0115640657,0.001160135842,,,,,,
therapist,panel_mi,2718,56,56,16,994bc72760dcfe7fa4dcb4204fd49276c86f3b5d7563bd03968bb98375e50059,10,reflection,False,-0,1,0,0,0,therapist_input,0.5674089789,0.7396389842,0.5239673043,0.2284139099,0.4772861898,0.0003503186163,0.500248313,0.02211514302,0.05405657738,,,,,,
therapist,panel_mi,2718,56,56,18,994bc72760dcfe7fa4dcb4204fd49276c86f3b5d7563bd03968bb98375e50059,10,reflection,False,0.3609640474,0.8,0.2,0,0,reflection,0.3181745708,0.5567832828,0.01446955903,0.01520707339,0.8729659319,0.1064072698,0.001007456216,0.01961931959,0.01167384721,,,,,,
therapist,panel_mi,2718,56,56,20,994bc72760dcfe7fa4dcb4204fd49276c86f3b5d7563bd03968bb98375e50059,10,other,False,0.2344977968,0.1,0,0,0.9,other,0.2863079607,0.5228760622,0.01217966568,0.04747924736,0.01331501175,0.01673085988,0.06611118466,0.903842926,0.006255416665,,,,,,
therapist,panel_mi,2718,56,56,22,994bc72760dcfe7fa4dcb4204fd49276c86f3b5d7563bd03968bb98375e50059,10,reflection,False,0.3609640474,0.8,0,0,0.2,reflection,0.129528597,0.8453557581,0.06085228697,0.05587691263,0.9642235637,8.449294546e-05,0.01880221628,0.01688971184,0.006298753433,,,,,,
therapist,panel_mi,2718,56,56,24,994bc72760dcfe7fa4dcb4204fd49276c86f3b5d7563bd03968bb98375e50059,10,question,False,-0,0,1,0,0,question,0.009552477859,0.001614621724,4.017451826e-06,0.0005594663455,0.0003771041811,0.9983865619,0.0001139805754,0.00112225418,9.095815767e-05,,,,,,
therapist,panel_mi,2718,56,56,26,994bc72760dcfe7fa4dcb4204fd49276c86f3b5d7563bd03968bb98375e50059,10,other,False,-0,0,0,0,1,other,0.1485530436,0.05118232593,0.004806253368,0.0176113199,0.04809951782,0.001794755808,2.910043975e-07,0.9501053691,0.001990491059,,,,,,
therapist,panel_mi,2718,56,56,28,994bc72760dcfe7fa4dcb4204fd49276c86f3b5d7563bd03968bb98375e50059,10,reflection,False,-0,1,0,0,0,reflection,0.03989619017,0.009442362934,0.000167328454,0.00326814866,0.9906021953,1.574269299e-05,0.0005080665578,0.008874069899,0.0006972392439,,,,,,
therapist,panel_mi,2718,56,56,30,994bc72760dcfe7fa4dcb4204fd49276c86f3b5d7563bd03968bb98375e50059,10,question,False,0.4406454496,0.3,0.7,0,0,reflection,0.2648229003,1.625105065,0.7063718659,0.2030835257,0.8916244507,0.1030627862,0.001181912958,0.004130905028,0.01190652233,,,,,,
therapist,panel_mi,2718,56,56,32,994bc72760dcfe7fa4dcb4204fd49276c86f3b5d7563bd03968bb98375e50059,10,other,False,-0,0,0,0,1,other,0.14855358,0.05118257552,0.004806299086,0.01761140812,0.04809974879,0.001794774318,2.910053354e-07,0.9501051903,0.00199049525,,,,,,
therapist,panel_mi,2718,56,56,34,994bc72760dcfe7fa4dcb4204fd49276c86f3b5d7563bd03968bb98375e50059,10,question,False,-0,0,1,0,0,reflection,0.5573607087,0.7289198041,0.5175471565,0.2255175015,0.4993440211,0.4824298322,0.0002324790985,0.01799367927,0.05782032758,,,,,,
therapist,panel_mi,2718,56,56,36,994bc72760dcfe7fa4dcb4204fd49276c86f3b5d7563bd03968bb98375e50059,10,reflection,False,-0,1,0,0,0,therapist_input,0.6843531728,0.954911828,0.6710179673,0.2839548403,0.3848460615,0.05045579001,0.5379031897,0.02679498121,0.02907216176,,,,,,
therapist,panel_mi,2718,56,56,38,994bc72760dcfe7fa4dcb4204fd49276c86f3b5d7563bd03968bb98375e50059,10,other,False,-0,0,0,0,1,reflection,0.4682468474,1.246545196,1.003165783,0.3512837539,0.7038762569,0.0007628978929,0.007864445448,0.2874962986,0.03763645142,,,,,,
therapist,panel_mi,2718,56,56,40,994bc72760dcfe7fa4dcb4204fd49276c86f3b5d7563bd03968bb98375e50059,10,other,False,-0,0,0,0,1,other,0.2481987625,0.1140880063,0.02318320978,0.03890455222,0.1075073704,0.0003131672856,8.13165979e-09,0.8921793699,0.007016657852,,,,,,
therapist,panel_mi,2718,56,56,42,994bc72760dcfe7fa4dcb4204fd49276c86f3b5d7563bd03968bb98375e50059,10,reflection,False,0.5783898247,0.7,0.2,0,0.1,reflection,0.5740667582,1.75466347,0.1276896978,0.1682869109,0.6590967178,0.003064292483,0.2906012237,0.04723767191,0.01182563137,,,,,,
therapist,panel_mi,2718,56,56,44,994bc72760dcfe7fa4dcb4204fd49276c86f3b5d7563bd03968bb98375e50059,10,reflection,False,0.4406454496,0.7,0,0.3,0,other,0.7438550591,1.687721372,0.5977161153,0.312006096,0.2631826997,0.05938642472,0.08119063079,0.5962402821,0.02405176684,,,,,,
therapist,panel_mi,2718,56,56,46,994bc72760dcfe7fa4dcb4204fd49276c86f3b5d7563bd03968bb98375e50059,10,question,False,-0,0,1,0,0,question,0.2341726124,0.07933072746,0.009319113675,0.02718772885,0.008114030585,0.9237344861,0.01046955399,0.05768204853,0.002714721486,,,,,,
therapist,panel_mi,2718,56,56,48,994bc72760dcfe7fa4dcb4204fd49276c86f3b5d7563bd03968bb98375e50059,10,other,False,-0,0,0,0,1,other,0.2863079607,0.1010996923,0.01407408282,0.03454016024,0.01331501175,0.01673085988,0.06611118466,0.903842926,0.006255416665,,,,,,
therapist,panel_mi,2718,56,56,50,994bc72760dcfe7fa4dcb4204fd49276c86f3b5d7563bd03968bb98375e50059,10,reflection,False,-0,1,0,0,0,reflection,0.756170392,0.4827382863,0.2048808256,0.1555898593,0.6170912981,0.06203170493,0.1221449152,0.1987320781,0.04227386042,,,,,,
therapist,panel_mi,2718,56,56,52,994bc72760dcfe7fa4dcb4204fd49276c86f3b5d7563bd03968bb98375e50059,10,other,False,-0,0,0,0,1,other,0.2979921401,0.1278912127,0.02614970799,0.04352433055,0.00296987663,0.009171015583,0.1079099774,0.8799492121,0.001821916318,,,,,,
therapist,panel_mi,2718,56,56,54,994bc72760dcfe7fa4dcb4204fd49276c86f3b5d7563bd03968bb98375e50059,10,reflection,False,0.5783898247,0.7,0,0.2,0.1,therapist_input,0.1134770736,5.355549618,1.082869916,0.388495731,0.0007970466977,0.002989497269,0.9674035311,0.02880990878,0.003426431213,,,,,,
therapist,panel_mi,2718,56,56,56,994bc72760dcfe7fa4dcb4204fd49276c86f3b5d7563bd03968bb98375e50059,10,reflection,False,0.6804820237,0.5,0,0.4,0.1,therapist_input,0.7456479073,1.287117773,0.1819723999,0.0832479698,0.1746818125,0.0003281640529,0.4544878602,0.3705022037,0.06752113998,,,,,,
therapist,panel_mi,2718,56,56,58,994bc72760dcfe7fa4dcb4204fd49276c86f3b5d7563bd03968bb98375e50059,10,question,False,-0,0,1,0,0,question,0.02243126929,0.00470569497,4.142206108e-05,0.001629801566,0.0002534422092,0.9953053594,4.62011958e-05,0.004395002034,0.0001671188074,,,,,,
therapist,panel_mi,2718,56,56,60,994bc72760dcfe7fa4dcb4204fd49276c86f3b5d7563bd03968bb98375e50059,10,other,False,-0,0,0,0,1,other,0.2863079607,0.1010996923,0.01407408282,0.03454016024,0.01331501175,0.01673085988,0.06611118466,0.903842926,0.006255416665,,,,,,
therapist,panel_mi,2718,56,56,62,994bc72760dcfe7fa4dcb4204fd49276c86f3b5d7563bd03968bb98375e50059,10,other,False,-0,0,0,0,1,reflection,0.6173321009,0.7733795047,0.5339152783,0.237449831,0.491758287,0.001494278898,0.04529645294,0.4614509642,0.04358873516,,,,,,
therapist,panel_mi,2718,56,56,64,994bc72760dcfe7fa4dcb4204fd49276c86f3b5d7563bd03968bb98375e50059,10,other,False,-0,0,0,0,1,reflection,0.4682468474,1.246544838,1.003165528,0.3512836777,0.7038762569,0.0007628996391,0.007864423096,0.2874964476,0.03763647005,,,,,,
therapist,panel_mi,2718,56,56,66,994bc72760dcfe7fa4dcb4204fd49276c86f3b5d7563bd03968bb98375e50059,10,reflection,False,-0,1,0,0,0,reflection,0.1063321829,0.02723087557,0.001062826296,0.009401614466,0.9731365442,0.007470807526,0.002720316406,0.01667237096,0.003188972594,,,,,,
therapist,panel_mi,2718,56,56,68,994bc72760dcfe7fa4dcb4204fd49276c86f3b5d7563bd03968bb98375e50059,10,question,False,-0,0,1,0,0,question,0.02448561415,0.004644972738,3.074672392e-05,0.001608796133,0.0006731178146,0.9953657985,0.001283221645,0.002677901182,0.0006574567524,,,,,,
therapist,panel_mi,2718,56,56,70,994bc72760dcfe7fa4dcb4204fd49276c86f3b5d7563bd03968bb98375e50059,10,other,False,-0,0,0,0,1,reflection,0.4682468474,1.246544838,1.003165528,0.3512836777,0.7038762569,0.0007628996391,0.007864423096,0.2874964476,0.03763647005,,,,,,
therapist,panel_mi,2718,56,56,72,994bc72760dcfe7fa4dcb4204fd49276c86f3b5d7563bd03968bb98375e50059,10,therapist_input,False,-0,0,0,1,0,therapist_input,0.04126062989,0.008941331878,0.0001264646527,0.003094973995,0.0005459105596,0.001726020477,0.9910985231,0.006629569922,0.0004852542188,,,,,,
therapist,panel_mi,2718,56,56,74,994bc72760dcfe7fa4dcb4204fd49276c86f3b5d7563bd03968bb98375e50059,10,other,False,-0,0,0,0,1,other,0.1485530436,0.05118232593,0.004806253368,0.0176113199,0.04809951782,0.001794755808,2.910043975e-07,0.9501053691,0.001990491059,,,,,,
therapist,panel_mi,2718,56,56,76,994bc72760dcfe7fa4dcb4204fd49276c86f3b5d7563bd03968bb98375e50059,10,therapist_input,False,0.3609640474,0,0,0.8,0.2,other,0.623719871,1.158468497,0.4978416392,0.1648987406,0.08586020768,0.00397349149,0.2619204819,0.6482458115,0.03922750801,,,,,,
therapist,panel_mi,2718,56,56,78,994bc72760dcfe7fa4dcb4204fd49276c86f3b5d7563bd03968bb98375e50059,10,other,False,-0,0,0,0,1,other,0.3826928735,0.2037738264,0.06376386184,0.06857962293,0.005153202917,0.006850653328,0.172349304,0.8156468272,0.003107166383,,,,,,
therapist,panel_mi,2718,56,56,80,994bc72760dcfe7fa4dcb4204fd49276c86f3b5d7563bd03968bb98375e50059,10,therapist_input,False,0.2344977968,0,0,0.9,0.1,therapist_input,0.4291117489,0.6459411472,0.06715425808,0.09242592608,0.2100543082,0.0004237312241,0.7737756371,0.01574625075,0.009492135607,,,,,,
therapist,panel_mi,2718,56,56,82,994bc72760dcfe7fa4dcb4204fd49276c86f3b5d7563bd03968bb98375e50059,10,other,False,-0,0,0,0,1,other,0.14855358,0.05118257552,0.004806299086,0.01761140812,0.04809974879,0.001794774318,2.910053354e-07,0.9501051903,0.00199049525,,,,,,
therapist,panel_mi,2718,56,56,84,994bc72760dcfe7fa4dcb4204fd49276c86f3b5d7563bd03968bb98375e50059,10,other,False,-0,0,0,0,1,other,0.2863087356,0.1011000127,0.01407416911,0.03454028642,0.01331502944,0.01673100516,0.06611136347,0.903842628,0.006255439017,,,,,,
therapist,panel_mi,2718,56,56,86,994bc72760dcfe7fa4dcb4204fd49276c86f3b5d7563bd03968bb98375e50059,10,other,False,-0,0,0,0,1,other,0.14855358,0.05118257552,0.004806299086,0.01761140812,0.04809974879,0.001794774318,2.910053354e-07,0.9501051903,0.00199049525,,,,,,
therapist,panel_mi,2718,56,56,88,994bc72760dcfe7fa4dcb4204fd49276c86f3b5d7563bd03968bb98375e50059,10,therapist_input,False,0.4406454496,0,0,0.7,0.3,other,0.7956625819,1.139879501,0.2721365799,0.1566147885,0.32496804,0.001361101866,0.2988384366,0.3748324811,0.04832353443,,,,,,
therapist,panel_mi,2718,56,56,90,994bc72760dcfe7fa4dcb4204fd49276c86f3b5d7563bd03968bb98375e50059,10,question,False,0.4609640474,0,0.8,0.1,0.1,therapist_input,0.4933361411,1.632626387,0.7490245173,0.245654004,0.01464178599,0.226950258,0.7428758144,0.01553216111,0.01767383143,,,,,,
therapist,panel_mi,2718,56,56,92,994bc72760dcfe7fa4dcb4204fd49276c86f3b5d7563bd03968bb98375e50059,10,other,False,-0,0,0,0,1,other,0.03918270394,0.00871823635,0.0001309478357,0.003017842229,0.0004561180249,0.007396352477,0.0008278868045,0.9913196564,0.0002277382591,,,,,,
therapist,panel_mi,2718,56,56,94,994bc72760dcfe7fa4dcb4204fd49276c86f3b5d7563bd03968bb98375e50059,10,question,False,0.2344977968,0,0.9,0,0.1,question,0.1356214732,0.3858193398,0.008601367248,0.01347719716,0.009072049521,0.9605340958,6.940196909e-05,0.03032444045,0.001047415077,,,,,,
therapist,panel_mi,2718,56,56,96,994bc72760dcfe7fa4dcb4204fd49276c86f3b5d7563bd03968bb98375e50059,10,other,False,-0,0,0,0,1,reflection,0.4682468474,1.246544838,1.003165528,0.3512836777,0.7038762569,0.0007628996391,0.007864423096,0.2874964476,0.03763647005,,,,,,
therapist,panel_mi,2718,56,56,98,994bc72760dcfe7fa4dcb4204fd49276c86f3b5d7563bd03968bb98375e50059,10,other,False,-0,0,0,0,1,other,0.1485530436,0.05118232593,0.004806253368,0.0176113199,0.04809951782,0.001794755808,2.910043975e-07,0.9501053691,0.001990491059,,,,,,
therapist,panel_mi,2718,56,56,100,994bc72760dcfe7fa4dcb4204fd49276c86f3b5d7563bd03968bb98375e50059,10,other,False,0.2344977968,0,0,0.1,0.9,other,0.2863079607,0.3626314543,0.001620431096,0.01215578491,0.01331501175,0.01673085988,0.06611118466,0.903842926,0.006255416665,,,,,,
therapist,panel_mi,2718,56,56,102,994bc72760dcfe7fa4dcb4204fd49276c86f3b5d7563bd03968bb98375e50059,10,other,False,-0,0,0,0,1,other,0.2863079607,0.1010996923,0.01407408282,0.03454016024,0.01331501175,0.01673085988,0.06611118466,0.903842926,0.006255416665,,,,,,
therapist,panel_mi,2718,56,56,104,994bc72760dcfe7fa4dcb4204fd49276c86f3b5d7563bd03968bb98375e50059,10,reflection,False,0.2344977968,0.9,0,0,0.1,reflection,0.9126976728,1.032773054,0.4107397577,0.1988184101,0.356046468,0.2069914043,0.08119667321,0.3557654619,0.02596122026,,,,,,
therapist,panel_mi,2718,56,56,106,994bc72760dcfe7fa4dcb4204fd49276c86f3b5d7563bd03968bb98375e50059,10,reflection,False,0.3609640474,0.8,0,0,0.2,other,0.6182857156,1.853979814,0.7830320855,0.2863354808,0.1063080803,0.09462369978,0.06138648838,0.7376817465,0.01729027182,,,,,,
therapist,panel_mi,2718,56,56,108,994bc72760dcfe7fa4dcb4204fd49276c86f3b5d7563bd03968bb98375e50059,10,question,False,-0,0,1,0,0,question,0.7821281552,0.6568470597,0.3476313549,0.2057204744,0.152005583,0.5184835792,0.02622956596,0.303281337,0.02799050137,,,,,,
therapist,panel_mi,2718,56,56,110,994bc72760dcfe7fa4dcb4204fd49276c86f3b5d7563bd03968bb98375e50059,10,therapist_input,False,-0,0,0,1,0,therapist_input,0.06955619901,0.01651286148,0.0004074265206,0.005709728762,0.0007875022711,0.004873306025,0.9836227298,0.01071644854,0.001934851753,,,,,,
therapist,panel_mi,2718,56,56,112,994bc72760dcfe7fa4dcb4204fd49276c86f3b5d7563bd03968bb98375e50059,10,question,False,0.4854752972,0,0.6,0.4,0,therapist_input,0.8307420015,1.105864787,0.1813045409,0.1347069869,0.01518338453,0.2957590222,0.3916656971,0.2973919511,0.03542464226,,,,,,
therapist,panel_mi,2718,56,56,114,994bc72760dcfe7fa4dcb4204fd49276c86f3b5d7563bd03968bb98375e50059,10,therapist_input,False,0.2344977968,0.1,0,0.9,0,therapist_input,0.6753104329,1.092652684,0.3824922038,0.2260733334,0.01256645657,0.06023021787,0.4829916954,0.444211632,0.01548987627,,,,,,
therapist,panel_mi,2718,56,56,116,994bc72760dcfe7fa4dcb4204fd49276c86f3b5d7563bd03968bb98375e50059,10,therapist_input,False,0.4609640474,0.1,0.1,0.8,0,therapist_input,0.08742641658,1.426712939,0.05053489936,0.0688844494,0.0001182780034,0.006449305918,0.9776444435,0.01578797959,0.000998423784,,,,,,
therapist,panel_mi,2718,56,56,118,994bc72760dcfe7fa4dcb4204fd49276c86f3b5d7563bd03968bb98375e50059,10,reflection,False,-0,1,0,0,0,therapist_input,0.5918568969,0.9962548018,0.7518687281,0.2940499211,0.3692598045,0.02457897738,0.5943843126,0.01177695207,0.02513542399,,,,,,
therapist,panel_mi,2718,56,56,120,994bc72760dcfe7fa4dcb4204fd49276c86f3b5d7563bd03968bb98375e50059,10,therapist_input,False,-0,0,0,1,0,therapist_input,0.02695261128,0.005267521832,4.03026737e-05,0.00182427132,0.001978697022,0.0003292162437,0.9947463274,0.002945839893,0.0002757748007,,,,,,
therapist,panel_mi,2718,56,56,122,994bc72760dcfe7fa4dcb4204fd49276c86f3b5d7563bd03968bb98375e50059,10,other,False,0.4854752972,0,0,0.4,0.6,other,0.203370735,1.12591617,0.2181636523,0.08534329659,0.001283393009,0.004074492026,0.0670703724,0.9275717735,0.001519765705,,,,,,
therapist,panel_mi,2718,56,56,124,994bc72760dcfe7fa4dcb4204fd49276c86f3b5d7563bd03968bb98375e50059,10,therapist_input,False,0.3609640474,0,0,0.8,0.2,other,0.6238785982,3.099937701,0.9080610336,0.4311405836,0.4776583612,0.01654558815,0.02492502332,0.4808710515,0.03431665897,,,,,,
therapist,panel_mi,2718,56,56,126,994bc72760dcfe7fa4dcb4204fd49276c86f3b5d7563bd03968bb98375e50059,10,therapist_input,False,0.2344977968,0,0,0.9,0.1,reflection,0.5891474485,3.384840906,1.163533391,0.50611298,0.5368367434,0.005035890266,0.02553185262,0.432595551,0.0504893139,,,,,,
therapist,panel_mi,2718,56,56,128,994bc72760dcfe7fa4dcb4204fd49276c86f3b5d7563bd03968bb98375e50059,10,other,False,-0,0,0,0,1,other,0.14855358,0.05118257552,0.004806299086,0.01761140812,0.04809974879,0.001794774318,2.910053354e-07,0.9501051903,0.00199049525,,,,,,
therapist,panel_mi,2718,56,56,130,994bc72760dcfe7fa4dcb4204fd49276c86f3b5d7563bd03968bb98375e50059,10,reflection,True,0.7609640474,0.4,0,0.2,0.4,therapist_input,0.5552423596,2.075444221,0.3006366465,0.1589611856,0.3842341006,0.003094914835,0.5938262939,0.01884471066,0.01938915998,,,,,,
therapist,panel_mi,2718,56,56,132,994bc72760dcfe7fa4dcb4204fd49276c86f3b5d7563bd03968bb98375e50059,10,reflection,False,0.2344977968,0.9,0,0,0.1,reflection,0.1651899666,0.4209846839,0.009315692138,0.02148630559,0.9549110532,0.006962908898,0.01563442126,0.02249160595,0.00392834004,,,,,,
therapist,panel_mi,2718,56,56,134,994bc72760dcfe7fa4dcb4204fd49276c86f3b5d7563bd03968bb98375e50059,10,reflection,False,0.2344977968,0.9,0,0,0.1,reflection,0.5086244941,0.4888148487,0.1123302642,0.04638841621,0.6569504738,0.005688978359,0.006754542235,0.3306061327,0.03277052566,,,,,,
therapist,panel_mi,2718,56,56,136,994bc72760dcfe7fa4dcb4204fd49276c86f3b5d7563bd03968bb98375e50059,10,other,False,-0,0,0,0,1,other,0.2863079607,0.1010996923,0.01407408282,0.03454016024,0.01331501175,0.01673085988,0.06611118466,0.903842926,0.006255416665,,,,,,
therapist,panel_mi,2718,56,56,138,994bc72760dcfe7fa4dcb4204fd49276c86f3b5d7563bd03968bb98375e50059,10,therapist_input,False,0.5783898247,0.1,0,0.7,0.2,reflection,0.834435761,1.506269908,0.4095338158,0.163058237,0.4290012717,0.03626797348,0.1758497953,0.3588809073,0.02534697577,,,,,,
therapist,panel_mi,2718,56,56,140,994bc72760dcfe7fa4dcb4204fd49276c86f3b5d7563bd03968bb98375e50059,10,other,False,0.4406454496,0,0,0.3,0.7,other,0.2289734483,0.9162744448,0.1090542673,0.06015843002,0.0204668697,3.579665281e-05,0.05691267923,0.9225846529,0.01485702675,,,,,,
therapist,panel_mi,2718,56,56,142,994bc72760dcfe7fa4dcb4204fd49276c86f3b5d7563bd03968bb98375e50059,10,other,False,0.4406454496,0,0,0.3,0.7,other,0.5771670341,1.175583601,0.1161648083,0.138563336,0.2239408791,0.02198252082,0.04419835657,0.7098782063,0.01615921594,,,,,,
therapist,panel_mi,2718,56,56,144,994bc72760dcfe7fa4dcb4204fd49276c86f3b5d7563bd03968bb98375e50059,10,other,False,0.4854752972,0,0,0.4,0.6,therapist_input,0.6142548323,0.9744721293,0.1913497363,0.07791290133,0.0136044817,0.0620935671,0.6658316851,0.2584702671,0.05063989013,,,,,,
therapist,panel_mi,2718,56,56,146,994bc72760dcfe7fa4dcb4204fd49276c86f3b5d7563bd03968bb98375e50059,10,therapist_input,False,0.7427376486,0.2,0,0.5,0.3,therapist_input,0.0465648286,2.659142063,0.3638894975,0.1927954843,0.002405634616,9.65564177e-05,0.9894810915,0.008016753942,0.001168767689,,,,,,
therapist,panel_mi,2718,56,56,148,994bc72760dcfe7fa4dcb4204fd49276c86f3b5d7563bd03968bb98375e50059,10,reflection,False,0.4854752972,0.6,0,0,0.4,therapist_input,0.06122130901,5.002317142,1.478232104,0.6564756472,0.005877365824,0.0001201779669,0.9857794642,0.008222980425,0.001590734348,,,,,,
therapist,panel_mi,2718,56,56,150,994bc72760dcfe7fa4dcb4204fd49276c86f3b5d7563bd03968bb98375e50059,10,therapist_input,False,0.3609640474,0,0,0.8,0.2,therapist_input,0.2362043262,0.5483630002,0.02078324692,0.01082846887,0.000822023314,0.0001098858629,0.901470542,0.09759747237,0.003595342394,,,,,,
therapist,panel_mi,2718,56,56,152,994bc72760dcfe7fa4dcb4204fd49276c86f3b5d7563bd03968bb98375e50059,10,therapist_input,False,0.4854752972,0,0,0.6,0.4,other,0.466275543,2.199502027,0.5036243455,0.253981833,0.1756587029,0.009741342627,0.03007527068,0.7845247388,0.01153597794,,,,,,
therapist,panel_mi,2718,56,56,154,994bc72760dcfe7fa4dcb4204fd49276c86f3b5d7563bd03968bb98375e50059,10,other,False,-0,0,0,0,1,other,0.1485530436,0.05118232593,0.004806253368,0.0176113199,0.04809951782,0.001794755808,2.910043975e-07,0.9501053691,0.001990491059,,,,,,
therapist,panel_mi,2718,56,56,156,994bc72760dcfe7fa4dcb4204fd49276c86f3b5d7563bd03968bb98375e50059,10,other,False,-0,0,0,0,1,other,0.1485530436,0.05118232593,0.004806253368,0.0176113199,0.04809951782,0.001794755808,2.910043975e-07,0.9501053691,0.001990491059,,,,,,
therapist,panel_mi,2718,56,56,158,994bc72760dcfe7fa4dcb4204fd49276c86f3b5d7563bd03968bb98375e50059,10,other,False,0.7427376486,0.2,0,0.3,0.5,therapist_input,0.5551011562,1.559071749,0.3389479129,0.1146480457,0.1539488733,0.001053490443,0.7322632074,0.112734437,0.01193761732,,,,,,
therapist,panel_mi,2718,56,56,160,994bc72760dcfe7fa4dcb4204fd49276c86f3b5d7563bd03968bb98375e50059,10,other,False,0.7854752972,0.1,0.1,0.2,0.6,therapist_input,0.5385473371,1.844990486,0.5198321377,0.1745409046,0.06473754346,0.01776085049,0.7612057328,0.1562957913,0.01005547307,,,,,,
therapist,panel_mi,2718,56,56,162,994bc72760dcfe7fa4dcb4204fd49276c86f3b5d7563bd03968bb98375e50059,10,other,False,-0,0,0,0,1,other,0.1485530436,0.05118232593,0.004806253368,0.0176113199,0.04809951782,0.001794755808,2.910043975e-07,0.9501053691,0.001990491059,,,,,,
therapist,panel_mi,2718,56,56,164,994bc72760dcfe7fa4dcb4204fd49276c86f3b5d7563bd03968bb98375e50059,10,therapist_input,False,0.4406454496,0,0,0.7,0.3,other,0.5867601037,2.753982902,0.7013040118,0.3660030227,0.4397230744,0.003958739806,0.02566312812,0.5306550264,0.03067049384,,,,,,
therapist,panel_mi,2718,56,56,166,994bc72760dcfe7fa4dcb4204fd49276c86f3b5d7563bd03968bb98375e50059,10,other,False,-0,0,0,0,1,other,0.14855358,0.05118257552,0.004806299086,0.01761140812,0.04809974879,0.001794774318,2.910053354e-07,0.9501051903,0.00199049525,,,,,,
therapist,panel_mi,2718,56,56,168,994bc72760dcfe7fa4dcb4204fd49276c86f3b5d7563bd03968bb98375e50059,10,other,False,-0,0,0,0,1,other,0.14855358,0.05118257552,0.004806299086,0.01761140812,0.04809974879,0.001794774318,2.910053354e-07,0.9501051903,0.00199049525,,,,,,
therapist,panel_mi,2718,56,56,170,994bc72760dcfe7fa4dcb4204fd49276c86f3b5d7563bd03968bb98375e50059,10,other,False,-0,0,0,0,1,other,0.03918257728,0.00871823635,0.0001309476003,0.003017836873,0.0004561204987,0.007396337576,0.0008278848836,0.9913197756,0.0002277321182,,,,,,
therapist,panel_mi,2718,56,56,172,994bc72760dcfe7fa4dcb4204fd49276c86f3b5d7563bd03968bb98375e50059,10,other,False,0.7854752972,0.3,0,0.3,0.4,other,0.799551785,1.102218878,0.005006551196,0.003806631027,0.351028502,0.005008955486,0.2518883049,0.3920741975,0.02007012442,,,,,,
therapist,panel_mi,2718,56,56,174,994bc72760dcfe7fa4dcb4204fd49276c86f3b5d7563bd03968bb98375e50059,10,other,False,-0,0,0,0,1,other,0.2439319342,0.08241665363,0.009720429407,0.02823285075,0.01617666893,0.006772940513,0.05616219714,0.9208881259,0.003287273692,,,,,,
therapist,panel_mi,2718,66,66,0,60300796ba7899fd40ecbaa91387c5ca83e5757c4513c7aae95783e2e3877244,10,other,False,-0,0,0,0,1,other,0.17486839,0.05438346416,0.004401430646,0.018704289,0.03698072955,0.0007313713431,0.01521897502,0.9470689893,0.001630790182,,,,,,
therapist,panel_mi,2718,66,66,2,60300796ba7899fd40ecbaa91387c5ca83e5757c4513c7aae95783e2e3877244,10,question,False,-0,0,1,0,0,other,0.5644720197,0.7964587808,0.5820400569,0.2435597204,0.00365833682,0.4509230256,0.01599907503,0.5294196606,0.007124221884,,,,,,
therapist,panel_mi,2718,66,66,4,60300796ba7899fd40ecbaa91387c5ca83e5757c4513c7aae95783e2e3877244,10,reflection,True,0.8609640474,0.4,0.1,0.4,0.1,therapist_input,0.8511030078,1.445318472,0.1165307873,0.06523548425,0.1936469078,0.03953716531,0.4016922414,0.3651236892,0.008751029149,,,,,,
therapist,panel_mi,2718,66,66,6,60300796ba7899fd40ecbaa91387c5ca83e5757c4513c7aae95783e2e3877244,10,reflection,False,-0,1,0,0,0,reflection,0.8000659347,0.6071640253,0.3012778442,0.1917472906,0.5448939204,0.1134572774,0.2778800726,0.06376869977,0.005515157711,,,,,,
therapist,panel_mi,2718,66,66,8,60300796ba7899fd40ecbaa91387c5ca83e5757c4513c7aae95783e2e3877244,10,reflection,False,-0,1,0,0,0,reflection,0.0303284172,0.006345333531,6.730670419e-05,0.002197184955,0.9936747551,0.005139232613,0.0002905743022,0.0008954528603,0.000167799255,,,,,,
therapist,panel_mi,2718,66,66,10,60300796ba7899fd40ecbaa91387c5ca83e5757c4513c7aae95783e2e3877244,10,other,False,0.6804820237,0.4,0.1,0,0.5,reflection,0.7991879582,1.203407121,0.1244975752,0.06805564028,0.5824962854,0.1248845458,0.08214556426,0.2104735821,0.008500133641,,,,,,
therapist,panel_mi,2718,66,66,12,60300796ba7899fd40ecbaa91387c5ca83e5757c4513c7aae95783e2e3877244,10,reflection,False,-0,1,0,0,0,therapist_input,0.6523973346,1.233340979,0.8902049481,0.3484290204,0.2913176417,0.08270398527,0.6172997355,0.008678589948,0.003418395296,,,,,,
therapist,panel_mi,2718,66,66,14,60300796ba7899fd40ecbaa91387c5ca83e5757c4513c7aae95783e2e3877244,10,therapist_input,False,0.5783898247,0.2,0,0.7,0.1,therapist_input,0.3538866937,1.471829815,0.06679525539,0.07843013389,0.003406972857,0.03541752696,0.8639642,0.09721127898,0.003422859591,,,,,,
therapist,panel_mi,2718,66,66,15,60300796ba7899fd40ecbaa91387c5ca83e5757c4513c7aae95783e2e3877244,10,therapist_input,False,0.2344977968,0,0.1,0.9,0,question,0.4980639815,1.05740647,0.6526494443,0.1916771372,0.001071353676,0.6654933691,0.3231467605,0.01028848905,0.006880058441,,,,,,
therapist,panel_mi,2718,66,66,17,60300796ba7899fd40ecbaa91387c5ca83e5757c4513c7aae95783e2e3877244,10,reflection,False,0.2344977968,0.9,0.1,0,0,other,0.8497651815,1.288693213,0.5250869857,0.2860831134,0.3449993134,0.03655208647,0.2048302144,0.4136183858,0.009317135438,,,,,,
therapist,panel_mi,2718,66,66,19,60300796ba7899fd40ecbaa91387c5ca83e5757c4513c7aae95783e2e3877244,10,therapist_input,False,0.4854752972,0.4,0,0.6,0,therapist_input,0.7281047106,0.8424611092,0.0304938066,0.05457087506,0.2539320588,0.06070602685,0.612436831,0.07292507589,0.004620911554,,,,,,
therapist,panel_mi,2718,66,66,21,60300796ba7899fd40ecbaa91387c5ca83e5757c4513c7aae95783e2e3877244,10,therapist_input,False,-0,0,0,1,0,therapist_input,0.2687542439,0.089229092,0.01033092004,0.03053669586,0.03429061919,0.0423268564,0.9146360159,0.008746480569,0.001497611636,,,,,,
therapist,panel_mi,2718,66,66,23,60300796ba7899fd40ecbaa91387c5ca83e5757c4513c7aae95783e2e3877244,10,therapist_input,False,0.2344977968,0,0,0.9,0.1,therapist_input,0.7276988626,0.5989017367,0.09466667279,0.08995144087,0.1656822711,0.06294570118,0.64945364,0.1219184399,0.00552274799,,,,,,
therapist,panel_mi,2718,66,66,25,60300796ba7899fd40ecbaa91387c5ca83e5757c4513c7aae95783e2e3877244,10,therapist_input,False,0.6477309221,0.1,0.3,0.6,0,question,0.3128352761,2.00239393,0.6401098898,0.2105116296,0.03643292934,0.8917574883,0.0653501451,0.006459492259,0.002927685156,,,,,,
therapist,panel_mi,2718,66,66,27,60300796ba7899fd40ecbaa91387c5ca83e5757c4513c7aae95783e2e3877244,10,other,False,-0,0,0,0,1,other,0.2303297818,0.07479435951,0.007592721586,0.02564969451,0.003055446548,0.03241856769,0.03659174219,0.927934289,0.001841819845,,,,,,
therapist,panel_mi,2718,66,66,29,60300796ba7899fd40ecbaa91387c5ca83e5757c4513c7aae95783e2e3877244,10,reflection,False,0.2344977968,0.9,0,0,0.1,reflection,0.06591656804,0.4788148134,0.01538402411,0.02467111484,0.9847396612,0.0008092779899,0.004887010437,0.009564021602,0.0003744246205,,,,,,
therapist,panel_mi,2718,109,109,0,f92544f5ed508add4c093c58e76fce40d49ca14b51000a7b8770e0152039d485,10,therapist_input,False,0.4406454496,0,0,0.7,0.3,therapist_input,0.6363179088,0.6907697797,0.009271485914,0.02729522552,0.01271664537,0.06325124949,0.6286731958,0.2953589559,0.02648513392,,,,,,
therapist,panel_mi,2718,109,109,2,f92544f5ed508add4c093c58e76fce40d49ca14b51000a7b8770e0152039d485,10,therapist_input,False,0.2344977968,0,0,0.9,0.1,therapist_input,0.5914354324,0.4804334313,0.05674243338,0.04920666077,0.005364837125,0.09742797911,0.7037963867,0.1934108287,0.04086186737,,,,,,
therapist,panel_mi,2718,109,109,4,f92544f5ed508add4c093c58e76fce40d49ca14b51000a7b8770e0152039d485,10,question,False,0.6783898247,0.1,0.7,0.1,0.1,question,0.5473694205,1.377053809,0.09853471178,0.08677483136,0.008469521999,0.6089959145,0.3718437254,0.01069082506,0.03329927474,,,,,,
therapist,panel_mi,2718,109,109,6,f92544f5ed508add4c093c58e76fce40d49ca14b51000a7b8770e0152039d485,10,reflection,False,-0,1,0,0,0,reflection,0.5078001022,0.3152318597,0.1289394348,0.1043168377,0.7296196818,0.03169243038,0.2341123074,0.004575561266,0.005082513671,,,,,,
therapist,panel_mi,2718,109,109,8,f92544f5ed508add4c093c58e76fce40d49ca14b51000a7b8770e0152039d485,10,reflection,False,-0,1,0,0,0,reflection,0.3713620007,0.1919088215,0.05672567441,0.06470038974,0.8253820539,0.001831074944,0.1615707576,0.01121609192,0.003304713638,,,,,,
therapist,panel_mi,2718,109,109,10,f92544f5ed508add4c093c58e76fce40d49ca14b51000a7b8770e0152039d485,10,reflection,False,-0,1,0,0,0,therapist_input,0.7730237246,0.9618282318,0.6104847148,0.2856564515,0.3821935058,0.1485937685,0.4544238448,0.01478890609,0.01756318286,,,,,,
therapist,panel_mi,2718,109,109,12,f92544f5ed508add4c093c58e76fce40d49ca14b51000a7b8770e0152039d485,10,reflection,False,-0,1,0,0,0,reflection,0.125787124,0.03221801668,0.001363983187,0.01111564112,0.9682953954,0.01453777589,0.008816600777,0.008350184187,0.002923606429,,,,,,
therapist,panel_mi,2718,109,109,14,f92544f5ed508add4c093c58e76fce40d49ca14b51000a7b8770e0152039d485,10,question,False,-0,0,1,0,0,question,0.02575025521,0.004851947073,3.204842371e-05,0.00168041658,0.002293211175,0.9951598048,0.001029999228,0.001516976743,0.0002869646996,,,,,,
therapist,panel_mi,2718,109,109,16,f92544f5ed508add4c093c58e76fce40d49ca14b51000a7b8770e0152039d485,10,other,False,-0,0,0,0,1,other,0.2134852707,0.07007803023,0.00685741946,0.02404845632,0.0002565354516,0.03513021022,0.03229217604,0.9323210716,0.002681692597,,,,,,
therapist,panel_mi,2718,109,109,18,f92544f5ed508add4c093c58e76fce40d49ca14b51000a7b8770e0152039d485,10,question,False,-0,0,1,0,0,question,0.02890504897,0.005683928262,4.615490232e-05,0.001968336542,0.0004017153697,0.9943321347,0.00267596636,0.002590117278,0.0001600304677,,,,,,
therapist,panel_mi,2718,109,109,20,f92544f5ed508add4c093c58e76fce40d49ca14b51000a7b8770e0152039d485,10,question,False,0.3609640474,0.2,0.8,0,0,question,0.4586168528,0.6546892405,0.01941989481,0.04472859034,0.07979179174,0.8300428391,0.04618039355,0.04398497567,0.01088524982,,,,,,
therapist,panel_mi,2718,109,109,22,f92544f5ed508add4c093c58e76fce40d49ca14b51000a7b8770e0152039d485,10,reflection,False,-0,1,0,0,0,therapist_input,0.8423242569,1.711332917,0.979239445,0.4405747627,0.1806248873,0.03901227564,0.4206678867,0.3596949279,0.02997306362,,,,,,
therapist,panel_mi,2718,109,109,24,f92544f5ed508add4c093c58e76fce40d49ca14b51000a7b8770e0152039d485,10,question,False,0.5783898247,0,0.7,0.2,0.1,question,0.6092630029,1.04737072,0.07268440709,0.05302339238,0.02909583226,0.5539610386,0.4062426984,0.01070041489,0.01201090962,,,,,,
therapist,panel_mi,2718,109,109,26,f92544f5ed508add4c093c58e76fce40d49ca14b51000a7b8770e0152039d485,10,reflection,False,-0,1,0,0,0,reflection,0.1117380187,0.0282534752,0.001082381069,0.009753243955,0.9721420407,0.01078516059,0.003832866671,0.013240017,0.003613721114,,,,,,
therapist,panel_mi,2718,109,109,28,f92544f5ed508add4c093c58e76fce40d49ca14b51000a7b8770e0152039d485,10,question,False,-0,0,1,0,0,question,0.6464921236,0.3632825911,0.1326605389,0.1193266769,0.1565912068,0.6953899264,0.1209010333,0.02711781859,0.01916459948,,,,,,
therapist,panel_mi,2718,109,109,30,f92544f5ed508add4c093c58e76fce40d49ca14b51000a7b8770e0152039d485,10,other,False,-0,0,0,0,1,other,0.07505162805,0.02140718326,0.0008864721113,0.007396981367,0.02092456259,0.000236123451,1.896527647e-05,0.9788203239,0.0001978305663,,,,,,
therapist,panel_mi,2718,109,109,32,f92544f5ed508add4c093c58e76fce40d49ca14b51000a7b8770e0152039d485,10,therapist_input,False,-0,0,0,1,0,therapist_input,0.06656827033,0.01548753865,0.0003591435584,0.005355974162,0.002068564994,0.002761273179,0.9846317172,0.01053838991,0.001940223039,,,,,,
therapist,panel_mi,2718,109,109,34,f92544f5ed508add4c093c58e76fce40d49ca14b51000a7b8770e0152039d485,10,question,False,-0,0,1,0,0,question,0.235770613,0.07602383941,0.007959874625,0.0260667067,0.04769885913,0.9267942309,0.0131340446,0.01237291656,0.001766677364,,,,,,
therapist,panel_mi,2718,109,109,36,f92544f5ed508add4c093c58e76fce40d49ca14b51000a7b8770e0152039d485,10,question,False,0.2344977968,0,0.9,0.1,0,question,0.8026165366,0.679854852,0.1427135811,0.1143461654,0.1893475056,0.5873696208,0.1340369582,0.08924592286,0.01999081112,,,,,,
therapist,panel_mi,2718,109,109,38,f92544f5ed508add4c093c58e76fce40d49ca14b51000a7b8770e0152039d485,10,question,False,-0,0,1,0,0,question,0.1746616066,0.0498973988,0.003321099774,0.01717230371,0.005857870914,0.9513271451,0.02064533159,0.02216973528,0.003128367243,,,,,,
therapist,panel_mi,2718,109,109,40,f92544f5ed508add4c093c58e76fce40d49ca14b51000a7b8770e0152039d485,10,reflection,False,0.6854752972,0.6,0.2,0.2,0,question,0.9429792166,1.387078333,0.2124408923,0.1121593866,0.2098620832,0.4004950523,0.2627837658,0.1268590987,0.01733160391,,,,,,
therapist,panel_mi,2718,109,109,42,f92544f5ed508add4c093c58e76fce40d49ca14b51000a7b8770e0152039d485,10,therapist_input,False,0.4406454496,0,0,0.7,0.3,therapist_input,0.1277973652,1.303686192,0.1524591252,0.09791124353,0.0005113030784,0.02026616782,0.9651400447,0.01408240385,0.003961531445,,,,,,
therapist,panel_mi,2718,109,109,44,f92544f5ed508add4c093c58e76fce40d49ca14b51000a7b8770e0152039d485,10,other,False,0.6854752972,0.2,0,0.2,0.6,therapist_input,0.9132441878,1.378666127,0.1705302905,0.1243879957,0.0789514035,0.219173044,0.377903074,0.3239724636,0.06731209904,,,,,,
therapist,panel_mi,2718,130,130,1,957962b55a53a08db5f378e511817642230cbd4d6d1cf4d43dd6a4b63131ccc1,10,therapist_input,False,0.3609640474,0,0,0.8,0.2,therapist_input,0.1183506027,1.144126827,0.06681855839,0.07576067209,0.03031386435,0.0004034231533,0.965511024,0.003771647811,0.001028786297,,,,,,
therapist,panel_mi,2718,130,130,3,957962b55a53a08db5f378e511817642230cbd4d6d1cf4d43dd6a4b63131ccc1,10,therapist_input,False,0.4854752972,0,0,0.6,0.4,therapist_input,0.318685919,1.355073941,0.2154460842,0.124605641,0.072825104,0.001995817292,0.8845674396,0.04061166197,0.03536280245,,,,,,
therapist,panel_mi,2718,130,130,5,957962b55a53a08db5f378e511817642230cbd4d6d1cf4d43dd6a4b63131ccc1,10,question,False,0.4854752972,0,0.6,0.4,0,reflection,0.4532662034,4.755084991,0.9330141859,0.4756611641,0.7415305376,0.0009239144856,0.2447848767,0.01276072115,0.04381046444,,,,,,
therapist,panel_mi,2718,130,130,7,957962b55a53a08db5f378e511817642230cbd4d6d1cf4d43dd6a4b63131ccc1,10,therapist_input,False,-0,0,0,1,0,therapist_input,0.169648841,0.05188024044,0.003884720538,0.01784968859,0.01964523271,0.0002089483023,0.9494425654,0.03070321679,0.005474028643,,,,,,
therapist,panel_mi,2718,130,130,9,957962b55a53a08db5f378e511817642230cbd4d6d1cf4d43dd6a4b63131ccc1,10,question,False,0.6854752972,0.2,0.6,0.2,0,question,0.1917851865,1.813767955,0.1653970111,0.09927021152,0.06776487082,0.9297760725,0.002115012845,0.0003439678694,0.00214435556,,,,,,
therapist,panel_mi,2718,130,130,11,957962b55a53a08db5f378e511817642230cbd4d6d1cf4d43dd6a4b63131ccc1,10,question,False,0.4609640474,0,0.8,0.1,0.1,question,0.6308930516,1.109865212,0.1465622412,0.1004699766,0.05565109849,0.561858058,0.3784647584,0.004026036244,0.01295642368,,,,,,
therapist,panel_mi,2718,130,130,13,957962b55a53a08db5f378e511817642230cbd4d6d1cf4d43dd6a4b63131ccc1,10,question,False,0.2344977968,0,0.9,0,0.1,question,0.09635485709,0.6143429337,0.01552183874,0.0376230574,0.004452371038,0.9757452011,0.01712377183,0.00267864042,0.001659587608,,,,,,
therapist,panel_mi,2718,130,130,15,957962b55a53a08db5f378e511817642230cbd4d6d1cf4d43dd6a4b63131ccc1,10,therapist_input,False,-0,0,0,1,0,therapist_input,0.7200680375,0.6084352732,0.3174957059,0.1921081154,0.1707840115,0.001156689017,0.5442017317,0.283857584,0.03103056923,,,,,,
therapist,panel_mi,2718,130,130,17,957962b55a53a08db5f378e511817642230cbd4d6d1cf4d43dd6a4b63131ccc1,10,therapist_input,False,0.3609640474,0,0.2,0.8,0,therapist_input,0.4753546417,1.136176574,0.05877641765,0.1220830541,0.1367524862,0.008467534557,0.7966486216,0.05813141912,0.03709361702,,,,,,
therapist,panel_mi,2718,130,130,19,957962b55a53a08db5f378e511817642230cbd4d6d1cf4d43dd6a4b63131ccc1,10,therapist_input,False,-0,0,0,1,0,therapist_input,0.6367345452,0.3947360814,0.1666290972,0.1290210814,0.03505385295,0.2368278801,0.6738578677,0.05426038429,0.009601856582,,,,,,
therapist,panel_mi,2718,130,130,21,957962b55a53a08db5f378e511817642230cbd4d6d1cf4d43dd6a4b63131ccc1,10,other,False,-0,0,0,0,1,other,0.08106387407,0.02062530071,0.0006955440137,0.007127612877,0.002305775415,0.001653535641,0.01645477489,0.9795859456,0.0005308865802,,,,,,
therapist,soft_linear,-1,7,7,0,7fe3d6029ec1e666f41b728458a973e8e2e6924c09046427a23859dcc7b3d75a,10,question,False,-0,0,1,0,0,question,0.09866158664,0.02456955239,0.0008403955614,0.008485957687,0.009767994285,0.9757298231,0.002212124178,0.01229011267,,,,,,,
therapist,soft_linear,-1,7,7,2,7fe3d6029ec1e666f41b728458a973e8e2e6924c09046427a23859dcc7b3d75a,10,reflection,False,-0,1,0,0,0,reflection,0.3805551827,0.1432270408,0.02470819452,0.04863476268,0.8665572405,0.06402380019,0.02069698833,0.04872193187,,,,,,,
therapist,soft_linear,-1,7,7,4,7fe3d6029ec1e666f41b728458a973e8e2e6924c09046427a23859dcc7b3d75a,10,other,False,0.4406454496,0.3,0,0,0.7,other,0.2061391175,1.755458948,0.1460170361,0.1253945715,0.00335296453,0.0166578386,0.0437056385,0.9362835288,,,,,,,
therapist,soft_linear,-1,7,7,6,7fe3d6029ec1e666f41b728458a973e8e2e6924c09046427a23859dcc7b3d75a,10,question,False,-0,0,1,0,0,question,0.5893912315,0.3084185719,0.1039769996,0.102169081,0.04077696428,0.7346077561,0.1699929088,0.05462240055,,,,,,,
therapist,soft_linear,-1,7,7,8,7fe3d6029ec1e666f41b728458a973e8e2e6924c09046427a23859dcc7b3d75a,10,reflection,False,0.2344977968,0.9,0,0,0.1,reflection,0.7997793555,0.8745617509,0.349691982,0.1554344522,0.418025136,0.147038132,0.02661269903,0.4083241224,,,,,,,
therapist,soft_linear,-1,7,7,10,7fe3d6029ec1e666f41b728458a973e8e2e6924c09046427a23859dcc7b3d75a,10,question,False,-0,0,1,0,0,question,0.5207659602,0.3707959652,0.1775854646,0.1216518541,0.01037592068,0.690184772,0.0143306274,0.2851086855,,,,,,,
therapist,soft_linear,-1,7,7,12,7fe3d6029ec1e666f41b728458a973e8e2e6924c09046427a23859dcc7b3d75a,10,other,False,0.5783898247,0.1,0.2,0,0.7,other,0.3814720511,1.148251718,0.06441014919,0.06738459545,0.05575243384,0.02240228094,0.05478131399,0.8670639396,,,,,,,
therapist,soft_linear,-1,7,7,14,7fe3d6029ec1e666f41b728458a973e8e2e6924c09046427a23859dcc7b3d75a,10,reflection,False,0.2344977968,0.9,0,0,0.1,other,0.5765352845,1.150626481,0.6859214351,0.2136216984,0.2915998995,0.00710587576,0.04089450464,0.6603997946,,,,,,,
therapist,soft_linear,-1,7,7,16,7fe3d6029ec1e666f41b728458a973e8e2e6924c09046427a23859dcc7b3d75a,10,question,False,-0,0,1,0,0,question,0.04934422299,0.01077602059,0.0001673237919,0.003729067134,0.0005178272841,0.9892817736,0.004823402036,0.005376925692,,,,,,,
therapist,soft_linear,-1,7,7,18,7fe3d6029ec1e666f41b728458a973e8e2e6924c09046427a23859dcc7b3d75a,10,question,False,0.3609640474,0.2,0.8,0,0,question,0.600135386,0.5878145218,0.01292905467,0.02961400069,0.2148082256,0.704500854,0.02741919458,0.05327168107,,,,,,,
therapist,soft_linear,-1,7,7,20,7fe3d6029ec1e666f41b728458a973e8e2e6924c09046427a23859dcc7b3d75a,10,question,False,-0,0,1,0,0,question,0.05966329575,0.01354051195,0.0002734074427,0.004683924424,0.001732128905,0.9865506887,0.009089600295,0.002627536887,,,,,,,
therapist,soft_linear,-1,7,7,22,7fe3d6029ec1e666f41b728458a973e8e2e6924c09046427a23859dcc7b3d75a,10,question,False,-0,0,1,0,0,question,0.3531430364,0.1502975076,0.0318434389,0.05098292469,0.002963772742,0.8604519367,0.02934757806,0.1072367132,,,,,,,
therapist,soft_linear,-1,7,7,24,7fe3d6029ec1e666f41b728458a973e8e2e6924c09046427a23859dcc7b3d75a,10,reflection,False,0.3609640474,0.8,0.2,0,0,question,0.3491007388,2.167663473,0.9968120811,0.3143682387,0.06875488162,0.8785454631,0.01451891009,0.03818065673,,,,,,,
therapist,soft_linear,-1,7,7,26,7fe3d6029ec1e666f41b728458a973e8e2e6924c09046427a23859dcc7b3d75a,10,question,False,-0,0,1,0,0,question,0.2191141993,0.0661419183,0.005632592901,0.0227104313,0.02896057442,0.9359980226,0.02398893796,0.01105241012,,,,,,,
therapist,soft_linear,-1,7,7,28,7fe3d6029ec1e666f41b728458a973e8e2e6924c09046427a23859dcc7b3d75a,10,question,False,0.4609640474,0,0.8,0.1,0.1,question,0.6478342414,0.8499714613,0.09607707775,0.05837952434,0.03219264001,0.6039826274,0.03494529799,0.328879416,,,,,,,
therapist,soft_linear,-1,7,7,30,7fe3d6029ec1e666f41b728458a973e8e2e6924c09046427a23859dcc7b3d75a,10,therapist_input,False,-0,0,0,1,0,therapist_input,0.6346313357,0.3702828288,0.145113638,0.1214932629,0.2105049491,0.05781580135,0.6905389428,0.04114026576,,,,,,,
therapist,soft_linear,-1,7,7,32,7fe3d6029ec1e666f41b728458a973e8e2e6924c09046427a23859dcc7b3d75a,10,other,False,0.2344977968,0,0,0.1,0.9,other,0.2061395496,0.3722808398,0.004774244409,0.01277797237,0.003352967324,0.01665785909,0.04370580614,0.93628335,,,,,,,
therapist,soft_linear,-1,7,7,34,7fe3d6029ec1e666f41b728458a973e8e2e6924c09046427a23859dcc7b3d75a,10,question,False,-0,0,1,0,0,question,0.04685653374,0.01067372039,0.0001902367656,0.003693711151,0.001483181142,0.9893831611,0.0004678176774,0.008665927686,,,,,,,
therapist,soft_linear,-1,7,7,36,7fe3d6029ec1e666f41b728458a973e8e2e6924c09046427a23859dcc7b3d75a,10,other,False,0.3609640474,0.2,0,0,0.8,other,0.08956710249,1.801814355,0.07112600424,0.08171427069,0.0001352849795,0.001902068034,0.02288313583,0.9750794768,,,,,,,
therapist,soft_linear,-1,7,7,38,7fe3d6029ec1e666f41b728458a973e8e2e6924c09046427a23859dcc7b3d75a,10,reflection,False,0.4406454496,0.7,0.3,0,0,reflection,0.9168637395,1.012735027,0.1222289533,0.1311836125,0.4621202946,0.2070876211,0.1315007955,0.1992913187,,,,,,,
therapist,soft_linear,-1,7,7,40,7fe3d6029ec1e666f41b728458a973e8e2e6924c09046427a23859dcc7b3d75a,10,question,False,0.2344977968,0.1,0.9,0,0,question,0.7820788026,0.8095725834,0.3137534282,0.1375203628,0.4161413312,0.4483816028,0.04940970615,0.08606736362,,,,,,,
therapist,soft_linear,-1,7,7,42,7fe3d6029ec1e666f41b728458a973e8e2e6924c09046427a23859dcc7b3d75a,10,question,False,-0,0,1,0,0,question,0.1678562909,0.05905741826,0.006232324017,0.02029835833,0.0002304272639,0.9426525831,0.002942237537,0.05417466536,,,,,,,
therapist,soft_linear,-1,7,7,44,7fe3d6029ec1e666f41b728458a973e8e2e6924c09046427a23859dcc7b3d75a,10,other,False,0.2344977968,0.1,0,0,0.9,other,0.1236740574,0.3849666748,0.009174538198,0.01278630156,0.02945122682,0.005240060855,0.0007377864677,0.9645709395,,,,,,,
therapist,soft_linear,-1,7,7,46,7fe3d6029ec1e666f41b728458a973e8e2e6924c09046427a23859dcc7b3d75a,10,other,False,-0,0,0,0,1,other,0.1771083772,0.05471425131,0.004247132405,0.01881718441,0.0001001080891,0.02651107125,0.02663314529,0.9467556477,,,,,,,
therapist,soft_linear,-1,7,7,48,7fe3d6029ec1e666f41b728458a973e8e2e6924c09046427a23859dcc7b3d75a,10,question,False,-0,0,1,0,0,question,0.2276994437,0.07335867733,0.007567596312,0.02516248103,0.04802884907,0.9292674661,0.01129505876,0.01140860468,,,,,,,
therapist,soft_linear,-1,7,7,50,7fe3d6029ec1e666f41b728458a973e8e2e6924c09046427a23859dcc7b3d75a,10,question,False,-0,0,1,0,0,question,0.4781874716,0.2818525732,0.1081374524,0.09374860434,0.01053205132,0.7543848753,0.01737243123,0.2177106738,,,,,,,
therapist,soft_linear,-1,7,7,52,7fe3d6029ec1e666f41b728458a973e8e2e6924c09046427a23859dcc7b3d75a,10,reflection,False,0.2344977968,0.9,0.1,0,0,therapist_input,0.9504953027,1.415364861,0.619425499,0.2981630615,0.2483091205,0.1987075359,0.4031527042,0.1498306245,,,,,,,
therapist,soft_linear,-1,7,7,54,7fe3d6029ec1e666f41b728458a973e8e2e6924c09046427a23859dcc7b3d75a,10,question,False,0.4854752972,0.4,0.6,0,0,question,0.4995062947,0.996929431,0.1239254733,0.07829418917,0.1163035929,0.7967760563,0.02174142003,0.06517895311,,,,,,,
therapist,soft_linear,-1,7,7,56,7fe3d6029ec1e666f41b728458a973e8e2e6924c09046427a23859dcc7b3d75a,10,question,False,-0,0,1,0,0,question,0.2245188504,0.07019931078,0.006574704107,0.02408966957,0.0237671081,0.9322080016,0.007096400484,0.03692850843,,,,,,,
therapist,soft_linear,-1,7,7,58,7fe3d6029ec1e666f41b728458a973e8e2e6924c09046427a23859dcc7b3d75a,10,therapist_input,False,0.2344977968,0,0.1,0.9,0,question,0.8300439715,1.978429359,0.8711189995,0.3723342989,0.07712698728,0.5168747902,0.1194417402,0.2865564227,,,,,,,
therapist,soft_linear,-1,7,7,60,7fe3d6029ec1e666f41b728458a973e8e2e6924c09046427a23859dcc7b3d75a,10,question,False,0.4406454496,0,0.7,0.3,0,question,0.7372143865,1.267105716,0.2211429005,0.188663915,0.3657262325,0.5247912407,0.06592365354,0.04355890304,,,,,,,
therapist,soft_linear,-1,7,7,62,7fe3d6029ec1e666f41b728458a973e8e2e6924c09046427a23859dcc7b3d75a,10,other,False,0.6477309221,0.1,0,0.3,0.6,other,0.4194149077,1.18873722,0.08883382615,0.05912837717,0.009547350928,0.03300236166,0.1313514858,0.8260987997,,,,,,,
therapist,soft_linear,-1,7,7,64,7fe3d6029ec1e666f41b728458a973e8e2e6924c09046427a23859dcc7b3d75a,10,other,False,-0,0,0,0,1,other,0.226977542,0.07987683266,0.009931053479,0.02737275767,0.002613526303,0.01177002955,0.06238640845,0.9232299924,,,,,,,
therapist,soft_linear,-1,27,27,0,e883cab14c33a28c3bf1e25281ef335a7bcd08f31fb3e2cea1e824982af00196,10,therapist_input,False,0.4609640474,0,0.1,0.8,0.1,reflection,0.5742493272,1.936665249,0.8797289204,0.3603071848,0.7211191654,0.02377294376,0.2074034363,0.04770451039,,,,,,,
therapist,soft_linear,-1,27,27,2,e883cab14c33a28c3bf1e25281ef335a7bcd08f31fb3e2cea1e824982af00196,10,other,False,-0,0,0,0,1,other,0.2697578073,0.09557644278,0.01310863191,0.03267916093,0.009403576143,0.01469800714,0.06704958528,0.9088488817,,,,,,,
therapist,soft_linear,-1,27,27,4,e883cab14c33a28c3bf1e25281ef335a7bcd08f31fb3e2cea1e824982af00196,10,therapist_input,False,-0,0,0,1,0,reflection,0.816891253,1.442122698,0.9147427288,0.391470121,0.5559373498,0.08064948022,0.2364253998,0.1269878298,,,,,,,
therapist,soft_linear,-1,27,27,6,e883cab14c33a28c3bf1e25281ef335a7bcd08f31fb3e2cea1e824982af00196,10,other,False,-0,0,0,0,1,other,0.1753694266,0.05595192313,0.005010673479,0.01923946823,0.04469806328,0.006359849591,0.00335747702,0.9455845952,,,,,,,
therapist,soft_linear,-1,27,27,8,e883cab14c33a28c3bf1e25281ef335a7bcd08f31fb3e2cea1e824982af00196,10,other,False,0.9232196723,0.3,0.1,0.2,0.4,question,0.5250988603,2.572497073,0.6709180409,0.2849869318,0.07442060113,0.7918002605,0.09488046914,0.03889865056,,,,,,,
therapist,soft_linear,-1,27,27,10,e883cab14c33a28c3bf1e25281ef335a7bcd08f31fb3e2cea1e824982af00196,10,other,False,0.3609640474,0.2,0,0,0.8,other,0.7572898865,0.9029801369,0.1656662827,0.1313802973,0.1264259368,0.02578651719,0.3053599,0.5424275994,,,,,,,
therapist,soft_linear,-1,27,27,12,e883cab14c33a28c3bf1e25281ef335a7bcd08f31fb3e2cea1e824982af00196,10,reflection,False,0.3609640474,0.8,0,0,0.2,reflection,0.5036591887,0.8152329683,0.0576975611,0.08947841264,0.7601395249,0.00508724805,0.1839372367,0.05083594099,,,,,,,
therapist,soft_linear,-1,27,27,14,e883cab14c33a28c3bf1e25281ef335a7bcd08f31fb3e2cea1e824982af00196,10,therapist_input,False,-0,0,0,1,0,therapist_input,0.5594043136,0.3041118681,0.1022745701,0.1008089851,0.1404546201,0.004433412571,0.737778306,0.1173337027,,,,,,,
therapist,soft_linear,-1,27,27,16,e883cab14c33a28c3bf1e25281ef335a7bcd08f31fb3e2cea1e824982af00196,10,therapist_input,False,-0,0,0,1,0,therapist_input,0.9043313265,0.7770668268,0.399799094,0.2384298943,0.1111398041,0.172642976,0.4597525299,0.2564646602,,,,,,,
therapist,soft_linear,-1,27,27,18,e883cab14c33a28c3bf1e25281ef335a7bcd08f31fb3e2cea1e824982af00196,10,therapist_input,False,-0,0,0,1,0,therapist_input,0.7521652579,0.4706968069,0.1961110481,0.1520029126,0.1968153566,0.1046810672,0.6245669127,0.07393669337,,,,,,,
therapist,soft_linear,-1,27,27,20,e883cab14c33a28c3bf1e25281ef335a7bcd08f31fb3e2cea1e824982af00196,10,therapist_input,False,0.6477309221,0.1,0.3,0.6,0,question,0.5739525557,1.695419034,0.4647181054,0.1653055041,0.09591452032,0.7618539929,0.1003609672,0.04187051952,,,,,,,
therapist,soft_linear,-1,27,27,22,e883cab14c33a28c3bf1e25281ef335a7bcd08f31fb3e2cea1e824982af00196,10,other,False,-0,0,0,0,1,other,0.5912691951,0.3055078685,0.100159965,0.1012500308,0.07884423435,0.1540079266,0.03039869294,0.7367491126,,,,,,,
therapist,soft_linear,-1,55,55,0,1b9abf33ba8b2badfab01f2ee1f7aa958800a9808d579c0ec4e6bc41eb27f449,10,question,False,0.2344977968,0,0.9,0.1,0,therapist_input,0.78713727,1.33304407,0.6442171107,0.2607289963,0.01110161282,0.246047467,0.4914657772,0.2513851523,,,,,,,
therapist,soft_linear,-1,55,55,2,1b9abf33ba8b2badfab01f2ee1f7aa958800a9808d579c0ec4e6bc41eb27f449,10,question,False,0.2344977968,0,0.9,0.1,0,question,0.8415489197,0.9406435966,0.3607800798,0.1847376695,0.3474988043,0.4210773706,0.1975055635,0.03391822055,,,,,,,
therapist,soft_linear,-1,55,55,4,1b9abf33ba8b2badfab01f2ee1f7aa958800a9808d579c0ec4e6bc41eb27f449,10,question,False,-0,0,1,0,0,question,0.1396252066,0.03915546834,0.002175162404,0.01349593286,0.00109929638,0.9616011977,0.02003899589,0.01726049185,,,,,,,
therapist,soft_linear,-1,55,55,6,1b9abf33ba8b2badfab01f2ee1f7aa958800a9808d579c0ec4e6bc41eb27f449,10,question,False,-0,0,1,0,0,therapist_input,0.6795755625,1.679708958,1.107227524,0.435166239,0.01687644422,0.1864282489,0.6510154605,0.1456799358,,,,,,,
therapist,soft_linear,-1,55,55,8,1b9abf33ba8b2badfab01f2ee1f7aa958800a9808d579c0ec4e6bc41eb27f449,10,therapist_input,False,0.3609640474,0,0.2,0.8,0,therapist_input,0.2737318277,0.5692412496,0.02120162832,0.01694529472,0.0002153337846,0.0905232504,0.8949258327,0.01433560345,,,,,,,
therapist,soft_linear,-1,55,55,10,1b9abf33ba8b2badfab01f2ee1f7aa958800a9808d579c0ec4e6bc41eb27f449,10,question,False,-0,0,1,0,0,question,0.3569896221,0.135531947,0.02304607791,0.04607342492,0.009357491508,0.8732512593,0.0599046275,0.05748658627,,,,,,,
therapist,soft_linear,-1,55,55,12,1b9abf33ba8b2badfab01f2ee1f7aa958800a9808d579c0ec4e6bc41eb27f449,10,question,False,-0,0,1,0,0,reflection,0.6606025696,1.348398447,0.9720134924,0.3726989133,0.6477763653,0.2596558034,0.0479230769,0.04464478046,,,,,,,
therapist,soft_linear,-1,55,55,14,1b9abf33ba8b2badfab01f2ee1f7aa958800a9808d579c0ec4e6bc41eb27f449,10,question,False,-0,0,1,0,0,question,0.08395252377,0.02036357298,0.0005950077586,0.007037407413,0.01196130272,0.9798422456,0.001647145022,0.006549167447,,,,,,,
therapist,soft_linear,-1,55,55,16,1b9abf33ba8b2badfab01f2ee1f7aa958800a9808d579c0ec4e6bc41eb27f449,10,question,False,-0,0,1,0,0,question,0.3954917192,0.1555733234,0.02966607464,0.05273178667,0.01689880341,0.8559243083,0.0799549222,0.04722192883,,,,,,,
therapist,soft_linear,-1,55,55,18,1b9abf33ba8b2badfab01f2ee1f7aa958800a9808d579c0ec4e6bc41eb27f449,10,reflection,False,-0,1,0,0,0,reflection,0.2990839481,0.1010783836,0.01283048609,0.03453299971,0.9038621187,0.02043862268,0.05020036548,0.0254988391,,,,,,,
therapist,soft_linear,-1,55,55,20,1b9abf33ba8b2badfab01f2ee1f7aa958800a9808d579c0ec4e6bc41eb27f449,10,reflection,False,0.2344977968,0.9,0,0,0.1,reflection,0.6289594173,0.4968997866,0.04163670669,0.05742502856,0.7289138436,0.05969610065,0.09174192697,0.1196480468,,,,,,,
therapist,soft_linear,-1,55,55,22,1b9abf33ba8b2badfab01f2ee1f7aa958800a9808d579c0ec4e6bc41eb27f449,10,question,False,0.6477309221,0.3,0.6,0.1,0,reflection,0.6876075268,1.053413093,0.1002087819,0.04146140907,0.5308442712,0.391246289,0.04960003495,0.02830938436,,,,,,,
therapist,soft_linear,-1,55,55,24,1b9abf33ba8b2badfab01f2ee1f7aa958800a9808d579c0ec4e6bc41eb27f449,10,question,False,-0,0,1,0,0,question,0.04407212511,0.009189981967,0.0001179614978,0.003180932239,0.002408869099,0.9908520579,0.001671319944,0.005067719147,,,,,,,
therapist,soft_linear,-1,55,55,26,1b9abf33ba8b2badfab01f2ee1f7aa958800a9808d579c0ec4e6bc41eb27f449,10,question,False,-0,0,1,0,0,question,0.08588448912,0.02055672929,0.000589560182,0.007103977999,0.01164036896,0.9796530008,0.003312906716,0.005393615458,,,,,,,
therapist,soft_linear,-1,55,55,28,1b9abf33ba8b2badfab01f2ee1f7aa958800a9808d579c0ec4e6bc41eb27f449,10,question,False,-0,0,1,0,0,question,0.05000941083,0.01075535547,0.0001647482964,0.003721938418,0.001793083502,0.989302218,0.002522904193,0.006381757557,,,,,,,
therapist,soft_linear,-1,55,55,30,1b9abf33ba8b2badfab01f2ee1f7aa958800a9808d579c0ec4e6bc41eb27f449,10,question,False,-0,0,1,0,0,question,0.6330366731,0.3297517002,0.1098252481,0.1088778815,0.1448872834,0.7191023231,0.08644384146,0.04956665635,,,,,,,
therapist,soft_linear,-1,55,55,32,1b9abf33ba8b2badfab01f2ee1f7aa958800a9808d579c0ec4e6bc41eb27f449,10,question,False,-0,0,1,0,0,question,0.0529544726,0.01179772709,0.0002110858605,0.004082064272,0.001699220389,0.9882715344,0.008204465732,0.001824754872,,,,,,,
therapist,soft_linear,-1,55,55,34,1b9abf33ba8b2badfab01f2ee1f7aa958800a9808d579c0ec4e6bc41eb27f449,10,reflection,False,-0,1,0,0,0,reflection,0.4429367483,0.182130903,0.03922915282,0.0614927582,0.8334922194,0.04069336131,0.09400162846,0.03181282803,,,,,,,
therapist,soft_linear,-1,55,55,36,1b9abf33ba8b2badfab01f2ee1f7aa958800a9808d579c0ec4e6bc41eb27f449,10,question,False,0.2344977968,0,0.9,0.1,0,question,0.03870991617,0.5092711319,0.01712056891,0.0262539525,0.0006246127305,0.9916495085,0.006622764748,0.001103007118,,,,,,,
therapist,soft_linear,-1,55,55,38,1b9abf33ba8b2badfab01f2ee1f7aa958800a9808d579c0ec4e6bc41eb27f449,10,therapist_input,False,-0,0,0,1,0,therapist_input,0.08434258401,0.02002680674,0.0005491774669,0.0069213642,0.002526987344,0.008681630716,0.9801723361,0.008619000204,,,,,,,
therapist,soft_linear,-1,55,55,40,1b9abf33ba8b2badfab01f2ee1f7aa958800a9808d579c0ec4e6bc41eb27f449,10,therapist_input,True,0.5,0,0,0.5,0.5,other,0.1618122011,1.656478511,0.4173949891,0.1567292538,0.006076032296,0.003862875979,0.03825173154,0.9518093467,,,,,,,
therapist,soft_linear,-1,55,55,42,1b9abf33ba8b2badfab01f2ee1f7aa958800a9808d579c0ec4e6bc41eb27f449,10,question,False,-0,0,1,0,0,question,0.05762960017,0.01268742234,0.0002239175565,0.004389349409,0.004715753719,0.9873927236,0.001537700999,0.006353839766,,,,,,,
therapist,soft_linear,-1,55,55,44,1b9abf33ba8b2badfab01f2ee1f7aa958800a9808d579c0ec4e6bc41eb27f449,10,question,False,0.4406454496,0.3,0.7,0,0,question,0.08066019416,1.383465806,0.1630033509,0.09954648022,0.010385531,0.9812307954,0.003530669026,0.00485297665,,,,,,,
therapist,soft_linear,-1,55,55,46,1b9abf33ba8b2badfab01f2ee1f7aa958800a9808d579c0ec4e6bc41eb27f449,10,reflection,False,0.2344977968,0.9,0.1,0,0,question,0.8396110535,2.367000473,0.9431534286,0.4266007449,0.07898008078,0.4391255677,0.3787195683,0.1031747386,,,,,,,
therapist,soft_linear,-1,55,55,48,1b9abf33ba8b2badfab01f2ee1f7aa958800a9808d579c0ec4e6bc41eb27f449,10,question,False,0.2344977968,0,0.9,0,0.1,question,0.0303510353,0.7088355619,0.01863328989,0.03545999218,0.0004070368304,0.9937239289,0.004985564388,0.0008834347827,,,,,,,
therapist,soft_linear,-1,55,55,50,1b9abf33ba8b2badfab01f2ee1f7aa958800a9808d579c0ec4e6bc41eb27f449,10,therapist_input,False,-0,0,0,1,0,therapist_input,0.07400748134,0.01828537881,0.0005335314429,0.006321062906,0.0008621876477,0.003356939415,0.981880784,0.01390010957,,,,,,,
therapist,soft_linear,-1,55,55,52,1b9abf33ba8b2badfab01f2ee1f7aa958800a9808d579c0ec4e6bc41eb27f449,10,reflection,False,0.6783898247,0.7,0.1,0.1,0.1,question,0.8267163038,1.450910938,0.2917791998,0.1259197419,0.3054869175,0.4286762178,0.2468116581,0.01902526058,,,,,,,
therapist,soft_linear,-1,55,55,54,1b9abf33ba8b2badfab01f2ee1f7aa958800a9808d579c0ec4e6bc41eb27f449,10,question,False,0.2344977968,0,0.9,0.1,0,question,0.4945412278,0.4178428203,0.04116625676,0.02764275025,0.005596404895,0.7421736717,0.2242752612,0.02795463428,,,,,,,
therapist,soft_linear,-1,55,55,56,1b9abf33ba8b2badfab01f2ee1f7aa958800a9808d579c0ec4e6bc41eb27f449,10,question,False,0.4609640474,0,0.8,0.1,0.1,question,0.8207244873,0.8916704416,0.09800531369,0.08276576626,0.2093384713,0.5677950978,0.112473689,0.1103927195,,,,,,,
therapist,soft_linear,-1,55,55,58,1b9abf33ba8b2badfab01f2ee1f7aa958800a9808d579c0ec4e6bc41eb27f449,10,question,False,0.2344977968,0,0.9,0.1,0,question,0.2636295259,0.4545914464,0.008482806025,0.03359183245,0.04506899789,0.9177805781,0.02296596579,0.01418450102,,,,,,,
therapist,soft_linear,-1,55,55,60,1b9abf33ba8b2badfab01f2ee1f7aa958800a9808d579c0ec4e6bc41eb27f449,10,question,False,0.2344977968,0,0.9,0.1,0,therapist_input,0.7812660336,0.9040052414,0.3776922627,0.1625171285,0.01448163576,0.4028329551,0.4244536757,0.1582317501,,,,,,,
therapist,soft_linear,-1,55,55,62,1b9abf33ba8b2badfab01f2ee1f7aa958800a9808d579c0ec4e6bc41eb27f449,10,other,False,0.7427376486,0,0.2,0.3,0.5,therapist_input,0.4538545609,1.69856388,0.4275267171,0.1493370823,0.01082706824,0.05218231678,0.8135662079,0.1234244108,,,,,,,
therapist,soft_linear,-1,55,55,64,1b9abf33ba8b2badfab01f2ee1f7aa958800a9808d579c0ec4e6bc41eb27f449,10,other,False,-0,0,0,0,1,other,0.4897245169,0.2407050431,0.07080499481,0.08056244222,0.1471406072,0.009310953319,0.05747497082,0.7860734463,,,,,,,
therapist,soft_linear,-1,56,56,0,994bc72760dcfe7fa4dcb4204fd49276c86f3b5d7563bd03968bb98375e50059,10,question,False,0.8427376486,0.1,0.5,0.3,0.1,therapist_input,0.7024425864,1.419011283,0.1399611157,0.0560975362,0.01692396961,0.2835918069,0.5935850143,0.1058991775,,,,,,,
therapist,soft_linear,-1,56,56,2,994bc72760dcfe7fa4dcb4204fd49276c86f3b5d7563bd03968bb98375e50059,10,other,False,0.4854752972,0,0.4,0,0.6,question,0.6767017841,1.006167567,0.1870972097,0.08788638197,0.06644014269,0.643363893,0.03934991732,0.2508459985,,,,,,,
therapist,soft_linear,-1,56,56,4,994bc72760dcfe7fa4dcb4204fd49276c86f3b5d7563bd03968bb98375e50059,10,question,False,-0,0,1,0,0,question,0.1421081126,0.04117660224,0.00263462482,0.01418851879,0.003417779226,0.9596595764,0.005932103377,0.03099046089,,,,,,,
therapist,soft_linear,-1,56,56,6,994bc72760dcfe7fa4dcb4204fd49276c86f3b5d7563bd03968bb98375e50059,10,other,False,-0,0,0,0,1,other,0.3223194778,0.1144219711,0.01668356106,0.03901655149,0.0183075089,0.02721666545,0.0625942871,0.8918815255,,,,,,,
therapist,soft_linear,-1,56,56,8,994bc72760dcfe7fa4dcb4204fd49276c86f3b5d7563bd03968bb98375e50059,10,reflection,False,0.2344977968,0.9,0.1,0,0,therapist_input,0.1028916612,5.783453321,1.762935231,0.6650665174,0.002646784997,0.01197604742,0.974591136,0.01078608911,,,,,,,
therapist,soft_linear,-1,56,56,10,994bc72760dcfe7fa4dcb4204fd49276c86f3b5d7563bd03968bb98375e50059,10,reflection,True,0.5,0.5,0.5,0,0,question,0.6610036492,0.7658461928,0.009352989482,0.02446648898,0.4215862453,0.5127527714,0.01178339776,0.05387755483,,,,,,,
therapist,soft_linear,-1,56,56,12,994bc72760dcfe7fa4dcb4204fd49276c86f3b5d7563bd03968bb98375e50059,10,reflection,False,-0,1,0,0,0,reflection,0.5384987593,0.3230491877,0.1299923525,0.1067751837,0.7239382267,0.02185194194,0.02465143614,0.2295583785,,,,,,,
therapist,soft_linear,-1,56,56,14,994bc72760dcfe7fa4dcb4204fd49276c86f3b5d7563bd03968bb98375e50059,10,reflection,False,-0,1,0,0,0,reflection,0.1662496775,0.04862888902,0.003351363041,0.01673875211,0.9525346756,0.002803611569,0.01550460979,0.02915719151,,,,,,,
therapist,soft_linear,-1,56,56,16,994bc72760dcfe7fa4dcb4204fd49276c86f3b5d7563bd03968bb98375e50059,10,reflection,False,-0,1,0,0,0,reflection,0.5874948502,0.4732833505,0.2543630514,0.1527746764,0.6229535937,0.004699394573,0.3325562179,0.03979085013,,,,,,,
therapist,soft_linear,-1,56,56,18,994bc72760dcfe7fa4dcb4204fd49276c86f3b5d7563bd03968bb98375e50059,10,reflection,False,0.3609640474,0.8,0.2,0,0,reflection,0.4000644088,0.5537338138,0.007046013748,0.01650204115,0.8347526193,0.1292262822,0.008508184925,0.02751280554,,,,,,,
therapist,soft_linear,-1,56,56,20,994bc72760dcfe7fa4dcb4204fd49276c86f3b5d7563bd03968bb98375e50059,10,other,False,0.2344977968,0.1,0,0,0.9,other,0.3223194778,0.5030241676,0.01139836439,0.04665101959,0.0183075089,0.02721666545,0.0625942871,0.8918815255,,,,,,,
therapist,soft_linear,-1,56,56,22,994bc72760dcfe7fa4dcb4204fd49276c86f3b5d7563bd03968bb98375e50059,10,reflection,False,0.3609640474,0.8,0,0,0.2,reflection,0.2994531095,0.7143214464,0.03695398302,0.04964016738,0.8949236274,0.00166714075,0.05958380178,0.04382548481,,,,,,,
therapist,soft_linear,-1,56,56,24,994bc72760dcfe7fa4dcb4204fd49276c86f3b5d7563bd03968bb98375e50059,10,question,False,-0,0,1,0,0,question,0.04663108662,0.01003485359,0.0001487188303,0.003472934015,0.002177520655,0.9900153279,0.00127600308,0.006531108171,,,,,,,
therapist,soft_linear,-1,56,56,26,994bc72760dcfe7fa4dcb4204fd49276c86f3b5d7563bd03968bb98375e50059,10,other,False,-0,0,0,0,1,other,0.2063767761,0.07627777755,0.009866878879,0.02615286088,0.06654207408,0.006737445015,0.0001616981172,0.926558733,,,,,,,
therapist,soft_linear,-1,56,56,28,994bc72760dcfe7fa4dcb4204fd49276c86f3b5d7563bd03968bb98375e50059,10,reflection,False,-0,1,0,0,0,reflection,0.1850681603,0.06053627655,0.005750430091,0.02080229765,0.9412595034,0.0008811239386,0.01124669518,0.04661258683,,,,,,,
therapist,soft_linear,-1,56,56,30,994bc72760dcfe7fa4dcb4204fd49276c86f3b5d7563bd03968bb98375e50059,10,question,False,0.4406454496,0.3,0.7,0,0,reflection,0.4748311043,1.094207257,0.4079629031,0.1148082113,0.7409830093,0.2381922603,0.007798385341,0.01302632876,,,,,,,
therapist,soft_linear,-1,56,56,32,994bc72760dcfe7fa4dcb4204fd49276c86f3b5d7563bd03968bb98375e50059,10,other,False,-0,0,0,0,1,other,0.2063772678,0.07627803832,0.009866940256,0.02615294765,0.06654227525,0.006737488322,0.0001616985537,0.9265585542,,,,,,,
therapist,soft_linear,-1,56,56,34,994bc72760dcfe7fa4dcb4204fd49276c86f3b5d7563bd03968bb98375e50059,10,question,False,-0,0,1,0,0,question,0.5175453424,0.4195010364,0.2234843258,0.1365807373,0.3253557086,0.6573747396,0.002046892187,0.01522267517,,,,,,,
therapist,soft_linear,-1,56,56,36,994bc72760dcfe7fa4dcb4204fd49276c86f3b5d7563bd03968bb98375e50059,10,reflection,False,-0,1,0,0,0,therapist_input,0.7497082949,0.9160417318,0.6016779876,0.2742960782,0.4000996053,0.08062334359,0.4837735891,0.03550345078,,,,,,,
therapist,soft_linear,-1,56,56,38,994bc72760dcfe7fa4dcb4204fd49276c86f3b5d7563bd03968bb98375e50059,10,other,False,-0,0,0,0,1,reflection,0.623005867,0.8376489878,0.5944722682,0.2543211578,0.5205699801,0.006182752084,0.0405206047,0.4327266812,,,,,,,
therapist,soft_linear,-1,56,56,40,994bc72760dcfe7fa4dcb4204fd49276c86f3b5d7563bd03968bb98375e50059,10,other,False,-0,0,0,0,1,other,0.295030117,0.1441790462,0.03526681962,0.0489512192,0.1312643141,0.002966172528,3.680440932e-05,0.8657327294,,,,,,,
therapist,soft_linear,-1,56,56,42,994bc72760dcfe7fa4dcb4204fd49276c86f3b5d7563bd03968bb98375e50059,10,reflection,False,0.5783898247,0.7,0.2,0,0.1,reflection,0.6639117599,1.483234692,0.1426185872,0.1600681325,0.6004350185,0.01311246771,0.3116764426,0.07477606088,,,,,,,
therapist,soft_linear,-1,56,56,44,994bc72760dcfe7fa4dcb4204fd49276c86f3b5d7563bd03968bb98375e50059,10,reflection,False,0.4406454496,0.7,0,0.3,0,other,0.889922142,1.282543868,0.2940221532,0.2095441167,0.3753704727,0.09716100991,0.1368528306,0.3906156123,,,,,,,
therapist,soft_linear,-1,56,56,46,994bc72760dcfe7fa4dcb4204fd49276c86f3b5d7563bd03968bb98375e50059,10,question,False,-0,0,1,0,0,question,0.4156507254,0.1648288369,0.03257107751,0.05579308893,0.02762052603,0.8480389714,0.03996989504,0.084370628,,,,,,,
therapist,soft_linear,-1,56,56,48,994bc72760dcfe7fa4dcb4204fd49276c86f3b5d7563bd03968bb98375e50059,10,other,False,-0,0,0,0,1,other,0.3223194778,0.1144219711,0.01668356106,0.03901655149,0.0183075089,0.02721666545,0.0625942871,0.8918815255,,,,,,,
therapist,soft_linear,-1,56,56,50,994bc72760dcfe7fa4dcb4204fd49276c86f3b5d7563bd03968bb98375e50059,10,reflection,False,-0,1,0,0,0,reflection,0.8159755468,0.5616605878,0.2524890791,0.1787165653,0.5702612996,0.07882937044,0.1715184301,0.1793908775,,,,,,,
therapist,soft_linear,-1,56,56,52,994bc72760dcfe7fa4dcb4204fd49276c86f3b5d7563bd03968bb98375e50059,10,other,False,-0,0,0,0,1,other,0.2995698154,0.1119679734,0.01782953769,0.03819333188,0.008519508876,0.01876822114,0.07863940299,0.8940728307,,,,,,,
therapist,soft_linear,-1,56,56,54,994bc72760dcfe7fa4dcb4204fd49276c86f3b5d7563bd03968bb98375e50059,10,reflection,False,0.5783898247,0.7,0,0.2,0.1,therapist_input,0.1704071015,3.942739771,1.051095561,0.3736150752,0.005935842637,0.01059265807,0.9514255524,0.03204586729,,,,,,,
therapist,soft_linear,-1,56,56,56,994bc72760dcfe7fa4dcb4204fd49276c86f3b5d7563bd03968bb98375e50059,10,reflection,False,0.6804820237,0.5,0,0.4,0.1,therapist_input,0.7360066175,1.163379407,0.1242019031,0.05206014528,0.2115205079,0.002276773099,0.5399153233,0.2462873608,,,,,,,
therapist,soft_linear,-1,56,56,58,994bc72760dcfe7fa4dcb4204fd49276c86f3b5d7563bd03968bb98375e50059,10,question,False,-0,0,1,0,0,question,0.07631998509,0.01930579729,0.0006157946561,0.006672852096,0.002633724129,0.9808793664,0.0009171292186,0.0155697912,,,,,,,
therapist,soft_linear,-1,56,56,60,994bc72760dcfe7fa4dcb4204fd49276c86f3b5d7563bd03968bb98375e50059,10,other,False,-0,0,0,0,1,other,0.3223194778,0.1144219711,0.01668356106,0.03901655149,0.0183075089,0.02721666545,0.0625942871,0.8918815255,,,,,,,
therapist,soft_linear,-1,56,56,62,994bc72760dcfe7fa4dcb4204fd49276c86f3b5d7563bd03968bb98375e50059,10,other,False,-0,0,0,0,1,other,0.673471272,0.6053423285,0.3480833305,0.1912298502,0.3682580888,0.007110354491,0.07874400169,0.5458875299,,,,,,,
therapist,soft_linear,-1,56,56,64,994bc72760dcfe7fa4dcb4204fd49276c86f3b5d7563bd03968bb98375e50059,10,other,False,-0,0,0,0,1,reflection,0.6230057478,0.8376488686,0.5944722298,0.2543211348,0.5205699801,0.006182766985,0.0405205451,0.432726711,,,,,,,
therapist,soft_linear,-1,56,56,66,994bc72760dcfe7fa4dcb4204fd49276c86f3b5d7563bd03968bb98375e50059,10,reflection,False,-0,1,0,0,0,reflection,0.2594874799,0.08320952952,0.008833737606,0.02850124959,0.9201581478,0.02526243217,0.01441713143,0.04016216844,,,,,,,
therapist,soft_linear,-1,56,56,68,994bc72760dcfe7fa4dcb4204fd49276c86f3b5d7563bd03968bb98375e50059,10,question,False,-0,0,1,0,0,question,0.04764641821,0.009956588969,0.0001334940456,0.003445899284,0.00214934838,0.9900929332,0.004440162331,0.003317676717,,,,,,,
therapist,soft_linear,-1,56,56,70,994bc72760dcfe7fa4dcb4204fd49276c86f3b5d7563bd03968bb98375e50059,10,other,False,-0,0,0,0,1,reflection,0.6230057478,0.8376488686,0.5944722298,0.2543211348,0.5205699801,0.006182766985,0.0405205451,0.432726711,,,,,,,
therapist,soft_linear,-1,56,56,72,994bc72760dcfe7fa4dcb4204fd49276c86f3b5d7563bd03968bb98375e50059,10,therapist_input,False,-0,0,0,1,0,therapist_input,0.1750401706,0.04930448905,0.003189672005,0.01696967521,0.01045090146,0.01349303592,0.9518912435,0.02416477166,,,,,,,
therapist,soft_linear,-1,56,56,74,994bc72760dcfe7fa4dcb4204fd49276c86f3b5d7563bd03968bb98375e50059,10,other,False,-0,0,0,0,1,other,0.2063767761,0.07627777755,0.009866878879,0.02615286088,0.06654207408,0.006737445015,0.0001616981172,0.926558733,,,,,,,
therapist,soft_linear,-1,56,56,76,994bc72760dcfe7fa4dcb4204fd49276c86f3b5d7563bd03968bb98375e50059,10,therapist_input,False,0.3609640474,0,0,0.8,0.2,other,0.6811353564,1.233981991,0.5111975188,0.1831485185,0.117710717,0.01347201783,0.2401638925,0.6286534071,,,,,,,
therapist,soft_linear,-1,56,56,78,994bc72760dcfe7fa4dcb4204fd49276c86f3b5d7563bd03968bb98375e50059,10,other,False,-0,0,0,0,1,other,0.3827804029,0.1682994217,0.03973230606,0.05693882044,0.01281862427,0.01869162917,0.1233889684,0.8451007605,,,,,,,
therapist,soft_linear,-1,56,56,80,994bc72760dcfe7fa4dcb4204fd49276c86f3b5d7563bd03968bb98375e50059,10,therapist_input,False,0.2344977968,0,0,0.9,0.1,therapist_input,0.5243769288,0.7018158466,0.1305096426,0.117866348,0.2829837203,0.003070740029,0.6880276799,0.02591786534,,,,,,,
therapist,soft_linear,-1,56,56,82,994bc72760dcfe7fa4dcb4204fd49276c86f3b5d7563bd03968bb98375e50059,10,other,False,-0,0,0,0,1,other,0.2063772678,0.07627803832,0.009866940256,0.02615294765,0.06654227525,0.006737488322,0.0001616985537,0.9265585542,,,,,,,
therapist,soft_linear,-1,56,56,84,994bc72760dcfe7fa4dcb4204fd49276c86f3b5d7563bd03968bb98375e50059,10,other,False,-0,0,0,0,1,other,0.3223203719,0.1144223735,0.01668366862,0.03901669112,0.01830754243,0.02721685544,0.06259443611,0.8918811679,,,,,,,
therapist,soft_linear,-1,56,56,86,994bc72760dcfe7fa4dcb4204fd49276c86f3b5d7563bd03968bb98375e50059,10,other,False,-0,0,0,0,1,other,0.2063772678,0.07627803832,0.009866940256,0.02615294765,0.06654227525,0.006737488322,0.0001616985537,0.9265585542,,,,,,,
therapist,soft_linear,-1,56,56,88,994bc72760dcfe7fa4dcb4204fd49276c86f3b5d7563bd03968bb98375e50059,10,therapist_input,False,0.4406454496,0,0,0.7,0.3,therapist_input,0.7985016704,0.9781757176,0.1537996136,0.1195755556,0.2927618027,0.007712274324,0.4427855611,0.2567403913,,,,,,,
therapist,soft_linear,-1,56,56,90,994bc72760dcfe7fa4dcb4204fd49276c86f3b5d7563bd03968bb98375e50059,10,question,False,0.4609640474,0,0.8,0.1,0.1,therapist_input,0.620557487,1.463838488,0.5985194307,0.2127450745,0.04792276397,0.2718035281,0.6578630805,0.02241063304,,,,,,,
therapist,soft_linear,-1,56,56,92,994bc72760dcfe7fa4dcb4204fd49276c86f3b5d7563bd03968bb98375e50059,10,other,False,-0,0,0,0,1,other,0.1285921335,0.0340331085,0.001592994269,0.01173887708,0.003700565314,0.01778405346,0.01197591797,0.9665395021,,,,,,,
therapist,soft_linear,-1,56,56,94,994bc72760dcfe7fa4dcb4204fd49276c86f3b5d7563bd03968bb98375e50059,10,question,False,0.2344977968,0,0.9,0,0.1,question,0.286493957,0.3727937348,0.002725352461,0.01532879359,0.03489559889,0.9012671709,0.002560530091,0.0612767823,,,,,,,
therapist,soft_linear,-1,56,56,96,994bc72760dcfe7fa4dcb4204fd49276c86f3b5d7563bd03968bb98375e50059,10,other,False,-0,0,0,0,1,reflection,0.6230057478,0.8376488686,0.5944722298,0.2543211348,0.5205699801,0.006182766985,0.0405205451,0.432726711,,,,,,,
therapist,soft_linear,-1,56,56,98,994bc72760dcfe7fa4dcb4204fd49276c86f3b5d7563bd03968bb98375e50059,10,other,False,-0,0,0,0,1,other,0.2063767761,0.07627777755,0.009866878879,0.02615286088,0.06654207408,0.006737445015,0.0001616981172,0.926558733,,,,,,,
therapist,soft_linear,-1,56,56,100,994bc72760dcfe7fa4dcb4204fd49276c86f3b5d7563bd03968bb98375e50059,10,other,False,0.2344977968,0,0,0.1,0.9,other,0.3223194778,0.3800878949,0.002541008746,0.01795741023,0.0183075089,0.02721666545,0.0625942871,0.8918815255,,,,,,,
therapist,soft_linear,-1,56,56,102,994bc72760dcfe7fa4dcb4204fd49276c86f3b5d7563bd03968bb98375e50059,10,other,False,-0,0,0,0,1,other,0.3223194778,0.1144219711,0.01668356106,0.03901655149,0.0183075089,0.02721666545,0.0625942871,0.8918815255,,,,,,,
therapist,soft_linear,-1,56,56,104,994bc72760dcfe7fa4dcb4204fd49276c86f3b5d7563bd03968bb98375e50059,10,reflection,False,0.2344977968,0.9,0,0,0.1,reflection,0.9628825188,1.171306002,0.4716568665,0.2385297188,0.3163002729,0.3004713655,0.1248912811,0.2583370507,,,,,,,
therapist,soft_linear,-1,56,56,106,994bc72760dcfe7fa4dcb4204fd49276c86f3b5d7563bd03968bb98375e50059,10,reflection,False,0.3609640474,0.8,0,0,0.2,other,0.8724969625,1.501587224,0.5336413257,0.2467784006,0.1804491729,0.1920568049,0.1099763662,0.5175176859,,,,,,,
therapist,soft_linear,-1,56,56,108,994bc72760dcfe7fa4dcb4204fd49276c86f3b5d7563bd03968bb98375e50059,10,question,False,-0,0,1,0,0,question,0.8076018095,0.5625873208,0.2560554436,0.1789842005,0.17289415,0.5697330236,0.06578554213,0.1915872842,,,,,,,
therapist,soft_linear,-1,56,56,110,994bc72760dcfe7fa4dcb4204fd49276c86f3b5d7563bd03968bb98375e50059,10,therapist_input,False,-0,0,0,1,0,therapist_input,0.2265660316,0.07010430098,0.00647169469,0.02405735526,0.01078093518,0.01975395903,0.9322966933,0.03716845065,,,,,,,
therapist,soft_linear,-1,56,56,112,994bc72760dcfe7fa4dcb4204fd49276c86f3b5d7563bd03968bb98375e50059,10,question,False,0.4854752972,0,0.6,0.4,0,therapist_input,0.8277813792,0.9565002203,0.09822343853,0.08762507913,0.04671387747,0.3365398049,0.4687469304,0.1479994506,,,,,,,
therapist,soft_linear,-1,56,56,114,994bc72760dcfe7fa4dcb4204fd49276c86f3b5d7563bd03968bb98375e50059,10,therapist_input,False,0.2344977968,0.1,0,0.9,0,other,0.8129771352,1.116359544,0.4384296723,0.2421907758,0.04449078813,0.1240301207,0.4087836742,0.4226954579,,,,,,,
therapist,soft_linear,-1,56,56,116,994bc72760dcfe7fa4dcb4204fd49276c86f3b5d7563bd03968bb98375e50059,10,therapist_input,False,0.4609640474,0.1,0.1,0.8,0,therapist_input,0.2131105363,0.9748112082,0.03356148616,0.05201044261,0.003343157237,0.02983655035,0.9352826476,0.03153760359,,,,,,,
therapist,soft_linear,-1,56,56,118,994bc72760dcfe7fa4dcb4204fd49276c86f3b5d7563bd03968bb98375e50059,10,reflection,False,-0,1,0,0,0,therapist_input,0.6839001179,0.9348990321,0.6531541429,0.2790021814,0.3926255107,0.05578041822,0.5297762752,0.02181778848,,,,,,,
therapist,soft_linear,-1,56,56,120,994bc72760dcfe7fa4dcb4204fd49276c86f3b5d7563bd03968bb98375e50059,10,therapist_input,False,-0,0,0,1,0,therapist_input,0.1614609361,0.04535963759,0.002782723967,0.01562066589,0.02205584571,0.004771822132,0.9556537271,0.01751860231,,,,,,,
therapist,soft_linear,-1,56,56,122,994bc72760dcfe7fa4dcb4204fd49276c86f3b5d7563bd03968bb98375e50059,10,other,False,0.4854752972,0,0,0.4,0.6,other,0.2263456285,1.174220648,0.2215605176,0.09333248382,0.004608985968,0.01071759406,0.05969055369,0.9249829054,,,,,,,
therapist,soft_linear,-1,56,56,124,994bc72760dcfe7fa4dcb4204fd49276c86f3b5d7563bd03968bb98375e50059,10,therapist_input,False,0.3609640474,0,0,0.8,0.2,other,0.7350120544,2.410809481,0.8001150885,0.3775870937,0.4009158611,0.04454957321,0.05852978677,0.4960047007,,,,,,,
therapist,soft_linear,-1,56,56,126,994bc72760dcfe7fa4dcb4204fd49276c86f3b5d7563bd03968bb98375e50059,10,therapist_input,False,0.2344977968,0,0,0.9,0.1,reflection,0.6703024507,2.535017061,1.09478828,0.4551413526,0.5952860713,0.01836266369,0.06791228056,0.3184390366,,,,,,,
therapist,soft_linear,-1,56,56,128,994bc72760dcfe7fa4dcb4204fd49276c86f3b5d7563bd03968bb98375e50059,10,other,False,-0,0,0,0,1,other,0.2063772678,0.07627803832,0.009866940256,0.02615294765,0.06654227525,0.006737488322,0.0001616985537,0.9265585542,,,,,,,
therapist,soft_linear,-1,56,56,130,994bc72760dcfe7fa4dcb4204fd49276c86f3b5d7563bd03968bb98375e50059,10,reflection,True,0.7609640474,0.4,0,0.2,0.4,therapist_input,0.6369873881,1.828283429,0.2579850718,0.1386935523,0.3942507803,0.01739457808,0.5530517101,0.03530295193,,,,,,,
therapist,soft_linear,-1,56,56,132,994bc72760dcfe7fa4dcb4204fd49276c86f3b5d7563bd03968bb98375e50059,10,reflection,False,0.2344977968,0.9,0,0,0.1,reflection,0.3833960593,0.4567918345,0.01107699192,0.0409044745,0.8642257452,0.02304771729,0.07413128763,0.03859526291,,,,,,,
therapist,soft_linear,-1,56,56,134,994bc72760dcfe7fa4dcb4204fd49276c86f3b5d7563bd03968bb98375e50059,10,reflection,False,0.2344977968,0.9,0,0,0.1,reflection,0.6728324294,0.6260821879,0.1930325587,0.08695890609,0.5571439862,0.02448908798,0.04917468503,0.3691922128,,,,,,,
therapist,soft_linear,-1,56,56,136,994bc72760dcfe7fa4dcb4204fd49276c86f3b5d7563bd03968bb98375e50059,10,other,False,-0,0,0,0,1,other,0.3223194778,0.1144219711,0.01668356106,0.03901655149,0.0183075089,0.02721666545,0.0625942871,0.8918815255,,,,,,,
therapist,soft_linear,-1,56,56,138,994bc72760dcfe7fa4dcb4204fd49276c86f3b5d7563bd03968bb98375e50059,10,therapist_input,False,0.5783898247,0.1,0,0.7,0.2,reflection,0.8778091669,1.597355193,0.4294682078,0.1840472582,0.4367057383,0.07731232047,0.1580172479,0.3279646635,,,,,,,
therapist,soft_linear,-1,56,56,140,994bc72760dcfe7fa4dcb4204fd49276c86f3b5d7563bd03968bb98375e50059,10,other,False,0.4406454496,0,0,0.3,0.7,other,0.3493858874,0.8647248805,0.08037090257,0.05807539463,0.05309300125,0.0009772159392,0.07791455835,0.8680152893,,,,,,,
therapist,soft_linear,-1,56,56,142,994bc72760dcfe7fa4dcb4204fd49276c86f3b5d7563bd03968bb98375e50059,10,other,False,0.4406454496,0,0,0.3,0.7,other,0.6525731087,0.9973251969,0.07535278266,0.1073168502,0.1552466452,0.05809652805,0.08126057684,0.7053962946,,,,,,,
therapist,soft_linear,-1,56,56,144,994bc72760dcfe7fa4dcb4204fd49276c86f3b5d7563bd03968bb98375e50059,10,other,False,0.4854752972,0,0,0.4,0.6,therapist_input,0.582850337,1.28097887,0.3356721929,0.1397390729,0.03853146359,0.0702188313,0.7477091551,0.1435406059,,,,,,,
therapist,soft_linear,-1,56,56,146,994bc72760dcfe7fa4dcb4204fd49276c86f3b5d7563bd03968bb98375e50059,10,therapist_input,False,0.7427376486,0.2,0,0.5,0.3,therapist_input,0.1350356638,2.028662909,0.32726883,0.1580923615,0.0168033056,0.001166343223,0.9632643461,0.01876595803,,,,,,,
therapist,soft_linear,-1,56,56,148,994bc72760dcfe7fa4dcb4204fd49276c86f3b5d7563bd03968bb98375e50059,10,reflection,False,0.4854752972,0.6,0,0,0.4,therapist_input,0.205426693,3.457976389,1.335767265,0.5753251049,0.03566566482,0.001444694237,0.9367575645,0.02613210678,,,,,,,
therapist,soft_linear,-1,56,56,150,994bc72760dcfe7fa4dcb4204fd49276c86f3b5d7563bd03968bb98375e50059,10,therapist_input,False,0.3609640474,0,0,0.8,0.2,therapist_input,0.2709213793,0.5500837445,0.01807609552,0.01206922718,0.005848516244,0.001692362945,0.8911257982,0.1013333127,,,,,,,
therapist,soft_linear,-1,56,56,152,994bc72760dcfe7fa4dcb4204fd49276c86f3b5d7563bd03968bb98375e50059,10,therapist_input,False,0.4854752972,0,0,0.6,0.4,other,0.5230121613,1.899327898,0.4654690743,0.2285929516,0.153928861,0.02333824709,0.0501081273,0.7726247907,,,,,,,
therapist,soft_linear,-1,56,56,154,994bc72760dcfe7fa4dcb4204fd49276c86f3b5d7563bd03968bb98375e50059,10,other,False,-0,0,0,0,1,other,0.2063767761,0.07627777755,0.009866878879,0.02615286088,0.06654207408,0.006737445015,0.0001616981172,0.926558733,,,,,,,
therapist,soft_linear,-1,56,56,156,994bc72760dcfe7fa4dcb4204fd49276c86f3b5d7563bd03968bb98375e50059,10,other,False,-0,0,0,0,1,other,0.2063767761,0.07627777755,0.009866878879,0.02615286088,0.06654207408,0.006737445015,0.0001616981172,0.926558733,,,,,,,
therapist,soft_linear,-1,56,56,158,994bc72760dcfe7fa4dcb4204fd49276c86f3b5d7563bd03968bb98375e50059,10,other,False,0.7427376486,0.2,0,0.3,0.5,therapist_input,0.73853755,1.308868396,0.1726591154,0.06388446534,0.2527029216,0.009117445908,0.5588203073,0.1793593317,,,,,,,
therapist,soft_linear,-1,56,56,160,994bc72760dcfe7fa4dcb4204fd49276c86f3b5d7563bd03968bb98375e50059,10,other,False,0.7854752972,0.1,0.1,0.2,0.6,therapist_input,0.6887878776,1.768771023,0.4447518742,0.1526574568,0.1377204806,0.04716148973,0.6768259406,0.1382921338,,,,,,,
therapist,soft_linear,-1,56,56,162,994bc72760dcfe7fa4dcb4204fd49276c86f3b5d7563bd03968bb98375e50059,10,other,False,-0,0,0,0,1,other,0.2063767761,0.07627777755,0.009866878879,0.02615286088,0.06654207408,0.006737445015,0.0001616981172,0.926558733,,,,,,,
therapist,soft_linear,-1,56,56,164,994bc72760dcfe7fa4dcb4204fd49276c86f3b5d7563bd03968bb98375e50059,10,therapist_input,False,0.4406454496,0,0,0.7,0.3,other,0.6193630099,2.401208723,0.6467488888,0.3294067168,0.3536571562,0.01166557241,0.04046913236,0.5942081809,,,,,,,
therapist,soft_linear,-1,56,56,166,994bc72760dcfe7fa4dcb4204fd49276c86f3b5d7563bd03968bb98375e50059,10,other,False,-0,0,0,0,1,other,0.2063772678,0.07627803832,0.009866940256,0.02615294765,0.06654227525,0.006737488322,0.0001616985537,0.9265585542,,,,,,,
therapist,soft_linear,-1,56,56,168,994bc72760dcfe7fa4dcb4204fd49276c86f3b5d7563bd03968bb98375e50059,10,other,False,-0,0,0,0,1,other,0.2063772678,0.07627803832,0.009866940256,0.02615294765,0.06654227525,0.006737488322,0.0001616985537,0.9265585542,,,,,,,
therapist,soft_linear,-1,56,56,170,994bc72760dcfe7fa4dcb4204fd49276c86f3b5d7563bd03968bb98375e50059,10,other,False,-0,0,0,0,1,other,0.128592059,0.0340331085,0.001592992964,0.01173886522,0.003700577654,0.01778402925,0.01197589561,0.9665395021,,,,,,,
therapist,soft_linear,-1,56,56,172,994bc72760dcfe7fa4dcb4204fd49276c86f3b5d7563bd03968bb98375e50059,10,other,False,0.7854752972,0.3,0,0.3,0.4,reflection,0.8309221268,1.153564048,0.02949212975,0.01847845098,0.4305606484,0.02275328897,0.2327174395,0.3139686584,,,,,,,
therapist,soft_linear,-1,56,56,174,994bc72760dcfe7fa4dcb4204fd49276c86f3b5d7563bd03968bb98375e50059,10,other,False,-0,0,0,0,1,other,0.3360177279,0.1208281443,0.01836526538,0.04116277754,0.02825465053,0.02094848268,0.06461060047,0.8861862421,,,,,,,
therapist,soft_linear,-1,66,66,0,60300796ba7899fd40ecbaa91387c5ca83e5757c4513c7aae95783e2e3877244,10,other,False,-0,0,0,0,1,other,0.5863985419,0.2743856609,0.07704475779,0.09136869695,0.08593149483,0.08742276579,0.06660684943,0.7600389123,,,,,,,
therapist,soft_linear,-1,66,66,2,60300796ba7899fd40ecbaa91387c5ca83e5757c4513c7aae95783e2e3877244,10,question,False,-0,0,1,0,0,question,0.5950942039,0.3488015532,0.1373219197,0.1148285515,0.02745364606,0.7055330873,0.04921700805,0.2177961469,,,,,,,
therapist,soft_linear,-1,66,66,4,60300796ba7899fd40ecbaa91387c5ca83e5757c4513c7aae95783e2e3877244,10,reflection,True,0.8609640474,0.4,0.1,0.4,0.1,therapist_input,0.9700448513,1.352026737,0.07168210908,0.04035324977,0.2054125518,0.1677609831,0.3604962826,0.2663302124,,,,,,,
therapist,soft_linear,-1,66,66,6,60300796ba7899fd40ecbaa91387c5ca83e5757c4513c7aae95783e2e3877244,10,reflection,False,-0,1,0,0,0,therapist_input,0.8748399615,1.355677009,0.8241651218,0.3741885303,0.2577727437,0.1644682884,0.4880167544,0.08974225074,,,,,,,
therapist,soft_linear,-1,66,66,8,60300796ba7899fd40ecbaa91387c5ca83e5757c4513c7aae95783e2e3877244,10,reflection,False,-0,1,0,0,0,reflection,0.4870676696,0.2416609079,0.07367883976,0.08087072596,0.7853223681,0.1614772528,0.01944688894,0.033753369,,,,,,,
therapist,soft_linear,-1,66,66,10,60300796ba7899fd40ecbaa91387c5ca83e5757c4513c7aae95783e2e3877244,10,other,False,0.6804820237,0.4,0.1,0,0.5,reflection,0.9577181339,1.202676678,0.09372727337,0.0772351224,0.3165246248,0.2753289044,0.1150085777,0.2931378782,,,,,,,
therapist,soft_linear,-1,66,66,12,60300796ba7899fd40ecbaa91387c5ca83e5757c4513c7aae95783e2e3877244,10,reflection,False,-0,1,0,0,0,therapist_input,0.7136496305,1.51300621,1.017846715,0.4050827193,0.2202468514,0.1199268326,0.62804389,0.03178232536,,,,,,,
therapist,soft_linear,-1,66,66,14,60300796ba7899fd40ecbaa91387c5ca83e5757c4513c7aae95783e2e3877244,10,therapist_input,False,0.5783898247,0.2,0,0.7,0.1,therapist_input,0.4336301684,1.261829442,0.05815443911,0.07804986962,0.01181372721,0.0700109303,0.8327630758,0.08541229367,,,,,,,
therapist,soft_linear,-1,66,66,15,60300796ba7899fd40ecbaa91387c5ca83e5757c4513c7aae95783e2e3877244,10,therapist_input,False,0.2344977968,0,0.1,0.9,0,therapist_input,0.6143437624,0.5138562411,0.1004947768,0.05593174047,0.01713353023,0.2871420681,0.6490085721,0.0467158258,,,,,,,
therapist,soft_linear,-1,66,66,17,60300796ba7899fd40ecbaa91387c5ca83e5757c4513c7aae95783e2e3877244,10,reflection,False,0.2344977968,0.9,0.1,0,0,other,0.9866017103,1.480149126,0.6242611141,0.3111506767,0.2304812223,0.2032704502,0.2330124378,0.3332358599,,,,,,,
therapist,soft_linear,-1,66,66,19,60300796ba7899fd40ecbaa91387c5ca83e5757c4513c7aae95783e2e3877244,10,therapist_input,False,0.4854752972,0.4,0,0.6,0,therapist_input,0.9547219276,1.118828666,0.1333140833,0.1445140316,0.2489140034,0.2144802064,0.3915602267,0.1450455338,,,,,,,
therapist,soft_linear,-1,66,66,21,60300796ba7899fd40ecbaa91387c5ca83e5757c4513c7aae95783e2e3877244,10,therapist_input,False,-0,0,0,1,0,therapist_input,0.5106685758,0.2248500586,0.0562615239,0.07543516473,0.05382507294,0.1048583239,0.7986359,0.04268065467,,,,,,,
therapist,soft_linear,-1,66,66,23,60300796ba7899fd40ecbaa91387c5ca83e5757c4513c7aae95783e2e3877244,10,therapist_input,False,0.2344977968,0,0,0.9,0.1,therapist_input,0.9322405457,0.925362289,0.2994227409,0.1834545136,0.2363303006,0.1667975485,0.4391165078,0.1577556431,,,,,,,
therapist,soft_linear,-1,66,66,25,60300796ba7899fd40ecbaa91387c5ca83e5757c4513c7aae95783e2e3877244,10,therapist_input,False,0.6477309221,0.1,0.3,0.6,0,question,0.8540199399,1.047305483,0.07711476818,0.04132086097,0.1720374227,0.4155944288,0.3630749285,0.04929321632,,,,,,,
therapist,soft_linear,-1,66,66,27,60300796ba7899fd40ecbaa91387c5ca83e5757c4513c7aae95783e2e3877244,10,other,False,-0,0,0,0,1,other,0.3977179527,0.1565899402,0.03018556121,0.05306848826,0.02220178396,0.08535594493,0.03738770634,0.8550546169,,,,,,,
therapist,soft_linear,-1,66,66,29,60300796ba7899fd40ecbaa91387c5ca83e5757c4513c7aae95783e2e3877244,10,reflection,False,0.2344977968,0.9,0,0,0.1,reflection,0.5393927097,0.4775509298,0.02497909972,0.05158990266,0.7849701047,0.09503640234,0.04546120018,0.07453219593,,,,,,,
therapist,soft_linear,-1,109,109,0,f92544f5ed508add4c093c58e76fce40d49ca14b51000a7b8770e0152039d485,10,therapist_input,False,0.4406454496,0,0,0.7,0.3,therapist_input,0.8914461136,0.9187024653,0.09330464875,0.1000216253,0.1041849181,0.1458218843,0.4526560307,0.2973372042,,,,,,,
therapist,soft_linear,-1,109,109,2,f92544f5ed508add4c093c58e76fce40d49ca14b51000a7b8770e0152039d485,10,therapist_input,False,0.2344977968,0,0,0.9,0.1,therapist_input,0.7611943483,0.6045201361,0.109218226,0.08890441062,0.06370275468,0.1377210021,0.6177566648,0.1808196157,,,,,,,
therapist,soft_linear,-1,109,109,4,f92544f5ed508add4c093c58e76fce40d49ca14b51000a7b8770e0152039d485,10,question,False,0.6783898247,0.1,0.7,0.1,0.1,therapist_input,0.786770165,1.221592593,0.1944735967,0.07824269168,0.07366352528,0.423350215,0.440364182,0.06262210757,,,,,,,
therapist,soft_linear,-1,109,109,6,f92544f5ed508add4c093c58e76fce40d49ca14b51000a7b8770e0152039d485,10,reflection,False,-0,1,0,0,0,reflection,0.8097375631,0.7161664963,0.3923527745,0.2220552627,0.4886217713,0.1361134499,0.3323845863,0.04288010672,,,,,,,
therapist,soft_linear,-1,109,109,8,f92544f5ed508add4c093c58e76fce40d49ca14b51000a7b8770e0152039d485,10,reflection,False,-0,1,0,0,0,reflection,0.7752170563,0.567999959,0.2770979957,0.1805452759,0.5666576624,0.08206009865,0.2778148651,0.07346737385,,,,,,,
therapist,soft_linear,-1,109,109,10,f92544f5ed508add4c093c58e76fce40d49ca14b51000a7b8770e0152039d485,10,reflection,False,-0,1,0,0,0,reflection,0.8394351006,0.7359136343,0.3948160389,0.2274087143,0.479067564,0.1592229456,0.3086761236,0.05303338915,,,,,,,
therapist,soft_linear,-1,109,109,12,f92544f5ed508add4c093c58e76fce40d49ca14b51000a7b8770e0152039d485,10,reflection,False,-0,1,0,0,0,reflection,0.860432744,0.6527030468,0.3140449582,0.204565172,0.5206365585,0.2085021138,0.1807053238,0.09015599638,,,,,,,
therapist,soft_linear,-1,109,109,14,f92544f5ed508add4c093c58e76fce40d49ca14b51000a7b8770e0152039d485,10,question,False,-0,0,1,0,0,question,0.349036932,0.1232393384,0.01810471548,0.0419695299,0.04895887524,0.8840521574,0.0303284917,0.0366605781,,,,,,,
therapist,soft_linear,-1,109,109,16,f92544f5ed508add4c093c58e76fce40d49ca14b51000a7b8770e0152039d485,10,other,False,-0,0,0,0,1,other,0.352480799,0.1314752698,0.02165234889,0.04472079211,0.01242844295,0.06499810517,0.04577252641,0.8768009543,,,,,,,
therapist,soft_linear,-1,109,109,18,f92544f5ed508add4c093c58e76fce40d49ca14b51000a7b8770e0152039d485,10,question,False,-0,0,1,0,0,question,0.4731069803,0.1987935156,0.04496468304,0.06695305122,0.0319898501,0.8197191358,0.08906248212,0.05922851339,,,,,,,
therapist,soft_linear,-1,109,109,20,f92544f5ed508add4c093c58e76fce40d49ca14b51000a7b8770e0152039d485,10,question,False,0.3609640474,0.2,0.8,0,0,question,0.7414532304,0.7400953293,0.05247077999,0.0801350566,0.1440418065,0.6435818076,0.1402537674,0.07212264091,,,,,,,
therapist,soft_linear,-1,109,109,22,f92544f5ed508add4c093c58e76fce40d49ca14b51000a7b8770e0152039d485,10,reflection,False,-0,1,0,0,0,therapist_input,0.9139142632,1.769717813,0.9761730044,0.4503162943,0.1703810841,0.1459666044,0.4701012075,0.2135511935,,,,,,,
therapist,soft_linear,-1,109,109,24,f92544f5ed508add4c093c58e76fce40d49ca14b51000a7b8770e0152039d485,10,question,False,0.5783898247,0,0.7,0.2,0.1,question,0.9067596197,1.093450445,0.1488805827,0.08455647548,0.1385700852,0.3809535205,0.3664037883,0.1140725762,,,,,,,
therapist,soft_linear,-1,109,109,26,f92544f5ed508add4c093c58e76fce40d49ca14b51000a7b8770e0152039d485,10,reflection,False,-0,1,0,0,0,reflection,0.7459213734,0.4524896741,0.1814682602,0.1465500464,0.6360426545,0.1647258699,0.1314127594,0.06781876832,,,,,,,
therapist,soft_linear,-1,109,109,28,f92544f5ed508add4c093c58e76fce40d49ca14b51000a7b8770e0152039d485,10,question,False,-0,0,1,0,0,question,0.90917629,0.8800502419,0.4816059098,0.2652075461,0.154722169,0.4147620797,0.3213041723,0.1092115641,,,,,,,
therapist,soft_linear,-1,109,109,30,f92544f5ed508add4c093c58e76fce40d49ca14b51000a7b8770e0152039d485,10,other,False,-0,0,0,0,1,other,0.4541492462,0.1832859218,0.03808666145,0.06187215183,0.07494624704,0.05472446978,0.03779920936,0.8325300813,,,,,,,
therapist,soft_linear,-1,109,109,32,f92544f5ed508add4c093c58e76fce40d49ca14b51000a7b8770e0152039d485,10,therapist_input,False,-0,0,0,1,0,therapist_input,0.432682991,0.172799021,0.03475147111,0.05842242216,0.057253737,0.02679371648,0.8413066268,0.07464588434,,,,,,,
therapist,soft_linear,-1,109,109,34,f92544f5ed508add4c093c58e76fce40d49ca14b51000a7b8770e0152039d485,10,question,False,-0,0,1,0,0,question,0.5601069927,0.2588520348,0.07097271121,0.08639930655,0.1040452123,0.7719372511,0.04710051045,0.07691702992,,,,,,,
therapist,soft_linear,-1,109,109,36,f92544f5ed508add4c093c58e76fce40d49ca14b51000a7b8770e0152039d485,10,question,False,0.2344977968,0,0.9,0.1,0,question,0.8341373801,0.6894886434,0.1629407449,0.1128490279,0.1384018809,0.5514224172,0.2148963809,0.09527935088,,,,,,,
therapist,soft_linear,-1,109,109,38,f92544f5ed508add4c093c58e76fce40d49ca14b51000a7b8770e0152039d485,10,question,False,-0,0,1,0,0,question,0.5811551213,0.2756973207,0.07930807429,0.09178719539,0.05832674354,0.7590425611,0.06714279205,0.1154878736,,,,,,,
therapist,soft_linear,-1,109,109,40,f92544f5ed508add4c093c58e76fce40d49ca14b51000a7b8770e0152039d485,10,reflection,False,0.6854752972,0.6,0.2,0.2,0,therapist_input,0.9404711127,1.468497324,0.2412745735,0.1266477206,0.1748394817,0.3450620472,0.3510611653,0.1290373355,,,,,,,
therapist,soft_linear,-1,109,109,42,f92544f5ed508add4c093c58e76fce40d49ca14b51000a7b8770e0152039d485,10,therapist_input,False,0.4406454496,0,0,0.7,0.3,therapist_input,0.6035275459,0.9996771723,0.08482275785,0.1068262359,0.02090612799,0.1878470927,0.7124784589,0.07876833528,,,,,,,
therapist,soft_linear,-1,109,109,44,f92544f5ed508add4c093c58e76fce40d49ca14b51000a7b8770e0152039d485,10,other,False,0.6854752972,0.2,0,0.2,0.6,question,0.9766472578,1.382034516,0.1895961567,0.1355934559,0.1962954551,0.319925487,0.1783305258,0.3054485619,,,,,,,
therapist,soft_linear,-1,130,130,1,957962b55a53a08db5f378e511817642230cbd4d6d1cf4d43dd6a4b63131ccc1,10,therapist_input,False,0.3609640474,0,0,0.8,0.2,therapist_input,0.2148257047,1.030847573,0.05691707693,0.08054515217,0.06415329874,0.001987317577,0.9260054827,0.00785396155,,,,,,,
therapist,soft_linear,-1,130,130,3,957962b55a53a08db5f378e511817642230cbd4d6d1cf4d43dd6a4b63131ccc1,10,therapist_input,False,0.4854752972,0,0,0.6,0.4,therapist_input,0.2462906837,1.383170007,0.2383141344,0.1211029435,0.03647674993,0.00530913705,0.9226782918,0.03553585336,,,,,,,
therapist,soft_linear,-1,130,130,5,957962b55a53a08db5f378e511817642230cbd4d6d1cf4d43dd6a4b63131ccc1,10,question,False,0.4854752972,0,0.6,0.4,0,reflection,0.3463838398,4.11264534,1.150592526,0.5310794478,0.850977242,0.004042131826,0.133301869,0.01167865843,,,,,,,
therapist,soft_linear,-1,130,130,7,957962b55a53a08db5f378e511817642230cbd4d6d1cf4d43dd6a4b63131ccc1,10,therapist_input,False,-0,0,0,1,0,therapist_input,0.2829129696,0.101648584,0.01387193014,0.03472494398,0.04329620674,0.001858247444,0.9033469558,0.05149858817,,,,,,,
therapist,soft_linear,-1,130,130,9,957962b55a53a08db5f378e511817642230cbd4d6d1cf4d43dd6a4b63131ccc1,10,question,False,0.6854752972,0.2,0.6,0.2,0,question,0.264434278,1.579172485,0.1358889819,0.08339869378,0.09684167057,0.89555794,0.00535213761,0.00224827067,,,,,,,
therapist,soft_linear,-1,130,130,11,957962b55a53a08db5f378e511817642230cbd4d6d1cf4d43dd6a4b63131ccc1,10,question,False,0.4609640474,0,0.8,0.1,0.1,question,0.7422055602,1.121586567,0.252319851,0.131004648,0.09984935075,0.4470777214,0.4336268604,0.01944603398,,,,,,,
therapist,soft_linear,-1,130,130,13,957962b55a53a08db5f378e511817642230cbd4d6d1cf4d43dd6a4b63131ccc1,10,question,False,0.2344977968,0,0.9,0,0.1,question,0.1642256975,0.5238751225,0.01225617352,0.03634442164,0.01199543476,0.9550701976,0.02490785532,0.008026406169,,,,,,,
therapist,soft_linear,-1,130,130,15,957962b55a53a08db5f378e511817642230cbd4d6d1cf4d43dd6a4b63131ccc1,10,therapist_input,False,-0,0,0,1,0,therapist_input,0.7420747876,0.6125081778,0.3159180441,0.1932630666,0.1785438359,0.007038087118,0.5419897437,0.2724283636,,,,,,,
therapist,soft_linear,-1,130,130,17,957962b55a53a08db5f378e511817642230cbd4d6d1cf4d43dd6a4b63131ccc1,10,therapist_input,False,0.3609640474,0,0.2,0.8,0,therapist_input,0.5376563072,0.9788027763,0.05753721932,0.1144414462,0.1412315816,0.02147435769,0.7685270309,0.06876704842,,,,,,,
therapist,soft_linear,-1,130,130,19,957962b55a53a08db5f378e511817642230cbd4d6d1cf4d43dd6a4b63131ccc1,10,therapist_input,False,-0,0,0,1,0,therapist_input,0.7864825726,0.594894886,0.2964639765,0.1882556976,0.06256920844,0.2853176594,0.551620543,0.100492619,,,,,,,
therapist,soft_linear,-1,130,130,21,957962b55a53a08db5f378e511817642230cbd4d6d1cf4d43dd6a4b63131ccc1,10,other,False,-0,0,0,0,1,other,0.1379296631,0.03719767556,0.001925010419,0.01282467849,0.00711271679,0.00732196914,0.02207965776,0.9634856582,,,,,,,
therapist,transcript_balanced_prior,-1,7,7,0,7fe3d6029ec1e666f41b728458a973e8e2e6924c09046427a23859dcc7b3d75a,10,question,False,-0,0,1,0,0,therapist_input,0.9920676135,1.344213607,0.7340326473,0.3718400272,0.2026172047,0.260744675,0.3036053469,0.2330327734,,,,,,,
therapist,transcript_balanced_prior,-1,7,7,2,7fe3d6029ec1e666f41b728458a973e8e2e6924c09046427a23859dcc7b3d75a,10,reflection,False,-0,1,0,0,0,therapist_input,0.9920676135,1.596436771,0.850287588,0.4204728537,0.2026172047,0.260744675,0.3036053469,0.2330327734,,,,,,,
therapist,transcript_balanced_prior,-1,7,7,4,7fe3d6029ec1e666f41b728458a973e8e2e6924c09046427a23859dcc7b3d75a,10,other,False,0.4406454496,0.3,0,0,0.7,therapist_input,0.9920676135,1.498534355,0.3877057918,0.2614856472,0.2026172047,0.260744675,0.3036053469,0.2330327734,,,,,,,
therapist,transcript_balanced_prior,-1,7,7,6,7fe3d6029ec1e666f41b728458a973e8e2e6924c09046427a23859dcc7b3d75a,10,question,False,-0,0,1,0,0,therapist_input,0.9920676135,1.344213607,0.7340326473,0.3718400272,0.2026172047,0.260744675,0.3036053469,0.2330327734,,,,,,,
therapist,transcript_balanced_prior,-1,7,7,8,7fe3d6029ec1e666f41b728458a973e8e2e6924c09046427a23859dcc7b3d75a,10,reflection,False,0.2344977968,0.9,0,0,0.1,therapist_input,0.9920676135,1.582450712,0.6642044743,0.3283896038,0.2026172047,0.260744675,0.3036053469,0.2330327734,,,,,,,
therapist,transcript_balanced_prior,-1,7,7,10,7fe3d6029ec1e666f41b728458a973e8e2e6924c09046427a23859dcc7b3d75a,10,question,False,-0,0,1,0,0,therapist_input,0.9920676135,1.344213607,0.7340326473,0.3718400272,0.2026172047,0.260744675,0.3036053469,0.2330327734,,,,,,,
therapist,transcript_balanced_prior,-1,7,7,12,7fe3d6029ec1e666f41b728458a973e8e2e6924c09046427a23859dcc7b3d75a,10,other,False,0.5783898247,0.1,0.2,0,0.7,therapist_input,0.9920676135,1.448089722,0.3244548037,0.177253686,0.2026172047,0.260744675,0.3036053469,0.2330327734,,,,,,,
therapist,transcript_balanced_prior,-1,7,7,14,7fe3d6029ec1e666f41b728458a973e8e2e6924c09046427a23859dcc7b3d75a,10,reflection,False,0.2344977968,0.9,0,0,0.1,therapist_input,0.9920676135,1.582450712,0.6642044743,0.3283896038,0.2026172047,0.260744675,0.3036053469,0.2330327734,,,,,,,
therapist,transcript_balanced_prior,-1,7,7,16,7fe3d6029ec1e666f41b728458a973e8e2e6924c09046427a23859dcc7b3d75a,10,question,False,-0,0,1,0,0,therapist_input,0.9920676135,1.344213607,0.7340326473,0.3718400272,0.2026172047,0.260744675,0.3036053469,0.2330327734,,,,,,,
therapist,transcript_balanced_prior,-1,7,7,18,7fe3d6029ec1e666f41b728458a973e8e2e6924c09046427a23859dcc7b3d75a,10,question,False,0.3609640474,0.2,0.8,0,0,therapist_input,0.9920676135,1.39465824,0.4372836355,0.2578325679,0.2026172047,0.260744675,0.3036053469,0.2330327734,,,,,,,
therapist,transcript_balanced_prior,-1,7,7,20,7fe3d6029ec1e666f41b728458a973e8e2e6924c09046427a23859dcc7b3d75a,10,question,False,-0,0,1,0,0,therapist_input,0.9920676135,1.344213607,0.7340326473,0.3718400272,0.2026172047,0.260744675,0.3036053469,0.2330327734,,,,,,,
therapist,transcript_balanced_prior,-1,7,7,22,7fe3d6029ec1e666f41b728458a973e8e2e6924c09046427a23859dcc7b3d75a,10,question,False,-0,0,1,0,0,therapist_input,0.9920676135,1.344213607,0.7340326473,0.3718400272,0.2026172047,0.260744675,0.3036053469,0.2330327734,,,,,,,
therapist,transcript_balanced_prior,-1,7,7,24,7fe3d6029ec1e666f41b728458a973e8e2e6924c09046427a23859dcc7b3d75a,10,reflection,False,0.3609640474,0.8,0.2,0,0,therapist_input,0.9920676135,1.545992139,0.5070365999,0.2831727211,0.2026172047,0.260744675,0.3036053469,0.2330327734,,,,,,,
therapist,transcript_balanced_prior,-1,7,7,26,7fe3d6029ec1e666f41b728458a973e8e2e6924c09046427a23859dcc7b3d75a,10,question,False,-0,0,1,0,0,therapist_input,0.9920676135,1.344213607,0.7340326473,0.3718400272,0.2026172047,0.260744675,0.3036053469,0.2330327734,,,,,,,
therapist,transcript_balanced_prior,-1,7,7,28,7fe3d6029ec1e666f41b728458a973e8e2e6924c09046427a23859dcc7b3d75a,10,question,False,0.4609640474,0,0.8,0.1,0.1,therapist_input,0.9920676135,1.340231166,0.3910028933,0.1826247813,0.2026172047,0.260744675,0.3036053469,0.2330327734,,,,,,,
therapist,transcript_balanced_prior,-1,7,7,30,7fe3d6029ec1e666f41b728458a973e8e2e6924c09046427a23859dcc7b3d75a,10,therapist_input,False,-0,0,0,1,0,therapist_input,0.9920676135,1.192026622,0.6483113034,0.3393794526,0.2026172047,0.260744675,0.3036053469,0.2330327734,,,,,,,
therapist,transcript_balanced_prior,-1,7,7,32,7fe3d6029ec1e666f41b728458a973e8e2e6924c09046427a23859dcc7b3d75a,10,other,False,0.2344977968,0,0,0.1,0.9,therapist_input,0.9920676135,1.430121221,0.5953419359,0.2922803074,0.2026172047,0.260744675,0.3036053469,0.2330327734,,,,,,,
therapist,transcript_balanced_prior,-1,7,7,34,7fe3d6029ec1e666f41b728458a973e8e2e6924c09046427a23859dcc7b3d75a,10,question,False,-0,0,1,0,0,therapist_input,0.9920676135,1.344213607,0.7340326473,0.3718400272,0.2026172047,0.260744675,0.3036053469,0.2330327734,,,,,,,
therapist,transcript_balanced_prior,-1,7,7,36,7fe3d6029ec1e666f41b728458a973e8e2e6924c09046427a23859dcc7b3d75a,10,other,False,0.3609640474,0.2,0,0,0.8,therapist_input,0.9920676135,1.484548296,0.4816226781,0.2778563074,0.2026172047,0.260744675,0.3036053469,0.2330327734,,,,,,,
therapist,transcript_balanced_prior,-1,7,7,38,7fe3d6029ec1e666f41b728458a973e8e2e6924c09046427a23859dcc7b3d75a,10,reflection,False,0.4406454496,0.7,0.3,0,0,therapist_input,0.9920676135,1.520769822,0.3954111058,0.2591660672,0.2026172047,0.260744675,0.3036053469,0.2330327734,,,,,,,
therapist,transcript_balanced_prior,-1,7,7,40,7fe3d6029ec1e666f41b728458a973e8e2e6924c09046427a23859dcc7b3d75a,10,question,False,0.2344977968,0.1,0.9,0,0,therapist_input,0.9920676135,1.369435924,0.5656581414,0.2879704718,0.2026172047,0.260744675,0.3036053469,0.2330327734,,,,,,,
therapist,transcript_balanced_prior,-1,7,7,42,7fe3d6029ec1e666f41b728458a973e8e2e6924c09046427a23859dcc7b3d75a,10,question,False,-0,0,1,0,0,therapist_input,0.9920676135,1.344213607,0.7340326473,0.3718400272,0.2026172047,0.260744675,0.3036053469,0.2330327734,,,,,,,
therapist,transcript_balanced_prior,-1,7,7,44,7fe3d6029ec1e666f41b728458a973e8e2e6924c09046427a23859dcc7b3d75a,10,other,False,0.2344977968,0.1,0,0,0.9,therapist_input,0.9920676135,1.470562236,0.6155395643,0.3092583596,0.2026172047,0.260744675,0.3036053469,0.2330327734,,,,,,,
therapist,transcript_balanced_prior,-1,7,7,46,7fe3d6029ec1e666f41b728458a973e8e2e6924c09046427a23859dcc7b3d75a,10,other,False,-0,0,0,0,1,therapist_input,0.9920676135,1.456576177,0.7894564506,0.3942863052,0.2026172047,0.260744675,0.3036053469,0.2330327734,,,,,,,
therapist,transcript_balanced_prior,-1,7,7,48,7fe3d6029ec1e666f41b728458a973e8e2e6924c09046427a23859dcc7b3d75a,10,question,False,-0,0,1,0,0,therapist_input,0.9920676135,1.344213607,0.7340326473,0.3718400272,0.2026172047,0.260744675,0.3036053469,0.2330327734,,,,,,,
therapist,transcript_balanced_prior,-1,7,7,50,7fe3d6029ec1e666f41b728458a973e8e2e6924c09046427a23859dcc7b3d75a,10,question,False,-0,0,1,0,0,therapist_input,0.9920676135,1.344213607,0.7340326473,0.3718400272,0.2026172047,0.260744675,0.3036053469,0.2330327734,,,,,,,
therapist,transcript_balanced_prior,-1,7,7,52,7fe3d6029ec1e666f41b728458a973e8e2e6924c09046427a23859dcc7b3d75a,10,reflection,False,0.2344977968,0.9,0.1,0,0,therapist_input,0.9920676135,1.571214455,0.658662094,0.3236740672,0.2026172047,0.260744675,0.3036053469,0.2330327734,,,,,,,
therapist,transcript_balanced_prior,-1,7,7,54,7fe3d6029ec1e666f41b728458a973e8e2e6924c09046427a23859dcc7b3d75a,10,question,False,0.4854752972,0.4,0.6,0,0,therapist_input,0.9920676135,1.445102873,0.3005346236,0.2368025024,0.2026172047,0.260744675,0.3036053469,0.2330327734,,,,,,,
therapist,transcript_balanced_prior,-1,7,7,56,7fe3d6029ec1e666f41b728458a973e8e2e6924c09046427a23859dcc7b3d75a,10,question,False,-0,0,1,0,0,therapist_input,0.9920676135,1.344213607,0.7340326473,0.3718400272,0.2026172047,0.260744675,0.3036053469,0.2330327734,,,,,,,
therapist,transcript_balanced_prior,-1,7,7,58,7fe3d6029ec1e666f41b728458a973e8e2e6924c09046427a23859dcc7b3d75a,10,therapist_input,False,0.2344977968,0,0.1,0.9,0,therapist_input,0.9920676135,1.20724532,0.4768834378,0.2467825179,0.2026172047,0.260744675,0.3036053469,0.2330327734,,,,,,,
therapist,transcript_balanced_prior,-1,7,7,60,7fe3d6029ec1e666f41b728458a973e8e2e6924c09046427a23859dcc7b3d75a,10,question,False,0.4406454496,0,0.7,0.3,0,therapist_input,0.9920676135,1.298557512,0.2883162442,0.2031116667,0.2026172047,0.260744675,0.3036053469,0.2330327734,,,,,,,
therapist,transcript_balanced_prior,-1,7,7,62,7fe3d6029ec1e666f41b728458a973e8e2e6924c09046427a23859dcc7b3d75a,10,other,False,0.6477309221,0.1,0,0.3,0.6,therapist_input,0.9920676135,1.39119737,0.2131960202,0.1410814965,0.2026172047,0.260744675,0.3036053469,0.2330327734,,,,,,,
therapist,transcript_balanced_prior,-1,7,7,64,7fe3d6029ec1e666f41b728458a973e8e2e6924c09046427a23859dcc7b3d75a,10,other,False,-0,0,0,0,1,therapist_input,0.9920676135,1.456576177,0.7894564506,0.3942863052,0.2026172047,0.260744675,0.3036053469,0.2330327734,,,,,,,
therapist,transcript_balanced_prior,-1,27,27,0,e883cab14c33a28c3bf1e25281ef335a7bcd08f31fb3e2cea1e824982af00196,10,therapist_input,False,0.4609640474,0,0.1,0.8,0.1,question,0.9850495937,1.41019914,0.429112134,0.1984068023,0.217011144,0.3381436649,0.2394639328,0.2053812582,,,,,,,
therapist,transcript_balanced_prior,-1,27,27,2,e883cab14c33a28c3bf1e25281ef335a7bcd08f31fb3e2cea1e824982af00196,10,other,False,-0,0,0,0,1,question,0.9850495937,1.582887231,0.8501968946,0.4180193482,0.217011144,0.3381436649,0.2394639328,0.2053812582,,,,,,,
therapist,transcript_balanced_prior,-1,27,27,4,e883cab14c33a28c3bf1e25281ef335a7bcd08f31fb3e2cea1e824982af00196,10,therapist_input,False,-0,0,0,1,0,question,0.9850495937,1.429352467,0.7820315455,0.3889645763,0.217011144,0.3381436649,0.2394639328,0.2053812582,,,,,,,
therapist,transcript_balanced_prior,-1,27,27,6,e883cab14c33a28c3bf1e25281ef335a7bcd08f31fb3e2cea1e824982af00196,10,other,False,-0,0,0,0,1,question,0.9850495937,1.582887231,0.8501968946,0.4180193482,0.217011144,0.3381436649,0.2394639328,0.2053812582,,,,,,,
therapist,transcript_balanced_prior,-1,27,27,8,e883cab14c33a28c3bf1e25281ef335a7bcd08f31fb3e2cea1e824982af00196,10,other,False,0.9232196723,0.3,0.1,0.2,0.4,question,0.9850495937,1.4857958,0.103033412,0.05433241202,0.217011144,0.3381436649,0.2394639328,0.2053812582,,,,,,,
therapist,transcript_balanced_prior,-1,27,27,10,e883cab14c33a28c3bf1e25281ef335a7bcd08f31fb3e2cea1e824982af00196,10,other,False,0.3609640474,0.2,0,0,0.8,question,0.9850495937,1.571871099,0.5255449403,0.2942927016,0.217011144,0.3381436649,0.2394639328,0.2053812582,,,,,,,
therapist,transcript_balanced_prior,-1,27,27,12,e883cab14c33a28c3bf1e25281ef335a7bcd08f31fb3e2cea1e824982af00196,10,reflection,False,0.3609640474,0.8,0,0,0.2,question,0.9850495937,1.538822704,0.5115890773,0.2890601449,0.217011144,0.3381436649,0.2394639328,0.2053812582,,,,,,,
therapist,transcript_balanced_prior,-1,27,27,14,e883cab14c33a28c3bf1e25281ef335a7bcd08f31fb3e2cea1e824982af00196,10,therapist_input,False,-0,0,0,1,0,question,0.9850495937,1.429352467,0.7820315455,0.3889645763,0.217011144,0.3381436649,0.2394639328,0.2053812582,,,,,,,
therapist,transcript_balanced_prior,-1,27,27,16,e883cab14c33a28c3bf1e25281ef335a7bcd08f31fb3e2cea1e824982af00196,10,therapist_input,False,-0,0,0,1,0,question,0.9850495937,1.429352467,0.7820315455,0.3889645763,0.217011144,0.3381436649,0.2394639328,0.2053812582,,,,,,,
therapist,transcript_balanced_prior,-1,27,27,18,e883cab14c33a28c3bf1e25281ef335a7bcd08f31fb3e2cea1e824982af00196,10,therapist_input,False,-0,0,0,1,0,question,0.9850495937,1.429352467,0.7820315455,0.3889645763,0.217011144,0.3381436649,0.2394639328,0.2053812582,,,,,,,
therapist,transcript_balanced_prior,-1,27,27,20,e883cab14c33a28c3bf1e25281ef335a7bcd08f31fb3e2cea1e824982af00196,10,therapist_input,False,0.6477309221,0.1,0.3,0.6,0,question,0.9850495937,1.335677466,0.187314264,0.1228058669,0.217011144,0.3381436649,0.2394639328,0.2053812582,,,,,,,
therapist,transcript_balanced_prior,-1,27,27,22,e883cab14c33a28c3bf1e25281ef335a7bcd08f31fb3e2cea1e824982af00196,10,other,False,-0,0,0,0,1,question,0.9850495937,1.582887231,0.8501968946,0.4180193482,0.217011144,0.3381436649,0.2394639328,0.2053812582,,,,,,,
therapist,transcript_balanced_prior,-1,55,55,0,1b9abf33ba8b2badfab01f2ee1f7aa958800a9808d579c0ec4e6bc41eb27f449,10,question,False,0.2344977968,0,0.9,0.1,0,therapist_input,0.9947180884,1.410301717,0.5845273617,0.2888816573,0.2106980127,0.2390275033,0.2945144379,0.2557600461,,,,,,,
therapist,transcript_balanced_prior,-1,55,55,2,1b9abf33ba8b2badfab01f2ee1f7aa958800a9808d579c0ec4e6bc41eb27f449,10,question,False,0.2344977968,0,0.9,0.1,0,therapist_input,0.9947180884,1.410301717,0.5845273617,0.2888816573,0.2106980127,0.2390275033,0.2945144379,0.2557600461,,,,,,,
therapist,transcript_balanced_prior,-1,55,55,4,1b9abf33ba8b2badfab01f2ee1f7aa958800a9808d579c0ec4e6bc41eb27f449,10,question,False,-0,0,1,0,0,therapist_input,0.9947180884,1.431176657,0.7756247486,0.3893234888,0.2106980127,0.2390275033,0.2945144379,0.2557600461,,,,,,,
therapist,transcript_balanced_prior,-1,55,55,6,1b9abf33ba8b2badfab01f2ee1f7aa958800a9808d579c0ec4e6bc41eb27f449,10,question,False,-0,0,1,0,0,therapist_input,0.9947180884,1.431176657,0.7756247486,0.3893234888,0.2106980127,0.2390275033,0.2945144379,0.2557600461,,,,,,,
therapist,transcript_balanced_prior,-1,55,55,8,1b9abf33ba8b2badfab01f2ee1f7aa958800a9808d579c0ec4e6bc41eb27f449,10,therapist_input,False,0.3609640474,0,0.2,0.8,0,therapist_input,0.9947180884,1.264177133,0.3668456533,0.2231684181,0.2106980127,0.2390275033,0.2945144379,0.2557600461,,,,,,,
therapist,transcript_balanced_prior,-1,55,55,10,1b9abf33ba8b2badfab01f2ee1f7aa958800a9808d579c0ec4e6bc41eb27f449,10,question,False,-0,0,1,0,0,therapist_input,0.9947180884,1.431176657,0.7756247486,0.3893234888,0.2106980127,0.2390275033,0.2945144379,0.2557600461,,,,,,,
therapist,transcript_balanced_prior,-1,55,55,12,1b9abf33ba8b2badfab01f2ee1f7aa958800a9808d579c0ec4e6bc41eb27f449,10,question,False,-0,0,1,0,0,therapist_input,0.9947180884,1.431176657,0.7756247486,0.3893234888,0.2106980127,0.2390275033,0.2945144379,0.2557600461,,,,,,,
therapist,transcript_balanced_prior,-1,55,55,14,1b9abf33ba8b2badfab01f2ee1f7aa958800a9808d579c0ec4e6bc41eb27f449,10,question,False,-0,0,1,0,0,therapist_input,0.9947180884,1.431176657,0.7756247486,0.3893234888,0.2106980127,0.2390275033,0.2945144379,0.2557600461,,,,,,,
therapist,transcript_balanced_prior,-1,55,55,16,1b9abf33ba8b2badfab01f2ee1f7aa958800a9808d579c0ec4e6bc41eb27f449,10,question,False,-0,0,1,0,0,therapist_input,0.9947180884,1.431176657,0.7756247486,0.3893234888,0.2106980127,0.2390275033,0.2945144379,0.2557600461,,,,,,,
therapist,transcript_balanced_prior,-1,55,55,18,1b9abf33ba8b2badfab01f2ee1f7aa958800a9808d579c0ec4e6bc41eb27f449,10,reflection,False,-0,1,0,0,0,therapist_input,0.9947180884,1.55732939,0.8322837297,0.4133431244,0.2106980127,0.2390275033,0.2945144379,0.2557600461,,,,,,,
therapist,transcript_balanced_prior,-1,55,55,20,1b9abf33ba8b2badfab01f2ee1f7aa958800a9808d579c0ec4e6bc41eb27f449,10,reflection,False,0.2344977968,0.9,0,0,0.1,therapist_input,0.9947180884,1.53794801,0.643271323,0.3177096285,0.2106980127,0.2390275033,0.2945144379,0.2557600461,,,,,,,
therapist,transcript_balanced_prior,-1,55,55,22,1b9abf33ba8b2badfab01f2ee1f7aa958800a9808d579c0ec4e6bc41eb27f449,10,question,False,0.6477309221,0.3,0.6,0.1,0,therapist_input,0.9947180884,1.448147536,0.241525056,0.157741762,0.2106980127,0.2390275033,0.2945144379,0.2557600461,,,,,,,
therapist,transcript_balanced_prior,-1,55,55,24,1b9abf33ba8b2badfab01f2ee1f7aa958800a9808d579c0ec4e6bc41eb27f449,10,question,False,-0,0,1,0,0,therapist_input,0.9947180884,1.431176657,0.7756247486,0.3893234888,0.2106980127,0.2390275033,0.2945144379,0.2557600461,,,,,,,
therapist,transcript_balanced_prior,-1,55,55,26,1b9abf33ba8b2badfab01f2ee1f7aa958800a9808d579c0ec4e6bc41eb27f449,10,question,False,-0,0,1,0,0,therapist_input,0.9947180884,1.431176657,0.7756247486,0.3893234888,0.2106980127,0.2390275033,0.2945144379,0.2557600461,,,,,,,
therapist,transcript_balanced_prior,-1,55,55,28,1b9abf33ba8b2badfab01f2ee1f7aa958800a9808d579c0ec4e6bc41eb27f449,10,question,False,-0,0,1,0,0,therapist_input,0.9947180884,1.431176657,0.7756247486,0.3893234888,0.2106980127,0.2390275033,0.2945144379,0.2557600461,,,,,,,
therapist,transcript_balanced_prior,-1,55,55,30,1b9abf33ba8b2badfab01f2ee1f7aa958800a9808d579c0ec4e6bc41eb27f449,10,question,False,-0,0,1,0,0,therapist_input,0.9947180884,1.431176657,0.7756247486,0.3893234888,0.2106980127,0.2390275033,0.2945144379,0.2557600461,,,,,,,
therapist,transcript_balanced_prior,-1,55,55,32,1b9abf33ba8b2badfab01f2ee1f7aa958800a9808d579c0ec4e6bc41eb27f449,10,question,False,-0,0,1,0,0,therapist_input,0.9947180884,1.431176657,0.7756247486,0.3893234888,0.2106980127,0.2390275033,0.2945144379,0.2557600461,,,,,,,
therapist,transcript_balanced_prior,-1,55,55,34,1b9abf33ba8b2badfab01f2ee1f7aa958800a9808d579c0ec4e6bc41eb27f449,10,reflection,False,-0,1,0,0,0,therapist_input,0.9947180884,1.55732939,0.8322837297,0.4133431244,0.2106980127,0.2390275033,0.2945144379,0.2557600461,,,,,,,
therapist,transcript_balanced_prior,-1,55,55,36,1b9abf33ba8b2badfab01f2ee1f7aa958800a9808d579c0ec4e6bc41eb27f449,10,question,False,0.2344977968,0,0.9,0.1,0,therapist_input,0.9947180884,1.410301717,0.5845273617,0.2888816573,0.2106980127,0.2390275033,0.2945144379,0.2557600461,,,,,,,
therapist,transcript_balanced_prior,-1,55,55,38,1b9abf33ba8b2badfab01f2ee1f7aa958800a9808d579c0ec4e6bc41eb27f449,10,therapist_input,False,-0,0,0,1,0,therapist_input,0.9947180884,1.222427252,0.6646508795,0.346055765,0.2106980127,0.2390275033,0.2945144379,0.2557600461,,,,,,,
therapist,transcript_balanced_prior,-1,55,55,40,1b9abf33ba8b2badfab01f2ee1f7aa958800a9808d579c0ec4e6bc41eb27f449,10,therapist_input,True,0.5,0,0,0.5,0.5,therapist_input,0.9947180884,1.292971423,0.2034052712,0.1893929437,0.2106980127,0.2390275033,0.2945144379,0.2557600461,,,,,,,
therapist,transcript_balanced_prior,-1,55,55,42,1b9abf33ba8b2badfab01f2ee1f7aa958800a9808d579c0ec4e6bc41eb27f449,10,question,False,-0,0,1,0,0,therapist_input,0.9947180884,1.431176657,0.7756247486,0.3893234888,0.2106980127,0.2390275033,0.2945144379,0.2557600461,,,,,,,
therapist,transcript_balanced_prior,-1,55,55,44,1b9abf33ba8b2badfab01f2ee1f7aa958800a9808d579c0ec4e6bc41eb27f449,10,question,False,0.4406454496,0.3,0.7,0,0,therapist_input,0.9947180884,1.469022477,0.3726224429,0.2537326013,0.2106980127,0.2390275033,0.2945144379,0.2557600461,,,,,,,
therapist,transcript_balanced_prior,-1,55,55,46,1b9abf33ba8b2badfab01f2ee1f7aa958800a9808d579c0ec4e6bc41eb27f449,10,reflection,False,0.2344977968,0.9,0.1,0,0,therapist_input,0.9947180884,1.544714117,0.6466178316,0.3205505769,0.2106980127,0.2390275033,0.2945144379,0.2557600461,,,,,,,
therapist,transcript_balanced_prior,-1,55,55,48,1b9abf33ba8b2badfab01f2ee1f7aa958800a9808d579c0ec4e6bc41eb27f449,10,question,False,0.2344977968,0,0.9,0,0.1,therapist_input,0.9947180884,1.424410551,0.59227824,0.2948964312,0.2106980127,0.2390275033,0.2945144379,0.2557600461,,,,,,,
therapist,transcript_balanced_prior,-1,55,55,50,1b9abf33ba8b2badfab01f2ee1f7aa958800a9808d579c0ec4e6bc41eb27f449,10,therapist_input,False,-0,0,0,1,0,therapist_input,0.9947180884,1.222427252,0.6646508795,0.346055765,0.2106980127,0.2390275033,0.2945144379,0.2557600461,,,,,,,
therapist,transcript_balanced_prior,-1,55,55,52,1b9abf33ba8b2badfab01f2ee1f7aa958800a9808d579c0ec4e6bc41eb27f449,10,reflection,False,0.6783898247,0.7,0.1,0.1,0.1,therapist_input,0.9947180884,1.491842523,0.3208421399,0.1266985469,0.2106980127,0.2390275033,0.2945144379,0.2557600461,,,,,,,
therapist,transcript_balanced_prior,-1,55,55,54,1b9abf33ba8b2badfab01f2ee1f7aa958800a9808d579c0ec4e6bc41eb27f449,10,question,False,0.2344977968,0,0.9,0.1,0,therapist_input,0.9947180884,1.410301717,0.5845273617,0.2888816573,0.2106980127,0.2390275033,0.2945144379,0.2557600461,,,,,,,
therapist,transcript_balanced_prior,-1,55,55,56,1b9abf33ba8b2badfab01f2ee1f7aa958800a9808d579c0ec4e6bc41eb27f449,10,question,False,0.4609640474,0,0.8,0.1,0.1,therapist_input,0.9947180884,1.40353561,0.4211808531,0.195626277,0.2106980127,0.2390275033,0.2945144379,0.2557600461,,,,,,,
therapist,transcript_balanced_prior,-1,55,55,58,1b9abf33ba8b2badfab01f2ee1f7aa958800a9808d579c0ec4e6bc41eb27f449,10,question,False,0.2344977968,0,0.9,0.1,0,therapist_input,0.9947180884,1.410301717,0.5845273617,0.2888816573,0.2106980127,0.2390275033,0.2945144379,0.2557600461,,,,,,,
therapist,transcript_balanced_prior,-1,55,55,60,1b9abf33ba8b2badfab01f2ee1f7aa958800a9808d579c0ec4e6bc41eb27f449,10,question,False,0.2344977968,0,0.9,0.1,0,therapist_input,0.9947180884,1.410301717,0.5845273617,0.2888816573,0.2106980127,0.2390275033,0.2945144379,0.2557600461,,,,,,,
therapist,transcript_balanced_prior,-1,55,55,62,1b9abf33ba8b2badfab01f2ee1f7aa958800a9808d579c0ec4e6bc41eb27f449,10,other,False,0.7427376486,0,0.2,0.3,0.5,therapist_input,0.9947180884,1.334721304,0.1056000451,0.09399503332,0.2106980127,0.2390275033,0.2945144379,0.2557600461,,,,,,,
therapist,transcript_balanced_prior,-1,55,55,64,1b9abf33ba8b2badfab01f2ee1f7aa958800a9808d579c0ec4e6bc41eb27f449,10,other,False,-0,0,0,0,1,therapist_input,0.9947180884,1.363515594,0.742159663,0.3757867483,0.2106980127,0.2390275033,0.2945144379,0.2557600461,,,,,,,
therapist,transcript_balanced_prior,-1,56,56,0,994bc72760dcfe7fa4dcb4204fd49276c86f3b5d7563bd03968bb98375e50059,10,question,False,0.8427376486,0.1,0.5,0.3,0.1,question,0.9820639265,1.267711659,0.05016019073,0.02555800072,0.1991449824,0.3221714427,0.2863704985,0.1923130764,,,,,,,
therapist,transcript_balanced_prior,-1,56,56,2,994bc72760dcfe7fa4dcb4204fd49276c86f3b5d7563bd03968bb98375e50059,10,other,False,0.4854752972,0,0.4,0,0.6,question,0.9820639265,1.442246955,0.2939326984,0.2254130214,0.1991449824,0.3221714427,0.2863704985,0.1923130764,,,,,,,
therapist,transcript_balanced_prior,-1,56,56,4,994bc72760dcfe7fa4dcb4204fd49276c86f3b5d7563bd03968bb98375e50059,10,question,False,-0,0,1,0,0,question,0.9820639265,1.132671444,0.6181026589,0.3260649932,0.1991449824,0.3221714427,0.2863704985,0.1923130764,,,,,,,
therapist,transcript_balanced_prior,-1,56,56,6,994bc72760dcfe7fa4dcb4204fd49276c86f3b5d7563bd03968bb98375e50059,10,other,False,-0,0,0,0,1,question,0.9820639265,1.648630629,0.8778193914,0.4297595036,0.1991449824,0.3221714427,0.2863704985,0.1923130764,,,,,,,
therapist,transcript_balanced_prior,-1,56,56,8,994bc72760dcfe7fa4dcb4204fd49276c86f3b5d7563bd03968bb98375e50059,10,reflection,False,0.2344977968,0.9,0.1,0,0,question,0.9820639265,1.565617093,0.6595502873,0.3175421107,0.1991449824,0.3221714427,0.2863704985,0.1923130764,,,,,,,
therapist,transcript_balanced_prior,-1,56,56,10,994bc72760dcfe7fa4dcb4204fd49276c86f3b5d7563bd03968bb98375e50059,10,reflection,True,0.5,0.5,0.5,0,0,question,0.9820639265,1.373196805,0.2411291191,0.2090382435,0.1991449824,0.3221714427,0.2863704985,0.1923130764,,,,,,,
therapist,transcript_balanced_prior,-1,56,56,12,994bc72760dcfe7fa4dcb4204fd49276c86f3b5d7563bd03968bb98375e50059,10,reflection,False,-0,1,0,0,0,question,0.9820639265,1.613722165,0.8641555794,0.4235772109,0.1991449824,0.3221714427,0.2863704985,0.1923130764,,,,,,,
therapist,transcript_balanced_prior,-1,56,56,14,994bc72760dcfe7fa4dcb4204fd49276c86f3b5d7563bd03968bb98375e50059,10,reflection,False,-0,1,0,0,0,question,0.9820639265,1.613722165,0.8641555794,0.4235772109,0.1991449824,0.3221714427,0.2863704985,0.1923130764,,,,,,,
therapist,transcript_balanced_prior,-1,56,56,16,994bc72760dcfe7fa4dcb4204fd49276c86f3b5d7563bd03968bb98375e50059,10,reflection,False,-0,1,0,0,0,question,0.9820639265,1.613722165,0.8641555794,0.4235772109,0.1991449824,0.3221714427,0.2863704985,0.1923130764,,,,,,,
therapist,transcript_balanced_prior,-1,56,56,18,994bc72760dcfe7fa4dcb4204fd49276c86f3b5d7563bd03968bb98375e50059,10,reflection,False,0.3609640474,0.8,0.2,0,0,question,0.9820639265,1.517512021,0.4949449953,0.2698766404,0.1991449824,0.3221714427,0.2863704985,0.1923130764,,,,,,,
therapist,transcript_balanced_prior,-1,56,56,20,994bc72760dcfe7fa4dcb4204fd49276c86f3b5d7563bd03968bb98375e50059,10,other,False,0.2344977968,0.1,0,0,0.9,question,0.9820639265,1.645139782,0.6964530102,0.3436805777,0.1991449824,0.3221714427,0.2863704985,0.1923130764,,,,,,,
therapist,transcript_balanced_prior,-1,56,56,22,994bc72760dcfe7fa4dcb4204fd49276c86f3b5d7563bd03968bb98375e50059,10,reflection,False,0.3609640474,0.8,0,0,0.2,question,0.9820639265,1.620703857,0.5468883418,0.3077070551,0.1991449824,0.3221714427,0.2863704985,0.1923130764,,,,,,,
therapist,transcript_balanced_prior,-1,56,56,24,994bc72760dcfe7fa4dcb4204fd49276c86f3b5d7563bd03968bb98375e50059,10,question,False,-0,0,1,0,0,question,0.9820639265,1.132671444,0.6181026589,0.3260649932,0.1991449824,0.3221714427,0.2863704985,0.1923130764,,,,,,,
therapist,transcript_balanced_prior,-1,56,56,26,994bc72760dcfe7fa4dcb4204fd49276c86f3b5d7563bd03968bb98375e50059,10,other,False,-0,0,0,0,1,question,0.9820639265,1.648630629,0.8778193914,0.4297595036,0.1991449824,0.3221714427,0.2863704985,0.1923130764,,,,,,,
therapist,transcript_balanced_prior,-1,56,56,28,994bc72760dcfe7fa4dcb4204fd49276c86f3b5d7563bd03968bb98375e50059,10,reflection,False,-0,1,0,0,0,question,0.9820639265,1.613722165,0.8641555794,0.4235772109,0.1991449824,0.3221714427,0.2863704985,0.1923130764,,,,,,,
therapist,transcript_balanced_prior,-1,56,56,30,994bc72760dcfe7fa4dcb4204fd49276c86f3b5d7563bd03968bb98375e50059,10,question,False,0.4406454496,0.3,0.7,0,0,question,0.9820639265,1.27698666,0.271918535,0.2067853922,0.1991449824,0.3221714427,0.2863704985,0.1923130764,,,,,,,
therapist,transcript_balanced_prior,-1,56,56,32,994bc72760dcfe7fa4dcb4204fd49276c86f3b5d7563bd03968bb98375e50059,10,other,False,-0,0,0,0,1,question,0.9820639265,1.648630629,0.8778193914,0.4297595036,0.1991449824,0.3221714427,0.2863704985,0.1923130764,,,,,,,
therapist,transcript_balanced_prior,-1,56,56,34,994bc72760dcfe7fa4dcb4204fd49276c86f3b5d7563bd03968bb98375e50059,10,question,False,-0,0,1,0,0,question,0.9820639265,1.132671444,0.6181026589,0.3260649932,0.1991449824,0.3221714427,0.2863704985,0.1923130764,,,,,,,
therapist,transcript_balanced_prior,-1,56,56,36,994bc72760dcfe7fa4dcb4204fd49276c86f3b5d7563bd03968bb98375e50059,10,reflection,False,-0,1,0,0,0,question,0.9820639265,1.613722165,0.8641555794,0.4235772109,0.1991449824,0.3221714427,0.2863704985,0.1923130764,,,,,,,
therapist,transcript_balanced_prior,-1,56,56,38,994bc72760dcfe7fa4dcb4204fd49276c86f3b5d7563bd03968bb98375e50059,10,other,False,-0,0,0,0,1,question,0.9820639265,1.648630629,0.8778193914,0.4297595036,0.1991449824,0.3221714427,0.2863704985,0.1923130764,,,,,,,
therapist,transcript_balanced_prior,-1,56,56,40,994bc72760dcfe7fa4dcb4204fd49276c86f3b5d7563bd03968bb98375e50059,10,other,False,-0,0,0,0,1,question,0.9820639265,1.648630629,0.8778193914,0.4297595036,0.1991449824,0.3221714427,0.2863704985,0.1923130764,,,,,,,
therapist,transcript_balanced_prior,-1,56,56,42,994bc72760dcfe7fa4dcb4204fd49276c86f3b5d7563bd03968bb98375e50059,10,reflection,False,0.5783898247,0.7,0.2,0,0.1,question,0.9820639265,1.521002867,0.3563113765,0.1877714233,0.1991449824,0.3221714427,0.2863704985,0.1923130764,,,,,,,
therapist,transcript_balanced_prior,-1,56,56,44,994bc72760dcfe7fa4dcb4204fd49276c86f3b5d7563bd03968bb98375e50059,10,reflection,False,0.4406454496,0.7,0,0.3,0,question,0.9820639265,1.504746172,0.3918202698,0.252281788,0.1991449824,0.3221714427,0.2863704985,0.1923130764,,,,,,,
therapist,transcript_balanced_prior,-1,56,56,46,994bc72760dcfe7fa4dcb4204fd49276c86f3b5d7563bd03968bb98375e50059,10,question,False,-0,0,1,0,0,question,0.9820639265,1.132671444,0.6181026589,0.3260649932,0.1991449824,0.3221714427,0.2863704985,0.1923130764,,,,,,,
therapist,transcript_balanced_prior,-1,56,56,48,994bc72760dcfe7fa4dcb4204fd49276c86f3b5d7563bd03968bb98375e50059,10,other,False,-0,0,0,0,1,question,0.9820639265,1.648630629,0.8778193914,0.4297595036,0.1991449824,0.3221714427,0.2863704985,0.1923130764,,,,,,,
therapist,transcript_balanced_prior,-1,56,56,50,994bc72760dcfe7fa4dcb4204fd49276c86f3b5d7563bd03968bb98375e50059,10,reflection,False,-0,1,0,0,0,question,0.9820639265,1.613722165,0.8641555794,0.4235772109,0.1991449824,0.3221714427,0.2863704985,0.1923130764,,,,,,,
therapist,transcript_balanced_prior,-1,56,56,52,994bc72760dcfe7fa4dcb4204fd49276c86f3b5d7563bd03968bb98375e50059,10,other,False,-0,0,0,0,1,question,0.9820639265,1.648630629,0.8778193914,0.4297595036,0.1991449824,0.3221714427,0.2863704985,0.1923130764,,,,,,,
therapist,transcript_balanced_prior,-1,56,56,54,994bc72760dcfe7fa4dcb4204fd49276c86f3b5d7563bd03968bb98375e50059,10,reflection,False,0.5783898247,0.7,0,0.2,0.1,question,0.9820639265,1.54456235,0.3706317542,0.1968212299,0.1991449824,0.3221714427,0.2863704985,0.1923130764,,,,,,,
therapist,transcript_balanced_prior,-1,56,56,56,994bc72760dcfe7fa4dcb4204fd49276c86f3b5d7563bd03968bb98375e50059,10,reflection,False,0.6804820237,0.5,0,0.4,0.1,question,0.9820639265,1.471911688,0.2157415478,0.1572421793,0.1991449824,0.3221714427,0.2863704985,0.1923130764,,,,,,,
therapist,transcript_balanced_prior,-1,56,56,58,994bc72760dcfe7fa4dcb4204fd49276c86f3b5d7563bd03968bb98375e50059,10,question,False,-0,0,1,0,0,question,0.9820639265,1.132671444,0.6181026589,0.3260649932,0.1991449824,0.3221714427,0.2863704985,0.1923130764,,,,,,,
therapist,transcript_balanced_prior,-1,56,56,60,994bc72760dcfe7fa4dcb4204fd49276c86f3b5d7563bd03968bb98375e50059,10,other,False,-0,0,0,0,1,question,0.9820639265,1.648630629,0.8778193914,0.4297595036,0.1991449824,0.3221714427,0.2863704985,0.1923130764,,,,,,,
therapist,transcript_balanced_prior,-1,56,56,62,994bc72760dcfe7fa4dcb4204fd49276c86f3b5d7563bd03968bb98375e50059,10,other,False,-0,0,0,0,1,question,0.9820639265,1.648630629,0.8778193914,0.4297595036,0.1991449824,0.3221714427,0.2863704985,0.1923130764,,,,,,,
therapist,transcript_balanced_prior,-1,56,56,64,994bc72760dcfe7fa4dcb4204fd49276c86f3b5d7563bd03968bb98375e50059,10,other,False,-0,0,0,0,1,question,0.9820639265,1.648630629,0.8778193914,0.4297595036,0.1991449824,0.3221714427,0.2863704985,0.1923130764,,,,,,,
therapist,transcript_balanced_prior,-1,56,56,66,994bc72760dcfe7fa4dcb4204fd49276c86f3b5d7563bd03968bb98375e50059,10,reflection,False,-0,1,0,0,0,question,0.9820639265,1.613722165,0.8641555794,0.4235772109,0.1991449824,0.3221714427,0.2863704985,0.1923130764,,,,,,,
therapist,transcript_balanced_prior,-1,56,56,68,994bc72760dcfe7fa4dcb4204fd49276c86f3b5d7563bd03968bb98375e50059,10,question,False,-0,0,1,0,0,question,0.9820639265,1.132671444,0.6181026589,0.3260649932,0.1991449824,0.3221714427,0.2863704985,0.1923130764,,,,,,,
therapist,transcript_balanced_prior,-1,56,56,70,994bc72760dcfe7fa4dcb4204fd49276c86f3b5d7563bd03968bb98375e50059,10,other,False,-0,0,0,0,1,question,0.9820639265,1.648630629,0.8778193914,0.4297595036,0.1991449824,0.3221714427,0.2863704985,0.1923130764,,,,,,,
therapist,transcript_balanced_prior,-1,56,56,72,994bc72760dcfe7fa4dcb4204fd49276c86f3b5d7563bd03968bb98375e50059,10,therapist_input,False,-0,0,0,1,0,question,0.9820639265,1.250468857,0.6897045473,0.3521285623,0.1991449824,0.3221714427,0.2863704985,0.1923130764,,,,,,,
therapist,transcript_balanced_prior,-1,56,56,74,994bc72760dcfe7fa4dcb4204fd49276c86f3b5d7563bd03968bb98375e50059,10,other,False,-0,0,0,0,1,question,0.9820639265,1.648630629,0.8778193914,0.4297595036,0.1991449824,0.3221714427,0.2863704985,0.1923130764,,,,,,,
therapist,transcript_balanced_prior,-1,56,56,76,994bc72760dcfe7fa4dcb4204fd49276c86f3b5d7563bd03968bb98375e50059,10,therapist_input,False,0.3609640474,0,0,0.8,0.2,question,0.9820639265,1.330101212,0.4073275162,0.2439146427,0.1991449824,0.3221714427,0.2863704985,0.1923130764,,,,,,,
therapist,transcript_balanced_prior,-1,56,56,78,994bc72760dcfe7fa4dcb4204fd49276c86f3b5d7563bd03968bb98375e50059,10,other,False,-0,0,0,0,1,question,0.9820639265,1.648630629,0.8778193914,0.4297595036,0.1991449824,0.3221714427,0.2863704985,0.1923130764,,,,,,,
therapist,transcript_balanced_prior,-1,56,56,80,994bc72760dcfe7fa4dcb4204fd49276c86f3b5d7563bd03968bb98375e50059,10,therapist_input,False,0.2344977968,0,0,0.9,0.1,question,0.9820639265,1.290285034,0.5285160317,0.2714181217,0.1991449824,0.3221714427,0.2863704985,0.1923130764,,,,,,,
therapist,transcript_balanced_prior,-1,56,56,82,994bc72760dcfe7fa4dcb4204fd49276c86f3b5d7563bd03968bb98375e50059,10,other,False,-0,0,0,0,1,question,0.9820639265,1.648630629,0.8778193914,0.4297595036,0.1991449824,0.3221714427,0.2863704985,0.1923130764,,,,,,,
therapist,transcript_balanced_prior,-1,56,56,84,994bc72760dcfe7fa4dcb4204fd49276c86f3b5d7563bd03968bb98375e50059,10,other,False,-0,0,0,0,1,question,0.9820639265,1.648630629,0.8778193914,0.4297595036,0.1991449824,0.3221714427,0.2863704985,0.1923130764,,,,,,,
therapist,transcript_balanced_prior,-1,56,56,86,994bc72760dcfe7fa4dcb4204fd49276c86f3b5d7563bd03968bb98375e50059,10,other,False,-0,0,0,0,1,question,0.9820639265,1.648630629,0.8778193914,0.4297595036,0.1991449824,0.3221714427,0.2863704985,0.1923130764,,,,,,,
therapist,transcript_balanced_prior,-1,56,56,88,994bc72760dcfe7fa4dcb4204fd49276c86f3b5d7563bd03968bb98375e50059,10,therapist_input,False,0.4406454496,0,0,0.7,0.3,question,0.9820639265,1.369917389,0.3261390006,0.2313442933,0.1991449824,0.3221714427,0.2863704985,0.1923130764,,,,,,,
therapist,transcript_balanced_prior,-1,56,56,90,994bc72760dcfe7fa4dcb4204fd49276c86f3b5d7563bd03968bb98375e50059,10,question,False,0.4609640474,0,0.8,0.1,0.1,question,0.9820639265,1.196047104,0.311234521,0.1523983175,0.1991449824,0.3221714427,0.2863704985,0.1923130764,,,,,,,
therapist,transcript_balanced_prior,-1,56,56,92,994bc72760dcfe7fa4dcb4204fd49276c86f3b5d7563bd03968bb98375e50059,10,other,False,-0,0,0,0,1,question,0.9820639265,1.648630629,0.8778193914,0.4297595036,0.1991449824,0.3221714427,0.2863704985,0.1923130764,,,,,,,
therapist,transcript_balanced_prior,-1,56,56,94,994bc72760dcfe7fa4dcb4204fd49276c86f3b5d7563bd03968bb98375e50059,10,question,False,0.2344977968,0,0.9,0,0.1,question,0.9820639265,1.184267363,0.4640743321,0.246782568,0.1991449824,0.3221714427,0.2863704985,0.1923130764,,,,,,,
therapist,transcript_balanced_prior,-1,56,56,96,994bc72760dcfe7fa4dcb4204fd49276c86f3b5d7563bd03968bb98375e50059,10,other,False,-0,0,0,0,1,question,0.9820639265,1.648630629,0.8778193914,0.4297595036,0.1991449824,0.3221714427,0.2863704985,0.1923130764,,,,,,,
therapist,transcript_balanced_prior,-1,56,56,98,994bc72760dcfe7fa4dcb4204fd49276c86f3b5d7563bd03968bb98375e50059,10,other,False,-0,0,0,0,1,question,0.9820639265,1.648630629,0.8778193914,0.4297595036,0.1991449824,0.3221714427,0.2863704985,0.1923130764,,,,,,,
therapist,transcript_balanced_prior,-1,56,56,100,994bc72760dcfe7fa4dcb4204fd49276c86f3b5d7563bd03968bb98375e50059,10,other,False,0.2344977968,0,0,0.1,0.9,question,0.9820639265,1.608814451,0.679007907,0.3285172686,0.1991449824,0.3221714427,0.2863704985,0.1923130764,,,,,,,
therapist,transcript_balanced_prior,-1,56,56,102,994bc72760dcfe7fa4dcb4204fd49276c86f3b5d7563bd03968bb98375e50059,10,other,False,-0,0,0,0,1,question,0.9820639265,1.648630629,0.8778193914,0.4297595036,0.1991449824,0.3221714427,0.2863704985,0.1923130764,,,,,,,
therapist,transcript_balanced_prior,-1,56,56,104,994bc72760dcfe7fa4dcb4204fd49276c86f3b5d7563bd03968bb98375e50059,10,reflection,False,0.2344977968,0.9,0,0,0.1,question,0.9820639265,1.617213011,0.6855219606,0.3392065257,0.1991449824,0.3221714427,0.2863704985,0.1923130764,,,,,,,
therapist,transcript_balanced_prior,-1,56,56,106,994bc72760dcfe7fa4dcb4204fd49276c86f3b5d7563bd03968bb98375e50059,10,reflection,False,0.3609640474,0.8,0,0,0.2,question,0.9820639265,1.620703857,0.5468883418,0.3077070551,0.1991449824,0.3221714427,0.2863704985,0.1923130764,,,,,,,
therapist,transcript_balanced_prior,-1,56,56,108,994bc72760dcfe7fa4dcb4204fd49276c86f3b5d7563bd03968bb98375e50059,10,question,False,-0,0,1,0,0,question,0.9820639265,1.132671444,0.6181026589,0.3260649932,0.1991449824,0.3221714427,0.2863704985,0.1923130764,,,,,,,
therapist,transcript_balanced_prior,-1,56,56,110,994bc72760dcfe7fa4dcb4204fd49276c86f3b5d7563bd03968bb98375e50059,10,therapist_input,False,-0,0,0,1,0,question,0.9820639265,1.250468857,0.6897045473,0.3521285623,0.1991449824,0.3221714427,0.2863704985,0.1923130764,,,,,,,
therapist,transcript_balanced_prior,-1,56,56,112,994bc72760dcfe7fa4dcb4204fd49276c86f3b5d7563bd03968bb98375e50059,10,question,False,0.4854752972,0,0.6,0.4,0,question,0.9820639265,1.17979041,0.1667434143,0.1616480745,0.1991449824,0.3221714427,0.2863704985,0.1923130764,,,,,,,
therapist,transcript_balanced_prior,-1,56,56,114,994bc72760dcfe7fa4dcb4204fd49276c86f3b5d7563bd03968bb98375e50059,10,therapist_input,False,0.2344977968,0.1,0,0.9,0,question,0.9820639265,1.286794188,0.5271496505,0.2700082181,0.1991449824,0.3221714427,0.2863704985,0.1923130764,,,,,,,
therapist,transcript_balanced_prior,-1,56,56,116,994bc72760dcfe7fa4dcb4204fd49276c86f3b5d7563bd03968bb98375e50059,10,therapist_input,False,0.4609640474,0.1,0.1,0.8,0,question,0.9820639265,1.275014447,0.3599894617,0.1689808662,0.1991449824,0.3221714427,0.2863704985,0.1923130764,,,,,,,
therapist,transcript_balanced_prior,-1,56,56,118,994bc72760dcfe7fa4dcb4204fd49276c86f3b5d7563bd03968bb98375e50059,10,reflection,False,-0,1,0,0,0,question,0.9820639265,1.613722165,0.8641555794,0.4235772109,0.1991449824,0.3221714427,0.2863704985,0.1923130764,,,,,,,
therapist,transcript_balanced_prior,-1,56,56,120,994bc72760dcfe7fa4dcb4204fd49276c86f3b5d7563bd03968bb98375e50059,10,therapist_input,False,-0,0,0,1,0,question,0.9820639265,1.250468857,0.6897045473,0.3521285623,0.1991449824,0.3221714427,0.2863704985,0.1923130764,,,,,,,
therapist,transcript_balanced_prior,-1,56,56,122,994bc72760dcfe7fa4dcb4204fd49276c86f3b5d7563bd03968bb98375e50059,10,other,False,0.4854752972,0,0,0.4,0.6,question,0.9820639265,1.48936592,0.3225734538,0.2404443034,0.1991449824,0.3221714427,0.2863704985,0.1923130764,,,,,,,
therapist,transcript_balanced_prior,-1,56,56,124,994bc72760dcfe7fa4dcb4204fd49276c86f3b5d7563bd03968bb98375e50059,10,therapist_input,False,0.3609640474,0,0,0.8,0.2,question,0.9820639265,1.330101212,0.4073275162,0.2439146427,0.1991449824,0.3221714427,0.2863704985,0.1923130764,,,,,,,
therapist,transcript_balanced_prior,-1,56,56,126,994bc72760dcfe7fa4dcb4204fd49276c86f3b5d7563bd03968bb98375e50059,10,therapist_input,False,0.2344977968,0,0,0.9,0.1,question,0.9820639265,1.290285034,0.5285160317,0.2714181217,0.1991449824,0.3221714427,0.2863704985,0.1923130764,,,,,,,
therapist,transcript_balanced_prior,-1,56,56,128,994bc72760dcfe7fa4dcb4204fd49276c86f3b5d7563bd03968bb98375e50059,10,other,False,-0,0,0,0,1,question,0.9820639265,1.648630629,0.8778193914,0.4297595036,0.1991449824,0.3221714427,0.2863704985,0.1923130764,,,,,,,
therapist,transcript_balanced_prior,-1,56,56,130,994bc72760dcfe7fa4dcb4204fd49276c86f3b5d7563bd03968bb98375e50059,10,reflection,True,0.7609640474,0.4,0,0.2,0.4,question,0.9820639265,1.555034889,0.1947308978,0.1512732275,0.1991449824,0.3221714427,0.2863704985,0.1923130764,,,,,,,
therapist,transcript_balanced_prior,-1,56,56,132,994bc72760dcfe7fa4dcb4204fd49276c86f3b5d7563bd03968bb98375e50059,10,reflection,False,0.2344977968,0.9,0,0,0.1,question,0.9820639265,1.617213011,0.6855219606,0.3392065257,0.1991449824,0.3221714427,0.2863704985,0.1923130764,,,,,,,
therapist,transcript_balanced_prior,-1,56,56,134,994bc72760dcfe7fa4dcb4204fd49276c86f3b5d7563bd03968bb98375e50059,10,reflection,False,0.2344977968,0.9,0,0,0.1,question,0.9820639265,1.617213011,0.6855219606,0.3392065257,0.1991449824,0.3221714427,0.2863704985,0.1923130764,,,,,,,
therapist,transcript_balanced_prior,-1,56,56,136,994bc72760dcfe7fa4dcb4204fd49276c86f3b5d7563bd03968bb98375e50059,10,other,False,-0,0,0,0,1,question,0.9820639265,1.648630629,0.8778193914,0.4297595036,0.1991449824,0.3221714427,0.2863704985,0.1923130764,,,,,,,
therapist,transcript_balanced_prior,-1,56,56,138,994bc72760dcfe7fa4dcb4204fd49276c86f3b5d7563bd03968bb98375e50059,10,therapist_input,False,0.5783898247,0.1,0,0.7,0.2,question,0.9820639265,1.366426542,0.2847726194,0.1647991778,0.1991449824,0.3221714427,0.2863704985,0.1923130764,,,,,,,
therapist,transcript_balanced_prior,-1,56,56,140,994bc72760dcfe7fa4dcb4204fd49276c86f3b5d7563bd03968bb98375e50059,10,other,False,0.4406454496,0,0,0.3,0.7,question,0.9820639265,1.529182097,0.4013849382,0.2574772991,0.1991449824,0.3221714427,0.2863704985,0.1923130764,,,,,,,
therapist,transcript_balanced_prior,-1,56,56,142,994bc72760dcfe7fa4dcb4204fd49276c86f3b5d7563bd03968bb98375e50059,10,other,False,0.4406454496,0,0,0.3,0.7,question,0.9820639265,1.529182097,0.4013849382,0.2574772991,0.1991449824,0.3221714427,0.2863704985,0.1923130764,,,,,,,
therapist,transcript_balanced_prior,-1,56,56,144,994bc72760dcfe7fa4dcb4204fd49276c86f3b5d7563bd03968bb98375e50059,10,other,False,0.4854752972,0,0,0.4,0.6,question,0.9820639265,1.48936592,0.3225734538,0.2404443034,0.1991449824,0.3221714427,0.2863704985,0.1923130764,,,,,,,
therapist,transcript_balanced_prior,-1,56,56,146,994bc72760dcfe7fa4dcb4204fd49276c86f3b5d7563bd03968bb98375e50059,10,therapist_input,False,0.7427376486,0.2,0,0.5,0.3,question,0.9820639265,1.44256805,0.161029207,0.1322860993,0.1991449824,0.3221714427,0.2863704985,0.1923130764,,,,,,,
therapist,transcript_balanced_prior,-1,56,56,148,994bc72760dcfe7fa4dcb4204fd49276c86f3b5d7563bd03968bb98375e50059,10,reflection,False,0.4854752972,0.6,0,0,0.4,question,0.9820639265,1.62768555,0.3896211042,0.2821247859,0.1991449824,0.3221714427,0.2863704985,0.1923130764,,,,,,,
therapist,transcript_balanced_prior,-1,56,56,150,994bc72760dcfe7fa4dcb4204fd49276c86f3b5d7563bd03968bb98375e50059,10,therapist_input,False,0.3609640474,0,0,0.8,0.2,question,0.9820639265,1.330101212,0.4073275162,0.2439146427,0.1991449824,0.3221714427,0.2863704985,0.1923130764,,,,,,,
therapist,transcript_balanced_prior,-1,56,56,152,994bc72760dcfe7fa4dcb4204fd49276c86f3b5d7563bd03968bb98375e50059,10,therapist_input,False,0.4854752972,0,0,0.6,0.4,question,0.9820639265,1.409733566,0.284950485,0.2276262358,0.1991449824,0.3221714427,0.2863704985,0.1923130764,,,,,,,
therapist,transcript_balanced_prior,-1,56,56,154,994bc72760dcfe7fa4dcb4204fd49276c86f3b5d7563bd03968bb98375e50059,10,other,False,-0,0,0,0,1,question,0.9820639265,1.648630629,0.8778193914,0.4297595036,0.1991449824,0.3221714427,0.2863704985,0.1923130764,,,,,,,
therapist,transcript_balanced_prior,-1,56,56,156,994bc72760dcfe7fa4dcb4204fd49276c86f3b5d7563bd03968bb98375e50059,10,other,False,-0,0,0,0,1,question,0.9820639265,1.648630629,0.8778193914,0.4297595036,0.1991449824,0.3221714427,0.2863704985,0.1923130764,,,,,,,
therapist,transcript_balanced_prior,-1,56,56,158,994bc72760dcfe7fa4dcb4204fd49276c86f3b5d7563bd03968bb98375e50059,10,other,False,0.7427376486,0.2,0,0.3,0.5,question,0.9820639265,1.522200404,0.1986521758,0.1471474432,0.1991449824,0.3221714427,0.2863704985,0.1923130764,,,,,,,
therapist,transcript_balanced_prior,-1,56,56,160,994bc72760dcfe7fa4dcb4204fd49276c86f3b5d7563bd03968bb98375e50059,10,other,False,0.7854752972,0.1,0.1,0.2,0.6,question,0.9820639265,1.51391151,0.2328583682,0.09802781901,0.1991449824,0.3221714427,0.2863704985,0.1923130764,,,,,,,
therapist,transcript_balanced_prior,-1,56,56,162,994bc72760dcfe7fa4dcb4204fd49276c86f3b5d7563bd03968bb98375e50059,10,other,False,-0,0,0,0,1,question,0.9820639265,1.648630629,0.8778193914,0.4297595036,0.1991449824,0.3221714427,0.2863704985,0.1923130764,,,,,,,
therapist,transcript_balanced_prior,-1,56,56,164,994bc72760dcfe7fa4dcb4204fd49276c86f3b5d7563bd03968bb98375e50059,10,therapist_input,False,0.4406454496,0,0,0.7,0.3,question,0.9820639265,1.369917389,0.3261390006,0.2313442933,0.1991449824,0.3221714427,0.2863704985,0.1923130764,,,,,,,
therapist,transcript_balanced_prior,-1,56,56,166,994bc72760dcfe7fa4dcb4204fd49276c86f3b5d7563bd03968bb98375e50059,10,other,False,-0,0,0,0,1,question,0.9820639265,1.648630629,0.8778193914,0.4297595036,0.1991449824,0.3221714427,0.2863704985,0.1923130764,,,,,,,
therapist,transcript_balanced_prior,-1,56,56,168,994bc72760dcfe7fa4dcb4204fd49276c86f3b5d7563bd03968bb98375e50059,10,other,False,-0,0,0,0,1,question,0.9820639265,1.648630629,0.8778193914,0.4297595036,0.1991449824,0.3221714427,0.2863704985,0.1923130764,,,,,,,
therapist,transcript_balanced_prior,-1,56,56,170,994bc72760dcfe7fa4dcb4204fd49276c86f3b5d7563bd03968bb98375e50059,10,other,False,-0,0,0,0,1,question,0.9820639265,1.648630629,0.8778193914,0.4297595036,0.1991449824,0.3221714427,0.2863704985,0.1923130764,,,,,,,
therapist,transcript_balanced_prior,-1,56,56,172,994bc72760dcfe7fa4dcb4204fd49276c86f3b5d7563bd03968bb98375e50059,10,other,False,0.7854752972,0.3,0,0.3,0.4,question,0.9820639265,1.518709558,0.1572857946,0.1354635379,0.1991449824,0.3221714427,0.2863704985,0.1923130764,,,,,,,
therapist,transcript_balanced_prior,-1,56,56,174,994bc72760dcfe7fa4dcb4204fd49276c86f3b5d7563bd03968bb98375e50059,10,other,False,-0,0,0,0,1,question,0.9820639265,1.648630629,0.8778193914,0.4297595036,0.1991449824,0.3221714427,0.2863704985,0.1923130764,,,,,,,
therapist,transcript_balanced_prior,-1,66,66,0,60300796ba7899fd40ecbaa91387c5ca83e5757c4513c7aae95783e2e3877244,10,other,False,-0,0,0,0,1,question,0.9814463469,1.436859816,0.787260814,0.3904395229,0.1708305885,0.327379776,0.2641167106,0.2376729249,,,,,,,
therapist,transcript_balanced_prior,-1,66,66,2,60300796ba7899fd40ecbaa91387c5ca83e5757c4513c7aae95783e2e3877244,10,question,False,-0,0,1,0,0,question,0.9814463469,1.116634387,0.6078471117,0.3224038631,0.1708305885,0.327379776,0.2641167106,0.2376729249,,,,,,,
therapist,transcript_balanced_prior,-1,66,66,4,60300796ba7899fd40ecbaa91387c5ca83e5757c4513c7aae95783e2e3877244,10,reflection,True,0.8609640474,0.4,0.1,0.4,0.1,question,0.9814463469,1.494728265,0.1416382843,0.07697389907,0.1708305885,0.327379776,0.2641167106,0.2376729249,,,,,,,
therapist,transcript_balanced_prior,-1,66,66,6,60300796ba7899fd40ecbaa91387c5ca83e5757c4513c7aae95783e2e3877244,10,reflection,False,-0,1,0,0,0,question,0.9814463469,1.767082924,0.9209454868,0.4498834352,0.1708305885,0.327379776,0.2641167106,0.2376729249,,,,,,,
therapist,transcript_balanced_prior,-1,66,66,8,60300796ba7899fd40ecbaa91387c5ca83e5757c4513c7aae95783e2e3877244,10,reflection,False,-0,1,0,0,0,question,0.9814463469,1.767082924,0.9209454868,0.4498834352,0.1708305885,0.327379776,0.2641167106,0.2376729249,,,,,,,
therapist,transcript_balanced_prior,-1,66,66,10,60300796ba7899fd40ecbaa91387c5ca83e5757c4513c7aae95783e2e3877244,10,other,False,0.6804820237,0.4,0.1,0,0.5,question,0.9814463469,1.536926516,0.2427933129,0.1708999463,0.1708305885,0.327379776,0.2641167106,0.2376729249,,,,,,,
therapist,transcript_balanced_prior,-1,66,66,12,60300796ba7899fd40ecbaa91387c5ca83e5757c4513c7aae95783e2e3877244,10,reflection,False,-0,1,0,0,0,question,0.9814463469,1.767082924,0.9209454868,0.4498834352,0.1708305885,0.327379776,0.2641167106,0.2376729249,,,,,,,
therapist,transcript_balanced_prior,-1,66,66,14,60300796ba7899fd40ecbaa91387c5ca83e5757c4513c7aae95783e2e3877244,10,therapist_input,False,0.5783898247,0.2,0,0.7,0.1,question,0.9814463469,1.429057498,0.3169764486,0.1795844863,0.1708305885,0.327379776,0.2641167106,0.2376729249,,,,,,,
therapist,transcript_balanced_prior,-1,66,66,15,60300796ba7899fd40ecbaa91387c5ca83e5757c4513c7aae95783e2e3877244,10,therapist_input,False,0.2344977968,0,0.1,0.9,0,question,0.9814463469,1.309891208,0.5417206295,0.2652090456,0.1708305885,0.327379776,0.2641167106,0.2376729249,,,,,,,
therapist,transcript_balanced_prior,-1,66,66,17,60300796ba7899fd40ecbaa91387c5ca83e5757c4513c7aae95783e2e3877244,10,reflection,False,0.2344977968,0.9,0.1,0,0,question,0.9814463469,1.70203807,0.7096356493,0.3419010796,0.1708305885,0.327379776,0.2641167106,0.2376729249,,,,,,,
therapist,transcript_balanced_prior,-1,66,66,19,60300796ba7899fd40ecbaa91387c5ca83e5757c4513c7aae95783e2e3877244,10,therapist_input,False,0.4854752972,0.4,0,0.6,0,question,0.9814463469,1.505651682,0.3290021403,0.2530104296,0.1708305885,0.327379776,0.2641167106,0.2376729249,,,,,,,
therapist,transcript_balanced_prior,-1,66,66,21,60300796ba7899fd40ecbaa91387c5ca83e5757c4513c7aae95783e2e3877244,10,therapist_input,False,-0,0,0,1,0,question,0.9814463469,1.331364188,0.7343732426,0.3691916072,0.1708305885,0.327379776,0.2641167106,0.2376729249,,,,,,,
therapist,transcript_balanced_prior,-1,66,66,23,60300796ba7899fd40ecbaa91387c5ca83e5757c4513c7aae95783e2e3877244,10,therapist_input,False,0.2344977968,0,0,0.9,0.1,question,0.9814463469,1.341913751,0.5596619997,0.2788874374,0.1708305885,0.327379776,0.2641167106,0.2376729249,,,,,,,
therapist,transcript_balanced_prior,-1,66,66,25,60300796ba7899fd40ecbaa91387c5ca83e5757c4513c7aae95783e2e3877244,10,therapist_input,False,0.6477309221,0.1,0.3,0.6,0,question,0.9814463469,1.310517121,0.1750726277,0.1208709629,0.1708305885,0.327379776,0.2641167106,0.2376729249,,,,,,,
therapist,transcript_balanced_prior,-1,66,66,27,60300796ba7899fd40ecbaa91387c5ca83e5757c4513c7aae95783e2e3877244,10,other,False,-0,0,0,0,1,question,0.9814463469,1.436859816,0.787260814,0.3904395229,0.1708305885,0.327379776,0.2641167106,0.2376729249,,,,,,,
therapist,transcript_balanced_prior,-1,66,66,29,60300796ba7899fd40ecbaa91387c5ca83e5757c4513c7aae95783e2e3877244,10,reflection,False,0.2344977968,0.9,0,0,0.1,question,0.9814463469,1.734060613,0.7275770195,0.3555794713,0.1708305885,0.327379776,0.2641167106,0.2376729249,,,,,,,
therapist,transcript_balanced_prior,-1,109,109,0,f92544f5ed508add4c093c58e76fce40d49ca14b51000a7b8770e0152039d485,10,therapist_input,False,0.4406454496,0,0,0.7,0.3,therapist_input,0.9895921739,1.297498483,0.2888542344,0.2088158998,0.1850063131,0.2849431818,0.2875315657,0.2425189394,,,,,,,
therapist,transcript_balanced_prior,-1,109,109,2,f92544f5ed508add4c093c58e76fce40d49ca14b51000a7b8770e0152039d485,10,therapist_input,False,0.2344977968,0,0,0.9,0.1,therapist_input,0.9895921739,1.263447915,0.5108491839,0.2610651136,0.1850063131,0.2849431818,0.2875315657,0.2425189394,,,,,,,
therapist,transcript_balanced_prior,-1,109,109,4,f92544f5ed508add4c093c58e76fce40d49ca14b51000a7b8770e0152039d485,10,question,False,0.6783898247,0.1,0.7,0.1,0.1,therapist_input,0.9895921739,1.31387218,0.2349779718,0.09051189697,0.1850063131,0.2849431818,0.2875315657,0.2425189394,,,,,,,
therapist,transcript_balanced_prior,-1,109,109,6,f92544f5ed508add4c093c58e76fce40d49ca14b51000a7b8770e0152039d485,10,reflection,False,-0,1,0,0,0,therapist_input,0.9895921739,1.687365329,0.8868971637,0.436484275,0.1850063131,0.2849431818,0.2875315657,0.2425189394,,,,,,,
therapist,transcript_balanced_prior,-1,109,109,8,f92544f5ed508add4c093c58e76fce40d49ca14b51000a7b8770e0152039d485,10,reflection,False,-0,1,0,0,0,therapist_input,0.9895921739,1.687365329,0.8868971637,0.436484275,0.1850063131,0.2849431818,0.2875315657,0.2425189394,,,,,,,
therapist,transcript_balanced_prior,-1,109,109,10,f92544f5ed508add4c093c58e76fce40d49ca14b51000a7b8770e0152039d485,10,reflection,False,-0,1,0,0,0,therapist_input,0.9895921739,1.687365329,0.8868971637,0.436484275,0.1850063131,0.2849431818,0.2875315657,0.2425189394,,,,,,,
therapist,transcript_balanced_prior,-1,109,109,12,f92544f5ed508add4c093c58e76fce40d49ca14b51000a7b8770e0152039d485,10,reflection,False,-0,1,0,0,0,therapist_input,0.9895921739,1.687365329,0.8868971637,0.436484275,0.1850063131,0.2849431818,0.2875315657,0.2425189394,,,,,,,
therapist,transcript_balanced_prior,-1,109,109,14,f92544f5ed508add4c093c58e76fce40d49ca14b51000a7b8770e0152039d485,10,question,False,-0,0,1,0,0,therapist_input,0.9895921739,1.255465481,0.6870234263,0.353202072,0.1850063131,0.2849431818,0.2875315657,0.2425189394,,,,,,,
therapist,transcript_balanced_prior,-1,109,109,16,f92544f5ed508add4c093c58e76fce40d49ca14b51000a7b8770e0152039d485,10,other,False,-0,0,0,0,1,therapist_input,0.9895921739,1.416675471,0.7718719112,0.3864611345,0.1850063131,0.2849431818,0.2875315657,0.2425189394,,,,,,,
therapist,transcript_balanced_prior,-1,109,109,18,f92544f5ed508add4c093c58e76fce40d49ca14b51000a7b8770e0152039d485,10,question,False,-0,0,1,0,0,therapist_input,0.9895921739,1.255465481,0.6870234263,0.353202072,0.1850063131,0.2849431818,0.2875315657,0.2425189394,,,,,,,
therapist,transcript_balanced_prior,-1,109,109,20,f92544f5ed508add4c093c58e76fce40d49ca14b51000a7b8770e0152039d485,10,question,False,0.3609640474,0.2,0.8,0,0,therapist_input,0.9895921739,1.34184545,0.4069981738,0.2475081739,0.1850063131,0.2849431818,0.2875315657,0.2425189394,,,,,,,
therapist,transcript_balanced_prior,-1,109,109,22,f92544f5ed508add4c093c58e76fce40d49ca14b51000a7b8770e0152039d485,10,reflection,False,-0,1,0,0,0,therapist_input,0.9895921739,1.687365329,0.8868971637,0.436484275,0.1850063131,0.2849431818,0.2875315657,0.2425189394,,,,,,,
therapist,transcript_balanced_prior,-1,109,109,24,f92544f5ed508add4c093c58e76fce40d49ca14b51000a7b8770e0152039d485,10,question,False,0.5783898247,0,0.7,0.2,0.1,therapist_input,0.9895921739,1.26977791,0.2344729213,0.1284765876,0.1850063131,0.2849431818,0.2875315657,0.2425189394,,,,,,,
therapist,transcript_balanced_prior,-1,109,109,26,f92544f5ed508add4c093c58e76fce40d49ca14b51000a7b8770e0152039d485,10,reflection,False,-0,1,0,0,0,therapist_input,0.9895921739,1.687365329,0.8868971637,0.436484275,0.1850063131,0.2849431818,0.2875315657,0.2425189394,,,,,,,
therapist,transcript_balanced_prior,-1,109,109,28,f92544f5ed508add4c093c58e76fce40d49ca14b51000a7b8770e0152039d485,10,question,False,-0,0,1,0,0,therapist_input,0.9895921739,1.255465481,0.6870234263,0.353202072,0.1850063131,0.2849431818,0.2875315657,0.2425189394,,,,,,,
therapist,transcript_balanced_prior,-1,109,109,30,f92544f5ed508add4c093c58e76fce40d49ca14b51000a7b8770e0152039d485,10,other,False,-0,0,0,0,1,therapist_input,0.9895921739,1.416675471,0.7718719112,0.3864611345,0.1850063131,0.2849431818,0.2875315657,0.2425189394,,,,,,,
therapist,transcript_balanced_prior,-1,109,109,32,f92544f5ed508add4c093c58e76fce40d49ca14b51000a7b8770e0152039d485,10,therapist_input,False,-0,0,0,1,0,therapist_input,0.9895921739,1.246422631,0.6818466587,0.3512573438,0.1850063131,0.2849431818,0.2875315657,0.2425189394,,,,,,,
therapist,transcript_balanced_prior,-1,109,109,34,f92544f5ed508add4c093c58e76fce40d49ca14b51000a7b8770e0152039d485,10,question,False,-0,0,1,0,0,therapist_input,0.9895921739,1.255465481,0.6870234263,0.353202072,0.1850063131,0.2849431818,0.2875315657,0.2425189394,,,,,,,
therapist,transcript_balanced_prior,-1,109,109,36,f92544f5ed508add4c093c58e76fce40d49ca14b51000a7b8770e0152039d485,10,question,False,0.2344977968,0,0.9,0.1,0,therapist_input,0.9895921739,1.254561196,0.5065057496,0.2556870598,0.1850063131,0.2849431818,0.2875315657,0.2425189394,,,,,,,
therapist,transcript_balanced_prior,-1,109,109,38,f92544f5ed508add4c093c58e76fce40d49ca14b51000a7b8770e0152039d485,10,question,False,-0,0,1,0,0,therapist_input,0.9895921739,1.255465481,0.6870234263,0.353202072,0.1850063131,0.2849431818,0.2875315657,0.2425189394,,,,,,,
therapist,transcript_balanced_prior,-1,109,109,40,f92544f5ed508add4c093c58e76fce40d49ca14b51000a7b8770e0152039d485,10,reflection,False,0.6854752972,0.6,0.2,0.2,0,therapist_input,0.9895921739,1.51279682,0.2459123152,0.1494786939,0.1850063131,0.2849431818,0.2875315657,0.2425189394,,,,,,,
therapist,transcript_balanced_prior,-1,109,109,42,f92544f5ed508add4c093c58e76fce40d49ca14b51000a7b8770e0152039d485,10,therapist_input,False,0.4406454496,0,0,0.7,0.3,therapist_input,0.9895921739,1.297498483,0.2888542344,0.2088158998,0.1850063131,0.2849431818,0.2875315657,0.2425189394,,,,,,,
therapist,transcript_balanced_prior,-1,109,109,44,f92544f5ed508add4c093c58e76fce40d49ca14b51000a7b8770e0152039d485,10,other,False,0.6854752972,0.2,0,0.2,0.6,therapist_input,0.9895921739,1.436762875,0.2168719112,0.141998512,0.1850063131,0.2849431818,0.2875315657,0.2425189394,,,,,,,
therapist,transcript_balanced_prior,-1,130,130,1,957962b55a53a08db5f378e511817642230cbd4d6d1cf4d43dd6a4b63131ccc1,10,therapist_input,False,0.3609640474,0,0,0.8,0.2,question,0.995591291,1.468178838,0.4723691774,0.2695052305,0.2334252855,0.2981184124,0.2278477712,0.240608531,,,,,,,
therapist,transcript_balanced_prior,-1,130,130,3,957962b55a53a08db5f378e511817642230cbd4d6d1cf4d43dd6a4b63131ccc1,10,therapist_input,False,0.4854752972,0,0,0.6,0.4,question,0.995591291,1.457280134,0.3072648735,0.2375997857,0.2334252855,0.2981184124,0.2278477712,0.240608531,,,,,,,
therapist,transcript_balanced_prior,-1,130,130,5,957962b55a53a08db5f378e511817642230cbd4d6d1cf4d43dd6a4b63131ccc1,10,question,False,0.4854752972,0,0.6,0.4,0,question,0.995591291,1.317789726,0.2331487119,0.2021091786,0.2334252855,0.2981184124,0.2278477712,0.240608531,,,,,,,
therapist,transcript_balanced_prior,-1,130,130,7,957962b55a53a08db5f378e511817642230cbd4d6d1cf4d43dd6a4b63131ccc1,10,therapist_input,False,-0,0,0,1,0,question,0.995591291,1.479077543,0.7974734813,0.3986291489,0.2334252855,0.2981184124,0.2278477712,0.240608531,,,,,,,
therapist,transcript_balanced_prior,-1,130,130,9,957962b55a53a08db5f378e511817642230cbd4d6d1cf4d43dd6a4b63131ccc1,10,question,False,0.6854752972,0.2,0.6,0.2,0,question,0.995591291,1.312952863,0.1509177062,0.1103553798,0.2334252855,0.2981184124,0.2278477712,0.240608531,,,,,,,
therapist,transcript_balanced_prior,-1,130,130,11,957962b55a53a08db5f378e511817642230cbd4d6d1cf4d43dd6a4b63131ccc1,10,question,False,0.4609640474,0,0.8,0.1,0.1,question,0.995591291,1.258577768,0.3424883035,0.1681836773,0.2334252855,0.2981184124,0.2278477712,0.240608531,,,,,,,
therapist,transcript_balanced_prior,-1,130,130,13,957962b55a53a08db5f378e511817642230cbd4d6d1cf4d43dd6a4b63131ccc1,10,question,False,0.2344977968,0,0.9,0,0.1,question,0.995591291,1.231696465,0.4884341752,0.2539610902,0.2334252855,0.2981184124,0.2278477712,0.240608531,,,,,,,
therapist,transcript_balanced_prior,-1,130,130,15,957962b55a53a08db5f378e511817642230cbd4d6d1cf4d43dd6a4b63131ccc1,10,therapist_input,False,-0,0,0,1,0,question,0.995591291,1.479077543,0.7974734813,0.3986291489,0.2334252855,0.2981184124,0.2278477712,0.240608531,,,,,,,
therapist,transcript_balanced_prior,-1,130,130,17,957962b55a53a08db5f378e511817642230cbd4d6d1cf4d43dd6a4b63131ccc1,10,therapist_input,False,0.3609640474,0,0.2,0.8,0,question,0.995591291,1.425314937,0.4493652248,0.253500363,0.2334252855,0.2981184124,0.2278477712,0.240608531,,,,,,,
therapist,transcript_balanced_prior,-1,130,130,19,957962b55a53a08db5f378e511817642230cbd4d6d1cf4d43dd6a4b63131ccc1,10,therapist_input,False,-0,0,0,1,0,question,0.995591291,1.479077543,0.7974734813,0.3986291489,0.2334252855,0.2981184124,0.2278477712,0.240608531,,,,,,,
therapist,transcript_balanced_prior,-1,130,130,21,957962b55a53a08db5f378e511817642230cbd4d6d1cf4d43dd6a4b63131ccc1,10,other,False,-0,0,0,0,1,question,0.995591291,1.424584019,0.7719519618,0.3880248001,0.2334252855,0.2981184124,0.2278477712,0.240608531,,,,,,,
