model,outer_fold,transcript_id,source_id,checkpoint,label,prob_low,prob_high,prediction
class_prior,0,14,892e4e1ab6068fc4434d0054ab76e2c3c0d9bf73fcc5cd615db68815b3134102,t3,high,0.1736842105,0.8263157895,high
class_prior,0,17,4e9629cc0367f8dbaf9608d5600aa795a09c3ebbe94051365be8cd7611f13d26,t3,low,0.1736842105,0.8263157895,high
class_prior,0,21,c1b71ca5fcfb63cd845ec42d43753eca41cf5c90313140ea6e9695c2c654df6d,t3,high,0.1736842105,0.8263157895,high
class_prior,0,27,e883cab14c33a28c3bf1e25281ef335a7bcd08f31fb3e2cea1e824982af00196,t3,low,0.1736842105,0.8263157895,high
class_prior,0,46,2815019765d0a2b0cd8db67fb79e15ec0c4893de14483f3e6156ddacadb10f7a,t3,high,0.1736842105,0.8263157895,high
class_prior,0,53,646074c09ce77345f3d6434db5b2b976626086f4a3ba9020dc6fa992fa6887ac,t3,low,0.1736842105,0.8263157895,high
class_prior,0,55,1b9abf33ba8b2badfab01f2ee1f7aa958800a9808d579c0ec4e6bc41eb27f449,t3,high,0.1736842105,0.8263157895,high
class_prior,0,65,884e0cb0d19baa05ae86bae59b5351a82ddcdb9a7af044867db66a819a131389,t3,high,0.1736842105,0.8263157895,high
class_prior,0,67,38b5c44ace8c39b31954af0c9b3057abad24dd37ec441de169f055949fb91ed3,t3,high,0.1736842105,0.8263157895,high
class_prior,0,69,eff9b2507927f7894349799dbb77b0c66871e7547a4170f6e6ef409f01493d5d,t3,low,0.1736842105,0.8263157895,high
class_prior,0,70,eff9b2507927f7894349799dbb77b0c66871e7547a4170f6e6ef409f01493d5d,t3,high,0.1736842105,0.8263157895,high
class_prior,0,77,5ee3de464b1eb18f6dbc71fac32dd821ec33a6f6ea0d273324ce5d81751bbc74,t3,high,0.1736842105,0.8263157895,high
class_prior,0,79,2523640a662b9aab8fa56e40699e7726fd765a9ae7ecdc36a012e3ad8211a245,t3,high,0.1736842105,0.8263157895,high
class_prior,0,80,a6ba01099092faefda72e83a5ffad12164972913b573b6580138d019a5453418,t3,high,0.1736842105,0.8263157895,high
class_prior,0,82,eac114d0fbda834121eb1da95e9dd3d4e76db9e3188fcf74d6d679a8efd3c8f1,t3,high,0.1736842105,0.8263157895,high
class_prior,0,87,c2a6706263d09c63b307df18a79bae14418b0faf3038d47b68ad4d2e853e3f99,t3,high,0.1736842105,0.8263157895,high
class_prior,0,94,16ad8c075416a1640a523d8697d580ecb71be79a914d2b7439592eef75b54a0e,t3,high,0.1736842105,0.8263157895,high
class_prior,0,101,c5c61ac6a632dc81f083aca02a5ce3ff9b90ef1e69a86f138b246bd23e7d0ea9,t3,high,0.1736842105,0.8263157895,high
class_prior,0,104,ce81615fdfacce198687f92d3c58747d1f210c5783fa3bb46aa95df8fb61efdc,t3,high,0.1736842105,0.8263157895,high
class_prior,0,108,b74f3f5afc0b04fa76647aa59087b92f57a410aac28d92b9e08e36f063008fba,t3,high,0.1736842105,0.8263157895,high
class_prior,0,109,f92544f5ed508add4c093c58e76fce40d49ca14b51000a7b8770e0152039d485,t3,high,0.1736842105,0.8263157895,high
class_prior,0,119,5e9b1bd1f06698191157fbc99f25182854ee47dcc819d045d1eee684d797587b,t3,high,0.1736842105,0.8263157895,high
class_prior,0,121,b3b2e2bd4653e0479aa37231686157e94d03881d3e717ffb4b92970e7582dc0d,t3,high,0.1736842105,0.8263157895,high
class_prior,0,123,6c7e3cea7a4858b1ace2a58c01677e91a03db28f550513c277a01f23b2083836,t3,low,0.1736842105,0.8263157895,high
class_prior,0,131,78d93e44688ea4c2b1b0be54e645ffaf0ab8c612ccfe0606b26306c0bdd7eb9e,t3,low,0.1736842105,0.8263157895,high
structure_only,0,14,892e4e1ab6068fc4434d0054ab76e2c3c0d9bf73fcc5cd615db68815b3134102,t3,high,0.5869839515,0.4130160485,low
structure_only,0,17,4e9629cc0367f8dbaf9608d5600aa795a09c3ebbe94051365be8cd7611f13d26,t3,low,0.4532601431,0.5467398569,high
structure_only,0,21,c1b71ca5fcfb63cd845ec42d43753eca41cf5c90313140ea6e9695c2c654df6d,t3,high,0.6151445073,0.3848554927,low
structure_only,0,27,e883cab14c33a28c3bf1e25281ef335a7bcd08f31fb3e2cea1e824982af00196,t3,low,0.5819490464,0.4180509536,low
structure_only,0,46,2815019765d0a2b0cd8db67fb79e15ec0c4893de14483f3e6156ddacadb10f7a,t3,high,0.5170386756,0.4829613244,low
structure_only,0,53,646074c09ce77345f3d6434db5b2b976626086f4a3ba9020dc6fa992fa6887ac,t3,low,0.6598179167,0.3401820833,low
structure_only,0,55,1b9abf33ba8b2badfab01f2ee1f7aa958800a9808d579c0ec4e6bc41eb27f449,t3,high,0.5222135081,0.4777864919,low
structure_only,0,65,884e0cb0d19baa05ae86bae59b5351a82ddcdb9a7af044867db66a819a131389,t3,high,0.1505971018,0.8494028982,high
structure_only,0,67,38b5c44ace8c39b31954af0c9b3057abad24dd37ec441de169f055949fb91ed3,t3,high,0.5785828612,0.4214171388,low
structure_only,0,69,eff9b2507927f7894349799dbb77b0c66871e7547a4170f6e6ef409f01493d5d,t3,low,0.5548315477,0.4451684523,low
structure_only,0,70,eff9b2507927f7894349799dbb77b0c66871e7547a4170f6e6ef409f01493d5d,t3,high,0.5650479282,0.4349520718,low
structure_only,0,77,5ee3de464b1eb18f6dbc71fac32dd821ec33a6f6ea0d273324ce5d81751bbc74,t3,high,0.4652726339,0.5347273661,high
structure_only,0,79,2523640a662b9aab8fa56e40699e7726fd765a9ae7ecdc36a012e3ad8211a245,t3,high,0.4030824127,0.5969175873,high
structure_only,0,80,a6ba01099092faefda72e83a5ffad12164972913b573b6580138d019a5453418,t3,high,0.4361967992,0.5638032008,high
structure_only,0,82,eac114d0fbda834121eb1da95e9dd3d4e76db9e3188fcf74d6d679a8efd3c8f1,t3,high,0.56674554,0.43325446,low
structure_only,0,87,c2a6706263d09c63b307df18a79bae14418b0faf3038d47b68ad4d2e853e3f99,t3,high,0.5718288306,0.4281711694,low
structure_only,0,94,16ad8c075416a1640a523d8697d580ecb71be79a914d2b7439592eef75b54a0e,t3,high,0.559946086,0.440053914,low
structure_only,0,101,c5c61ac6a632dc81f083aca02a5ce3ff9b90ef1e69a86f138b246bd23e7d0ea9,t3,high,0.5342676861,0.4657323139,low
structure_only,0,104,ce81615fdfacce198687f92d3c58747d1f210c5783fa3bb46aa95df8fb61efdc,t3,high,0.5101334019,0.4898665981,low
structure_only,0,108,b74f3f5afc0b04fa76647aa59087b92f57a410aac28d92b9e08e36f063008fba,t3,high,0.6361807655,0.3638192345,low
structure_only,0,109,f92544f5ed508add4c093c58e76fce40d49ca14b51000a7b8770e0152039d485,t3,high,0.5222135081,0.4777864919,low
structure_only,0,119,5e9b1bd1f06698191157fbc99f25182854ee47dcc819d045d1eee684d797587b,t3,high,0.5428541986,0.4571458014,low
structure_only,0,121,b3b2e2bd4653e0479aa37231686157e94d03881d3e717ffb4b92970e7582dc0d,t3,high,0.4395987249,0.5604012751,high
structure_only,0,123,6c7e3cea7a4858b1ace2a58c01677e91a03db28f550513c277a01f23b2083836,t3,low,0.7326299741,0.2673700259,low
structure_only,0,131,78d93e44688ea4c2b1b0be54e645ffaf0ab8c612ccfe0606b26306c0bdd7eb9e,t3,low,0.4652726339,0.5347273661,high
tfidf_raw_prefix,0,14,892e4e1ab6068fc4434d0054ab76e2c3c0d9bf73fcc5cd615db68815b3134102,t3,high,0.3311024881,0.6688975119,high
tfidf_raw_prefix,0,17,4e9629cc0367f8dbaf9608d5600aa795a09c3ebbe94051365be8cd7611f13d26,t3,low,0.4230003653,0.5769996347,high
tfidf_raw_prefix,0,21,c1b71ca5fcfb63cd845ec42d43753eca41cf5c90313140ea6e9695c2c654df6d,t3,high,0.3741677226,0.6258322774,high
tfidf_raw_prefix,0,27,e883cab14c33a28c3bf1e25281ef335a7bcd08f31fb3e2cea1e824982af00196,t3,low,0.4135828181,0.5864171819,high
tfidf_raw_prefix,0,46,2815019765d0a2b0cd8db67fb79e15ec0c4893de14483f3e6156ddacadb10f7a,t3,high,0.3859777126,0.6140222874,high
tfidf_raw_prefix,0,53,646074c09ce77345f3d6434db5b2b976626086f4a3ba9020dc6fa992fa6887ac,t3,low,0.5779909771,0.4220090229,low
tfidf_raw_prefix,0,55,1b9abf33ba8b2badfab01f2ee1f7aa958800a9808d579c0ec4e6bc41eb27f449,t3,high,0.3239108216,0.6760891784,high
tfidf_raw_prefix,0,65,884e0cb0d19baa05ae86bae59b5351a82ddcdb9a7af044867db66a819a131389,t3,high,0.3964512929,0.6035487071,high
tfidf_raw_prefix,0,67,38b5c44ace8c39b31954af0c9b3057abad24dd37ec441de169f055949fb91ed3,t3,high,0.3752282045,0.6247717955,high
tfidf_raw_prefix,0,69,eff9b2507927f7894349799dbb77b0c66871e7547a4170f6e6ef409f01493d5d,t3,low,0.3775281155,0.6224718845,high
tfidf_raw_prefix,0,70,eff9b2507927f7894349799dbb77b0c66871e7547a4170f6e6ef409f01493d5d,t3,high,0.4100969043,0.5899030957,high
tfidf_raw_prefix,0,77,5ee3de464b1eb18f6dbc71fac32dd821ec33a6f6ea0d273324ce5d81751bbc74,t3,high,0.3315155773,0.6684844227,high
tfidf_raw_prefix,0,79,2523640a662b9aab8fa56e40699e7726fd765a9ae7ecdc36a012e3ad8211a245,t3,high,0.3856244514,0.6143755486,high
tfidf_raw_prefix,0,80,a6ba01099092faefda72e83a5ffad12164972913b573b6580138d019a5453418,t3,high,0.3716721342,0.6283278658,high
tfidf_raw_prefix,0,82,eac114d0fbda834121eb1da95e9dd3d4e76db9e3188fcf74d6d679a8efd3c8f1,t3,high,0.3828186853,0.6171813147,high
tfidf_raw_prefix,0,87,c2a6706263d09c63b307df18a79bae14418b0faf3038d47b68ad4d2e853e3f99,t3,high,0.3410166274,0.6589833726,high
tfidf_raw_prefix,0,94,16ad8c075416a1640a523d8697d580ecb71be79a914d2b7439592eef75b54a0e,t3,high,0.3260697588,0.6739302412,high
tfidf_raw_prefix,0,101,c5c61ac6a632dc81f083aca02a5ce3ff9b90ef1e69a86f138b246bd23e7d0ea9,t3,high,0.3923665042,0.6076334958,high
tfidf_raw_prefix,0,104,ce81615fdfacce198687f92d3c58747d1f210c5783fa3bb46aa95df8fb61efdc,t3,high,0.3486451426,0.6513548574,high
tfidf_raw_prefix,0,108,b74f3f5afc0b04fa76647aa59087b92f57a410aac28d92b9e08e36f063008fba,t3,high,0.4158080045,0.5841919955,high
tfidf_raw_prefix,0,109,f92544f5ed508add4c093c58e76fce40d49ca14b51000a7b8770e0152039d485,t3,high,0.3438180573,0.6561819427,high
tfidf_raw_prefix,0,119,5e9b1bd1f06698191157fbc99f25182854ee47dcc819d045d1eee684d797587b,t3,high,0.3580711951,0.6419288049,high
tfidf_raw_prefix,0,121,b3b2e2bd4653e0479aa37231686157e94d03881d3e717ffb4b92970e7582dc0d,t3,high,0.334765326,0.665234674,high
tfidf_raw_prefix,0,123,6c7e3cea7a4858b1ace2a58c01677e91a03db28f550513c277a01f23b2083836,t3,low,0.4568318843,0.5431681157,high
tfidf_raw_prefix,0,131,78d93e44688ea4c2b1b0be54e645ffaf0ab8c612ccfe0606b26306c0bdd7eb9e,t3,low,0.4333304251,0.5666695749,high
oracle_gold_codes,0,14,892e4e1ab6068fc4434d0054ab76e2c3c0d9bf73fcc5cd615db68815b3134102,t3,high,0.2977815586,0.7022184414,high
oracle_gold_codes,0,17,4e9629cc0367f8dbaf9608d5600aa795a09c3ebbe94051365be8cd7611f13d26,t3,low,0.6412165097,0.3587834903,low
oracle_gold_codes,0,21,c1b71ca5fcfb63cd845ec42d43753eca41cf5c90313140ea6e9695c2c654df6d,t3,high,0.7287362629,0.2712637371,low
oracle_gold_codes,0,27,e883cab14c33a28c3bf1e25281ef335a7bcd08f31fb3e2cea1e824982af00196,t3,low,0.7791943253,0.2208056747,low
oracle_gold_codes,0,46,2815019765d0a2b0cd8db67fb79e15ec0c4893de14483f3e6156ddacadb10f7a,t3,high,0.6654211863,0.3345788137,low
oracle_gold_codes,0,53,646074c09ce77345f3d6434db5b2b976626086f4a3ba9020dc6fa992fa6887ac,t3,low,0.6988534443,0.3011465557,low
oracle_gold_codes,0,55,1b9abf33ba8b2badfab01f2ee1f7aa958800a9808d579c0ec4e6bc41eb27f449,t3,high,0.6014645505,0.3985354495,low
oracle_gold_codes,0,65,884e0cb0d19baa05ae86bae59b5351a82ddcdb9a7af044867db66a819a131389,t3,high,0.1802562105,0.8197437895,high
oracle_gold_codes,0,67,38b5c44ace8c39b31954af0c9b3057abad24dd37ec441de169f055949fb91ed3,t3,high,0.7229377312,0.2770622688,low
oracle_gold_codes,0,69,eff9b2507927f7894349799dbb77b0c66871e7547a4170f6e6ef409f01493d5d,t3,low,0.7795321397,0.2204678603,low
oracle_gold_codes,0,70,eff9b2507927f7894349799dbb77b0c66871e7547a4170f6e6ef409f01493d5d,t3,high,0.7145546178,0.2854453822,low
oracle_gold_codes,0,77,5ee3de464b1eb18f6dbc71fac32dd821ec33a6f6ea0d273324ce5d81751bbc74,t3,high,0.5598365676,0.4401634324,low
oracle_gold_codes,0,79,2523640a662b9aab8fa56e40699e7726fd765a9ae7ecdc36a012e3ad8211a245,t3,high,0.1375441554,0.8624558446,high
oracle_gold_codes,0,80,a6ba01099092faefda72e83a5ffad12164972913b573b6580138d019a5453418,t3,high,0.5309399496,0.4690600504,low
oracle_gold_codes,0,82,eac114d0fbda834121eb1da95e9dd3d4e76db9e3188fcf74d6d679a8efd3c8f1,t3,high,0.6332896075,0.3667103925,low
oracle_gold_codes,0,87,c2a6706263d09c63b307df18a79bae14418b0faf3038d47b68ad4d2e853e3f99,t3,high,0.7737964142,0.2262035858,low
oracle_gold_codes,0,94,16ad8c075416a1640a523d8697d580ecb71be79a914d2b7439592eef75b54a0e,t3,high,0.373135945,0.626864055,high
oracle_gold_codes,0,101,c5c61ac6a632dc81f083aca02a5ce3ff9b90ef1e69a86f138b246bd23e7d0ea9,t3,high,0.3949075357,0.6050924643,high
oracle_gold_codes,0,104,ce81615fdfacce198687f92d3c58747d1f210c5783fa3bb46aa95df8fb61efdc,t3,high,0.6795534496,0.3204465504,low
oracle_gold_codes,0,108,b74f3f5afc0b04fa76647aa59087b92f57a410aac28d92b9e08e36f063008fba,t3,high,0.5660940271,0.4339059729,low
oracle_gold_codes,0,109,f92544f5ed508add4c093c58e76fce40d49ca14b51000a7b8770e0152039d485,t3,high,0.7621396001,0.2378603999,low
oracle_gold_codes,0,119,5e9b1bd1f06698191157fbc99f25182854ee47dcc819d045d1eee684d797587b,t3,high,0.3809027485,0.6190972515,high
oracle_gold_codes,0,121,b3b2e2bd4653e0479aa37231686157e94d03881d3e717ffb4b92970e7582dc0d,t3,high,0.3964398005,0.6035601995,high
oracle_gold_codes,0,123,6c7e3cea7a4858b1ace2a58c01677e91a03db28f550513c277a01f23b2083836,t3,low,0.8645866036,0.1354133964,low
oracle_gold_codes,0,131,78d93e44688ea4c2b1b0be54e645ffaf0ab8c612ccfe0606b26306c0bdd7eb9e,t3,low,0.5528138322,0.4471861678,low
class_prior,0,14,892e4e1ab6068fc4434d0054ab76e2c3c0d9bf73fcc5cd615db68815b3134102,t5,high,0.1666666667,0.8333333333,high
class_prior,0,17,4e9629cc0367f8dbaf9608d5600aa795a09c3ebbe94051365be8cd7611f13d26,t5,low,0.1666666667,0.8333333333,high
class_prior,0,21,c1b71ca5fcfb63cd845ec42d43753eca41cf5c90313140ea6e9695c2c654df6d,t5,high,0.1666666667,0.8333333333,high
class_prior,0,27,e883cab14c33a28c3bf1e25281ef335a7bcd08f31fb3e2cea1e824982af00196,t5,low,0.1666666667,0.8333333333,high
class_prior,0,46,2815019765d0a2b0cd8db67fb79e15ec0c4893de14483f3e6156ddacadb10f7a,t5,high,0.1666666667,0.8333333333,high
class_prior,0,53,646074c09ce77345f3d6434db5b2b976626086f4a3ba9020dc6fa992fa6887ac,t5,low,0.1666666667,0.8333333333,high
class_prior,0,55,1b9abf33ba8b2badfab01f2ee1f7aa958800a9808d579c0ec4e6bc41eb27f449,t5,high,0.1666666667,0.8333333333,high
class_prior,0,65,884e0cb0d19baa05ae86bae59b5351a82ddcdb9a7af044867db66a819a131389,t5,high,0.1666666667,0.8333333333,high
class_prior,0,67,38b5c44ace8c39b31954af0c9b3057abad24dd37ec441de169f055949fb91ed3,t5,high,0.1666666667,0.8333333333,high
class_prior,0,70,eff9b2507927f7894349799dbb77b0c66871e7547a4170f6e6ef409f01493d5d,t5,high,0.1666666667,0.8333333333,high
class_prior,0,77,5ee3de464b1eb18f6dbc71fac32dd821ec33a6f6ea0d273324ce5d81751bbc74,t5,high,0.1666666667,0.8333333333,high
class_prior,0,79,2523640a662b9aab8fa56e40699e7726fd765a9ae7ecdc36a012e3ad8211a245,t5,high,0.1666666667,0.8333333333,high
class_prior,0,80,a6ba01099092faefda72e83a5ffad12164972913b573b6580138d019a5453418,t5,high,0.1666666667,0.8333333333,high
class_prior,0,82,eac114d0fbda834121eb1da95e9dd3d4e76db9e3188fcf74d6d679a8efd3c8f1,t5,high,0.1666666667,0.8333333333,high
class_prior,0,87,c2a6706263d09c63b307df18a79bae14418b0faf3038d47b68ad4d2e853e3f99,t5,high,0.1666666667,0.8333333333,high
class_prior,0,94,16ad8c075416a1640a523d8697d580ecb71be79a914d2b7439592eef75b54a0e,t5,high,0.1666666667,0.8333333333,high
class_prior,0,101,c5c61ac6a632dc81f083aca02a5ce3ff9b90ef1e69a86f138b246bd23e7d0ea9,t5,high,0.1666666667,0.8333333333,high
class_prior,0,104,ce81615fdfacce198687f92d3c58747d1f210c5783fa3bb46aa95df8fb61efdc,t5,high,0.1666666667,0.8333333333,high
class_prior,0,108,b74f3f5afc0b04fa76647aa59087b92f57a410aac28d92b9e08e36f063008fba,t5,high,0.1666666667,0.8333333333,high
class_prior,0,109,f92544f5ed508add4c093c58e76fce40d49ca14b51000a7b8770e0152039d485,t5,high,0.1666666667,0.8333333333,high
class_prior,0,119,5e9b1bd1f06698191157fbc99f25182854ee47dcc819d045d1eee684d797587b,t5,high,0.1666666667,0.8333333333,high
class_prior,0,121,b3b2e2bd4653e0479aa37231686157e94d03881d3e717ffb4b92970e7582dc0d,t5,high,0.1666666667,0.8333333333,high
class_prior,0,123,6c7e3cea7a4858b1ace2a58c01677e91a03db28f550513c277a01f23b2083836,t5,low,0.1666666667,0.8333333333,high
class_prior,0,131,78d93e44688ea4c2b1b0be54e645ffaf0ab8c612ccfe0606b26306c0bdd7eb9e,t5,low,0.1666666667,0.8333333333,high
structure_only,0,14,892e4e1ab6068fc4434d0054ab76e2c3c0d9bf73fcc5cd615db68815b3134102,t5,high,0.4586605446,0.5413394554,high
structure_only,0,17,4e9629cc0367f8dbaf9608d5600aa795a09c3ebbe94051365be8cd7611f13d26,t5,low,0.4990263469,0.5009736531,high
structure_only,0,21,c1b71ca5fcfb63cd845ec42d43753eca41cf5c90313140ea6e9695c2c654df6d,t5,high,0.5052508273,0.4947491727,low
structure_only,0,27,e883cab14c33a28c3bf1e25281ef335a7bcd08f31fb3e2cea1e824982af00196,t5,low,0.5578998486,0.4421001514,low
structure_only,0,46,2815019765d0a2b0cd8db67fb79e15ec0c4893de14483f3e6156ddacadb10f7a,t5,high,0.5145838944,0.4854161056,low
structure_only,0,53,646074c09ce77345f3d6434db5b2b976626086f4a3ba9020dc6fa992fa6887ac,t5,low,0.6442077219,0.3557922781,low
structure_only,0,55,1b9abf33ba8b2badfab01f2ee1f7aa958800a9808d579c0ec4e6bc41eb27f449,t5,high,0.5208006948,0.4791993052,low
structure_only,0,65,884e0cb0d19baa05ae86bae59b5351a82ddcdb9a7af044867db66a819a131389,t5,high,0.1529086032,0.8470913968,high
structure_only,0,67,38b5c44ace8c39b31954af0c9b3057abad24dd37ec441de169f055949fb91ed3,t5,high,0.4788088549,0.5211911451,high
structure_only,0,70,eff9b2507927f7894349799dbb77b0c66871e7547a4170f6e6ef409f01493d5d,t5,high,0.5517500962,0.4482499038,low
structure_only,0,77,5ee3de464b1eb18f6dbc71fac32dd821ec33a6f6ea0d273324ce5d81751bbc74,t5,high,0.5099182251,0.4900817749,low
structure_only,0,79,2523640a662b9aab8fa56e40699e7726fd765a9ae7ecdc36a012e3ad8211a245,t5,high,0.4467071128,0.5532928872,high
structure_only,0,80,a6ba01099092faefda72e83a5ffad12164972913b573b6580138d019a5453418,t5,high,0.3888684341,0.6111315659,high
structure_only,0,82,eac114d0fbda834121eb1da95e9dd3d4e76db9e3188fcf74d6d679a8efd3c8f1,t5,high,0.5052508273,0.4947491727,low
structure_only,0,87,c2a6706263d09c63b307df18a79bae14418b0faf3038d47b68ad4d2e853e3f99,t5,high,0.4757029676,0.5242970324,high
structure_only,0,94,16ad8c075416a1640a523d8697d580ecb71be79a914d2b7439592eef75b54a0e,t5,high,0.6569420041,0.3430579959,low
structure_only,0,101,c5c61ac6a632dc81f083aca02a5ce3ff9b90ef1e69a86f138b246bd23e7d0ea9,t5,high,0.4203460405,0.5796539595,high
structure_only,0,104,ce81615fdfacce198687f92d3c58747d1f210c5783fa3bb46aa95df8fb61efdc,t5,high,0.4325252304,0.5674747696,high
structure_only,0,108,b74f3f5afc0b04fa76647aa59087b92f57a410aac28d92b9e08e36f063008fba,t5,high,0.6735735015,0.3264264985,low
structure_only,0,109,f92544f5ed508add4c093c58e76fce40d49ca14b51000a7b8770e0152039d485,t5,high,0.7093972674,0.2906027326,low
structure_only,0,119,5e9b1bd1f06698191157fbc99f25182854ee47dcc819d045d1eee684d797587b,t5,high,0.5223539641,0.4776460359,low
structure_only,0,121,b3b2e2bd4653e0479aa37231686157e94d03881d3e717ffb4b92970e7582dc0d,t5,high,0.3814980589,0.6185019411,high
structure_only,0,123,6c7e3cea7a4858b1ace2a58c01677e91a03db28f550513c277a01f23b2083836,t5,low,0.7521891652,0.2478108348,low
structure_only,0,131,78d93e44688ea4c2b1b0be54e645ffaf0ab8c612ccfe0606b26306c0bdd7eb9e,t5,low,0.4710477332,0.5289522668,high
tfidf_raw_prefix,0,14,892e4e1ab6068fc4434d0054ab76e2c3c0d9bf73fcc5cd615db68815b3134102,t5,high,0.2905053438,0.7094946562,high
tfidf_raw_prefix,0,17,4e9629cc0367f8dbaf9608d5600aa795a09c3ebbe94051365be8cd7611f13d26,t5,low,0.3649661421,0.6350338579,high
tfidf_raw_prefix,0,21,c1b71ca5fcfb63cd845ec42d43753eca41cf5c90313140ea6e9695c2c654df6d,t5,high,0.3760053717,0.6239946283,high
tfidf_raw_prefix,0,27,e883cab14c33a28c3bf1e25281ef335a7bcd08f31fb3e2cea1e824982af00196,t5,low,0.4478918958,0.5521081042,high
tfidf_raw_prefix,0,46,2815019765d0a2b0cd8db67fb79e15ec0c4893de14483f3e6156ddacadb10f7a,t5,high,0.362908857,0.637091143,high
tfidf_raw_prefix,0,53,646074c09ce77345f3d6434db5b2b976626086f4a3ba9020dc6fa992fa6887ac,t5,low,0.5145494727,0.4854505273,low
tfidf_raw_prefix,0,55,1b9abf33ba8b2badfab01f2ee1f7aa958800a9808d579c0ec4e6bc41eb27f449,t5,high,0.3718126128,0.6281873872,high
tfidf_raw_prefix,0,65,884e0cb0d19baa05ae86bae59b5351a82ddcdb9a7af044867db66a819a131389,t5,high,0.3441002243,0.6558997757,high
tfidf_raw_prefix,0,67,38b5c44ace8c39b31954af0c9b3057abad24dd37ec441de169f055949fb91ed3,t5,high,0.303355085,0.696644915,high
tfidf_raw_prefix,0,70,eff9b2507927f7894349799dbb77b0c66871e7547a4170f6e6ef409f01493d5d,t5,high,0.479776519,0.520223481,high
tfidf_raw_prefix,0,77,5ee3de464b1eb18f6dbc71fac32dd821ec33a6f6ea0d273324ce5d81751bbc74,t5,high,0.3951884122,0.6048115878,high
tfidf_raw_prefix,0,79,2523640a662b9aab8fa56e40699e7726fd765a9ae7ecdc36a012e3ad8211a245,t5,high,0.3738177417,0.6261822583,high
tfidf_raw_prefix,0,80,a6ba01099092faefda72e83a5ffad12164972913b573b6580138d019a5453418,t5,high,0.3070388803,0.6929611197,high
tfidf_raw_prefix,0,82,eac114d0fbda834121eb1da95e9dd3d4e76db9e3188fcf74d6d679a8efd3c8f1,t5,high,0.3175591084,0.6824408916,high
tfidf_raw_prefix,0,87,c2a6706263d09c63b307df18a79bae14418b0faf3038d47b68ad4d2e853e3f99,t5,high,0.3274276973,0.6725723027,high
tfidf_raw_prefix,0,94,16ad8c075416a1640a523d8697d580ecb71be79a914d2b7439592eef75b54a0e,t5,high,0.3448604249,0.6551395751,high
tfidf_raw_prefix,0,101,c5c61ac6a632dc81f083aca02a5ce3ff9b90ef1e69a86f138b246bd23e7d0ea9,t5,high,0.3254030398,0.6745969602,high
tfidf_raw_prefix,0,104,ce81615fdfacce198687f92d3c58747d1f210c5783fa3bb46aa95df8fb61efdc,t5,high,0.3393879959,0.6606120041,high
tfidf_raw_prefix,0,108,b74f3f5afc0b04fa76647aa59087b92f57a410aac28d92b9e08e36f063008fba,t5,high,0.329303008,0.670696992,high
tfidf_raw_prefix,0,109,f92544f5ed508add4c093c58e76fce40d49ca14b51000a7b8770e0152039d485,t5,high,0.4733227934,0.5266772066,high
tfidf_raw_prefix,0,119,5e9b1bd1f06698191157fbc99f25182854ee47dcc819d045d1eee684d797587b,t5,high,0.3648736192,0.6351263808,high
tfidf_raw_prefix,0,121,b3b2e2bd4653e0479aa37231686157e94d03881d3e717ffb4b92970e7582dc0d,t5,high,0.2795719555,0.7204280445,high
tfidf_raw_prefix,0,123,6c7e3cea7a4858b1ace2a58c01677e91a03db28f550513c277a01f23b2083836,t5,low,0.4492443267,0.5507556733,high
tfidf_raw_prefix,0,131,78d93e44688ea4c2b1b0be54e645ffaf0ab8c612ccfe0606b26306c0bdd7eb9e,t5,low,0.4906139958,0.5093860042,high
oracle_gold_codes,0,14,892e4e1ab6068fc4434d0054ab76e2c3c0d9bf73fcc5cd615db68815b3134102,t5,high,0.02072036688,0.9792796331,high
oracle_gold_codes,0,17,4e9629cc0367f8dbaf9608d5600aa795a09c3ebbe94051365be8cd7611f13d26,t5,low,0.590231289,0.409768711,low
oracle_gold_codes,0,21,c1b71ca5fcfb63cd845ec42d43753eca41cf5c90313140ea6e9695c2c654df6d,t5,high,0.7188295814,0.2811704186,low
oracle_gold_codes,0,27,e883cab14c33a28c3bf1e25281ef335a7bcd08f31fb3e2cea1e824982af00196,t5,low,0.9019971734,0.09800282657,low
oracle_gold_codes,0,46,2815019765d0a2b0cd8db67fb79e15ec0c4893de14483f3e6156ddacadb10f7a,t5,high,0.8262319719,0.1737680281,low
oracle_gold_codes,0,53,646074c09ce77345f3d6434db5b2b976626086f4a3ba9020dc6fa992fa6887ac,t5,low,0.4465818291,0.5534181709,high
oracle_gold_codes,0,55,1b9abf33ba8b2badfab01f2ee1f7aa958800a9808d579c0ec4e6bc41eb27f449,t5,high,0.6011540341,0.3988459659,low
oracle_gold_codes,0,65,884e0cb0d19baa05ae86bae59b5351a82ddcdb9a7af044867db66a819a131389,t5,high,0.1874193366,0.8125806634,high
oracle_gold_codes,0,67,38b5c44ace8c39b31954af0c9b3057abad24dd37ec441de169f055949fb91ed3,t5,high,0.5800081567,0.4199918433,low
oracle_gold_codes,0,70,eff9b2507927f7894349799dbb77b0c66871e7547a4170f6e6ef409f01493d5d,t5,high,0.7966491601,0.2033508399,low
oracle_gold_codes,0,77,5ee3de464b1eb18f6dbc71fac32dd821ec33a6f6ea0d273324ce5d81751bbc74,t5,high,0.5957045139,0.4042954861,low
oracle_gold_codes,0,79,2523640a662b9aab8fa56e40699e7726fd765a9ae7ecdc36a012e3ad8211a245,t5,high,0.002949399724,0.9970506003,high
oracle_gold_codes,0,80,a6ba01099092faefda72e83a5ffad12164972913b573b6580138d019a5453418,t5,high,0.2879185637,0.7120814363,high
oracle_gold_codes,0,82,eac114d0fbda834121eb1da95e9dd3d4e76db9e3188fcf74d6d679a8efd3c8f1,t5,high,0.1968439726,0.8031560274,high
oracle_gold_codes,0,87,c2a6706263d09c63b307df18a79bae14418b0faf3038d47b68ad4d2e853e3f99,t5,high,0.8857369334,0.1142630666,low
oracle_gold_codes,0,94,16ad8c075416a1640a523d8697d580ecb71be79a914d2b7439592eef75b54a0e,t5,high,0.1376985015,0.8623014985,high
oracle_gold_codes,0,101,c5c61ac6a632dc81f083aca02a5ce3ff9b90ef1e69a86f138b246bd23e7d0ea9,t5,high,0.2643400054,0.7356599946,high
oracle_gold_codes,0,104,ce81615fdfacce198687f92d3c58747d1f210c5783fa3bb46aa95df8fb61efdc,t5,high,0.5561667093,0.4438332907,low
oracle_gold_codes,0,108,b74f3f5afc0b04fa76647aa59087b92f57a410aac28d92b9e08e36f063008fba,t5,high,0.260522734,0.739477266,high
oracle_gold_codes,0,109,f92544f5ed508add4c093c58e76fce40d49ca14b51000a7b8770e0152039d485,t5,high,0.4814237366,0.5185762634,high
oracle_gold_codes,0,119,5e9b1bd1f06698191157fbc99f25182854ee47dcc819d045d1eee684d797587b,t5,high,0.08267886732,0.9173211327,high
oracle_gold_codes,0,121,b3b2e2bd4653e0479aa37231686157e94d03881d3e717ffb4b92970e7582dc0d,t5,high,0.2476935971,0.7523064029,high
oracle_gold_codes,0,123,6c7e3cea7a4858b1ace2a58c01677e91a03db28f550513c277a01f23b2083836,t5,low,0.8915474264,0.1084525736,low
oracle_gold_codes,0,131,78d93e44688ea4c2b1b0be54e645ffaf0ab8c612ccfe0606b26306c0bdd7eb9e,t5,low,0.1011089069,0.8988910931,high
class_prior,0,14,892e4e1ab6068fc4434d0054ab76e2c3c0d9bf73fcc5cd615db68815b3134102,t10,high,0.1511627907,0.8488372093,high
class_prior,0,17,4e9629cc0367f8dbaf9608d5600aa795a09c3ebbe94051365be8cd7611f13d26,t10,low,0.1511627907,0.8488372093,high
class_prior,0,21,c1b71ca5fcfb63cd845ec42d43753eca41cf5c90313140ea6e9695c2c654df6d,t10,high,0.1511627907,0.8488372093,high
class_prior,0,27,e883cab14c33a28c3bf1e25281ef335a7bcd08f31fb3e2cea1e824982af00196,t10,low,0.1511627907,0.8488372093,high
class_prior,0,46,2815019765d0a2b0cd8db67fb79e15ec0c4893de14483f3e6156ddacadb10f7a,t10,high,0.1511627907,0.8488372093,high
class_prior,0,53,646074c09ce77345f3d6434db5b2b976626086f4a3ba9020dc6fa992fa6887ac,t10,low,0.1511627907,0.8488372093,high
class_prior,0,55,1b9abf33ba8b2badfab01f2ee1f7aa958800a9808d579c0ec4e6bc41eb27f449,t10,high,0.1511627907,0.8488372093,high
class_prior,0,65,884e0cb0d19baa05ae86bae59b5351a82ddcdb9a7af044867db66a819a131389,t10,high,0.1511627907,0.8488372093,high
class_prior,0,67,38b5c44ace8c39b31954af0c9b3057abad24dd37ec441de169f055949fb91ed3,t10,high,0.1511627907,0.8488372093,high
class_prior,0,77,5ee3de464b1eb18f6dbc71fac32dd821ec33a6f6ea0d273324ce5d81751bbc74,t10,high,0.1511627907,0.8488372093,high
class_prior,0,80,a6ba01099092faefda72e83a5ffad12164972913b573b6580138d019a5453418,t10,high,0.1511627907,0.8488372093,high
class_prior,0,82,eac114d0fbda834121eb1da95e9dd3d4e76db9e3188fcf74d6d679a8efd3c8f1,t10,high,0.1511627907,0.8488372093,high
class_prior,0,87,c2a6706263d09c63b307df18a79bae14418b0faf3038d47b68ad4d2e853e3f99,t10,high,0.1511627907,0.8488372093,high
class_prior,0,94,16ad8c075416a1640a523d8697d580ecb71be79a914d2b7439592eef75b54a0e,t10,high,0.1511627907,0.8488372093,high
class_prior,0,101,c5c61ac6a632dc81f083aca02a5ce3ff9b90ef1e69a86f138b246bd23e7d0ea9,t10,high,0.1511627907,0.8488372093,high
class_prior,0,104,ce81615fdfacce198687f92d3c58747d1f210c5783fa3bb46aa95df8fb61efdc,t10,high,0.1511627907,0.8488372093,high
class_prior,0,108,b74f3f5afc0b04fa76647aa59087b92f57a410aac28d92b9e08e36f063008fba,t10,high,0.1511627907,0.8488372093,high
class_prior,0,109,f92544f5ed508add4c093c58e76fce40d49ca14b51000a7b8770e0152039d485,t10,high,0.1511627907,0.8488372093,high
class_prior,0,119,5e9b1bd1f06698191157fbc99f25182854ee47dcc819d045d1eee684d797587b,t10,high,0.1511627907,0.8488372093,high
class_prior,0,121,b3b2e2bd4653e0479aa37231686157e94d03881d3e717ffb4b92970e7582dc0d,t10,high,0.1511627907,0.8488372093,high
class_prior,0,123,6c7e3cea7a4858b1ace2a58c01677e91a03db28f550513c277a01f23b2083836,t10,low,0.1511627907,0.8488372093,high
class_prior,0,131,78d93e44688ea4c2b1b0be54e645ffaf0ab8c612ccfe0606b26306c0bdd7eb9e,t10,low,0.1511627907,0.8488372093,high
structure_only,0,14,892e4e1ab6068fc4434d0054ab76e2c3c0d9bf73fcc5cd615db68815b3134102,t10,high,0.4089425447,0.5910574553,high
structure_only,0,17,4e9629cc0367f8dbaf9608d5600aa795a09c3ebbe94051365be8cd7611f13d26,t10,low,0.5729257018,0.4270742982,low
structure_only,0,21,c1b71ca5fcfb63cd845ec42d43753eca41cf5c90313140ea6e9695c2c654df6d,t10,high,0.4252618364,0.5747381636,high
structure_only,0,27,e883cab14c33a28c3bf1e25281ef335a7bcd08f31fb3e2cea1e824982af00196,t10,low,0.6083213251,0.3916786749,low
structure_only,0,46,2815019765d0a2b0cd8db67fb79e15ec0c4893de14483f3e6156ddacadb10f7a,t10,high,0.4667026388,0.5332973612,high
structure_only,0,53,646074c09ce77345f3d6434db5b2b976626086f4a3ba9020dc6fa992fa6887ac,t10,low,0.5169935292,0.4830064708,low
structure_only,0,55,1b9abf33ba8b2badfab01f2ee1f7aa958800a9808d579c0ec4e6bc41eb27f449,t10,high,0.4462651888,0.5537348112,high
structure_only,0,65,884e0cb0d19baa05ae86bae59b5351a82ddcdb9a7af044867db66a819a131389,t10,high,0.1674110675,0.8325889325,high
structure_only,0,67,38b5c44ace8c39b31954af0c9b3057abad24dd37ec441de169f055949fb91ed3,t10,high,0.4667026388,0.5332973612,high
structure_only,0,77,5ee3de464b1eb18f6dbc71fac32dd821ec33a6f6ea0d273324ce5d81751bbc74,t10,high,0.4903022366,0.5096977634,high
structure_only,0,80,a6ba01099092faefda72e83a5ffad12164972913b573b6580138d019a5453418,t10,high,0.3942779795,0.6057220205,high
structure_only,0,82,eac114d0fbda834121eb1da95e9dd3d4e76db9e3188fcf74d6d679a8efd3c8f1,t10,high,0.5139451387,0.4860548613,low
structure_only,0,87,c2a6706263d09c63b307df18a79bae14418b0faf3038d47b68ad4d2e853e3f99,t10,high,0.5200406555,0.4799593445,low
structure_only,0,94,16ad8c075416a1640a523d8697d580ecb71be79a914d2b7439592eef75b54a0e,t10,high,0.6893893421,0.3106106579,low
structure_only,0,101,c5c61ac6a632dc81f083aca02a5ce3ff9b90ef1e69a86f138b246bd23e7d0ea9,t10,high,0.3705032295,0.6294967705,high
structure_only,0,104,ce81615fdfacce198687f92d3c58747d1f210c5783fa3bb46aa95df8fb61efdc,t10,high,0.4082052198,0.5917947802,high
structure_only,0,108,b74f3f5afc0b04fa76647aa59087b92f57a410aac28d92b9e08e36f063008fba,t10,high,0.5870474943,0.4129525057,low
structure_only,0,109,f92544f5ed508add4c093c58e76fce40d49ca14b51000a7b8770e0152039d485,t10,high,0.6694561521,0.3305438479,low
structure_only,0,119,5e9b1bd1f06698191157fbc99f25182854ee47dcc819d045d1eee684d797587b,t10,high,0.5261302117,0.4738697883,low
structure_only,0,121,b3b2e2bd4653e0479aa37231686157e94d03881d3e717ffb4b92970e7582dc0d,t10,high,0.3577869659,0.6422130341,high
structure_only,0,123,6c7e3cea7a4858b1ace2a58c01677e91a03db28f550513c277a01f23b2083836,t10,low,0.6606201823,0.3393798177,low
structure_only,0,131,78d93e44688ea4c2b1b0be54e645ffaf0ab8c612ccfe0606b26306c0bdd7eb9e,t10,low,0.4304904874,0.5695095126,high
tfidf_raw_prefix,0,14,892e4e1ab6068fc4434d0054ab76e2c3c0d9bf73fcc5cd615db68815b3134102,t10,high,0.336278139,0.663721861,high
tfidf_raw_prefix,0,17,4e9629cc0367f8dbaf9608d5600aa795a09c3ebbe94051365be8cd7611f13d26,t10,low,0.4182609362,0.5817390638,high
tfidf_raw_prefix,0,21,c1b71ca5fcfb63cd845ec42d43753eca41cf5c90313140ea6e9695c2c654df6d,t10,high,0.3849121948,0.6150878052,high
tfidf_raw_prefix,0,27,e883cab14c33a28c3bf1e25281ef335a7bcd08f31fb3e2cea1e824982af00196,t10,low,0.3944764604,0.6055235396,high
tfidf_raw_prefix,0,46,2815019765d0a2b0cd8db67fb79e15ec0c4893de14483f3e6156ddacadb10f7a,t10,high,0.3536246232,0.6463753768,high
tfidf_raw_prefix,0,53,646074c09ce77345f3d6434db5b2b976626086f4a3ba9020dc6fa992fa6887ac,t10,low,0.4217823265,0.5782176735,high
tfidf_raw_prefix,0,55,1b9abf33ba8b2badfab01f2ee1f7aa958800a9808d579c0ec4e6bc41eb27f449,t10,high,0.3371765127,0.6628234873,high
tfidf_raw_prefix,0,65,884e0cb0d19baa05ae86bae59b5351a82ddcdb9a7af044867db66a819a131389,t10,high,0.2923622453,0.7076377547,high
tfidf_raw_prefix,0,67,38b5c44ace8c39b31954af0c9b3057abad24dd37ec441de169f055949fb91ed3,t10,high,0.3310971877,0.6689028123,high
tfidf_raw_prefix,0,77,5ee3de464b1eb18f6dbc71fac32dd821ec33a6f6ea0d273324ce5d81751bbc74,t10,high,0.3681525152,0.6318474848,high
tfidf_raw_prefix,0,80,a6ba01099092faefda72e83a5ffad12164972913b573b6580138d019a5453418,t10,high,0.3507210758,0.6492789242,high
tfidf_raw_prefix,0,82,eac114d0fbda834121eb1da95e9dd3d4e76db9e3188fcf74d6d679a8efd3c8f1,t10,high,0.3307392349,0.6692607651,high
tfidf_raw_prefix,0,87,c2a6706263d09c63b307df18a79bae14418b0faf3038d47b68ad4d2e853e3f99,t10,high,0.2814155917,0.7185844083,high
tfidf_raw_prefix,0,94,16ad8c075416a1640a523d8697d580ecb71be79a914d2b7439592eef75b54a0e,t10,high,0.3050738999,0.6949261001,high
tfidf_raw_prefix,0,101,c5c61ac6a632dc81f083aca02a5ce3ff9b90ef1e69a86f138b246bd23e7d0ea9,t10,high,0.3248035694,0.6751964306,high
tfidf_raw_prefix,0,104,ce81615fdfacce198687f92d3c58747d1f210c5783fa3bb46aa95df8fb61efdc,t10,high,0.3675056975,0.6324943025,high
tfidf_raw_prefix,0,108,b74f3f5afc0b04fa76647aa59087b92f57a410aac28d92b9e08e36f063008fba,t10,high,0.2720523126,0.7279476874,high
tfidf_raw_prefix,0,109,f92544f5ed508add4c093c58e76fce40d49ca14b51000a7b8770e0152039d485,t10,high,0.4476502429,0.5523497571,high
tfidf_raw_prefix,0,119,5e9b1bd1f06698191157fbc99f25182854ee47dcc819d045d1eee684d797587b,t10,high,0.3240155735,0.6759844265,high
tfidf_raw_prefix,0,121,b3b2e2bd4653e0479aa37231686157e94d03881d3e717ffb4b92970e7582dc0d,t10,high,0.2653810232,0.7346189768,high
tfidf_raw_prefix,0,123,6c7e3cea7a4858b1ace2a58c01677e91a03db28f550513c277a01f23b2083836,t10,low,0.4883537164,0.5116462836,high
tfidf_raw_prefix,0,131,78d93e44688ea4c2b1b0be54e645ffaf0ab8c612ccfe0606b26306c0bdd7eb9e,t10,low,0.3442792193,0.6557207807,high
oracle_gold_codes,0,14,892e4e1ab6068fc4434d0054ab76e2c3c0d9bf73fcc5cd615db68815b3134102,t10,high,0.01566980878,0.9843301912,high
oracle_gold_codes,0,17,4e9629cc0367f8dbaf9608d5600aa795a09c3ebbe94051365be8cd7611f13d26,t10,low,0.6145428323,0.3854571677,low
oracle_gold_codes,0,21,c1b71ca5fcfb63cd845ec42d43753eca41cf5c90313140ea6e9695c2c654df6d,t10,high,0.7340428089,0.2659571911,low
oracle_gold_codes,0,27,e883cab14c33a28c3bf1e25281ef335a7bcd08f31fb3e2cea1e824982af00196,t10,low,0.9095274107,0.09047258931,low
oracle_gold_codes,0,46,2815019765d0a2b0cd8db67fb79e15ec0c4893de14483f3e6156ddacadb10f7a,t10,high,0.5088547308,0.4911452692,low
oracle_gold_codes,0,53,646074c09ce77345f3d6434db5b2b976626086f4a3ba9020dc6fa992fa6887ac,t10,low,0.4808854107,0.5191145893,high
oracle_gold_codes,0,55,1b9abf33ba8b2badfab01f2ee1f7aa958800a9808d579c0ec4e6bc41eb27f449,t10,high,0.3347600292,0.6652399708,high
oracle_gold_codes,0,65,884e0cb0d19baa05ae86bae59b5351a82ddcdb9a7af044867db66a819a131389,t10,high,0.08114566215,0.9188543379,high
oracle_gold_codes,0,67,38b5c44ace8c39b31954af0c9b3057abad24dd37ec441de169f055949fb91ed3,t10,high,0.6395159074,0.3604840926,low
oracle_gold_codes,0,77,5ee3de464b1eb18f6dbc71fac32dd821ec33a6f6ea0d273324ce5d81751bbc74,t10,high,0.5176892124,0.4823107876,low
oracle_gold_codes,0,80,a6ba01099092faefda72e83a5ffad12164972913b573b6580138d019a5453418,t10,high,0.1680430175,0.8319569825,high
oracle_gold_codes,0,82,eac114d0fbda834121eb1da95e9dd3d4e76db9e3188fcf74d6d679a8efd3c8f1,t10,high,0.08098603717,0.9190139628,high
oracle_gold_codes,0,87,c2a6706263d09c63b307df18a79bae14418b0faf3038d47b68ad4d2e853e3f99,t10,high,0.4287901297,0.5712098703,high
oracle_gold_codes,0,94,16ad8c075416a1640a523d8697d580ecb71be79a914d2b7439592eef75b54a0e,t10,high,0.005092183049,0.994907817,high
oracle_gold_codes,0,101,c5c61ac6a632dc81f083aca02a5ce3ff9b90ef1e69a86f138b246bd23e7d0ea9,t10,high,0.2074812226,0.7925187774,high
oracle_gold_codes,0,104,ce81615fdfacce198687f92d3c58747d1f210c5783fa3bb46aa95df8fb61efdc,t10,high,0.5277649766,0.4722350234,low
oracle_gold_codes,0,108,b74f3f5afc0b04fa76647aa59087b92f57a410aac28d92b9e08e36f063008fba,t10,high,0.1420498823,0.8579501177,high
oracle_gold_codes,0,109,f92544f5ed508add4c093c58e76fce40d49ca14b51000a7b8770e0152039d485,t10,high,0.1350246092,0.8649753908,high
oracle_gold_codes,0,119,5e9b1bd1f06698191157fbc99f25182854ee47dcc819d045d1eee684d797587b,t10,high,0.006401226687,0.9935987733,high
oracle_gold_codes,0,121,b3b2e2bd4653e0479aa37231686157e94d03881d3e717ffb4b92970e7582dc0d,t10,high,0.3529214498,0.6470785502,high
oracle_gold_codes,0,123,6c7e3cea7a4858b1ace2a58c01677e91a03db28f550513c277a01f23b2083836,t10,low,0.8601740786,0.1398259214,low
oracle_gold_codes,0,131,78d93e44688ea4c2b1b0be54e645ffaf0ab8c612ccfe0606b26306c0bdd7eb9e,t10,low,0.03588161658,0.9641183834,high
class_prior,0,14,892e4e1ab6068fc4434d0054ab76e2c3c0d9bf73fcc5cd615db68815b3134102,t20,high,0.05263157895,0.9473684211,high
class_prior,0,21,c1b71ca5fcfb63cd845ec42d43753eca41cf5c90313140ea6e9695c2c654df6d,t20,high,0.05263157895,0.9473684211,high
class_prior,0,46,2815019765d0a2b0cd8db67fb79e15ec0c4893de14483f3e6156ddacadb10f7a,t20,high,0.05263157895,0.9473684211,high
class_prior,0,53,646074c09ce77345f3d6434db5b2b976626086f4a3ba9020dc6fa992fa6887ac,t20,low,0.05263157895,0.9473684211,high
class_prior,0,55,1b9abf33ba8b2badfab01f2ee1f7aa958800a9808d579c0ec4e6bc41eb27f449,t20,high,0.05263157895,0.9473684211,high
class_prior,0,67,38b5c44ace8c39b31954af0c9b3057abad24dd37ec441de169f055949fb91ed3,t20,high,0.05263157895,0.9473684211,high
class_prior,0,77,5ee3de464b1eb18f6dbc71fac32dd821ec33a6f6ea0d273324ce5d81751bbc74,t20,high,0.05263157895,0.9473684211,high
class_prior,0,80,a6ba01099092faefda72e83a5ffad12164972913b573b6580138d019a5453418,t20,high,0.05263157895,0.9473684211,high
class_prior,0,94,16ad8c075416a1640a523d8697d580ecb71be79a914d2b7439592eef75b54a0e,t20,high,0.05263157895,0.9473684211,high
class_prior,0,101,c5c61ac6a632dc81f083aca02a5ce3ff9b90ef1e69a86f138b246bd23e7d0ea9,t20,high,0.05263157895,0.9473684211,high
class_prior,0,104,ce81615fdfacce198687f92d3c58747d1f210c5783fa3bb46aa95df8fb61efdc,t20,high,0.05263157895,0.9473684211,high
class_prior,0,108,b74f3f5afc0b04fa76647aa59087b92f57a410aac28d92b9e08e36f063008fba,t20,high,0.05263157895,0.9473684211,high
class_prior,0,109,f92544f5ed508add4c093c58e76fce40d49ca14b51000a7b8770e0152039d485,t20,high,0.05263157895,0.9473684211,high
class_prior,0,119,5e9b1bd1f06698191157fbc99f25182854ee47dcc819d045d1eee684d797587b,t20,high,0.05263157895,0.9473684211,high
class_prior,0,121,b3b2e2bd4653e0479aa37231686157e94d03881d3e717ffb4b92970e7582dc0d,t20,high,0.05263157895,0.9473684211,high
class_prior,0,131,78d93e44688ea4c2b1b0be54e645ffaf0ab8c612ccfe0606b26306c0bdd7eb9e,t20,low,0.05263157895,0.9473684211,high
structure_only,0,14,892e4e1ab6068fc4434d0054ab76e2c3c0d9bf73fcc5cd615db68815b3134102,t20,high,0.748764283,0.251235717,low
structure_only,0,21,c1b71ca5fcfb63cd845ec42d43753eca41cf5c90313140ea6e9695c2c654df6d,t20,high,0.736866865,0.263133135,low
structure_only,0,46,2815019765d0a2b0cd8db67fb79e15ec0c4893de14483f3e6156ddacadb10f7a,t20,high,0.2404442349,0.7595557651,high
structure_only,0,53,646074c09ce77345f3d6434db5b2b976626086f4a3ba9020dc6fa992fa6887ac,t20,low,0.1542150383,0.8457849617,high
structure_only,0,55,1b9abf33ba8b2badfab01f2ee1f7aa958800a9808d579c0ec4e6bc41eb27f449,t20,high,0.07819420132,0.9218057987,high
structure_only,0,67,38b5c44ace8c39b31954af0c9b3057abad24dd37ec441de169f055949fb91ed3,t20,high,0.3669819288,0.6330180712,high
structure_only,0,77,5ee3de464b1eb18f6dbc71fac32dd821ec33a6f6ea0d273324ce5d81751bbc74,t20,high,0.08485335526,0.9151466447,high
structure_only,0,80,a6ba01099092faefda72e83a5ffad12164972913b573b6580138d019a5453418,t20,high,0.6583689382,0.3416310618,low
structure_only,0,94,16ad8c075416a1640a523d8697d580ecb71be79a914d2b7439592eef75b54a0e,t20,high,0.01802895216,0.9819710478,high
structure_only,0,101,c5c61ac6a632dc81f083aca02a5ce3ff9b90ef1e69a86f138b246bd23e7d0ea9,t20,high,0.3306273345,0.6693726655,high
structure_only,0,104,ce81615fdfacce198687f92d3c58747d1f210c5783fa3bb46aa95df8fb61efdc,t20,high,0.3150676873,0.6849323127,high
structure_only,0,108,b74f3f5afc0b04fa76647aa59087b92f57a410aac28d92b9e08e36f063008fba,t20,high,0.03225106424,0.9677489358,high
structure_only,0,109,f92544f5ed508add4c093c58e76fce40d49ca14b51000a7b8770e0152039d485,t20,high,0.006384110365,0.9936158896,high
structure_only,0,119,5e9b1bd1f06698191157fbc99f25182854ee47dcc819d045d1eee684d797587b,t20,high,0.1674177343,0.8325822657,high
structure_only,0,121,b3b2e2bd4653e0479aa37231686157e94d03881d3e717ffb4b92970e7582dc0d,t20,high,0.8740591713,0.1259408287,low
structure_only,0,131,78d93e44688ea4c2b1b0be54e645ffaf0ab8c612ccfe0606b26306c0bdd7eb9e,t20,low,0.689632325,0.310367675,low
tfidf_raw_prefix,0,14,892e4e1ab6068fc4434d0054ab76e2c3c0d9bf73fcc5cd615db68815b3134102,t20,high,0.2265890835,0.7734109165,high
tfidf_raw_prefix,0,21,c1b71ca5fcfb63cd845ec42d43753eca41cf5c90313140ea6e9695c2c654df6d,t20,high,0.2858595111,0.7141404889,high
tfidf_raw_prefix,0,46,2815019765d0a2b0cd8db67fb79e15ec0c4893de14483f3e6156ddacadb10f7a,t20,high,0.2176985426,0.7823014574,high
tfidf_raw_prefix,0,53,646074c09ce77345f3d6434db5b2b976626086f4a3ba9020dc6fa992fa6887ac,t20,low,0.2579479852,0.7420520148,high
tfidf_raw_prefix,0,55,1b9abf33ba8b2badfab01f2ee1f7aa958800a9808d579c0ec4e6bc41eb27f449,t20,high,0.2250410261,0.7749589739,high
tfidf_raw_prefix,0,67,38b5c44ace8c39b31954af0c9b3057abad24dd37ec441de169f055949fb91ed3,t20,high,0.2459928624,0.7540071376,high
tfidf_raw_prefix,0,77,5ee3de464b1eb18f6dbc71fac32dd821ec33a6f6ea0d273324ce5d81751bbc74,t20,high,0.2245255141,0.7754744859,high
tfidf_raw_prefix,0,80,a6ba01099092faefda72e83a5ffad12164972913b573b6580138d019a5453418,t20,high,0.1925889399,0.8074110601,high
tfidf_raw_prefix,0,94,16ad8c075416a1640a523d8697d580ecb71be79a914d2b7439592eef75b54a0e,t20,high,0.1616639845,0.8383360155,high
tfidf_raw_prefix,0,101,c5c61ac6a632dc81f083aca02a5ce3ff9b90ef1e69a86f138b246bd23e7d0ea9,t20,high,0.2156268379,0.7843731621,high
tfidf_raw_prefix,0,104,ce81615fdfacce198687f92d3c58747d1f210c5783fa3bb46aa95df8fb61efdc,t20,high,0.2154079592,0.7845920408,high
tfidf_raw_prefix,0,108,b74f3f5afc0b04fa76647aa59087b92f57a410aac28d92b9e08e36f063008fba,t20,high,0.1817099154,0.8182900846,high
tfidf_raw_prefix,0,109,f92544f5ed508add4c093c58e76fce40d49ca14b51000a7b8770e0152039d485,t20,high,0.2496978065,0.7503021935,high
tfidf_raw_prefix,0,119,5e9b1bd1f06698191157fbc99f25182854ee47dcc819d045d1eee684d797587b,t20,high,0.1805577081,0.8194422919,high
tfidf_raw_prefix,0,121,b3b2e2bd4653e0479aa37231686157e94d03881d3e717ffb4b92970e7582dc0d,t20,high,0.242374746,0.757625254,high
tfidf_raw_prefix,0,131,78d93e44688ea4c2b1b0be54e645ffaf0ab8c612ccfe0606b26306c0bdd7eb9e,t20,low,0.2095507236,0.7904492764,high
oracle_gold_codes,0,14,892e4e1ab6068fc4434d0054ab76e2c3c0d9bf73fcc5cd615db68815b3134102,t20,high,0.0427045441,0.9572954559,high
oracle_gold_codes,0,21,c1b71ca5fcfb63cd845ec42d43753eca41cf5c90313140ea6e9695c2c654df6d,t20,high,0.6484551106,0.3515448894,low
oracle_gold_codes,0,46,2815019765d0a2b0cd8db67fb79e15ec0c4893de14483f3e6156ddacadb10f7a,t20,high,0.3502655352,0.6497344648,high
oracle_gold_codes,0,53,646074c09ce77345f3d6434db5b2b976626086f4a3ba9020dc6fa992fa6887ac,t20,low,0.5154774389,0.4845225611,low
oracle_gold_codes,0,55,1b9abf33ba8b2badfab01f2ee1f7aa958800a9808d579c0ec4e6bc41eb27f449,t20,high,0.2897831629,0.7102168371,high
oracle_gold_codes,0,67,38b5c44ace8c39b31954af0c9b3057abad24dd37ec441de169f055949fb91ed3,t20,high,0.3739661199,0.6260338801,high
oracle_gold_codes,0,77,5ee3de464b1eb18f6dbc71fac32dd821ec33a6f6ea0d273324ce5d81751bbc74,t20,high,0.5641805846,0.4358194154,low
oracle_gold_codes,0,80,a6ba01099092faefda72e83a5ffad12164972913b573b6580138d019a5453418,t20,high,0.04877836154,0.9512216385,high
oracle_gold_codes,0,94,16ad8c075416a1640a523d8697d580ecb71be79a914d2b7439592eef75b54a0e,t20,high,0.01441782118,0.9855821788,high
oracle_gold_codes,0,101,c5c61ac6a632dc81f083aca02a5ce3ff9b90ef1e69a86f138b246bd23e7d0ea9,t20,high,0.1723946872,0.8276053128,high
oracle_gold_codes,0,104,ce81615fdfacce198687f92d3c58747d1f210c5783fa3bb46aa95df8fb61efdc,t20,high,0.2634846114,0.7365153886,high
oracle_gold_codes,0,108,b74f3f5afc0b04fa76647aa59087b92f57a410aac28d92b9e08e36f063008fba,t20,high,0.1239414566,0.8760585434,high
oracle_gold_codes,0,109,f92544f5ed508add4c093c58e76fce40d49ca14b51000a7b8770e0152039d485,t20,high,0.01048824103,0.989511759,high
oracle_gold_codes,0,119,5e9b1bd1f06698191157fbc99f25182854ee47dcc819d045d1eee684d797587b,t20,high,0.00331894797,0.996681052,high
oracle_gold_codes,0,121,b3b2e2bd4653e0479aa37231686157e94d03881d3e717ffb4b92970e7582dc0d,t20,high,0.2787276473,0.7212723527,high
oracle_gold_codes,0,131,78d93e44688ea4c2b1b0be54e645ffaf0ab8c612ccfe0606b26306c0bdd7eb9e,t20,low,0.0586851377,0.9413148623,high
class_prior,0,14,892e4e1ab6068fc4434d0054ab76e2c3c0d9bf73fcc5cd615db68815b3134102,full,high,0.1736842105,0.8263157895,high
class_prior,0,17,4e9629cc0367f8dbaf9608d5600aa795a09c3ebbe94051365be8cd7611f13d26,full,low,0.1736842105,0.8263157895,high
class_prior,0,21,c1b71ca5fcfb63cd845ec42d43753eca41cf5c90313140ea6e9695c2c654df6d,full,high,0.1736842105,0.8263157895,high
class_prior,0,27,e883cab14c33a28c3bf1e25281ef335a7bcd08f31fb3e2cea1e824982af00196,full,low,0.1736842105,0.8263157895,high
class_prior,0,46,2815019765d0a2b0cd8db67fb79e15ec0c4893de14483f3e6156ddacadb10f7a,full,high,0.1736842105,0.8263157895,high
class_prior,0,53,646074c09ce77345f3d6434db5b2b976626086f4a3ba9020dc6fa992fa6887ac,full,low,0.1736842105,0.8263157895,high
class_prior,0,55,1b9abf33ba8b2badfab01f2ee1f7aa958800a9808d579c0ec4e6bc41eb27f449,full,high,0.1736842105,0.8263157895,high
class_prior,0,65,884e0cb0d19baa05ae86bae59b5351a82ddcdb9a7af044867db66a819a131389,full,high,0.1736842105,0.8263157895,high
class_prior,0,67,38b5c44ace8c39b31954af0c9b3057abad24dd37ec441de169f055949fb91ed3,full,high,0.1736842105,0.8263157895,high
class_prior,0,69,eff9b2507927f7894349799dbb77b0c66871e7547a4170f6e6ef409f01493d5d,full,low,0.1736842105,0.8263157895,high
class_prior,0,70,eff9b2507927f7894349799dbb77b0c66871e7547a4170f6e6ef409f01493d5d,full,high,0.1736842105,0.8263157895,high
class_prior,0,77,5ee3de464b1eb18f6dbc71fac32dd821ec33a6f6ea0d273324ce5d81751bbc74,full,high,0.1736842105,0.8263157895,high
class_prior,0,79,2523640a662b9aab8fa56e40699e7726fd765a9ae7ecdc36a012e3ad8211a245,full,high,0.1736842105,0.8263157895,high
class_prior,0,80,a6ba01099092faefda72e83a5ffad12164972913b573b6580138d019a5453418,full,high,0.1736842105,0.8263157895,high
class_prior,0,82,eac114d0fbda834121eb1da95e9dd3d4e76db9e3188fcf74d6d679a8efd3c8f1,full,high,0.1736842105,0.8263157895,high
class_prior,0,87,c2a6706263d09c63b307df18a79bae14418b0faf3038d47b68ad4d2e853e3f99,full,high,0.1736842105,0.8263157895,high
class_prior,0,94,16ad8c075416a1640a523d8697d580ecb71be79a914d2b7439592eef75b54a0e,full,high,0.1736842105,0.8263157895,high
class_prior,0,101,c5c61ac6a632dc81f083aca02a5ce3ff9b90ef1e69a86f138b246bd23e7d0ea9,full,high,0.1736842105,0.8263157895,high
class_prior,0,104,ce81615fdfacce198687f92d3c58747d1f210c5783fa3bb46aa95df8fb61efdc,full,high,0.1736842105,0.8263157895,high
class_prior,0,108,b74f3f5afc0b04fa76647aa59087b92f57a410aac28d92b9e08e36f063008fba,full,high,0.1736842105,0.8263157895,high
class_prior,0,109,f92544f5ed508add4c093c58e76fce40d49ca14b51000a7b8770e0152039d485,full,high,0.1736842105,0.8263157895,high
class_prior,0,119,5e9b1bd1f06698191157fbc99f25182854ee47dcc819d045d1eee684d797587b,full,high,0.1736842105,0.8263157895,high
class_prior,0,121,b3b2e2bd4653e0479aa37231686157e94d03881d3e717ffb4b92970e7582dc0d,full,high,0.1736842105,0.8263157895,high
class_prior,0,123,6c7e3cea7a4858b1ace2a58c01677e91a03db28f550513c277a01f23b2083836,full,low,0.1736842105,0.8263157895,high
class_prior,0,131,78d93e44688ea4c2b1b0be54e645ffaf0ab8c612ccfe0606b26306c0bdd7eb9e,full,low,0.1736842105,0.8263157895,high
structure_only,0,14,892e4e1ab6068fc4434d0054ab76e2c3c0d9bf73fcc5cd615db68815b3134102,full,high,0.3947961982,0.6052038018,high
structure_only,0,17,4e9629cc0367f8dbaf9608d5600aa795a09c3ebbe94051365be8cd7611f13d26,full,low,0.6195333717,0.3804666283,low
structure_only,0,21,c1b71ca5fcfb63cd845ec42d43753eca41cf5c90313140ea6e9695c2c654df6d,full,high,0.1039271311,0.8960728689,high
structure_only,0,27,e883cab14c33a28c3bf1e25281ef335a7bcd08f31fb3e2cea1e824982af00196,full,low,0.6779177107,0.3220822893,low
structure_only,0,46,2815019765d0a2b0cd8db67fb79e15ec0c4893de14483f3e6156ddacadb10f7a,full,high,0.3708532564,0.6291467436,high
structure_only,0,53,646074c09ce77345f3d6434db5b2b976626086f4a3ba9020dc6fa992fa6887ac,full,low,0.1791103441,0.8208896559,high
structure_only,0,55,1b9abf33ba8b2badfab01f2ee1f7aa958800a9808d579c0ec4e6bc41eb27f449,full,high,0.3370634364,0.6629365636,high
structure_only,0,65,884e0cb0d19baa05ae86bae59b5351a82ddcdb9a7af044867db66a819a131389,full,high,0.4046690087,0.5953309913,high
structure_only,0,67,38b5c44ace8c39b31954af0c9b3057abad24dd37ec441de169f055949fb91ed3,full,high,0.4158833044,0.5841166956,high
structure_only,0,69,eff9b2507927f7894349799dbb77b0c66871e7547a4170f6e6ef409f01493d5d,full,low,0.6256614516,0.3743385484,low
structure_only,0,70,eff9b2507927f7894349799dbb77b0c66871e7547a4170f6e6ef409f01493d5d,full,high,0.625352549,0.374647451,low
structure_only,0,77,5ee3de464b1eb18f6dbc71fac32dd821ec33a6f6ea0d273324ce5d81751bbc74,full,high,0.4636908409,0.5363091591,high
structure_only,0,79,2523640a662b9aab8fa56e40699e7726fd765a9ae7ecdc36a012e3ad8211a245,full,high,0.870826668,0.129173332,low
structure_only,0,80,a6ba01099092faefda72e83a5ffad12164972913b573b6580138d019a5453418,full,high,0.369710574,0.630289426,high
structure_only,0,82,eac114d0fbda834121eb1da95e9dd3d4e76db9e3188fcf74d6d679a8efd3c8f1,full,high,0.4581937493,0.5418062507,high
structure_only,0,87,c2a6706263d09c63b307df18a79bae14418b0faf3038d47b68ad4d2e853e3f99,full,high,0.5336452872,0.4663547128,low
structure_only,0,94,16ad8c075416a1640a523d8697d580ecb71be79a914d2b7439592eef75b54a0e,full,high,0.3530627934,0.6469372066,high
structure_only,0,101,c5c61ac6a632dc81f083aca02a5ce3ff9b90ef1e69a86f138b246bd23e7d0ea9,full,high,0.3577721677,0.6422278323,high
structure_only,0,104,ce81615fdfacce198687f92d3c58747d1f210c5783fa3bb46aa95df8fb61efdc,full,high,0.3885845202,0.6114154798,high
structure_only,0,108,b74f3f5afc0b04fa76647aa59087b92f57a410aac28d92b9e08e36f063008fba,full,high,0.3778263415,0.6221736585,high
structure_only,0,109,f92544f5ed508add4c093c58e76fce40d49ca14b51000a7b8770e0152039d485,full,high,0.4987428086,0.5012571914,high
structure_only,0,119,5e9b1bd1f06698191157fbc99f25182854ee47dcc819d045d1eee684d797587b,full,high,0.2735443784,0.7264556216,high
structure_only,0,121,b3b2e2bd4653e0479aa37231686157e94d03881d3e717ffb4b92970e7582dc0d,full,high,0.001491130273,0.9985088697,high
structure_only,0,123,6c7e3cea7a4858b1ace2a58c01677e91a03db28f550513c277a01f23b2083836,full,low,0.7329670557,0.2670329443,low
structure_only,0,131,78d93e44688ea4c2b1b0be54e645ffaf0ab8c612ccfe0606b26306c0bdd7eb9e,full,low,0.2704922326,0.7295077674,high
tfidf_raw_prefix,0,14,892e4e1ab6068fc4434d0054ab76e2c3c0d9bf73fcc5cd615db68815b3134102,full,high,0.3260846288,0.6739153712,high
tfidf_raw_prefix,0,17,4e9629cc0367f8dbaf9608d5600aa795a09c3ebbe94051365be8cd7611f13d26,full,low,0.4785988971,0.5214011029,high
tfidf_raw_prefix,0,21,c1b71ca5fcfb63cd845ec42d43753eca41cf5c90313140ea6e9695c2c654df6d,full,high,0.2869715904,0.7130284096,high
tfidf_raw_prefix,0,27,e883cab14c33a28c3bf1e25281ef335a7bcd08f31fb3e2cea1e824982af00196,full,low,0.4286528498,0.5713471502,high
tfidf_raw_prefix,0,46,2815019765d0a2b0cd8db67fb79e15ec0c4893de14483f3e6156ddacadb10f7a,full,high,0.3715668188,0.6284331812,high
tfidf_raw_prefix,0,53,646074c09ce77345f3d6434db5b2b976626086f4a3ba9020dc6fa992fa6887ac,full,low,0.4250674149,0.5749325851,high
tfidf_raw_prefix,0,55,1b9abf33ba8b2badfab01f2ee1f7aa958800a9808d579c0ec4e6bc41eb27f449,full,high,0.2981810473,0.7018189527,high
tfidf_raw_prefix,0,65,884e0cb0d19baa05ae86bae59b5351a82ddcdb9a7af044867db66a819a131389,full,high,0.3865568023,0.6134431977,high
tfidf_raw_prefix,0,67,38b5c44ace8c39b31954af0c9b3057abad24dd37ec441de169f055949fb91ed3,full,high,0.379511045,0.620488955,high
tfidf_raw_prefix,0,69,eff9b2507927f7894349799dbb77b0c66871e7547a4170f6e6ef409f01493d5d,full,low,0.5526430609,0.4473569391,low
tfidf_raw_prefix,0,70,eff9b2507927f7894349799dbb77b0c66871e7547a4170f6e6ef409f01493d5d,full,high,0.521085814,0.478914186,low
tfidf_raw_prefix,0,77,5ee3de464b1eb18f6dbc71fac32dd821ec33a6f6ea0d273324ce5d81751bbc74,full,high,0.3505912173,0.6494087827,high
tfidf_raw_prefix,0,79,2523640a662b9aab8fa56e40699e7726fd765a9ae7ecdc36a012e3ad8211a245,full,high,0.3628636262,0.6371363738,high
tfidf_raw_prefix,0,80,a6ba01099092faefda72e83a5ffad12164972913b573b6580138d019a5453418,full,high,0.3393492862,0.6606507138,high
tfidf_raw_prefix,0,82,eac114d0fbda834121eb1da95e9dd3d4e76db9e3188fcf74d6d679a8efd3c8f1,full,high,0.3799368522,0.6200631478,high
tfidf_raw_prefix,0,87,c2a6706263d09c63b307df18a79bae14418b0faf3038d47b68ad4d2e853e3f99,full,high,0.3798016941,0.6201983059,high
tfidf_raw_prefix,0,94,16ad8c075416a1640a523d8697d580ecb71be79a914d2b7439592eef75b54a0e,full,high,0.2625590404,0.7374409596,high
tfidf_raw_prefix,0,101,c5c61ac6a632dc81f083aca02a5ce3ff9b90ef1e69a86f138b246bd23e7d0ea9,full,high,0.3633103762,0.6366896238,high
tfidf_raw_prefix,0,104,ce81615fdfacce198687f92d3c58747d1f210c5783fa3bb46aa95df8fb61efdc,full,high,0.4075417188,0.5924582812,high
tfidf_raw_prefix,0,108,b74f3f5afc0b04fa76647aa59087b92f57a410aac28d92b9e08e36f063008fba,full,high,0.2760436092,0.7239563908,high
tfidf_raw_prefix,0,109,f92544f5ed508add4c093c58e76fce40d49ca14b51000a7b8770e0152039d485,full,high,0.3971251937,0.6028748063,high
tfidf_raw_prefix,0,119,5e9b1bd1f06698191157fbc99f25182854ee47dcc819d045d1eee684d797587b,full,high,0.2798224728,0.7201775272,high
tfidf_raw_prefix,0,121,b3b2e2bd4653e0479aa37231686157e94d03881d3e717ffb4b92970e7582dc0d,full,high,0.229875895,0.770124105,high
tfidf_raw_prefix,0,123,6c7e3cea7a4858b1ace2a58c01677e91a03db28f550513c277a01f23b2083836,full,low,0.497903185,0.502096815,high
tfidf_raw_prefix,0,131,78d93e44688ea4c2b1b0be54e645ffaf0ab8c612ccfe0606b26306c0bdd7eb9e,full,low,0.3251542793,0.6748457207,high
oracle_gold_codes,0,14,892e4e1ab6068fc4434d0054ab76e2c3c0d9bf73fcc5cd615db68815b3134102,full,high,0.0764534678,0.9235465322,high
oracle_gold_codes,0,17,4e9629cc0367f8dbaf9608d5600aa795a09c3ebbe94051365be8cd7611f13d26,full,low,0.6574742672,0.3425257328,low
oracle_gold_codes,0,21,c1b71ca5fcfb63cd845ec42d43753eca41cf5c90313140ea6e9695c2c654df6d,full,high,0.05942605606,0.9405739439,high
oracle_gold_codes,0,27,e883cab14c33a28c3bf1e25281ef335a7bcd08f31fb3e2cea1e824982af00196,full,low,0.9580986519,0.04190134814,low
oracle_gold_codes,0,46,2815019765d0a2b0cd8db67fb79e15ec0c4893de14483f3e6156ddacadb10f7a,full,high,0.1731606049,0.8268393951,high
oracle_gold_codes,0,53,646074c09ce77345f3d6434db5b2b976626086f4a3ba9020dc6fa992fa6887ac,full,low,0.2323287879,0.7676712121,high
oracle_gold_codes,0,55,1b9abf33ba8b2badfab01f2ee1f7aa958800a9808d579c0ec4e6bc41eb27f449,full,high,0.09081140065,0.9091885993,high
oracle_gold_codes,0,65,884e0cb0d19baa05ae86bae59b5351a82ddcdb9a7af044867db66a819a131389,full,high,0.1414299352,0.8585700648,high
oracle_gold_codes,0,67,38b5c44ace8c39b31954af0c9b3057abad24dd37ec441de169f055949fb91ed3,full,high,0.2743523769,0.7256476231,high
oracle_gold_codes,0,69,eff9b2507927f7894349799dbb77b0c66871e7547a4170f6e6ef409f01493d5d,full,low,0.9378880394,0.06211196056,low
oracle_gold_codes,0,70,eff9b2507927f7894349799dbb77b0c66871e7547a4170f6e6ef409f01493d5d,full,high,0.8014649699,0.1985350301,low
oracle_gold_codes,0,77,5ee3de464b1eb18f6dbc71fac32dd821ec33a6f6ea0d273324ce5d81751bbc74,full,high,0.764054344,0.235945656,low
oracle_gold_codes,0,79,2523640a662b9aab8fa56e40699e7726fd765a9ae7ecdc36a012e3ad8211a245,full,high,2.717024417e-05,0.9999728298,high
oracle_gold_codes,0,80,a6ba01099092faefda72e83a5ffad12164972913b573b6580138d019a5453418,full,high,0.1715273383,0.8284726617,high
oracle_gold_codes,0,82,eac114d0fbda834121eb1da95e9dd3d4e76db9e3188fcf74d6d679a8efd3c8f1,full,high,0.06914694457,0.9308530554,high
oracle_gold_codes,0,87,c2a6706263d09c63b307df18a79bae14418b0faf3038d47b68ad4d2e853e3f99,full,high,0.1772210338,0.8227789662,high
oracle_gold_codes,0,94,16ad8c075416a1640a523d8697d580ecb71be79a914d2b7439592eef75b54a0e,full,high,0.007117745842,0.9928822542,high
oracle_gold_codes,0,101,c5c61ac6a632dc81f083aca02a5ce3ff9b90ef1e69a86f138b246bd23e7d0ea9,full,high,0.06989568588,0.9301043141,high
oracle_gold_codes,0,104,ce81615fdfacce198687f92d3c58747d1f210c5783fa3bb46aa95df8fb61efdc,full,high,0.04378486458,0.9562151354,high
oracle_gold_codes,0,108,b74f3f5afc0b04fa76647aa59087b92f57a410aac28d92b9e08e36f063008fba,full,high,0.1471055528,0.8528944472,high
oracle_gold_codes,0,109,f92544f5ed508add4c093c58e76fce40d49ca14b51000a7b8770e0152039d485,full,high,0.03349139623,0.9665086038,high
oracle_gold_codes,0,119,5e9b1bd1f06698191157fbc99f25182854ee47dcc819d045d1eee684d797587b,full,high,0.001069300214,0.9989306998,high
oracle_gold_codes,0,121,b3b2e2bd4653e0479aa37231686157e94d03881d3e717ffb4b92970e7582dc0d,full,high,0.05510902417,0.9448909758,high
oracle_gold_codes,0,123,6c7e3cea7a4858b1ace2a58c01677e91a03db28f550513c277a01f23b2083836,full,low,0.9640651274,0.03593487265,low
oracle_gold_codes,0,131,78d93e44688ea4c2b1b0be54e645ffaf0ab8c612ccfe0606b26306c0bdd7eb9e,full,low,0.04643952302,0.953560477,high
class_prior,1,5,acef12612f4cc8a8551d6eed74f7140693018819c768baebe55af31070bb4a48,t3,high,0.15625,0.84375,high
class_prior,1,8,242385d41a2f2e2c7cf667f3555e67d2393f27bebfb58a47237bcb1fe3ddc21f,t3,high,0.15625,0.84375,high
class_prior,1,11,9063fe5a96a210ebfe12759f47a23a0522765005e854174ae1dbba306d5ab91e,t3,high,0.15625,0.84375,high
class_prior,1,22,908b32eb48120ce4dbf68981ea7e019915cec0971b94eafa2f753fb312d2777a,t3,high,0.15625,0.84375,high
class_prior,1,26,9063fe5a96a210ebfe12759f47a23a0522765005e854174ae1dbba306d5ab91e,t3,high,0.15625,0.84375,high
class_prior,1,43,c3a7a0efb4205fb087261214ecfa7aceebcb7e8cf295163f6d694dd21fdeebe4,t3,high,0.15625,0.84375,high
class_prior,1,44,e6803c63f300fa480953ca2fe972e030e123c7f9c1d9ed559d04ae2394d0d86b,t3,low,0.15625,0.84375,high
class_prior,1,47,f73fbbd46db1893b89699f228eb96713fbf24e13dabbda4707c125290203f537,t3,high,0.15625,0.84375,high
class_prior,1,66,60300796ba7899fd40ecbaa91387c5ca83e5757c4513c7aae95783e2e3877244,t3,high,0.15625,0.84375,high
class_prior,1,71,acef12612f4cc8a8551d6eed74f7140693018819c768baebe55af31070bb4a48,t3,high,0.15625,0.84375,high
class_prior,1,74,c71ada431bd46bd4a6359aeae6a2a8e55c5fadaac95da2d3426bc7a470fc428d,t3,low,0.15625,0.84375,high
class_prior,1,78,093c82fd2197f13c9cdbf2150b89b7a4fa6b1bd0b674db97725c2c7c8bd1dd88,t3,high,0.15625,0.84375,high
class_prior,1,81,e20918bb59fb9410444abfca05301763d95a43571f7e2437b82ee48a1c85ed42,t3,high,0.15625,0.84375,high
class_prior,1,84,acef12612f4cc8a8551d6eed74f7140693018819c768baebe55af31070bb4a48,t3,high,0.15625,0.84375,high
class_prior,1,90,a771a5f4fb2138cf78114b166d2e1fa99c89b30b5a08b96d69edbffaa7be1c17,t3,low,0.15625,0.84375,high
class_prior,1,91,67e1884ecd04dbe20b36dae2dd478b3fa11c2dd652ae19aa1ecf63df01a54bb4,t3,high,0.15625,0.84375,high
class_prior,1,93,4a179349154115dae8c63a1aae7fb09285d02b7da5eef74d9eaa8871309dcfa9,t3,high,0.15625,0.84375,high
class_prior,1,96,25e8b5e04642d3980ac38e4c1a2adc2fda059b625ba4b1d1523d13ecc5903774,t3,high,0.15625,0.84375,high
class_prior,1,97,1837300a58fa97fb00235849e610a9e6fc97376558ae1b2b3a001a60fbe9de12,t3,high,0.15625,0.84375,high
class_prior,1,102,6b850256cef5c3246b062d9ccc13df2dba8549db3d4aa09074ac047358bc730c,t3,low,0.15625,0.84375,high
class_prior,1,106,448764c64bd9a5b6c7cd78e8b26ab5214ce6b2f3a7fafd6b108f3cbbe5f7e177,t3,low,0.15625,0.84375,high
class_prior,1,111,c5d024bb1b7d54d9eb1b773b68d0abb69abd4c57c23dd861afa6b4daf6095fb2,t3,high,0.15625,0.84375,high
class_prior,1,115,40b598298febd1caaa3494c2aa68b7d34db4adefb806470ebaa2164aa3b6e97b,t3,low,0.15625,0.84375,high
class_prior,1,116,4418b43f021add15a849c765ee0db832848b4b10e7849e6b885d73b122875f84,t3,high,0.15625,0.84375,high
class_prior,1,118,76be45b29b02fc9e53270d845eb888e016203b2feb5f8a23c1bc226cfb6f9541,t3,low,0.15625,0.84375,high
class_prior,1,127,7917889ab4e78b6b53a8a9cb1ef033ff30c5f3bd8f7978290b6a1e55f3745707,t3,high,0.15625,0.84375,high
structure_only,1,5,acef12612f4cc8a8551d6eed74f7140693018819c768baebe55af31070bb4a48,t3,high,0.3899458612,0.6100541388,high
structure_only,1,8,242385d41a2f2e2c7cf667f3555e67d2393f27bebfb58a47237bcb1fe3ddc21f,t3,high,0.5887618396,0.4112381604,low
structure_only,1,11,9063fe5a96a210ebfe12759f47a23a0522765005e854174ae1dbba306d5ab91e,t3,high,0.3594844353,0.6405155647,high
structure_only,1,22,908b32eb48120ce4dbf68981ea7e019915cec0971b94eafa2f753fb312d2777a,t3,high,0.4965007319,0.5034992681,high
structure_only,1,26,9063fe5a96a210ebfe12759f47a23a0522765005e854174ae1dbba306d5ab91e,t3,high,0.3776429262,0.6223570738,high
structure_only,1,43,c3a7a0efb4205fb087261214ecfa7aceebcb7e8cf295163f6d694dd21fdeebe4,t3,high,0.7311553265,0.2688446735,low
structure_only,1,44,e6803c63f300fa480953ca2fe972e030e123c7f9c1d9ed559d04ae2394d0d86b,t3,low,0.5505204994,0.4494795006,low
structure_only,1,47,f73fbbd46db1893b89699f228eb96713fbf24e13dabbda4707c125290203f537,t3,high,0.3899458612,0.6100541388,high
structure_only,1,66,60300796ba7899fd40ecbaa91387c5ca83e5757c4513c7aae95783e2e3877244,t3,high,0.396151352,0.603848648,high
structure_only,1,71,acef12612f4cc8a8551d6eed74f7140693018819c768baebe55af31070bb4a48,t3,high,0.4404245072,0.5595754928,high
structure_only,1,74,c71ada431bd46bd4a6359aeae6a2a8e55c5fadaac95da2d3426bc7a470fc428d,t3,low,0.396151352,0.603848648,high
structure_only,1,78,093c82fd2197f13c9cdbf2150b89b7a4fa6b1bd0b674db97725c2c7c8bd1dd88,t3,high,0.4489890956,0.5510109044,high
structure_only,1,81,e20918bb59fb9410444abfca05301763d95a43571f7e2437b82ee48a1c85ed42,t3,high,1.709323779e-05,0.9999829068,high
structure_only,1,84,acef12612f4cc8a8551d6eed74f7140693018819c768baebe55af31070bb4a48,t3,high,0.4748448062,0.5251551938,high
structure_only,1,90,a771a5f4fb2138cf78114b166d2e1fa99c89b30b5a08b96d69edbffaa7be1c17,t3,low,0.8413286877,0.1586713123,low
structure_only,1,91,67e1884ecd04dbe20b36dae2dd478b3fa11c2dd652ae19aa1ecf63df01a54bb4,t3,high,0.4023904582,0.5976095418,high
structure_only,1,93,4a179349154115dae8c63a1aae7fb09285d02b7da5eef74d9eaa8871309dcfa9,t3,high,0.7294475094,0.2705524906,low
structure_only,1,96,25e8b5e04642d3980ac38e4c1a2adc2fda059b625ba4b1d1523d13ecc5903774,t3,high,0.5697451857,0.4302548143,low
structure_only,1,97,1837300a58fa97fb00235849e610a9e6fc97376558ae1b2b3a001a60fbe9de12,t3,high,0.3796829767,0.6203170233,high
structure_only,1,102,6b850256cef5c3246b062d9ccc13df2dba8549db3d4aa09074ac047358bc730c,t3,low,0.4662043081,0.5337956919,high
structure_only,1,106,448764c64bd9a5b6c7cd78e8b26ab5214ce6b2f3a7fafd6b108f3cbbe5f7e177,t3,low,0.4899988715,0.5100011285,high
structure_only,1,111,c5d024bb1b7d54d9eb1b773b68d0abb69abd4c57c23dd861afa6b4daf6095fb2,t3,high,0.4532830864,0.5467169136,high
structure_only,1,115,40b598298febd1caaa3494c2aa68b7d34db4adefb806470ebaa2164aa3b6e97b,t3,low,0.4234061597,0.5765938403,high
structure_only,1,116,4418b43f021add15a849c765ee0db832848b4b10e7849e6b885d73b122875f84,t3,high,0.5008360989,0.4991639011,low
structure_only,1,118,76be45b29b02fc9e53270d845eb888e016203b2feb5f8a23c1bc226cfb6f9541,t3,low,0.5224980223,0.4775019777,low
structure_only,1,127,7917889ab4e78b6b53a8a9cb1ef033ff30c5f3bd8f7978290b6a1e55f3745707,t3,high,0.5203342902,0.4796657098,low
tfidf_raw_prefix,1,5,acef12612f4cc8a8551d6eed74f7140693018819c768baebe55af31070bb4a48,t3,high,0.3281934248,0.6718065752,high
tfidf_raw_prefix,1,8,242385d41a2f2e2c7cf667f3555e67d2393f27bebfb58a47237bcb1fe3ddc21f,t3,high,0.4123238773,0.5876761227,high
tfidf_raw_prefix,1,11,9063fe5a96a210ebfe12759f47a23a0522765005e854174ae1dbba306d5ab91e,t3,high,0.3224552244,0.6775447756,high
tfidf_raw_prefix,1,22,908b32eb48120ce4dbf68981ea7e019915cec0971b94eafa2f753fb312d2777a,t3,high,0.2874091527,0.7125908473,high
tfidf_raw_prefix,1,26,9063fe5a96a210ebfe12759f47a23a0522765005e854174ae1dbba306d5ab91e,t3,high,0.2876683863,0.7123316137,high
tfidf_raw_prefix,1,43,c3a7a0efb4205fb087261214ecfa7aceebcb7e8cf295163f6d694dd21fdeebe4,t3,high,0.3122346977,0.6877653023,high
tfidf_raw_prefix,1,44,e6803c63f300fa480953ca2fe972e030e123c7f9c1d9ed559d04ae2394d0d86b,t3,low,0.4198189624,0.5801810376,high
tfidf_raw_prefix,1,47,f73fbbd46db1893b89699f228eb96713fbf24e13dabbda4707c125290203f537,t3,high,0.3620971422,0.6379028578,high
tfidf_raw_prefix,1,66,60300796ba7899fd40ecbaa91387c5ca83e5757c4513c7aae95783e2e3877244,t3,high,0.2947189837,0.7052810163,high
tfidf_raw_prefix,1,71,acef12612f4cc8a8551d6eed74f7140693018819c768baebe55af31070bb4a48,t3,high,0.3806429842,0.6193570158,high
tfidf_raw_prefix,1,74,c71ada431bd46bd4a6359aeae6a2a8e55c5fadaac95da2d3426bc7a470fc428d,t3,low,0.3015329671,0.6984670329,high
tfidf_raw_prefix,1,78,093c82fd2197f13c9cdbf2150b89b7a4fa6b1bd0b674db97725c2c7c8bd1dd88,t3,high,0.6016429021,0.3983570979,low
tfidf_raw_prefix,1,81,e20918bb59fb9410444abfca05301763d95a43571f7e2437b82ee48a1c85ed42,t3,high,0.3528924121,0.6471075879,high
tfidf_raw_prefix,1,84,acef12612f4cc8a8551d6eed74f7140693018819c768baebe55af31070bb4a48,t3,high,0.3014425782,0.6985574218,high
tfidf_raw_prefix,1,90,a771a5f4fb2138cf78114b166d2e1fa99c89b30b5a08b96d69edbffaa7be1c17,t3,low,0.4248655618,0.5751344382,high
tfidf_raw_prefix,1,91,67e1884ecd04dbe20b36dae2dd478b3fa11c2dd652ae19aa1ecf63df01a54bb4,t3,high,0.3013664301,0.6986335699,high
tfidf_raw_prefix,1,93,4a179349154115dae8c63a1aae7fb09285d02b7da5eef74d9eaa8871309dcfa9,t3,high,0.2970131627,0.7029868373,high
tfidf_raw_prefix,1,96,25e8b5e04642d3980ac38e4c1a2adc2fda059b625ba4b1d1523d13ecc5903774,t3,high,0.2898001576,0.7101998424,high
tfidf_raw_prefix,1,97,1837300a58fa97fb00235849e610a9e6fc97376558ae1b2b3a001a60fbe9de12,t3,high,0.4788534545,0.5211465455,high
tfidf_raw_prefix,1,102,6b850256cef5c3246b062d9ccc13df2dba8549db3d4aa09074ac047358bc730c,t3,low,0.2934207806,0.7065792194,high
tfidf_raw_prefix,1,106,448764c64bd9a5b6c7cd78e8b26ab5214ce6b2f3a7fafd6b108f3cbbe5f7e177,t3,low,0.4909284313,0.5090715687,high
tfidf_raw_prefix,1,111,c5d024bb1b7d54d9eb1b773b68d0abb69abd4c57c23dd861afa6b4daf6095fb2,t3,high,0.386791302,0.613208698,high
tfidf_raw_prefix,1,115,40b598298febd1caaa3494c2aa68b7d34db4adefb806470ebaa2164aa3b6e97b,t3,low,0.3204223287,0.6795776713,high
tfidf_raw_prefix,1,116,4418b43f021add15a849c765ee0db832848b4b10e7849e6b885d73b122875f84,t3,high,0.2603569536,0.7396430464,high
tfidf_raw_prefix,1,118,76be45b29b02fc9e53270d845eb888e016203b2feb5f8a23c1bc226cfb6f9541,t3,low,0.3619900336,0.6380099664,high
tfidf_raw_prefix,1,127,7917889ab4e78b6b53a8a9cb1ef033ff30c5f3bd8f7978290b6a1e55f3745707,t3,high,0.4097808133,0.5902191867,high
oracle_gold_codes,1,5,acef12612f4cc8a8551d6eed74f7140693018819c768baebe55af31070bb4a48,t3,high,0.2960122659,0.7039877341,high
oracle_gold_codes,1,8,242385d41a2f2e2c7cf667f3555e67d2393f27bebfb58a47237bcb1fe3ddc21f,t3,high,0.1309927116,0.8690072884,high
oracle_gold_codes,1,11,9063fe5a96a210ebfe12759f47a23a0522765005e854174ae1dbba306d5ab91e,t3,high,0.3604734686,0.6395265314,high
oracle_gold_codes,1,22,908b32eb48120ce4dbf68981ea7e019915cec0971b94eafa2f753fb312d2777a,t3,high,0.3955514004,0.6044485996,high
oracle_gold_codes,1,26,9063fe5a96a210ebfe12759f47a23a0522765005e854174ae1dbba306d5ab91e,t3,high,0.1891700328,0.8108299672,high
oracle_gold_codes,1,43,c3a7a0efb4205fb087261214ecfa7aceebcb7e8cf295163f6d694dd21fdeebe4,t3,high,0.356206355,0.643793645,high
oracle_gold_codes,1,44,e6803c63f300fa480953ca2fe972e030e123c7f9c1d9ed559d04ae2394d0d86b,t3,low,0.1990176964,0.8009823036,high
oracle_gold_codes,1,47,f73fbbd46db1893b89699f228eb96713fbf24e13dabbda4707c125290203f537,t3,high,0.3835527521,0.6164472479,high
oracle_gold_codes,1,66,60300796ba7899fd40ecbaa91387c5ca83e5757c4513c7aae95783e2e3877244,t3,high,0.6022421239,0.3977578761,low
oracle_gold_codes,1,71,acef12612f4cc8a8551d6eed74f7140693018819c768baebe55af31070bb4a48,t3,high,0.08238163717,0.9176183628,high
oracle_gold_codes,1,74,c71ada431bd46bd4a6359aeae6a2a8e55c5fadaac95da2d3426bc7a470fc428d,t3,low,0.4023057021,0.5976942979,high
oracle_gold_codes,1,78,093c82fd2197f13c9cdbf2150b89b7a4fa6b1bd0b674db97725c2c7c8bd1dd88,t3,high,0.653843755,0.346156245,low
oracle_gold_codes,1,81,e20918bb59fb9410444abfca05301763d95a43571f7e2437b82ee48a1c85ed42,t3,high,0.02379049242,0.9762095076,high
oracle_gold_codes,1,84,acef12612f4cc8a8551d6eed74f7140693018819c768baebe55af31070bb4a48,t3,high,0.4091991425,0.5908008575,high
oracle_gold_codes,1,90,a771a5f4fb2138cf78114b166d2e1fa99c89b30b5a08b96d69edbffaa7be1c17,t3,low,0.970051878,0.02994812198,low
oracle_gold_codes,1,91,67e1884ecd04dbe20b36dae2dd478b3fa11c2dd652ae19aa1ecf63df01a54bb4,t3,high,0.3326715324,0.6673284676,high
oracle_gold_codes,1,93,4a179349154115dae8c63a1aae7fb09285d02b7da5eef74d9eaa8871309dcfa9,t3,high,0.06947363761,0.9305263624,high
oracle_gold_codes,1,96,25e8b5e04642d3980ac38e4c1a2adc2fda059b625ba4b1d1523d13ecc5903774,t3,high,0.2289639711,0.7710360289,high
oracle_gold_codes,1,97,1837300a58fa97fb00235849e610a9e6fc97376558ae1b2b3a001a60fbe9de12,t3,high,0.8194101984,0.1805898016,low
oracle_gold_codes,1,102,6b850256cef5c3246b062d9ccc13df2dba8549db3d4aa09074ac047358bc730c,t3,low,0.263749202,0.736250798,high
oracle_gold_codes,1,106,448764c64bd9a5b6c7cd78e8b26ab5214ce6b2f3a7fafd6b108f3cbbe5f7e177,t3,low,0.3575008439,0.6424991561,high
oracle_gold_codes,1,111,c5d024bb1b7d54d9eb1b773b68d0abb69abd4c57c23dd861afa6b4daf6095fb2,t3,high,0.8328793585,0.1671206415,low
oracle_gold_codes,1,115,40b598298febd1caaa3494c2aa68b7d34db4adefb806470ebaa2164aa3b6e97b,t3,low,0.3739819573,0.6260180427,high
oracle_gold_codes,1,116,4418b43f021add15a849c765ee0db832848b4b10e7849e6b885d73b122875f84,t3,high,0.8192082546,0.1807917454,low
oracle_gold_codes,1,118,76be45b29b02fc9e53270d845eb888e016203b2feb5f8a23c1bc226cfb6f9541,t3,low,0.6394466864,0.3605533136,low
oracle_gold_codes,1,127,7917889ab4e78b6b53a8a9cb1ef033ff30c5f3bd8f7978290b6a1e55f3745707,t3,high,0.1931031109,0.8068968891,high
class_prior,1,5,acef12612f4cc8a8551d6eed74f7140693018819c768baebe55af31070bb4a48,t5,high,0.1436170213,0.8563829787,high
class_prior,1,8,242385d41a2f2e2c7cf667f3555e67d2393f27bebfb58a47237bcb1fe3ddc21f,t5,high,0.1436170213,0.8563829787,high
class_prior,1,11,9063fe5a96a210ebfe12759f47a23a0522765005e854174ae1dbba306d5ab91e,t5,high,0.1436170213,0.8563829787,high
class_prior,1,22,908b32eb48120ce4dbf68981ea7e019915cec0971b94eafa2f753fb312d2777a,t5,high,0.1436170213,0.8563829787,high
class_prior,1,26,9063fe5a96a210ebfe12759f47a23a0522765005e854174ae1dbba306d5ab91e,t5,high,0.1436170213,0.8563829787,high
class_prior,1,43,c3a7a0efb4205fb087261214ecfa7aceebcb7e8cf295163f6d694dd21fdeebe4,t5,high,0.1436170213,0.8563829787,high
class_prior,1,44,e6803c63f300fa480953ca2fe972e030e123c7f9c1d9ed559d04ae2394d0d86b,t5,low,0.1436170213,0.8563829787,high
class_prior,1,47,f73fbbd46db1893b89699f228eb96713fbf24e13dabbda4707c125290203f537,t5,high,0.1436170213,0.8563829787,high
class_prior,1,66,60300796ba7899fd40ecbaa91387c5ca83e5757c4513c7aae95783e2e3877244,t5,high,0.1436170213,0.8563829787,high
class_prior,1,71,acef12612f4cc8a8551d6eed74f7140693018819c768baebe55af31070bb4a48,t5,high,0.1436170213,0.8563829787,high
class_prior,1,74,c71ada431bd46bd4a6359aeae6a2a8e55c5fadaac95da2d3426bc7a470fc428d,t5,low,0.1436170213,0.8563829787,high
class_prior,1,78,093c82fd2197f13c9cdbf2150b89b7a4fa6b1bd0b674db97725c2c7c8bd1dd88,t5,high,0.1436170213,0.8563829787,high
class_prior,1,81,e20918bb59fb9410444abfca05301763d95a43571f7e2437b82ee48a1c85ed42,t5,high,0.1436170213,0.8563829787,high
class_prior,1,84,acef12612f4cc8a8551d6eed74f7140693018819c768baebe55af31070bb4a48,t5,high,0.1436170213,0.8563829787,high
class_prior,1,90,a771a5f4fb2138cf78114b166d2e1fa99c89b30b5a08b96d69edbffaa7be1c17,t5,low,0.1436170213,0.8563829787,high
class_prior,1,91,67e1884ecd04dbe20b36dae2dd478b3fa11c2dd652ae19aa1ecf63df01a54bb4,t5,high,0.1436170213,0.8563829787,high
class_prior,1,93,4a179349154115dae8c63a1aae7fb09285d02b7da5eef74d9eaa8871309dcfa9,t5,high,0.1436170213,0.8563829787,high
class_prior,1,96,25e8b5e04642d3980ac38e4c1a2adc2fda059b625ba4b1d1523d13ecc5903774,t5,high,0.1436170213,0.8563829787,high
class_prior,1,97,1837300a58fa97fb00235849e610a9e6fc97376558ae1b2b3a001a60fbe9de12,t5,high,0.1436170213,0.8563829787,high
class_prior,1,102,6b850256cef5c3246b062d9ccc13df2dba8549db3d4aa09074ac047358bc730c,t5,low,0.1436170213,0.8563829787,high
class_prior,1,106,448764c64bd9a5b6c7cd78e8b26ab5214ce6b2f3a7fafd6b108f3cbbe5f7e177,t5,low,0.1436170213,0.8563829787,high
class_prior,1,111,c5d024bb1b7d54d9eb1b773b68d0abb69abd4c57c23dd861afa6b4daf6095fb2,t5,high,0.1436170213,0.8563829787,high
class_prior,1,115,40b598298febd1caaa3494c2aa68b7d34db4adefb806470ebaa2164aa3b6e97b,t5,low,0.1436170213,0.8563829787,high
class_prior,1,116,4418b43f021add15a849c765ee0db832848b4b10e7849e6b885d73b122875f84,t5,high,0.1436170213,0.8563829787,high
class_prior,1,118,76be45b29b02fc9e53270d845eb888e016203b2feb5f8a23c1bc226cfb6f9541,t5,low,0.1436170213,0.8563829787,high
class_prior,1,127,7917889ab4e78b6b53a8a9cb1ef033ff30c5f3bd8f7978290b6a1e55f3745707,t5,high,0.1436170213,0.8563829787,high
structure_only,1,5,acef12612f4cc8a8551d6eed74f7140693018819c768baebe55af31070bb4a48,t5,high,0.3212157745,0.6787842255,high
structure_only,1,8,242385d41a2f2e2c7cf667f3555e67d2393f27bebfb58a47237bcb1fe3ddc21f,t5,high,0.5915315145,0.4084684855,low
structure_only,1,11,9063fe5a96a210ebfe12759f47a23a0522765005e854174ae1dbba306d5ab91e,t5,high,0.2345769245,0.7654230755,high
structure_only,1,22,908b32eb48120ce4dbf68981ea7e019915cec0971b94eafa2f753fb312d2777a,t5,high,0.3542772015,0.6457227985,high
structure_only,1,26,9063fe5a96a210ebfe12759f47a23a0522765005e854174ae1dbba306d5ab91e,t5,high,0.546224071,0.453775929,low
structure_only,1,43,c3a7a0efb4205fb087261214ecfa7aceebcb7e8cf295163f6d694dd21fdeebe4,t5,high,0.7007713702,0.2992286298,low
structure_only,1,44,e6803c63f300fa480953ca2fe972e030e123c7f9c1d9ed559d04ae2394d0d86b,t5,low,0.4222032686,0.5777967314,high
structure_only,1,47,f73fbbd46db1893b89699f228eb96713fbf24e13dabbda4707c125290203f537,t5,high,0.3713707263,0.6286292737,high
structure_only,1,66,60300796ba7899fd40ecbaa91387c5ca83e5757c4513c7aae95783e2e3877244,t5,high,0.5530883717,0.4469116283,low
structure_only,1,71,acef12612f4cc8a8551d6eed74f7140693018819c768baebe55af31070bb4a48,t5,high,0.3092447486,0.6907552514,high
structure_only,1,74,c71ada431bd46bd4a6359aeae6a2a8e55c5fadaac95da2d3426bc7a470fc428d,t5,low,0.2586047522,0.7413952478,high
structure_only,1,78,093c82fd2197f13c9cdbf2150b89b7a4fa6b1bd0b674db97725c2c7c8bd1dd88,t5,high,0.4289824129,0.5710175871,high
structure_only,1,81,e20918bb59fb9410444abfca05301763d95a43571f7e2437b82ee48a1c85ed42,t5,high,5.937202325e-06,0.9999940628,high
structure_only,1,84,acef12612f4cc8a8551d6eed74f7140693018819c768baebe55af31070bb4a48,t5,high,0.433516857,0.566483143,high
structure_only,1,90,a771a5f4fb2138cf78114b166d2e1fa99c89b30b5a08b96d69edbffaa7be1c17,t5,low,0.7956586663,0.2043413337,low
structure_only,1,91,67e1884ecd04dbe20b36dae2dd478b3fa11c2dd652ae19aa1ecf63df01a54bb4,t5,high,0.2955959596,0.7044040404,high
structure_only,1,93,4a179349154115dae8c63a1aae7fb09285d02b7da5eef74d9eaa8871309dcfa9,t5,high,0.8493007679,0.1506992321,low
structure_only,1,96,25e8b5e04642d3980ac38e4c1a2adc2fda059b625ba4b1d1523d13ecc5903774,t5,high,0.5001378261,0.4998621739,low
structure_only,1,97,1837300a58fa97fb00235849e610a9e6fc97376558ae1b2b3a001a60fbe9de12,t5,high,0.2586047522,0.7413952478,high
structure_only,1,102,6b850256cef5c3246b062d9ccc13df2dba8549db3d4aa09074ac047358bc730c,t5,low,0.43578831,0.56421169,high
structure_only,1,106,448764c64bd9a5b6c7cd78e8b26ab5214ce6b2f3a7fafd6b108f3cbbe5f7e177,t5,low,0.7290147534,0.2709852466,low
structure_only,1,111,c5d024bb1b7d54d9eb1b773b68d0abb69abd4c57c23dd861afa6b4daf6095fb2,t5,high,0.3479592211,0.6520407789,high
structure_only,1,115,40b598298febd1caaa3494c2aa68b7d34db4adefb806470ebaa2164aa3b6e97b,t5,low,0.2621651068,0.7378348932,high
structure_only,1,116,4418b43f021add15a849c765ee0db832848b4b10e7849e6b885d73b122875f84,t5,high,0.5301433253,0.4698566747,low
structure_only,1,118,76be45b29b02fc9e53270d845eb888e016203b2feb5f8a23c1bc226cfb6f9541,t5,low,0.7416065929,0.2583934071,low
structure_only,1,127,7917889ab4e78b6b53a8a9cb1ef033ff30c5f3bd8f7978290b6a1e55f3745707,t5,high,0.4244598598,0.5755401402,high
tfidf_raw_prefix,1,5,acef12612f4cc8a8551d6eed74f7140693018819c768baebe55af31070bb4a48,t5,high,0.2615083103,0.7384916897,high
tfidf_raw_prefix,1,8,242385d41a2f2e2c7cf667f3555e67d2393f27bebfb58a47237bcb1fe3ddc21f,t5,high,0.4204343577,0.5795656423,high
tfidf_raw_prefix,1,11,9063fe5a96a210ebfe12759f47a23a0522765005e854174ae1dbba306d5ab91e,t5,high,0.2629311234,0.7370688766,high
tfidf_raw_prefix,1,22,908b32eb48120ce4dbf68981ea7e019915cec0971b94eafa2f753fb312d2777a,t5,high,0.2362083488,0.7637916512,high
tfidf_raw_prefix,1,26,9063fe5a96a210ebfe12759f47a23a0522765005e854174ae1dbba306d5ab91e,t5,high,0.3543914086,0.6456085914,high
tfidf_raw_prefix,1,43,c3a7a0efb4205fb087261214ecfa7aceebcb7e8cf295163f6d694dd21fdeebe4,t5,high,0.3208809106,0.6791190894,high
tfidf_raw_prefix,1,44,e6803c63f300fa480953ca2fe972e030e123c7f9c1d9ed559d04ae2394d0d86b,t5,low,0.3326594825,0.6673405175,high
tfidf_raw_prefix,1,47,f73fbbd46db1893b89699f228eb96713fbf24e13dabbda4707c125290203f537,t5,high,0.2945121687,0.7054878313,high
tfidf_raw_prefix,1,66,60300796ba7899fd40ecbaa91387c5ca83e5757c4513c7aae95783e2e3877244,t5,high,0.4343812418,0.5656187582,high
tfidf_raw_prefix,1,71,acef12612f4cc8a8551d6eed74f7140693018819c768baebe55af31070bb4a48,t5,high,0.2836145104,0.7163854896,high
tfidf_raw_prefix,1,74,c71ada431bd46bd4a6359aeae6a2a8e55c5fadaac95da2d3426bc7a470fc428d,t5,low,0.2872134837,0.7127865163,high
tfidf_raw_prefix,1,78,093c82fd2197f13c9cdbf2150b89b7a4fa6b1bd0b674db97725c2c7c8bd1dd88,t5,high,0.4007616671,0.5992383329,high
tfidf_raw_prefix,1,81,e20918bb59fb9410444abfca05301763d95a43571f7e2437b82ee48a1c85ed42,t5,high,0.2531307522,0.7468692478,high
tfidf_raw_prefix,1,84,acef12612f4cc8a8551d6eed74f7140693018819c768baebe55af31070bb4a48,t5,high,0.2266087104,0.7733912896,high
tfidf_raw_prefix,1,90,a771a5f4fb2138cf78114b166d2e1fa99c89b30b5a08b96d69edbffaa7be1c17,t5,low,0.4108014706,0.5891985294,high
tfidf_raw_prefix,1,91,67e1884ecd04dbe20b36dae2dd478b3fa11c2dd652ae19aa1ecf63df01a54bb4,t5,high,0.3290625423,0.6709374577,high
tfidf_raw_prefix,1,93,4a179349154115dae8c63a1aae7fb09285d02b7da5eef74d9eaa8871309dcfa9,t5,high,0.2391848633,0.7608151367,high
tfidf_raw_prefix,1,96,25e8b5e04642d3980ac38e4c1a2adc2fda059b625ba4b1d1523d13ecc5903774,t5,high,0.2514174429,0.7485825571,high
tfidf_raw_prefix,1,97,1837300a58fa97fb00235849e610a9e6fc97376558ae1b2b3a001a60fbe9de12,t5,high,0.3688895277,0.6311104723,high
tfidf_raw_prefix,1,102,6b850256cef5c3246b062d9ccc13df2dba8549db3d4aa09074ac047358bc730c,t5,low,0.3287589674,0.6712410326,high
tfidf_raw_prefix,1,106,448764c64bd9a5b6c7cd78e8b26ab5214ce6b2f3a7fafd6b108f3cbbe5f7e177,t5,low,0.4938364318,0.5061635682,high
tfidf_raw_prefix,1,111,c5d024bb1b7d54d9eb1b773b68d0abb69abd4c57c23dd861afa6b4daf6095fb2,t5,high,0.3286654282,0.6713345718,high
tfidf_raw_prefix,1,115,40b598298febd1caaa3494c2aa68b7d34db4adefb806470ebaa2164aa3b6e97b,t5,low,0.2878979827,0.7121020173,high
tfidf_raw_prefix,1,116,4418b43f021add15a849c765ee0db832848b4b10e7849e6b885d73b122875f84,t5,high,0.3332935201,0.6667064799,high
tfidf_raw_prefix,1,118,76be45b29b02fc9e53270d845eb888e016203b2feb5f8a23c1bc226cfb6f9541,t5,low,0.4060962517,0.5939037483,high
tfidf_raw_prefix,1,127,7917889ab4e78b6b53a8a9cb1ef033ff30c5f3bd8f7978290b6a1e55f3745707,t5,high,0.3975233604,0.6024766396,high
oracle_gold_codes,1,5,acef12612f4cc8a8551d6eed74f7140693018819c768baebe55af31070bb4a48,t5,high,0.1758075774,0.8241924226,high
oracle_gold_codes,1,8,242385d41a2f2e2c7cf667f3555e67d2393f27bebfb58a47237bcb1fe3ddc21f,t5,high,0.03690290596,0.963097094,high
oracle_gold_codes,1,11,9063fe5a96a210ebfe12759f47a23a0522765005e854174ae1dbba306d5ab91e,t5,high,0.139377027,0.860622973,high
oracle_gold_codes,1,22,908b32eb48120ce4dbf68981ea7e019915cec0971b94eafa2f753fb312d2777a,t5,high,0.3345002532,0.6654997468,high
oracle_gold_codes,1,26,9063fe5a96a210ebfe12759f47a23a0522765005e854174ae1dbba306d5ab91e,t5,high,0.01943279467,0.9805672053,high
oracle_gold_codes,1,43,c3a7a0efb4205fb087261214ecfa7aceebcb7e8cf295163f6d694dd21fdeebe4,t5,high,0.3073370908,0.6926629092,high
oracle_gold_codes,1,44,e6803c63f300fa480953ca2fe972e030e123c7f9c1d9ed559d04ae2394d0d86b,t5,low,0.1100467998,0.8899532002,high
oracle_gold_codes,1,47,f73fbbd46db1893b89699f228eb96713fbf24e13dabbda4707c125290203f537,t5,high,0.198187766,0.801812234,high
oracle_gold_codes,1,66,60300796ba7899fd40ecbaa91387c5ca83e5757c4513c7aae95783e2e3877244,t5,high,0.1177550205,0.8822449795,high
oracle_gold_codes,1,71,acef12612f4cc8a8551d6eed74f7140693018819c768baebe55af31070bb4a48,t5,high,0.06510416066,0.9348958393,high
oracle_gold_codes,1,74,c71ada431bd46bd4a6359aeae6a2a8e55c5fadaac95da2d3426bc7a470fc428d,t5,low,0.4626614741,0.5373385259,high
oracle_gold_codes,1,78,093c82fd2197f13c9cdbf2150b89b7a4fa6b1bd0b674db97725c2c7c8bd1dd88,t5,high,0.7635994163,0.2364005837,low
oracle_gold_codes,1,81,e20918bb59fb9410444abfca05301763d95a43571f7e2437b82ee48a1c85ed42,t5,high,2.140806111e-07,0.9999997859,high
oracle_gold_codes,1,84,acef12612f4cc8a8551d6eed74f7140693018819c768baebe55af31070bb4a48,t5,high,0.113355503,0.886644497,high
oracle_gold_codes,1,90,a771a5f4fb2138cf78114b166d2e1fa99c89b30b5a08b96d69edbffaa7be1c17,t5,low,0.9625678654,0.0374321346,low
oracle_gold_codes,1,91,67e1884ecd04dbe20b36dae2dd478b3fa11c2dd652ae19aa1ecf63df01a54bb4,t5,high,0.4327748402,0.5672251598,high
oracle_gold_codes,1,93,4a179349154115dae8c63a1aae7fb09285d02b7da5eef74d9eaa8871309dcfa9,t5,high,0.03952023459,0.9604797654,high
oracle_gold_codes,1,96,25e8b5e04642d3980ac38e4c1a2adc2fda059b625ba4b1d1523d13ecc5903774,t5,high,0.06227078726,0.9377292127,high
oracle_gold_codes,1,97,1837300a58fa97fb00235849e610a9e6fc97376558ae1b2b3a001a60fbe9de12,t5,high,0.6613644345,0.3386355655,low
oracle_gold_codes,1,102,6b850256cef5c3246b062d9ccc13df2dba8549db3d4aa09074ac047358bc730c,t5,low,0.3341477381,0.6658522619,high
oracle_gold_codes,1,106,448764c64bd9a5b6c7cd78e8b26ab5214ce6b2f3a7fafd6b108f3cbbe5f7e177,t5,low,0.6487760871,0.3512239129,low
oracle_gold_codes,1,111,c5d024bb1b7d54d9eb1b773b68d0abb69abd4c57c23dd861afa6b4daf6095fb2,t5,high,0.882000307,0.117999693,low
oracle_gold_codes,1,115,40b598298febd1caaa3494c2aa68b7d34db4adefb806470ebaa2164aa3b6e97b,t5,low,0.187149815,0.812850185,high
oracle_gold_codes,1,116,4418b43f021add15a849c765ee0db832848b4b10e7849e6b885d73b122875f84,t5,high,0.5187616615,0.4812383385,low
oracle_gold_codes,1,118,76be45b29b02fc9e53270d845eb888e016203b2feb5f8a23c1bc226cfb6f9541,t5,low,0.9429504083,0.0570495917,low
oracle_gold_codes,1,127,7917889ab4e78b6b53a8a9cb1ef033ff30c5f3bd8f7978290b6a1e55f3745707,t5,high,0.1427931976,0.8572068024,high
class_prior,1,5,acef12612f4cc8a8551d6eed74f7140693018819c768baebe55af31070bb4a48,t10,high,0.1264367816,0.8735632184,high
class_prior,1,8,242385d41a2f2e2c7cf667f3555e67d2393f27bebfb58a47237bcb1fe3ddc21f,t10,high,0.1264367816,0.8735632184,high
class_prior,1,22,908b32eb48120ce4dbf68981ea7e019915cec0971b94eafa2f753fb312d2777a,t10,high,0.1264367816,0.8735632184,high
class_prior,1,43,c3a7a0efb4205fb087261214ecfa7aceebcb7e8cf295163f6d694dd21fdeebe4,t10,high,0.1264367816,0.8735632184,high
class_prior,1,44,e6803c63f300fa480953ca2fe972e030e123c7f9c1d9ed559d04ae2394d0d86b,t10,low,0.1264367816,0.8735632184,high
class_prior,1,66,60300796ba7899fd40ecbaa91387c5ca83e5757c4513c7aae95783e2e3877244,t10,high,0.1264367816,0.8735632184,high
class_prior,1,71,acef12612f4cc8a8551d6eed74f7140693018819c768baebe55af31070bb4a48,t10,high,0.1264367816,0.8735632184,high
class_prior,1,74,c71ada431bd46bd4a6359aeae6a2a8e55c5fadaac95da2d3426bc7a470fc428d,t10,low,0.1264367816,0.8735632184,high
class_prior,1,78,093c82fd2197f13c9cdbf2150b89b7a4fa6b1bd0b674db97725c2c7c8bd1dd88,t10,high,0.1264367816,0.8735632184,high
class_prior,1,81,e20918bb59fb9410444abfca05301763d95a43571f7e2437b82ee48a1c85ed42,t10,high,0.1264367816,0.8735632184,high
class_prior,1,84,acef12612f4cc8a8551d6eed74f7140693018819c768baebe55af31070bb4a48,t10,high,0.1264367816,0.8735632184,high
class_prior,1,90,a771a5f4fb2138cf78114b166d2e1fa99c89b30b5a08b96d69edbffaa7be1c17,t10,low,0.1264367816,0.8735632184,high
class_prior,1,91,67e1884ecd04dbe20b36dae2dd478b3fa11c2dd652ae19aa1ecf63df01a54bb4,t10,high,0.1264367816,0.8735632184,high
class_prior,1,93,4a179349154115dae8c63a1aae7fb09285d02b7da5eef74d9eaa8871309dcfa9,t10,high,0.1264367816,0.8735632184,high
class_prior,1,96,25e8b5e04642d3980ac38e4c1a2adc2fda059b625ba4b1d1523d13ecc5903774,t10,high,0.1264367816,0.8735632184,high
class_prior,1,97,1837300a58fa97fb00235849e610a9e6fc97376558ae1b2b3a001a60fbe9de12,t10,high,0.1264367816,0.8735632184,high
class_prior,1,102,6b850256cef5c3246b062d9ccc13df2dba8549db3d4aa09074ac047358bc730c,t10,low,0.1264367816,0.8735632184,high
class_prior,1,106,448764c64bd9a5b6c7cd78e8b26ab5214ce6b2f3a7fafd6b108f3cbbe5f7e177,t10,low,0.1264367816,0.8735632184,high
class_prior,1,111,c5d024bb1b7d54d9eb1b773b68d0abb69abd4c57c23dd861afa6b4daf6095fb2,t10,high,0.1264367816,0.8735632184,high
class_prior,1,115,40b598298febd1caaa3494c2aa68b7d34db4adefb806470ebaa2164aa3b6e97b,t10,low,0.1264367816,0.8735632184,high
class_prior,1,116,4418b43f021add15a849c765ee0db832848b4b10e7849e6b885d73b122875f84,t10,high,0.1264367816,0.8735632184,high
class_prior,1,118,76be45b29b02fc9e53270d845eb888e016203b2feb5f8a23c1bc226cfb6f9541,t10,low,0.1264367816,0.8735632184,high
class_prior,1,127,7917889ab4e78b6b53a8a9cb1ef033ff30c5f3bd8f7978290b6a1e55f3745707,t10,high,0.1264367816,0.8735632184,high
structure_only,1,5,acef12612f4cc8a8551d6eed74f7140693018819c768baebe55af31070bb4a48,t10,high,0.2280118287,0.7719881713,high
structure_only,1,8,242385d41a2f2e2c7cf667f3555e67d2393f27bebfb58a47237bcb1fe3ddc21f,t10,high,0.7195372938,0.2804627062,low
structure_only,1,22,908b32eb48120ce4dbf68981ea7e019915cec0971b94eafa2f753fb312d2777a,t10,high,0.3807612331,0.6192387669,high
structure_only,1,43,c3a7a0efb4205fb087261214ecfa7aceebcb7e8cf295163f6d694dd21fdeebe4,t10,high,0.7106854762,0.2893145238,low
structure_only,1,44,e6803c63f300fa480953ca2fe972e030e123c7f9c1d9ed559d04ae2394d0d86b,t10,low,0.3310192694,0.6689807306,high
structure_only,1,66,60300796ba7899fd40ecbaa91387c5ca83e5757c4513c7aae95783e2e3877244,t10,high,0.9024602306,0.09753976937,low
structure_only,1,71,acef12612f4cc8a8551d6eed74f7140693018819c768baebe55af31070bb4a48,t10,high,0.2436691358,0.7563308642,high
structure_only,1,74,c71ada431bd46bd4a6359aeae6a2a8e55c5fadaac95da2d3426bc7a470fc428d,t10,low,0.2538179043,0.7461820957,high
structure_only,1,78,093c82fd2197f13c9cdbf2150b89b7a4fa6b1bd0b674db97725c2c7c8bd1dd88,t10,high,0.5640948809,0.4359051191,low
structure_only,1,81,e20918bb59fb9410444abfca05301763d95a43571f7e2437b82ee48a1c85ed42,t10,high,0.6769464235,0.3230535765,low
structure_only,1,84,acef12612f4cc8a8551d6eed74f7140693018819c768baebe55af31070bb4a48,t10,high,0.3358479372,0.6641520628,high
structure_only,1,90,a771a5f4fb2138cf78114b166d2e1fa99c89b30b5a08b96d69edbffaa7be1c17,t10,low,0.8581909893,0.1418090107,low
structure_only,1,91,67e1884ecd04dbe20b36dae2dd478b3fa11c2dd652ae19aa1ecf63df01a54bb4,t10,high,0.345608176,0.654391824,high
structure_only,1,93,4a179349154115dae8c63a1aae7fb09285d02b7da5eef74d9eaa8871309dcfa9,t10,high,0.6431631427,0.3568368573,low
structure_only,1,96,25e8b5e04642d3980ac38e4c1a2adc2fda059b625ba4b1d1523d13ecc5903774,t10,high,0.6579783048,0.3420216952,low
structure_only,1,97,1837300a58fa97fb00235849e610a9e6fc97376558ae1b2b3a001a60fbe9de12,t10,high,0.1733947327,0.8266052673,high
structure_only,1,102,6b850256cef5c3246b062d9ccc13df2dba8549db3d4aa09074ac047358bc730c,t10,low,0.5520394426,0.4479605574,low
structure_only,1,106,448764c64bd9a5b6c7cd78e8b26ab5214ce6b2f3a7fafd6b108f3cbbe5f7e177,t10,low,0.6913375578,0.3086624422,low
structure_only,1,111,c5d024bb1b7d54d9eb1b773b68d0abb69abd4c57c23dd861afa6b4daf6095fb2,t10,high,0.4066845674,0.5933154326,high
structure_only,1,115,40b598298febd1caaa3494c2aa68b7d34db4adefb806470ebaa2164aa3b6e97b,t10,low,0.2436691358,0.7563308642,high
structure_only,1,116,4418b43f021add15a849c765ee0db832848b4b10e7849e6b885d73b122875f84,t10,high,0.5958382342,0.4041617658,low
structure_only,1,118,76be45b29b02fc9e53270d845eb888e016203b2feb5f8a23c1bc226cfb6f9541,t10,low,0.7512168586,0.2487831414,low
structure_only,1,127,7917889ab4e78b6b53a8a9cb1ef033ff30c5f3bd8f7978290b6a1e55f3745707,t10,high,0.3074200171,0.6925799829,high
tfidf_raw_prefix,1,5,acef12612f4cc8a8551d6eed74f7140693018819c768baebe55af31070bb4a48,t10,high,0.2579491247,0.7420508753,high
tfidf_raw_prefix,1,8,242385d41a2f2e2c7cf667f3555e67d2393f27bebfb58a47237bcb1fe3ddc21f,t10,high,0.3483496286,0.6516503714,high
tfidf_raw_prefix,1,22,908b32eb48120ce4dbf68981ea7e019915cec0971b94eafa2f753fb312d2777a,t10,high,0.2253191644,0.7746808356,high
tfidf_raw_prefix,1,43,c3a7a0efb4205fb087261214ecfa7aceebcb7e8cf295163f6d694dd21fdeebe4,t10,high,0.269092083,0.730907917,high
tfidf_raw_prefix,1,44,e6803c63f300fa480953ca2fe972e030e123c7f9c1d9ed559d04ae2394d0d86b,t10,low,0.3265843566,0.6734156434,high
tfidf_raw_prefix,1,66,60300796ba7899fd40ecbaa91387c5ca83e5757c4513c7aae95783e2e3877244,t10,high,0.3909125779,0.6090874221,high
tfidf_raw_prefix,1,71,acef12612f4cc8a8551d6eed74f7140693018819c768baebe55af31070bb4a48,t10,high,0.2449177446,0.7550822554,high
tfidf_raw_prefix,1,74,c71ada431bd46bd4a6359aeae6a2a8e55c5fadaac95da2d3426bc7a470fc428d,t10,low,0.296445823,0.703554177,high
tfidf_raw_prefix,1,78,093c82fd2197f13c9cdbf2150b89b7a4fa6b1bd0b674db97725c2c7c8bd1dd88,t10,high,0.3983368666,0.6016631334,high
tfidf_raw_prefix,1,81,e20918bb59fb9410444abfca05301763d95a43571f7e2437b82ee48a1c85ed42,t10,high,0.2958477835,0.7041522165,high
tfidf_raw_prefix,1,84,acef12612f4cc8a8551d6eed74f7140693018819c768baebe55af31070bb4a48,t10,high,0.2051286879,0.7948713121,high
tfidf_raw_prefix,1,90,a771a5f4fb2138cf78114b166d2e1fa99c89b30b5a08b96d69edbffaa7be1c17,t10,low,0.3425115116,0.6574884884,high
tfidf_raw_prefix,1,91,67e1884ecd04dbe20b36dae2dd478b3fa11c2dd652ae19aa1ecf63df01a54bb4,t10,high,0.2571940194,0.7428059806,high
tfidf_raw_prefix,1,93,4a179349154115dae8c63a1aae7fb09285d02b7da5eef74d9eaa8871309dcfa9,t10,high,0.2419196333,0.7580803667,high
tfidf_raw_prefix,1,96,25e8b5e04642d3980ac38e4c1a2adc2fda059b625ba4b1d1523d13ecc5903774,t10,high,0.3160593943,0.6839406057,high
tfidf_raw_prefix,1,97,1837300a58fa97fb00235849e610a9e6fc97376558ae1b2b3a001a60fbe9de12,t10,high,0.3328250371,0.6671749629,high
tfidf_raw_prefix,1,102,6b850256cef5c3246b062d9ccc13df2dba8549db3d4aa09074ac047358bc730c,t10,low,0.2724352773,0.7275647227,high
tfidf_raw_prefix,1,106,448764c64bd9a5b6c7cd78e8b26ab5214ce6b2f3a7fafd6b108f3cbbe5f7e177,t10,low,0.5087958385,0.4912041615,low
tfidf_raw_prefix,1,111,c5d024bb1b7d54d9eb1b773b68d0abb69abd4c57c23dd861afa6b4daf6095fb2,t10,high,0.3297328317,0.6702671683,high
tfidf_raw_prefix,1,115,40b598298febd1caaa3494c2aa68b7d34db4adefb806470ebaa2164aa3b6e97b,t10,low,0.337627483,0.662372517,high
tfidf_raw_prefix,1,116,4418b43f021add15a849c765ee0db832848b4b10e7849e6b885d73b122875f84,t10,high,0.296802246,0.703197754,high
tfidf_raw_prefix,1,118,76be45b29b02fc9e53270d845eb888e016203b2feb5f8a23c1bc226cfb6f9541,t10,low,0.3619694984,0.6380305016,high
tfidf_raw_prefix,1,127,7917889ab4e78b6b53a8a9cb1ef033ff30c5f3bd8f7978290b6a1e55f3745707,t10,high,0.4162934503,0.5837065497,high
oracle_gold_codes,1,5,acef12612f4cc8a8551d6eed74f7140693018819c768baebe55af31070bb4a48,t10,high,0.3374977658,0.6625022342,high
oracle_gold_codes,1,8,242385d41a2f2e2c7cf667f3555e67d2393f27bebfb58a47237bcb1fe3ddc21f,t10,high,0.01624308365,0.9837569164,high
oracle_gold_codes,1,22,908b32eb48120ce4dbf68981ea7e019915cec0971b94eafa2f753fb312d2777a,t10,high,0.3094030202,0.6905969798,high
oracle_gold_codes,1,43,c3a7a0efb4205fb087261214ecfa7aceebcb7e8cf295163f6d694dd21fdeebe4,t10,high,0.08571162585,0.9142883742,high
oracle_gold_codes,1,44,e6803c63f300fa480953ca2fe972e030e123c7f9c1d9ed559d04ae2394d0d86b,t10,low,0.2692765083,0.7307234917,high
oracle_gold_codes,1,66,60300796ba7899fd40ecbaa91387c5ca83e5757c4513c7aae95783e2e3877244,t10,high,0.4536668828,0.5463331172,high
oracle_gold_codes,1,71,acef12612f4cc8a8551d6eed74f7140693018819c768baebe55af31070bb4a48,t10,high,0.1747194959,0.8252805041,high
oracle_gold_codes,1,74,c71ada431bd46bd4a6359aeae6a2a8e55c5fadaac95da2d3426bc7a470fc428d,t10,low,0.8056463492,0.1943536508,low
oracle_gold_codes,1,78,093c82fd2197f13c9cdbf2150b89b7a4fa6b1bd0b674db97725c2c7c8bd1dd88,t10,high,0.5213676548,0.4786323452,low
oracle_gold_codes,1,81,e20918bb59fb9410444abfca05301763d95a43571f7e2437b82ee48a1c85ed42,t10,high,0.646510638,0.353489362,low
oracle_gold_codes,1,84,acef12612f4cc8a8551d6eed74f7140693018819c768baebe55af31070bb4a48,t10,high,0.04298280707,0.9570171929,high
oracle_gold_codes,1,90,a771a5f4fb2138cf78114b166d2e1fa99c89b30b5a08b96d69edbffaa7be1c17,t10,low,0.976436062,0.023563938,low
oracle_gold_codes,1,91,67e1884ecd04dbe20b36dae2dd478b3fa11c2dd652ae19aa1ecf63df01a54bb4,t10,high,0.1938372949,0.8061627051,high
oracle_gold_codes,1,93,4a179349154115dae8c63a1aae7fb09285d02b7da5eef74d9eaa8871309dcfa9,t10,high,0.01558051938,0.9844194806,high
oracle_gold_codes,1,96,25e8b5e04642d3980ac38e4c1a2adc2fda059b625ba4b1d1523d13ecc5903774,t10,high,0.02852250339,0.9714774966,high
oracle_gold_codes,1,97,1837300a58fa97fb00235849e610a9e6fc97376558ae1b2b3a001a60fbe9de12,t10,high,0.4551129159,0.5448870841,high
oracle_gold_codes,1,102,6b850256cef5c3246b062d9ccc13df2dba8549db3d4aa09074ac047358bc730c,t10,low,0.7257755543,0.2742244457,low
oracle_gold_codes,1,106,448764c64bd9a5b6c7cd78e8b26ab5214ce6b2f3a7fafd6b108f3cbbe5f7e177,t10,low,0.574171834,0.425828166,low
oracle_gold_codes,1,111,c5d024bb1b7d54d9eb1b773b68d0abb69abd4c57c23dd861afa6b4daf6095fb2,t10,high,0.3758001556,0.6241998444,high
oracle_gold_codes,1,115,40b598298febd1caaa3494c2aa68b7d34db4adefb806470ebaa2164aa3b6e97b,t10,low,0.4907549552,0.5092450448,high
oracle_gold_codes,1,116,4418b43f021add15a849c765ee0db832848b4b10e7849e6b885d73b122875f84,t10,high,0.5015389322,0.4984610678,low
oracle_gold_codes,1,118,76be45b29b02fc9e53270d845eb888e016203b2feb5f8a23c1bc226cfb6f9541,t10,low,0.9522834139,0.04771658608,low
oracle_gold_codes,1,127,7917889ab4e78b6b53a8a9cb1ef033ff30c5f3bd8f7978290b6a1e55f3745707,t10,high,0.02229621948,0.9777037805,high
class_prior,1,5,acef12612f4cc8a8551d6eed74f7140693018819c768baebe55af31070bb4a48,t20,high,0.04918032787,0.9508196721,high
class_prior,1,22,908b32eb48120ce4dbf68981ea7e019915cec0971b94eafa2f753fb312d2777a,t20,high,0.04918032787,0.9508196721,high
class_prior,1,43,c3a7a0efb4205fb087261214ecfa7aceebcb7e8cf295163f6d694dd21fdeebe4,t20,high,0.04918032787,0.9508196721,high
class_prior,1,44,e6803c63f300fa480953ca2fe972e030e123c7f9c1d9ed559d04ae2394d0d86b,t20,low,0.04918032787,0.9508196721,high
class_prior,1,71,acef12612f4cc8a8551d6eed74f7140693018819c768baebe55af31070bb4a48,t20,high,0.04918032787,0.9508196721,high
class_prior,1,78,093c82fd2197f13c9cdbf2150b89b7a4fa6b1bd0b674db97725c2c7c8bd1dd88,t20,high,0.04918032787,0.9508196721,high
class_prior,1,84,acef12612f4cc8a8551d6eed74f7140693018819c768baebe55af31070bb4a48,t20,high,0.04918032787,0.9508196721,high
class_prior,1,91,67e1884ecd04dbe20b36dae2dd478b3fa11c2dd652ae19aa1ecf63df01a54bb4,t20,high,0.04918032787,0.9508196721,high
class_prior,1,96,25e8b5e04642d3980ac38e4c1a2adc2fda059b625ba4b1d1523d13ecc5903774,t20,high,0.04918032787,0.9508196721,high
class_prior,1,97,1837300a58fa97fb00235849e610a9e6fc97376558ae1b2b3a001a60fbe9de12,t20,high,0.04918032787,0.9508196721,high
class_prior,1,111,c5d024bb1b7d54d9eb1b773b68d0abb69abd4c57c23dd861afa6b4daf6095fb2,t20,high,0.04918032787,0.9508196721,high
class_prior,1,115,40b598298febd1caaa3494c2aa68b7d34db4adefb806470ebaa2164aa3b6e97b,t20,low,0.04918032787,0.9508196721,high
class_prior,1,116,4418b43f021add15a849c765ee0db832848b4b10e7849e6b885d73b122875f84,t20,high,0.04918032787,0.9508196721,high
class_prior,1,127,7917889ab4e78b6b53a8a9cb1ef033ff30c5f3bd8f7978290b6a1e55f3745707,t20,high,0.04918032787,0.9508196721,high
structure_only,1,5,acef12612f4cc8a8551d6eed74f7140693018819c768baebe55af31070bb4a48,t20,high,0.6100908988,0.3899091012,low
structure_only,1,22,908b32eb48120ce4dbf68981ea7e019915cec0971b94eafa2f753fb312d2777a,t20,high,0.4410182337,0.5589817663,high
structure_only,1,43,c3a7a0efb4205fb087261214ecfa7aceebcb7e8cf295163f6d694dd21fdeebe4,t20,high,0.03613792951,0.9638620705,high
structure_only,1,44,e6803c63f300fa480953ca2fe972e030e123c7f9c1d9ed559d04ae2394d0d86b,t20,low,0.5781459421,0.4218540579,low
structure_only,1,71,acef12612f4cc8a8551d6eed74f7140693018819c768baebe55af31070bb4a48,t20,high,0.6081187605,0.3918812395,low
structure_only,1,78,093c82fd2197f13c9cdbf2150b89b7a4fa6b1bd0b674db97725c2c7c8bd1dd88,t20,high,0.1690077908,0.8309922092,high
structure_only,1,84,acef12612f4cc8a8551d6eed74f7140693018819c768baebe55af31070bb4a48,t20,high,0.4890613725,0.5109386275,high
structure_only,1,91,67e1884ecd04dbe20b36dae2dd478b3fa11c2dd652ae19aa1ecf63df01a54bb4,t20,high,0.4200370616,0.5799629384,high
structure_only,1,96,25e8b5e04642d3980ac38e4c1a2adc2fda059b625ba4b1d1523d13ecc5903774,t20,high,0.3170980463,0.6829019537,high
structure_only,1,97,1837300a58fa97fb00235849e610a9e6fc97376558ae1b2b3a001a60fbe9de12,t20,high,0.6411184256,0.3588815744,low
structure_only,1,111,c5d024bb1b7d54d9eb1b773b68d0abb69abd4c57c23dd861afa6b4daf6095fb2,t20,high,0.7550025553,0.2449974447,low
structure_only,1,115,40b598298febd1caaa3494c2aa68b7d34db4adefb806470ebaa2164aa3b6e97b,t20,low,0.5462178096,0.4537821904,low
structure_only,1,116,4418b43f021add15a849c765ee0db832848b4b10e7849e6b885d73b122875f84,t20,high,0.2942526006,0.7057473994,high
structure_only,1,127,7917889ab4e78b6b53a8a9cb1ef033ff30c5f3bd8f7978290b6a1e55f3745707,t20,high,0.504935146,0.495064854,low
tfidf_raw_prefix,1,5,acef12612f4cc8a8551d6eed74f7140693018819c768baebe55af31070bb4a48,t20,high,0.2097386173,0.7902613827,high
tfidf_raw_prefix,1,22,908b32eb48120ce4dbf68981ea7e019915cec0971b94eafa2f753fb312d2777a,t20,high,0.1918776265,0.8081223735,high
tfidf_raw_prefix,1,43,c3a7a0efb4205fb087261214ecfa7aceebcb7e8cf295163f6d694dd21fdeebe4,t20,high,0.1829176647,0.8170823353,high
tfidf_raw_prefix,1,44,e6803c63f300fa480953ca2fe972e030e123c7f9c1d9ed559d04ae2394d0d86b,t20,low,0.2875709382,0.7124290618,high
tfidf_raw_prefix,1,71,acef12612f4cc8a8551d6eed74f7140693018819c768baebe55af31070bb4a48,t20,high,0.1996193423,0.8003806577,high
tfidf_raw_prefix,1,78,093c82fd2197f13c9cdbf2150b89b7a4fa6b1bd0b674db97725c2c7c8bd1dd88,t20,high,0.2510357503,0.7489642497,high
tfidf_raw_prefix,1,84,acef12612f4cc8a8551d6eed74f7140693018819c768baebe55af31070bb4a48,t20,high,0.1986714382,0.8013285618,high
tfidf_raw_prefix,1,91,67e1884ecd04dbe20b36dae2dd478b3fa11c2dd652ae19aa1ecf63df01a54bb4,t20,high,0.2094914473,0.7905085527,high
tfidf_raw_prefix,1,96,25e8b5e04642d3980ac38e4c1a2adc2fda059b625ba4b1d1523d13ecc5903774,t20,high,0.214591234,0.785408766,high
tfidf_raw_prefix,1,97,1837300a58fa97fb00235849e610a9e6fc97376558ae1b2b3a001a60fbe9de12,t20,high,0.2540035377,0.7459964623,high
tfidf_raw_prefix,1,111,c5d024bb1b7d54d9eb1b773b68d0abb69abd4c57c23dd861afa6b4daf6095fb2,t20,high,0.247358215,0.752641785,high
tfidf_raw_prefix,1,115,40b598298febd1caaa3494c2aa68b7d34db4adefb806470ebaa2164aa3b6e97b,t20,low,0.2623607553,0.7376392447,high
tfidf_raw_prefix,1,116,4418b43f021add15a849c765ee0db832848b4b10e7849e6b885d73b122875f84,t20,high,0.2040361453,0.7959638547,high
tfidf_raw_prefix,1,127,7917889ab4e78b6b53a8a9cb1ef033ff30c5f3bd8f7978290b6a1e55f3745707,t20,high,0.200062065,0.799937935,high
oracle_gold_codes,1,5,acef12612f4cc8a8551d6eed74f7140693018819c768baebe55af31070bb4a48,t20,high,0.5135349188,0.4864650812,low
oracle_gold_codes,1,22,908b32eb48120ce4dbf68981ea7e019915cec0971b94eafa2f753fb312d2777a,t20,high,0.3632495638,0.6367504362,high
oracle_gold_codes,1,43,c3a7a0efb4205fb087261214ecfa7aceebcb7e8cf295163f6d694dd21fdeebe4,t20,high,0.01579801422,0.9842019858,high
oracle_gold_codes,1,44,e6803c63f300fa480953ca2fe972e030e123c7f9c1d9ed559d04ae2394d0d86b,t20,low,0.7349917073,0.2650082927,low
oracle_gold_codes,1,71,acef12612f4cc8a8551d6eed74f7140693018819c768baebe55af31070bb4a48,t20,high,0.9694542382,0.03054576178,low
oracle_gold_codes,1,78,093c82fd2197f13c9cdbf2150b89b7a4fa6b1bd0b674db97725c2c7c8bd1dd88,t20,high,0.0006715872518,0.9993284127,high
oracle_gold_codes,1,84,acef12612f4cc8a8551d6eed74f7140693018819c768baebe55af31070bb4a48,t20,high,0.4802840707,0.5197159293,high
oracle_gold_codes,1,91,67e1884ecd04dbe20b36dae2dd478b3fa11c2dd652ae19aa1ecf63df01a54bb4,t20,high,0.03362775528,0.9663722447,high
oracle_gold_codes,1,96,25e8b5e04642d3980ac38e4c1a2adc2fda059b625ba4b1d1523d13ecc5903774,t20,high,0.01567799462,0.9843220054,high
oracle_gold_codes,1,97,1837300a58fa97fb00235849e610a9e6fc97376558ae1b2b3a001a60fbe9de12,t20,high,0.07008373085,0.9299162691,high
oracle_gold_codes,1,111,c5d024bb1b7d54d9eb1b773b68d0abb69abd4c57c23dd861afa6b4daf6095fb2,t20,high,0.658847519,0.341152481,low
oracle_gold_codes,1,115,40b598298febd1caaa3494c2aa68b7d34db4adefb806470ebaa2164aa3b6e97b,t20,low,0.001001195547,0.9989988045,high
oracle_gold_codes,1,116,4418b43f021add15a849c765ee0db832848b4b10e7849e6b885d73b122875f84,t20,high,0.04692384846,0.9530761515,high
oracle_gold_codes,1,127,7917889ab4e78b6b53a8a9cb1ef033ff30c5f3bd8f7978290b6a1e55f3745707,t20,high,0.2453862527,0.7546137473,high
class_prior,1,5,acef12612f4cc8a8551d6eed74f7140693018819c768baebe55af31070bb4a48,full,high,0.15625,0.84375,high
class_prior,1,8,242385d41a2f2e2c7cf667f3555e67d2393f27bebfb58a47237bcb1fe3ddc21f,full,high,0.15625,0.84375,high
class_prior,1,11,9063fe5a96a210ebfe12759f47a23a0522765005e854174ae1dbba306d5ab91e,full,high,0.15625,0.84375,high
class_prior,1,22,908b32eb48120ce4dbf68981ea7e019915cec0971b94eafa2f753fb312d2777a,full,high,0.15625,0.84375,high
class_prior,1,26,9063fe5a96a210ebfe12759f47a23a0522765005e854174ae1dbba306d5ab91e,full,high,0.15625,0.84375,high
class_prior,1,43,c3a7a0efb4205fb087261214ecfa7aceebcb7e8cf295163f6d694dd21fdeebe4,full,high,0.15625,0.84375,high
class_prior,1,44,e6803c63f300fa480953ca2fe972e030e123c7f9c1d9ed559d04ae2394d0d86b,full,low,0.15625,0.84375,high
class_prior,1,47,f73fbbd46db1893b89699f228eb96713fbf24e13dabbda4707c125290203f537,full,high,0.15625,0.84375,high
class_prior,1,66,60300796ba7899fd40ecbaa91387c5ca83e5757c4513c7aae95783e2e3877244,full,high,0.15625,0.84375,high
class_prior,1,71,acef12612f4cc8a8551d6eed74f7140693018819c768baebe55af31070bb4a48,full,high,0.15625,0.84375,high
class_prior,1,74,c71ada431bd46bd4a6359aeae6a2a8e55c5fadaac95da2d3426bc7a470fc428d,full,low,0.15625,0.84375,high
class_prior,1,78,093c82fd2197f13c9cdbf2150b89b7a4fa6b1bd0b674db97725c2c7c8bd1dd88,full,high,0.15625,0.84375,high
class_prior,1,81,e20918bb59fb9410444abfca05301763d95a43571f7e2437b82ee48a1c85ed42,full,high,0.15625,0.84375,high
class_prior,1,84,acef12612f4cc8a8551d6eed74f7140693018819c768baebe55af31070bb4a48,full,high,0.15625,0.84375,high
class_prior,1,90,a771a5f4fb2138cf78114b166d2e1fa99c89b30b5a08b96d69edbffaa7be1c17,full,low,0.15625,0.84375,high
class_prior,1,91,67e1884ecd04dbe20b36dae2dd478b3fa11c2dd652ae19aa1ecf63df01a54bb4,full,high,0.15625,0.84375,high
class_prior,1,93,4a179349154115dae8c63a1aae7fb09285d02b7da5eef74d9eaa8871309dcfa9,full,high,0.15625,0.84375,high
class_prior,1,96,25e8b5e04642d3980ac38e4c1a2adc2fda059b625ba4b1d1523d13ecc5903774,full,high,0.15625,0.84375,high
class_prior,1,97,1837300a58fa97fb00235849e610a9e6fc97376558ae1b2b3a001a60fbe9de12,full,high,0.15625,0.84375,high
class_prior,1,102,6b850256cef5c3246b062d9ccc13df2dba8549db3d4aa09074ac047358bc730c,full,low,0.15625,0.84375,high
class_prior,1,106,448764c64bd9a5b6c7cd78e8b26ab5214ce6b2f3a7fafd6b108f3cbbe5f7e177,full,low,0.15625,0.84375,high
class_prior,1,111,c5d024bb1b7d54d9eb1b773b68d0abb69abd4c57c23dd861afa6b4daf6095fb2,full,high,0.15625,0.84375,high
class_prior,1,115,40b598298febd1caaa3494c2aa68b7d34db4adefb806470ebaa2164aa3b6e97b,full,low,0.15625,0.84375,high
class_prior,1,116,4418b43f021add15a849c765ee0db832848b4b10e7849e6b885d73b122875f84,full,high,0.15625,0.84375,high
class_prior,1,118,76be45b29b02fc9e53270d845eb888e016203b2feb5f8a23c1bc226cfb6f9541,full,low,0.15625,0.84375,high
class_prior,1,127,7917889ab4e78b6b53a8a9cb1ef033ff30c5f3bd8f7978290b6a1e55f3745707,full,high,0.15625,0.84375,high
structure_only,1,5,acef12612f4cc8a8551d6eed74f7140693018819c768baebe55af31070bb4a48,full,high,0.0694639905,0.9305360095,high
structure_only,1,8,242385d41a2f2e2c7cf667f3555e67d2393f27bebfb58a47237bcb1fe3ddc21f,full,high,0.7497898654,0.2502101346,low
structure_only,1,11,9063fe5a96a210ebfe12759f47a23a0522765005e854174ae1dbba306d5ab91e,full,high,0.4462759832,0.5537240168,high
structure_only,1,22,908b32eb48120ce4dbf68981ea7e019915cec0971b94eafa2f753fb312d2777a,full,high,0.1305263392,0.8694736608,high
structure_only,1,26,9063fe5a96a210ebfe12759f47a23a0522765005e854174ae1dbba306d5ab91e,full,high,0.6645862764,0.3354137236,low
structure_only,1,43,c3a7a0efb4205fb087261214ecfa7aceebcb7e8cf295163f6d694dd21fdeebe4,full,high,0.6016323232,0.3983676768,low
structure_only,1,44,e6803c63f300fa480953ca2fe972e030e123c7f9c1d9ed559d04ae2394d0d86b,full,low,0.08974011922,0.9102598808,high
structure_only,1,47,f73fbbd46db1893b89699f228eb96713fbf24e13dabbda4707c125290203f537,full,high,0.416740549,0.583259451,high
structure_only,1,66,60300796ba7899fd40ecbaa91387c5ca83e5757c4513c7aae95783e2e3877244,full,high,0.8465077768,0.1534922232,low
structure_only,1,71,acef12612f4cc8a8551d6eed74f7140693018819c768baebe55af31070bb4a48,full,high,0.09538420842,0.9046157916,high
structure_only,1,74,c71ada431bd46bd4a6359aeae6a2a8e55c5fadaac95da2d3426bc7a470fc428d,full,low,0.2518306008,0.7481693992,high
structure_only,1,78,093c82fd2197f13c9cdbf2150b89b7a4fa6b1bd0b674db97725c2c7c8bd1dd88,full,high,0.325745004,0.674254996,high
structure_only,1,81,e20918bb59fb9410444abfca05301763d95a43571f7e2437b82ee48a1c85ed42,full,high,0.7029015322,0.2970984678,low
structure_only,1,84,acef12612f4cc8a8551d6eed74f7140693018819c768baebe55af31070bb4a48,full,high,0.05118987046,0.9488101295,high
structure_only,1,90,a771a5f4fb2138cf78114b166d2e1fa99c89b30b5a08b96d69edbffaa7be1c17,full,low,0.8643731117,0.1356268883,low
structure_only,1,91,67e1884ecd04dbe20b36dae2dd478b3fa11c2dd652ae19aa1ecf63df01a54bb4,full,high,0.2955953358,0.7044046642,high
structure_only,1,93,4a179349154115dae8c63a1aae7fb09285d02b7da5eef74d9eaa8871309dcfa9,full,high,0.5560649249,0.4439350751,low
structure_only,1,96,25e8b5e04642d3980ac38e4c1a2adc2fda059b625ba4b1d1523d13ecc5903774,full,high,0.2767832254,0.7232167746,high
structure_only,1,97,1837300a58fa97fb00235849e610a9e6fc97376558ae1b2b3a001a60fbe9de12,full,high,0.1555771438,0.8444228562,high
structure_only,1,102,6b850256cef5c3246b062d9ccc13df2dba8549db3d4aa09074ac047358bc730c,full,low,0.6108411873,0.3891588127,low
structure_only,1,106,448764c64bd9a5b6c7cd78e8b26ab5214ce6b2f3a7fafd6b108f3cbbe5f7e177,full,low,0.6724339212,0.3275660788,low
structure_only,1,111,c5d024bb1b7d54d9eb1b773b68d0abb69abd4c57c23dd861afa6b4daf6095fb2,full,high,0.4124515367,0.5875484633,high
structure_only,1,115,40b598298febd1caaa3494c2aa68b7d34db4adefb806470ebaa2164aa3b6e97b,full,low,0.2581427891,0.7418572109,high
structure_only,1,116,4418b43f021add15a849c765ee0db832848b4b10e7849e6b885d73b122875f84,full,high,0.09096074906,0.9090392509,high
structure_only,1,118,76be45b29b02fc9e53270d845eb888e016203b2feb5f8a23c1bc226cfb6f9541,full,low,0.7405625913,0.2594374087,low
structure_only,1,127,7917889ab4e78b6b53a8a9cb1ef033ff30c5f3bd8f7978290b6a1e55f3745707,full,high,0.301543801,0.698456199,high
tfidf_raw_prefix,1,5,acef12612f4cc8a8551d6eed74f7140693018819c768baebe55af31070bb4a48,full,high,0.2266247895,0.7733752105,high
tfidf_raw_prefix,1,8,242385d41a2f2e2c7cf667f3555e67d2393f27bebfb58a47237bcb1fe3ddc21f,full,high,0.3643474737,0.6356525263,high
tfidf_raw_prefix,1,11,9063fe5a96a210ebfe12759f47a23a0522765005e854174ae1dbba306d5ab91e,full,high,0.2867964353,0.7132035647,high
tfidf_raw_prefix,1,22,908b32eb48120ce4dbf68981ea7e019915cec0971b94eafa2f753fb312d2777a,full,high,0.1901922209,0.8098077791,high
tfidf_raw_prefix,1,26,9063fe5a96a210ebfe12759f47a23a0522765005e854174ae1dbba306d5ab91e,full,high,0.3506247734,0.6493752266,high
tfidf_raw_prefix,1,43,c3a7a0efb4205fb087261214ecfa7aceebcb7e8cf295163f6d694dd21fdeebe4,full,high,0.2260300331,0.7739699669,high
tfidf_raw_prefix,1,44,e6803c63f300fa480953ca2fe972e030e123c7f9c1d9ed559d04ae2394d0d86b,full,low,0.3345177336,0.6654822664,high
tfidf_raw_prefix,1,47,f73fbbd46db1893b89699f228eb96713fbf24e13dabbda4707c125290203f537,full,high,0.3456990012,0.6543009988,high
tfidf_raw_prefix,1,66,60300796ba7899fd40ecbaa91387c5ca83e5757c4513c7aae95783e2e3877244,full,high,0.4361950654,0.5638049346,high
tfidf_raw_prefix,1,71,acef12612f4cc8a8551d6eed74f7140693018819c768baebe55af31070bb4a48,full,high,0.250025617,0.749974383,high
tfidf_raw_prefix,1,74,c71ada431bd46bd4a6359aeae6a2a8e55c5fadaac95da2d3426bc7a470fc428d,full,low,0.3591828554,0.6408171446,high
tfidf_raw_prefix,1,78,093c82fd2197f13c9cdbf2150b89b7a4fa6b1bd0b674db97725c2c7c8bd1dd88,full,high,0.4629408278,0.5370591722,high
tfidf_raw_prefix,1,81,e20918bb59fb9410444abfca05301763d95a43571f7e2437b82ee48a1c85ed42,full,high,0.3378132443,0.6621867557,high
tfidf_raw_prefix,1,84,acef12612f4cc8a8551d6eed74f7140693018819c768baebe55af31070bb4a48,full,high,0.1963084462,0.8036915538,high
tfidf_raw_prefix,1,90,a771a5f4fb2138cf78114b166d2e1fa99c89b30b5a08b96d69edbffaa7be1c17,full,low,0.3300241704,0.6699758296,high
tfidf_raw_prefix,1,91,67e1884ecd04dbe20b36dae2dd478b3fa11c2dd652ae19aa1ecf63df01a54bb4,full,high,0.2835516838,0.7164483162,high
tfidf_raw_prefix,1,93,4a179349154115dae8c63a1aae7fb09285d02b7da5eef74d9eaa8871309dcfa9,full,high,0.2342778412,0.7657221588,high
tfidf_raw_prefix,1,96,25e8b5e04642d3980ac38e4c1a2adc2fda059b625ba4b1d1523d13ecc5903774,full,high,0.2520912551,0.7479087449,high
tfidf_raw_prefix,1,97,1837300a58fa97fb00235849e610a9e6fc97376558ae1b2b3a001a60fbe9de12,full,high,0.2941910445,0.7058089555,high
tfidf_raw_prefix,1,102,6b850256cef5c3246b062d9ccc13df2dba8549db3d4aa09074ac047358bc730c,full,low,0.3177822742,0.6822177258,high
tfidf_raw_prefix,1,106,448764c64bd9a5b6c7cd78e8b26ab5214ce6b2f3a7fafd6b108f3cbbe5f7e177,full,low,0.5447340043,0.4552659957,low
tfidf_raw_prefix,1,111,c5d024bb1b7d54d9eb1b773b68d0abb69abd4c57c23dd861afa6b4daf6095fb2,full,high,0.358376095,0.641623905,high
tfidf_raw_prefix,1,115,40b598298febd1caaa3494c2aa68b7d34db4adefb806470ebaa2164aa3b6e97b,full,low,0.4078119024,0.5921880976,high
tfidf_raw_prefix,1,116,4418b43f021add15a849c765ee0db832848b4b10e7849e6b885d73b122875f84,full,high,0.236978848,0.763021152,high
tfidf_raw_prefix,1,118,76be45b29b02fc9e53270d845eb888e016203b2feb5f8a23c1bc226cfb6f9541,full,low,0.3753095543,0.6246904457,high
tfidf_raw_prefix,1,127,7917889ab4e78b6b53a8a9cb1ef033ff30c5f3bd8f7978290b6a1e55f3745707,full,high,0.3878010654,0.6121989346,high
oracle_gold_codes,1,5,acef12612f4cc8a8551d6eed74f7140693018819c768baebe55af31070bb4a48,full,high,0.07111260572,0.9288873943,high
oracle_gold_codes,1,8,242385d41a2f2e2c7cf667f3555e67d2393f27bebfb58a47237bcb1fe3ddc21f,full,high,0.0246388174,0.9753611826,high
oracle_gold_codes,1,11,9063fe5a96a210ebfe12759f47a23a0522765005e854174ae1dbba306d5ab91e,full,high,0.2706821712,0.7293178288,high
oracle_gold_codes,1,22,908b32eb48120ce4dbf68981ea7e019915cec0971b94eafa2f753fb312d2777a,full,high,0.08884313191,0.9111568681,high
oracle_gold_codes,1,26,9063fe5a96a210ebfe12759f47a23a0522765005e854174ae1dbba306d5ab91e,full,high,0.02720151821,0.9727984818,high
oracle_gold_codes,1,43,c3a7a0efb4205fb087261214ecfa7aceebcb7e8cf295163f6d694dd21fdeebe4,full,high,0.04632553736,0.9536744626,high
oracle_gold_codes,1,44,e6803c63f300fa480953ca2fe972e030e123c7f9c1d9ed559d04ae2394d0d86b,full,low,0.2208699124,0.7791300876,high
oracle_gold_codes,1,47,f73fbbd46db1893b89699f228eb96713fbf24e13dabbda4707c125290203f537,full,high,0.466227934,0.533772066,high
oracle_gold_codes,1,66,60300796ba7899fd40ecbaa91387c5ca83e5757c4513c7aae95783e2e3877244,full,high,0.5335922915,0.4664077085,low
oracle_gold_codes,1,71,acef12612f4cc8a8551d6eed74f7140693018819c768baebe55af31070bb4a48,full,high,0.1058256107,0.8941743893,high
oracle_gold_codes,1,74,c71ada431bd46bd4a6359aeae6a2a8e55c5fadaac95da2d3426bc7a470fc428d,full,low,0.8675663701,0.1324336299,low
oracle_gold_codes,1,78,093c82fd2197f13c9cdbf2150b89b7a4fa6b1bd0b674db97725c2c7c8bd1dd88,full,high,0.8711118011,0.1288881989,low
oracle_gold_codes,1,81,e20918bb59fb9410444abfca05301763d95a43571f7e2437b82ee48a1c85ed42,full,high,0.3341139544,0.6658860456,high
oracle_gold_codes,1,84,acef12612f4cc8a8551d6eed74f7140693018819c768baebe55af31070bb4a48,full,high,0.0814174852,0.9185825148,high
oracle_gold_codes,1,90,a771a5f4fb2138cf78114b166d2e1fa99c89b30b5a08b96d69edbffaa7be1c17,full,low,0.9538069328,0.04619306724,low
oracle_gold_codes,1,91,67e1884ecd04dbe20b36dae2dd478b3fa11c2dd652ae19aa1ecf63df01a54bb4,full,high,0.04824084031,0.9517591597,high
oracle_gold_codes,1,93,4a179349154115dae8c63a1aae7fb09285d02b7da5eef74d9eaa8871309dcfa9,full,high,0.02556525436,0.9744347456,high
oracle_gold_codes,1,96,25e8b5e04642d3980ac38e4c1a2adc2fda059b625ba4b1d1523d13ecc5903774,full,high,0.07217973647,0.9278202635,high
oracle_gold_codes,1,97,1837300a58fa97fb00235849e610a9e6fc97376558ae1b2b3a001a60fbe9de12,full,high,0.07185108844,0.9281489116,high
oracle_gold_codes,1,102,6b850256cef5c3246b062d9ccc13df2dba8549db3d4aa09074ac047358bc730c,full,low,0.5623582346,0.4376417654,low
oracle_gold_codes,1,106,448764c64bd9a5b6c7cd78e8b26ab5214ce6b2f3a7fafd6b108f3cbbe5f7e177,full,low,0.3706990911,0.6293009089,high
oracle_gold_codes,1,111,c5d024bb1b7d54d9eb1b773b68d0abb69abd4c57c23dd861afa6b4daf6095fb2,full,high,0.4134684901,0.5865315099,high
oracle_gold_codes,1,115,40b598298febd1caaa3494c2aa68b7d34db4adefb806470ebaa2164aa3b6e97b,full,low,0.7113498424,0.2886501576,low
oracle_gold_codes,1,116,4418b43f021add15a849c765ee0db832848b4b10e7849e6b885d73b122875f84,full,high,0.0436801087,0.9563198913,high
oracle_gold_codes,1,118,76be45b29b02fc9e53270d845eb888e016203b2feb5f8a23c1bc226cfb6f9541,full,low,0.9746334672,0.02536653281,low
oracle_gold_codes,1,127,7917889ab4e78b6b53a8a9cb1ef033ff30c5f3bd8f7978290b6a1e55f3745707,full,high,0.02926410904,0.970735891,high
class_prior,2,2,fdf67d2c42795b9d06e986a20b48e2b2bee751e8cdf4fd17e3571edec7df7c1a,t3,high,0.1935483871,0.8064516129,high
class_prior,2,4,191639dd25fcde7c7a679eb592d24f8b509b2039411c660a67c8a93f8157923d,t3,high,0.1935483871,0.8064516129,high
class_prior,2,10,4726c5a5ef83880ea58dc9be0d5526992a63d81a7158a7290accb6ea90e2f24e,t3,low,0.1935483871,0.8064516129,high
class_prior,2,13,33d5eab0e55967cc9ef6294d07c71894b7c8ccead9f3b75d9c24963ff08f8a5b,t3,high,0.1935483871,0.8064516129,high
class_prior,2,15,9a33ea59a66d49ff7cc5e5ae9beb979f48b38e35157bca2ebd07bf99649f623d,t3,low,0.1935483871,0.8064516129,high
class_prior,2,18,b34ee56525d88d8c5edbedc83cfaa246ebf13d655186bfb0a26192ae67847925,t3,high,0.1935483871,0.8064516129,high
class_prior,2,20,f9ba5bcb971128ab896d2b887228d6522719aa3c656b131cf236ce80da34d01d,t3,high,0.1935483871,0.8064516129,high
class_prior,2,25,ddb02d91bd18c3c662df1f33661d602d12020d6cf678bab7cb298f4055fca93b,t3,high,0.1935483871,0.8064516129,high
class_prior,2,28,487d0abed001c9f2a355dcc6490f2cf7f1354bf99dbe74fb40e1739122af3c2b,t3,high,0.1935483871,0.8064516129,high
class_prior,2,29,9459f1cceef9869f5ee5d550f4d0153a7cdf2e59b9bd8cc5f372969252fde2ca,t3,high,0.1935483871,0.8064516129,high
class_prior,2,34,4d0345fde865563ce1b8a378bb4f763097083ca5ab32f7ddf46c2f6159f1dec2,t3,high,0.1935483871,0.8064516129,high
class_prior,2,36,a89e21c5a35df9846708875b550aedadb0962eeaf4b3c7f3348dec0322cd9dde,t3,high,0.1935483871,0.8064516129,high
class_prior,2,38,f8b9c28f12c90d87138212f431c9300e394af58c1dc90d970ba183af36ca0387,t3,high,0.1935483871,0.8064516129,high
class_prior,2,49,b34ee56525d88d8c5edbedc83cfaa246ebf13d655186bfb0a26192ae67847925,t3,high,0.1935483871,0.8064516129,high
class_prior,2,51,27f7b9a233b232d09dc5463937c8150e848bebb9f9c3eac2cd6d18cd0a0a0663,t3,high,0.1935483871,0.8064516129,high
class_prior,2,54,cab87913f73e8349723b3aa09815de16104f7e933d850478367538de727d8d66,t3,high,0.1935483871,0.8064516129,high
class_prior,2,61,d18cd2cb8f3969cbf6af794d14828afbbd325bed84b28f6fb6cfa887be2c8b28,t3,high,0.1935483871,0.8064516129,high
class_prior,2,63,f34b655729f9e067daf58741bbef87d6babc75e70cc02335a66a9a7f2a41110f,t3,high,0.1935483871,0.8064516129,high
class_prior,2,76,ef2a499f1eb631d0fe82020b23b6b033d935130d3181bd0d4fd2f4fcd23925a8,t3,high,0.1935483871,0.8064516129,high
class_prior,2,85,362ca8248798f8db4ad596d5ff5d5b21969fb1d0b5d6bc5479eb390815d04099,t3,high,0.1935483871,0.8064516129,high
class_prior,2,88,9bc4482343f7ed28b44b9319b09ff19b55a18cac47392ae5ffba13a1bbc7d262,t3,high,0.1935483871,0.8064516129,high
class_prior,2,92,f2052231c80a312cdf52e119479c078cd5bcaf12bb92c3ed0366740e77e1ee5f,t3,low,0.1935483871,0.8064516129,high
class_prior,2,107,987ebbea8e2f88d7ae24bb995fb1683cfcf43e60da1c73db60f86e9c6f759ec0,t3,high,0.1935483871,0.8064516129,high
class_prior,2,113,43e3f532b331904b4b75e22e482cffcf7410e15e086662ebc1b0f2d324f2c640,t3,high,0.1935483871,0.8064516129,high
class_prior,2,120,6138bfa37d6d45417e27c6225b1b5c3d451845f9afd2be1af047243d1934f16d,t3,high,0.1935483871,0.8064516129,high
class_prior,2,126,3d9bb96a31d14f722edff4380172cc0eda5a2e2aab8847223fead188adfe3bae,t3,low,0.1935483871,0.8064516129,high
class_prior,2,129,b43f9bef2ea9be7d5c83147f704d1ec9e88508b7c90558944b551a63d6646376,t3,high,0.1935483871,0.8064516129,high
structure_only,2,2,fdf67d2c42795b9d06e986a20b48e2b2bee751e8cdf4fd17e3571edec7df7c1a,t3,high,0.5906999961,0.4093000039,low
structure_only,2,4,191639dd25fcde7c7a679eb592d24f8b509b2039411c660a67c8a93f8157923d,t3,high,0.3538338264,0.6461661736,high
structure_only,2,10,4726c5a5ef83880ea58dc9be0d5526992a63d81a7158a7290accb6ea90e2f24e,t3,low,0.4131438306,0.5868561694,high
structure_only,2,13,33d5eab0e55967cc9ef6294d07c71894b7c8ccead9f3b75d9c24963ff08f8a5b,t3,high,0.5444885015,0.4555114985,low
structure_only,2,15,9a33ea59a66d49ff7cc5e5ae9beb979f48b38e35157bca2ebd07bf99649f623d,t3,low,0.605795154,0.394204846,low
structure_only,2,18,b34ee56525d88d8c5edbedc83cfaa246ebf13d655186bfb0a26192ae67847925,t3,high,0.5087133916,0.4912866084,low
structure_only,2,20,f9ba5bcb971128ab896d2b887228d6522719aa3c656b131cf236ce80da34d01d,t3,high,0.6311952303,0.3688047697,low
structure_only,2,25,ddb02d91bd18c3c662df1f33661d602d12020d6cf678bab7cb298f4055fca93b,t3,high,0.4885269298,0.5114730702,high
structure_only,2,28,487d0abed001c9f2a355dcc6490f2cf7f1354bf99dbe74fb40e1739122af3c2b,t3,high,0.404469526,0.595530474,high
structure_only,2,29,9459f1cceef9869f5ee5d550f4d0153a7cdf2e59b9bd8cc5f372969252fde2ca,t3,high,0.8584587662,0.1415412338,low
structure_only,2,34,4d0345fde865563ce1b8a378bb4f763097083ca5ab32f7ddf46c2f6159f1dec2,t3,high,0.5444885015,0.4555114985,low
structure_only,2,36,a89e21c5a35df9846708875b550aedadb0962eeaf4b3c7f3348dec0322cd9dde,t3,high,0.3851764919,0.6148235081,high
structure_only,2,38,f8b9c28f12c90d87138212f431c9300e394af58c1dc90d970ba183af36ca0387,t3,high,0.6639432329,0.3360567671,low
structure_only,2,49,b34ee56525d88d8c5edbedc83cfaa246ebf13d655186bfb0a26192ae67847925,t3,high,0.4728488161,0.5271511839,high
structure_only,2,51,27f7b9a233b232d09dc5463937c8150e848bebb9f9c3eac2cd6d18cd0a0a0663,t3,high,0.4974979846,0.5025020154,high
structure_only,2,54,cab87913f73e8349723b3aa09815de16104f7e933d850478367538de727d8d66,t3,high,0.3788216459,0.6211783541,high
structure_only,2,61,d18cd2cb8f3969cbf6af794d14828afbbd325bed84b28f6fb6cfa887be2c8b28,t3,high,0.4818031698,0.5181968302,high
structure_only,2,63,f34b655729f9e067daf58741bbef87d6babc75e70cc02335a66a9a7f2a41110f,t3,high,0.4885269298,0.5114730702,high
structure_only,2,76,ef2a499f1eb631d0fe82020b23b6b033d935130d3181bd0d4fd2f4fcd23925a8,t3,high,0.127085928,0.872914072,high
structure_only,2,85,362ca8248798f8db4ad596d5ff5d5b21969fb1d0b5d6bc5479eb390815d04099,t3,high,0.4997412257,0.5002587743,high
structure_only,2,88,9bc4482343f7ed28b44b9319b09ff19b55a18cac47392ae5ffba13a1bbc7d262,t3,high,0.2718132452,0.7281867548,high
structure_only,2,92,f2052231c80a312cdf52e119479c078cd5bcaf12bb92c3ed0366740e77e1ee5f,t3,low,0.5109557819,0.4890442181,low
structure_only,2,107,987ebbea8e2f88d7ae24bb995fb1683cfcf43e60da1c73db60f86e9c6f759ec0,t3,high,0.4306500186,0.5693499814,high
structure_only,2,113,43e3f532b331904b4b75e22e482cffcf7410e15e086662ebc1b0f2d324f2c640,t3,high,0.6185762489,0.3814237511,low
structure_only,2,120,6138bfa37d6d45417e27c6225b1b5c3d451845f9afd2be1af047243d1934f16d,t3,high,0.6855982282,0.3144017718,low
structure_only,2,126,3d9bb96a31d14f722edff4380172cc0eda5a2e2aab8847223fead188adfe3bae,t3,low,0.4416830305,0.5583169695,high
structure_only,2,129,b43f9bef2ea9be7d5c83147f704d1ec9e88508b7c90558944b551a63d6646376,t3,high,0.1232322768,0.8767677232,high
tfidf_raw_prefix,2,2,fdf67d2c42795b9d06e986a20b48e2b2bee751e8cdf4fd17e3571edec7df7c1a,t3,high,0.397339468,0.602660532,high
tfidf_raw_prefix,2,4,191639dd25fcde7c7a679eb592d24f8b509b2039411c660a67c8a93f8157923d,t3,high,0.3324244614,0.6675755386,high
tfidf_raw_prefix,2,10,4726c5a5ef83880ea58dc9be0d5526992a63d81a7158a7290accb6ea90e2f24e,t3,low,0.2870136048,0.7129863952,high
tfidf_raw_prefix,2,13,33d5eab0e55967cc9ef6294d07c71894b7c8ccead9f3b75d9c24963ff08f8a5b,t3,high,0.4035268211,0.5964731789,high
tfidf_raw_prefix,2,15,9a33ea59a66d49ff7cc5e5ae9beb979f48b38e35157bca2ebd07bf99649f623d,t3,low,0.4555256606,0.5444743394,high
tfidf_raw_prefix,2,18,b34ee56525d88d8c5edbedc83cfaa246ebf13d655186bfb0a26192ae67847925,t3,high,0.4157418241,0.5842581759,high
tfidf_raw_prefix,2,20,f9ba5bcb971128ab896d2b887228d6522719aa3c656b131cf236ce80da34d01d,t3,high,0.5889331025,0.4110668975,low
tfidf_raw_prefix,2,25,ddb02d91bd18c3c662df1f33661d602d12020d6cf678bab7cb298f4055fca93b,t3,high,0.3751181779,0.6248818221,high
tfidf_raw_prefix,2,28,487d0abed001c9f2a355dcc6490f2cf7f1354bf99dbe74fb40e1739122af3c2b,t3,high,0.3484124336,0.6515875664,high
tfidf_raw_prefix,2,29,9459f1cceef9869f5ee5d550f4d0153a7cdf2e59b9bd8cc5f372969252fde2ca,t3,high,0.3763260506,0.6236739494,high
tfidf_raw_prefix,2,34,4d0345fde865563ce1b8a378bb4f763097083ca5ab32f7ddf46c2f6159f1dec2,t3,high,0.3840274323,0.6159725677,high
tfidf_raw_prefix,2,36,a89e21c5a35df9846708875b550aedadb0962eeaf4b3c7f3348dec0322cd9dde,t3,high,0.3445584705,0.6554415295,high
tfidf_raw_prefix,2,38,f8b9c28f12c90d87138212f431c9300e394af58c1dc90d970ba183af36ca0387,t3,high,0.3986862756,0.6013137244,high
tfidf_raw_prefix,2,49,b34ee56525d88d8c5edbedc83cfaa246ebf13d655186bfb0a26192ae67847925,t3,high,0.3646978415,0.6353021585,high
tfidf_raw_prefix,2,51,27f7b9a233b232d09dc5463937c8150e848bebb9f9c3eac2cd6d18cd0a0a0663,t3,high,0.4440962843,0.5559037157,high
tfidf_raw_prefix,2,54,cab87913f73e8349723b3aa09815de16104f7e933d850478367538de727d8d66,t3,high,0.3178321594,0.6821678406,high
tfidf_raw_prefix,2,61,d18cd2cb8f3969cbf6af794d14828afbbd325bed84b28f6fb6cfa887be2c8b28,t3,high,0.2836594268,0.7163405732,high
tfidf_raw_prefix,2,63,f34b655729f9e067daf58741bbef87d6babc75e70cc02335a66a9a7f2a41110f,t3,high,0.4937490954,0.5062509046,high
tfidf_raw_prefix,2,76,ef2a499f1eb631d0fe82020b23b6b033d935130d3181bd0d4fd2f4fcd23925a8,t3,high,0.3108116115,0.6891883885,high
tfidf_raw_prefix,2,85,362ca8248798f8db4ad596d5ff5d5b21969fb1d0b5d6bc5479eb390815d04099,t3,high,0.363915649,0.636084351,high
tfidf_raw_prefix,2,88,9bc4482343f7ed28b44b9319b09ff19b55a18cac47392ae5ffba13a1bbc7d262,t3,high,0.3317465284,0.6682534716,high
tfidf_raw_prefix,2,92,f2052231c80a312cdf52e119479c078cd5bcaf12bb92c3ed0366740e77e1ee5f,t3,low,0.3176962638,0.6823037362,high
tfidf_raw_prefix,2,107,987ebbea8e2f88d7ae24bb995fb1683cfcf43e60da1c73db60f86e9c6f759ec0,t3,high,0.3820669596,0.6179330404,high
tfidf_raw_prefix,2,113,43e3f532b331904b4b75e22e482cffcf7410e15e086662ebc1b0f2d324f2c640,t3,high,0.3898303679,0.6101696321,high
tfidf_raw_prefix,2,120,6138bfa37d6d45417e27c6225b1b5c3d451845f9afd2be1af047243d1934f16d,t3,high,0.3459395088,0.6540604912,high
tfidf_raw_prefix,2,126,3d9bb96a31d14f722edff4380172cc0eda5a2e2aab8847223fead188adfe3bae,t3,low,0.4070230396,0.5929769604,high
tfidf_raw_prefix,2,129,b43f9bef2ea9be7d5c83147f704d1ec9e88508b7c90558944b551a63d6646376,t3,high,0.3124398823,0.6875601177,high
oracle_gold_codes,2,2,fdf67d2c42795b9d06e986a20b48e2b2bee751e8cdf4fd17e3571edec7df7c1a,t3,high,0.2901175209,0.7098824791,high
oracle_gold_codes,2,4,191639dd25fcde7c7a679eb592d24f8b509b2039411c660a67c8a93f8157923d,t3,high,0.1282051082,0.8717948918,high
oracle_gold_codes,2,10,4726c5a5ef83880ea58dc9be0d5526992a63d81a7158a7290accb6ea90e2f24e,t3,low,0.5113341581,0.4886658419,low
oracle_gold_codes,2,13,33d5eab0e55967cc9ef6294d07c71894b7c8ccead9f3b75d9c24963ff08f8a5b,t3,high,0.3042196397,0.6957803603,high
oracle_gold_codes,2,15,9a33ea59a66d49ff7cc5e5ae9beb979f48b38e35157bca2ebd07bf99649f623d,t3,low,0.5252668295,0.4747331705,low
oracle_gold_codes,2,18,b34ee56525d88d8c5edbedc83cfaa246ebf13d655186bfb0a26192ae67847925,t3,high,0.2319536456,0.7680463544,high
oracle_gold_codes,2,20,f9ba5bcb971128ab896d2b887228d6522719aa3c656b131cf236ce80da34d01d,t3,high,0.4125637685,0.5874362315,high
oracle_gold_codes,2,25,ddb02d91bd18c3c662df1f33661d602d12020d6cf678bab7cb298f4055fca93b,t3,high,0.8478232505,0.1521767495,low
oracle_gold_codes,2,28,487d0abed001c9f2a355dcc6490f2cf7f1354bf99dbe74fb40e1739122af3c2b,t3,high,0.2699936355,0.7300063645,high
oracle_gold_codes,2,29,9459f1cceef9869f5ee5d550f4d0153a7cdf2e59b9bd8cc5f372969252fde2ca,t3,high,0.9225729149,0.07742708511,low
oracle_gold_codes,2,34,4d0345fde865563ce1b8a378bb4f763097083ca5ab32f7ddf46c2f6159f1dec2,t3,high,0.06396790313,0.9360320969,high
oracle_gold_codes,2,36,a89e21c5a35df9846708875b550aedadb0962eeaf4b3c7f3348dec0322cd9dde,t3,high,0.4528207854,0.5471792146,high
oracle_gold_codes,2,38,f8b9c28f12c90d87138212f431c9300e394af58c1dc90d970ba183af36ca0387,t3,high,0.1180850618,0.8819149382,high
oracle_gold_codes,2,49,b34ee56525d88d8c5edbedc83cfaa246ebf13d655186bfb0a26192ae67847925,t3,high,0.553824203,0.446175797,low
oracle_gold_codes,2,51,27f7b9a233b232d09dc5463937c8150e848bebb9f9c3eac2cd6d18cd0a0a0663,t3,high,0.2227222916,0.7772777084,high
oracle_gold_codes,2,54,cab87913f73e8349723b3aa09815de16104f7e933d850478367538de727d8d66,t3,high,0.2467021181,0.7532978819,high
oracle_gold_codes,2,61,d18cd2cb8f3969cbf6af794d14828afbbd325bed84b28f6fb6cfa887be2c8b28,t3,high,0.5727133381,0.4272866619,low
oracle_gold_codes,2,63,f34b655729f9e067daf58741bbef87d6babc75e70cc02335a66a9a7f2a41110f,t3,high,0.5962698184,0.4037301816,low
oracle_gold_codes,2,76,ef2a499f1eb631d0fe82020b23b6b033d935130d3181bd0d4fd2f4fcd23925a8,t3,high,0.1993279453,0.8006720547,high
oracle_gold_codes,2,85,362ca8248798f8db4ad596d5ff5d5b21969fb1d0b5d6bc5479eb390815d04099,t3,high,0.2626724314,0.7373275686,high
oracle_gold_codes,2,88,9bc4482343f7ed28b44b9319b09ff19b55a18cac47392ae5ffba13a1bbc7d262,t3,high,0.5269550759,0.4730449241,low
oracle_gold_codes,2,92,f2052231c80a312cdf52e119479c078cd5bcaf12bb92c3ed0366740e77e1ee5f,t3,low,0.2526907921,0.7473092079,high
oracle_gold_codes,2,107,987ebbea8e2f88d7ae24bb995fb1683cfcf43e60da1c73db60f86e9c6f759ec0,t3,high,0.5149497931,0.4850502069,low
oracle_gold_codes,2,113,43e3f532b331904b4b75e22e482cffcf7410e15e086662ebc1b0f2d324f2c640,t3,high,0.09380469215,0.9061953079,high
oracle_gold_codes,2,120,6138bfa37d6d45417e27c6225b1b5c3d451845f9afd2be1af047243d1934f16d,t3,high,0.5800409185,0.4199590815,low
oracle_gold_codes,2,126,3d9bb96a31d14f722edff4380172cc0eda5a2e2aab8847223fead188adfe3bae,t3,low,0.1716636607,0.8283363393,high
oracle_gold_codes,2,129,b43f9bef2ea9be7d5c83147f704d1ec9e88508b7c90558944b551a63d6646376,t3,high,0.04723188943,0.9527681106,high
class_prior,2,2,fdf67d2c42795b9d06e986a20b48e2b2bee751e8cdf4fd17e3571edec7df7c1a,t5,high,0.1813186813,0.8186813187,high
class_prior,2,4,191639dd25fcde7c7a679eb592d24f8b509b2039411c660a67c8a93f8157923d,t5,high,0.1813186813,0.8186813187,high
class_prior,2,10,4726c5a5ef83880ea58dc9be0d5526992a63d81a7158a7290accb6ea90e2f24e,t5,low,0.1813186813,0.8186813187,high
class_prior,2,13,33d5eab0e55967cc9ef6294d07c71894b7c8ccead9f3b75d9c24963ff08f8a5b,t5,high,0.1813186813,0.8186813187,high
class_prior,2,15,9a33ea59a66d49ff7cc5e5ae9beb979f48b38e35157bca2ebd07bf99649f623d,t5,low,0.1813186813,0.8186813187,high
class_prior,2,18,b34ee56525d88d8c5edbedc83cfaa246ebf13d655186bfb0a26192ae67847925,t5,high,0.1813186813,0.8186813187,high
class_prior,2,20,f9ba5bcb971128ab896d2b887228d6522719aa3c656b131cf236ce80da34d01d,t5,high,0.1813186813,0.8186813187,high
class_prior,2,25,ddb02d91bd18c3c662df1f33661d602d12020d6cf678bab7cb298f4055fca93b,t5,high,0.1813186813,0.8186813187,high
class_prior,2,28,487d0abed001c9f2a355dcc6490f2cf7f1354bf99dbe74fb40e1739122af3c2b,t5,high,0.1813186813,0.8186813187,high
class_prior,2,29,9459f1cceef9869f5ee5d550f4d0153a7cdf2e59b9bd8cc5f372969252fde2ca,t5,high,0.1813186813,0.8186813187,high
class_prior,2,34,4d0345fde865563ce1b8a378bb4f763097083ca5ab32f7ddf46c2f6159f1dec2,t5,high,0.1813186813,0.8186813187,high
class_prior,2,36,a89e21c5a35df9846708875b550aedadb0962eeaf4b3c7f3348dec0322cd9dde,t5,high,0.1813186813,0.8186813187,high
class_prior,2,38,f8b9c28f12c90d87138212f431c9300e394af58c1dc90d970ba183af36ca0387,t5,high,0.1813186813,0.8186813187,high
class_prior,2,49,b34ee56525d88d8c5edbedc83cfaa246ebf13d655186bfb0a26192ae67847925,t5,high,0.1813186813,0.8186813187,high
class_prior,2,51,27f7b9a233b232d09dc5463937c8150e848bebb9f9c3eac2cd6d18cd0a0a0663,t5,high,0.1813186813,0.8186813187,high
class_prior,2,54,cab87913f73e8349723b3aa09815de16104f7e933d850478367538de727d8d66,t5,high,0.1813186813,0.8186813187,high
class_prior,2,61,d18cd2cb8f3969cbf6af794d14828afbbd325bed84b28f6fb6cfa887be2c8b28,t5,high,0.1813186813,0.8186813187,high
class_prior,2,63,f34b655729f9e067daf58741bbef87d6babc75e70cc02335a66a9a7f2a41110f,t5,high,0.1813186813,0.8186813187,high
class_prior,2,76,ef2a499f1eb631d0fe82020b23b6b033d935130d3181bd0d4fd2f4fcd23925a8,t5,high,0.1813186813,0.8186813187,high
class_prior,2,85,362ca8248798f8db4ad596d5ff5d5b21969fb1d0b5d6bc5479eb390815d04099,t5,high,0.1813186813,0.8186813187,high
class_prior,2,88,9bc4482343f7ed28b44b9319b09ff19b55a18cac47392ae5ffba13a1bbc7d262,t5,high,0.1813186813,0.8186813187,high
class_prior,2,92,f2052231c80a312cdf52e119479c078cd5bcaf12bb92c3ed0366740e77e1ee5f,t5,low,0.1813186813,0.8186813187,high
class_prior,2,107,987ebbea8e2f88d7ae24bb995fb1683cfcf43e60da1c73db60f86e9c6f759ec0,t5,high,0.1813186813,0.8186813187,high
class_prior,2,113,43e3f532b331904b4b75e22e482cffcf7410e15e086662ebc1b0f2d324f2c640,t5,high,0.1813186813,0.8186813187,high
class_prior,2,120,6138bfa37d6d45417e27c6225b1b5c3d451845f9afd2be1af047243d1934f16d,t5,high,0.1813186813,0.8186813187,high
class_prior,2,126,3d9bb96a31d14f722edff4380172cc0eda5a2e2aab8847223fead188adfe3bae,t5,low,0.1813186813,0.8186813187,high
class_prior,2,129,b43f9bef2ea9be7d5c83147f704d1ec9e88508b7c90558944b551a63d6646376,t5,high,0.1813186813,0.8186813187,high
structure_only,2,2,fdf67d2c42795b9d06e986a20b48e2b2bee751e8cdf4fd17e3571edec7df7c1a,t5,high,0.6594312597,0.3405687403,low
structure_only,2,4,191639dd25fcde7c7a679eb592d24f8b509b2039411c660a67c8a93f8157923d,t5,high,0.303985435,0.696014565,high
structure_only,2,10,4726c5a5ef83880ea58dc9be0d5526992a63d81a7158a7290accb6ea90e2f24e,t5,low,0.5621095439,0.4378904561,low
structure_only,2,13,33d5eab0e55967cc9ef6294d07c71894b7c8ccead9f3b75d9c24963ff08f8a5b,t5,high,0.6301205822,0.3698794178,low
structure_only,2,15,9a33ea59a66d49ff7cc5e5ae9beb979f48b38e35157bca2ebd07bf99649f623d,t5,low,0.6046605038,0.3953394962,low
structure_only,2,18,b34ee56525d88d8c5edbedc83cfaa246ebf13d655186bfb0a26192ae67847925,t5,high,0.4215815381,0.5784184619,high
structure_only,2,20,f9ba5bcb971128ab896d2b887228d6522719aa3c656b131cf236ce80da34d01d,t5,high,0.6301205822,0.3698794178,low
structure_only,2,25,ddb02d91bd18c3c662df1f33661d602d12020d6cf678bab7cb298f4055fca93b,t5,high,0.419939288,0.580060712,high
structure_only,2,28,487d0abed001c9f2a355dcc6490f2cf7f1354bf99dbe74fb40e1739122af3c2b,t5,high,0.4782177594,0.5217822406,high
structure_only,2,29,9459f1cceef9869f5ee5d550f4d0153a7cdf2e59b9bd8cc5f372969252fde2ca,t5,high,0.7860064211,0.2139935789,low
structure_only,2,34,4d0345fde865563ce1b8a378bb4f763097083ca5ab32f7ddf46c2f6159f1dec2,t5,high,0.5186247962,0.4813752038,low
structure_only,2,36,a89e21c5a35df9846708875b550aedadb0962eeaf4b3c7f3348dec0322cd9dde,t5,high,0.373219039,0.626780961,high
structure_only,2,38,f8b9c28f12c90d87138212f431c9300e394af58c1dc90d970ba183af36ca0387,t5,high,0.6533523629,0.3466476371,low
structure_only,2,49,b34ee56525d88d8c5edbedc83cfaa246ebf13d655186bfb0a26192ae67847925,t5,high,0.476536649,0.523463351,high
structure_only,2,51,27f7b9a233b232d09dc5463937c8150e848bebb9f9c3eac2cd6d18cd0a0a0663,t5,high,0.5219883475,0.4780116525,low
structure_only,2,54,cab87913f73e8349723b3aa09815de16104f7e933d850478367538de727d8d66,t5,high,0.4815814229,0.5184185771,high
structure_only,2,61,d18cd2cb8f3969cbf6af794d14828afbbd325bed84b28f6fb6cfa887be2c8b28,t5,high,0.4133883393,0.5866116607,high
structure_only,2,63,f34b655729f9e067daf58741bbef87d6babc75e70cc02335a66a9a7f2a41110f,t5,high,0.3907142282,0.6092857718,high
structure_only,2,76,ef2a499f1eb631d0fe82020b23b6b033d935130d3181bd0d4fd2f4fcd23925a8,t5,high,0.233748971,0.766251029,high
structure_only,2,85,362ca8248798f8db4ad596d5ff5d5b21969fb1d0b5d6bc5479eb390815d04099,t5,high,0.4019988881,0.5980011119,high
structure_only,2,88,9bc4482343f7ed28b44b9319b09ff19b55a18cac47392ae5ffba13a1bbc7d262,t5,high,0.2468346356,0.7531653644,high
structure_only,2,92,f2052231c80a312cdf52e119479c078cd5bcaf12bb92c3ed0366740e77e1ee5f,t5,low,0.8714761287,0.1285238713,low
structure_only,2,107,987ebbea8e2f88d7ae24bb995fb1683cfcf43e60da1c73db60f86e9c6f759ec0,t5,high,0.3529656132,0.6470343868,high
structure_only,2,113,43e3f532b331904b4b75e22e482cffcf7410e15e086662ebc1b0f2d324f2c640,t5,high,0.6348194812,0.3651805188,low
structure_only,2,120,6138bfa37d6d45417e27c6225b1b5c3d451845f9afd2be1af047243d1934f16d,t5,high,0.7525433121,0.2474566879,low
structure_only,2,126,3d9bb96a31d14f722edff4380172cc0eda5a2e2aab8847223fead188adfe3bae,t5,low,0.4298181405,0.5701818595,high
structure_only,2,129,b43f9bef2ea9be7d5c83147f704d1ec9e88508b7c90558944b551a63d6646376,t5,high,0.1066118733,0.8933881267,high
tfidf_raw_prefix,2,2,fdf67d2c42795b9d06e986a20b48e2b2bee751e8cdf4fd17e3571edec7df7c1a,t5,high,0.3639914462,0.6360085538,high
tfidf_raw_prefix,2,4,191639dd25fcde7c7a679eb592d24f8b509b2039411c660a67c8a93f8157923d,t5,high,0.3625503326,0.6374496674,high
tfidf_raw_prefix,2,10,4726c5a5ef83880ea58dc9be0d5526992a63d81a7158a7290accb6ea90e2f24e,t5,low,0.393229624,0.606770376,high
tfidf_raw_prefix,2,13,33d5eab0e55967cc9ef6294d07c71894b7c8ccead9f3b75d9c24963ff08f8a5b,t5,high,0.408638678,0.591361322,high
tfidf_raw_prefix,2,15,9a33ea59a66d49ff7cc5e5ae9beb979f48b38e35157bca2ebd07bf99649f623d,t5,low,0.5264364482,0.4735635518,low
tfidf_raw_prefix,2,18,b34ee56525d88d8c5edbedc83cfaa246ebf13d655186bfb0a26192ae67847925,t5,high,0.407318552,0.592681448,high
tfidf_raw_prefix,2,20,f9ba5bcb971128ab896d2b887228d6522719aa3c656b131cf236ce80da34d01d,t5,high,0.5885615929,0.4114384071,low
tfidf_raw_prefix,2,25,ddb02d91bd18c3c662df1f33661d602d12020d6cf678bab7cb298f4055fca93b,t5,high,0.3598310794,0.6401689206,high
tfidf_raw_prefix,2,28,487d0abed001c9f2a355dcc6490f2cf7f1354bf99dbe74fb40e1739122af3c2b,t5,high,0.3541652747,0.6458347253,high
tfidf_raw_prefix,2,29,9459f1cceef9869f5ee5d550f4d0153a7cdf2e59b9bd8cc5f372969252fde2ca,t5,high,0.3439795476,0.6560204524,high
tfidf_raw_prefix,2,34,4d0345fde865563ce1b8a378bb4f763097083ca5ab32f7ddf46c2f6159f1dec2,t5,high,0.3127503441,0.6872496559,high
tfidf_raw_prefix,2,36,a89e21c5a35df9846708875b550aedadb0962eeaf4b3c7f3348dec0322cd9dde,t5,high,0.2735627233,0.7264372767,high
tfidf_raw_prefix,2,38,f8b9c28f12c90d87138212f431c9300e394af58c1dc90d970ba183af36ca0387,t5,high,0.3675474563,0.6324525437,high
tfidf_raw_prefix,2,49,b34ee56525d88d8c5edbedc83cfaa246ebf13d655186bfb0a26192ae67847925,t5,high,0.2821088411,0.7178911589,high
tfidf_raw_prefix,2,51,27f7b9a233b232d09dc5463937c8150e848bebb9f9c3eac2cd6d18cd0a0a0663,t5,high,0.4272927714,0.5727072286,high
tfidf_raw_prefix,2,54,cab87913f73e8349723b3aa09815de16104f7e933d850478367538de727d8d66,t5,high,0.4703136631,0.5296863369,high
tfidf_raw_prefix,2,61,d18cd2cb8f3969cbf6af794d14828afbbd325bed84b28f6fb6cfa887be2c8b28,t5,high,0.2910933605,0.7089066395,high
tfidf_raw_prefix,2,63,f34b655729f9e067daf58741bbef87d6babc75e70cc02335a66a9a7f2a41110f,t5,high,0.4426175944,0.5573824056,high
tfidf_raw_prefix,2,76,ef2a499f1eb631d0fe82020b23b6b033d935130d3181bd0d4fd2f4fcd23925a8,t5,high,0.3237168045,0.6762831955,high
tfidf_raw_prefix,2,85,362ca8248798f8db4ad596d5ff5d5b21969fb1d0b5d6bc5479eb390815d04099,t5,high,0.3543020136,0.6456979864,high
tfidf_raw_prefix,2,88,9bc4482343f7ed28b44b9319b09ff19b55a18cac47392ae5ffba13a1bbc7d262,t5,high,0.376548337,0.623451663,high
tfidf_raw_prefix,2,92,f2052231c80a312cdf52e119479c078cd5bcaf12bb92c3ed0366740e77e1ee5f,t5,low,0.5518517854,0.4481482146,low
tfidf_raw_prefix,2,107,987ebbea8e2f88d7ae24bb995fb1683cfcf43e60da1c73db60f86e9c6f759ec0,t5,high,0.302378707,0.697621293,high
tfidf_raw_prefix,2,113,43e3f532b331904b4b75e22e482cffcf7410e15e086662ebc1b0f2d324f2c640,t5,high,0.3759471894,0.6240528106,high
tfidf_raw_prefix,2,120,6138bfa37d6d45417e27c6225b1b5c3d451845f9afd2be1af047243d1934f16d,t5,high,0.3986081838,0.6013918162,high
tfidf_raw_prefix,2,126,3d9bb96a31d14f722edff4380172cc0eda5a2e2aab8847223fead188adfe3bae,t5,low,0.4598283139,0.5401716861,high
tfidf_raw_prefix,2,129,b43f9bef2ea9be7d5c83147f704d1ec9e88508b7c90558944b551a63d6646376,t5,high,0.3101024623,0.6898975377,high
oracle_gold_codes,2,2,fdf67d2c42795b9d06e986a20b48e2b2bee751e8cdf4fd17e3571edec7df7c1a,t5,high,0.0652313165,0.9347686835,high
oracle_gold_codes,2,4,191639dd25fcde7c7a679eb592d24f8b509b2039411c660a67c8a93f8157923d,t5,high,0.1992781667,0.8007218333,high
oracle_gold_codes,2,10,4726c5a5ef83880ea58dc9be0d5526992a63d81a7158a7290accb6ea90e2f24e,t5,low,0.7714162608,0.2285837392,low
oracle_gold_codes,2,13,33d5eab0e55967cc9ef6294d07c71894b7c8ccead9f3b75d9c24963ff08f8a5b,t5,high,0.4884171124,0.5115828876,high
oracle_gold_codes,2,15,9a33ea59a66d49ff7cc5e5ae9beb979f48b38e35157bca2ebd07bf99649f623d,t5,low,0.5671747061,0.4328252939,low
oracle_gold_codes,2,18,b34ee56525d88d8c5edbedc83cfaa246ebf13d655186bfb0a26192ae67847925,t5,high,0.3563920939,0.6436079061,high
oracle_gold_codes,2,20,f9ba5bcb971128ab896d2b887228d6522719aa3c656b131cf236ce80da34d01d,t5,high,0.07062634387,0.9293736561,high
oracle_gold_codes,2,25,ddb02d91bd18c3c662df1f33661d602d12020d6cf678bab7cb298f4055fca93b,t5,high,0.4624615224,0.5375384776,high
oracle_gold_codes,2,28,487d0abed001c9f2a355dcc6490f2cf7f1354bf99dbe74fb40e1739122af3c2b,t5,high,0.1550394312,0.8449605688,high
oracle_gold_codes,2,29,9459f1cceef9869f5ee5d550f4d0153a7cdf2e59b9bd8cc5f372969252fde2ca,t5,high,0.964957271,0.03504272901,low
oracle_gold_codes,2,34,4d0345fde865563ce1b8a378bb4f763097083ca5ab32f7ddf46c2f6159f1dec2,t5,high,0.008980273603,0.9910197264,high
oracle_gold_codes,2,36,a89e21c5a35df9846708875b550aedadb0962eeaf4b3c7f3348dec0322cd9dde,t5,high,0.4752395936,0.5247604064,high
oracle_gold_codes,2,38,f8b9c28f12c90d87138212f431c9300e394af58c1dc90d970ba183af36ca0387,t5,high,0.01107041989,0.9889295801,high
oracle_gold_codes,2,49,b34ee56525d88d8c5edbedc83cfaa246ebf13d655186bfb0a26192ae67847925,t5,high,0.6948991563,0.3051008437,low
oracle_gold_codes,2,51,27f7b9a233b232d09dc5463937c8150e848bebb9f9c3eac2cd6d18cd0a0a0663,t5,high,0.3146176047,0.6853823953,high
oracle_gold_codes,2,54,cab87913f73e8349723b3aa09815de16104f7e933d850478367538de727d8d66,t5,high,0.4239567438,0.5760432562,high
oracle_gold_codes,2,61,d18cd2cb8f3969cbf6af794d14828afbbd325bed84b28f6fb6cfa887be2c8b28,t5,high,0.6778686482,0.3221313518,low
oracle_gold_codes,2,63,f34b655729f9e067daf58741bbef87d6babc75e70cc02335a66a9a7f2a41110f,t5,high,0.2003364286,0.7996635714,high
oracle_gold_codes,2,76,ef2a499f1eb631d0fe82020b23b6b033d935130d3181bd0d4fd2f4fcd23925a8,t5,high,0.1026886876,0.8973113124,high
oracle_gold_codes,2,85,362ca8248798f8db4ad596d5ff5d5b21969fb1d0b5d6bc5479eb390815d04099,t5,high,0.3391847309,0.6608152691,high
oracle_gold_codes,2,88,9bc4482343f7ed28b44b9319b09ff19b55a18cac47392ae5ffba13a1bbc7d262,t5,high,0.1452151593,0.8547848407,high
oracle_gold_codes,2,92,f2052231c80a312cdf52e119479c078cd5bcaf12bb92c3ed0366740e77e1ee5f,t5,low,0.8751271055,0.1248728945,low
oracle_gold_codes,2,107,987ebbea8e2f88d7ae24bb995fb1683cfcf43e60da1c73db60f86e9c6f759ec0,t5,high,0.5583057152,0.4416942848,low
oracle_gold_codes,2,113,43e3f532b331904b4b75e22e482cffcf7410e15e086662ebc1b0f2d324f2c640,t5,high,0.01912248961,0.9808775104,high
oracle_gold_codes,2,120,6138bfa37d6d45417e27c6225b1b5c3d451845f9afd2be1af047243d1934f16d,t5,high,0.738303572,0.261696428,low
oracle_gold_codes,2,126,3d9bb96a31d14f722edff4380172cc0eda5a2e2aab8847223fead188adfe3bae,t5,low,0.2728514231,0.7271485769,high
oracle_gold_codes,2,129,b43f9bef2ea9be7d5c83147f704d1ec9e88508b7c90558944b551a63d6646376,t5,high,0.05841342108,0.9415865789,high
class_prior,2,2,fdf67d2c42795b9d06e986a20b48e2b2bee751e8cdf4fd17e3571edec7df7c1a,t10,high,0.183908046,0.816091954,high
class_prior,2,4,191639dd25fcde7c7a679eb592d24f8b509b2039411c660a67c8a93f8157923d,t10,high,0.183908046,0.816091954,high
class_prior,2,15,9a33ea59a66d49ff7cc5e5ae9beb979f48b38e35157bca2ebd07bf99649f623d,t10,low,0.183908046,0.816091954,high
class_prior,2,18,b34ee56525d88d8c5edbedc83cfaa246ebf13d655186bfb0a26192ae67847925,t10,high,0.183908046,0.816091954,high
class_prior,2,20,f9ba5bcb971128ab896d2b887228d6522719aa3c656b131cf236ce80da34d01d,t10,high,0.183908046,0.816091954,high
class_prior,2,25,ddb02d91bd18c3c662df1f33661d602d12020d6cf678bab7cb298f4055fca93b,t10,high,0.183908046,0.816091954,high
class_prior,2,28,487d0abed001c9f2a355dcc6490f2cf7f1354bf99dbe74fb40e1739122af3c2b,t10,high,0.183908046,0.816091954,high
class_prior,2,29,9459f1cceef9869f5ee5d550f4d0153a7cdf2e59b9bd8cc5f372969252fde2ca,t10,high,0.183908046,0.816091954,high
class_prior,2,34,4d0345fde865563ce1b8a378bb4f763097083ca5ab32f7ddf46c2f6159f1dec2,t10,high,0.183908046,0.816091954,high
class_prior,2,36,a89e21c5a35df9846708875b550aedadb0962eeaf4b3c7f3348dec0322cd9dde,t10,high,0.183908046,0.816091954,high
class_prior,2,38,f8b9c28f12c90d87138212f431c9300e394af58c1dc90d970ba183af36ca0387,t10,high,0.183908046,0.816091954,high
class_prior,2,49,b34ee56525d88d8c5edbedc83cfaa246ebf13d655186bfb0a26192ae67847925,t10,high,0.183908046,0.816091954,high
class_prior,2,54,cab87913f73e8349723b3aa09815de16104f7e933d850478367538de727d8d66,t10,high,0.183908046,0.816091954,high
class_prior,2,61,d18cd2cb8f3969cbf6af794d14828afbbd325bed84b28f6fb6cfa887be2c8b28,t10,high,0.183908046,0.816091954,high
class_prior,2,63,f34b655729f9e067daf58741bbef87d6babc75e70cc02335a66a9a7f2a41110f,t10,high,0.183908046,0.816091954,high
class_prior,2,76,ef2a499f1eb631d0fe82020b23b6b033d935130d3181bd0d4fd2f4fcd23925a8,t10,high,0.183908046,0.816091954,high
class_prior,2,85,362ca8248798f8db4ad596d5ff5d5b21969fb1d0b5d6bc5479eb390815d04099,t10,high,0.183908046,0.816091954,high
class_prior,2,88,9bc4482343f7ed28b44b9319b09ff19b55a18cac47392ae5ffba13a1bbc7d262,t10,high,0.183908046,0.816091954,high
class_prior,2,113,43e3f532b331904b4b75e22e482cffcf7410e15e086662ebc1b0f2d324f2c640,t10,high,0.183908046,0.816091954,high
class_prior,2,120,6138bfa37d6d45417e27c6225b1b5c3d451845f9afd2be1af047243d1934f16d,t10,high,0.183908046,0.816091954,high
class_prior,2,126,3d9bb96a31d14f722edff4380172cc0eda5a2e2aab8847223fead188adfe3bae,t10,low,0.183908046,0.816091954,high
class_prior,2,129,b43f9bef2ea9be7d5c83147f704d1ec9e88508b7c90558944b551a63d6646376,t10,high,0.183908046,0.816091954,high
structure_only,2,2,fdf67d2c42795b9d06e986a20b48e2b2bee751e8cdf4fd17e3571edec7df7c1a,t10,high,0.6953155817,0.3046844183,low
structure_only,2,4,191639dd25fcde7c7a679eb592d24f8b509b2039411c660a67c8a93f8157923d,t10,high,0.3478818341,0.6521181659,high
structure_only,2,15,9a33ea59a66d49ff7cc5e5ae9beb979f48b38e35157bca2ebd07bf99649f623d,t10,low,0.6990305209,0.3009694791,low
structure_only,2,18,b34ee56525d88d8c5edbedc83cfaa246ebf13d655186bfb0a26192ae67847925,t10,high,0.4626337273,0.5373662727,high
structure_only,2,20,f9ba5bcb971128ab896d2b887228d6522719aa3c656b131cf236ce80da34d01d,t10,high,0.597663768,0.402336232,low
structure_only,2,25,ddb02d91bd18c3c662df1f33661d602d12020d6cf678bab7cb298f4055fca93b,t10,high,0.4556423445,0.5443576555,high
structure_only,2,28,487d0abed001c9f2a355dcc6490f2cf7f1354bf99dbe74fb40e1739122af3c2b,t10,high,0.4810490999,0.5189509001,high
structure_only,2,29,9459f1cceef9869f5ee5d550f4d0153a7cdf2e59b9bd8cc5f372969252fde2ca,t10,high,0.376929324,0.623070676,high
structure_only,2,34,4d0345fde865563ce1b8a378bb4f763097083ca5ab32f7ddf46c2f6159f1dec2,t10,high,0.5364037488,0.4635962512,low
structure_only,2,36,a89e21c5a35df9846708875b550aedadb0962eeaf4b3c7f3348dec0322cd9dde,t10,high,0.4132995389,0.5867004611,high
structure_only,2,38,f8b9c28f12c90d87138212f431c9300e394af58c1dc90d970ba183af36ca0387,t10,high,0.6169643214,0.3830356786,low
structure_only,2,49,b34ee56525d88d8c5edbedc83cfaa246ebf13d655186bfb0a26192ae67847925,t10,high,0.4538971182,0.5461028818,high
structure_only,2,54,cab87913f73e8349723b3aa09815de16104f7e933d850478367538de727d8d66,t10,high,0.4504101045,0.5495898955,high
structure_only,2,61,d18cd2cb8f3969cbf6af794d14828afbbd325bed84b28f6fb6cfa887be2c8b28,t10,high,0.420142667,0.579857333,high
structure_only,2,63,f34b655729f9e067daf58741bbef87d6babc75e70cc02335a66a9a7f2a41110f,t10,high,0.3274230334,0.6725769666,high
structure_only,2,76,ef2a499f1eb631d0fe82020b23b6b033d935130d3181bd0d4fd2f4fcd23925a8,t10,high,0.3678106551,0.6321893449,high
structure_only,2,85,362ca8248798f8db4ad596d5ff5d5b21969fb1d0b5d6bc5479eb390815d04099,t10,high,0.3804608229,0.6195391771,high
structure_only,2,88,9bc4482343f7ed28b44b9319b09ff19b55a18cac47392ae5ffba13a1bbc7d262,t10,high,0.3409733687,0.6590266313,high
structure_only,2,113,43e3f532b331904b4b75e22e482cffcf7410e15e086662ebc1b0f2d324f2c640,t10,high,0.6252460565,0.3747539435,low
structure_only,2,120,6138bfa37d6d45417e27c6225b1b5c3d451845f9afd2be1af047243d1934f16d,t10,high,0.6771329831,0.3228670169,low
structure_only,2,126,3d9bb96a31d14f722edff4380172cc0eda5a2e2aab8847223fead188adfe3bae,t10,low,0.0998034293,0.9001965707,high
structure_only,2,129,b43f9bef2ea9be7d5c83147f704d1ec9e88508b7c90558944b551a63d6646376,t10,high,0.2060030868,0.7939969132,high
tfidf_raw_prefix,2,2,fdf67d2c42795b9d06e986a20b48e2b2bee751e8cdf4fd17e3571edec7df7c1a,t10,high,0.3910405232,0.6089594768,high
tfidf_raw_prefix,2,4,191639dd25fcde7c7a679eb592d24f8b509b2039411c660a67c8a93f8157923d,t10,high,0.4339285876,0.5660714124,high
tfidf_raw_prefix,2,15,9a33ea59a66d49ff7cc5e5ae9beb979f48b38e35157bca2ebd07bf99649f623d,t10,low,0.5692081775,0.4307918225,low
tfidf_raw_prefix,2,18,b34ee56525d88d8c5edbedc83cfaa246ebf13d655186bfb0a26192ae67847925,t10,high,0.347358117,0.652641883,high
tfidf_raw_prefix,2,20,f9ba5bcb971128ab896d2b887228d6522719aa3c656b131cf236ce80da34d01d,t10,high,0.4659184967,0.5340815033,high
tfidf_raw_prefix,2,25,ddb02d91bd18c3c662df1f33661d602d12020d6cf678bab7cb298f4055fca93b,t10,high,0.3349688227,0.6650311773,high
tfidf_raw_prefix,2,28,487d0abed001c9f2a355dcc6490f2cf7f1354bf99dbe74fb40e1739122af3c2b,t10,high,0.3667679757,0.6332320243,high
tfidf_raw_prefix,2,29,9459f1cceef9869f5ee5d550f4d0153a7cdf2e59b9bd8cc5f372969252fde2ca,t10,high,0.3552761301,0.6447238699,high
tfidf_raw_prefix,2,34,4d0345fde865563ce1b8a378bb4f763097083ca5ab32f7ddf46c2f6159f1dec2,t10,high,0.3331775688,0.6668224312,high
tfidf_raw_prefix,2,36,a89e21c5a35df9846708875b550aedadb0962eeaf4b3c7f3348dec0322cd9dde,t10,high,0.3325968747,0.6674031253,high
tfidf_raw_prefix,2,38,f8b9c28f12c90d87138212f431c9300e394af58c1dc90d970ba183af36ca0387,t10,high,0.3677711102,0.6322288898,high
tfidf_raw_prefix,2,49,b34ee56525d88d8c5edbedc83cfaa246ebf13d655186bfb0a26192ae67847925,t10,high,0.2402656999,0.7597343001,high
tfidf_raw_prefix,2,54,cab87913f73e8349723b3aa09815de16104f7e933d850478367538de727d8d66,t10,high,0.3964949586,0.6035050414,high
tfidf_raw_prefix,2,61,d18cd2cb8f3969cbf6af794d14828afbbd325bed84b28f6fb6cfa887be2c8b28,t10,high,0.3307087919,0.6692912081,high
tfidf_raw_prefix,2,63,f34b655729f9e067daf58741bbef87d6babc75e70cc02335a66a9a7f2a41110f,t10,high,0.4053555372,0.5946444628,high
tfidf_raw_prefix,2,76,ef2a499f1eb631d0fe82020b23b6b033d935130d3181bd0d4fd2f4fcd23925a8,t10,high,0.3492375911,0.6507624089,high
tfidf_raw_prefix,2,85,362ca8248798f8db4ad596d5ff5d5b21969fb1d0b5d6bc5479eb390815d04099,t10,high,0.3589440718,0.6410559282,high
tfidf_raw_prefix,2,88,9bc4482343f7ed28b44b9319b09ff19b55a18cac47392ae5ffba13a1bbc7d262,t10,high,0.4356956551,0.5643043449,high
tfidf_raw_prefix,2,113,43e3f532b331904b4b75e22e482cffcf7410e15e086662ebc1b0f2d324f2c640,t10,high,0.3894139948,0.6105860052,high
tfidf_raw_prefix,2,120,6138bfa37d6d45417e27c6225b1b5c3d451845f9afd2be1af047243d1934f16d,t10,high,0.4560679467,0.5439320533,high
tfidf_raw_prefix,2,126,3d9bb96a31d14f722edff4380172cc0eda5a2e2aab8847223fead188adfe3bae,t10,low,0.4757217028,0.5242782972,high
tfidf_raw_prefix,2,129,b43f9bef2ea9be7d5c83147f704d1ec9e88508b7c90558944b551a63d6646376,t10,high,0.3327557413,0.6672442587,high
oracle_gold_codes,2,2,fdf67d2c42795b9d06e986a20b48e2b2bee751e8cdf4fd17e3571edec7df7c1a,t10,high,0.5000411037,0.4999588963,low
oracle_gold_codes,2,4,191639dd25fcde7c7a679eb592d24f8b509b2039411c660a67c8a93f8157923d,t10,high,0.3037245142,0.6962754858,high
oracle_gold_codes,2,15,9a33ea59a66d49ff7cc5e5ae9beb979f48b38e35157bca2ebd07bf99649f623d,t10,low,0.9544344603,0.04556553971,low
oracle_gold_codes,2,18,b34ee56525d88d8c5edbedc83cfaa246ebf13d655186bfb0a26192ae67847925,t10,high,0.4402331615,0.5597668385,high
oracle_gold_codes,2,20,f9ba5bcb971128ab896d2b887228d6522719aa3c656b131cf236ce80da34d01d,t10,high,0.0546478535,0.9453521465,high
oracle_gold_codes,2,25,ddb02d91bd18c3c662df1f33661d602d12020d6cf678bab7cb298f4055fca93b,t10,high,0.3140188046,0.6859811954,high
oracle_gold_codes,2,28,487d0abed001c9f2a355dcc6490f2cf7f1354bf99dbe74fb40e1739122af3c2b,t10,high,0.01160050596,0.988399494,high
oracle_gold_codes,2,29,9459f1cceef9869f5ee5d550f4d0153a7cdf2e59b9bd8cc5f372969252fde2ca,t10,high,0.9368021972,0.06319780278,low
oracle_gold_codes,2,34,4d0345fde865563ce1b8a378bb4f763097083ca5ab32f7ddf46c2f6159f1dec2,t10,high,0.009441405831,0.9905585942,high
oracle_gold_codes,2,36,a89e21c5a35df9846708875b550aedadb0962eeaf4b3c7f3348dec0322cd9dde,t10,high,0.1762440448,0.8237559552,high
oracle_gold_codes,2,38,f8b9c28f12c90d87138212f431c9300e394af58c1dc90d970ba183af36ca0387,t10,high,0.004422812268,0.9955771877,high
oracle_gold_codes,2,49,b34ee56525d88d8c5edbedc83cfaa246ebf13d655186bfb0a26192ae67847925,t10,high,0.5811050106,0.4188949894,low
oracle_gold_codes,2,54,cab87913f73e8349723b3aa09815de16104f7e933d850478367538de727d8d66,t10,high,0.7046783746,0.2953216254,low
oracle_gold_codes,2,61,d18cd2cb8f3969cbf6af794d14828afbbd325bed84b28f6fb6cfa887be2c8b28,t10,high,0.05535067869,0.9446493213,high
oracle_gold_codes,2,63,f34b655729f9e067daf58741bbef87d6babc75e70cc02335a66a9a7f2a41110f,t10,high,0.1949737193,0.8050262807,high
oracle_gold_codes,2,76,ef2a499f1eb631d0fe82020b23b6b033d935130d3181bd0d4fd2f4fcd23925a8,t10,high,0.2514896637,0.7485103363,high
oracle_gold_codes,2,85,362ca8248798f8db4ad596d5ff5d5b21969fb1d0b5d6bc5479eb390815d04099,t10,high,0.4245702876,0.5754297124,high
oracle_gold_codes,2,88,9bc4482343f7ed28b44b9319b09ff19b55a18cac47392ae5ffba13a1bbc7d262,t10,high,0.08374739777,0.9162526022,high
oracle_gold_codes,2,113,43e3f532b331904b4b75e22e482cffcf7410e15e086662ebc1b0f2d324f2c640,t10,high,0.01149629683,0.9885037032,high
oracle_gold_codes,2,120,6138bfa37d6d45417e27c6225b1b5c3d451845f9afd2be1af047243d1934f16d,t10,high,0.9272612929,0.07273870708,low
oracle_gold_codes,2,126,3d9bb96a31d14f722edff4380172cc0eda5a2e2aab8847223fead188adfe3bae,t10,low,0.4302572808,0.5697427192,high
oracle_gold_codes,2,129,b43f9bef2ea9be7d5c83147f704d1ec9e88508b7c90558944b551a63d6646376,t10,high,0.01619463424,0.9838053658,high
class_prior,2,2,fdf67d2c42795b9d06e986a20b48e2b2bee751e8cdf4fd17e3571edec7df7c1a,full,high,0.1935483871,0.8064516129,high
class_prior,2,4,191639dd25fcde7c7a679eb592d24f8b509b2039411c660a67c8a93f8157923d,full,high,0.1935483871,0.8064516129,high
class_prior,2,10,4726c5a5ef83880ea58dc9be0d5526992a63d81a7158a7290accb6ea90e2f24e,full,low,0.1935483871,0.8064516129,high
class_prior,2,13,33d5eab0e55967cc9ef6294d07c71894b7c8ccead9f3b75d9c24963ff08f8a5b,full,high,0.1935483871,0.8064516129,high
class_prior,2,15,9a33ea59a66d49ff7cc5e5ae9beb979f48b38e35157bca2ebd07bf99649f623d,full,low,0.1935483871,0.8064516129,high
class_prior,2,18,b34ee56525d88d8c5edbedc83cfaa246ebf13d655186bfb0a26192ae67847925,full,high,0.1935483871,0.8064516129,high
class_prior,2,20,f9ba5bcb971128ab896d2b887228d6522719aa3c656b131cf236ce80da34d01d,full,high,0.1935483871,0.8064516129,high
class_prior,2,25,ddb02d91bd18c3c662df1f33661d602d12020d6cf678bab7cb298f4055fca93b,full,high,0.1935483871,0.8064516129,high
class_prior,2,28,487d0abed001c9f2a355dcc6490f2cf7f1354bf99dbe74fb40e1739122af3c2b,full,high,0.1935483871,0.8064516129,high
class_prior,2,29,9459f1cceef9869f5ee5d550f4d0153a7cdf2e59b9bd8cc5f372969252fde2ca,full,high,0.1935483871,0.8064516129,high
class_prior,2,34,4d0345fde865563ce1b8a378bb4f763097083ca5ab32f7ddf46c2f6159f1dec2,full,high,0.1935483871,0.8064516129,high
class_prior,2,36,a89e21c5a35df9846708875b550aedadb0962eeaf4b3c7f3348dec0322cd9dde,full,high,0.1935483871,0.8064516129,high
class_prior,2,38,f8b9c28f12c90d87138212f431c9300e394af58c1dc90d970ba183af36ca0387,full,high,0.1935483871,0.8064516129,high
class_prior,2,49,b34ee56525d88d8c5edbedc83cfaa246ebf13d655186bfb0a26192ae67847925,full,high,0.1935483871,0.8064516129,high
class_prior,2,51,27f7b9a233b232d09dc5463937c8150e848bebb9f9c3eac2cd6d18cd0a0a0663,full,high,0.1935483871,0.8064516129,high
class_prior,2,54,cab87913f73e8349723b3aa09815de16104f7e933d850478367538de727d8d66,full,high,0.1935483871,0.8064516129,high
class_prior,2,61,d18cd2cb8f3969cbf6af794d14828afbbd325bed84b28f6fb6cfa887be2c8b28,full,high,0.1935483871,0.8064516129,high
class_prior,2,63,f34b655729f9e067daf58741bbef87d6babc75e70cc02335a66a9a7f2a41110f,full,high,0.1935483871,0.8064516129,high
class_prior,2,76,ef2a499f1eb631d0fe82020b23b6b033d935130d3181bd0d4fd2f4fcd23925a8,full,high,0.1935483871,0.8064516129,high
class_prior,2,85,362ca8248798f8db4ad596d5ff5d5b21969fb1d0b5d6bc5479eb390815d04099,full,high,0.1935483871,0.8064516129,high
class_prior,2,88,9bc4482343f7ed28b44b9319b09ff19b55a18cac47392ae5ffba13a1bbc7d262,full,high,0.1935483871,0.8064516129,high
class_prior,2,92,f2052231c80a312cdf52e119479c078cd5bcaf12bb92c3ed0366740e77e1ee5f,full,low,0.1935483871,0.8064516129,high
class_prior,2,107,987ebbea8e2f88d7ae24bb995fb1683cfcf43e60da1c73db60f86e9c6f759ec0,full,high,0.1935483871,0.8064516129,high
class_prior,2,113,43e3f532b331904b4b75e22e482cffcf7410e15e086662ebc1b0f2d324f2c640,full,high,0.1935483871,0.8064516129,high
class_prior,2,120,6138bfa37d6d45417e27c6225b1b5c3d451845f9afd2be1af047243d1934f16d,full,high,0.1935483871,0.8064516129,high
class_prior,2,126,3d9bb96a31d14f722edff4380172cc0eda5a2e2aab8847223fead188adfe3bae,full,low,0.1935483871,0.8064516129,high
class_prior,2,129,b43f9bef2ea9be7d5c83147f704d1ec9e88508b7c90558944b551a63d6646376,full,high,0.1935483871,0.8064516129,high
structure_only,2,2,fdf67d2c42795b9d06e986a20b48e2b2bee751e8cdf4fd17e3571edec7df7c1a,full,high,0.6600478803,0.3399521197,low
structure_only,2,4,191639dd25fcde7c7a679eb592d24f8b509b2039411c660a67c8a93f8157923d,full,high,0.4191901382,0.5808098618,high
structure_only,2,10,4726c5a5ef83880ea58dc9be0d5526992a63d81a7158a7290accb6ea90e2f24e,full,low,0.6631146294,0.3368853706,low
structure_only,2,13,33d5eab0e55967cc9ef6294d07c71894b7c8ccead9f3b75d9c24963ff08f8a5b,full,high,0.7718959409,0.2281040591,low
structure_only,2,15,9a33ea59a66d49ff7cc5e5ae9beb979f48b38e35157bca2ebd07bf99649f623d,full,low,0.7485593315,0.2514406685,low
structure_only,2,18,b34ee56525d88d8c5edbedc83cfaa246ebf13d655186bfb0a26192ae67847925,full,high,0.3370357363,0.6629642637,high
structure_only,2,20,f9ba5bcb971128ab896d2b887228d6522719aa3c656b131cf236ce80da34d01d,full,high,0.5545506493,0.4454493507,low
structure_only,2,25,ddb02d91bd18c3c662df1f33661d602d12020d6cf678bab7cb298f4055fca93b,full,high,0.5664393298,0.4335606702,low
structure_only,2,28,487d0abed001c9f2a355dcc6490f2cf7f1354bf99dbe74fb40e1739122af3c2b,full,high,0.3640874497,0.6359125503,high
structure_only,2,29,9459f1cceef9869f5ee5d550f4d0153a7cdf2e59b9bd8cc5f372969252fde2ca,full,high,0.1157399363,0.8842600637,high
structure_only,2,34,4d0345fde865563ce1b8a378bb4f763097083ca5ab32f7ddf46c2f6159f1dec2,full,high,0.2987128608,0.7012871392,high
structure_only,2,36,a89e21c5a35df9846708875b550aedadb0962eeaf4b3c7f3348dec0322cd9dde,full,high,0.2721546713,0.7278453287,high
structure_only,2,38,f8b9c28f12c90d87138212f431c9300e394af58c1dc90d970ba183af36ca0387,full,high,0.1700404966,0.8299595034,high
structure_only,2,49,b34ee56525d88d8c5edbedc83cfaa246ebf13d655186bfb0a26192ae67847925,full,high,0.2957324451,0.7042675549,high
structure_only,2,51,27f7b9a233b232d09dc5463937c8150e848bebb9f9c3eac2cd6d18cd0a0a0663,full,high,0.5625127656,0.4374872344,low
structure_only,2,54,cab87913f73e8349723b3aa09815de16104f7e933d850478367538de727d8d66,full,high,0.4807901997,0.5192098003,high
structure_only,2,61,d18cd2cb8f3969cbf6af794d14828afbbd325bed84b28f6fb6cfa887be2c8b28,full,high,0.3832918443,0.6167081557,high
structure_only,2,63,f34b655729f9e067daf58741bbef87d6babc75e70cc02335a66a9a7f2a41110f,full,high,0.4771882712,0.5228117288,high
structure_only,2,76,ef2a499f1eb631d0fe82020b23b6b033d935130d3181bd0d4fd2f4fcd23925a8,full,high,0.04281523799,0.957184762,high
structure_only,2,85,362ca8248798f8db4ad596d5ff5d5b21969fb1d0b5d6bc5479eb390815d04099,full,high,0.3408879448,0.6591120552,high
structure_only,2,88,9bc4482343f7ed28b44b9319b09ff19b55a18cac47392ae5ffba13a1bbc7d262,full,high,0.4511735614,0.5488264386,high
structure_only,2,92,f2052231c80a312cdf52e119479c078cd5bcaf12bb92c3ed0366740e77e1ee5f,full,low,0.8804394489,0.1195605511,low
structure_only,2,107,987ebbea8e2f88d7ae24bb995fb1683cfcf43e60da1c73db60f86e9c6f759ec0,full,high,0.6194200003,0.3805799997,low
structure_only,2,113,43e3f532b331904b4b75e22e482cffcf7410e15e086662ebc1b0f2d324f2c640,full,high,0.5824037968,0.4175962032,low
structure_only,2,120,6138bfa37d6d45417e27c6225b1b5c3d451845f9afd2be1af047243d1934f16d,full,high,0.6681627133,0.3318372867,low
structure_only,2,126,3d9bb96a31d14f722edff4380172cc0eda5a2e2aab8847223fead188adfe3bae,full,low,1.043644814e-05,0.9999895636,high
structure_only,2,129,b43f9bef2ea9be7d5c83147f704d1ec9e88508b7c90558944b551a63d6646376,full,high,0.4750446922,0.5249553078,high
tfidf_raw_prefix,2,2,fdf67d2c42795b9d06e986a20b48e2b2bee751e8cdf4fd17e3571edec7df7c1a,full,high,0.3537849991,0.6462150009,high
tfidf_raw_prefix,2,4,191639dd25fcde7c7a679eb592d24f8b509b2039411c660a67c8a93f8157923d,full,high,0.4299835485,0.5700164515,high
tfidf_raw_prefix,2,10,4726c5a5ef83880ea58dc9be0d5526992a63d81a7158a7290accb6ea90e2f24e,full,low,0.42066965,0.57933035,high
tfidf_raw_prefix,2,13,33d5eab0e55967cc9ef6294d07c71894b7c8ccead9f3b75d9c24963ff08f8a5b,full,high,0.4025501577,0.5974498423,high
tfidf_raw_prefix,2,15,9a33ea59a66d49ff7cc5e5ae9beb979f48b38e35157bca2ebd07bf99649f623d,full,low,0.5701132744,0.4298867256,low
tfidf_raw_prefix,2,18,b34ee56525d88d8c5edbedc83cfaa246ebf13d655186bfb0a26192ae67847925,full,high,0.2703440919,0.7296559081,high
tfidf_raw_prefix,2,20,f9ba5bcb971128ab896d2b887228d6522719aa3c656b131cf236ce80da34d01d,full,high,0.4068305534,0.5931694466,high
tfidf_raw_prefix,2,25,ddb02d91bd18c3c662df1f33661d602d12020d6cf678bab7cb298f4055fca93b,full,high,0.3022452627,0.6977547373,high
tfidf_raw_prefix,2,28,487d0abed001c9f2a355dcc6490f2cf7f1354bf99dbe74fb40e1739122af3c2b,full,high,0.3455282965,0.6544717035,high
tfidf_raw_prefix,2,29,9459f1cceef9869f5ee5d550f4d0153a7cdf2e59b9bd8cc5f372969252fde2ca,full,high,0.2693185671,0.7306814329,high
tfidf_raw_prefix,2,34,4d0345fde865563ce1b8a378bb4f763097083ca5ab32f7ddf46c2f6159f1dec2,full,high,0.2857849166,0.7142150834,high
tfidf_raw_prefix,2,36,a89e21c5a35df9846708875b550aedadb0962eeaf4b3c7f3348dec0322cd9dde,full,high,0.3150814772,0.6849185228,high
tfidf_raw_prefix,2,38,f8b9c28f12c90d87138212f431c9300e394af58c1dc90d970ba183af36ca0387,full,high,0.2860563462,0.7139436538,high
tfidf_raw_prefix,2,49,b34ee56525d88d8c5edbedc83cfaa246ebf13d655186bfb0a26192ae67847925,full,high,0.2352114382,0.7647885618,high
tfidf_raw_prefix,2,51,27f7b9a233b232d09dc5463937c8150e848bebb9f9c3eac2cd6d18cd0a0a0663,full,high,0.4136983792,0.5863016208,high
tfidf_raw_prefix,2,54,cab87913f73e8349723b3aa09815de16104f7e933d850478367538de727d8d66,full,high,0.3736359237,0.6263640763,high
tfidf_raw_prefix,2,61,d18cd2cb8f3969cbf6af794d14828afbbd325bed84b28f6fb6cfa887be2c8b28,full,high,0.2911161439,0.7088838561,high
tfidf_raw_prefix,2,63,f34b655729f9e067daf58741bbef87d6babc75e70cc02335a66a9a7f2a41110f,full,high,0.3964402462,0.6035597538,high
tfidf_raw_prefix,2,76,ef2a499f1eb631d0fe82020b23b6b033d935130d3181bd0d4fd2f4fcd23925a8,full,high,0.2686531234,0.7313468766,high
tfidf_raw_prefix,2,85,362ca8248798f8db4ad596d5ff5d5b21969fb1d0b5d6bc5479eb390815d04099,full,high,0.3233443453,0.6766556547,high
tfidf_raw_prefix,2,88,9bc4482343f7ed28b44b9319b09ff19b55a18cac47392ae5ffba13a1bbc7d262,full,high,0.3412417214,0.6587582786,high
tfidf_raw_prefix,2,92,f2052231c80a312cdf52e119479c078cd5bcaf12bb92c3ed0366740e77e1ee5f,full,low,0.5251202287,0.4748797713,low
tfidf_raw_prefix,2,107,987ebbea8e2f88d7ae24bb995fb1683cfcf43e60da1c73db60f86e9c6f759ec0,full,high,0.3886067441,0.6113932559,high
tfidf_raw_prefix,2,113,43e3f532b331904b4b75e22e482cffcf7410e15e086662ebc1b0f2d324f2c640,full,high,0.3135854405,0.6864145595,high
tfidf_raw_prefix,2,120,6138bfa37d6d45417e27c6225b1b5c3d451845f9afd2be1af047243d1934f16d,full,high,0.3494998085,0.6505001915,high
tfidf_raw_prefix,2,126,3d9bb96a31d14f722edff4380172cc0eda5a2e2aab8847223fead188adfe3bae,full,low,0.5140779309,0.4859220691,low
tfidf_raw_prefix,2,129,b43f9bef2ea9be7d5c83147f704d1ec9e88508b7c90558944b551a63d6646376,full,high,0.3196586252,0.6803413748,high
oracle_gold_codes,2,2,fdf67d2c42795b9d06e986a20b48e2b2bee751e8cdf4fd17e3571edec7df7c1a,full,high,0.08254901151,0.9174509885,high
oracle_gold_codes,2,4,191639dd25fcde7c7a679eb592d24f8b509b2039411c660a67c8a93f8157923d,full,high,0.4516591274,0.5483408726,high
oracle_gold_codes,2,10,4726c5a5ef83880ea58dc9be0d5526992a63d81a7158a7290accb6ea90e2f24e,full,low,0.9664522428,0.03354775717,low
oracle_gold_codes,2,13,33d5eab0e55967cc9ef6294d07c71894b7c8ccead9f3b75d9c24963ff08f8a5b,full,high,0.3046175897,0.6953824103,high
oracle_gold_codes,2,15,9a33ea59a66d49ff7cc5e5ae9beb979f48b38e35157bca2ebd07bf99649f623d,full,low,0.9631797907,0.03682020932,low
oracle_gold_codes,2,18,b34ee56525d88d8c5edbedc83cfaa246ebf13d655186bfb0a26192ae67847925,full,high,0.4467494811,0.5532505189,high
oracle_gold_codes,2,20,f9ba5bcb971128ab896d2b887228d6522719aa3c656b131cf236ce80da34d01d,full,high,0.07424649645,0.9257535036,high
oracle_gold_codes,2,25,ddb02d91bd18c3c662df1f33661d602d12020d6cf678bab7cb298f4055fca93b,full,high,0.02315891457,0.9768410854,high
oracle_gold_codes,2,28,487d0abed001c9f2a355dcc6490f2cf7f1354bf99dbe74fb40e1739122af3c2b,full,high,0.1222903032,0.8777096968,high
oracle_gold_codes,2,29,9459f1cceef9869f5ee5d550f4d0153a7cdf2e59b9bd8cc5f372969252fde2ca,full,high,0.5442728625,0.4557271375,low
oracle_gold_codes,2,34,4d0345fde865563ce1b8a378bb4f763097083ca5ab32f7ddf46c2f6159f1dec2,full,high,0.004273082465,0.9957269175,high
oracle_gold_codes,2,36,a89e21c5a35df9846708875b550aedadb0962eeaf4b3c7f3348dec0322cd9dde,full,high,0.4776033833,0.5223966167,high
oracle_gold_codes,2,38,f8b9c28f12c90d87138212f431c9300e394af58c1dc90d970ba183af36ca0387,full,high,0.00734284762,0.9926571524,high
oracle_gold_codes,2,49,b34ee56525d88d8c5edbedc83cfaa246ebf13d655186bfb0a26192ae67847925,full,high,0.5051549215,0.4948450785,low
oracle_gold_codes,2,51,27f7b9a233b232d09dc5463937c8150e848bebb9f9c3eac2cd6d18cd0a0a0663,full,high,0.2024312429,0.7975687571,high
oracle_gold_codes,2,54,cab87913f73e8349723b3aa09815de16104f7e933d850478367538de727d8d66,full,high,0.5721729629,0.4278270371,low
oracle_gold_codes,2,61,d18cd2cb8f3969cbf6af794d14828afbbd325bed84b28f6fb6cfa887be2c8b28,full,high,0.1282455415,0.8717544585,high
oracle_gold_codes,2,63,f34b655729f9e067daf58741bbef87d6babc75e70cc02335a66a9a7f2a41110f,full,high,0.0822204905,0.9177795095,high
oracle_gold_codes,2,76,ef2a499f1eb631d0fe82020b23b6b033d935130d3181bd0d4fd2f4fcd23925a8,full,high,0.01367616125,0.9863238388,high
oracle_gold_codes,2,85,362ca8248798f8db4ad596d5ff5d5b21969fb1d0b5d6bc5479eb390815d04099,full,high,0.2294307177,0.7705692823,high
oracle_gold_codes,2,88,9bc4482343f7ed28b44b9319b09ff19b55a18cac47392ae5ffba13a1bbc7d262,full,high,0.00794789439,0.9920521056,high
oracle_gold_codes,2,92,f2052231c80a312cdf52e119479c078cd5bcaf12bb92c3ed0366740e77e1ee5f,full,low,0.9544191885,0.04558081149,low
oracle_gold_codes,2,107,987ebbea8e2f88d7ae24bb995fb1683cfcf43e60da1c73db60f86e9c6f759ec0,full,high,0.792303606,0.207696394,low
oracle_gold_codes,2,113,43e3f532b331904b4b75e22e482cffcf7410e15e086662ebc1b0f2d324f2c640,full,high,0.02033317846,0.9796668215,high
oracle_gold_codes,2,120,6138bfa37d6d45417e27c6225b1b5c3d451845f9afd2be1af047243d1934f16d,full,high,0.7689472756,0.2310527244,low
oracle_gold_codes,2,126,3d9bb96a31d14f722edff4380172cc0eda5a2e2aab8847223fead188adfe3bae,full,low,0.002510498865,0.9974895011,high
oracle_gold_codes,2,129,b43f9bef2ea9be7d5c83147f704d1ec9e88508b7c90558944b551a63d6646376,full,high,0.1564252687,0.8435747313,high
class_prior,2,4,191639dd25fcde7c7a679eb592d24f8b509b2039411c660a67c8a93f8157923d,t20,high,0.0701754386,0.9298245614,high
class_prior,2,18,b34ee56525d88d8c5edbedc83cfaa246ebf13d655186bfb0a26192ae67847925,t20,high,0.0701754386,0.9298245614,high
class_prior,2,20,f9ba5bcb971128ab896d2b887228d6522719aa3c656b131cf236ce80da34d01d,t20,high,0.0701754386,0.9298245614,high
class_prior,2,28,487d0abed001c9f2a355dcc6490f2cf7f1354bf99dbe74fb40e1739122af3c2b,t20,high,0.0701754386,0.9298245614,high
class_prior,2,29,9459f1cceef9869f5ee5d550f4d0153a7cdf2e59b9bd8cc5f372969252fde2ca,t20,high,0.0701754386,0.9298245614,high
class_prior,2,34,4d0345fde865563ce1b8a378bb4f763097083ca5ab32f7ddf46c2f6159f1dec2,t20,high,0.0701754386,0.9298245614,high
class_prior,2,36,a89e21c5a35df9846708875b550aedadb0962eeaf4b3c7f3348dec0322cd9dde,t20,high,0.0701754386,0.9298245614,high
class_prior,2,38,f8b9c28f12c90d87138212f431c9300e394af58c1dc90d970ba183af36ca0387,t20,high,0.0701754386,0.9298245614,high
class_prior,2,49,b34ee56525d88d8c5edbedc83cfaa246ebf13d655186bfb0a26192ae67847925,t20,high,0.0701754386,0.9298245614,high
class_prior,2,54,cab87913f73e8349723b3aa09815de16104f7e933d850478367538de727d8d66,t20,high,0.0701754386,0.9298245614,high
class_prior,2,61,d18cd2cb8f3969cbf6af794d14828afbbd325bed84b28f6fb6cfa887be2c8b28,t20,high,0.0701754386,0.9298245614,high
class_prior,2,63,f34b655729f9e067daf58741bbef87d6babc75e70cc02335a66a9a7f2a41110f,t20,high,0.0701754386,0.9298245614,high
class_prior,2,76,ef2a499f1eb631d0fe82020b23b6b033d935130d3181bd0d4fd2f4fcd23925a8,t20,high,0.0701754386,0.9298245614,high
class_prior,2,85,362ca8248798f8db4ad596d5ff5d5b21969fb1d0b5d6bc5479eb390815d04099,t20,high,0.0701754386,0.9298245614,high
class_prior,2,88,9bc4482343f7ed28b44b9319b09ff19b55a18cac47392ae5ffba13a1bbc7d262,t20,high,0.0701754386,0.9298245614,high
class_prior,2,113,43e3f532b331904b4b75e22e482cffcf7410e15e086662ebc1b0f2d324f2c640,t20,high,0.0701754386,0.9298245614,high
class_prior,2,126,3d9bb96a31d14f722edff4380172cc0eda5a2e2aab8847223fead188adfe3bae,t20,low,0.0701754386,0.9298245614,high
structure_only,2,4,191639dd25fcde7c7a679eb592d24f8b509b2039411c660a67c8a93f8157923d,t20,high,0.7372536584,0.2627463416,low
structure_only,2,18,b34ee56525d88d8c5edbedc83cfaa246ebf13d655186bfb0a26192ae67847925,t20,high,0.5037540941,0.4962459059,low
structure_only,2,20,f9ba5bcb971128ab896d2b887228d6522719aa3c656b131cf236ce80da34d01d,t20,high,0.1999804037,0.8000195963,high
structure_only,2,28,487d0abed001c9f2a355dcc6490f2cf7f1354bf99dbe74fb40e1739122af3c2b,t20,high,0.5368909017,0.4631090983,low
structure_only,2,29,9459f1cceef9869f5ee5d550f4d0153a7cdf2e59b9bd8cc5f372969252fde2ca,t20,high,0.04092401092,0.9590759891,high
structure_only,2,34,4d0345fde865563ce1b8a378bb4f763097083ca5ab32f7ddf46c2f6159f1dec2,t20,high,0.1809280134,0.8190719866,high
structure_only,2,36,a89e21c5a35df9846708875b550aedadb0962eeaf4b3c7f3348dec0322cd9dde,t20,high,0.700262674,0.299737326,low
structure_only,2,38,f8b9c28f12c90d87138212f431c9300e394af58c1dc90d970ba183af36ca0387,t20,high,0.1301809469,0.8698190531,high
structure_only,2,49,b34ee56525d88d8c5edbedc83cfaa246ebf13d655186bfb0a26192ae67847925,t20,high,0.5629562856,0.4370437144,low
structure_only,2,54,cab87913f73e8349723b3aa09815de16104f7e933d850478367538de727d8d66,t20,high,0.5842356721,0.4157643279,low
structure_only,2,61,d18cd2cb8f3969cbf6af794d14828afbbd325bed84b28f6fb6cfa887be2c8b28,t20,high,0.7097865249,0.2902134751,low
structure_only,2,63,f34b655729f9e067daf58741bbef87d6babc75e70cc02335a66a9a7f2a41110f,t20,high,0.5334730358,0.4665269642,low
structure_only,2,76,ef2a499f1eb631d0fe82020b23b6b033d935130d3181bd0d4fd2f4fcd23925a8,t20,high,1.525768787e-05,0.9999847423,high
structure_only,2,85,362ca8248798f8db4ad596d5ff5d5b21969fb1d0b5d6bc5479eb390815d04099,t20,high,0.6746896051,0.3253103949,low
structure_only,2,88,9bc4482343f7ed28b44b9319b09ff19b55a18cac47392ae5ffba13a1bbc7d262,t20,high,0.1651687504,0.8348312496,high
structure_only,2,113,43e3f532b331904b4b75e22e482cffcf7410e15e086662ebc1b0f2d324f2c640,t20,high,0.1437036137,0.8562963863,high
structure_only,2,126,3d9bb96a31d14f722edff4380172cc0eda5a2e2aab8847223fead188adfe3bae,t20,low,0.1067011946,0.8932988054,high
tfidf_raw_prefix,2,4,191639dd25fcde7c7a679eb592d24f8b509b2039411c660a67c8a93f8157923d,t20,high,0.2679010758,0.7320989242,high
tfidf_raw_prefix,2,18,b34ee56525d88d8c5edbedc83cfaa246ebf13d655186bfb0a26192ae67847925,t20,high,0.2178929349,0.7821070651,high
tfidf_raw_prefix,2,20,f9ba5bcb971128ab896d2b887228d6522719aa3c656b131cf236ce80da34d01d,t20,high,0.2492362571,0.7507637429,high
tfidf_raw_prefix,2,28,487d0abed001c9f2a355dcc6490f2cf7f1354bf99dbe74fb40e1739122af3c2b,t20,high,0.2835276851,0.7164723149,high
tfidf_raw_prefix,2,29,9459f1cceef9869f5ee5d550f4d0153a7cdf2e59b9bd8cc5f372969252fde2ca,t20,high,0.26335597,0.73664403,high
tfidf_raw_prefix,2,34,4d0345fde865563ce1b8a378bb4f763097083ca5ab32f7ddf46c2f6159f1dec2,t20,high,0.22159247,0.77840753,high
tfidf_raw_prefix,2,36,a89e21c5a35df9846708875b550aedadb0962eeaf4b3c7f3348dec0322cd9dde,t20,high,0.2805462493,0.7194537507,high
tfidf_raw_prefix,2,38,f8b9c28f12c90d87138212f431c9300e394af58c1dc90d970ba183af36ca0387,t20,high,0.2191344409,0.7808655591,high
tfidf_raw_prefix,2,49,b34ee56525d88d8c5edbedc83cfaa246ebf13d655186bfb0a26192ae67847925,t20,high,0.2141837556,0.7858162444,high
tfidf_raw_prefix,2,54,cab87913f73e8349723b3aa09815de16104f7e933d850478367538de727d8d66,t20,high,0.2380762798,0.7619237202,high
tfidf_raw_prefix,2,61,d18cd2cb8f3969cbf6af794d14828afbbd325bed84b28f6fb6cfa887be2c8b28,t20,high,0.2576300406,0.7423699594,high
tfidf_raw_prefix,2,63,f34b655729f9e067daf58741bbef87d6babc75e70cc02335a66a9a7f2a41110f,t20,high,0.2713406263,0.7286593737,high
tfidf_raw_prefix,2,76,ef2a499f1eb631d0fe82020b23b6b033d935130d3181bd0d4fd2f4fcd23925a8,t20,high,0.2144394889,0.7855605111,high
tfidf_raw_prefix,2,85,362ca8248798f8db4ad596d5ff5d5b21969fb1d0b5d6bc5479eb390815d04099,t20,high,0.2519289927,0.7480710073,high
tfidf_raw_prefix,2,88,9bc4482343f7ed28b44b9319b09ff19b55a18cac47392ae5ffba13a1bbc7d262,t20,high,0.268001291,0.731998709,high
tfidf_raw_prefix,2,113,43e3f532b331904b4b75e22e482cffcf7410e15e086662ebc1b0f2d324f2c640,t20,high,0.2645070298,0.7354929702,high
tfidf_raw_prefix,2,126,3d9bb96a31d14f722edff4380172cc0eda5a2e2aab8847223fead188adfe3bae,t20,low,0.2920897188,0.7079102812,high
oracle_gold_codes,2,4,191639dd25fcde7c7a679eb592d24f8b509b2039411c660a67c8a93f8157923d,t20,high,0.5547603425,0.4452396575,low
oracle_gold_codes,2,18,b34ee56525d88d8c5edbedc83cfaa246ebf13d655186bfb0a26192ae67847925,t20,high,0.6447766074,0.3552233926,low
oracle_gold_codes,2,20,f9ba5bcb971128ab896d2b887228d6522719aa3c656b131cf236ce80da34d01d,t20,high,0.0171914923,0.9828085077,high
oracle_gold_codes,2,28,487d0abed001c9f2a355dcc6490f2cf7f1354bf99dbe74fb40e1739122af3c2b,t20,high,0.1506812866,0.8493187134,high
oracle_gold_codes,2,29,9459f1cceef9869f5ee5d550f4d0153a7cdf2e59b9bd8cc5f372969252fde2ca,t20,high,0.006020068131,0.9939799319,high
oracle_gold_codes,2,34,4d0345fde865563ce1b8a378bb4f763097083ca5ab32f7ddf46c2f6159f1dec2,t20,high,0.00471029849,0.9952897015,high
oracle_gold_codes,2,36,a89e21c5a35df9846708875b550aedadb0962eeaf4b3c7f3348dec0322cd9dde,t20,high,0.7433880257,0.2566119743,low
oracle_gold_codes,2,38,f8b9c28f12c90d87138212f431c9300e394af58c1dc90d970ba183af36ca0387,t20,high,0.01231974914,0.9876802509,high
oracle_gold_codes,2,49,b34ee56525d88d8c5edbedc83cfaa246ebf13d655186bfb0a26192ae67847925,t20,high,0.6094377354,0.3905622646,low
oracle_gold_codes,2,54,cab87913f73e8349723b3aa09815de16104f7e933d850478367538de727d8d66,t20,high,0.257405962,0.742594038,high
oracle_gold_codes,2,61,d18cd2cb8f3969cbf6af794d14828afbbd325bed84b28f6fb6cfa887be2c8b28,t20,high,0.5689007235,0.4310992765,low
oracle_gold_codes,2,63,f34b655729f9e067daf58741bbef87d6babc75e70cc02335a66a9a7f2a41110f,t20,high,0.5060680024,0.4939319976,low
oracle_gold_codes,2,76,ef2a499f1eb631d0fe82020b23b6b033d935130d3181bd0d4fd2f4fcd23925a8,t20,high,0.001909543518,0.9980904565,high
oracle_gold_codes,2,85,362ca8248798f8db4ad596d5ff5d5b21969fb1d0b5d6bc5479eb390815d04099,t20,high,0.5101861763,0.4898138237,low
oracle_gold_codes,2,88,9bc4482343f7ed28b44b9319b09ff19b55a18cac47392ae5ffba13a1bbc7d262,t20,high,0.2702565367,0.7297434633,high
oracle_gold_codes,2,113,43e3f532b331904b4b75e22e482cffcf7410e15e086662ebc1b0f2d324f2c640,t20,high,0.01013648793,0.9898635121,high
oracle_gold_codes,2,126,3d9bb96a31d14f722edff4380172cc0eda5a2e2aab8847223fead188adfe3bae,t20,low,0.1181950216,0.8818049784,high
class_prior,3,7,7fe3d6029ec1e666f41b728458a973e8e2e6924c09046427a23859dcc7b3d75a,t3,high,0.1947368421,0.8052631579,high
class_prior,3,16,9ae9ab57ccb2a6caf3db84ad0a088385a92d25754e445de6f502929913bf21cd,t3,high,0.1947368421,0.8052631579,high
class_prior,3,24,a4713e0a14bb0ef918e89ea267520b745394edf49df0b6e3b5925085b1fca54d,t3,high,0.1947368421,0.8052631579,high
class_prior,3,31,c06b9cd1fff25ad6609a4acc440947729eaae556a777669d2c7b83c20f9f8885,t3,high,0.1947368421,0.8052631579,high
class_prior,3,32,8def61f50369c2308d6acc3ec8575794a2970d0f6375eaa51ca8e7e37abccdfd,t3,low,0.1947368421,0.8052631579,high
class_prior,3,33,f76617e906c5e2b96661cf362ca553b76fbb23756e161cf3e0bc86585f03b1a8,t3,high,0.1947368421,0.8052631579,high
class_prior,3,35,9365283497184f82bb514f2ae669c6ec302a1cd4c49f1b9426e48aca0e39eedc,t3,high,0.1947368421,0.8052631579,high
class_prior,3,37,9ae9ab57ccb2a6caf3db84ad0a088385a92d25754e445de6f502929913bf21cd,t3,high,0.1947368421,0.8052631579,high
class_prior,3,42,c6f859e97a85d2be55de346ee03396c3284ef33ad2a850cbf47dcf6a86c54f6c,t3,high,0.1947368421,0.8052631579,high
class_prior,3,48,c6f859e97a85d2be55de346ee03396c3284ef33ad2a850cbf47dcf6a86c54f6c,t3,high,0.1947368421,0.8052631579,high
class_prior,3,52,5f94f96b5558bc44bec41fbfff63a95635edebf6436cf0d7b71bc93bc7e01771,t3,high,0.1947368421,0.8052631579,high
class_prior,3,56,994bc72760dcfe7fa4dcb4204fd49276c86f3b5d7563bd03968bb98375e50059,t3,high,0.1947368421,0.8052631579,high
class_prior,3,57,c7b0ae9d845b01af28904a49c113db9419434a3a9dc695cbcca773c7377fa099,t3,low,0.1947368421,0.8052631579,high
class_prior,3,60,1bde13dd287e1e51682c574ddf4bc7a1b95d777f9e1d189232f7bf3f72b39469,t3,high,0.1947368421,0.8052631579,high
class_prior,3,64,d6e67deba46d308b643a1107909d71a35621984b374efe6ed5b28181298c665a,t3,high,0.1947368421,0.8052631579,high
class_prior,3,72,8a19d0092e222e0168b0240040c7abec5af97377d5f1b3c74d02604cebab64d6,t3,low,0.1947368421,0.8052631579,high
class_prior,3,83,9ae9ab57ccb2a6caf3db84ad0a088385a92d25754e445de6f502929913bf21cd,t3,high,0.1947368421,0.8052631579,high
class_prior,3,86,1eedaddcb6cc7541fe6072dba97705385a99667255dae60b62dce68c593bc746,t3,high,0.1947368421,0.8052631579,high
class_prior,3,95,3196e70c78ec00c569890feff5903b9fd6de1c082f2dcc65de331a676356154b,t3,high,0.1947368421,0.8052631579,high
class_prior,3,99,ead3029c1627ceed0bb1941b02d180790ac40d9339381ab591d89b54e95afa5d,t3,high,0.1947368421,0.8052631579,high
class_prior,3,105,cbe435389c7fde7dbf7f3f0b08fa24b91bd68569ba4a59eda4fcca3b686eaf60,t3,high,0.1947368421,0.8052631579,high
class_prior,3,110,7664ea81b7e714b0d5433004c1fca3512bd7bdabfbe3dd63273d79180fe6d6fa,t3,high,0.1947368421,0.8052631579,high
class_prior,3,114,8def61f50369c2308d6acc3ec8575794a2970d0f6375eaa51ca8e7e37abccdfd,t3,high,0.1947368421,0.8052631579,high
class_prior,3,117,b2f1766eb28ea153bd66a13147bee8bb6a783a480a2a5415efd24621d784865e,t3,high,0.1947368421,0.8052631579,high
class_prior,3,125,274c2b3cb88d91281fac0ca18e5fa0decdb86ce5b51d6bb1e988f442e09ee829,t3,high,0.1947368421,0.8052631579,high
class_prior,3,128,6f2a5802d3ab371a696939846b2162129bfa30f9a0e371d8fe476564da770b8b,t3,high,0.1947368421,0.8052631579,high
class_prior,3,130,957962b55a53a08db5f378e511817642230cbd4d6d1cf4d43dd6a4b63131ccc1,t3,low,0.1947368421,0.8052631579,high
class_prior,3,133,0db9538e9215952f48324bd5b01c66c9eb8ea9adc87245da9db1df8c42a6ab8c,t3,high,0.1947368421,0.8052631579,high
structure_only,3,7,7fe3d6029ec1e666f41b728458a973e8e2e6924c09046427a23859dcc7b3d75a,t3,high,0.5669428626,0.4330571374,low
structure_only,3,16,9ae9ab57ccb2a6caf3db84ad0a088385a92d25754e445de6f502929913bf21cd,t3,high,0.5669428626,0.4330571374,low
structure_only,3,24,a4713e0a14bb0ef918e89ea267520b745394edf49df0b6e3b5925085b1fca54d,t3,high,0.5576001607,0.4423998393,low
structure_only,3,31,c06b9cd1fff25ad6609a4acc440947729eaae556a777669d2c7b83c20f9f8885,t3,high,0.5816361168,0.4183638832,low
structure_only,3,32,8def61f50369c2308d6acc3ec8575794a2970d0f6375eaa51ca8e7e37abccdfd,t3,low,0.6015054596,0.3984945404,low
structure_only,3,33,f76617e906c5e2b96661cf362ca553b76fbb23756e161cf3e0bc86585f03b1a8,t3,high,0.496170806,0.503829194,high
structure_only,3,35,9365283497184f82bb514f2ae669c6ec302a1cd4c49f1b9426e48aca0e39eedc,t3,high,0.4969616183,0.5030383817,high
structure_only,3,37,9ae9ab57ccb2a6caf3db84ad0a088385a92d25754e445de6f502929913bf21cd,t3,high,0.5119854306,0.4880145694,low
structure_only,3,42,c6f859e97a85d2be55de346ee03396c3284ef33ad2a850cbf47dcf6a86c54f6c,t3,high,0.07811739812,0.9218826019,high
structure_only,3,48,c6f859e97a85d2be55de346ee03396c3284ef33ad2a850cbf47dcf6a86c54f6c,t3,high,0.06446125612,0.9355387439,high
structure_only,3,52,5f94f96b5558bc44bec41fbfff63a95635edebf6436cf0d7b71bc93bc7e01771,t3,high,0.5536949125,0.4463050875,low
structure_only,3,56,994bc72760dcfe7fa4dcb4204fd49276c86f3b5d7563bd03968bb98375e50059,t3,high,0.5583803722,0.4416196278,low
structure_only,3,57,c7b0ae9d845b01af28904a49c113db9419434a3a9dc695cbcca773c7377fa099,t3,low,0.5198857301,0.4801142699,low
structure_only,3,60,1bde13dd287e1e51682c574ddf4bc7a1b95d777f9e1d189232f7bf3f72b39469,t3,high,0.06734721122,0.9326527888,high
structure_only,3,64,d6e67deba46d308b643a1107909d71a35621984b374efe6ed5b28181298c665a,t3,high,0.485103244,0.514896756,high
structure_only,3,72,8a19d0092e222e0168b0240040c7abec5af97377d5f1b3c74d02604cebab64d6,t3,low,0.7158996499,0.2841003501,low
structure_only,3,83,9ae9ab57ccb2a6caf3db84ad0a088385a92d25754e445de6f502929913bf21cd,t3,high,0.4969616183,0.5030383817,high
structure_only,3,86,1eedaddcb6cc7541fe6072dba97705385a99667255dae60b62dce68c593bc746,t3,high,0.06429512933,0.9357048707,high
structure_only,3,95,3196e70c78ec00c569890feff5903b9fd6de1c082f2dcc65de331a676356154b,t3,high,0.5513485467,0.4486514533,low
structure_only,3,99,ead3029c1627ceed0bb1941b02d180790ac40d9339381ab591d89b54e95afa5d,t3,high,0.5529130511,0.4470869489,low
structure_only,3,105,cbe435389c7fde7dbf7f3f0b08fa24b91bd68569ba4a59eda4fcca3b686eaf60,t3,high,0.4945892427,0.5054107573,high
structure_only,3,110,7664ea81b7e714b0d5433004c1fca3512bd7bdabfbe3dd63273d79180fe6d6fa,t3,high,0.5348656946,0.4651343054,low
structure_only,3,114,8def61f50369c2308d6acc3ec8575794a2970d0f6375eaa51ca8e7e37abccdfd,t3,high,0.6853990298,0.3146009702,low
structure_only,3,117,b2f1766eb28ea153bd66a13147bee8bb6a783a480a2a5415efd24621d784865e,t3,high,0.5395844561,0.4604155439,low
structure_only,3,125,274c2b3cb88d91281fac0ca18e5fa0decdb86ce5b51d6bb1e988f442e09ee829,t3,high,0.07217801618,0.9278219838,high
structure_only,3,128,6f2a5802d3ab371a696939846b2162129bfa30f9a0e371d8fe476564da770b8b,t3,high,0.07752361259,0.9224763874,high
structure_only,3,130,957962b55a53a08db5f378e511817642230cbd4d6d1cf4d43dd6a4b63131ccc1,t3,low,0.1404217805,0.8595782195,high
structure_only,3,133,0db9538e9215952f48324bd5b01c66c9eb8ea9adc87245da9db1df8c42a6ab8c,t3,high,0.5614982997,0.4385017003,low
tfidf_raw_prefix,3,7,7fe3d6029ec1e666f41b728458a973e8e2e6924c09046427a23859dcc7b3d75a,t3,high,0.3740514532,0.6259485468,high
tfidf_raw_prefix,3,16,9ae9ab57ccb2a6caf3db84ad0a088385a92d25754e445de6f502929913bf21cd,t3,high,0.4380017302,0.5619982698,high
tfidf_raw_prefix,3,24,a4713e0a14bb0ef918e89ea267520b745394edf49df0b6e3b5925085b1fca54d,t3,high,0.5502610946,0.4497389054,low
tfidf_raw_prefix,3,31,c06b9cd1fff25ad6609a4acc440947729eaae556a777669d2c7b83c20f9f8885,t3,high,0.41803105,0.58196895,high
tfidf_raw_prefix,3,32,8def61f50369c2308d6acc3ec8575794a2970d0f6375eaa51ca8e7e37abccdfd,t3,low,0.4715778497,0.5284221503,high
tfidf_raw_prefix,3,33,f76617e906c5e2b96661cf362ca553b76fbb23756e161cf3e0bc86585f03b1a8,t3,high,0.4526086195,0.5473913805,high
tfidf_raw_prefix,3,35,9365283497184f82bb514f2ae669c6ec302a1cd4c49f1b9426e48aca0e39eedc,t3,high,0.2851962403,0.7148037597,high
tfidf_raw_prefix,3,37,9ae9ab57ccb2a6caf3db84ad0a088385a92d25754e445de6f502929913bf21cd,t3,high,0.3102980625,0.6897019375,high
tfidf_raw_prefix,3,42,c6f859e97a85d2be55de346ee03396c3284ef33ad2a850cbf47dcf6a86c54f6c,t3,high,0.332335704,0.667664296,high
tfidf_raw_prefix,3,48,c6f859e97a85d2be55de346ee03396c3284ef33ad2a850cbf47dcf6a86c54f6c,t3,high,0.4247912924,0.5752087076,high
tfidf_raw_prefix,3,52,5f94f96b5558bc44bec41fbfff63a95635edebf6436cf0d7b71bc93bc7e01771,t3,high,0.3775141596,0.6224858404,high
tfidf_raw_prefix,3,56,994bc72760dcfe7fa4dcb4204fd49276c86f3b5d7563bd03968bb98375e50059,t3,high,0.3690444812,0.6309555188,high
tfidf_raw_prefix,3,57,c7b0ae9d845b01af28904a49c113db9419434a3a9dc695cbcca773c7377fa099,t3,low,0.3466120829,0.6533879171,high
tfidf_raw_prefix,3,60,1bde13dd287e1e51682c574ddf4bc7a1b95d777f9e1d189232f7bf3f72b39469,t3,high,0.4658103501,0.5341896499,high
tfidf_raw_prefix,3,64,d6e67deba46d308b643a1107909d71a35621984b374efe6ed5b28181298c665a,t3,high,0.288647744,0.711352256,high
tfidf_raw_prefix,3,72,8a19d0092e222e0168b0240040c7abec5af97377d5f1b3c74d02604cebab64d6,t3,low,0.3994280008,0.6005719992,high
tfidf_raw_prefix,3,83,9ae9ab57ccb2a6caf3db84ad0a088385a92d25754e445de6f502929913bf21cd,t3,high,0.4462073941,0.5537926059,high
tfidf_raw_prefix,3,86,1eedaddcb6cc7541fe6072dba97705385a99667255dae60b62dce68c593bc746,t3,high,0.2828367293,0.7171632707,high
tfidf_raw_prefix,3,95,3196e70c78ec00c569890feff5903b9fd6de1c082f2dcc65de331a676356154b,t3,high,0.3851922424,0.6148077576,high
tfidf_raw_prefix,3,99,ead3029c1627ceed0bb1941b02d180790ac40d9339381ab591d89b54e95afa5d,t3,high,0.2777546689,0.7222453311,high
tfidf_raw_prefix,3,105,cbe435389c7fde7dbf7f3f0b08fa24b91bd68569ba4a59eda4fcca3b686eaf60,t3,high,0.3113202997,0.6886797003,high
tfidf_raw_prefix,3,110,7664ea81b7e714b0d5433004c1fca3512bd7bdabfbe3dd63273d79180fe6d6fa,t3,high,0.3464648184,0.6535351816,high
tfidf_raw_prefix,3,114,8def61f50369c2308d6acc3ec8575794a2970d0f6375eaa51ca8e7e37abccdfd,t3,high,0.3511502811,0.6488497189,high
tfidf_raw_prefix,3,117,b2f1766eb28ea153bd66a13147bee8bb6a783a480a2a5415efd24621d784865e,t3,high,0.4209847737,0.5790152263,high
tfidf_raw_prefix,3,125,274c2b3cb88d91281fac0ca18e5fa0decdb86ce5b51d6bb1e988f442e09ee829,t3,high,0.2784677547,0.7215322453,high
tfidf_raw_prefix,3,128,6f2a5802d3ab371a696939846b2162129bfa30f9a0e371d8fe476564da770b8b,t3,high,0.4394078288,0.5605921712,high
tfidf_raw_prefix,3,130,957962b55a53a08db5f378e511817642230cbd4d6d1cf4d43dd6a4b63131ccc1,t3,low,0.5274792163,0.4725207837,low
tfidf_raw_prefix,3,133,0db9538e9215952f48324bd5b01c66c9eb8ea9adc87245da9db1df8c42a6ab8c,t3,high,0.3838016657,0.6161983343,high
oracle_gold_codes,3,7,7fe3d6029ec1e666f41b728458a973e8e2e6924c09046427a23859dcc7b3d75a,t3,high,0.3437518761,0.6562481239,high
oracle_gold_codes,3,16,9ae9ab57ccb2a6caf3db84ad0a088385a92d25754e445de6f502929913bf21cd,t3,high,0.7206945853,0.2793054147,low
oracle_gold_codes,3,24,a4713e0a14bb0ef918e89ea267520b745394edf49df0b6e3b5925085b1fca54d,t3,high,0.2024674363,0.7975325637,high
oracle_gold_codes,3,31,c06b9cd1fff25ad6609a4acc440947729eaae556a777669d2c7b83c20f9f8885,t3,high,0.7874740032,0.2125259968,low
oracle_gold_codes,3,32,8def61f50369c2308d6acc3ec8575794a2970d0f6375eaa51ca8e7e37abccdfd,t3,low,0.7022817796,0.2977182204,low
oracle_gold_codes,3,33,f76617e906c5e2b96661cf362ca553b76fbb23756e161cf3e0bc86585f03b1a8,t3,high,0.6797366601,0.3202633399,low
oracle_gold_codes,3,35,9365283497184f82bb514f2ae669c6ec302a1cd4c49f1b9426e48aca0e39eedc,t3,high,0.6075405319,0.3924594681,low
oracle_gold_codes,3,37,9ae9ab57ccb2a6caf3db84ad0a088385a92d25754e445de6f502929913bf21cd,t3,high,0.5393209687,0.4606790313,low
oracle_gold_codes,3,42,c6f859e97a85d2be55de346ee03396c3284ef33ad2a850cbf47dcf6a86c54f6c,t3,high,0.01311531748,0.9868846825,high
oracle_gold_codes,3,48,c6f859e97a85d2be55de346ee03396c3284ef33ad2a850cbf47dcf6a86c54f6c,t3,high,0.05010098011,0.9498990199,high
oracle_gold_codes,3,52,5f94f96b5558bc44bec41fbfff63a95635edebf6436cf0d7b71bc93bc7e01771,t3,high,0.1382443525,0.8617556475,high
oracle_gold_codes,3,56,994bc72760dcfe7fa4dcb4204fd49276c86f3b5d7563bd03968bb98375e50059,t3,high,0.5709358986,0.4290641014,low
oracle_gold_codes,3,57,c7b0ae9d845b01af28904a49c113db9419434a3a9dc695cbcca773c7377fa099,t3,low,0.343791159,0.656208841,high
oracle_gold_codes,3,60,1bde13dd287e1e51682c574ddf4bc7a1b95d777f9e1d189232f7bf3f72b39469,t3,high,0.014393916,0.985606084,high
oracle_gold_codes,3,64,d6e67deba46d308b643a1107909d71a35621984b374efe6ed5b28181298c665a,t3,high,0.4417813955,0.5582186045,high
oracle_gold_codes,3,72,8a19d0092e222e0168b0240040c7abec5af97377d5f1b3c74d02604cebab64d6,t3,low,0.7093164181,0.2906835819,low
oracle_gold_codes,3,83,9ae9ab57ccb2a6caf3db84ad0a088385a92d25754e445de6f502929913bf21cd,t3,high,0.4498250681,0.5501749319,high
oracle_gold_codes,3,86,1eedaddcb6cc7541fe6072dba97705385a99667255dae60b62dce68c593bc746,t3,high,0.007695216215,0.9923047838,high
oracle_gold_codes,3,95,3196e70c78ec00c569890feff5903b9fd6de1c082f2dcc65de331a676356154b,t3,high,0.08750608059,0.9124939194,high
oracle_gold_codes,3,99,ead3029c1627ceed0bb1941b02d180790ac40d9339381ab591d89b54e95afa5d,t3,high,0.4090384908,0.5909615092,high
oracle_gold_codes,3,105,cbe435389c7fde7dbf7f3f0b08fa24b91bd68569ba4a59eda4fcca3b686eaf60,t3,high,0.786101766,0.213898234,low
oracle_gold_codes,3,110,7664ea81b7e714b0d5433004c1fca3512bd7bdabfbe3dd63273d79180fe6d6fa,t3,high,0.3239647316,0.6760352684,high
oracle_gold_codes,3,114,8def61f50369c2308d6acc3ec8575794a2970d0f6375eaa51ca8e7e37abccdfd,t3,high,0.4583932092,0.5416067908,high
oracle_gold_codes,3,117,b2f1766eb28ea153bd66a13147bee8bb6a783a480a2a5415efd24621d784865e,t3,high,0.5476111799,0.4523888201,low
oracle_gold_codes,3,125,274c2b3cb88d91281fac0ca18e5fa0decdb86ce5b51d6bb1e988f442e09ee829,t3,high,0.008361688191,0.9916383118,high
oracle_gold_codes,3,128,6f2a5802d3ab371a696939846b2162129bfa30f9a0e371d8fe476564da770b8b,t3,high,0.177338412,0.822661588,high
oracle_gold_codes,3,130,957962b55a53a08db5f378e511817642230cbd4d6d1cf4d43dd6a4b63131ccc1,t3,low,0.3174684889,0.6825315111,high
oracle_gold_codes,3,133,0db9538e9215952f48324bd5b01c66c9eb8ea9adc87245da9db1df8c42a6ab8c,t3,high,0.6484195781,0.3515804219,low
class_prior,3,7,7fe3d6029ec1e666f41b728458a973e8e2e6924c09046427a23859dcc7b3d75a,t5,high,0.1808510638,0.8191489362,high
class_prior,3,16,9ae9ab57ccb2a6caf3db84ad0a088385a92d25754e445de6f502929913bf21cd,t5,high,0.1808510638,0.8191489362,high
class_prior,3,24,a4713e0a14bb0ef918e89ea267520b745394edf49df0b6e3b5925085b1fca54d,t5,high,0.1808510638,0.8191489362,high
class_prior,3,31,c06b9cd1fff25ad6609a4acc440947729eaae556a777669d2c7b83c20f9f8885,t5,high,0.1808510638,0.8191489362,high
class_prior,3,32,8def61f50369c2308d6acc3ec8575794a2970d0f6375eaa51ca8e7e37abccdfd,t5,low,0.1808510638,0.8191489362,high
class_prior,3,33,f76617e906c5e2b96661cf362ca553b76fbb23756e161cf3e0bc86585f03b1a8,t5,high,0.1808510638,0.8191489362,high
class_prior,3,35,9365283497184f82bb514f2ae669c6ec302a1cd4c49f1b9426e48aca0e39eedc,t5,high,0.1808510638,0.8191489362,high
class_prior,3,37,9ae9ab57ccb2a6caf3db84ad0a088385a92d25754e445de6f502929913bf21cd,t5,high,0.1808510638,0.8191489362,high
class_prior,3,42,c6f859e97a85d2be55de346ee03396c3284ef33ad2a850cbf47dcf6a86c54f6c,t5,high,0.1808510638,0.8191489362,high
class_prior,3,48,c6f859e97a85d2be55de346ee03396c3284ef33ad2a850cbf47dcf6a86c54f6c,t5,high,0.1808510638,0.8191489362,high
class_prior,3,52,5f94f96b5558bc44bec41fbfff63a95635edebf6436cf0d7b71bc93bc7e01771,t5,high,0.1808510638,0.8191489362,high
class_prior,3,56,994bc72760dcfe7fa4dcb4204fd49276c86f3b5d7563bd03968bb98375e50059,t5,high,0.1808510638,0.8191489362,high
class_prior,3,57,c7b0ae9d845b01af28904a49c113db9419434a3a9dc695cbcca773c7377fa099,t5,low,0.1808510638,0.8191489362,high
class_prior,3,60,1bde13dd287e1e51682c574ddf4bc7a1b95d777f9e1d189232f7bf3f72b39469,t5,high,0.1808510638,0.8191489362,high
class_prior,3,64,d6e67deba46d308b643a1107909d71a35621984b374efe6ed5b28181298c665a,t5,high,0.1808510638,0.8191489362,high
class_prior,3,72,8a19d0092e222e0168b0240040c7abec5af97377d5f1b3c74d02604cebab64d6,t5,low,0.1808510638,0.8191489362,high
class_prior,3,83,9ae9ab57ccb2a6caf3db84ad0a088385a92d25754e445de6f502929913bf21cd,t5,high,0.1808510638,0.8191489362,high
class_prior,3,86,1eedaddcb6cc7541fe6072dba97705385a99667255dae60b62dce68c593bc746,t5,high,0.1808510638,0.8191489362,high
class_prior,3,95,3196e70c78ec00c569890feff5903b9fd6de1c082f2dcc65de331a676356154b,t5,high,0.1808510638,0.8191489362,high
class_prior,3,99,ead3029c1627ceed0bb1941b02d180790ac40d9339381ab591d89b54e95afa5d,t5,high,0.1808510638,0.8191489362,high
class_prior,3,105,cbe435389c7fde7dbf7f3f0b08fa24b91bd68569ba4a59eda4fcca3b686eaf60,t5,high,0.1808510638,0.8191489362,high
class_prior,3,110,7664ea81b7e714b0d5433004c1fca3512bd7bdabfbe3dd63273d79180fe6d6fa,t5,high,0.1808510638,0.8191489362,high
class_prior,3,114,8def61f50369c2308d6acc3ec8575794a2970d0f6375eaa51ca8e7e37abccdfd,t5,high,0.1808510638,0.8191489362,high
class_prior,3,117,b2f1766eb28ea153bd66a13147bee8bb6a783a480a2a5415efd24621d784865e,t5,high,0.1808510638,0.8191489362,high
class_prior,3,128,6f2a5802d3ab371a696939846b2162129bfa30f9a0e371d8fe476564da770b8b,t5,high,0.1808510638,0.8191489362,high
class_prior,3,130,957962b55a53a08db5f378e511817642230cbd4d6d1cf4d43dd6a4b63131ccc1,t5,low,0.1808510638,0.8191489362,high
class_prior,3,133,0db9538e9215952f48324bd5b01c66c9eb8ea9adc87245da9db1df8c42a6ab8c,t5,high,0.1808510638,0.8191489362,high
structure_only,3,7,7fe3d6029ec1e666f41b728458a973e8e2e6924c09046427a23859dcc7b3d75a,t5,high,0.5660058387,0.4339941613,low
structure_only,3,16,9ae9ab57ccb2a6caf3db84ad0a088385a92d25754e445de6f502929913bf21cd,t5,high,0.5210477698,0.4789522302,low
structure_only,3,24,a4713e0a14bb0ef918e89ea267520b745394edf49df0b6e3b5925085b1fca54d,t5,high,0.5753044004,0.4246955996,low
structure_only,3,31,c06b9cd1fff25ad6609a4acc440947729eaae556a777669d2c7b83c20f9f8885,t5,high,0.6568579726,0.3431420274,low
structure_only,3,32,8def61f50369c2308d6acc3ec8575794a2970d0f6375eaa51ca8e7e37abccdfd,t5,low,0.6811292559,0.3188707441,low
structure_only,3,33,f76617e906c5e2b96661cf362ca553b76fbb23756e161cf3e0bc86585f03b1a8,t5,high,0.4072330204,0.5927669796,high
structure_only,3,35,9365283497184f82bb514f2ae669c6ec302a1cd4c49f1b9426e48aca0e39eedc,t5,high,0.5814743833,0.4185256167,low
structure_only,3,37,9ae9ab57ccb2a6caf3db84ad0a088385a92d25754e445de6f502929913bf21cd,t5,high,0.4662899923,0.5337100077,high
structure_only,3,42,c6f859e97a85d2be55de346ee03396c3284ef33ad2a850cbf47dcf6a86c54f6c,t5,high,0.1182571726,0.8817428274,high
structure_only,3,48,c6f859e97a85d2be55de346ee03396c3284ef33ad2a850cbf47dcf6a86c54f6c,t5,high,0.0777267553,0.9222732447,high
structure_only,3,52,5f94f96b5558bc44bec41fbfff63a95635edebf6436cf0d7b71bc93bc7e01771,t5,high,0.5294601206,0.4705398794,low
structure_only,3,56,994bc72760dcfe7fa4dcb4204fd49276c86f3b5d7563bd03968bb98375e50059,t5,high,0.5783924514,0.4216075486,low
structure_only,3,57,c7b0ae9d845b01af28904a49c113db9419434a3a9dc695cbcca773c7377fa099,t5,low,0.55561961,0.44438039,low
structure_only,3,60,1bde13dd287e1e51682c574ddf4bc7a1b95d777f9e1d189232f7bf3f72b39469,t5,high,0.07686235786,0.9231376421,high
structure_only,3,64,d6e67deba46d308b643a1107909d71a35621984b374efe6ed5b28181298c665a,t5,high,0.3890463939,0.6109536061,high
structure_only,3,72,8a19d0092e222e0168b0240040c7abec5af97377d5f1b3c74d02604cebab64d6,t5,low,0.7597209795,0.2402790205,low
structure_only,3,83,9ae9ab57ccb2a6caf3db84ad0a088385a92d25754e445de6f502929913bf21cd,t5,high,0.4072330204,0.5927669796,high
structure_only,3,86,1eedaddcb6cc7541fe6072dba97705385a99667255dae60b62dce68c593bc746,t5,high,0.07158969581,0.9284103042,high
structure_only,3,95,3196e70c78ec00c569890feff5903b9fd6de1c082f2dcc65de331a676356154b,t5,high,0.5451845523,0.4548154477,low
structure_only,3,99,ead3029c1627ceed0bb1941b02d180790ac40d9339381ab591d89b54e95afa5d,t5,high,0.5670414347,0.4329585653,low
structure_only,3,105,cbe435389c7fde7dbf7f3f0b08fa24b91bd68569ba4a59eda4fcca3b686eaf60,t5,high,0.4256774655,0.5743225345,high
structure_only,3,110,7664ea81b7e714b0d5433004c1fca3512bd7bdabfbe3dd63273d79180fe6d6fa,t5,high,0.5126234649,0.4873765351,low
structure_only,3,114,8def61f50369c2308d6acc3ec8575794a2970d0f6375eaa51ca8e7e37abccdfd,t5,high,0.755071885,0.244928115,low
structure_only,3,117,b2f1766eb28ea153bd66a13147bee8bb6a783a480a2a5415efd24621d784865e,t5,high,0.5199952877,0.4800047123,low
structure_only,3,128,6f2a5802d3ab371a696939846b2162129bfa30f9a0e371d8fe476564da770b8b,t5,high,0.1584673305,0.8415326695,high
structure_only,3,130,957962b55a53a08db5f378e511817642230cbd4d6d1cf4d43dd6a4b63131ccc1,t5,low,0.3462805161,0.6537194839,high
structure_only,3,133,0db9538e9215952f48324bd5b01c66c9eb8ea9adc87245da9db1df8c42a6ab8c,t5,high,0.5336603277,0.4663396723,low
tfidf_raw_prefix,3,7,7fe3d6029ec1e666f41b728458a973e8e2e6924c09046427a23859dcc7b3d75a,t5,high,0.4155088813,0.5844911187,high
tfidf_raw_prefix,3,16,9ae9ab57ccb2a6caf3db84ad0a088385a92d25754e445de6f502929913bf21cd,t5,high,0.3957803005,0.6042196995,high
tfidf_raw_prefix,3,24,a4713e0a14bb0ef918e89ea267520b745394edf49df0b6e3b5925085b1fca54d,t5,high,0.4142795051,0.5857204949,high
tfidf_raw_prefix,3,31,c06b9cd1fff25ad6609a4acc440947729eaae556a777669d2c7b83c20f9f8885,t5,high,0.3935142103,0.6064857897,high
tfidf_raw_prefix,3,32,8def61f50369c2308d6acc3ec8575794a2970d0f6375eaa51ca8e7e37abccdfd,t5,low,0.4964647561,0.5035352439,high
tfidf_raw_prefix,3,33,f76617e906c5e2b96661cf362ca553b76fbb23756e161cf3e0bc86585f03b1a8,t5,high,0.4140465897,0.5859534103,high
tfidf_raw_prefix,3,35,9365283497184f82bb514f2ae669c6ec302a1cd4c49f1b9426e48aca0e39eedc,t5,high,0.3182675214,0.6817324786,high
tfidf_raw_prefix,3,37,9ae9ab57ccb2a6caf3db84ad0a088385a92d25754e445de6f502929913bf21cd,t5,high,0.2839571903,0.7160428097,high
tfidf_raw_prefix,3,42,c6f859e97a85d2be55de346ee03396c3284ef33ad2a850cbf47dcf6a86c54f6c,t5,high,0.3847604155,0.6152395845,high
tfidf_raw_prefix,3,48,c6f859e97a85d2be55de346ee03396c3284ef33ad2a850cbf47dcf6a86c54f6c,t5,high,0.345460487,0.654539513,high
tfidf_raw_prefix,3,52,5f94f96b5558bc44bec41fbfff63a95635edebf6436cf0d7b71bc93bc7e01771,t5,high,0.3572770258,0.6427229742,high
tfidf_raw_prefix,3,56,994bc72760dcfe7fa4dcb4204fd49276c86f3b5d7563bd03968bb98375e50059,t5,high,0.361936769,0.638063231,high
tfidf_raw_prefix,3,57,c7b0ae9d845b01af28904a49c113db9419434a3a9dc695cbcca773c7377fa099,t5,low,0.4853250415,0.5146749585,high
tfidf_raw_prefix,3,60,1bde13dd287e1e51682c574ddf4bc7a1b95d777f9e1d189232f7bf3f72b39469,t5,high,0.457937275,0.542062725,high
tfidf_raw_prefix,3,64,d6e67deba46d308b643a1107909d71a35621984b374efe6ed5b28181298c665a,t5,high,0.2847209578,0.7152790422,high
tfidf_raw_prefix,3,72,8a19d0092e222e0168b0240040c7abec5af97377d5f1b3c74d02604cebab64d6,t5,low,0.4625396152,0.5374603848,high
tfidf_raw_prefix,3,83,9ae9ab57ccb2a6caf3db84ad0a088385a92d25754e445de6f502929913bf21cd,t5,high,0.3168253072,0.6831746928,high
tfidf_raw_prefix,3,86,1eedaddcb6cc7541fe6072dba97705385a99667255dae60b62dce68c593bc746,t5,high,0.3113749359,0.6886250641,high
tfidf_raw_prefix,3,95,3196e70c78ec00c569890feff5903b9fd6de1c082f2dcc65de331a676356154b,t5,high,0.3393496279,0.6606503721,high
tfidf_raw_prefix,3,99,ead3029c1627ceed0bb1941b02d180790ac40d9339381ab591d89b54e95afa5d,t5,high,0.335595831,0.664404169,high
tfidf_raw_prefix,3,105,cbe435389c7fde7dbf7f3f0b08fa24b91bd68569ba4a59eda4fcca3b686eaf60,t5,high,0.2753237278,0.7246762722,high
tfidf_raw_prefix,3,110,7664ea81b7e714b0d5433004c1fca3512bd7bdabfbe3dd63273d79180fe6d6fa,t5,high,0.3114226134,0.6885773866,high
tfidf_raw_prefix,3,114,8def61f50369c2308d6acc3ec8575794a2970d0f6375eaa51ca8e7e37abccdfd,t5,high,0.3777689948,0.6222310052,high
tfidf_raw_prefix,3,117,b2f1766eb28ea153bd66a13147bee8bb6a783a480a2a5415efd24621d784865e,t5,high,0.3712364542,0.6287635458,high
tfidf_raw_prefix,3,128,6f2a5802d3ab371a696939846b2162129bfa30f9a0e371d8fe476564da770b8b,t5,high,0.4787570848,0.5212429152,high
tfidf_raw_prefix,3,130,957962b55a53a08db5f378e511817642230cbd4d6d1cf4d43dd6a4b63131ccc1,t5,low,0.5028528104,0.4971471896,low
tfidf_raw_prefix,3,133,0db9538e9215952f48324bd5b01c66c9eb8ea9adc87245da9db1df8c42a6ab8c,t5,high,0.3265501636,0.6734498364,high
oracle_gold_codes,3,7,7fe3d6029ec1e666f41b728458a973e8e2e6924c09046427a23859dcc7b3d75a,t5,high,0.1635518715,0.8364481285,high
oracle_gold_codes,3,16,9ae9ab57ccb2a6caf3db84ad0a088385a92d25754e445de6f502929913bf21cd,t5,high,0.7208846744,0.2791153256,low
oracle_gold_codes,3,24,a4713e0a14bb0ef918e89ea267520b745394edf49df0b6e3b5925085b1fca54d,t5,high,0.1224983546,0.8775016454,high
oracle_gold_codes,3,31,c06b9cd1fff25ad6609a4acc440947729eaae556a777669d2c7b83c20f9f8885,t5,high,0.3544312708,0.6455687292,high
oracle_gold_codes,3,32,8def61f50369c2308d6acc3ec8575794a2970d0f6375eaa51ca8e7e37abccdfd,t5,low,0.911524848,0.08847515203,low
oracle_gold_codes,3,33,f76617e906c5e2b96661cf362ca553b76fbb23756e161cf3e0bc86585f03b1a8,t5,high,0.5896422316,0.4103577684,low
oracle_gold_codes,3,35,9365283497184f82bb514f2ae669c6ec302a1cd4c49f1b9426e48aca0e39eedc,t5,high,0.3032455094,0.6967544906,high
oracle_gold_codes,3,37,9ae9ab57ccb2a6caf3db84ad0a088385a92d25754e445de6f502929913bf21cd,t5,high,0.6297207022,0.3702792978,low
oracle_gold_codes,3,42,c6f859e97a85d2be55de346ee03396c3284ef33ad2a850cbf47dcf6a86c54f6c,t5,high,0.002120242548,0.9978797575,high
oracle_gold_codes,3,48,c6f859e97a85d2be55de346ee03396c3284ef33ad2a850cbf47dcf6a86c54f6c,t5,high,0.3267975063,0.6732024937,high
oracle_gold_codes,3,52,5f94f96b5558bc44bec41fbfff63a95635edebf6436cf0d7b71bc93bc7e01771,t5,high,0.03903740881,0.9609625912,high
oracle_gold_codes,3,56,994bc72760dcfe7fa4dcb4204fd49276c86f3b5d7563bd03968bb98375e50059,t5,high,0.4211799753,0.5788200247,high
oracle_gold_codes,3,57,c7b0ae9d845b01af28904a49c113db9419434a3a9dc695cbcca773c7377fa099,t5,low,0.7506534783,0.2493465217,low
oracle_gold_codes,3,60,1bde13dd287e1e51682c574ddf4bc7a1b95d777f9e1d189232f7bf3f72b39469,t5,high,0.008905635557,0.9910943644,high
oracle_gold_codes,3,64,d6e67deba46d308b643a1107909d71a35621984b374efe6ed5b28181298c665a,t5,high,0.5279147586,0.4720852414,low
oracle_gold_codes,3,72,8a19d0092e222e0168b0240040c7abec5af97377d5f1b3c74d02604cebab64d6,t5,low,0.9669000812,0.03309991879,low
oracle_gold_codes,3,83,9ae9ab57ccb2a6caf3db84ad0a088385a92d25754e445de6f502929913bf21cd,t5,high,0.5196020961,0.4803979039,low
oracle_gold_codes,3,86,1eedaddcb6cc7541fe6072dba97705385a99667255dae60b62dce68c593bc746,t5,high,0.0008319754873,0.9991680245,high
oracle_gold_codes,3,95,3196e70c78ec00c569890feff5903b9fd6de1c082f2dcc65de331a676356154b,t5,high,0.00936292382,0.9906370762,high
oracle_gold_codes,3,99,ead3029c1627ceed0bb1941b02d180790ac40d9339381ab591d89b54e95afa5d,t5,high,0.4430977905,0.5569022095,high
oracle_gold_codes,3,105,cbe435389c7fde7dbf7f3f0b08fa24b91bd68569ba4a59eda4fcca3b686eaf60,t5,high,0.6607267085,0.3392732915,low
oracle_gold_codes,3,110,7664ea81b7e714b0d5433004c1fca3512bd7bdabfbe3dd63273d79180fe6d6fa,t5,high,0.3730276791,0.6269723209,high
oracle_gold_codes,3,114,8def61f50369c2308d6acc3ec8575794a2970d0f6375eaa51ca8e7e37abccdfd,t5,high,0.6376960085,0.3623039915,low
oracle_gold_codes,3,117,b2f1766eb28ea153bd66a13147bee8bb6a783a480a2a5415efd24621d784865e,t5,high,0.3882721405,0.6117278595,high
oracle_gold_codes,3,128,6f2a5802d3ab371a696939846b2162129bfa30f9a0e371d8fe476564da770b8b,t5,high,0.5447395751,0.4552604249,low
oracle_gold_codes,3,130,957962b55a53a08db5f378e511817642230cbd4d6d1cf4d43dd6a4b63131ccc1,t5,low,0.8979908529,0.1020091471,low
oracle_gold_codes,3,133,0db9538e9215952f48324bd5b01c66c9eb8ea9adc87245da9db1df8c42a6ab8c,t5,high,0.2800872819,0.7199127181,high
class_prior,3,7,7fe3d6029ec1e666f41b728458a973e8e2e6924c09046427a23859dcc7b3d75a,t10,high,0.1764705882,0.8235294118,high
class_prior,3,16,9ae9ab57ccb2a6caf3db84ad0a088385a92d25754e445de6f502929913bf21cd,t10,high,0.1764705882,0.8235294118,high
class_prior,3,24,a4713e0a14bb0ef918e89ea267520b745394edf49df0b6e3b5925085b1fca54d,t10,high,0.1764705882,0.8235294118,high
class_prior,3,31,c06b9cd1fff25ad6609a4acc440947729eaae556a777669d2c7b83c20f9f8885,t10,high,0.1764705882,0.8235294118,high
class_prior,3,33,f76617e906c5e2b96661cf362ca553b76fbb23756e161cf3e0bc86585f03b1a8,t10,high,0.1764705882,0.8235294118,high
class_prior,3,35,9365283497184f82bb514f2ae669c6ec302a1cd4c49f1b9426e48aca0e39eedc,t10,high,0.1764705882,0.8235294118,high
class_prior,3,37,9ae9ab57ccb2a6caf3db84ad0a088385a92d25754e445de6f502929913bf21cd,t10,high,0.1764705882,0.8235294118,high
class_prior,3,48,c6f859e97a85d2be55de346ee03396c3284ef33ad2a850cbf47dcf6a86c54f6c,t10,high,0.1764705882,0.8235294118,high
class_prior,3,52,5f94f96b5558bc44bec41fbfff63a95635edebf6436cf0d7b71bc93bc7e01771,t10,high,0.1764705882,0.8235294118,high
class_prior,3,56,994bc72760dcfe7fa4dcb4204fd49276c86f3b5d7563bd03968bb98375e50059,t10,high,0.1764705882,0.8235294118,high
class_prior,3,57,c7b0ae9d845b01af28904a49c113db9419434a3a9dc695cbcca773c7377fa099,t10,low,0.1764705882,0.8235294118,high
class_prior,3,60,1bde13dd287e1e51682c574ddf4bc7a1b95d777f9e1d189232f7bf3f72b39469,t10,high,0.1764705882,0.8235294118,high
class_prior,3,64,d6e67deba46d308b643a1107909d71a35621984b374efe6ed5b28181298c665a,t10,high,0.1764705882,0.8235294118,high
class_prior,3,72,8a19d0092e222e0168b0240040c7abec5af97377d5f1b3c74d02604cebab64d6,t10,low,0.1764705882,0.8235294118,high
class_prior,3,83,9ae9ab57ccb2a6caf3db84ad0a088385a92d25754e445de6f502929913bf21cd,t10,high,0.1764705882,0.8235294118,high
class_prior,3,86,1eedaddcb6cc7541fe6072dba97705385a99667255dae60b62dce68c593bc746,t10,high,0.1764705882,0.8235294118,high
class_prior,3,95,3196e70c78ec00c569890feff5903b9fd6de1c082f2dcc65de331a676356154b,t10,high,0.1764705882,0.8235294118,high
class_prior,3,99,ead3029c1627ceed0bb1941b02d180790ac40d9339381ab591d89b54e95afa5d,t10,high,0.1764705882,0.8235294118,high
class_prior,3,105,cbe435389c7fde7dbf7f3f0b08fa24b91bd68569ba4a59eda4fcca3b686eaf60,t10,high,0.1764705882,0.8235294118,high
class_prior,3,110,7664ea81b7e714b0d5433004c1fca3512bd7bdabfbe3dd63273d79180fe6d6fa,t10,high,0.1764705882,0.8235294118,high
class_prior,3,114,8def61f50369c2308d6acc3ec8575794a2970d0f6375eaa51ca8e7e37abccdfd,t10,high,0.1764705882,0.8235294118,high
class_prior,3,117,b2f1766eb28ea153bd66a13147bee8bb6a783a480a2a5415efd24621d784865e,t10,high,0.1764705882,0.8235294118,high
class_prior,3,128,6f2a5802d3ab371a696939846b2162129bfa30f9a0e371d8fe476564da770b8b,t10,high,0.1764705882,0.8235294118,high
class_prior,3,130,957962b55a53a08db5f378e511817642230cbd4d6d1cf4d43dd6a4b63131ccc1,t10,low,0.1764705882,0.8235294118,high
class_prior,3,133,0db9538e9215952f48324bd5b01c66c9eb8ea9adc87245da9db1df8c42a6ab8c,t10,high,0.1764705882,0.8235294118,high
structure_only,3,7,7fe3d6029ec1e666f41b728458a973e8e2e6924c09046427a23859dcc7b3d75a,t10,high,0.478062082,0.521937918,high
structure_only,3,16,9ae9ab57ccb2a6caf3db84ad0a088385a92d25754e445de6f502929913bf21cd,t10,high,0.5201716968,0.4798283032,low
structure_only,3,24,a4713e0a14bb0ef918e89ea267520b745394edf49df0b6e3b5925085b1fca54d,t10,high,0.6446741684,0.3553258316,low
structure_only,3,31,c06b9cd1fff25ad6609a4acc440947729eaae556a777669d2c7b83c20f9f8885,t10,high,0.5848952423,0.4151047577,low
structure_only,3,33,f76617e906c5e2b96661cf362ca553b76fbb23756e161cf3e0bc86585f03b1a8,t10,high,0.41225262,0.58774738,high
structure_only,3,35,9365283497184f82bb514f2ae669c6ec302a1cd4c49f1b9426e48aca0e39eedc,t10,high,0.7012378643,0.2987621357,low
structure_only,3,37,9ae9ab57ccb2a6caf3db84ad0a088385a92d25754e445de6f502929913bf21cd,t10,high,0.4316620543,0.5683379457,high
structure_only,3,48,c6f859e97a85d2be55de346ee03396c3284ef33ad2a850cbf47dcf6a86c54f6c,t10,high,0.0926650968,0.9073349032,high
structure_only,3,52,5f94f96b5558bc44bec41fbfff63a95635edebf6436cf0d7b71bc93bc7e01771,t10,high,0.5382490906,0.4617509094,low
structure_only,3,56,994bc72760dcfe7fa4dcb4204fd49276c86f3b5d7563bd03968bb98375e50059,t10,high,0.5527569532,0.4472430468,low
structure_only,3,57,c7b0ae9d845b01af28904a49c113db9419434a3a9dc695cbcca773c7377fa099,t10,low,0.5359211576,0.4640788424,low
structure_only,3,60,1bde13dd287e1e51682c574ddf4bc7a1b95d777f9e1d189232f7bf3f72b39469,t10,high,0.1002838148,0.8997161852,high
structure_only,3,64,d6e67deba46d308b643a1107909d71a35621984b374efe6ed5b28181298c665a,t10,high,0.4437599681,0.5562400319,high
structure_only,3,72,8a19d0092e222e0168b0240040c7abec5af97377d5f1b3c74d02604cebab64d6,t10,low,0.6933326722,0.3066673278,low
structure_only,3,83,9ae9ab57ccb2a6caf3db84ad0a088385a92d25754e445de6f502929913bf21cd,t10,high,0.3875418535,0.6124581465,high
structure_only,3,86,1eedaddcb6cc7541fe6072dba97705385a99667255dae60b62dce68c593bc746,t10,high,0.08343397189,0.9165660281,high
structure_only,3,95,3196e70c78ec00c569890feff5903b9fd6de1c082f2dcc65de331a676356154b,t10,high,0.5365032916,0.4634967084,low
structure_only,3,99,ead3029c1627ceed0bb1941b02d180790ac40d9339381ab591d89b54e95afa5d,t10,high,0.632247572,0.367752428,low
structure_only,3,105,cbe435389c7fde7dbf7f3f0b08fa24b91bd68569ba4a59eda4fcca3b686eaf60,t10,high,0.4368377612,0.5631622388,high
structure_only,3,110,7664ea81b7e714b0d5433004c1fca3512bd7bdabfbe3dd63273d79180fe6d6fa,t10,high,0.5219241949,0.4780758051,low
structure_only,3,114,8def61f50369c2308d6acc3ec8575794a2970d0f6375eaa51ca8e7e37abccdfd,t10,high,0.7334846482,0.2665153518,low
structure_only,3,117,b2f1766eb28ea153bd66a13147bee8bb6a783a480a2a5415efd24621d784865e,t10,high,0.4862443114,0.5137556886,high
structure_only,3,128,6f2a5802d3ab371a696939846b2162129bfa30f9a0e371d8fe476564da770b8b,t10,high,0.215123314,0.784876686,high
structure_only,3,130,957962b55a53a08db5f378e511817642230cbd4d6d1cf4d43dd6a4b63131ccc1,t10,low,0.3429927156,0.6570072844,high
structure_only,3,133,0db9538e9215952f48324bd5b01c66c9eb8ea9adc87245da9db1df8c42a6ab8c,t10,high,0.489753496,0.510246504,high
tfidf_raw_prefix,3,7,7fe3d6029ec1e666f41b728458a973e8e2e6924c09046427a23859dcc7b3d75a,t10,high,0.3858351423,0.6141648577,high
tfidf_raw_prefix,3,16,9ae9ab57ccb2a6caf3db84ad0a088385a92d25754e445de6f502929913bf21cd,t10,high,0.3818478645,0.6181521355,high
tfidf_raw_prefix,3,24,a4713e0a14bb0ef918e89ea267520b745394edf49df0b6e3b5925085b1fca54d,t10,high,0.4910234987,0.5089765013,high
tfidf_raw_prefix,3,31,c06b9cd1fff25ad6609a4acc440947729eaae556a777669d2c7b83c20f9f8885,t10,high,0.328540322,0.671459678,high
tfidf_raw_prefix,3,33,f76617e906c5e2b96661cf362ca553b76fbb23756e161cf3e0bc86585f03b1a8,t10,high,0.4441946457,0.5558053543,high
tfidf_raw_prefix,3,35,9365283497184f82bb514f2ae669c6ec302a1cd4c49f1b9426e48aca0e39eedc,t10,high,0.3176113447,0.6823886553,high
tfidf_raw_prefix,3,37,9ae9ab57ccb2a6caf3db84ad0a088385a92d25754e445de6f502929913bf21cd,t10,high,0.2625414253,0.7374585747,high
tfidf_raw_prefix,3,48,c6f859e97a85d2be55de346ee03396c3284ef33ad2a850cbf47dcf6a86c54f6c,t10,high,0.3260968437,0.6739031563,high
tfidf_raw_prefix,3,52,5f94f96b5558bc44bec41fbfff63a95635edebf6436cf0d7b71bc93bc7e01771,t10,high,0.3721861746,0.6278138254,high
tfidf_raw_prefix,3,56,994bc72760dcfe7fa4dcb4204fd49276c86f3b5d7563bd03968bb98375e50059,t10,high,0.3421076226,0.6578923774,high
tfidf_raw_prefix,3,57,c7b0ae9d845b01af28904a49c113db9419434a3a9dc695cbcca773c7377fa099,t10,low,0.4580610197,0.5419389803,high
tfidf_raw_prefix,3,60,1bde13dd287e1e51682c574ddf4bc7a1b95d777f9e1d189232f7bf3f72b39469,t10,high,0.3838986153,0.6161013847,high
tfidf_raw_prefix,3,64,d6e67deba46d308b643a1107909d71a35621984b374efe6ed5b28181298c665a,t10,high,0.3542648755,0.6457351245,high
tfidf_raw_prefix,3,72,8a19d0092e222e0168b0240040c7abec5af97377d5f1b3c74d02604cebab64d6,t10,low,0.4376561461,0.5623438539,high
tfidf_raw_prefix,3,83,9ae9ab57ccb2a6caf3db84ad0a088385a92d25754e445de6f502929913bf21cd,t10,high,0.2954875387,0.7045124613,high
tfidf_raw_prefix,3,86,1eedaddcb6cc7541fe6072dba97705385a99667255dae60b62dce68c593bc746,t10,high,0.3378969052,0.6621030948,high
tfidf_raw_prefix,3,95,3196e70c78ec00c569890feff5903b9fd6de1c082f2dcc65de331a676356154b,t10,high,0.3008088066,0.6991911934,high
tfidf_raw_prefix,3,99,ead3029c1627ceed0bb1941b02d180790ac40d9339381ab591d89b54e95afa5d,t10,high,0.3996959768,0.6003040232,high
tfidf_raw_prefix,3,105,cbe435389c7fde7dbf7f3f0b08fa24b91bd68569ba4a59eda4fcca3b686eaf60,t10,high,0.2825618489,0.7174381511,high
tfidf_raw_prefix,3,110,7664ea81b7e714b0d5433004c1fca3512bd7bdabfbe3dd63273d79180fe6d6fa,t10,high,0.3396503598,0.6603496402,high
tfidf_raw_prefix,3,114,8def61f50369c2308d6acc3ec8575794a2970d0f6375eaa51ca8e7e37abccdfd,t10,high,0.3409647618,0.6590352382,high
tfidf_raw_prefix,3,117,b2f1766eb28ea153bd66a13147bee8bb6a783a480a2a5415efd24621d784865e,t10,high,0.3549180646,0.6450819354,high
tfidf_raw_prefix,3,128,6f2a5802d3ab371a696939846b2162129bfa30f9a0e371d8fe476564da770b8b,t10,high,0.4056282152,0.5943717848,high
tfidf_raw_prefix,3,130,957962b55a53a08db5f378e511817642230cbd4d6d1cf4d43dd6a4b63131ccc1,t10,low,0.4399324389,0.5600675611,high
tfidf_raw_prefix,3,133,0db9538e9215952f48324bd5b01c66c9eb8ea9adc87245da9db1df8c42a6ab8c,t10,high,0.3323087162,0.6676912838,high
oracle_gold_codes,3,7,7fe3d6029ec1e666f41b728458a973e8e2e6924c09046427a23859dcc7b3d75a,t10,high,0.1051659102,0.8948340898,high
oracle_gold_codes,3,16,9ae9ab57ccb2a6caf3db84ad0a088385a92d25754e445de6f502929913bf21cd,t10,high,0.7577472597,0.2422527403,low
oracle_gold_codes,3,24,a4713e0a14bb0ef918e89ea267520b745394edf49df0b6e3b5925085b1fca54d,t10,high,0.3140989269,0.6859010731,high
oracle_gold_codes,3,31,c06b9cd1fff25ad6609a4acc440947729eaae556a777669d2c7b83c20f9f8885,t10,high,0.1684200801,0.8315799199,high
oracle_gold_codes,3,33,f76617e906c5e2b96661cf362ca553b76fbb23756e161cf3e0bc86585f03b1a8,t10,high,0.7637320889,0.2362679111,low
oracle_gold_codes,3,35,9365283497184f82bb514f2ae669c6ec302a1cd4c49f1b9426e48aca0e39eedc,t10,high,0.08516409409,0.9148359059,high
oracle_gold_codes,3,37,9ae9ab57ccb2a6caf3db84ad0a088385a92d25754e445de6f502929913bf21cd,t10,high,0.4353456301,0.5646543699,high
oracle_gold_codes,3,48,c6f859e97a85d2be55de346ee03396c3284ef33ad2a850cbf47dcf6a86c54f6c,t10,high,0.2460560201,0.7539439799,high
oracle_gold_codes,3,52,5f94f96b5558bc44bec41fbfff63a95635edebf6436cf0d7b71bc93bc7e01771,t10,high,0.07419541515,0.9258045848,high
oracle_gold_codes,3,56,994bc72760dcfe7fa4dcb4204fd49276c86f3b5d7563bd03968bb98375e50059,t10,high,0.02946348229,0.9705365177,high
oracle_gold_codes,3,57,c7b0ae9d845b01af28904a49c113db9419434a3a9dc695cbcca773c7377fa099,t10,low,0.8796569105,0.1203430895,low
oracle_gold_codes,3,60,1bde13dd287e1e51682c574ddf4bc7a1b95d777f9e1d189232f7bf3f72b39469,t10,high,0.00141284764,0.9985871524,high
oracle_gold_codes,3,64,d6e67deba46d308b643a1107909d71a35621984b374efe6ed5b28181298c665a,t10,high,0.6451496591,0.3548503409,low
oracle_gold_codes,3,72,8a19d0092e222e0168b0240040c7abec5af97377d5f1b3c74d02604cebab64d6,t10,low,0.9651440789,0.03485592114,low
oracle_gold_codes,3,83,9ae9ab57ccb2a6caf3db84ad0a088385a92d25754e445de6f502929913bf21cd,t10,high,0.5601600163,0.4398399837,low
oracle_gold_codes,3,86,1eedaddcb6cc7541fe6072dba97705385a99667255dae60b62dce68c593bc746,t10,high,0.0001051264902,0.9998948735,high
oracle_gold_codes,3,95,3196e70c78ec00c569890feff5903b9fd6de1c082f2dcc65de331a676356154b,t10,high,0.001322737629,0.9986772624,high
oracle_gold_codes,3,99,ead3029c1627ceed0bb1941b02d180790ac40d9339381ab591d89b54e95afa5d,t10,high,0.7227932749,0.2772067251,low
oracle_gold_codes,3,105,cbe435389c7fde7dbf7f3f0b08fa24b91bd68569ba4a59eda4fcca3b686eaf60,t10,high,0.7253658158,0.2746341842,low
oracle_gold_codes,3,110,7664ea81b7e714b0d5433004c1fca3512bd7bdabfbe3dd63273d79180fe6d6fa,t10,high,0.2874477728,0.7125522272,high
oracle_gold_codes,3,114,8def61f50369c2308d6acc3ec8575794a2970d0f6375eaa51ca8e7e37abccdfd,t10,high,0.6753174849,0.3246825151,low
oracle_gold_codes,3,117,b2f1766eb28ea153bd66a13147bee8bb6a783a480a2a5415efd24621d784865e,t10,high,0.06439037217,0.9356096278,high
oracle_gold_codes,3,128,6f2a5802d3ab371a696939846b2162129bfa30f9a0e371d8fe476564da770b8b,t10,high,0.3246221976,0.6753778024,high
oracle_gold_codes,3,130,957962b55a53a08db5f378e511817642230cbd4d6d1cf4d43dd6a4b63131ccc1,t10,low,0.9066684618,0.09333153819,low
oracle_gold_codes,3,133,0db9538e9215952f48324bd5b01c66c9eb8ea9adc87245da9db1df8c42a6ab8c,t10,high,0.1744550167,0.8255449833,high
class_prior,3,7,7fe3d6029ec1e666f41b728458a973e8e2e6924c09046427a23859dcc7b3d75a,t20,high,0.08196721311,0.9180327869,high
class_prior,3,31,c06b9cd1fff25ad6609a4acc440947729eaae556a777669d2c7b83c20f9f8885,t20,high,0.08196721311,0.9180327869,high
class_prior,3,33,f76617e906c5e2b96661cf362ca553b76fbb23756e161cf3e0bc86585f03b1a8,t20,high,0.08196721311,0.9180327869,high
class_prior,3,37,9ae9ab57ccb2a6caf3db84ad0a088385a92d25754e445de6f502929913bf21cd,t20,high,0.08196721311,0.9180327869,high
class_prior,3,56,994bc72760dcfe7fa4dcb4204fd49276c86f3b5d7563bd03968bb98375e50059,t20,high,0.08196721311,0.9180327869,high
class_prior,3,60,1bde13dd287e1e51682c574ddf4bc7a1b95d777f9e1d189232f7bf3f72b39469,t20,high,0.08196721311,0.9180327869,high
class_prior,3,64,d6e67deba46d308b643a1107909d71a35621984b374efe6ed5b28181298c665a,t20,high,0.08196721311,0.9180327869,high
class_prior,3,83,9ae9ab57ccb2a6caf3db84ad0a088385a92d25754e445de6f502929913bf21cd,t20,high,0.08196721311,0.9180327869,high
class_prior,3,86,1eedaddcb6cc7541fe6072dba97705385a99667255dae60b62dce68c593bc746,t20,high,0.08196721311,0.9180327869,high
class_prior,3,105,cbe435389c7fde7dbf7f3f0b08fa24b91bd68569ba4a59eda4fcca3b686eaf60,t20,high,0.08196721311,0.9180327869,high
class_prior,3,110,7664ea81b7e714b0d5433004c1fca3512bd7bdabfbe3dd63273d79180fe6d6fa,t20,high,0.08196721311,0.9180327869,high
class_prior,3,117,b2f1766eb28ea153bd66a13147bee8bb6a783a480a2a5415efd24621d784865e,t20,high,0.08196721311,0.9180327869,high
class_prior,3,133,0db9538e9215952f48324bd5b01c66c9eb8ea9adc87245da9db1df8c42a6ab8c,t20,high,0.08196721311,0.9180327869,high
structure_only,3,7,7fe3d6029ec1e666f41b728458a973e8e2e6924c09046427a23859dcc7b3d75a,t20,high,0.6021661196,0.3978338804,low
structure_only,3,31,c06b9cd1fff25ad6609a4acc440947729eaae556a777669d2c7b83c20f9f8885,t20,high,0.1899156041,0.8100843959,high
structure_only,3,33,f76617e906c5e2b96661cf362ca553b76fbb23756e161cf3e0bc86585f03b1a8,t20,high,0.7497871881,0.2502128119,low
structure_only,3,37,9ae9ab57ccb2a6caf3db84ad0a088385a92d25754e445de6f502929913bf21cd,t20,high,0.5247990949,0.4752009051,low
structure_only,3,56,994bc72760dcfe7fa4dcb4204fd49276c86f3b5d7563bd03968bb98375e50059,t20,high,0.4191483475,0.5808516525,high
structure_only,3,60,1bde13dd287e1e51682c574ddf4bc7a1b95d777f9e1d189232f7bf3f72b39469,t20,high,0.2863893135,0.7136106865,high
structure_only,3,64,d6e67deba46d308b643a1107909d71a35621984b374efe6ed5b28181298c665a,t20,high,0.6619350246,0.3380649754,low
structure_only,3,83,9ae9ab57ccb2a6caf3db84ad0a088385a92d25754e445de6f502929913bf21cd,t20,high,0.7754468568,0.2245531432,low
structure_only,3,86,1eedaddcb6cc7541fe6072dba97705385a99667255dae60b62dce68c593bc746,t20,high,0.4974128318,0.5025871682,high
structure_only,3,105,cbe435389c7fde7dbf7f3f0b08fa24b91bd68569ba4a59eda4fcca3b686eaf60,t20,high,0.533961035,0.466038965,low
structure_only,3,110,7664ea81b7e714b0d5433004c1fca3512bd7bdabfbe3dd63273d79180fe6d6fa,t20,high,0.4527229722,0.5472770278,high
structure_only,3,117,b2f1766eb28ea153bd66a13147bee8bb6a783a480a2a5415efd24621d784865e,t20,high,0.5574007964,0.4425992036,low
structure_only,3,133,0db9538e9215952f48324bd5b01c66c9eb8ea9adc87245da9db1df8c42a6ab8c,t20,high,0.6872964972,0.3127035028,low
tfidf_raw_prefix,3,7,7fe3d6029ec1e666f41b728458a973e8e2e6924c09046427a23859dcc7b3d75a,t20,high,0.3455492073,0.6544507927,high
tfidf_raw_prefix,3,31,c06b9cd1fff25ad6609a4acc440947729eaae556a777669d2c7b83c20f9f8885,t20,high,0.2942127188,0.7057872812,high
tfidf_raw_prefix,3,33,f76617e906c5e2b96661cf362ca553b76fbb23756e161cf3e0bc86585f03b1a8,t20,high,0.3241162434,0.6758837566,high
tfidf_raw_prefix,3,37,9ae9ab57ccb2a6caf3db84ad0a088385a92d25754e445de6f502929913bf21cd,t20,high,0.2298994712,0.7701005288,high
tfidf_raw_prefix,3,56,994bc72760dcfe7fa4dcb4204fd49276c86f3b5d7563bd03968bb98375e50059,t20,high,0.2411706394,0.7588293606,high
tfidf_raw_prefix,3,60,1bde13dd287e1e51682c574ddf4bc7a1b95d777f9e1d189232f7bf3f72b39469,t20,high,0.2828144385,0.7171855615,high
tfidf_raw_prefix,3,64,d6e67deba46d308b643a1107909d71a35621984b374efe6ed5b28181298c665a,t20,high,0.2572260722,0.7427739278,high
tfidf_raw_prefix,3,83,9ae9ab57ccb2a6caf3db84ad0a088385a92d25754e445de6f502929913bf21cd,t20,high,0.2606840525,0.7393159475,high
tfidf_raw_prefix,3,86,1eedaddcb6cc7541fe6072dba97705385a99667255dae60b62dce68c593bc746,t20,high,0.3068756227,0.6931243773,high
tfidf_raw_prefix,3,105,cbe435389c7fde7dbf7f3f0b08fa24b91bd68569ba4a59eda4fcca3b686eaf60,t20,high,0.2226097713,0.7773902287,high
tfidf_raw_prefix,3,110,7664ea81b7e714b0d5433004c1fca3512bd7bdabfbe3dd63273d79180fe6d6fa,t20,high,0.2482877537,0.7517122463,high
tfidf_raw_prefix,3,117,b2f1766eb28ea153bd66a13147bee8bb6a783a480a2a5415efd24621d784865e,t20,high,0.2648728991,0.7351271009,high
tfidf_raw_prefix,3,133,0db9538e9215952f48324bd5b01c66c9eb8ea9adc87245da9db1df8c42a6ab8c,t20,high,0.2799030447,0.7200969553,high
oracle_gold_codes,3,7,7fe3d6029ec1e666f41b728458a973e8e2e6924c09046427a23859dcc7b3d75a,t20,high,0.7589078984,0.2410921016,low
oracle_gold_codes,3,31,c06b9cd1fff25ad6609a4acc440947729eaae556a777669d2c7b83c20f9f8885,t20,high,0.01702933013,0.9829706699,high
oracle_gold_codes,3,33,f76617e906c5e2b96661cf362ca553b76fbb23756e161cf3e0bc86585f03b1a8,t20,high,0.6655172838,0.3344827162,low
oracle_gold_codes,3,37,9ae9ab57ccb2a6caf3db84ad0a088385a92d25754e445de6f502929913bf21cd,t20,high,0.6339612925,0.3660387075,low
oracle_gold_codes,3,56,994bc72760dcfe7fa4dcb4204fd49276c86f3b5d7563bd03968bb98375e50059,t20,high,0.2790926057,0.7209073943,high
oracle_gold_codes,3,60,1bde13dd287e1e51682c574ddf4bc7a1b95d777f9e1d189232f7bf3f72b39469,t20,high,0.02550310052,0.9744968995,high
oracle_gold_codes,3,64,d6e67deba46d308b643a1107909d71a35621984b374efe6ed5b28181298c665a,t20,high,0.8214384292,0.1785615708,low
oracle_gold_codes,3,83,9ae9ab57ccb2a6caf3db84ad0a088385a92d25754e445de6f502929913bf21cd,t20,high,0.9234647576,0.07653524236,low
oracle_gold_codes,3,86,1eedaddcb6cc7541fe6072dba97705385a99667255dae60b62dce68c593bc746,t20,high,0.007202090291,0.9927979097,high
oracle_gold_codes,3,105,cbe435389c7fde7dbf7f3f0b08fa24b91bd68569ba4a59eda4fcca3b686eaf60,t20,high,0.1897983137,0.8102016863,high
oracle_gold_codes,3,110,7664ea81b7e714b0d5433004c1fca3512bd7bdabfbe3dd63273d79180fe6d6fa,t20,high,0.4551765686,0.5448234314,high
oracle_gold_codes,3,117,b2f1766eb28ea153bd66a13147bee8bb6a783a480a2a5415efd24621d784865e,t20,high,0.1769572192,0.8230427808,high
oracle_gold_codes,3,133,0db9538e9215952f48324bd5b01c66c9eb8ea9adc87245da9db1df8c42a6ab8c,t20,high,0.9749830845,0.02501691551,low
class_prior,3,7,7fe3d6029ec1e666f41b728458a973e8e2e6924c09046427a23859dcc7b3d75a,full,high,0.1947368421,0.8052631579,high
class_prior,3,16,9ae9ab57ccb2a6caf3db84ad0a088385a92d25754e445de6f502929913bf21cd,full,high,0.1947368421,0.8052631579,high
class_prior,3,24,a4713e0a14bb0ef918e89ea267520b745394edf49df0b6e3b5925085b1fca54d,full,high,0.1947368421,0.8052631579,high
class_prior,3,31,c06b9cd1fff25ad6609a4acc440947729eaae556a777669d2c7b83c20f9f8885,full,high,0.1947368421,0.8052631579,high
class_prior,3,32,8def61f50369c2308d6acc3ec8575794a2970d0f6375eaa51ca8e7e37abccdfd,full,low,0.1947368421,0.8052631579,high
class_prior,3,33,f76617e906c5e2b96661cf362ca553b76fbb23756e161cf3e0bc86585f03b1a8,full,high,0.1947368421,0.8052631579,high
class_prior,3,35,9365283497184f82bb514f2ae669c6ec302a1cd4c49f1b9426e48aca0e39eedc,full,high,0.1947368421,0.8052631579,high
class_prior,3,37,9ae9ab57ccb2a6caf3db84ad0a088385a92d25754e445de6f502929913bf21cd,full,high,0.1947368421,0.8052631579,high
class_prior,3,42,c6f859e97a85d2be55de346ee03396c3284ef33ad2a850cbf47dcf6a86c54f6c,full,high,0.1947368421,0.8052631579,high
class_prior,3,48,c6f859e97a85d2be55de346ee03396c3284ef33ad2a850cbf47dcf6a86c54f6c,full,high,0.1947368421,0.8052631579,high
class_prior,3,52,5f94f96b5558bc44bec41fbfff63a95635edebf6436cf0d7b71bc93bc7e01771,full,high,0.1947368421,0.8052631579,high
class_prior,3,56,994bc72760dcfe7fa4dcb4204fd49276c86f3b5d7563bd03968bb98375e50059,full,high,0.1947368421,0.8052631579,high
class_prior,3,57,c7b0ae9d845b01af28904a49c113db9419434a3a9dc695cbcca773c7377fa099,full,low,0.1947368421,0.8052631579,high
class_prior,3,60,1bde13dd287e1e51682c574ddf4bc7a1b95d777f9e1d189232f7bf3f72b39469,full,high,0.1947368421,0.8052631579,high
class_prior,3,64,d6e67deba46d308b643a1107909d71a35621984b374efe6ed5b28181298c665a,full,high,0.1947368421,0.8052631579,high
class_prior,3,72,8a19d0092e222e0168b0240040c7abec5af97377d5f1b3c74d02604cebab64d6,full,low,0.1947368421,0.8052631579,high
class_prior,3,83,9ae9ab57ccb2a6caf3db84ad0a088385a92d25754e445de6f502929913bf21cd,full,high,0.1947368421,0.8052631579,high
class_prior,3,86,1eedaddcb6cc7541fe6072dba97705385a99667255dae60b62dce68c593bc746,full,high,0.1947368421,0.8052631579,high
class_prior,3,95,3196e70c78ec00c569890feff5903b9fd6de1c082f2dcc65de331a676356154b,full,high,0.1947368421,0.8052631579,high
class_prior,3,99,ead3029c1627ceed0bb1941b02d180790ac40d9339381ab591d89b54e95afa5d,full,high,0.1947368421,0.8052631579,high
class_prior,3,105,cbe435389c7fde7dbf7f3f0b08fa24b91bd68569ba4a59eda4fcca3b686eaf60,full,high,0.1947368421,0.8052631579,high
class_prior,3,110,7664ea81b7e714b0d5433004c1fca3512bd7bdabfbe3dd63273d79180fe6d6fa,full,high,0.1947368421,0.8052631579,high
class_prior,3,114,8def61f50369c2308d6acc3ec8575794a2970d0f6375eaa51ca8e7e37abccdfd,full,high,0.1947368421,0.8052631579,high
class_prior,3,117,b2f1766eb28ea153bd66a13147bee8bb6a783a480a2a5415efd24621d784865e,full,high,0.1947368421,0.8052631579,high
class_prior,3,125,274c2b3cb88d91281fac0ca18e5fa0decdb86ce5b51d6bb1e988f442e09ee829,full,high,0.1947368421,0.8052631579,high
class_prior,3,128,6f2a5802d3ab371a696939846b2162129bfa30f9a0e371d8fe476564da770b8b,full,high,0.1947368421,0.8052631579,high
class_prior,3,130,957962b55a53a08db5f378e511817642230cbd4d6d1cf4d43dd6a4b63131ccc1,full,low,0.1947368421,0.8052631579,high
class_prior,3,133,0db9538e9215952f48324bd5b01c66c9eb8ea9adc87245da9db1df8c42a6ab8c,full,high,0.1947368421,0.8052631579,high
structure_only,3,7,7fe3d6029ec1e666f41b728458a973e8e2e6924c09046427a23859dcc7b3d75a,full,high,0.3859294718,0.6140705282,high
structure_only,3,16,9ae9ab57ccb2a6caf3db84ad0a088385a92d25754e445de6f502929913bf21cd,full,high,0.628501657,0.371498343,low
structure_only,3,24,a4713e0a14bb0ef918e89ea267520b745394edf49df0b6e3b5925085b1fca54d,full,high,0.7440678543,0.2559321457,low
structure_only,3,31,c06b9cd1fff25ad6609a4acc440947729eaae556a777669d2c7b83c20f9f8885,full,high,0.4399164691,0.5600835309,high
structure_only,3,32,8def61f50369c2308d6acc3ec8575794a2970d0f6375eaa51ca8e7e37abccdfd,full,low,0.8664990251,0.1335009749,low
structure_only,3,33,f76617e906c5e2b96661cf362ca553b76fbb23756e161cf3e0bc86585f03b1a8,full,high,0.3664553054,0.6335446946,high
structure_only,3,35,9365283497184f82bb514f2ae669c6ec302a1cd4c49f1b9426e48aca0e39eedc,full,high,0.7337261494,0.2662738506,low
structure_only,3,37,9ae9ab57ccb2a6caf3db84ad0a088385a92d25754e445de6f502929913bf21cd,full,high,0.4457735666,0.5542264334,high
structure_only,3,42,c6f859e97a85d2be55de346ee03396c3284ef33ad2a850cbf47dcf6a86c54f6c,full,high,0.5857188327,0.4142811673,low
structure_only,3,48,c6f859e97a85d2be55de346ee03396c3284ef33ad2a850cbf47dcf6a86c54f6c,full,high,0.4080595123,0.5919404877,high
structure_only,3,52,5f94f96b5558bc44bec41fbfff63a95635edebf6436cf0d7b71bc93bc7e01771,full,high,0.5287200905,0.4712799095,low
structure_only,3,56,994bc72760dcfe7fa4dcb4204fd49276c86f3b5d7563bd03968bb98375e50059,full,high,0.2035666633,0.7964333367,high
structure_only,3,57,c7b0ae9d845b01af28904a49c113db9419434a3a9dc695cbcca773c7377fa099,full,low,0.5962233208,0.4037766792,low
structure_only,3,60,1bde13dd287e1e51682c574ddf4bc7a1b95d777f9e1d189232f7bf3f72b39469,full,high,0.342599438,0.657400562,high
structure_only,3,64,d6e67deba46d308b643a1107909d71a35621984b374efe6ed5b28181298c665a,full,high,0.06585280337,0.9341471966,high
structure_only,3,72,8a19d0092e222e0168b0240040c7abec5af97377d5f1b3c74d02604cebab64d6,full,low,0.6386949785,0.3613050215,low
structure_only,3,83,9ae9ab57ccb2a6caf3db84ad0a088385a92d25754e445de6f502929913bf21cd,full,high,0.2793375539,0.7206624461,high
structure_only,3,86,1eedaddcb6cc7541fe6072dba97705385a99667255dae60b62dce68c593bc746,full,high,0.3774643864,0.6225356136,high
structure_only,3,95,3196e70c78ec00c569890feff5903b9fd6de1c082f2dcc65de331a676356154b,full,high,0.6308604912,0.3691395088,low
structure_only,3,99,ead3029c1627ceed0bb1941b02d180790ac40d9339381ab591d89b54e95afa5d,full,high,0.656157444,0.343842556,low
structure_only,3,105,cbe435389c7fde7dbf7f3f0b08fa24b91bd68569ba4a59eda4fcca3b686eaf60,full,high,0.4405762947,0.5594237053,high
structure_only,3,110,7664ea81b7e714b0d5433004c1fca3512bd7bdabfbe3dd63273d79180fe6d6fa,full,high,0.3801828629,0.6198171371,high
structure_only,3,114,8def61f50369c2308d6acc3ec8575794a2970d0f6375eaa51ca8e7e37abccdfd,full,high,0.8841725264,0.1158274736,low
structure_only,3,117,b2f1766eb28ea153bd66a13147bee8bb6a783a480a2a5415efd24621d784865e,full,high,0.3654581446,0.6345418554,high
structure_only,3,125,274c2b3cb88d91281fac0ca18e5fa0decdb86ce5b51d6bb1e988f442e09ee829,full,high,0.5581630599,0.4418369401,low
structure_only,3,128,6f2a5802d3ab371a696939846b2162129bfa30f9a0e371d8fe476564da770b8b,full,high,0.6734315568,0.3265684432,low
structure_only,3,130,957962b55a53a08db5f378e511817642230cbd4d6d1cf4d43dd6a4b63131ccc1,full,low,0.8657254852,0.1342745148,low
structure_only,3,133,0db9538e9215952f48324bd5b01c66c9eb8ea9adc87245da9db1df8c42a6ab8c,full,high,0.0805354563,0.9194645437,high
tfidf_raw_prefix,3,7,7fe3d6029ec1e666f41b728458a973e8e2e6924c09046427a23859dcc7b3d75a,full,high,0.3512820659,0.6487179341,high
tfidf_raw_prefix,3,16,9ae9ab57ccb2a6caf3db84ad0a088385a92d25754e445de6f502929913bf21cd,full,high,0.3940208369,0.6059791631,high
tfidf_raw_prefix,3,24,a4713e0a14bb0ef918e89ea267520b745394edf49df0b6e3b5925085b1fca54d,full,high,0.45088948,0.54911052,high
tfidf_raw_prefix,3,31,c06b9cd1fff25ad6609a4acc440947729eaae556a777669d2c7b83c20f9f8885,full,high,0.4388337285,0.5611662715,high
tfidf_raw_prefix,3,32,8def61f50369c2308d6acc3ec8575794a2970d0f6375eaa51ca8e7e37abccdfd,full,low,0.4762132911,0.5237867089,high
tfidf_raw_prefix,3,33,f76617e906c5e2b96661cf362ca553b76fbb23756e161cf3e0bc86585f03b1a8,full,high,0.3855887239,0.6144112761,high
tfidf_raw_prefix,3,35,9365283497184f82bb514f2ae669c6ec302a1cd4c49f1b9426e48aca0e39eedc,full,high,0.2410850652,0.7589149348,high
tfidf_raw_prefix,3,37,9ae9ab57ccb2a6caf3db84ad0a088385a92d25754e445de6f502929913bf21cd,full,high,0.3604076715,0.6395923285,high
tfidf_raw_prefix,3,42,c6f859e97a85d2be55de346ee03396c3284ef33ad2a850cbf47dcf6a86c54f6c,full,high,0.3671400782,0.6328599218,high
tfidf_raw_prefix,3,48,c6f859e97a85d2be55de346ee03396c3284ef33ad2a850cbf47dcf6a86c54f6c,full,high,0.3830936084,0.6169063916,high
tfidf_raw_prefix,3,52,5f94f96b5558bc44bec41fbfff63a95635edebf6436cf0d7b71bc93bc7e01771,full,high,0.4092072934,0.5907927066,high
tfidf_raw_prefix,3,56,994bc72760dcfe7fa4dcb4204fd49276c86f3b5d7563bd03968bb98375e50059,full,high,0.2263731827,0.7736268173,high
tfidf_raw_prefix,3,57,c7b0ae9d845b01af28904a49c113db9419434a3a9dc695cbcca773c7377fa099,full,low,0.5704280716,0.4295719284,low
tfidf_raw_prefix,3,60,1bde13dd287e1e51682c574ddf4bc7a1b95d777f9e1d189232f7bf3f72b39469,full,high,0.3433932186,0.6566067814,high
tfidf_raw_prefix,3,64,d6e67deba46d308b643a1107909d71a35621984b374efe6ed5b28181298c665a,full,high,0.2651139928,0.7348860072,high
tfidf_raw_prefix,3,72,8a19d0092e222e0168b0240040c7abec5af97377d5f1b3c74d02604cebab64d6,full,low,0.4235907775,0.5764092225,high
tfidf_raw_prefix,3,83,9ae9ab57ccb2a6caf3db84ad0a088385a92d25754e445de6f502929913bf21cd,full,high,0.2641288519,0.7358711481,high
tfidf_raw_prefix,3,86,1eedaddcb6cc7541fe6072dba97705385a99667255dae60b62dce68c593bc746,full,high,0.4003326178,0.5996673822,high
tfidf_raw_prefix,3,95,3196e70c78ec00c569890feff5903b9fd6de1c082f2dcc65de331a676356154b,full,high,0.3269843133,0.6730156867,high
tfidf_raw_prefix,3,99,ead3029c1627ceed0bb1941b02d180790ac40d9339381ab591d89b54e95afa5d,full,high,0.3427817954,0.6572182046,high
tfidf_raw_prefix,3,105,cbe435389c7fde7dbf7f3f0b08fa24b91bd68569ba4a59eda4fcca3b686eaf60,full,high,0.3154172701,0.6845827299,high
tfidf_raw_prefix,3,110,7664ea81b7e714b0d5433004c1fca3512bd7bdabfbe3dd63273d79180fe6d6fa,full,high,0.2644035359,0.7355964641,high
tfidf_raw_prefix,3,114,8def61f50369c2308d6acc3ec8575794a2970d0f6375eaa51ca8e7e37abccdfd,full,high,0.3226251603,0.6773748397,high
tfidf_raw_prefix,3,117,b2f1766eb28ea153bd66a13147bee8bb6a783a480a2a5415efd24621d784865e,full,high,0.3382491747,0.6617508253,high
tfidf_raw_prefix,3,125,274c2b3cb88d91281fac0ca18e5fa0decdb86ce5b51d6bb1e988f442e09ee829,full,high,0.3914463427,0.6085536573,high
tfidf_raw_prefix,3,128,6f2a5802d3ab371a696939846b2162129bfa30f9a0e371d8fe476564da770b8b,full,high,0.3772077087,0.6227922913,high
tfidf_raw_prefix,3,130,957962b55a53a08db5f378e511817642230cbd4d6d1cf4d43dd6a4b63131ccc1,full,low,0.4555753035,0.5444246965,high
tfidf_raw_prefix,3,133,0db9538e9215952f48324bd5b01c66c9eb8ea9adc87245da9db1df8c42a6ab8c,full,high,0.2415102442,0.7584897558,high
oracle_gold_codes,3,7,7fe3d6029ec1e666f41b728458a973e8e2e6924c09046427a23859dcc7b3d75a,full,high,0.2163295575,0.7836704425,high
oracle_gold_codes,3,16,9ae9ab57ccb2a6caf3db84ad0a088385a92d25754e445de6f502929913bf21cd,full,high,0.6078299069,0.3921700931,low
oracle_gold_codes,3,24,a4713e0a14bb0ef918e89ea267520b745394edf49df0b6e3b5925085b1fca54d,full,high,0.3225783645,0.6774216355,high
oracle_gold_codes,3,31,c06b9cd1fff25ad6609a4acc440947729eaae556a777669d2c7b83c20f9f8885,full,high,0.4090537449,0.5909462551,high
oracle_gold_codes,3,32,8def61f50369c2308d6acc3ec8575794a2970d0f6375eaa51ca8e7e37abccdfd,full,low,0.9850089409,0.0149910591,low
oracle_gold_codes,3,33,f76617e906c5e2b96661cf362ca553b76fbb23756e161cf3e0bc86585f03b1a8,full,high,0.4275244646,0.5724755354,high
oracle_gold_codes,3,35,9365283497184f82bb514f2ae669c6ec302a1cd4c49f1b9426e48aca0e39eedc,full,high,0.003180042613,0.9968199574,high
oracle_gold_codes,3,37,9ae9ab57ccb2a6caf3db84ad0a088385a92d25754e445de6f502929913bf21cd,full,high,0.2006117902,0.7993882098,high
oracle_gold_codes,3,42,c6f859e97a85d2be55de346ee03396c3284ef33ad2a850cbf47dcf6a86c54f6c,full,high,0.001048123159,0.9989518768,high
oracle_gold_codes,3,48,c6f859e97a85d2be55de346ee03396c3284ef33ad2a850cbf47dcf6a86c54f6c,full,high,0.1273306791,0.8726693209,high
oracle_gold_codes,3,52,5f94f96b5558bc44bec41fbfff63a95635edebf6436cf0d7b71bc93bc7e01771,full,high,0.01650206984,0.9834979302,high
oracle_gold_codes,3,56,994bc72760dcfe7fa4dcb4204fd49276c86f3b5d7563bd03968bb98375e50059,full,high,0.3405106335,0.6594893665,high
oracle_gold_codes,3,57,c7b0ae9d845b01af28904a49c113db9419434a3a9dc695cbcca773c7377fa099,full,low,0.9189905584,0.08100944162,low
oracle_gold_codes,3,60,1bde13dd287e1e51682c574ddf4bc7a1b95d777f9e1d189232f7bf3f72b39469,full,high,0.147562235,0.852437765,high
oracle_gold_codes,3,64,d6e67deba46d308b643a1107909d71a35621984b374efe6ed5b28181298c665a,full,high,0.2402670343,0.7597329657,high
oracle_gold_codes,3,72,8a19d0092e222e0168b0240040c7abec5af97377d5f1b3c74d02604cebab64d6,full,low,0.9010711621,0.09892883791,low
oracle_gold_codes,3,83,9ae9ab57ccb2a6caf3db84ad0a088385a92d25754e445de6f502929913bf21cd,full,high,0.3709883578,0.6290116422,high
oracle_gold_codes,3,86,1eedaddcb6cc7541fe6072dba97705385a99667255dae60b62dce68c593bc746,full,high,0.0001133380778,0.9998866619,high
oracle_gold_codes,3,95,3196e70c78ec00c569890feff5903b9fd6de1c082f2dcc65de331a676356154b,full,high,0.00746830653,0.9925316935,high
oracle_gold_codes,3,99,ead3029c1627ceed0bb1941b02d180790ac40d9339381ab591d89b54e95afa5d,full,high,0.39605108,0.60394892,high
oracle_gold_codes,3,105,cbe435389c7fde7dbf7f3f0b08fa24b91bd68569ba4a59eda4fcca3b686eaf60,full,high,0.02157468145,0.9784253186,high
oracle_gold_codes,3,110,7664ea81b7e714b0d5433004c1fca3512bd7bdabfbe3dd63273d79180fe6d6fa,full,high,0.2244800895,0.7755199105,high
oracle_gold_codes,3,114,8def61f50369c2308d6acc3ec8575794a2970d0f6375eaa51ca8e7e37abccdfd,full,high,0.5530163847,0.4469836153,low
oracle_gold_codes,3,117,b2f1766eb28ea153bd66a13147bee8bb6a783a480a2a5415efd24621d784865e,full,high,0.05236379197,0.947636208,high
oracle_gold_codes,3,125,274c2b3cb88d91281fac0ca18e5fa0decdb86ce5b51d6bb1e988f442e09ee829,full,high,0.0001453898941,0.9998546101,high
oracle_gold_codes,3,128,6f2a5802d3ab371a696939846b2162129bfa30f9a0e371d8fe476564da770b8b,full,high,0.5121587751,0.4878412249,low
oracle_gold_codes,3,130,957962b55a53a08db5f378e511817642230cbd4d6d1cf4d43dd6a4b63131ccc1,full,low,0.9561474179,0.04385258214,low
oracle_gold_codes,3,133,0db9538e9215952f48324bd5b01c66c9eb8ea9adc87245da9db1df8c42a6ab8c,full,high,0.06608238636,0.9339176136,high
class_prior,4,0,0975c479310c006373f337dd0ad7a1b5438b2d205e3489d9920c6e86e5fdbc46,t3,high,0.206185567,0.793814433,high
class_prior,4,1,d824fbb44e854e98bdec49929ed132bd2f214eb9a16c2247f40b049e74673714,t3,high,0.206185567,0.793814433,high
class_prior,4,3,e660b6010195823ff8abb7f5ac22b3e84ad23e55b4bfe23f84e74aa932c77d9a,t3,high,0.206185567,0.793814433,high
class_prior,4,6,384b0ba2da0f7a1aaf92176857f6b862b243c54a44b1a60ad1512e22fb6d4f57,t3,high,0.206185567,0.793814433,high
class_prior,4,9,bd6bdeca4d4d58b93dcd52052f780fcb2ab8a2a77ef89be9ded9271136bf1260,t3,low,0.206185567,0.793814433,high
class_prior,4,12,d751de9a9d281b7d8f3a57160f2880d8a6bb4d189690de0f7d7f2b033ad650a4,t3,high,0.206185567,0.793814433,high
class_prior,4,19,e660b6010195823ff8abb7f5ac22b3e84ad23e55b4bfe23f84e74aa932c77d9a,t3,high,0.206185567,0.793814433,high
class_prior,4,23,56c65c573eb4b7bbca1e8a62ea910f474527ca7cc22d0832f7b8985143579c47,t3,high,0.206185567,0.793814433,high
class_prior,4,30,0b66f0012a6499ae22a3ba3ea556348c4d65f1f039265ec21e4ad82aba2b5dab,t3,high,0.206185567,0.793814433,high
class_prior,4,39,ba4f78fc596e7483b05f73b0a4f0c57215df572dab1d75cba29cf1873022b267,t3,high,0.206185567,0.793814433,high
class_prior,4,40,e660b6010195823ff8abb7f5ac22b3e84ad23e55b4bfe23f84e74aa932c77d9a,t3,high,0.206185567,0.793814433,high
class_prior,4,41,298f1741927a10b95fab08a2419835f2d89a49ade874c77e541bf480e574fcca,t3,high,0.206185567,0.793814433,high
class_prior,4,45,256a5ceb1fe87b9f23a66a55206039faf214b9b926fbe72aba2fd158983b62bf,t3,high,0.206185567,0.793814433,high
class_prior,4,50,e660b6010195823ff8abb7f5ac22b3e84ad23e55b4bfe23f84e74aa932c77d9a,t3,high,0.206185567,0.793814433,high
class_prior,4,58,952764ee08a98895af51812c4985a51b674914b70701d789dc4ff497ab2cd741,t3,high,0.206185567,0.793814433,high
class_prior,4,59,57e7316fb6c2aea7f22af2debf992411f162fb23b99f26e20ca9917a22800b28,t3,low,0.206185567,0.793814433,high
class_prior,4,62,f8e9ffc7e0ffb6235d54b1268168a35dda2087b04f0eb23655d9033041e4895d,t3,high,0.206185567,0.793814433,high
class_prior,4,68,86e764296ae0d3f82d5181fcf23d71b68aa16bec297d30d24b66814a0222bec9,t3,high,0.206185567,0.793814433,high
class_prior,4,73,e553658a13d5730f215fe7abaa4ffcafffebacc2a2c811523c5848785b07feb6,t3,high,0.206185567,0.793814433,high
class_prior,4,89,a66012a80d34bfaefbf35c783b0cb519be49ffe11837f13fda441b6fe3ddf21a,t3,high,0.206185567,0.793814433,high
class_prior,4,98,5223588a92753ef83373d79e22184bdfc746798fd2eec43f6e0d811eb386d59c,t3,high,0.206185567,0.793814433,high
class_prior,4,100,bdb51e8336d8c2a0de850780446afe2818d0b4eeee21137a9bc817eff040e3c0,t3,high,0.206185567,0.793814433,high
class_prior,4,103,e660b6010195823ff8abb7f5ac22b3e84ad23e55b4bfe23f84e74aa932c77d9a,t3,high,0.206185567,0.793814433,high
class_prior,4,112,3a6ec6cf0cccb2db4bc4eb1d6583b28f6dc8816b49e0ae8aaa6a06484645efac,t3,high,0.206185567,0.793814433,high
class_prior,4,122,e553658a13d5730f215fe7abaa4ffcafffebacc2a2c811523c5848785b07feb6,t3,high,0.206185567,0.793814433,high
class_prior,4,124,4f828f23a69a02612b535ecc3b578f0a9ef09ead831878c8330854912886c5a7,t3,high,0.206185567,0.793814433,high
class_prior,4,132,95bf0f1bedb8e4250b3f6ee2dd241da6f07f8e65d2fc1c27c4c900116b2d104c,t3,high,0.206185567,0.793814433,high
structure_only,4,0,0975c479310c006373f337dd0ad7a1b5438b2d205e3489d9920c6e86e5fdbc46,t3,high,0.4834188649,0.5165811351,high
structure_only,4,1,d824fbb44e854e98bdec49929ed132bd2f214eb9a16c2247f40b049e74673714,t3,high,0.4705027139,0.5294972861,high
structure_only,4,3,e660b6010195823ff8abb7f5ac22b3e84ad23e55b4bfe23f84e74aa932c77d9a,t3,high,0.2476774329,0.7523225671,high
structure_only,4,6,384b0ba2da0f7a1aaf92176857f6b862b243c54a44b1a60ad1512e22fb6d4f57,t3,high,0.4466329467,0.5533670533,high
structure_only,4,9,bd6bdeca4d4d58b93dcd52052f780fcb2ab8a2a77ef89be9ded9271136bf1260,t3,low,0.4741897726,0.5258102274,high
structure_only,4,12,d751de9a9d281b7d8f3a57160f2880d8a6bb4d189690de0f7d7f2b033ad650a4,t3,high,0.5534768499,0.4465231501,low
structure_only,4,19,e660b6010195823ff8abb7f5ac22b3e84ad23e55b4bfe23f84e74aa932c77d9a,t3,high,0.4945081699,0.5054918301,high
structure_only,4,23,56c65c573eb4b7bbca1e8a62ea910f474527ca7cc22d0832f7b8985143579c47,t3,high,0.4320582012,0.5679417988,high
structure_only,4,30,0b66f0012a6499ae22a3ba3ea556348c4d65f1f039265ec21e4ad82aba2b5dab,t3,high,0.4815719391,0.5184280609,high
structure_only,4,39,ba4f78fc596e7483b05f73b0a4f0c57215df572dab1d75cba29cf1873022b267,t3,high,0.6387110262,0.3612889738,low
structure_only,4,40,e660b6010195823ff8abb7f5ac22b3e84ad23e55b4bfe23f84e74aa932c77d9a,t3,high,0.1151239025,0.8848760975,high
structure_only,4,41,298f1741927a10b95fab08a2419835f2d89a49ade874c77e541bf480e574fcca,t3,high,0.3873706583,0.6126293417,high
structure_only,4,45,256a5ceb1fe87b9f23a66a55206039faf214b9b926fbe72aba2fd158983b62bf,t3,high,0.4594624276,0.5405375724,high
structure_only,4,50,e660b6010195823ff8abb7f5ac22b3e84ad23e55b4bfe23f84e74aa932c77d9a,t3,high,0.4155314493,0.5844685507,high
structure_only,4,58,952764ee08a98895af51812c4985a51b674914b70701d789dc4ff497ab2cd741,t3,high,0.4032823578,0.5967176422,high
structure_only,4,59,57e7316fb6c2aea7f22af2debf992411f162fb23b99f26e20ca9917a22800b28,t3,low,0.6605916937,0.3394083063,low
structure_only,4,62,f8e9ffc7e0ffb6235d54b1268168a35dda2087b04f0eb23655d9033041e4895d,t3,high,0.4393324943,0.5606675057,high
structure_only,4,68,86e764296ae0d3f82d5181fcf23d71b68aa16bec297d30d24b66814a0222bec9,t3,high,0.6214732743,0.3785267257,low
structure_only,4,73,e553658a13d5730f215fe7abaa4ffcafffebacc2a2c811523c5848785b07feb6,t3,high,0.1206167275,0.8793832725,high
structure_only,4,89,a66012a80d34bfaefbf35c783b0cb519be49ffe11837f13fda441b6fe3ddf21a,t3,high,0.5571299758,0.4428700242,low
structure_only,4,98,5223588a92753ef83373d79e22184bdfc746798fd2eec43f6e0d811eb386d59c,t3,high,0.5037538505,0.4962461495,low
structure_only,4,100,bdb51e8336d8c2a0de850780446afe2818d0b4eeee21137a9bc817eff040e3c0,t3,high,0.6785893713,0.3214106287,low
structure_only,4,103,e660b6010195823ff8abb7f5ac22b3e84ad23e55b4bfe23f84e74aa932c77d9a,t3,high,0.4320582012,0.5679417988,high
structure_only,4,112,3a6ec6cf0cccb2db4bc4eb1d6583b28f6dc8816b49e0ae8aaa6a06484645efac,t3,high,0.7190214552,0.2809785448,low
structure_only,4,122,e553658a13d5730f215fe7abaa4ffcafffebacc2a2c811523c5848785b07feb6,t3,high,0.1174508274,0.8825491726,high
structure_only,4,124,4f828f23a69a02612b535ecc3b578f0a9ef09ead831878c8330854912886c5a7,t3,high,0.1803346546,0.8196653454,high
structure_only,4,132,95bf0f1bedb8e4250b3f6ee2dd241da6f07f8e65d2fc1c27c4c900116b2d104c,t3,high,0.6721024465,0.3278975535,low
tfidf_raw_prefix,4,0,0975c479310c006373f337dd0ad7a1b5438b2d205e3489d9920c6e86e5fdbc46,t3,high,0.3803412225,0.6196587775,high
tfidf_raw_prefix,4,1,d824fbb44e854e98bdec49929ed132bd2f214eb9a16c2247f40b049e74673714,t3,high,0.2799943848,0.7200056152,high
tfidf_raw_prefix,4,3,e660b6010195823ff8abb7f5ac22b3e84ad23e55b4bfe23f84e74aa932c77d9a,t3,high,0.5257903946,0.4742096054,low
tfidf_raw_prefix,4,6,384b0ba2da0f7a1aaf92176857f6b862b243c54a44b1a60ad1512e22fb6d4f57,t3,high,0.3543258955,0.6456741045,high
tfidf_raw_prefix,4,9,bd6bdeca4d4d58b93dcd52052f780fcb2ab8a2a77ef89be9ded9271136bf1260,t3,low,0.4276373537,0.5723626463,high
tfidf_raw_prefix,4,12,d751de9a9d281b7d8f3a57160f2880d8a6bb4d189690de0f7d7f2b033ad650a4,t3,high,0.5368914254,0.4631085746,low
tfidf_raw_prefix,4,19,e660b6010195823ff8abb7f5ac22b3e84ad23e55b4bfe23f84e74aa932c77d9a,t3,high,0.4721721663,0.5278278337,high
tfidf_raw_prefix,4,23,56c65c573eb4b7bbca1e8a62ea910f474527ca7cc22d0832f7b8985143579c47,t3,high,0.3119720458,0.6880279542,high
tfidf_raw_prefix,4,30,0b66f0012a6499ae22a3ba3ea556348c4d65f1f039265ec21e4ad82aba2b5dab,t3,high,0.4108675874,0.5891324126,high
tfidf_raw_prefix,4,39,ba4f78fc596e7483b05f73b0a4f0c57215df572dab1d75cba29cf1873022b267,t3,high,0.4106560419,0.5893439581,high
tfidf_raw_prefix,4,40,e660b6010195823ff8abb7f5ac22b3e84ad23e55b4bfe23f84e74aa932c77d9a,t3,high,0.3202109314,0.6797890686,high
tfidf_raw_prefix,4,41,298f1741927a10b95fab08a2419835f2d89a49ade874c77e541bf480e574fcca,t3,high,0.2786825997,0.7213174003,high
tfidf_raw_prefix,4,45,256a5ceb1fe87b9f23a66a55206039faf214b9b926fbe72aba2fd158983b62bf,t3,high,0.4652492985,0.5347507015,high
tfidf_raw_prefix,4,50,e660b6010195823ff8abb7f5ac22b3e84ad23e55b4bfe23f84e74aa932c77d9a,t3,high,0.4698720233,0.5301279767,high
tfidf_raw_prefix,4,58,952764ee08a98895af51812c4985a51b674914b70701d789dc4ff497ab2cd741,t3,high,0.2492189935,0.7507810065,high
tfidf_raw_prefix,4,59,57e7316fb6c2aea7f22af2debf992411f162fb23b99f26e20ca9917a22800b28,t3,low,0.4350567798,0.5649432202,high
tfidf_raw_prefix,4,62,f8e9ffc7e0ffb6235d54b1268168a35dda2087b04f0eb23655d9033041e4895d,t3,high,0.4366066445,0.5633933555,high
tfidf_raw_prefix,4,68,86e764296ae0d3f82d5181fcf23d71b68aa16bec297d30d24b66814a0222bec9,t3,high,0.5039651448,0.4960348552,low
tfidf_raw_prefix,4,73,e553658a13d5730f215fe7abaa4ffcafffebacc2a2c811523c5848785b07feb6,t3,high,0.4094329328,0.5905670672,high
tfidf_raw_prefix,4,89,a66012a80d34bfaefbf35c783b0cb519be49ffe11837f13fda441b6fe3ddf21a,t3,high,0.423683653,0.576316347,high
tfidf_raw_prefix,4,98,5223588a92753ef83373d79e22184bdfc746798fd2eec43f6e0d811eb386d59c,t3,high,0.3218842766,0.6781157234,high
tfidf_raw_prefix,4,100,bdb51e8336d8c2a0de850780446afe2818d0b4eeee21137a9bc817eff040e3c0,t3,high,0.3469028632,0.6530971368,high
tfidf_raw_prefix,4,103,e660b6010195823ff8abb7f5ac22b3e84ad23e55b4bfe23f84e74aa932c77d9a,t3,high,0.3213809358,0.6786190642,high
tfidf_raw_prefix,4,112,3a6ec6cf0cccb2db4bc4eb1d6583b28f6dc8816b49e0ae8aaa6a06484645efac,t3,high,0.4356101578,0.5643898422,high
tfidf_raw_prefix,4,122,e553658a13d5730f215fe7abaa4ffcafffebacc2a2c811523c5848785b07feb6,t3,high,0.4319270469,0.5680729531,high
tfidf_raw_prefix,4,124,4f828f23a69a02612b535ecc3b578f0a9ef09ead831878c8330854912886c5a7,t3,high,0.445821611,0.554178389,high
tfidf_raw_prefix,4,132,95bf0f1bedb8e4250b3f6ee2dd241da6f07f8e65d2fc1c27c4c900116b2d104c,t3,high,0.5383116589,0.4616883411,low
oracle_gold_codes,4,0,0975c479310c006373f337dd0ad7a1b5438b2d205e3489d9920c6e86e5fdbc46,t3,high,0.6176859939,0.3823140061,low
oracle_gold_codes,4,1,d824fbb44e854e98bdec49929ed132bd2f214eb9a16c2247f40b049e74673714,t3,high,0.1273862932,0.8726137068,high
oracle_gold_codes,4,3,e660b6010195823ff8abb7f5ac22b3e84ad23e55b4bfe23f84e74aa932c77d9a,t3,high,0.1419073896,0.8580926104,high
oracle_gold_codes,4,6,384b0ba2da0f7a1aaf92176857f6b862b243c54a44b1a60ad1512e22fb6d4f57,t3,high,0.3247031626,0.6752968374,high
oracle_gold_codes,4,9,bd6bdeca4d4d58b93dcd52052f780fcb2ab8a2a77ef89be9ded9271136bf1260,t3,low,0.6083246147,0.3916753853,low
oracle_gold_codes,4,12,d751de9a9d281b7d8f3a57160f2880d8a6bb4d189690de0f7d7f2b033ad650a4,t3,high,0.355438093,0.644561907,high
oracle_gold_codes,4,19,e660b6010195823ff8abb7f5ac22b3e84ad23e55b4bfe23f84e74aa932c77d9a,t3,high,0.4732909973,0.5267090027,high
oracle_gold_codes,4,23,56c65c573eb4b7bbca1e8a62ea910f474527ca7cc22d0832f7b8985143579c47,t3,high,0.5976687804,0.4023312196,low
oracle_gold_codes,4,30,0b66f0012a6499ae22a3ba3ea556348c4d65f1f039265ec21e4ad82aba2b5dab,t3,high,0.3183794446,0.6816205554,high
oracle_gold_codes,4,39,ba4f78fc596e7483b05f73b0a4f0c57215df572dab1d75cba29cf1873022b267,t3,high,0.2332119863,0.7667880137,high
oracle_gold_codes,4,40,e660b6010195823ff8abb7f5ac22b3e84ad23e55b4bfe23f84e74aa932c77d9a,t3,high,0.1746198204,0.8253801796,high
oracle_gold_codes,4,41,298f1741927a10b95fab08a2419835f2d89a49ade874c77e541bf480e574fcca,t3,high,0.5106849212,0.4893150788,low
oracle_gold_codes,4,45,256a5ceb1fe87b9f23a66a55206039faf214b9b926fbe72aba2fd158983b62bf,t3,high,0.3030756383,0.6969243617,high
oracle_gold_codes,4,50,e660b6010195823ff8abb7f5ac22b3e84ad23e55b4bfe23f84e74aa932c77d9a,t3,high,0.1236276965,0.8763723035,high
oracle_gold_codes,4,58,952764ee08a98895af51812c4985a51b674914b70701d789dc4ff497ab2cd741,t3,high,0.489520967,0.510479033,high
oracle_gold_codes,4,59,57e7316fb6c2aea7f22af2debf992411f162fb23b99f26e20ca9917a22800b28,t3,low,0.8062998526,0.1937001474,low
oracle_gold_codes,4,62,f8e9ffc7e0ffb6235d54b1268168a35dda2087b04f0eb23655d9033041e4895d,t3,high,0.5289497211,0.4710502789,low
oracle_gold_codes,4,68,86e764296ae0d3f82d5181fcf23d71b68aa16bec297d30d24b66814a0222bec9,t3,high,0.7731052305,0.2268947695,low
oracle_gold_codes,4,73,e553658a13d5730f215fe7abaa4ffcafffebacc2a2c811523c5848785b07feb6,t3,high,0.007070796982,0.992929203,high
oracle_gold_codes,4,89,a66012a80d34bfaefbf35c783b0cb519be49ffe11837f13fda441b6fe3ddf21a,t3,high,0.6309395577,0.3690604423,low
oracle_gold_codes,4,98,5223588a92753ef83373d79e22184bdfc746798fd2eec43f6e0d811eb386d59c,t3,high,0.6689788408,0.3310211592,low
oracle_gold_codes,4,100,bdb51e8336d8c2a0de850780446afe2818d0b4eeee21137a9bc817eff040e3c0,t3,high,0.5468034424,0.4531965576,low
oracle_gold_codes,4,103,e660b6010195823ff8abb7f5ac22b3e84ad23e55b4bfe23f84e74aa932c77d9a,t3,high,0.5597283643,0.4402716357,low
oracle_gold_codes,4,112,3a6ec6cf0cccb2db4bc4eb1d6583b28f6dc8816b49e0ae8aaa6a06484645efac,t3,high,0.8454669748,0.1545330252,low
oracle_gold_codes,4,122,e553658a13d5730f215fe7abaa4ffcafffebacc2a2c811523c5848785b07feb6,t3,high,0.2175968998,0.7824031002,high
oracle_gold_codes,4,124,4f828f23a69a02612b535ecc3b578f0a9ef09ead831878c8330854912886c5a7,t3,high,0.04243055542,0.9575694446,high
oracle_gold_codes,4,132,95bf0f1bedb8e4250b3f6ee2dd241da6f07f8e65d2fc1c27c4c900116b2d104c,t3,high,0.2958025046,0.7041974954,high
class_prior,4,0,0975c479310c006373f337dd0ad7a1b5438b2d205e3489d9920c6e86e5fdbc46,t5,high,0.203125,0.796875,high
class_prior,4,1,d824fbb44e854e98bdec49929ed132bd2f214eb9a16c2247f40b049e74673714,t5,high,0.203125,0.796875,high
class_prior,4,3,e660b6010195823ff8abb7f5ac22b3e84ad23e55b4bfe23f84e74aa932c77d9a,t5,high,0.203125,0.796875,high
class_prior,4,6,384b0ba2da0f7a1aaf92176857f6b862b243c54a44b1a60ad1512e22fb6d4f57,t5,high,0.203125,0.796875,high
class_prior,4,9,bd6bdeca4d4d58b93dcd52052f780fcb2ab8a2a77ef89be9ded9271136bf1260,t5,low,0.203125,0.796875,high
class_prior,4,12,d751de9a9d281b7d8f3a57160f2880d8a6bb4d189690de0f7d7f2b033ad650a4,t5,high,0.203125,0.796875,high
class_prior,4,19,e660b6010195823ff8abb7f5ac22b3e84ad23e55b4bfe23f84e74aa932c77d9a,t5,high,0.203125,0.796875,high
class_prior,4,23,56c65c573eb4b7bbca1e8a62ea910f474527ca7cc22d0832f7b8985143579c47,t5,high,0.203125,0.796875,high
class_prior,4,30,0b66f0012a6499ae22a3ba3ea556348c4d65f1f039265ec21e4ad82aba2b5dab,t5,high,0.203125,0.796875,high
class_prior,4,39,ba4f78fc596e7483b05f73b0a4f0c57215df572dab1d75cba29cf1873022b267,t5,high,0.203125,0.796875,high
class_prior,4,40,e660b6010195823ff8abb7f5ac22b3e84ad23e55b4bfe23f84e74aa932c77d9a,t5,high,0.203125,0.796875,high
class_prior,4,41,298f1741927a10b95fab08a2419835f2d89a49ade874c77e541bf480e574fcca,t5,high,0.203125,0.796875,high
class_prior,4,45,256a5ceb1fe87b9f23a66a55206039faf214b9b926fbe72aba2fd158983b62bf,t5,high,0.203125,0.796875,high
class_prior,4,50,e660b6010195823ff8abb7f5ac22b3e84ad23e55b4bfe23f84e74aa932c77d9a,t5,high,0.203125,0.796875,high
class_prior,4,58,952764ee08a98895af51812c4985a51b674914b70701d789dc4ff497ab2cd741,t5,high,0.203125,0.796875,high
class_prior,4,62,f8e9ffc7e0ffb6235d54b1268168a35dda2087b04f0eb23655d9033041e4895d,t5,high,0.203125,0.796875,high
class_prior,4,68,86e764296ae0d3f82d5181fcf23d71b68aa16bec297d30d24b66814a0222bec9,t5,high,0.203125,0.796875,high
class_prior,4,73,e553658a13d5730f215fe7abaa4ffcafffebacc2a2c811523c5848785b07feb6,t5,high,0.203125,0.796875,high
class_prior,4,89,a66012a80d34bfaefbf35c783b0cb519be49ffe11837f13fda441b6fe3ddf21a,t5,high,0.203125,0.796875,high
class_prior,4,98,5223588a92753ef83373d79e22184bdfc746798fd2eec43f6e0d811eb386d59c,t5,high,0.203125,0.796875,high
class_prior,4,100,bdb51e8336d8c2a0de850780446afe2818d0b4eeee21137a9bc817eff040e3c0,t5,high,0.203125,0.796875,high
class_prior,4,103,e660b6010195823ff8abb7f5ac22b3e84ad23e55b4bfe23f84e74aa932c77d9a,t5,high,0.203125,0.796875,high
class_prior,4,112,3a6ec6cf0cccb2db4bc4eb1d6583b28f6dc8816b49e0ae8aaa6a06484645efac,t5,high,0.203125,0.796875,high
class_prior,4,122,e553658a13d5730f215fe7abaa4ffcafffebacc2a2c811523c5848785b07feb6,t5,high,0.203125,0.796875,high
class_prior,4,124,4f828f23a69a02612b535ecc3b578f0a9ef09ead831878c8330854912886c5a7,t5,high,0.203125,0.796875,high
class_prior,4,132,95bf0f1bedb8e4250b3f6ee2dd241da6f07f8e65d2fc1c27c4c900116b2d104c,t5,high,0.203125,0.796875,high
structure_only,4,0,0975c479310c006373f337dd0ad7a1b5438b2d205e3489d9920c6e86e5fdbc46,t5,high,0.4282738167,0.5717261833,high
structure_only,4,1,d824fbb44e854e98bdec49929ed132bd2f214eb9a16c2247f40b049e74673714,t5,high,0.4999819941,0.5000180059,high
structure_only,4,3,e660b6010195823ff8abb7f5ac22b3e84ad23e55b4bfe23f84e74aa932c77d9a,t5,high,0.212918396,0.787081604,high
structure_only,4,6,384b0ba2da0f7a1aaf92176857f6b862b243c54a44b1a60ad1512e22fb6d4f57,t5,high,0.4338659134,0.5661340866,high
structure_only,4,9,bd6bdeca4d4d58b93dcd52052f780fcb2ab8a2a77ef89be9ded9271136bf1260,t5,low,0.4079359173,0.5920640827,high
structure_only,4,12,d751de9a9d281b7d8f3a57160f2880d8a6bb4d189690de0f7d7f2b033ad650a4,t5,high,0.4715103792,0.5284896208,high
structure_only,4,19,e660b6010195823ff8abb7f5ac22b3e84ad23e55b4bfe23f84e74aa932c77d9a,t5,high,0.3735733116,0.6264266884,high
structure_only,4,23,56c65c573eb4b7bbca1e8a62ea910f474527ca7cc22d0832f7b8985143579c47,t5,high,0.4394749006,0.5605250994,high
structure_only,4,30,0b66f0012a6499ae22a3ba3ea556348c4d65f1f039265ec21e4ad82aba2b5dab,t5,high,0.4024404555,0.5975595445,high
structure_only,4,39,ba4f78fc596e7483b05f73b0a4f0c57215df572dab1d75cba29cf1873022b267,t5,high,0.6011751742,0.3988248258,low
structure_only,4,40,e660b6010195823ff8abb7f5ac22b3e84ad23e55b4bfe23f84e74aa932c77d9a,t5,high,0.07132738899,0.928672611,high
structure_only,4,41,298f1741927a10b95fab08a2419835f2d89a49ade874c77e541bf480e574fcca,t5,high,0.2565142056,0.7434857944,high
structure_only,4,45,256a5ceb1fe87b9f23a66a55206039faf214b9b926fbe72aba2fd158983b62bf,t5,high,0.4061014644,0.5938985356,high
structure_only,4,50,e660b6010195823ff8abb7f5ac22b3e84ad23e55b4bfe23f84e74aa932c77d9a,t5,high,0.3149030787,0.6850969213,high
structure_only,4,58,952764ee08a98895af51812c4985a51b674914b70701d789dc4ff497ab2cd741,t5,high,0.3421495925,0.6578504075,high
structure_only,4,62,f8e9ffc7e0ffb6235d54b1268168a35dda2087b04f0eb23655d9033041e4895d,t5,high,0.4134544993,0.5865455007,high
structure_only,4,68,86e764296ae0d3f82d5181fcf23d71b68aa16bec297d30d24b66814a0222bec9,t5,high,0.4961817341,0.5038182659,high
structure_only,4,73,e553658a13d5730f215fe7abaa4ffcafffebacc2a2c811523c5848785b07feb6,t5,high,0.07899851184,0.9210014882,high
structure_only,4,89,a66012a80d34bfaefbf35c783b0cb519be49ffe11837f13fda441b6fe3ddf21a,t5,high,0.6797001504,0.3202998496,low
structure_only,4,98,5223588a92753ef83373d79e22184bdfc746798fd2eec43f6e0d811eb386d59c,t5,high,0.3771374533,0.6228625467,high
structure_only,4,100,bdb51e8336d8c2a0de850780446afe2818d0b4eeee21137a9bc817eff040e3c0,t5,high,0.5698288038,0.4301711962,low
structure_only,4,103,e660b6010195823ff8abb7f5ac22b3e84ad23e55b4bfe23f84e74aa932c77d9a,t5,high,0.4885829763,0.5114170237,high
structure_only,4,112,3a6ec6cf0cccb2db4bc4eb1d6583b28f6dc8816b49e0ae8aaa6a06484645efac,t5,high,0.9273145718,0.07268542816,low
structure_only,4,122,e553658a13d5730f215fe7abaa4ffcafffebacc2a2c811523c5848785b07feb6,t5,high,0.08683139529,0.9131686047,high
structure_only,4,124,4f828f23a69a02612b535ecc3b578f0a9ef09ead831878c8330854912886c5a7,t5,high,0.02917330498,0.970826695,high
structure_only,4,132,95bf0f1bedb8e4250b3f6ee2dd241da6f07f8e65d2fc1c27c4c900116b2d104c,t5,high,0.6780431699,0.3219568301,low
tfidf_raw_prefix,4,0,0975c479310c006373f337dd0ad7a1b5438b2d205e3489d9920c6e86e5fdbc46,t5,high,0.4055738455,0.5944261545,high
tfidf_raw_prefix,4,1,d824fbb44e854e98bdec49929ed132bd2f214eb9a16c2247f40b049e74673714,t5,high,0.3110954931,0.6889045069,high
tfidf_raw_prefix,4,3,e660b6010195823ff8abb7f5ac22b3e84ad23e55b4bfe23f84e74aa932c77d9a,t5,high,0.4310826286,0.5689173714,high
tfidf_raw_prefix,4,6,384b0ba2da0f7a1aaf92176857f6b862b243c54a44b1a60ad1512e22fb6d4f57,t5,high,0.4533779218,0.5466220782,high
tfidf_raw_prefix,4,9,bd6bdeca4d4d58b93dcd52052f780fcb2ab8a2a77ef89be9ded9271136bf1260,t5,low,0.3929158401,0.6070841599,high
tfidf_raw_prefix,4,12,d751de9a9d281b7d8f3a57160f2880d8a6bb4d189690de0f7d7f2b033ad650a4,t5,high,0.4186922757,0.5813077243,high
tfidf_raw_prefix,4,19,e660b6010195823ff8abb7f5ac22b3e84ad23e55b4bfe23f84e74aa932c77d9a,t5,high,0.4361747876,0.5638252124,high
tfidf_raw_prefix,4,23,56c65c573eb4b7bbca1e8a62ea910f474527ca7cc22d0832f7b8985143579c47,t5,high,0.2918152092,0.7081847908,high
tfidf_raw_prefix,4,30,0b66f0012a6499ae22a3ba3ea556348c4d65f1f039265ec21e4ad82aba2b5dab,t5,high,0.4465862176,0.5534137824,high
tfidf_raw_prefix,4,39,ba4f78fc596e7483b05f73b0a4f0c57215df572dab1d75cba29cf1873022b267,t5,high,0.4328357995,0.5671642005,high
tfidf_raw_prefix,4,40,e660b6010195823ff8abb7f5ac22b3e84ad23e55b4bfe23f84e74aa932c77d9a,t5,high,0.2820855526,0.7179144474,high
tfidf_raw_prefix,4,41,298f1741927a10b95fab08a2419835f2d89a49ade874c77e541bf480e574fcca,t5,high,0.2500747319,0.7499252681,high
tfidf_raw_prefix,4,45,256a5ceb1fe87b9f23a66a55206039faf214b9b926fbe72aba2fd158983b62bf,t5,high,0.4406587085,0.5593412915,high
tfidf_raw_prefix,4,50,e660b6010195823ff8abb7f5ac22b3e84ad23e55b4bfe23f84e74aa932c77d9a,t5,high,0.4587538006,0.5412461994,high
tfidf_raw_prefix,4,58,952764ee08a98895af51812c4985a51b674914b70701d789dc4ff497ab2cd741,t5,high,0.3413660455,0.6586339545,high
tfidf_raw_prefix,4,62,f8e9ffc7e0ffb6235d54b1268168a35dda2087b04f0eb23655d9033041e4895d,t5,high,0.421236666,0.578763334,high
tfidf_raw_prefix,4,68,86e764296ae0d3f82d5181fcf23d71b68aa16bec297d30d24b66814a0222bec9,t5,high,0.4636224449,0.5363775551,high
tfidf_raw_prefix,4,73,e553658a13d5730f215fe7abaa4ffcafffebacc2a2c811523c5848785b07feb6,t5,high,0.3658444264,0.6341555736,high
tfidf_raw_prefix,4,89,a66012a80d34bfaefbf35c783b0cb519be49ffe11837f13fda441b6fe3ddf21a,t5,high,0.4753981837,0.5246018163,high
tfidf_raw_prefix,4,98,5223588a92753ef83373d79e22184bdfc746798fd2eec43f6e0d811eb386d59c,t5,high,0.3039659723,0.6960340277,high
tfidf_raw_prefix,4,100,bdb51e8336d8c2a0de850780446afe2818d0b4eeee21137a9bc817eff040e3c0,t5,high,0.3755797507,0.6244202493,high
tfidf_raw_prefix,4,103,e660b6010195823ff8abb7f5ac22b3e84ad23e55b4bfe23f84e74aa932c77d9a,t5,high,0.3787951556,0.6212048444,high
tfidf_raw_prefix,4,112,3a6ec6cf0cccb2db4bc4eb1d6583b28f6dc8816b49e0ae8aaa6a06484645efac,t5,high,0.4471931164,0.5528068836,high
tfidf_raw_prefix,4,122,e553658a13d5730f215fe7abaa4ffcafffebacc2a2c811523c5848785b07feb6,t5,high,0.3797790169,0.6202209831,high
tfidf_raw_prefix,4,124,4f828f23a69a02612b535ecc3b578f0a9ef09ead831878c8330854912886c5a7,t5,high,0.3494437163,0.6505562837,high
tfidf_raw_prefix,4,132,95bf0f1bedb8e4250b3f6ee2dd241da6f07f8e65d2fc1c27c4c900116b2d104c,t5,high,0.4673203007,0.5326796993,high
oracle_gold_codes,4,0,0975c479310c006373f337dd0ad7a1b5438b2d205e3489d9920c6e86e5fdbc46,t5,high,0.8324291152,0.1675708848,low
oracle_gold_codes,4,1,d824fbb44e854e98bdec49929ed132bd2f214eb9a16c2247f40b049e74673714,t5,high,0.1126113411,0.8873886589,high
oracle_gold_codes,4,3,e660b6010195823ff8abb7f5ac22b3e84ad23e55b4bfe23f84e74aa932c77d9a,t5,high,0.1193574493,0.8806425507,high
oracle_gold_codes,4,6,384b0ba2da0f7a1aaf92176857f6b862b243c54a44b1a60ad1512e22fb6d4f57,t5,high,0.1481603721,0.8518396279,high
oracle_gold_codes,4,9,bd6bdeca4d4d58b93dcd52052f780fcb2ab8a2a77ef89be9ded9271136bf1260,t5,low,0.6916965992,0.3083034008,low
oracle_gold_codes,4,12,d751de9a9d281b7d8f3a57160f2880d8a6bb4d189690de0f7d7f2b033ad650a4,t5,high,0.2516959818,0.7483040182,high
oracle_gold_codes,4,19,e660b6010195823ff8abb7f5ac22b3e84ad23e55b4bfe23f84e74aa932c77d9a,t5,high,0.0458318645,0.9541681355,high
oracle_gold_codes,4,23,56c65c573eb4b7bbca1e8a62ea910f474527ca7cc22d0832f7b8985143579c47,t5,high,0.3154263511,0.6845736489,high
oracle_gold_codes,4,30,0b66f0012a6499ae22a3ba3ea556348c4d65f1f039265ec21e4ad82aba2b5dab,t5,high,0.2225426219,0.7774573781,high
oracle_gold_codes,4,39,ba4f78fc596e7483b05f73b0a4f0c57215df572dab1d75cba29cf1873022b267,t5,high,0.02041602254,0.9795839775,high
oracle_gold_codes,4,40,e660b6010195823ff8abb7f5ac22b3e84ad23e55b4bfe23f84e74aa932c77d9a,t5,high,0.184142467,0.815857533,high
oracle_gold_codes,4,41,298f1741927a10b95fab08a2419835f2d89a49ade874c77e541bf480e574fcca,t5,high,0.4046135072,0.5953864928,high
oracle_gold_codes,4,45,256a5ceb1fe87b9f23a66a55206039faf214b9b926fbe72aba2fd158983b62bf,t5,high,0.1174638543,0.8825361457,high
oracle_gold_codes,4,50,e660b6010195823ff8abb7f5ac22b3e84ad23e55b4bfe23f84e74aa932c77d9a,t5,high,0.007712220549,0.9922877795,high
oracle_gold_codes,4,58,952764ee08a98895af51812c4985a51b674914b70701d789dc4ff497ab2cd741,t5,high,0.2167634237,0.7832365763,high
oracle_gold_codes,4,62,f8e9ffc7e0ffb6235d54b1268168a35dda2087b04f0eb23655d9033041e4895d,t5,high,0.2392903082,0.7607096918,high
oracle_gold_codes,4,68,86e764296ae0d3f82d5181fcf23d71b68aa16bec297d30d24b66814a0222bec9,t5,high,0.6981546057,0.3018453943,low
oracle_gold_codes,4,73,e553658a13d5730f215fe7abaa4ffcafffebacc2a2c811523c5848785b07feb6,t5,high,0.001691864713,0.9983081353,high
oracle_gold_codes,4,89,a66012a80d34bfaefbf35c783b0cb519be49ffe11837f13fda441b6fe3ddf21a,t5,high,0.7196139203,0.2803860797,low
oracle_gold_codes,4,98,5223588a92753ef83373d79e22184bdfc746798fd2eec43f6e0d811eb386d59c,t5,high,0.6335846966,0.3664153034,low
oracle_gold_codes,4,100,bdb51e8336d8c2a0de850780446afe2818d0b4eeee21137a9bc817eff040e3c0,t5,high,0.146065959,0.853934041,high
oracle_gold_codes,4,103,e660b6010195823ff8abb7f5ac22b3e84ad23e55b4bfe23f84e74aa932c77d9a,t5,high,0.3598483238,0.6401516762,high
oracle_gold_codes,4,112,3a6ec6cf0cccb2db4bc4eb1d6583b28f6dc8816b49e0ae8aaa6a06484645efac,t5,high,0.7260572379,0.2739427621,low
oracle_gold_codes,4,122,e553658a13d5730f215fe7abaa4ffcafffebacc2a2c811523c5848785b07feb6,t5,high,0.2357596546,0.7642403454,high
oracle_gold_codes,4,124,4f828f23a69a02612b535ecc3b578f0a9ef09ead831878c8330854912886c5a7,t5,high,0.000860652941,0.9991393471,high
oracle_gold_codes,4,132,95bf0f1bedb8e4250b3f6ee2dd241da6f07f8e65d2fc1c27c4c900116b2d104c,t5,high,0.3855946668,0.6144053332,high
class_prior,4,0,0975c479310c006373f337dd0ad7a1b5438b2d205e3489d9920c6e86e5fdbc46,t10,high,0.1954022989,0.8045977011,high
class_prior,4,1,d824fbb44e854e98bdec49929ed132bd2f214eb9a16c2247f40b049e74673714,t10,high,0.1954022989,0.8045977011,high
class_prior,4,6,384b0ba2da0f7a1aaf92176857f6b862b243c54a44b1a60ad1512e22fb6d4f57,t10,high,0.1954022989,0.8045977011,high
class_prior,4,9,bd6bdeca4d4d58b93dcd52052f780fcb2ab8a2a77ef89be9ded9271136bf1260,t10,low,0.1954022989,0.8045977011,high
class_prior,4,12,d751de9a9d281b7d8f3a57160f2880d8a6bb4d189690de0f7d7f2b033ad650a4,t10,high,0.1954022989,0.8045977011,high
class_prior,4,23,56c65c573eb4b7bbca1e8a62ea910f474527ca7cc22d0832f7b8985143579c47,t10,high,0.1954022989,0.8045977011,high
class_prior,4,30,0b66f0012a6499ae22a3ba3ea556348c4d65f1f039265ec21e4ad82aba2b5dab,t10,high,0.1954022989,0.8045977011,high
class_prior,4,39,ba4f78fc596e7483b05f73b0a4f0c57215df572dab1d75cba29cf1873022b267,t10,high,0.1954022989,0.8045977011,high
class_prior,4,40,e660b6010195823ff8abb7f5ac22b3e84ad23e55b4bfe23f84e74aa932c77d9a,t10,high,0.1954022989,0.8045977011,high
class_prior,4,41,298f1741927a10b95fab08a2419835f2d89a49ade874c77e541bf480e574fcca,t10,high,0.1954022989,0.8045977011,high
class_prior,4,45,256a5ceb1fe87b9f23a66a55206039faf214b9b926fbe72aba2fd158983b62bf,t10,high,0.1954022989,0.8045977011,high
class_prior,4,50,e660b6010195823ff8abb7f5ac22b3e84ad23e55b4bfe23f84e74aa932c77d9a,t10,high,0.1954022989,0.8045977011,high
class_prior,4,58,952764ee08a98895af51812c4985a51b674914b70701d789dc4ff497ab2cd741,t10,high,0.1954022989,0.8045977011,high
class_prior,4,62,f8e9ffc7e0ffb6235d54b1268168a35dda2087b04f0eb23655d9033041e4895d,t10,high,0.1954022989,0.8045977011,high
class_prior,4,68,86e764296ae0d3f82d5181fcf23d71b68aa16bec297d30d24b66814a0222bec9,t10,high,0.1954022989,0.8045977011,high
class_prior,4,73,e553658a13d5730f215fe7abaa4ffcafffebacc2a2c811523c5848785b07feb6,t10,high,0.1954022989,0.8045977011,high
class_prior,4,89,a66012a80d34bfaefbf35c783b0cb519be49ffe11837f13fda441b6fe3ddf21a,t10,high,0.1954022989,0.8045977011,high
class_prior,4,98,5223588a92753ef83373d79e22184bdfc746798fd2eec43f6e0d811eb386d59c,t10,high,0.1954022989,0.8045977011,high
class_prior,4,100,bdb51e8336d8c2a0de850780446afe2818d0b4eeee21137a9bc817eff040e3c0,t10,high,0.1954022989,0.8045977011,high
class_prior,4,112,3a6ec6cf0cccb2db4bc4eb1d6583b28f6dc8816b49e0ae8aaa6a06484645efac,t10,high,0.1954022989,0.8045977011,high
class_prior,4,122,e553658a13d5730f215fe7abaa4ffcafffebacc2a2c811523c5848785b07feb6,t10,high,0.1954022989,0.8045977011,high
class_prior,4,124,4f828f23a69a02612b535ecc3b578f0a9ef09ead831878c8330854912886c5a7,t10,high,0.1954022989,0.8045977011,high
class_prior,4,132,95bf0f1bedb8e4250b3f6ee2dd241da6f07f8e65d2fc1c27c4c900116b2d104c,t10,high,0.1954022989,0.8045977011,high
structure_only,4,0,0975c479310c006373f337dd0ad7a1b5438b2d205e3489d9920c6e86e5fdbc46,t10,high,0.4215902762,0.5784097238,high
structure_only,4,1,d824fbb44e854e98bdec49929ed132bd2f214eb9a16c2247f40b049e74673714,t10,high,0.4868707939,0.5131292061,high
structure_only,4,6,384b0ba2da0f7a1aaf92176857f6b862b243c54a44b1a60ad1512e22fb6d4f57,t10,high,0.5014237259,0.4985762741,low
structure_only,4,9,bd6bdeca4d4d58b93dcd52052f780fcb2ab8a2a77ef89be9ded9271136bf1260,t10,low,0.527937812,0.472062188,low
structure_only,4,12,d751de9a9d281b7d8f3a57160f2880d8a6bb4d189690de0f7d7f2b033ad650a4,t10,high,0.5586791239,0.4413208761,low
structure_only,4,23,56c65c573eb4b7bbca1e8a62ea910f474527ca7cc22d0832f7b8985143579c47,t10,high,0.5644248183,0.4355751817,low
structure_only,4,30,0b66f0012a6499ae22a3ba3ea556348c4d65f1f039265ec21e4ad82aba2b5dab,t10,high,0.4149236089,0.5850763911,high
structure_only,4,39,ba4f78fc596e7483b05f73b0a4f0c57215df572dab1d75cba29cf1873022b267,t10,high,0.5500607019,0.4499392981,low
structure_only,4,40,e660b6010195823ff8abb7f5ac22b3e84ad23e55b4bfe23f84e74aa932c77d9a,t10,high,0.1727417856,0.8272582144,high
structure_only,4,41,298f1741927a10b95fab08a2419835f2d89a49ade874c77e541bf480e574fcca,t10,high,0.4249345197,0.5750654803,high
structure_only,4,45,256a5ceb1fe87b9f23a66a55206039faf214b9b926fbe72aba2fd158983b62bf,t10,high,0.4629612353,0.5370387647,high
structure_only,4,50,e660b6010195823ff8abb7f5ac22b3e84ad23e55b4bfe23f84e74aa932c77d9a,t10,high,0.2916727527,0.7083272473,high
structure_only,4,58,952764ee08a98895af51812c4985a51b674914b70701d789dc4ff497ab2cd741,t10,high,0.4140924089,0.5859075911,high
structure_only,4,62,f8e9ffc7e0ffb6235d54b1268168a35dda2087b04f0eb23655d9033041e4895d,t10,high,0.4632196304,0.5367803696,high
structure_only,4,68,86e764296ae0d3f82d5181fcf23d71b68aa16bec297d30d24b66814a0222bec9,t10,high,0.4604076273,0.5395923727,high
structure_only,4,73,e553658a13d5730f215fe7abaa4ffcafffebacc2a2c811523c5848785b07feb6,t10,high,0.1619187131,0.8380812869,high
structure_only,4,89,a66012a80d34bfaefbf35c783b0cb519be49ffe11837f13fda441b6fe3ddf21a,t10,high,0.5669491769,0.4330508231,low
structure_only,4,98,5223588a92753ef83373d79e22184bdfc746798fd2eec43f6e0d811eb386d59c,t10,high,0.406634143,0.593365857,high
structure_only,4,100,bdb51e8336d8c2a0de850780446afe2818d0b4eeee21137a9bc817eff040e3c0,t10,high,0.669158323,0.330841677,low
structure_only,4,112,3a6ec6cf0cccb2db4bc4eb1d6583b28f6dc8816b49e0ae8aaa6a06484645efac,t10,high,0.7717325919,0.2282674081,low
structure_only,4,122,e553658a13d5730f215fe7abaa4ffcafffebacc2a2c811523c5848785b07feb6,t10,high,0.136656473,0.863343527,high
structure_only,4,124,4f828f23a69a02612b535ecc3b578f0a9ef09ead831878c8330854912886c5a7,t10,high,0.246312671,0.753687329,high
structure_only,4,132,95bf0f1bedb8e4250b3f6ee2dd241da6f07f8e65d2fc1c27c4c900116b2d104c,t10,high,0.5870086486,0.4129913514,low
tfidf_raw_prefix,4,0,0975c479310c006373f337dd0ad7a1b5438b2d205e3489d9920c6e86e5fdbc46,t10,high,0.4289093225,0.5710906775,high
tfidf_raw_prefix,4,1,d824fbb44e854e98bdec49929ed132bd2f214eb9a16c2247f40b049e74673714,t10,high,0.3469242036,0.6530757964,high
tfidf_raw_prefix,4,6,384b0ba2da0f7a1aaf92176857f6b862b243c54a44b1a60ad1512e22fb6d4f57,t10,high,0.365510323,0.634489677,high
tfidf_raw_prefix,4,9,bd6bdeca4d4d58b93dcd52052f780fcb2ab8a2a77ef89be9ded9271136bf1260,t10,low,0.4327596866,0.5672403134,high
tfidf_raw_prefix,4,12,d751de9a9d281b7d8f3a57160f2880d8a6bb4d189690de0f7d7f2b033ad650a4,t10,high,0.3389007198,0.6610992802,high
tfidf_raw_prefix,4,23,56c65c573eb4b7bbca1e8a62ea910f474527ca7cc22d0832f7b8985143579c47,t10,high,0.3100305345,0.6899694655,high
tfidf_raw_prefix,4,30,0b66f0012a6499ae22a3ba3ea556348c4d65f1f039265ec21e4ad82aba2b5dab,t10,high,0.400543901,0.599456099,high
tfidf_raw_prefix,4,39,ba4f78fc596e7483b05f73b0a4f0c57215df572dab1d75cba29cf1873022b267,t10,high,0.3922894416,0.6077105584,high
tfidf_raw_prefix,4,40,e660b6010195823ff8abb7f5ac22b3e84ad23e55b4bfe23f84e74aa932c77d9a,t10,high,0.3341793571,0.6658206429,high
tfidf_raw_prefix,4,41,298f1741927a10b95fab08a2419835f2d89a49ade874c77e541bf480e574fcca,t10,high,0.3509083198,0.6490916802,high
tfidf_raw_prefix,4,45,256a5ceb1fe87b9f23a66a55206039faf214b9b926fbe72aba2fd158983b62bf,t10,high,0.3667513425,0.6332486575,high
tfidf_raw_prefix,4,50,e660b6010195823ff8abb7f5ac22b3e84ad23e55b4bfe23f84e74aa932c77d9a,t10,high,0.3964024679,0.6035975321,high
tfidf_raw_prefix,4,58,952764ee08a98895af51812c4985a51b674914b70701d789dc4ff497ab2cd741,t10,high,0.3594624465,0.6405375535,high
tfidf_raw_prefix,4,62,f8e9ffc7e0ffb6235d54b1268168a35dda2087b04f0eb23655d9033041e4895d,t10,high,0.3812694153,0.6187305847,high
tfidf_raw_prefix,4,68,86e764296ae0d3f82d5181fcf23d71b68aa16bec297d30d24b66814a0222bec9,t10,high,0.4824773856,0.5175226144,high
tfidf_raw_prefix,4,73,e553658a13d5730f215fe7abaa4ffcafffebacc2a2c811523c5848785b07feb6,t10,high,0.3590757355,0.6409242645,high
tfidf_raw_prefix,4,89,a66012a80d34bfaefbf35c783b0cb519be49ffe11837f13fda441b6fe3ddf21a,t10,high,0.3955727931,0.6044272069,high
tfidf_raw_prefix,4,98,5223588a92753ef83373d79e22184bdfc746798fd2eec43f6e0d811eb386d59c,t10,high,0.3742780628,0.6257219372,high
tfidf_raw_prefix,4,100,bdb51e8336d8c2a0de850780446afe2818d0b4eeee21137a9bc817eff040e3c0,t10,high,0.3738004564,0.6261995436,high
tfidf_raw_prefix,4,112,3a6ec6cf0cccb2db4bc4eb1d6583b28f6dc8816b49e0ae8aaa6a06484645efac,t10,high,0.4019679936,0.5980320064,high
tfidf_raw_prefix,4,122,e553658a13d5730f215fe7abaa4ffcafffebacc2a2c811523c5848785b07feb6,t10,high,0.3003630419,0.6996369581,high
tfidf_raw_prefix,4,124,4f828f23a69a02612b535ecc3b578f0a9ef09ead831878c8330854912886c5a7,t10,high,0.3250829648,0.6749170352,high
tfidf_raw_prefix,4,132,95bf0f1bedb8e4250b3f6ee2dd241da6f07f8e65d2fc1c27c4c900116b2d104c,t10,high,0.4545606473,0.5454393527,high
oracle_gold_codes,4,0,0975c479310c006373f337dd0ad7a1b5438b2d205e3489d9920c6e86e5fdbc46,t10,high,0.9196900435,0.08030995645,low
oracle_gold_codes,4,1,d824fbb44e854e98bdec49929ed132bd2f214eb9a16c2247f40b049e74673714,t10,high,0.0830115462,0.9169884538,high
oracle_gold_codes,4,6,384b0ba2da0f7a1aaf92176857f6b862b243c54a44b1a60ad1512e22fb6d4f57,t10,high,0.1118510793,0.8881489207,high
oracle_gold_codes,4,9,bd6bdeca4d4d58b93dcd52052f780fcb2ab8a2a77ef89be9ded9271136bf1260,t10,low,0.9057294056,0.09427059443,low
oracle_gold_codes,4,12,d751de9a9d281b7d8f3a57160f2880d8a6bb4d189690de0f7d7f2b033ad650a4,t10,high,0.2104139477,0.7895860523,high
oracle_gold_codes,4,23,56c65c573eb4b7bbca1e8a62ea910f474527ca7cc22d0832f7b8985143579c47,t10,high,0.1404839313,0.8595160687,high
oracle_gold_codes,4,30,0b66f0012a6499ae22a3ba3ea556348c4d65f1f039265ec21e4ad82aba2b5dab,t10,high,0.4310201433,0.5689798567,high
oracle_gold_codes,4,39,ba4f78fc596e7483b05f73b0a4f0c57215df572dab1d75cba29cf1873022b267,t10,high,0.06446429692,0.9355357031,high
oracle_gold_codes,4,40,e660b6010195823ff8abb7f5ac22b3e84ad23e55b4bfe23f84e74aa932c77d9a,t10,high,0.09750679023,0.9024932098,high
oracle_gold_codes,4,41,298f1741927a10b95fab08a2419835f2d89a49ade874c77e541bf480e574fcca,t10,high,0.3858819634,0.6141180366,high
oracle_gold_codes,4,45,256a5ceb1fe87b9f23a66a55206039faf214b9b926fbe72aba2fd158983b62bf,t10,high,0.2926137649,0.7073862351,high
oracle_gold_codes,4,50,e660b6010195823ff8abb7f5ac22b3e84ad23e55b4bfe23f84e74aa932c77d9a,t10,high,0.0115956291,0.9884043709,high
oracle_gold_codes,4,58,952764ee08a98895af51812c4985a51b674914b70701d789dc4ff497ab2cd741,t10,high,0.2183860573,0.7816139427,high
oracle_gold_codes,4,62,f8e9ffc7e0ffb6235d54b1268168a35dda2087b04f0eb23655d9033041e4895d,t10,high,0.08000383665,0.9199961633,high
oracle_gold_codes,4,68,86e764296ae0d3f82d5181fcf23d71b68aa16bec297d30d24b66814a0222bec9,t10,high,0.4849871794,0.5150128206,high
oracle_gold_codes,4,73,e553658a13d5730f215fe7abaa4ffcafffebacc2a2c811523c5848785b07feb6,t10,high,0.0004033329103,0.9995966671,high
oracle_gold_codes,4,89,a66012a80d34bfaefbf35c783b0cb519be49ffe11837f13fda441b6fe3ddf21a,t10,high,0.6024380159,0.3975619841,low
oracle_gold_codes,4,98,5223588a92753ef83373d79e22184bdfc746798fd2eec43f6e0d811eb386d59c,t10,high,0.6454041915,0.3545958085,low
oracle_gold_codes,4,100,bdb51e8336d8c2a0de850780446afe2818d0b4eeee21137a9bc817eff040e3c0,t10,high,0.08023646036,0.9197635396,high
oracle_gold_codes,4,112,3a6ec6cf0cccb2db4bc4eb1d6583b28f6dc8816b49e0ae8aaa6a06484645efac,t10,high,0.130926488,0.869073512,high
oracle_gold_codes,4,122,e553658a13d5730f215fe7abaa4ffcafffebacc2a2c811523c5848785b07feb6,t10,high,0.007900684641,0.9920993154,high
oracle_gold_codes,4,124,4f828f23a69a02612b535ecc3b578f0a9ef09ead831878c8330854912886c5a7,t10,high,0.004003221426,0.9959967786,high
oracle_gold_codes,4,132,95bf0f1bedb8e4250b3f6ee2dd241da6f07f8e65d2fc1c27c4c900116b2d104c,t10,high,0.312333634,0.687666366,high
class_prior,4,0,0975c479310c006373f337dd0ad7a1b5438b2d205e3489d9920c6e86e5fdbc46,t20,high,0.08928571429,0.9107142857,high
class_prior,4,6,384b0ba2da0f7a1aaf92176857f6b862b243c54a44b1a60ad1512e22fb6d4f57,t20,high,0.08928571429,0.9107142857,high
class_prior,4,12,d751de9a9d281b7d8f3a57160f2880d8a6bb4d189690de0f7d7f2b033ad650a4,t20,high,0.08928571429,0.9107142857,high
class_prior,4,23,56c65c573eb4b7bbca1e8a62ea910f474527ca7cc22d0832f7b8985143579c47,t20,high,0.08928571429,0.9107142857,high
class_prior,4,39,ba4f78fc596e7483b05f73b0a4f0c57215df572dab1d75cba29cf1873022b267,t20,high,0.08928571429,0.9107142857,high
class_prior,4,41,298f1741927a10b95fab08a2419835f2d89a49ade874c77e541bf480e574fcca,t20,high,0.08928571429,0.9107142857,high
class_prior,4,45,256a5ceb1fe87b9f23a66a55206039faf214b9b926fbe72aba2fd158983b62bf,t20,high,0.08928571429,0.9107142857,high
class_prior,4,50,e660b6010195823ff8abb7f5ac22b3e84ad23e55b4bfe23f84e74aa932c77d9a,t20,high,0.08928571429,0.9107142857,high
class_prior,4,58,952764ee08a98895af51812c4985a51b674914b70701d789dc4ff497ab2cd741,t20,high,0.08928571429,0.9107142857,high
class_prior,4,62,f8e9ffc7e0ffb6235d54b1268168a35dda2087b04f0eb23655d9033041e4895d,t20,high,0.08928571429,0.9107142857,high
class_prior,4,68,86e764296ae0d3f82d5181fcf23d71b68aa16bec297d30d24b66814a0222bec9,t20,high,0.08928571429,0.9107142857,high
class_prior,4,89,a66012a80d34bfaefbf35c783b0cb519be49ffe11837f13fda441b6fe3ddf21a,t20,high,0.08928571429,0.9107142857,high
class_prior,4,98,5223588a92753ef83373d79e22184bdfc746798fd2eec43f6e0d811eb386d59c,t20,high,0.08928571429,0.9107142857,high
class_prior,4,100,bdb51e8336d8c2a0de850780446afe2818d0b4eeee21137a9bc817eff040e3c0,t20,high,0.08928571429,0.9107142857,high
class_prior,4,112,3a6ec6cf0cccb2db4bc4eb1d6583b28f6dc8816b49e0ae8aaa6a06484645efac,t20,high,0.08928571429,0.9107142857,high
class_prior,4,124,4f828f23a69a02612b535ecc3b578f0a9ef09ead831878c8330854912886c5a7,t20,high,0.08928571429,0.9107142857,high
class_prior,4,132,95bf0f1bedb8e4250b3f6ee2dd241da6f07f8e65d2fc1c27c4c900116b2d104c,t20,high,0.08928571429,0.9107142857,high
structure_only,4,0,0975c479310c006373f337dd0ad7a1b5438b2d205e3489d9920c6e86e5fdbc46,t20,high,0.4212813626,0.5787186374,high
structure_only,4,6,384b0ba2da0f7a1aaf92176857f6b862b243c54a44b1a60ad1512e22fb6d4f57,t20,high,0.456653296,0.543346704,high
structure_only,4,12,d751de9a9d281b7d8f3a57160f2880d8a6bb4d189690de0f7d7f2b033ad650a4,t20,high,0.9082819011,0.09171809885,low
structure_only,4,23,56c65c573eb4b7bbca1e8a62ea910f474527ca7cc22d0832f7b8985143579c47,t20,high,0.03240074338,0.9675992566,high
structure_only,4,39,ba4f78fc596e7483b05f73b0a4f0c57215df572dab1d75cba29cf1873022b267,t20,high,0.3626582278,0.6373417722,high
structure_only,4,41,298f1741927a10b95fab08a2419835f2d89a49ade874c77e541bf480e574fcca,t20,high,0.1175933215,0.8824066785,high
structure_only,4,45,256a5ceb1fe87b9f23a66a55206039faf214b9b926fbe72aba2fd158983b62bf,t20,high,0.4617509516,0.5382490484,high
structure_only,4,50,e660b6010195823ff8abb7f5ac22b3e84ad23e55b4bfe23f84e74aa932c77d9a,t20,high,0.1228111006,0.8771888994,high
structure_only,4,58,952764ee08a98895af51812c4985a51b674914b70701d789dc4ff497ab2cd741,t20,high,0.4202807539,0.5797192461,high
structure_only,4,62,f8e9ffc7e0ffb6235d54b1268168a35dda2087b04f0eb23655d9033041e4895d,t20,high,0.798476819,0.201523181,low
structure_only,4,68,86e764296ae0d3f82d5181fcf23d71b68aa16bec297d30d24b66814a0222bec9,t20,high,0.5406171546,0.4593828454,low
structure_only,4,89,a66012a80d34bfaefbf35c783b0cb519be49ffe11837f13fda441b6fe3ddf21a,t20,high,0.3741206604,0.6258793396,high
structure_only,4,98,5223588a92753ef83373d79e22184bdfc746798fd2eec43f6e0d811eb386d59c,t20,high,0.5191436437,0.4808563563,low
structure_only,4,100,bdb51e8336d8c2a0de850780446afe2818d0b4eeee21137a9bc817eff040e3c0,t20,high,0.1293923672,0.8706076328,high
structure_only,4,112,3a6ec6cf0cccb2db4bc4eb1d6583b28f6dc8816b49e0ae8aaa6a06484645efac,t20,high,0.1307861634,0.8692138366,high
structure_only,4,124,4f828f23a69a02612b535ecc3b578f0a9ef09ead831878c8330854912886c5a7,t20,high,0.0170475078,0.9829524922,high
structure_only,4,132,95bf0f1bedb8e4250b3f6ee2dd241da6f07f8e65d2fc1c27c4c900116b2d104c,t20,high,0.1495650242,0.8504349758,high
tfidf_raw_prefix,4,0,0975c479310c006373f337dd0ad7a1b5438b2d205e3489d9920c6e86e5fdbc46,t20,high,0.2670590681,0.7329409319,high
tfidf_raw_prefix,4,6,384b0ba2da0f7a1aaf92176857f6b862b243c54a44b1a60ad1512e22fb6d4f57,t20,high,0.2972364741,0.7027635259,high
tfidf_raw_prefix,4,12,d751de9a9d281b7d8f3a57160f2880d8a6bb4d189690de0f7d7f2b033ad650a4,t20,high,0.2860932504,0.7139067496,high
tfidf_raw_prefix,4,23,56c65c573eb4b7bbca1e8a62ea910f474527ca7cc22d0832f7b8985143579c47,t20,high,0.2479696351,0.7520303649,high
tfidf_raw_prefix,4,39,ba4f78fc596e7483b05f73b0a4f0c57215df572dab1d75cba29cf1873022b267,t20,high,0.2911062526,0.7088937474,high
tfidf_raw_prefix,4,41,298f1741927a10b95fab08a2419835f2d89a49ade874c77e541bf480e574fcca,t20,high,0.2670570812,0.7329429188,high
tfidf_raw_prefix,4,45,256a5ceb1fe87b9f23a66a55206039faf214b9b926fbe72aba2fd158983b62bf,t20,high,0.2582977096,0.7417022904,high
tfidf_raw_prefix,4,50,e660b6010195823ff8abb7f5ac22b3e84ad23e55b4bfe23f84e74aa932c77d9a,t20,high,0.2395081154,0.7604918846,high
tfidf_raw_prefix,4,58,952764ee08a98895af51812c4985a51b674914b70701d789dc4ff497ab2cd741,t20,high,0.2860274294,0.7139725706,high
tfidf_raw_prefix,4,62,f8e9ffc7e0ffb6235d54b1268168a35dda2087b04f0eb23655d9033041e4895d,t20,high,0.2932689578,0.7067310422,high
tfidf_raw_prefix,4,68,86e764296ae0d3f82d5181fcf23d71b68aa16bec297d30d24b66814a0222bec9,t20,high,0.5312526381,0.4687473619,low
tfidf_raw_prefix,4,89,a66012a80d34bfaefbf35c783b0cb519be49ffe11837f13fda441b6fe3ddf21a,t20,high,0.2716435031,0.7283564969,high
tfidf_raw_prefix,4,98,5223588a92753ef83373d79e22184bdfc746798fd2eec43f6e0d811eb386d59c,t20,high,0.3057144194,0.6942855806,high
tfidf_raw_prefix,4,100,bdb51e8336d8c2a0de850780446afe2818d0b4eeee21137a9bc817eff040e3c0,t20,high,0.2389903461,0.7610096539,high
tfidf_raw_prefix,4,112,3a6ec6cf0cccb2db4bc4eb1d6583b28f6dc8816b49e0ae8aaa6a06484645efac,t20,high,0.2578076598,0.7421923402,high
tfidf_raw_prefix,4,124,4f828f23a69a02612b535ecc3b578f0a9ef09ead831878c8330854912886c5a7,t20,high,0.290838772,0.709161228,high
tfidf_raw_prefix,4,132,95bf0f1bedb8e4250b3f6ee2dd241da6f07f8e65d2fc1c27c4c900116b2d104c,t20,high,0.2770071119,0.7229928881,high
oracle_gold_codes,4,0,0975c479310c006373f337dd0ad7a1b5438b2d205e3489d9920c6e86e5fdbc46,t20,high,0.7040887172,0.2959112828,low
oracle_gold_codes,4,6,384b0ba2da0f7a1aaf92176857f6b862b243c54a44b1a60ad1512e22fb6d4f57,t20,high,0.09795228558,0.9020477144,high
oracle_gold_codes,4,12,d751de9a9d281b7d8f3a57160f2880d8a6bb4d189690de0f7d7f2b033ad650a4,t20,high,0.9317737259,0.06822627411,low
oracle_gold_codes,4,23,56c65c573eb4b7bbca1e8a62ea910f474527ca7cc22d0832f7b8985143579c47,t20,high,0.003405134205,0.9965948658,high
oracle_gold_codes,4,39,ba4f78fc596e7483b05f73b0a4f0c57215df572dab1d75cba29cf1873022b267,t20,high,0.1617262427,0.8382737573,high
oracle_gold_codes,4,41,298f1741927a10b95fab08a2419835f2d89a49ade874c77e541bf480e574fcca,t20,high,0.3334937281,0.6665062719,high
oracle_gold_codes,4,45,256a5ceb1fe87b9f23a66a55206039faf214b9b926fbe72aba2fd158983b62bf,t20,high,0.1880778729,0.8119221271,high
oracle_gold_codes,4,50,e660b6010195823ff8abb7f5ac22b3e84ad23e55b4bfe23f84e74aa932c77d9a,t20,high,0.06872621187,0.9312737881,high
oracle_gold_codes,4,58,952764ee08a98895af51812c4985a51b674914b70701d789dc4ff497ab2cd741,t20,high,0.1674525575,0.8325474425,high
oracle_gold_codes,4,62,f8e9ffc7e0ffb6235d54b1268168a35dda2087b04f0eb23655d9033041e4895d,t20,high,0.5497674929,0.4502325071,low
oracle_gold_codes,4,68,86e764296ae0d3f82d5181fcf23d71b68aa16bec297d30d24b66814a0222bec9,t20,high,0.6644648351,0.3355351649,low
oracle_gold_codes,4,89,a66012a80d34bfaefbf35c783b0cb519be49ffe11837f13fda441b6fe3ddf21a,t20,high,0.497424414,0.502575586,high
oracle_gold_codes,4,98,5223588a92753ef83373d79e22184bdfc746798fd2eec43f6e0d811eb386d59c,t20,high,0.6978551194,0.3021448806,low
oracle_gold_codes,4,100,bdb51e8336d8c2a0de850780446afe2818d0b4eeee21137a9bc817eff040e3c0,t20,high,0.007254132793,0.9927458672,high
oracle_gold_codes,4,112,3a6ec6cf0cccb2db4bc4eb1d6583b28f6dc8816b49e0ae8aaa6a06484645efac,t20,high,0.006095312089,0.9939046879,high
oracle_gold_codes,4,124,4f828f23a69a02612b535ecc3b578f0a9ef09ead831878c8330854912886c5a7,t20,high,0.003218004107,0.9967819959,high
oracle_gold_codes,4,132,95bf0f1bedb8e4250b3f6ee2dd241da6f07f8e65d2fc1c27c4c900116b2d104c,t20,high,0.02154497913,0.9784550209,high
class_prior,4,0,0975c479310c006373f337dd0ad7a1b5438b2d205e3489d9920c6e86e5fdbc46,full,high,0.206185567,0.793814433,high
class_prior,4,1,d824fbb44e854e98bdec49929ed132bd2f214eb9a16c2247f40b049e74673714,full,high,0.206185567,0.793814433,high
class_prior,4,3,e660b6010195823ff8abb7f5ac22b3e84ad23e55b4bfe23f84e74aa932c77d9a,full,high,0.206185567,0.793814433,high
class_prior,4,6,384b0ba2da0f7a1aaf92176857f6b862b243c54a44b1a60ad1512e22fb6d4f57,full,high,0.206185567,0.793814433,high
class_prior,4,9,bd6bdeca4d4d58b93dcd52052f780fcb2ab8a2a77ef89be9ded9271136bf1260,full,low,0.206185567,0.793814433,high
class_prior,4,12,d751de9a9d281b7d8f3a57160f2880d8a6bb4d189690de0f7d7f2b033ad650a4,full,high,0.206185567,0.793814433,high
class_prior,4,19,e660b6010195823ff8abb7f5ac22b3e84ad23e55b4bfe23f84e74aa932c77d9a,full,high,0.206185567,0.793814433,high
class_prior,4,23,56c65c573eb4b7bbca1e8a62ea910f474527ca7cc22d0832f7b8985143579c47,full,high,0.206185567,0.793814433,high
class_prior,4,30,0b66f0012a6499ae22a3ba3ea556348c4d65f1f039265ec21e4ad82aba2b5dab,full,high,0.206185567,0.793814433,high
class_prior,4,39,ba4f78fc596e7483b05f73b0a4f0c57215df572dab1d75cba29cf1873022b267,full,high,0.206185567,0.793814433,high
class_prior,4,40,e660b6010195823ff8abb7f5ac22b3e84ad23e55b4bfe23f84e74aa932c77d9a,full,high,0.206185567,0.793814433,high
class_prior,4,41,298f1741927a10b95fab08a2419835f2d89a49ade874c77e541bf480e574fcca,full,high,0.206185567,0.793814433,high
class_prior,4,45,256a5ceb1fe87b9f23a66a55206039faf214b9b926fbe72aba2fd158983b62bf,full,high,0.206185567,0.793814433,high
class_prior,4,50,e660b6010195823ff8abb7f5ac22b3e84ad23e55b4bfe23f84e74aa932c77d9a,full,high,0.206185567,0.793814433,high
class_prior,4,58,952764ee08a98895af51812c4985a51b674914b70701d789dc4ff497ab2cd741,full,high,0.206185567,0.793814433,high
class_prior,4,59,57e7316fb6c2aea7f22af2debf992411f162fb23b99f26e20ca9917a22800b28,full,low,0.206185567,0.793814433,high
class_prior,4,62,f8e9ffc7e0ffb6235d54b1268168a35dda2087b04f0eb23655d9033041e4895d,full,high,0.206185567,0.793814433,high
class_prior,4,68,86e764296ae0d3f82d5181fcf23d71b68aa16bec297d30d24b66814a0222bec9,full,high,0.206185567,0.793814433,high
class_prior,4,73,e553658a13d5730f215fe7abaa4ffcafffebacc2a2c811523c5848785b07feb6,full,high,0.206185567,0.793814433,high
class_prior,4,89,a66012a80d34bfaefbf35c783b0cb519be49ffe11837f13fda441b6fe3ddf21a,full,high,0.206185567,0.793814433,high
class_prior,4,98,5223588a92753ef83373d79e22184bdfc746798fd2eec43f6e0d811eb386d59c,full,high,0.206185567,0.793814433,high
class_prior,4,100,bdb51e8336d8c2a0de850780446afe2818d0b4eeee21137a9bc817eff040e3c0,full,high,0.206185567,0.793814433,high
class_prior,4,103,e660b6010195823ff8abb7f5ac22b3e84ad23e55b4bfe23f84e74aa932c77d9a,full,high,0.206185567,0.793814433,high
class_prior,4,112,3a6ec6cf0cccb2db4bc4eb1d6583b28f6dc8816b49e0ae8aaa6a06484645efac,full,high,0.206185567,0.793814433,high
class_prior,4,122,e553658a13d5730f215fe7abaa4ffcafffebacc2a2c811523c5848785b07feb6,full,high,0.206185567,0.793814433,high
class_prior,4,124,4f828f23a69a02612b535ecc3b578f0a9ef09ead831878c8330854912886c5a7,full,high,0.206185567,0.793814433,high
class_prior,4,132,95bf0f1bedb8e4250b3f6ee2dd241da6f07f8e65d2fc1c27c4c900116b2d104c,full,high,0.206185567,0.793814433,high
structure_only,4,0,0975c479310c006373f337dd0ad7a1b5438b2d205e3489d9920c6e86e5fdbc46,full,high,0.4119298489,0.5880701511,high
structure_only,4,1,d824fbb44e854e98bdec49929ed132bd2f214eb9a16c2247f40b049e74673714,full,high,0.5337820853,0.4662179147,low
structure_only,4,3,e660b6010195823ff8abb7f5ac22b3e84ad23e55b4bfe23f84e74aa932c77d9a,full,high,0.6098407563,0.3901592437,low
structure_only,4,6,384b0ba2da0f7a1aaf92176857f6b862b243c54a44b1a60ad1512e22fb6d4f57,full,high,0.4051895849,0.5948104151,high
structure_only,4,9,bd6bdeca4d4d58b93dcd52052f780fcb2ab8a2a77ef89be9ded9271136bf1260,full,low,0.5828355097,0.4171644903,low
structure_only,4,12,d751de9a9d281b7d8f3a57160f2880d8a6bb4d189690de0f7d7f2b033ad650a4,full,high,0.5592506527,0.4407493473,low
structure_only,4,19,e660b6010195823ff8abb7f5ac22b3e84ad23e55b4bfe23f84e74aa932c77d9a,full,high,0.3986379543,0.6013620457,high
structure_only,4,23,56c65c573eb4b7bbca1e8a62ea910f474527ca7cc22d0832f7b8985143579c47,full,high,0.3909576911,0.6090423089,high
structure_only,4,30,0b66f0012a6499ae22a3ba3ea556348c4d65f1f039265ec21e4ad82aba2b5dab,full,high,0.447250118,0.552749882,high
structure_only,4,39,ba4f78fc596e7483b05f73b0a4f0c57215df572dab1d75cba29cf1873022b267,full,high,0.4220233034,0.5779766966,high
structure_only,4,40,e660b6010195823ff8abb7f5ac22b3e84ad23e55b4bfe23f84e74aa932c77d9a,full,high,0.4298279768,0.5701720232,high
structure_only,4,41,298f1741927a10b95fab08a2419835f2d89a49ade874c77e541bf480e574fcca,full,high,0.367270165,0.632729835,high
structure_only,4,45,256a5ceb1fe87b9f23a66a55206039faf214b9b926fbe72aba2fd158983b62bf,full,high,0.4116224817,0.5883775183,high
structure_only,4,50,e660b6010195823ff8abb7f5ac22b3e84ad23e55b4bfe23f84e74aa932c77d9a,full,high,0.3990633367,0.6009366633,high
structure_only,4,58,952764ee08a98895af51812c4985a51b674914b70701d789dc4ff497ab2cd741,full,high,0.320938265,0.679061735,high
structure_only,4,59,57e7316fb6c2aea7f22af2debf992411f162fb23b99f26e20ca9917a22800b28,full,low,0.8465284947,0.1534715053,low
structure_only,4,62,f8e9ffc7e0ffb6235d54b1268168a35dda2087b04f0eb23655d9033041e4895d,full,high,0.4792614588,0.5207385412,high
structure_only,4,68,86e764296ae0d3f82d5181fcf23d71b68aa16bec297d30d24b66814a0222bec9,full,high,0.1294061728,0.8705938272,high
structure_only,4,73,e553658a13d5730f215fe7abaa4ffcafffebacc2a2c811523c5848785b07feb6,full,high,0.4062618984,0.5937381016,high
structure_only,4,89,a66012a80d34bfaefbf35c783b0cb519be49ffe11837f13fda441b6fe3ddf21a,full,high,0.4502659866,0.5497340134,high
structure_only,4,98,5223588a92753ef83373d79e22184bdfc746798fd2eec43f6e0d811eb386d59c,full,high,0.04541764591,0.9545823541,high
structure_only,4,100,bdb51e8336d8c2a0de850780446afe2818d0b4eeee21137a9bc817eff040e3c0,full,high,0.05169344637,0.9483065536,high
structure_only,4,103,e660b6010195823ff8abb7f5ac22b3e84ad23e55b4bfe23f84e74aa932c77d9a,full,high,0.4472293482,0.5527706518,high
structure_only,4,112,3a6ec6cf0cccb2db4bc4eb1d6583b28f6dc8816b49e0ae8aaa6a06484645efac,full,high,0.4339549953,0.5660450047,high
structure_only,4,122,e553658a13d5730f215fe7abaa4ffcafffebacc2a2c811523c5848785b07feb6,full,high,0.3664624885,0.6335375115,high
structure_only,4,124,4f828f23a69a02612b535ecc3b578f0a9ef09ead831878c8330854912886c5a7,full,high,0.5760906446,0.4239093554,low
structure_only,4,132,95bf0f1bedb8e4250b3f6ee2dd241da6f07f8e65d2fc1c27c4c900116b2d104c,full,high,0.5662507691,0.4337492309,low
tfidf_raw_prefix,4,0,0975c479310c006373f337dd0ad7a1b5438b2d205e3489d9920c6e86e5fdbc46,full,high,0.3721302515,0.6278697485,high
tfidf_raw_prefix,4,1,d824fbb44e854e98bdec49929ed132bd2f214eb9a16c2247f40b049e74673714,full,high,0.3526631556,0.6473368444,high
tfidf_raw_prefix,4,3,e660b6010195823ff8abb7f5ac22b3e84ad23e55b4bfe23f84e74aa932c77d9a,full,high,0.3820116638,0.6179883362,high
tfidf_raw_prefix,4,6,384b0ba2da0f7a1aaf92176857f6b862b243c54a44b1a60ad1512e22fb6d4f57,full,high,0.3931083565,0.6068916435,high
tfidf_raw_prefix,4,9,bd6bdeca4d4d58b93dcd52052f780fcb2ab8a2a77ef89be9ded9271136bf1260,full,low,0.4535491006,0.5464508994,high
tfidf_raw_prefix,4,12,d751de9a9d281b7d8f3a57160f2880d8a6bb4d189690de0f7d7f2b033ad650a4,full,high,0.3711392175,0.6288607825,high
tfidf_raw_prefix,4,19,e660b6010195823ff8abb7f5ac22b3e84ad23e55b4bfe23f84e74aa932c77d9a,full,high,0.4699429095,0.5300570905,high
tfidf_raw_prefix,4,23,56c65c573eb4b7bbca1e8a62ea910f474527ca7cc22d0832f7b8985143579c47,full,high,0.3124429785,0.6875570215,high
tfidf_raw_prefix,4,30,0b66f0012a6499ae22a3ba3ea556348c4d65f1f039265ec21e4ad82aba2b5dab,full,high,0.4211433293,0.5788566707,high
tfidf_raw_prefix,4,39,ba4f78fc596e7483b05f73b0a4f0c57215df572dab1d75cba29cf1873022b267,full,high,0.3541951656,0.6458048344,high
tfidf_raw_prefix,4,40,e660b6010195823ff8abb7f5ac22b3e84ad23e55b4bfe23f84e74aa932c77d9a,full,high,0.3810751618,0.6189248382,high
tfidf_raw_prefix,4,41,298f1741927a10b95fab08a2419835f2d89a49ade874c77e541bf480e574fcca,full,high,0.2469307536,0.7530692464,high
tfidf_raw_prefix,4,45,256a5ceb1fe87b9f23a66a55206039faf214b9b926fbe72aba2fd158983b62bf,full,high,0.3178900768,0.6821099232,high
tfidf_raw_prefix,4,50,e660b6010195823ff8abb7f5ac22b3e84ad23e55b4bfe23f84e74aa932c77d9a,full,high,0.339784759,0.660215241,high
tfidf_raw_prefix,4,58,952764ee08a98895af51812c4985a51b674914b70701d789dc4ff497ab2cd741,full,high,0.2851672101,0.7148327899,high
tfidf_raw_prefix,4,59,57e7316fb6c2aea7f22af2debf992411f162fb23b99f26e20ca9917a22800b28,full,low,0.4948261189,0.5051738811,high
tfidf_raw_prefix,4,62,f8e9ffc7e0ffb6235d54b1268168a35dda2087b04f0eb23655d9033041e4895d,full,high,0.3474832347,0.6525167653,high
tfidf_raw_prefix,4,68,86e764296ae0d3f82d5181fcf23d71b68aa16bec297d30d24b66814a0222bec9,full,high,0.3505064584,0.6494935416,high
tfidf_raw_prefix,4,73,e553658a13d5730f215fe7abaa4ffcafffebacc2a2c811523c5848785b07feb6,full,high,0.3801249081,0.6198750919,high
tfidf_raw_prefix,4,89,a66012a80d34bfaefbf35c783b0cb519be49ffe11837f13fda441b6fe3ddf21a,full,high,0.4023564649,0.5976435351,high
tfidf_raw_prefix,4,98,5223588a92753ef83373d79e22184bdfc746798fd2eec43f6e0d811eb386d59c,full,high,0.2739391242,0.7260608758,high
tfidf_raw_prefix,4,100,bdb51e8336d8c2a0de850780446afe2818d0b4eeee21137a9bc817eff040e3c0,full,high,0.276377129,0.723622871,high
tfidf_raw_prefix,4,103,e660b6010195823ff8abb7f5ac22b3e84ad23e55b4bfe23f84e74aa932c77d9a,full,high,0.3968313697,0.6031686303,high
tfidf_raw_prefix,4,112,3a6ec6cf0cccb2db4bc4eb1d6583b28f6dc8816b49e0ae8aaa6a06484645efac,full,high,0.3589924866,0.6410075134,high
tfidf_raw_prefix,4,122,e553658a13d5730f215fe7abaa4ffcafffebacc2a2c811523c5848785b07feb6,full,high,0.3702813663,0.6297186337,high
tfidf_raw_prefix,4,124,4f828f23a69a02612b535ecc3b578f0a9ef09ead831878c8330854912886c5a7,full,high,0.2589902859,0.7410097141,high
tfidf_raw_prefix,4,132,95bf0f1bedb8e4250b3f6ee2dd241da6f07f8e65d2fc1c27c4c900116b2d104c,full,high,0.3649704449,0.6350295551,high
oracle_gold_codes,4,0,0975c479310c006373f337dd0ad7a1b5438b2d205e3489d9920c6e86e5fdbc46,full,high,0.5321469787,0.4678530213,low
oracle_gold_codes,4,1,d824fbb44e854e98bdec49929ed132bd2f214eb9a16c2247f40b049e74673714,full,high,0.2756448926,0.7243551074,high
oracle_gold_codes,4,3,e660b6010195823ff8abb7f5ac22b3e84ad23e55b4bfe23f84e74aa932c77d9a,full,high,0.135279851,0.864720149,high
oracle_gold_codes,4,6,384b0ba2da0f7a1aaf92176857f6b862b243c54a44b1a60ad1512e22fb6d4f57,full,high,0.0483850438,0.9516149562,high
oracle_gold_codes,4,9,bd6bdeca4d4d58b93dcd52052f780fcb2ab8a2a77ef89be9ded9271136bf1260,full,low,0.9094103348,0.09058966518,low
oracle_gold_codes,4,12,d751de9a9d281b7d8f3a57160f2880d8a6bb4d189690de0f7d7f2b033ad650a4,full,high,0.4823267522,0.5176732478,high
oracle_gold_codes,4,19,e660b6010195823ff8abb7f5ac22b3e84ad23e55b4bfe23f84e74aa932c77d9a,full,high,0.005761303516,0.9942386965,high
oracle_gold_codes,4,23,56c65c573eb4b7bbca1e8a62ea910f474527ca7cc22d0832f7b8985143579c47,full,high,0.06982585561,0.9301741444,high
oracle_gold_codes,4,30,0b66f0012a6499ae22a3ba3ea556348c4d65f1f039265ec21e4ad82aba2b5dab,full,high,0.8258888432,0.1741111568,low
oracle_gold_codes,4,39,ba4f78fc596e7483b05f73b0a4f0c57215df572dab1d75cba29cf1873022b267,full,high,0.1737803759,0.8262196241,high
oracle_gold_codes,4,40,e660b6010195823ff8abb7f5ac22b3e84ad23e55b4bfe23f84e74aa932c77d9a,full,high,0.03607618524,0.9639238148,high
oracle_gold_codes,4,41,298f1741927a10b95fab08a2419835f2d89a49ade874c77e541bf480e574fcca,full,high,0.01027077246,0.9897292275,high
oracle_gold_codes,4,45,256a5ceb1fe87b9f23a66a55206039faf214b9b926fbe72aba2fd158983b62bf,full,high,0.1728474705,0.8271525295,high
oracle_gold_codes,4,50,e660b6010195823ff8abb7f5ac22b3e84ad23e55b4bfe23f84e74aa932c77d9a,full,high,0.2119507206,0.7880492794,high
oracle_gold_codes,4,58,952764ee08a98895af51812c4985a51b674914b70701d789dc4ff497ab2cd741,full,high,0.03323536497,0.966764635,high
oracle_gold_codes,4,59,57e7316fb6c2aea7f22af2debf992411f162fb23b99f26e20ca9917a22800b28,full,low,0.9949347713,0.005065228741,low
oracle_gold_codes,4,62,f8e9ffc7e0ffb6235d54b1268168a35dda2087b04f0eb23655d9033041e4895d,full,high,0.5341380856,0.4658619144,low
oracle_gold_codes,4,68,86e764296ae0d3f82d5181fcf23d71b68aa16bec297d30d24b66814a0222bec9,full,high,0.1434912234,0.8565087766,high
oracle_gold_codes,4,73,e553658a13d5730f215fe7abaa4ffcafffebacc2a2c811523c5848785b07feb6,full,high,0.0001718294411,0.9998281706,high
oracle_gold_codes,4,89,a66012a80d34bfaefbf35c783b0cb519be49ffe11837f13fda441b6fe3ddf21a,full,high,0.08980859376,0.9101914062,high
oracle_gold_codes,4,98,5223588a92753ef83373d79e22184bdfc746798fd2eec43f6e0d811eb386d59c,full,high,0.5279615883,0.4720384117,low
oracle_gold_codes,4,100,bdb51e8336d8c2a0de850780446afe2818d0b4eeee21137a9bc817eff040e3c0,full,high,0.5155257765,0.4844742235,low
oracle_gold_codes,4,103,e660b6010195823ff8abb7f5ac22b3e84ad23e55b4bfe23f84e74aa932c77d9a,full,high,0.0481035039,0.9518964961,high
oracle_gold_codes,4,112,3a6ec6cf0cccb2db4bc4eb1d6583b28f6dc8816b49e0ae8aaa6a06484645efac,full,high,0.01949943939,0.9805005606,high
oracle_gold_codes,4,122,e553658a13d5730f215fe7abaa4ffcafffebacc2a2c811523c5848785b07feb6,full,high,0.01330992077,0.9866900792,high
oracle_gold_codes,4,124,4f828f23a69a02612b535ecc3b578f0a9ef09ead831878c8330854912886c5a7,full,high,0.003136383546,0.9968636165,high
oracle_gold_codes,4,132,95bf0f1bedb8e4250b3f6ee2dd241da6f07f8e65d2fc1c27c4c900116b2d104c,full,high,0.01973561108,0.9802643889,high
