model,outer_fold,transcript_id,source_id,checkpoint,last_utterance_id,label,prob_low,cumulative_text_evidence,cumulative_action_evidence,raw_prob_low,prob_high,prediction,temperature
a_only,0,14,892e4e1ab6068fc4434d0054ab76e2c3c0d9bf73fcc5cd615db68815b3134102,t3,4,high,0.1638515664,0.327210921,0,0.2327721223,0.8361484336,high,0.7318019468
a_only,0,14,892e4e1ab6068fc4434d0054ab76e2c3c0d9bf73fcc5cd615db68815b3134102,t5,8,high,0.1262097087,0.07648427486,0,0.1952956602,0.8737902913,high,0.7318019468
a_only,0,14,892e4e1ab6068fc4434d0054ab76e2c3c0d9bf73fcc5cd615db68815b3134102,t10,18,high,0.1814412294,0.4082256556,0,0.2492637873,0.8185587706,high,0.7318019468
a_only,0,14,892e4e1ab6068fc4434d0054ab76e2c3c0d9bf73fcc5cd615db68815b3134102,t20,38,high,0.05331741543,-0.5918431967,0,0.1085948288,0.9466825846,high,0.7318019468
a_only,0,14,892e4e1ab6068fc4434d0054ab76e2c3c0d9bf73fcc5cd615db68815b3134102,full,48,high,0.05138613745,-0.6662536204,0,0.1058674499,0.9486138626,high,0.7318019468
a_only,0,17,4e9629cc0367f8dbaf9608d5600aa795a09c3ebbe94051365be8cd7611f13d26,t3,4,low,0.2212884256,0.6476164103,0,0.2848083556,0.7787115744,high,0.7318019468
a_only,0,17,4e9629cc0367f8dbaf9608d5600aa795a09c3ebbe94051365be8cd7611f13d26,t5,8,low,0.3400750171,1.083058476,0,0.3810355008,0.6599249829,high,0.7318019468
a_only,0,17,4e9629cc0367f8dbaf9608d5600aa795a09c3ebbe94051365be8cd7611f13d26,t10,18,low,0.6850511738,2.13994298,0,0.6384564877,0.3149488262,low,0.7318019468
a_only,0,17,4e9629cc0367f8dbaf9608d5600aa795a09c3ebbe94051365be8cd7611f13d26,full,28,low,0.8613731283,2.937893486,0,0.7919653893,0.1386268717,low,0.7318019468
a_only,0,21,c1b71ca5fcfb63cd845ec42d43753eca41cf5c90313140ea6e9695c2c654df6d,t3,4,high,0.2088285696,0.5893248916,0,0.2739325672,0.7911714304,high,0.7318019468
a_only,0,21,c1b71ca5fcfb63cd845ec42d43753eca41cf5c90313140ea6e9695c2c654df6d,t5,8,high,0.2456389115,0.7279366434,0,0.3055327505,0.7543610885,high,0.7318019468
a_only,0,21,c1b71ca5fcfb63cd845ec42d43753eca41cf5c90313140ea6e9695c2c654df6d,t10,18,high,0.1777071419,0.3937216997,0,0.245808956,0.8222928581,high,0.7318019468
a_only,0,21,c1b71ca5fcfb63cd845ec42d43753eca41cf5c90313140ea6e9695c2c654df6d,t20,38,high,0.0390425562,-0.8810886502,0,0.08753068857,0.9609574438,high,0.7318019468
a_only,0,21,c1b71ca5fcfb63cd845ec42d43753eca41cf5c90313140ea6e9695c2c654df6d,full,246,high,7.55947147e-08,-16.56811543,0,6.144174222e-06,0.9999999244,high,0.7318019468
a_only,0,27,e883cab14c33a28c3bf1e25281ef335a7bcd08f31fb3e2cea1e824982af00196,t3,4,low,0.1852617786,0.4798163682,0,0.2527744144,0.8147382214,high,0.7318019468
a_only,0,27,e883cab14c33a28c3bf1e25281ef335a7bcd08f31fb3e2cea1e824982af00196,t5,8,low,0.1973076241,0.5309659541,0,0.2636913747,0.8026923759,high,0.7318019468
a_only,0,27,e883cab14c33a28c3bf1e25281ef335a7bcd08f31fb3e2cea1e824982af00196,t10,18,low,0.3904320892,1.218982065,0,0.4192105323,0.6095679108,high,0.7318019468
a_only,0,27,e883cab14c33a28c3bf1e25281ef335a7bcd08f31fb3e2cea1e824982af00196,full,22,low,0.4610357859,1.434501326,0,0.47145904,0.5389642141,high,0.7318019468
a_only,0,46,2815019765d0a2b0cd8db67fb79e15ec0c4893de14483f3e6156ddacadb10f7a,t3,4,high,0.2339649492,0.7005778432,0,0.2956792653,0.7660350508,high,0.7318019468
a_only,0,46,2815019765d0a2b0cd8db67fb79e15ec0c4893de14483f3e6156ddacadb10f7a,t5,8,high,0.3345998909,1.064865458,0,0.3768172503,0.6654001091,high,0.7318019468
a_only,0,46,2815019765d0a2b0cd8db67fb79e15ec0c4893de14483f3e6156ddacadb10f7a,t10,18,high,0.4119430148,1.30249238,0,0.4352465212,0.5880569852,high,0.7318019468
a_only,0,46,2815019765d0a2b0cd8db67fb79e15ec0c4893de14483f3e6156ddacadb10f7a,t20,38,high,0.3125999082,0.9415080458,0,0.3597027898,0.6874000918,high,0.7318019468
a_only,0,46,2815019765d0a2b0cd8db67fb79e15ec0c4893de14483f3e6156ddacadb10f7a,full,58,high,0.216841818,0.3468461454,0,0.2809497155,0.783158182,high,0.7318019468
a_only,0,53,646074c09ce77345f3d6434db5b2b976626086f4a3ba9020dc6fa992fa6887ac,t3,4,low,0.2166109831,0.6269553423,0,0.2807487309,0.7833890169,high,0.7318019468
a_only,0,53,646074c09ce77345f3d6434db5b2b976626086f4a3ba9020dc6fa992fa6887ac,t5,8,low,0.2428464503,0.7206777513,0,0.3031887829,0.7571535497,high,0.7318019468
a_only,0,53,646074c09ce77345f3d6434db5b2b976626086f4a3ba9020dc6fa992fa6887ac,t10,18,low,0.2354957193,0.6252393842,0,0.2969796285,0.7645042807,high,0.7318019468
a_only,0,53,646074c09ce77345f3d6434db5b2b976626086f4a3ba9020dc6fa992fa6887ac,t20,38,low,0.1445586621,-0.04614002705,0,0.2139809236,0.8554413379,high,0.7318019468
a_only,0,53,646074c09ce77345f3d6434db5b2b976626086f4a3ba9020dc6fa992fa6887ac,full,106,low,0.08005203527,-1.746375906,0,0.1434658594,0.9199479647,high,0.7318019468
a_only,0,55,1b9abf33ba8b2badfab01f2ee1f7aa958800a9808d579c0ec4e6bc41eb27f449,t3,4,high,0.2317037284,0.691264689,0,0.2937536478,0.7682962716,high,0.7318019468
a_only,0,55,1b9abf33ba8b2badfab01f2ee1f7aa958800a9808d579c0ec4e6bc41eb27f449,t5,8,high,0.3649703467,1.163201427,0,0.4000366032,0.6350296533,high,0.7318019468
a_only,0,55,1b9abf33ba8b2badfab01f2ee1f7aa958800a9808d579c0ec4e6bc41eb27f449,t10,18,high,0.5401007529,1.687677526,0,0.5293751061,0.4598992471,low,0.7318019468
a_only,0,55,1b9abf33ba8b2badfab01f2ee1f7aa958800a9808d579c0ec4e6bc41eb27f449,t20,38,high,0.5257005411,1.636010343,0,0.5188154072,0.4742994589,low,0.7318019468
a_only,0,55,1b9abf33ba8b2badfab01f2ee1f7aa958800a9808d579c0ec4e6bc41eb27f449,full,64,high,0.5133595552,1.63051132,0,0.5097776294,0.4866404448,low,0.7318019468
a_only,0,65,884e0cb0d19baa05ae86bae59b5351a82ddcdb9a7af044867db66a819a131389,t3,5,high,0.0726785684,-0.3141838789,0,0.1343126625,0.9273214316,high,0.7318019468
a_only,0,65,884e0cb0d19baa05ae86bae59b5351a82ddcdb9a7af044867db66a819a131389,t5,9,high,0.06187469182,-0.4613585666,0,0.1202988848,0.9381253082,high,0.7318019468
a_only,0,65,884e0cb0d19baa05ae86bae59b5351a82ddcdb9a7af044867db66a819a131389,t10,19,high,0.02633992148,-1.19948653,0,0.06649696827,0.9736600785,high,0.7318019468
a_only,0,65,884e0cb0d19baa05ae86bae59b5351a82ddcdb9a7af044867db66a819a131389,full,33,high,0.004070010443,-2.664886069,0,0.01755106589,0.9959299896,high,0.7318019468
a_only,0,67,38b5c44ace8c39b31954af0c9b3057abad24dd37ec441de169f055949fb91ed3,t3,4,high,0.218597843,0.6345110893,0,0.2824764729,0.781402157,high,0.7318019468
a_only,0,67,38b5c44ace8c39b31954af0c9b3057abad24dd37ec441de169f055949fb91ed3,t5,8,high,0.2941390324,0.9246149659,0,0.3451121986,0.7058609676,high,0.7318019468
a_only,0,67,38b5c44ace8c39b31954af0c9b3057abad24dd37ec441de169f055949fb91ed3,t10,18,high,0.4357900351,1.370921063,0,0.4528902769,0.5642099649,high,0.7318019468
a_only,0,67,38b5c44ace8c39b31954af0c9b3057abad24dd37ec441de169f055949fb91ed3,t20,38,high,0.2237921308,0.4667065382,0,0.2869703561,0.7762078692,high,0.7318019468
a_only,0,67,38b5c44ace8c39b31954af0c9b3057abad24dd37ec441de169f055949fb91ed3,full,46,high,0.2042349275,0.3258039802,0,0.2698714562,0.7957650725,high,0.7318019468
a_only,0,69,eff9b2507927f7894349799dbb77b0c66871e7547a4170f6e6ef409f01493d5d,t3,4,low,0.2356793446,0.7075452685,0,0.2971354425,0.7643206554,high,0.7318019468
a_only,0,69,eff9b2507927f7894349799dbb77b0c66871e7547a4170f6e6ef409f01493d5d,full,6,low,0.2958151317,0.9337765574,0,0.3464464128,0.7041848683,high,0.7318019468
a_only,0,70,eff9b2507927f7894349799dbb77b0c66871e7547a4170f6e6ef409f01493d5d,t3,4,high,0.24053973,0.727218771,0,0.3012464643,0.75946027,high,0.7318019468
a_only,0,70,eff9b2507927f7894349799dbb77b0c66871e7547a4170f6e6ef409f01493d5d,t5,8,high,0.3474236918,1.106059957,0,0.3866737902,0.6525763082,high,0.7318019468
a_only,0,70,eff9b2507927f7894349799dbb77b0c66871e7547a4170f6e6ef409f01493d5d,full,10,high,0.4100315968,1.301710749,0,0.4338267207,0.5899684032,high,0.7318019468
a_only,0,77,5ee3de464b1eb18f6dbc71fac32dd821ec33a6f6ea0d273324ce5d81751bbc74,t3,4,high,0.131220432,0.1694176078,0,0.2004859447,0.868779568,high,0.7318019468
a_only,0,77,5ee3de464b1eb18f6dbc71fac32dd821ec33a6f6ea0d273324ce5d81751bbc74,t5,8,high,0.2126704998,0.5954272449,0,0.2773073375,0.7873295002,high,0.7318019468
a_only,0,77,5ee3de464b1eb18f6dbc71fac32dd821ec33a6f6ea0d273324ce5d81751bbc74,t10,18,high,0.218764187,0.5201245308,0,0.2826208994,0.781235813,high,0.7318019468
a_only,0,77,5ee3de464b1eb18f6dbc71fac32dd821ec33a6f6ea0d273324ce5d81751bbc74,t20,38,high,0.2776364515,0.6829901695,0,0.3318652771,0.7223635485,high,0.7318019468
a_only,0,77,5ee3de464b1eb18f6dbc71fac32dd821ec33a6f6ea0d273324ce5d81751bbc74,full,42,high,0.365879743,1.036917281,0,0.4007255957,0.634120257,high,0.7318019468
a_only,0,79,2523640a662b9aab8fa56e40699e7726fd765a9ae7ecdc36a012e3ad8211a245,t3,5,high,0.1565120957,0.3042571723,0,0.225716871,0.8434879043,high,0.7318019468
a_only,0,79,2523640a662b9aab8fa56e40699e7726fd765a9ae7ecdc36a012e3ad8211a245,t5,9,high,0.2036947785,0.4818818092,0,0.269392018,0.7963052215,high,0.7318019468
a_only,0,79,2523640a662b9aab8fa56e40699e7726fd765a9ae7ecdc36a012e3ad8211a245,full,9,high,0.2036947785,0.4818818092,0,0.269392018,0.7963052215,high,0.7318019468
a_only,0,80,a6ba01099092faefda72e83a5ffad12164972913b573b6580138d019a5453418,t3,4,high,0.1981490162,0.5428261936,0,0.2644456953,0.8018509838,high,0.7318019468
a_only,0,80,a6ba01099092faefda72e83a5ffad12164972913b573b6580138d019a5453418,t5,8,high,0.1693589337,0.3899144173,0,0.2379965425,0.8306410663,high,0.7318019468
a_only,0,80,a6ba01099092faefda72e83a5ffad12164972913b573b6580138d019a5453418,t10,18,high,0.1756546646,0.3743956089,0,0.2438997403,0.8243453354,high,0.7318019468
a_only,0,80,a6ba01099092faefda72e83a5ffad12164972913b573b6580138d019a5453418,t20,38,high,0.04384609112,-0.8674621642,0,0.09486885816,0.9561539089,high,0.7318019468
a_only,0,80,a6ba01099092faefda72e83a5ffad12164972913b573b6580138d019a5453418,full,62,high,0.01452427908,-1.774894524,0,0.04367882367,0.9854757209,high,0.7318019468
a_only,0,82,eac114d0fbda834121eb1da95e9dd3d4e76db9e3188fcf74d6d679a8efd3c8f1,t3,4,high,0.1637822319,0.332627672,0,0.2327059776,0.8362177681,high,0.7318019468
a_only,0,82,eac114d0fbda834121eb1da95e9dd3d4e76db9e3188fcf74d6d679a8efd3c8f1,t5,8,high,0.1972226876,0.462727046,0,0.2636151701,0.8027773124,high,0.7318019468
a_only,0,82,eac114d0fbda834121eb1da95e9dd3d4e76db9e3188fcf74d6d679a8efd3c8f1,t10,18,high,0.3448048583,1.013545001,0,0.384667477,0.6551951417,high,0.7318019468
a_only,0,82,eac114d0fbda834121eb1da95e9dd3d4e76db9e3188fcf74d6d679a8efd3c8f1,full,36,high,0.3165288863,0.8592159271,0,0.3627798319,0.6834711137,high,0.7318019468
a_only,0,87,c2a6706263d09c63b307df18a79bae14418b0faf3038d47b68ad4d2e853e3f99,t3,4,high,0.1331220221,0.1861731708,0,0.2024377286,0.8668779779,high,0.7318019468
a_only,0,87,c2a6706263d09c63b307df18a79bae14418b0faf3038d47b68ad4d2e853e3f99,t5,8,high,0.08668806119,-0.1827250361,0,0.1514570117,0.9133119388,high,0.7318019468
a_only,0,87,c2a6706263d09c63b307df18a79bae14418b0faf3038d47b68ad4d2e853e3f99,t10,18,high,0.03127384861,-1.039303559,0,0.07499191016,0.9687261514,high,0.7318019468
a_only,0,87,c2a6706263d09c63b307df18a79bae14418b0faf3038d47b68ad4d2e853e3f99,full,24,high,0.01774558599,-1.462393689,0,0.05034289956,0.982254414,high,0.7318019468
a_only,0,94,16ad8c075416a1640a523d8697d580ecb71be79a914d2b7439592eef75b54a0e,t3,4,high,0.1433302754,0.2494743466,0,0.2127564907,0.8566697246,high,0.7318019468
a_only,0,94,16ad8c075416a1640a523d8697d580ecb71be79a914d2b7439592eef75b54a0e,t5,8,high,0.1551701167,0.2742397189,0,0.2244148776,0.8448298833,high,0.7318019468
a_only,0,94,16ad8c075416a1640a523d8697d580ecb71be79a914d2b7439592eef75b54a0e,t10,18,high,0.1777876218,0.2363128483,0,0.245883669,0.8222123782,high,0.7318019468
a_only,0,94,16ad8c075416a1640a523d8697d580ecb71be79a914d2b7439592eef75b54a0e,t20,38,high,0.05867353516,-0.8804698139,0,0.1159893382,0.9413264648,high,0.7318019468
a_only,0,94,16ad8c075416a1640a523d8697d580ecb71be79a914d2b7439592eef75b54a0e,full,60,high,0.01921132772,-1.828675193,0,0.05324823088,0.9807886723,high,0.7318019468
a_only,0,101,c5c61ac6a632dc81f083aca02a5ce3ff9b90ef1e69a86f138b246bd23e7d0ea9,t3,4,high,0.233213745,0.697491622,0,0.2950401843,0.766786255,high,0.7318019468
a_only,0,101,c5c61ac6a632dc81f083aca02a5ce3ff9b90ef1e69a86f138b246bd23e7d0ea9,t5,8,high,0.2355126409,0.7059777975,0,0.2969939888,0.7644873591,high,0.7318019468
a_only,0,101,c5c61ac6a632dc81f083aca02a5ce3ff9b90ef1e69a86f138b246bd23e7d0ea9,t10,18,high,0.2662970987,0.8210972786,0,0.3226379514,0.7337029013,high,0.7318019468
a_only,0,101,c5c61ac6a632dc81f083aca02a5ce3ff9b90ef1e69a86f138b246bd23e7d0ea9,t20,38,high,0.1707904937,0.3552476168,0,0.2393451869,0.8292095063,high,0.7318019468
a_only,0,101,c5c61ac6a632dc81f083aca02a5ce3ff9b90ef1e69a86f138b246bd23e7d0ea9,full,62,high,0.1285730709,-0.02541280985,0,0.1977523997,0.8714269291,high,0.7318019468
a_only,0,104,ce81615fdfacce198687f92d3c58747d1f210c5783fa3bb46aa95df8fb61efdc,t3,4,high,0.2124365671,0.6069793284,0,0.2771024048,0.7875634329,high,0.7318019468
a_only,0,104,ce81615fdfacce198687f92d3c58747d1f210c5783fa3bb46aa95df8fb61efdc,t5,8,high,0.3118318617,0.9869463444,0,0.3591001749,0.6881681383,high,0.7318019468
a_only,0,104,ce81615fdfacce198687f92d3c58747d1f210c5783fa3bb46aa95df8fb61efdc,t10,18,high,0.3901795033,1.217434281,0,0.4190214247,0.6098204967,high,0.7318019468
a_only,0,104,ce81615fdfacce198687f92d3c58747d1f210c5783fa3bb46aa95df8fb61efdc,t20,38,high,0.4570321815,1.36865921,0,0.4685200125,0.5429678185,high,0.7318019468
a_only,0,104,ce81615fdfacce198687f92d3c58747d1f210c5783fa3bb46aa95df8fb61efdc,full,54,high,0.4651077879,1.360133529,0,0.4744465232,0.5348922121,high,0.7318019468
a_only,0,108,b74f3f5afc0b04fa76647aa59087b92f57a410aac28d92b9e08e36f063008fba,t3,4,high,0.2021232566,0.5535315543,0,0.2679948062,0.7978767434,high,0.7318019468
a_only,0,108,b74f3f5afc0b04fa76647aa59087b92f57a410aac28d92b9e08e36f063008fba,t5,8,high,0.269989391,0.8092006944,0,0.3256543815,0.730010609,high,0.7318019468
a_only,0,108,b74f3f5afc0b04fa76647aa59087b92f57a410aac28d92b9e08e36f063008fba,t10,18,high,0.331898964,0.9557047606,0,0.3747306317,0.668101036,high,0.7318019468
a_only,0,108,b74f3f5afc0b04fa76647aa59087b92f57a410aac28d92b9e08e36f063008fba,t20,38,high,0.2781873643,0.4768777013,0,0.3323108837,0.7218126357,high,0.7318019468
a_only,0,108,b74f3f5afc0b04fa76647aa59087b92f57a410aac28d92b9e08e36f063008fba,full,56,high,0.4690397827,1.192452002,0,0.4773297835,0.5309602173,high,0.7318019468
a_only,0,109,f92544f5ed508add4c093c58e76fce40d49ca14b51000a7b8770e0152039d485,t3,4,high,0.2388711049,0.7205192804,0,0.2998379529,0.7611288951,high,0.7318019468
a_only,0,109,f92544f5ed508add4c093c58e76fce40d49ca14b51000a7b8770e0152039d485,t5,8,high,0.3624648152,1.155138302,0,0.39813658,0.6375351848,high,0.7318019468
a_only,0,109,f92544f5ed508add4c093c58e76fce40d49ca14b51000a7b8770e0152039d485,t10,18,high,0.5042506124,1.580971193,0,0.5031106412,0.4957493876,low,0.7318019468
a_only,0,109,f92544f5ed508add4c093c58e76fce40d49ca14b51000a7b8770e0152039d485,t20,38,high,0.4753138094,1.475917554,0,0.4819277734,0.5246861906,high,0.7318019468
a_only,0,109,f92544f5ed508add4c093c58e76fce40d49ca14b51000a7b8770e0152039d485,full,44,high,0.5156477909,1.596410206,0,0.5114528209,0.4843522091,low,0.7318019468
a_only,0,119,5e9b1bd1f06698191157fbc99f25182854ee47dcc819d045d1eee684d797587b,t3,4,high,0.1829668325,0.4662522912,0,0.2506685257,0.8170331675,high,0.7318019468
a_only,0,119,5e9b1bd1f06698191157fbc99f25182854ee47dcc819d045d1eee684d797587b,t5,8,high,0.2152722736,0.5821222007,0,0.2795818061,0.7847277264,high,0.7318019468
a_only,0,119,5e9b1bd1f06698191157fbc99f25182854ee47dcc819d045d1eee684d797587b,t10,18,high,0.1785815909,0.3337038934,0,0.2466201454,0.8214184091,high,0.7318019468
a_only,0,119,5e9b1bd1f06698191157fbc99f25182854ee47dcc819d045d1eee684d797587b,t20,38,high,0.04334279818,-1.006936169,0,0.09411302377,0.9566572018,high,0.7318019468
a_only,0,119,5e9b1bd1f06698191157fbc99f25182854ee47dcc819d045d1eee684d797587b,full,84,high,0.0009554953946,-4.016629982,0,0.006134186557,0.9990445046,high,0.7318019468
a_only,0,121,b3b2e2bd4653e0479aa37231686157e94d03881d3e717ffb4b92970e7582dc0d,t3,4,high,0.2328642749,0.6960023999,0,0.2947426617,0.7671357251,high,0.7318019468
a_only,0,121,b3b2e2bd4653e0479aa37231686157e94d03881d3e717ffb4b92970e7582dc0d,t5,8,high,0.3000127955,0.9447603703,0,0.3497792602,0.6999872045,high,0.7318019468
a_only,0,121,b3b2e2bd4653e0479aa37231686157e94d03881d3e717ffb4b92970e7582dc0d,t10,18,high,0.1600823974,0.3299329996,0,0.229162544,0.8399176026,high,0.7318019468
a_only,0,121,b3b2e2bd4653e0479aa37231686157e94d03881d3e717ffb4b92970e7582dc0d,t20,38,high,0.03418075828,-0.9775390863,0,0.07979174405,0.9658192417,high,0.7318019468
a_only,0,121,b3b2e2bd4653e0479aa37231686157e94d03881d3e717ffb4b92970e7582dc0d,full,596,high,7.55947147e-08,-41.04243164,0,6.144174222e-06,0.9999999244,high,0.7318019468
a_only,0,123,6c7e3cea7a4858b1ace2a58c01677e91a03db28f550513c277a01f23b2083836,t3,4,low,0.2425155336,0.7351268291,0,0.3029104829,0.7574844664,high,0.7318019468
a_only,0,123,6c7e3cea7a4858b1ace2a58c01677e91a03db28f550513c277a01f23b2083836,t5,8,low,0.2722469697,0.8482541561,0,0.327493006,0.7277530303,high,0.7318019468
a_only,0,123,6c7e3cea7a4858b1ace2a58c01677e91a03db28f550513c277a01f23b2083836,t10,18,low,0.5129738549,1.606659126,0,0.5094952822,0.4870261451,low,0.7318019468
a_only,0,123,6c7e3cea7a4858b1ace2a58c01677e91a03db28f550513c277a01f23b2083836,full,26,low,0.7433191979,2.36068058,0,0.6852746487,0.2566808021,low,0.7318019468
a_only,0,131,78d93e44688ea4c2b1b0be54e645ffaf0ab8c612ccfe0606b26306c0bdd7eb9e,t3,4,low,0.1826541398,0.4561183661,0,0.2503809214,0.8173458602,high,0.7318019468
a_only,0,131,78d93e44688ea4c2b1b0be54e645ffaf0ab8c612ccfe0606b26306c0bdd7eb9e,t5,8,low,0.2500646845,0.7284051403,0,0.3092315823,0.7499353155,high,0.7318019468
a_only,0,131,78d93e44688ea4c2b1b0be54e645ffaf0ab8c612ccfe0606b26306c0bdd7eb9e,t10,18,low,0.2579892185,0.6690210819,0,0.3158069029,0.7420107815,high,0.7318019468
a_only,0,131,78d93e44688ea4c2b1b0be54e645ffaf0ab8c612ccfe0606b26306c0bdd7eb9e,t20,38,low,0.1017714835,-0.3728558689,0,0.1688722329,0.8982285165,high,0.7318019468
a_only,0,131,78d93e44688ea4c2b1b0be54e645ffaf0ab8c612ccfe0606b26306c0bdd7eb9e,full,90,low,0.05707568047,-1.470368516,0,0.1138083313,0.9429243195,high,0.7318019468
a_only,1,5,acef12612f4cc8a8551d6eed74f7140693018819c768baebe55af31070bb4a48,t3,4,high,0.1138966932,0.6645139456,0,0.2555176049,0.8861033068,high,0.5212654909
a_only,1,5,acef12612f4cc8a8551d6eed74f7140693018819c768baebe55af31070bb4a48,t5,8,high,0.1197806062,0.671852681,0,0.2612138808,0.8802193938,high,0.5212654909
a_only,1,5,acef12612f4cc8a8551d6eed74f7140693018819c768baebe55af31070bb4a48,t10,18,high,0.06824706455,0.07878664732,0,0.2038256526,0.9317529354,high,0.5212654909
a_only,1,5,acef12612f4cc8a8551d6eed74f7140693018819c768baebe55af31070bb4a48,t20,38,high,0.04352731553,-1.101188326,0,0.1664998827,0.9564726845,high,0.5212654909
a_only,1,5,acef12612f4cc8a8551d6eed74f7140693018819c768baebe55af31070bb4a48,full,202,high,0.06118584892,-12.53589888,0,0.1941259154,0.9388141511,high,0.5212654909
a_only,1,8,242385d41a2f2e2c7cf667f3555e67d2393f27bebfb58a47237bcb1fe3ddc21f,t3,4,high,0.1037203417,0.6066612601,0,0.245244664,0.8962796583,high,0.5212654909
a_only,1,8,242385d41a2f2e2c7cf667f3555e67d2393f27bebfb58a47237bcb1fe3ddc21f,t5,8,high,0.2055080559,1.027662516,0,0.3307346165,0.7944919441,high,0.5212654909
a_only,1,8,242385d41a2f2e2c7cf667f3555e67d2393f27bebfb58a47237bcb1fe3ddc21f,t10,18,high,0.232850117,1.019017163,0,0.3494407892,0.767149883,high,0.5212654909
a_only,1,8,242385d41a2f2e2c7cf667f3555e67d2393f27bebfb58a47237bcb1fe3ddc21f,full,28,high,0.3191146481,1.136658096,0,0.4025051758,0.6808853519,high,0.5212654909
a_only,1,11,9063fe5a96a210ebfe12759f47a23a0522765005e854174ae1dbba306d5ab91e,t3,4,high,0.03214117618,-0.1528596044,0,0.1449362502,0.9678588238,high,0.5212654909
a_only,1,11,9063fe5a96a210ebfe12759f47a23a0522765005e854174ae1dbba306d5ab91e,t5,8,high,0.03567213572,-0.3014663696,0,0.1520458601,0.9643278643,high,0.5212654909
a_only,1,11,9063fe5a96a210ebfe12759f47a23a0522765005e854174ae1dbba306d5ab91e,full,14,high,0.05905856623,-0.2250126243,0,0.1910741013,0.9409414338,high,0.5212654909
a_only,1,22,908b32eb48120ce4dbf68981ea7e019915cec0971b94eafa2f753fb312d2777a,t3,4,high,0.04219336717,0.02941414118,0,0.1641607136,0.9578066328,high,0.5212654909
a_only,1,22,908b32eb48120ce4dbf68981ea7e019915cec0971b94eafa2f753fb312d2777a,t5,8,high,0.04163161941,-0.148925662,0,0.1631625868,0.9583683806,high,0.5212654909
a_only,1,22,908b32eb48120ce4dbf68981ea7e019915cec0971b94eafa2f753fb312d2777a,t10,18,high,0.05536212247,-0.664050436,0,0.1856115822,0.9446378775,high,0.5212654909
a_only,1,22,908b32eb48120ce4dbf68981ea7e019915cec0971b94eafa2f753fb312d2777a,t20,38,high,0.05383407238,-1.940467715,0,0.1832901527,0.9461659276,high,0.5212654909
a_only,1,22,908b32eb48120ce4dbf68981ea7e019915cec0971b94eafa2f753fb312d2777a,full,132,high,0.007934340244,-9.406984615,0,0.07467657556,0.9920656598,high,0.5212654909
a_only,1,26,9063fe5a96a210ebfe12759f47a23a0522765005e854174ae1dbba306d5ab91e,t3,4,high,0.0593438806,0.2622761458,0,0.1914871722,0.9406561194,high,0.5212654909
a_only,1,26,9063fe5a96a210ebfe12759f47a23a0522765005e854174ae1dbba306d5ab91e,t5,8,high,0.1019273607,0.5314541578,0,0.2433741733,0.8980726393,high,0.5212654909
a_only,1,26,9063fe5a96a210ebfe12759f47a23a0522765005e854174ae1dbba306d5ab91e,full,12,high,0.1105412774,0.5024919927,0,0.2521920368,0.8894587226,high,0.5212654909
a_only,1,43,c3a7a0efb4205fb087261214ecfa7aceebcb7e8cf295163f6d694dd21fdeebe4,t3,4,high,0.05230352223,0.1558828652,0,0.1809253395,0.9476964778,high,0.5212654909
a_only,1,43,c3a7a0efb4205fb087261214ecfa7aceebcb7e8cf295163f6d694dd21fdeebe4,t5,8,high,0.06238054303,0.1237836868,0,0.1958122,0.937619457,high,0.5212654909
a_only,1,43,c3a7a0efb4205fb087261214ecfa7aceebcb7e8cf295163f6d694dd21fdeebe4,t10,18,high,0.0987127676,0.0481585145,0,0.2399714906,0.9012872324,high,0.5212654909
a_only,1,43,c3a7a0efb4205fb087261214ecfa7aceebcb7e8cf295163f6d694dd21fdeebe4,t20,39,high,0.1077485656,-1.247730541,0,0.2493788366,0.8922514344,high,0.5212654909
a_only,1,43,c3a7a0efb4205fb087261214ecfa7aceebcb7e8cf295163f6d694dd21fdeebe4,full,49,high,0.09772052905,-1.802599621,0,0.2389080324,0.9022794709,high,0.5212654909
a_only,1,44,e6803c63f300fa480953ca2fe972e030e123c7f9c1d9ed559d04ae2394d0d86b,t3,4,low,0.1046074249,0.614849472,0,0.2461630672,0.8953925751,high,0.5212654909
a_only,1,44,e6803c63f300fa480953ca2fe972e030e123c7f9c1d9ed559d04ae2394d0d86b,t5,8,low,0.1879815073,0.9681360602,0,0.3180592716,0.8120184927,high,0.5212654909
a_only,1,44,e6803c63f300fa480953ca2fe972e030e123c7f9c1d9ed559d04ae2394d0d86b,t10,18,low,0.3999936228,1.522192073,0,0.4473536551,0.6000063772,high,0.5212654909
a_only,1,44,e6803c63f300fa480953ca2fe972e030e123c7f9c1d9ed559d04ae2394d0d86b,t20,38,low,0.179817382,0.8236975789,0,0.3119400799,0.820182618,high,0.5212654909
a_only,1,44,e6803c63f300fa480953ca2fe972e030e123c7f9c1d9ed559d04ae2394d0d86b,full,172,low,0.08359284812,-2.387822437,0,0.2230167918,0.9164071519,high,0.5212654909
a_only,1,47,f73fbbd46db1893b89699f228eb96713fbf24e13dabbda4707c125290203f537,t3,4,high,0.09474054488,0.5520110846,0,0.2356753021,0.9052594551,high,0.5212654909
a_only,1,47,f73fbbd46db1893b89699f228eb96713fbf24e13dabbda4707c125290203f537,t5,8,high,0.0946293003,0.4972536802,0,0.2355534673,0.9053706997,high,0.5212654909
a_only,1,47,f73fbbd46db1893b89699f228eb96713fbf24e13dabbda4707c125290203f537,full,14,high,0.203240933,0.9689109951,0,0.3291278809,0.796759067,high,0.5212654909
a_only,1,66,60300796ba7899fd40ecbaa91387c5ca83e5757c4513c7aae95783e2e3877244,t3,4,high,0.1177654107,0.6842594385,0,0.259281683,0.8822345893,high,0.5212654909
a_only,1,66,60300796ba7899fd40ecbaa91387c5ca83e5757c4513c7aae95783e2e3877244,t5,8,high,0.1768069183,0.9285390615,0,0.3096458733,0.8231930817,high,0.5212654909
a_only,1,66,60300796ba7899fd40ecbaa91387c5ca83e5757c4513c7aae95783e2e3877244,t10,17,high,0.286050613,1.226396477,0,0.3830146611,0.713949387,high,0.5212654909
a_only,1,66,60300796ba7899fd40ecbaa91387c5ca83e5757c4513c7aae95783e2e3877244,full,29,high,0.4933748098,1.724967718,0,0.4965463698,0.5066251902,high,0.5212654909
a_only,1,71,acef12612f4cc8a8551d6eed74f7140693018819c768baebe55af31070bb4a48,t3,4,high,0.09822147074,0.5742853284,0,0.2394457221,0.9017785293,high,0.5212654909
a_only,1,71,acef12612f4cc8a8551d6eed74f7140693018819c768baebe55af31070bb4a48,t5,8,high,0.08490373659,0.4300608695,0,0.2245553255,0.9150962634,high,0.5212654909
a_only,1,71,acef12612f4cc8a8551d6eed74f7140693018819c768baebe55af31070bb4a48,t10,18,high,0.06177907251,-0.1466498971,0,0.1949656636,0.9382209275,high,0.5212654909
a_only,1,71,acef12612f4cc8a8551d6eed74f7140693018819c768baebe55af31070bb4a48,t20,38,high,0.07092646059,-0.9243008375,0,0.2073491777,0.9290735394,high,0.5212654909
a_only,1,71,acef12612f4cc8a8551d6eed74f7140693018819c768baebe55af31070bb4a48,full,168,high,0.0557202384,-7.443687153,0,0.1861501101,0.9442797616,high,0.5212654909
a_only,1,74,c71ada431bd46bd4a6359aeae6a2a8e55c5fadaac95da2d3426bc7a470fc428d,t3,4,low,0.1234807754,0.7125516534,0,0.2647130847,0.8765192246,high,0.5212654909
a_only,1,74,c71ada431bd46bd4a6359aeae6a2a8e55c5fadaac95da2d3426bc7a470fc428d,t5,8,low,0.2396834658,1.13124392,0,0.3539418101,0.7603165342,high,0.5212654909
a_only,1,74,c71ada431bd46bd4a6359aeae6a2a8e55c5fadaac95da2d3426bc7a470fc428d,t10,18,low,0.5552434107,1.85342977,0,0.5288823366,0.4447565893,low,0.5212654909
a_only,1,74,c71ada431bd46bd4a6359aeae6a2a8e55c5fadaac95da2d3426bc7a470fc428d,full,36,low,0.5965428409,1.966764051,0,0.5507884592,0.4034571591,low,0.5212654909
a_only,1,78,093c82fd2197f13c9cdbf2150b89b7a4fa6b1bd0b674db97725c2c7c8bd1dd88,t3,4,high,0.1235014032,0.7126877427,0,0.2647324204,0.8764985968,high,0.5212654909
a_only,1,78,093c82fd2197f13c9cdbf2150b89b7a4fa6b1bd0b674db97725c2c7c8bd1dd88,t5,8,high,0.1746541868,0.9226345181,0,0.3079922676,0.8253458132,high,0.5212654909
a_only,1,78,093c82fd2197f13c9cdbf2150b89b7a4fa6b1bd0b674db97725c2c7c8bd1dd88,t10,18,high,0.4083992873,1.540772629,0,0.4518561184,0.5916007127,high,0.5212654909
a_only,1,78,093c82fd2197f13c9cdbf2150b89b7a4fa6b1bd0b674db97725c2c7c8bd1dd88,t20,38,high,0.917131721,3.064380503,0,0.777839756,0.08286827902,low,0.5212654909
a_only,1,78,093c82fd2197f13c9cdbf2150b89b7a4fa6b1bd0b674db97725c2c7c8bd1dd88,full,74,high,0.8823443086,2.992576158,0,0.7408240676,0.1176556914,low,0.5212654909
a_only,1,81,e20918bb59fb9410444abfca05301763d95a43571f7e2437b82ee48a1c85ed42,t3,2,high,0.05136766261,0.1347016163,0,0.1794590652,0.9486323374,high,0.5212654909
a_only,1,81,e20918bb59fb9410444abfca05301763d95a43571f7e2437b82ee48a1c85ed42,t5,6,high,0.05614050833,0.009423810244,0,0.1867794864,0.9438594917,high,0.5212654909
a_only,1,81,e20918bb59fb9410444abfca05301763d95a43571f7e2437b82ee48a1c85ed42,t10,16,high,0.07953944333,-0.3868567228,0,0.2181667704,0.9204605567,high,0.5212654909
a_only,1,81,e20918bb59fb9410444abfca05301763d95a43571f7e2437b82ee48a1c85ed42,full,20,high,0.09705389981,-0.4867844105,0,0.2381899724,0.9029461002,high,0.5212654909
a_only,1,84,acef12612f4cc8a8551d6eed74f7140693018819c768baebe55af31070bb4a48,t3,4,high,0.1237849249,0.7140312195,0,0.2649979949,0.8762150751,high,0.5212654909
a_only,1,84,acef12612f4cc8a8551d6eed74f7140693018819c768baebe55af31070bb4a48,t5,8,high,0.2348688844,1.118210173,0,0.3507771611,0.7651311156,high,0.5212654909
a_only,1,84,acef12612f4cc8a8551d6eed74f7140693018819c768baebe55af31070bb4a48,t10,18,high,0.1418263302,0.6376314044,0,0.2812269211,0.8581736698,high,0.5212654909
a_only,1,84,acef12612f4cc8a8551d6eed74f7140693018819c768baebe55af31070bb4a48,t20,38,high,0.1091635224,-0.4780689001,0,0.2508094441,0.8908364776,high,0.5212654909
a_only,1,84,acef12612f4cc8a8551d6eed74f7140693018819c768baebe55af31070bb4a48,full,234,high,0.06530105196,-7.298186493,0,0.1998550976,0.934698948,high,0.5212654909
a_only,1,90,a771a5f4fb2138cf78114b166d2e1fa99c89b30b5a08b96d69edbffaa7be1c17,t3,4,low,0.1252082472,0.7210628271,0,0.2663259268,0.8747917528,high,0.5212654909
a_only,1,90,a771a5f4fb2138cf78114b166d2e1fa99c89b30b5a08b96d69edbffaa7be1c17,t5,8,low,0.1600695213,0.8647788525,0,0.2964818895,0.8399304787,high,0.5212654909
a_only,1,90,a771a5f4fb2138cf78114b166d2e1fa99c89b30b5a08b96d69edbffaa7be1c17,t10,18,low,0.3273127397,1.294393905,0,0.4072124302,0.6726872603,high,0.5212654909
a_only,1,90,a771a5f4fb2138cf78114b166d2e1fa99c89b30b5a08b96d69edbffaa7be1c17,full,24,low,0.4143686156,1.485952944,0,0.4550408185,0.5856313844,high,0.5212654909
a_only,1,91,67e1884ecd04dbe20b36dae2dd478b3fa11c2dd652ae19aa1ecf63df01a54bb4,t3,4,high,0.116545091,0.6781540036,0,0.2581022561,0.883454909,high,0.5212654909
a_only,1,91,67e1884ecd04dbe20b36dae2dd478b3fa11c2dd652ae19aa1ecf63df01a54bb4,t5,8,high,0.1322272172,0.7458893895,0,0.2727503061,0.8677727828,high,0.5212654909
a_only,1,91,67e1884ecd04dbe20b36dae2dd478b3fa11c2dd652ae19aa1ecf63df01a54bb4,t10,18,high,0.2681306708,1.169983348,0,0.3720535636,0.7318693292,high,0.5212654909
a_only,1,91,67e1884ecd04dbe20b36dae2dd478b3fa11c2dd652ae19aa1ecf63df01a54bb4,t20,38,high,0.1235305431,0.4028210431,0,0.264759732,0.8764694569,high,0.5212654909
a_only,1,91,67e1884ecd04dbe20b36dae2dd478b3fa11c2dd652ae19aa1ecf63df01a54bb4,full,78,high,0.08275553497,-1.021056938,0,0.2220265646,0.917244465,high,0.5212654909
a_only,1,93,4a179349154115dae8c63a1aae7fb09285d02b7da5eef74d9eaa8871309dcfa9,t3,4,high,0.08002321326,0.4334430784,0,0.2187532187,0.9199767867,high,0.5212654909
a_only,1,93,4a179349154115dae8c63a1aae7fb09285d02b7da5eef74d9eaa8871309dcfa9,t5,8,high,0.099188707,0.4751609802,0,0.2404793546,0.900811293,high,0.5212654909
a_only,1,93,4a179349154115dae8c63a1aae7fb09285d02b7da5eef74d9eaa8871309dcfa9,t10,18,high,0.1449355715,0.5150830746,0,0.2839020632,0.8550644285,high,0.5212654909
a_only,1,93,4a179349154115dae8c63a1aae7fb09285d02b7da5eef74d9eaa8871309dcfa9,full,24,high,0.1368556674,0.3173092186,0,0.2768799495,0.8631443326,high,0.5212654909
a_only,1,96,25e8b5e04642d3980ac38e4c1a2adc2fda059b625ba4b1d1523d13ecc5903774,t3,4,high,0.1203978238,0.6977488995,0,0.2618018925,0.8796021762,high,0.5212654909
a_only,1,96,25e8b5e04642d3980ac38e4c1a2adc2fda059b625ba4b1d1523d13ecc5903774,t5,8,high,0.1116605763,0.6224501252,0,0.2533078581,0.8883394237,high,0.5212654909
a_only,1,96,25e8b5e04642d3980ac38e4c1a2adc2fda059b625ba4b1d1523d13ecc5903774,t10,18,high,0.136669834,0.6343723565,0,0.2767156988,0.863330166,high,0.5212654909
a_only,1,96,25e8b5e04642d3980ac38e4c1a2adc2fda059b625ba4b1d1523d13ecc5903774,t20,38,high,0.1266797946,0.09557199478,0,0.2676897038,0.8733202054,high,0.5212654909
a_only,1,96,25e8b5e04642d3980ac38e4c1a2adc2fda059b625ba4b1d1523d13ecc5903774,full,90,high,0.08529118517,-1.995644051,0,0.2250073549,0.9147088148,high,0.5212654909
a_only,1,97,1837300a58fa97fb00235849e610a9e6fc97376558ae1b2b3a001a60fbe9de12,t3,4,high,0.1016685704,0.5902923048,0,0.2431026012,0.8983314296,high,0.5212654909
a_only,1,97,1837300a58fa97fb00235849e610a9e6fc97376558ae1b2b3a001a60fbe9de12,t5,8,high,0.09620256843,0.5206203938,0,0.2372687146,0.9037974316,high,0.5212654909
a_only,1,97,1837300a58fa97fb00235849e610a9e6fc97376558ae1b2b3a001a60fbe9de12,t10,18,high,0.04073651248,-0.1771181822,0,0.1615555815,0.9592634875,high,0.5212654909
a_only,1,97,1837300a58fa97fb00235849e610a9e6fc97376558ae1b2b3a001a60fbe9de12,t20,38,high,0.05010296694,-0.2092377782,0,0.1774521634,0.9498970331,high,0.5212654909
a_only,1,97,1837300a58fa97fb00235849e610a9e6fc97376558ae1b2b3a001a60fbe9de12,full,106,high,0.005985944026,-3.338681877,0,0.06507748567,0.994014056,high,0.5212654909
a_only,1,102,6b850256cef5c3246b062d9ccc13df2dba8549db3d4aa09074ac047358bc730c,t3,4,low,0.05271006419,0.1773296341,0,0.1815574422,0.9472899358,high,0.5212654909
a_only,1,102,6b850256cef5c3246b062d9ccc13df2dba8549db3d4aa09074ac047358bc730c,t5,8,low,0.05215958519,0.0539463222,0,0.180700843,0.9478404148,high,0.5212654909
a_only,1,102,6b850256cef5c3246b062d9ccc13df2dba8549db3d4aa09074ac047358bc730c,t10,18,low,0.108644816,0.460488826,0,0.2502862692,0.891355184,high,0.5212654909
a_only,1,102,6b850256cef5c3246b062d9ccc13df2dba8549db3d4aa09074ac047358bc730c,full,18,low,0.108644816,0.460488826,0,0.2502862692,0.891355184,high,0.5212654909
a_only,1,106,448764c64bd9a5b6c7cd78e8b26ab5214ce6b2f3a7fafd6b108f3cbbe5f7e177,t3,4,low,0.1107122732,0.6478466153,0,0.2523629278,0.8892877268,high,0.5212654909
a_only,1,106,448764c64bd9a5b6c7cd78e8b26ab5214ce6b2f3a7fafd6b108f3cbbe5f7e177,t5,8,low,0.2333190147,1.113969207,0,0.349751693,0.7666809853,high,0.5212654909
a_only,1,106,448764c64bd9a5b6c7cd78e8b26ab5214ce6b2f3a7fafd6b108f3cbbe5f7e177,t10,18,low,0.5547298546,1.849831319,0,0.5286122561,0.4452701454,low,0.5212654909
a_only,1,106,448764c64bd9a5b6c7cd78e8b26ab5214ce6b2f3a7fafd6b108f3cbbe5f7e177,full,22,low,0.6876922408,2.150843382,0,0.6014384151,0.3123077592,low,0.5212654909
a_only,1,111,c5d024bb1b7d54d9eb1b773b68d0abb69abd4c57c23dd861afa6b4daf6095fb2,t3,4,high,0.1243702346,0.7168907881,0,0.2655451417,0.8756297654,high,0.5212654909
a_only,1,111,c5d024bb1b7d54d9eb1b773b68d0abb69abd4c57c23dd861afa6b4daf6095fb2,t5,8,high,0.1760039543,0.9203414679,0,0.3090303719,0.8239960457,high,0.5212654909
a_only,1,111,c5d024bb1b7d54d9eb1b773b68d0abb69abd4c57c23dd861afa6b4daf6095fb2,t10,18,high,0.3749821276,1.442904246,0,0.4338118523,0.6250178724,high,0.5212654909
a_only,1,111,c5d024bb1b7d54d9eb1b773b68d0abb69abd4c57c23dd861afa6b4daf6095fb2,t20,37,high,0.2539629345,0.8267087936,0,0.3631521471,0.7460370655,high,0.5212654909
a_only,1,111,c5d024bb1b7d54d9eb1b773b68d0abb69abd4c57c23dd861afa6b4daf6095fb2,full,57,high,0.2497775691,0.7874289691,0,0.3604786593,0.7502224309,high,0.5212654909
a_only,1,115,40b598298febd1caaa3494c2aa68b7d34db4adefb806470ebaa2164aa3b6e97b,t3,4,low,0.1169309901,0.6801756024,0,0.258475998,0.8830690099,high,0.5212654909
a_only,1,115,40b598298febd1caaa3494c2aa68b7d34db4adefb806470ebaa2164aa3b6e97b,t5,8,low,0.1362236936,0.7567777634,0,0.2763208508,0.8637763064,high,0.5212654909
a_only,1,115,40b598298febd1caaa3494c2aa68b7d34db4adefb806470ebaa2164aa3b6e97b,t10,18,low,0.2602301509,1.143077812,0,0.367117238,0.7397698491,high,0.5212654909
a_only,1,115,40b598298febd1caaa3494c2aa68b7d34db4adefb806470ebaa2164aa3b6e97b,t20,38,low,0.721690551,2.267779875,0,0.6216822147,0.278309449,low,0.5212654909
a_only,1,115,40b598298febd1caaa3494c2aa68b7d34db4adefb806470ebaa2164aa3b6e97b,full,46,low,0.7327880426,2.328887725,0,0.6285170257,0.2672119574,low,0.5212654909
a_only,1,116,4418b43f021add15a849c765ee0db832848b4b10e7849e6b885d73b122875f84,t3,4,high,0.1158513695,0.6741413713,0,0.2574285716,0.8841486305,high,0.5212654909
a_only,1,116,4418b43f021add15a849c765ee0db832848b4b10e7849e6b885d73b122875f84,t5,8,high,0.1836546486,0.942134434,0,0.3148344278,0.8163453514,high,0.5212654909
a_only,1,116,4418b43f021add15a849c765ee0db832848b4b10e7849e6b885d73b122875f84,t10,18,high,0.146821239,0.6571174502,0,0.2855086282,0.853178761,high,0.5212654909
a_only,1,116,4418b43f021add15a849c765ee0db832848b4b10e7849e6b885d73b122875f84,t20,38,high,0.09039913094,-0.6479180098,0,0.2308562296,0.9096008691,high,0.5212654909
a_only,1,116,4418b43f021add15a849c765ee0db832848b4b10e7849e6b885d73b122875f84,full,166,high,0.05870034924,-7.220818806,0,0.1905537991,0.9412996508,high,0.5212654909
a_only,1,118,76be45b29b02fc9e53270d845eb888e016203b2feb5f8a23c1bc226cfb6f9541,t3,4,low,0.1192321704,0.6910112381,0,0.2606899172,0.8807678296,high,0.5212654909
a_only,1,118,76be45b29b02fc9e53270d845eb888e016203b2feb5f8a23c1bc226cfb6f9541,t5,8,low,0.247414944,1.152815557,0,0.3589601338,0.752585056,high,0.5212654909
a_only,1,118,76be45b29b02fc9e53270d845eb888e016203b2feb5f8a23c1bc226cfb6f9541,t10,18,low,0.6872204836,2.157056165,0,0.601164031,0.3127795164,low,0.5212654909
a_only,1,118,76be45b29b02fc9e53270d845eb888e016203b2feb5f8a23c1bc226cfb6f9541,full,20,low,0.6472360056,2.056553459,0,0.5784374237,0.3527639944,low,0.5212654909
a_only,1,127,7917889ab4e78b6b53a8a9cb1ef033ff30c5f3bd8f7978290b6a1e55f3745707,t3,4,high,0.1107530399,0.6481433868,0,0.2524036467,0.8892469601,high,0.5212654909
a_only,1,127,7917889ab4e78b6b53a8a9cb1ef033ff30c5f3bd8f7978290b6a1e55f3745707,t5,8,high,0.09938270644,0.5734148085,0,0.2406859547,0.9006172936,high,0.5212654909
a_only,1,127,7917889ab4e78b6b53a8a9cb1ef033ff30c5f3bd8f7978290b6a1e55f3745707,t10,18,high,0.2217825783,1.057363558,0,0.3420101792,0.7782174217,high,0.5212654909
a_only,1,127,7917889ab4e78b6b53a8a9cb1ef033ff30c5f3bd8f7978290b6a1e55f3745707,t20,38,high,0.2387156121,1.023343158,0,0.3533081368,0.7612843879,high,0.5212654909
a_only,1,127,7917889ab4e78b6b53a8a9cb1ef033ff30c5f3bd8f7978290b6a1e55f3745707,full,58,high,0.108168805,-0.136669445,0,0.249804868,0.891831195,high,0.5212654909
a_only,2,2,fdf67d2c42795b9d06e986a20b48e2b2bee751e8cdf4fd17e3571edec7df7c1a,t3,4,high,0.3199710301,0.5313223362,0,0.2840194434,0.6800289699,high,1.226428246
a_only,2,2,fdf67d2c42795b9d06e986a20b48e2b2bee751e8cdf4fd17e3571edec7df7c1a,t5,8,high,0.3893613705,0.8604418516,0,0.3654261202,0.6106386295,high,1.226428246
a_only,2,2,fdf67d2c42795b9d06e986a20b48e2b2bee751e8cdf4fd17e3571edec7df7c1a,t10,18,high,0.5614440861,1.668885589,0,0.575165534,0.4385559139,low,1.226428246
a_only,2,2,fdf67d2c42795b9d06e986a20b48e2b2bee751e8cdf4fd17e3571edec7df7c1a,full,34,high,0.6983449554,2.743527031,0,0.7368188534,0.3016550446,low,1.226428246
a_only,2,4,191639dd25fcde7c7a679eb592d24f8b509b2039411c660a67c8a93f8157923d,t3,4,high,0.29728654,0.398231405,0,0.2582587868,0.70271346,high,1.226428246
a_only,2,4,191639dd25fcde7c7a679eb592d24f8b509b2039411c660a67c8a93f8157923d,t5,8,high,0.3115834694,0.4401400268,0,0.2744377211,0.6884165306,high,1.226428246
a_only,2,4,191639dd25fcde7c7a679eb592d24f8b509b2039411c660a67c8a93f8157923d,t10,18,high,0.3344054165,0.4151098102,0,0.3006544702,0.6655945835,high,1.226428246
a_only,2,4,191639dd25fcde7c7a679eb592d24f8b509b2039411c660a67c8a93f8157923d,t20,38,high,0.4680969565,0.8083620131,0,0.4608999742,0.5319030435,high,1.226428246
a_only,2,4,191639dd25fcde7c7a679eb592d24f8b509b2039411c660a67c8a93f8157923d,full,58,high,0.4357216931,0.09243488312,0,0.4213861991,0.5642783069,high,1.226428246
a_only,2,10,4726c5a5ef83880ea58dc9be0d5526992a63d81a7158a7290accb6ea90e2f24e,t3,4,low,0.3034907801,0.4345408022,0,0.2652552694,0.6965092199,high,1.226428246
a_only,2,10,4726c5a5ef83880ea58dc9be0d5526992a63d81a7158a7290accb6ea90e2f24e,t5,8,low,0.3603689006,0.701722765,0,0.3309969172,0.6396310994,high,1.226428246
a_only,2,10,4726c5a5ef83880ea58dc9be0d5526992a63d81a7158a7290accb6ea90e2f24e,full,10,low,0.3950832654,0.8567996144,0,0.3722791895,0.6049167346,high,1.226428246
a_only,2,13,33d5eab0e55967cc9ef6294d07c71894b7c8ccead9f3b75d9c24963ff08f8a5b,t3,4,high,0.3201877361,0.5333259702,0,0.2842678487,0.6798122639,high,1.226428246
a_only,2,13,33d5eab0e55967cc9ef6294d07c71894b7c8ccead9f3b75d9c24963ff08f8a5b,t5,8,high,0.3902638825,0.8667021036,0,0.3665058851,0.6097361175,high,1.226428246
a_only,2,13,33d5eab0e55967cc9ef6294d07c71894b7c8ccead9f3b75d9c24963ff08f8a5b,full,12,high,0.4627753891,1.19328202,0,0.4543892071,0.5372246109,high,1.226428246
a_only,2,15,9a33ea59a66d49ff7cc5e5ae9beb979f48b38e35157bca2ebd07bf99649f623d,t3,4,low,0.3196591495,0.5306034327,0,0.2836620152,0.6803408505,high,1.226428246
a_only,2,15,9a33ea59a66d49ff7cc5e5ae9beb979f48b38e35157bca2ebd07bf99649f623d,t5,8,low,0.372407155,0.7746592283,0,0.3452289894,0.627592845,high,1.226428246
a_only,2,15,9a33ea59a66d49ff7cc5e5ae9beb979f48b38e35157bca2ebd07bf99649f623d,t10,18,low,0.5454984543,1.569279361,0,0.5557229459,0.4545015457,low,1.226428246
a_only,2,15,9a33ea59a66d49ff7cc5e5ae9beb979f48b38e35157bca2ebd07bf99649f623d,full,20,low,0.5323391435,1.468513703,0,0.5396337584,0.4676608565,low,1.226428246
a_only,2,18,b34ee56525d88d8c5edbedc83cfaa246ebf13d655186bfb0a26192ae67847925,t3,4,high,0.2809602933,0.307875514,0,0.2400366515,0.7190397067,high,1.226428246
a_only,2,18,b34ee56525d88d8c5edbedc83cfaa246ebf13d655186bfb0a26192ae67847925,t5,8,high,0.296015146,0.355118376,0,0.2568298012,0.703984854,high,1.226428246
a_only,2,18,b34ee56525d88d8c5edbedc83cfaa246ebf13d655186bfb0a26192ae67847925,t10,18,high,0.3343207036,0.4150679708,0,0.3005563281,0.6656792964,high,1.226428246
a_only,2,18,b34ee56525d88d8c5edbedc83cfaa246ebf13d655186bfb0a26192ae67847925,t20,38,high,0.5020426591,1.036109686,0,0.5025051678,0.4979573409,low,1.226428246
a_only,2,18,b34ee56525d88d8c5edbedc83cfaa246ebf13d655186bfb0a26192ae67847925,full,114,high,0.5959763236,1.122078568,0,0.6169792757,0.4040236764,low,1.226428246
a_only,2,20,f9ba5bcb971128ab896d2b887228d6522719aa3c656b131cf236ce80da34d01d,t3,4,high,0.319250625,0.5280359149,0,0.2831939608,0.680749375,high,1.226428246
a_only,2,20,f9ba5bcb971128ab896d2b887228d6522719aa3c656b131cf236ce80da34d01d,t5,8,high,0.3888084384,0.8577948272,0,0.3647648126,0.6111915616,high,1.226428246
a_only,2,20,f9ba5bcb971128ab896d2b887228d6522719aa3c656b131cf236ce80da34d01d,t10,18,high,0.4804232148,1.207941079,0,0.4759966627,0.5195767852,high,1.226428246
a_only,2,20,f9ba5bcb971128ab896d2b887228d6522719aa3c656b131cf236ce80da34d01d,t20,38,high,0.6731797548,2.345606232,0,0.708109415,0.3268202452,low,1.226428246
a_only,2,20,f9ba5bcb971128ab896d2b887228d6522719aa3c656b131cf236ce80da34d01d,full,46,high,0.6782732815,2.289267206,0,0.7139668459,0.3217267185,low,1.226428246
a_only,2,25,ddb02d91bd18c3c662df1f33661d602d12020d6cf678bab7cb298f4055fca93b,t3,4,high,0.2814943968,0.3134834707,0,0.2406282872,0.7185056032,high,1.226428246
a_only,2,25,ddb02d91bd18c3c662df1f33661d602d12020d6cf678bab7cb298f4055fca93b,t5,8,high,0.2977120567,0.3703181505,0,0.2587374121,0.7022879433,high,1.226428246
a_only,2,25,ddb02d91bd18c3c662df1f33661d602d12020d6cf678bab7cb298f4055fca93b,t10,18,high,0.3415271917,0.4806138277,0,0.308925999,0.6584728083,high,1.226428246
a_only,2,25,ddb02d91bd18c3c662df1f33661d602d12020d6cf678bab7cb298f4055fca93b,full,32,high,0.4754211176,0.9808518767,0,0.4698680051,0.5245788824,high,1.226428246
a_only,2,28,487d0abed001c9f2a355dcc6490f2cf7f1354bf99dbe74fb40e1739122af3c2b,t3,4,high,0.3153593449,0.5014899611,0,0.2787432045,0.6846406551,high,1.226428246
a_only,2,28,487d0abed001c9f2a355dcc6490f2cf7f1354bf99dbe74fb40e1739122af3c2b,t5,8,high,0.3845769692,0.8279275537,0,0.3597095996,0.6154230308,high,1.226428246
a_only,2,28,487d0abed001c9f2a355dcc6490f2cf7f1354bf99dbe74fb40e1739122af3c2b,t10,18,high,0.5393263303,1.512667871,0,0.5481807843,0.4606736697,low,1.226428246
a_only,2,28,487d0abed001c9f2a355dcc6490f2cf7f1354bf99dbe74fb40e1739122af3c2b,t20,38,high,0.4774372765,0.8895427465,0,0.4723379074,0.5225627235,high,1.226428246
a_only,2,28,487d0abed001c9f2a355dcc6490f2cf7f1354bf99dbe74fb40e1739122af3c2b,full,122,high,0.2658551072,-2.2721259,0,0.2234366015,0.7341448928,high,1.226428246
a_only,2,29,9459f1cceef9869f5ee5d550f4d0153a7cdf2e59b9bd8cc5f372969252fde2ca,t3,4,high,0.3212675081,0.5407174468,0,0.2855061918,0.6787324919,high,1.226428246
a_only,2,29,9459f1cceef9869f5ee5d550f4d0153a7cdf2e59b9bd8cc5f372969252fde2ca,t5,7,high,0.3910843962,0.8720711172,0,0.3674879313,0.6089156038,high,1.226428246
a_only,2,29,9459f1cceef9869f5ee5d550f4d0153a7cdf2e59b9bd8cc5f372969252fde2ca,t10,17,high,0.487196337,1.245475411,0,0.4842989564,0.512803663,high,1.226428246
a_only,2,29,9459f1cceef9869f5ee5d550f4d0153a7cdf2e59b9bd8cc5f372969252fde2ca,t20,37,high,0.5263272421,1.188692307,0,0.5322734304,0.4736727579,low,1.226428246
a_only,2,29,9459f1cceef9869f5ee5d550f4d0153a7cdf2e59b9bd8cc5f372969252fde2ca,full,37,high,0.5263272421,1.188692307,0,0.5322734304,0.4736727579,low,1.226428246
a_only,2,34,4d0345fde865563ce1b8a378bb4f763097083ca5ab32f7ddf46c2f6159f1dec2,t3,4,high,0.3161738557,0.509749341,0,0.2796736836,0.6838261443,high,1.226428246
a_only,2,34,4d0345fde865563ce1b8a378bb4f763097083ca5ab32f7ddf46c2f6159f1dec2,t5,8,high,0.3831311841,0.8251856565,0,0.3579846874,0.6168688159,high,1.226428246
a_only,2,34,4d0345fde865563ce1b8a378bb4f763097083ca5ab32f7ddf46c2f6159f1dec2,t10,18,high,0.4818281418,1.209285617,0,0.4777184665,0.5181718582,high,1.226428246
a_only,2,34,4d0345fde865563ce1b8a378bb4f763097083ca5ab32f7ddf46c2f6159f1dec2,t20,38,high,0.6693747743,2.324150038,0,0.7037191946,0.3306252257,low,1.226428246
a_only,2,34,4d0345fde865563ce1b8a378bb4f763097083ca5ab32f7ddf46c2f6159f1dec2,full,116,high,0.7509027641,4.767434311,0,0.7946655475,0.2490972359,low,1.226428246
a_only,2,36,a89e21c5a35df9846708875b550aedadb0962eeaf4b3c7f3348dec0322cd9dde,t3,4,high,0.2831889964,0.3179181516,0,0.2425074816,0.7168110036,high,1.226428246
a_only,2,36,a89e21c5a35df9846708875b550aedadb0962eeaf4b3c7f3348dec0322cd9dde,t5,8,high,0.3449486057,0.6186369658,0,0.3129140526,0.6550513943,high,1.226428246
a_only,2,36,a89e21c5a35df9846708875b550aedadb0962eeaf4b3c7f3348dec0322cd9dde,t10,18,high,0.4431299769,0.9878870845,0,0.4304046199,0.5568700231,high,1.226428246
a_only,2,36,a89e21c5a35df9846708875b550aedadb0962eeaf4b3c7f3348dec0322cd9dde,t20,38,high,0.3761740204,0.2432160378,0,0.3497015266,0.6238259796,high,1.226428246
a_only,2,36,a89e21c5a35df9846708875b550aedadb0962eeaf4b3c7f3348dec0322cd9dde,full,314,high,0.06764832115,-11.28966398,0,0.03851628146,0.9323516788,high,1.226428246
a_only,2,38,f8b9c28f12c90d87138212f431c9300e394af58c1dc90d970ba183af36ca0387,t3,4,high,0.3213580467,0.5415203214,0,0.2856100738,0.6786419533,high,1.226428246
a_only,2,38,f8b9c28f12c90d87138212f431c9300e394af58c1dc90d970ba183af36ca0387,t5,8,high,0.3866069255,0.8472294569,0,0.3621334761,0.6133930745,high,1.226428246
a_only,2,38,f8b9c28f12c90d87138212f431c9300e394af58c1dc90d970ba183af36ca0387,t10,18,high,0.5451423011,1.56139462,0,0.5552879587,0.4548576989,low,1.226428246
a_only,2,38,f8b9c28f12c90d87138212f431c9300e394af58c1dc90d970ba183af36ca0387,t20,38,high,0.703175491,2.794469023,0,0.7422607031,0.296824509,low,1.226428246
a_only,2,38,f8b9c28f12c90d87138212f431c9300e394af58c1dc90d970ba183af36ca0387,full,93,high,0.7515452391,5.011548138,0,0.7953526586,0.2484547609,low,1.226428246
a_only,2,49,b34ee56525d88d8c5edbedc83cfaa246ebf13d655186bfb0a26192ae67847925,t3,4,high,0.2740567618,0.2680183947,0,0.2324178606,0.7259432382,high,1.226428246
a_only,2,49,b34ee56525d88d8c5edbedc83cfaa246ebf13d655186bfb0a26192ae67847925,t5,8,high,0.3283284302,0.5361902714,0,0.2936292693,0.6716715698,high,1.226428246
a_only,2,49,b34ee56525d88d8c5edbedc83cfaa246ebf13d655186bfb0a26192ae67847925,t10,18,high,0.3893985902,0.7243707895,0,0.3654706411,0.6106014098,high,1.226428246
a_only,2,49,b34ee56525d88d8c5edbedc83cfaa246ebf13d655186bfb0a26192ae67847925,t20,38,high,0.4593230788,0.7642828256,0,0.4501681579,0.5406769212,high,1.226428246
a_only,2,49,b34ee56525d88d8c5edbedc83cfaa246ebf13d655186bfb0a26192ae67847925,full,180,high,0.5198803163,-1.996226549,0,0.5243753042,0.4801196837,low,1.226428246
a_only,2,51,27f7b9a233b232d09dc5463937c8150e848bebb9f9c3eac2cd6d18cd0a0a0663,t3,4,high,0.3174929892,0.5172853708,0,0.2811819166,0.6825070108,high,1.226428246
a_only,2,51,27f7b9a233b232d09dc5463937c8150e848bebb9f9c3eac2cd6d18cd0a0a0663,t5,8,high,0.3834863612,0.8273791313,0,0.3584083244,0.6165136388,high,1.226428246
a_only,2,51,27f7b9a233b232d09dc5463937c8150e848bebb9f9c3eac2cd6d18cd0a0a0663,full,14,high,0.376072477,0.7279067397,0,0.3495808452,0.623927523,high,1.226428246
a_only,2,54,cab87913f73e8349723b3aa09815de16104f7e933d850478367538de727d8d66,t3,4,high,0.3002860697,0.4168848038,0,0.2616365612,0.6997139303,high,1.226428246
a_only,2,54,cab87913f73e8349723b3aa09815de16104f7e933d850478367538de727d8d66,t5,8,high,0.3658335405,0.7315114379,0,0.3374455199,0.6341664595,high,1.226428246
a_only,2,54,cab87913f73e8349723b3aa09815de16104f7e933d850478367538de727d8d66,t10,18,high,0.4810881385,1.194135594,0,0.4768115349,0.5189118615,high,1.226428246
a_only,2,54,cab87913f73e8349723b3aa09815de16104f7e933d850478367538de727d8d66,t20,38,high,0.5321850783,1.203120327,0,0.539445205,0.4678149217,low,1.226428246
a_only,2,54,cab87913f73e8349723b3aa09815de16104f7e933d850478367538de727d8d66,full,40,high,0.5326074958,1.185699129,0,0.5399621734,0.4673925042,low,1.226428246
a_only,2,61,d18cd2cb8f3969cbf6af794d14828afbbd325bed84b28f6fb6cfa887be2c8b28,t3,4,high,0.3177180698,0.5178935826,0,0.2814394206,0.6822819302,high,1.226428246
a_only,2,61,d18cd2cb8f3969cbf6af794d14828afbbd325bed84b28f6fb6cfa887be2c8b28,t5,8,high,0.3039514088,0.4063595831,0,0.2657762334,0.6960485912,high,1.226428246
a_only,2,61,d18cd2cb8f3969cbf6af794d14828afbbd325bed84b28f6fb6cfa887be2c8b28,t10,18,high,0.3539354811,0.5173321486,0,0.3234316222,0.6460645189,high,1.226428246
a_only,2,61,d18cd2cb8f3969cbf6af794d14828afbbd325bed84b28f6fb6cfa887be2c8b28,t20,38,high,0.3033474808,-0.2622519493,0,0.2650932424,0.6966525192,high,1.226428246
a_only,2,61,d18cd2cb8f3969cbf6af794d14828afbbd325bed84b28f6fb6cfa887be2c8b28,full,124,high,0.3338361027,-2.418184423,0,0.2999950193,0.6661638973,high,1.226428246
a_only,2,63,f34b655729f9e067daf58741bbef87d6babc75e70cc02335a66a9a7f2a41110f,t3,4,high,0.3187913253,0.5249165356,0,0.2826679111,0.6812086747,high,1.226428246
a_only,2,63,f34b655729f9e067daf58741bbef87d6babc75e70cc02335a66a9a7f2a41110f,t5,8,high,0.380550915,0.8091439128,0,0.3549092785,0.619449085,high,1.226428246
a_only,2,63,f34b655729f9e067daf58741bbef87d6babc75e70cc02335a66a9a7f2a41110f,t10,18,high,0.4505279557,1.035823631,0,0.4394259021,0.5494720443,high,1.226428246
a_only,2,63,f34b655729f9e067daf58741bbef87d6babc75e70cc02335a66a9a7f2a41110f,t20,38,high,0.6276298088,1.906542873,0,0.654814855,0.3723701912,low,1.226428246
a_only,2,63,f34b655729f9e067daf58741bbef87d6babc75e70cc02335a66a9a7f2a41110f,full,58,high,0.7191751938,3.01459198,0,0.7601133803,0.2808248062,low,1.226428246
a_only,2,76,ef2a499f1eb631d0fe82020b23b6b033d935130d3181bd0d4fd2f4fcd23925a8,t3,5,high,0.3053831385,0.4404238343,0,0.2673968166,0.6946168615,high,1.226428246
a_only,2,76,ef2a499f1eb631d0fe82020b23b6b033d935130d3181bd0d4fd2f4fcd23925a8,t5,9,high,0.3236661706,0.5032617211,0,0.2882608056,0.6763338294,high,1.226428246
a_only,2,76,ef2a499f1eb631d0fe82020b23b6b033d935130d3181bd0d4fd2f4fcd23925a8,t10,19,high,0.4096935371,0.8191126466,0,0.3898527168,0.5903064629,high,1.226428246
a_only,2,76,ef2a499f1eb631d0fe82020b23b6b033d935130d3181bd0d4fd2f4fcd23925a8,t20,41,high,0.4581416335,0.7661883593,0,0.4487241762,0.5418583665,high,1.226428246
a_only,2,76,ef2a499f1eb631d0fe82020b23b6b033d935130d3181bd0d4fd2f4fcd23925a8,full,67,high,0.4251486467,0.009816265106,0,0.4085458952,0.5748513533,high,1.226428246
a_only,2,85,362ca8248798f8db4ad596d5ff5d5b21969fb1d0b5d6bc5479eb390815d04099,t3,4,high,0.3168435696,0.5126889527,0,0.280439204,0.6831564304,high,1.226428246
a_only,2,85,362ca8248798f8db4ad596d5ff5d5b21969fb1d0b5d6bc5479eb390815d04099,t5,8,high,0.3663077061,0.7352072358,0,0.3380060107,0.6336922939,high,1.226428246
a_only,2,85,362ca8248798f8db4ad596d5ff5d5b21969fb1d0b5d6bc5479eb390815d04099,t10,18,high,0.428130894,0.9193332314,0,0.4121637106,0.571869106,high,1.226428246
a_only,2,85,362ca8248798f8db4ad596d5ff5d5b21969fb1d0b5d6bc5479eb390815d04099,t20,38,high,0.3271858075,0.008526468277,0,0.2923118383,0.6728141925,high,1.226428246
a_only,2,85,362ca8248798f8db4ad596d5ff5d5b21969fb1d0b5d6bc5479eb390815d04099,full,130,high,0.3572644063,-1.918643701,0,0.3273425731,0.6427355937,high,1.226428246
a_only,2,88,9bc4482343f7ed28b44b9319b09ff19b55a18cac47392ae5ffba13a1bbc7d262,t3,5,high,0.3152094846,0.4995881855,0,0.2785720736,0.6847905154,high,1.226428246
a_only,2,88,9bc4482343f7ed28b44b9319b09ff19b55a18cac47392ae5ffba13a1bbc7d262,t5,9,high,0.370609177,0.7512440443,0,0.3430973276,0.629390823,high,1.226428246
a_only,2,88,9bc4482343f7ed28b44b9319b09ff19b55a18cac47392ae5ffba13a1bbc7d262,t10,19,high,0.5243063553,1.420537138,0,0.5297981627,0.4756936447,low,1.226428246
a_only,2,88,9bc4482343f7ed28b44b9319b09ff19b55a18cac47392ae5ffba13a1bbc7d262,t20,39,high,0.6280218735,1.896587896,0,0.6552798484,0.3719781265,low,1.226428246
a_only,2,88,9bc4482343f7ed28b44b9319b09ff19b55a18cac47392ae5ffba13a1bbc7d262,full,67,high,0.705523539,2.752096367,0,0.744897409,0.294476461,low,1.226428246
a_only,2,92,f2052231c80a312cdf52e119479c078cd5bcaf12bb92c3ed0366740e77e1ee5f,t3,4,low,0.3156622544,0.5042828798,0,0.2790891707,0.6843377456,high,1.226428246
a_only,2,92,f2052231c80a312cdf52e119479c078cd5bcaf12bb92c3ed0366740e77e1ee5f,t5,8,low,0.3876812727,0.8502750874,0,0.3634172425,0.6123187273,high,1.226428246
a_only,2,92,f2052231c80a312cdf52e119479c078cd5bcaf12bb92c3ed0366740e77e1ee5f,full,12,low,0.4145425218,0.9441167116,0,0.3957070082,0.5854574782,high,1.226428246
a_only,2,107,987ebbea8e2f88d7ae24bb995fb1683cfcf43e60da1c73db60f86e9c6f759ec0,t3,4,high,0.3165143421,0.5100953281,0,0.2800628275,0.6834856579,high,1.226428246
a_only,2,107,987ebbea8e2f88d7ae24bb995fb1683cfcf43e60da1c73db60f86e9c6f759ec0,t5,8,high,0.3662454693,0.7334569216,0,0.3379324347,0.6337545307,high,1.226428246
a_only,2,107,987ebbea8e2f88d7ae24bb995fb1683cfcf43e60da1c73db60f86e9c6f759ec0,full,16,high,0.4784992901,1.208611131,0,0.4736391157,0.5215007099,high,1.226428246
a_only,2,113,43e3f532b331904b4b75e22e482cffcf7410e15e086662ebc1b0f2d324f2c640,t3,4,high,0.3079932915,0.4621948898,0,0.2703563601,0.6920067085,high,1.226428246
a_only,2,113,43e3f532b331904b4b75e22e482cffcf7410e15e086662ebc1b0f2d324f2c640,t5,8,high,0.377083594,0.7922534943,0,0.3507828102,0.622916406,high,1.226428246
a_only,2,113,43e3f532b331904b4b75e22e482cffcf7410e15e086662ebc1b0f2d324f2c640,t10,18,high,0.5429429215,1.54081018,0,0.5526011303,0.4570570785,low,1.226428246
a_only,2,113,43e3f532b331904b4b75e22e482cffcf7410e15e086662ebc1b0f2d324f2c640,t20,38,high,0.6953044969,2.625369358,0,0.7333817706,0.3046955031,low,1.226428246
a_only,2,113,43e3f532b331904b4b75e22e482cffcf7410e15e086662ebc1b0f2d324f2c640,full,48,high,0.7203955695,3.042733431,0,0.7614638578,0.2796044305,low,1.226428246
a_only,2,120,6138bfa37d6d45417e27c6225b1b5c3d451845f9afd2be1af047243d1934f16d,t3,4,high,0.3220840365,0.5465804905,0,0.2864433199,0.6779159635,high,1.226428246
a_only,2,120,6138bfa37d6d45417e27c6225b1b5c3d451845f9afd2be1af047243d1934f16d,t5,8,high,0.3933871576,0.8879006505,0,0.3702459604,0.6066128424,high,1.226428246
a_only,2,120,6138bfa37d6d45417e27c6225b1b5c3d451845f9afd2be1af047243d1934f16d,t10,18,high,0.5458815529,1.575653267,0,0.5561908111,0.4541184471,low,1.226428246
a_only,2,120,6138bfa37d6d45417e27c6225b1b5c3d451845f9afd2be1af047243d1934f16d,full,30,high,0.6709934075,2.402235746,0,0.7055882908,0.3290065925,low,1.226428246
a_only,2,126,3d9bb96a31d14f722edff4380172cc0eda5a2e2aab8847223fead188adfe3bae,t3,4,low,0.3193787346,0.5270556569,0,0.2833407223,0.6806212654,high,1.226428246
a_only,2,126,3d9bb96a31d14f722edff4380172cc0eda5a2e2aab8847223fead188adfe3bae,t5,8,low,0.3885853039,0.8537786007,0,0.3644979909,0.6114146961,high,1.226428246
a_only,2,126,3d9bb96a31d14f722edff4380172cc0eda5a2e2aab8847223fead188adfe3bae,t10,17,low,0.5515816994,1.594501328,0,0.5631481171,0.4484183006,low,1.226428246
a_only,2,126,3d9bb96a31d14f722edff4380172cc0eda5a2e2aab8847223fead188adfe3bae,t20,36,low,0.7125286771,2.982632828,0,0.7527299184,0.2874713229,low,1.226428246
a_only,2,126,3d9bb96a31d14f722edff4380172cc0eda5a2e2aab8847223fead188adfe3bae,full,63,low,0.7519944704,5.15668087,0,0.7958327896,0.2480055296,low,1.226428246
a_only,2,129,b43f9bef2ea9be7d5c83147f704d1ec9e88508b7c90558944b551a63d6646376,t3,5,high,0.2671028439,0.2218950778,0,0.2247979224,0.7328971561,high,1.226428246
a_only,2,129,b43f9bef2ea9be7d5c83147f704d1ec9e88508b7c90558944b551a63d6646376,t5,9,high,0.2398051803,0.002803474665,0,0.1954483509,0.7601948197,high,1.226428246
a_only,2,129,b43f9bef2ea9be7d5c83147f704d1ec9e88508b7c90558944b551a63d6646376,t10,19,high,0.3674211373,0.5973121226,0,0.3393227339,0.6325788627,high,1.226428246
a_only,2,129,b43f9bef2ea9be7d5c83147f704d1ec9e88508b7c90558944b551a63d6646376,full,35,high,0.4533394469,0.7999836445,0,0.4428579258,0.5466605531,high,1.226428246
a_only,3,7,7fe3d6029ec1e666f41b728458a973e8e2e6924c09046427a23859dcc7b3d75a,t3,4,high,0.1696623517,0.1434599638,0,0.225599876,0.8303376483,high,0.7766426576
a_only,3,7,7fe3d6029ec1e666f41b728458a973e8e2e6924c09046427a23859dcc7b3d75a,t5,8,high,0.1543760578,-0.003322455287,0,0.2106813818,0.8456239422,high,0.7766426576
a_only,3,7,7fe3d6029ec1e666f41b728458a973e8e2e6924c09046427a23859dcc7b3d75a,t10,18,high,0.1904279058,-0.0002861201763,0,0.2452733688,0.8095720942,high,0.7766426576
a_only,3,7,7fe3d6029ec1e666f41b728458a973e8e2e6924c09046427a23859dcc7b3d75a,t20,38,high,0.1886104139,-0.4824697495,0,0.2435762113,0.8113895861,high,0.7766426576
a_only,3,7,7fe3d6029ec1e666f41b728458a973e8e2e6924c09046427a23859dcc7b3d75a,full,64,high,0.07113115085,-2.090915585,0,0.119672157,0.9288688492,high,0.7766426576
a_only,3,16,9ae9ab57ccb2a6caf3db84ad0a088385a92d25754e445de6f502929913bf21cd,t3,4,high,0.1199055195,-0.1766523518,0,0.1753606603,0.8800944805,high,0.7766426576
a_only,3,16,9ae9ab57ccb2a6caf3db84ad0a088385a92d25754e445de6f502929913bf21cd,t5,8,high,0.0830786833,-0.5234958321,0,0.1341328949,0.9169213167,high,0.7766426576
a_only,3,16,9ae9ab57ccb2a6caf3db84ad0a088385a92d25754e445de6f502929913bf21cd,t10,18,high,0.03755135572,-1.341651243,0,0.07451957725,0.9624486443,high,0.7766426576
a_only,3,16,9ae9ab57ccb2a6caf3db84ad0a088385a92d25754e445de6f502929913bf21cd,full,22,high,0.02588167015,-1.712165082,0,0.05637740474,0.9741183298,high,0.7766426576
a_only,3,24,a4713e0a14bb0ef918e89ea267520b745394edf49df0b6e3b5925085b1fca54d,t3,4,high,0.207012147,0.3220955808,0,0.2605610132,0.792987853,high,0.7766426576
a_only,3,24,a4713e0a14bb0ef918e89ea267520b745394edf49df0b6e3b5925085b1fca54d,t5,8,high,0.186158588,0.1820271909,0,0.2412795275,0.813841412,high,0.7766426576
a_only,3,24,a4713e0a14bb0ef918e89ea267520b745394edf49df0b6e3b5925085b1fca54d,t10,18,high,0.2141424221,0.136259231,0,0.2670307897,0.7858575779,high,0.7766426576
a_only,3,24,a4713e0a14bb0ef918e89ea267520b745394edf49df0b6e3b5925085b1fca54d,full,20,high,0.2422951349,0.218997997,0,0.2920436129,0.7577048651,high,0.7766426576
a_only,3,31,c06b9cd1fff25ad6609a4acc440947729eaae556a777669d2c7b83c20f9f8885,t3,4,high,0.2094497633,0.3311845824,0,0.2627794623,0.7905502367,high,0.7766426576
a_only,3,31,c06b9cd1fff25ad6609a4acc440947729eaae556a777669d2c7b83c20f9f8885,t5,8,high,0.2748990112,0.5355524227,0,0.3201089278,0.7251009888,high,0.7766426576
a_only,3,31,c06b9cd1fff25ad6609a4acc440947729eaae556a777669d2c7b83c20f9f8885,t10,18,high,0.3810679224,0.7365107,0,0.4069265395,0.6189320776,high,0.7766426576
a_only,3,31,c06b9cd1fff25ad6609a4acc440947729eaae556a777669d2c7b83c20f9f8885,t20,38,high,0.52578781,0.975397563,0,0.520034967,0.47421219,low,0.7766426576
a_only,3,31,c06b9cd1fff25ad6609a4acc440947729eaae556a777669d2c7b83c20f9f8885,full,54,high,0.6036791951,1.42098248,0,0.5809868767,0.3963208049,low,0.7766426576
a_only,3,32,8def61f50369c2308d6acc3ec8575794a2970d0f6375eaa51ca8e7e37abccdfd,t3,4,low,0.195368576,0.2664126087,0,0.2498645365,0.804631424,high,0.7766426576
a_only,3,32,8def61f50369c2308d6acc3ec8575794a2970d0f6375eaa51ca8e7e37abccdfd,t5,8,low,0.2602137052,0.4825951099,0,0.3075749114,0.7397862948,high,0.7766426576
a_only,3,32,8def61f50369c2308d6acc3ec8575794a2970d0f6375eaa51ca8e7e37abccdfd,full,10,low,0.2976728898,0.5871926665,0,0.3392421633,0.7023271102,high,0.7766426576
a_only,3,33,f76617e906c5e2b96661cf362ca553b76fbb23756e161cf3e0bc86585f03b1a8,t3,4,high,0.17372992,0.1669715613,0,0.2295043677,0.82627008,high,0.7766426576
a_only,3,33,f76617e906c5e2b96661cf362ca553b76fbb23756e161cf3e0bc86585f03b1a8,t5,8,high,0.1766124782,0.1367782384,0,0.2322557911,0.8233875218,high,0.7766426576
a_only,3,33,f76617e906c5e2b96661cf362ca553b76fbb23756e161cf3e0bc86585f03b1a8,t10,18,high,0.1214512043,-0.3396069825,0,0.1770026095,0.8785487957,high,0.7766426576
a_only,3,33,f76617e906c5e2b96661cf362ca553b76fbb23756e161cf3e0bc86585f03b1a8,t20,38,high,0.0462783469,-1.585650861,0,0.08707484324,0.9537216531,high,0.7766426576
a_only,3,33,f76617e906c5e2b96661cf362ca553b76fbb23756e161cf3e0bc86585f03b1a8,full,76,high,0.004643869062,-4.482960129,0,0.01523705865,0.9953561309,high,0.7766426576
a_only,3,35,9365283497184f82bb514f2ae669c6ec302a1cd4c49f1b9426e48aca0e39eedc,t3,4,high,0.1547539857,0.04404813349,0,0.2110551476,0.8452460143,high,0.7766426576
a_only,3,35,9365283497184f82bb514f2ae669c6ec302a1cd4c49f1b9426e48aca0e39eedc,t5,8,high,0.1526558685,-0.06008790731,0,0.2089768156,0.8473441315,high,0.7766426576
a_only,3,35,9365283497184f82bb514f2ae669c6ec302a1cd4c49f1b9426e48aca0e39eedc,t10,18,high,0.1016625208,-0.7275532126,0,0.155484549,0.8983374792,high,0.7766426576
a_only,3,35,9365283497184f82bb514f2ae669c6ec302a1cd4c49f1b9426e48aca0e39eedc,full,34,high,0.05723198076,-1.919194818,0,0.1019333165,0.9427680192,high,0.7766426576
a_only,3,37,9ae9ab57ccb2a6caf3db84ad0a088385a92d25754e445de6f502929913bf21cd,t3,4,high,0.1648855968,0.1125550777,0,0.2209806979,0.8351144032,high,0.7766426576
a_only,3,37,9ae9ab57ccb2a6caf3db84ad0a088385a92d25754e445de6f502929913bf21cd,t5,8,high,0.1384922054,-0.09907163382,0,0.194724007,0.8615077946,high,0.7766426576
a_only,3,37,9ae9ab57ccb2a6caf3db84ad0a088385a92d25754e445de6f502929913bf21cd,t10,18,high,0.1161214512,-0.5465722844,0,0.1713146761,0.8838785488,high,0.7766426576
a_only,3,37,9ae9ab57ccb2a6caf3db84ad0a088385a92d25754e445de6f502929913bf21cd,t20,38,high,0.0349540228,-2.217178679,0,0.07063270393,0.9650459772,high,0.7766426576
a_only,3,37,9ae9ab57ccb2a6caf3db84ad0a088385a92d25754e445de6f502929913bf21cd,full,40,high,0.03060985196,-2.390178722,0,0.06394993132,0.969390148,high,0.7766426576
a_only,3,42,c6f859e97a85d2be55de346ee03396c3284ef33ad2a850cbf47dcf6a86c54f6c,t3,5,high,0.1120333584,-0.2548767641,0,0.1669002444,0.8879666416,high,0.7766426576
a_only,3,42,c6f859e97a85d2be55de346ee03396c3284ef33ad2a850cbf47dcf6a86c54f6c,t5,9,high,0.1056587602,-0.4121648073,0,0.1599218205,0.8943412398,high,0.7766426576
a_only,3,42,c6f859e97a85d2be55de346ee03396c3284ef33ad2a850cbf47dcf6a86c54f6c,full,13,high,0.1000319107,-0.5702084959,0,0.1536594532,0.8999680893,high,0.7766426576
a_only,3,48,c6f859e97a85d2be55de346ee03396c3284ef33ad2a850cbf47dcf6a86c54f6c,t3,5,high,0.09527243027,-0.3459993899,0,0.1482819736,0.9047275697,high,0.7766426576
a_only,3,48,c6f859e97a85d2be55de346ee03396c3284ef33ad2a850cbf47dcf6a86c54f6c,t5,9,high,0.06105949665,-0.7334058881,0,0.1069301158,0.9389405033,high,0.7766426576
a_only,3,48,c6f859e97a85d2be55de346ee03396c3284ef33ad2a850cbf47dcf6a86c54f6c,t10,19,high,0.0209010102,-1.688077474,0,0.04798847064,0.9790989898,high,0.7766426576
a_only,3,48,c6f859e97a85d2be55de346ee03396c3284ef33ad2a850cbf47dcf6a86c54f6c,full,27,high,0.01225004755,-2.198854804,0,0.03200349323,0.9877499524,high,0.7766426576
a_only,3,52,5f94f96b5558bc44bec41fbfff63a95635edebf6436cf0d7b71bc93bc7e01771,t3,4,high,0.1572090003,0.04176741615,0,0.2134768128,0.8427909997,high,0.7766426576
a_only,3,52,5f94f96b5558bc44bec41fbfff63a95635edebf6436cf0d7b71bc93bc7e01771,t5,8,high,0.1844886391,0.09153574407,0,0.2397104427,0.8155113609,high,0.7766426576
a_only,3,52,5f94f96b5558bc44bec41fbfff63a95635edebf6436cf0d7b71bc93bc7e01771,t10,18,high,0.2676857087,0.2988871992,0,0.3139729477,0.7323142913,high,0.7766426576
a_only,3,52,5f94f96b5558bc44bec41fbfff63a95635edebf6436cf0d7b71bc93bc7e01771,full,28,high,0.3155842932,0.3393191338,0,0.3540623643,0.6844157068,high,0.7766426576
a_only,3,56,994bc72760dcfe7fa4dcb4204fd49276c86f3b5d7563bd03968bb98375e50059,t3,4,high,0.1689174429,0.1435352415,0,0.2248819858,0.8310825571,high,0.7766426576
a_only,3,56,994bc72760dcfe7fa4dcb4204fd49276c86f3b5d7563bd03968bb98375e50059,t5,8,high,0.1647490839,0.07657599151,0,0.2208481357,0.8352509161,high,0.7766426576
a_only,3,56,994bc72760dcfe7fa4dcb4204fd49276c86f3b5d7563bd03968bb98375e50059,t10,18,high,0.1038662233,-0.5560549855,0,0.1579376116,0.8961337767,high,0.7766426576
a_only,3,56,994bc72760dcfe7fa4dcb4204fd49276c86f3b5d7563bd03968bb98375e50059,t20,38,high,0.03894741708,-2.066306794,0,0.07657817882,0.9610525829,high,0.7766426576
a_only,3,56,994bc72760dcfe7fa4dcb4204fd49276c86f3b5d7563bd03968bb98375e50059,full,174,high,5.080325342e-05,-11.97864742,0,0.0004621985101,0.9999491967,high,0.7766426576
a_only,3,57,c7b0ae9d845b01af28904a49c113db9419434a3a9dc695cbcca773c7377fa099,t3,4,low,0.1747135102,0.1681954764,0,0.2304446429,0.8252864898,high,0.7766426576
a_only,3,57,c7b0ae9d845b01af28904a49c113db9419434a3a9dc695cbcca773c7377fa099,t5,8,low,0.2349600854,0.3880599529,0,0.2856029674,0.7650399146,high,0.7766426576
a_only,3,57,c7b0ae9d845b01af28904a49c113db9419434a3a9dc695cbcca773c7377fa099,t10,18,low,0.4031800234,0.8099379599,0,0.4244274072,0.5968199766,high,0.7766426576
a_only,3,57,c7b0ae9d845b01af28904a49c113db9419434a3a9dc695cbcca773c7377fa099,full,18,low,0.4031800234,0.8099379599,0,0.4244274072,0.5968199766,high,0.7766426576
a_only,3,60,1bde13dd287e1e51682c574ddf4bc7a1b95d777f9e1d189232f7bf3f72b39469,t3,5,high,0.1037621394,-0.2797482833,0,0.1578220934,0.8962378606,high,0.7766426576
a_only,3,60,1bde13dd287e1e51682c574ddf4bc7a1b95d777f9e1d189232f7bf3f72b39469,t5,9,high,0.08104672554,-0.5286845699,0,0.1317182571,0.9189532745,high,0.7766426576
a_only,3,60,1bde13dd287e1e51682c574ddf4bc7a1b95d777f9e1d189232f7bf3f72b39469,t10,19,high,0.1382446878,-0.2380974829,0,0.1944712989,0.8617553122,high,0.7766426576
a_only,3,60,1bde13dd287e1e51682c574ddf4bc7a1b95d777f9e1d189232f7bf3f72b39469,t20,39,high,0.2051461223,-0.3755265713,0,0.2588579977,0.7948538777,high,0.7766426576
a_only,3,60,1bde13dd287e1e51682c574ddf4bc7a1b95d777f9e1d189232f7bf3f72b39469,full,93,high,0.3131778535,-1.361503434,0,0.3520818542,0.6868221465,high,0.7766426576
a_only,3,64,d6e67deba46d308b643a1107909d71a35621984b374efe6ed5b28181298c665a,t3,4,high,0.1653795578,0.09607276022,0,0.221460104,0.8346204422,high,0.7766426576
a_only,3,64,d6e67deba46d308b643a1107909d71a35621984b374efe6ed5b28181298c665a,t5,8,high,0.1324649107,-0.1510632992,0,0.1885324597,0.8675350893,high,0.7766426576
a_only,3,64,d6e67deba46d308b643a1107909d71a35621984b374efe6ed5b28181298c665a,t10,18,high,0.09465205744,-0.6896374315,0,0.1475753546,0.9053479426,high,0.7766426576
a_only,3,64,d6e67deba46d308b643a1107909d71a35621984b374efe6ed5b28181298c665a,t20,38,high,0.01883937815,-2.397187209,0,0.04436594266,0.9811606219,high,0.7766426576
a_only,3,64,d6e67deba46d308b643a1107909d71a35621984b374efe6ed5b28181298c665a,full,260,high,3.075117487e-07,-18.12099724,0,8.757737305e-06,0.9999996925,high,0.7766426576
a_only,3,72,8a19d0092e222e0168b0240040c7abec5af97377d5f1b3c74d02604cebab64d6,t3,4,low,0.1860153251,0.2227978259,0,0.2411450714,0.8139846749,high,0.7766426576
a_only,3,72,8a19d0092e222e0168b0240040c7abec5af97377d5f1b3c74d02604cebab64d6,t5,8,low,0.2177446024,0.3113894343,0,0.2702773198,0.7822553976,high,0.7766426576
a_only,3,72,8a19d0092e222e0168b0240040c7abec5af97377d5f1b3c74d02604cebab64d6,t10,18,low,0.2726650991,0.3540809274,0,0.3182127878,0.7273349009,high,0.7766426576
a_only,3,72,8a19d0092e222e0168b0240040c7abec5af97377d5f1b3c74d02604cebab64d6,full,30,low,0.4680069418,0.8249352455,0,0.4751393501,0.5319930582,high,0.7766426576
a_only,3,83,9ae9ab57ccb2a6caf3db84ad0a088385a92d25754e445de6f502929913bf21cd,t3,4,high,0.1645570602,0.09194941223,0,0.2206616163,0.8354429398,high,0.7766426576
a_only,3,83,9ae9ab57ccb2a6caf3db84ad0a088385a92d25754e445de6f502929913bf21cd,t5,8,high,0.1539011222,-0.02490051389,0,0.2102113053,0.8460988778,high,0.7766426576
a_only,3,83,9ae9ab57ccb2a6caf3db84ad0a088385a92d25754e445de6f502929913bf21cd,t10,18,high,0.1868534641,-0.03734016418,0,0.2419312812,0.8131465359,high,0.7766426576
a_only,3,83,9ae9ab57ccb2a6caf3db84ad0a088385a92d25754e445de6f502929913bf21cd,t20,38,high,0.06049156364,-1.462980986,0,0.1061944351,0.9395084364,high,0.7766426576
a_only,3,83,9ae9ab57ccb2a6caf3db84ad0a088385a92d25754e445de6f502929913bf21cd,full,126,high,0.0002629212675,-8.314017296,0,0.001655210294,0.9997370787,high,0.7766426576
a_only,3,86,1eedaddcb6cc7541fe6072dba97705385a99667255dae60b62dce68c593bc746,t3,5,high,0.1002806212,-0.3446189761,0,0.1539383844,0.8997193788,high,0.7766426576
a_only,3,86,1eedaddcb6cc7541fe6072dba97705385a99667255dae60b62dce68c593bc746,t5,9,high,0.07106493096,-0.6866179809,0,0.1195901424,0.928935069,high,0.7766426576
a_only,3,86,1eedaddcb6cc7541fe6072dba97705385a99667255dae60b62dce68c593bc746,t10,19,high,0.04013833096,-1.291475993,0,0.07831827104,0.959861669,high,0.7766426576
a_only,3,86,1eedaddcb6cc7541fe6072dba97705385a99667255dae60b62dce68c593bc746,t20,39,high,0.01108316866,-2.951465917,0,0.02965433621,0.9889168313,high,0.7766426576
a_only,3,86,1eedaddcb6cc7541fe6072dba97705385a99667255dae60b62dce68c593bc746,full,39,high,0.01108316866,-2.951465917,0,0.02965433621,0.9889168313,high,0.7766426576
a_only,3,95,3196e70c78ec00c569890feff5903b9fd6de1c082f2dcc65de331a676356154b,t3,4,high,0.1915923015,0.2477829844,0,0.2463583201,0.8084076985,high,0.7766426576
a_only,3,95,3196e70c78ec00c569890feff5903b9fd6de1c082f2dcc65de331a676356154b,t5,8,high,0.1582007431,0.03041276932,0,0.2144520164,0.8417992569,high,0.7766426576
a_only,3,95,3196e70c78ec00c569890feff5903b9fd6de1c082f2dcc65de331a676356154b,t10,18,high,0.1445887973,-0.2819945097,0,0.2009080485,0.8554112027,high,0.7766426576
a_only,3,95,3196e70c78ec00c569890feff5903b9fd6de1c082f2dcc65de331a676356154b,full,34,high,0.1383963475,-0.8641213894,0,0.1946261544,0.8616036525,high,0.7766426576
a_only,3,99,ead3029c1627ceed0bb1941b02d180790ac40d9339381ab591d89b54e95afa5d,t3,4,high,0.1590941631,0.08850239813,0,0.2153290451,0.8409058369,high,0.7766426576
a_only,3,99,ead3029c1627ceed0bb1941b02d180790ac40d9339381ab591d89b54e95afa5d,t5,8,high,0.169107446,0.1067091256,0,0.2250651821,0.830892554,high,0.7766426576
a_only,3,99,ead3029c1627ceed0bb1941b02d180790ac40d9339381ab591d89b54e95afa5d,t10,18,high,0.1651338331,-0.06912975311,0,0.2212216705,0.8348661669,high,0.7766426576
a_only,3,99,ead3029c1627ceed0bb1941b02d180790ac40d9339381ab591d89b54e95afa5d,full,32,high,0.1066557878,-0.7353110492,0,0.1610212119,0.8933442122,high,0.7766426576
a_only,3,105,cbe435389c7fde7dbf7f3f0b08fa24b91bd68569ba4a59eda4fcca3b686eaf60,t3,4,high,0.1391063123,-0.04290490448,0,0.1953504294,0.8608936877,high,0.7766426576
a_only,3,105,cbe435389c7fde7dbf7f3f0b08fa24b91bd68569ba4a59eda4fcca3b686eaf60,t5,8,high,0.1117791887,-0.2821929544,0,0.166624251,0.8882208113,high,0.7766426576
a_only,3,105,cbe435389c7fde7dbf7f3f0b08fa24b91bd68569ba4a59eda4fcca3b686eaf60,t10,18,high,0.05062538639,-1.043785179,0,0.09307858273,0.9493746136,high,0.7766426576
a_only,3,105,cbe435389c7fde7dbf7f3f0b08fa24b91bd68569ba4a59eda4fcca3b686eaf60,t20,38,high,0.01266357614,-2.628211534,0,0.03282231395,0.9873364239,high,0.7766426576
a_only,3,105,cbe435389c7fde7dbf7f3f0b08fa24b91bd68569ba4a59eda4fcca3b686eaf60,full,48,high,0.008195531838,-3.283511758,0,0.02355157679,0.9918044682,high,0.7766426576
a_only,3,110,7664ea81b7e714b0d5433004c1fca3512bd7bdabfbe3dd63273d79180fe6d6fa,t3,4,high,0.1250952688,-0.1420923501,0,0.1808498055,0.8749047312,high,0.7766426576
a_only,3,110,7664ea81b7e714b0d5433004c1fca3512bd7bdabfbe3dd63273d79180fe6d6fa,t5,8,high,0.08540584335,-0.5021211624,0,0.136877422,0.9145941566,high,0.7766426576
a_only,3,110,7664ea81b7e714b0d5433004c1fca3512bd7bdabfbe3dd63273d79180fe6d6fa,t10,18,high,0.03828681843,-1.297620666,0,0.07560664639,0.9617131816,high,0.7766426576
a_only,3,110,7664ea81b7e714b0d5433004c1fca3512bd7bdabfbe3dd63273d79180fe6d6fa,t20,38,high,0.01163975979,-2.680628967,0,0.03078222536,0.9883602402,high,0.7766426576
a_only,3,110,7664ea81b7e714b0d5433004c1fca3512bd7bdabfbe3dd63273d79180fe6d6fa,full,100,high,7.43711688e-05,-7.913805103,0,0.0006213150444,0.9999256288,high,0.7766426576
a_only,3,114,8def61f50369c2308d6acc3ec8575794a2970d0f6375eaa51ca8e7e37abccdfd,t3,4,high,0.1830163218,0.1994213317,0,0.2383237749,0.8169836782,high,0.7766426576
a_only,3,114,8def61f50369c2308d6acc3ec8575794a2970d0f6375eaa51ca8e7e37abccdfd,t5,8,high,0.1862652246,0.1317275554,0,0.2413795903,0.8137347754,high,0.7766426576
a_only,3,114,8def61f50369c2308d6acc3ec8575794a2970d0f6375eaa51ca8e7e37abccdfd,t10,18,high,0.1451306958,-0.3838317692,0,0.2014540449,0.8548693042,high,0.7766426576
a_only,3,114,8def61f50369c2308d6acc3ec8575794a2970d0f6375eaa51ca8e7e37abccdfd,full,22,high,0.1490473024,-0.4890785038,0,0.205383018,0.8509526976,high,0.7766426576
a_only,3,117,b2f1766eb28ea153bd66a13147bee8bb6a783a480a2a5415efd24621d784865e,t3,4,high,0.1588214604,0.07074639127,0,0.2150614947,0.8411785396,high,0.7766426576
a_only,3,117,b2f1766eb28ea153bd66a13147bee8bb6a783a480a2a5415efd24621d784865e,t5,8,high,0.1748129539,0.102290538,0,0.2305396244,0.8251870461,high,0.7766426576
a_only,3,117,b2f1766eb28ea153bd66a13147bee8bb6a783a480a2a5415efd24621d784865e,t10,18,high,0.14134208,-0.2789770722,0,0.197624328,0.85865792,high,0.7766426576
a_only,3,117,b2f1766eb28ea153bd66a13147bee8bb6a783a480a2a5415efd24621d784865e,t20,38,high,0.06830999571,-1.514716673,0,0.1161583262,0.9316900043,high,0.7766426576
a_only,3,117,b2f1766eb28ea153bd66a13147bee8bb6a783a480a2a5415efd24621d784865e,full,92,high,0.02203794732,-4.946671861,0,0.04994599501,0.9779620527,high,0.7766426576
a_only,3,125,274c2b3cb88d91281fac0ca18e5fa0decdb86ce5b51d6bb1e988f442e09ee829,t3,5,high,0.1428535428,-0.028417629,0,0.1991556913,0.8571464572,high,0.7766426576
a_only,3,125,274c2b3cb88d91281fac0ca18e5fa0decdb86ce5b51d6bb1e988f442e09ee829,full,5,high,0.1428535428,-0.028417629,0,0.1991556913,0.8571464572,high,0.7766426576
a_only,3,128,6f2a5802d3ab371a696939846b2162129bfa30f9a0e371d8fe476564da770b8b,t3,5,high,0.1780820235,0.1821633846,0,0.2336536288,0.8219179765,high,0.7766426576
a_only,3,128,6f2a5802d3ab371a696939846b2162129bfa30f9a0e371d8fe476564da770b8b,t5,9,high,0.2331305993,0.3697348326,0,0.2839885652,0.7668694007,high,0.7766426576
a_only,3,128,6f2a5802d3ab371a696939846b2162129bfa30f9a0e371d8fe476564da770b8b,t10,19,high,0.2649679949,0.3162263393,0,0.3116509184,0.7350320051,high,0.7766426576
a_only,3,128,6f2a5802d3ab371a696939846b2162129bfa30f9a0e371d8fe476564da770b8b,full,33,high,0.3238288609,0.2684692264,0,0.3608242562,0.6761711391,high,0.7766426576
a_only,3,130,957962b55a53a08db5f378e511817642230cbd4d6d1cf4d43dd6a4b63131ccc1,t3,5,low,0.2192273407,0.3679393366,0,0.271609509,0.7807726593,high,0.7766426576
a_only,3,130,957962b55a53a08db5f378e511817642230cbd4d6d1cf4d43dd6a4b63131ccc1,t5,9,low,0.2869452681,0.5721363217,0,0.3302726999,0.7130547319,high,0.7766426576
a_only,3,130,957962b55a53a08db5f378e511817642230cbd4d6d1cf4d43dd6a4b63131ccc1,t10,19,low,0.4685096158,1.049592793,0,0.4755303741,0.5314903842,high,0.7766426576
a_only,3,130,957962b55a53a08db5f378e511817642230cbd4d6d1cf4d43dd6a4b63131ccc1,full,21,low,0.4899799291,1.105174506,0,0.492217572,0.5100200709,high,0.7766426576
a_only,3,133,0db9538e9215952f48324bd5b01c66c9eb8ea9adc87245da9db1df8c42a6ab8c,t3,4,high,0.1360530963,-0.08195833191,0,0.1922280088,0.8639469037,high,0.7766426576
a_only,3,133,0db9538e9215952f48324bd5b01c66c9eb8ea9adc87245da9db1df8c42a6ab8c,t5,8,high,0.1126492393,-0.3221974105,0,0.1675682515,0.8873507607,high,0.7766426576
a_only,3,133,0db9538e9215952f48324bd5b01c66c9eb8ea9adc87245da9db1df8c42a6ab8c,t10,18,high,0.06907922914,-1.034106851,0,0.1171204921,0.9309207709,high,0.7766426576
a_only,3,133,0db9538e9215952f48324bd5b01c66c9eb8ea9adc87245da9db1df8c42a6ab8c,t20,38,high,0.03839232697,-2.390683055,0,0.07576212352,0.961607673,high,0.7766426576
a_only,3,133,0db9538e9215952f48324bd5b01c66c9eb8ea9adc87245da9db1df8c42a6ab8c,full,380,high,1.94833266e-07,-26.42389889,0,6.144174222e-06,0.9999998052,high,0.7766426576
a_only,4,0,0975c479310c006373f337dd0ad7a1b5438b2d205e3489d9920c6e86e5fdbc46,t3,4,high,0.2338078077,0.695587945,0,0.3504246473,0.7661921923,high,0.519972768
a_only,4,0,0975c479310c006373f337dd0ad7a1b5438b2d205e3489d9920c6e86e5fdbc46,t5,8,high,0.4175484806,1.138893437,0,0.4568400562,0.5824515194,high,0.519972768
a_only,4,0,0975c479310c006373f337dd0ad7a1b5438b2d205e3489d9920c6e86e5fdbc46,t10,18,high,0.4705158776,1.244437212,0,0.4846560717,0.5294841224,high,0.519972768
a_only,4,0,0975c479310c006373f337dd0ad7a1b5438b2d205e3489d9920c6e86e5fdbc46,t20,38,high,0.2000794665,0.4085538357,0,0.3272659138,0.7999205335,high,0.519972768
a_only,4,0,0975c479310c006373f337dd0ad7a1b5438b2d205e3489d9920c6e86e5fdbc46,full,52,high,0.09197995886,-0.3623712063,0,0.2331553213,0.9080200411,high,0.519972768
a_only,4,1,d824fbb44e854e98bdec49929ed132bd2f214eb9a16c2247f40b049e74673714,t3,4,high,0.1578779111,0.4394713879,0,0.2951527774,0.8421220889,high,0.519972768
a_only,4,1,d824fbb44e854e98bdec49929ed132bd2f214eb9a16c2247f40b049e74673714,t5,8,high,0.2002979533,0.5851924598,0,0.327422148,0.7997020467,high,0.519972768
a_only,4,1,d824fbb44e854e98bdec49929ed132bd2f214eb9a16c2247f40b049e74673714,t10,18,high,0.1746770589,0.4556591332,0,0.3084379137,0.8253229411,high,0.519972768
a_only,4,1,d824fbb44e854e98bdec49929ed132bd2f214eb9a16c2247f40b049e74673714,full,36,high,0.1289558688,0.1834095471,0,0.2702679321,0.8710441312,high,0.519972768
a_only,4,3,e660b6010195823ff8abb7f5ac22b3e84ad23e55b4bfe23f84e74aa932c77d9a,t3,5,high,0.07897552789,0.02700419426,0,0.218021363,0.9210244721,high,0.519972768
a_only,4,3,e660b6010195823ff8abb7f5ac22b3e84ad23e55b4bfe23f84e74aa932c77d9a,t5,9,high,0.1115124514,0.2012939051,0,0.2536681622,0.8884875486,high,0.519972768
a_only,4,3,e660b6010195823ff8abb7f5ac22b3e84ad23e55b4bfe23f84e74aa932c77d9a,full,15,high,0.1043765662,0.1231851943,0,0.2464401662,0.8956234338,high,0.519972768
a_only,4,6,384b0ba2da0f7a1aaf92176857f6b862b243c54a44b1a60ad1512e22fb6d4f57,t3,4,high,0.2120783626,0.6293608963,0,0.3357181609,0.7879216374,high,0.519972768
a_only,4,6,384b0ba2da0f7a1aaf92176857f6b862b243c54a44b1a60ad1512e22fb6d4f57,t5,8,high,0.1877089609,0.5463029146,0,0.3182680845,0.8122910391,high,0.519972768
a_only,4,6,384b0ba2da0f7a1aaf92176857f6b862b243c54a44b1a60ad1512e22fb6d4f57,t10,18,high,0.1039380131,0.1549785733,0,0.2459865987,0.8960619869,high,0.519972768
a_only,4,6,384b0ba2da0f7a1aaf92176857f6b862b243c54a44b1a60ad1512e22fb6d4f57,t20,38,high,0.174976523,0.2661602378,0,0.3086681962,0.825023477,high,0.519972768
a_only,4,6,384b0ba2da0f7a1aaf92176857f6b862b243c54a44b1a60ad1512e22fb6d4f57,full,52,high,0.09364796248,-0.4062340975,0,0.235002134,0.9063520375,high,0.519972768
a_only,4,9,bd6bdeca4d4d58b93dcd52052f780fcb2ab8a2a77ef89be9ded9271136bf1260,t3,4,low,0.04602966353,-0.276192686,0,0.1713318229,0.9539703365,high,0.519972768
a_only,4,9,bd6bdeca4d4d58b93dcd52052f780fcb2ab8a2a77ef89be9ded9271136bf1260,t5,8,low,0.0411836578,-0.3681655943,0,0.1629150778,0.9588163422,high,0.519972768
a_only,4,9,bd6bdeca4d4d58b93dcd52052f780fcb2ab8a2a77ef89be9ded9271136bf1260,t10,18,low,0.09724127468,0.06626119912,0,0.2389154822,0.9027587253,high,0.519972768
a_only,4,9,bd6bdeca4d4d58b93dcd52052f780fcb2ab8a2a77ef89be9ded9271136bf1260,full,26,low,0.1502708501,0.2923728287,0,0.28887759,0.8497291499,high,0.519972768
a_only,4,12,d751de9a9d281b7d8f3a57160f2880d8a6bb4d189690de0f7d7f2b033ad650a4,t3,4,high,0.1359794356,0.3363835424,0,0.2765823811,0.8640205644,high,0.519972768
a_only,4,12,d751de9a9d281b7d8f3a57160f2880d8a6bb4d189690de0f7d7f2b033ad650a4,t5,8,high,0.1026492886,0.1417153493,0,0.24464719,0.8973507114,high,0.519972768
a_only,4,12,d751de9a9d281b7d8f3a57160f2880d8a6bb4d189690de0f7d7f2b033ad650a4,t10,16,high,0.2036811968,0.5216835737,0,0.3298301101,0.7963188032,high,0.519972768
a_only,4,12,d751de9a9d281b7d8f3a57160f2880d8a6bb4d189690de0f7d7f2b033ad650a4,t20,36,high,0.1320435167,-0.03079563379,0,0.2730676323,0.8679564833,high,0.519972768
a_only,4,12,d751de9a9d281b7d8f3a57160f2880d8a6bb4d189690de0f7d7f2b033ad650a4,full,50,high,0.1979139247,0.1776805997,0,0.3257125139,0.8020860753,high,0.519972768
a_only,4,19,e660b6010195823ff8abb7f5ac22b3e84ad23e55b4bfe23f84e74aa932c77d9a,t3,4,high,0.1594140073,0.4414153427,0,0.2963992059,0.8405859927,high,0.519972768
a_only,4,19,e660b6010195823ff8abb7f5ac22b3e84ad23e55b4bfe23f84e74aa932c77d9a,t5,8,high,0.09535052358,0.1285923004,0,0.2368672132,0.9046494764,high,0.519972768
a_only,4,19,e660b6010195823ff8abb7f5ac22b3e84ad23e55b4bfe23f84e74aa932c77d9a,full,16,high,0.0476205171,-0.3090926945,0,0.1739794657,0.9523794829,high,0.519972768
a_only,4,23,56c65c573eb4b7bbca1e8a62ea910f474527ca7cc22d0832f7b8985143579c47,t3,4,high,0.1127808118,0.2403598607,0,0.2549242079,0.8872191882,high,0.519972768
a_only,4,23,56c65c573eb4b7bbca1e8a62ea910f474527ca7cc22d0832f7b8985143579c47,t5,8,high,0.05901990977,-0.1301368594,0,0.1915718138,0.9409800902,high,0.519972768
a_only,4,23,56c65c573eb4b7bbca1e8a62ea910f474527ca7cc22d0832f7b8985143579c47,t10,18,high,0.007361828246,-1.260353482,0,0.07242805958,0.9926381718,high,0.519972768
a_only,4,23,56c65c573eb4b7bbca1e8a62ea910f474527ca7cc22d0832f7b8985143579c47,t20,38,high,0.0006100523783,-2.692463803,0,0.02086690227,0.9993899476,high,0.519972768
a_only,4,23,56c65c573eb4b7bbca1e8a62ea910f474527ca7cc22d0832f7b8985143579c47,full,78,high,4.136383884e-06,-5.444842911,0,0.001585263107,0.9999958636,high,0.519972768
a_only,4,30,0b66f0012a6499ae22a3ba3ea556348c4d65f1f039265ec21e4ad82aba2b5dab,t3,4,high,0.07234416524,-0.03925538361,0,0.2097276181,0.9276558348,high,0.519972768
a_only,4,30,0b66f0012a6499ae22a3ba3ea556348c4d65f1f039265ec21e4ad82aba2b5dab,t5,8,high,0.05204139593,-0.2509390801,0,0.1810719043,0.9479586041,high,0.519972768
a_only,4,30,0b66f0012a6499ae22a3ba3ea556348c4d65f1f039265ec21e4ad82aba2b5dab,t10,18,high,0.06457635358,-0.1366818056,0,0.1994132102,0.9354236464,high,0.519972768
a_only,4,30,0b66f0012a6499ae22a3ba3ea556348c4d65f1f039265ec21e4ad82aba2b5dab,full,28,high,0.06757931574,-0.1769713938,0,0.2034840971,0.9324206843,high,0.519972768
a_only,4,39,ba4f78fc596e7483b05f73b0a4f0c57215df572dab1d75cba29cf1873022b267,t3,4,high,0.1420066494,0.3627699554,0,0.2818533897,0.8579933506,high,0.519972768
a_only,4,39,ba4f78fc596e7483b05f73b0a4f0c57215df572dab1d75cba29cf1873022b267,t5,8,high,0.136392122,0.3295120537,0,0.2769475043,0.863607878,high,0.519972768
a_only,4,39,ba4f78fc596e7483b05f73b0a4f0c57215df572dab1d75cba29cf1873022b267,t10,18,high,0.04606693186,-0.3315411448,0,0.1713944644,0.9539330681,high,0.519972768
a_only,4,39,ba4f78fc596e7483b05f73b0a4f0c57215df572dab1d75cba29cf1873022b267,t20,38,high,0.2408066944,0.414339745,0,0.355015479,0.7591933056,high,0.519972768
a_only,4,39,ba4f78fc596e7483b05f73b0a4f0c57215df572dab1d75cba29cf1873022b267,full,71,high,0.491739579,0.8946490526,0,0.4957045209,0.508260421,high,0.519972768
a_only,4,40,e660b6010195823ff8abb7f5ac22b3e84ad23e55b4bfe23f84e74aa932c77d9a,t3,5,high,0.102302619,0.1641836092,0,0.2442851961,0.897697381,high,0.519972768
a_only,4,40,e660b6010195823ff8abb7f5ac22b3e84ad23e55b4bfe23f84e74aa932c77d9a,t5,9,high,0.08661851949,0.03039944768,0,0.2270807952,0.9133814805,high,0.519972768
a_only,4,40,e660b6010195823ff8abb7f5ac22b3e84ad23e55b4bfe23f84e74aa932c77d9a,t10,19,high,0.04021767292,-0.5072688043,0,0.1611682087,0.9597823271,high,0.519972768
a_only,4,40,e660b6010195823ff8abb7f5ac22b3e84ad23e55b4bfe23f84e74aa932c77d9a,full,19,high,0.04021767292,-0.5072688043,0,0.1611682087,0.9597823271,high,0.519972768
a_only,4,41,298f1741927a10b95fab08a2419835f2d89a49ade874c77e541bf480e574fcca,t3,4,high,0.0887794901,0.09817613885,0,0.2295553207,0.9112205099,high,0.519972768
a_only,4,41,298f1741927a10b95fab08a2419835f2d89a49ade874c77e541bf480e574fcca,t5,8,high,0.0731796302,-0.03946289122,0,0.2107968241,0.9268203698,high,0.519972768
a_only,4,41,298f1741927a10b95fab08a2419835f2d89a49ade874c77e541bf480e574fcca,t10,18,high,0.009941232607,-1.149505252,0,0.08375155553,0.9900587674,high,0.519972768
a_only,4,41,298f1741927a10b95fab08a2419835f2d89a49ade874c77e541bf480e574fcca,t20,39,high,0.0002033618685,-3.277544403,0,0.01189189525,0.9997966381,high,0.519972768
a_only,4,41,298f1741927a10b95fab08a2419835f2d89a49ade874c77e541bf480e574fcca,full,83,high,5.613445767e-07,-6.898411083,0,0.0005617274932,0.9999994387,high,0.519972768
a_only,4,45,256a5ceb1fe87b9f23a66a55206039faf214b9b926fbe72aba2fd158983b62bf,t3,4,high,0.1719754421,0.4872308522,0,0.3063505709,0.8280245579,high,0.519972768
a_only,4,45,256a5ceb1fe87b9f23a66a55206039faf214b9b926fbe72aba2fd158983b62bf,t5,8,high,0.09385505186,0.1165952772,0,0.2352300584,0.9061449481,high,0.519972768
a_only,4,45,256a5ceb1fe87b9f23a66a55206039faf214b9b926fbe72aba2fd158983b62bf,t10,18,high,0.03997597066,-0.3828599602,0,0.1607272491,0.9600240293,high,0.519972768
a_only,4,45,256a5ceb1fe87b9f23a66a55206039faf214b9b926fbe72aba2fd158983b62bf,t20,38,high,0.001188504174,-2.303743291,0,0.02927158996,0.9988114958,high,0.519972768
a_only,4,45,256a5ceb1fe87b9f23a66a55206039faf214b9b926fbe72aba2fd158983b62bf,full,50,high,0.0016231507,-2.247565246,0,0.03425255511,0.9983768493,high,0.519972768
a_only,4,50,e660b6010195823ff8abb7f5ac22b3e84ad23e55b4bfe23f84e74aa932c77d9a,t3,5,high,0.0847456529,0.0567559123,0,0.2249063224,0.9152543471,high,0.519972768
a_only,4,50,e660b6010195823ff8abb7f5ac22b3e84ad23e55b4bfe23f84e74aa932c77d9a,t5,9,high,0.1571351559,0.4274682701,0,0.2945476532,0.8428648441,high,0.519972768
a_only,4,50,e660b6010195823ff8abb7f5ac22b3e84ad23e55b4bfe23f84e74aa932c77d9a,t10,19,high,0.08796985516,-0.03430204391,0,0.2286324456,0.9120301448,high,0.519972768
a_only,4,50,e660b6010195823ff8abb7f5ac22b3e84ad23e55b4bfe23f84e74aa932c77d9a,t20,39,high,0.07179534461,-0.442696929,0,0.2090212375,0.9282046554,high,0.519972768
a_only,4,50,e660b6010195823ff8abb7f5ac22b3e84ad23e55b4bfe23f84e74aa932c77d9a,full,49,high,0.04751792156,-1.024145007,0,0.1738103157,0.9524820784,high,0.519972768
a_only,4,58,952764ee08a98895af51812c4985a51b674914b70701d789dc4ff497ab2cd741,t3,4,high,0.1436591807,0.3770525187,0,0.2832761794,0.8563408193,high,0.519972768
a_only,4,58,952764ee08a98895af51812c4985a51b674914b70701d789dc4ff497ab2cd741,t5,8,high,0.2274010315,0.6549828887,0,0.3461625993,0.7725989685,high,0.519972768
a_only,4,58,952764ee08a98895af51812c4985a51b674914b70701d789dc4ff497ab2cd741,t10,18,high,0.0643088537,-0.1623379081,0,0.199045147,0.9356911463,high,0.519972768
a_only,4,58,952764ee08a98895af51812c4985a51b674914b70701d789dc4ff497ab2cd741,t20,38,high,0.02133400268,-1.002096975,0,0.1203248311,0.9786659973,high,0.519972768
a_only,4,58,952764ee08a98895af51812c4985a51b674914b70701d789dc4ff497ab2cd741,full,99,high,0.02019671796,-2.932206133,0,0.1172796931,0.979803282,high,0.519972768
a_only,4,59,57e7316fb6c2aea7f22af2debf992411f162fb23b99f26e20ca9917a22800b28,t3,4,low,0.1351674068,0.3451576471,0,0.2758620799,0.8648325932,high,0.519972768
a_only,4,59,57e7316fb6c2aea7f22af2debf992411f162fb23b99f26e20ca9917a22800b28,full,4,low,0.1351674068,0.3451576471,0,0.2758620799,0.8648325932,high,0.519972768
a_only,4,62,f8e9ffc7e0ffb6235d54b1268168a35dda2087b04f0eb23655d9033041e4895d,t3,4,high,0.08927361474,0.09575556442,0,0.2301161021,0.9107263853,high,0.519972768
a_only,4,62,f8e9ffc7e0ffb6235d54b1268168a35dda2087b04f0eb23655d9033041e4895d,t5,8,high,0.04211022017,-0.3266649157,0,0.1645680293,0.9578897798,high,0.519972768
a_only,4,62,f8e9ffc7e0ffb6235d54b1268168a35dda2087b04f0eb23655d9033041e4895d,t10,17,high,0.04542821875,-0.3209137112,0,0.1703167096,0.9545717812,high,0.519972768
a_only,4,62,f8e9ffc7e0ffb6235d54b1268168a35dda2087b04f0eb23655d9033041e4895d,t20,37,high,0.1780201009,0.2530094504,0,0.3109965488,0.8219798991,high,0.519972768
a_only,4,62,f8e9ffc7e0ffb6235d54b1268168a35dda2087b04f0eb23655d9033041e4895d,full,45,high,0.1755956706,0.1135462463,0,0.3091436274,0.8244043294,high,0.519972768
a_only,4,68,86e764296ae0d3f82d5181fcf23d71b68aa16bec297d30d24b66814a0222bec9,t3,4,high,0.1772556437,0.5122785032,0,0.3104137897,0.8227443563,high,0.519972768
a_only,4,68,86e764296ae0d3f82d5181fcf23d71b68aa16bec297d30d24b66814a0222bec9,t5,8,high,0.1480950899,0.3806915671,0,0.2870499879,0.8519049101,high,0.519972768
a_only,4,68,86e764296ae0d3f82d5181fcf23d71b68aa16bec297d30d24b66814a0222bec9,t10,18,high,0.2037634889,0.5166835897,0,0.3298884183,0.7962365111,high,0.519972768
a_only,4,68,86e764296ae0d3f82d5181fcf23d71b68aa16bec297d30d24b66814a0222bec9,t20,38,high,0.2289727877,0.3395490885,0,0.3472136497,0.7710272123,high,0.519972768
a_only,4,68,86e764296ae0d3f82d5181fcf23d71b68aa16bec297d30d24b66814a0222bec9,full,203,high,4.7969833e-08,-11.94709787,0,0.0001563993204,0.999999952,high,0.519972768
a_only,4,73,e553658a13d5730f215fe7abaa4ffcafffebacc2a2c811523c5848785b07feb6,t3,5,high,0.130035161,0.3175479472,0,0.2712509245,0.869964839,high,0.519972768
a_only,4,73,e553658a13d5730f215fe7abaa4ffcafffebacc2a2c811523c5848785b07feb6,t5,9,high,0.07053769907,-0.04092113078,0,0.2073902935,0.9294623009,high,0.519972768
a_only,4,73,e553658a13d5730f215fe7abaa4ffcafffebacc2a2c811523c5848785b07feb6,t10,19,high,0.01473850972,-0.9267026186,0,0.1010914207,0.9852614903,high,0.519972768
a_only,4,73,e553658a13d5730f215fe7abaa4ffcafffebacc2a2c811523c5848785b07feb6,full,25,high,0.009148594499,-1.290597016,0,0.08046440333,0.9908514055,high,0.519972768
a_only,4,89,a66012a80d34bfaefbf35c783b0cb519be49ffe11837f13fda441b6fe3ddf21a,t3,4,high,0.08105398537,0.0266656816,0,0.220534876,0.9189460146,high,0.519972768
a_only,4,89,a66012a80d34bfaefbf35c783b0cb519be49ffe11837f13fda441b6fe3ddf21a,t5,8,high,0.06927746127,-0.105625999,0,0.2057384878,0.9307225387,high,0.519972768
a_only,4,89,a66012a80d34bfaefbf35c783b0cb519be49ffe11837f13fda441b6fe3ddf21a,t10,18,high,0.03059949812,-0.6460190088,0,0.1422328837,0.9694005019,high,0.519972768
a_only,4,89,a66012a80d34bfaefbf35c783b0cb519be49ffe11837f13fda441b6fe3ddf21a,t20,38,high,0.00280171668,-2.042114687,0,0.04501529448,0.9971982833,high,0.519972768
a_only,4,89,a66012a80d34bfaefbf35c783b0cb519be49ffe11837f13fda441b6fe3ddf21a,full,44,high,0.001443449125,-2.457878351,0,0.03228780609,0.9985565509,high,0.519972768
a_only,4,98,5223588a92753ef83373d79e22184bdfc746798fd2eec43f6e0d811eb386d59c,t3,4,high,0.2388477845,0.7107638121,0,0.3537371874,0.7611522155,high,0.519972768
a_only,4,98,5223588a92753ef83373d79e22184bdfc746798fd2eec43f6e0d811eb386d59c,t5,8,high,0.266360913,0.7817968607,0,0.3712592959,0.733639087,high,0.519972768
a_only,4,98,5223588a92753ef83373d79e22184bdfc746798fd2eec43f6e0d811eb386d59c,t10,18,high,0.3920480271,1.059294085,0,0.4432165146,0.6079519729,high,0.519972768
a_only,4,98,5223588a92753ef83373d79e22184bdfc746798fd2eec43f6e0d811eb386d59c,t20,38,high,0.616178947,1.605185223,0,0.561224921,0.383821053,low,0.519972768
a_only,4,98,5223588a92753ef83373d79e22184bdfc746798fd2eec43f6e0d811eb386d59c,full,393,high,0.3132275782,-6.565672588,0,0.3993398335,0.6867724218,high,0.519972768
a_only,4,100,bdb51e8336d8c2a0de850780446afe2818d0b4eeee21137a9bc817eff040e3c0,t3,4,high,0.1361706612,0.3447288632,0,0.2767516464,0.8638293388,high,0.519972768
a_only,4,100,bdb51e8336d8c2a0de850780446afe2818d0b4eeee21137a9bc817eff040e3c0,t5,8,high,0.2451299739,0.7218562603,0,0.357818979,0.7548700261,high,0.519972768
a_only,4,100,bdb51e8336d8c2a0de850780446afe2818d0b4eeee21137a9bc817eff040e3c0,t10,18,high,0.2334219405,0.6381843656,0,0.3501695991,0.7665780595,high,0.519972768
a_only,4,100,bdb51e8336d8c2a0de850780446afe2818d0b4eeee21137a9bc817eff040e3c0,t20,38,high,0.2164265668,0.3484266043,0,0.3387199044,0.7835734332,high,0.519972768
a_only,4,100,bdb51e8336d8c2a0de850780446afe2818d0b4eeee21137a9bc817eff040e3c0,full,281,high,0.08168074236,-7.085918903,0,0.2212852753,0.9183192576,high,0.519972768
a_only,4,103,e660b6010195823ff8abb7f5ac22b3e84ad23e55b4bfe23f84e74aa932c77d9a,t3,4,high,0.08899466568,0.09394165576,0,0.2297997504,0.9110053343,high,0.519972768
a_only,4,103,e660b6010195823ff8abb7f5ac22b3e84ad23e55b4bfe23f84e74aa932c77d9a,t5,8,high,0.05129949531,-0.2295360655,0,0.1799074098,0.9487005047,high,0.519972768
a_only,4,103,e660b6010195823ff8abb7f5ac22b3e84ad23e55b4bfe23f84e74aa932c77d9a,full,16,high,0.03961859075,-0.4152217686,0,0.160072352,0.9603814093,high,0.519972768
a_only,4,112,3a6ec6cf0cccb2db4bc4eb1d6583b28f6dc8816b49e0ae8aaa6a06484645efac,t3,4,high,0.1536143211,0.4171908081,0,0.2916571677,0.8463856789,high,0.519972768
a_only,4,112,3a6ec6cf0cccb2db4bc4eb1d6583b28f6dc8816b49e0ae8aaa6a06484645efac,t5,8,high,0.1649426171,0.455533275,0,0.300830695,0.8350573829,high,0.519972768
a_only,4,112,3a6ec6cf0cccb2db4bc4eb1d6583b28f6dc8816b49e0ae8aaa6a06484645efac,t10,18,high,0.02826588469,-0.5619362056,0,0.1371263489,0.9717341153,high,0.519972768
a_only,4,112,3a6ec6cf0cccb2db4bc4eb1d6583b28f6dc8816b49e0ae8aaa6a06484645efac,t20,38,high,0.0007168891275,-2.536798096,0,0.02265328933,0.9992831109,high,0.519972768
a_only,4,112,3a6ec6cf0cccb2db4bc4eb1d6583b28f6dc8816b49e0ae8aaa6a06484645efac,full,64,high,6.760595405e-05,-4.086167431,0,0.00674191243,0.999932394,high,0.519972768
a_only,4,122,e553658a13d5730f215fe7abaa4ffcafffebacc2a2c811523c5848785b07feb6,t3,5,high,0.06066962464,-0.1168187872,0,0.1939442873,0.9393303754,high,0.519972768
a_only,4,122,e553658a13d5730f215fe7abaa4ffcafffebacc2a2c811523c5848785b07feb6,t5,9,high,0.02787867369,-0.5466728806,0,0.1362555295,0.9721213263,high,0.519972768
a_only,4,122,e553658a13d5730f215fe7abaa4ffcafffebacc2a2c811523c5848785b07feb6,t10,19,high,0.007487752542,-1.328781271,0,0.07302723974,0.9925122475,high,0.519972768
a_only,4,122,e553658a13d5730f215fe7abaa4ffcafffebacc2a2c811523c5848785b07feb6,full,25,high,0.01697307955,-0.9968992114,0,0.108073362,0.9830269205,high,0.519972768
a_only,4,124,4f828f23a69a02612b535ecc3b578f0a9ef09ead831878c8330854912886c5a7,t3,5,high,0.06209798849,-0.1163625091,0,0.1959675342,0.9379020115,high,0.519972768
a_only,4,124,4f828f23a69a02612b535ecc3b578f0a9ef09ead831878c8330854912886c5a7,t5,9,high,0.05156017683,-0.2262637019,0,0.1803177133,0.9484398232,high,0.519972768
a_only,4,124,4f828f23a69a02612b535ecc3b578f0a9ef09ead831878c8330854912886c5a7,t10,19,high,0.02255549502,-0.7040530682,0,0.1234932378,0.977444505,high,0.519972768
a_only,4,124,4f828f23a69a02612b535ecc3b578f0a9ef09ead831878c8330854912886c5a7,t20,39,high,0.001365045253,-2.370634818,0,0.03139144089,0.9986349547,high,0.519972768
a_only,4,124,4f828f23a69a02612b535ecc3b578f0a9ef09ead831878c8330854912886c5a7,full,53,high,0.000295512699,-3.28492775,0,0.01440655887,0.9997044873,high,0.519972768
a_only,4,132,95bf0f1bedb8e4250b3f6ee2dd241da6f07f8e65d2fc1c27c4c900116b2d104c,t3,4,high,0.2084931046,0.6194551826,0,0.3332192421,0.7915068954,high,0.519972768
a_only,4,132,95bf0f1bedb8e4250b3f6ee2dd241da6f07f8e65d2fc1c27c4c900116b2d104c,t5,8,high,0.3026621774,0.8770745158,0,0.3931723654,0.6973378226,high,0.519972768
a_only,4,132,95bf0f1bedb8e4250b3f6ee2dd241da6f07f8e65d2fc1c27c4c900116b2d104c,t10,18,high,0.3062942391,0.8779649973,0,0.3953021228,0.6937057609,high,0.519972768
a_only,4,132,95bf0f1bedb8e4250b3f6ee2dd241da6f07f8e65d2fc1c27c4c900116b2d104c,t20,38,high,0.1367512815,0.1843267351,0,0.2772647545,0.8632487185,high,0.519972768
a_only,4,132,95bf0f1bedb8e4250b3f6ee2dd241da6f07f8e65d2fc1c27c4c900116b2d104c,full,38,high,0.1367512815,0.1843267351,0,0.2772647545,0.8632487185,high,0.519972768
joint_no_transition,0,14,892e4e1ab6068fc4434d0054ab76e2c3c0d9bf73fcc5cd615db68815b3134102,t3,4,high,0.08688300173,-0.0770414412,-0.5184520915,0.1497954112,0.9131169983,high,0.7380884177
joint_no_transition,0,14,892e4e1ab6068fc4434d0054ab76e2c3c0d9bf73fcc5cd615db68815b3134102,t5,8,high,0.06556177557,-0.02647998333,-1.447810912,0.1233517281,0.9344382244,high,0.7380884177
joint_no_transition,0,14,892e4e1ab6068fc4434d0054ab76e2c3c0d9bf73fcc5cd615db68815b3134102,t10,18,high,0.05574201706,0.6562902153,-2.51466434,0.1102153669,0.9442579829,high,0.7380884177
joint_no_transition,0,14,892e4e1ab6068fc4434d0054ab76e2c3c0d9bf73fcc5cd615db68815b3134102,t20,38,high,0.01150595219,1.171345186,-5.061350703,0.03602186361,0.9884940478,high,0.7380884177
joint_no_transition,0,14,892e4e1ab6068fc4434d0054ab76e2c3c0d9bf73fcc5cd615db68815b3134102,full,48,high,0.0101623442,1.767823231,-6.161381304,0.03293921432,0.9898376558,high,0.7380884177
joint_no_transition,0,17,4e9629cc0367f8dbaf9608d5600aa795a09c3ebbe94051365be8cd7611f13d26,t3,4,low,0.4501368177,0.5920415282,0.8404978633,0.4631408095,0.5498631823,high,0.7380884177
joint_no_transition,0,17,4e9629cc0367f8dbaf9608d5600aa795a09c3ebbe94051365be8cd7611f13d26,t5,8,low,0.7087059727,0.9638470173,1.730143258,0.658415252,0.2912940273,low,0.7380884177
joint_no_transition,0,17,4e9629cc0367f8dbaf9608d5600aa795a09c3ebbe94051365be8cd7611f13d26,t10,18,low,0.9075808775,1.972195745,3.494081008,0.8437139034,0.09241912247,low,0.7380884177
joint_no_transition,0,17,4e9629cc0367f8dbaf9608d5600aa795a09c3ebbe94051365be8cd7611f13d26,full,28,low,0.959915377,2.827273464,4.628499049,0.9124609113,0.04008462303,low,0.7380884177
joint_no_transition,0,21,c1b71ca5fcfb63cd845ec42d43753eca41cf5c90313140ea6e9695c2c654df6d,t3,4,high,0.1477787252,0.2290031865,-0.09195498526,0.2153071135,0.8522212748,high,0.7380884177
joint_no_transition,0,21,c1b71ca5fcfb63cd845ec42d43753eca41cf5c90313140ea6e9695c2c654df6d,t5,8,high,0.1497864243,0.3679578774,-0.2261652768,0.2172905684,0.8502135757,high,0.7380884177
joint_no_transition,0,21,c1b71ca5fcfb63cd845ec42d43753eca41cf5c90313140ea6e9695c2c654df6d,t10,18,high,0.2501606258,0.7795397401,-0.3564601421,0.3078391761,0.7498393742,high,0.7380884177
joint_no_transition,0,21,c1b71ca5fcfb63cd845ec42d43753eca41cf5c90313140ea6e9695c2c654df6d,t20,38,high,0.008501259997,1.062278095,-4.21561718,0.02895681928,0.99149874,high,0.7380884177
joint_no_transition,0,21,c1b71ca5fcfb63cd845ec42d43753eca41cf5c90313140ea6e9695c2c654df6d,full,246,high,8.692545519e-08,1.14194355,-52.58589249,6.144174222e-06,0.9999999131,high,0.7380884177
joint_no_transition,0,27,e883cab14c33a28c3bf1e25281ef335a7bcd08f31fb3e2cea1e824982af00196,t3,4,low,0.1498580824,0.2606300876,-0.08732464015,0.2173611969,0.8501419176,high,0.7380884177
joint_no_transition,0,27,e883cab14c33a28c3bf1e25281ef335a7bcd08f31fb3e2cea1e824982af00196,t5,8,low,0.1516801963,0.4215036653,-0.5642768696,0.2191533737,0.8483198037,high,0.7380884177
joint_no_transition,0,27,e883cab14c33a28c3bf1e25281ef335a7bcd08f31fb3e2cea1e824982af00196,t10,18,low,0.2571185872,0.9965708941,-0.9917254865,0.3136497633,0.7428814128,high,0.7380884177
joint_no_transition,0,27,e883cab14c33a28c3bf1e25281ef335a7bcd08f31fb3e2cea1e824982af00196,full,22,low,0.3889471841,1.205817646,-0.6963995814,0.4174077595,0.6110528159,high,0.7380884177
joint_no_transition,0,46,2815019765d0a2b0cd8db67fb79e15ec0c4893de14483f3e6156ddacadb10f7a,t3,4,high,0.3731986091,0.4692546725,0.6918574944,0.4054727554,0.6268013909,high,0.7380884177
joint_no_transition,0,46,2815019765d0a2b0cd8db67fb79e15ec0c4893de14483f3e6156ddacadb10f7a,t5,8,high,0.4665483513,0.6667655647,0.7668541849,0.475292927,0.5334516487,high,0.7380884177
joint_no_transition,0,46,2815019765d0a2b0cd8db67fb79e15ec0c4893de14483f3e6156ddacadb10f7a,t10,18,high,0.3335813589,0.9480723441,-0.1671797872,0.3750106305,0.6664186411,high,0.7380884177
joint_no_transition,0,46,2815019765d0a2b0cd8db67fb79e15ec0c4893de14483f3e6156ddacadb10f7a,t20,38,high,0.0732906775,1.147577807,-2.621813995,0.1332316107,0.9267093225,high,0.7380884177
joint_no_transition,0,46,2815019765d0a2b0cd8db67fb79e15ec0c4893de14483f3e6156ddacadb10f7a,full,58,high,0.02223608197,1.391823879,-6.411352444,0.05772559429,0.977763918,high,0.7380884177
joint_no_transition,0,53,646074c09ce77345f3d6434db5b2b976626086f4a3ba9020dc6fa992fa6887ac,t3,4,low,0.452984817,0.5481899858,0.9212414384,0.4652519226,0.547015183,high,0.7380884177
joint_no_transition,0,53,646074c09ce77345f3d6434db5b2b976626086f4a3ba9020dc6fa992fa6887ac,t5,8,low,0.5028815087,0.5985406101,1.278350863,0.5021268189,0.4971184913,low,0.7380884177
joint_no_transition,0,53,646074c09ce77345f3d6434db5b2b976626086f4a3ba9020dc6fa992fa6887ac,t10,18,low,0.3359073096,0.6342212677,0.2574854493,0.3768192247,0.6640926904,high,0.7380884177
joint_no_transition,0,53,646074c09ce77345f3d6434db5b2b976626086f4a3ba9020dc6fa992fa6887ac,t20,38,low,0.06561549012,0.8196928114,-3.501198244,0.1234216978,0.9343845099,high,0.7380884177
joint_no_transition,0,53,646074c09ce77345f3d6434db5b2b976626086f4a3ba9020dc6fa992fa6887ac,full,106,low,0.005128348134,2.253194904,-14.16190548,0.02007256817,0.9948716519,high,0.7380884177
joint_no_transition,0,55,1b9abf33ba8b2badfab01f2ee1f7aa958800a9808d579c0ec4e6bc41eb27f449,t3,4,high,0.1420251708,0.2384465255,-0.186373648,0.2095725283,0.8579748292,high,0.7380884177
joint_no_transition,0,55,1b9abf33ba8b2badfab01f2ee1f7aa958800a9808d579c0ec4e6bc41eb27f449,t5,8,high,0.2826056847,0.6667769745,0.05615188777,0.3345708996,0.7173943153,high,0.7380884177
joint_no_transition,0,55,1b9abf33ba8b2badfab01f2ee1f7aa958800a9808d579c0ec4e6bc41eb27f449,t10,18,high,0.4767298384,1.298113742,-0.2448402286,0.4828189135,0.5232701616,high,0.7380884177
joint_no_transition,0,55,1b9abf33ba8b2badfab01f2ee1f7aa958800a9808d579c0ec4e6bc41eb27f449,t20,38,high,0.1769535018,1.655203164,-3.553820193,0.2433252136,0.8230464982,high,0.7380884177
joint_no_transition,0,55,1b9abf33ba8b2badfab01f2ee1f7aa958800a9808d579c0ec4e6bc41eb27f449,full,64,high,0.1282916585,2.733003974,-5.820897532,0.1955587455,0.8717083415,high,0.7380884177
joint_no_transition,0,65,884e0cb0d19baa05ae86bae59b5351a82ddcdb9a7af044867db66a819a131389,t3,5,high,0.06280665506,-0.01532355547,-0.9531836808,0.1197366413,0.9371933449,high,0.7380884177
joint_no_transition,0,65,884e0cb0d19baa05ae86bae59b5351a82ddcdb9a7af044867db66a819a131389,t5,9,high,0.0545958074,-0.08493119478,-1.752562833,0.1086336918,0.9454041926,high,0.7380884177
joint_no_transition,0,65,884e0cb0d19baa05ae86bae59b5351a82ddcdb9a7af044867db66a819a131389,t10,19,high,0.01874520616,-0.2639029741,-4.923938847,0.05111179006,0.9812547938,high,0.7380884177
joint_no_transition,0,65,884e0cb0d19baa05ae86bae59b5351a82ddcdb9a7af044867db66a819a131389,full,33,high,0.002968574125,-0.4463516712,-8.786536884,0.01347650555,0.9970314259,high,0.7380884177
joint_no_transition,0,67,38b5c44ace8c39b31954af0c9b3057abad24dd37ec441de169f055949fb91ed3,t3,4,high,0.1561634258,0.252825246,-0.02770713866,0.223532784,0.8438365742,high,0.7380884177
joint_no_transition,0,67,38b5c44ace8c39b31954af0c9b3057abad24dd37ec441de169f055949fb91ed3,t5,8,high,0.193118249,0.5939520389,-0.2641048521,0.258194527,0.806881751,high,0.7380884177
joint_no_transition,0,67,38b5c44ace8c39b31954af0c9b3057abad24dd37ec441de169f055949fb91ed3,t10,18,high,0.1788260208,1.033502488,-1.273278749,0.245069448,0.8211739792,high,0.7380884177
joint_no_transition,0,67,38b5c44ace8c39b31954af0c9b3057abad24dd37ec441de169f055949fb91ed3,t20,38,high,0.05023236693,0.9069439173,-6.236971378,0.1025089027,0.9497676331,high,0.7380884177
joint_no_transition,0,67,38b5c44ace8c39b31954af0c9b3057abad24dd37ec441de169f055949fb91ed3,full,46,high,0.03036954868,0.9288482189,-7.42046833,0.07200101058,0.9696304513,high,0.7380884177
joint_no_transition,0,69,eff9b2507927f7894349799dbb77b0c66871e7547a4170f6e6ef409f01493d5d,t3,4,low,0.7568483204,0.6517734051,2.053045177,0.6980612636,0.2431516796,low,0.7380884177
joint_no_transition,0,69,eff9b2507927f7894349799dbb77b0c66871e7547a4170f6e6ef409f01493d5d,full,6,low,0.8183596111,0.8342239738,2.399383152,0.752320075,0.1816403889,low,0.7380884177
joint_no_transition,0,70,eff9b2507927f7894349799dbb77b0c66871e7547a4170f6e6ef409f01493d5d,t3,4,high,0.6720083537,0.7101972461,1.510220629,0.6293473601,0.3279916463,low,0.7380884177
joint_no_transition,0,70,eff9b2507927f7894349799dbb77b0c66871e7547a4170f6e6ef409f01493d5d,t5,8,high,0.8726301414,1.053389835,2.799637496,0.8053994954,0.1273698586,low,0.7380884177
joint_no_transition,0,70,eff9b2507927f7894349799dbb77b0c66871e7547a4170f6e6ef409f01493d5d,full,10,high,0.8885594206,1.193499279,2.715490377,0.8223502874,0.1114405794,low,0.7380884177
joint_no_transition,0,77,5ee3de464b1eb18f6dbc71fac32dd821ec33a6f6ea0d273324ce5d81751bbc74,t3,4,high,0.07782765722,0.0815652132,-0.8274654269,0.1388674909,0.9221723428,high,0.7380884177
joint_no_transition,0,77,5ee3de464b1eb18f6dbc71fac32dd821ec33a6f6ea0d273324ce5d81751bbc74,t5,8,high,0.1925369219,0.3751161098,-0.1570728123,0.2576668829,0.8074630781,high,0.7380884177
joint_no_transition,0,77,5ee3de464b1eb18f6dbc71fac32dd821ec33a6f6ea0d273324ce5d81751bbc74,t10,18,high,0.1172246206,0.2944601059,-1.279908109,0.1838939751,0.8827753794,high,0.7380884177
joint_no_transition,0,77,5ee3de464b1eb18f6dbc71fac32dd821ec33a6f6ea0d273324ce5d81751bbc74,t20,38,high,0.08580987834,1.064793706,-3.948014164,0.1485212301,0.9141901217,high,0.7380884177
joint_no_transition,0,77,5ee3de464b1eb18f6dbc71fac32dd821ec33a6f6ea0d273324ce5d81751bbc74,full,42,high,0.113285258,1.338455248,-4.023226285,0.1796528431,0.886714742,high,0.7380884177
joint_no_transition,0,79,2523640a662b9aab8fa56e40699e7726fd765a9ae7ecdc36a012e3ad8211a245,t3,5,high,0.104192795,-0.0650834322,-0.5420932204,0.1696677064,0.895807205,high,0.7380884177
joint_no_transition,0,79,2523640a662b9aab8fa56e40699e7726fd765a9ae7ecdc36a012e3ad8211a245,t5,9,high,0.1130204901,-0.1373395324,-1.099541539,0.1793660159,0.8869795099,high,0.7380884177
joint_no_transition,0,79,2523640a662b9aab8fa56e40699e7726fd765a9ae7ecdc36a012e3ad8211a245,full,9,high,0.1130204901,-0.1373395324,-1.099541539,0.1793660159,0.8869795099,high,0.7380884177
joint_no_transition,0,80,a6ba01099092faefda72e83a5ffad12164972913b573b6580138d019a5453418,t3,4,high,0.106912899,0.1572180897,-0.6280997276,0.1726847881,0.893087101,high,0.7380884177
joint_no_transition,0,80,a6ba01099092faefda72e83a5ffad12164972913b573b6580138d019a5453418,t5,8,high,0.09818193813,0.2177618496,-1.223639423,0.1629039737,0.9018180619,high,0.7380884177
joint_no_transition,0,80,a6ba01099092faefda72e83a5ffad12164972913b573b6580138d019a5453418,t10,18,high,0.07853667355,0.4119435966,-2.373637414,0.1397381008,0.9214633265,high,0.7380884177
joint_no_transition,0,80,a6ba01099092faefda72e83a5ffad12164972913b573b6580138d019a5453418,t20,38,high,0.01652423052,0.7630197287,-6.490089893,0.04670714511,0.9834757695,high,0.7380884177
joint_no_transition,0,80,a6ba01099092faefda72e83a5ffad12164972913b573b6580138d019a5453418,full,62,high,0.003582106477,1.965137029,-10.33365459,0.0154569204,0.9964178935,high,0.7380884177
joint_no_transition,0,82,eac114d0fbda834121eb1da95e9dd3d4e76db9e3188fcf74d6d679a8efd3c8f1,t3,4,high,0.1033594701,-0.01083731949,-0.3621689454,0.1687380709,0.8966405299,high,0.7380884177
joint_no_transition,0,82,eac114d0fbda834121eb1da95e9dd3d4e76db9e3188fcf74d6d679a8efd3c8f1,t5,8,high,0.112898997,0.1375121512,-0.790725553,0.1792343244,0.887101003,high,0.7380884177
joint_no_transition,0,82,eac114d0fbda834121eb1da95e9dd3d4e76db9e3188fcf74d6d679a8efd3c8f1,t10,18,high,0.1225304497,0.6631057262,-1.812328637,0.1895307856,0.8774695503,high,0.7380884177
joint_no_transition,0,82,eac114d0fbda834121eb1da95e9dd3d4e76db9e3188fcf74d6d679a8efd3c8f1,full,36,high,0.05944394576,1.41567378,-4.304325533,0.115251675,0.9405560542,high,0.7380884177
joint_no_transition,0,87,c2a6706263d09c63b307df18a79bae14418b0faf3038d47b68ad4d2e853e3f99,t3,4,high,0.09804794237,0.1663921505,-0.4423005685,0.1627516188,0.9019520576,high,0.7380884177
joint_no_transition,0,87,c2a6706263d09c63b307df18a79bae14418b0faf3038d47b68ad4d2e853e3f99,t5,8,high,0.05857556796,0.1254599333,-1.436586446,0.1140798757,0.941424432,high,0.7380884177
joint_no_transition,0,87,c2a6706263d09c63b307df18a79bae14418b0faf3038d47b68ad4d2e853e3f99,t10,18,high,0.02549354936,-0.06674540043,-4.011900091,0.06361190728,0.9745064506,high,0.7380884177
joint_no_transition,0,87,c2a6706263d09c63b307df18a79bae14418b0faf3038d47b68ad4d2e853e3f99,full,24,high,0.01122096946,-0.05960268974,-5.792314196,0.03537729927,0.9887790305,high,0.7380884177
joint_no_transition,0,94,16ad8c075416a1640a523d8697d580ecb71be79a914d2b7439592eef75b54a0e,t3,4,high,0.09103153677,-0.05299954414,-0.7637539551,0.1546719307,0.9089684632,high,0.7380884177
joint_no_transition,0,94,16ad8c075416a1640a523d8697d580ecb71be79a914d2b7439592eef75b54a0e,t5,8,high,0.1040660468,-0.1505272865,-1.856711741,0.1695264725,0.8959339532,high,0.7380884177
joint_no_transition,0,94,16ad8c075416a1640a523d8697d580ecb71be79a914d2b7439592eef75b54a0e,t10,18,high,0.1195574624,-0.3067847252,-4.474091375,0.1863827532,0.8804425376,high,0.7380884177
joint_no_transition,0,94,16ad8c075416a1640a523d8697d580ecb71be79a914d2b7439592eef75b54a0e,t20,38,high,0.04755330487,-0.5153344154,-9.634336376,0.09866151176,0.9524466951,high,0.7380884177
joint_no_transition,0,94,16ad8c075416a1640a523d8697d580ecb71be79a914d2b7439592eef75b54a0e,full,60,high,0.009440290888,-0.2301513672,-14.45982561,0.03123343434,0.9905597091,high,0.7380884177
joint_no_transition,0,101,c5c61ac6a632dc81f083aca02a5ce3ff9b90ef1e69a86f138b246bd23e7d0ea9,t3,4,high,0.3115411046,0.4878501445,0.482325539,0.3577258646,0.6884588954,high,0.7380884177
joint_no_transition,0,101,c5c61ac6a632dc81f083aca02a5ce3ff9b90ef1e69a86f138b246bd23e7d0ea9,t5,8,high,0.4343260173,0.7529832363,0.6152079821,0.4513990521,0.5656739827,high,0.7380884177
joint_no_transition,0,101,c5c61ac6a632dc81f083aca02a5ce3ff9b90ef1e69a86f138b246bd23e7d0ea9,t10,18,high,0.2348390771,1.339131844,-0.6673370063,0.2948758513,0.7651609229,high,0.7380884177
joint_no_transition,0,101,c5c61ac6a632dc81f083aca02a5ce3ff9b90ef1e69a86f138b246bd23e7d0ea9,t20,38,high,0.07361472183,1.626201653,-3.558931565,0.1336379681,0.9263852782,high,0.7380884177
joint_no_transition,0,101,c5c61ac6a632dc81f083aca02a5ce3ff9b90ef1e69a86f138b246bd23e7d0ea9,full,62,high,0.04201200874,2.599359852,-6.330379009,0.09046966731,0.9579879913,high,0.7380884177
joint_no_transition,0,104,ce81615fdfacce198687f92d3c58747d1f210c5783fa3bb46aa95df8fb61efdc,t3,4,high,0.2340379239,0.287699917,0.3904943615,0.2941912681,0.7659620761,high,0.7380884177
joint_no_transition,0,104,ce81615fdfacce198687f92d3c58747d1f210c5783fa3bb46aa95df8fb61efdc,t5,8,high,0.3377120706,0.630453147,0.3995922208,0.3782206535,0.6622879294,high,0.7380884177
joint_no_transition,0,104,ce81615fdfacce198687f92d3c58747d1f210c5783fa3bb46aa95df8fb61efdc,t10,18,high,0.3454817074,0.9824018747,-0.1115688086,0.3842355199,0.6545182926,high,0.7380884177
joint_no_transition,0,104,ce81615fdfacce198687f92d3c58747d1f210c5783fa3bb46aa95df8fb61efdc,t20,38,high,0.2401353392,1.631037164,-1.968178678,0.2993842248,0.7598646608,high,0.7380884177
joint_no_transition,0,104,ce81615fdfacce198687f92d3c58747d1f210c5783fa3bb46aa95df8fb61efdc,full,54,high,0.2332539855,1.9712955,-3.281729519,0.2935207189,0.7667460145,high,0.7380884177
joint_no_transition,0,108,b74f3f5afc0b04fa76647aa59087b92f57a410aac28d92b9e08e36f063008fba,t3,4,high,0.191282823,0.04018374085,0.4054534927,0.2565268621,0.808717177,high,0.7380884177
joint_no_transition,0,108,b74f3f5afc0b04fa76647aa59087b92f57a410aac28d92b9e08e36f063008fba,t5,8,high,0.1536476538,0.02322745323,-0.02965470701,0.221080488,0.8463523462,high,0.7380884177
joint_no_transition,0,108,b74f3f5afc0b04fa76647aa59087b92f57a410aac28d92b9e08e36f063008fba,t10,18,high,0.1049815387,0.1497750163,-1.617974287,0.1705452866,0.8950184613,high,0.7380884177
joint_no_transition,0,108,b74f3f5afc0b04fa76647aa59087b92f57a410aac28d92b9e08e36f063008fba,t20,38,high,0.06349130588,-0.1167286873,-6.162354565,0.1206398635,0.9365086941,high,0.7380884177
joint_no_transition,0,108,b74f3f5afc0b04fa76647aa59087b92f57a410aac28d92b9e08e36f063008fba,full,56,high,0.134872337,0.2959585667,-8.012827778,0.2023335344,0.865127663,high,0.7380884177
joint_no_transition,0,109,f92544f5ed508add4c093c58e76fce40d49ca14b51000a7b8770e0152039d485,t3,4,high,0.5073452246,0.662026906,0.9273146272,0.5054216027,0.4926547754,low,0.7380884177
joint_no_transition,0,109,f92544f5ed508add4c093c58e76fce40d49ca14b51000a7b8770e0152039d485,t5,8,high,0.7701095726,0.9799606919,1.664166671,0.7093640149,0.2298904274,low,0.7380884177
joint_no_transition,0,109,f92544f5ed508add4c093c58e76fce40d49ca14b51000a7b8770e0152039d485,t10,18,high,0.6839957122,1.453373605,0.8187431991,0.6387513667,0.3160042878,low,0.7380884177
joint_no_transition,0,109,f92544f5ed508add4c093c58e76fce40d49ca14b51000a7b8770e0152039d485,t20,38,high,0.2140556747,1.724812317,-3.22490164,0.2768792835,0.7859443253,high,0.7380884177
joint_no_transition,0,109,f92544f5ed508add4c093c58e76fce40d49ca14b51000a7b8770e0152039d485,full,44,high,0.212925247,1.66470663,-3.800139451,0.2758855071,0.787074753,high,0.7380884177
joint_no_transition,0,119,5e9b1bd1f06698191157fbc99f25182854ee47dcc819d045d1eee684d797587b,t3,4,high,0.1041925515,-0.09529783726,-0.3377950519,0.1696674351,0.8958074485,high,0.7380884177
joint_no_transition,0,119,5e9b1bd1f06698191157fbc99f25182854ee47dcc819d045d1eee684d797587b,t5,8,high,0.1092548613,-0.1668006897,-0.7480473906,0.1752616339,0.8907451387,high,0.7380884177
joint_no_transition,0,119,5e9b1bd1f06698191157fbc99f25182854ee47dcc819d045d1eee684d797587b,t10,18,high,0.07261466508,-0.3218954086,-3.044374394,0.1323819263,0.9273853349,high,0.7380884177
joint_no_transition,0,119,5e9b1bd1f06698191157fbc99f25182854ee47dcc819d045d1eee684d797587b,t20,38,high,0.01972273632,-0.5135007381,-7.639415359,0.05299935045,0.9802772637,high,0.7380884177
joint_no_transition,0,119,5e9b1bd1f06698191157fbc99f25182854ee47dcc819d045d1eee684d797587b,full,84,high,0.0002125179079,0.1504297256,-17.10511131,0.001943195825,0.9997874821,high,0.7380884177
joint_no_transition,0,121,b3b2e2bd4653e0479aa37231686157e94d03881d3e717ffb4b92970e7582dc0d,t3,4,high,0.3019523401,0.5531030416,0.3553925276,0.3501155078,0.6980476599,high,0.7380884177
joint_no_transition,0,121,b3b2e2bd4653e0479aa37231686157e94d03881d3e717ffb4b92970e7582dc0d,t5,8,high,0.4330060782,0.7017491162,0.6189091295,0.4504169255,0.5669939218,high,0.7380884177
joint_no_transition,0,121,b3b2e2bd4653e0479aa37231686157e94d03881d3e717ffb4b92970e7582dc0d,t10,18,high,0.1240000331,0.8676455498,-1.627345067,0.1910773442,0.8759999669,high,0.7380884177
joint_no_transition,0,121,b3b2e2bd4653e0479aa37231686157e94d03881d3e717ffb4b92970e7582dc0d,t20,38,high,0.01549129568,0.99865973,-6.714868546,0.04459800524,0.9845087043,high,0.7380884177
joint_no_transition,0,121,b3b2e2bd4653e0479aa37231686157e94d03881d3e717ffb4b92970e7582dc0d,full,596,high,8.692545519e-08,8.641063309,-132.6799362,6.144174222e-06,0.9999999131,high,0.7380884177
joint_no_transition,0,123,6c7e3cea7a4858b1ace2a58c01677e91a03db28f550513c277a01f23b2083836,t3,4,low,0.7194390068,0.7041569471,1.71755566,0.6670879483,0.2805609932,low,0.7380884177
joint_no_transition,0,123,6c7e3cea7a4858b1ace2a58c01677e91a03db28f550513c277a01f23b2083836,t5,8,low,0.8133409645,0.9598930597,2.049126047,0.7476971447,0.1866590355,low,0.7380884177
joint_no_transition,0,123,6c7e3cea7a4858b1ace2a58c01677e91a03db28f550513c277a01f23b2083836,t10,18,low,0.9385184804,1.873326349,2.98328793,0.8820209384,0.06148151963,low,0.7380884177
joint_no_transition,0,123,6c7e3cea7a4858b1ace2a58c01677e91a03db28f550513c277a01f23b2083836,full,26,low,0.9753162325,2.453734207,4.604895854,0.9378283381,0.0246837675,low,0.7380884177
joint_no_transition,0,131,78d93e44688ea4c2b1b0be54e645ffaf0ab8c612ccfe0606b26306c0bdd7eb9e,t3,4,low,0.1091626629,0.02326803803,-0.3637650952,0.1751605451,0.8908373371,high,0.7380884177
joint_no_transition,0,131,78d93e44688ea4c2b1b0be54e645ffaf0ab8c612ccfe0606b26306c0bdd7eb9e,t5,8,low,0.1298457297,-0.0001349568367,-0.8433072731,0.1971690133,0.8701542703,high,0.7380884177
joint_no_transition,0,131,78d93e44688ea4c2b1b0be54e645ffaf0ab8c612ccfe0606b26306c0bdd7eb9e,t10,18,low,0.08819505754,0.2599793553,-3.550350976,0.1513460713,0.9118049425,high,0.7380884177
joint_no_transition,0,131,78d93e44688ea4c2b1b0be54e645ffaf0ab8c612ccfe0606b26306c0bdd7eb9e,t20,38,low,0.01316308658,0.506045723,-7.571592522,0.03968100487,0.9868369134,high,0.7380884177
joint_no_transition,0,131,78d93e44688ea4c2b1b0be54e645ffaf0ab8c612ccfe0606b26306c0bdd7eb9e,full,90,low,0.0003345573707,2.473252892,-15.69902153,0.002714430964,0.9996654426,high,0.7380884177
joint_no_transition,1,5,acef12612f4cc8a8551d6eed74f7140693018819c768baebe55af31070bb4a48,t3,4,high,0.112202499,0.02567738891,-0.4132449158,0.1189635992,0.887797501,high,0.9680159554
joint_no_transition,1,5,acef12612f4cc8a8551d6eed74f7140693018819c768baebe55af31070bb4a48,t5,8,high,0.04487729447,-0.04226790518,-1.33968913,0.04926115461,0.9551227055,high,0.9680159554
joint_no_transition,1,5,acef12612f4cc8a8551d6eed74f7140693018819c768baebe55af31070bb4a48,t10,18,high,0.005838595778,-0.4753456891,-4.194338399,0.006874117692,0.9941614042,high,0.9680159554
joint_no_transition,1,5,acef12612f4cc8a8551d6eed74f7140693018819c768baebe55af31070bb4a48,t20,38,high,0.0005808915636,-1.454325458,-9.472682035,0.0007370830901,0.9994191084,high,0.9680159554
joint_no_transition,1,5,acef12612f4cc8a8551d6eed74f7140693018819c768baebe55af31070bb4a48,full,202,high,4.13305348e-06,-5.881736088,-51.23605938,6.144174222e-06,0.9999958669,high,0.9680159554
joint_no_transition,1,8,242385d41a2f2e2c7cf667f3555e67d2393f27bebfb58a47237bcb1fe3ddc21f,t3,4,high,0.2898427978,0.3500606954,0.4251269668,0.2957778424,0.7101572022,high,0.9680159554
joint_no_transition,1,8,242385d41a2f2e2c7cf667f3555e67d2393f27bebfb58a47237bcb1fe3ddc21f,t5,8,high,0.4018138517,0.5016393781,0.8285601154,0.4048766613,0.5981861483,high,0.9680159554
joint_no_transition,1,8,242385d41a2f2e2c7cf667f3555e67d2393f27bebfb58a47237bcb1fe3ddc21f,t10,18,high,0.2470937987,0.7504107118,-0.3651360929,0.2537829965,0.7529062013,high,0.9680159554
joint_no_transition,1,8,242385d41a2f2e2c7cf667f3555e67d2393f27bebfb58a47237bcb1fe3ddc21f,full,28,high,0.1885921558,1.002261341,-1.186221749,0.1958379246,0.8114078442,high,0.9680159554
joint_no_transition,1,11,9063fe5a96a210ebfe12759f47a23a0522765005e854174ae1dbba306d5ab91e,t3,4,high,0.06224829776,-0.1798588634,-0.7737003833,0.06750878692,0.9377517022,high,0.9680159554
joint_no_transition,1,11,9063fe5a96a210ebfe12759f47a23a0522765005e854174ae1dbba306d5ab91e,t5,8,high,0.03398712948,-0.2621432684,-1.453655498,0.03768287115,0.9660128705,high,0.9680159554
joint_no_transition,1,11,9063fe5a96a210ebfe12759f47a23a0522765005e854174ae1dbba306d5ab91e,full,14,high,0.02675796615,0.07747871876,-2.251509733,0.02991985762,0.9732420339,high,0.9680159554
joint_no_transition,1,22,908b32eb48120ce4dbf68981ea7e019915cec0971b94eafa2f753fb312d2777a,t3,4,high,0.07067735327,-0.0456678316,-0.7246224284,0.0762848556,0.9293226467,high,0.9680159554
joint_no_transition,1,22,908b32eb48120ce4dbf68981ea7e019915cec0971b94eafa2f753fb312d2777a,t5,8,high,0.02017144672,-0.1663463652,-1.970219815,0.02277814932,0.9798285533,high,0.9680159554
joint_no_transition,1,22,908b32eb48120ce4dbf68981ea7e019915cec0971b94eafa2f753fb312d2777a,t10,18,high,0.003181332972,-0.4494411945,-4.683920658,0.003820874752,0.996818667,high,0.9680159554
joint_no_transition,1,22,908b32eb48120ce4dbf68981ea7e019915cec0971b94eafa2f753fb312d2777a,t20,38,high,0.0003053665409,-1.625465196,-9.644186783,0.0003955557049,0.9996946335,high,0.9680159554
joint_no_transition,1,22,908b32eb48120ce4dbf68981ea7e019915cec0971b94eafa2f753fb312d2777a,full,132,high,4.13305348e-06,-6.464454126,-36.54385176,6.144174222e-06,0.9999958669,high,0.9680159554
joint_no_transition,1,26,9063fe5a96a210ebfe12759f47a23a0522765005e854174ae1dbba306d5ab91e,t3,4,high,0.09123827547,-0.0732131511,-0.4309774548,0.09751994759,0.9087617245,high,0.9680159554
joint_no_transition,1,26,9063fe5a96a210ebfe12759f47a23a0522765005e854174ae1dbba306d5ab91e,t5,8,high,0.07479121175,-0.1406934023,-0.7058949009,0.08055211753,0.9252087883,high,0.9680159554
joint_no_transition,1,26,9063fe5a96a210ebfe12759f47a23a0522765005e854174ae1dbba306d5ab91e,full,12,high,0.0339281123,-0.2287748456,-1.408502156,0.03761976957,0.9660718877,high,0.9680159554
joint_no_transition,1,43,c3a7a0efb4205fb087261214ecfa7aceebcb7e8cf295163f6d694dd21fdeebe4,t3,4,high,0.1349145184,0.06158473343,-0.2831871092,0.1420027331,0.8650854816,high,0.9680159554
joint_no_transition,1,43,c3a7a0efb4205fb087261214ecfa7aceebcb7e8cf295163f6d694dd21fdeebe4,t5,8,high,0.06842066096,0.0947760582,-1.057594702,0.07393969186,0.931579339,high,0.9680159554
joint_no_transition,1,43,c3a7a0efb4205fb087261214ecfa7aceebcb7e8cf295163f6d694dd21fdeebe4,t10,18,high,0.008022059154,0.01724688262,-3.356828868,0.009345948859,0.9919779408,high,0.9680159554
joint_no_transition,1,43,c3a7a0efb4205fb087261214ecfa7aceebcb7e8cf295163f6d694dd21fdeebe4,t20,39,high,0.0002132950313,-0.7835695267,-9.576618743,0.0002794879352,0.999786705,high,0.9680159554
joint_no_transition,1,43,c3a7a0efb4205fb087261214ecfa7aceebcb7e8cf295163f6d694dd21fdeebe4,full,49,high,6.682473799e-05,-1.301023912,-12.06828542,9.087852759e-05,0.9999331753,high,0.9680159554
joint_no_transition,1,44,e6803c63f300fa480953ca2fe972e030e123c7f9c1d9ed559d04ae2394d0d86b,t3,4,low,0.5858778447,0.371969226,1.753307836,0.583182925,0.4141221553,low,0.9680159554
joint_no_transition,1,44,e6803c63f300fa480953ca2fe972e030e123c7f9c1d9ed559d04ae2394d0d86b,t5,8,low,0.5514740343,0.460886392,1.531724751,0.5498387933,0.4485259657,low,0.9680159554
joint_no_transition,1,44,e6803c63f300fa480953ca2fe972e030e123c7f9c1d9ed559d04ae2394d0d86b,t10,18,low,0.476111495,0.6117054701,0.7593872309,0.4768744379,0.523888505,high,0.9680159554
joint_no_transition,1,44,e6803c63f300fa480953ca2fe972e030e123c7f9c1d9ed559d04ae2394d0d86b,t20,38,low,0.0619862854,0.2647974014,-3.986773086,0.06723524034,0.9380137146,high,0.9680159554
joint_no_transition,1,44,e6803c63f300fa480953ca2fe972e030e123c7f9c1d9ed559d04ae2394d0d86b,full,172,low,4.13305348e-06,-0.9792310715,-26.0679769,6.144174222e-06,0.9999958669,high,0.9680159554
joint_no_transition,1,47,f73fbbd46db1893b89699f228eb96713fbf24e13dabbda4707c125290203f537,t3,4,high,0.2837390642,0.3025521263,0.5034805238,0.2897964954,0.7162609358,high,0.9680159554
joint_no_transition,1,47,f73fbbd46db1893b89699f228eb96713fbf24e13dabbda4707c125290203f537,t5,8,high,0.1922631001,0.3150278538,-0.02222538292,0.1994935557,0.8077368999,high,0.9680159554
joint_no_transition,1,47,f73fbbd46db1893b89699f228eb96713fbf24e13dabbda4707c125290203f537,full,14,high,0.2095322369,0.404146564,-0.1010561958,0.2166526988,0.7904677631,high,0.9680159554
joint_no_transition,1,66,60300796ba7899fd40ecbaa91387c5ca83e5757c4513c7aae95783e2e3877244,t3,4,high,0.2093517833,0.1264712974,0.2992073774,0.2164737046,0.7906482167,high,0.9680159554
joint_no_transition,1,66,60300796ba7899fd40ecbaa91387c5ca83e5757c4513c7aae95783e2e3877244,t5,8,high,0.4404079183,0.3562272012,1.072056341,0.4422966659,0.5595920817,high,0.9680159554
joint_no_transition,1,66,60300796ba7899fd40ecbaa91387c5ca83e5757c4513c7aae95783e2e3877244,t10,17,high,0.3748176775,0.8319043159,0.2721889049,0.3786598295,0.6251823225,high,0.9680159554
joint_no_transition,1,66,60300796ba7899fd40ecbaa91387c5ca83e5757c4513c7aae95783e2e3877244,full,29,high,0.3148870484,1.339134565,-0.4379639924,0.3202754378,0.6851129516,high,0.9680159554
joint_no_transition,1,71,acef12612f4cc8a8551d6eed74f7140693018819c768baebe55af31070bb4a48,t3,4,high,0.2356280048,0.4124104172,0.1723336101,0.2424743563,0.7643719952,high,0.9680159554
joint_no_transition,1,71,acef12612f4cc8a8551d6eed74f7140693018819c768baebe55af31070bb4a48,t5,8,high,0.09455648661,0.3093328029,-0.8031175435,0.1009268627,0.9054435134,high,0.9680159554
joint_no_transition,1,71,acef12612f4cc8a8551d6eed74f7140693018819c768baebe55af31070bb4a48,t10,18,high,0.01014886308,-0.1098992825,-3.641683075,0.01173123458,0.9898511369,high,0.9680159554
joint_no_transition,1,71,acef12612f4cc8a8551d6eed74f7140693018819c768baebe55af31070bb4a48,t20,38,high,0.001346525718,-0.08000454903,-7.859914061,0.001662944047,0.9986534743,high,0.9680159554
joint_no_transition,1,71,acef12612f4cc8a8551d6eed74f7140693018819c768baebe55af31070bb4a48,full,168,high,4.13305348e-06,-0.7131687164,-38.77771978,6.144174222e-06,0.9999958669,high,0.9680159554
joint_no_transition,1,74,c71ada431bd46bd4a6359aeae6a2a8e55c5fadaac95da2d3426bc7a470fc428d,t3,4,low,0.4044992414,0.3252246886,0.9928145707,0.4074823886,0.5955007586,high,0.9680159554
joint_no_transition,1,74,c71ada431bd46bd4a6359aeae6a2a8e55c5fadaac95da2d3426bc7a470fc428d,t5,8,low,0.2638207254,0.5924155802,0.04559991956,0.2702446431,0.7361792746,high,0.9680159554
joint_no_transition,1,74,c71ada431bd46bd4a6359aeae6a2a8e55c5fadaac95da2d3426bc7a470fc428d,t10,18,low,0.2299968127,1.288407853,-1.029233408,0.2369124785,0.7700031873,high,0.9680159554
joint_no_transition,1,74,c71ada431bd46bd4a6359aeae6a2a8e55c5fadaac95da2d3426bc7a470fc428d,full,36,low,0.09612797709,1.529321027,-3.297346783,0.1025385902,0.9038720229,high,0.9680159554
joint_no_transition,1,78,093c82fd2197f13c9cdbf2150b89b7a4fa6b1bd0b674db97725c2c7c8bd1dd88,t3,4,high,0.7315858864,0.6508362174,2.381759036,0.725241816,0.2684141136,low,0.9680159554
joint_no_transition,1,78,093c82fd2197f13c9cdbf2150b89b7a4fa6b1bd0b674db97725c2c7c8bd1dd88,t5,8,high,0.7597476736,0.7793633342,2.611415893,0.752962172,0.2402523264,low,0.9680159554
joint_no_transition,1,78,093c82fd2197f13c9cdbf2150b89b7a4fa6b1bd0b674db97725c2c7c8bd1dd88,t10,18,high,0.7624035603,1.384553117,3.110115004,0.7555826843,0.2375964397,low,0.9680159554
joint_no_transition,1,78,093c82fd2197f13c9cdbf2150b89b7a4fa6b1bd0b674db97725c2c7c8bd1dd88,t20,38,high,0.9784512533,3.041845083,6.837227821,0.975722146,0.02154874672,low,0.9680159554
joint_no_transition,1,78,093c82fd2197f13c9cdbf2150b89b7a4fa6b1bd0b674db97725c2c7c8bd1dd88,full,74,high,0.6520371078,3.298996043,2.320206207,0.6474660594,0.3479628922,low,0.9680159554
joint_no_transition,1,81,e20918bb59fb9410444abfca05301763d95a43571f7e2437b82ee48a1c85ed42,t3,2,high,0.1815470002,0.2190406322,0,0.1888137534,0.8184529998,high,0.9680159554
joint_no_transition,1,81,e20918bb59fb9410444abfca05301763d95a43571f7e2437b82ee48a1c85ed42,t5,6,high,0.1317307192,0.1564160168,-0.3983978629,0.1387837812,0.8682692808,high,0.9680159554
joint_no_transition,1,81,e20918bb59fb9410444abfca05301763d95a43571f7e2437b82ee48a1c85ed42,t10,16,high,0.0131498059,-0.00140516758,-3.36995914,0.01506798108,0.9868501941,high,0.9680159554
joint_no_transition,1,81,e20918bb59fb9410444abfca05301763d95a43571f7e2437b82ee48a1c85ed42,full,20,high,0.05805543948,0.04041135311,-2.770834029,0.06312559404,0.9419445605,high,0.9680159554
joint_no_transition,1,84,acef12612f4cc8a8551d6eed74f7140693018819c768baebe55af31070bb4a48,t3,4,high,0.3954538081,0.3939265728,0.9097771585,0.3987038523,0.6045461919,high,0.9680159554
joint_no_transition,1,84,acef12612f4cc8a8551d6eed74f7140693018819c768baebe55af31070bb4a48,t5,8,high,0.355377214,0.5463816404,0.560785532,0.3597522795,0.644622786,high,0.9680159554
joint_no_transition,1,84,acef12612f4cc8a8551d6eed74f7140693018819c768baebe55af31070bb4a48,t10,18,high,0.0323532211,0.2329209641,-2.597806954,0.03593431152,0.9676467789,high,0.9680159554
joint_no_transition,1,84,acef12612f4cc8a8551d6eed74f7140693018819c768baebe55af31070bb4a48,t20,38,high,0.000913167918,-0.1927886367,-8.65261238,0.001141963891,0.9990868321,high,0.9680159554
joint_no_transition,1,84,acef12612f4cc8a8551d6eed74f7140693018819c768baebe55af31070bb4a48,full,234,high,4.13305348e-06,-0.2317245483,-44.25866437,6.144174222e-06,0.9999958669,high,0.9680159554
joint_no_transition,1,90,a771a5f4fb2138cf78114b166d2e1fa99c89b30b5a08b96d69edbffaa7be1c17,t3,4,low,0.5847618024,0.6888344526,1.573919582,0.5821005762,0.4152381976,low,0.9680159554
joint_no_transition,1,90,a771a5f4fb2138cf78114b166d2e1fa99c89b30b5a08b96d69edbffaa7be1c17,t5,8,low,0.7626879042,0.9441422462,2.067761087,0.7558633089,0.2373120958,low,0.9680159554
joint_no_transition,1,90,a771a5f4fb2138cf78114b166d2e1fa99c89b30b5a08b96d69edbffaa7be1c17,t10,18,low,0.701925018,1.455591398,1.402958965,0.6961620092,0.298074982,low,0.9680159554
joint_no_transition,1,90,a771a5f4fb2138cf78114b166d2e1fa99c89b30b5a08b96d69edbffaa7be1c17,full,24,low,0.4539258253,1.631915125,-0.03195539713,0.4553915024,0.5460741747,high,0.9680159554
joint_no_transition,1,91,67e1884ecd04dbe20b36dae2dd478b3fa11c2dd652ae19aa1ecf63df01a54bb4,t3,4,high,0.7071391745,0.2952908486,2.611890918,0.7012662888,0.2928608255,low,0.9680159554
joint_no_transition,1,91,67e1884ecd04dbe20b36dae2dd478b3fa11c2dd652ae19aa1ecf63df01a54bb4,t5,8,high,0.5642330441,0.2603763312,1.755656457,0.5622002229,0.4357669559,low,0.9680159554
joint_no_transition,1,91,67e1884ecd04dbe20b36dae2dd478b3fa11c2dd652ae19aa1ecf63df01a54bb4,t10,18,high,0.497227621,0.3592314005,1.153013039,0.4973162912,0.502772379,high,0.9680159554
joint_no_transition,1,91,67e1884ecd04dbe20b36dae2dd478b3fa11c2dd652ae19aa1ecf63df01a54bb4,t20,38,high,0.08624713719,-0.0949586153,-2.379566491,0.09238547763,0.9137528628,high,0.9680159554
joint_no_transition,1,91,67e1884ecd04dbe20b36dae2dd478b3fa11c2dd652ae19aa1ecf63df01a54bb4,full,78,high,0.002035074739,0.2205992699,-9.160262787,0.002479938513,0.9979649253,high,0.9680159554
joint_no_transition,1,93,4a179349154115dae8c63a1aae7fb09285d02b7da5eef74d9eaa8871309dcfa9,t3,4,high,0.1422351739,0.3322969973,-0.3530217171,0.1493920013,0.8577648261,high,0.9680159554
joint_no_transition,1,93,4a179349154115dae8c63a1aae7fb09285d02b7da5eef74d9eaa8871309dcfa9,t5,8,high,0.1278073963,0.4317313701,-0.5970592335,0.1348125428,0.8721926037,high,0.9680159554
joint_no_transition,1,93,4a179349154115dae8c63a1aae7fb09285d02b7da5eef74d9eaa8871309dcfa9,t10,18,high,0.02324355493,0.4315514684,-2.668621022,0.02611848395,0.9767564451,high,0.9680159554
joint_no_transition,1,93,4a179349154115dae8c63a1aae7fb09285d02b7da5eef74d9eaa8871309dcfa9,full,24,high,0.01018810437,0.3529204607,-3.862579477,0.01177507029,0.9898118956,high,0.9680159554
joint_no_transition,1,96,25e8b5e04642d3980ac38e4c1a2adc2fda059b625ba4b1d1523d13ecc5903774,t3,4,high,0.127788352,0.07877800539,-0.2581170112,0.1347932532,0.872211648,high,0.9680159554
joint_no_transition,1,96,25e8b5e04642d3980ac38e4c1a2adc2fda059b625ba4b1d1523d13ecc5903774,t5,8,high,0.04535099683,0.01644039005,-1.276554513,0.04976208583,0.9546490032,high,0.9680159554
joint_no_transition,1,96,25e8b5e04642d3980ac38e4c1a2adc2fda059b625ba4b1d1523d13ecc5903774,t10,18,high,0.01310306998,-0.06649354994,-2.617020148,0.01501623811,0.98689693,high,0.9680159554
joint_no_transition,1,96,25e8b5e04642d3980ac38e4c1a2adc2fda059b625ba4b1d1523d13ecc5903774,t20,38,high,0.0008484466687,-0.188748014,-7.447650373,0.001063541067,0.9991515533,high,0.9680159554
joint_no_transition,1,96,25e8b5e04642d3980ac38e4c1a2adc2fda059b625ba4b1d1523d13ecc5903774,full,90,high,8.073627074e-06,-0.2941839933,-16.40102105,1.174788049e-05,0.9999919264,high,0.9680159554
joint_no_transition,1,97,1837300a58fa97fb00235849e610a9e6fc97376558ae1b2b3a001a60fbe9de12,t3,4,high,0.1617902369,0.2197658777,-0.1235416427,0.1690528229,0.8382097631,high,0.9680159554
joint_no_transition,1,97,1837300a58fa97fb00235849e610a9e6fc97376558ae1b2b3a001a60fbe9de12,t5,8,high,0.1132029716,0.2520214498,-0.6980143845,0.1199824177,0.8867970284,high,0.9680159554
joint_no_transition,1,97,1837300a58fa97fb00235849e610a9e6fc97376558ae1b2b3a001a60fbe9de12,t10,18,high,0.01148481664,-0.1162400007,-3.202064317,0.01322042746,0.9885151834,high,0.9680159554
joint_no_transition,1,97,1837300a58fa97fb00235849e610a9e6fc97376558ae1b2b3a001a60fbe9de12,t20,38,high,0.002027788598,-0.5806959271,-4.836297226,0.002471346944,0.9979722114,high,0.9680159554
joint_no_transition,1,97,1837300a58fa97fb00235849e610a9e6fc97376558ae1b2b3a001a60fbe9de12,full,106,high,4.591438019e-06,-1.819691116,-15.47063437,6.802682037e-06,0.9999954086,high,0.9680159554
joint_no_transition,1,102,6b850256cef5c3246b062d9ccc13df2dba8549db3d4aa09074ac047358bc730c,t3,4,low,0.07801225185,-0.1046186984,-0.5592302211,0.08388645649,0.9219877482,high,0.9680159554
joint_no_transition,1,102,6b850256cef5c3246b062d9ccc13df2dba8549db3d4aa09074ac047358bc730c,t5,8,low,0.02804598138,-0.237163806,-1.603457165,0.03130824752,0.9719540186,high,0.9680159554
joint_no_transition,1,102,6b850256cef5c3246b062d9ccc13df2dba8549db3d4aa09074ac047358bc730c,t10,18,low,0.02586222986,-0.2407717824,-2.099288966,0.02895284863,0.9741377701,high,0.9680159554
joint_no_transition,1,102,6b850256cef5c3246b062d9ccc13df2dba8549db3d4aa09074ac047358bc730c,full,18,low,0.02586222986,-0.2407717824,-2.099288966,0.02895284863,0.9741377701,high,0.9680159554
joint_no_transition,1,106,448764c64bd9a5b6c7cd78e8b26ab5214ce6b2f3a7fafd6b108f3cbbe5f7e177,t3,4,low,0.1826542218,0.447204107,-0.2077206135,0.1899184242,0.8173457782,high,0.9680159554
joint_no_transition,1,106,448764c64bd9a5b6c7cd78e8b26ab5214ce6b2f3a7fafd6b108f3cbbe5f7e177,t5,8,low,0.3388796282,0.9006779671,0.08687695265,0.3436847746,0.6611203718,high,0.9680159554
joint_no_transition,1,106,448764c64bd9a5b6c7cd78e8b26ab5214ce6b2f3a7fafd6b108f3cbbe5f7e177,t10,18,low,0.7520284745,1.961558557,1.11983372,0.7453521609,0.2479715255,low,0.9680159554
joint_no_transition,1,106,448764c64bd9a5b6c7cd78e8b26ab5214ce6b2f3a7fafd6b108f3cbbe5f7e177,full,22,low,0.9320503414,2.159634161,2.926102161,0.9265501738,0.06794965861,low,0.9680159554
joint_no_transition,1,111,c5d024bb1b7d54d9eb1b773b68d0abb69abd4c57c23dd861afa6b4daf6095fb2,t3,4,high,0.7327294521,0.6619565845,2.125942898,0.7263652325,0.2672705479,low,0.9680159554
joint_no_transition,1,111,c5d024bb1b7d54d9eb1b773b68d0abb69abd4c57c23dd861afa6b4daf6095fb2,t5,8,high,0.8108277574,0.8828628182,3.324525666,0.8035842121,0.1891722426,low,0.9680159554
joint_no_transition,1,111,c5d024bb1b7d54d9eb1b773b68d0abb69abd4c57c23dd861afa6b4daf6095fb2,t10,18,high,0.8732923566,1.477898359,3.749346495,0.8663015723,0.1267076434,low,0.9680159554
joint_no_transition,1,111,c5d024bb1b7d54d9eb1b773b68d0abb69abd4c57c23dd861afa6b4daf6095fb2,t20,37,high,0.569647102,2.192702633,-0.004192250967,0.5674470738,0.430352898,low,0.9680159554
joint_no_transition,1,111,c5d024bb1b7d54d9eb1b773b68d0abb69abd4c57c23dd861afa6b4daf6095fb2,full,57,high,0.4086836395,3.37351501,-3.159892607,0.4115419719,0.5913163605,high,0.9680159554
joint_no_transition,1,115,40b598298febd1caaa3494c2aa68b7d34db4adefb806470ebaa2164aa3b6e97b,t3,4,low,0.1044343422,-0.03183630258,-0.3313471735,0.1110395253,0.8955656578,high,0.9680159554
joint_no_transition,1,115,40b598298febd1caaa3494c2aa68b7d34db4adefb806470ebaa2164aa3b6e97b,t5,8,low,0.04057090383,-0.1403347015,-1.341531706,0.04469741173,0.9594290962,high,0.9680159554
joint_no_transition,1,115,40b598298febd1caaa3494c2aa68b7d34db4adefb806470ebaa2164aa3b6e97b,t10,18,low,0.03813390279,0.1907416284,-2.136078447,0.04210650576,0.9618660972,high,0.9680159554
joint_no_transition,1,115,40b598298febd1caaa3494c2aa68b7d34db4adefb806470ebaa2164aa3b6e97b,t20,38,low,0.1237256897,1.265156126,-2.065987539,0.1306754356,0.8762743103,high,0.9680159554
joint_no_transition,1,115,40b598298febd1caaa3494c2aa68b7d34db4adefb806470ebaa2164aa3b6e97b,full,46,low,0.227262094,1.364272594,-1.205790162,0.2342094757,0.772737906,high,0.9680159554
joint_no_transition,1,116,4418b43f021add15a849c765ee0db832848b4b10e7849e6b885d73b122875f84,t3,4,high,0.1351716746,-0.006075584888,-0.1255013466,0.1422625855,0.8648283254,high,0.9680159554
joint_no_transition,1,116,4418b43f021add15a849c765ee0db832848b4b10e7849e6b885d73b122875f84,t5,8,high,0.1301551905,0.2008738667,-0.4024429202,0.1371896282,0.8698448095,high,0.9680159554
joint_no_transition,1,116,4418b43f021add15a849c765ee0db832848b4b10e7849e6b885d73b122875f84,t10,18,high,0.02436528058,0.0603520304,-2.259977019,0.02733397875,0.9756347194,high,0.9680159554
joint_no_transition,1,116,4418b43f021add15a849c765ee0db832848b4b10e7849e6b885d73b122875f84,t20,38,high,0.003430897997,-1.162285161,-6.921063603,0.004110469623,0.996569102,high,0.9680159554
joint_no_transition,1,116,4418b43f021add15a849c765ee0db832848b4b10e7849e6b885d73b122875f84,full,166,high,4.13305348e-06,-4.584872484,-35.63327953,6.144174222e-06,0.9999958669,high,0.9680159554
joint_no_transition,1,118,76be45b29b02fc9e53270d845eb888e016203b2feb5f8a23c1bc226cfb6f9541,t3,4,low,0.6879787722,0.4204941988,2.11382277,0.6825244188,0.3120212278,low,0.9680159554
joint_no_transition,1,118,76be45b29b02fc9e53270d845eb888e016203b2feb5f8a23c1bc226cfb6f9541,t5,8,low,0.8984337847,0.809122169,3.216317272,0.8918924212,0.1015662153,low,0.9680159554
joint_no_transition,1,118,76be45b29b02fc9e53270d845eb888e016203b2feb5f8a23c1bc226cfb6f9541,t10,18,low,0.9958639548,1.585222673,5.950912285,0.995074904,0.004136045151,low,0.9680159554
joint_no_transition,1,118,76be45b29b02fc9e53270d845eb888e016203b2feb5f8a23c1bc226cfb6f9541,full,20,low,0.9954570163,1.482884002,6.023371887,0.9946069479,0.004542983747,low,0.9680159554
joint_no_transition,1,127,7917889ab4e78b6b53a8a9cb1ef033ff30c5f3bd8f7978290b6a1e55f3745707,t3,4,high,0.4732307738,0.407531029,1.226266372,0.4740854025,0.5267692262,high,0.9680159554
joint_no_transition,1,127,7917889ab4e78b6b53a8a9cb1ef033ff30c5f3bd8f7978290b6a1e55f3745707,t5,8,high,0.3220230225,0.2409834057,0.5413972616,0.3272435948,0.6779769775,high,0.9680159554
joint_no_transition,1,127,7917889ab4e78b6b53a8a9cb1ef033ff30c5f3bd8f7978290b6a1e55f3745707,t10,18,high,0.5341880693,0.7355078936,1.281004727,0.5330978464,0.4658119307,low,0.9680159554
joint_no_transition,1,127,7917889ab4e78b6b53a8a9cb1ef033ff30c5f3bd8f7978290b6a1e55f3745707,t20,38,high,0.3297667144,0.8971947193,-1.002924097,0.3347996489,0.6702332856,high,0.9680159554
joint_no_transition,1,127,7917889ab4e78b6b53a8a9cb1ef033ff30c5f3bd8f7978290b6a1e55f3745707,full,58,high,0.171987928,0.511040163,-5.255219613,0.1792646927,0.828012072,high,0.9680159554
joint_no_transition,2,2,fdf67d2c42795b9d06e986a20b48e2b2bee751e8cdf4fd17e3571edec7df7c1a,t3,4,high,0.2987940086,0.2117701054,-1.799506426,0.1664326472,0.7012059914,high,1.888668785
joint_no_transition,2,2,fdf67d2c42795b9d06e986a20b48e2b2bee751e8cdf4fd17e3571edec7df7c1a,t5,8,high,0.2830836215,0.2971408904,-4.367545688,0.1474198105,0.7169163785,high,1.888668785
joint_no_transition,2,2,fdf67d2c42795b9d06e986a20b48e2b2bee751e8cdf4fd17e3571edec7df7c1a,t10,18,high,0.2528525496,1.03260777,-5.935961306,0.1144278326,0.7471474504,high,1.888668785
joint_no_transition,2,2,fdf67d2c42795b9d06e986a20b48e2b2bee751e8cdf4fd17e3571edec7df7c1a,full,34,high,0.1237023016,1.778788668,-11.36636031,0.02418150293,0.8762976984,high,1.888668785
joint_no_transition,2,4,191639dd25fcde7c7a679eb592d24f8b509b2039411c660a67c8a93f8157923d,t3,4,high,0.26114562,0.08366033435,-1.682793301,0.1230069349,0.73885438,high,1.888668785
joint_no_transition,2,4,191639dd25fcde7c7a679eb592d24f8b509b2039411c660a67c8a93f8157923d,t5,8,high,0.1986683,0.05430437475,-3.832384121,0.06698141335,0.8013317,high,1.888668785
joint_no_transition,2,4,191639dd25fcde7c7a679eb592d24f8b509b2039411c660a67c8a93f8157923d,t10,18,high,0.08727840655,0.2989907146,-7.628673744,0.01173558315,0.9127215935,high,1.888668785
joint_no_transition,2,4,191639dd25fcde7c7a679eb592d24f8b509b2039411c660a67c8a93f8157923d,t20,38,high,0.01351196511,0.7252857685,-16.87827454,0.0003023943364,0.9864880349,high,1.888668785
joint_no_transition,2,4,191639dd25fcde7c7a679eb592d24f8b509b2039411c660a67c8a93f8157923d,full,58,high,0.001826155221,0.9832843542,-28.09724407,6.752242552e-06,0.9981738448,high,1.888668785
joint_no_transition,2,10,4726c5a5ef83880ea58dc9be0d5526992a63d81a7158a7290accb6ea90e2f24e,t3,4,low,0.2896316809,0.0863304764,-0.4287192941,0.1551897258,0.7103683191,high,1.888668785
joint_no_transition,2,10,4726c5a5ef83880ea58dc9be0d5526992a63d81a7158a7290accb6ea90e2f24e,t5,8,low,0.2537764065,0.3276605487,-1.409793603,0.1153659629,0.7462235935,high,1.888668785
joint_no_transition,2,10,4726c5a5ef83880ea58dc9be0d5526992a63d81a7158a7290accb6ea90e2f24e,full,10,low,0.2649286951,0.5062608272,-1.344029707,0.127038715,0.7350713049,high,1.888668785
joint_no_transition,2,13,33d5eab0e55967cc9ef6294d07c71894b7c8ccead9f3b75d9c24963ff08f8a5b,t3,4,high,0.2921599434,0.4428729728,-1.4680408,0.1582489801,0.7078400566,high,1.888668785
joint_no_transition,2,13,33d5eab0e55967cc9ef6294d07c71894b7c8ccead9f3b75d9c24963ff08f8a5b,t5,8,high,0.298294129,0.793569392,-1.981638598,0.1658081387,0.701705871,high,1.888668785
joint_no_transition,2,13,33d5eab0e55967cc9ef6294d07c71894b7c8ccead9f3b75d9c24963ff08f8a5b,full,12,high,0.3704891716,1.039159942,-1.902300811,0.2687018387,0.6295108284,high,1.888668785
joint_no_transition,2,15,9a33ea59a66d49ff7cc5e5ae9beb979f48b38e35157bca2ebd07bf99649f623d,t3,4,low,0.3177945703,0.3262361526,-0.612065196,0.191111733,0.6822054297,high,1.888668785
joint_no_transition,2,15,9a33ea59a66d49ff7cc5e5ae9beb979f48b38e35157bca2ebd07bf99649f623d,t5,8,low,0.3933885427,0.6982281268,-0.1207713008,0.3061958283,0.6066114573,high,1.888668785
joint_no_transition,2,15,9a33ea59a66d49ff7cc5e5ae9beb979f48b38e35157bca2ebd07bf99649f623d,t10,18,low,0.4321490829,1.652734983,-0.2082631767,0.3738411024,0.5678509171,high,1.888668785
joint_no_transition,2,15,9a33ea59a66d49ff7cc5e5ae9beb979f48b38e35157bca2ebd07bf99649f623d,full,20,low,0.4105607441,1.764809167,-0.6319799483,0.3355847344,0.5894392559,high,1.888668785
joint_no_transition,2,18,b34ee56525d88d8c5edbedc83cfaa246ebf13d655186bfb0a26192ae67847925,t3,4,high,0.3484130499,0.1960226953,0.01702519059,0.2346301943,0.6515869501,high,1.888668785
joint_no_transition,2,18,b34ee56525d88d8c5edbedc83cfaa246ebf13d655186bfb0a26192ae67847925,t5,8,high,0.3196896433,0.4237970501,-0.6224416673,0.1936727621,0.6803103567,high,1.888668785
joint_no_transition,2,18,b34ee56525d88d8c5edbedc83cfaa246ebf13d655186bfb0a26192ae67847925,t10,18,high,0.1365575998,0.6804526389,-3.299173045,0.02979847761,0.8634424002,high,1.888668785
joint_no_transition,2,18,b34ee56525d88d8c5edbedc83cfaa246ebf13d655186bfb0a26192ae67847925,t20,38,high,0.01954205024,0.9473657966,-9.331384373,0.0006139453877,0.9804579498,high,1.888668785
joint_no_transition,2,18,b34ee56525d88d8c5edbedc83cfaa246ebf13d655186bfb0a26192ae67847925,full,114,high,0.001737304697,1.277012491,-40.57451744,6.144174222e-06,0.9982626953,high,1.888668785
joint_no_transition,2,20,f9ba5bcb971128ab896d2b887228d6522719aa3c656b131cf236ce80da34d01d,t3,4,high,0.4195938376,0.4610416591,0.4008682787,0.351429522,0.5804061624,high,1.888668785
joint_no_transition,2,20,f9ba5bcb971128ab896d2b887228d6522719aa3c656b131cf236ce80da34d01d,t5,8,high,0.3911482825,0.6441540539,-0.05544135571,0.3024383754,0.6088517175,high,1.888668785
joint_no_transition,2,20,f9ba5bcb971128ab896d2b887228d6522719aa3c656b131cf236ce80da34d01d,t10,18,high,0.1807584539,0.7454281181,-6.371980041,0.05446518539,0.8192415461,high,1.888668785
joint_no_transition,2,20,f9ba5bcb971128ab896d2b887228d6522719aa3c656b131cf236ce80da34d01d,t20,38,high,0.05432529053,1.242953414,-14.80884371,0.004515316614,0.9456747095,high,1.888668785
joint_no_transition,2,20,f9ba5bcb971128ab896d2b887228d6522719aa3c656b131cf236ce80da34d01d,full,46,high,0.02369466424,1.252092284,-18.32932796,0.0008902985292,0.9763053358,high,1.888668785
joint_no_transition,2,25,ddb02d91bd18c3c662df1f33661d602d12020d6cf678bab7cb298f4055fca93b,t3,4,high,0.2584238016,0.1281540066,-0.9381225884,0.1201520305,0.7415761984,high,1.888668785
joint_no_transition,2,25,ddb02d91bd18c3c662df1f33661d602d12020d6cf678bab7cb298f4055fca93b,t5,8,high,0.2009870034,0.116298604,-2.925116152,0.06871347899,0.7990129966,high,1.888668785
joint_no_transition,2,25,ddb02d91bd18c3c662df1f33661d602d12020d6cf678bab7cb298f4055fca93b,t10,18,high,0.1027454042,0.2812298425,-7.000252497,0.01641664238,0.8972545958,high,1.888668785
joint_no_transition,2,25,ddb02d91bd18c3c662df1f33661d602d12020d6cf678bab7cb298f4055fca93b,full,32,high,0.03677281296,0.5567627728,-12.33579502,0.002092073086,0.963227187,high,1.888668785
joint_no_transition,2,28,487d0abed001c9f2a355dcc6490f2cf7f1354bf99dbe74fb40e1739122af3c2b,t3,4,high,0.3014562923,0.2777855635,-0.5302917719,0.1697802164,0.6985437077,high,1.888668785
joint_no_transition,2,28,487d0abed001c9f2a355dcc6490f2cf7f1354bf99dbe74fb40e1739122af3c2b,t5,8,high,0.3717345127,0.6216079205,-0.3490908027,0.2706867501,0.6282654873,high,1.888668785
joint_no_transition,2,28,487d0abed001c9f2a355dcc6490f2cf7f1354bf99dbe74fb40e1739122af3c2b,t10,18,high,0.2122030065,1.197134861,-3.33916164,0.07746055784,0.7877969935,high,1.888668785
joint_no_transition,2,28,487d0abed001c9f2a355dcc6490f2cf7f1354bf99dbe74fb40e1739122af3c2b,t20,38,high,0.02894881057,1.199778107,-14.5130178,0.001312366219,0.9710511894,high,1.888668785
joint_no_transition,2,28,487d0abed001c9f2a355dcc6490f2cf7f1354bf99dbe74fb40e1739122af3c2b,full,122,high,0.001737304697,2.122410917,-53.85779419,6.144174222e-06,0.9982626953,high,1.888668785
joint_no_transition,2,29,9459f1cceef9869f5ee5d550f4d0153a7cdf2e59b9bd8cc5f372969252fde2ca,t3,4,high,0.3407311895,0.2731892467,-0.6990959585,0.2232906013,0.6592688105,high,1.888668785
joint_no_transition,2,29,9459f1cceef9869f5ee5d550f4d0153a7cdf2e59b9bd8cc5f372969252fde2ca,t5,7,high,0.397438871,0.5789058506,-0.6243991494,0.3130355674,0.602561129,high,1.888668785
joint_no_transition,2,29,9459f1cceef9869f5ee5d550f4d0153a7cdf2e59b9bd8cc5f372969252fde2ca,t10,17,high,0.2196093204,1.139500856,-2.714260542,0.08357565664,0.7803906796,high,1.888668785
joint_no_transition,2,29,9459f1cceef9869f5ee5d550f4d0153a7cdf2e59b9bd8cc5f372969252fde2ca,t20,37,high,0.02756315631,1.431586421,-10.67472711,0.001193178048,0.9724368437,high,1.888668785
joint_no_transition,2,29,9459f1cceef9869f5ee5d550f4d0153a7cdf2e59b9bd8cc5f372969252fde2ca,full,37,high,0.02756315631,1.431586421,-10.67472711,0.001193178048,0.9724368437,high,1.888668785
joint_no_transition,2,34,4d0345fde865563ce1b8a378bb4f763097083ca5ab32f7ddf46c2f6159f1dec2,t3,4,high,0.2850020185,0.3042086542,-1.172078413,0.1496732244,0.7149979815,high,1.888668785
joint_no_transition,2,34,4d0345fde865563ce1b8a378bb4f763097083ca5ab32f7ddf46c2f6159f1dec2,t5,8,high,0.2662784523,0.4363540232,-1.959256315,0.1284951618,0.7337215477,high,1.888668785
joint_no_transition,2,34,4d0345fde865563ce1b8a378bb4f763097083ca5ab32f7ddf46c2f6159f1dec2,t10,18,high,0.1539614847,0.6893708862,-6.632428402,0.03849276628,0.8460385153,high,1.888668785
joint_no_transition,2,34,4d0345fde865563ce1b8a378bb4f763097083ca5ab32f7ddf46c2f6159f1dec2,t20,38,high,0.04076794879,0.9028951541,-18.86132793,0.002560820943,0.9592320512,high,1.888668785
joint_no_transition,2,34,4d0345fde865563ce1b8a378bb4f763097083ca5ab32f7ddf46c2f6159f1dec2,full,116,high,0.001737304697,2.250682545,-59.23258247,6.144174222e-06,0.9982626953,high,1.888668785
joint_no_transition,2,36,a89e21c5a35df9846708875b550aedadb0962eeaf4b3c7f3348dec0322cd9dde,t3,4,high,0.3243834487,0.2432985604,-0.2300229847,0.2000926942,0.6756165513,high,1.888668785
joint_no_transition,2,36,a89e21c5a35df9846708875b550aedadb0962eeaf4b3c7f3348dec0322cd9dde,t5,8,high,0.2553099815,0.330972755,-1.14321034,0.1169329595,0.7446900185,high,1.888668785
joint_no_transition,2,36,a89e21c5a35df9846708875b550aedadb0962eeaf4b3c7f3348dec0322cd9dde,t10,18,high,0.1271740264,0.7834584214,-4.631101656,0.02563279675,0.8728259736,high,1.888668785
joint_no_transition,2,36,a89e21c5a35df9846708875b550aedadb0962eeaf4b3c7f3348dec0322cd9dde,t20,38,high,0.01131072118,0.7958809614,-15.9784483,0.0002152408759,0.9886892788,high,1.888668785
joint_no_transition,2,36,a89e21c5a35df9846708875b550aedadb0962eeaf4b3c7f3348dec0322cd9dde,full,314,high,0.001737304697,1.892209435,-161.6473289,6.144174222e-06,0.9982626953,high,1.888668785
joint_no_transition,2,38,f8b9c28f12c90d87138212f431c9300e394af58c1dc90d970ba183af36ca0387,t3,4,high,0.3369585971,0.3530389994,-0.5940441549,0.2178231858,0.6630414029,high,1.888668785
joint_no_transition,2,38,f8b9c28f12c90d87138212f431c9300e394af58c1dc90d970ba183af36ca0387,t5,8,high,0.2884965295,0.513418451,-1.748666632,0.1538268879,0.7115034705,high,1.888668785
joint_no_transition,2,38,f8b9c28f12c90d87138212f431c9300e394af58c1dc90d970ba183af36ca0387,t10,18,high,0.2143683501,0.849967736,-4.867324162,0.07922028965,0.7856316499,high,1.888668785
joint_no_transition,2,38,f8b9c28f12c90d87138212f431c9300e394af58c1dc90d970ba183af36ca0387,t20,38,high,0.06537816266,1.258640975,-14.8760879,0.006536655538,0.9346218373,high,1.888668785
joint_no_transition,2,38,f8b9c28f12c90d87138212f431c9300e394af58c1dc90d970ba183af36ca0387,full,93,high,0.001737304697,2.547845173,-37.08605347,6.144174222e-06,0.9982626953,high,1.888668785
joint_no_transition,2,49,b34ee56525d88d8c5edbedc83cfaa246ebf13d655186bfb0a26192ae67847925,t3,4,high,0.2385448548,0.05862742513,-2.473401779,0.1004595762,0.7614551452,high,1.888668785
joint_no_transition,2,49,b34ee56525d88d8c5edbedc83cfaa246ebf13d655186bfb0a26192ae67847925,t5,8,high,0.2086292921,0.1558849722,-4.256666103,0.07460677027,0.7913707079,high,1.888668785
joint_no_transition,2,49,b34ee56525d88d8c5edbedc83cfaa246ebf13d655186bfb0a26192ae67847925,t10,18,high,0.110053957,0.3585343719,-8.228564072,0.01893406958,0.889946043,high,1.888668785
joint_no_transition,2,49,b34ee56525d88d8c5edbedc83cfaa246ebf13d655186bfb0a26192ae67847925,t20,38,high,0.01610958255,0.2052023649,-18.14028177,0.0004235584591,0.9838904174,high,1.888668785
joint_no_transition,2,49,b34ee56525d88d8c5edbedc83cfaa246ebf13d655186bfb0a26192ae67847925,full,180,high,0.001737304697,1.403711605,-81.15149307,6.144174222e-06,0.9982626953,high,1.888668785
joint_no_transition,2,51,27f7b9a233b232d09dc5463937c8150e848bebb9f9c3eac2cd6d18cd0a0a0663,t3,4,high,0.3095290375,0.2096187294,-0.4456480324,0.180151628,0.6904709625,high,1.888668785
joint_no_transition,2,51,27f7b9a233b232d09dc5463937c8150e848bebb9f9c3eac2cd6d18cd0a0a0663,t5,8,high,0.3485487657,0.5125353001,-0.2736775756,0.2348329931,0.6514512343,high,1.888668785
joint_no_transition,2,51,27f7b9a233b232d09dc5463937c8150e848bebb9f9c3eac2cd6d18cd0a0a0663,full,14,high,0.1832596644,0.6204950362,-3.545252657,0.05612253107,0.8167403356,high,1.888668785
joint_no_transition,2,54,cab87913f73e8349723b3aa09815de16104f7e933d850478367538de727d8d66,t3,4,high,0.2799576133,0.02883316576,-1.564623666,0.1437887071,0.7200423867,high,1.888668785
joint_no_transition,2,54,cab87913f73e8349723b3aa09815de16104f7e933d850478367538de727d8d66,t5,8,high,0.2743535689,0.1993392795,-1.757429051,0.137405932,0.7256464311,high,1.888668785
joint_no_transition,2,54,cab87913f73e8349723b3aa09815de16104f7e933d850478367538de727d8d66,t10,18,high,0.1689642619,0.5736120671,-3.518381542,0.04703787053,0.8310357381,high,1.888668785
joint_no_transition,2,54,cab87913f73e8349723b3aa09815de16104f7e933d850478367538de727d8d66,t20,38,high,0.0260288054,1.441605163,-8.923453379,0.001067791585,0.9739711946,high,1.888668785
joint_no_transition,2,54,cab87913f73e8349723b3aa09815de16104f7e933d850478367538de727d8d66,full,40,high,0.02197495238,1.539682865,-9.346044922,0.0007697369545,0.9780250476,high,1.888668785
joint_no_transition,2,61,d18cd2cb8f3969cbf6af794d14828afbbd325bed84b28f6fb6cfa887be2c8b28,t3,4,high,0.3017547306,0.2091714799,-1.077102768,0.1701577313,0.6982452694,high,1.888668785
joint_no_transition,2,61,d18cd2cb8f3969cbf6af794d14828afbbd325bed84b28f6fb6cfa887be2c8b28,t5,8,high,0.2265796036,0.1488654792,-4.988563687,0.08958043963,0.7734203964,high,1.888668785
joint_no_transition,2,61,d18cd2cb8f3969cbf6af794d14828afbbd325bed84b28f6fb6cfa887be2c8b28,t10,18,high,0.1102348433,0.07816514075,-13.13840544,0.01899892558,0.8897651567,high,1.888668785
joint_no_transition,2,61,d18cd2cb8f3969cbf6af794d14828afbbd325bed84b28f6fb6cfa887be2c8b28,t20,38,high,0.01073619552,-0.06670470238,-27.47264776,0.0001948488578,0.9892638045,high,1.888668785
joint_no_transition,2,61,d18cd2cb8f3969cbf6af794d14828afbbd325bed84b28f6fb6cfa887be2c8b28,full,124,high,0.001737304697,-0.04376163483,-71.61528435,6.144174222e-06,0.9982626953,high,1.888668785
joint_no_transition,2,63,f34b655729f9e067daf58741bbef87d6babc75e70cc02335a66a9a7f2a41110f,t3,4,high,0.3527157882,0.3442632988,-0.06787833571,0.2411007702,0.6472842118,high,1.888668785
joint_no_transition,2,63,f34b655729f9e067daf58741bbef87d6babc75e70cc02335a66a9a7f2a41110f,t5,8,high,0.3383665582,0.6927270979,-0.6095445156,0.2198557682,0.6616334418,high,1.888668785
joint_no_transition,2,63,f34b655729f9e067daf58741bbef87d6babc75e70cc02335a66a9a7f2a41110f,t10,18,high,0.2515935278,0.9350658245,-2.020426059,0.1131564485,0.7484064722,high,1.888668785
joint_no_transition,2,63,f34b655729f9e067daf58741bbef87d6babc75e70cc02335a66a9a7f2a41110f,t20,38,high,0.02469428838,1.634041895,-9.856397486,0.0009643566746,0.9753057116,high,1.888668785
joint_no_transition,2,63,f34b655729f9e067daf58741bbef87d6babc75e70cc02335a66a9a7f2a41110f,full,58,high,0.005103337728,2.401553333,-15.10415859,4.732298203e-05,0.9948966623,high,1.888668785
joint_no_transition,2,76,ef2a499f1eb631d0fe82020b23b6b033d935130d3181bd0d4fd2f4fcd23925a8,t3,5,high,0.2602693331,0.003403097391,-1.624425447,0.1220836152,0.7397306669,high,1.888668785
joint_no_transition,2,76,ef2a499f1eb631d0fe82020b23b6b033d935130d3181bd0d4fd2f4fcd23925a8,t5,9,high,0.2091349969,0.02353467494,-4.431687331,0.07500679151,0.7908650031,high,1.888668785
joint_no_transition,2,76,ef2a499f1eb631d0fe82020b23b6b033d935130d3181bd0d4fd2f4fcd23925a8,t10,19,high,0.1112111985,0.05138527676,-12.39005725,0.01935113976,0.8887888015,high,1.888668785
joint_no_transition,2,76,ef2a499f1eb631d0fe82020b23b6b033d935130d3181bd0d4fd2f4fcd23925a8,t20,41,high,0.01710195399,0.08367528915,-24.46104069,0.0004750630824,0.982898046,high,1.888668785
joint_no_transition,2,76,ef2a499f1eb631d0fe82020b23b6b033d935130d3181bd0d4fd2f4fcd23925a8,full,67,high,0.001737304697,0.5357009888,-37.41323338,6.144174222e-06,0.9982626953,high,1.888668785
joint_no_transition,2,85,362ca8248798f8db4ad596d5ff5d5b21969fb1d0b5d6bc5479eb390815d04099,t3,4,high,0.4497180493,0.5126360536,0.5577481806,0.4058490396,0.5502819507,high,1.888668785
joint_no_transition,2,85,362ca8248798f8db4ad596d5ff5d5b21969fb1d0b5d6bc5479eb390815d04099,t5,8,high,0.4172231765,0.7638977319,0.004724359512,0.3472473174,0.5827768235,high,1.888668785
joint_no_transition,2,85,362ca8248798f8db4ad596d5ff5d5b21969fb1d0b5d6bc5479eb390815d04099,t10,18,high,0.131745327,1.194244678,-4.41276772,0.02761746353,0.868254673,high,1.888668785
joint_no_transition,2,85,362ca8248798f8db4ad596d5ff5d5b21969fb1d0b5d6bc5479eb390815d04099,t20,38,high,0.01009442517,1.373723242,-15.92461748,0.0001732279148,0.9899055748,high,1.888668785
joint_no_transition,2,85,362ca8248798f8db4ad596d5ff5d5b21969fb1d0b5d6bc5479eb390815d04099,full,130,high,0.001737304697,2.930140853,-59.35913544,6.144174222e-06,0.9982626953,high,1.888668785
joint_no_transition,2,88,9bc4482343f7ed28b44b9319b09ff19b55a18cac47392ae5ffba13a1bbc7d262,t3,5,high,0.3259060263,0.3464912146,-0.321534133,0.2021985248,0.6740939737,high,1.888668785
joint_no_transition,2,88,9bc4482343f7ed28b44b9319b09ff19b55a18cac47392ae5ffba13a1bbc7d262,t5,9,high,0.2412543168,0.3598974079,-2.398301458,0.1030241917,0.7587456832,high,1.888668785
joint_no_transition,2,88,9bc4482343f7ed28b44b9319b09ff19b55a18cac47392ae5ffba13a1bbc7d262,t10,19,high,0.1453524027,0.6685087621,-6.726917636,0.03403199016,0.8546475973,high,1.888668785
joint_no_transition,2,88,9bc4482343f7ed28b44b9319b09ff19b55a18cac47392ae5ffba13a1bbc7d262,t20,39,high,0.02294075125,0.6522029638,-15.47695322,0.0008363797513,0.9770592487,high,1.888668785
joint_no_transition,2,88,9bc4482343f7ed28b44b9319b09ff19b55a18cac47392ae5ffba13a1bbc7d262,full,67,high,0.001960832322,1.137141562,-30.00892258,7.725442811e-06,0.9980391677,high,1.888668785
joint_no_transition,2,92,f2052231c80a312cdf52e119479c078cd5bcaf12bb92c3ed0366740e77e1ee5f,t3,4,low,0.323480495,0.1460686684,-0.146004647,0.198849231,0.676519505,high,1.888668785
joint_no_transition,2,92,f2052231c80a312cdf52e119479c078cd5bcaf12bb92c3ed0366740e77e1ee5f,t5,8,low,0.428383207,0.5298383743,0.1498931944,0.3670745209,0.571616793,high,1.888668785
joint_no_transition,2,92,f2052231c80a312cdf52e119479c078cd5bcaf12bb92c3ed0366740e77e1ee5f,full,12,low,0.3833601375,0.7993032008,-0.5552448988,0.2895226076,0.6166398625,high,1.888668785
joint_no_transition,2,107,987ebbea8e2f88d7ae24bb995fb1683cfcf43e60da1c73db60f86e9c6f759ec0,t3,4,high,0.2928559555,0.1855028048,-0.865021497,0.1590969499,0.7071440445,high,1.888668785
joint_no_transition,2,107,987ebbea8e2f88d7ae24bb995fb1683cfcf43e60da1c73db60f86e9c6f759ec0,t5,8,high,0.2237598066,0.2470609874,-3.320518145,0.08712190723,0.7762401934,high,1.888668785
joint_no_transition,2,107,987ebbea8e2f88d7ae24bb995fb1683cfcf43e60da1c73db60f86e9c6f759ec0,full,16,high,0.1643461821,0.4573762,-6.303039372,0.04430134866,0.8356538179,high,1.888668785
joint_no_transition,2,113,43e3f532b331904b4b75e22e482cffcf7410e15e086662ebc1b0f2d324f2c640,t3,4,high,0.3141735566,0.1245830119,-0.565861088,0.1862680681,0.6858264434,high,1.888668785
joint_no_transition,2,113,43e3f532b331904b4b75e22e482cffcf7410e15e086662ebc1b0f2d324f2c640,t5,8,high,0.3088529172,0.3766639471,-1.379553723,0.1792703035,0.6911470828,high,1.888668785
joint_no_transition,2,113,43e3f532b331904b4b75e22e482cffcf7410e15e086662ebc1b0f2d324f2c640,t10,18,high,0.2369180445,0.7932551056,-3.271278906,0.09893773619,0.7630819555,high,1.888668785
joint_no_transition,2,113,43e3f532b331904b4b75e22e482cffcf7410e15e086662ebc1b0f2d324f2c640,t20,38,high,0.07995061898,1.527487126,-10.44489751,0.009814298557,0.920049381,high,1.888668785
joint_no_transition,2,113,43e3f532b331904b4b75e22e482cffcf7410e15e086662ebc1b0f2d324f2c640,full,48,high,0.03686454722,1.996981499,-12.1839241,0.002102297432,0.9631354528,high,1.888668785
joint_no_transition,2,120,6138bfa37d6d45417e27c6225b1b5c3d451845f9afd2be1af047243d1934f16d,t3,4,high,0.3521278952,0.3654631138,-0.2495830536,0.2402117036,0.6478721048,high,1.888668785
joint_no_transition,2,120,6138bfa37d6d45417e27c6225b1b5c3d451845f9afd2be1af047243d1934f16d,t5,8,high,0.3884179213,0.6049641669,-0.4557445526,0.2978841307,0.6115820787,high,1.888668785
joint_no_transition,2,120,6138bfa37d6d45417e27c6225b1b5c3d451845f9afd2be1af047243d1934f16d,t10,18,high,0.3136137916,1.340499723,-2.141111767,0.1855251547,0.6863862084,high,1.888668785
joint_no_transition,2,120,6138bfa37d6d45417e27c6225b1b5c3d451845f9afd2be1af047243d1934f16d,full,30,high,0.2304465596,1.796967965,-3.709557724,0.09301707077,0.7695534404,high,1.888668785
joint_no_transition,2,126,3d9bb96a31d14f722edff4380172cc0eda5a2e2aab8847223fead188adfe3bae,t3,4,low,0.3135541994,0.2685283624,-0.5036494672,0.1854461573,0.6864458006,high,1.888668785
joint_no_transition,2,126,3d9bb96a31d14f722edff4380172cc0eda5a2e2aab8847223fead188adfe3bae,t5,8,low,0.3393598696,0.6493368983,-0.5331403017,0.2212954149,0.6606401304,high,1.888668785
joint_no_transition,2,126,3d9bb96a31d14f722edff4380172cc0eda5a2e2aab8847223fead188adfe3bae,t10,17,low,0.2823439357,1.252688229,-1.71301772,0.1465560377,0.7176560643,high,1.888668785
joint_no_transition,2,126,3d9bb96a31d14f722edff4380172cc0eda5a2e2aab8847223fead188adfe3bae,t20,36,low,0.1916899747,2.658946848,-5.03788867,0.06192420269,0.8083100253,high,1.888668785
joint_no_transition,2,126,3d9bb96a31d14f722edff4380172cc0eda5a2e2aab8847223fead188adfe3bae,full,63,low,0.1342068686,4.205411449,-9.703468513,0.02872124367,0.8657931314,high,1.888668785
joint_no_transition,2,129,b43f9bef2ea9be7d5c83147f704d1ec9e88508b7c90558944b551a63d6646376,t3,5,high,0.2212695127,0.04259944186,-2.0216941,0.08498382135,0.7787304873,high,1.888668785
joint_no_transition,2,129,b43f9bef2ea9be7d5c83147f704d1ec9e88508b7c90558944b551a63d6646376,t5,9,high,0.1504837985,0.1106988162,-5.337723428,0.03665259695,0.8495162015,high,1.888668785
joint_no_transition,2,129,b43f9bef2ea9be7d5c83147f704d1ec9e88508b7c90558944b551a63d6646376,t10,19,high,0.089700016,0.4926484346,-9.063995743,0.01241179831,0.910299984,high,1.888668785
joint_no_transition,2,129,b43f9bef2ea9be7d5c83147f704d1ec9e88508b7c90558944b551a63d6646376,full,35,high,0.02230426462,0.8182411909,-15.66377864,0.0007921538936,0.9776957354,high,1.888668785
joint_no_transition,3,7,7fe3d6029ec1e666f41b728458a973e8e2e6924c09046427a23859dcc7b3d75a,t3,4,high,0.2224338093,0.2489744678,0.06824450493,0.2724327996,0.7775661907,high,0.7848850343
joint_no_transition,3,7,7fe3d6029ec1e666f41b728458a973e8e2e6924c09046427a23859dcc7b3d75a,t5,8,high,0.2150308446,0.3235860944,-0.5484633446,0.2657451233,0.7849691554,high,0.7848850343
joint_no_transition,3,7,7fe3d6029ec1e666f41b728458a973e8e2e6924c09046427a23859dcc7b3d75a,t10,18,high,0.2417331309,0.7736021221,-1.374641263,0.2896094932,0.7582668691,high,0.7848850343
joint_no_transition,3,7,7fe3d6029ec1e666f41b728458a973e8e2e6924c09046427a23859dcc7b3d75a,t20,38,high,0.1300137283,1.638599658,-3.609171057,0.1836309001,0.8699862717,high,0.7848850343
joint_no_transition,3,7,7fe3d6029ec1e666f41b728458a973e8e2e6924c09046427a23859dcc7b3d75a,full,64,high,0.09260066291,2.200560284,-8.266674423,0.1429094463,0.9073993371,high,0.7848850343
joint_no_transition,3,16,9ae9ab57ccb2a6caf3db84ad0a088385a92d25754e445de6f502929913bf21cd,t3,4,high,0.17842824,0.1805811226,-0.04115904868,0.2317341223,0.82157176,high,0.7848850343
joint_no_transition,3,16,9ae9ab57ccb2a6caf3db84ad0a088385a92d25754e445de6f502929913bf21cd,t5,8,high,0.1182864907,0.182310009,-0.6745725095,0.1712713286,0.8817135093,high,0.7848850343
joint_no_transition,3,16,9ae9ab57ccb2a6caf3db84ad0a088385a92d25754e445de6f502929913bf21cd,t10,18,high,0.08810710314,0.2742387056,-2.091244459,0.1377324821,0.9118928969,high,0.7848850343
joint_no_transition,3,16,9ae9ab57ccb2a6caf3db84ad0a088385a92d25754e445de6f502929913bf21cd,full,22,high,0.0775915035,0.2405769825,-2.75369153,0.1253179167,0.9224084965,high,0.7848850343
joint_no_transition,3,24,a4713e0a14bb0ef918e89ea267520b745394edf49df0b6e3b5925085b1fca54d,t3,4,high,0.4423540471,0.4869833857,0.7334073961,0.4546772182,0.5576459529,high,0.7848850343
joint_no_transition,3,24,a4713e0a14bb0ef918e89ea267520b745394edf49df0b6e3b5925085b1fca54d,t5,8,high,0.301885729,0.5307257116,0.1123540223,0.3411899269,0.698114271,high,0.7848850343
joint_no_transition,3,24,a4713e0a14bb0ef918e89ea267520b745394edf49df0b6e3b5925085b1fca54d,t10,18,high,0.2533908551,0.873094964,-1.019223833,0.2998203366,0.7466091449,high,0.7848850343
joint_no_transition,3,24,a4713e0a14bb0ef918e89ea267520b745394edf49df0b6e3b5925085b1fca54d,full,20,high,0.2422733918,0.9897845387,-1.156768465,0.2900853126,0.7577266082,high,0.7848850343
joint_no_transition,3,31,c06b9cd1fff25ad6609a4acc440947729eaae556a777669d2c7b83c20f9f8885,t3,4,high,0.3737801454,0.4042333037,0.5588172078,0.4001051128,0.6262198546,high,0.7848850343
joint_no_transition,3,31,c06b9cd1fff25ad6609a4acc440947729eaae556a777669d2c7b83c20f9f8885,t5,8,high,0.5373191672,0.6806846529,0.8433398306,0.5293121815,0.4626808328,low,0.7848850343
joint_no_transition,3,31,c06b9cd1fff25ad6609a4acc440947729eaae556a777669d2c7b83c20f9f8885,t10,18,high,0.5245504539,1.296728659,0.07368389666,0.5192752346,0.4754495461,low,0.7848850343
joint_no_transition,3,31,c06b9cd1fff25ad6609a4acc440947729eaae556a777669d2c7b83c20f9f8885,t20,38,high,0.5503792221,2.570075533,-1.029205513,0.5395934612,0.4496207779,low,0.7848850343
joint_no_transition,3,31,c06b9cd1fff25ad6609a4acc440947729eaae556a777669d2c7b83c20f9f8885,full,54,high,0.8270472027,3.98977282,-0.7855381012,0.7735072136,0.1729527973,low,0.7848850343
joint_no_transition,3,32,8def61f50369c2308d6acc3ec8575794a2970d0f6375eaa51ca8e7e37abccdfd,t3,4,low,0.2284966341,0.2973100483,-0.1019989014,0.2778676607,0.7715033659,high,0.7848850343
joint_no_transition,3,32,8def61f50369c2308d6acc3ec8575794a2970d0f6375eaa51ca8e7e37abccdfd,t5,8,low,0.3355908749,0.6718194425,-0.01657406092,0.3690997906,0.6644091251,high,0.7848850343
joint_no_transition,3,32,8def61f50369c2308d6acc3ec8575794a2970d0f6375eaa51ca8e7e37abccdfd,full,10,low,0.3648823078,0.8705750883,0.0173441112,0.3929303586,0.6351176922,high,0.7848850343
joint_no_transition,3,33,f76617e906c5e2b96661cf362ca553b76fbb23756e161cf3e0bc86585f03b1a8,t3,4,high,0.2061729239,0.3155387789,-0.06319867373,0.2576644763,0.7938270761,high,0.7848850343
joint_no_transition,3,33,f76617e906c5e2b96661cf362ca553b76fbb23756e161cf3e0bc86585f03b1a8,t5,8,high,0.251459545,0.5309183598,-0.1015858233,0.2981367216,0.748540455,high,0.7848850343
joint_no_transition,3,33,f76617e906c5e2b96661cf362ca553b76fbb23756e161cf3e0bc86585f03b1a8,t10,18,high,0.161146682,0.8421375394,-1.061742949,0.2150345147,0.838853318,high,0.7848850343
joint_no_transition,3,33,f76617e906c5e2b96661cf362ca553b76fbb23756e161cf3e0bc86585f03b1a8,t20,38,high,0.07933133356,1.120160532,-4.963260984,0.12740286,0.9206686664,high,0.7848850343
joint_no_transition,3,33,f76617e906c5e2b96661cf362ca553b76fbb23756e161cf3e0bc86585f03b1a8,full,76,high,0.08114340523,1.455469561,-12.26328764,0.1295608792,0.9188565948,high,0.7848850343
joint_no_transition,3,35,9365283497184f82bb514f2ae669c6ec302a1cd4c49f1b9426e48aca0e39eedc,t3,4,high,0.1258509957,0.05378339589,-0.4566188127,0.1792809576,0.8741490043,high,0.7848850343
joint_no_transition,3,35,9365283497184f82bb514f2ae669c6ec302a1cd4c49f1b9426e48aca0e39eedc,t5,8,high,0.1377476203,0.1262197971,-1.043730536,0.1916108398,0.8622523797,high,0.7848850343
joint_no_transition,3,35,9365283497184f82bb514f2ae669c6ec302a1cd4c49f1b9426e48aca0e39eedc,t10,18,high,0.148360489,0.1483439088,-2.857044077,0.2023613129,0.851639511,high,0.7848850343
joint_no_transition,3,35,9365283497184f82bb514f2ae669c6ec302a1cd4c49f1b9426e48aca0e39eedc,full,34,high,0.1378965593,0.2957796097,-5.775236416,0.1917632701,0.8621034407,high,0.7848850343
joint_no_transition,3,37,9ae9ab57ccb2a6caf3db84ad0a088385a92d25754e445de6f502929913bf21cd,t3,4,high,0.1502205088,0.1779728651,-0.3021505594,0.2042231098,0.8497794912,high,0.7848850343
joint_no_transition,3,37,9ae9ab57ccb2a6caf3db84ad0a088385a92d25754e445de6f502929913bf21cd,t5,8,high,0.1288622822,0.1741886497,-1.07633214,0.1824316215,0.8711377178,high,0.7848850343
joint_no_transition,3,37,9ae9ab57ccb2a6caf3db84ad0a088385a92d25754e445de6f502929913bf21cd,t10,18,high,0.122859895,0.3960899353,-2.785683846,0.1761304394,0.877140105,high,0.7848850343
joint_no_transition,3,37,9ae9ab57ccb2a6caf3db84ad0a088385a92d25754e445de6f502929913bf21cd,t20,38,high,0.0855372528,0.4238952398,-7.488064909,0.1347386497,0.9144627472,high,0.7848850343
joint_no_transition,3,37,9ae9ab57ccb2a6caf3db84ad0a088385a92d25754e445de6f502929913bf21cd,full,40,high,0.08443375097,0.4463159561,-7.951947308,0.1334453963,0.915566249,high,0.7848850343
joint_no_transition,3,42,c6f859e97a85d2be55de346ee03396c3284ef33ad2a850cbf47dcf6a86c54f6c,t3,5,high,0.131021346,0.1472781122,-0.4959592104,0.1846779399,0.868978654,high,0.7848850343
joint_no_transition,3,42,c6f859e97a85d2be55de346ee03396c3284ef33ad2a850cbf47dcf6a86c54f6c,t5,9,high,0.1293283796,0.2816009521,-1.148967254,0.1829174409,0.8706716204,high,0.7848850343
joint_no_transition,3,42,c6f859e97a85d2be55de346ee03396c3284ef33ad2a850cbf47dcf6a86c54f6c,full,13,high,0.1224788717,0.3340279698,-1.611984903,0.1757275736,0.8775211283,high,0.7848850343
joint_no_transition,3,48,c6f859e97a85d2be55de346ee03396c3284ef33ad2a850cbf47dcf6a86c54f6c,t3,5,high,0.1103304439,0.0264221251,-0.4662651777,0.1626902975,0.8896695561,high,0.7848850343
joint_no_transition,3,48,c6f859e97a85d2be55de346ee03396c3284ef33ad2a850cbf47dcf6a86c54f6c,t5,9,high,0.07920169628,-0.03304397464,-1.270421427,0.1272479499,0.9207983037,high,0.7848850343
joint_no_transition,3,48,c6f859e97a85d2be55de346ee03396c3284ef33ad2a850cbf47dcf6a86c54f6c,t10,19,high,0.04817041041,-0.1498039603,-3.546313524,0.08771854428,0.9518295896,high,0.7848850343
joint_no_transition,3,48,c6f859e97a85d2be55de346ee03396c3284ef33ad2a850cbf47dcf6a86c54f6c,full,27,high,0.0481762376,-0.02383638024,-4.984808159,0.08772652678,0.9518237624,high,0.7848850343
joint_no_transition,3,52,5f94f96b5558bc44bec41fbfff63a95635edebf6436cf0d7b71bc93bc7e01771,t3,4,high,0.1630046995,0.1390697479,-0.3977322161,0.2168526355,0.8369953005,high,0.7848850343
joint_no_transition,3,52,5f94f96b5558bc44bec41fbfff63a95635edebf6436cf0d7b71bc93bc7e01771,t5,8,high,0.1680492874,0.202752912,-1.146944964,0.2217605459,0.8319507126,high,0.7848850343
joint_no_transition,3,52,5f94f96b5558bc44bec41fbfff63a95635edebf6436cf0d7b71bc93bc7e01771,t10,18,high,0.222594837,0.7451902628,-2.166082799,0.2725776304,0.777405163,high,0.7848850343
joint_no_transition,3,52,5f94f96b5558bc44bec41fbfff63a95635edebf6436cf0d7b71bc93bc7e01771,full,28,high,0.2175450354,1.290604901,-3.078823924,0.2680229075,0.7824549646,high,0.7848850343
joint_no_transition,3,56,994bc72760dcfe7fa4dcb4204fd49276c86f3b5d7563bd03968bb98375e50059,t3,4,high,0.2255575528,0.2831329376,0.0403634876,0.2752376184,0.7744424472,high,0.7848850343
joint_no_transition,3,56,994bc72760dcfe7fa4dcb4204fd49276c86f3b5d7563bd03968bb98375e50059,t5,8,high,0.1903871092,0.4002349973,-0.2462891817,0.2430337071,0.8096128908,high,0.7848850343
joint_no_transition,3,56,994bc72760dcfe7fa4dcb4204fd49276c86f3b5d7563bd03968bb98375e50059,t10,18,high,0.1432670152,0.4998319387,-1.947724462,0.1972294613,0.8567329848,high,0.7848850343
joint_no_transition,3,56,994bc72760dcfe7fa4dcb4204fd49276c86f3b5d7563bd03968bb98375e50059,t20,38,high,0.07409614245,0.6610802174,-6.110654879,0.1210893962,0.9259038575,high,0.7848850343
joint_no_transition,3,56,994bc72760dcfe7fa4dcb4204fd49276c86f3b5d7563bd03968bb98375e50059,full,174,high,0.07878000375,2.977856064,-30.18403931,0.126743559,0.9212199962,high,0.7848850343
joint_no_transition,3,57,c7b0ae9d845b01af28904a49c113db9419434a3a9dc695cbcca773c7377fa099,t3,4,low,0.2439427884,0.2372997701,0.160221988,0.2915539458,0.7560572116,high,0.7848850343
joint_no_transition,3,57,c7b0ae9d845b01af28904a49c113db9419434a3a9dc695cbcca773c7377fa099,t5,8,low,0.4883452984,0.7039561003,0.6245604992,0.4908517629,0.5116547016,high,0.7848850343
joint_no_transition,3,57,c7b0ae9d845b01af28904a49c113db9419434a3a9dc695cbcca773c7377fa099,t10,18,low,0.8381355837,1.647504091,1.26166265,0.7842624843,0.1618644163,low,0.7848850343
joint_no_transition,3,57,c7b0ae9d845b01af28904a49c113db9419434a3a9dc695cbcca773c7377fa099,full,18,low,0.8381355837,1.647504091,1.26166265,0.7842624843,0.1618644163,low,0.7848850343
joint_no_transition,3,60,1bde13dd287e1e51682c574ddf4bc7a1b95d777f9e1d189232f7bf3f72b39469,t3,5,high,0.1043804845,0.06541029662,-0.5865702808,0.1561590292,0.8956195155,high,0.7848850343
joint_no_transition,3,60,1bde13dd287e1e51682c574ddf4bc7a1b95d777f9e1d189232f7bf3f72b39469,t5,9,high,0.09628571268,0.1003491759,-1.161338776,0.1471025545,0.9037142873,high,0.7848850343
joint_no_transition,3,60,1bde13dd287e1e51682c574ddf4bc7a1b95d777f9e1d189232f7bf3f72b39469,t10,19,high,0.128847899,0.8450337052,-1.643410158,0.182416622,0.871152101,high,0.7848850343
joint_no_transition,3,60,1bde13dd287e1e51682c574ddf4bc7a1b95d777f9e1d189232f7bf3f72b39469,t20,39,high,0.1340992205,1.729105198,-3.487468004,0.1878624017,0.8659007795,high,0.7848850343
joint_no_transition,3,60,1bde13dd287e1e51682c574ddf4bc7a1b95d777f9e1d189232f7bf3f72b39469,full,93,high,0.2841801823,3.939156771,-8.881671619,0.3262725682,0.7158198177,high,0.7848850343
joint_no_transition,3,64,d6e67deba46d308b643a1107909d71a35621984b374efe6ed5b28181298c665a,t3,4,high,0.1287671453,0.09615199566,-0.5093220174,0.1823323987,0.8712328547,high,0.7848850343
joint_no_transition,3,64,d6e67deba46d308b643a1107909d71a35621984b374efe6ed5b28181298c665a,t5,8,high,0.117644782,0.1406522274,-1.053834891,0.1705853516,0.882355218,high,0.7848850343
joint_no_transition,3,64,d6e67deba46d308b643a1107909d71a35621984b374efe6ed5b28181298c665a,t10,18,high,0.1025868042,0.2557612777,-2.692885184,0.1541697756,0.8974131958,high,0.7848850343
joint_no_transition,3,64,d6e67deba46d308b643a1107909d71a35621984b374efe6ed5b28181298c665a,t20,38,high,0.06644545594,0.3032429457,-7.407308674,0.1116346788,0.9335545441,high,0.7848850343
joint_no_transition,3,64,d6e67deba46d308b643a1107909d71a35621984b374efe6ed5b28181298c665a,full,260,high,0.1392305614,5.182032204,-43.08727417,0.1931265036,0.8607694386,high,0.7848850343
joint_no_transition,3,72,8a19d0092e222e0168b0240040c7abec5af97377d5f1b3c74d02604cebab64d6,t3,4,low,0.2651097333,0.312833418,0.2861527771,0.3099718273,0.7348902667,high,0.7848850343
joint_no_transition,3,72,8a19d0092e222e0168b0240040c7abec5af97377d5f1b3c74d02604cebab64d6,t5,8,low,0.2304216518,0.4257738948,-0.01476266086,0.2795856446,0.7695783482,high,0.7848850343
joint_no_transition,3,72,8a19d0092e222e0168b0240040c7abec5af97377d5f1b3c74d02604cebab64d6,t10,18,low,0.2111323768,0.9598080814,-1.00914005,0.2621995896,0.7888676232,high,0.7848850343
joint_no_transition,3,72,8a19d0092e222e0168b0240040c7abec5af97377d5f1b3c74d02604cebab64d6,full,30,low,0.2083110386,1.854562908,-2.009047425,0.2596230917,0.7916889614,high,0.7848850343
joint_no_transition,3,83,9ae9ab57ccb2a6caf3db84ad0a088385a92d25754e445de6f502929913bf21cd,t3,4,high,0.1325890231,0.07508555055,-0.4693053693,0.1863024876,0.8674109769,high,0.7848850343
joint_no_transition,3,83,9ae9ab57ccb2a6caf3db84ad0a088385a92d25754e445de6f502929913bf21cd,t5,8,high,0.1226763567,0.1342960715,-1.239250925,0.1759364233,0.8773236433,high,0.7848850343
joint_no_transition,3,83,9ae9ab57ccb2a6caf3db84ad0a088385a92d25754e445de6f502929913bf21cd,t10,18,high,0.1344380153,0.6297086,-2.352129483,0.1882116746,0.8655619847,high,0.7848850343
joint_no_transition,3,83,9ae9ab57ccb2a6caf3db84ad0a088385a92d25754e445de6f502929913bf21cd,t20,38,high,0.09431536942,0.7876210213,-6.779706812,0.144866269,0.9056846306,high,0.7848850343
joint_no_transition,3,83,9ae9ab57ccb2a6caf3db84ad0a088385a92d25754e445de6f502929913bf21cd,full,126,high,0.1191705706,1.807445526,-25.60137138,0.1722146893,0.8808294294,high,0.7848850343
joint_no_transition,3,86,1eedaddcb6cc7541fe6072dba97705385a99667255dae60b62dce68c593bc746,t3,5,high,0.09201785415,0.01809760332,-1.014819366,0.142242039,0.9079821459,high,0.7848850343
joint_no_transition,3,86,1eedaddcb6cc7541fe6072dba97705385a99667255dae60b62dce68c593bc746,t5,9,high,0.09428342882,-0.022609514,-2.146022946,0.14482991,0.9057165712,high,0.7848850343
joint_no_transition,3,86,1eedaddcb6cc7541fe6072dba97705385a99667255dae60b62dce68c593bc746,t10,19,high,0.1077615814,0.08573247194,-4.248845148,0.1598829098,0.8922384186,high,0.7848850343
joint_no_transition,3,86,1eedaddcb6cc7541fe6072dba97705385a99667255dae60b62dce68c593bc746,t20,39,high,0.08537991062,0.09840557575,-10.42158399,0.1345545381,0.9146200894,high,0.7848850343
joint_no_transition,3,86,1eedaddcb6cc7541fe6072dba97705385a99667255dae60b62dce68c593bc746,full,39,high,0.08537991062,0.09840557575,-10.42158399,0.1345545381,0.9146200894,high,0.7848850343
joint_no_transition,3,95,3196e70c78ec00c569890feff5903b9fd6de1c082f2dcc65de331a676356154b,t3,4,high,0.14924305,0.1652323246,-0.3594990045,0.2032455184,0.85075695,high,0.7848850343
joint_no_transition,3,95,3196e70c78ec00c569890feff5903b9fd6de1c082f2dcc65de331a676356154b,t5,8,high,0.1398676839,0.1965794325,-1.031502497,0.1937763018,0.8601323161,high,0.7848850343
joint_no_transition,3,95,3196e70c78ec00c569890feff5903b9fd6de1c082f2dcc65de331a676356154b,t10,18,high,0.1509425536,0.4235192299,-2.478365916,0.2049441219,0.8490574464,high,0.7848850343
joint_no_transition,3,95,3196e70c78ec00c569890feff5903b9fd6de1c082f2dcc65de331a676356154b,full,34,high,0.1779757045,0.7568401337,-5.243742752,0.2313026031,0.8220242955,high,0.7848850343
joint_no_transition,3,99,ead3029c1627ceed0bb1941b02d180790ac40d9339381ab591d89b54e95afa5d,t3,4,high,0.2547172963,0.2838600755,0.24230901,0.3009748757,0.7452827037,high,0.7848850343
joint_no_transition,3,99,ead3029c1627ceed0bb1941b02d180790ac40d9339381ab591d89b54e95afa5d,t5,8,high,0.2377490867,0.4348722607,-0.03422557712,0.2860925242,0.7622509133,high,0.7848850343
joint_no_transition,3,99,ead3029c1627ceed0bb1941b02d180790ac40d9339381ab591d89b54e95afa5d,t10,18,high,0.1641329403,0.8141674876,-1.328470218,0.2179538753,0.8358670597,high,0.7848850343
joint_no_transition,3,99,ead3029c1627ceed0bb1941b02d180790ac40d9339381ab591d89b54e95afa5d,full,32,high,0.142602063,1.084488869,-3.678608847,0.1965557891,0.857397937,high,0.7848850343
joint_no_transition,3,105,cbe435389c7fde7dbf7f3f0b08fa24b91bd68569ba4a59eda4fcca3b686eaf60,t3,4,high,0.1380301725,0.09704483747,-0.4552556545,0.1918999761,0.8619698275,high,0.7848850343
joint_no_transition,3,105,cbe435389c7fde7dbf7f3f0b08fa24b91bd68569ba4a59eda4fcca3b686eaf60,t5,8,high,0.1226720875,0.142869103,-1.221009725,0.1759319094,0.8773279125,high,0.7848850343
joint_no_transition,3,105,cbe435389c7fde7dbf7f3f0b08fa24b91bd68569ba4a59eda4fcca3b686eaf60,t10,18,high,0.0762880112,0.1144983828,-3.666353536,0.1237473322,0.9237119888,high,0.7848850343
joint_no_transition,3,105,cbe435389c7fde7dbf7f3f0b08fa24b91bd68569ba4a59eda4fcca3b686eaf60,t20,38,high,0.06531091842,0.35335958,-7.04777813,0.1102076291,0.9346890816,high,0.7848850343
joint_no_transition,3,105,cbe435389c7fde7dbf7f3f0b08fa24b91bd68569ba4a59eda4fcca3b686eaf60,full,48,high,0.06670158049,0.479988265,-9.285593319,0.1119559061,0.9332984195,high,0.7848850343
joint_no_transition,3,110,7664ea81b7e714b0d5433004c1fca3512bd7bdabfbe3dd63273d79180fe6d6fa,t3,4,high,0.1364404649,0.1011510253,-0.3207555532,0.1902710646,0.8635595351,high,0.7848850343
joint_no_transition,3,110,7664ea81b7e714b0d5433004c1fca3512bd7bdabfbe3dd63273d79180fe6d6fa,t5,8,high,0.09901605905,0.06340231299,-1.172400898,0.1501803355,0.900983941,high,0.7848850343
joint_no_transition,3,110,7664ea81b7e714b0d5433004c1fca3512bd7bdabfbe3dd63273d79180fe6d6fa,t10,18,high,0.0759585174,0.05289482176,-3.211291456,0.1233491455,0.9240414826,high,0.7848850343
joint_no_transition,3,110,7664ea81b7e714b0d5433004c1fca3512bd7bdabfbe3dd63273d79180fe6d6fa,t20,38,high,0.06769455237,0.4250243425,-7.172655535,0.1131980747,0.9323054476,high,0.7848850343
joint_no_transition,3,110,7664ea81b7e714b0d5433004c1fca3512bd7bdabfbe3dd63273d79180fe6d6fa,full,100,high,0.06028730652,0.2763423204,-22.38974152,0.103804473,0.9397126935,high,0.7848850343
joint_no_transition,3,114,8def61f50369c2308d6acc3ec8575794a2970d0f6375eaa51ca8e7e37abccdfd,t3,4,high,0.2766715692,0.2629629284,0.1238133818,0.3198851123,0.7233284308,high,0.7848850343
joint_no_transition,3,114,8def61f50369c2308d6acc3ec8575794a2970d0f6375eaa51ca8e7e37abccdfd,t5,8,high,0.2681175705,0.3077611476,-0.2971354067,0.3125602192,0.7318824295,high,0.7848850343
joint_no_transition,3,114,8def61f50369c2308d6acc3ec8575794a2970d0f6375eaa51ca8e7e37abccdfd,t10,18,high,0.1675182928,0.4998868465,-2.044912404,0.2212458545,0.8324817072,high,0.7848850343
joint_no_transition,3,114,8def61f50369c2308d6acc3ec8575794a2970d0f6375eaa51ca8e7e37abccdfd,full,22,high,0.1721935162,0.6866576433,-2.581222522,0.2257624398,0.8278064838,high,0.7848850343
joint_no_transition,3,117,b2f1766eb28ea153bd66a13147bee8bb6a783a480a2a5415efd24621d784865e,t3,4,high,0.1606451864,0.1224612355,-0.1602101147,0.2145428032,0.8393548136,high,0.7848850343
joint_no_transition,3,117,b2f1766eb28ea153bd66a13147bee8bb6a783a480a2a5415efd24621d784865e,t5,8,high,0.1838008774,0.2147538066,-0.3708265394,0.2368349537,0.8161991226,high,0.7848850343
joint_no_transition,3,117,b2f1766eb28ea153bd66a13147bee8bb6a783a480a2a5415efd24621d784865e,t10,18,high,0.1236748803,0.4332887888,-1.85095377,0.1769909709,0.8763251197,high,0.7848850343
joint_no_transition,3,117,b2f1766eb28ea153bd66a13147bee8bb6a783a480a2a5415efd24621d784865e,t20,38,high,0.08914599991,0.8426196575,-4.101791,0.138935823,0.9108540001,high,0.7848850343
joint_no_transition,3,117,b2f1766eb28ea153bd66a13147bee8bb6a783a480a2a5415efd24621d784865e,full,92,high,0.1168397967,1.857805824,-12.74815488,0.1697233475,0.8831602033,high,0.7848850343
joint_no_transition,3,125,274c2b3cb88d91281fac0ca18e5fa0decdb86ce5b51d6bb1e988f442e09ee829,t3,5,high,0.124876034,0.09210128188,-0.6306535929,0.1782563616,0.875123966,high,0.7848850343
joint_no_transition,3,125,274c2b3cb88d91281fac0ca18e5fa0decdb86ce5b51d6bb1e988f442e09ee829,full,5,high,0.124876034,0.09210128188,-0.6306535929,0.1782563616,0.875123966,high,0.7848850343
joint_no_transition,3,128,6f2a5802d3ab371a696939846b2162129bfa30f9a0e371d8fe476564da770b8b,t3,5,high,0.2790675515,0.4517792463,0.1791751742,0.3219275177,0.7209324485,high,0.7848850343
joint_no_transition,3,128,6f2a5802d3ab371a696939846b2162129bfa30f9a0e371d8fe476564da770b8b,t5,9,high,0.3875751012,0.6515337616,0.38211025,0.4111779332,0.6124248988,high,0.7848850343
joint_no_transition,3,128,6f2a5802d3ab371a696939846b2162129bfa30f9a0e371d8fe476564da770b8b,t10,19,high,0.4594135778,1.070471554,0.2030812085,0.468117398,0.5405864222,high,0.7848850343
joint_no_transition,3,128,6f2a5802d3ab371a696939846b2162129bfa30f9a0e371d8fe476564da770b8b,full,33,high,0.267667757,1.57659452,-1.37059477,0.3121735632,0.732332243,high,0.7848850343
joint_no_transition,3,130,957962b55a53a08db5f378e511817642230cbd4d6d1cf4d43dd6a4b63131ccc1,t3,5,low,0.552939307,0.6789829969,0.906765455,0.5416111231,0.447060693,low,0.7848850343
joint_no_transition,3,130,957962b55a53a08db5f378e511817642230cbd4d6d1cf4d43dd6a4b63131ccc1,t5,9,low,0.6941978622,0.9900323391,1.232625198,0.6555359602,0.3058021378,low,0.7848850343
joint_no_transition,3,130,957962b55a53a08db5f378e511817642230cbd4d6d1cf4d43dd6a4b63131ccc1,t10,19,low,0.8468779716,1.942112613,1.172090292,0.7928852797,0.1531220284,low,0.7848850343
joint_no_transition,3,130,957962b55a53a08db5f378e511817642230cbd4d6d1cf4d43dd6a4b63131ccc1,full,21,low,0.8725900739,2.042594576,1.321010208,0.8190853536,0.1274099261,low,0.7848850343
joint_no_transition,3,133,0db9538e9215952f48324bd5b01c66c9eb8ea9adc87245da9db1df8c42a6ab8c,t3,4,high,0.1435157086,0.1133545101,-0.2988376021,0.1974811926,0.8564842914,high,0.7848850343
joint_no_transition,3,133,0db9538e9215952f48324bd5b01c66c9eb8ea9adc87245da9db1df8c42a6ab8c,t5,8,high,0.1191848834,0.1590372324,-1.04605104,0.1722299457,0.8808151166,high,0.7848850343
joint_no_transition,3,133,0db9538e9215952f48324bd5b01c66c9eb8ea9adc87245da9db1df8c42a6ab8c,t10,18,high,0.1102841326,0.2883759499,-2.895509768,0.1626398496,0.8897158674,high,0.7848850343
joint_no_transition,3,133,0db9538e9215952f48324bd5b01c66c9eb8ea9adc87245da9db1df8c42a6ab8c,t20,38,high,0.0860380333,0.7199645519,-5.999399042,0.1353240016,0.9139619667,high,0.7848850343
joint_no_transition,3,133,0db9538e9215952f48324bd5b01c66c9eb8ea9adc87245da9db1df8c42a6ab8c,full,380,high,0.1441452473,6.761802292,-67.36160431,0.19811788,0.8558547527,high,0.7848850343
joint_no_transition,4,0,0975c479310c006373f337dd0ad7a1b5438b2d205e3489d9920c6e86e5fdbc46,t3,4,high,0.4823018276,0.6669718027,0.5738424003,0.478010726,0.5176981724,high,1.242742703
joint_no_transition,4,0,0975c479310c006373f337dd0ad7a1b5438b2d205e3489d9920c6e86e5fdbc46,t5,8,high,0.6684114933,1.145740306,1.356772059,0.7049899459,0.3315885067,low,1.242742703
joint_no_transition,4,0,0975c479310c006373f337dd0ad7a1b5438b2d205e3489d9920c6e86e5fdbc46,t10,18,high,0.7338114689,2.115889072,1.344385076,0.7790605187,0.2661885311,low,1.242742703
joint_no_transition,4,0,0975c479310c006373f337dd0ad7a1b5438b2d205e3489d9920c6e86e5fdbc46,t20,38,high,0.6443876784,3.898777068,-0.8827447414,0.6767246544,0.3556123216,low,1.242742703
joint_no_transition,4,0,0975c479310c006373f337dd0ad7a1b5438b2d205e3489d9920c6e86e5fdbc46,full,52,high,0.5868318023,5.158227015,-2.104863024,0.6073193014,0.4131681977,low,1.242742703
joint_no_transition,4,1,d824fbb44e854e98bdec49929ed132bd2f214eb9a16c2247f40b049e74673714,t3,4,high,0.3986632034,0.551285097,0.2410302714,0.3750025511,0.6013367966,high,1.242742703
joint_no_transition,4,1,d824fbb44e854e98bdec49929ed132bd2f214eb9a16c2247f40b049e74673714,t5,8,high,0.488500065,0.9527397156,0.3019034743,0.4857099116,0.511499935,high,1.242742703
joint_no_transition,4,1,d824fbb44e854e98bdec49929ed132bd2f214eb9a16c2247f40b049e74673714,t10,18,high,0.5318560857,1.850081438,-0.2416038513,0.5395597577,0.4681439143,low,1.242742703
joint_no_transition,4,1,d824fbb44e854e98bdec49929ed132bd2f214eb9a16c2247f40b049e74673714,full,36,high,0.4766923237,3.49132936,-2.298792553,0.4710459769,0.5233076763,high,1.242742703
joint_no_transition,4,3,e660b6010195823ff8abb7f5ac22b3e84ad23e55b4bfe23f84e74aa932c77d9a,t3,5,high,0.2740304713,0.45202595,-0.4653125525,0.2295656577,0.7259695287,high,1.242742703
joint_no_transition,4,3,e660b6010195823ff8abb7f5ac22b3e84ad23e55b4bfe23f84e74aa932c77d9a,t5,9,high,0.3156043326,0.8060375214,-0.6847431302,0.2764897168,0.6843956674,high,1.242742703
joint_no_transition,4,3,e660b6010195823ff8abb7f5ac22b3e84ad23e55b4bfe23f84e74aa932c77d9a,full,15,high,0.2924981787,1.299790573,-1.568679082,0.2501726002,0.7075018213,high,1.242742703
joint_no_transition,4,6,384b0ba2da0f7a1aaf92176857f6b862b243c54a44b1a60ad1512e22fb6d4f57,t3,4,high,0.4038633745,0.5715640306,0.2266244709,0.381327939,0.5961366255,high,1.242742703
joint_no_transition,4,6,384b0ba2da0f7a1aaf92176857f6b862b243c54a44b1a60ad1512e22fb6d4f57,t5,8,high,0.3901750143,0.9033380747,-0.2631109238,0.3647098243,0.6098249857,high,1.242742703
joint_no_transition,4,6,384b0ba2da0f7a1aaf92176857f6b862b243c54a44b1a60ad1512e22fb6d4f57,t10,18,high,0.346408782,1.780526114,-1.58205725,0.3123896934,0.653591218,high,1.242742703
joint_no_transition,4,6,384b0ba2da0f7a1aaf92176857f6b862b243c54a44b1a60ad1512e22fb6d4f57,t20,38,high,0.3823524345,3.684478176,-3.282678175,0.3552619714,0.6176475655,high,1.242742703
joint_no_transition,4,6,384b0ba2da0f7a1aaf92176857f6b862b243c54a44b1a60ad1512e22fb6d4f57,full,52,high,0.3436237595,4.928838587,-4.895646882,0.3091092987,0.6563762405,high,1.242742703
joint_no_transition,4,9,bd6bdeca4d4d58b93dcd52052f780fcb2ab8a2a77ef89be9ded9271136bf1260,t3,4,low,0.302607217,0.4508708715,-0.2139989436,0.2616167784,0.697392783,high,1.242742703
joint_no_transition,4,9,bd6bdeca4d4d58b93dcd52052f780fcb2ab8a2a77ef89be9ded9271136bf1260,t5,8,low,0.3678808677,0.7912811041,-0.2209419489,0.3378880799,0.6321191323,high,1.242742703
joint_no_transition,4,9,bd6bdeca4d4d58b93dcd52052f780fcb2ab8a2a77ef89be9ded9271136bf1260,t10,18,low,0.5353422848,1.80760318,-0.3268790007,0.5438815475,0.4646577152,low,1.242742703
joint_no_transition,4,9,bd6bdeca4d4d58b93dcd52052f780fcb2ab8a2a77ef89be9ded9271136bf1260,full,26,low,0.6924275776,2.595761573,-0.1085335374,0.7327220082,0.3075724224,low,1.242742703
joint_no_transition,4,12,d751de9a9d281b7d8f3a57160f2880d8a6bb4d189690de0f7d7f2b033ad650a4,t3,4,high,0.3663818106,0.5187622279,0.08450394273,0.3360966384,0.6336181894,high,1.242742703
joint_no_transition,4,12,d751de9a9d281b7d8f3a57160f2880d8a6bb4d189690de0f7d7f2b033ad650a4,t5,8,high,0.4056544431,0.86017524,-0.02935364842,0.3835098505,0.5943455569,high,1.242742703
joint_no_transition,4,12,d751de9a9d281b7d8f3a57160f2880d8a6bb4d189690de0f7d7f2b033ad650a4,t10,16,high,0.5657220606,1.890955353,-0.2161739051,0.581419605,0.4342779394,low,1.242742703
joint_no_transition,4,12,d751de9a9d281b7d8f3a57160f2880d8a6bb4d189690de0f7d7f2b033ad650a4,t20,36,high,0.6713491713,3.696094704,-1.231648362,0.7084118009,0.3286508287,low,1.242742703
joint_no_transition,4,12,d751de9a9d281b7d8f3a57160f2880d8a6bb4d189690de0f7d7f2b033ad650a4,full,50,high,0.767899729,5.121348166,-1.846261001,0.815616858,0.232100271,low,1.242742703
joint_no_transition,4,19,e660b6010195823ff8abb7f5ac22b3e84ad23e55b4bfe23f84e74aa932c77d9a,t3,4,high,0.4203403276,0.5532610759,0.3516011596,0.4014593244,0.5796596724,high,1.242742703
joint_no_transition,4,19,e660b6010195823ff8abb7f5ac22b3e84ad23e55b4bfe23f84e74aa932c77d9a,t5,8,high,0.3745318753,0.8509491324,-0.2196806431,0.3458554119,0.6254681247,high,1.242742703
joint_no_transition,4,19,e660b6010195823ff8abb7f5ac22b3e84ad23e55b4bfe23f84e74aa932c77d9a,full,16,high,0.2277048344,1.495241463,-1.815015405,0.1797883183,0.7722951656,high,1.242742703
joint_no_transition,4,23,56c65c573eb4b7bbca1e8a62ea910f474527ca7cc22d0832f7b8985143579c47,t3,4,high,0.2726548066,0.5039855361,-0.4243297517,0.228046903,0.7273451934,high,1.242742703
joint_no_transition,4,23,56c65c573eb4b7bbca1e8a62ea910f474527ca7cc22d0832f7b8985143579c47,t5,8,high,0.2159122903,0.7985603809,-1.255304298,0.1676043928,0.7840877097,high,1.242742703
joint_no_transition,4,23,56c65c573eb4b7bbca1e8a62ea910f474527ca7cc22d0832f7b8985143579c47,t10,18,high,0.1112574924,1.511423969,-4.098774147,0.07028171343,0.8887425076,high,1.242742703
joint_no_transition,4,23,56c65c573eb4b7bbca1e8a62ea910f474527ca7cc22d0832f7b8985143579c47,t20,38,high,0.1393581495,3.072553825,-7.027900887,0.09427017822,0.8606418505,high,1.242742703
joint_no_transition,4,23,56c65c573eb4b7bbca1e8a62ea910f474527ca7cc22d0832f7b8985143579c47,full,78,high,0.05061941671,6.173688984,-16.36810131,0.02550441112,0.9493805833,high,1.242742703
joint_no_transition,4,30,0b66f0012a6499ae22a3ba3ea556348c4d65f1f039265ec21e4ad82aba2b5dab,t3,4,high,0.2377245217,0.4200545311,-0.7450151145,0.1903036758,0.7622754783,high,1.242742703
joint_no_transition,4,30,0b66f0012a6499ae22a3ba3ea556348c4d65f1f039265ec21e4ad82aba2b5dab,t5,8,high,0.2062768903,0.713644135,-1.546289349,0.1578098785,0.7937231097,high,1.242742703
joint_no_transition,4,30,0b66f0012a6499ae22a3ba3ea556348c4d65f1f039265ec21e4ad82aba2b5dab,t10,18,high,0.2401991468,1.720184314,-2.498332858,0.1929230534,0.7598008532,high,1.242742703
joint_no_transition,4,30,0b66f0012a6499ae22a3ba3ea556348c4d65f1f039265ec21e4ad82aba2b5dab,full,28,high,0.2409610886,2.686685967,-3.781319046,0.1937313139,0.7590389114,high,1.242742703
joint_no_transition,4,39,ba4f78fc596e7483b05f73b0a4f0c57215df572dab1d75cba29cf1873022b267,t3,4,high,0.3509149076,0.5182506502,-0.01216650605,0.3177108854,0.6490850924,high,1.242742703
joint_no_transition,4,39,ba4f78fc596e7483b05f73b0a4f0c57215df572dab1d75cba29cf1873022b267,t5,8,high,0.3321041842,0.8697889566,-0.5193800598,0.2956115365,0.6678958158,high,1.242742703
joint_no_transition,4,39,ba4f78fc596e7483b05f73b0a4f0c57215df572dab1d75cba29cf1873022b267,t10,18,high,0.1932930827,1.660565877,-2.800267291,0.1448507456,0.8067069173,high,1.242742703
joint_no_transition,4,39,ba4f78fc596e7483b05f73b0a4f0c57215df572dab1d75cba29cf1873022b267,t20,38,high,0.331662141,3.599039936,-3.920947027,0.2950959258,0.668337859,high,1.242742703
joint_no_transition,4,39,ba4f78fc596e7483b05f73b0a4f0c57215df572dab1d75cba29cf1873022b267,full,71,high,0.4049967962,6.786419106,-7.096141529,0.3827085018,0.5950032038,high,1.242742703
joint_no_transition,4,40,e660b6010195823ff8abb7f5ac22b3e84ad23e55b4bfe23f84e74aa932c77d9a,t3,5,high,0.254287958,0.5547771856,-0.6101881742,0.2079985142,0.745712042,high,1.242742703
joint_no_transition,4,40,e660b6010195823ff8abb7f5ac22b3e84ad23e55b4bfe23f84e74aa932c77d9a,t5,9,high,0.1920479374,0.9145816192,-1.530882829,0.1436228432,0.8079520626,high,1.242742703
joint_no_transition,4,40,e660b6010195823ff8abb7f5ac22b3e84ad23e55b4bfe23f84e74aa932c77d9a,t10,19,high,0.125354684,1.702971005,-3.433942461,0.0820932107,0.874645316,high,1.242742703
joint_no_transition,4,40,e660b6010195823ff8abb7f5ac22b3e84ad23e55b4bfe23f84e74aa932c77d9a,full,19,high,0.125354684,1.702971005,-3.433942461,0.0820932107,0.874645316,high,1.242742703
joint_no_transition,4,41,298f1741927a10b95fab08a2419835f2d89a49ade874c77e541bf480e574fcca,t3,4,high,0.3179862027,0.543748001,-0.2049344003,0.2792339295,0.6820137973,high,1.242742703
joint_no_transition,4,41,298f1741927a10b95fab08a2419835f2d89a49ade874c77e541bf480e574fcca,t5,8,high,0.2844335939,0.9048729837,-0.8089193225,0.241124773,0.7155664061,high,1.242742703
joint_no_transition,4,41,298f1741927a10b95fab08a2419835f2d89a49ade874c77e541bf480e574fcca,t10,18,high,0.0846539192,1.650732279,-3.551625204,0.0493299406,0.9153460808,high,1.242742703
joint_no_transition,4,41,298f1741927a10b95fab08a2419835f2d89a49ade874c77e541bf480e574fcca,t20,39,high,0.008139436772,3.152819872,-9.735167313,0.002550985844,0.9918605632,high,1.242742703
joint_no_transition,4,41,298f1741927a10b95fab08a2419835f2d89a49ade874c77e541bf480e574fcca,full,83,high,0.0003963777063,6.611987591,-21.4204361,5.922612381e-05,0.9996036223,high,1.242742703
joint_no_transition,4,45,256a5ceb1fe87b9f23a66a55206039faf214b9b926fbe72aba2fd158983b62bf,t3,4,high,0.3290412271,0.4953244388,-0.09561628103,0.2920424849,0.6709587729,high,1.242742703
joint_no_transition,4,45,256a5ceb1fe87b9f23a66a55206039faf214b9b926fbe72aba2fd158983b62bf,t5,8,high,0.2377414358,0.7728354454,-1.134988451,0.1903215498,0.7622585642,high,1.242742703
joint_no_transition,4,45,256a5ceb1fe87b9f23a66a55206039faf214b9b926fbe72aba2fd158983b62bf,t10,18,high,0.1373325807,1.542101574,-3.597300816,0.09248250169,0.8626674193,high,1.242742703
joint_no_transition,4,45,256a5ceb1fe87b9f23a66a55206039faf214b9b926fbe72aba2fd158983b62bf,t20,38,high,0.02599036513,3.04248147,-8.857563114,0.01095091564,0.9740096349,high,1.242742703
joint_no_transition,4,45,256a5ceb1fe87b9f23a66a55206039faf214b9b926fbe72aba2fd158983b62bf,full,50,high,0.02089545668,4.193127251,-10.16247396,0.008318139477,0.9791045433,high,1.242742703
joint_no_transition,4,50,e660b6010195823ff8abb7f5ac22b3e84ad23e55b4bfe23f84e74aa932c77d9a,t3,5,high,0.2695451605,0.4612641931,-0.7180647731,0.224622412,0.7304548395,high,1.242742703
joint_no_transition,4,50,e660b6010195823ff8abb7f5ac22b3e84ad23e55b4bfe23f84e74aa932c77d9a,t5,9,high,0.2784924614,0.8974752337,-1.133218366,0.2345076166,0.7215075386,high,1.242742703
joint_no_transition,4,50,e660b6010195823ff8abb7f5ac22b3e84ad23e55b4bfe23f84e74aa932c77d9a,t10,19,high,0.1834298603,1.73723768,-3.127121902,0.1351976289,0.8165701397,high,1.242742703
joint_no_transition,4,50,e660b6010195823ff8abb7f5ac22b3e84ad23e55b4bfe23f84e74aa932c77d9a,t20,39,high,0.117199642,3.698206097,-5.84512043,0.075203827,0.882800358,high,1.242742703
joint_no_transition,4,50,e660b6010195823ff8abb7f5ac22b3e84ad23e55b4bfe23f84e74aa932c77d9a,full,49,high,0.07477453299,4.625376642,-7.553268266,0.04203961839,0.925225467,high,1.242742703
joint_no_transition,4,58,952764ee08a98895af51812c4985a51b674914b70701d789dc4ff497ab2cd741,t3,4,high,0.3068127493,0.5147802681,-0.2319127262,0.2664101541,0.6931872507,high,1.242742703
joint_no_transition,4,58,952764ee08a98895af51812c4985a51b674914b70701d789dc4ff497ab2cd741,t5,8,high,0.3451382473,0.9306148708,-0.4431989938,0.3108923644,0.6548617527,high,1.242742703
joint_no_transition,4,58,952764ee08a98895af51812c4985a51b674914b70701d789dc4ff497ab2cd741,t10,18,high,0.2109117066,1.672982657,-2.40821712,0.1625027951,0.7890882934,high,1.242742703
joint_no_transition,4,58,952764ee08a98895af51812c4985a51b674914b70701d789dc4ff497ab2cd741,t20,38,high,0.1258668212,3.363539362,-5.448651481,0.08253092831,0.8741331788,high,1.242742703
joint_no_transition,4,58,952764ee08a98895af51812c4985a51b674914b70701d789dc4ff497ab2cd741,full,99,high,0.03707084979,8.747775078,-14.19433813,0.0171611338,0.9629291502,high,1.242742703
joint_no_transition,4,59,57e7316fb6c2aea7f22af2debf992411f162fb23b99f26e20ca9917a22800b28,t3,4,low,0.5991058955,0.611049813,1.227775311,0.6222855926,0.4008941045,low,1.242742703
joint_no_transition,4,59,57e7316fb6c2aea7f22af2debf992411f162fb23b99f26e20ca9917a22800b28,full,4,low,0.5991058955,0.611049813,1.227775311,0.6222855926,0.4008941045,low,1.242742703
joint_no_transition,4,62,f8e9ffc7e0ffb6235d54b1268168a35dda2087b04f0eb23655d9033041e4895d,t3,4,high,0.250247267,0.4874360204,-0.6228112936,0.2036470622,0.749752733,high,1.242742703
joint_no_transition,4,62,f8e9ffc7e0ffb6235d54b1268168a35dda2087b04f0eb23655d9033041e4895d,t5,8,high,0.1797295752,0.7650847793,-1.865963912,0.1316202771,0.8202704248,high,1.242742703
joint_no_transition,4,62,f8e9ffc7e0ffb6235d54b1268168a35dda2087b04f0eb23655d9033041e4895d,t10,17,high,0.2338234088,1.736711276,-2.353428948,0.1861921854,0.7661765912,high,1.242742703
joint_no_transition,4,62,f8e9ffc7e0ffb6235d54b1268168a35dda2087b04f0eb23655d9033041e4895d,t20,37,high,0.3337660406,3.783569205,-3.708008432,0.2975515485,0.6662339594,high,1.242742703
joint_no_transition,4,62,f8e9ffc7e0ffb6235d54b1268168a35dda2087b04f0eb23655d9033041e4895d,full,45,high,0.3675094884,4.526612771,-4.262146139,0.3374441147,0.6324905116,high,1.242742703
joint_no_transition,4,68,86e764296ae0d3f82d5181fcf23d71b68aa16bec297d30d24b66814a0222bec9,t3,4,high,0.3740928507,0.557658723,0.1055863589,0.3453285575,0.6259071493,high,1.242742703
joint_no_transition,4,68,86e764296ae0d3f82d5181fcf23d71b68aa16bec297d30d24b66814a0222bec9,t5,8,high,0.4251578152,0.9191365808,0.005133205652,0.4073684454,0.5748421848,high,1.242742703
joint_no_transition,4,68,86e764296ae0d3f82d5181fcf23d71b68aa16bec297d30d24b66814a0222bec9,t10,18,high,0.5820961098,1.944989142,0.03142963648,0.6015254378,0.4179038902,low,1.242742703
joint_no_transition,4,68,86e764296ae0d3f82d5181fcf23d71b68aa16bec297d30d24b66814a0222bec9,t20,38,high,0.7244976391,3.846378061,-0.3275481224,0.7688067913,0.2755023609,low,1.242742703
joint_no_transition,4,68,86e764296ae0d3f82d5181fcf23d71b68aa16bec297d30d24b66814a0222bec9,full,203,high,0.003831413086,17.54640427,-26.56828508,0.0009962675022,0.9961685869,high,1.242742703
joint_no_transition,4,73,e553658a13d5730f215fe7abaa4ffcafffebacc2a2c811523c5848785b07feb6,t3,5,high,0.3007785548,0.6067623943,-0.371486178,0.2595383644,0.6992214452,high,1.242742703
joint_no_transition,4,73,e553658a13d5730f215fe7abaa4ffcafffebacc2a2c811523c5848785b07feb6,t5,9,high,0.2473008692,0.9182108253,-1.036081165,0.200488013,0.7526991308,high,1.242742703
joint_no_transition,4,73,e553658a13d5730f215fe7abaa4ffcafffebacc2a2c811523c5848785b07feb6,t10,19,high,0.1429261321,1.68510828,-3.062251472,0.09744021073,0.8570738679,high,1.242742703
joint_no_transition,4,73,e553658a13d5730f215fe7abaa4ffcafffebacc2a2c811523c5848785b07feb6,full,25,high,0.1244521738,2.155533195,-4.026127386,0.08132328596,0.8755478262,high,1.242742703
joint_no_transition,4,89,a66012a80d34bfaefbf35c783b0cb519be49ffe11837f13fda441b6fe3ddf21a,t3,4,high,0.427885102,0.4496413827,0.4234571517,0.4107179314,0.572114898,high,1.242742703
joint_no_transition,4,89,a66012a80d34bfaefbf35c783b0cb519be49ffe11837f13fda441b6fe3ddf21a,t5,8,high,0.3655781162,0.7492748976,-0.4267245293,0.3351368532,0.6344218838,high,1.242742703
joint_no_transition,4,89,a66012a80d34bfaefbf35c783b0cb519be49ffe11837f13fda441b6fe3ddf21a,t10,18,high,0.1925124372,1.508490467,-3.137058592,0.1440806006,0.8074875628,high,1.242742703
joint_no_transition,4,89,a66012a80d34bfaefbf35c783b0cb519be49ffe11837f13fda441b6fe3ddf21a,t20,38,high,0.06627061823,3.109957409,-7.654639721,0.03599899624,0.9337293818,high,1.242742703
joint_no_transition,4,89,a66012a80d34bfaefbf35c783b0cb519be49ffe11837f13fda441b6fe3ddf21a,full,44,high,0.06240208438,3.585273457,-8.625425243,0.03332714547,0.9375979156,high,1.242742703
joint_no_transition,4,98,5223588a92753ef83373d79e22184bdfc746798fd2eec43f6e0d811eb386d59c,t3,4,high,0.4194162815,0.5949307382,0.2990263104,0.4003270149,0.5805837185,high,1.242742703
joint_no_transition,4,98,5223588a92753ef83373d79e22184bdfc746798fd2eec43f6e0d811eb386d59c,t5,8,high,0.4273965606,0.9561026849,-0.02924231887,0.4101177186,0.5726034394,high,1.242742703
joint_no_transition,4,98,5223588a92753ef83373d79e22184bdfc746798fd2eec43f6e0d811eb386d59c,t10,18,high,0.5683625801,1.806278175,-0.143025738,0.584668985,0.4316374199,low,1.242742703
joint_no_transition,4,98,5223588a92753ef83373d79e22184bdfc746798fd2eec43f6e0d811eb386d59c,t20,38,high,0.7535364192,3.733211547,-0.5399156809,0.8004075348,0.2464635808,low,1.242742703
joint_no_transition,4,98,5223588a92753ef83373d79e22184bdfc746798fd2eec43f6e0d811eb386d59c,full,393,high,0.2785560087,36.07825279,-42.94594727,0.2345781731,0.7214439913,high,1.242742703
joint_no_transition,4,100,bdb51e8336d8c2a0de850780446afe2818d0b4eeee21137a9bc817eff040e3c0,t3,4,high,0.3271142489,0.5223807096,-0.131892769,0.289801535,0.6728857511,high,1.242742703
joint_no_transition,4,100,bdb51e8336d8c2a0de850780446afe2818d0b4eeee21137a9bc817eff040e3c0,t5,8,high,0.3911681434,0.9505701423,-0.2148403794,0.3659119427,0.6088318566,high,1.242742703
joint_no_transition,4,100,bdb51e8336d8c2a0de850780446afe2818d0b4eeee21137a9bc817eff040e3c0,t10,18,high,0.2840453244,1.787419844,-1.877737331,0.2406910546,0.7159546756,high,1.242742703
joint_no_transition,4,100,bdb51e8336d8c2a0de850780446afe2818d0b4eeee21137a9bc817eff040e3c0,t20,38,high,0.222427755,3.58836087,-4.537800407,0.1743099086,0.777572245,high,1.242742703
joint_no_transition,4,100,bdb51e8336d8c2a0de850780446afe2818d0b4eeee21137a9bc817eff040e3c0,full,281,high,0.01887068156,24.99742622,-34.33572149,0.007317121628,0.9811293184,high,1.242742703
joint_no_transition,4,103,e660b6010195823ff8abb7f5ac22b3e84ad23e55b4bfe23f84e74aa932c77d9a,t3,4,high,0.2956085669,0.5152049482,-0.3015039384,0.2536818504,0.7043914331,high,1.242742703
joint_no_transition,4,103,e660b6010195823ff8abb7f5ac22b3e84ad23e55b4bfe23f84e74aa932c77d9a,t5,8,high,0.2531755818,0.840287137,-0.9631011486,0.2067983985,0.7468244182,high,1.242742703
joint_no_transition,4,103,e660b6010195823ff8abb7f5ac22b3e84ad23e55b4bfe23f84e74aa932c77d9a,full,16,high,0.1951241557,1.612853849,-2.180503726,0.14666126,0.8048758443,high,1.242742703
joint_no_transition,4,112,3a6ec6cf0cccb2db4bc4eb1d6583b28f6dc8816b49e0ae8aaa6a06484645efac,t3,4,high,0.4251749644,0.5263359085,0.39941926,0.4073894978,0.5748250356,high,1.242742703
joint_no_transition,4,112,3a6ec6cf0cccb2db4bc4eb1d6583b28f6dc8816b49e0ae8aaa6a06484645efac,t5,8,high,0.4893839652,0.8487806559,0.3949826717,0.4868080795,0.5106160348,high,1.242742703
joint_no_transition,4,112,3a6ec6cf0cccb2db4bc4eb1d6583b28f6dc8816b49e0ae8aaa6a06484645efac,t10,18,high,0.3501939846,1.592213821,-1.376235557,0.3168584518,0.6498060154,high,1.242742703
joint_no_transition,4,112,3a6ec6cf0cccb2db4bc4eb1d6583b28f6dc8816b49e0ae8aaa6a06484645efac,t20,38,high,0.05898267123,3.011002445,-6.869044304,0.03100693214,0.9410173288,high,1.242742703
joint_no_transition,4,112,3a6ec6cf0cccb2db4bc4eb1d6583b28f6dc8816b49e0ae8aaa6a06484645efac,full,64,high,0.03060221219,5.090362167,-11.3806077,0.01346074972,0.9693977878,high,1.242742703
joint_no_transition,4,122,e553658a13d5730f215fe7abaa4ffcafffebacc2a2c811523c5848785b07feb6,t3,5,high,0.2810704843,0.4374988437,-0.3251294017,0.2373738587,0.7189295157,high,1.242742703
joint_no_transition,4,122,e553658a13d5730f215fe7abaa4ffcafffebacc2a2c811523c5848785b07feb6,t5,9,high,0.1741014911,0.6599319577,-1.617715335,0.1262264807,0.8258985089,high,1.242742703
joint_no_transition,4,122,e553658a13d5730f215fe7abaa4ffcafffebacc2a2c811523c5848785b07feb6,t10,19,high,0.09048546518,1.44253788,-3.665663815,0.05376316318,0.9095145348,high,1.242742703
joint_no_transition,4,122,e553658a13d5730f215fe7abaa4ffcafffebacc2a2c811523c5848785b07feb6,full,25,high,0.1595902026,2.061620283,-3.255775261,0.1125910189,0.8404097974,high,1.242742703
joint_no_transition,4,124,4f828f23a69a02612b535ecc3b578f0a9ef09ead831878c8330854912886c5a7,t3,5,high,0.3253480291,0.519762513,-0.1209782183,0.2877505779,0.6746519709,high,1.242742703
joint_no_transition,4,124,4f828f23a69a02612b535ecc3b578f0a9ef09ead831878c8330854912886c5a7,t5,9,high,0.3146251974,0.8719884157,-0.5784164667,0.2753632635,0.6853748026,high,1.242742703
joint_no_transition,4,124,4f828f23a69a02612b535ecc3b578f0a9ef09ead831878c8330854912886c5a7,t10,19,high,0.2997928631,1.753345072,-1.633546382,0.2584195405,0.7002071369,high,1.242742703
joint_no_transition,4,124,4f828f23a69a02612b535ecc3b578f0a9ef09ead831878c8330854912886c5a7,t20,39,high,0.09588617532,3.389027786,-5.32303164,0.05795108341,0.9041138247,high,1.242742703
joint_no_transition,4,124,4f828f23a69a02612b535ecc3b578f0a9ef09ead831878c8330854912886c5a7,full,53,high,0.0420560409,4.51456995,-8.000726938,0.02014303487,0.9579439591,high,1.242742703
joint_no_transition,4,132,95bf0f1bedb8e4250b3f6ee2dd241da6f07f8e65d2fc1c27c4c900116b2d104c,t3,4,high,0.5615130555,0.6177673578,1.042101085,0.5762349904,0.4384869445,low,1.242742703
joint_no_transition,4,132,95bf0f1bedb8e4250b3f6ee2dd241da6f07f8e65d2fc1c27c4c900116b2d104c,t5,8,high,0.6582296226,1.014876616,1.228542995,0.6930701256,0.3417703774,low,1.242742703
joint_no_transition,4,132,95bf0f1bedb8e4250b3f6ee2dd241da6f07f8e65d2fc1c27c4c900116b2d104c,t10,18,high,0.5841893237,1.944133681,-0.1456875086,0.6040876329,0.4158106763,low,1.242742703
joint_no_transition,4,132,95bf0f1bedb8e4250b3f6ee2dd241da6f07f8e65d2fc1c27c4c900116b2d104c,t20,38,high,0.4771803642,3.825442418,-2.976163721,0.4716517832,0.5228196358,high,1.242742703
joint_no_transition,4,132,95bf0f1bedb8e4250b3f6ee2dd241da6f07f8e65d2fc1c27c4c900116b2d104c,full,38,high,0.4771803642,3.825442418,-2.976163721,0.4716517832,0.5228196358,high,1.242742703
qtrace_mi,0,14,892e4e1ab6068fc4434d0054ab76e2c3c0d9bf73fcc5cd615db68815b3134102,t3,4,high,0.1002209431,-0.03788942844,-0.2864111364,0.1683396094,0.8997790569,high,0.7278390218
qtrace_mi,0,14,892e4e1ab6068fc4434d0054ab76e2c3c0d9bf73fcc5cd615db68815b3134102,t5,8,high,0.04993097076,0.01346217394,-1.384788072,0.1048804637,0.9500690292,high,0.7278390218
qtrace_mi,0,14,892e4e1ab6068fc4434d0054ab76e2c3c0d9bf73fcc5cd615db68815b3134102,t10,18,high,0.02452145188,0.6787602186,-2.036187172,0.06410940029,0.9754785481,high,0.7278390218
qtrace_mi,0,14,892e4e1ab6068fc4434d0054ab76e2c3c0d9bf73fcc5cd615db68815b3134102,t20,38,high,0.02035943011,1.471780252,-3.891929817,0.05628546083,0.9796405699,high,0.7278390218
qtrace_mi,0,14,892e4e1ab6068fc4434d0054ab76e2c3c0d9bf73fcc5cd615db68815b3134102,full,48,high,0.03997589557,2.039413953,-4.975048757,0.09000543235,0.9600241044,high,0.7278390218
qtrace_mi,0,17,4e9629cc0367f8dbaf9608d5600aa795a09c3ebbe94051365be8cd7611f13d26,t3,4,low,0.5752854297,0.6081566155,1.282209998,0.5549921393,0.4247145703,low,0.7278390218
qtrace_mi,0,17,4e9629cc0367f8dbaf9608d5600aa795a09c3ebbe94051365be8cd7611f13d26,t5,8,low,0.8432877903,1.052497125,2.736894906,0.7729208946,0.1567122097,low,0.7278390218
qtrace_mi,0,17,4e9629cc0367f8dbaf9608d5600aa795a09c3ebbe94051365be8cd7611f13d26,t10,18,low,0.9503891349,2.04033618,5.548053789,0.8955811262,0.04961086514,low,0.7278390218
qtrace_mi,0,17,4e9629cc0367f8dbaf9608d5600aa795a09c3ebbe94051365be8cd7611f13d26,full,28,low,0.9588423299,2.861572504,7.075809741,0.9081679106,0.04115767009,low,0.7278390218
qtrace_mi,0,21,c1b71ca5fcfb63cd845ec42d43753eca41cf5c90313140ea6e9695c2c654df6d,t3,4,high,0.1443653743,0.1443336368,-0.1251644015,0.2149762094,0.8556346257,high,0.7278390218
qtrace_mi,0,21,c1b71ca5fcfb63cd845ec42d43753eca41cf5c90313140ea6e9695c2c654df6d,t5,8,high,0.1389768782,0.298296535,-0.5091084301,0.2095826641,0.8610231218,high,0.7278390218
qtrace_mi,0,21,c1b71ca5fcfb63cd845ec42d43753eca41cf5c90313140ea6e9695c2c654df6d,t10,18,high,0.4075869187,0.7719712257,0.3961343288,0.4323731229,0.5924130813,high,0.7278390218
qtrace_mi,0,21,c1b71ca5fcfb63cd845ec42d43753eca41cf5c90313140ea6e9695c2c654df6d,t20,38,high,0.2495637032,1.375958824,-1.976028264,0.3097459013,0.7504362968,high,0.7278390218
qtrace_mi,0,21,c1b71ca5fcfb63cd845ec42d43753eca41cf5c90313140ea6e9695c2c654df6d,full,246,high,6.913792995e-08,4.934902191,-45.50505428,6.144174222e-06,0.9999999309,high,0.7278390218
qtrace_mi,0,27,e883cab14c33a28c3bf1e25281ef335a7bcd08f31fb3e2cea1e824982af00196,t3,4,low,0.1458774448,0.1548188865,-0.2125974953,0.2164770849,0.8541225552,high,0.7278390218
qtrace_mi,0,27,e883cab14c33a28c3bf1e25281ef335a7bcd08f31fb3e2cea1e824982af00196,t5,8,low,0.1336024667,0.3082994819,-0.9509385943,0.2041303029,0.8663975333,high,0.7278390218
qtrace_mi,0,27,e883cab14c33a28c3bf1e25281ef335a7bcd08f31fb3e2cea1e824982af00196,t10,18,low,0.312613104,0.8672068357,-0.8898328871,0.3604326302,0.687386896,high,0.7278390218
qtrace_mi,0,27,e883cab14c33a28c3bf1e25281ef335a7bcd08f31fb3e2cea1e824982af00196,full,22,low,0.3501123882,1.052927291,-0.9132563651,0.389312893,0.6498876118,high,0.7278390218
qtrace_mi,0,46,2815019765d0a2b0cd8db67fb79e15ec0c4893de14483f3e6156ddacadb10f7a,t3,4,high,0.3264510972,0.2438462108,0.7458120823,0.3711796165,0.6735489028,high,0.7278390218
qtrace_mi,0,46,2815019765d0a2b0cd8db67fb79e15ec0c4893de14483f3e6156ddacadb10f7a,t5,8,high,0.3965665053,0.4538481295,0.725416553,0.4242034882,0.6034334947,high,0.7278390218
qtrace_mi,0,46,2815019765d0a2b0cd8db67fb79e15ec0c4893de14483f3e6156ddacadb10f7a,t10,18,high,0.5236777169,0.9030737638,0.7416864455,0.5172396295,0.4763222831,low,0.7278390218
qtrace_mi,0,46,2815019765d0a2b0cd8db67fb79e15ec0c4893de14483f3e6156ddacadb10f7a,t20,38,high,0.3683852427,1.525352716,-1.043971813,0.4031361461,0.6316147573,high,0.7278390218
qtrace_mi,0,46,2815019765d0a2b0cd8db67fb79e15ec0c4893de14483f3e6156ddacadb10f7a,full,58,high,0.3314854148,2.174435902,-3.432017946,0.3750621537,0.6685145852,high,0.7278390218
qtrace_mi,0,53,646074c09ce77345f3d6434db5b2b976626086f4a3ba9020dc6fa992fa6887ac,t3,4,low,0.6052089359,0.6770120859,1.277303475,0.5771159708,0.3947910641,low,0.7278390218
qtrace_mi,0,53,646074c09ce77345f3d6434db5b2b976626086f4a3ba9020dc6fa992fa6887ac,t5,8,low,0.7469575241,0.8371893525,1.902827275,0.6873695076,0.2530424759,low,0.7278390218
qtrace_mi,0,53,646074c09ce77345f3d6434db5b2b976626086f4a3ba9020dc6fa992fa6887ac,t10,18,low,0.7075864845,1.114875624,1.980454493,0.6554730177,0.2924135155,low,0.7278390218
qtrace_mi,0,53,646074c09ce77345f3d6434db5b2b976626086f4a3ba9020dc6fa992fa6887ac,t20,38,low,0.4696717608,1.819161797,0.1356619358,0.4779131753,0.5303282392,high,0.7278390218
qtrace_mi,0,53,646074c09ce77345f3d6434db5b2b976626086f4a3ba9020dc6fa992fa6887ac,full,106,low,0.26605774,4.346907043,-5.254423618,0.3233211614,0.73394226,high,0.7278390218
qtrace_mi,0,55,1b9abf33ba8b2badfab01f2ee1f7aa958800a9808d579c0ec4e6bc41eb27f449,t3,4,high,0.1262624744,0.07632764578,-0.2903074384,0.1965584993,0.8737375256,high,0.7278390218
qtrace_mi,0,55,1b9abf33ba8b2badfab01f2ee1f7aa958800a9808d579c0ec4e6bc41eb27f449,t5,8,high,0.2400209387,0.4842180252,-0.1672039866,0.3017703891,0.7599790613,high,0.7278390218
qtrace_mi,0,55,1b9abf33ba8b2badfab01f2ee1f7aa958800a9808d579c0ec4e6bc41eb27f449,t10,18,high,0.2257911295,1.19692871,-0.9708432138,0.2896949515,0.7742088705,high,0.7278390218
qtrace_mi,0,55,1b9abf33ba8b2badfab01f2ee1f7aa958800a9808d579c0ec4e6bc41eb27f449,t20,38,high,0.07560786946,1.755517459,-3.209579659,0.1391700635,0.9243921305,high,0.7278390218
qtrace_mi,0,55,1b9abf33ba8b2badfab01f2ee1f7aa958800a9808d579c0ec4e6bc41eb27f449,full,64,high,0.06215394936,2.720634651,-6.31969974,0.121817081,0.9378460506,high,0.7278390218
qtrace_mi,0,65,884e0cb0d19baa05ae86bae59b5351a82ddcdb9a7af044867db66a819a131389,t3,5,high,0.04732499719,0.02911827564,-1.162148893,0.1010925254,0.9526750028,high,0.7278390218
qtrace_mi,0,65,884e0cb0d19baa05ae86bae59b5351a82ddcdb9a7af044867db66a819a131389,t5,9,high,0.03340787895,0.04964060783,-1.796427989,0.07949946616,0.9665921211,high,0.7278390218
qtrace_mi,0,65,884e0cb0d19baa05ae86bae59b5351a82ddcdb9a7af044867db66a819a131389,t10,19,high,0.002277493829,0.09203281403,-4.417002535,0.01180907363,0.9977225062,high,0.7278390218
qtrace_mi,0,65,884e0cb0d19baa05ae86bae59b5351a82ddcdb9a7af044867db66a819a131389,full,33,high,2.577427137e-05,0.1924118042,-8.210313416,0.0004569745734,0.9999742257,high,0.7278390218
qtrace_mi,0,67,38b5c44ace8c39b31954af0c9b3057abad24dd37ec441de169f055949fb91ed3,t3,4,high,0.1598066708,0.1926879823,-0.1912464619,0.23006033,0.8401933292,high,0.7278390218
qtrace_mi,0,67,38b5c44ace8c39b31954af0c9b3057abad24dd37ec441de169f055949fb91ed3,t5,8,high,0.162954597,0.5145652235,-0.6190874577,0.233072868,0.837045403,high,0.7278390218
qtrace_mi,0,67,38b5c44ace8c39b31954af0c9b3057abad24dd37ec441de169f055949fb91ed3,t10,18,high,0.1732925062,1.047391862,-1.216025075,0.24282992,0.8267074938,high,0.7278390218
qtrace_mi,0,67,38b5c44ace8c39b31954af0c9b3057abad24dd37ec441de169f055949fb91ed3,t20,38,high,0.003627699303,1.255612564,-4.937438679,0.01650910578,0.9963723007,high,0.7278390218
qtrace_mi,0,67,38b5c44ace8c39b31954af0c9b3057abad24dd37ec441de169f055949fb91ed3,full,46,high,0.005042466664,1.390764856,-5.851572728,0.02090813684,0.9949575333,high,0.7278390218
qtrace_mi,0,69,eff9b2507927f7894349799dbb77b0c66871e7547a4170f6e6ef409f01493d5d,t3,4,low,0.8168616407,0.6055766225,2.288441217,0.7480586648,0.1831383593,low,0.7278390218
qtrace_mi,0,69,eff9b2507927f7894349799dbb77b0c66871e7547a4170f6e6ef409f01493d5d,full,6,low,0.849719639,0.780400455,2.257890213,0.7791829109,0.150280361,low,0.7278390218
qtrace_mi,0,70,eff9b2507927f7894349799dbb77b0c66871e7547a4170f6e6ef409f01493d5d,t3,4,high,0.7688104452,0.7100350261,2.041627979,0.7056969941,0.2311895548,low,0.7278390218
qtrace_mi,0,70,eff9b2507927f7894349799dbb77b0c66871e7547a4170f6e6ef409f01493d5d,t5,8,high,0.8823500159,1.005703592,2.212676132,0.8125255108,0.1176499841,low,0.7278390218
qtrace_mi,0,70,eff9b2507927f7894349799dbb77b0c66871e7547a4170f6e6ef409f01493d5d,full,10,high,0.8690317374,1.112847531,1.936183858,0.7985699654,0.1309682626,low,0.7278390218
qtrace_mi,0,77,5ee3de464b1eb18f6dbc71fac32dd821ec33a6f6ea0d273324ce5d81751bbc74,t3,4,high,0.05118236043,0.05093312263,-1.571937656,0.1066753316,0.9488176396,high,0.7278390218
qtrace_mi,0,77,5ee3de464b1eb18f6dbc71fac32dd821ec33a6f6ea0d273324ce5d81751bbc74,t5,8,high,0.2028755015,0.2869367957,-0.4461434424,0.2697309015,0.7971244985,high,0.7278390218
qtrace_mi,0,77,5ee3de464b1eb18f6dbc71fac32dd821ec33a6f6ea0d273324ce5d81751bbc74,t10,18,high,0.1277001994,0.3598458767,-1.773451805,0.1980534966,0.8722998006,high,0.7278390218
qtrace_mi,0,77,5ee3de464b1eb18f6dbc71fac32dd821ec33a6f6ea0d273324ce5d81751bbc74,t20,38,high,0.08479822272,1.12818861,-3.599216652,0.1504041964,0.9152017773,high,0.7278390218
qtrace_mi,0,77,5ee3de464b1eb18f6dbc71fac32dd821ec33a6f6ea0d273324ce5d81751bbc74,full,42,high,0.1105570422,1.369456673,-4.014802837,0.1798165641,0.8894429578,high,0.7278390218
qtrace_mi,0,79,2523640a662b9aab8fa56e40699e7726fd765a9ae7ecdc36a012e3ad8211a245,t3,5,high,0.09352654711,0.02470470965,-0.8892191857,0.1606833052,0.9064734529,high,0.7278390218
qtrace_mi,0,79,2523640a662b9aab8fa56e40699e7726fd765a9ae7ecdc36a012e3ad8211a245,t5,9,high,0.1078161199,0.00766889751,-1.14972018,0.1768113246,0.8921838801,high,0.7278390218
qtrace_mi,0,79,2523640a662b9aab8fa56e40699e7726fd765a9ae7ecdc36a012e3ad8211a245,full,9,high,0.1078161199,0.00766889751,-1.14972018,0.1768113246,0.8921838801,high,0.7278390218
qtrace_mi,0,80,a6ba01099092faefda72e83a5ffad12164972913b573b6580138d019a5453418,t3,4,high,0.08271676361,0.1088776499,-0.7653564692,0.1478988901,0.9172832364,high,0.7278390218
qtrace_mi,0,80,a6ba01099092faefda72e83a5ffad12164972913b573b6580138d019a5453418,t5,8,high,0.05832126727,0.1682415485,-1.358807087,0.1166413056,0.9416787327,high,0.7278390218
qtrace_mi,0,80,a6ba01099092faefda72e83a5ffad12164972913b573b6580138d019a5453418,t10,18,high,0.03694942614,0.3643353939,-2.3065588,0.08524243101,0.9630505739,high,0.7278390218
qtrace_mi,0,80,a6ba01099092faefda72e83a5ffad12164972913b573b6580138d019a5453418,t20,38,high,0.001432409451,0.7494139194,-5.82818718,0.008449724715,0.9985675905,high,0.7278390218
qtrace_mi,0,80,a6ba01099092faefda72e83a5ffad12164972913b573b6580138d019a5453418,full,62,high,0.0003433768729,1.598221588,-9.60102787,0.00300193895,0.9996566231,high,0.7278390218
qtrace_mi,0,82,eac114d0fbda834121eb1da95e9dd3d4e76db9e3188fcf74d6d679a8efd3c8f1,t3,4,high,0.115921711,0.008637946844,-0.2211551666,0.1856238566,0.884078289,high,0.7278390218
qtrace_mi,0,82,eac114d0fbda834121eb1da95e9dd3d4e76db9e3188fcf74d6d679a8efd3c8f1,t5,8,high,0.1177730799,0.09827726483,-0.2841833591,0.1876059346,0.8822269201,high,0.7278390218
qtrace_mi,0,82,eac114d0fbda834121eb1da95e9dd3d4e76db9e3188fcf74d6d679a8efd3c8f1,t10,18,high,0.1926801589,0.6415564656,-0.3355900645,0.2606165558,0.8073198411,high,0.7278390218
qtrace_mi,0,82,eac114d0fbda834121eb1da95e9dd3d4e76db9e3188fcf74d6d679a8efd3c8f1,full,36,high,0.1040066862,1.213005877,-1.848995137,0.172589479,0.8959933138,high,0.7278390218
qtrace_mi,0,87,c2a6706263d09c63b307df18a79bae14418b0faf3038d47b68ad4d2e853e3f99,t3,4,high,0.08586019512,0.1836571753,-0.5322548747,0.1516740866,0.9141398049,high,0.7278390218
qtrace_mi,0,87,c2a6706263d09c63b307df18a79bae14418b0faf3038d47b68ad4d2e853e3f99,t5,8,high,0.0369594584,0.1919384599,-1.301502907,0.08525843099,0.9630405416,high,0.7278390218
qtrace_mi,0,87,c2a6706263d09c63b307df18a79bae14418b0faf3038d47b68ad4d2e853e3f99,t10,18,high,0.002398704642,0.2003979087,-4.307916069,0.01225877774,0.9976012954,high,0.7278390218
qtrace_mi,0,87,c2a6706263d09c63b307df18a79bae14418b0faf3038d47b68ad4d2e853e3f99,full,24,high,0.0003387796823,0.2789645433,-5.98713026,0.002972710341,0.9996612203,high,0.7278390218
qtrace_mi,0,94,16ad8c075416a1640a523d8697d580ecb71be79a914d2b7439592eef75b54a0e,t3,4,high,0.1054904266,-0.04664036632,-0.2615213037,0.1742402159,0.8945095734,high,0.7278390218
qtrace_mi,0,94,16ad8c075416a1640a523d8697d580ecb71be79a914d2b7439592eef75b54a0e,t5,8,high,0.1004273493,-0.09959126711,-1.08986578,0.1685727611,0.8995726507,high,0.7278390218
qtrace_mi,0,94,16ad8c075416a1640a523d8697d580ecb71be79a914d2b7439592eef75b54a0e,t10,18,high,0.05957634372,-0.09414137602,-3.404637361,0.1183488133,0.9404236563,high,0.7278390218
qtrace_mi,0,94,16ad8c075416a1640a523d8697d580ecb71be79a914d2b7439592eef75b54a0e,t20,38,high,0.002157925241,0.08216615915,-7.963907242,0.0113587162,0.9978420748,high,0.7278390218
qtrace_mi,0,94,16ad8c075416a1640a523d8697d580ecb71be79a914d2b7439592eef75b54a0e,full,60,high,7.392600932e-05,0.5715356112,-11.2751112,0.0009834346341,0.999926074,high,0.7278390218
qtrace_mi,0,101,c5c61ac6a632dc81f083aca02a5ce3ff9b90ef1e69a86f138b246bd23e7d0ea9,t3,4,high,0.2474442049,0.3938166842,0.315115875,0.3079825431,0.7525557951,high,0.7278390218
qtrace_mi,0,101,c5c61ac6a632dc81f083aca02a5ce3ff9b90ef1e69a86f138b246bd23e7d0ea9,t5,8,high,0.374746429,0.6750660956,0.4597639918,0.4079162091,0.625253571,high,0.7278390218
qtrace_mi,0,101,c5c61ac6a632dc81f083aca02a5ce3ff9b90ef1e69a86f138b246bd23e7d0ea9,t10,18,high,0.377960712,1.382348865,-0.1797191724,0.4103257611,0.622039288,high,0.7278390218
qtrace_mi,0,101,c5c61ac6a632dc81f083aca02a5ce3ff9b90ef1e69a86f138b246bd23e7d0ea9,t20,38,high,0.08943265704,1.864048243,-3.144859457,0.1559060662,0.910567343,high,0.7278390218
qtrace_mi,0,101,c5c61ac6a632dc81f083aca02a5ce3ff9b90ef1e69a86f138b246bd23e7d0ea9,full,62,high,0.1416320245,3.047658277,-5.566255379,0.2122491965,0.8583679755,high,0.7278390218
qtrace_mi,0,104,ce81615fdfacce198687f92d3c58747d1f210c5783fa3bb46aa95df8fb61efdc,t3,4,high,0.1951004189,0.239659597,0.121925503,0.2627942264,0.8048995811,high,0.7278390218
qtrace_mi,0,104,ce81615fdfacce198687f92d3c58747d1f210c5783fa3bb46aa95df8fb61efdc,t5,8,high,0.3171541363,0.6117513895,0.2797047496,0.363971892,0.6828458637,high,0.7278390218
qtrace_mi,0,104,ce81615fdfacce198687f92d3c58747d1f210c5783fa3bb46aa95df8fb61efdc,t10,18,high,0.4154239103,1.07464155,0.3489028871,0.4381630212,0.5845760897,high,0.7278390218
qtrace_mi,0,104,ce81615fdfacce198687f92d3c58747d1f210c5783fa3bb46aa95df8fb61efdc,t20,38,high,0.4112136608,1.87044301,-0.182690239,0.4350544571,0.5887863392,high,0.7278390218
qtrace_mi,0,104,ce81615fdfacce198687f92d3c58747d1f210c5783fa3bb46aa95df8fb61efdc,full,54,high,0.379034573,2.307089329,-0.9883180141,0.4111299307,0.620965427,high,0.7278390218
qtrace_mi,0,108,b74f3f5afc0b04fa76647aa59087b92f57a410aac28d92b9e08e36f063008fba,t3,4,high,0.2503098408,0.07973043919,0.6508920848,0.3103655994,0.7496901592,high,0.7278390218
qtrace_mi,0,108,b74f3f5afc0b04fa76647aa59087b92f57a410aac28d92b9e08e36f063008fba,t5,8,high,0.233867184,0.1342271566,0.4064364552,0.2965762004,0.766132816,high,0.7278390218
qtrace_mi,0,108,b74f3f5afc0b04fa76647aa59087b92f57a410aac28d92b9e08e36f063008fba,t10,18,high,0.1810212385,0.4800574303,-0.276554662,0.2499962874,0.8189787615,high,0.7278390218
qtrace_mi,0,108,b74f3f5afc0b04fa76647aa59087b92f57a410aac28d92b9e08e36f063008fba,t20,38,high,0.01029682894,0.6579314232,-4.732007694,0.03479054944,0.9897031711,high,0.7278390218
qtrace_mi,0,108,b74f3f5afc0b04fa76647aa59087b92f57a410aac28d92b9e08e36f063008fba,full,56,high,0.03536487086,1.211000347,-6.002639031,0.08269671076,0.9646351291,high,0.7278390218
qtrace_mi,0,109,f92544f5ed508add4c093c58e76fce40d49ca14b51000a7b8770e0152039d485,t3,4,high,0.4409589896,0.6361801505,0.7475831628,0.4569332153,0.5590410104,high,0.7278390218
qtrace_mi,0,109,f92544f5ed508add4c093c58e76fce40d49ca14b51000a7b8770e0152039d485,t5,8,high,0.6995230679,0.932068193,1.384527302,0.6490905911,0.3004769321,low,0.7278390218
qtrace_mi,0,109,f92544f5ed508add4c093c58e76fce40d49ca14b51000a7b8770e0152039d485,t10,18,high,0.6675920759,1.399745253,0.7609721422,0.6242278911,0.3324079241,low,0.7278390218
qtrace_mi,0,109,f92544f5ed508add4c093c58e76fce40d49ca14b51000a7b8770e0152039d485,t20,38,high,0.2606880373,1.81808629,-1.50640645,0.318929413,0.7393119627,high,0.7278390218
qtrace_mi,0,109,f92544f5ed508add4c093c58e76fce40d49ca14b51000a7b8770e0152039d485,full,44,high,0.1864519796,1.817532253,-2.253650761,0.2549706492,0.8135480204,high,0.7278390218
qtrace_mi,0,119,5e9b1bd1f06698191157fbc99f25182854ee47dcc819d045d1eee684d797587b,t3,4,high,0.1036648962,-0.02631399184,-0.2976865411,0.1722080484,0.8963351038,high,0.7278390218
qtrace_mi,0,119,5e9b1bd1f06698191157fbc99f25182854ee47dcc819d045d1eee684d797587b,t5,8,high,0.1106528793,-0.03319139443,-0.452156806,0.1799211659,0.8893471207,high,0.7278390218
qtrace_mi,0,119,5e9b1bd1f06698191157fbc99f25182854ee47dcc819d045d1eee684d797587b,t10,18,high,0.03200052254,-0.02139312923,-2.289994138,0.07716160885,0.9679994775,high,0.7278390218
qtrace_mi,0,119,5e9b1bd1f06698191157fbc99f25182854ee47dcc819d045d1eee684d797587b,t20,38,high,0.001290562832,0.05789511204,-5.610608888,0.007836171293,0.9987094372,high,0.7278390218
qtrace_mi,0,119,5e9b1bd1f06698191157fbc99f25182854ee47dcc819d045d1eee684d797587b,full,84,high,7.496775443e-07,1.22547245,-13.44732757,3.482408883e-05,0.9999992503,high,0.7278390218
qtrace_mi,0,121,b3b2e2bd4653e0479aa37231686157e94d03881d3e717ffb4b92970e7582dc0d,t3,4,high,0.2421720901,0.4694340467,0.202730763,0.3035764843,0.7578279099,high,0.7278390218
qtrace_mi,0,121,b3b2e2bd4653e0479aa37231686157e94d03881d3e717ffb4b92970e7582dc0d,t5,8,high,0.3358550127,0.6096841484,0.3602240503,0.3784209549,0.6641449873,high,0.7278390218
qtrace_mi,0,121,b3b2e2bd4653e0479aa37231686157e94d03881d3e717ffb4b92970e7582dc0d,t10,18,high,0.07167526079,0.7937421918,-2.146167779,0.1342180382,0.9283247392,high,0.7278390218
qtrace_mi,0,121,b3b2e2bd4653e0479aa37231686157e94d03881d3e717ffb4b92970e7582dc0d,t20,38,high,0.001297547174,1.215556431,-6.881025124,0.007866812074,0.9987024528,high,0.7278390218
qtrace_mi,0,121,b3b2e2bd4653e0479aa37231686157e94d03881d3e717ffb4b92970e7582dc0d,full,596,high,6.913792995e-08,12.49391098,-121.0502541,6.144174222e-06,0.9999999309,high,0.7278390218
qtrace_mi,0,123,6c7e3cea7a4858b1ace2a58c01677e91a03db28f550513c277a01f23b2083836,t3,4,low,0.6773778712,0.6847920895,1.633825058,0.6317828238,0.3226221288,low,0.7278390218
qtrace_mi,0,123,6c7e3cea7a4858b1ace2a58c01677e91a03db28f550513c277a01f23b2083836,t5,8,low,0.755367893,0.9427628756,1.953154671,0.6943640471,0.244632107,low,0.7278390218
qtrace_mi,0,123,6c7e3cea7a4858b1ace2a58c01677e91a03db28f550513c277a01f23b2083836,t10,18,low,0.87276726,1.825472546,3.249089247,0.8024319351,0.12723274,low,0.7278390218
qtrace_mi,0,123,6c7e3cea7a4858b1ace2a58c01677e91a03db28f550513c277a01f23b2083836,full,26,low,0.9782655546,2.488666725,6.300349748,0.9410772443,0.02173444542,low,0.7278390218
qtrace_mi,0,131,78d93e44688ea4c2b1b0be54e645ffaf0ab8c612ccfe0606b26306c0bdd7eb9e,t3,4,low,0.0949087922,0.02536002696,-0.6873500764,0.1622795649,0.9050912078,high,0.7278390218
qtrace_mi,0,131,78d93e44688ea4c2b1b0be54e645ffaf0ab8c612ccfe0606b26306c0bdd7eb9e,t5,8,low,0.1139851729,0.01469198912,-1.110123891,0.1835386607,0.8860148271,high,0.7278390218
qtrace_mi,0,131,78d93e44688ea4c2b1b0be54e645ffaf0ab8c612ccfe0606b26306c0bdd7eb9e,t10,18,low,0.03239191678,0.2513264179,-3.676105046,0.07781514373,0.9676080832,high,0.7278390218
qtrace_mi,0,131,78d93e44688ea4c2b1b0be54e645ffaf0ab8c612ccfe0606b26306c0bdd7eb9e,t20,38,low,0.000532998057,0.7083123684,-7.027164555,0.004130040753,0.9994670019,high,0.7278390218
qtrace_mi,0,131,78d93e44688ea4c2b1b0be54e645ffaf0ab8c612ccfe0606b26306c0bdd7eb9e,full,90,low,3.981745767e-05,2.816176891,-14.22758722,0.0006270497464,0.9999601825,high,0.7278390218
qtrace_mi,1,5,acef12612f4cc8a8551d6eed74f7140693018819c768baebe55af31070bb4a48,t3,4,high,0.09050251957,0.2319069572,-0.250542663,0.1497086421,0.9094974804,high,0.7527094708
qtrace_mi,1,5,acef12612f4cc8a8551d6eed74f7140693018819c768baebe55af31070bb4a48,t5,8,high,0.03064159106,0.2815770298,-1.167695779,0.06913414896,0.9693584089,high,0.7527094708
qtrace_mi,1,5,acef12612f4cc8a8551d6eed74f7140693018819c768baebe55af31070bb4a48,t10,18,high,0.001509745499,0.1256415248,-3.900551967,0.007477704622,0.9984902545,high,0.7527094708
qtrace_mi,1,5,acef12612f4cc8a8551d6eed74f7140693018819c768baebe55af31070bb4a48,t20,38,high,4.802057571e-05,-0.2289916039,-8.201948047,0.0005612306308,0.9999519794,high,0.7527094708
qtrace_mi,1,5,acef12612f4cc8a8551d6eed74f7140693018819c768baebe55af31070bb4a48,full,202,high,1.192067777e-07,-0.4083755493,-39.92789822,6.144174222e-06,0.9999998808,high,0.7527094708
qtrace_mi,1,8,242385d41a2f2e2c7cf667f3555e67d2393f27bebfb58a47237bcb1fe3ddc21f,t3,4,high,0.254982455,0.4958837688,0.398522085,0.3085162997,0.745017545,high,0.7527094708
qtrace_mi,1,8,242385d41a2f2e2c7cf667f3555e67d2393f27bebfb58a47237bcb1fe3ddc21f,t5,8,high,0.4078052029,0.7476898909,0.6925423086,0.4302588165,0.5921947971,high,0.7527094708
qtrace_mi,1,8,242385d41a2f2e2c7cf667f3555e67d2393f27bebfb58a47237bcb1fe3ddc21f,t10,18,high,0.3183289446,1.190283644,-0.1432419062,0.3605080783,0.6816710554,high,0.7527094708
qtrace_mi,1,8,242385d41a2f2e2c7cf667f3555e67d2393f27bebfb58a47237bcb1fe3ddc21f,full,28,high,0.2643144951,1.561828113,-0.8794315577,0.3163664401,0.7356855049,high,0.7527094708
qtrace_mi,1,11,9063fe5a96a210ebfe12759f47a23a0522765005e854174ae1dbba306d5ab91e,t3,4,high,0.03404617025,-0.04436633885,-0.8688900292,0.0745980978,0.9659538298,high,0.7527094708
qtrace_mi,1,11,9063fe5a96a210ebfe12759f47a23a0522765005e854174ae1dbba306d5ab91e,t5,8,high,0.01338837884,-0.05747538209,-1.630921179,0.03781257775,0.9866116212,high,0.7527094708
qtrace_mi,1,11,9063fe5a96a210ebfe12759f47a23a0522765005e854174ae1dbba306d5ab91e,full,14,high,0.007543583177,0.27533952,-2.480190021,0.02477495056,0.9924564168,high,0.7527094708
qtrace_mi,1,22,908b32eb48120ce4dbf68981ea7e019915cec0971b94eafa2f753fb312d2777a,t3,4,high,0.05030427501,0.1538207829,-0.6365027159,0.09872259498,0.949695725,high,0.7527094708
qtrace_mi,1,22,908b32eb48120ce4dbf68981ea7e019915cec0971b94eafa2f753fb312d2777a,t5,8,high,0.0159623159,0.1492775306,-1.651483652,0.04301486798,0.9840376841,high,0.7527094708
qtrace_mi,1,22,908b32eb48120ce4dbf68981ea7e019915cec0971b94eafa2f753fb312d2777a,t10,18,high,0.00243225962,0.1244833767,-3.784172076,0.0106796721,0.9975677404,high,0.7527094708
qtrace_mi,1,22,908b32eb48120ce4dbf68981ea7e019915cec0971b94eafa2f753fb312d2777a,t20,38,high,0.0001894269747,-0.3288161516,-7.206068182,0.001575333237,0.999810573,high,0.7527094708
qtrace_mi,1,22,908b32eb48120ce4dbf68981ea7e019915cec0971b94eafa2f753fb312d2777a,full,132,high,1.192067777e-07,-1.974424744,-26.06156445,6.144174222e-06,0.9999998808,high,0.7527094708
qtrace_mi,1,26,9063fe5a96a210ebfe12759f47a23a0522765005e854174ae1dbba306d5ab91e,t3,4,high,0.07403465895,0.1629993379,-0.3463207155,0.1299305975,0.9259653411,high,0.7527094708
qtrace_mi,1,26,9063fe5a96a210ebfe12759f47a23a0522765005e854174ae1dbba306d5ab91e,t5,8,high,0.0882569168,0.3197000042,-0.4012941897,0.1470840856,0.9117430832,high,0.7527094708
qtrace_mi,1,26,9063fe5a96a210ebfe12759f47a23a0522765005e854174ae1dbba306d5ab91e,full,12,high,0.04988137198,0.3650609374,-0.9623155355,0.09812895507,0.950118628,high,0.7527094708
qtrace_mi,1,43,c3a7a0efb4205fb087261214ecfa7aceebcb7e8cf295163f6d694dd21fdeebe4,t3,4,high,0.1247894447,0.3128435344,-0.07436218858,0.1875277281,0.8752105553,high,0.7527094708
qtrace_mi,1,43,c3a7a0efb4205fb087261214ecfa7aceebcb7e8cf295163f6d694dd21fdeebe4,t5,8,high,0.08022013293,0.4216232508,-0.5938181877,0.1375097215,0.9197798671,high,0.7527094708
qtrace_mi,1,43,c3a7a0efb4205fb087261214ecfa7aceebcb7e8cf295163f6d694dd21fdeebe4,t10,18,high,0.03309148365,0.6213420451,-2.035693145,0.07308322359,0.9669085163,high,0.7527094708
qtrace_mi,1,43,c3a7a0efb4205fb087261214ecfa7aceebcb7e8cf295163f6d694dd21fdeebe4,t20,39,high,0.002301281262,0.5237098515,-5.979595089,0.01024730011,0.9976987187,high,0.7527094708
qtrace_mi,1,43,c3a7a0efb4205fb087261214ecfa7aceebcb7e8cf295163f6d694dd21fdeebe4,full,49,high,0.0003774723233,0.4069018096,-7.765177035,0.002644614417,0.9996225277,high,0.7527094708
qtrace_mi,1,44,e6803c63f300fa480953ca2fe972e030e123c7f9c1d9ed559d04ae2394d0d86b,t3,4,low,0.3302520814,0.3875586629,0.7928930163,0.3700040162,0.6697479186,high,0.7527094708
qtrace_mi,1,44,e6803c63f300fa480953ca2fe972e030e123c7f9c1d9ed559d04ae2394d0d86b,t5,8,low,0.2196082871,0.4390496626,0.2331797123,0.2780011326,0.7803917129,high,0.7527094708
qtrace_mi,1,44,e6803c63f300fa480953ca2fe972e030e123c7f9c1d9ed559d04ae2394d0d86b,t10,18,low,0.05021080885,0.5897203982,-1.728332257,0.09859152809,0.9497891912,high,0.7527094708
qtrace_mi,1,44,e6803c63f300fa480953ca2fe972e030e123c7f9c1d9ed559d04ae2394d0d86b,t20,38,low,0.0008460319679,0.4906534493,-5.855791593,0.004845983237,0.999153968,high,0.7527094708
qtrace_mi,1,44,e6803c63f300fa480953ca2fe972e030e123c7f9c1d9ed559d04ae2394d0d86b,full,172,low,1.192067777e-07,1.269246817,-26.43073297,6.144174222e-06,0.9999998808,high,0.7527094708
qtrace_mi,1,47,f73fbbd46db1893b89699f228eb96713fbf24e13dabbda4707c125290203f537,t3,4,high,0.2097317952,0.4801512495,0.2126638174,0.2692361742,0.7902682048,high,0.7527094708
qtrace_mi,1,47,f73fbbd46db1893b89699f228eb96713fbf24e13dabbda4707c125290203f537,t5,8,high,0.1402135104,0.5726760983,-0.2478960693,0.2034204483,0.8597864896,high,0.7527094708
qtrace_mi,1,47,f73fbbd46db1893b89699f228eb96713fbf24e13dabbda4707c125290203f537,full,14,high,0.1757322295,0.8347951174,-0.3437919378,0.2380612642,0.8242677705,high,0.7527094708
qtrace_mi,1,66,60300796ba7899fd40ecbaa91387c5ca83e5757c4513c7aae95783e2e3877244,t3,4,high,0.207315962,0.3949598372,0.3079792231,0.2670739144,0.792684038,high,0.7527094708
qtrace_mi,1,66,60300796ba7899fd40ecbaa91387c5ca83e5757c4513c7aae95783e2e3877244,t5,8,high,0.4464171783,0.681147477,0.8515431285,0.4596004933,0.5535828217,high,0.7527094708
qtrace_mi,1,66,60300796ba7899fd40ecbaa91387c5ca83e5757c4513c7aae95783e2e3877244,t10,17,high,0.471506585,1.250045592,0.3868949354,0.4785426617,0.528493415,high,0.7527094708
qtrace_mi,1,66,60300796ba7899fd40ecbaa91387c5ca83e5757c4513c7aae95783e2e3877244,full,29,high,0.3612591443,1.796006751,-0.6236789823,0.3943719327,0.6387408557,high,0.7527094708
qtrace_mi,1,71,acef12612f4cc8a8551d6eed74f7140693018819c768baebe55af31070bb4a48,t3,4,high,0.1292892098,0.4203082472,-0.1307006702,0.1922259003,0.8707107902,high,0.7527094708
qtrace_mi,1,71,acef12612f4cc8a8551d6eed74f7140693018819c768baebe55af31070bb4a48,t5,8,high,0.04341819829,0.4180981606,-1.037180446,0.08885107264,0.9565818017,high,0.7527094708
qtrace_mi,1,71,acef12612f4cc8a8551d6eed74f7140693018819c768baebe55af31070bb4a48,t10,18,high,0.003559482962,0.2561921149,-3.441384393,0.0141862071,0.996440517,high,0.7527094708
qtrace_mi,1,71,acef12612f4cc8a8551d6eed74f7140693018819c768baebe55af31070bb4a48,t20,38,high,0.0001480031524,0.4182887018,-7.375855988,0.00130859839,0.9998519968,high,0.7527094708
qtrace_mi,1,71,acef12612f4cc8a8551d6eed74f7140693018819c768baebe55af31070bb4a48,full,168,high,1.192067777e-07,1.568179607,-33.36579944,6.144174222e-06,0.9999998808,high,0.7527094708
qtrace_mi,1,74,c71ada431bd46bd4a6359aeae6a2a8e55c5fadaac95da2d3426bc7a470fc428d,t3,4,low,0.3236833749,0.5100918353,0.6334442794,0.3647820175,0.6763166251,high,0.7527094708
qtrace_mi,1,74,c71ada431bd46bd4a6359aeae6a2a8e55c5fadaac95da2d3426bc7a470fc428d,t5,8,low,0.2017154305,0.6756536692,-0.07277503014,0.2620322451,0.7982845695,high,0.7527094708
qtrace_mi,1,74,c71ada431bd46bd4a6359aeae6a2a8e55c5fadaac95da2d3426bc7a470fc428d,t10,18,low,0.09776008373,1.203523397,-1.3253021,0.1580519527,0.9022399163,high,0.7527094708
qtrace_mi,1,74,c71ada431bd46bd4a6359aeae6a2a8e55c5fadaac95da2d3426bc7a470fc428d,full,36,low,0.004136038399,1.37058295,-4.355185366,0.01586320589,0.9958639616,high,0.7527094708
qtrace_mi,1,78,093c82fd2197f13c9cdbf2150b89b7a4fa6b1bd0b674db97725c2c7c8bd1dd88,t3,4,high,0.4699938246,0.6599451303,0.983979845,0.4774022996,0.5300061754,high,0.7527094708
qtrace_mi,1,78,093c82fd2197f13c9cdbf2150b89b7a4fa6b1bd0b674db97725c2c7c8bd1dd88,t5,8,high,0.4839311235,0.8454242229,0.8402565598,0.4879029989,0.5160688765,high,0.7527094708
qtrace_mi,1,78,093c82fd2197f13c9cdbf2150b89b7a4fa6b1bd0b674db97725c2c7c8bd1dd88,t10,18,high,0.5007319628,1.395744775,0.334547013,0.5005509555,0.4992680372,low,0.7527094708
qtrace_mi,1,78,093c82fd2197f13c9cdbf2150b89b7a4fa6b1bd0b674db97725c2c7c8bd1dd88,t20,38,high,0.9055117684,2.936425769,1.350796652,0.8456838548,0.09448823161,low,0.7527094708
qtrace_mi,1,78,093c82fd2197f13c9cdbf2150b89b7a4fa6b1bd0b674db97725c2c7c8bd1dd88,full,74,high,0.2831778304,3.554239839,-3.227850437,0.3320160216,0.7168221696,high,0.7527094708
qtrace_mi,1,81,e20918bb59fb9410444abfca05301763d95a43571f7e2437b82ee48a1c85ed42,t3,2,high,0.146421393,0.3720846504,0,0.2096579641,0.853578607,high,0.7527094708
qtrace_mi,1,81,e20918bb59fb9410444abfca05301763d95a43571f7e2437b82ee48a1c85ed42,t5,6,high,0.07845229213,0.4032025218,-0.6083628312,0.1353632182,0.9215477079,high,0.7527094708
qtrace_mi,1,81,e20918bb59fb9410444abfca05301763d95a43571f7e2437b82ee48a1c85ed42,t10,16,high,0.007498040018,0.4958873868,-2.943158555,0.02466422808,0.99250196,high,0.7527094708
qtrace_mi,1,81,e20918bb59fb9410444abfca05301763d95a43571f7e2437b82ee48a1c85ed42,full,20,high,0.01235776481,0.6183537006,-3.055098295,0.03565199124,0.9876422352,high,0.7527094708
qtrace_mi,1,84,acef12612f4cc8a8551d6eed74f7140693018819c768baebe55af31070bb4a48,t3,4,high,0.3718452358,0.5915633619,0.73828336,0.4025978744,0.6281547642,high,0.7527094708
qtrace_mi,1,84,acef12612f4cc8a8551d6eed74f7140693018819c768baebe55af31070bb4a48,t5,8,high,0.3758324106,0.8294835567,0.4985232949,0.4056853265,0.6241675894,high,0.7527094708
qtrace_mi,1,84,acef12612f4cc8a8551d6eed74f7140693018819c768baebe55af31070bb4a48,t10,18,high,0.04299612318,0.8090150237,-1.827150989,0.08823087998,0.9570038768,high,0.7527094708
qtrace_mi,1,84,acef12612f4cc8a8551d6eed74f7140693018819c768baebe55af31070bb4a48,t20,38,high,0.001271915026,0.8947380424,-6.136116409,0.006577310024,0.998728085,high,0.7527094708
qtrace_mi,1,84,acef12612f4cc8a8551d6eed74f7140693018819c768baebe55af31070bb4a48,full,234,high,1.729554455e-07,3.398990154,-39.10386038,8.130655988e-06,0.999999827,high,0.7527094708
qtrace_mi,1,90,a771a5f4fb2138cf78114b166d2e1fa99c89b30b5a08b96d69edbffaa7be1c17,t3,4,low,0.407520183,0.6439993024,0.7926433802,0.430041039,0.592479817,high,0.7527094708
qtrace_mi,1,90,a771a5f4fb2138cf78114b166d2e1fa99c89b30b5a08b96d69edbffaa7be1c17,t5,8,low,0.421035267,0.8635300696,0.6176074147,0.4403462946,0.578964733,high,0.7527094708
qtrace_mi,1,90,a771a5f4fb2138cf78114b166d2e1fa99c89b30b5a08b96d69edbffaa7be1c17,t10,18,low,0.4903571117,1.378502417,0.2796993494,0.4927413166,0.5096428883,high,0.7527094708
qtrace_mi,1,90,a771a5f4fb2138cf78114b166d2e1fa99c89b30b5a08b96d69edbffaa7be1c17,full,24,low,0.2843758216,1.559146237,-0.7188102365,0.3330007225,0.7156241784,high,0.7527094708
qtrace_mi,1,91,67e1884ecd04dbe20b36dae2dd478b3fa11c2dd652ae19aa1ecf63df01a54bb4,t3,4,high,0.6275068733,0.4560591131,1.751402891,0.5969000459,0.3724931267,low,0.7527094708
qtrace_mi,1,91,67e1884ecd04dbe20b36dae2dd478b3fa11c2dd652ae19aa1ecf63df01a54bb4,t5,8,high,0.4084826661,0.4566720724,0.940025574,0.4307763696,0.5915173339,high,0.7527094708
qtrace_mi,1,91,67e1884ecd04dbe20b36dae2dd478b3fa11c2dd652ae19aa1ecf63df01a54bb4,t10,18,high,0.2989941206,0.7396053314,-0.01567519903,0.3449351087,0.7010058794,high,0.7527094708
qtrace_mi,1,91,67e1884ecd04dbe20b36dae2dd478b3fa11c2dd652ae19aa1ecf63df01a54bb4,t20,38,high,0.03171615859,0.7557327211,-3.446756649,0.07087752997,0.9682838414,high,0.7527094708
qtrace_mi,1,91,67e1884ecd04dbe20b36dae2dd478b3fa11c2dd652ae19aa1ecf63df01a54bb4,full,78,high,0.001825756551,1.633260763,-8.826611614,0.008619850033,0.9981742434,high,0.7527094708
qtrace_mi,1,93,4a179349154115dae8c63a1aae7fb09285d02b7da5eef74d9eaa8871309dcfa9,t3,4,high,0.1273692007,0.4157476246,-0.1417184949,0.1902277321,0.8726307993,high,0.7527094708
qtrace_mi,1,93,4a179349154115dae8c63a1aae7fb09285d02b7da5eef74d9eaa8871309dcfa9,t5,8,high,0.1339491519,0.608790189,-0.3403157741,0.1970365897,0.8660508481,high,0.7527094708
qtrace_mi,1,93,4a179349154115dae8c63a1aae7fb09285d02b7da5eef74d9eaa8871309dcfa9,t10,18,high,0.04708603583,0.7297380626,-1.985695446,0.09416488372,0.9529139642,high,0.7527094708
qtrace_mi,1,93,4a179349154115dae8c63a1aae7fb09285d02b7da5eef74d9eaa8871309dcfa9,full,24,high,0.01924772906,0.7281762123,-3.241249681,0.04932009354,0.9807522709,high,0.7527094708
qtrace_mi,1,96,25e8b5e04642d3980ac38e4c1a2adc2fda059b625ba4b1d1523d13ecc5903774,t3,4,high,0.1637079306,0.4225710839,0.07545819581,0.2266036242,0.8362920694,high,0.7527094708
qtrace_mi,1,96,25e8b5e04642d3980ac38e4c1a2adc2fda059b625ba4b1d1523d13ecc5903774,t5,8,high,0.08136717527,0.4962537035,-0.6170461074,0.1388943717,0.9186328247,high,0.7527094708
qtrace_mi,1,96,25e8b5e04642d3980ac38e4c1a2adc2fda059b625ba4b1d1523d13ecc5903774,t10,18,high,0.06025537741,0.6939977229,-1.507143307,0.1122755557,0.9397446226,high,0.7527094708
qtrace_mi,1,96,25e8b5e04642d3980ac38e4c1a2adc2fda059b625ba4b1d1523d13ecc5903774,t20,38,high,0.005837061606,1.087346399,-5.272973502,0.02048879406,0.9941629384,high,0.7527094708
qtrace_mi,1,96,25e8b5e04642d3980ac38e4c1a2adc2fda059b625ba4b1d1523d13ecc5903774,full,90,high,0.001946911142,2.022894478,-13.0350563,0.009043918265,0.9980530889,high,0.7527094708
qtrace_mi,1,97,1837300a58fa97fb00235849e610a9e6fc97376558ae1b2b3a001a60fbe9de12,t3,4,high,0.1073140732,0.3538200378,-0.2285475016,0.1687382251,0.8926859268,high,0.7527094708
qtrace_mi,1,97,1837300a58fa97fb00235849e610a9e6fc97376558ae1b2b3a001a60fbe9de12,t5,8,high,0.05280452496,0.4392249539,-0.9998945177,0.1022011198,0.947195475,high,0.7527094708
qtrace_mi,1,97,1837300a58fa97fb00235849e610a9e6fc97376558ae1b2b3a001a60fbe9de12,t10,18,high,0.003724012126,0.2268121302,-3.631831849,0.01467160685,0.9962759879,high,0.7527094708
qtrace_mi,1,97,1837300a58fa97fb00235849e610a9e6fc97376558ae1b2b3a001a60fbe9de12,t20,38,high,0.000344487877,0.2359618306,-5.748815501,0.002469090592,0.9996555121,high,0.7527094708
qtrace_mi,1,97,1837300a58fa97fb00235849e610a9e6fc97376558ae1b2b3a001a60fbe9de12,full,106,high,1.959584588e-07,0.2316286087,-16.87991838,8.931913544e-06,0.999999804,high,0.7527094708
qtrace_mi,1,102,6b850256cef5c3246b062d9ccc13df2dba8549db3d4aa09074ac047358bc730c,t3,4,low,0.09907744966,0.2423815057,-0.1781685799,0.1595447481,0.9009225503,high,0.7527094708
qtrace_mi,1,102,6b850256cef5c3246b062d9ccc13df2dba8549db3d4aa09074ac047358bc730c,t5,8,low,0.04018293631,0.2680061877,-0.9715842247,0.08404821008,0.9598170637,high,0.7527094708
qtrace_mi,1,102,6b850256cef5c3246b062d9ccc13df2dba8549db3d4aa09074ac047358bc730c,t10,18,low,0.05452349637,0.5862387717,-1.217429066,0.1045628928,0.9454765036,high,0.7527094708
qtrace_mi,1,102,6b850256cef5c3246b062d9ccc13df2dba8549db3d4aa09074ac047358bc730c,full,18,low,0.05452349637,0.5862387717,-1.217429066,0.1045628928,0.9454765036,high,0.7527094708
qtrace_mi,1,106,448764c64bd9a5b6c7cd78e8b26ab5214ce6b2f3a7fafd6b108f3cbbe5f7e177,t3,4,low,0.1717056482,0.5237243414,0.02005136758,0.2342523396,0.8282943518,high,0.7527094708
qtrace_mi,1,106,448764c64bd9a5b6c7cd78e8b26ab5214ce6b2f3a7fafd6b108f3cbbe5f7e177,t5,8,low,0.3891078679,0.9761172771,0.4073656678,0.4159260809,0.6108921321,high,0.7527094708
qtrace_mi,1,106,448764c64bd9a5b6c7cd78e8b26ab5214ce6b2f3a7fafd6b108f3cbbe5f7e177,t10,18,low,0.724283612,1.90688262,0.7422133625,0.6741410077,0.275716388,low,0.7527094708
qtrace_mi,1,106,448764c64bd9a5b6c7cd78e8b26ab5214ce6b2f3a7fafd6b108f3cbbe5f7e177,full,22,low,0.8549148491,2.051782906,1.386730242,0.7916774631,0.1450851509,low,0.7527094708
qtrace_mi,1,111,c5d024bb1b7d54d9eb1b773b68d0abb69abd4c57c23dd861afa6b4daf6095fb2,t3,4,high,0.5798395344,0.6961200833,1.285244489,0.5603194892,0.4201604656,low,0.7527094708
qtrace_mi,1,111,c5d024bb1b7d54d9eb1b773b68d0abb69abd4c57c23dd861afa6b4daf6095fb2,t5,8,high,0.715858666,0.9566652298,1.511450779,0.6671919346,0.284141334,low,0.7527094708
qtrace_mi,1,111,c5d024bb1b7d54d9eb1b773b68d0abb69abd4c57c23dd861afa6b4daf6095fb2,t10,18,high,0.7091342394,1.53867363,0.9505623043,0.6616826892,0.2908657606,low,0.7527094708
qtrace_mi,1,111,c5d024bb1b7d54d9eb1b773b68d0abb69abd4c57c23dd861afa6b4daf6095fb2,t20,37,high,0.3211739584,2.318615746,-2.01977849,0.3627809618,0.6788260416,high,0.7527094708
qtrace_mi,1,111,c5d024bb1b7d54d9eb1b773b68d0abb69abd4c57c23dd861afa6b4daf6095fb2,full,57,high,0.1710590783,3.383553362,-4.805189466,0.2336381579,0.8289409217,high,0.7527094708
qtrace_mi,1,115,40b598298febd1caaa3494c2aa68b7d34db4adefb806470ebaa2164aa3b6e97b,t3,4,low,0.1384286224,0.3040752538,0.03705156446,0.2016109258,0.8615713776,high,0.7527094708
qtrace_mi,1,115,40b598298febd1caaa3494c2aa68b7d34db4adefb806470ebaa2164aa3b6e97b,t5,8,low,0.05808172555,0.3047330976,-0.6938862324,0.1093790695,0.9419182744,high,0.7527094708
qtrace_mi,1,115,40b598298febd1caaa3494c2aa68b7d34db4adefb806470ebaa2164aa3b6e97b,t10,18,low,0.03309705939,0.6376366675,-1.551483667,0.07309210896,0.9669029406,high,0.7527094708
qtrace_mi,1,115,40b598298febd1caaa3494c2aa68b7d34db4adefb806470ebaa2164aa3b6e97b,t20,38,low,0.04876939547,1.725343181,-2.601536775,0.09656052906,0.9512306045,high,0.7527094708
qtrace_mi,1,115,40b598298febd1caaa3494c2aa68b7d34db4adefb806470ebaa2164aa3b6e97b,full,46,low,0.04947036672,1.83524633,-3.007091928,0.09755051588,0.9505296333,high,0.7527094708
qtrace_mi,1,116,4418b43f021add15a849c765ee0db832848b4b10e7849e6b885d73b122875f84,t3,4,high,0.144101004,0.2963280618,0.05219033211,0.2073364988,0.855898996,high,0.7527094708
qtrace_mi,1,116,4418b43f021add15a849c765ee0db832848b4b10e7849e6b885d73b122875f84,t5,8,high,0.1253609316,0.4827002048,-0.2901422203,0.1881273806,0.8746390684,high,0.7527094708
qtrace_mi,1,116,4418b43f021add15a849c765ee0db832848b4b10e7849e6b885d73b122875f84,t10,18,high,0.04846833555,0.5955385566,-1.93912226,0.0961339863,0.9515316644,high,0.7527094708
qtrace_mi,1,116,4418b43f021add15a849c765ee0db832848b4b10e7849e6b885d73b122875f84,t20,38,high,0.01255581975,0.2150027037,-4.926777744,0.03607099973,0.9874441803,high,0.7527094708
qtrace_mi,1,116,4418b43f021add15a849c765ee0db832848b4b10e7849e6b885d73b122875f84,full,166,high,1.386952847e-07,0.1180790901,-25.7869606,6.885919538e-06,0.9999998613,high,0.7527094708
qtrace_mi,1,118,76be45b29b02fc9e53270d845eb888e016203b2feb5f8a23c1bc226cfb6f9541,t3,4,low,0.444766564,0.4465937734,1.148015195,0.4583516359,0.555233436,high,0.7527094708
qtrace_mi,1,118,76be45b29b02fc9e53270d845eb888e016203b2feb5f8a23c1bc226cfb6f9541,t5,8,low,0.6905109042,0.8710278988,1.641955203,0.6465837181,0.3094890958,low,0.7527094708
qtrace_mi,1,118,76be45b29b02fc9e53270d845eb888e016203b2feb5f8a23c1bc226cfb6f9541,t10,18,low,0.9310059263,1.630772436,2.994550729,0.8763959289,0.06899407367,low,0.7527094708
qtrace_mi,1,118,76be45b29b02fc9e53270d845eb888e016203b2feb5f8a23c1bc226cfb6f9541,full,20,low,0.8982133173,1.572460163,2.788597107,0.8374051094,0.1017866827,low,0.7527094708
qtrace_mi,1,127,7917889ab4e78b6b53a8a9cb1ef033ff30c5f3bd8f7978290b6a1e55f3745707,t3,4,high,0.2881571918,0.4324404061,0.5849592686,0.3361020654,0.7118428082,high,0.7527094708
qtrace_mi,1,127,7917889ab4e78b6b53a8a9cb1ef033ff30c5f3bd8f7978290b6a1e55f3745707,t5,8,high,0.1257486843,0.3279639035,-0.2704580367,0.1885337457,0.8742513157,high,0.7527094708
qtrace_mi,1,127,7917889ab4e78b6b53a8a9cb1ef033ff30c5f3bd8f7978290b6a1e55f3745707,t10,18,high,0.100986982,0.6841454625,-1.130995274,0.1616973039,0.899013018,high,0.7527094708
qtrace_mi,1,127,7917889ab4e78b6b53a8a9cb1ef033ff30c5f3bd8f7978290b6a1e55f3745707,t20,38,high,0.02183763191,0.9347263634,-3.856297708,0.0540729066,0.9781623681,high,0.7527094708
qtrace_mi,1,127,7917889ab4e78b6b53a8a9cb1ef033ff30c5f3bd8f7978290b6a1e55f3745707,full,58,high,0.002272532066,1.002904242,-7.028316092,0.01015155315,0.9977274679,high,0.7527094708
qtrace_mi,2,2,fdf67d2c42795b9d06e986a20b48e2b2bee751e8cdf4fd17e3571edec7df7c1a,t3,4,high,0.3028430795,0.4906419098,0.3445886254,0.3497510135,0.6971569205,high,0.7437479038
qtrace_mi,2,2,fdf67d2c42795b9d06e986a20b48e2b2bee751e8cdf4fd17e3571edec7df7c1a,t5,8,high,0.4299893702,0.7124784589,0.4490399897,0.4477765426,0.5700106298,high,0.7437479038
qtrace_mi,2,2,fdf67d2c42795b9d06e986a20b48e2b2bee751e8cdf4fd17e3571edec7df7c1a,t10,18,high,0.6889916553,1.449296444,0.98826828,0.6437285259,0.3110083447,low,0.7437479038
qtrace_mi,2,2,fdf67d2c42795b9d06e986a20b48e2b2bee751e8cdf4fd17e3571edec7df7c1a,full,34,high,0.7470394846,2.318428051,0.4455328047,0.6911269497,0.2529605154,low,0.7437479038
qtrace_mi,2,4,191639dd25fcde7c7a679eb592d24f8b509b2039411c660a67c8a93f8157923d,t3,4,high,0.1838958479,0.2613530003,0.003532019258,0.2481856018,0.8161041521,high,0.7437479038
qtrace_mi,2,4,191639dd25fcde7c7a679eb592d24f8b509b2039411c660a67c8a93f8157923d,t5,8,high,0.1802424606,0.3758695126,-0.4414985836,0.244796654,0.8197575394,high,0.7437479038
qtrace_mi,2,4,191639dd25fcde7c7a679eb592d24f8b509b2039411c660a67c8a93f8157923d,t10,18,high,0.1457757969,0.6954099894,-1.71517458,0.2116449529,0.8542242031,high,0.7437479038
qtrace_mi,2,4,191639dd25fcde7c7a679eb592d24f8b509b2039411c660a67c8a93f8157923d,t20,38,high,0.13268267,1.481938171,-3.840120268,0.1983966703,0.86731733,high,0.7437479038
qtrace_mi,2,4,191639dd25fcde7c7a679eb592d24f8b509b2039411c660a67c8a93f8157923d,full,58,high,0.05636215174,1.941204548,-6.64700346,0.1095017717,0.9436378483,high,0.7437479038
qtrace_mi,2,10,4726c5a5ef83880ea58dc9be0d5526992a63d81a7158a7290accb6ea90e2f24e,t3,4,low,0.2136060836,0.3567316562,0.1019087732,0.2750111416,0.7863939164,high,0.7437479038
qtrace_mi,2,10,4726c5a5ef83880ea58dc9be0d5526992a63d81a7158a7290accb6ea90e2f24e,t5,8,low,0.3519433941,0.6318068713,0.290644598,0.3883949921,0.6480566059,high,0.7437479038
qtrace_mi,2,10,4726c5a5ef83880ea58dc9be0d5526992a63d81a7158a7290accb6ea90e2f24e,full,10,low,0.4544818002,0.8065766931,0.4716650605,0.4661040127,0.5455181998,high,0.7437479038
qtrace_mi,2,13,33d5eab0e55967cc9ef6294d07c71894b7c8ccead9f3b75d9c24963ff08f8a5b,t3,4,high,0.2816588036,0.4921076894,0.2644044548,0.3326258242,0.7183411964,high,0.7437479038
qtrace_mi,2,13,33d5eab0e55967cc9ef6294d07c71894b7c8ccead9f3b75d9c24963ff08f8a5b,t5,8,high,0.5055648911,0.8539248049,0.6473356754,0.5041389525,0.4944351089,low,0.7437479038
qtrace_mi,2,13,33d5eab0e55967cc9ef6294d07c71894b7c8ccead9f3b75d9c24963ff08f8a5b,full,12,high,0.6966003024,1.166029948,1.054279643,0.6498031497,0.3033996976,low,0.7437479038
qtrace_mi,2,15,9a33ea59a66d49ff7cc5e5ae9beb979f48b38e35157bca2ebd07bf99649f623d,t3,4,low,0.3329781521,0.4658141434,0.4939373523,0.3736205041,0.6670218479,high,0.7437479038
qtrace_mi,2,15,9a33ea59a66d49ff7cc5e5ae9beb979f48b38e35157bca2ebd07bf99649f623d,t5,8,low,0.5863521711,0.8002187788,0.9547465146,0.5645128429,0.4136478289,low,0.7437479038
qtrace_mi,2,15,9a33ea59a66d49ff7cc5e5ae9beb979f48b38e35157bca2ebd07bf99649f623d,t10,18,low,0.9407118103,1.702559477,2.047462934,0.8865411997,0.0592881897,low,0.7437479038
qtrace_mi,2,15,9a33ea59a66d49ff7cc5e5ae9beb979f48b38e35157bca2ebd07bf99649f623d,full,20,low,0.9144639108,1.764288193,1.706057072,0.8534894824,0.08553608925,low,0.7437479038
qtrace_mi,2,18,b34ee56525d88d8c5edbedc83cfaa246ebf13d655186bfb0a26192ae67847925,t3,4,high,0.1411181181,0.3403328538,-0.3064454138,0.206978713,0.8588818819,high,0.7437479038
qtrace_mi,2,18,b34ee56525d88d8c5edbedc83cfaa246ebf13d655186bfb0a26192ae67847925,t5,8,high,0.1610766147,0.4935893863,-0.4948213398,0.2266434718,0.8389233853,high,0.7437479038
qtrace_mi,2,18,b34ee56525d88d8c5edbedc83cfaa246ebf13d655186bfb0a26192ae67847925,t10,18,high,0.1621404493,0.8511803985,-1.418024588,0.2276686648,0.8378595507,high,0.7437479038
qtrace_mi,2,18,b34ee56525d88d8c5edbedc83cfaa246ebf13d655186bfb0a26192ae67847925,t20,38,high,0.2297871973,1.661220384,-2.96683898,0.2891382742,0.7702128027,high,0.7437479038
qtrace_mi,2,18,b34ee56525d88d8c5edbedc83cfaa246ebf13d655186bfb0a26192ae67847925,full,114,high,0.1176722279,4.03367815,-11.67106361,0.1826643415,0.8823277721,high,0.7437479038
qtrace_mi,2,20,f9ba5bcb971128ab896d2b887228d6522719aa3c656b131cf236ce80da34d01d,t3,4,high,0.3777706852,0.522397536,0.590448761,0.4082641184,0.6222293148,high,0.7437479038
qtrace_mi,2,20,f9ba5bcb971128ab896d2b887228d6522719aa3c656b131cf236ce80da34d01d,t5,8,high,0.5735057045,0.78551507,0.9389622331,0.554847157,0.4264942955,low,0.7437479038
qtrace_mi,2,20,f9ba5bcb971128ab896d2b887228d6522719aa3c656b131cf236ce80da34d01d,t10,18,high,0.4409723679,1.123082222,-0.2307753205,0.4560067035,0.5590276321,high,0.7437479038
qtrace_mi,2,20,f9ba5bcb971128ab896d2b887228d6522719aa3c656b131cf236ce80da34d01d,t20,38,high,0.6021778733,1.96855011,-1.074070406,0.5764749246,0.3978221267,low,0.7437479038
qtrace_mi,2,20,f9ba5bcb971128ab896d2b887228d6522719aa3c656b131cf236ce80da34d01d,full,46,high,0.5746188714,2.227372026,-2.101488256,0.5556833039,0.4253811286,low,0.7437479038
qtrace_mi,2,25,ddb02d91bd18c3c662df1f33661d602d12020d6cf678bab7cb298f4055fca93b,t3,4,high,0.1466862697,0.3035415024,-0.2281041622,0.2125513583,0.8533137303,high,0.7437479038
qtrace_mi,2,25,ddb02d91bd18c3c662df1f33661d602d12020d6cf678bab7cb298f4055fca93b,t5,8,high,0.1319733778,0.4009858131,-0.6646449804,0.1976669841,0.8680266222,high,0.7437479038
qtrace_mi,2,25,ddb02d91bd18c3c662df1f33661d602d12020d6cf678bab7cb298f4055fca93b,t10,18,high,0.1087970158,0.6467862248,-1.912757945,0.1730494476,0.8912029842,high,0.7437479038
qtrace_mi,2,25,ddb02d91bd18c3c662df1f33661d602d12020d6cf678bab7cb298f4055fca93b,full,32,high,0.1616931337,1.112865067,-3.155781269,0.2272378626,0.8383068663,high,0.7437479038
qtrace_mi,2,28,487d0abed001c9f2a355dcc6490f2cf7f1354bf99dbe74fb40e1739122af3c2b,t3,4,high,0.2335062809,0.4251601569,0.1026584327,0.2923429891,0.7664937191,high,0.7437479038
qtrace_mi,2,28,487d0abed001c9f2a355dcc6490f2cf7f1354bf99dbe74fb40e1739122af3c2b,t5,8,high,0.3986270941,0.6915025875,0.3865480304,0.4241351515,0.6013729059,high,0.7437479038
qtrace_mi,2,28,487d0abed001c9f2a355dcc6490f2cf7f1354bf99dbe74fb40e1739122af3c2b,t10,18,high,0.5601661881,1.258838519,0.09342340827,0.5448455198,0.4398338119,low,0.7437479038
qtrace_mi,2,28,487d0abed001c9f2a355dcc6490f2cf7f1354bf99dbe74fb40e1739122af3c2b,t20,38,high,0.1866047491,1.675665236,-3.001378155,0.2506847111,0.8133952509,high,0.7437479038
qtrace_mi,2,28,487d0abed001c9f2a355dcc6490f2cf7f1354bf99dbe74fb40e1739122af3c2b,full,122,high,0.003640797217,3.464008713,-16.54542799,0.0151596433,0.9963592028,high,0.7437479038
qtrace_mi,2,29,9459f1cceef9869f5ee5d550f4d0153a7cdf2e59b9bd8cc5f372969252fde2ca,t3,4,high,0.3606284765,0.5004834473,0.5564261496,0.3951063037,0.6393715235,high,0.7437479038
qtrace_mi,2,29,9459f1cceef9869f5ee5d550f4d0153a7cdf2e59b9bd8cc5f372969252fde2ca,t5,7,high,0.5246001483,0.8388210416,0.7233401537,0.5183029115,0.4753998517,low,0.7437479038
qtrace_mi,2,29,9459f1cceef9869f5ee5d550f4d0153a7cdf2e59b9bd8cc5f372969252fde2ca,t10,17,high,0.6221124326,1.403586042,0.4472760022,0.5916465402,0.3778875674,low,0.7437479038
qtrace_mi,2,29,9459f1cceef9869f5ee5d550f4d0153a7cdf2e59b9bd8cc5f372969252fde2ca,t20,37,high,0.3366992037,2.000584054,-2.047509909,0.3765330809,0.6633007963,high,0.7437479038
qtrace_mi,2,29,9459f1cceef9869f5ee5d550f4d0153a7cdf2e59b9bd8cc5f372969252fde2ca,full,37,high,0.3366992037,2.000584054,-2.047509909,0.3765330809,0.6633007963,high,0.7437479038
qtrace_mi,2,34,4d0345fde865563ce1b8a378bb4f763097083ca5ab32f7ddf46c2f6159f1dec2,t3,4,high,0.235005916,0.4270252541,0.09896809757,0.2936309814,0.764994084,high,0.7437479038
qtrace_mi,2,34,4d0345fde865563ce1b8a378bb4f763097083ca5ab32f7ddf46c2f6159f1dec2,t5,8,high,0.3651617971,0.6491892576,0.2287667751,0.3985969394,0.6348382029,high,0.7437479038
qtrace_mi,2,34,4d0345fde865563ce1b8a378bb4f763097083ca5ab32f7ddf46c2f6159f1dec2,t10,18,high,0.4498815493,1.048245583,-0.5397445381,0.4626685101,0.5501184507,high,0.7437479038
qtrace_mi,2,34,4d0345fde865563ce1b8a378bb4f763097083ca5ab32f7ddf46c2f6159f1dec2,t20,38,high,0.5381505777,1.780857766,-2.272973394,0.5283990713,0.4618494223,low,0.7437479038
qtrace_mi,2,34,4d0345fde865563ce1b8a378bb4f763097083ca5ab32f7ddf46c2f6159f1dec2,full,116,high,0.3945108055,4.387801075,-11.02627487,0.4210134897,0.6054891945,high,0.7437479038
qtrace_mi,2,36,a89e21c5a35df9846708875b550aedadb0962eeaf4b3c7f3348dec0322cd9dde,t3,4,high,0.227948538,0.3572555125,0.203621766,0.2875482827,0.772051462,high,0.7437479038
qtrace_mi,2,36,a89e21c5a35df9846708875b550aedadb0962eeaf4b3c7f3348dec0322cd9dde,t5,8,high,0.3238674694,0.6177498519,0.1882753581,0.3664587483,0.6761325306,high,0.7437479038
qtrace_mi,2,36,a89e21c5a35df9846708875b550aedadb0962eeaf4b3c7f3348dec0322cd9dde,t10,18,high,0.457286639,1.125925627,-0.2756025523,0.4681974007,0.542713361,high,0.7437479038
qtrace_mi,2,36,a89e21c5a35df9846708875b550aedadb0962eeaf4b3c7f3348dec0322cd9dde,t20,38,high,0.1813033428,1.586796665,-3.256832933,0.2457829688,0.8186966572,high,0.7437479038
qtrace_mi,2,36,a89e21c5a35df9846708875b550aedadb0962eeaf4b3c7f3348dec0322cd9dde,full,314,high,9.837300238e-08,7.673979568,-45.5803175,6.144174222e-06,0.9999999016,high,0.7437479038
qtrace_mi,2,38,f8b9c28f12c90d87138212f431c9300e394af58c1dc90d970ba183af36ca0387,t3,4,high,0.3766874327,0.5278615177,0.5786093712,0.4074358821,0.6233125673,high,0.7437479038
qtrace_mi,2,38,f8b9c28f12c90d87138212f431c9300e394af58c1dc90d970ba183af36ca0387,t5,8,high,0.4299109178,0.7147711605,0.5121974766,0.4477176756,0.5700890822,high,0.7437479038
qtrace_mi,2,38,f8b9c28f12c90d87138212f431c9300e394af58c1dc90d970ba183af36ca0387,t10,18,high,0.5695595857,1.212498936,0.3208286881,0.5518850379,0.4304404143,low,0.7437479038
qtrace_mi,2,38,f8b9c28f12c90d87138212f431c9300e394af58c1dc90d970ba183af36ca0387,t20,38,high,0.6615760314,2.189891124,-0.651184386,0.6221192573,0.3384239686,low,0.7437479038
qtrace_mi,2,38,f8b9c28f12c90d87138212f431c9300e394af58c1dc90d970ba183af36ca0387,full,93,high,0.7233778428,4.484269905,-4.75966959,0.671493865,0.2766221572,low,0.7437479038
qtrace_mi,2,49,b34ee56525d88d8c5edbedc83cfaa246ebf13d655186bfb0a26192ae67847925,t3,4,high,0.149032706,0.3110799104,-0.225160253,0.2148788795,0.850967294,high,0.7437479038
qtrace_mi,2,49,b34ee56525d88d8c5edbedc83cfaa246ebf13d655186bfb0a26192ae67847925,t5,8,high,0.2007339582,0.5090473637,-0.3316192448,0.2635406416,0.7992660418,high,0.7437479038
qtrace_mi,2,49,b34ee56525d88d8c5edbedc83cfaa246ebf13d655186bfb0a26192ae67847925,t10,18,high,0.2493557056,0.9281565785,-0.9947654366,0.3058382828,0.7506442944,high,0.7437479038
qtrace_mi,2,49,b34ee56525d88d8c5edbedc83cfaa246ebf13d655186bfb0a26192ae67847925,t20,38,high,0.2298152953,1.505624986,-2.880199766,0.2891625429,0.7701847047,high,0.7437479038
qtrace_mi,2,49,b34ee56525d88d8c5edbedc83cfaa246ebf13d655186bfb0a26192ae67847925,full,180,high,0.01369729249,5.280935478,-21.92859955,0.03989333581,0.9863027075,high,0.7437479038
qtrace_mi,2,51,27f7b9a233b232d09dc5463937c8150e848bebb9f9c3eac2cd6d18cd0a0a0663,t3,4,high,0.2603236383,0.4075358391,0.262107265,0.3150344908,0.7396763617,high,0.7437479038
qtrace_mi,2,51,27f7b9a233b232d09dc5463937c8150e848bebb9f9c3eac2cd6d18cd0a0a0663,t5,8,high,0.5063981431,0.727655058,0.769929868,0.5047587216,0.4936018569,low,0.7437479038
qtrace_mi,2,51,27f7b9a233b232d09dc5463937c8150e848bebb9f9c3eac2cd6d18cd0a0a0663,full,14,high,0.3803479109,0.8945692182,-0.001239258051,0.4102329724,0.6196520891,high,0.7437479038
qtrace_mi,2,54,cab87913f73e8349723b3aa09815de16104f7e933d850478367538de727d8d66,t3,4,high,0.2191866953,0.3276836097,0.1640399516,0.2799183965,0.7808133047,high,0.7437479038
qtrace_mi,2,54,cab87913f73e8349723b3aa09815de16104f7e933d850478367538de727d8d66,t5,8,high,0.4173356608,0.5666541189,0.616360271,0.4382656366,0.5826643392,high,0.7437479038
qtrace_mi,2,54,cab87913f73e8349723b3aa09815de16104f7e933d850478367538de727d8d66,t10,18,high,0.5235123715,1.052332807,0.2098879486,0.5174930416,0.4764876285,low,0.7437479038
qtrace_mi,2,54,cab87913f73e8349723b3aa09815de16104f7e933d850478367538de727d8d66,t20,38,high,0.5615546303,1.816849184,-1.069958115,0.5458850722,0.4384453697,low,0.7437479038
qtrace_mi,2,54,cab87913f73e8349723b3aa09815de16104f7e933d850478367538de727d8d66,full,40,high,0.568444352,1.87963016,-1.109428096,0.5510484402,0.431555648,low,0.7437479038
qtrace_mi,2,61,d18cd2cb8f3969cbf6af794d14828afbbd325bed84b28f6fb6cfa887be2c8b28,t3,4,high,0.2819987407,0.4881196141,0.2840264291,0.3329031736,0.7180012593,high,0.7437479038
qtrace_mi,2,61,d18cd2cb8f3969cbf6af794d14828afbbd325bed84b28f6fb6cfa887be2c8b28,t5,8,high,0.1971098934,0.5574568003,-0.351514709,0.2602708019,0.8028901066,high,0.7437479038
qtrace_mi,2,61,d18cd2cb8f3969cbf6af794d14828afbbd325bed84b28f6fb6cfa887be2c8b28,t10,18,high,0.1544857802,0.8062826991,-1.650910854,0.2202423531,0.8455142198,high,0.7437479038
qtrace_mi,2,61,d18cd2cb8f3969cbf6af794d14828afbbd325bed84b28f6fb6cfa887be2c8b28,t20,38,high,0.04172185383,1.078654385,-5.414928246,0.08858869872,0.9582781462,high,0.7437479038
qtrace_mi,2,61,d18cd2cb8f3969cbf6af794d14828afbbd325bed84b28f6fb6cfa887be2c8b28,full,124,high,0.003862357051,3.097379875,-17.73746929,0.01583235815,0.9961376429,high,0.7437479038
qtrace_mi,2,63,f34b655729f9e067daf58741bbef87d6babc75e70cc02335a66a9a7f2a41110f,t3,4,high,0.3331948325,0.5400025189,0.4294816181,0.3737902999,0.6668051675,high,0.7437479038
qtrace_mi,2,63,f34b655729f9e067daf58741bbef87d6babc75e70cc02335a66a9a7f2a41110f,t5,8,high,0.4771323938,0.8598468542,0.5605284572,0.4829869628,0.5228676062,high,0.7437479038
qtrace_mi,2,63,f34b655729f9e067daf58741bbef87d6babc75e70cc02335a66a9a7f2a41110f,t10,18,high,0.4938344014,1.276532075,0.04360716343,0.4954142451,0.5061655986,high,0.7437479038
qtrace_mi,2,63,f34b655729f9e067daf58741bbef87d6babc75e70cc02335a66a9a7f2a41110f,t20,38,high,0.6700778341,2.241527307,-1.018607736,0.6287768338,0.3299221659,low,0.7437479038
qtrace_mi,2,63,f34b655729f9e067daf58741bbef87d6babc75e70cc02335a66a9a7f2a41110f,full,58,high,0.7871083667,3.202840209,-1.78007617,0.7256198824,0.2128916333,low,0.7437479038
qtrace_mi,2,76,ef2a499f1eb631d0fe82020b23b6b033d935130d3181bd0d4fd2f4fcd23925a8,t3,5,high,0.2157995402,0.3390509605,0.0466067493,0.2769444928,0.7842004598,high,0.7437479038
qtrace_mi,2,76,ef2a499f1eb631d0fe82020b23b6b033d935130d3181bd0d4fd2f4fcd23925a8,t5,9,high,0.2085971099,0.4554065987,-0.3694913864,0.2705734052,0.7914028901,high,0.7437479038
qtrace_mi,2,76,ef2a499f1eb631d0fe82020b23b6b033d935130d3181bd0d4fd2f4fcd23925a8,t10,19,high,0.2161323882,0.7669555545,-1.724231899,0.2772373511,0.7838676118,high,0.7437479038
qtrace_mi,2,76,ef2a499f1eb631d0fe82020b23b6b033d935130d3181bd0d4fd2f4fcd23925a8,t20,41,high,0.1172987163,1.267890263,-4.500887966,0.1822646646,0.8827012837,high,0.7437479038
qtrace_mi,2,76,ef2a499f1eb631d0fe82020b23b6b033d935130d3181bd0d4fd2f4fcd23925a8,full,67,high,0.03864402592,1.848972416,-8.464774036,0.08390994872,0.9613559741,high,0.7437479038
qtrace_mi,2,85,362ca8248798f8db4ad596d5ff5d5b21969fb1d0b5d6bc5479eb390815d04099,t3,4,high,0.288431661,0.4780705988,0.3322728008,0.3381354809,0.711568339,high,0.7437479038
qtrace_mi,2,85,362ca8248798f8db4ad596d5ff5d5b21969fb1d0b5d6bc5479eb390815d04099,t5,8,high,0.3769022899,0.7147094011,0.3722048789,0.4076001912,0.6230977101,high,0.7437479038
qtrace_mi,2,85,362ca8248798f8db4ad596d5ff5d5b21969fb1d0b5d6bc5479eb390815d04099,t10,18,high,0.3423230804,1.142893648,-0.6009580493,0.3809219714,0.6576769196,high,0.7437479038
qtrace_mi,2,85,362ca8248798f8db4ad596d5ff5d5b21969fb1d0b5d6bc5479eb390815d04099,t20,38,high,0.0874010908,1.474942613,-3.882636595,0.1487200405,0.9125989092,high,0.7437479038
qtrace_mi,2,85,362ca8248798f8db4ad596d5ff5d5b21969fb1d0b5d6bc5479eb390815d04099,full,130,high,0.01340159795,3.996086311,-16.48917408,0.03926784098,0.986598402,high,0.7437479038
qtrace_mi,2,88,9bc4482343f7ed28b44b9319b09ff19b55a18cac47392ae5ffba13a1bbc7d262,t3,5,high,0.2740248764,0.4125073418,0.2835545748,0.3263739675,0.7259751236,high,0.7437479038
qtrace_mi,2,88,9bc4482343f7ed28b44b9319b09ff19b55a18cac47392ae5ffba13a1bbc7d262,t5,9,high,0.3019529801,0.567308566,-0.0394257009,0.3490376491,0.6980470199,high,0.7437479038
qtrace_mi,2,88,9bc4482343f7ed28b44b9319b09ff19b55a18cac47392ae5ffba13a1bbc7d262,t10,19,high,0.4359404016,0.9994839907,-0.6412824273,0.452238593,0.5640595984,high,0.7437479038
qtrace_mi,2,88,9bc4482343f7ed28b44b9319b09ff19b55a18cac47392ae5ffba13a1bbc7d262,t20,39,high,0.3973173955,1.59722271,-2.785683346,0.4231424505,0.6026826045,high,0.7437479038
qtrace_mi,2,88,9bc4482343f7ed28b44b9319b09ff19b55a18cac47392ae5ffba13a1bbc7d262,full,67,high,0.3371795834,2.597362232,-5.5711689,0.376908579,0.6628204166,high,0.7437479038
qtrace_mi,2,92,f2052231c80a312cdf52e119479c078cd5bcaf12bb92c3ed0366740e77e1ee5f,t3,4,low,0.2728025751,0.4732862294,0.2700450838,0.3253686905,0.7271974249,high,0.7437479038
qtrace_mi,2,92,f2052231c80a312cdf52e119479c078cd5bcaf12bb92c3ed0366740e77e1ee5f,t5,8,low,0.6864296989,0.8662050605,1.219664025,0.6416911483,0.3135703011,low,0.7437479038
qtrace_mi,2,92,f2052231c80a312cdf52e119479c078cd5bcaf12bb92c3ed0366740e77e1ee5f,full,12,low,0.6804814265,1.096313912,1.003518599,0.6369758427,0.3195185735,low,0.7437479038
qtrace_mi,2,107,987ebbea8e2f88d7ae24bb995fb1683cfcf43e60da1c73db60f86e9c6f759ec0,t3,4,high,0.2343702393,0.3919426292,0.1275408268,0.2930853114,0.7656297607,high,0.7437479038
qtrace_mi,2,107,987ebbea8e2f88d7ae24bb995fb1683cfcf43e60da1c73db60f86e9c6f759ec0,t5,8,high,0.2712523368,0.5438709527,-0.1921509981,0.3240919665,0.7287476632,high,0.7437479038
qtrace_mi,2,107,987ebbea8e2f88d7ae24bb995fb1683cfcf43e60da1c73db60f86e9c6f759ec0,full,16,high,0.4431917767,0.9615788728,-0.3842326254,0.457667367,0.5568082233,high,0.7437479038
qtrace_mi,2,113,43e3f532b331904b4b75e22e482cffcf7410e15e086662ebc1b0f2d324f2c640,t3,4,high,0.2957682718,0.3895103633,0.4309373677,0.3440664917,0.7042317282,high,0.7437479038
qtrace_mi,2,113,43e3f532b331904b4b75e22e482cffcf7410e15e086662ebc1b0f2d324f2c640,t5,8,high,0.5081325248,0.6775963724,0.8297228634,0.5060487866,0.4918674752,low,0.7437479038
qtrace_mi,2,113,43e3f532b331904b4b75e22e482cffcf7410e15e086662ebc1b0f2d324f2c640,t10,18,high,0.6699790226,1.197539049,0.9653743744,0.6286992423,0.3300209774,low,0.7437479038
qtrace_mi,2,113,43e3f532b331904b4b75e22e482cffcf7410e15e086662ebc1b0f2d324f2c640,t20,38,high,0.715228982,2.118879759,0.07190160751,0.6648382077,0.284771018,low,0.7437479038
qtrace_mi,2,113,43e3f532b331904b4b75e22e482cffcf7410e15e086662ebc1b0f2d324f2c640,full,48,high,0.7552205951,2.658840704,-0.4332250118,0.6980323197,0.2447794049,low,0.7437479038
qtrace_mi,2,120,6138bfa37d6d45417e27c6225b1b5c3d451845f9afd2be1af047243d1934f16d,t3,4,high,0.3518293941,0.4886300385,0.5331794322,0.3883066833,0.6481706059,high,0.7437479038
qtrace_mi,2,120,6138bfa37d6d45417e27c6225b1b5c3d451845f9afd2be1af047243d1934f16d,t5,8,high,0.5791553364,0.8068559796,0.9501436114,0.5590934932,0.4208446636,low,0.7437479038
qtrace_mi,2,120,6138bfa37d6d45417e27c6225b1b5c3d451845f9afd2be1af047243d1934f16d,t10,18,high,0.6686705685,1.390596896,0.8505551636,0.627672267,0.3313294315,low,0.7437479038
qtrace_mi,2,120,6138bfa37d6d45417e27c6225b1b5c3d451845f9afd2be1af047243d1934f16d,full,30,high,0.675393881,1.980629157,0.1921848297,0.6329589438,0.324606119,low,0.7437479038
qtrace_mi,2,126,3d9bb96a31d14f722edff4380172cc0eda5a2e2aab8847223fead188adfe3bae,t3,4,low,0.3027395435,0.5316467762,0.3144186854,0.3496680617,0.6972604565,high,0.7437479038
qtrace_mi,2,126,3d9bb96a31d14f722edff4380172cc0eda5a2e2aab8847223fead188adfe3bae,t5,8,low,0.5581863188,0.9163091958,0.7618467271,0.5433636963,0.4418136812,low,0.7437479038
qtrace_mi,2,126,3d9bb96a31d14f722edff4380172cc0eda5a2e2aab8847223fead188adfe3bae,t10,17,low,0.7469919995,1.660900033,0.8448092878,0.6910870552,0.2530080005,low,0.7437479038
qtrace_mi,2,126,3d9bb96a31d14f722edff4380172cc0eda5a2e2aab8847223fead188adfe3bae,t20,36,low,0.8551312583,3.128996922,1.014507753,0.7892598942,0.1448687417,low,0.7437479038
qtrace_mi,2,126,3d9bb96a31d14f722edff4380172cc0eda5a2e2aab8847223fead188adfe3bae,full,63,low,0.8647431153,5.190551639,0.8271643937,0.7989658254,0.1352568847,low,0.7437479038
qtrace_mi,2,129,b43f9bef2ea9be7d5c83147f704d1ec9e88508b7c90558944b551a63d6646376,t3,5,high,0.1408170277,0.2050000966,-0.303342998,0.2066753455,0.8591829723,high,0.7437479038
qtrace_mi,2,129,b43f9bef2ea9be7d5c83147f704d1ec9e88508b7c90558944b551a63d6646376,t5,9,high,0.0953498337,0.2604866683,-1.061625838,0.1579674591,0.9046501663,high,0.7437479038
qtrace_mi,2,129,b43f9bef2ea9be7d5c83147f704d1ec9e88508b7c90558944b551a63d6646376,t10,19,high,0.2066918514,0.6979541183,-1.612086773,0.2688769267,0.7933081486,high,0.7437479038
qtrace_mi,2,129,b43f9bef2ea9be7d5c83147f704d1ec9e88508b7c90558944b551a63d6646376,full,35,high,0.2114109619,1.205399895,-3.462227821,0.273070295,0.7885890381,high,0.7437479038
qtrace_mi,3,7,7fe3d6029ec1e666f41b728458a973e8e2e6924c09046427a23859dcc7b3d75a,t3,4,high,0.3841524236,0.257006675,0.2919893622,0.2984428763,0.6158475764,high,1.81100863
qtrace_mi,3,7,7fe3d6029ec1e666f41b728458a973e8e2e6924c09046427a23859dcc7b3d75a,t5,8,high,0.3792148485,0.3776386261,0.1023276627,0.29057073,0.6207851515,high,1.81100863
qtrace_mi,3,7,7fe3d6029ec1e666f41b728458a973e8e2e6924c09046427a23859dcc7b3d75a,t10,18,high,0.3833244894,0.9869620323,-0.4770521045,0.2971170574,0.6166755106,high,1.81100863
qtrace_mi,3,7,7fe3d6029ec1e666f41b728458a973e8e2e6924c09046427a23859dcc7b3d75a,t20,38,high,0.2095195147,1.877225792,-2.96864593,0.08281493261,0.7904804853,high,1.81100863
qtrace_mi,3,7,7fe3d6029ec1e666f41b728458a973e8e2e6924c09046427a23859dcc7b3d75a,full,64,high,0.05315861527,2.40419696,-6.928390533,0.005402718059,0.9468413847,high,1.81100863
qtrace_mi,3,16,9ae9ab57ccb2a6caf3db84ad0a088385a92d25754e445de6f502929913bf21cd,t3,4,high,0.3454548983,0.2285313517,0.01380437911,0.2391443163,0.6545451017,high,1.81100863
qtrace_mi,3,16,9ae9ab57ccb2a6caf3db84ad0a088385a92d25754e445de6f502929913bf21cd,t5,8,high,0.2230352865,0.1069909573,-1.050986576,0.0944684349,0.7769647135,high,1.81100863
qtrace_mi,3,16,9ae9ab57ccb2a6caf3db84ad0a088385a92d25754e445de6f502929913bf21cd,t10,18,high,0.1616948403,0.03394572735,-2.703823566,0.04832268148,0.8383051597,high,1.81100863
qtrace_mi,3,16,9ae9ab57ccb2a6caf3db84ad0a088385a92d25754e445de6f502929913bf21cd,full,22,high,0.1284599146,-0.04798269272,-3.64862299,0.03025303892,0.8715400854,high,1.81100863
qtrace_mi,3,24,a4713e0a14bb0ef918e89ea267520b745394edf49df0b6e3b5925085b1fca54d,t3,4,high,0.5537927994,0.5296600968,1.426623833,0.5965693474,0.4462072006,low,1.81100863
qtrace_mi,3,24,a4713e0a14bb0ef918e89ea267520b745394edf49df0b6e3b5925085b1fca54d,t5,8,high,0.5233057793,0.648361212,0.979717356,0.5421373904,0.4766942207,low,1.81100863
qtrace_mi,3,24,a4713e0a14bb0ef918e89ea267520b745394edf49df0b6e3b5925085b1fca54d,t10,18,high,0.5016707267,1.12999602,0.2921266079,0.5030256748,0.4983292733,low,1.81100863
qtrace_mi,3,24,a4713e0a14bb0ef918e89ea267520b745394edf49df0b6e3b5925085b1fca54d,full,20,high,0.5080628507,1.275633669,0.1938928962,0.5145990074,0.4919371493,low,1.81100863
qtrace_mi,3,31,c06b9cd1fff25ad6609a4acc440947729eaae556a777669d2c7b83c20f9f8885,t3,4,high,0.5107582501,0.3724887311,1.117521846,0.5194764316,0.4892417499,low,1.81100863
qtrace_mi,3,31,c06b9cd1fff25ad6609a4acc440947729eaae556a777669d2c7b83c20f9f8885,t5,8,high,0.6051484493,0.6405667782,1.587530041,0.6842203498,0.3948515507,low,1.81100863
qtrace_mi,3,31,c06b9cd1fff25ad6609a4acc440947729eaae556a777669d2c7b83c20f9f8885,t10,18,high,0.5873194568,1.261896789,0.8448118985,0.654549098,0.4126805432,low,1.81100863
qtrace_mi,3,31,c06b9cd1fff25ad6609a4acc440947729eaae556a777669d2c7b83c20f9f8885,t20,38,high,0.6332109236,2.457803118,0.05089570284,0.7288589001,0.3667890764,low,1.81100863
qtrace_mi,3,31,c06b9cd1fff25ad6609a4acc440947729eaae556a777669d2c7b83c20f9f8885,full,54,high,0.7711951569,3.617422038,0.475559926,0.9002949357,0.2288048431,low,1.81100863
qtrace_mi,3,32,8def61f50369c2308d6acc3ec8575794a2970d0f6375eaa51ca8e7e37abccdfd,t3,4,low,0.4182565363,0.3882524192,0.3835608661,0.3549125642,0.5817434637,high,1.81100863
qtrace_mi,3,32,8def61f50369c2308d6acc3ec8575794a2970d0f6375eaa51ca8e7e37abccdfd,t5,8,low,0.4943617121,0.7813931257,0.5773781121,0.4897899985,0.5056382879,high,1.81100863
qtrace_mi,3,32,8def61f50369c2308d6acc3ec8575794a2970d0f6375eaa51ca8e7e37abccdfd,full,10,low,0.5172498095,0.9725476027,0.558638078,0.5312113225,0.4827501905,low,1.81100863
qtrace_mi,3,33,f76617e906c5e2b96661cf362ca553b76fbb23756e161cf3e0bc86585f03b1a8,t3,4,high,0.3219750642,0.3780436724,-0.350442411,0.2060868859,0.6780249358,high,1.81100863
qtrace_mi,3,33,f76617e906c5e2b96661cf362ca553b76fbb23756e161cf3e0bc86585f03b1a8,t5,8,high,0.2819611619,0.4652331978,-0.8037651554,0.1554016486,0.7180388381,high,1.81100863
qtrace_mi,3,33,f76617e906c5e2b96661cf362ca553b76fbb23756e161cf3e0bc86585f03b1a8,t10,18,high,0.1686731261,0.6515828788,-2.184588456,0.05271658897,0.8313268739,high,1.81100863
qtrace_mi,3,33,f76617e906c5e2b96661cf362ca553b76fbb23756e161cf3e0bc86585f03b1a8,t20,38,high,0.038074918,0.677624315,-6.076177049,0.002876109409,0.961925082,high,1.81100863
qtrace_mi,3,33,f76617e906c5e2b96661cf362ca553b76fbb23756e161cf3e0bc86585f03b1a8,full,76,high,0.003094041497,0.381147635,-13.56291008,2.869101954e-05,0.9969059585,high,1.81100863
qtrace_mi,3,35,9365283497184f82bb514f2ae669c6ec302a1cd4c49f1b9426e48aca0e39eedc,t3,4,high,0.284193191,0.1045398295,-0.4152689099,0.1580339,0.715806809,high,1.81100863
qtrace_mi,3,35,9365283497184f82bb514f2ae669c6ec302a1cd4c49f1b9426e48aca0e39eedc,t5,8,high,0.2588937162,0.247838974,-0.8453759611,0.1295790702,0.7411062838,high,1.81100863
qtrace_mi,3,35,9365283497184f82bb514f2ae669c6ec302a1cd4c49f1b9426e48aca0e39eedc,t10,18,high,0.1292676465,0.4101927757,-3.056289482,0.03063768372,0.8707323535,high,1.81100863
qtrace_mi,3,35,9365283497184f82bb514f2ae669c6ec302a1cd4c49f1b9426e48aca0e39eedc,full,34,high,0.03867662866,0.5826065063,-6.84142766,0.002962050197,0.9613233713,high,1.81100863
qtrace_mi,3,37,9ae9ab57ccb2a6caf3db84ad0a088385a92d25754e445de6f502929913bf21cd,t3,4,high,0.3339799686,0.2750130173,-0.1589078784,0.2226952404,0.6660200314,high,1.81100863
qtrace_mi,3,37,9ae9ab57ccb2a6caf3db84ad0a088385a92d25754e445de6f502929913bf21cd,t5,8,high,0.2610287717,0.2167671859,-0.7593263,0.1318628982,0.7389712283,high,1.81100863
qtrace_mi,3,37,9ae9ab57ccb2a6caf3db84ad0a088385a92d25754e445de6f502929913bf21cd,t10,18,high,0.1654321911,0.4620389462,-2.056704998,0.05064941198,0.8345678089,high,1.81100863
qtrace_mi,3,37,9ae9ab57ccb2a6caf3db84ad0a088385a92d25754e445de6f502929913bf21cd,t20,38,high,0.0241126208,0.5112982154,-6.410264564,0.001227141492,0.9758873792,high,1.81100863
qtrace_mi,3,37,9ae9ab57ccb2a6caf3db84ad0a088385a92d25754e445de6f502929913bf21cd,full,40,high,0.02061182951,0.4830044866,-6.794441986,0.0009179784553,0.9793881705,high,1.81100863
qtrace_mi,3,42,c6f859e97a85d2be55de346ee03396c3284ef33ad2a850cbf47dcf6a86c54f6c,t3,5,high,0.2808994208,0.1694827944,-0.5730488479,0.1541577592,0.7191005792,high,1.81100863
qtrace_mi,3,42,c6f859e97a85d2be55de346ee03396c3284ef33ad2a850cbf47dcf6a86c54f6c,t5,9,high,0.2281095913,0.3598018855,-1.375474358,0.09906568564,0.7718904087,high,1.81100863
qtrace_mi,3,42,c6f859e97a85d2be55de346ee03396c3284ef33ad2a850cbf47dcf6a86c54f6c,full,13,high,0.1839003104,0.394767642,-1.93812685,0.06305239685,0.8160996896,high,1.81100863
qtrace_mi,3,48,c6f859e97a85d2be55de346ee03396c3284ef33ad2a850cbf47dcf6a86c54f6c,t3,5,high,0.2033523829,-0.1666799784,-0.9496615618,0.07778127193,0.7966476171,high,1.81100863
qtrace_mi,3,48,c6f859e97a85d2be55de346ee03396c3284ef33ad2a850cbf47dcf6a86c54f6c,t5,9,high,0.1298330743,-0.364102136,-1.814267683,0.03090852201,0.8701669257,high,1.81100863
qtrace_mi,3,48,c6f859e97a85d2be55de346ee03396c3284ef33ad2a850cbf47dcf6a86c54f6c,t10,19,high,0.04991376495,-0.7799788415,-4.277122355,0.004793473703,0.9500862351,high,1.81100863
qtrace_mi,3,48,c6f859e97a85d2be55de346ee03396c3284ef33ad2a850cbf47dcf6a86c54f6c,full,27,high,0.03051261189,-0.7802515745,-5.643428731,0.001900750326,0.9694873881,high,1.81100863
qtrace_mi,3,52,5f94f96b5558bc44bec41fbfff63a95635edebf6436cf0d7b71bc93bc7e01771,t3,4,high,0.332372179,0.2258401141,-0.1384341776,0.220434837,0.667627821,high,1.81100863
qtrace_mi,3,52,5f94f96b5558bc44bec41fbfff63a95635edebf6436cf0d7b71bc93bc7e01771,t5,8,high,0.3285935396,0.3739286341,-0.4295505106,0.2151660785,0.6714064604,high,1.81100863
qtrace_mi,3,52,5f94f96b5558bc44bec41fbfff63a95635edebf6436cf0d7b71bc93bc7e01771,t10,18,high,0.3568097464,0.9978368223,-1.082330084,0.2559521511,0.6431902536,high,1.81100863
qtrace_mi,3,52,5f94f96b5558bc44bec41fbfff63a95635edebf6436cf0d7b71bc93bc7e01771,full,28,high,0.2684677634,1.550447714,-2.461140871,0.139989887,0.7315322366,high,1.81100863
qtrace_mi,3,56,994bc72760dcfe7fa4dcb4204fd49276c86f3b5d7563bd03968bb98375e50059,t3,4,high,0.3058498478,0.274996531,-0.3703361809,0.1847800404,0.6941501522,high,1.81100863
qtrace_mi,3,56,994bc72760dcfe7fa4dcb4204fd49276c86f3b5d7563bd03968bb98375e50059,t5,8,high,0.3182227483,0.3685857631,-0.3605863988,0.2010249734,0.6817772517,high,1.81100863
qtrace_mi,3,56,994bc72760dcfe7fa4dcb4204fd49276c86f3b5d7563bd03968bb98375e50059,t10,18,high,0.1705269878,0.5599549711,-2.193626761,0.05391982347,0.8294730122,high,1.81100863
qtrace_mi,3,56,994bc72760dcfe7fa4dcb4204fd49276c86f3b5d7563bd03968bb98375e50059,t20,38,high,0.03277241905,0.5868420362,-6.166234398,0.002171883459,0.967227581,high,1.81100863
qtrace_mi,3,56,994bc72760dcfe7fa4dcb4204fd49276c86f3b5d7563bd03968bb98375e50059,full,174,high,0.001323512315,0.8165437698,-31.631567,6.144174222e-06,0.9986764877,high,1.81100863
qtrace_mi,3,57,c7b0ae9d845b01af28904a49c113db9419434a3a9dc695cbcca773c7377fa099,t3,4,low,0.4127658815,0.177773533,0.5562511891,0.3455950916,0.5872341185,high,1.81100863
qtrace_mi,3,57,c7b0ae9d845b01af28904a49c113db9419434a3a9dc695cbcca773c7377fa099,t5,8,low,0.5812958934,0.6344368935,1.452432072,0.6443244934,0.4187041066,low,1.81100863
qtrace_mi,3,57,c7b0ae9d845b01af28904a49c113db9419434a3a9dc695cbcca773c7377fa099,t10,18,low,0.7746120692,1.466804469,2.45229404,0.9034152389,0.2253879308,low,1.81100863
qtrace_mi,3,57,c7b0ae9d845b01af28904a49c113db9419434a3a9dc695cbcca773c7377fa099,full,18,low,0.7746120692,1.466804469,2.45229404,0.9034152389,0.2253879308,low,1.81100863
qtrace_mi,3,60,1bde13dd287e1e51682c574ddf4bc7a1b95d777f9e1d189232f7bf3f72b39469,t3,5,high,0.2061594412,-0.1225052923,-0.9630869269,0.08005049229,0.7938405588,high,1.81100863
qtrace_mi,3,60,1bde13dd287e1e51682c574ddf4bc7a1b95d777f9e1d189232f7bf3f72b39469,t5,9,high,0.1545146081,-0.09317724854,-1.694873893,0.04402262419,0.8454853919,high,1.81100863
qtrace_mi,3,60,1bde13dd287e1e51682c574ddf4bc7a1b95d777f9e1d189232f7bf3f72b39469,t10,19,high,0.1956743054,0.6032932989,-1.977891803,0.0717604626,0.8043256946,high,1.81100863
qtrace_mi,3,60,1bde13dd287e1e51682c574ddf4bc7a1b95d777f9e1d189232f7bf3f72b39469,t20,39,high,0.0937694117,1.157930091,-4.325080395,0.01617164994,0.9062305883,high,1.81100863
qtrace_mi,3,60,1bde13dd287e1e51682c574ddf4bc7a1b95d777f9e1d189232f7bf3f72b39469,full,93,high,0.03661068881,2.493773365,-9.950782943,0.002672111102,0.9633893112,high,1.81100863
qtrace_mi,3,64,d6e67deba46d308b643a1107909d71a35621984b374efe6ed5b28181298c665a,t3,4,high,0.276156136,0.1222470582,-0.4955112144,0.1486656964,0.723843864,high,1.81100863
qtrace_mi,3,64,d6e67deba46d308b643a1107909d71a35621984b374efe6ed5b28181298c665a,t5,8,high,0.205783692,0.04696445018,-1.139425153,0.0797446169,0.794216308,high,1.81100863
qtrace_mi,3,64,d6e67deba46d308b643a1107909d71a35621984b374efe6ed5b28181298c665a,t10,18,high,0.1196800173,0.2389392197,-2.680906975,0.02624198645,0.8803199827,high,1.81100863
qtrace_mi,3,64,d6e67deba46d308b643a1107909d71a35621984b374efe6ed5b28181298c665a,t20,38,high,0.02488981942,0.02793959379,-6.45069229,0.001301486905,0.9751101806,high,1.81100863
qtrace_mi,3,64,d6e67deba46d308b643a1107909d71a35621984b374efe6ed5b28181298c665a,full,260,high,0.001323512315,2.657222724,-41.90824909,6.144174222e-06,0.9986764877,high,1.81100863
qtrace_mi,3,72,8a19d0092e222e0168b0240040c7abec5af97377d5f1b3c74d02604cebab64d6,t3,4,low,0.3988613773,0.2427897789,0.3926340222,0.3223710179,0.6011386227,high,1.81100863
qtrace_mi,3,72,8a19d0092e222e0168b0240040c7abec5af97377d5f1b3c74d02604cebab64d6,t5,8,low,0.3427964915,0.3608355612,-0.1980598092,0.2352847189,0.6572035085,high,1.81100863
qtrace_mi,3,72,8a19d0092e222e0168b0240040c7abec5af97377d5f1b3c74d02604cebab64d6,t10,18,low,0.3192814001,0.9594962358,-1.135375416,0.2024467915,0.6807185999,high,1.81100863
qtrace_mi,3,72,8a19d0092e222e0168b0240040c7abec5af97377d5f1b3c74d02604cebab64d6,full,30,low,0.317816578,1.724970767,-2.277762175,0.2004807897,0.682183422,high,1.81100863
qtrace_mi,3,83,9ae9ab57ccb2a6caf3db84ad0a088385a92d25754e445de6f502929913bf21cd,t3,4,high,0.274621949,0.05011107922,-0.4664061219,0.1469120875,0.725378051,high,1.81100863
qtrace_mi,3,83,9ae9ab57ccb2a6caf3db84ad0a088385a92d25754e445de6f502929913bf21cd,t5,8,high,0.2049005699,0.07712634206,-1.219811067,0.07902830094,0.7950994301,high,1.81100863
qtrace_mi,3,83,9ae9ab57ccb2a6caf3db84ad0a088385a92d25754e445de6f502929913bf21cd,t10,18,high,0.1911093395,0.6872579396,-2.14743669,0.06830924042,0.8088906605,high,1.81100863
qtrace_mi,3,83,9ae9ab57ccb2a6caf3db84ad0a088385a92d25754e445de6f502929913bf21cd,t20,38,high,0.03750037946,0.806137073,-6.198588949,0.002795196581,0.9624996205,high,1.81100863
qtrace_mi,3,83,9ae9ab57ccb2a6caf3db84ad0a088385a92d25754e445de6f502929913bf21cd,full,126,high,0.001323512315,1.497007346,-23.53141279,6.144174222e-06,0.9986764877,high,1.81100863
qtrace_mi,3,86,1eedaddcb6cc7541fe6072dba97705385a99667255dae60b62dce68c593bc746,t3,5,high,0.2073780464,0.08570713997,-1.180565012,0.08104700372,0.7926219536,high,1.81100863
qtrace_mi,3,86,1eedaddcb6cc7541fe6072dba97705385a99667255dae60b62dce68c593bc746,t5,9,high,0.1218372419,0.02954947948,-2.517045867,0.02719881739,0.8781627581,high,1.81100863
qtrace_mi,3,86,1eedaddcb6cc7541fe6072dba97705385a99667255dae60b62dce68c593bc746,t10,19,high,0.04678755709,0.1985108852,-5.180990648,0.004240690975,0.9532124429,high,1.81100863
qtrace_mi,3,86,1eedaddcb6cc7541fe6072dba97705385a99667255dae60b62dce68c593bc746,t20,39,high,0.004817473563,0.341947341,-10.98942013,6.41706014e-05,0.9951825264,high,1.81100863
qtrace_mi,3,86,1eedaddcb6cc7541fe6072dba97705385a99667255dae60b62dce68c593bc746,full,39,high,0.004817473563,0.341947341,-10.98942013,6.41706014e-05,0.9951825264,high,1.81100863
qtrace_mi,3,95,3196e70c78ec00c569890feff5903b9fd6de1c082f2dcc65de331a676356154b,t3,4,high,0.3476770752,0.2643327475,-0.03230576515,0.2423928052,0.6523229248,high,1.81100863
qtrace_mi,3,95,3196e70c78ec00c569890feff5903b9fd6de1c082f2dcc65de331a676356154b,t5,8,high,0.2969602408,0.3252545476,-0.5431129575,0.1735383734,0.7030397592,high,1.81100863
qtrace_mi,3,95,3196e70c78ec00c569890feff5903b9fd6de1c082f2dcc65de331a676356154b,t10,18,high,0.1876441119,0.6314269722,-2.114861679,0.06575294584,0.8123558881,high,1.81100863
qtrace_mi,3,95,3196e70c78ec00c569890feff5903b9fd6de1c082f2dcc65de331a676356154b,full,34,high,0.1060678774,1.145875704,-4.894696808,0.02062811379,0.8939321226,high,1.81100863
qtrace_mi,3,99,ead3029c1627ceed0bb1941b02d180790ac40d9339381ab591d89b54e95afa5d,t3,4,high,0.3527356744,0.3325082824,-0.05122399032,0.2498622626,0.6472643256,high,1.81100863
qtrace_mi,3,99,ead3029c1627ceed0bb1941b02d180790ac40d9339381ab591d89b54e95afa5d,t5,8,high,0.3299507368,0.4430106997,-0.3582245082,0.2170514137,0.6700492632,high,1.81100863
qtrace_mi,3,99,ead3029c1627ceed0bb1941b02d180790ac40d9339381ab591d89b54e95afa5d,t10,18,high,0.2790452799,0.8349316314,-1.336080694,0.151998274,0.7209547201,high,1.81100863
qtrace_mi,3,99,ead3029c1627ceed0bb1941b02d180790ac40d9339381ab591d89b54e95afa5d,full,32,high,0.127657165,1.164685535,-4.055241442,0.02987339252,0.872342835,high,1.81100863
qtrace_mi,3,105,cbe435389c7fde7dbf7f3f0b08fa24b91bd68569ba4a59eda4fcca3b686eaf60,t3,4,high,0.2972197084,0.1376918942,-0.330711633,0.1738613367,0.7027802916,high,1.81100863
qtrace_mi,3,105,cbe435389c7fde7dbf7f3f0b08fa24b91bd68569ba4a59eda4fcca3b686eaf60,t5,8,high,0.219582911,0.147389555,-1.068961647,0.09141012654,0.780417089,high,1.81100863
qtrace_mi,3,105,cbe435389c7fde7dbf7f3f0b08fa24b91bd68569ba4a59eda4fcca3b686eaf60,t10,18,high,0.07012408548,-0.1146573514,-3.747227836,0.009183985193,0.9298759145,high,1.81100863
qtrace_mi,3,105,cbe435389c7fde7dbf7f3f0b08fa24b91bd68569ba4a59eda4fcca3b686eaf60,t20,38,high,0.02158221351,0.02577911764,-7.217875957,0.0009994468039,0.9784177865,high,1.81100863
qtrace_mi,3,105,cbe435389c7fde7dbf7f3f0b08fa24b91bd68569ba4a59eda4fcca3b686eaf60,full,48,high,0.01608764784,0.08450990021,-8.999687719,0.0005813611057,0.9839123522,high,1.81100863
qtrace_mi,3,110,7664ea81b7e714b0d5433004c1fca3512bd7bdabfbe3dd63273d79180fe6d6fa,t3,4,high,0.2837095739,0.08266409785,-0.3660208464,0.1574615777,0.7162904261,high,1.81100863
qtrace_mi,3,110,7664ea81b7e714b0d5433004c1fca3512bd7bdabfbe3dd63273d79180fe6d6fa,t5,8,high,0.1729903737,-0.01076921225,-1.457477093,0.05554216504,0.8270096263,high,1.81100863
qtrace_mi,3,110,7664ea81b7e714b0d5433004c1fca3512bd7bdabfbe3dd63273d79180fe6d6fa,t10,18,high,0.08376015847,-0.1530350164,-3.740235543,0.01296421472,0.9162398415,high,1.81100863
qtrace_mi,3,110,7664ea81b7e714b0d5433004c1fca3512bd7bdabfbe3dd63273d79180fe6d6fa,t20,38,high,0.01939672991,0.2095425963,-7.756283736,0.0008205606724,0.9806032701,high,1.81100863
qtrace_mi,3,110,7664ea81b7e714b0d5433004c1fca3512bd7bdabfbe3dd63273d79180fe6d6fa,full,100,high,0.001323512315,-1.504119635,-23.3225637,6.144174222e-06,0.9986764877,high,1.81100863
qtrace_mi,3,114,8def61f50369c2308d6acc3ec8575794a2970d0f6375eaa51ca8e7e37abccdfd,t3,4,high,0.4229514134,0.3361114979,0.4850009024,0.3629404128,0.5770485866,high,1.81100863
qtrace_mi,3,114,8def61f50369c2308d6acc3ec8575794a2970d0f6375eaa51ca8e7e37abccdfd,t5,8,high,0.4063382122,0.487763828,0.1389100969,0.33479058,0.5936617878,high,1.81100863
qtrace_mi,3,114,8def61f50369c2308d6acc3ec8575794a2970d0f6375eaa51ca8e7e37abccdfd,t10,18,high,0.2584550198,0.846081081,-1.806729221,0.129112497,0.7415449802,high,1.81100863
qtrace_mi,3,114,8def61f50369c2308d6acc3ec8575794a2970d0f6375eaa51ca8e7e37abccdfd,full,22,high,0.2304339096,1.060224456,-2.472303057,0.1012121846,0.7695660904,high,1.81100863
qtrace_mi,3,117,b2f1766eb28ea153bd66a13147bee8bb6a783a480a2a5415efd24621d784865e,t3,4,high,0.3716239207,0.2453826308,0.1691100717,0.2786347151,0.6283760793,high,1.81100863
qtrace_mi,3,117,b2f1766eb28ea153bd66a13147bee8bb6a783a480a2a5415efd24621d784865e,t5,8,high,0.3862947243,0.2943803534,0.25117504,0.3018841773,0.6137052757,high,1.81100863
qtrace_mi,3,117,b2f1766eb28ea153bd66a13147bee8bb6a783a480a2a5415efd24621d784865e,t10,18,high,0.2377764474,0.397057575,-1.151755536,0.1081614435,0.7622235526,high,1.81100863
qtrace_mi,3,117,b2f1766eb28ea153bd66a13147bee8bb6a783a480a2a5415efd24621d784865e,t20,38,high,0.1286843848,0.5785665944,-3.266522741,0.03035966628,0.8713156152,high,1.81100863
qtrace_mi,3,117,b2f1766eb28ea153bd66a13147bee8bb6a783a480a2a5415efd24621d784865e,full,92,high,0.01959035739,1.481733608,-10.02272243,0.0008357412147,0.9804096426,high,1.81100863
qtrace_mi,3,125,274c2b3cb88d91281fac0ca18e5fa0decdb86ce5b51d6bb1e988f442e09ee829,t3,5,high,0.3125691973,0.2332526609,-0.2797015965,0.1935166299,0.6874308027,high,1.81100863
qtrace_mi,3,125,274c2b3cb88d91281fac0ca18e5fa0decdb86ce5b51d6bb1e988f442e09ee829,full,5,high,0.3125691973,0.2332526609,-0.2797015965,0.1935166299,0.6874308027,high,1.81100863
qtrace_mi,3,128,6f2a5802d3ab371a696939846b2162129bfa30f9a0e371d8fe476564da770b8b,t3,5,high,0.4175988197,0.4859996676,0.307605207,0.3537923217,0.5824011803,high,1.81100863
qtrace_mi,3,128,6f2a5802d3ab371a696939846b2162129bfa30f9a0e371d8fe476564da770b8b,t5,9,high,0.5141436395,0.6778460728,0.8357709825,0.5255986869,0.4858563605,low,1.81100863
qtrace_mi,3,128,6f2a5802d3ab371a696939846b2162129bfa30f9a0e371d8fe476564da770b8b,t10,19,high,0.4510720226,1.00686816,0.04118854403,0.412031436,0.5489279774,high,1.81100863
qtrace_mi,3,128,6f2a5802d3ab371a696939846b2162129bfa30f9a0e371d8fe476564da770b8b,full,33,high,0.398506754,1.709806395,-1.127115452,0.3217860967,0.601493246,high,1.81100863
qtrace_mi,3,130,957962b55a53a08db5f378e511817642230cbd4d6d1cf4d43dd6a4b63131ccc1,t3,5,low,0.6332301015,0.6695890665,1.751740789,0.7288884521,0.3667698985,low,1.81100863
qtrace_mi,3,130,957962b55a53a08db5f378e511817642230cbd4d6d1cf4d43dd6a4b63131ccc1,t5,9,low,0.7698571476,1.00043478,2.820588684,0.8990580082,0.2301428524,low,1.81100863
qtrace_mi,3,130,957962b55a53a08db5f378e511817642230cbd4d6d1cf4d43dd6a4b63131ccc1,t10,19,low,0.8664843648,1.925994992,3.045511484,0.967295599,0.1335156352,low,1.81100863
qtrace_mi,3,130,957962b55a53a08db5f378e511817642230cbd4d6d1cf4d43dd6a4b63131ccc1,full,21,low,0.8476442422,1.972758508,2.894964051,0.9572268724,0.1523557578,low,1.81100863
qtrace_mi,3,133,0db9538e9215952f48324bd5b01c66c9eb8ea9adc87245da9db1df8c42a6ab8c,t3,4,high,0.2937708558,0.2236491889,-0.4281991571,0.1695939779,0.7062291442,high,1.81100863
qtrace_mi,3,133,0db9538e9215952f48324bd5b01c66c9eb8ea9adc87245da9db1df8c42a6ab8c,t5,8,high,0.2052364466,0.2532048345,-1.372002828,0.07930030972,0.7947635534,high,1.81100863
qtrace_mi,3,133,0db9538e9215952f48324bd5b01c66c9eb8ea9adc87245da9db1df8c42a6ab8c,t10,18,high,0.0815971306,0.3340903401,-3.585116959,0.01231962219,0.9184028694,high,1.81100863
qtrace_mi,3,133,0db9538e9215952f48324bd5b01c66c9eb8ea9adc87245da9db1df8c42a6ab8c,t20,38,high,0.02469654262,0.8127077699,-6.627222967,0.001282805225,0.9753034574,high,1.81100863
qtrace_mi,3,133,0db9538e9215952f48324bd5b01c66c9eb8ea9adc87245da9db1df8c42a6ab8c,full,380,high,0.001323512315,5.447237158,-64.88512268,6.144174222e-06,0.9986764877,high,1.81100863
qtrace_mi,4,0,0975c479310c006373f337dd0ad7a1b5438b2d205e3489d9920c6e86e5fdbc46,t3,4,high,0.3249796383,0.685831666,0.1426070794,0.3825483024,0.6750203617,high,0.6549368007
qtrace_mi,4,0,0975c479310c006373f337dd0ad7a1b5438b2d205e3489d9920c6e86e5fdbc46,t5,8,high,0.5815505242,1.14551599,0.4364753306,0.553684026,0.4184494758,low,0.6549368007
qtrace_mi,4,0,0975c479310c006373f337dd0ad7a1b5438b2d205e3489d9920c6e86e5fdbc46,t10,18,high,0.7080361023,2.164121246,-0.1426890731,0.6411100984,0.2919638977,low,0.6549368007
qtrace_mi,4,0,0975c479310c006373f337dd0ad7a1b5438b2d205e3489d9920c6e86e5fdbc46,t20,38,high,0.2500055464,4.02730608,-3.652242041,0.3275026016,0.7499944536,high,0.6549368007
qtrace_mi,4,0,0975c479310c006373f337dd0ad7a1b5438b2d205e3489d9920c6e86e5fdbc46,full,52,high,0.147776994,5.320384347,-5.741160375,0.2409380555,0.852223006,high,0.6549368007
qtrace_mi,4,1,d824fbb44e854e98bdec49929ed132bd2f214eb9a16c2247f40b049e74673714,t3,4,high,0.2950043525,0.6620842338,0.07760988772,0.3611025572,0.7049956475,high,0.6549368007
qtrace_mi,4,1,d824fbb44e854e98bdec49929ed132bd2f214eb9a16c2247f40b049e74673714,t5,8,high,0.3722773231,1.099686265,-0.1345292062,0.4152805388,0.6277226769,high,0.6549368007
qtrace_mi,4,1,d824fbb44e854e98bdec49929ed132bd2f214eb9a16c2247f40b049e74673714,t10,18,high,0.3553760813,2.075767243,-1.188348964,0.4037152261,0.6446239187,high,0.6549368007
qtrace_mi,4,1,d824fbb44e854e98bdec49929ed132bd2f214eb9a16c2247f40b049e74673714,full,36,high,0.1642742218,3.870183349,-4.31985013,0.2562736699,0.8357257782,high,0.6549368007
qtrace_mi,4,3,e660b6010195823ff8abb7f5ac22b3e84ad23e55b4bfe23f84e74aa932c77d9a,t3,5,high,0.1778256481,0.5885616809,-0.2937941372,0.268390131,0.8221743519,high,0.6549368007
qtrace_mi,4,3,e660b6010195823ff8abb7f5ac22b3e84ad23e55b4bfe23f84e74aa932c77d9a,t5,9,high,0.21897737,1.013392907,-0.5551699817,0.3030446827,0.78102263,high,0.6549368007
qtrace_mi,4,3,e660b6010195823ff8abb7f5ac22b3e84ad23e55b4bfe23f84e74aa932c77d9a,full,15,high,0.2031684979,1.624499953,-1.317315435,0.2900705174,0.7968315021,high,0.6549368007
qtrace_mi,4,6,384b0ba2da0f7a1aaf92176857f6b862b243c54a44b1a60ad1512e22fb6d4f57,t3,4,high,0.2297344171,0.6697600126,-0.1489123732,0.3116642952,0.7702655829,high,0.6549368007
qtrace_mi,4,6,384b0ba2da0f7a1aaf92176857f6b862b243c54a44b1a60ad1512e22fb6d4f57,t5,8,high,0.2187988084,1.072360075,-0.5973087057,0.3029002368,0.7812011916,high,0.6549368007
qtrace_mi,4,6,384b0ba2da0f7a1aaf92176857f6b862b243c54a44b1a60ad1512e22fb6d4f57,t10,18,high,0.09227998893,2.025652504,-2.364929631,0.182835035,0.9077200111,high,0.6549368007
qtrace_mi,4,6,384b0ba2da0f7a1aaf92176857f6b862b243c54a44b1a60ad1512e22fb6d4f57,t20,38,high,0.06102630322,3.976252365,-4.929075855,0.1430410605,0.9389736968,high,0.6549368007
qtrace_mi,4,6,384b0ba2da0f7a1aaf92176857f6b862b243c54a44b1a60ad1512e22fb6d4f57,full,52,high,0.03034205129,5.280100393,-7.221657699,0.09372576578,0.9696579487,high,0.6549368007
qtrace_mi,4,9,bd6bdeca4d4d58b93dcd52052f780fcb2ab8a2a77ef89be9ded9271136bf1260,t3,4,low,0.2010330166,0.6172832906,-0.2225376219,0.2882876933,0.7989669834,high,0.6549368007
qtrace_mi,4,9,bd6bdeca4d4d58b93dcd52052f780fcb2ab8a2a77ef89be9ded9271136bf1260,t5,8,low,0.3541752932,1.027329403,-0.1247090727,0.402888453,0.6458247068,high,0.6549368007
qtrace_mi,4,9,bd6bdeca4d4d58b93dcd52052f780fcb2ab8a2a77ef89be9ded9271136bf1260,t10,18,low,0.6087127287,2.135637307,-0.4778187573,0.5718540072,0.3912872713,low,0.6549368007
qtrace_mi,4,9,bd6bdeca4d4d58b93dcd52052f780fcb2ab8a2a77ef89be9ded9271136bf1260,full,26,low,0.7362660331,2.991913366,-0.7654553354,0.6620383978,0.2637339669,low,0.6549368007
qtrace_mi,4,12,d751de9a9d281b7d8f3a57160f2880d8a6bb4d189690de0f7d7f2b033ad650a4,t3,4,high,0.2921969195,0.6630192757,0.06890975833,0.3590597451,0.7078030805,high,0.6549368007
qtrace_mi,4,12,d751de9a9d281b7d8f3a57160f2880d8a6bb4d189690de0f7d7f2b033ad650a4,t5,8,high,0.28268084,1.055287921,-0.3601761878,0.3520868659,0.71731916,high,0.6549368007
qtrace_mi,4,12,d751de9a9d281b7d8f3a57160f2880d8a6bb4d189690de0f7d7f2b033ad650a4,t10,16,high,0.413975163,2.106949449,-1.030252621,0.4433376133,0.586024837,high,0.6549368007
qtrace_mi,4,12,d751de9a9d281b7d8f3a57160f2880d8a6bb4d189690de0f7d7f2b033ad650a4,t20,36,high,0.3475840158,4.074224234,-3.293513682,0.3983372748,0.6524159842,high,0.6549368007
qtrace_mi,4,12,d751de9a9d281b7d8f3a57160f2880d8a6bb4d189690de0f7d7f2b033ad650a4,full,50,high,0.3992526834,5.607124996,-4.754036472,0.4334978566,0.6007473166,high,0.6549368007
qtrace_mi,4,19,e660b6010195823ff8abb7f5ac22b3e84ad23e55b4bfe23f84e74aa932c77d9a,t3,4,high,0.3032865903,0.5625788093,0.1978765011,0.3670929968,0.6967134097,high,0.6549368007
qtrace_mi,4,19,e660b6010195823ff8abb7f5ac22b3e84ad23e55b4bfe23f84e74aa932c77d9a,t5,8,high,0.2207125275,0.9261161715,-0.4467464089,0.3044459462,0.7792874725,high,0.6549368007
qtrace_mi,4,19,e660b6010195823ff8abb7f5ac22b3e84ad23e55b4bfe23f84e74aa932c77d9a,full,16,high,0.07809612038,1.522367254,-1.881706446,0.165658842,0.9219038796,high,0.6549368007
qtrace_mi,4,23,56c65c573eb4b7bbca1e8a62ea910f474527ca7cc22d0832f7b8985143579c47,t3,4,high,0.1443826619,0.6217214048,-0.4880422175,0.2376936615,0.8556173381,high,0.6549368007
qtrace_mi,4,23,56c65c573eb4b7bbca1e8a62ea910f474527ca7cc22d0832f7b8985143579c47,t5,8,high,0.08933360665,0.9997567296,-1.277613358,0.1793685421,0.9106663934,high,0.6549368007
qtrace_mi,4,23,56c65c573eb4b7bbca1e8a62ea910f474527ca7cc22d0832f7b8985143579c47,t10,18,high,0.01991241638,1.86227605,-3.898209765,0.07230369081,0.9800875836,high,0.6549368007
qtrace_mi,4,23,56c65c573eb4b7bbca1e8a62ea910f474527ca7cc22d0832f7b8985143579c47,t20,38,high,0.0194217751,3.705100343,-6.781137085,0.07119363935,0.9805782249,high,0.6549368007
qtrace_mi,4,23,56c65c573eb4b7bbca1e8a62ea910f474527ca7cc22d0832f7b8985143579c47,full,78,high,0.003280268533,7.149614,-14.93923107,0.02311301132,0.9967197315,high,0.6549368007
qtrace_mi,4,30,0b66f0012a6499ae22a3ba3ea556348c4d65f1f039265ec21e4ad82aba2b5dab,t3,4,high,0.1246013609,0.5897386909,-0.6319830686,0.2180888638,0.8753986391,high,0.6549368007
qtrace_mi,4,30,0b66f0012a6499ae22a3ba3ea556348c4d65f1f039265ec21e4ad82aba2b5dab,t5,8,high,0.1024046014,0.9794812679,-1.317707305,0.1943907067,0.8975953986,high,0.6549368007
qtrace_mi,4,30,0b66f0012a6499ae22a3ba3ea556348c4d65f1f039265ec21e4ad82aba2b5dab,t10,18,high,0.1226972085,2.013545775,-2.430198044,0.2161326407,0.8773027915,high,0.6549368007
qtrace_mi,4,30,0b66f0012a6499ae22a3ba3ea556348c4d65f1f039265ec21e4ad82aba2b5dab,full,28,high,0.1318981593,3.021965647,-3.76427417,0.2254674969,0.8681018407,high,0.6549368007
qtrace_mi,4,39,ba4f78fc596e7483b05f73b0a4f0c57215df572dab1d75cba29cf1873022b267,t3,4,high,0.2831839077,0.6089508057,0.08526092768,0.352457422,0.7168160923,high,0.6549368007
qtrace_mi,4,39,ba4f78fc596e7483b05f73b0a4f0c57215df572dab1d75cba29cf1873022b267,t5,8,high,0.2323863631,1.026754105,-0.5339452922,0.3137653351,0.7676136369,high,0.6549368007
qtrace_mi,4,39,ba4f78fc596e7483b05f73b0a4f0c57215df572dab1d75cba29cf1873022b267,t10,18,high,0.08942478457,1.988296449,-2.503605025,0.179476564,0.9105752154,high,0.6549368007
qtrace_mi,4,39,ba4f78fc596e7483b05f73b0a4f0c57215df572dab1d75cba29cf1873022b267,t20,38,high,0.1406546221,4.003122687,-4.410771632,0.2340922937,0.8593453779,high,0.6549368007
qtrace_mi,4,39,ba4f78fc596e7483b05f73b0a4f0c57215df572dab1d75cba29cf1873022b267,full,71,high,0.1080256801,7.324199104,-8.017816544,0.2005891293,0.8919743199,high,0.6549368007
qtrace_mi,4,40,e660b6010195823ff8abb7f5ac22b3e84ad23e55b4bfe23f84e74aa932c77d9a,t3,5,high,0.1213070333,0.58181445,-0.5833196461,0.2146960735,0.8786929667,high,0.6549368007
qtrace_mi,4,40,e660b6010195823ff8abb7f5ac22b3e84ad23e55b4bfe23f84e74aa932c77d9a,t5,9,high,0.06771319725,0.9440820992,-1.407342139,0.1521960825,0.9322868027,high,0.6549368007
qtrace_mi,4,40,e660b6010195823ff8abb7f5ac22b3e84ad23e55b4bfe23f84e74aa932c77d9a,t10,19,high,0.02782762867,1.861170149,-3.126497549,0.08888543248,0.9721723713,high,0.6549368007
qtrace_mi,4,40,e660b6010195823ff8abb7f5ac22b3e84ad23e55b4bfe23f84e74aa932c77d9a,full,19,high,0.02782762867,1.861170149,-3.126497549,0.08888543248,0.9721723713,high,0.6549368007
qtrace_mi,4,41,298f1741927a10b95fab08a2419835f2d89a49ade874c77e541bf480e574fcca,t3,4,high,0.1413764239,0.592215839,-0.4689485013,0.2347927481,0.8586235761,high,0.6549368007
qtrace_mi,4,41,298f1741927a10b95fab08a2419835f2d89a49ade874c77e541bf480e574fcca,t5,8,high,0.1003626167,0.9778789103,-1.16212348,0.1921021,0.8996373833,high,0.6549368007
qtrace_mi,4,41,298f1741927a10b95fab08a2419835f2d89a49ade874c77e541bf480e574fcca,t10,18,high,0.01563536808,1.779202271,-3.737870669,0.06220767954,0.9843646319,high,0.6549368007
qtrace_mi,4,41,298f1741927a10b95fab08a2419835f2d89a49ade874c77e541bf480e574fcca,t20,39,high,0.001429383297,3.308419895,-9.408940673,0.01352985054,0.9985706167,high,0.6549368007
qtrace_mi,4,41,298f1741927a10b95fab08a2419835f2d89a49ade874c77e541bf480e574fcca,full,83,high,6.739826483e-05,6.833407259,-19.82898402,0.001850305266,0.9999326017,high,0.6549368007
qtrace_mi,4,45,256a5ceb1fe87b9f23a66a55206039faf214b9b926fbe72aba2fd158983b62bf,t3,4,high,0.2342734221,0.6374119997,-0.1006124586,0.3152548432,0.7657265779,high,0.6549368007
qtrace_mi,4,45,256a5ceb1fe87b9f23a66a55206039faf214b9b926fbe72aba2fd158983b62bf,t5,8,high,0.1246354669,0.9928237677,-1.009243961,0.2181237832,0.8753645331,high,0.6549368007
qtrace_mi,4,45,256a5ceb1fe87b9f23a66a55206039faf214b9b926fbe72aba2fd158983b62bf,t10,18,high,0.04224467143,1.947681719,-3.305026901,0.1146466037,0.9577553286,high,0.6549368007
qtrace_mi,4,45,256a5ceb1fe87b9f23a66a55206039faf214b9b926fbe72aba2fd158983b62bf,t20,38,high,0.01169368932,3.574858028,-7.993448377,0.05186181453,0.9883063107,high,0.6549368007
qtrace_mi,4,45,256a5ceb1fe87b9f23a66a55206039faf214b9b926fbe72aba2fd158983b62bf,full,50,high,0.01486620195,4.718648624,-9.442076385,0.06027895406,0.985133798,high,0.6549368007
qtrace_mi,4,50,e660b6010195823ff8abb7f5ac22b3e84ad23e55b4bfe23f84e74aa932c77d9a,t3,5,high,0.2113895684,0.6355511904,-0.2709905118,0.2968653038,0.7886104316,high,0.6549368007
qtrace_mi,4,50,e660b6010195823ff8abb7f5ac22b3e84ad23e55b4bfe23f84e74aa932c77d9a,t5,9,high,0.21964882,1.083934951,-0.7247931302,0.3035874367,0.78035118,high,0.6549368007
qtrace_mi,4,50,e660b6010195823ff8abb7f5ac22b3e84ad23e55b4bfe23f84e74aa932c77d9a,t10,19,high,0.07663665686,1.988486755,-2.710497721,0.1638162268,0.9233633431,high,0.6549368007
qtrace_mi,4,50,e660b6010195823ff8abb7f5ac22b3e84ad23e55b4bfe23f84e74aa932c77d9a,t20,39,high,0.02290825152,3.829408121,-5.780645466,0.07885313439,0.9770917485,high,0.6549368007
qtrace_mi,4,50,e660b6010195823ff8abb7f5ac22b3e84ad23e55b4bfe23f84e74aa932c77d9a,full,49,high,0.01303581739,4.683739388,-7.566454244,0.05552123449,0.9869641826,high,0.6549368007
qtrace_mi,4,58,952764ee08a98895af51812c4985a51b674914b70701d789dc4ff497ab2cd741,t3,4,high,0.1820496747,0.6063790023,-0.284825018,0.2720875353,0.8179503253,high,0.6549368007
qtrace_mi,4,58,952764ee08a98895af51812c4985a51b674914b70701d789dc4ff497ab2cd741,t5,8,high,0.2173380522,1.020002627,-0.5535863698,0.3017168403,0.7826619478,high,0.6549368007
qtrace_mi,4,58,952764ee08a98895af51812c4985a51b674914b70701d789dc4ff497ab2cd741,t10,18,high,0.044779377,1.7936791,-2.622300974,0.1187590867,0.955220623,high,0.6549368007
qtrace_mi,4,58,952764ee08a98895af51812c4985a51b674914b70701d789dc4ff497ab2cd741,t20,38,high,0.007913850171,3.601634546,-6.284366643,0.04053820055,0.9920861498,high,0.6549368007
qtrace_mi,4,58,952764ee08a98895af51812c4985a51b674914b70701d789dc4ff497ab2cd741,full,99,high,0.0003518991609,9.081703663,-15.55876446,0.00544317027,0.9996481008,high,0.6549368007
qtrace_mi,4,59,57e7316fb6c2aea7f22af2debf992411f162fb23b99f26e20ca9917a22800b28,t3,4,low,0.6802363742,0.6662362456,1.161830878,0.6211387575,0.3197636258,low,0.6549368007
qtrace_mi,4,59,57e7316fb6c2aea7f22af2debf992411f162fb23b99f26e20ca9917a22800b28,full,4,low,0.6802363742,0.6662362456,1.161830878,0.6211387575,0.3197636258,low,0.6549368007
qtrace_mi,4,62,f8e9ffc7e0ffb6235d54b1268168a35dda2087b04f0eb23655d9033041e4895d,t3,4,high,0.1574718023,0.5863666475,-0.4026173741,0.2500333786,0.8425281977,high,0.6549368007
qtrace_mi,4,62,f8e9ffc7e0ffb6235d54b1268168a35dda2087b04f0eb23655d9033041e4895d,t5,8,high,0.0653790239,0.9327938363,-1.547616996,0.1490473643,0.9346209761,high,0.6549368007
qtrace_mi,4,62,f8e9ffc7e0ffb6235d54b1268168a35dda2087b04f0eb23655d9033041e4895d,t10,17,high,0.1248902924,1.986028707,-2.243695003,0.2183845542,0.8751097076,high,0.6549368007
qtrace_mi,4,62,f8e9ffc7e0ffb6235d54b1268168a35dda2087b04f0eb23655d9033041e4895d,t20,37,high,0.2100893694,4.094538188,-4.22897822,0.2957977504,0.7899106306,high,0.6549368007
qtrace_mi,4,62,f8e9ffc7e0ffb6235d54b1268168a35dda2087b04f0eb23655d9033041e4895d,full,45,high,0.2568838908,4.830974841,-4.849939665,0.3327679962,0.7431161092,high,0.6549368007
qtrace_mi,4,68,86e764296ae0d3f82d5181fcf23d71b68aa16bec297d30d24b66814a0222bec9,t3,4,high,0.2594861831,0.6699165702,-0.05159832537,0.3347467601,0.7405138169,high,0.6549368007
qtrace_mi,4,68,86e764296ae0d3f82d5181fcf23d71b68aa16bec297d30d24b66814a0222bec9,t5,8,high,0.3311167055,1.06843158,-0.2556428045,0.3868645102,0.6688832945,high,0.6549368007
qtrace_mi,4,68,86e764296ae0d3f82d5181fcf23d71b68aa16bec297d30d24b66814a0222bec9,t10,18,high,0.462165452,2.0514557,-0.9072641701,0.4751936883,0.537834548,high,0.6549368007
qtrace_mi,4,68,86e764296ae0d3f82d5181fcf23d71b68aa16bec297d30d24b66814a0222bec9,t20,38,high,0.5894741076,3.918531907,-2.548083371,0.5589620758,0.4105258924,low,0.6549368007
qtrace_mi,4,68,86e764296ae0d3f82d5181fcf23d71b68aa16bec297d30d24b66814a0222bec9,full,203,high,2.874390696e-05,17.65289783,-30.97070184,0.001059698271,0.9999712561,high,0.6549368007
qtrace_mi,4,73,e553658a13d5730f215fe7abaa4ffcafffebacc2a2c811523c5848785b07feb6,t3,5,high,0.1786336178,0.6407631338,-0.3446538836,0.2691001564,0.8213663822,high,0.6549368007
qtrace_mi,4,73,e553658a13d5730f215fe7abaa4ffcafffebacc2a2c811523c5848785b07feb6,t5,9,high,0.1192022911,1.02530055,-1.070686947,0.2125073373,0.8807977089,high,0.6549368007
qtrace_mi,4,73,e553658a13d5730f215fe7abaa4ffcafffebacc2a2c811523c5848785b07feb6,t10,19,high,0.03362594054,1.932118583,-3.248262461,0.099800466,0.9663740595,high,0.6549368007
qtrace_mi,4,73,e553658a13d5730f215fe7abaa4ffcafffebacc2a2c811523c5848785b07feb6,full,25,high,0.02569586625,2.477043909,-4.355552188,0.0846367117,0.9743041338,high,0.6549368007
qtrace_mi,4,89,a66012a80d34bfaefbf35c783b0cb519be49ffe11837f13fda441b6fe3ddf21a,t3,4,high,0.3507513858,0.6228763759,0.2826095849,0.40052706,0.6492486142,high,0.6549368007
qtrace_mi,4,89,a66012a80d34bfaefbf35c783b0cb519be49ffe11837f13fda441b6fe3ddf21a,t5,8,high,0.2845718373,1.011664945,-0.3341809839,0.3534786195,0.7154281627,high,0.6549368007
qtrace_mi,4,89,a66012a80d34bfaefbf35c783b0cb519be49ffe11837f13fda441b6fe3ddf21a,t10,18,high,0.07852444121,1.827716056,-2.598359448,0.1661967259,0.9214755588,high,0.6549368007
qtrace_mi,4,89,a66012a80d34bfaefbf35c783b0cb519be49ffe11837f13fda441b6fe3ddf21a,t20,38,high,0.004703645962,3.450204325,-6.880680862,0.02911394671,0.995296354,high,0.6549368007
qtrace_mi,4,89,a66012a80d34bfaefbf35c783b0cb519be49ffe11837f13fda441b6fe3ddf21a,full,44,high,0.002650794023,3.928398454,-7.732167387,0.02015516683,0.997349206,high,0.6549368007
qtrace_mi,4,98,5223588a92753ef83373d79e22184bdfc746798fd2eec43f6e0d811eb386d59c,t3,4,high,0.3222281721,0.6902961612,0.1331549898,0.3806055486,0.6777718279,high,0.6549368007
qtrace_mi,4,98,5223588a92753ef83373d79e22184bdfc746798fd2eec43f6e0d811eb386d59c,t5,8,high,0.3385921283,1.111237824,-0.2558782458,0.3920915425,0.6614078717,high,0.6549368007
qtrace_mi,4,98,5223588a92753ef83373d79e22184bdfc746798fd2eec43f6e0d811eb386d59c,t10,18,high,0.4735073336,2.139365864,-0.908931306,0.4826396942,0.5264926664,high,0.6549368007
qtrace_mi,4,98,5223588a92753ef83373d79e22184bdfc746798fd2eec43f6e0d811eb386d59c,t20,38,high,0.6906074422,4.228448963,-2.081764744,0.6285236597,0.3093925578,low,0.6549368007
qtrace_mi,4,98,5223588a92753ef83373d79e22184bdfc746798fd2eec43f6e0d811eb386d59c,full,393,high,0.0001468104494,36.40006844,-53.01303577,0.003077310467,0.9998531896,high,0.6549368007
qtrace_mi,4,100,bdb51e8336d8c2a0de850780446afe2818d0b4eeee21137a9bc817eff040e3c0,t3,4,high,0.1901657463,0.6185451806,-0.2658246785,0.2790940404,0.8098342537,high,0.6549368007
qtrace_mi,4,100,bdb51e8336d8c2a0de850780446afe2818d0b4eeee21137a9bc817eff040e3c0,t5,8,high,0.268103507,1.068853831,-0.4595294237,0.3412495524,0.731896493,high,0.6549368007
qtrace_mi,4,100,bdb51e8336d8c2a0de850780446afe2818d0b4eeee21137a9bc817eff040e3c0,t10,18,high,0.1529113379,1.953720236,-2.004985091,0.2457855828,0.8470886621,high,0.6549368007
qtrace_mi,4,100,bdb51e8336d8c2a0de850780446afe2818d0b4eeee21137a9bc817eff040e3c0,t20,38,high,0.05449732945,3.746024573,-4.887645137,0.1336685041,0.9455026706,high,0.6549368007
qtrace_mi,4,100,bdb51e8336d8c2a0de850780446afe2818d0b4eeee21137a9bc817eff040e3c0,full,281,high,4.114620885e-07,24.28204832,-39.48956752,6.57296283e-05,0.9999995885,high,0.6549368007
qtrace_mi,4,103,e660b6010195823ff8abb7f5ac22b3e84ad23e55b4bfe23f84e74aa932c77d9a,t3,4,high,0.1544666291,0.6227725446,-0.4275238171,0.2472402245,0.8455333709,high,0.6549368007
qtrace_mi,4,103,e660b6010195823ff8abb7f5ac22b3e84ad23e55b4bfe23f84e74aa932c77d9a,t5,8,high,0.1273462285,1.015287584,-0.9818373173,0.2208860159,0.8726537715,high,0.6549368007
qtrace_mi,4,103,e660b6010195823ff8abb7f5ac22b3e84ad23e55b4bfe23f84e74aa932c77d9a,full,16,high,0.0854448226,1.788342607,-2.121947297,0.1747151658,0.9145551774,high,0.6549368007
qtrace_mi,4,112,3a6ec6cf0cccb2db4bc4eb1d6583b28f6dc8816b49e0ae8aaa6a06484645efac,t3,4,high,0.2770363621,0.5654056489,0.107277295,0.3479137957,0.7229636379,high,0.6549368007
qtrace_mi,4,112,3a6ec6cf0cccb2db4bc4eb1d6583b28f6dc8816b49e0ae8aaa6a06484645efac,t5,8,high,0.3659829853,0.9698404312,-0.0241986692,0.4109884858,0.6340170147,high,0.6549368007
qtrace_mi,4,112,3a6ec6cf0cccb2db4bc4eb1d6583b28f6dc8816b49e0ae8aaa6a06484645efac,t10,18,high,0.1343894302,1.807362096,-1.830915576,0.2279458806,0.8656105698,high,0.6549368007
qtrace_mi,4,112,3a6ec6cf0cccb2db4bc4eb1d6583b28f6dc8816b49e0ae8aaa6a06484645efac,t20,38,high,0.003307104339,3.249829912,-6.559888959,0.02323420418,0.9966928957,high,0.6549368007
qtrace_mi,4,112,3a6ec6cf0cccb2db4bc4eb1d6583b28f6dc8816b49e0ae8aaa6a06484645efac,full,64,high,0.0006233262447,5.385311413,-10.99138444,0.007897237112,0.9993766738,high,0.6549368007
qtrace_mi,4,122,e553658a13d5730f215fe7abaa4ffcafffebacc2a2c811523c5848785b07feb6,t3,5,high,0.1321190001,0.4652941484,-0.3945009798,0.2256880105,0.8678809999,high,0.6549368007
qtrace_mi,4,122,e553658a13d5730f215fe7abaa4ffcafffebacc2a2c811523c5848785b07feb6,t5,9,high,0.04234235766,0.6934897304,-1.453690011,0.1148070276,0.9576576423,high,0.6549368007
qtrace_mi,4,122,e553658a13d5730f215fe7abaa4ffcafffebacc2a2c811523c5848785b07feb6,t10,19,high,0.01418322184,1.529619837,-3.332592794,0.05853259079,0.9858167782,high,0.6549368007
qtrace_mi,4,122,e553658a13d5730f215fe7abaa4ffcafffebacc2a2c811523c5848785b07feb6,full,25,high,0.03140695749,2.133039361,-3.317558911,0.09572472535,0.9685930425,high,0.6549368007
qtrace_mi,4,124,4f828f23a69a02612b535ecc3b578f0a9ef09ead831878c8330854912886c5a7,t3,5,high,0.1773771763,0.601664114,-0.298828201,0.2679954469,0.8226228237,high,0.6549368007
qtrace_mi,4,124,4f828f23a69a02612b535ecc3b578f0a9ef09ead831878c8330854912886c5a7,t5,9,high,0.1645057659,0.9870815277,-0.747802645,0.256484139,0.8354942341,high,0.6549368007
qtrace_mi,4,124,4f828f23a69a02612b535ecc3b578f0a9ef09ead831878c8330854912886c5a7,t10,19,high,0.08995308854,1.943670094,-2.241386436,0.1801015124,0.9100469115,high,0.6549368007
qtrace_mi,4,124,4f828f23a69a02612b535ecc3b578f0a9ef09ead831878c8330854912886c5a7,t20,39,high,0.01800773334,3.763021442,-6.148378527,0.06792877018,0.9819922667,high,0.6549368007
qtrace_mi,4,124,4f828f23a69a02612b535ecc3b578f0a9ef09ead831878c8330854912886c5a7,full,53,high,0.009250609195,5.041889858,-8.866968551,0.04474385435,0.9907493908,high,0.6549368007
qtrace_mi,4,132,95bf0f1bedb8e4250b3f6ee2dd241da6f07f8e65d2fc1c27c4c900116b2d104c,t3,4,high,0.4028119211,0.6616586864,0.391773963,0.4358825982,0.5971880789,high,0.6549368007
qtrace_mi,4,132,95bf0f1bedb8e4250b3f6ee2dd241da6f07f8e65d2fc1c27c4c900116b2d104c,t5,8,high,0.5581083311,1.105678809,0.3654857993,0.5381556988,0.4418916689,low,0.6549368007
qtrace_mi,4,132,95bf0f1bedb8e4250b3f6ee2dd241da6f07f8e65d2fc1c27c4c900116b2d104c,t10,18,high,0.3398467196,2.117729497,-1.523184383,0.3929656424,0.6601532804,high,0.6549368007
qtrace_mi,4,132,95bf0f1bedb8e4250b3f6ee2dd241da6f07f8e65d2fc1c27c4c900116b2d104c,t20,38,high,0.1569153831,4.069099522,-5.091464841,0.249517936,0.8430846169,high,0.6549368007
qtrace_mi,4,132,95bf0f1bedb8e4250b3f6ee2dd241da6f07f8e65d2fc1c27c4c900116b2d104c,full,38,high,0.1569153831,4.069099522,-5.091464841,0.249517936,0.8430846169,high,0.6549368007
