draw,delta_source_balanced_macro_f1,delta_source_balanced_brier,delta_source_balanced_log_loss
0,0.00293581493387,0.00269491756422,0.0186382793764
1,0.00763796577309,-0.000559780415079,0.0195977885262
2,-0.002230700096,0.01177378833,0.0560460695874
3,0.00683704494883,0.00452865554317,0.0328710022703
4,0.0155809049079,-0.00529153019268,0.0114549479816
5,-0.000774094906808,0.00168960760148,0.0268956670317
6,0.000498589430892,0.0104891206827,0.0507271858284
7,0.00412957390203,0.00644339501246,0.03411021936
8,0.00858719317784,0.0110935383097,0.041927784967
9,0.000854807022198,0.00910966839379,0.0368210366685
10,0.000446313158149,0.00586948556468,0.0363816006481
11,0.0195463419712,-0.0133881881018,0.01655289989
12,0.00907518008631,0.00264371713174,0.0250352890046
13,-0.00307426360811,0.00951845416022,0.0349262428705
14,0.00449274974131,0.007514168013,0.0382986697979
15,0.00836289146112,-0.00356655500869,0.0056709701093
16,0.017199683251,0.000950742524201,0.0235346249259
17,0.0138281921912,0.00699202013714,0.041109794483
18,0.00346975533937,0.00335529573287,0.0323652328868
19,0.0012039456623,1.45206170543e-05,0.0120873613859
20,-0.0022398626446,0.0127675070689,0.0450119812972
21,0.00132042197202,-0.00144825358429,0.0149163867523
22,0.00986408494819,0.00679912917134,0.0302781289354
23,0.0180786485056,-0.00738500184791,0.0158669924937
24,0.00250049923518,0.00764581403235,0.0307567779651
25,0.00382445811565,0.0019362155229,0.0302873323456
26,0.00657364682359,0.00496641019149,0.032630500535
27,0.00602709265684,0.00847418828122,0.0377874310897
28,-0.000125026046489,0.00595626988298,0.0253489909889
29,0.00776669061438,-0.000517022276579,0.0232714091215
30,0.00576481361994,0.00107611255326,0.0350130012874
31,0.00858737285145,0.000546262079294,0.0247290914784
32,0.00907708449995,0.00632455597629,0.0385837939773
33,0.00580952170029,0.00540459996465,0.0299826882217
34,0.0123930104457,-0.000276805246309,0.021559667761
35,0.00236442938576,0.00542148341079,0.0357335230052
36,0.00170321572744,0.0077358788479,0.0331361703311
37,0.00970360967482,0.00378233600861,0.0362298105859
38,0.00594867026722,0.00870665653786,0.0395793109157
39,0.00993682457575,0.0075732441267,0.0327206170016
40,-0.00105178578873,0.0156080976743,0.0429833994168
41,-0.000907147421389,0.00293649422202,0.0239261466484
42,0.00413366208785,0.00990203240198,0.0305464270844
43,0.00342415002285,0.00157611860204,0.0216418484154
44,-0.00118395576898,0.0114960728038,0.042338654158
45,0.00756854999259,0.00384085924481,0.0273405701615
46,0.0042676692734,-0.00110318394854,0.0199730207864
47,0.0112100140771,0.00387668398165,0.0310239829494
48,0.00715385808146,-0.000302981002727,0.0172399913162
49,0.00291756674346,0.00585466700207,0.0325630878738
50,0.000269977767976,0.00193312853952,0.0246011003984
51,0.0122113696685,0.00580563754909,0.0318794264528
52,0.00416805557683,-0.00131428118385,0.0186788077319
53,0.0142967561584,0.00406949677216,0.0393058191084
54,0.00241837782653,0.00787101643692,0.0260247115374
55,0.012302933388,0.00468186278395,0.02844066694
56,0.00428603388759,0.00239524058377,0.0350774329954
57,-0.00247628048601,0.0123907306983,0.0513880601947
58,0.00141404763753,0.00182081397118,0.0202979750442
59,0.00308259783047,0.00696709842732,0.040251221864
60,0.0045177404429,0.00616529390296,0.0286890838931
61,0.00547124092665,0.00543572067105,0.036333396816
62,0.00394171765443,0.00893854601778,0.0386313282412
63,0.00530631414043,0.00693114542175,0.0343311756288
64,0.00707976179238,-0.000217918602898,0.0158666089621
65,0.00604131692846,-0.00113706167679,0.0186651513738
66,0.00232912360502,0.00178613762948,0.0262258605712
67,0.00732239732171,0.000699504022757,0.0261597400333
68,0.00848738847489,0.00831460980627,0.0371348334375
69,0.00521297398262,-0.00246084853193,0.0209567011561
70,0.0115234700709,-0.00780128859502,0.0110874032401
71,0.00427287418873,0.00346686784982,0.0315779719277
72,0.0107221722867,0.00138502681114,0.0343150460102
73,0.0109660969929,0.00282500052148,0.0368961644405
74,0.00963957989931,-0.00343771755839,0.018410866371
75,0.00334345562515,0.00587229470494,0.0265881667691
76,0.00110312145079,0.00442930861805,0.0204340069363
77,0.0086942120425,-0.00231387471919,0.0157365929724
78,0.0125254336614,0.000939074848017,0.0224740392328
79,0.0052247018305,0.00414904019634,0.0368989618987
80,0.0108126060286,0.0107515676212,0.0531829579711
81,0.00903804696082,0.00193409594998,0.0170032678241
82,0.00828093672551,-0.00278388077146,0.0091962470709
83,0.00380560743297,0.00458785348994,0.032021693567
84,0.00327589459499,0.00898977104647,0.0455969243819
85,0.0134869794663,-0.00884894265274,0.00494420722866
86,0.00406066190792,0.00759000122179,0.0438929040931
87,0.0110252416526,-0.00178448223294,0.0239502444519
88,0.00944360707195,0.00385261455917,0.0246334240157
89,0.00136080215533,0.00963685648389,0.0325698603012
90,0.00242920487459,0.0047557351604,0.030457537971
91,5.38771975086e-05,0.00800238427454,0.0370681582178
92,-0.000474129107398,0.00852578889903,0.028963422301
93,0.00291357587706,0.00973755240883,0.0477089852718
94,0.00561308198731,0.010916694996,0.0436202483396
95,-0.0015913251058,0.00595811312132,0.0247121624157
96,0.00339915592872,0.00542388408823,0.0276135111173
97,0.00940171475023,0.00133809139808,0.027424468539
98,0.00839560051102,0.00684696681396,0.0406009637106
99,0.00614813700588,0.000522259834348,0.0215490674961
100,0.00905162617896,0.00190033889491,0.0327003464367
101,-0.000647167582976,0.00552220288112,0.0344160306828
102,0.0135178846971,0.00192767523677,0.0248537555806
103,0.00901225572705,0.00486295858171,0.0325324199887
104,0.00134059929044,0.00717792380058,0.0286926670612
105,0.0040736171101,0.00386273823176,0.0345205273106
106,0.00512079163229,0.0016564497603,0.0219384748483
107,0.0097044991033,-0.000357755360971,0.0274238871689
108,0.0110680748368,0.00085613162912,0.0273707500527
109,0.0121741269789,-0.00137348192441,0.0198825434346
110,0.0194061735359,-0.00392000333674,0.0173550989958
111,0.0011399615012,0.00476451301637,0.0229465661111
112,0.00287230289066,0.00495637647508,0.0209018512054
113,0.00586574619331,0.00416133962884,0.022321658919
114,0.000179288742097,0.00470299972226,0.0311070380193
115,0.00710589638013,0.00763075570001,0.0378417577605
116,0.0134319592302,-0.0016699592887,0.0215058696904
117,-0.00177389800956,0.00873155916722,0.0380817921299
118,0.00856370549506,-0.00372761044202,0.0247557090107
119,-0.00278126889641,0.0091547076669,0.0347050706057
120,0.000600730405818,0.00810449442914,0.0279072810228
121,0.00903119813848,0.00648725591756,0.0326735952552
122,0.00130513126843,0.00984322530669,0.0372966406604
123,0.012999775596,0.00066285562832,0.0232951017029
124,0.00934136000526,0.000691677638679,0.0327783157498
125,0.00291033066875,0.00291837058827,0.0168556270503
126,0.0013395194081,0.0104927637077,0.0451110775218
127,0.00482215721589,0.00390456519894,0.0268483588997
128,0.0166374130478,-0.00564049063813,0.0191118964274
129,0.00793545550243,0.00414908905423,0.0345579598622
130,0.0145747597306,-0.00526160434237,0.0153895875916
131,0.00447272899366,-0.000516099193663,0.033827617241
132,0.00160083602752,0.0131119329278,0.0374072001043
133,0.00908568467869,0.00338657951817,0.0266004704589
134,0.0048624068818,0.00760780257221,0.021416364765
135,0.00353529075643,0.00580731634231,0.0293168896256
136,0.00820751014347,0.00119120048724,0.0205745274113
137,-0.00202432109044,-0.0014128860371,0.0112916097367
138,0.0106156162992,0.00692641866961,0.0380816660713
139,0.00790823341152,0.00491281378114,0.0256164864429
140,8.57478470464e-05,0.00460564637028,0.0344869860071
141,0.00932478506611,0.0097870985633,0.0426193536135
142,0.00877136222425,0.00328146564198,0.0236275342505
143,-0.00562351026482,0.0105805249522,0.0368425402676
144,0.00135738587903,0.0142399142259,0.0541362995917
145,0.00987396232514,-0.00342911752671,0.0119035528328
146,-0.00119545905326,0.00690899969813,0.0303515559211
147,0.00463802830028,0.00835261435959,0.0424434235778
148,0.00709822071439,0.00356444867364,0.0303862989616
149,0.0109380422448,0.00377559601604,0.0352397037288
150,0.0051981233744,0.00902029586425,0.0327672871256
151,0.00649886106963,0.00258486428372,0.029471734406
152,0.00934998578612,-0.000189068210497,0.0177214731778
153,0.00599124174331,0.00804121117199,0.0497007008619
154,0.00754247517941,0.00788049529775,0.0351531384516
155,-0.00149619416245,0.00839780242131,0.0355538189511
156,0.00823039189438,0.0067717211165,0.0386914520156
157,0.00451828889872,0.00516288148462,0.0351000022181
158,-0.0045057419698,0.0116297874817,0.048074987376
159,0.013204713125,-0.00338347269517,0.0217462671411
160,0.010951331101,0.0102725783313,0.049400376731
161,0.00577345877012,0.00327511534739,0.025567432279
162,0.00469979283373,-0.000756978958051,0.0212614083458
163,0.0101719365169,0.00104729700489,0.0296182664582
164,0.00366876589451,0.0114547294757,0.0474112630676
165,0.000652674952003,0.00933463836046,0.042992480601
166,0.0091710986072,0.00124513441225,0.025112041513
167,0.00251225311666,0.0110587855441,0.045773093028
168,0.0131703964623,-0.0060190261893,0.0021564622834
169,0.013577327277,0.00425196411119,0.034872322615
170,0.012609975833,-0.00300479619892,0.00937197091805
171,0.00687702982507,0.00591528388687,0.0358781052088
172,0.00251592318906,0.00543932914872,0.0244505506389
173,0.0106817932003,0.00340673774581,0.0327539074742
174,0.00254729979974,0.00523387065253,0.0254296364934
175,0.00566515868501,0.00798488306243,0.0429705506263
176,0.00184179308145,0.0115761686496,0.0465140144144
177,0.00867192533454,0.00298570209541,0.0390162926522
178,0.0151002842957,-0.000971731789206,0.0289844375313
179,0.00490818856865,0.00143524487895,0.0222263630231
180,0.00305980592553,0.00374538651304,0.0302494938214
181,0.0099220850043,0.00664906627614,0.0413363379135
182,0.00665947355489,0.00590525273217,0.0446067977077
183,0.00292148526609,0.00445392649838,0.0317634281875
184,-0.00128939821986,0.0084459692316,0.0362856241703
185,0.00455917134945,0.00449652183707,0.0255334187286
186,0.00947211975188,0.000446868818179,0.0253858573429
187,0.00353426872113,0.00485370126961,0.0325307247472
188,0.000195528847579,-0.00144860666274,0.016235468788
189,0.00592084664822,0.00762537413341,0.0386228479193
190,0.00871623567552,0.00561482104275,0.034218020739
191,0.00806949283549,0.00556142977268,0.0292165095843
192,-0.000388021991249,0.00161580954745,0.0170898275113
193,0.00818070171577,0.00114824359515,0.0175761179988
194,0.000489882106491,0.00971521780312,0.0490945546423
195,0.015131549124,-0.00262176609428,0.020502824613
196,0.0148337648511,0.00379633295974,0.0340993592484
197,0.00896022026311,0.00294331829349,0.0366298237188
198,0.00707562302587,0.000572063399726,0.0282398799942
199,0.0144639454919,-0.000348934018918,0.0258918242752
200,0.00342546633278,0.0017505087966,0.0180619667927
201,0.0124638178744,-0.00459114043479,0.0102433550202
202,0.0145687254227,0.000880581637314,0.0328917100171
203,0.00106367627334,0.00207568854169,0.026010314539
204,0.00430671176983,0.00245031238889,0.033426290644
205,0.00565617020993,0.00847266201172,0.0449135904425
206,-0.00229328818085,0.0100531187958,0.0341470516443
207,0.00583359834357,0.00620790126083,0.0411478848684
208,0.0131644854965,-0.00515669550835,0.0155132654406
209,0.00535882407467,0.00343352117553,0.0295471730608
210,0.0130891525787,0.00120875788699,0.0290838579538
211,0.00745472667122,0.000138467676599,0.0267244407271
212,-0.0020145257602,0.011609261654,0.0451187633466
213,0.0106048139428,0.00281703950738,0.0283675654181
214,0.000760109475002,0.00571866850891,0.0218008245015
215,-0.00291727157574,0.0114873188379,0.0363020636951
216,0.00815351045981,0.00487895156824,0.0334550991883
217,0.00512104048934,0.0165717028139,0.0545361768735
218,0.00151414900231,0.00811032833457,0.0288638512825
219,0.0116195754314,0.00421649733721,0.0324917366558
220,0.0010077292011,0.00779773826774,0.0378098725832
221,0.0113717556161,-0.00119154462683,0.0212209748147
222,0.0065211371752,0.00231727980432,0.0270734037402
223,0.00794729411948,0.00472860494427,0.0239898412739
224,0.00944452099516,-0.00461697898571,0.0180864314062
225,0.00388076492801,0.003562355767,0.0305053270783
226,0.0196494034753,-0.00949141872947,0.000329870231638
227,0.00817115206993,0.00434213417914,0.0363556819609
228,0.0114285004617,-0.000965403301314,0.0299304965947
229,0.00442984048991,0.00679532899301,0.0338251014901
230,0.00700698087109,0.00626231112805,0.0360831414891
231,0.0104167754053,0.00181190482751,0.0353898621389
232,0.00682884962146,0.00948042762011,0.039428173723
233,0.010361962744,-0.00209136709248,0.010493059912
234,0.0120460250429,0.0026221628451,0.0284006920077
235,0.00196909147113,0.006436617846,0.0363865981761
236,0.00812284304584,0.0021395989345,0.0203297341538
237,0.00146429471967,0.011795378053,0.043550295158
238,0.00448563863935,0.00769986180816,0.0219441690305
239,0.00251641292047,0.00845418001241,0.0358232746477
240,0.00972858908957,0.00355115463281,0.0262526969355
241,0.00781358388586,0.00576373403396,0.0328997970304
242,0.00311011286965,0.00697385492742,0.0338797701044
243,0.0136611624462,0.00149588234631,0.0262749816005
244,0.0111552817064,0.00176773266364,0.0293363193433
245,0.00565869883071,0.0078478654179,0.0339205908374
246,0.00509401960219,-0.00245861787535,0.0111055698552
247,0.011864191436,0.00360194279902,0.0307903245061
248,0.00531963803265,0.0102737853033,0.0464426784947
249,0.00727609834056,0.00356619884811,0.0312701714892
250,0.0167161281177,-0.00202616906468,0.0189563175851
251,0.00685641765336,0.00291942738394,0.0295894847746
252,-0.000144270887858,0.00544439784722,0.0279306278324
253,-3.87549845869e-05,0.00903376545334,0.0273564788285
254,0.0135690037632,-0.000997347850247,0.0259329831586
255,0.00990849089551,-0.00124182433241,0.0141879224109
256,0.00521903733964,0.00886504124469,0.0268836423764
257,0.00389401408137,0.00152506569357,0.0215900855253
258,0.00508730950808,0.00573711353109,0.0369350333889
259,-0.0041874167037,0.00364806309737,0.0217555087579
260,0.00840459741772,-0.00450328226664,0.00608985274665
261,0.00742721373919,0.000125997853563,0.0213365962052
262,0.00876805565024,0.00163388259131,0.0254410829895
263,0.0121886645978,0.0021960532336,0.0291201034212
264,-0.00224509225396,0.0103241908247,0.0406980808848
265,0.0069261497941,0.0117630716696,0.046304409054
266,0.00433367213917,0.00685751694029,0.0325578422292
267,0.00274411559193,0.000508592197001,0.00940134981878
268,0.0135783326417,-0.00590017563648,0.0197335656984
269,0.00813292664103,-0.000613375368513,0.0314872066583
270,0.00638624118748,-0.0024954889603,0.0169638740793
271,0.00610352157267,0.00422796789071,0.0293693701178
272,0.00662712598112,0.00273537710348,0.019613510589
273,-0.0026705528552,0.000761126827472,0.0284437272151
274,0.0100943494199,-0.00139506558172,0.0224119052781
275,0.00956242955909,0.00102713990612,0.0275765990682
276,0.00624572632611,0.00128845084842,0.0240933904659
277,0.00478470552935,0.0072462782145,0.0335802501061
278,0.00410863327919,0.00389768334993,0.0360954893858
279,-0.00188758917876,0.00734047686307,0.0379491472087
280,0.00109381334796,0.00336396534171,0.0333025882152
281,-0.00221308401231,0.00949431871019,0.0435741395997
282,0.00027670284874,0.0079555424339,0.0297444037165
283,0.00800206872128,0.00611719606234,0.0349893396946
284,-0.000375948353966,0.00611250547458,0.0308144312778
285,0.00546085406384,0.00279697512135,0.0319661784321
286,0.00185032146122,0.00750877533226,0.0426713928622
287,0.00812929757944,0.00225906661907,0.0238036816769
288,0.00187089507194,0.0146163616696,0.0513480273397
289,0.00162143461317,0.0141831060566,0.0467756216313
290,0.0181527603209,-0.00474001146291,0.0146522991868
291,-0.00228707699748,0.00898855420652,0.0429184624138
292,0.0151112025765,0.00243985392993,0.027678376806
293,0.0112172706949,-0.00427516596517,0.00565369706443
294,0.0122047453766,0.00214845510145,0.0247636495671
295,0.00331594847262,0.00483919723403,0.0301962199103
296,0.00599748047195,0.00342805566666,0.0339256353223
297,0.00569774867705,0.00399873093809,0.0267371487536
298,0.0085143100091,0.00416008641991,0.0341290263019
299,0.00508293681538,0.00853398834863,0.0296162713266
300,0.0075073779933,0.00471294766848,0.0348421596734
301,-0.000944408422951,0.00699098106041,0.0293648306679
302,0.00150250070111,0.00880843957655,0.0432651476225
303,0.00214611936224,0.000106708741384,0.023512356473
304,0.00691432521846,0.00666422403938,0.0348506232199
305,0.00204450680551,0.00450131739556,0.0337992931091
306,0.000844643830977,0.0051192117547,0.0323454586175
307,0.00267343008367,0.00879240745855,0.049384620654
308,0.00257376310627,0.0124668865036,0.0516831664417
309,0.0139486424783,0.000780543247592,0.0288427565472
310,0.00631695686048,0.00819078815251,0.0417462837311
311,0.0118584848369,-0.00898492642837,0.0136932120928
312,0.0049709441099,0.00804285233799,0.0387314645828
313,0.00237732526621,0.0127954366772,0.050653328205
314,0.00166653057048,0.00749664406881,0.0297093390634
315,0.00290147056585,0.00323972590604,0.0177289306505
316,0.00665941985934,0.00956162697687,0.0387819128152
317,0.0135842498396,0.00753993361501,0.0428575097107
318,-0.000815501904253,0.00308339176351,0.0306876794012
319,0.00293626735558,0.00128685554344,0.0279262890313
320,0.00589267764543,0.00343850993844,0.0244306079818
321,0.00733049943253,-0.000822946777001,0.0182130960805
322,0.00884772239373,0.0125100825413,0.0544029994501
323,0.00476351701029,0.00439247796333,0.029784424506
324,0.00898992326015,0.0111317881524,0.0375736763891
325,0.00652805608827,0.00119432748158,0.0184618454709
326,0.012415077561,-0.00122690579898,0.0261234168233
327,0.0197617775838,-0.00425138074979,0.00886187739585
328,0.000194565804195,0.00840591167463,0.0330210188122
329,0.0146192920495,-0.00236474766773,0.0130613943972
330,0.00773069202321,0.00519037806114,0.0246933208605
331,0.0144924744581,0.00150496905883,0.029882867254
332,0.0169493925434,-4.57580931964e-05,0.0261790674665
333,-0.000264005185432,0.00613941202874,0.0261521549962
334,0.00251058428012,0.0145531802919,0.0502271235519
335,0.00744010029478,0.0012401231948,0.0240147088949
336,-0.00564459966969,0.00964401002894,0.0291634161958
337,0.0081544785242,0.00119640736203,0.0212935216024
338,0.00554859131122,0.00252004295413,0.0219172521131
339,0.00414135066577,0.00558716793193,0.0383144228085
340,0.00517896453923,0.000605246194245,0.0244616760842
341,0.0138549688625,-0.00341850277176,0.016085829763
342,0.00466725968422,0.00449887255088,0.027062835285
343,-0.000912533933364,0.00509666397639,0.0206640888788
344,0.00575987275982,0.00597034434454,0.0323768313657
345,0.00494070640895,0.00673436078427,0.0343125407175
346,0.00742127195317,0.00405320615609,0.0357594989449
347,0.00650526315232,0.00156191133098,0.0194346349553
348,0.000175493552018,0.0047914209593,0.0307783623887
349,0.00257616654494,0.00731741425675,0.0387935807245
350,0.00910515406998,-5.93718772094e-05,0.0200615364774
351,0.00770415613968,-0.00210122298415,0.0128823104898
352,0.00369563117121,-0.00519792484045,0.0146279798883
353,0.00875366140399,-0.000639746999166,0.0211992084426
354,0.00317187610867,0.00361355977282,0.0254080697187
355,0.0141781304441,0.00194474674758,0.0290305687767
356,0.00910667244919,0.00115806597051,0.0282859497296
357,0.00780448170688,0.00862985006233,0.0312818663641
358,0.00839322499759,-0.000493751891644,0.0202311485414
359,0.00468287338263,-0.00123561551256,0.0261208128255
360,0.00128454662549,0.0100583597203,0.039120503794
361,0.00116285177708,0.00568838608346,0.0339971356886
362,0.0115782532535,-0.00191076256795,0.0263938641259
363,0.0134979496961,0.000894364660106,0.0172152012613
364,0.00939557513603,0.00858938878029,0.0374935986005
365,0.0109135717664,-0.00227482843356,0.0162432779262
366,0.00427918909031,0.00836592926958,0.0349818553905
367,0.00560756122178,0.00672338563448,0.030959602004
368,0.0153947971862,0.000484531406522,0.0258552994294
369,0.00304671826055,0.00781455639127,0.0324925560677
370,0.0116150427599,-0.00215857260351,0.018312850189
371,-0.00521222503952,0.0127446972758,0.0415967427217
372,0.00208124079193,0.00368502889362,0.0276577005389
373,0.00187576462017,0.00430325273502,0.0303232272658
374,0.00829765391967,0.000478955185126,0.0168370401696
375,0.0108215885833,-0.000787489625979,0.0192056896253
376,0.00364527260923,0.00529709178489,0.0278299528585
377,0.004356567486,0.00515558380767,0.0306946638335
378,0.00931320535785,0.0063869816248,0.0339589703414
379,-0.00485547572199,0.00796411616338,0.0344812632341
380,0.00194615656041,0.00243608782078,0.0251041838341
381,0.0084488536919,0.00527606606297,0.0294650644111
382,0.00160639665146,0.00548249522313,0.0429302786411
383,0.00891667138741,0.010298104742,0.036994286294
384,0.000397222441943,0.00450795582887,0.0273861406607
385,0.00595366369842,0.00699486961025,0.0379314817217
386,0.0110679469569,-0.00310340510032,0.0166209021098
387,0.00412207119597,0.00300562024397,0.0253052257625
388,0.00593273107824,0.00288622094407,0.0349270151575
389,0.00261526932198,0.00314993143788,0.023556764221
390,0.00962476319129,0.0113282452226,0.0497734193799
391,0.00656431856067,0.00634133387926,0.0283394319264
392,0.0101271698101,-0.000757246783872,0.0209639946373
393,0.00634203672883,0.00716203110261,0.0426318597203
394,0.0090471189225,0.00273383229438,0.031360500156
395,0.0145852661644,-0.00258858165752,0.0239613711209
396,0.00965167018688,0.00307693419992,0.0261398955067
397,0.00573244641307,1.58577327025e-05,0.0173329593037
398,-0.000155629989415,0.00451891143865,0.0321722506579
399,0.00204648200357,0.00519636920088,0.0292936262468
400,0.00837874759904,-0.00390762643985,0.0185306497612
401,0.00373100691224,0.00152403370591,0.0252003530943
402,0.00410422349343,0.010027976968,0.0498495080034
403,0.00539719563208,0.0120194599234,0.0457135684474
404,0.0062998012458,0.00278346756279,0.0177373483841
405,0.00675115133689,0.00313755536837,0.0329708031613
406,0.00101816053463,0.00922527972426,0.0367757004284
407,0.0101017013727,0.00440423360197,0.0366808724793
408,-0.00142248551322,0.00347782818043,0.0302159043716
409,0.00293808120019,-0.000267854263594,0.0162783558091
410,0.00903853460482,0.00427329262382,0.0260534543851
411,0.0124595371586,-0.00304017331211,0.0155285481875
412,0.00984028499761,-0.00342958074333,0.0133817673975
413,0.0125703732239,-0.00148335290501,0.026652055817
414,0.0109914005734,-0.00323804493819,0.0131755207698
415,0.00477355696537,0.00137386022303,0.0267030358932
416,0.00476850046107,0.00867720746067,0.04436350077
417,0.00205075690789,0.0089627062579,0.0367012397702
418,0.0056269497692,0.00589717819835,0.034379861847
419,-0.00448608403683,0.00396280307905,0.0214288077242
420,-0.00219634112704,0.00758182935547,0.0324861026339
421,0.00737772365271,0.0116856817566,0.0442349445466
422,0.0137742784613,-3.57586045831e-05,0.0221089490903
423,0.00113998656314,-0.0011653265156,0.0162753620966
424,0.00191102553686,0.0122437621598,0.0380268821049
425,0.00825354563384,0.00422242345065,0.028963560899
426,0.000187587041122,0.0106854425848,0.0462294839309
427,-0.000821146554229,0.0179989988134,0.0536765940887
428,7.94744243712e-05,0.00853604609689,0.0318797430317
429,0.00653369165157,0.00397022012697,0.0272036609942
430,0.00287088867455,0.00943852896697,0.0390043859963
431,0.00302786983108,-0.00378251080102,0.0128692716009
432,0.0019305988406,0.00896985364279,0.0376270709518
433,0.00621020908974,0.00401386743151,0.0420430926389
434,0.00159313563797,0.0081024948135,0.0517568314043
435,0.00228924185851,-0.000779216600847,0.0195595646676
436,0.0129792353895,0.00152925621726,0.0319539458726
437,0.00485439887681,-0.00196051982654,0.0191293404089
438,0.00796994753231,0.0109718455023,0.0409847684829
439,0.00890677759969,0.00652028472519,0.0358971255193
440,0.00824347142596,0.0107951819003,0.0447055429094
441,0.00937251563318,-0.00130454482486,0.0148101088928
442,0.00639674960378,0.00397318560691,0.024348768157
443,0.00424582477441,0.00539305798243,0.0323628029984
444,0.0103490416235,0.00217945495121,0.0265448660605
445,-0.000130294356128,0.00483429489725,0.0281386630266
446,0.00695439747018,-0.00102106866392,0.019541440973
447,0.00641915443554,0.00219155869908,0.0186789494272
448,0.00886092643282,0.0124716475129,0.0621689671669
449,0.00645368417607,0.00287473529705,0.0359342229004
450,0.00610712418174,0.00650148939192,0.0307438144696
451,0.00508242117887,0.00313896091751,0.0308098820038
452,0.00883803539092,0.00622276035774,0.0314322657079
453,0.00411328973858,0.00660330169897,0.027167600775
454,0.00360243014253,-0.000214219121907,0.0160590955178
455,-0.0038952023868,0.0116393889165,0.0475734338657
456,0.010847748498,0.00400823830221,0.0379015495056
457,0.01099309855,-0.00219604454732,0.023549515187
458,0.000450313114427,0.00912625231637,0.0419507857575
459,0.00605141668035,0.0085696012067,0.0359852333839
460,-0.000142662796907,0.0164246251165,0.0484101685048
461,0.00760697796601,0.00726085539187,0.0498337359589
462,0.00860206351985,0.00420902586944,0.0379943159848
463,0.00291222432345,0.00758776697634,0.0285666389855
464,0.00978383113033,0.0031331146072,0.0349952028107
465,0.00124196962539,0.00673154821444,0.0276669166546
466,0.00673939874892,0.0011190210632,0.0242586271891
467,0.00106711898777,0.00714019038462,0.0356284159347
468,0.0110378413184,0.00434961228813,0.0280804076971
469,0.00606854783174,0.00336332779457,0.0336560336761
470,0.0114812914432,-0.00222779261027,0.0176131630928
471,0.00912124304928,-0.00620952353312,0.0177792880511
472,0.00478908764985,-0.0015185416634,0.01713123662
473,-0.000788951262847,8.04867247854e-05,0.0154134336251
474,0.0181825055737,-0.00436398755046,0.0199494692672
475,0.00975085893677,-0.00411736777092,0.0104592393649
476,0.00586650356413,0.00780505303269,0.0402181566328
477,0.00475879596363,0.00428191391751,0.0269579934983
478,0.0141880535876,-0.00572536201006,0.00410613250707
479,-0.00538229765122,0.0103963614709,0.040630286952
480,0.00210424374604,0.00516122898785,0.0266162992471
481,0.0106122762429,0.00133598328353,0.0296709011622
482,0.00449504391481,0.0078966125358,0.0366100849937
483,0.00313366862571,0.00683712159289,0.0310775823571
484,0.012445158526,0.00204595900347,0.0184864268279
485,0.00235435879391,0.00442411951866,0.0408444674674
486,0.00110667652326,-2.71789131374e-05,0.0198314527502
487,0.00057188223305,0.0118051967143,0.0389601429398
488,0.000358531468636,0.00804607168637,0.0415735020228
489,0.00807703551687,0.00706569857538,0.0342691270612
490,0.00859113200041,0.00339696448673,0.0264095352161
491,0.00862768967725,0.0026791561002,0.0281536367204
492,0.00765533098663,0.00428396388179,0.015923051835
493,0.00755838518765,0.00506890996336,0.0308417427307
494,0.00757205274967,0.00628258706595,0.0421636773301
495,-0.000894390435717,0.00907497014755,0.0487179908222
496,-0.00153722485512,0.0128868499607,0.0425585382519
497,0.00287270255901,0.00470666297293,0.0303891352977
498,0.00300371243287,0.00253672450879,0.0228080047619
499,0.00156799025682,0.00125332128799,0.0191687466315
500,0.00698674297407,-0.00243135003236,0.0172693192055
501,0.011774036805,-0.00067423635342,0.0208408096993
502,0.000894789876963,0.006809132869,0.0330191779016
503,-0.00181709287964,0.00791403684622,0.0307010378745
504,0.0117458519752,0.00260217417943,0.0193297296896
505,0.00736358384836,0.00254308746748,0.0214086727069
506,-0.00217081067853,0.00923737072973,0.035309543578
507,0.00785476864866,-0.00347704437321,0.0144979247878
508,0.00205482927424,0.0092800551912,0.0383992060578
509,-0.0046620076635,0.0117376546198,0.040055912689
510,-0.00764760328216,0.0164623565261,0.0495204438813
511,0.0127603445458,0.00177472342,0.0355673490105
512,0.010102184133,0.0112097161836,0.0445141656042
513,0.00730943734909,0.000927347344921,0.0288809110897
514,0.00451749188288,0.00433142039953,0.0385796317949
515,0.0121038710286,0.00851774369001,0.0450684632749
516,0.000125092697361,0.00684450532921,0.0302105680677
517,0.024876533953,-0.00759835852344,0.0112100811266
518,0.00420215257047,0.00232648583507,0.0179678020046
519,0.00374331537893,0.00542342226807,0.0309932733291
520,-0.00463659773511,0.0129038673014,0.047780673872
521,0.0005492913577,0.00512108503295,0.0244681104642
522,0.00322919763292,0.0085441374336,0.0383854683908
523,0.00995193423915,0.00207791451831,0.0286172039326
524,0.00809233815402,0.00433598946775,0.0330140433914
525,0.00164312792089,0.00041305836155,0.0210570669834
526,0.0058927635066,0.00847664321343,0.0315863689173
527,0.002227063651,0.00425755933148,0.0312095743158
528,0.00567889748649,0.00528569223043,0.0296852500451
529,0.00409889731153,0.00489547112728,0.0342468822908
530,0.00354315704715,0.00263819477159,0.0214482865063
531,0.000850198522872,0.00136027611818,0.0198713345495
532,0.0126014403731,-0.00216571648139,0.0190713703394
533,0.00387150568577,0.00326869854046,0.027755810453
534,0.0102178318599,-0.0109672427404,0.00261867899041
535,0.00693575166097,0.00370633966545,0.0317991527631
536,0.00621273617526,-0.0018452638844,0.011025402405
537,0.0131990050372,0.00565672269805,0.041984899742
538,-0.0031311733498,0.0103414417977,0.0357824906677
539,0.0105367637335,-0.00201087754389,0.0252419421042
540,0.00542560137415,0.0114666367325,0.0366374469616
541,0.00485835749213,0.00381654720182,0.0244314676934
542,0.00835214331248,0.00575005447938,0.029651866598
543,0.0118363581273,-0.00435598087449,0.0162705513095
544,0.00917836361953,0.00352475858858,0.0258239367704
545,0.00445204503734,0.00879196930861,0.0376949499314
546,0.00168837477003,0.0044889260538,0.0286246373925
547,0.0130864310046,-0.0023848863191,0.00741904719701
548,-0.00373489825079,0.0101267855011,0.0471640980949
549,0.00301320781615,0.00854315981343,0.0429530237322
550,0.00903150853828,0.00503708124833,0.0351218024419
551,0.0151993417448,0.0022046773749,0.0297970389117
552,0.00728530956446,-0.000877104069825,0.0175812853215
553,0.00360105858042,0.00476422891814,0.0283249608211
554,0.00391776783508,0.00857589361541,0.0316737058694
555,0.00371957102458,0.00186838212754,0.0274671268211
556,-0.00377100211576,0.00876401910035,0.0298505676784
557,0.00946338355727,-0.00017920396755,0.030865420782
558,0.0125897463146,0.000592858279362,0.0187066299639
559,0.00620836511193,-0.000780032522246,0.0203530831808
560,0.00714693481608,0.00138803252725,0.0202262356162
561,0.00307996271379,0.00258897231777,0.0200070353958
562,0.00593161292304,0.0105822965981,0.0468674267001
563,-0.00171921152214,0.0131031424355,0.0477888746373
564,0.0105627859287,0.000773769923525,0.0267115013977
565,0.00801177387773,0.000905322910041,0.0285699472338
566,0.00983284666783,0.00192002641786,0.0232735661423
567,0.00536528686097,0.00415726819914,0.0284128274812
568,-0.00129700654884,0.00736397658147,0.0291687936591
569,0.00767873649924,0.00404413133857,0.0311626313354
570,0.0127801604573,0.00607557478462,0.0316139138323
571,0.00785196782129,0.00323487956023,0.0342879610784
572,0.00693291458934,0.00612733149364,0.0323534503158
573,0.014642664495,0.00258422752317,0.0377315950259
574,0.001389900902,0.0094763704547,0.0396189284863
575,-0.00409946897086,0.0129129773431,0.0473988961637
576,-0.00131145019456,0.00398738864827,0.0142584568704
577,0.00772810784936,-0.000844918143178,0.0178192229016
578,0.00314345200884,0.00914972705035,0.0427246336314
579,0.0137112918212,0.00264410344774,0.018203881388
580,0.00797963081511,0.00303755280576,0.0232267039775
581,0.00386389745782,0.00322163812199,0.0245366151062
582,0.00751914804445,0.00316800886926,0.0252142528201
583,0.00729406199757,0.00171576821261,0.0309871230391
584,0.00766996831392,0.00181843998138,0.032059313615
585,0.00673735752535,0.00623970968442,0.0387053126075
586,0.00342078256284,-0.000213847641289,0.0247874542318
587,0.0114807471048,-0.0055333691691,0.00478312206135
588,0.00559913522287,0.00555752484729,0.0294613682985
589,0.00625726045966,0.0082624479658,0.0441332028868
590,0.00397278756331,-0.00143121511277,0.0177128604309
591,-0.000724294999942,0.00747236394633,0.0284040990921
592,1.38679424827e-05,0.0124863486467,0.0395382970613
593,0.0081367877705,0.0046898742655,0.0348415944026
594,0.00386713750882,0.00484935819941,0.0258488460126
595,0.00659973226802,0.00278270753552,0.0296123173271
596,0.00306543560905,0.00204685977251,0.0203115908589
597,0.0086662371524,0.00191900055371,0.030515075191
598,0.00903958648328,0.00461949436907,0.0352710642145
599,0.00323705808445,0.00577277035527,0.0326949983135
600,0.00211072895004,0.00374549420045,0.0294883619087
601,0.00701796004001,0.00288223357672,0.0217547042638
602,0.0102842795922,0.00883045011468,0.0406869625901
603,-0.000357009729109,0.00477323990525,0.0284889517225
604,0.00658433676193,0.00458301769785,0.0369142667672
605,-0.00143794192253,0.0101397407534,0.0262181611513
606,0.00169965134432,0.00620884399646,0.0262291387862
607,0.0172003368114,-0.00589959568851,0.0177613623502
608,0.00689835658652,0.00350033893424,0.0309847528454
609,0.00738684701748,0.00116272857449,0.0189330125494
610,0.00271982024313,0.00261140429153,0.0183237258264
611,0.0135646079793,-0.00270652456675,0.0160265506445
612,0.00366194668521,0.00680982879017,0.0357160889928
613,0.0131313109813,0.00100081247204,0.0265511604496
614,0.00579168908282,0.00114281623313,0.027009824432
615,0.000646879470646,0.00947280937975,0.0362644702868
616,-0.00381422101127,0.0072476523254,0.0329872216369
617,0.0101316685568,0.00219325393101,0.025768659748
618,0.00223662244202,0.00868926382225,0.0336644952192
619,0.0099507657553,0.00157239543786,0.0282809189383
620,0.00395033821902,0.00265420010467,0.0383984284549
621,0.0104162425423,0.00267926863205,0.0344278472989
622,0.012057118928,0.00158064644361,0.0227847342492
623,0.00383494493643,0.00450820126104,0.037532063889
624,0.0102448063098,0.00189477822745,0.0273699374144
625,0.0076023199576,0.00241122485164,0.0262934053152
626,0.0102871935865,0.00179820685036,0.0214048979371
627,-0.00867491160515,0.0170954948081,0.0552827958293
628,0.0188087334625,-0.00506768358788,0.0129560040025
629,0.00787013847056,0.00312104377329,0.0265537719135
630,-0.00365094792303,0.00655863682018,0.0345095507012
631,0.0110899363936,-0.0033731261104,0.0114703978539
632,0.0104005048739,-0.000307248695588,0.0221157748954
633,0.0103955482779,0.00834231205399,0.0486081683248
634,0.00501028738745,0.00484301200512,0.0383880832792
635,0.010702481018,-0.00603818023818,0.0111324530691
636,-0.00408029651908,0.00922952079529,0.0326070627586
637,0.00128367824447,0.00868623167871,0.029976296836
638,0.00187752470346,0.000577115013402,0.0182523262216
639,-0.00212428710825,0.00830848276009,0.036311106882
640,0.0106768621633,0.0037499647809,0.0264316942853
641,-0.00140457675119,0.00953194406119,0.0341162775944
642,0.0111808191284,-0.00396599615752,0.0133439047866
643,-0.00213668331563,0.0164475380506,0.0520370204131
644,0.0109385704515,-0.000434897499393,0.0159596771118
645,0.00660987586744,-0.00561064187717,0.00602574941528
646,0.00116618946283,0.00137697557517,0.022680382995
647,0.00419120796797,0.00890128712642,0.0346044526845
648,-0.000951294243582,0.00134705488233,0.0251312212173
649,0.00404722613704,0.00430115780194,0.0332160304228
650,0.00729172119944,0.000509520486885,0.0226985160034
651,0.00244176797564,0.00429744040257,0.0195744966215
652,0.0145530327363,-0.00531494114252,0.0228912667662
653,0.00585554032969,0.00750897157824,0.0432304423637
654,0.00028441400428,0.00315962717849,0.0316419893063
655,0.0121723170597,-0.0016808538248,0.0253436500172
656,0.010290618578,0.00213871202078,0.0282237898905
657,-0.000571832593251,0.0118604357548,0.0529525960847
658,0.0180372045748,-0.000685148898279,0.0271498694814
659,0.0112369056848,0.00369121384558,0.0221877285672
660,0.00296627591135,0.00501372623677,0.0235991570437
661,0.00453550937797,0.00328894703337,0.0243593977236
662,0.0146266617731,-0.00383329910474,0.00701398524857
663,0.0054511014808,0.00249921139108,0.0163916721087
664,-0.00108785270084,0.0057256139627,0.0289190816527
665,0.00567352925863,-0.0015337956676,0.0173865677723
666,0.00887009688487,0.00229074604035,0.0220236513169
667,0.00116804335684,0.00665761384715,0.0356694348447
668,0.00303622073056,0.00190509321884,0.0229112351412
669,0.0103102416725,-0.00065247576632,0.028852088746
670,0.00969563801878,-0.0010706964134,0.0239396092382
671,-0.00395120364665,0.00630210287913,0.0270438004192
672,0.00591605811293,0.00548211845406,0.0295430779772
673,0.0010036252047,0.00584796982421,0.0345810307431
674,0.00645856478552,0.0042907044625,0.0308770049046
675,-0.000349957752119,0.0116305187681,0.0413869178239
676,0.00507359800727,0.0134872063139,0.0498143006932
677,0.00607317256011,0.00989204912619,0.0493824277172
678,-0.000156258664389,0.00422903901541,0.0255894640483
679,0.00427005318251,0.00804159386805,0.0391617994182
680,-0.00186430509786,0.0126444166648,0.041711196287
681,0.0124939526655,-0.0033509931841,0.00747916464127
682,0.0104801535556,0.00671623795645,0.0347490582351
683,0.0105239821556,-0.00375052939594,0.0149673088447
684,0.00697090706823,-0.0019553827125,0.0187095623462
685,-0.00335057497392,0.0126049475962,0.0365964622845
686,0.0139220832919,0.0032208785037,0.0271405740137
687,0.00411524817804,0.0106067060683,0.0371509290618
688,0.0100416176491,0.00264309873477,0.0224213204442
689,0.00278177074717,0.00317787224269,0.0266148692621
690,0.000549155145016,0.00987609309051,0.0360867628158
691,-0.00435102826378,0.00787176427711,0.0250419832471
692,0.0057489258839,0.00632428996315,0.0310273558008
693,0.00347055383391,-0.00251197962937,0.0178559877643
694,0.00696615871859,0.00159778406854,0.0277424584467
695,-0.00365236063484,0.00744476796821,0.029435405033
696,0.00160856712759,0.0105312233611,0.0371244565783
697,0.00287584341149,0.00603190130108,0.0307180997377
698,0.010882307066,0.00278177348953,0.0247741485647
699,0.00453649029042,0.00542404092812,0.0312867039267
700,0.000947005421074,0.00779816820639,0.0368198406841
701,0.0118258268429,-0.00128385370023,0.0157823481026
702,0.00100102464481,0.00759209650643,0.028001493909
703,-0.00322956954577,0.0101282130469,0.0339350945745
704,-0.000408988885014,0.00428561967017,0.0351910421202
705,-9.84299911444e-05,0.00706078868729,0.0290822296607
706,0.00245785206452,0.00646722425432,0.0320071484508
707,0.00334116154474,0.00479469605764,0.0287501440519
708,0.00361974833351,0.000221036688153,0.0243245465302
709,0.021204658987,-0.003541254119,0.0206185510485
710,-0.00542020954844,0.0102217614759,0.0474847735046
711,0.00309009875,0.00456619604209,0.0208790966016
712,0.00698927586754,0.00528638572024,0.0356489999538
713,0.0069153462469,0.00715722498937,0.0333350428442
714,0.0152459805324,-0.00660856558512,0.00653368163803
715,0.00390573431842,-0.00309325964464,0.00772827244308
716,0.00601762413566,0.00467422817412,0.0308281844168
717,0.0122072700265,0.00273410640041,0.0321183113519
718,0.000997648712809,0.00276946416683,0.0171680511538
719,0.00991707282436,-0.00309258297166,0.00738651891941
720,0.00618472688003,0.00722455506677,0.0405650756072
721,-0.00313143681886,0.0074710031929,0.0374890766012
722,0.0114728673262,-0.00231788857234,0.0173229309712
723,0.00681712856793,0.00661081151906,0.0357102086332
724,0.00209202570952,-0.000231383143748,0.0245186083019
725,0.0124610813028,-0.000777297325013,0.0108578562741
726,0.00947986165747,0.00339650010626,0.039429633449
727,0.00353179761482,0.0048236167862,0.0332117797724
728,0.00747171679692,-0.000884886040494,0.0159452136085
729,0.00639985419412,-0.00134511057302,0.0153366443334
730,0.00950377097919,-0.00130698707376,0.0137863936766
731,0.000102606140581,0.00411282673834,0.0287911224422
732,0.00836814143721,0.00103503841182,0.0114312031501
733,0.00475465457072,0.00933802512777,0.0313748006285
734,0.00571671196732,0.00372033466881,0.0319926894217
735,0.0103436972623,-0.00126410564523,0.0191178767932
736,-0.00474826428749,0.0171018331199,0.0601838222462
737,0.00344342025737,0.00428171768939,0.0252054307541
738,-0.00142343435692,0.00908733778827,0.0480935947907
739,0.00388471671687,0.006830004107,0.0335856949735
740,0.00463113637507,0.00408682619325,0.0293521430283
741,0.0086476153976,0.000231613980239,0.0233852874016
742,0.0120621744879,0.00745146147717,0.0352670877801
743,-0.00531832357851,0.00746282978223,0.0273238508884
744,0.0116349710507,0.00864640051141,0.0371889544705
745,0.00170305469737,0.00873707084193,0.0331476138875
746,0.00339260122721,0.00764819794303,0.0450369391755
747,-0.000789048536645,0.0122567529159,0.0410463037744
748,0.00763515590935,0.00836048256457,0.0385831041062
749,0.00640011617578,0.000431480407004,0.0162212689805
750,0.00987805364357,0.000158389267413,0.0257805999824
751,0.0059687857244,0.00180604311837,0.0153636733451
752,0.0131628622023,0.000194751181369,0.022804093859
753,0.00320963483671,0.00721763566597,0.0328255906595
754,0.00212830247698,0.0124960124578,0.0543665487748
755,0.0116091877677,0.00149884514206,0.0230000706893
756,0.00987929110368,0.00110683620961,0.0201081555748
757,0.00858535336304,0.00618676669685,0.0396124261061
758,0.00425317874992,0.00475697226657,0.0171822488562
759,0.0101089601116,0.00201103130375,0.0199266775424
760,0.00565641678393,0.00271074815145,0.0224016903693
761,0.00637702622677,-0.00510722668802,0.00816115101015
762,-0.00126979497256,0.00656663140947,0.0329990436866
763,0.00903843003332,-0.00277408173036,0.0186104508286
764,0.00484745325532,0.0058662192153,0.0340287374947
765,0.0111700543397,0.00409861403509,0.0357412657114
766,0.000749062425953,0.00740917619033,0.0349598400988
767,0.014149124931,-0.00487747326123,0.00779354926504
768,0.0155397731903,-0.00180145291123,0.0095865387255
769,0.00364554693203,0.00269398750243,0.0328156000273
770,0.0106172056301,-0.000871321813134,0.0269007610518
771,-0.00218472802472,0.00440922622345,0.0248394008346
772,0.00116261606574,-0.000196202292837,0.0171065435459
773,0.0126341932921,0.00275266210187,0.0175760114153
774,0.00102610742196,0.00625568209845,0.027483771917
775,0.00213070296444,0.00554582269847,0.031512099248
776,0.00654513981637,0.00434149810383,0.0355328705463
777,0.00984162441871,-0.00178329831766,0.0148370305425
778,0.00361248174465,0.0110093835042,0.0427149318085
779,0.0120737468295,0.00563106639173,0.0272488861212
780,0.0191967827722,-0.00157364433314,0.0188053630881
781,0.00302452221668,0.0034654814323,0.03521233334
782,0.00912996691151,-0.00488049591287,0.0128433071458
783,-0.00263863740499,0.0152678812927,0.0510011782437
784,0.00438763928073,0.0042325095195,0.0263361293109
785,0.00103534699977,0.0118432970073,0.054886421918
786,0.00247781479642,0.00753499790157,0.0408493952809
787,0.00701627814749,0.00514932126272,0.0362094493982
788,0.00242008744638,0.00312055167721,0.0292153026195
789,0.0031365516716,0.0047157610306,0.030883652075
790,0.0106746689406,-0.00294142027745,0.00964666483068
791,0.00484844962262,0.00428331569325,0.0251189090761
792,0.0114946511853,-0.000364462712964,0.0244384593973
793,0.000487702510682,0.0100213091929,0.0343087707915
794,0.00356868504658,0.00503687146834,0.021003593194
795,0.00546500908642,0.00796902007187,0.0399053018617
796,0.0150599847412,-0.00703033128025,0.0131183367425
797,0.00322390346735,0.00699042713898,0.0257148789685
798,0.0102471972979,0.00162438310647,0.0208730133599
799,0.00630517383787,0.000590726492118,0.0211737200168
800,-0.00232733546022,0.00641423389905,0.0330763118586
801,0.0167464040629,-0.00400651852353,0.0164891345391
802,0.00172636992035,0.0118805831595,0.0328787685973
803,-0.0024036955289,0.0144366454116,0.0394065913707
804,-0.00152369858298,0.0101293221598,0.0385592168363
805,-0.00219294639927,0.0088147738356,0.0445331740527
806,-0.00560298219514,0.0144445540201,0.0413855400028
807,0.0152483565499,-0.00716273693687,0.0131189884068
808,0.00929817686717,0.00459694201021,0.0245585664333
809,0.000516752983138,0.0129922896903,0.0450919591618
810,0.0040680523256,0.00948181694306,0.0365883606058
811,0.00928629196447,0.00734491011136,0.0394905184295
812,0.00690559308158,0.00540489689768,0.0303224486017
813,0.00720601393396,0.00290832416321,0.0351921690698
814,-0.00529156710341,0.0142172308113,0.0530061272967
815,-0.00663553032694,0.00686856667099,0.0296007420661
816,0.00575364459781,0.00291136979777,0.0235410385712
817,0.000506907546835,0.00725232618838,0.0393886978753
818,0.0170880431072,0.000427521290616,0.025455682346
819,0.0124502916418,0.00369441364614,0.0266901286875
820,0.00294334832131,0.00612974101244,0.0338246378614
821,0.00665962893834,0.00301111195532,0.0255353074959
822,-0.00109471215889,0.0097996084511,0.0342517778426
823,-0.00264039526773,0.00701712954172,0.0340673716141
824,0.00401517969698,0.00372721184008,0.0269052562228
825,-0.00207872414723,0.011120537018,0.0516148098206
826,-0.001624597756,0.00972892145985,0.0362084253716
827,0.00803305897752,0.00304838028106,0.0229468426512
828,0.0106471964977,-0.000731986526376,0.0193338761656
829,0.00451084375271,0.00365392398085,0.0286127155488
830,0.00256264965298,0.00303576561813,0.033447278684
831,0.00422370356307,0.00205973895223,0.0251339876165
832,0.00456246215798,0.00338875823852,0.0211800058061
833,0.0117465236961,0.00559206330718,0.0322272246419
834,0.0068892027389,-0.00249556453511,0.0191862879241
835,0.00848808155682,0.00663551879486,0.0323133138199
836,0.000774334781329,0.00967181612415,0.0442944928993
837,0.0103543682426,-0.000132344370433,0.0169361832888
838,0.00654096901233,0.00217801865957,0.0283884042385
839,0.00517673229626,0.00538786389559,0.0321478028151
840,0.0143320224192,-0.000855430780266,0.0136377777861
841,0.0052988394626,0.00965875898898,0.0394077224418
842,0.0015889406151,0.00678442730902,0.0375023964336
843,0.00715607622878,0.00442292758312,0.0278007404615
844,-0.000257792655166,0.006858194703,0.0399901755204
845,0.00821612461624,0.00441578766288,0.0319529117498
846,0.00816701422752,0.00347226943464,0.0326876951051
847,0.0137180000818,-0.00566738475449,0.0140473929652
848,0.00745154031663,-0.00228967560425,0.00943256157592
849,0.0114789851766,-0.000762535493232,0.0144175526054
850,0.00461101500565,0.00398866370294,0.0293907898898
851,0.00408475639341,0.00966845709788,0.0475065054573
852,0.00107811986965,0.00470400665087,0.0304308232685
853,-0.00432508690705,0.0076386693401,0.0407485230872
854,0.00870154316659,-0.000832347340433,0.020049036862
855,-0.00355962082914,0.0111770501646,0.0351846008158
856,0.00372778647839,0.00567885125759,0.0374492149941
857,-0.00074043157947,0.0109863752118,0.0417905373317
858,-2.25045976912e-05,0.00561062628285,0.0289392591962
859,0.0103557736474,0.00330971282166,0.0201547876185
860,0.000503951170426,0.00883015330811,0.0345258766474
861,0.00736232267356,0.00285008566993,0.0361697295987
862,0.00523700557989,0.00191817106094,0.0181670568025
863,0.00453327642915,0.00418311742432,0.0334777469437
864,0.0102364531519,0.0063768208004,0.0389233372117
865,0.00739939325952,0.000449279017532,0.0246137672593
866,0.00306732805492,0.0125522229372,0.0454857619932
867,-0.000183782011483,0.010028371765,0.0390722220407
868,0.00755849584188,-0.000673427046506,0.0015984568764
869,0.00235058484582,0.00229453696479,0.0173614498553
870,0.0108743388057,-0.00435199080454,0.0167101675295
871,0.00983950394478,0.00278198355786,0.0203207957736
872,0.00962788032562,0.000214629652986,0.0183026496574
873,0.00512574998627,0.0065728218344,0.0281818993408
874,0.00906901018881,0.00668650578396,0.0429919521185
875,0.00327580413383,0.010360937258,0.0501312623661
876,0.0166119686917,-0.0088165491544,0.00969335997599
877,0.0104654225184,0.00235911629566,0.0256491363932
878,0.00103822863528,0.00676760499044,0.0438788269365
879,0.0060144611051,-0.00162719360783,0.022467368792
880,0.00210778854669,0.00714262035006,0.0265855459448
881,0.00933994360775,0.00393687840983,0.0252832343585
882,0.00840711752975,0.000399260111965,0.0157671592005
883,0.00764336264269,0.00304900699227,0.0312874853276
884,-7.48710782463e-05,0.00388409471778,0.0188259400767
885,0.0074723747871,0.00516644919995,0.0331926452531
886,0.00736164702712,0.0051323711258,0.0323003471337
887,-0.00788400783965,0.0130354184971,0.04881824412
888,-0.00190304634231,0.00923550727571,0.0438841288289
889,0.000350500711212,0.00598833178828,0.023924160322
890,0.00445461406922,0.00554780946693,0.0206322526016
891,0.00699643424745,0.0055329709614,0.0357460428449
892,0.000721230422497,0.00160987008122,0.0198996432892
893,0.00949695673124,0.00556299751258,0.0270195005367
894,0.0123408765816,-0.00213135706997,0.0200609060633
895,0.00273930024368,0.00246842628353,0.0346180457142
896,0.00564617501655,0.0106903968938,0.0517951244722
897,0.00169217747307,0.00802914893139,0.0304091044326
898,-0.000704591480113,0.00627373336666,0.0245251668695
899,0.00735266885469,-0.00764214711691,0.0124340522047
900,0.00526471727702,0.00506256387698,0.0267227559475
901,0.0105881089953,0.00254874188248,0.0215946641588
902,0.010023810412,0.00397639338716,0.0441032611632
903,0.00583105385263,0.0017368122229,0.0174141992283
904,0.000131297642302,0.00163501764641,0.01781446475
905,0.0112209239151,-0.00336783567669,0.0254560830137
906,0.0138548627541,0.00363740666489,0.031205006374
907,0.00282560128486,0.00622026078272,0.0408728253002
908,0.00172413209393,0.00923793852175,0.0330213588336
909,0.00344975279221,0.00892477471948,0.0419089443936
910,0.00789924466698,0.00321795051773,0.0343701506434
911,0.00632457547823,0.00448560009024,0.0359266223935
912,0.000343248265889,0.0048970093976,0.0286686686288
913,0.00416656525477,0.0101531372333,0.0465973019116
914,0.000917578534299,0.00349520166404,0.0311356120931
915,0.00596671966436,0.00679780529551,0.0357773089451
916,0.00760287892202,0.00786768163243,0.0416661103552
917,0.0113380910125,0.00323634899127,0.0296263889341
918,0.00421057429237,0.0114585035629,0.0407630546127
919,0.010171098723,0.00121093578386,0.0180218596669
920,0.0177518277865,-0.0073127246644,0.0120331865052
921,0.00733278119134,-0.000476574912443,0.0303513001474
922,0.0031658841672,0.00533864334628,0.031049466414
923,0.00621122524375,0.00763326708507,0.0376606880668
924,-0.000408077447072,0.00864335953249,0.0395815753062
925,-0.000668645579887,0.0153956218579,0.064721587809
926,0.00817441101869,-0.00218840727969,0.0248511580751
927,0.00345818793653,0.00668753843689,0.0388916998118
928,0.00752170881984,-0.00181360155028,0.0174992050565
929,0.01233127851,0.00302528105165,0.0285859098235
930,0.00928312173497,0.00273708135378,0.0358716968588
931,0.00588869541592,0.00338815145765,0.0282382211956
932,0.00750769546458,0.0047528597401,0.0358629986827
933,0.00145567254816,0.00675009410272,0.0320352097454
934,0.00295776984274,0.000786322718497,0.0134844399821
935,-0.00172643907837,0.00594161865746,0.026220102483
936,-0.0009466120601,0.00931458788232,0.030472650237
937,0.0129618996482,0.0027414441904,0.0197321246873
938,0.000282969325626,0.0010338645726,0.0251460222086
939,0.00531407567041,-0.00190075682602,0.0198812425302
940,-0.00364020013037,0.0110659639875,0.0406119707167
941,0.00247550790381,-0.00218663113019,0.0190471740973
942,0.0141923236086,-0.00205831957902,0.0170899013698
943,0.00972582904722,0.00591886022802,0.0400695850564
944,0.00125120541124,0.00627247846126,0.0381871561295
945,0.00311954988589,0.0039378912628,0.0215848095826
946,0.00289516635388,0.00946978031516,0.0370941498117
947,0.00611366902841,0.0060554958791,0.0356292534174
948,0.00814098676342,0.006548774718,0.0351900320339
949,0.00459351335304,0.00201105580748,0.0223379151169
950,0.00453158744185,0.00538968584732,0.0311474528668
951,0.00588847666793,-0.0013892461814,0.0258270299255
952,0.00151635787531,0.00659649227857,0.0331412195153
953,0.00833829707737,0.00387857610693,0.0290774543292
954,0.00229392418145,0.00731936307817,0.0328665381015
955,0.0104195135442,-0.00154029231035,0.0116304323335
956,0.0102212785469,0.00130416807587,0.0273669961351
957,0.00988901753915,0.00664504118986,0.033115989941
958,3.55625688039e-05,0.0119110511239,0.0358352158383
959,0.00129118214522,0.00806488385351,0.0365188744824
960,0.00757858103872,-0.000505981094682,0.0227199536728
961,0.00607068671472,0.00243006078046,0.0275269754276
962,0.00573006777096,0.00383341100046,0.028361549496
963,0.00566484977594,0.00607325311205,0.0334770077727
964,0.00994817626692,0.00487109867278,0.0375879283197
965,0.0115407226531,-0.00243215386587,0.020540915434
966,0.000942759794502,0.00468324037904,0.0306494142707
967,0.0120176096113,-0.00445059571767,0.00830210420867
968,0.00360002678966,0.00802723067032,0.0431543216642
969,0.00874886512355,0.00385235676765,0.0287051958378
970,-0.00122279615874,0.00599141672887,0.0222256322906
971,-0.000969148482475,0.0108958059768,0.0429775249072
972,0.00445723725932,0.00875042515907,0.0465977270484
973,-0.00401068368674,0.00919595115348,0.0293437047769
974,0.00231281433213,0.00295940335572,0.0295601585194
975,0.00654240714202,0.00369597700066,0.0196895513598
976,-4.96373811848e-05,0.00665927726096,0.038937197298
977,0.00681365360355,0.00343815266078,0.0363774629095
978,0.010083216033,0.000838195734928,0.0286342894638
979,0.00942415957275,0.00447781232906,0.0244205960289
980,0.00253906984202,0.00116349573655,0.0309602940778
981,-0.00261310046452,8.11368338203e-05,0.0105596848413
982,0.000974532043883,0.00431835651812,0.0228217665999
983,0.00527188426233,5.01122781155e-05,0.0212838432449
984,0.00872536428091,0.00531184185005,0.0275929104001
985,0.00493849614758,0.0160109306423,0.0545475295653
986,0.010574694341,0.000941645296671,0.0163805777993
987,0.0123883559094,0.00827568372063,0.0355919643107
988,0.00739973847111,-0.00106799761286,0.0157672260994
989,0.00404691996157,0.00261117205994,0.0163356446523
990,0.00649982254092,0.00497177352095,0.0313050784147
991,0.0114194854351,-0.00568679765749,0.0103186797212
992,0.00741692134373,0.00242265101326,0.0286062920451
993,0.00867087209309,0.00621600445824,0.0350371816778
994,0.0102715606137,0.00361293600255,0.0384966195087
995,0.00994412873071,0.0042626022434,0.034319493213
996,-0.00131776370725,0.00935268894324,0.0409341881971
997,0.00411121322896,0.0023615098983,0.0261354300747
998,0.00726605995968,0.00678357550201,0.0498527893356
999,0.00543129624881,0.000490891125988,0.0136745302386
1000,0.00667828464191,-0.00114001020067,0.0250781038815
1001,0.00157849416999,0.00871400725827,0.0494293292304
1002,0.0106738450844,0.000625655325909,0.0332620977853
1003,0.00683771071969,0.00681617854219,0.038534932614
1004,0.0113574222188,-0.001815612493,0.0179181743848
1005,-0.000400742063169,0.00117514149076,0.0179080940904
1006,0.00398998106032,0.00517370266352,0.0279449368111
1007,0.00465572971072,0.0038035018138,0.0269818742188
1008,0.00434816353119,0.010173797848,0.0400081672058
1009,0.00503766541055,0.0032566737114,0.0269115018436
1010,0.00554136464745,0.00546883538498,0.0383032144197
1011,0.00207799516556,0.00553835656805,0.0334808546107
1012,0.00612122888955,0.00605615136309,0.0278724449058
1013,0.00485632459677,0.00522523427095,0.0392106394124
1014,0.00542763086093,0.0122833921824,0.0495937316487
1015,0.00017035236777,0.00343055695542,0.0227678495179
1016,0.00616913499484,0.00643013478437,0.0352004690637
1017,0.00676010493053,0.00616248180675,0.0398235400664
1018,0.000222165805221,0.00862753132044,0.0287340405123
1019,0.00894951433068,0.00018199454582,0.0229559517391
1020,0.000357972168536,0.00760956260472,0.0375732092503
1021,0.00158700772391,0.00392400833751,0.0348134971752
1022,-0.00255075270925,0.0121602363757,0.0415063112864
1023,0.0133812001787,-0.00263848226712,0.0199048088447
1024,0.00321342359987,0.00383172117206,0.016203899744
1025,0.0062323371009,0.00276626847791,0.030695397934
1026,0.00104034312968,0.00468984225273,0.037098741196
1027,0.000490369003624,0.0106387979831,0.038211296876
1028,0.00712510560452,0.0042873736636,0.025085187383
1029,0.00997995148375,-0.000920539710401,0.0192965367746
1030,0.0044318856481,0.00509105018393,0.0322087194159
1031,0.00224227779895,0.00732199142434,0.0323380453605
1032,0.0119766448223,-0.00451252798696,0.00759142968018
1033,0.00480639603878,0.00331211089238,0.0348413084187
1034,0.00704748744428,0.0029924383585,0.0176892096813
1035,0.00420009452259,0.00427659191027,0.0222607436927
1036,0.00839389533944,0.000307394760513,0.0264341866779
1037,0.00527868310601,0.00342414106516,0.0313961820145
1038,0.0065238200772,-0.00308721857815,0.00971615817884
1039,0.00622039926107,0.00428347371173,0.0304442508842
1040,-0.0026912804416,0.0103446923592,0.0395487662127
1041,0.0102394694689,0.00211785830241,0.034994208259
1042,0.00537471250444,0.00533813154534,0.0358795600258
1043,-0.00525477158937,0.00724293962771,0.0300998313813
1044,0.00339004091126,0.00360073034799,0.0246370869191
1045,0.012929490262,0.00436374718311,0.0242201718372
1046,0.0114801983226,0.002791660308,0.0302696453936
1047,0.0099571933841,-0.00142683571466,0.0278496938216
1048,0.00856978459453,0.00730644193978,0.0421787091421
1049,0.00600917232999,0.00975160149534,0.0434724869247
1050,0.00859577350541,0.00928715884814,0.0345506470138
1051,0.00464030097025,0.00371177840961,0.0251983209018
1052,0.0106101946091,0.00267040561719,0.0249653587921
1053,0.0153879245727,0.00316963074232,0.0293838795296
1054,0.0115797325645,-0.0017246897783,0.0214282030061
1055,0.00327500764265,0.00398037463817,0.0240885114748
1056,0.00405086546507,0.00429304793097,0.0256496571126
1057,0.00901094131075,0.00668820887236,0.0342847687145
1058,0.00500271720712,0.0034825238306,0.041685243606
1059,0.0064823905475,0.00765151485674,0.0387154413809
1060,0.00526139202628,0.0117802064672,0.0533453505771
1061,0.0064918025438,0.00372006421453,0.034213445996
1062,0.000864140641875,0.00684212853399,0.0301673263089
1063,0.000317162921571,0.0101096131403,0.0281837015044
1064,0.00287489562756,-8.61243820329e-05,0.0143647704833
1065,-0.00103609989921,0.0146674103953,0.0492394468968
1066,0.0105741509875,0.00156204692958,0.0328979559862
1067,0.000873533827264,0.00477616403531,0.0333666192515
1068,0.0131108020786,0.00668702479521,0.0440627578653
1069,0.0145552300834,-0.00859562955598,0.000507801074764
1070,0.00799397212582,0.000613171303165,0.0207527336233
1071,0.00220514399982,0.00831420246925,0.0386880322926
1072,0.00532083521896,0.00883416727247,0.0352244192554
1073,0.00459922950085,-0.000417519611459,0.0267714750992
1074,-0.00175839678831,0.0106333646661,0.0365406008818
1075,0.00199545900705,-0.00126123767899,0.0154685611175
1076,0.0038688883643,-0.000373525895136,0.014737931244
1077,0.00173626890982,0.00795160309697,0.0402700160956
1078,0.00913486436726,0.00172809609686,0.0260417413845
1079,0.0087321492213,-0.00054629626626,0.012070042855
1080,0.00308383694827,0.00430824004927,0.0214535283767
1081,0.00885476229516,0.0060949803317,0.0368632717044
1082,0.00797813145293,0.00153208180156,0.0193427176448
1083,0.00145773434431,0.00703065307217,0.0317465507344
1084,0.00816085737501,0.00702239132121,0.0397300848103
1085,-0.0013286086502,0.0107198731907,0.048000489511
1086,0.00882653550774,0.00559318085586,0.037633604307
1087,0.00357003680099,0.00826940903889,0.0340084771156
1088,0.0047305537357,0.00985411015821,0.0419684492223
1089,0.00909727212929,0.00566996071035,0.0367006733055
1090,-0.00274602382131,0.0061064544839,0.0226945902679
1091,0.0143155881738,-0.00182370325005,0.0248679401285
1092,0.000998467897356,0.0100133087307,0.04120069673
1093,0.00437019048286,0.00237688558177,0.0238585125424
1094,0.00252952261838,0.00197559229393,0.0228367672787
1095,0.00179406550589,0.00464393309827,0.0245537580827
1096,0.00742843185152,0.000751073846157,0.0260092566299
1097,0.00885014996017,0.00125533071874,0.0240248759886
1098,0.0130656223625,-0.0019294006324,0.0140317598777
1099,0.0118826224511,0.00236963891567,0.0292750559123
1100,0.00931399285631,0.00186427471337,0.0257852862003
1101,0.0119153704445,8.5028533064e-05,0.0182036147625
1102,0.00607154982468,0.000321292248749,0.02283739088
1103,0.00475613508501,0.00218862934347,0.0403553512703
1104,-0.000256957713871,0.00829067698336,0.037720197223
1105,-0.00666367003521,0.013171973448,0.0474345209888
1106,0.00189855879445,0.00732616474647,0.0462085513313
1107,0.0119484507174,0.00886377517904,0.0429245145678
1108,0.00558242906223,0.00655197176577,0.0379558937425
1109,0.0117553908256,-0.00265336182403,0.0189883253849
1110,0.0122048800922,-0.00368752107771,0.0100285142676
1111,0.00402847144592,0.00418597091865,0.0258815719574
1112,0.00600364121025,0.00707930949748,0.0315947546124
1113,0.00375607557254,0.00576087957866,0.0364367294164
1114,-0.00126040521539,0.00265591373482,0.022043265061
1115,-0.00256752510791,0.00834404303321,0.0387093153705
1116,0.00286994459651,0.00309693401726,0.0300106274045
1117,0.00604486408912,0.00221693512424,0.0282499850148
1118,-0.00306627842817,0.0132454351743,0.0471263486308
1119,0.00247619051839,0.00346707202707,0.0380162248969
1120,0.00855943086881,0.00446902179146,0.0392523323355
1121,0.0104008225967,-0.00388801027669,0.00849071296522
1122,0.00810752243987,0.00652368854775,0.0336939414728
1123,0.00759665002482,0.00132935173111,0.0316712958467
1124,0.00306880451224,-0.0011683648304,0.0215669147811
1125,0.00275806867187,0.00558662755321,0.0338932885027
1126,0.00979701957186,0.00438891622843,0.0301171265352
1127,-0.00574892867875,0.00933559483076,0.0407317429162
1128,0.0102339784491,0.00396443028895,0.031066506248
1129,0.00189255836292,-0.0001890161293,0.0191822035279
1130,0.00486210361979,0.00934091177758,0.0385895950455
1131,0.00385966886999,0.00315353676211,0.0364625726049
1132,0.00199387800071,0.00579563789061,0.0345972814467
1133,0.00477896930564,0.00443253717648,0.0166471197635
1134,0.00314982733683,0.00117743503908,0.0290369488526
1135,0.00859144265384,0.000648278584263,0.0289933664827
1136,0.00450082721675,0.00331436966569,0.0375877944656
1137,0.0121904233543,-0.00166219881036,0.0181100379944
1138,0.00793061700621,0.0121237293664,0.0607733134571
1139,0.00671104765424,0.00792221925836,0.0388390069792
1140,-0.000350369509287,0.00490189895724,0.0320067332864
1141,0.00104560836848,0.00461101025608,0.0180609721873
1142,-0.00371961967154,0.00681662119457,0.0287597940729
1143,0.0109307075666,0.00649264739814,0.0283352787839
1144,0.0107511416021,0.00389927597599,0.0284482520001
1145,0.0127442217041,0.0043542989411,0.0311114163308
1146,-0.0037068268063,0.00520852593076,0.0271179998546
1147,0.00264139016453,0.00451757073867,0.0278760069415
1148,0.0080903091723,-0.00509236698617,0.0139039348083
1149,0.00339633440998,0.00474147640998,0.0393219747488
1150,0.0120467894942,0.00365565335445,0.0361294841106
1151,0.014734274352,-0.00141995851961,0.0241925466843
1152,0.00589023145024,0.0016989399835,0.0282856737135
1153,0.00108086151542,0.00796381167977,0.0334316059992
1154,0.00174011213616,0.00475697638797,0.021076242944
1155,0.00655975750352,0.00601411635316,0.0395508502564
1156,0.0103447903819,-0.00162621468085,0.0147370971303
1157,0.0118314635137,0.00423033120824,0.0310648549734
1158,-0.0030436474475,0.00888538709628,0.0376340730813
1159,0.0124923970911,0.00667262121599,0.0408046213564
1160,0.000703025051963,0.010032305874,0.0481389300709
1161,-2.08781501406e-05,0.00876001576599,0.0314848762958
1162,0.00237149355343,0.00445412734978,0.0230487462355
1163,-0.00448898447532,0.0121548817596,0.0518414698641
1164,0.0105556823141,0.00989423136306,0.0426607778111
1165,0.0134695606114,-0.00820641645485,0.00499935648556
1166,0.00361407907028,0.00562013411643,0.0382075493629
1167,-0.00174197553841,0.00907604349744,0.0343687101934
1168,0.00268522063619,0.0102357105069,0.0443773009007
1169,-0.00402121518048,0.00823949560107,0.0355271944182
1170,-0.00530968918726,0.0164751411932,0.0505201634557
1171,0.00943970830438,-0.00146647016126,0.00468654811667
1172,0.00640703944839,0.00708523806285,0.0410769614158
1173,0.0132182830185,0.00239099700561,0.0199404544741
1174,0.0076780500617,0.000379070296011,0.0242361810156
1175,0.00941117984191,0.00196636730384,0.0280892399835
1176,0.0143528804533,-0.0110420631444,-9.32138027602e-05
1177,-0.0038075511047,0.0121570734428,0.0383492029088
1178,0.0118660633602,0.0029317118808,0.0202832055893
1179,0.00935069122872,0.0029184425387,0.0250688094939
1180,0.00889216481969,-0.00105646110574,0.021848105568
1181,0.0043736188673,0.000513195720141,0.0216714437897
1182,0.00588104735649,0.00259866795103,0.0191377216808
1183,0.00573790140622,0.00550473602474,0.0225065726608
1184,0.00233502245691,0.00311638356375,0.0247162651796
1185,0.0102537273647,-0.00191626299487,0.0137732972362
1186,0.00247858413788,0.00553331796942,0.0321292791925
1187,0.00666782547006,0.00896748119255,0.048317181508
1188,0.0127296106564,-0.00523651290282,0.0110455512565
1189,0.00629914251423,0.0109647506715,0.0465653381397
1190,-0.00634645350459,0.0124944038576,0.0397498752183
1191,0.0131222564444,-0.00555995843,0.00856953528033
1192,0.00613003020137,0.0031130165312,0.0256145922566
1193,0.000472187787741,0.0100894572364,0.0440177257407
1194,0.0016763487009,0.00625943627035,0.0333397266197
1195,2.08083479541e-05,0.00375271565277,0.0286098367386
1196,0.00690370097178,0.00699978733348,0.0334660071493
1197,0.00316787004566,0.00445568375435,0.0325485231025
1198,0.00389658766868,-0.000851454975997,0.0326343063042
1199,0.00151885977506,0.00866262695756,0.0371265996264
1200,0.00582979786213,0.00425669434267,0.0228267694244
1201,0.00085429487073,0.0030247137995,0.0362380771252
1202,0.00672827154465,-0.000422350715942,0.0258548919685
1203,0.0117590651302,0.00221302545901,0.0250301170393
1204,-0.000356005053685,0.0130788604559,0.05147952461
1205,0.00230373512808,0.00981025786186,0.0386039329132
1206,0.010003757976,0.00320550078781,0.0299542592589
1207,0.00782145312514,0.00733197092486,0.0304693096367
1208,0.00631056303943,0.00486924709422,0.0372261496567
1209,0.00651034574421,0.00813977909905,0.0348884139648
1210,0.00750053545009,0.00192634811335,0.0178911912626
1211,0.00353106856583,0.0065379222165,0.0281607546841
1212,0.00277592797697,0.00467567536477,0.028258135896
1213,-6.8853608722e-05,0.0131137327647,0.0543726752242
1214,0.00421857208646,-0.00366279844941,0.00907181947688
1215,0.00207323149295,0.00120730531975,0.015031983395
1216,-0.00262948930792,0.00465203126497,0.0218703752792
1217,0.00608369765215,0.00368332065601,0.0260940416251
1218,0.00391537958763,0.0124525672227,0.0438362300095
1219,0.00861547225017,0.00108580244224,0.0245116621064
1220,0.00962008601802,0.0061965639006,0.0321328100899
1221,-0.00231987910054,0.0130623741042,0.0489679369992
1222,-0.0011855009097,0.00802494893081,0.0518963403329
1223,0.00399115101566,0.00563567710675,0.0294280276231
1224,0.00704862457431,0.00768433936582,0.0406076735501
1225,0.00823890201387,0.0122484123029,0.0479051371927
1226,0.00346414730226,0.0092072998117,0.0467671173003
1227,0.00560468140035,0.00729187215756,0.0376680427218
1228,0.0136961730772,-0.00374142296439,0.0125825613621
1229,0.00364512470587,0.00552905105003,0.032833865881
1230,0.0111062084776,0.00620006884598,0.0295654958429
1231,0.00913528467542,-0.00239619498425,0.0155533688285
1232,0.000988193393614,0.0115188371243,0.0478091107179
1233,0.00669556190758,0.00585707950994,0.0370998321693
1234,0.00292743139976,0.00900060212084,0.0424085582452
1235,0.00636205590609,0.00233817177525,0.0301059850078
1236,0.00587055785444,0.00291727849541,0.0340928427615
1237,0.00589084698777,0.0047599550686,0.0388677049077
1238,0.0123184027489,0.00137494698405,0.0233570795185
1239,0.00234556530682,0.00579749325178,0.0294949785708
1240,0.0150767987036,-0.00645354662572,0.00422069122291
1241,-0.00308346596125,0.00334546143597,0.024931044042
1242,0.00362544435259,0.00688179630626,0.0405088069112
1243,0.0012518076969,0.00347956013466,0.0254436308664
1244,0.00450027211837,-0.00070736132057,0.0171065353429
1245,0.0015758527186,0.00549642643956,0.0222299912301
1246,-0.00271169205896,0.0073418204392,0.0378959319265
1247,-0.00196216767971,0.00926210476279,0.035583620395
1248,0.0034088838332,0.00467298367938,0.0320360663565
1249,0.0103211198744,0.00473143747405,0.024838566668
1250,0.00459542053546,0.0079007672894,0.03670617781
1251,0.00910223624812,0.00355832756162,0.0278788797798
1252,0.0069842269535,0.00760312810767,0.0256530690507
1253,0.0161144464152,-0.00271735065722,0.0125439123064
1254,0.00990563933329,0.000560792900056,0.0346670891938
1255,0.0048386905203,0.00168079593679,0.0219700601273
1256,0.00570420151808,0.00527306123611,0.0340052046952
1257,0.00323040311056,0.00434009798109,0.0342518370854
1258,0.00596743392634,0.00392942909498,0.0290787669477
1259,-0.00152037336206,0.00836096005253,0.0326914974892
1260,0.00709232148247,0.00550361809834,0.0405212275452
1261,0.0100245984623,0.00059336487702,0.0208626241357
1262,0.00349867727959,0.00636305706933,0.0403952781514
1263,0.0114399681126,-0.000382866830384,0.0200836739406
1264,0.00330238706538,0.00126598601444,0.0337392772998
1265,0.012198990045,-0.000725716517599,0.0198877017011
1266,-0.00195224334063,0.0137780103265,0.0356412696988
1267,0.000781274177702,0.00471649424292,0.0205464020341
1268,0.00582523980864,0.00255149577309,0.0262784108146
1269,0.00230507577129,0.00420766046836,0.02416297861
1270,-0.000685611207412,0.0143098258884,0.0520319965232
1271,0.00382079799057,0.00274915715923,0.0367763329272
1272,0.000394520552548,-0.00247883398852,0.0101906218111
1273,0.00694673118081,0.00937712182021,0.0453065889486
1274,0.00645435028674,0.00342047795457,0.0241144799273
1275,0.00885510122693,0.00126301549411,0.0200691113815
1276,0.00502726094955,0.00128084464203,0.021832985788
1277,0.00391148825781,0.00955444838646,0.0492308942705
1278,0.00853186664964,0.00639155065076,0.0383201886221
1279,0.00556580745938,0.00100762703342,0.02844993768
1280,0.0111433724711,0.00396060377567,0.0315831138744
1281,0.00330396599617,0.00223521818442,0.0208557805199
1282,0.00706487986327,0.00369444773281,0.0272340304174
1283,0.00490954887317,0.000525900243609,0.0245674830605
1284,0.0055702223974,0.00348176557881,0.0338998229635
1285,0.00240462761258,0.00505965953782,0.0320830313369
1286,0.0122091705052,0.00414016159042,0.0226206088416
1287,-0.00432044939335,0.0057789226017,0.0363141448883
1288,0.00594452647295,0.00154539053723,0.0206781077201
1289,0.00775815963079,0.000838310229839,0.0238328048793
1290,0.00873035361542,0.00122074288869,0.0218566347938
1291,0.00689673524452,-0.00149593697737,0.0117216546965
1292,0.000161895820344,0.000372983575427,0.0182032648045
1293,-0.00391613172017,0.00411571652291,0.0223545424014
1294,0.00767748007784,-0.00388921401929,0.0170448020002
1295,0.00196640021815,0.00519321174778,0.0297028729128
1296,0.00107119880858,0.00735300358269,0.0315331407913
1297,7.56738790592e-05,0.0120311499301,0.0422946733723
1298,0.00643283453406,0.0066157342768,0.0411266173805
1299,0.000627600784981,0.00378229957467,0.0296830454209
1300,0.00728619020486,0.0119057215761,0.0414631447023
1301,0.00286154336053,0.00988851383816,0.0388136227389
1302,-0.00333412871428,0.00597507341013,0.0383229826997
1303,0.00791973498046,-0.0012636444925,0.0190272756107
1304,0.0102306866192,-0.00184732272857,0.0235574967939
1305,0.00371107028048,0.0101267696606,0.0458963958561
1306,0.0133124640276,0.00302554584538,0.0317284802168
1307,-0.00455420059725,0.0137389071237,0.0477236437065
1308,0.00681758152754,0.00190652451854,0.0271718017883
1309,0.0130893677197,-0.00239065806769,0.0136179608647
1310,0.0121209200962,0.000313911837175,0.0288084853353
1311,0.00486691637639,0.00425432952068,0.0274973947315
1312,-0.00136051643332,0.0106253403914,0.0347285821804
1313,0.00286387650281,0.00571135541109,0.0284406407658
1314,0.00864247527538,0.00250032218658,0.0293568908133
1315,0.00902184950057,0.00522544204035,0.0306748900636
1316,0.0123981989248,-0.00123941971134,0.0215735338185
1317,-0.00630147813644,0.00597117767428,0.0256915991425
1318,0.0061481085661,0.00127221748009,0.0227900488473
1319,0.00188040564646,0.00448559332085,0.0347800839278
1320,0.00827312448205,-0.00280599800441,0.016198568576
1321,0.012210747952,-0.00416920360981,0.00546278454975
1322,0.00210590848195,0.00348009083967,0.0208953370547
1323,0.00928117850175,-0.00201303662432,0.0167876486072
1324,0.00304768701444,0.00633738786169,0.0384927150859
1325,0.00813261135886,0.00551166420665,0.0406431163344
1326,0.00677540900994,0.002534135174,0.0239114458555
1327,0.00176654824888,0.00780207876305,0.031907669007
1328,-0.00121038151526,0.00453994877328,0.0274569815868
1329,0.00389258323653,0.0120977946887,0.0504998471464
1330,0.00476576583609,0.00385078275254,0.0317242004937
1331,0.00535065478318,0.0011387582805,0.0267215970243
1332,0.00412707684443,0.00840712570592,0.0340592585701
1333,0.00878451103842,-0.00237647262155,0.0157007488253
1334,0.0032978042033,0.0143180786042,0.0538313126862
1335,-0.00522583558612,0.00980728225875,0.0370372289138
1336,0.011395823628,-0.000528952398379,0.0219855999415
1337,0.00605576266995,0.000643919058893,0.0213437904998
1338,0.0031101528686,0.00640121078523,0.0335092351632
1339,0.00426833116088,0.00314130517126,0.0303732508861
1340,0.00585608916805,0.00433338552327,0.0265293484022
1341,0.00660275307397,0.00194228456473,0.0288231138931
1342,0.0137510263993,-0.00221765221257,0.0166356962026
1343,0.0150235179485,0.00173529678012,0.0297008272317
1344,0.00291052197012,0.00243994737754,0.0223323511151
1345,0.00632686092978,0.0032290874587,0.0294011867367
1346,0.0122947608689,-0.00237914075996,0.0229572374708
1347,0.00973141690515,-0.00217278969007,0.0224955251474
1348,0.00829227382179,-0.00246960659364,0.0203018461505
1349,0.010318107139,0.00650172455797,0.0398976873481
1350,0.00721350640973,-0.00332341251525,0.014801525785
1351,0.0128423274513,0.00106498551504,0.0232386550494
1352,0.00152768530692,0.00554731840905,0.0172710662922
1353,0.00667822165151,-6.37335112196e-05,0.0201096563986
1354,0.00770072516435,0.00514109247268,0.0291672391684
1355,0.0145371108138,0.000246413608919,0.0328439587977
1356,0.0162311218005,-0.00132704109801,0.0277135389426
1357,0.000125496404033,0.00390854858551,0.026746015316
1358,0.00874300638039,0.00683122038227,0.02335509148
1359,0.00928400231159,0.0015073762126,0.0192381019987
1360,0.00565511347162,0.00999923960893,0.040766381821
1361,0.0127379371055,-0.00435195876423,0.0161065432554
1362,0.00833225017324,-0.00342256481463,0.0237289826274
1363,-0.00320097219853,0.0169212255267,0.0568174276078
1364,0.00857170033119,0.00170555942373,0.0244539068801
1365,0.0115741500464,0.0100157968163,0.0357896855875
1366,0.00182968715885,0.00602541667556,0.0288941542963
1367,0.00150502836348,0.00310357432746,0.0319956707896
1368,0.00781105293419,-0.00380782926854,0.0172860363191
1369,0.00929250167615,0.00117922927115,0.0199645717672
1370,-0.00346307517532,0.0148803052214,0.0480397609192
1371,-0.00228200702097,0.00784485566462,0.0361449431224
1372,0.00881191361061,0.00035963478407,0.0171609494609
1373,0.00316378059774,0.00536395534204,0.0247812674002
1374,0.0131458315976,0.00113975962504,0.0205123625267
1375,0.0017830950828,0.0115555263572,0.0456605585985
1376,0.00064889105697,0.00856717304413,0.0338878680187
1377,0.00347690155056,0.0080816062435,0.042170705926
1378,0.0138712643495,-0.00510617689803,0.0126569497938
1379,0.0100656531493,0.000486534557796,0.0291169852574
1380,0.00592825175353,0.00734701034423,0.0325880935273
1381,0.0028980383846,0.0122736973327,0.0432504689294
1382,0.00466254083961,0.00228193753734,0.0340778052878
1383,0.0078407596944,0.00319610523251,0.0239354381591
1384,0.0116816631478,0.000984009996319,0.0316873496722
1385,0.0103909132393,-0.000712567272017,0.0206894058297
1386,0.0074171515845,-0.000395410709827,0.0185209223481
1387,0.0094823668105,-0.000163291164997,0.0152979201311
1388,0.00979211796247,0.00448165135741,0.0394938541801
1389,0.00682641388147,0.00457920939531,0.0291395479682
1390,0.00350170406443,0.00323637142634,0.0261202471563
1391,0.00424715363441,0.00475260388014,0.0319902766133
1392,0.000916987656703,0.00633858893747,0.0348182146754
1393,0.00628945052702,0.00651600725956,0.0320955011016
1394,0.0134161609112,-0.00417788900849,0.0075676917803
1395,0.00602914622546,0.00724518381366,0.0304607133244
1396,0.00553934178706,0.00473298071566,0.028142135604
1397,0.00611604973978,-0.00141610878465,0.0178264838089
1398,0.00781503249918,0.00282107904657,0.0386785513668
1399,0.00102521389875,0.00288407646664,0.0271386433265
1400,0.0100630032296,-0.00249530663386,0.0240634104713
1401,0.00317439278829,0.0019596912309,0.0246436884496
1402,7.889317112e-05,0.0115515713662,0.0422283103891
1403,0.0103350518825,-0.000437273491546,0.0249729652026
1404,-0.000805281636671,0.00754478060757,0.0381630292442
1405,0.00810167657982,0.00749168004586,0.0386559182171
1406,0.0135523270964,0.00507709639238,0.0347928952671
1407,0.013994786929,0.00044555351929,0.0198682833856
1408,-0.00594116353666,0.0112890629428,0.0445520944626
1409,0.00669831553447,0.0013291888856,0.0233133490649
1410,-0.00296394006168,0.0130872450666,0.0410272308702
1411,0.0101028181261,-0.000725579028205,0.0171717660493
1412,0.00309151777439,0.00651006306155,0.0504391600008
1413,0.00690745206481,-0.00101646355168,0.013334014516
1414,0.00180882143175,0.00516106059469,0.0231286768433
1415,-0.00360116470322,0.00984665624113,0.0369943900985
1416,0.00747512646662,-0.00163171519531,0.0195017900508
1417,0.00300311217328,0.00829147456048,0.0393857960394
1418,0.00726001226784,0.00267966446509,0.0234497377795
1419,0.00769567256835,0.00454484309105,0.0359379390988
1420,0.00849464630843,0.00306761390351,0.0261697848238
1421,0.00966329217774,0.00141381698047,0.0301686204122
1422,0.00622347072298,-0.00017635738328,0.0217552374569
1423,0.00330048043425,0.00571951986154,0.0303491704944
1424,-0.00191319202752,0.0137375842285,0.0533420925573
1425,0.00325570984729,0.00389731799479,0.0236607902664
1426,0.0107821145866,-0.00567935135308,0.0114029379989
1427,0.0110632725794,-0.00186288891249,0.0207772640639
1428,0.00515513285206,0.00714389607109,0.0290781438232
1429,0.00476504376254,0.000609383155376,0.0164805174286
1430,0.00193573765021,0.00731991946582,0.0292529085476
1431,0.00169537901611,0.0106756424066,0.0449301358048
1432,-0.00367777256317,0.0142734633611,0.0471844194586
1433,0.0172108570344,0.00155797052383,0.0204574161373
1434,0.00496698979701,0.0105575541015,0.03757800276
1435,0.00273930371559,0.00884797612282,0.0339985482817
1436,0.00301372976375,0.0072483243178,0.0431549904683
1437,0.00766249861081,0.00235875030935,0.0258300851905
1438,0.00603083166516,0.00295258433799,0.0238508656233
1439,0.0144049430432,-0.00181865478533,0.027938192225
1440,0.00123115125895,0.00332786482185,0.0265972804729
1441,-0.000423428383569,0.00922834681271,0.0386858645396
1442,0.0115745252724,0.00163899074379,0.0176451097904
1443,0.00808903853591,0.000645943570044,0.0130748983603
1444,0.0021505421758,0.00285102414555,0.0230282203295
1445,0.0120501491721,0.00290678073882,0.0300270752202
1446,0.00601308663856,0.00504171287071,0.0297782050524
1447,0.0146215157197,-0.00391046276238,0.0103607113661
1448,0.00313055384708,0.0111398466636,0.0463040423279
1449,0.00926599847994,0.000723031390539,0.0178925897085
1450,0.00664645848708,0.00545926456459,0.0299894463455
1451,0.0152719985512,0.00168841425765,0.0280575729131
1452,0.00624565843923,0.0036543555075,0.0234887553959
1453,0.0132289696021,0.000342002421778,0.028077190019
1454,0.00176055607007,0.00365385548979,0.0161612606641
1455,0.00540431773622,-0.00170706959768,0.016542206638
1456,0.0108911184114,0.00371130333588,0.0224322441082
1457,0.00215683039844,0.00852827672433,0.0370439521496
1458,0.0228998661102,-0.0103086092755,0.00679222263193
1459,0.00332507383584,0.00318635175847,0.0196265611489
1460,0.00307779517381,0.00493622989767,0.0315694612635
1461,0.00316403954897,0.00468010153133,0.0318237618051
1462,0.00969040876822,-0.00431722237853,0.00783786858904
1463,-0.00348186386672,0.0100018647494,0.0418715455069
1464,0.00601928235994,0.0101422478852,0.0457166383767
1465,-0.00171380997234,0.0103677078148,0.0379901527948
1466,7.36810460581e-05,0.017970855041,0.0580139345883
1467,0.00312363220768,0.00947849882868,0.0360139858959
1468,0.0063667475536,0.00323446033885,0.0326112512697
1469,0.00303972523926,0.00530921045068,0.0355061065775
1470,0.00415007638911,0.00903509410453,0.0386235987547
1471,0.0108119285256,-0.000507393024156,0.0218579386675
1472,-0.00137556360327,0.00598120072187,0.0332193373769
1473,0.00706496404064,0.00209593395325,0.0237724514113
1474,0.00461498106701,0.00541741725652,0.0362042564315
1475,0.00197411293504,0.00395704063184,0.0299149863733
1476,0.00439942014568,-0.00786378255035,0.00780705028269
1477,0.0135125409986,0.00253772556596,0.0249990757267
1478,0.00560688182127,-0.00102414373506,0.0159746868654
1479,0.00177442400008,0.00536539821769,0.0300476488809
1480,0.00599894012494,0.00334094755724,0.0203676416241
1481,0.00608114094449,0.00424841400104,0.0262414016402
1482,0.00617939073168,0.00351913585599,0.0276932389499
1483,0.0086725735897,0.00186317385868,0.0262815907637
1484,0.00532643643781,0.00421128151713,0.0361777172403
1485,0.00809771129286,0.00295622779025,0.0231792527212
1486,0.00491971509959,0.00110450740447,0.0221232574827
1487,-0.00347784985852,0.00689488130598,0.0308049145526
1488,0.00799004215042,0.00261555953906,0.026171787003
1489,0.00906207455315,-0.000306560757762,0.0180468112394
1490,0.00546803363462,0.000734331348712,0.0256565031633
1491,0.0127874923363,-0.00297123905294,0.0204445496715
1492,0.00373795202945,0.00564817176297,0.0510774183882
1493,-0.00128260852076,0.0123576386527,0.0371977625859
1494,0.0164229917725,-0.00466490170212,0.0111099193387
1495,-0.000326103217333,0.00200247757827,0.023834745688
1496,-0.000522334716991,0.00377111156502,0.0300326397416
1497,-0.00286976903981,0.00501792529929,0.0243570458745
1498,0.00693840862386,-0.00745498729343,-0.000629091602575
1499,0.00905406275553,0.0035969497561,0.0288436325766
1500,0.00800530677502,-0.00238523612854,0.0124806166102
1501,0.00543719450896,0.00393676959039,0.0255951370025
1502,0.00586542270195,-0.00301864823981,0.0120017272513
1503,0.00622698151144,-0.0024187108054,0.00750509623851
1504,0.00621721445139,0.00446571943679,0.026611099663
1505,0.00541222582917,0.00151003438803,0.0178368144004
1506,0.00439844083371,0.00749436052059,0.0388758152178
1507,0.00349180221308,0.00639273675944,0.0310102326064
1508,0.00764559939899,0.0011547520268,0.0176668611035
1509,0.01352981649,-0.0065784059079,0.00180261313615
1510,0.0220022234175,-0.00930784618214,0.00845975158536
1511,-0.00152945077789,0.00582605571198,0.0251084450631
1512,0.00882842528471,0.00765040064526,0.0321967675454
1513,0.00803144244249,0.00311817689322,0.0367017890004
1514,0.00729971691176,0.00272533935378,0.0268993876237
1515,0.0033021501623,0.00569695736928,0.0383132670517
1516,0.00704462667263,0.00644439384684,0.0344127313095
1517,0.0170262967329,-0.00903885954516,0.0112753103183
1518,0.00788467750904,0.00370628297052,0.0236563340559
1519,0.00601886253394,0.00301873695625,0.0282959561651
1520,0.000834347080252,0.00059563042326,0.0172106084762
1521,0.00696696324414,0.00515288034555,0.0233731913821
1522,0.0113862875538,-0.00140069076089,0.020635969529
1523,-0.00219132736102,0.00981550322009,0.042044848882
1524,0.00368324924433,0.0040589496254,0.0240379393148
1525,-0.000146289133478,0.00626492904782,0.0258181466371
1526,-0.000647296132096,0.00856051368692,0.031505676453
1527,-0.00311705653298,0.0111738795231,0.0398778429127
1528,0.00911086273899,0.00842743328868,0.0371576561653
1529,0.010137047758,0.00777940954745,0.0373126271436
1530,0.00571429740562,0.00609152149187,0.033022059854
1531,0.000428189077591,0.011797901289,0.0425413858539
1532,0.00171664192567,0.0109398648046,0.0485570990251
1533,0.000730021187549,0.00843895327565,0.0300912811475
1534,0.00537125224869,-0.00258879603812,0.0147722975597
1535,0.0114477672067,0.00976613683221,0.0356267152065
1536,0.0104831286379,0.000584350890493,0.0251146181985
1537,0.00121480077971,0.00739559757157,0.0332849967445
1538,0.00446882624605,0.00374765946295,0.0257299829257
1539,0.014269504999,0.00148384845719,0.0199835985201
1540,0.00914052582921,0.00607343869806,0.0365513390563
1541,0.00300267109227,0.00934497844904,0.0431988216171
1542,0.000164173595377,0.00758068996519,0.0376562253197
1543,0.0183294484354,-0.00513534179899,0.00821507118867
1544,-0.00340146673866,0.0147537256227,0.0417320074571
1545,0.0125437315171,0.00518584627455,0.0403982096916
1546,0.000598724511738,0.00380254119453,0.0309871165559
1547,0.00272044270286,0.0162709923297,0.0453334126683
1548,0.00212233448952,0.00498615415711,0.0219839356053
1549,0.0047366385203,-0.00221780433173,0.0204515585901
1550,-0.000267711639041,0.00483727507295,0.0330821697942
1551,0.00591869538087,0.000882156954041,0.0284015030908
1552,0.0135179806459,0.000205212946426,0.029876001505
1553,0.008306566159,0.00738236518519,0.0411288551649
1554,0.00377650461456,0.00669365590278,0.0353817925334
1555,0.00567797063033,0.0075587120136,0.0372632247436
1556,0.00020300592167,0.00815210431929,0.0399513192203
1557,0.00397099042159,0.00668245905488,0.0411606833242
1558,0.00593653967329,0.00551377127812,0.0370458595489
1559,0.00914426339845,-5.00009511596e-05,0.0185460683078
1560,0.00738532388394,0.00272811313961,0.0281724024982
1561,-0.000223608687558,0.00556841618963,0.0399712310652
1562,0.0068536892989,0.00605815622792,0.0369270247854
1563,0.00778587805021,0.0025797469403,0.0338241458824
1564,0.000120138802516,0.0073822430994,0.031849743003
1565,0.0075268240376,-8.62887419107e-05,0.0119112868223
1566,0.00108590590857,0.00521783562582,0.0326754618594
1567,0.00357616668997,0.00848749642447,0.0353955580786
1568,0.0106341837722,-0.000832634395256,0.0190216534125
1569,0.00403832202109,0.00246451811002,0.0316923063392
1570,0.00687193570106,0.00591518820543,0.0357692026354
1571,-0.00457034136817,0.0118033360133,0.040308225218
1572,0.0102049128073,-0.00105094042853,0.0274039749673
1573,0.00936518651047,-0.000191150516534,0.0217295072762
1574,0.00552461428062,0.00279076053599,0.0219593231623
1575,0.00124300523335,0.0100025195203,0.0415819537477
1576,0.00971508951409,0.00048683944066,0.0202718133598
1577,0.00850359379582,-2.45737244736e-06,0.0183336712054
1578,0.00617632799766,0.00342253133011,0.0322973889925
1579,0.00821203370259,0.00539462958413,0.0254888634942
1580,-0.000658728063279,0.00778173559888,0.0276536829893
1581,0.0018072616223,0.0100556923546,0.0371230731666
1582,0.0057304817079,-0.000397696462586,0.0195938719509
1583,0.00604090567707,0.0039555288138,0.0230740093295
1584,0.00625203668443,0.00136457722228,0.0182092882404
1585,0.00320810412408,0.0072327767332,0.0331523356262
1586,0.00178554340884,0.00148025147063,0.0241094858466
1587,0.00365376035653,0.00221964505639,0.0297795210956
1588,0.00186625746509,0.00368294972873,0.0237262205866
1589,0.000517490505289,0.00768914376283,0.0336673741473
1590,0.00592935253736,0.00348265353916,0.034538120503
1591,0.000958008915984,0.00662983818292,0.0404030036278
1592,-0.00252377080895,0.0132436343066,0.0398140985773
1593,0.0116801336285,-0.00565156998583,0.0130235736351
1594,0.00130309856673,0.00782894419369,0.0345233576262
1595,-0.00142672077834,0.00981678766031,0.0410780564549
1596,0.00653302216346,0.00760393509892,0.0374007252828
1597,0.003178847592,0.00307892602117,0.0303352868642
1598,0.00735492974443,0.00062813493491,0.0255295316235
1599,0.00948623678247,-0.00527442415854,0.00873331780638
1600,0.00299328435094,0.000380663577016,0.0226616216754
1601,0.0100454850983,7.29566753994e-05,0.022043152991
1602,0.00236666402818,0.00796341619831,0.0377055564744
1603,0.0123484022896,-0.00432413205091,0.0112520341142
1604,0.00510195536123,0.00290336342326,0.0260890949715
1605,0.000216431455341,0.00399824607871,0.0321224285457
1606,0.0100183525308,-0.0019408561282,0.0176350360504
1607,0.00609786013772,0.00189386600815,0.0248152403897
1608,0.00671080069883,-0.0042985712869,0.0190674431768
1609,0.0164804268398,-0.000686237338727,0.0195036050374
1610,0.00780867450177,0.00269114208406,0.0246525682293
1611,0.00752283410519,0.0076754916199,0.034094664598
1612,0.0103053725466,0.00467196243524,0.0309926000108
1613,0.00951303538265,0.00155164618873,0.0265386596125
1614,0.00562952736659,0.00286399924138,0.0286066734083
1615,0.0153937781071,-0.00478216413356,0.0101516781885
1616,0.00435798452714,0.0010150019437,0.0160033562604
1617,0.00319688507169,0.00692357490407,0.0318310783637
1618,0.00739564443135,0.0022295630063,0.0174726214623
1619,0.00599064293525,-0.00139834478418,0.0207277486471
1620,0.00294482971232,0.0029102769887,0.0326646844226
1621,0.0153795794105,0.00339243584536,0.0313825321726
1622,0.00901143764065,0.000466128009666,0.0256960239377
1623,0.0156640321726,-0.00376425731158,0.00626620483969
1624,0.00481788336285,0.00735418404507,0.0351945464085
1625,0.00656513549021,0.00215751629475,0.033056384991
1626,0.0109524149365,-0.00566326614345,0.0128893624647
1627,0.00913449940021,-0.00316064247426,0.0177681727652
1628,0.00139492352245,0.00825977028944,0.0296442524151
1629,5.28313985348e-05,0.00329084306879,0.031691241758
1630,0.00659894245561,-0.00162331272373,0.0217320081345
1631,0.00504703118409,0.00666360894723,0.0326710717939
1632,0.0097118962983,-0.000256611685662,0.0278562772653
1633,0.00321868827883,0.00822969502244,0.032551927536
1634,0.00328767116362,0.00215012733914,0.0205548708365
1635,0.00226871132349,0.00924444930111,0.0377349933375
1636,0.01005523553,0.00302406037942,0.0359770670791
1637,0.00513748367209,0.00615687854302,0.0428913304657
1638,0.0110266202854,-0.00446022804554,0.0122691482567
1639,-0.00155802421705,0.00817123139803,0.031513372518
1640,0.000623861064159,0.0116012354299,0.0327805260712
1641,0.00166950079611,0.00290440612591,0.0138921638357
1642,0.00361288293019,0.00471789965343,0.0309442794617
1643,0.00445759849973,0.00412709307687,0.0174377564741
1644,0.00895296850194,0.00379900313413,0.0269830243294
1645,0.000770341374467,0.00387648511753,0.0219715698697
1646,0.00105039055638,0.00770660213128,0.0310766008904
1647,0.00535365107641,0.000721372736731,0.0262825919485
1648,0.00127833930542,0.00730116319939,0.0317512588833
1649,0.0121601151981,0.00236011025846,0.0313236620341
1650,0.00628729299674,0.00505311490101,0.0189975184793
1651,0.00373174912129,0.0073890331382,0.0333946239072
1652,0.00977326571022,0.00267029675275,0.0295166251335
1653,-0.0008483691975,0.00797036730168,0.0391514211579
1654,0.00163863520502,0.00890238231789,0.046044122313
1655,-0.00155780529662,0.0115093032908,0.0458189172219
1656,0.0101736333977,0.00709657612559,0.0370851316141
1657,0.00871732093518,0.0029397516612,0.0225114306323
1658,0.00878822802705,0.00411477379457,0.0276422178709
1659,0.0014054271259,0.00789459233114,0.0366695327528
1660,0.00641368277692,0.00247247841602,0.0264340003419
1661,0.0094411851232,0.00516851788428,0.0389120307256
1662,0.0107485174545,0.000902888995221,0.0221190889108
1663,0.0018635124442,0.00787521676686,0.0435279357833
1664,0.00631646988557,0.00775807594184,0.038761063347
1665,0.0131183835406,0.00273223259968,0.0306998861454
1666,0.00738280847283,-0.00406498085723,0.0119674315574
1667,0.00446427128654,0.00162622337465,0.026556882013
1668,0.00699207857938,-0.001669145692,0.0132125220484
1669,0.00599649407991,0.0057305255092,0.0303548187614
1670,0.0117284749576,-0.00265365587892,0.0214678680119
1671,0.00104663970895,0.0080860488369,0.0406262490276
1672,0.0155965543374,0.000611928079794,0.0217081249176
1673,0.00241736716218,0.00757851153575,0.0496123746802
1674,0.0035895732236,0.00221362164407,0.0230957435794
1675,-0.000274927211108,0.00415933249171,0.0184112057448
1676,0.00947352455263,0.000691135404623,0.0216628561397
1677,0.011289345749,-0.00401196040212,0.0273836574423
1678,0.00403766975557,0.0104954193979,0.0416580306845
1679,-0.000257431294148,0.00890456462124,0.0398729399001
1680,0.00230949012231,0.00302349988024,0.0241430694816
1681,0.00806115954145,0.0032812320202,0.0281354282708
1682,0.00971483256344,-0.00430374153599,0.0181080922486
1683,0.00327419542591,0.00503750245946,0.0238892239396
1684,0.00606260986968,0.00716286812122,0.0382893086524
1685,0.00558217836959,0.009290238331,0.0413042566838
1686,0.00588391405212,0.000397391333353,0.0188350539458
1687,0.00648816304291,0.00540292396741,0.0303845026636
1688,0.0112033499833,-0.00324882008355,0.0186992839288
1689,0.0111152192457,0.000792866903286,0.0225838731843
1690,-0.000611050773255,0.00551573853283,0.0349684939887
1691,0.00542200903042,0.00643800824509,0.0381177354132
1692,-0.000500379029412,0.00741917177591,0.0353385672347
1693,0.00300069739515,0.0119978593398,0.0494172398959
1694,0.00745131562124,0.00338795660967,0.02631631432
1695,0.00713518257798,0.00560251369762,0.0252882005457
1696,0.00822326402482,0.00382954158153,0.0293618376359
1697,0.00685819539716,0.00139754524648,0.0323413766875
1698,0.00186663915701,0.00023055129762,0.0218486145575
1699,-0.0016765484431,0.00664118187362,0.0329337076442
1700,0.00116657551917,0.00770077906045,0.0305671331398
1701,0.00799764554733,0.000835902371407,0.0299014852676
1702,-0.000290098718495,0.00993880166845,0.0289923112855
1703,0.000677848705407,0.00877791454338,0.0415174244498
1704,0.0125367298538,0.00146834009242,0.0342010910495
1705,0.0144103230658,-0.00235598299657,0.0278555941876
1706,-0.00186727203738,0.0134119071159,0.0477331697025
1707,-0.000429521253832,0.0143850656746,0.0477274426044
1708,-0.00412540860407,0.00721211043345,0.0353383415375
1709,0.00111059328603,0.00600635708899,0.0365178528661
1710,0.00817855504139,0.00622780345375,0.0332264718983
1711,0.00980062052062,-0.00133251684813,0.0197283029533
1712,3.15031950819e-05,0.00580217922097,0.0284720731114
1713,0.00606361342777,0.0107595307287,0.0520088341127
1714,0.0158801069956,-0.0026291690369,0.0179317897907
1715,0.00107468676594,0.00726778746973,0.027593544311
1716,0.00404025226824,0.00900813275084,0.0409590634887
1717,0.00780742741922,0.00455175699176,0.0297094604547
1718,0.00378300939095,0.0101005358355,0.0457517685681
1719,0.0107627990901,-0.00690597561147,0.00377113891907
1720,-0.00134909856858,0.00860830709818,0.0325516902841
1721,0.00121484644432,0.00649102564742,0.0295088669211
1722,0.0123939098583,0.000792012118507,0.022171174105
1723,0.00779002966147,0.00323919819569,0.0258879938598
1724,0.00150277762496,0.00905903929784,0.0467844093908
1725,0.00362078948128,0.00198578454575,0.0236195802983
1726,0.00410047332812,0.00771995121967,0.0347462945709
1727,0.00554123929909,-0.00330649965739,0.01513150021
1728,0.00785027475143,0.00242417058138,0.0303310029852
1729,0.00270441946013,0.00234943547347,0.0169686529481
1730,0.0103589685976,0.00213230977381,0.0407774621248
1731,0.000812472358063,0.00859582106578,0.0409251068131
1732,0.0116908627488,0.00521255459978,0.0347964566189
1733,0.00321403211743,-0.00446951717057,0.0148542419993
1734,0.00450481891663,0.00684588635404,0.0401595464047
1735,0.000155098414945,0.0135803589013,0.053320793955
1736,0.0170582079074,-0.000468961741702,0.0282557290881
1737,0.00684663705858,0.00673442897687,0.0430388293473
1738,0.00272539425516,0.00510138784633,0.0221516511826
1739,-0.00435505739397,0.00761709551899,0.0334426924795
1740,0.00221645266735,0.00314753057736,0.0185043579831
1741,0.01069962728,-0.000455125325444,0.0257580087839
1742,0.0129763834033,-0.00125347471062,0.0246723552049
1743,0.00871189556317,-8.00368514292e-05,0.0323554152643
1744,0.00528836034008,0.00869783197141,0.0300675383255
1745,0.00315650452305,0.00249265111343,0.0137869412026
1746,0.0138449353344,-0.00468645072349,0.0172884016482
1747,0.00306918093918,0.00421805149673,0.028736531279
1748,0.00894836095732,-0.0030254333635,0.0190968328879
1749,0.00201328832363,0.0049407392798,0.0319031452837
1750,0.00343469807217,0.00551359104951,0.0268098951936
1751,0.0102004796246,-0.00278854394533,0.0201232166413
1752,0.00611676103779,0.00304485669672,0.0346739216587
1753,0.00456714273059,0.00165159696245,0.0186068824431
1754,0.00678502808575,0.00536394331776,0.0473429403209
1755,0.00502224575832,0.00107252915664,0.0249274546364
1756,0.00401283087054,0.00163398766992,0.0181565231278
1757,0.00239411944715,0.00583405710259,0.0269703036877
1758,0.0023847144466,0.00205430566807,0.0294886887441
1759,0.011008264799,0.00469971924901,0.0414148651564
1760,0.00268764883462,0.00315755135118,0.0186133285508
1761,0.0112128518817,0.00502147718988,0.0258275884511
1762,0.0064298036127,0.00419505467608,0.0337815319051
1763,0.00681383666009,0.00724144589388,0.0411694517058
1764,-0.00109177284388,0.0147450662228,0.0456287157018
1765,0.000925825195715,0.0039067056921,0.0171109019239
1766,0.00470065858528,0.00822682635983,0.0408515306997
1767,0.0137448468609,-0.00732240751626,0.013123761009
1768,0.0110774318623,0.00474161761953,0.0391503412686
1769,0.00447809828782,0.00783601992281,0.0295162286032
1770,0.00814056734395,0.00247165652377,0.0307991573315
1771,0.00858830287867,-0.00423799838142,0.0154116965304
1772,0.00641693413941,-0.000380933934919,0.0190629144009
1773,-0.0016053032871,0.013978428542,0.0494938429692
1774,0.0130373861863,-0.00057487771824,0.0156491776159
1775,0.00144176481431,0.0087648555324,0.026556636108
1776,-0.0109722438303,0.0108672459876,0.0366954260124
1777,0.0053173048367,0.00610192374789,0.0446244171977
1778,0.0108456362224,0.00563293487115,0.032537540805
1779,0.0149286752978,0.00346144642406,0.0313495819042
1780,-0.00631754724839,0.0175276894067,0.0633723972895
1781,0.00756867847419,0.00391814621479,0.0299179229758
1782,0.000764231543945,0.0106247928703,0.041027157061
1783,0.00246227889155,0.00305214231564,0.0363118512848
1784,0.00421423650462,0.00826297357216,0.0377895091024
1785,0.00966528739238,0.00138585210637,0.030297564519
1786,0.00711885420629,-0.000872076736601,0.0173002558545
1787,0.0125072294659,0.00198040693634,0.0277884403115
1788,0.00527520107902,0.00714869687353,0.0375599037118
1789,0.00548948095113,0.00951071522263,0.0398666113946
1790,0.00472457964948,0.00397114882834,0.0253504638893
1791,0.00576956887947,0.0127623601656,0.0533905144639
1792,0.00509778600358,0.00347173736627,0.0273111991122
1793,0.0167363235466,0.00161409027095,0.0281837541584
1794,0.0119945215389,-0.00171374596452,0.00840219956668
1795,0.0140407216689,-0.000895673974011,0.0140948391019
1796,0.0139138828063,0.00598579811962,0.0266092969692
1797,0.00846194185922,-0.00251414355669,0.0165645342234
1798,-0.00397355322908,0.0123985610061,0.0491816534913
1799,0.0174122422777,-0.005276452751,0.0214044597099
1800,0.017066511542,0.000292686889213,0.0245601126264
1801,0.00459165556793,0.00585494377102,0.040779066477
1802,0.00347096317829,0.0109577456401,0.0435992604979
1803,0.00953798227259,-0.00124385001635,0.0219694162598
1804,0.00925694453627,-0.00228894866822,0.0159403645346
1805,0.00595558951749,0.0050585516817,0.032047349213
1806,0.0084688209917,0.00758581564032,0.032863207971
1807,0.00956740116664,0.00621588271408,0.0429844059485
1808,0.00535832611543,0.00738821113345,0.0398292043734
1809,0.00991349197618,-0.000104802962102,0.0236418037718
1810,-0.00389685115697,0.00813493189791,0.0309044655625
1811,0.00860483978079,-0.00248756936747,0.0168250412962
1812,0.00438339788596,0.00181986200754,0.0236705698523
1813,0.00476178137837,0.00958315531784,0.0408695783143
1814,-0.000781123215257,0.00601272940648,0.0250887147661
1815,0.00727449298475,0.00432372683056,0.0334578172399
1816,0.00589892936765,0.00294805337758,0.0182954935527
1817,0.009441920138,0.00291367569549,0.0290082339524
1818,0.00302810898946,0.00445795900956,0.0373980671856
1819,-0.00301045258611,0.00750213373349,0.0330464310517
1820,0.000661631172185,0.00805929491059,0.0378792156476
1821,0.00547387349776,0.00454678309174,0.0318793152493
1822,0.0136160931333,-0.0102736420695,-0.000194709103985
1823,-0.00264465527166,0.0142027687113,0.0594610729852
1824,0.00219037079712,0.00287698425616,0.022774976985
1825,0.0107790976509,-0.000216096429688,0.015819241726
1826,0.00694697457806,0.00495023216741,0.0289220813784
1827,-0.00250548643279,0.00445512121399,0.0254655040746
1828,5.51496827104e-05,0.00861273304833,0.0278993699225
1829,0.0102424383153,-0.00333097285868,0.00791734456966
1830,0.00711235360741,0.00018139904701,0.0244146458052
1831,0.0010589743733,0.00794978290146,0.0257404291647
1832,0.00422946847244,-0.00390719772044,0.012603570435
1833,-0.00652222562177,0.0139299847058,0.0459000483053
1834,0.00568304584555,0.00452953282906,0.0379979795568
1835,0.00730738518292,0.00524765765569,0.0271296043561
1836,-0.000191528586,0.0060080718389,0.0337016475211
1837,0.00432369591507,0.00673052492164,0.0364417445238
1838,-0.00608733424141,0.0131018298178,0.0449077597549
1839,0.000754816368554,0.0106428400749,0.0363632321
1840,0.00422810569952,0.0059032926159,0.0315631531164
1841,0.00575290230945,0.00122087591156,0.0214232177195
1842,-7.6160773717e-05,0.00703316936727,0.0401176143309
1843,0.0113963413318,-0.00666243997535,0.0104302659932
1844,0.00396775589532,0.00550382563417,0.0249884951001
1845,0.00751503811901,0.00609683655272,0.0366667680883
1846,0.00450379779976,0.00376230571507,0.0309034274692
1847,0.00693632443339,0.00188673812243,0.0203170476383
1848,0.00380649865528,0.00836630762918,0.0338263537198
1849,0.0116296555728,0.00269044663048,0.0169982118913
1850,0.00444584861857,0.00871525367598,0.0458552440432
1851,0.00144276386329,0.00320600406582,0.0305505654194
1852,0.0132801184648,0.00321515822558,0.0295897205584
1853,0.00651159264249,0.00598490620279,0.0370032693921
1854,0.00349958511004,0.00921208555279,0.0301197865774
1855,0.0152537222857,0.00331150163246,0.0321969669353
1856,-0.000219884914349,0.0087816683397,0.0350073807658
1857,0.0101329913216,-0.00269252448395,0.0185285350852
1858,0.00670784178765,-0.0027869640679,0.0211141766044
1859,0.0061257741699,0.00482048098537,0.024671613373
1860,0.00970142585373,0.00381385396454,0.036910602593
1861,0.00672930178349,0.00527128163126,0.0330625448444
1862,0.00308289427914,0.00945739796036,0.0274714507312
1863,0.0096129743824,-0.00571378393453,-0.00065357635209
1864,0.00443332195117,-0.000247157185257,0.0162774391361
1865,-0.00297615340426,0.0116368056833,0.0393270013402
1866,0.00737974225006,-0.00286019356776,0.00854195827946
1867,0.00689499811366,0.00754782671145,0.0339752645911
1868,0.00690080596255,0.00170790016953,0.0267208663934
1869,0.0121780468349,-0.00321806521457,0.0130708824366
1870,0.00691433623448,0.00432759343845,0.0306020943246
1871,-0.00641437102003,0.00914788453232,0.0413561520064
1872,0.0107234844329,0.00498679399401,0.0370903994987
1873,-0.00480579300575,0.0114752158493,0.0472634179046
1874,0.00771562126854,0.0053679993726,0.0379979373061
1875,0.00359635022472,0.00445047206894,0.0210760847669
1876,0.00574113266342,0.00535958082082,0.0334960776991
1877,0.00528284955023,-0.00507182440872,0.0164698550009
1878,0.00314392140196,0.00922231479539,0.0450873922317
1879,0.00818193839517,0.00667338981873,0.0270741653389
1880,0.0166773102594,-0.00257646300313,0.0121680403281
1881,0.0116721691788,-0.000609605404304,0.0185833205931
1882,0.0134619691089,-0.00416747441177,0.0160624044794
1883,-0.00373574114777,0.00770323680205,0.0349060880517
1884,0.00192222649803,0.00343529344155,0.0360164371511
1885,0.0120329857509,0.00785357820241,0.0406910809692
1886,0.00206722617619,0.0085243435762,0.0370184087397
1887,0.00550243641293,0.00110449944784,0.0213904828613
1888,0.00804104126293,0.00292554453942,0.0221208730857
1889,0.0050109702373,0.00734139875262,0.0407199162099
1890,-0.00434112733964,0.00902293839559,0.0353606836722
1891,0.00664686602321,0.00572733077191,0.0376419591646
1892,0.00960797603058,0.00258041067351,0.0364194434746
1893,-0.00153099120887,0.0118580181916,0.0429996083769
1894,0.0126893639893,0.00378680065136,0.0295809780261
1895,0.00309883180121,0.00994712041718,0.0429451930916
1896,-0.0022585280512,0.0116957460059,0.0411522570618
1897,0.00145240579389,0.014774220269,0.0537193945633
1898,0.00652073596288,0.00520256157298,0.0330670629586
1899,-0.00362896354721,0.00742149262294,0.0382829171405
1900,0.00928076542766,0.00452827044396,0.0311859793186
1901,0.0119616802235,-0.00115285793679,0.0334214142679
1902,0.0109152967325,0.00780911994923,0.0358249690504
1903,0.00518075581546,0.0018892181258,0.0315674912591
1904,0.00923293552604,0.00615435725677,0.0376092992122
1905,0.00611664741821,0.00240123479539,0.0207311249578
1906,0.00627345263087,0.00701136959506,0.0345577102323
1907,0.00988381794653,-0.000981977294113,0.0163652526448
1908,0.0243981179324,-0.00562940769543,0.0156083704891
1909,-0.00434416498455,0.00916441464917,0.0390917010338
1910,0.00632538430465,0.00129968074891,0.0353801994229
1911,0.00395726362484,0.00779642846155,0.0300176662798
1912,0.00974469698636,-4.3353035331e-05,0.0115086792018
1913,0.00234938576639,-0.00110139293257,0.0238837443924
1914,0.00414298644173,0.006794862126,0.0398968364786
1915,0.00186211444224,0.00508221944353,0.0254321358428
1916,0.00614826543686,0.0122854760984,0.0412152463668
1917,0.00452535596709,0.00372798187671,0.0273503626284
1918,0.00216618143423,0.011609923832,0.0463015879217
1919,0.0155786831582,-0.00125187942424,0.0162100722348
1920,0.00763171298297,0.00187030837802,0.0168032063317
1921,0.00582316889654,0.00154885668567,0.0250391933821
1922,0.0100208030875,0.00661755975172,0.0295112876865
1923,0.00140436030446,0.0127971573289,0.0571898504965
1924,0.00997360504022,0.00917395961723,0.0452389011286
1925,0.00351646072733,0.0131526674775,0.0546878893878
1926,0.00529564048231,0.00716028546917,0.0538583283221
1927,0.0109118781058,0.00448449949775,0.0266557808934
1928,0.0116861054948,-0.00286889335572,0.0153270146039
1929,0.00612393721693,0.00598750793869,0.0342718918409
1930,0.0102372579672,-0.00311437674648,0.00901908320894
1931,0.00300759408185,0.0050504111211,0.0332263530363
1932,4.22986613345e-05,0.0114535444098,0.0358046319105
1933,-0.00317457198292,0.00745585033684,0.0365044000045
1934,0.0104381319129,-0.00293119794764,0.0158480510196
1935,0.0057218651683,0.00491465508151,0.027556259956
1936,0.00307839172765,0.0068984005722,0.0386398837389
1937,0.00929682723879,-0.00302572461081,0.0109879226285
1938,0.0103992618544,-0.0014218114791,0.0209707613518
1939,0.00371334958145,0.00482934910965,0.027792057269
1940,0.00099611380679,0.00490094982664,0.0240868167106
1941,0.00469499010309,0.000304871228728,0.0145830683052
1942,0.00426287431697,0.00884960462733,0.0403987030624
1943,0.0117597790535,-0.00382407163155,0.00836653774105
1944,0.00228637330895,0.0153503398319,0.0519379016762
1945,0.00378582406222,0.00806893677779,0.0417445510608
1946,0.000878882482748,0.00638881651153,0.0401085040259
1947,0.0118526922757,0.000891999707571,0.0149175717445
1948,0.00060990860568,0.00815550403747,0.0327877642217
1949,0.00631580062415,-0.00154149242099,0.0170306715667
1950,0.000138799268131,0.00237026108747,0.0180096236398
1951,0.00125060086808,0.000573233019379,0.0172771785429
1952,0.00273979682368,0.00641964577082,0.0303214778552
1953,0.00246156174023,0.00887234684243,0.0395285704832
1954,0.00314500887775,0.00269316244925,0.0308843174266
1955,0.00695832795955,0.00383170995258,0.0219496056943
1956,-0.000862829097466,0.0089784150057,0.0300080175504
1957,0.00666593674909,0.00486106195181,0.0241066931522
1958,0.00680510676894,0.000646318921934,0.0217270546668
1959,0.00269782766564,0.000339574035819,0.0298215764701
1960,0.00844124885196,-0.00293814057796,0.0117730337494
1961,0.00869856836451,0.00511713092929,0.0359597918038
1962,0.0108569698678,-0.00607832733877,0.01254474616
1963,0.0119026886465,0.00678725346089,0.0317748406937
1964,0.00408906853065,0.00869280084736,0.0303264858532
1965,-0.00202690420038,0.00832055530911,0.034264507808
1966,0.00518831263986,0.00402770945394,0.0326615015725
1967,0.0142434548471,-0.00418611029216,0.0231970778463
1968,0.000325996412378,0.00498254307794,0.0335549129298
1969,0.00590618820694,0.00027307174533,0.0232752521957
1970,0.0113301112729,0.00366015462284,0.0328786234406
1971,0.0112903263812,-0.00256600746747,0.0153371581498
1972,0.00473448886505,0.00375593137365,0.0199599933723
1973,0.00527582142564,0.00584916600294,0.0266375480671
1974,0.00714815147173,0.00538719484956,0.0454553413656
1975,0.0135751637062,0.00509176498977,0.0284546961336
1976,-0.00567886886143,0.00982336440653,0.0453898763672
1977,0.00694751761149,0.00129448515834,0.0268879065656
1978,-0.00611328628355,0.00625278488532,0.032945588011
1979,0.00474988145717,0.00683494844272,0.0341773521045
1980,0.00179869319826,0.00425398298951,0.0244450937652
1981,0.00749975966902,0.00517083907044,0.029255310554
1982,0.00369517642994,0.00681245780263,0.0340139640816
1983,0.00623471942483,0.00283988395171,0.0190169946274
1984,0.00350767108711,0.00974822446357,0.0331975776943
1985,0.00809192299423,0.00487633389391,0.0352692084391
1986,0.00339716480422,0.0057510903539,0.0348400313359
1987,0.0107725012045,0.000440200836958,0.0175856868704
1988,-0.000946108864117,0.0157206187193,0.0482035313659
1989,-0.000250716836712,0.0088040370407,0.0366676102582
1990,0.00524182230495,0.0100618463798,0.041507123612
1991,0.010362532539,9.0711288894e-05,0.0222563016316
1992,0.00703250055397,0.00638843218693,0.033514138067
1993,0.0154529761149,-0.00153859147315,0.0116633704879
1994,0.00792104910756,0.000858054968181,0.0235731669882
1995,-0.0043961206593,0.00748294626268,0.0341546217229
1996,-0.00207880151981,0.00847169293851,0.0375719686581
1997,0.00904643230512,0.00249339728015,0.0339395958334
1998,0.00597315014075,-0.00140858497435,0.0149625125384
1999,0.00113522016312,0.0109916650867,0.039454168238
2000,0.0129534562514,-0.0044578102551,0.0186514894825
2001,0.00734072883037,-0.00362055734934,0.0192592193648
2002,0.00709634623471,0.00504247087724,0.0268776120989
2003,-0.000600731729593,0.00747207988075,0.0380003159588
2004,0.0036940027538,0.0114016647324,0.0524004278135
2005,0.0176001521296,-0.00490654189221,0.0160565555201
2006,0.018324675171,-0.0019573581531,0.00957462251117
2007,0.0104722179555,-0.00494839525755,0.0165288287864
2008,0.00632810157217,0.00303063984868,0.0193761077936
2009,0.00281462092404,0.00650206080727,0.0315972828324
2010,0.00695904667715,0.0096688659869,0.0351709436441
2011,0.0139031438993,0.00268871227098,0.0300299842039
2012,0.0085302863039,-0.00187095723653,0.0176579387074
2013,-0.000212625624774,3.19721379836e-05,0.0160184404748
2014,-0.00155970330086,0.0151361826547,0.0547510349486
2015,0.00571194329987,0.000455204168887,0.0250861659646
2016,0.00380940592027,0.00828967476531,0.0347106111972
2017,0.00801253293497,0.00128634827868,0.0132860477629
2018,0.00556812798879,-1.2193922947e-05,0.0187568110615
2019,0.00743787865855,0.00546985594408,0.037329847716
2020,-0.000983669972118,0.005860803725,0.0326492197413
2021,0.00649209625347,0.0043601507939,0.0255629223028
2022,0.00474668103767,0.00119681681321,0.027165723044
2023,0.00770702006967,0.000351761688782,0.0265094798649
2024,0.00875328228162,0.00991485996921,0.0402289922716
2025,0.00539825417313,0.0100289718024,0.0417999776517
2026,0.010139787158,-0.00438803655825,0.014748889694
2027,0.00822384957414,0.00560787802853,0.028831942976
2028,0.00573979386881,0.00277230351532,0.0278681252497
2029,0.00341150142587,0.00481678642472,0.0252068164038
2030,-0.000399571027676,0.008859316364,0.0374844785832
2031,0.00332871364143,0.0066492859745,0.0278331718676
2032,0.00263265305349,0.0074881337981,0.0324688553533
2033,-0.00267424077203,0.010653230562,0.0382721654128
2034,0.00448451132484,0.00849036334033,0.0362928821575
2035,0.00918622537468,0.00162589263716,0.0322703276059
2036,0.00598045230476,0.0112322161956,0.0486365416417
2037,0.0109405807155,-0.0116376511211,0.00943505838179
2038,0.00866783325813,-0.00248217964208,0.0137235490727
2039,0.00628422886744,0.000920193649654,0.0170305072108
2040,0.00298015980809,-4.05466186396e-05,0.0205362002042
2041,0.00369616394344,0.00486498773941,0.0262232226412
2042,0.00892292994275,0.00889492290345,0.0355028156612
2043,0.00208592949603,0.00613301255704,0.0436269472588
2044,0.0117158477644,-0.00393191592304,0.0280250455719
2045,0.00628587009408,-0.000736429250691,0.0253255990211
2046,0.00477428459244,0.00907687408472,0.0381449879121
2047,0.00807455630178,0.000380348372327,0.0251867261652
2048,0.00790551482357,0.00439893919752,0.0202019132348
2049,-0.000613789110755,0.00776602612922,0.0367970209706
2050,0.00126459116505,0.00476900313309,0.0312303258881
2051,-0.000991060693482,-0.00160328452444,0.0110720179462
2052,0.00394133874178,0.000197956547503,0.0161100760632
2053,0.00439949757733,0.00682012441204,0.0331006226859
2054,-0.00457633830394,0.012483111267,0.0397048958843
2055,0.0123488948328,-0.000389050055472,0.0247212143937
2056,0.0146853360085,-0.00375632590817,0.0239609874552
2057,0.00796978406802,0.00284999403507,0.0293740211532
2058,-0.00575441750352,0.00392766630741,0.0288797967172
2059,0.0101537953804,0.00259472434159,0.0310560399994
2060,0.0108383686478,-0.00260450486031,0.0204584163792
2061,0.00292833252402,0.00287342461435,0.0234296723627
2062,0.00789049596917,0.00629201677565,0.0441769775591
2063,0.00356986136153,0.00507604541782,0.0286523261396
2064,0.00263106439946,0.0127728299938,0.0577020334498
2065,0.00538627495263,0.00820462536193,0.0416321861295
2066,-0.00211229283111,0.00963004194291,0.0364713510522
2067,-0.00104551036549,0.00793959461488,0.0330775143377
2068,0.00474362406762,0.00610369708389,0.0284797780299
2069,0.0029477845692,0.00966918208462,0.0383539139913
2070,-0.00243929734791,0.00764709522945,0.0326040800985
2071,0.00932636521033,0.006047652013,0.036002006583
2072,-0.00239670748562,0.00697136759939,0.0359336018258
2073,0.00701703502485,0.00594576225769,0.0377242663451
2074,0.00228622931044,0.0145794423182,0.0458670831415
2075,0.0153747901133,-0.00208046046611,0.0192788650726
2076,0.00199905579433,0.0021577606569,0.0190742941733
2077,0.00818695710439,-0.00117990054838,0.013408375175
2078,0.00405809237215,0.00385171177801,0.0292237385611
2079,0.0128303759907,0.00253660040989,0.0267876678566
2080,0.00968429690949,-0.00319676874329,0.0175618292757
2081,0.00130902021014,0.013232345065,0.0495570875121
2082,0.00760256756673,0.00149842324825,0.0210299473427
2083,-0.00185186652741,0.0108907822464,0.0415155199348
2084,0.00300049308469,0.00555085527504,0.0248201571279
2085,-0.00160341500743,0.0164861867972,0.0537806773239
2086,0.00354220613896,0.00241589876641,0.0216335824268
2087,0.00327428544434,0.00108242570704,0.0116194005057
2088,0.0105914738034,0.00469815177643,0.0378065787045
2089,0.0078833395479,0.00789738846839,0.0353579210682
2090,0.00955856804278,0.0117122197093,0.0486882906034
2091,0.00929564570462,0.00190130759644,0.0258055818913
2092,0.00492867202371,0.00173964653144,0.0310809926664
2093,0.00892457873996,0.000642788282943,0.0182778221914
2094,0.00252855983003,0.00180296743926,0.024205131897
2095,0.0126731589904,-0.00197052893158,0.00974855256487
2096,0.00334857471755,0.00518357816774,0.0329936074312
2097,0.00210587084181,0.0146118259197,0.0487299154341
2098,0.00666347554781,-0.00206135465015,0.026095547714
2099,0.00340068978462,0.0114530064866,0.0409041109383
2100,0.0118288936283,-0.00428984306035,0.0225752142664
2101,0.00821987321456,0.000637658237765,0.0229421648314
2102,-0.00116803961511,0.0112346430153,0.0437832410253
2103,0.00846236760249,0.00146848166937,0.025078267092
2104,0.00690968512744,0.00325864842681,0.0232352451626
2105,-0.0034672919575,0.00648112703389,0.0348321661887
2106,0.00820957026206,0.000447679927643,0.0105117115967
2107,0.000794595512458,0.00983120022238,0.043871804449
2108,-0.00150043697408,0.0142949728055,0.0493074931214
2109,0.0118057017163,0.000453158055926,0.0250420737824
2110,0.0103199647018,0.000977035382444,0.0213486781396
2111,0.00436504582828,0.00383808694769,0.024660460327
2112,-0.00712784979658,0.0104790246664,0.0399019107825
2113,0.0123068627015,0.00228170616562,0.0318049580784
2114,-0.00337273265715,0.0104780974261,0.0358430721524
2115,0.00819314156604,-0.000628641249463,0.00986700034541
2116,0.0121929380841,0.00784223172309,0.0374492588058
2117,0.00231915585739,-0.000179701282913,0.0190523837632
2118,0.0138553893506,-0.00026484557463,0.0210695411271
2119,0.00393199535335,0.0066017550529,0.0411513458434
2120,0.00450381910541,0.00533651933639,0.0284092027317
2121,0.0144017614079,0.000126768877945,0.0238552336773
2122,0.00146228571444,0.00783914134948,0.0288036239937
2123,0.00684847182172,-0.00157786346013,0.0288611024338
2124,0.0138680267341,-0.00373511224346,0.0198933343816
2125,0.00522795007423,0.00714244958937,0.0395452076587
2126,0.00648119536027,0.00672004025492,0.032789217827
2127,0.00545294703596,0.00444398307275,0.0377481410692
2128,0.00896526374558,0.00930073152333,0.0452969000521
2129,0.0136374310733,0.00295723697252,0.037970743069
2130,-0.000273713833418,0.00700678277571,0.0314691516334
2131,0.00293061508197,0.00547457923588,0.0289229928041
2132,0.00890438872275,-0.00106710466994,0.0208311344495
2133,0.00258450004167,0.00170639010162,0.0293029200626
2134,0.00695974653707,0.00272267780674,0.0203795049968
2135,0.0162358183204,-0.00555722578476,0.00817660891461
2136,0.00520518988235,-0.000492136125388,0.00531049984119
2137,0.00199572194921,0.00217733733319,0.0191839238018
2138,-0.000784107032992,0.00172949915864,0.0229952117192
2139,0.0100217419597,0.000192453658678,0.024741417061
2140,-0.00104471132922,0.01229183374,0.0457526594037
2141,-0.000541654581317,0.00853206091503,0.0314883905575
2142,0.00446495166531,0.00133741703257,0.0183966441624
2143,0.00957105249536,0.00355015885329,0.0265966075014
2144,0.0130683097912,0.00413832836248,0.0428780766238
2145,0.00485962601844,-0.000295879324859,0.0241399571253
2146,0.00229370545296,0.00380586781533,0.0255651003485
2147,0.0065635375258,0.00198806806054,0.0336403146243
2148,0.00707768332528,-0.00529854984023,0.0129695361981
2149,0.00323752933813,0.00249330136353,0.0285580250974
2150,0.00692973397776,0.00545938746719,0.0248837931106
2151,-5.87759539198e-05,0.0101931102534,0.0311722913259
2152,0.0126667059917,-0.00494074964336,0.0123815456872
2153,0.00299308326622,0.00316856124093,0.0210670790792
2154,0.000967193115501,0.00671417382964,0.0346416079421
2155,0.0118573758401,0.00869447933577,0.0462959305209
2156,-0.00566787363403,0.0125338232351,0.0469691385876
2157,0.000413559213107,0.00248473296725,0.0189855375226
2158,0.0047630822819,0.0131348428256,0.0429354539759
2159,-0.00332601171271,0.00682746758804,0.0298877022312
2160,0.00560451341611,0.00653394093813,0.0333447458164
2161,0.001825735907,0.00477209954906,0.022883788109
2162,0.00380986136285,0.000724278403625,0.0226901880556
2163,0.00052646521021,0.000556002417521,0.0301073681204
2164,0.00169452300822,0.00364379977267,0.0338060955848
2165,-0.00373274255506,0.00520245845778,0.0251265862451
2166,0.000958500741846,0.0080071862154,0.0390728343853
2167,0.0126666540903,-0.00175582348165,0.0192912415341
2168,0.00429823159941,0.00355924271588,0.0313587465442
2169,0.0105888669685,0.0077989649681,0.0398641476553
2170,0.00487837802305,0.00937812606083,0.0463303707568
2171,0.00636112592026,0.00916377775435,0.0459819709593
2172,0.00782095790817,0.00517316835376,0.023745450803
2173,0.00504751850977,0.000419921049163,0.0175626309016
2174,0.00757874684633,0.00322031914867,0.0289021703125
2175,0.00267530326877,0.0062185825895,0.0364352540641
2176,0.00393054889294,0.00399033267311,0.0346329401148
2177,0.00622749007325,0.0063441064845,0.0337854454363
2178,0.0104006609596,0.00246014305847,0.0237700207745
2179,0.00174387393062,0.00114679723785,0.0208718757545
2180,0.0142072010182,-0.00422165698062,0.0109845835025
2181,0.00409220416554,0.00507730313451,0.0361847046448
2182,-0.00279803135829,0.00369771095256,0.028741691282
2183,0.0180753602373,-0.0063434582691,0.010298366434
2184,0.0151047113736,-0.00342540579783,0.010809574202
2185,0.000501962207302,0.0117845164978,0.0486829951306
2186,0.00141827390652,0.00537746824896,0.0257658852084
2187,0.0101177258372,-0.00298439014675,0.018888208892
2188,0.00190278511185,0.00236381693695,0.0226538294851
2189,0.00385517193325,0.00744804326059,0.0392499355196
2190,-0.00133764093678,0.0101361850374,0.0493793996087
2191,0.00201719581821,0.00752991744315,0.0479863983929
2192,0.00445831922137,0.00130368985783,0.0179673178145
2193,0.00345328750296,0.00334078758761,0.0273637374861
2194,0.00231287434425,0.00649021162353,0.0299135976053
2195,0.0124711489329,2.42797725215e-05,0.021330214008
2196,0.00129774262501,0.00569271263271,0.0275813373169
2197,0.00380360073674,0.00585173290116,0.0327547783597
2198,0.0060737598991,0.00774901160384,0.0352228108859
2199,0.00753898842832,0.00358480260032,0.0247538818103
2200,0.0103392688728,-0.00523631173175,0.00493262056223
2201,-0.00551755833266,0.0138394417649,0.0407191661613
2202,0.00267691740808,0.0119836531118,0.038736662461
2203,0.00884761231308,0.00588675604655,0.0452765465842
2204,0.00355859835729,0.00870571363176,0.0344882870655
2205,0.0100706370133,0.0069572298039,0.0402194394526
2206,0.00731698158697,0.00123781041897,0.0229452100682
2207,0.00814207325542,0.00332314679274,0.0220130247625
2208,0.0100216217798,0.000285037046236,0.0155961831383
2209,0.008935309975,0.00662630844736,0.0378119639342
2210,0.0045582556458,0.00521292308552,0.0370019372261
2211,0.00425988057407,0.00601234319583,0.0379081817848
2212,0.00785432819421,0.00404299989291,0.0291936328377
2213,0.00931693893205,0.00376646161613,0.0261003998958
2214,0.00307274969813,0.00460219094106,0.0294816527245
2215,-0.00240563752713,0.0076002552036,0.0317303614742
2216,0.00604962811387,-0.00267381083748,0.0149373976924
2217,0.00398395344025,0.00830808814564,0.0406018310232
2218,-0.00102634859279,0.00135706557841,0.0247489473897
2219,0.00636769844841,-0.00125635784094,0.0207234491791
2220,-0.000377525725422,0.00401741795653,0.0241193335756
2221,0.0107326832111,0.00208353032567,0.0329156500957
2222,0.00566098061048,0.0014091621236,0.0272889040704
2223,0.00377488622073,0.00716319115116,0.0380944523054
2224,0.00265222424711,0.00748555997328,0.0394467775511
2225,0.00590543694884,0.00279687405182,0.023217854082
2226,-0.00552196568644,0.0181031544615,0.0562443770057
2227,0.0114923948303,0.00517061850002,0.0353738844383
2228,-0.00452470081783,0.00786555100381,0.0333041029038
2229,0.00415609223135,0.00695330554868,0.0374297779964
2230,0.0041328258793,0.00407355497346,0.0318203119745
2231,0.00277460038237,0.00272565143724,0.0205925366476
2232,0.00027736031897,0.00523618949657,0.0227186416508
2233,0.00505031559447,0.00189618074564,0.0203067304743
2234,0.00849621424117,0.0024882444441,0.0153484515182
2235,0.0133259143566,-0.00541157152486,0.0125782881409
2236,-0.000688358771395,0.0112066328651,0.0414813611983
2237,0.00693246522232,0.00264620273059,0.0260626121459
2238,0.00969172021799,0.00178001949808,0.0302361753239
2239,0.0107636820401,0.00862776583081,0.0281882004148
2240,9.80868166509e-05,0.013957231533,0.0484544742652
2241,0.00383943633109,0.00413201675891,0.0269544749373
2242,0.00384667223411,0.00687069685555,0.0310817681211
2243,0.0134642201892,-0.00144175680113,0.0209594487235
2244,0.00176326579575,0.00513637867574,0.0254851707665
2245,0.00957587227577,0.00290011206928,0.0258723980486
2246,0.0105339533846,-0.00320988502637,0.0121687595547
2247,0.0109578511135,0.00341510376839,0.0308257061913
2248,0.0111749309501,-0.00568243222328,0.0167802231678
2249,0.00132069000985,0.00629228461704,0.0206813589948
2250,0.00577549716225,0.000238243631125,0.0245749244298
2251,0.0038705186888,0.00712444517325,0.0342465874463
2252,5.7334744378e-05,0.0124566652842,0.0409366822078
2253,0.00512080845028,0.00955548377285,0.0402284396442
2254,-0.00401222446942,0.00829488925565,0.0339154830103
2255,0.00659112192676,0.00390817841173,0.0261038512178
2256,-0.000326314762748,0.00330095714198,0.0261200461825
2257,-0.002207151829,0.00621022264818,0.0331521857818
2258,0.0172932611853,0.00310551385059,0.0387780913924
2259,0.00638610263745,0.000993706271742,0.0219507736829
2260,0.00138158409992,0.00510929800182,0.0286924243475
2261,0.00697689016262,0.00495267884415,0.0264123339223
2262,0.000451465079666,0.01246115564,0.0431698733304
2263,-0.000226875320715,0.00132513675937,0.0240306308251
2264,0.000410641890652,0.0107864693568,0.0405074671104
2265,0.00241011179359,0.00212017073435,0.0227015510882
2266,0.00869169190034,0.00805978966514,0.0298320390228
2267,0.00366375966235,0.00700408559724,0.0375387329099
2268,0.0104118983613,-0.00549369735161,0.00894832377481
2269,0.0111265538973,0.00307787169119,0.027427025593
2270,0.0160510919047,-0.00149647889104,0.0163062840661
2271,0.00504356479952,0.00549749405577,0.0344641406631
2272,0.00523857220308,0.00244703716589,0.0240884528968
2273,0.00730501078361,0.00410811433643,0.0252321875805
2274,0.0109252125565,0.00143167784997,0.0234044549806
2275,0.0130190136767,0.00279952584853,0.0263549936492
2276,0.00914031966676,0.00335973332488,0.0262676725024
2277,0.00615892011829,0.00518133803867,0.0296004122323
2278,-0.00625326355267,0.0120890984763,0.0390809459724
2279,-0.00105885659221,0.00541391047093,0.0245580648063
2280,0.00709263994808,0.000893467815018,0.0260410623182
2281,0.0082737800261,0.000868281022166,0.0164957341777
2282,0.0144077443349,0.00418742929772,0.0323877740283
2283,0.000880895265195,0.00794496952953,0.0290105337915
2284,0.0123205358723,-0.000818496061186,0.0172942994549
2285,0.00845550761217,0.00218470900208,0.0233613078226
2286,0.00509800056812,0.000808521466644,0.0199007513296
2287,0.00263975778702,0.00770613313216,0.0351855638608
2288,0.00786589377036,-0.00078936603336,0.011448021846
2289,0.00367724974011,0.0117154558042,0.0367449230391
2290,0.00178802858574,0.00658484855997,0.0300360855478
2291,0.00496643068867,0.00120040539183,0.0158362470763
2292,-0.000405036958698,0.00761296541255,0.0267777427121
2293,0.00813006793826,0.00432045789254,0.04302457292
2294,0.00783632506505,-0.000106587620698,0.0145620786191
2295,0.00214086861379,0.0106866145737,0.0377804608623
2296,0.00461622146461,0.00676151098603,0.0417911812222
2297,-0.00632523452638,0.0147204790063,0.0481708154029
2298,0.00532865811446,0.00201288322476,0.0225534688431
2299,-0.00139853128666,0.0126417142168,0.0428762201343
2300,9.32435135147e-05,0.00794500752824,0.0344106495468
2301,0.000426484028003,0.00856028114435,0.0385425784845
2302,0.0203822686419,0.00109262347197,0.0195045841078
2303,0.00488768776776,0.00123632386742,0.0151520292581
2304,8.94890752358e-05,0.00818422090531,0.0345453814892
2305,0.00210419029277,0.00945006768092,0.0478289024441
2306,0.00444502633972,0.00188924111824,0.0214471717771
2307,0.00595890143746,0.00293264685181,0.0251568715881
2308,0.00811657035505,0.00363431133391,0.027560999797
2309,0.00375579047591,0.00622648548623,0.0330453209493
2310,0.00972814400531,-7.29172145736e-05,0.0180104725008
2311,3.79974890121e-05,0.00637256324456,0.0297477429166
2312,0.00347680736983,0.00953983788712,0.0403878976457
2313,0.00399629706251,0.00525419725997,0.0277060368979
2314,0.00856508801607,-0.000187876417479,0.0233367367452
2315,0.00486446156609,0.00687364360107,0.0345091947131
2316,0.00652776692744,0.00378736656515,0.0274431368399
2317,0.00881515483793,0.00327493330132,0.0300773671244
2318,0.00763626214923,0.00395672501556,0.0269303849788
2319,0.00146942099273,0.0113051057974,0.0405495303158
2320,0.00742813129806,0.00509971643951,0.0314255468431
2321,0.00323200488546,0.00136455471986,0.0240358237654
2322,0.0054480375293,0.00388968174986,0.027913212788
2323,-0.00391969431415,0.00566613583636,0.0268744994607
2324,0.00332309511665,0.0049768136278,0.0369407447001
2325,0.00407734828352,0.00870049047187,0.0378088612977
2326,0.0058945519782,0.00135852576063,0.0218020206751
2327,0.00822784397824,0.00109313159149,0.0236974060008
2328,0.00302742974048,0.00539794896686,0.0221827783789
2329,0.00811370614541,0.00687769339518,0.0352613853075
2330,0.0105209984293,0.00824687864006,0.0380457565528
2331,0.00785630690312,0.00358477807671,0.0314880563994
2332,0.00668083304377,0.00367890099329,0.022237169879
2333,0.00370886573231,0.00427084529272,0.0295254223626
2334,0.00365404172036,-9.02778323597e-05,0.0184575325118
2335,0.00666078501748,0.00196210793834,0.0164641413323
2336,0.00527319258637,0.00224921471234,0.0204369594235
2337,0.00461106445481,0.00409373175923,0.030062120364
2338,-0.00196078777965,0.0138455923122,0.0479869840882
2339,0.00934043604653,0.000350408904796,0.0207889330006
2340,0.000575484722595,0.00418598858632,0.0206389376939
2341,0.00579250839487,0.0014865877867,0.0168649105451
2342,0.00797810232936,0.00323338419216,0.029729405126
2343,0.0120442146122,-0.00283537107139,0.0225498527417
2344,-0.000963169120807,0.00585486056483,0.0330903321783
2345,-0.00230914638923,0.0112554260363,0.0362201191103
2346,0.0191408280568,-0.0121746464279,0.00116166899496
2347,-0.00584695838792,0.0115677687683,0.0449783428793
2348,-0.000154995194479,0.010387752507,0.0400664405065
2349,0.00712773662672,0.00871865720983,0.0406039303986
2350,0.0149832462804,0.00401499188621,0.0324534214458
2351,-0.00364563954353,0.00798069715614,0.0348916937317
2352,0.00550096586968,0.00091756986006,0.0209912684483
2353,0.00859213849004,0.00543676969137,0.0371455708424
2354,-0.0020347616057,0.00941190876672,0.0354409982889
2355,0.00322933276249,0.00498349935758,0.0263971495138
2356,-0.000525992790754,0.0105951189355,0.0381488422691
2357,-0.00301442260458,0.0069048481638,0.0332529336551
2358,0.0104288902346,0.00183118358966,0.0204233658159
2359,0.00104657618149,0.00858488178931,0.0414560221341
2360,0.0106548106357,0.00301146059241,0.0195377012981
2361,-6.21532212053e-06,-0.000475319044022,0.0161421252973
2362,0.00703038697755,0.00560368817958,0.0310909782217
2363,0.000899406701031,-0.000681265416973,0.0192909115726
2364,0.00554498299878,-0.000639261317315,0.0121331761353
2365,0.000502629575956,0.00311957478188,0.0195285862751
2366,0.00367659705644,0.000974250749844,0.0297849564143
2367,0.00652675617523,0.00487529560226,0.0354742008059
2368,0.0064442182329,0.0057703356348,0.0278439094907
2369,0.00660112435395,0.00408543856633,0.0286716140687
2370,0.0057788435666,0.00647881974874,0.0272707934622
2371,0.0062293729558,-0.00166527700031,0.0170966464557
2372,0.00978359029324,-0.0004458540631,0.0163629470335
2373,-0.00215205629579,0.00702384671678,0.0315224780481
2374,0.0107806551991,-0.000444530732835,0.0192636748163
2375,0.0101386107807,0.00616706965062,0.0247546237659
2376,0.0031038576111,0.00664336346227,0.0403513330136
2377,0.00241853042481,0.00637441738847,0.0323136052374
2378,0.0123243048577,0.00209686021749,0.0345588943317
2379,0.0105261297457,0.00160452220806,0.0235623744429
2380,0.00382791580932,0.00373392633597,0.0271971437174
2381,0.0127102680964,0.0118622254081,0.0411724174518
2382,0.00658594080672,0.00780115931104,0.0477973863335
2383,0.00528831717248,0.00585940198854,0.0342691402006
2384,0.00293421782296,0.00829132036399,0.028658767136
2385,0.00651678934057,0.00518782748715,0.0220414881304
2386,0.000400453097918,0.00589277460595,0.0297304778388
2387,-0.0010595511043,0.0079848298249,0.0352348910297
2388,0.00972218461849,0.0014165104061,0.0245033394404
2389,0.0143088002766,-0.00201678714504,0.0119448263705
2390,0.00614220209981,-0.000558482225491,0.0154242498152
2391,-0.00124137437842,0.0115522653624,0.0393868193214
2392,0.00234985274426,0.00423389226267,0.0242880825269
2393,0.00802736690601,-0.000165773719345,0.0212294094085
2394,0.00343344386262,0.00821609588499,0.0305062528884
2395,0.0019494066305,0.010737344282,0.0438783117881
2396,0.00806593439795,0.00400459012232,0.0279786248592
2397,0.00468081423349,0.00658661663857,0.0339409239829
2398,0.0077520891776,0.00493021336694,0.0324476141971
2399,-0.00475000098895,0.00555310003244,0.0336045878047
2400,0.00371019273572,0.0032508929731,0.0279202613217
2401,9.46797699674e-05,0.00970848564321,0.0304417489723
2402,0.00678726118522,0.00309092781139,0.0329740035481
2403,0.012182850108,-0.00222999358305,0.0180709192232
2404,0.00581662558486,0.0030322924848,0.0186082434687
2405,0.00423819178452,0.00687318082818,0.0397260956181
2406,-0.000437352526235,0.00379433029398,0.0308387899269
2407,0.00141443956475,0.00877582367592,0.0426756579645
2408,0.0117696409485,-0.000375221846769,0.0288146169609
2409,0.00177363158992,0.00487969686416,0.0277142140897
2410,0.00177905783261,0.0117616850903,0.0467525446035
2411,0.0134397142953,0.00387998000353,0.0271181325249
2412,0.00841439484067,0.00527031039372,0.0245092541048
2413,0.00521260481385,0.000620288623763,0.0215228823562
2414,0.00818755049445,0.00220112775577,0.0230000722058
2415,0.000795483439732,0.00558250690501,0.0293677701325
2416,0.00150834659459,0.00768849414184,0.0385655968965
2417,0.0103830063045,0.00108957411523,0.0232598283098
2418,0.00443724507692,0.00619290635297,0.0335799009923
2419,0.00155016606128,0.0083282574505,0.0394806493354
2420,0.0151022790248,-0.00294612231172,0.0294324604813
2421,-0.00206698985122,0.00250954629166,0.0199157099613
2422,0.00502399932641,0.00233765239606,0.0277354248352
2423,-0.000146278638332,0.00831158135138,0.0356029111089
2424,0.00887541191608,0.00599629193146,0.0393864539039
2425,0.0144612343793,-0.00504407389348,0.0239125236204
2426,-1.3638164283e-05,0.00580547407039,0.0308753056998
2427,0.00725997454697,0.0068239294399,0.0375104646795
2428,0.00301971987679,0.00512993772167,0.0330550780674
2429,0.0142680649676,-0.000925270367564,0.0198296055324
2430,0.0106361979287,0.0016279042196,0.0245026347786
2431,0.00665656773052,0.00387473356802,0.0341199680265
2432,0.00836491539298,0.00502147114319,0.0348667827412
2433,0.00465683104793,0.00462789701052,0.0284269073651
2434,0.00734594717501,0.00392044217407,0.02428320278
2435,-5.75795932177e-05,0.00266698550546,0.0229832363988
2436,0.00433467461811,0.00742582232831,0.0354655421482
2437,0.00782290901888,-0.00296762623574,0.0114672359127
2438,-0.000527671464157,0.00634106204826,0.0347660504832
2439,0.000673955168012,0.00582222042035,0.0321367864778
2440,-0.0028286218257,0.0107999133721,0.0341000733928
2441,0.00119438155917,0.00280577715933,0.0273452809989
2442,0.00928495396632,-0.00510785534605,0.018177092941
2443,-0.00485638122383,0.0157089140016,0.0384472977367
2444,0.0124817045377,0.00415985382204,0.0405036645362
2445,0.0125601556697,0.00308813817514,0.0254511558511
2446,0.00203659486711,0.00794120059774,0.0434472090336
2447,0.00404129670015,0.00496661643401,0.0355384853329
2448,0.00920504654757,0.00635949745486,0.0253769444171
2449,0.00510568077131,0.00404216253575,0.0263887718988
2450,0.00245137750613,0.00968001238972,0.0366673715581
2451,0.00961756932062,-0.00258608859367,0.0174146140829
2452,0.0124509723457,-0.00313118883339,0.0144851258154
2453,0.00280484732253,0.00563496865884,0.0248718829253
2454,0.00865684008129,0.00505293657516,0.0307004387422
2455,0.0105769491383,-0.00186569837701,0.0159753264124
2456,0.00205245264971,0.00824687880084,0.03167059609
2457,-0.000891791072999,0.00819411722262,0.0289163927503
2458,0.0159178912746,-0.000852224740824,0.0207142661693
2459,0.0192805577134,-0.0028477325961,0.0252212404989
2460,-0.00196590525395,0.00502101512537,0.0344759534689
2461,0.00335793450399,0.00295392467195,0.0314248166066
2462,0.00767944826046,0.00288007152872,0.0255808209267
2463,0.0143770128368,0.00199878698644,0.0223450424031
2464,0.00758762309918,-0.000807297249669,0.0192757667691
2465,0.00161476588027,0.00777110063017,0.0333888699806
2466,0.0120604528745,-0.00316723283932,0.0143682970798
2467,0.00391534744059,0.00709091150768,0.0366590299193
2468,0.00129226053801,0.00428248161869,0.0258050750715
2469,0.00304448258954,0.00561211588445,0.0341316348085
2470,0.0148890263208,-0.00409421936545,0.0163037357406
2471,0.000376099961217,0.0064689555404,0.0287735878344
2472,0.00131384843651,0.00584079861476,0.0373243816889
2473,0.00638739275657,-0.00570411549628,0.0158430167075
2474,0.00525535528527,0.0119706926462,0.0449775470769
2475,0.00126423607259,0.00835427607729,0.0377467267299
2476,0.0129884072006,0.00164855202485,0.0232533264416
2477,-0.000884698340567,0.00778991535267,0.0415783207346
2478,0.00747441128474,0.00470221628308,0.0325313423799
2479,0.0122739730199,-0.000721073674073,0.0169726197549
2480,-0.00431819754463,0.0116720466682,0.0354983571619
2481,0.00520695170702,-0.00289732637812,0.0152150515031
2482,0.00213456512403,0.00334260620544,0.0251086687717
2483,0.00616714332475,0.00860631141156,0.0424612267974
2484,0.012559565413,-0.00142904089658,0.00415004666327
2485,-0.000472970985251,0.00763584446098,0.0345123372069
2486,0.0027721467437,0.0036682823533,0.0305012190097
2487,0.00676820665066,0.00222657831878,0.0202349172841
2488,0.00563326598642,0.00196342763634,0.0289830282947
2489,0.00446897725985,0.00744784206338,0.0339766426525
2490,0.00363818549083,0.00624421064435,0.031481882407
2491,0.00730287386908,0.00257629365579,0.028578482555
2492,0.00543130248314,0.0109012575474,0.050432911112
2493,0.00613588720005,0.00450119766411,0.0352220233616
2494,0.0095129007395,0.00378816945019,0.0363326824343
2495,0.0036851403232,0.0022593775804,0.0261693483956
2496,0.00269434805861,0.00900055943693,0.0362228748998
2497,0.0125660607992,0.00108467070335,0.0253540994273
2498,0.00129907784266,0.00389620998174,0.0351810914897
2499,0.0093366185941,0.00576879816048,0.034302672706
2500,0.00477911325857,0.00850548804229,0.0406869312294
2501,0.00699236571833,-0.0017135315003,0.0125929128923
2502,0.00470423987695,0.00792904891672,0.030011901101
2503,0.00205481786119,0.0097985743689,0.0316151880608
2504,0.00350931966172,0.00477383638188,0.023692560458
2505,0.00806473312695,0.00656645295798,0.0370898974989
2506,0.00805092023239,-0.00268535030634,0.019016615897
2507,0.00594549977768,0.00474045414805,0.023140106252
2508,0.010814323641,-0.000304817737242,0.022617098726
2509,0.00865910243994,0.00229763007433,0.0253953649358
2510,-0.000524336873576,0.00735732755001,0.0385569248024
2511,0.00860013376191,-0.000739103624415,0.0172676590372
2512,0.009804454821,3.7358206747e-06,0.0151784773671
2513,0.00391460582509,-0.00185579233078,0.0112953631363
2514,0.0039881132126,0.00238168274627,0.0272969093852
2515,0.00280283650229,0.0122063353883,0.0397919910364
2516,0.00343751165659,0.0103618182064,0.0424379240757
2517,0.00684053147582,0.00783512378996,0.031279394377
2518,0.0145540333,0.00033236443312,0.0262635034305
2519,-0.00159450462997,0.011456866574,0.0481228168487
2520,0.000599118326493,-0.00026680796599,0.0186730647722
2521,0.00169015582289,0.0100849528378,0.0365124330193
2522,0.00295118054442,0.00559005500597,0.0412499349114
2523,0.00337371799432,0.00715737999115,0.0339182364221
2524,0.00754554389203,0.0046625941999,0.0239889871442
2525,0.00226788348783,0.00993193464446,0.0331726840832
2526,0.0119658773958,0.000786057651895,0.0184902679566
2527,0.00932905873444,0.0065390202403,0.0373747640305
2528,0.0046609222063,0.00116799962982,0.0221224210188
2529,0.00848768962154,-0.00443327285804,0.0202447060655
2530,0.00895154520492,0.000566531438863,0.0244619447453
2531,0.00800616907896,0.000423961666599,0.0177467257533
2532,0.0105840958941,-6.59916237407e-05,0.0295294601827
2533,0.00227190443972,0.00794796347442,0.0369547934587
2534,0.00255610752044,0.0101696700761,0.0423049168798
2535,0.00230466112934,0.0124997886861,0.0385041506855
2536,0.00437366517899,0.00897258265701,0.0306259627949
2537,-0.00197637772269,0.0122479366824,0.0477809150362
2538,0.0125895314704,-0.00710146929833,0.0119623772022
2539,0.00661937857717,-0.00657847249945,0.00349324177654
2540,0.0031044801421,0.0113661028043,0.0445551681744
2541,0.00521866816896,0.00739840195071,0.0393264431004
2542,0.00488110799401,-0.00326782767509,0.0157054304843
2543,0.00760532688923,0.01013532866,0.0429939720463
2544,0.0128713953843,-0.00415142591138,0.0162331034914
2545,0.00752790032661,0.000989279803389,0.0235023142939
2546,0.0173893180233,0.00241453614224,0.0277877520382
2547,0.0145549454776,-0.00387076527761,0.0206769346053
2548,0.00909115422685,-0.000918421060854,0.017451991492
2549,0.00527775542151,0.00571058019652,0.0306649927462
2550,0.00672724780417,0.00242665125358,0.0208333052176
2551,0.00386944004458,0.00330510825727,0.0332289535574
2552,0.00820806592526,-0.00100231293691,0.0176777764501
2553,0.00908384003171,0.00373334922715,0.0250513220019
2554,0.0026879571833,0.000626012228465,0.0124299130676
2555,0.000371655899488,0.00851881869252,0.0465379978812
2556,0.0163110016772,-0.0043182633642,0.0129443197838
2557,-0.0027715253894,0.00598680560001,0.0267547621294
2558,0.0115947391418,0.000309290651656,0.0374013373284
2559,0.00528751781563,0.00217940614974,0.0296979159131
2560,0.00522264320346,0.00785071394118,0.0423719329514
2561,0.0112307051071,0.00226375555987,0.0294148377934
2562,0.00798378899747,0.00658726571975,0.0415076150434
2563,-0.00108345257096,0.00932967845126,0.0310070990844
2564,0.0120330635894,0.00207402822992,0.0261393031603
2565,0.00388649084584,0.0033103945053,0.0257583304569
2566,0.00465977142532,0.000965435968582,0.0224163499495
2567,0.00237226469703,0.00630827234018,0.0221981088764
2568,0.0112306678872,0.00331771788403,0.0356410567843
2569,0.00575708571612,0.0106821408325,0.0462635927216
2570,0.00658824932609,0.00225023823683,0.0341416761836
2571,0.00756482400952,0.00662304735095,0.0357113770913
2572,0.00936524405258,0.00010276530838,0.0191658831058
2573,0.00904242616948,0.000739078183112,0.0307374322903
2574,0.0108540228133,0.000257861079242,0.021169270216
2575,0.00213581679738,0.00524379044706,0.0482725873045
2576,0.0012209379683,0.0054023086735,0.0316915347921
2577,0.00822101740174,-0.00355720594861,0.0215006562436
2578,0.00481749154635,0.00252542773086,0.0272801910001
2579,0.0152367776338,-0.00148135280716,0.0246453580169
2580,0.0030971928267,0.00336829431943,0.0306961143403
2581,-0.00199740193882,0.00310371383915,0.0206533732021
2582,0.000684632896885,0.0146930959402,0.0601868569798
2583,0.00954482761518,0.00825039176351,0.0449561143619
2584,0.0077516906865,0.00150878109451,0.0157611090049
2585,0.0102974733201,0.000550518675772,0.0231930339798
2586,0.00820963911453,0.00114170582321,0.0268644833033
2587,0.00552529600988,0.00453165749433,0.03706242167
2588,0.00993683760824,0.00598430719756,0.0317405632356
2589,0.000987500010748,0.00475821269731,0.033745151811
2590,0.00333100680769,0.00522860290888,0.0292829173752
2591,-0.0040642860838,0.0135814455382,0.0470519716313
2592,0.00584720115886,0.00831943136256,0.0422628237575
2593,0.00610263390127,0.00355153619729,0.031682236637
2594,0.00561800149216,-0.00141124596528,0.0237095978362
2595,0.0090098959704,0.00120876523232,0.0323324723701
2596,0.0108659929798,0.00103285839448,0.0268735380167
2597,0.0093871091178,-0.00469925727887,0.0148151848491
2598,0.0095251999209,-0.0028268954272,0.0123568489043
2599,0.0105875909368,-0.0030629434241,0.0165774827674
2600,0.00294144792726,0.00321443191156,0.018389783487
2601,0.00241971994543,0.00584877726136,0.0317426502495
2602,0.00806236442048,-0.00251636022306,0.0229799311177
2603,-0.00249305904585,0.0109208031897,0.0458285779391
2604,-0.00701202514908,0.0142197535887,0.0581650711636
2605,0.012082213298,0.00223368372935,0.0271001607869
2606,0.00132764193737,0.00851565791594,0.0385083570405
2607,0.00445653927783,0.0067892172639,0.0258586997759
2608,0.00676156190444,-0.000464578063443,0.0180976587283
2609,0.00626986854635,0.00373726881896,0.0280441697191
2610,-0.000476819707004,0.00856259350905,0.0354210963888
2611,0.0104369874391,0.001280201236,0.0211158811029
2612,0.000284659561542,0.00841191498898,0.0408512109054
2613,-0.000466307291529,0.0074047789793,0.0367527183124
2614,-0.00165665319014,0.00793728777634,0.0401313119676
2615,-0.00224449148912,0.00442490264151,0.0244597417448
2616,0.0106701153562,-0.00364273208539,0.0211271031006
2617,0.00871755695183,0.00166435088156,0.0267165733156
2618,0.00300433228332,0.00401444470587,0.0277545022869
2619,0.0128744540426,-0.00401447437409,0.0130361513554
2620,0.00363416848334,0.00459871860807,0.0311537960488
2621,0.0084202718533,-0.000298435082194,0.0268538211752
2622,0.000307918323666,0.0116094538077,0.0514029647192
2623,-0.00084504220694,0.0124153488501,0.046652015158
2624,0.00663224953983,0.00199553664324,0.0172782687058
2625,0.00544895363781,0.00268860027412,0.0263777570787
2626,0.0041259915646,0.00554708427331,0.039378165012
2627,-0.00193776556508,0.00814278081876,0.0297175619394
2628,0.00297384904899,0.00807152456932,0.0336862551323
2629,0.00619519495526,0.00591041739982,0.0283320449982
2630,0.0150392717953,-0.00290719056201,0.016953818875
2631,0.0108492145054,0.00113475361805,0.017727214803
2632,0.00688103565155,0.00287139773033,0.0252542455826
2633,0.0111582174041,-0.00110585919534,0.0129996634993
2634,0.0122242142404,0.00173520030492,0.0261706456165
2635,0.00537631336616,0.0039854322816,0.0260917960023
2636,0.00545031280887,0.00568154244562,0.0343380857956
2637,0.00539704301682,0.00221042386181,0.0290877776416
2638,0.00647023978974,0.00469731636616,0.0325299844147
2639,0.0056545066047,0.00245156794593,0.0330700171497
2640,0.00139547236926,0.0107430532769,0.0483027463309
2641,0.00354978002866,0.00362473667006,0.0288531624321
2642,0.00115149338464,0.00272243847018,0.0144257939538
2643,0.00918219053161,0.00566550711805,0.0285307016815
2644,-0.00181805285283,0.0156957432711,0.0483893365074
2645,-0.00236756542699,0.00911616898558,0.0378976807378
2646,0.00813552595349,-0.000655971083593,0.0178244222319
2647,0.00378411932416,0.00688108843999,0.0435836636363
2648,0.0067538758846,0.00238607179598,0.0275445194493
2649,0.00352574025581,0.00180413779566,0.021711372712
2650,0.00292894609654,0.0090846871626,0.0381615882435
2651,0.0040920672068,0.00455649030933,0.0330323980156
2652,0.00734158916106,0.000274454812831,0.0261242605518
2653,0.00769933086768,0.0036730085632,0.0244763424817
2654,0.0146339409264,-0.00295717005773,0.0209341864087
2655,0.00337208473307,0.000675008567657,0.0216990891054
2656,-0.000484937977488,0.00915075005307,0.0396074051742
2657,0.00994710743635,0.00691246061587,0.0378949561606
2658,0.00907190951418,0.00383753079077,0.0302868076123
2659,0.00353934363848,0.00854543407894,0.037252977218
2660,0.0109913967399,-0.00430921444766,0.015918623783
2661,0.00472852922242,0.00340305139098,0.0329482492327
2662,-0.0014725831072,0.0118447534301,0.0468446654273
2663,0.00195865878777,0.00729660130581,0.0305783616998
2664,0.0144232464433,0.00107158226043,0.0275340651057
2665,0.0105772160504,0.00973937005808,0.0373982075599
2666,0.00812619163346,0.00407975054672,0.0291432781966
2667,4.4588313476e-05,0.00756250901998,0.0352513410059
2668,-0.000452171844434,0.00919201444338,0.0353846712711
2669,0.0078208090349,0.00286010755695,0.0399690718914
2670,0.0165523733084,-0.00456696230946,0.00441303763912
2671,-0.000821240766872,0.00703656528273,0.0238474403527
2672,-0.00230031819568,0.00787923604772,0.0419372325623
2673,0.00326629019515,0.00443533002962,0.025795762922
2674,0.00763310623552,-0.00370698348075,0.0213352876202
2675,0.00816773714821,0.00563050519158,0.0341531595341
2676,0.011975503599,-0.00130721392554,0.0326349834507
2677,0.00669772814282,0.00319588096057,0.0283049831923
2678,0.00417805999462,0.00288666346655,0.0295654747516
2679,0.00883746182433,0.00372504151002,0.0216871940305
2680,0.00598813626612,0.00562942494416,0.0428242593337
2681,-0.000810135380044,0.00973722006703,0.0431172908153
2682,-0.00132397619527,0.00903179549664,0.0318885476599
2683,0.00982251848556,-0.00107731811289,0.0183410133736
2684,0.0019330316186,0.00735706153813,0.0315062526759
2685,0.00851672877028,0.000250295017626,0.0232672972043
2686,0.0107620965657,-0.00262190942018,0.0179322101989
2687,-0.00225231146331,0.00673046949592,0.0317942674117
2688,0.00953901144712,0.00610243216791,0.0274061027297
2689,0.000790873054761,0.0108342057551,0.0290738073433
2690,-0.00747503771239,0.0106187097138,0.039436644356
2691,0.00410562105314,-0.0015215443589,0.0130512508172
2692,0.0148161037903,-0.00320125272679,0.0175090379029
2693,0.0102485421242,0.00234347700516,0.0266870149353
2694,0.00478318699748,0.00585137148332,0.0399830477705
2695,-0.00105632153727,0.00802007215618,0.0357725508878
2696,0.00533157851035,0.00238161849932,0.0171409523402
2697,0.00432230601911,0.00485817255223,0.0279442761902
2698,0.00952363437387,0.00478078326285,0.0249031687221
2699,0.0124548732401,0.00179427003213,0.0294835036446
2700,-0.00122267646233,0.00566413286877,0.0335198422069
2701,-0.00031116596211,0.0108715166339,0.0346626094655
2702,-0.00336977250888,0.00695001483296,0.0363114486361
2703,0.0074316338038,0.00550284539016,0.0314379576794
2704,0.0119228410257,-0.0058209507383,0.0140540227363
2705,0.00513837894562,0.00632837091284,0.0321683782175
2706,0.000422036240849,0.00539136696532,0.0366551758376
2707,0.00489554865318,0.00945650710218,0.0413049263969
2708,0.00532794882321,0.00177279658451,0.0213419161301
2709,0.00933454330048,0.0120685077656,0.0494813267268
2710,0.00405172145741,0.00754354688278,0.0283873652125
2711,-0.00564161059818,0.0142234394733,0.0447160316156
2712,0.0092355170395,-0.00485462610216,0.010688989049
2713,0.00174953052362,-0.000864995135258,0.0204704165331
2714,0.0169286512915,0.00139312609448,0.0272469925119
2715,0.000117027449187,0.0054620825058,0.0351769783025
2716,0.00855773945963,0.00300580638787,0.036060326402
2717,0.00353226809979,0.00593742512579,0.0393039177283
2718,0.00581276449613,0.00504300997848,0.0386442117406
2719,0.00906840560806,0.00375445040856,0.0363891988977
2720,-0.00410496717762,0.00951451594986,0.046140658364
2721,0.0054131839707,0.00311349910936,0.0276740495352
2722,0.00899352229475,-0.00213195140739,0.0158632902
2723,0.00554410587967,0.00808164017712,0.0350298292352
2724,-0.00810392759085,0.0130899865743,0.0449871866945
2725,0.0100486252349,0.00113815053752,0.0271724008834
2726,-0.000483285743696,0.0062007956647,0.0285554608999
2727,0.00843534871377,0.00101757785238,0.0253464062966
2728,0.00182934284982,0.00222650214009,0.0304947534726
2729,-0.00539372651132,0.00695835064753,0.0353030967967
2730,0.00586240258319,0.00680036192071,0.0338919715953
2731,0.00772226612742,0.00324045178624,0.0313989167399
2732,0.00812582425801,0.000177803419357,0.0236735163881
2733,0.00640915783381,0.000664873401695,0.0184199174025
2734,0.00399355299826,0.0104472901971,0.0388948523798
2735,0.00602798875269,0.00156111699987,0.0294748756214
2736,0.00141975639913,0.00882650497823,0.029968949107
2737,0.00151797087422,0.00260898546809,0.0198411817244
2738,0.0017827665035,0.0122667874334,0.0452694064098
2739,0.00599326574958,0.00978158745791,0.0462764637511
2740,-8.86371847586e-07,0.00511708229505,0.0260399068691
2741,0.00507788185181,0.00203438786168,0.0186848527389
2742,0.0103172678091,0.00673915432368,0.0334033795956
2743,0.0112806484905,-0.000897555805561,0.018338456385
2744,0.00441586583015,-0.000725495313433,0.0155025649001
2745,0.00101632428405,0.0104489817158,0.038396991964
2746,0.000623940128948,0.00896831790399,0.0384031153394
2747,0.0106675579977,0.00441741232836,0.0355289816855
2748,0.003411641107,0.00362404533708,0.0271524337454
2749,0.012543464196,0.00181939726424,0.0292231175645
2750,0.0084242185663,0.000768187354674,0.0208642204296
2751,0.00955375222467,0.00373740818934,0.0362275830703
2752,0.00539250121177,0.00197032056088,0.0192794181578
2753,0.000954540514729,0.00709807260663,0.0300559989194
2754,0.0103599366631,0.000530199340995,0.0226478366536
2755,0.00826778640327,-0.000461638038692,0.0242082786178
2756,0.00926557291195,0.0018215534667,0.0301399162314
2757,0.0121717603539,0.00269281104899,0.0282203900456
2758,0.00384528617619,0.00398141648123,0.0230495938578
2759,0.0121798297572,-0.0020470993123,0.0124793769963
2760,0.00662995061301,0.0057373576144,0.0220846680193
2761,0.00542642069218,0.000970976595231,0.0245750311409
2762,0.0131837752153,0.00428605328984,0.03373259082
2763,0.00859052581945,-0.00197339547736,0.0183373395778
2764,0.0114098976396,-0.00240652097155,0.0298766462892
2765,0.0016144321185,0.00404436238504,0.0336849113293
2766,-0.00529203532148,0.00829125292741,0.0289425423665
2767,0.00421536417262,0.00201739760894,0.0314738088144
2768,-0.000669016587294,0.00990783482857,0.0415660777806
2769,0.00887493431831,0.00535892867984,0.0333963334966
2770,0.0094690171033,-0.000106500977352,0.0213063873
2771,0.00937940845658,-0.00454793748188,0.0108761996253
2772,-0.00188303053248,0.00833695262266,0.0358259069949
2773,-0.00285980817597,0.00756279462401,0.0371017859096
2774,0.012186494272,-0.00189387892956,0.0299659005037
2775,0.0111789177105,-0.000793712387979,0.0234455119154
2776,0.00562038091517,0.00653225375389,0.0333453616689
2777,-0.000333625490387,0.00320188796533,0.0237735422153
2778,0.00981817349642,0.011130354253,0.046433331103
2779,0.00727557199959,0.00875626240685,0.0461862447602
2780,0.0124348642896,0.00214248201281,0.028371733015
2781,0.00218162288207,0.00699115295022,0.0321483282921
2782,0.00517263051799,0.00609347739623,0.0328269990669
2783,0.0112484013774,0.00160303647789,0.0291934094394
2784,0.00917896413721,0.00423569494541,0.0302791909422
2785,-0.00610570618333,0.00695179649833,0.0297536559636
2786,0.0101928512597,-0.00549530932049,0.0114920643848
2787,0.00964996155016,0.00132443626306,0.0201227085565
2788,0.0112749926569,-0.000381949696521,0.0218779742648
2789,0.0053781493374,0.00388083898845,0.0238437009797
2790,0.00613010038477,0.00219827602997,0.0257080583699
2791,0.00705511356779,-0.000144569275838,0.0184717067239
2792,0.00707787988312,-0.00383442734249,0.0168049584182
2793,0.00115649279137,0.0051623721464,0.0331215441206
2794,0.00129271904198,0.00626177677114,0.033841385014
2795,0.00641396549537,0.00519752173565,0.0261316887396
2796,0.00523001449115,0.0018277878783,0.0186969553199
2797,-0.00311801832455,0.00721201637925,0.0352577895444
2798,0.00569562914273,0.00792349745256,0.0404325786754
2799,0.00263579442359,0.00510526102504,0.0370276393995
2800,0.00416870248274,0.00619317734994,0.0356188919801
2801,-0.00704899607848,0.0118400131391,0.0371485883038
2802,0.0058956541673,0.0110264143868,0.0487158687628
2803,-0.000162039121336,0.00853668993618,0.0399850045476
2804,0.00169724037963,0.00745301457385,0.0394276088036
2805,0.00673807946043,-0.00429036097668,0.0139663542849
2806,0.00303368542462,0.0106238369741,0.0389280349511
2807,0.00670591745807,0.00436644662013,0.0264631367964
2808,0.00403328838103,-0.000473709300152,0.0238290187628
2809,0.00126301343405,0.00433017294686,0.0317162044851
2810,0.00233223341071,0.00696270752407,0.0257988852005
2811,0.00165623877734,0.00710441340073,0.032094024393
2812,0.0160964274978,-0.0017425366279,0.0158041394308
2813,0.00383663816768,0.00308291196775,0.0325231970275
2814,0.00580233350508,0.00555102393181,0.0310104990384
2815,0.00571659292824,0.00551057952822,0.0311395984164
2816,0.00939173103104,0.00419889832858,0.0300524583783
2817,0.0158613528897,0.00217955100987,0.0262014089361
2818,0.000245844701258,0.00763435412649,0.0408326451724
2819,-0.00342630330801,0.0100076728462,0.0446240344416
2820,0.00523518292366,-0.00210112027742,0.0128536666236
2821,0.00232920859955,0.00628625319443,0.0217482372223
2822,0.00968074479716,-0.00623307674368,0.00160173257189
2823,0.00175139906645,0.0138990279872,0.0468435599812
2824,0.00576774041954,0.00588840494074,0.0387772925805
2825,0.00270324852887,0.00325908310569,0.0251989912697
2826,0.00780897037201,0.00463878567072,0.0290774883663
2827,0.00731349413419,0.000759191648141,0.0142045003622
2828,0.0012657006163,0.0045242005615,0.0324226448634
2829,0.0021320839153,0.00931654893666,0.0433022153474
2830,0.00678818954321,-0.00349845466656,0.00726845310201
2831,0.0113689337189,0.00171347728267,0.0352936997309
2832,0.00550343630358,0.00934808583805,0.0441772342122
2833,0.0178699841712,-0.001617084104,0.02563703806
2834,0.000314422375577,0.00254665857969,0.0314299549374
2835,0.00438791979524,0.00206102903508,0.0357295385693
2836,1.58792886713e-05,0.00579721984762,0.0370457680396
2837,0.00174353065695,0.00946825714509,0.0301504159487
2838,0.00378843316411,0.00513633070792,0.0299705729329
2839,0.0114630936015,-0.00457361127814,0.00732651067804
2840,0.00509950558343,0.00104260819343,0.0173986854229
2841,0.00237504380832,0.00371918640823,0.0215872866999
2842,0.00954480500318,0.00213450862986,0.027954315523
2843,0.0148142344053,-0.000145040082304,0.0286503318874
2844,0.00855983018756,0.00963539935032,0.040078067239
2845,0.00531068250236,0.00531256728776,0.0392390356526
2846,0.00534377185958,0.00589110222686,0.0325907331878
2847,0.00340313754682,0.00252593207979,0.0338479784623
2848,0.00104871545659,0.0113122977945,0.0421702311835
2849,0.00892038092337,0.0118272741551,0.0459232755743
2850,0.0121352661911,0.00558210658938,0.0289563026789
2851,0.000860649159157,0.000274467026031,0.0190324800992
2852,0.000608053283808,0.000865062282108,0.023102540881
2853,-0.00444868369205,0.0120002954155,0.040234160315
2854,-6.51218456639e-05,0.00663558957401,0.0362229056378
2855,0.0105984197675,-0.00289873151596,0.0164202958039
2856,0.00621496487615,0.00377088704973,0.030811906909
2857,0.0108631364197,0.00210751577309,0.0327659199575
2858,0.00347686849947,0.00453470564667,0.0340573256684
2859,0.013687216811,-0.00328872606318,0.0275255244459
2860,0.00344282974926,0.0049613065203,0.0308387136039
2861,0.000471854773634,0.00751502074581,0.0375833625951
2862,0.00934300192247,0.00136435197887,0.0357286118648
2863,-0.00121935133836,0.0103504305056,0.0297222213634
2864,0.000154007980897,0.00554917777934,0.0320835437507
2865,0.0132869756768,0.00267616080322,0.0294313039813
2866,0.00130397274384,0.00247617123664,0.0277026987947
2867,0.0108353703695,0.00825938352968,0.0388329865523
2868,0.00429890108395,0.0138475602114,0.055455226825
2869,0.00478166663279,0.00571616415693,0.0396694297702
2870,0.0040195252789,0.00747381953066,0.0368799501836
2871,0.0109512252001,-0.00374491044266,0.0146760135471
2872,0.0172843678327,-0.00270686247746,0.0261572321874
2873,0.0172224104283,-0.0055337488894,0.0208077229168
2874,0.00610347365238,0.00823561227754,0.0311455752831
2875,-0.000541362822009,0.00248655101488,0.0289882492708
2876,0.0103697347095,-0.000576854149613,0.0194867921269
2877,0.0135294427096,0.00225793076972,0.0218685939113
2878,0.0114555590559,-0.000883210700347,0.027951935881
2879,0.00165423685228,0.00578472104946,0.0409285658627
2880,0.00324459402682,0.0109197128662,0.0376052644637
2881,0.00639076354231,0.00122053360633,0.0288509031263
2882,0.00455696483906,0.0069393002471,0.0350395937504
2883,0.00685304783318,0.00185998915665,0.02109995494
2884,0.00163446171754,0.00280255452546,0.0225401739428
2885,0.00624570309082,0.00542155736532,0.024570634991
2886,0.00789781394336,0.00391958735244,0.0283106605924
2887,0.0132385919523,0.000534183551726,0.0325260958115
2888,0.0069312288791,-0.00134729182989,0.0165383031091
2889,0.00397878664213,0.00028514489264,0.0120895412545
2890,0.0109120189441,0.00138900757114,0.0364689638973
2891,0.000211677581787,0.00358529141146,0.0251848663746
2892,0.0136018323561,0.00285807602409,0.0193832548967
2893,0.00105003579511,0.00814263092569,0.0354396206591
2894,0.00936394444165,0.00136187199682,0.0293589131212
2895,0.00965737064788,0.00305798858471,0.0277070045916
2896,0.00950418711969,0.0061527628981,0.0346873031039
2897,0.00914121442701,0.00371167574594,0.029630180589
2898,0.00886270083817,4.74440812798e-05,0.0184360851418
2899,0.00255257562942,0.0102364246229,0.040600880868
2900,0.0101392652637,-0.00159623007516,0.0211117502319
2901,-0.00329996433731,0.00757470435494,0.0296798001844
2902,0.00589391779679,0.00429672900898,0.0228550103016
2903,0.00909258743838,0.00343967945438,0.0263633092007
2904,0.00266100026746,0.0032872454154,0.0257750357749
2905,0.00822480464184,-0.000642675818122,0.0281605255224
2906,0.00885272188054,0.00103709208192,0.0214696908153
2907,0.000349244834096,0.00633741705344,0.0356734917188
2908,0.0122924044565,-0.00238272898591,0.0159738951581
2909,0.00520264165602,0.00337666956367,0.0258697113022
2910,0.00465714899628,0.00688763489984,0.0478329897817
2911,0.00987870767208,-0.00154675010222,0.0142295144952
2912,0.0019887416143,0.00959574468307,0.0368456651064
2913,0.00777776745887,0.00131614541759,0.0243271599954
2914,-0.0012653514013,0.00744694600893,0.0316980477103
2915,0.00712982002475,0.00221481680825,0.0275408256489
2916,-0.00365300887134,0.00471314375005,0.0354464995332
2917,0.00633474256209,0.00370229243093,0.0307671961336
2918,0.00437071663237,0.00812651712085,0.0363421556225
2919,0.00357657149616,0.00692613385378,0.0346794573628
2920,0.00489655363862,-0.00376766986823,0.00127066683992
2921,0.00278395978969,0.00369372802044,0.0233582959304
2922,-0.00295194308652,0.0077260929704,0.0360548239412
2923,0.000468591167559,0.0101068529574,0.0503365949992
2924,0.00682979355342,0.00586416980161,0.0286571857721
2925,0.00801274548069,0.00886593205779,0.0389762661453
2926,0.0119982260612,-0.00145038161052,0.0205491083176
2927,0.00132466660398,0.00602809973051,0.0313928859226
2928,0.00801033880449,0.0024433770863,0.0324566819761
2929,0.00165522916746,0.0128254593727,0.0467916018093
2930,0.000703060843277,0.00484138123778,0.0336368598189
2931,0.0159195011404,-0.00896525207402,-0.00622909118382
2932,0.00968930288709,-0.00264420459573,0.024511759416
2933,-0.00141825230699,0.00849277680429,0.0386370322929
2934,0.00127824516815,0.0108171447148,0.0421401977684
2935,0.00703021947235,0.0040788310437,0.0259336693378
2936,0.000580684741438,0.00533587311528,0.0220623760278
2937,0.00445592312124,0.00186852580125,0.0213364474056
2938,0.00958910170927,0.00488207909691,0.031523087983
2939,0.000500908441175,0.00679279688218,0.0345897691198
2940,0.000511093137165,0.00639611883327,0.0358429628452
2941,0.00684138863991,-6.38428497074e-05,0.0283535913648
2942,0.00411405297063,0.00758731577228,0.0275761423357
2943,0.0047595253651,0.0108202290931,0.0475775855828
2944,0.00308839200652,0.00396123634098,0.0300299053069
2945,0.00714194928612,0.00260996548942,0.0264754049268
2946,-0.0026344622252,0.0123722186937,0.0452410881639
2947,0.0145366542792,-0.00148299321982,0.016622911708
2948,0.0122542123667,-0.00228315147222,0.0154736728154
2949,0.00426022635251,0.00655672933387,0.0387781742
2950,-0.00110592275278,0.00935976982801,0.0318523877977
2951,0.00251598745134,0.00291556357086,0.0332777571878
2952,0.0104081017647,-0.00219170788959,0.0147307951493
2953,0.00376252587808,0.00638888730617,0.0430598938268
2954,0.00171521563177,0.00960430637158,0.048023469843
2955,0.00643845205369,0.0117203197328,0.0506124690986
2956,0.00717379472305,-0.0015749787905,0.0157786759515
2957,0.00793740110654,0.00220296763006,0.0226879902081
2958,0.00983957670564,-0.000503272869098,0.0263486100733
2959,0.00946430380957,0.00617822944243,0.0327666165765
2960,0.00509317528267,-0.00323932296181,0.0195342601262
2961,-0.00217724140918,0.0110900192697,0.0392258145913
2962,0.0104914344101,0.000128153318734,0.0188398644707
2963,0.00963593454828,0.00504772925501,0.0308934403638
2964,0.00777593085056,-0.000537303542683,0.0211425574743
2965,0.000688694222912,0.0068958673633,0.0410703783774
2966,0.00568897069942,0.00409914413156,0.0354180510369
2967,0.00419437636298,0.00291674861607,0.0407236444826
2968,0.00540873776433,0.00416362057152,0.0258745614812
2969,0.00314146064043,0.0128030146036,0.0491870461238
2970,0.00157383348453,0.00285169546692,0.0354415516656
2971,0.00790349441231,0.00347397280462,0.0304552224277
2972,0.00511946216605,0.00257775075238,0.0323605944304
2973,0.00167259295991,0.00453138963948,0.0257239805094
2974,-0.00114481798292,0.00174395741247,0.0197133358081
2975,0.00681181574124,0.00318257351226,0.0225079273352
2976,0.00785010031206,-0.0028110166939,0.0185348955437
2977,0.00388674698793,0.00267272817482,0.0338239523766
2978,0.00422439430076,0.00200432746435,0.0279010900723
2979,0.00642984284911,-0.00535480041145,0.00842807468998
2980,0.00470157113165,0.00538143756108,0.0328529680532
2981,0.00235275881391,0.00413771697844,0.024161714202
2982,0.00790316358049,0.00168176002208,0.0370697919209
2983,0.00178331471378,0.0135045421372,0.0541884163049
2984,-0.00160673862549,0.00442011608569,0.027702258616
2985,0.00392271994993,0.00748110149237,0.0381579861962
2986,0.00993417500301,-0.000919007053325,0.0176425303533
2987,0.00108149267891,0.00332899843688,0.0266771610664
2988,0.00695125863462,0.00419692238177,0.0319693340427
2989,0.00828295858207,0.000690197679768,0.0176626457502
2990,0.00144379293743,0.0025175136575,0.0247490574862
2991,0.0105887440755,0.000712068745689,0.0252870787126
2992,0.00112111783286,0.00887582292314,0.0455566878401
2993,0.00641469413473,0.0128840970668,0.0521396216122
2994,0.000875000501645,0.00321912053689,0.0271396697203
2995,0.0043337982898,0.00262182732657,0.0172114027759
2996,0.00316095330808,0.000642123009968,0.0193674673588
2997,0.0062500809769,0.00542195379328,0.0291765581373
2998,0.00427286269386,0.0100541429042,0.0322953987584
2999,0.00490745897818,0.000984323205914,0.0201672244391
3000,0.011948769252,-0.00475443387797,0.0118805592691
3001,0.00582806631359,0.004928474777,0.0282080099222
3002,0.00281275127926,0.00346948874411,0.0301153785445
3003,0.000502486777077,0.00567653873723,0.0306283842323
3004,0.00661082215713,0.00664404126444,0.035862942812
3005,0.00629952644129,0.00234369285689,0.0335923932178
3006,0.00707811142805,-0.000878497384201,0.0136221188403
3007,-0.00289248901055,0.0221873213777,0.0667471548677
3008,0.00191075541452,0.0120686580621,0.0418705758006
3009,0.00778555541758,0.005829768455,0.0310350275356
3010,0.0121754437063,-0.00229899392985,0.0170337675209
3011,0.00531230207114,0.0039351459516,0.0423347399075
3012,0.00332627393261,0.0055820092042,0.0372407125161
3013,0.0047833720259,0.00545408987834,0.0288596327855
3014,0.00593047667463,0.00229842295297,0.0324972793315
3015,0.0147348939495,-0.000223511682448,0.0218322253903
3016,0.00661317519206,0.00494067679939,0.026752485092
3017,0.00901005384991,0.00245883805741,0.0280741424191
3018,0.00488310963918,0.0052388290247,0.0315078496479
3019,0.00253554635806,0.00742928062906,0.0313743020783
3020,0.00706245975273,0.00425635552215,0.0388374228863
3021,0.00930538984477,0.00412931076823,0.0331099466668
3022,0.0111924206577,0.00281984295639,0.025562770452
3023,-0.00392423919128,0.0112477326966,0.0493815366047
3024,0.00923068126717,0.00310196948988,0.0229637989685
3025,0.00621015847002,-0.000866249839838,0.0149558040217
3026,0.00609188385251,0.00174683659599,0.0255989679635
3027,0.0173865207187,-0.00432892906802,0.011981164629
3028,0.00286778111155,-0.00124102213812,0.0179033821276
3029,0.000665368926301,0.0134014815842,0.0491462349556
3030,0.00842445154635,-0.000446833310086,0.0129140034905
3031,0.00456227159643,0.0028413767919,0.0263641808132
3032,0.00457140257638,0.00413651398409,0.029897646063
3033,-0.00094763899011,0.00842801345664,0.0334807695082
3034,0.00965718944433,-0.00319180661572,0.0228149833885
3035,-0.00639885581702,0.0118600285239,0.0377937214005
3036,0.0040351026123,0.00731853372559,0.0360968088359
3037,0.00754120588925,0.00166486438174,0.0355403473134
3038,0.0121868268323,-0.000298618664112,0.0179565347917
3039,0.00532941157955,0.00431871081974,0.033211911467
3040,0.0138503361824,-0.00305881519287,0.020729851895
3041,0.0144637016223,-0.000142817977314,0.0256162893944
3042,0.0131255508052,0.00142072110923,0.0343914770287
3043,0.00185333322345,0.00573690720299,0.0286758537591
3044,0.00288113607185,0.0040242714465,0.0295001254452
3045,0.00132504957572,0.00745867726238,0.0267435187789
3046,0.00935105260533,-0.00225624428554,0.0199782067736
3047,0.0121014003045,-0.0063046658841,0.0159101227616
3048,0.00693833322505,0.00279713296332,0.0236466544289
3049,0.0050921459552,0.00850360149158,0.0429938379975
3050,0.0104776589093,-0.000265750135124,0.0245114898067
3051,0.00531427500174,0.00177296561426,0.0258109936169
3052,0.00686238278532,0.00496583211215,0.0413927636752
3053,0.00177060398629,0.0140365593713,0.0418255121547
3054,0.00938096095229,0.00263983236982,0.0219510124892
3055,0.00164079665728,0.0084947438658,0.0460356461143
3056,0.0162538587438,-0.00188753644338,0.0189007170109
3057,0.00280862598728,0.00341370844298,0.0214454250018
3058,0.00960870113819,0.00153093047174,0.0339263343068
3059,0.0069860394398,0.00326855938923,0.0316200423321
3060,0.00996575432633,0.00132008422107,0.0222229897103
3061,0.00161743538217,0.0078576191847,0.0395481115747
3062,0.00323907586228,0.0109142779251,0.0390041004645
3063,0.00801684867158,0.00591926169962,0.0352495561377
3064,0.00257534428375,0.00526925614727,0.0341985123961
3065,0.00502939852612,0.00795279768053,0.0508398549516
3066,-0.00388924572003,0.0146084101357,0.0551006170176
3067,0.0127497573303,-0.00358374752511,0.0110173553198
3068,0.00720400683595,0.00484400920757,0.0417428557426
3069,0.00940854351301,0.00134100955153,0.0177599092533
3070,0.0140248963955,-0.0021764471721,0.0117191559958
3071,0.00737188466902,0.00446763338106,0.0246941573417
3072,0.000987454927198,0.010249526023,0.0388548450077
3073,0.00599232152469,0.0074054153303,0.0354396875342
3074,0.00455936872019,-0.000660876087758,0.0180817693524
3075,0.0106612832612,-0.000537603997043,0.0243529468376
3076,0.0109413003776,-0.000830072621152,0.0189887952171
3077,0.00777937509867,0.00170691095932,0.023805429799
3078,0.00456722497802,0.00810840952433,0.0321323042839
3079,0.000465545814165,0.00252705802569,0.0268697786649
3080,0.00975003750491,0.0029160882058,0.0287964145678
3081,0.0109308027935,-0.00378339608293,0.0090771149633
3082,0.00538281832159,0.00773113003331,0.0360371785524
3083,0.0098668436311,0.0044951716445,0.0335489826311
3084,0.00721404514993,0.00479784023048,0.0359284070401
3085,0.0104391031761,-0.00175987427535,0.0205506641971
3086,0.00567064167507,0.000729009106473,0.0209032686531
3087,-0.01026216232,0.016008928571,0.0506551080622
3088,0.00361898512406,0.0116720041758,0.0431616888934
3089,0.00544702759881,-0.00139724878282,0.00956185595521
3090,-0.00330890783684,0.00620134225784,0.0355948283058
3091,0.00683637588178,0.00821691251088,0.0349840973774
3092,0.00212535344679,0.00616201861539,0.0318023670955
3093,0.00984778132323,0.00275421360369,0.0234611197663
3094,0.00847886012281,0.00125838123532,0.0320149595674
3095,0.00173672499139,-0.000734268966127,0.0239421526948
3096,0.00723425031258,0.0119613871592,0.047154280727
3097,0.00769202701719,0.00743017214815,0.0361577766862
3098,0.00870299773769,0.00497804973399,0.0349287127046
3099,0.00535504914897,0.00487903834937,0.0304934257377
3100,0.0135712612642,-0.000477765997988,0.0279676307914
3101,0.00772683945617,0.00434858672977,0.0294556301942
3102,-0.000226052056391,0.0112639356014,0.0285436993299
3103,0.00469427615039,0.00761398684723,0.0381649473319
3104,-0.00148855727271,0.00403889286623,0.0226119403576
3105,0.00570407660342,0.000135284122229,0.0163659447902
3106,-0.00145855591156,0.00830358515532,0.04293202742
3107,0.00330509265836,0.0114716620876,0.0538416318689
3108,0.00450292235934,-0.00115829152291,0.022768568178
3109,0.00494664222287,0.006800533929,0.0359077514725
3110,0.00339696368893,0.00696522262109,0.0374485396435
3111,0.00206957986559,0.00681933007048,0.033244616432
3112,0.0156673362933,-0.000335215706587,0.0190872581498
3113,0.01328327194,-0.00570199563069,0.00595070310428
3114,0.00347834371591,0.00675440207482,0.0376736595553
3115,0.00864963045926,0.000928809980732,0.0161130136698
3116,-0.000799542936586,0.0104633189794,0.044673984526
3117,0.00207970272384,0.00303316666931,0.0231198934051
3118,0.0066870494453,0.00173557185985,0.0212698765706
3119,0.00486406253167,0.00617370778594,0.0419166181216
3120,0.0144100182539,-0.00209657828725,0.0131896969724
3121,0.00747600517454,-0.000493921862799,0.0235859398893
3122,0.00501952108151,0.00417742679859,0.0245545224456
3123,0.000741956912601,0.0116663592153,0.0422248837426
3124,-0.00349616241349,0.00415281109178,0.0321945483303
3125,0.000546770054686,0.00513248924278,0.0375395034744
3126,0.00182447907782,0.00189558785117,0.0204111889492
3127,0.00729914828414,0.00221079842052,0.0323373726315
3128,0.00720660751782,0.00350053823597,0.0280442003666
3129,0.00285343811983,0.00967995315489,0.0453810237875
3130,-0.00041010371883,0.00925948461924,0.0390781717349
3131,0.00805957751701,0.0103693438332,0.0491253817136
3132,-0.000564599662361,0.00746863081532,0.0250119397689
3133,0.00211694405573,0.0120228825616,0.0444228280666
3134,0.012546276398,0.00292449451191,0.0263623601423
3135,0.0025279480149,0.00151154952998,0.0241493697252
3136,0.00342239198589,0.0124686922181,0.0469340009793
3137,0.00244337876219,0.00620494437534,0.037199955325
3138,0.00388988551407,0.00737761636585,0.0366235091786
3139,8.50204867996e-05,0.00564388246624,0.0283460583816
3140,0.00599444866169,0.00570486922772,0.0291268117633
3141,0.0087726961381,0.0061950815876,0.0337292960014
3142,0.00511053028696,0.00666346030065,0.0304195034504
3143,0.00746117335931,0.00481598854433,0.030686794742
3144,0.00394311686537,0.00347988213973,0.0319301897719
3145,0.0061750742536,0.00510775419802,0.0291211590733
3146,0.0134481013712,-0.00810415740443,0.0182988429383
3147,0.00531550317352,0.00258244437978,0.0291260541637
3148,0.0180571784516,-0.00603949544619,0.00972120696588
3149,0.0120490016569,-0.00123614472457,0.0225984740741
3150,0.00539268368224,0.00460967567784,0.0335398466023
3151,0.0061303421768,0.00154964875622,0.0311210667465
3152,0.0033339508949,0.00897717895655,0.043249106801
3153,-0.00375347670512,0.00560638537053,0.0407834811755
3154,0.00787477661641,0.00560102784068,0.0241885645457
3155,0.0112743020545,-0.000400803101549,0.0228993063361
3156,-0.00585560777209,0.0123422740277,0.0430796568464
3157,0.0034209611137,-0.00149696681562,0.0132875559487
3158,0.00185365071099,0.00868146428005,0.038076719991
3159,0.0100317584775,0.00137733323703,0.0270907023047
3160,0.00282310298848,0.00595330133747,0.0295928994142
3161,0.000404606781403,0.00580409341574,0.0317138041481
3162,0.0095003320397,0.00202616239921,0.0275306041389
3163,0.002591764718,0.00526155753335,0.0298909014147
3164,0.00871259248911,-0.00190663284985,0.0152682722032
3165,0.0124891776437,-0.00320334733989,0.0166284285749
3166,0.00689742287467,0.00176624354642,0.0254369175209
3167,0.00253772165361,0.0105635025873,0.049439973148
3168,0.00600119199246,0.00281962529335,0.0271285809326
3169,0.00414799239955,0.00497844319489,0.0359662220029
3170,-0.00179296930527,0.0161012022797,0.0409754390612
3171,0.0114708589292,0.00687436358484,0.0440023339437
3172,-0.000776557026897,0.00723939685872,0.0445632843627
3173,0.00572210599352,0.00355590987364,0.0194435293996
3174,0.00463874477559,0.000414215080615,0.0224371743111
3175,0.00588588612973,-0.00355937644087,0.0232758327221
3176,0.00391373177325,0.00929539326633,0.0371905333435
3177,0.00599714327047,-0.00159800438453,0.017748800639
3178,0.00314886274413,0.0107939087507,0.0441194035661
3179,0.00641727713529,0.00988712233515,0.0466976541352
3180,-0.00358713639846,0.00918966340453,0.0311724207059
3181,0.0152250451893,0.00191737475225,0.0233759223405
3182,0.0113215815988,0.000794886756006,0.0238133430766
3183,0.00570389658488,0.00394215150353,0.0362331153509
3184,0.00241325406713,0.00709514371971,0.0362510673143
3185,0.00398004544432,0.00336591629519,0.0293715816783
3186,0.00602948376347,-0.00205110488288,0.0187066691849
3187,0.00679610803381,0.00169658470243,0.0309258213386
3188,0.00400672748102,0.00561792077837,0.033742304172
3189,0.00683007314907,0.00419977105565,0.0324443884438
3190,0.00756962847688,0.00194359259726,0.0262978176267
3191,0.00167144010637,0.00427339771769,0.0247524043879
3192,0.00289392473544,0.0102001758613,0.0397529805785
3193,0.00784903129683,0.00644350727167,0.0372367794088
3194,0.010927743198,0.00321438735456,0.0399502915585
3195,0.00420863833179,0.00441418812064,0.022571692909
3196,0.0127198210207,0.0010487796429,0.0239899348716
3197,0.00799426401746,-0.0003740663064,0.0250153902363
3198,0.00556457749155,0.0038482700326,0.024082090924
3199,0.00792544862421,-0.00394739901207,0.0185332017871
3200,-0.00104232528926,0.0143978144793,0.0455641432231
3201,0.0138666804254,0.000104401377592,0.0266466146447
3202,-0.00393932917935,0.00830059904521,0.0320495834049
3203,-0.000879580197228,0.0120892221485,0.042880729185
3204,0.00986697850099,0.00111626488682,0.0190107137034
3205,0.0121143597799,-0.00267431867987,0.0186380459761
3206,0.00806966134463,-0.000559791224721,0.0267427060265
3207,0.00850672079351,0.000155706594225,0.0160826409334
3208,0.00438287157785,0.00659045026266,0.0378042791559
3209,0.0128342447581,0.00266042540345,0.0280839816976
3210,0.00308770913374,0.00319879713666,0.0185265861053
3211,0.00470003027199,0.00553813577805,0.0379656613185
3212,0.00474359506237,0.00256835711343,0.0222843122859
3213,0.010964648158,-0.00178290472789,0.0211452182191
3214,0.011613580976,-0.0032545572333,0.0128089901265
3215,0.00236299328668,0.00767412249309,0.0386996924673
3216,0.00231008467923,0.00345226209223,0.0292030248658
3217,0.00394027744968,0.0094682865419,0.0351571189489
3218,0.00688316469598,0.00381820442565,0.0271321044152
3219,0.0109815243079,-0.00139988751207,0.0252865928405
3220,0.00291183678518,0.00850719406954,0.0344788859157
3221,0.00854148244877,0.00300401852702,0.0320672196493
3222,0.00834341089163,0.00431692277844,0.0328496170805
3223,0.00398187469991,0.000211386251411,0.022311408993
3224,0.00953703341407,-0.00123716206168,0.0234155730732
3225,-0.00399698174358,0.0122051390593,0.0387276055394
3226,0.000347125280567,0.00576050745809,0.0201174203546
3227,0.000730124368467,0.0119346628125,0.0420626766848
3228,0.00578648974846,-0.000279972151449,0.0262798350699
3229,0.00548934265524,0.00076800502292,0.0225808889684
3230,0.00704802957332,0.00117385908283,0.0283849371803
3231,0.00391697325683,0.00190019702942,0.0290687942324
3232,0.0145224823756,0.00118365650343,0.024583478574
3233,0.000614295752456,0.00872790829703,0.039726055099
3234,0.00117872514128,0.00303782984965,0.0231510309451
3235,0.00579226747274,0.0108885706311,0.0459405853565
3236,0.00457882072613,0.000988727091107,0.0194031298221
3237,0.00309177342924,0.00652648038912,0.0343256190251
3238,-0.00583691741519,0.0125898337212,0.0479360484397
3239,0.00165706757889,0.00809338658487,0.0371925837316
3240,0.010377642073,-0.00180909925645,0.0180843594293
3241,-0.00179092595971,0.0168054801063,0.0633242356926
3242,0.00166893286315,0.00549554175918,0.0216427928367
3243,0.00551366965357,0.00426204078292,0.0422942739925
3244,0.00628891566288,0.00933515512026,0.0417056561096
3245,-0.00270936381604,0.00473253357821,0.0203805960768
3246,0.0118982071784,-0.0080540034429,0.0128692893389
3247,0.0134769919415,0.0059087668307,0.0333737375161
3248,0.00861611410547,0.00619074982016,0.0363846262447
3249,0.0180368395238,-0.00448859263862,0.00320046996818
3250,0.00731803824162,0.000671653098356,0.0188106793986
3251,0.0123745778976,0.000237870016284,0.0174556952247
3252,0.0164715294786,-0.000398535735674,0.031707757368
3253,0.0128414633799,0.00697868591246,0.0381708651094
3254,0.00173909336773,0.00467971716695,0.0397603551408
3255,-0.000671087933782,0.0041554622341,0.0267431404756
3256,0.00298769317268,0.00509137928211,0.0251426305462
3257,0.0158969547685,0.000329965531377,0.0209100562204
3258,-0.0029281960044,0.00777968426275,0.0379644298717
3259,0.00303312999219,0.0081714867991,0.036984306965
3260,0.00354874349101,0.00299383798474,0.0253963491976
3261,0.00524661876661,0.0016960338622,0.0181550638854
3262,0.000649130374519,0.0141352900575,0.0424314115593
3263,0.000195837744622,0.0107419195688,0.0475172727726
3264,0.00755281356821,0.00651432047766,0.0369680812795
3265,0.00450174291691,0.0103208627426,0.0392786979602
3266,-0.00148528452471,0.00628243716515,0.036668143522
3267,0.00696354129772,0.000515723565689,0.0196083396688
3268,0.0198479704529,-0.00565154817983,0.0117731896833
3269,0.00433534677128,0.00324180025937,0.031460109733
3270,0.0155103283575,-0.00943570392062,0.00364340341244
3271,0.00676469364103,0.00963963837527,0.0390914923566
3272,0.00921117497757,0.00272047459296,0.0296538019542
3273,0.000978109541816,0.00122438418282,0.02836826579
3274,0.00493034394255,0.000978975420325,0.0342178067736
3275,0.00947080916297,0.00707559524323,0.0234037433848
3276,-0.00171700759005,0.00178933019303,0.0242393051716
3277,0.00673075686668,0.00536980053929,0.0348549834541
3278,0.000300019967151,0.0113041537788,0.0406046056953
3279,0.00576300760033,0.00549171655543,0.0327053246382
3280,0.00611733446982,0.00679731249992,0.0450177270238
3281,0.00990547989783,0.000768323956606,0.0204019473468
3282,0.00614901932782,-0.00299826504874,0.0100634465644
3283,0.0020104456005,0.00644992097054,0.0257396213034
3284,0.00388377662836,-0.00342864855217,0.0212006232315
3285,0.00651905037789,0.00091252215918,0.0225639826035
3286,0.00200819483018,0.00209183798393,0.0153072575239
3287,0.00591586997332,0.00770763707593,0.0445161902569
3288,-8.95961917248e-05,0.00424647376179,0.0259740059491
3289,0.00148220775089,0.00472787615173,0.038217983853
3290,0.0122364233244,0.00118301097295,0.0232880092681
3291,0.00505746888637,0.00756096487593,0.0302577737796
3292,0.00197519392791,0.006919564558,0.024727235936
3293,0.000960689890665,0.00918977068883,0.044281854776
3294,0.00973004336494,0.00162754659354,0.0147559302738
3295,0.0144687477344,-0.00666046261712,0.00768656435209
3296,0.0094646565663,0.00887611569431,0.0578013596549
3297,0.000559713038116,0.00602439403639,0.0384463888621
3298,0.00427806630391,0.0107351916154,0.0453473277963
3299,0.00589143457792,0.00843568836147,0.0401736465072
3300,0.000149444908831,0.0030798672476,0.0276322426524
3301,0.000631080465973,0.00927664378253,0.0342310654601
3302,0.00972044992928,0.00480841176718,0.0344036328703
3303,0.0034739901294,0.0055390780657,0.0259501598588
3304,0.0117830144088,-9.21171011233e-05,0.0250679199658
3305,0.000386302538331,0.00614325833991,0.0357852010163
3306,-0.000753787904911,0.00400393756346,0.0308246642094
3307,-0.00543921450422,0.0083463501376,0.0313270938872
3308,-0.00267951356816,0.00771656000614,0.037479578952
3309,0.00347417367076,-0.00212776085346,0.0174240478303
3310,0.00682531584606,0.00753081458404,0.0370069924683
3311,0.00736028595853,0.0101748707091,0.0390146348969
3312,0.00470869593933,0.00755679900272,0.0354391250296
3313,0.00069969517803,0.00813959467297,0.0283178598175
3314,0.0024803726246,-0.00148768690357,0.015121113202
3315,0.0127605605904,0.000318403414376,0.0255856581357
3316,0.00505779456512,0.00423520373589,0.0292903440241
3317,-0.000190376837077,0.00491644732638,0.0264562132713
3318,0.00954675769116,0.000707497205685,0.0228382656428
3319,0.0132096187332,0.000426394911627,0.0140431139628
3320,-0.000421288200915,0.0107181026532,0.0486904885784
3321,0.0161260553172,0.00452961117646,0.034716572599
3322,0.0136702918976,0.00353685694144,0.0286616957701
3323,0.0114462674418,0.00232516613564,0.020715718528
3324,0.00460355595626,0.00636513526205,0.0282435958394
3325,0.0128940439801,0.0018931092209,0.0189859830063
3326,0.00684643584834,0.00495151776101,0.0362186538561
3327,0.00649169567594,0.00635155486343,0.0304627896494
3328,0.00718265525934,0.0031300574657,0.0231496384553
3329,0.0116502674584,0.00227023382913,0.026555976736
3330,0.00852990185118,0.00134327757719,0.0317353234668
3331,0.0102543875316,0.00268002346116,0.028944412471
3332,0.0147051294403,-0.00240550754696,0.016568139197
3333,0.000201503321132,0.00566439546971,0.0252015846467
3334,0.00991558719419,-0.00132931341473,0.0152313075174
3335,-0.000834813416105,0.0124817536604,0.0455986975315
3336,-0.00406898019952,0.00874721461235,0.0399096384252
3337,0.000924203905205,0.00837583277713,0.0274844097413
3338,0.00801823760327,0.00601164600224,0.0380820851123
3339,0.00992559522647,0.00153016635932,0.0190016178189
3340,0.00264685873935,0.00854162221634,0.0337924042803
3341,0.00201960908529,0.00491831330018,0.0257574327219
3342,0.00888145888103,0.00744622622961,0.0432996722043
3343,0.00335487884791,0.00739632869791,0.0297647122778
3344,0.00011391627546,0.00718109707697,0.0405137175747
3345,0.00609897647934,-0.00100572259222,0.0140235308535
3346,0.00769020977032,0.000160394218979,0.0221610533564
3347,0.00943774245718,0.00216170574209,0.0197576854126
3348,0.00660035832272,0.0101593564805,0.0477334290106
3349,0.00631362593558,-0.00143897930603,0.0152525164683
3350,0.00978467671386,0.00147546881012,0.0348533263606
3351,0.00636070356409,0.00431345296187,0.025066876341
3352,0.00529017892307,0.00671000769951,0.0350829919905
3353,0.00951165915079,0.00102585457126,0.0251215289647
3354,0.015314642687,-0.00478737822496,0.0141044427505
3355,0.00666484547318,-0.00206094901417,0.0195233072848
3356,0.00847092031476,0.000710382733753,0.0209171250704
3357,0.00499043102281,0.00306063524663,0.0270395448113
3358,0.00738321367713,0.00289167244429,0.0261212457342
3359,0.00192839901146,0.0058057385035,0.0330140983595
3360,0.00313052954728,0.0046636859227,0.0321339085313
3361,0.00276192439604,0.00644057656465,0.0359554785686
3362,0.0115759637783,-0.00125648977177,0.0311181240704
3363,0.00517118790995,0.0111024727927,0.0515411832311
3364,-0.00212252441144,0.0121611552095,0.0377888359496
3365,0.016522832523,0.00226571235952,0.0274624036169
3366,0.00930023226892,0.00121230447449,0.0209054265238
3367,-0.000762797518207,0.00764223021781,0.0274196457633
3368,0.00719311922559,0.000613968470236,0.0179830508473
3369,0.00684790872556,-0.00180222350858,0.0165080433649
3370,-0.00194774116145,0.0119336060903,0.0363751207283
3371,0.00572584152993,0.00626771678305,0.0285926877737
3372,-0.000407770350173,0.0146708300903,0.0590453445664
3373,0.00354720153255,0.00894492261244,0.0367439706458
3374,0.00506068010908,-0.000149242140828,0.0203915466506
3375,0.00902207412122,-0.00188576969707,0.0155372294916
3376,0.00290666154903,0.006083876036,0.0400780737002
3377,0.0155781830592,-0.00889906836568,0.0140970738875
3378,0.00881357143306,0.00353537513347,0.0212161184205
3379,0.0106091914414,-0.00387281845953,0.0109537202705
3380,0.00724081463313,0.00702334328509,0.0321372441884
3381,0.009610328695,0.000919083004464,0.0217734921834
3382,-0.00273267850831,0.010244416957,0.0393885570702
3383,0.00980513217181,0.00219837412633,0.0318459327104
3384,0.0145563046782,0.00172679499229,0.0165793018843
3385,0.00623781652684,0.00999414722973,0.0399764765472
3386,0.0171733613836,-0.000276260606902,0.0338230828544
3387,0.00489100823278,0.0037810033502,0.0324940694344
3388,0.00501472492632,0.00390411462668,0.0234515322545
3389,0.0161450394948,-0.00327031679838,0.0143744263417
3390,0.0115370815361,-0.00173794007874,0.0225489566139
3391,0.00153435767526,0.00822789510303,0.0449771914425
3392,0.000508356248057,0.0114573350086,0.0391513566788
3393,0.00602329654591,0.00127824686315,0.0231156928367
3394,-0.000718671149616,0.0106104201681,0.0365390216154
3395,0.00749372183976,0.0025978698718,0.0310580458421
3396,-0.000852910710812,0.00984620277885,0.0362706336503
3397,-0.00021022109615,0.0121173357743,0.0345965546997
3398,0.00237172924105,0.00280287356687,0.015703951711
3399,0.00676850094828,0.00367030629157,0.030394601938
3400,0.00389747839537,0.00153993962217,0.0190607744139
3401,0.00870891829784,0.00268520887866,0.0237533123913
3402,-0.00012898176056,0.0176960713261,0.0681367126242
3403,0.00562279066854,0.00884151862389,0.0441920045282
3404,0.00404823332909,0.00582898489982,0.0264947967776
3405,0.00175666367334,0.00346878287313,0.0307871115724
3406,0.00390173851862,0.00374472107681,0.0362394462621
3407,0.0019990932654,0.00380896055442,0.0290155010251
3408,0.0103835563291,0.000502963392445,0.024461686067
3409,0.00280626084294,0.00853704554017,0.0397347690288
3410,0.00463477143454,0.00886844746158,0.0479254152496
3411,0.0106319836759,0.00347993165405,0.0325051220852
3412,0.00688320284996,0.00362595377868,0.0379770228927
3413,0.0124007402732,0.00172528982243,0.0287555417026
3414,-0.00273619027369,0.0128979080248,0.0537962563093
3415,0.00176498142996,0.0112030207353,0.0476098868736
3416,0.0171872854913,-0.0088876026126,0.00692291673804
3417,0.00412150897549,-9.54881091376e-05,0.0177439604862
3418,0.0118494579829,-0.00339061674856,0.0131320109851
3419,0.0103064311353,0.00162070018081,0.0231243439083
3420,0.00731296758085,0.000355670764214,0.027727782188
3421,0.00252298518414,0.00474076263691,0.0308490325901
3422,0.00945983422112,-0.0030431724267,0.017877596208
3423,-0.00269626040366,0.00800075332545,0.0394912420637
3424,0.0134736364837,-0.00123048879134,0.0248079774269
3425,0.0151840867608,0.00333110649865,0.0304800897623
3426,0.0131840232663,0.006724748156,0.0341615458377
3427,0.00220774737044,0.0135641359249,0.0507134363466
3428,0.00316783459994,0.0106030432771,0.0460194588333
3429,0.0064240672066,0.000859982941934,0.0235566655645
3430,0.0117917307649,-0.00448812971472,0.00209070782287
3431,0.00363034332125,0.00611474939577,0.0386759801173
3432,0.00115240256721,0.00702865300607,0.0351499410944
3433,0.00292213020502,0.00392646009805,0.0358426923143
3434,-0.00378136811799,0.00785858944086,0.0361482247593
3435,0.00889596503843,-0.0036600482538,0.0207475767668
3436,0.00866486684204,0.00466593038407,0.0416870304733
3437,0.00761492062479,0.00268336285965,0.0234851241438
3438,0.0114541118337,-0.00562835967464,0.00397078345136
3439,0.00381966869108,0.00895874901123,0.0365787430582
3440,-0.00172158852353,0.00927200360806,0.0289346280062
3441,0.00746189558675,0.00300340945032,0.0214688406483
3442,0.00773532270698,-0.00492083424697,0.0140188218749
3443,0.0022494777444,0.00523497666908,0.031458543446
3444,0.00790898750812,-0.00291206726038,0.0158106694337
3445,0.00244394798628,0.00419624378088,0.0208837433279
3446,0.0108953024861,-0.00115614739722,0.0168008247279
3447,0.000570490938038,0.00607542971409,0.0330878750623
3448,0.0079367535796,-0.000330555780172,0.0231042193839
3449,-0.00194150874036,0.00965522692159,0.0334068907611
3450,0.0107685845902,0.00402203272491,0.0307340054498
3451,0.00593895487524,0.00766976179986,0.0352292481945
3452,-0.0017060753336,0.00615278758338,0.0334403311609
3453,0.00831751211416,-0.00026801541863,0.0180776365219
3454,0.0120200468879,-0.000820387967453,0.0291640193257
3455,0.00600868134838,0.00664671062612,0.0344601858959
3456,0.0124489699341,0.0015388604676,0.0198957864623
3457,0.00521958772773,0.011270137525,0.0472261957567
3458,0.0104867172773,-0.00307358217338,0.0202366040333
3459,-0.00469822402185,0.0137037105111,0.0481887726659
3460,0.000904676490778,0.00588085565124,0.0237896743054
3461,-0.00190391244655,0.0104328838332,0.0480961238947
3462,0.00969106224141,0.0021376956704,0.0236052759479
3463,0.00158710898559,0.005134484235,0.0229316019374
3464,0.00921983474052,0.00669879708283,0.0276044033626
3465,-0.000358559940072,0.003216303424,0.0334292226048
3466,0.00525899435416,0.00556354055321,0.0231314108636
3467,0.00346288457992,0.00194563598355,0.0160155651033
3468,0.0094188329074,0.00655899652392,0.0387326778522
3469,-0.000477128619381,0.00861507455179,0.0374027904023
3470,0.00527422992525,0.00271470217721,0.0228253318734
3471,0.00620419335086,0.00197300256418,0.0303375176028
3472,1.02083272877e-05,0.00664024806154,0.0362395170052
3473,0.012949645655,0.00611918441844,0.0460159521523
3474,0.00939716726356,5.61548667553e-05,0.0322541497088
3475,0.00365870960355,-0.000319884328945,0.0220678660412
3476,-0.00295736584954,0.0131339822659,0.0478194089051
3477,0.00975705337454,-0.00428453527792,0.018041382058
3478,0.00324764676063,0.0138943712972,0.0342095447802
3479,0.0023394665577,0.00368762814116,0.0289933070229
3480,0.00185321992928,0.00689449299975,0.0263897216722
3481,-0.00283423492282,0.00712918511128,0.0367224063325
3482,0.00453164356442,0.0040958553848,0.031978119407
3483,0.00513359655545,0.0116491249783,0.0471491980938
3484,-0.00740837262792,0.010863233792,0.0366413576012
3485,0.00947155946794,-0.00578678680008,0.0146715357701
3486,-0.0014011491648,0.0142411645827,0.0438037872625
3487,0.00693951327801,-0.000317959239673,0.0228709842006
3488,0.00385711355454,0.00109859392331,0.0291334556609
3489,0.00717508684103,-0.000744091430912,0.0185412517495
3490,0.00660725844114,0.00738740428196,0.0315452006858
3491,0.00713295308966,0.00389372707395,0.0244896669559
3492,-0.00148685312028,0.00938741767219,0.0476286621171
3493,0.0145082733244,0.000459307275181,0.0177086551122
3494,0.00665221226145,0.00798721992329,0.0313524801175
3495,0.00788312681461,-0.00131557241156,0.0214487612746
3496,0.0132338184028,0.000181235445101,0.0293630278575
3497,0.0027618490055,0.000306928608124,0.0250038156445
3498,0.00448957450496,0.00712516139047,0.0310089358509
3499,0.0047265111714,0.00819754196223,0.0454789644312
3500,0.00354970446385,-0.000649572753924,0.0272270963337
3501,0.00110949911402,0.000913341131619,0.0238220340834
3502,0.00774461438752,0.000679850170069,0.0251714739191
3503,0.00625333877005,0.00510302961047,0.0360232252105
3504,0.0125386818026,0.00345837998371,0.0272933625771
3505,0.00593033939459,0.00947371999942,0.0355086517687
3506,0.00644578687665,0.00223152114625,0.0244009122328
3507,0.00738395119041,0.00120094546841,0.018906010513
3508,0.00364436278381,0.0034498722727,0.0380299306348
3509,0.00341289177436,0.00493727795643,0.0206344331015
3510,0.00641040488196,0.00856215356309,0.0404116231371
3511,0.00745222890033,-0.0016939001342,0.0209668902285
3512,0.00527930103745,0.00353173462228,0.0256411413476
3513,0.00316230406862,0.00250930007831,0.0211931174745
3514,0.00471018898478,0.0105267341196,0.0370691143021
3515,0.00457810993248,0.00306212457637,0.0246364673695
3516,0.00742649817182,-0.00198539869946,0.0110602617783
3517,-0.00467536121052,0.0112009817892,0.0334461927094
3518,0.0153836382226,-0.00466576415546,0.00825340552771
3519,0.00237436436514,0.00427707427269,0.030113285157
3520,0.0080954798784,0.00994679118501,0.0388095965273
3521,0.00383152053471,0.00250099863664,0.0194523313162
3522,0.0109270283044,-0.00266387647522,0.0162284904017
3523,0.0125100917492,0.00711234238218,0.0400068519297
3524,0.00930212481452,0.00527326021076,0.0235808901601
3525,0.00114130614124,0.00840331602458,0.035787908788
3526,0.00705965759186,-0.00351294681167,0.00728456069175
3527,0.00434745039743,0.00600012002949,0.0366991914522
3528,-0.00426098147363,0.00802521694191,0.0278405412883
3529,0.00423405964076,0.00420192653283,0.0380792594459
3530,0.00927381002156,0.00170360419479,0.0212216519361
3531,0.00872571845487,0.000213879946926,0.0232843313751
3532,0.00520185037653,0.00142549685447,0.0227689658261
3533,0.0112255790948,0.00565346012046,0.0331063322762
3534,0.000714459064216,0.0119616923491,0.0487200698936
3535,0.00969232989021,0.00113534880544,0.0276235965272
3536,-0.00147683634741,0.00428005505094,0.0313370439637
3537,0.00865497926426,0.00327948840414,0.0416306447878
3538,0.0119699589528,-0.00113843207294,0.0230457822049
3539,0.00422609237889,0.00576957930116,0.037663579548
3540,0.00168366464679,0.0051565794648,0.0285440785211
3541,0.000385206206652,0.0040811050992,0.0312711600377
3542,0.00434634930949,0.0056349484269,0.0273946348818
3543,0.00374929733966,0.0053008313493,0.034778936458
3544,0.00693781106616,0.00584868627552,0.039928747161
3545,0.00695793079913,-0.000153004210598,0.0204832420541
3546,0.0123623458188,-0.000609440870808,0.0242066170838
3547,0.00624326820892,0.00443296604082,0.031455123479
3548,0.00928793119144,-0.000272121223533,0.0181142476181
3549,0.0108534327434,0.00317041353033,0.0298117239901
3550,0.000191491347011,0.0103241854503,0.0465133604704
3551,0.00907569101389,-0.00301376582958,0.0144064831396
3552,0.00293963843755,0.00429306860757,0.0371778270202
3553,0.0021360144955,0.00528253038494,0.0262523947992
3554,0.00598644100646,0.00432895090094,0.0304494044273
3555,0.0102640071585,-0.000506044100375,0.0250204584538
3556,0.01191350144,-0.00952429341725,0.00213332537482
3557,0.00931644976289,-0.00137166664508,0.0107797454432
3558,0.00996433259382,0.00363543498997,0.0290635039058
3559,0.0118527145398,0.00102516349821,0.0289168239924
3560,0.0107909342966,-0.000453553240223,0.0243139165602
3561,0.00212731754684,0.00596180868722,0.0320745632954
3562,0.00436377494523,0.0170135978239,0.0455685095915
3563,0.0123152579315,-0.00173430663583,0.0140205912312
3564,0.0125708307292,-0.00561928986546,0.0101065639009
3565,0.00778069727137,0.000847085152063,0.0240240790405
3566,0.00642125003088,0.00534705598631,0.0248947560229
3567,0.000444403577985,0.0123282724282,0.0442512123419
3568,0.0135437222652,0.00163828590696,0.0218979834137
3569,0.0064861867246,-2.27155141862e-05,0.0235910261597
3570,0.0112829490471,0.00860886452303,0.0378775462881
3571,0.00870820994409,0.00404452264007,0.036899452598
3572,0.0089368556292,0.00210028470399,0.0237961107215
3573,0.00353535699603,-0.000184933158847,0.0314816446526
3574,-0.000544816505309,0.0135130688126,0.0516580872021
3575,0.0101096337142,0.00209752888425,0.0216963287288
3576,0.00617709258579,0.0109941401735,0.0474467509081
3577,0.00281169658412,0.00138506770147,0.0227673107682
3578,0.00837944736296,-0.0025664138396,0.00759817031333
3579,0.00705646676297,-0.000357949934429,0.017140365077
3580,0.00962967560376,0.000862223587843,0.0213123012615
3581,0.00435078528639,0.00611713750495,0.0251317859313
3582,0.00244027018487,0.014351493518,0.0513306510337
3583,0.0138144779013,-6.3082542906e-05,0.0189554399449
3584,0.00631883247503,0.000461908381149,0.0246913876091
3585,0.0043329360375,0.00570920725803,0.0231489115087
3586,0.00658245362274,-0.00232296713389,0.0152282174636
3587,-0.00463747714242,0.0162548406926,0.0574028356869
3588,0.00070510635406,0.00957255212768,0.0420127137765
3589,0.00948827855717,0.000222797867803,0.0262540887599
3590,0.0119607437222,0.00612384341111,0.0354022494092
3591,0.00563393268491,0.00059336485545,0.0271871297676
3592,0.00245643205447,0.00564178944463,0.0374572608845
3593,0.0134583692726,-0.00923839200873,0.000529502925878
3594,0.00393621754825,0.00415843599995,0.0304793607991
3595,0.00970488292034,0.00724046429543,0.0403279347649
3596,0.0120912460852,-0.0022882584668,0.0180657240399
3597,0.00926176333183,-0.00135073691251,0.0187553428484
3598,-0.000630910747082,0.00725586210966,0.0291856273553
3599,0.00269795118817,0.00590683274058,0.0396971762099
3600,0.00499717468831,0.00110965400975,0.0189600441283
3601,0.0122186544043,-0.00116977692994,0.0224506915331
3602,0.00402248247414,0.00818671220534,0.027182836409
3603,0.0101235053815,-0.00318999646512,0.0199504698591
3604,0.00574790998053,-0.00335011899248,0.0125932687167
3605,0.00600758566407,0.00249866050008,0.0235155352896
3606,0.00865944440084,-0.00131574239597,0.0174659893656
3607,-0.00152019735147,0.00400897341548,0.0383701954068
3608,0.0029857485263,0.00776818751936,0.0444467305968
3609,-0.00361367525326,0.00971852579231,0.0397154253692
3610,-0.00599430137041,0.0112890939857,0.0401041614622
3611,0.00752860856834,0.000160743260498,0.0143031772063
3612,0.0115772437164,0.000937618879385,0.0189681946091
3613,0.00157455622644,0.00325316664058,0.0210096668518
3614,0.00926278003914,0.00500203691596,0.0280489028284
3615,0.00350775884076,0.0102019980923,0.0325826439982
3616,-0.00272710447576,0.00828944667741,0.034239462932
3617,0.0121359093112,0.0026768483451,0.0274819074713
3618,0.0105419023626,0.000465793867566,0.0204670015852
3619,-0.000770489295388,0.00966115193267,0.0395067049785
3620,0.00335453931458,0.00912310832676,0.0385343601838
3621,0.0085465942122,-0.00442348556252,0.0136293658299
3622,0.00635286304667,0.0120935919098,0.0400552167355
3623,0.0125771040508,-0.00582103993783,0.0103700029632
3624,-0.000619948283,0.00744495968647,0.041410652657
3625,0.0054258246165,0.00190735987848,0.0247226620439
3626,0.0088539568009,0.00856093374648,0.0393451637612
3627,0.0060861839153,0.00748027151047,0.0310526514411
3628,0.00907414575653,0.00562940790257,0.0347588088552
3629,0.000538718216936,0.00143724912823,0.0144126604312
3630,0.00419990920346,0.0049341120477,0.0290015585945
3631,0.00216415647402,0.00711791666098,0.0417587811558
3632,0.0042550046547,0.00162522222714,0.0190471316451
3633,0.0126984150609,-0.00242818294472,0.0192708163865
3634,0.00349715354068,0.0120020023179,0.0490409930532
3635,0.00613146354049,-0.000792491821109,0.020297542645
3636,0.00613935869387,0.000461617822684,0.0256963212972
3637,0.00765760980912,0.0120188583194,0.0420172373843
3638,-0.00313212899183,0.010553254158,0.0362265760086
3639,0.00543142220382,0.0037338678679,0.0266885408605
3640,0.00719428319811,0.00245789079166,0.0203521981347
3641,-0.00108514007732,0.00809038682034,0.0315117296561
3642,-0.012145653979,0.0194566877136,0.0501852946179
3643,0.0075385193261,-0.00118935893233,0.0223174654635
3644,0.00716705285442,0.00207935166867,0.021029601754
3645,0.0091591846363,0.0041344121877,0.0261861377807
3646,-0.00319488657323,-0.00179282662855,0.00700657122703
3647,0.0039723221295,0.007423407107,0.0262024487585
3648,0.00240761202574,0.00549289213293,0.0293150559736
3649,0.0124941588337,-0.00777370336904,0.0164649980724
3650,0.00465876184945,0.00340025175842,0.0227274853498
3651,0.0103411592463,-0.00289113957111,0.0165989099563
3652,0.00665092361586,0.000657235225438,0.0209269038554
3653,0.010855314825,-0.00269323545109,0.0197668694944
3654,0.00554306870357,0.00561459549316,0.0329762124675
3655,-0.00404864599064,0.00922093306063,0.0363388671259
3656,0.00529259513166,0.00541858817437,0.0288667428752
3657,0.0089268343969,0.00325831039292,0.0299964316236
3658,-0.00206870161875,0.00654877557778,0.0219043584989
3659,0.0012178780921,0.00638164612244,0.0313272242362
3660,-0.0081554016138,0.0122120661245,0.0462047033097
3661,0.0079423160821,0.000674588576436,0.0187896805803
3662,0.00961983432174,-0.00276098716561,0.0143186266333
3663,0.00451532834974,0.0080921733803,0.0369860810038
3664,0.000492048063278,0.00843557642536,0.0357859035342
3665,0.00633912102332,0.00156797126721,0.0224294312571
3666,0.00121610307181,0.0050697835002,0.031111894032
3667,0.00697366396696,0.00427106832641,0.0371408084
3668,0.00999815513876,-0.00230888906856,0.0122123254438
3669,0.0142554066084,-0.000761299797053,0.0270082059982
3670,0.0176983400443,-0.00479590175099,0.00795418733276
3671,0.0159582367717,-0.00167766289418,0.0196633394557
3672,0.00690859477777,0.0034686680957,0.0230635433392
3673,0.00852367133917,0.00107529152952,0.0174786120561
3674,0.00340962764805,0.00815871265038,0.0379583306151
3675,0.00294929324498,0.00682011153913,0.0351392648769
3676,0.00156114293368,0.00147396666985,0.0173254127832
3677,0.0106460027361,0.000210447807973,0.0249998858856
3678,-0.000666113244094,0.00366285894212,0.0301550374869
3679,0.00166031258661,0.000804000387285,0.024080497043
3680,0.00250513226607,0.00206854837848,0.0172263210743
3681,0.0117651322738,0.00334441369311,0.0312656376428
3682,-0.0030170743692,0.00936656109599,0.0351675226156
3683,0.0068999435279,0.00233663809526,0.030140344899
3684,0.006115850665,0.00496703058647,0.033552542249
3685,0.00747710530183,0.00211571195689,0.0229912813622
3686,0.0104166306782,0.00284068174995,0.0300359528598
3687,0.00798873597905,0.0100221546644,0.0375246964609
3688,0.00964134871722,-0.000578695174999,0.0168494358743
3689,0.00950286839396,0.00228054924265,0.023819291375
3690,0.00475915630123,0.0046954221304,0.0253544928234
3691,0.00407552576421,0.00213601027381,0.0211824135515
3692,0.00879135159707,-0.000292321945981,0.0279901306813
3693,0.0122280642488,0.00329610053987,0.0263742632753
3694,-0.00314471137955,0.0115636614864,0.0408874482923
3695,-0.0060179217434,0.0160469957463,0.0430096253514
3696,0.00094163170866,0.00750997379473,0.0255763966223
3697,0.00805358982816,0.00717327021161,0.0423959036154
3698,0.00515796055178,0.00142466035423,0.0216238262519
3699,0.00723281070526,0.00485288183865,0.0226820118179
3700,0.00723589395458,0.000219230852551,0.0254801849533
3701,0.00437582498254,0.0111435080856,0.0419141828947
3702,0.0072336648923,0.00207767112981,0.0234230718943
3703,0.0113448207505,0.00562470078828,0.0391051563601
3704,0.0105819385158,0.00315655263198,0.0217279466569
3705,0.00133692493892,0.00514489304583,0.0297083784699
3706,0.00878357030212,0.00407577860433,0.0294055964388
3707,0.0165070815976,-0.00159960375002,0.0178496086483
3708,0.00988114944326,-0.00242212856239,0.0273859531609
3709,0.0141299742047,0.000393938620099,0.0191196382763
3710,-0.0020229187656,0.00234225106702,0.0221659158554
3711,0.00704810309112,0.00489203087756,0.0299490750333
3712,0.00842974053111,-0.00229761927314,0.00821517149728
3713,0.00696630483745,0.00287239151517,0.036936970112
3714,0.00403913246817,0.0105005113485,0.0438095834688
3715,0.00672276234825,0.00272320141641,0.0224670766345
3716,0.00340793506226,0.00292609862601,0.022577755705
3717,0.0053271325404,0.00385949730396,0.0333057655856
3718,0.00268120890496,0.00520206216904,0.0283896652595
3719,0.00928823281665,0.0100718178942,0.0409144696199
3720,0.00953786268667,0.00052371590401,0.0171068153564
3721,0.00718516538993,0.00501483845113,0.040564391306
3722,0.00402163987334,0.00868065561337,0.0342475700006
3723,-0.000137811399342,0.00742882844557,0.0307239126956
3724,0.00847318730431,0.00147237907842,0.0199703900018
3725,0.00644710041701,-0.0043350068375,0.00771278312261
3726,0.000631654685774,0.0070342089095,0.0372629819054
3727,0.00665663581181,0.00389309766448,0.0241796614944
3728,0.0125447644684,-0.000114663185172,0.022259351196
3729,0.0187457871076,-0.00589859328788,0.0168275576991
3730,0.00660799123318,0.00418009743776,0.0407484460047
3731,0.00296274817508,0.00568698469445,0.0246512305661
3732,0.00945217110325,-0.00220860375846,0.0189880163495
3733,0.00363464130822,0.000629388111864,0.0207987747814
3734,0.0116369172797,0.0016218015262,0.0286214483708
3735,0.000604176960141,0.00925916558405,0.0395904836793
3736,0.00387447620022,0.00346484791573,0.0166175750333
3737,0.00566390585409,0.00058415912641,0.0224216152506
3738,0.00721988030314,0.0065043200812,0.0409894003284
3739,-0.00193559905379,0.0077757193428,0.0288327908784
3740,8.13484022666e-05,0.0118239254071,0.0372837869089
3741,0.00959520920209,-0.00154700038027,0.0121796152402
3742,0.00746425294072,0.000775374336933,0.0254013704598
3743,0.0151240538919,-0.0065029299715,0.0104466150446
3744,0.00739620742564,0.00911975841331,0.0445770497823
3745,0.00878171397758,-0.00167925068266,0.0289645559677
3746,0.00133886709813,0.00758769272223,0.036602391842
3747,0.00293465451023,0.00111160211292,0.0141267321878
3748,0.00614274359485,0.00355493588634,0.0308463573441
3749,0.0119461625161,-0.0014495674488,0.0141329704948
3750,-0.00356698216244,0.0104526908189,0.0450815203199
3751,0.00751573534873,0.00982923212819,0.0411503418361
3752,-0.0035430585263,0.00678246734871,0.0429793295827
3753,0.0100246182361,-0.00251181879189,0.0243104150605
3754,0.00696419965173,0.00419149255277,0.022456192997
3755,0.00714783892849,0.00683089995956,0.0328519181929
3756,0.000664758703958,0.000342648034002,0.0294417062887
3757,0.00597126024774,0.00215798044778,0.0225086108429
3758,-0.00440242248745,0.015403354753,0.0472437087779
3759,0.00394705459187,0.00453094843927,0.0300197488507
3760,0.00824355465265,0.00223617429126,0.0264330624923
3761,0.0106518976724,0.00237781333438,0.026403849534
3762,0.00945465503811,0.00771910906842,0.0346815787486
3763,-0.00492752067955,0.0135576000814,0.041682313151
3764,0.00345521018106,-0.00241428445149,0.0143051481215
3765,0.00368048817928,0.00185505490291,0.0238419193069
3766,0.00319251131445,0.00697723280121,0.0322244911159
3767,0.011481916962,-0.00159549920626,0.0235943662783
3768,0.00580738880829,0.000432117758156,0.018650805896
3769,0.00485645431378,0.000216849036878,0.0165921470872
3770,0.0103896104318,-0.000682682850046,0.024732736779
3771,0.00367380384992,-0.00123717574839,0.0154306983482
3772,0.00701133935638,0.00584540053721,0.0373377554969
3773,0.0113652942496,-0.000909083236252,0.0225599835447
3774,0.0163240664661,0.00188880957549,0.0275894874956
3775,0.00796436142322,0.00260644677667,0.0325710718371
3776,0.00171194932011,0.00462886018298,0.0291160746003
3777,0.00480088423496,0.00743541909774,0.0369317575732
3778,0.0106092160681,-0.0029018884711,0.017921989583
3779,0.00055659587838,0.00303432021819,0.0274639796678
3780,-0.00120521219847,0.00924253382138,0.0359818554741
3781,-0.000426358444784,0.00676338043355,0.0363894580136
3782,0.0116097310578,-0.00332417428792,0.0114022622245
3783,0.00784432111014,0.00511830001382,0.0267036657952
3784,-0.000221539242913,0.00664826239029,0.0254130980103
3785,0.00121571479431,0.00603220831134,0.0389388457142
3786,0.0112173194788,0.00759291420838,0.038227798184
3787,0.003507380379,0.00197949059826,0.0280175616796
3788,0.00521276747118,0.00977913632,0.0470067645684
3789,0.00249132401005,0.00407300724771,0.0245983064276
3790,0.0020049380231,0.00516171262692,0.0317167005232
3791,0.0113582881409,0.00124958837895,0.0381192438638
3792,0.00819371259489,0.00879888049907,0.044371295446
3793,0.00916236239085,-0.000906811729861,0.0161106142127
3794,-0.00109904025082,0.00943041129072,0.034677747486
3795,0.00555559923821,0.00411176467539,0.0341740864864
3796,0.00668145900389,0.00413884445696,0.0306170076871
3797,0.00398683327028,0.00761110289981,0.0366164951271
3798,0.00498007686537,0.00893905764279,0.0383816210764
3799,0.00835520953024,-0.000556707776365,0.0199658258255
3800,0.00782231800013,0.000154399545965,0.0134667820099
3801,0.0122813893507,-0.0068182857738,0.00180138339467
3802,0.00219023379153,0.00622724732589,0.0279276341631
3803,0.00732554564278,0.0049154912075,0.0280727511135
3804,0.0065279478742,0.00740195787141,0.035838512427
3805,-0.00417011162038,0.01132132568,0.0393699973997
3806,-0.00239074578032,0.0090678850615,0.0430434897064
3807,-0.00346556032482,0.0123709584253,0.0460544750413
3808,0.00300492741514,0.0050699427499,0.0307890003565
3809,-0.000632606814521,0.00680947459284,0.0336912456778
3810,0.0108721288944,-0.00148963009999,0.0126576096079
3811,0.00293727374474,0.00764379591398,0.0284969012297
3812,0.00976392597063,0.00207512909356,0.0282849900714
3813,0.00481203567132,-0.000651708488202,0.0201914842624
3814,0.00284541663541,0.0112506643518,0.0419079731796
3815,0.00746910689611,0.00485213472543,0.0388268481879
3816,0.0114674457702,0.000425533191033,0.0249263960689
3817,-0.00271343001463,0.00495397867405,0.0380973234358
3818,0.00980952966682,-0.00509595011062,0.0159502152546
3819,0.0157683731111,0.00412865057626,0.0407433153756
3820,0.00623638214667,0.00168127704527,0.0157169601128
3821,0.00704657498678,0.00042531281771,0.0169524925331
3822,0.00597145069399,0.0077575805996,0.0297561384043
3823,-0.00253935473268,0.0163393175569,0.0528245899115
3824,0.00710510510605,-0.00249318801692,0.0179092931323
3825,0.00392117473295,0.00565034639098,0.0281885955513
3826,-0.00185149756737,0.00500394016679,0.0273430105846
3827,-0.00552836486863,0.00589137558952,0.0291259158043
3828,-7.70225586748e-05,0.00776894937399,0.0376464422599
3829,0.00647247517153,0.00105824606033,0.0176673017678
3830,0.00868666275424,0.00370574718615,0.0324870853927
3831,-0.00120818710143,0.0142235921846,0.0523595421141
3832,-0.000918162195697,0.00879630763667,0.0330480098764
3833,0.00746948656661,0.00302237743398,0.0272004223006
3834,0.0118801475697,0.0021159021517,0.0301613215259
3835,0.00348425998356,0.00909085703467,0.038862599154
3836,0.00843169898802,0.00501905237736,0.034356786295
3837,-0.00223099425683,0.0113896324492,0.0461707770324
3838,0.0161225529115,-0.00532646938159,0.0103838881027
3839,0.00515233208568,0.00248787698001,0.0325491546549
3840,0.00978031880802,0.000744075722336,0.0211340876764
3841,0.00660464730913,0.00531418363811,0.0369555516712
3842,0.0165462127247,-0.00518525026688,0.00268067344066
3843,0.00123920253516,0.0106695462563,0.0397841773219
3844,0.00745551704508,0.007488981202,0.0441550494746
3845,0.00354341383537,0.00835464026384,0.036977650935
3846,0.00612310568791,0.000318952110299,0.0150058543785
3847,0.00478791866546,-0.000616955373536,0.013418242095
3848,0.00129319427582,0.0116907739341,0.0376791518153
3849,0.00740302718314,0.00332650117272,0.0254383301187
3850,0.00396316989509,0.00266841015351,0.0275530694613
3851,0.000187234577753,0.00803016760633,0.0404068118033
3852,0.00677070585451,0.00624428198318,0.0364639222114
3853,0.00125976141126,0.00651895886149,0.0311447654362
3854,0.00274957738293,0.0084458775638,0.0343315659125
3855,0.013560387416,-0.00619347154879,0.0127652284818
3856,0.00634943992616,0.00704650195781,0.0338251231752
3857,0.00683306061062,0.00526590384833,0.0271597857055
3858,0.00528755889921,0.00601076463254,0.0305465083819
3859,0.00283446672343,0.00357891670812,0.0293237611037
3860,0.0128930572807,-0.00492151069187,0.013118269158
3861,-0.000116430914296,0.00685135712928,0.0348713245599
3862,0.0121115252827,0.00562470570645,0.0317910566949
3863,0.00265514917744,0.0061411604759,0.0235536923304
3864,-0.00699294234696,0.0101308521119,0.0348605965068
3865,0.00552725172213,0.00278140155353,0.0228548285961
3866,0.00397662765345,-0.0036045503612,0.017806958733
3867,0.00013973678788,0.0158472805276,0.0622859336134
3868,0.0011330180716,0.0074539635058,0.0325969678971
3869,0.00835921614567,-0.0055192544545,0.0168722121516
3870,0.00893187375034,0.00217703068474,0.026422251106
3871,0.00358781152157,0.00363643082346,0.0235283729849
3872,0.00196412107596,0.00657323274961,0.0267530721438
3873,0.0100446880864,-0.00417882826116,0.0109074417234
3874,0.00121498962802,0.0048832808619,0.0321270267184
3875,0.00534045468058,0.00147923250569,0.0308499216406
3876,0.00223980901399,0.000791243540756,0.022884922981
3877,0.0122528823331,0.000983981695701,0.0169097134199
3878,0.00892881023776,0.00531269733255,0.0402459148916
3879,0.0159108860614,-0.00436054301423,0.0235139593263
3880,8.81153920522e-05,0.0060310410296,0.035300408306
3881,0.0141732350776,0.00158530773729,0.0168065120703
3882,0.00116383527912,0.0114071620359,0.0448304926245
3883,-0.00365866354078,0.0163297731885,0.0447515096588
3884,0.000613352259845,0.00298787286934,0.0297181363496
3885,-0.00632382937284,0.0108736500982,0.0334612128537
3886,0.010485846343,0.00405423985976,0.0308314169886
3887,-0.000440267990032,0.0115477980133,0.0467618747161
3888,0.00711361296709,0.0028295102304,0.021867014402
3889,0.00878043258481,0.00403789719917,0.0345636200028
3890,0.00178693818588,0.00635555592226,0.0328093742605
3891,0.00785860332092,-6.43415012343e-05,0.0170391560814
3892,0.00269819841748,0.00813929841053,0.0318208410602
3893,0.000768957157175,0.00890520497633,0.0336856653229
3894,0.010291279822,-0.00120526793834,0.0204952086371
3895,0.00480259177118,-0.00337764414965,0.0224281405096
3896,0.00563048110738,0.00563249327408,0.0383803121708
3897,-0.00369155989738,0.00300475988308,0.0291750966561
3898,0.00890676736039,-0.00504285524114,0.0158354779391
3899,-0.00540608744786,0.0131853406627,0.036544887979
3900,0.01156704648,0.00273068908449,0.0299898129066
3901,0.00296881360618,0.00712820083406,0.036472593802
3902,0.00460565353829,-0.000806566213105,0.0137436666881
3903,0.00161147539985,0.00757811488241,0.0387266045802
3904,0.00732450447599,0.0039764093845,0.0261625237404
3905,0.00312869279555,0.004442510917,0.037628733859
3906,0.00755054663904,0.00255687503737,0.0200342981896
3907,-0.00460726562846,0.0102538062915,0.0459178648983
3908,0.00201204962354,0.00275659621256,0.0285358427114
3909,0.00683213433325,0.00297485751668,0.0382249456268
3910,0.00564186848657,0.00576931220776,0.0254532765978
3911,-0.00306781710855,0.00888378418792,0.0503368321261
3912,0.0132166859518,0.00178001009146,0.022977956742
3913,0.00189813320474,0.00539660722851,0.0252464210206
3914,2.43596046816e-05,0.00808307389483,0.0329925913063
3915,-0.00216486134056,0.00550642880117,0.0284473582799
3916,1.1002093524e-06,0.00625799216131,0.0297600085301
3917,0.00649264813765,-0.00016745358558,0.0247062882434
3918,-0.00202131869163,0.00659989732866,0.0337109536488
3919,0.0106953997067,0.00439898310887,0.0352237045789
3920,0.0119408574725,-0.00769130835071,0.00393975274358
3921,0.00513247815067,0.00810356293525,0.0422858315578
3922,0.00294057079438,0.00104544176312,0.0244030989803
3923,0.00521913377164,0.00286839618677,0.0263671384271
3924,0.000990303696511,0.00992083741258,0.0360702980712
3925,-0.00128481337455,0.0121132763097,0.0392153457966
3926,0.00486211556096,0.00346056974798,0.0268833271087
3927,-1.73879109543e-05,0.00746696264473,0.0369732612448
3928,0.00436013429703,0.00494927244959,0.0272470403168
3929,0.00689470727008,0.00197512826077,0.020187634545
3930,0.00660950877716,0.00991246879566,0.0447966216923
3931,-0.00280777049294,0.00737760116566,0.0285829121375
3932,0.00732695122728,0.00980836705018,0.042591526374
3933,0.00610953981252,5.13314454533e-05,0.0249685924479
3934,0.013883108817,-0.00457498308645,0.0146649006026
3935,0.00394803896206,0.000581420186747,0.0292397567742
3936,0.0125951235434,-1.65990596432e-05,0.0176374255861
3937,0.00270015830999,0.00455429493152,0.0275035936545
3938,0.00796059743501,0.00487938325489,0.0292739235476
3939,0.00423901320469,0.000758606647905,0.0234737309085
3940,0.0109913871726,0.00793279306206,0.030381732382
3941,0.00539953453086,0.00527164661652,0.0321736452695
3942,0.0125934578973,-0.0034427066493,0.0174513141993
3943,-0.0104829958624,0.014431786277,0.0387174392965
3944,0.00736601670961,0.00866801365478,0.0435114904401
3945,0.00612438827275,-0.0014600840018,0.0185140878888
3946,-0.000562170890325,0.0136403870896,0.047487343553
3947,0.00257142622591,0.00232486570965,0.0289048633389
3948,0.01025719046,0.00460643959704,0.0308854037769
3949,0.00619635092682,0.00372278197567,0.0209564185147
3950,-0.00299674626341,0.00842802860193,0.0427558584773
3951,0.0113839084491,-0.00270023080325,0.0245917374874
3952,0.00871781815671,0.00104252275444,0.0273063157374
3953,0.0114940670743,0.0077625451965,0.0360763145041
3954,-0.0022313493265,0.0109128484679,0.0443413820028
3955,0.00300256334242,0.00604006434673,0.0349459106928
3956,0.00287168397801,0.000151014590831,0.0170579681123
3957,0.000756740218138,0.0119326214502,0.0420539102788
3958,0.012938120607,0.00268883158897,0.0355767025182
3959,0.00584904847347,0.00740769175076,0.0286384596024
3960,0.00320264134397,0.00969369786178,0.0396758682175
3961,0.0072908976014,0.00349146791232,0.0191054099481
3962,-0.00571679354932,0.011774514935,0.0391210912917
3963,0.0151622599268,-0.00444427658897,0.0111419362055
3964,0.00658345858069,-0.000431990448443,0.0251101384665
3965,0.000559525695056,0.0136637713491,0.0456842199532
3966,0.00557529009143,-0.000748593326831,0.0323985412699
3967,0.00755598573446,0.00485331613684,0.0361673142947
3968,0.00119735457506,0.00548545292764,0.0223516635389
3969,-0.000365388547445,0.00609746602921,0.0303348908782
3970,0.00893465017891,0.00126055249139,0.0180479668334
3971,0.00897659829923,-0.00210023619091,0.0116762457129
3972,0.00687464419084,0.00401890571511,0.0288442769472
3973,0.00868214795064,0.00235876465926,0.0242479365637
3974,0.00688888350392,0.00629056583763,0.0344598748773
3975,0.00476665789394,0.00854354826601,0.0426162310476
3976,0.00642309791865,0.00126856380655,0.0173834393679
3977,-0.0031322876525,0.0119680146143,0.0497591362543
3978,0.00976615326418,0.000923096072373,0.0222352786411
3979,0.00773608919405,0.00602984197037,0.0372470302471
3980,0.00124923505121,0.00587837883309,0.0291925195361
3981,0.00525469746925,0.00111581309681,0.0196484420655
3982,0.00284404840227,0.0040072277377,0.0263068791123
3983,0.00779739558845,0.00445341222377,0.0304858029513
3984,-0.0101343028402,0.00959070689882,0.0327268502423
3985,0.00392829543981,0.0112475499895,0.0445496550804
3986,0.0054164828977,0.00536427156806,0.0345399727482
3987,0.00211263385566,0.00774048003063,0.0398488520497
3988,0.00531376203546,0.00369169696884,0.0317917305176
3989,0.00822955958784,-0.000911556010451,0.0169170223228
3990,0.00906980494731,0.00208304338689,0.0263437658172
3991,0.00925768691814,0.00165602349858,0.0350148132022
3992,0.00901518805503,0.0049174053947,0.0291057077856
3993,0.0030026487775,0.00168354372536,0.0318070395757
3994,-0.00199996997807,0.00334453560261,0.0175213164242
3995,0.00481835840339,0.00855523142915,0.0345124931013
3996,-0.000573725036973,0.00715155606514,0.0349239625145
3997,0.00139795101703,0.00626867977298,0.0271101941961
3998,0.00462179457586,0.00761613501533,0.0357703772696
3999,-0.00161607969275,0.0145635921753,0.0604385032646
4000,0.00471358169339,0.00774548518773,0.0358451386332
4001,0.00248586354517,0.0018954035747,0.0218976162419
4002,0.0120187563023,-0.00548908730356,0.0106903621184
4003,-4.39054682501e-05,0.00782234174011,0.0390083231566
4004,0.0104801966612,0.00299022467324,0.0312213540141
4005,0.0043106624142,0.0103970477757,0.0434793867821
4006,0.017838443802,-0.00970527571809,0.00518102748919
4007,-0.000319370374316,0.0115375260616,0.0457023201589
4008,0.00939333940178,0.00157223291819,0.0240619943109
4009,0.00980040452235,0.000593596151492,0.0242333241533
4010,0.00041349471307,0.00632580801154,0.0334232447574
4011,0.00320694247381,0.00429548851215,0.0402665494974
4012,-0.00246537263093,0.0067972146899,0.0327157370974
4013,0.0120466281394,0.00390783742787,0.0219197030215
4014,0.0105967200448,8.07887787744e-05,0.0252875736829
4015,0.00916645878974,0.00439049062134,0.0333226200326
4016,0.00935305928195,0.003408152841,0.027775006853
4017,0.00839454159397,0.00377719032503,0.0271487515223
4018,0.00832929859695,0.00575975657417,0.0446347241941
4019,0.00402071142521,0.00459544382563,0.0268264548609
4020,0.0161813464966,0.00304447794114,0.0240743619044
4021,0.0113659266807,-0.0043794886665,0.0121125282338
4022,0.00380712336064,0.00788672899462,0.0311527383725
4023,0.0123970235949,0.00641192045805,0.0359362097394
4024,0.0109836018278,0.00309358094471,0.0193327535755
4025,0.0109738323606,-0.00137957643533,0.0197099763879
4026,0.0111665356778,-0.00528122864635,0.0127361547553
4027,-0.00140419182461,0.0100833056856,0.0388885073241
4028,0.0128594761091,-0.00443563716276,0.0159521000978
4029,0.00735873825086,0.00958824382062,0.0359175224909
4030,0.0110870551149,0.00161526177605,0.0246964771267
4031,0.00606176734677,0.00733859434379,0.0335294824165
4032,0.000485876081227,0.00592346724302,0.0276981026217
4033,0.0109391231387,0.00602472763558,0.0369702795261
4034,-0.000806892570953,0.0134509796189,0.0426584450745
4035,0.00861074835675,0.00156254843503,0.0267935668886
4036,0.00558384072069,0.00593383979727,0.039456744714
4037,-0.00149298542389,0.00453301846453,0.0281787405945
4038,-0.000219886807413,0.00888260111821,0.0353277938808
4039,0.00746060302059,0.000906809536093,0.0203220529807
4040,0.00735388113555,0.00639278637682,0.034298304692
4041,0.00356017191036,0.00547476128051,0.0232937238846
4042,0.0104703738612,0.00370998970393,0.0293308959064
4043,-0.00333654662453,0.00988130857077,0.045302293434
4044,-0.00265485000105,0.0168800198755,0.0611002096492
4045,0.00539932651574,0.00346299203799,0.0300886588027
4046,0.0112365133198,0.000250409476336,0.0205923441607
4047,0.00415027736741,0.00960538689355,0.033624568178
4048,0.00517834443819,0.00957004599695,0.0296636279974
4049,0.00793301813418,-0.00239878218329,0.0122078271199
4050,0.0107867706897,0.00247722277394,0.0192647750002
4051,0.00388434885985,0.00444465935042,0.0312285398796
4052,0.00771936880973,0.0059269798583,0.0374923163547
4053,0.00787453609576,-0.000407168093998,0.0171695492997
4054,0.00924074376221,0.0055073960595,0.0449203267417
4055,0.00239697241452,0.00934236671115,0.0404827203719
4056,0.00949778695195,0.000214105088724,0.0174680772968
4057,0.00798462502425,0.00330125273016,0.0280557807884
4058,-0.00218928336333,0.0114150763156,0.0409454919705
4059,0.0150730990214,-0.00285833888103,0.0253960985793
4060,0.00460680052429,0.00455392761469,0.029763846732
4061,0.00813531949698,-0.00104365743267,0.0167845247094
4062,0.0101410961221,0.00652280429333,0.0391837212257
4063,0.0147975420602,-0.00600435223688,0.00625342854799
4064,-0.0013165704568,0.0105740857169,0.0437941210736
4065,0.00752433451767,-0.000386527745609,0.0215478232727
4066,0.00270877091973,0.00843826033027,0.034214978715
4067,0.011526923146,-0.00363711111829,0.0147101786564
4068,0.00276606639972,0.007845806306,0.0366187773402
4069,0.00877934066391,0.00267989375718,0.0284634384712
4070,0.0011134856821,0.0108757194784,0.0387936118753
4071,0.0124136060616,0.00306559934131,0.0334648833041
4072,0.00892463337366,0.00127090530062,0.0261604175548
4073,0.00667096554069,0.00129302552055,0.0255018438771
4074,-0.00143128172795,0.00637351789594,0.0374841973842
4075,0.00530325697595,0.00326509487766,0.0351143551211
4076,0.0105100396202,-0.00215915029058,0.0116186412325
4077,0.000890561069116,0.0059569625864,0.0428863313207
4078,0.0167564425401,-0.00137284814522,0.0176015399117
4079,-0.00364507123058,0.016705695071,0.0489376547515
4080,0.0104318076474,0.0051463120103,0.0316866778349
4081,0.00128267219463,0.013492131074,0.0593189293104
4082,0.00689591244418,-0.00362276094693,0.00847732091364
4083,0.0107409811488,-0.00307461211933,0.0118594962851
4084,0.00963484810376,0.00273345243266,0.0303854707266
4085,0.00597125994975,0.0130721472178,0.0452367397113
4086,0.00442939583928,0.0122796648329,0.0412931595088
4087,0.0108807496153,0.00772761206985,0.0384050784189
4088,0.0114454532148,0.00896149296769,0.0333351411248
4089,-0.000599186856194,0.00425696328979,0.021884576546
4090,0.00599997329138,0.00254494449723,0.0325560803027
4091,0.0132288676604,0.00509209229997,0.0378781214005
4092,0.00774188058754,0.00639007961114,0.0390674476024
4093,0.00903377139724,0.00201595990003,0.0264072061861
4094,0.00596253431136,-0.000340560389185,0.0178954636699
4095,-0.000820413451928,0.0126303890936,0.0432167486217
4096,0.0192363638786,0.0014765207202,0.0244646468333
4097,0.00673933423854,-0.00331056117754,0.0167867973828
4098,0.00103057442701,0.0114243787822,0.0390454726741
4099,0.00713854354786,0.00539390275715,0.0350479754068
4100,0.0131350788975,-0.00371194485605,0.0101849551504
4101,0.00158687141417,0.0116136203297,0.0413453414045
4102,0.00966288705864,0.000908130771912,0.0200954182639
4103,0.00198686581408,0.00719983036459,0.0345284072042
4104,0.0115695650446,0.00783412136833,0.0416342423367
4105,0.0155727558207,-0.00241200499364,0.0134976260475
4106,0.00296990544954,0.00328096170348,0.0264909515318
4107,0.000339200830158,0.0146029298821,0.0441106819868
4108,0.00444513252634,0.00581639156695,0.0346457432621
4109,0.00127635780164,0.00355877408892,0.0214444574087
4110,0.000480121217357,0.00850881131518,0.0409310312859
4111,0.0024272733923,0.00727292674711,0.0374633549106
4112,0.00598403024037,0.00417023117049,0.0286373816661
4113,0.00590216310415,0.00618118557609,0.0362026974978
4114,0.0068982424328,0.00407208581877,0.0345622706605
4115,0.00646631213057,0.00335994394875,0.021782027345
4116,0.00132806042179,0.00835382702197,0.033971430017
4117,0.00242318633597,0.00922786236109,0.0521509912866
4118,0.00567643694346,0.00539672365742,0.028426402748
4119,0.00184951321807,0.00616278247578,0.0266440967387
4120,0.00519169262173,0.00483870290713,0.0312584051515
4121,0.00487256599394,0.00294490600641,0.0358435380944
4122,0.00980385902994,0.00183611347904,0.031153580499
4123,0.00521823830309,0.0104130951115,0.041400543828
4124,0.00202803522151,0.00503234381109,0.0308787645343
4125,0.00566766954829,0.00857410609631,0.0365553330714
4126,0.00508030714071,-0.00147150675005,0.0145749526546
4127,0.00836706420043,0.00915597174214,0.0441264300184
4128,0.0148779147176,-0.00390172069021,0.00682287982729
4129,0.0121126405177,0.00859216933825,0.0440411665082
4130,0.00737081920426,0.00226763774391,0.033718544235
4131,-0.00139791712424,0.00407156718407,0.0286174616579
4132,0.00289449126288,0.00796643329852,0.0383904872627
4133,-0.00379244916596,0.0075674330005,0.0300271177217
4134,0.00477651481983,0.000409944626045,0.0163074024146
4135,0.00141620403941,0.00606679453813,0.030397517564
4136,0.00726231126071,0.00143266665049,0.0296418230979
4137,0.0145410223914,-0.00419029064751,0.00856232561882
4138,0.00633772177314,0.000977168723674,0.0274753608673
4139,8.81087051308e-05,0.00546708353531,0.0318827234793
4140,0.0034459245162,0.00608723138383,0.033749837122
4141,0.00438382959762,-0.00208473097535,0.0242228936301
4142,0.00269586232551,0.00608079132282,0.0303656955462
4143,-0.00220199982811,0.0110666578102,0.0355073312657
4144,0.00712987848689,0.00283422782621,0.0394779259132
4145,0.00204480926731,0.00775315381958,0.0351077067102
4146,0.00270403904978,0.00636538958381,0.038169760342
4147,0.00670559362095,0.000133303480872,0.0248920772207
4148,0.0104581958681,0.00376460756634,0.0285131447958
4149,0.0149709671366,0.00226788620728,0.0301112042595
4150,0.0136829710162,-0.00210008443622,0.0175506696901
4151,-0.00104777829669,0.0115883242308,0.0481417783387
4152,0.00508109468565,0.00721798033182,0.0389663059128
4153,0.00350797544817,0.00577918981556,0.0368339176113
4154,0.00527163699014,0.0034506535711,0.0259574851314
4155,0.00765519218012,0.00822362832197,0.0325161829069
4156,0.00316862724896,0.00239049706072,0.0237502913698
4157,0.00378836394547,0.00436620936869,0.026033947336
4158,-0.0028004080811,0.00973868000193,0.0422595972069
4159,0.0121023741164,-0.000615312288376,0.012573428312
4160,0.00509333426771,0.00361326487139,0.0252018737144
4161,0.0148209885183,4.39010885899e-05,0.0259461339323
4162,0.00810693508844,0.000865887167191,0.0337580283774
4163,0.00600862425506,0.00342021272618,0.028225846088
4164,-0.000783500864321,0.0114481561915,0.0433173703789
4165,0.00451390969983,0.00376137819338,0.0275435706388
4166,0.00401747439169,0.00329007722986,0.0290559773517
4167,0.00280690394589,0.0151691685805,0.0514271187085
4168,0.0104355835534,0.00122583469986,0.0287501544542
4169,-0.00317434207528,0.0141945016418,0.0461506338819
4170,0.00776823242398,0.000637032365775,0.0208567398857
4171,-0.00252133393217,0.00644771770645,0.0391785267599
4172,0.00262223145149,0.00432656522053,0.0333861467401
4173,0.00381661876978,0.00723474627119,0.037678814041
4174,0.00923368827283,0.00416532522084,0.0378943562102
4175,0.00887015422246,-0.00700470504682,0.00760005036461
4176,0.00281999144066,0.00303049696315,0.0348326016688
4177,0.0144101609742,-0.000383492385863,0.0196534808356
4178,0.00776477527378,0.00453062477479,0.0310577464038
4179,0.00884284951571,-0.000642923525706,0.022557290266
4180,0.00292017246455,0.00193612434136,0.016189468313
4181,0.00864538371346,0.00420788042579,0.0268992089428
4182,-0.00116090375205,0.0105718896145,0.0467006368857
4183,0.00152168402032,0.00414298885422,0.0338964239005
4184,0.0138040238267,-0.00251962936208,0.015513328394
4185,0.00285176991183,0.00610037249175,0.0355807333853
4186,0.00969425706777,0.00461521171616,0.029910261574
4187,0.0141364704652,0.000718173382238,0.029781528551
4188,0.0154972060579,0.00422006928458,0.0308130176243
4189,0.00936599856057,-0.00133941135541,0.0230422785565
4190,0.00485805038097,0.00294484606754,0.0267094885916
4191,0.00776308891552,0.00686549527745,0.0295673217108
4192,0.00146878373832,0.00874249286215,0.046826574617
4193,0.00985858374725,-0.00187190888297,0.0206332056796
4194,0.00221553989619,-0.000481619146981,0.0225394266319
4195,0.00435640205037,0.00789653812265,0.0391652367444
4196,0.00962402199212,0.00101133682974,0.0280809512898
4197,0.00702636167503,0.00277903464756,0.0238029097061
4198,0.00406800596323,0.00400384704782,0.0303331760167
4199,0.0074301113998,0.00484768282197,0.0221095083063
4200,0.00558177054222,0.00921324395958,0.0486130378555
4201,0.0100634820238,-0.00373566252663,0.0106534599837
4202,0.00645687577315,0.00325436806277,0.0341237573493
4203,0.00912242716751,0.00119477248311,0.0212358292957
4204,0.00373336802465,0.00335285130239,0.0224267107151
4205,0.00779931887323,0.000592090699614,0.0220249809974
4206,0.00229213864984,0.0044870937992,0.0180638344893
4207,0.00738786708107,0.00639615547348,0.0310566907046
4208,0.00770015975157,0.0090112951532,0.0551161356113
4209,0.00285489647687,0.00605605581258,0.0285990135839
4210,0.00164381985431,-0.00131120087359,0.0108329328924
4211,0.00933174749926,0.00125434191276,0.0294130439872
4212,0.00238001836828,0.00226689425126,0.027253250312
4213,-0.000374451318606,0.00715227611629,0.0411690470386
4214,0.0049082551079,0.00153810975042,0.0306536598004
4215,0.00805449823862,0.00545398521198,0.0206560281297
4216,0.00608827012165,0.00333027204606,0.0166049236805
4217,0.00664929917216,0.0102999592989,0.0476158777884
4218,0.0143693995116,0.00128955634397,0.0263252703532
4219,0.00954962366546,-0.000794401908667,0.0205930490746
4220,0.00450644190742,0.00199330139107,0.0215673834912
4221,0.00297352100278,0.000540889273348,0.0221850638672
4222,0.0135808010643,0.000863281035583,0.0346054334427
4223,0.0041295226446,0.0071730827409,0.0358966452152
4224,0.00183911595795,0.010068679687,0.0377418107989
4225,0.0058794141409,0.00661014997462,0.030741237756
4226,0.00166090247137,0.0079070848446,0.0341667186431
4227,0.0121815999949,0.00240842475185,0.0396710853665
4228,0.00028693306916,0.00324039343382,0.0296557157604
4229,0.00404364440012,0.0075056068942,0.0368763419768
4230,0.00818415566563,0.0126863129772,0.0450957419312
4231,0.00157773759099,0.0155915791313,0.0466661200391
4232,0.00497746172307,0.00807632728911,0.0393644943304
4233,0.0036192650629,0.000764792164912,0.0170935973429
4234,0.00742588197889,-0.000778516349504,0.0186330871487
4235,0.0107799975025,0.00266477577194,0.0306690503106
4236,-7.21026109074e-05,0.0060644240056,0.0259330910204
4237,0.00855858730497,0.00365322362001,0.0235800006225
4238,0.0080738629239,0.00503158554372,0.0330494311405
4239,0.00180909898789,0.00609196675242,0.029846265764
4240,-4.0450110117e-05,0.0104446435513,0.0420546426699
4241,0.00117559543596,0.00613111598269,0.034796392037
4242,0.00964024221804,0.00476772935527,0.0390808269319
4243,0.00224522459061,0.00855470785048,0.0395455956277
4244,0.0163450439374,-0.0103828324429,0.00360624430952
4245,0.00720808224017,0.000182816369611,0.0170257903285
4246,0.00858207045575,0.000950799890437,0.0216705663754
4247,0.00650121880284,0.00224309071266,0.0200612999732
4248,0.00926508220405,0.00322626043433,0.0292750052523
4249,0.0024952336335,0.00581818499732,0.0301988692577
4250,0.00386705023337,0.00677162704024,0.0442118399018
4251,0.00516094679502,0.00350249285019,0.0362037943917
4252,0.00788664112502,0.00223042919061,0.0225105647408
4253,0.00152780266208,0.00610642501383,0.0286674989823
4254,0.00217359340782,0.00709172211434,0.0291822730685
4255,0.0024960135943,0.00936949476102,0.0397566674227
4256,0.00647399988229,0.00011078338119,0.0258122898535
4257,0.0145297844995,0.00588941049364,0.0323165397213
4258,0.000130732464592,0.0142785016752,0.0515363394151
4259,-0.00650518737671,0.0111468486867,0.0409827781527
4260,0.00728554370578,-4.89540528519e-05,0.0224806948762
4261,0.0093102917679,-0.00123785973432,0.0202449412262
4262,0.00216514406091,0.00611580833477,0.0297207508539
4263,0.00729871454306,0.00116962643747,0.0222774056843
4264,0.00138526638567,0.0080524592737,0.0309852518308
4265,0.00694600371925,0.00417974692445,0.024063641072
4266,-0.00447117161093,0.0119623758197,0.0444342092808
4267,0.00823477257144,0.000315730314283,0.0286556253947
4268,0.0142196459317,0.00546717400713,0.0319351417472
4269,0.00178949944143,0.00907617882976,0.0363279891864
4270,0.0039595863242,0.00706143220515,0.0314083972401
4271,0.000819830527344,0.0108830024342,0.042848860149
4272,0.00334467014227,0.00215733226919,0.0221617440867
4273,-0.00141080525452,0.0119244519349,0.0395485549311
4274,0.003295800549,0.00765364008765,0.0331002435663
4275,0.00672928745703,-0.000522338951824,0.0217549347295
4276,4.00536269339e-05,0.00314756748112,0.0211606955332
4277,0.012361622561,-0.00116224781176,0.0158279736853
4278,0.0127257458797,0.00175559452149,0.0262070850386
4279,0.00833860840677,-0.0018909593697,0.0221742285571
4280,0.00493027062557,0.00585407968314,0.0393245047739
4281,0.00806646372823,0.00592963453306,0.03644747069
4282,0.00197477081653,0.00523722430925,0.0295456421638
4283,0.0143284759202,-0.000441333114352,0.0159366464169
4284,0.000670664105316,0.0117811868602,0.0460257890428
4285,0.0080070112402,0.00365354837976,0.0313149383746
4286,0.00837288671037,0.000815169278001,0.0163366547398
4287,0.0133371384133,-0.000365996106571,0.0162636041319
4288,0.00610120548322,0.00120520825472,0.0296690291501
4289,0.0173948164382,-0.0057615539854,0.0103501272
4290,0.0021197683462,0.00360357609218,0.0307977630381
4291,0.00469385333755,0.00763568545117,0.0277622579815
4292,0.015449631231,-0.00220987378519,0.0306706442357
4293,0.00977870210264,-0.00110704815349,0.015600237211
4294,0.0074009411921,0.00227394003607,0.0261213056537
4295,0.00774248064404,0.000614261994345,0.0268315095995
4296,0.00695577975206,0.00363362808495,0.0309002613794
4297,0.00974370134864,0.00418592057449,0.0267989316228
4298,0.0138989095558,0.00452838238631,0.0239145357962
4299,0.00843423961854,0.00644193996582,0.0408455945489
4300,0.0111814879786,7.59588779565e-05,0.0199050687824
4301,0.00863727040219,0.000169380576104,0.0157420245468
4302,0.00435329590571,-3.5505892667e-05,0.0337218456267
4303,0.000173175867783,0.00424816183333,0.0354696564173
4304,4.41981486854e-06,0.00828311402835,0.0394772879632
4305,0.00391354252215,0.00862978992552,0.0394278492354
4306,0.00665278013452,0.00159072227284,0.031141693058
4307,0.00363051667261,0.0053046058902,0.0446667580196
4308,0.00853363879292,-0.00156462570896,0.0174899209157
4309,0.0041270621106,0.00879792319957,0.0513275774015
4310,0.00514785164153,0.00307568343723,0.0181356526301
4311,0.0100762259234,-0.00104932052912,0.0271307094242
4312,0.00568539400951,0.00400894208459,0.0298227247044
4313,0.00580612675042,0.0090931119189,0.0417000160194
4314,-0.00124908457283,0.00501908673305,0.0289500606676
4315,0.0109600142381,-0.00476353526761,0.0113724204742
4316,0.0117592261072,-0.000459435222479,0.0227749157106
4317,0.00281911800472,0.00400101030756,0.0383402266115
4318,0.00585346299877,-0.000804156294865,0.0176993629146
4319,0.00502318700994,0.00102772988361,0.0253593405877
4320,0.00403515746389,0.00441282076039,0.024379397664
4321,-0.000730726895765,0.00684669371211,0.0262559377131
4322,0.00775702177496,0.00740098906157,0.0337690536995
4323,0.0068422429236,0.00185161457733,0.0188529428075
4324,0.0140531255072,-0.000889107636627,0.0220306469084
4325,0.00769317818204,0.0014387824365,0.0196619796296
4326,0.00888357926354,0.00770730171038,0.0438838656396
4327,-0.000175708392991,0.00699049453762,0.0363451742727
4328,0.00850276885433,-0.000345672858231,0.022894253184
4329,0.00945263971344,0.00125588603804,0.019152378713
4330,0.00169953380946,0.00517372443559,0.0277733207368
4331,0.0116576968007,-0.00421752525165,0.0075263669877
4332,0.00425194145642,0.00440759822444,0.0304781984465
4333,0.00344282048823,0.00892230450276,0.0387563488174
4334,0.0108222680404,0.00791247409553,0.0343857337852
4335,-0.00033838387691,0.00764294784011,0.0355393153724
4336,0.00689737318145,0.0098147221185,0.0298075663749
4337,0.00241077293048,0.00898079720105,0.0346054354352
4338,-0.00190548692123,0.0121326147511,0.0471739351319
4339,0.00463732514909,0.00403362031049,0.0318909211913
4340,0.00498382272379,-0.00217623824457,0.0183617010981
4341,0.000533363815715,0.00807868810126,0.040964653593
4342,0.0153852251958,-0.00316752560339,0.0213397494644
4343,0.0135268798159,-0.00390173568291,0.0195620062994
4344,0.00877905684188,0.000207613715683,0.0202964743272
4345,0.0123428050825,0.00343729486209,0.0457310421411
4346,0.0114016284254,0.00173438566484,0.0283987157474
4347,0.00239553353233,0.00412133793233,0.0408705624324
4348,0.00643269202461,0.00585060242541,0.0341822367316
4349,0.0117632667439,-0.000781876013871,0.0207661014882
4350,0.00850633806628,0.00591370522233,0.0344683221603
4351,0.00169676790432,0.00824087807327,0.0412839437044
4352,0.00617428027144,0.00512865119697,0.0289133599553
4353,-0.0032069636883,0.0105444754694,0.0476552514826
4354,0.0098394605278,-0.00118810119271,0.0262978468835
4355,0.0105116803768,-0.00551701419702,0.0117743303133
4356,0.0104960162075,-0.00315779970744,0.0179808855836
4357,0.0014877044483,0.0083588467965,0.0413547239141
4358,-0.00439187611212,0.0148027803184,0.0449458895844
4359,0.00411061641313,0.00332103391919,0.0299833084408
4360,-0.00186808420043,0.00997497845969,0.034308448289
4361,0.0054729163185,0.00311962357515,0.0228345186138
4362,0.00315316975977,0.0080030730094,0.0377343290664
4363,0.000894278864364,0.0112250153921,0.0417906609892
4364,0.000922162014633,0.00866360272126,0.0532672363312
4365,0.000978516973024,0.0046125452439,0.035256279002
4366,0.00841684677757,0.000965056356687,0.0195613995962
4367,0.0115503318778,-0.00279462645,0.00830889705929
4368,0.0113702564579,-0.00194260991854,0.023876544079
4369,-0.00425334534058,0.00858975825945,0.0355533323854
4370,0.0140893316853,-0.00300289525168,0.023191811596
4371,0.00823583038986,0.00641062305458,0.0295109968319
4372,0.00524502313617,0.0042984132703,0.0273921532812
4373,0.00296679447345,0.0143400908149,0.0579614267862
4374,0.00251852268059,0.00611734249069,0.0261327957243
4375,0.0111290229621,-0.00323180842228,0.0145834545775
4376,0.0028254627708,0.0123694142126,0.045455390933
4377,-0.0053709540734,0.00931405827109,0.0353595885633
4378,0.0107076049899,0.0032155399599,0.0280616193401
4379,0.0135960195794,-0.00297822327342,0.0176337134699
4380,-0.000491604621885,0.0162099917128,0.0541554607777
4381,0.00449631549129,0.00581573894443,0.0349953607409
4382,0.00528955874695,0.011101106356,0.043016507369
4383,0.00476920476357,0.00272211115653,0.031233931705
4384,0.00385645620118,0.00600147511432,0.0355668845116
4385,0.00510885340142,0.00507283452512,0.0362396327773
4386,0.00471107225758,0.00352419801124,0.0374427358057
4387,0.00739822817461,0.00608163488998,0.0330028552293
4388,0.00751294801027,0.00392292650674,0.019646299926
4389,0.00734696861349,0.00826343076833,0.0418716544591
4390,0.00282125268311,0.0065932536969,0.0462046746684
4391,0.00479721165216,0.00367569082732,0.0332178400087
4392,0.00443118457511,0.00258089401543,0.021184632781
4393,0.00522786605683,0.00566355457062,0.0281151997413
4394,-0.00176572460334,0.0104094519843,0.0377482020355
4395,0.00507386799939,0.00114855815356,0.0198127341961
4396,-0.00487430191837,0.0105449350605,0.0410527575476
4397,0.00382242970228,0.0107053359744,0.0372250758298
4398,0.0105703402288,-0.00428928420827,0.014605787402
4399,-0.00460011439051,0.0112868107782,0.0419132415863
4400,0.00965660606919,0.00577814577166,0.0307117944091
4401,0.0162860949171,-0.00253239878683,0.0149474688438
4402,0.00357053631359,0.00389334118984,0.0316755044205
4403,0.0119567778846,-0.000196276657847,0.0237234244207
4404,0.0125646542206,-0.0025427433213,0.00883073217621
4405,0.00052306336977,0.00972762894952,0.0346755438329
4406,0.0169973149813,-0.00603939508438,0.00385427328023
4407,0.001303990686,0.0117260230204,0.0428477153587
4408,0.00452130135813,0.00278663517305,0.0294110967589
4409,0.00471773459623,0.000853816076957,0.0309927076632
4410,0.0121915859668,0.00076502142836,0.0236244477429
4411,0.0036395667445,0.00879911539709,0.0283758880349
4412,0.00486532801333,0.00591191591686,0.0245155668062
4413,0.00962783841363,-0.0056409729528,0.0137365028914
4414,0.000730557903652,0.00711508704551,0.0395438039839
4415,0.000298779148216,0.00882829003046,0.0488252127198
4416,0.0061756631305,0.00112893206551,0.0252556338832
4417,-0.0064834080769,0.0137017508731,0.0472624590577
4418,0.0103887859212,0.00499651541444,0.0248513049914
4419,-0.00277023808592,0.0108231842993,0.0448955748167
4420,0.00143753114916,0.00668143898976,0.0340284815528
4421,0.0108479126431,-0.00049960984845,0.0222803237221
4422,-0.00263605585605,9.75769987636e-05,0.0204983598313
4423,0.00807256276127,0.00521044421157,0.0325631080338
4424,0.0172806230997,-0.00417613538102,0.0165179672437
4425,0.00324932942747,0.00783358758311,0.0396042360747
4426,-0.00407201544347,0.00993404978743,0.0422082199301
4427,0.00218758488899,0.00471617116126,0.0324520153344
4428,0.00642047703473,0.00701957391005,0.043172053623
4429,0.00507672210523,2.81764943561e-05,0.0210474116596
4430,0.00875618037871,0.00470604463054,0.0337983273065
4431,0.00583322474575,0.00185221370089,0.0264310355077
4432,0.00183180192965,0.00419301022357,0.028591869337
4433,-0.000662971316949,0.00857863971536,0.0482611100419
4434,0.00653498449554,0.00393761564385,0.0317942358414
4435,0.00518745742745,0.00842360871399,0.0353424921672
4436,0.000967451092758,0.00823432286142,0.0292684716954
4437,0.0136218242027,0.00561563562562,0.0334701608593
4438,0.00519516296585,0.0027319945206,0.0354136247507
4439,0.00345436635897,0.00108175575758,0.0245527928135
4440,0.00709653539141,0.00657944772193,0.043374187592
4441,0.0031181870397,0.00630100436322,0.0270277533103
4442,-0.000267796612262,0.011290743167,0.0341105402186
4443,0.0161771434251,-0.0054506905591,0.0119795314685
4444,0.00422575367275,0.00781088978474,0.0413464026514
4445,0.00884192993462,0.00470893727588,0.0343800022404
4446,0.00294994637068,0.0110133641509,0.045167237589
4447,-0.000245216149431,0.00766667004672,0.0379279087763
4448,0.00659645326046,0.00243634539804,0.0189059378423
4449,-0.00394534106064,0.00779326301219,0.0326230124641
4450,0.010730392684,0.0027148703242,0.0321861634707
4451,0.00620941823521,-0.00456225436731,0.0152418681895
4452,0.0142203350221,-0.0032174000622,0.0180365890548
4453,0.013756603241,0.00959745912555,0.0465653099827
4454,0.00367757901073,-0.00454070589579,0.0117505421843
4455,0.0143116954077,-0.00487755010268,0.0159850834244
4456,0.00587684305574,-0.000168287711858,0.0266636943002
4457,-0.00483976380195,0.0139947296841,0.0483494136814
4458,0.00214020441811,0.00866064360842,0.0371161797195
4459,0.00628932149653,0.00534259590283,0.0230593028336
4460,0.00294217679153,0.00886861980306,0.0372205272128
4461,0.000948131088298,-0.000106098105586,0.0231524722509
4462,0.00674338359668,0.000220818372996,0.0267234248762
4463,0.00580265322743,0.00107505512433,0.0237097456769
4464,0.00225812822692,0.00232138397813,0.0204198898639
4465,0.00346069778597,0.00898837621509,0.0492307269447
4466,0.00680159790662,-0.00113834496025,0.0143183927833
4467,0.00741734433425,-0.00100258137244,0.0193125873333
4468,0.0136015290494,-0.000106611608671,0.0229697029247
4469,-6.90759991553e-05,0.00571335386774,0.0377581144301
4470,0.00489166388259,0.00523958335266,0.0368832949765
4471,0.0112872179851,0.00211588271552,0.0263223797906
4472,0.00576133478281,0.013196980935,0.0516519155028
4473,0.0172592986486,-0.00526870088425,0.0110128006894
4474,0.0125633494735,-0.00876019759149,0.00909611940829
4475,0.0103725739715,-0.00359817935504,0.0149839961221
4476,0.00825146369748,-7.36055398967e-05,0.0240134446182
4477,0.003292915319,0.0101219602936,0.0545733424106
4478,0.00790027578141,-0.00132197079741,0.0224904227772
4479,-0.00500210087993,0.00456679638024,0.0275245093064
4480,0.00799901721933,0.00767436010896,0.0394549012819
4481,0.00399656106928,0.00335465958455,0.0258428777665
4482,0.000601387338161,0.00358356417114,0.0228420384501
4483,0.0032586098224,0.00447811474693,0.0217735174565
4484,0.0131884101451,0.00284167715464,0.0283340424322
4485,0.0110582698824,-0.00137224186686,0.0257398369742
4486,0.000861218681904,0.0109146851961,0.047577240097
4487,0.0142205059457,-0.000944046869975,0.0127602053372
4488,0.00242770660031,0.00760802105906,0.0383023334825
4489,0.0114361581374,0.000234404588174,0.01613321388
4490,0.00892880341969,-0.00348130632356,0.0146678483551
4491,0.0165719400491,-0.00889450763453,0.00212497141957
4492,0.00511876653813,0.00558426719489,0.044432867629
4493,0.000715799764833,0.00120272174728,0.0165269344015
4494,0.00708514785244,0.00427462132976,0.0292237559134
4495,0.0105209357295,-0.00189533544844,0.0207017465299
4496,0.00339027006293,0.0061100838691,0.0283482408771
4497,0.0067326501195,0.00123426653016,0.0280087768684
4498,0.00865374611642,0.00115342494948,0.0150047097873
4499,0.00243830707525,0.0105492874939,0.0419080207189
4500,-0.00439972417323,0.00837618894431,0.0372884095407
4501,0.00860448684825,-0.00227560973572,0.0134141893008
4502,7.00170872731e-05,0.00833996732421,0.0384836673065
4503,0.00536330874497,0.00570461018007,0.0340676847145
4504,0.00105192869185,0.00448220049344,0.024913358301
4505,0.00351134594215,-0.0028639285578,0.00718279667584
4506,0.00518046801979,0.00216918944026,0.0294003982352
4507,0.00259381447054,0.00640076048033,0.0286471725925
4508,0.00289144991088,0.0117191918985,0.0486462519866
4509,-0.00111423173302,-0.000276747869984,0.014194899478
4510,0.00959716481057,0.00990021037755,0.0537030463062
4511,0.00725654965305,0.00625496795829,0.0319756422874
4512,0.00318414789621,0.000628877040653,0.0234539916641
4513,0.00348301752335,0.008016915359,0.0366145037743
4514,0.0116204097345,0.000988435191232,0.0275122857551
4515,0.00269540840195,0.00610635627842,0.0386056325702
4516,0.00173867720126,0.00196907633692,0.0327447391711
4517,0.010642088501,0.00264136752086,0.022183124537
4518,0.00849864889429,0.00387026654622,0.0335393099984
4519,0.00352123919259,0.00968051252269,0.0425985138465
4520,0.0020357165443,0.00392900455333,0.0282323326746
4521,-0.000904264368395,0.00403384089526,0.0281219261377
4522,0.0090356193211,-0.000361124447519,0.0158576023653
4523,0.0136098416019,0.00145467789433,0.0297294840778
4524,0.00447317421822,0.00629460424509,0.0371232153588
4525,0.0121174729369,-0.00151630403412,0.0191166966215
4526,0.0125670711727,0.00368039889171,0.0297951738512
4527,0.00312091111401,0.0051438237674,0.0181617935455
4528,0.0175003361562,-0.000864325353872,0.0221515381754
4529,0.00280613737344,0.00503770966929,0.0291499905747
4530,0.0148130688593,-0.00970177101599,0.00795869815227
4531,0.00227395689018,0.00678232658852,0.0291138016111
4532,0.00487489311687,-0.00389044337737,0.00879368568354
4533,0.00420019957103,0.00175903321868,0.0107743053415
4534,-0.00125232292752,0.00503140289068,0.0286220703435
4535,0.0123919337689,0.00591900370823,0.0287418933411
4536,0.00433301912849,0.00567117380673,0.0372454223281
4537,0.00341679015469,0.00337863924883,0.0244436958852
4538,-0.000485194121496,0.0134697266921,0.037562724609
4539,0.0112132602199,0.00194603399113,0.0192564327519
4540,0.00591028457942,-0.00190310021293,0.0258532192876
4541,0.00930175918862,0.0010102975151,0.0235075123347
4542,0.00465491988719,0.00856062696544,0.0295994682676
4543,0.0101410737807,-0.00297054225226,0.0229504760079
4544,0.00263467672633,0.00944840845775,0.0461954739929
4545,0.0031902034985,0.00465577959249,0.0226861851083
4546,-0.00627008192896,0.0121254219726,0.0438365348178
4547,0.0050739932736,0.00555474460686,0.0358160842402
4548,0.00314876275183,0.00329135063399,0.0284351860893
4549,0.0057578213754,0.00897855136297,0.0362981563338
4550,0.00755335943852,0.003373233742,0.0415608449702
4551,0.00626629533921,0.00799894788892,0.0334871212222
4552,0.00835570886789,0.00293789343964,0.020632431554
4553,0.0138983474964,-0.0029949811706,0.0248161924147
4554,0.0179823153192,-0.00878975416943,0.00773575033797
4555,0.0186301717177,-0.00473663440063,0.0148266034954
4556,0.00554081654957,0.00839939331078,0.0359143362648
4557,0.00638207106153,0.00562760208567,0.0298129298414
4558,0.00800711030357,0.00203425239909,0.0264531954784
4559,0.00124661953749,0.0117181096785,0.0362429891178
4560,0.0129409045668,0.000726145189643,0.0232397636577
4561,-0.00499970430404,0.00584236875794,0.0241542646265
4562,0.00860844130506,0.00421973136007,0.0326720121527
4563,0.0074988387608,0.00463966427726,0.0249256254359
4564,0.00376945136006,0.00976712528585,0.0393449551404
4565,0.000624694954831,0.00626819678267,0.0360640003263
4566,-0.00248726274986,0.00827416058744,0.034835620533
4567,0.0184592080408,-0.00784923659054,0.00551894479553
4568,0.00783603394614,0.00607378159167,0.0398352823315
4569,0.00419940402735,0.0019235525335,0.0312271870994
4570,-0.0012277810942,0.00184636096766,0.0183315855399
4571,0.00641171623944,0.00787853424773,0.0296866481861
4572,0.00894296875988,0.00639731926215,0.0322615902832
4573,0.00298186110754,0.00765049239358,0.0353382259803
4574,-0.00330214358858,0.00845001886355,0.0356319797811
4575,0.0136517820293,-0.00300852746658,0.0103485105124
4576,0.00817984426176,-0.0024869751606,0.0128308253363
4577,0.00350311695611,0.00599324413024,0.0436883006629
4578,0.00798647545543,0.00372663740958,0.0316499130479
4579,0.00901224224882,0.00413662563705,0.0335585533786
4580,0.0059783688237,0.00673195897491,0.0319359132369
4581,0.000947987248444,0.0103208105203,0.0446036862622
4582,0.00547828691972,0.00309326673381,0.0419655957283
4583,0.0098053463914,0.00113504486644,0.0264216630517
4584,0.00857009914287,0.00383126114712,0.0216311249229
4585,-0.00232284439167,0.00961778344046,0.0355758921674
4586,0.00884915443556,0.00190436442036,0.0268064957163
4587,0.00985903048731,-0.000710913356144,0.00698275326948
4588,0.00113371197477,0.00279192945925,0.0209581112272
4589,0.0118308150135,-0.00184396449454,0.0236388752517
4590,0.000328854922047,0.00952559975918,0.0449660411657
4591,0.00233344171073,0.00454174509455,0.0270025160179
4592,0.0082701589922,-0.00348839687979,0.0226523686014
4593,0.00358674659548,0.00922428168508,0.0324522729947
4594,0.00356449611182,0.00401004804588,0.0335813617377
4595,0.0103150706203,0.00178680163061,0.0288109928211
4596,0.00489170292261,0.00434278821244,0.0232297028832
4597,0.00161779499258,0.012733466405,0.046348565909
4598,0.00185624331688,0.0114241316779,0.0446635489977
4599,0.00979790778693,0.00287519580747,0.0337114824291
4600,0.00538394009477,0.00815418265892,0.043849332758
4601,0.0057738871153,0.00285284870242,0.0247683390704
4602,0.00352578336091,0.0101985745941,0.0354462420435
4603,0.00519692937329,0.00506148074987,0.0315205068248
4604,0.00610605334107,0.0030968090853,0.0374600779699
4605,0.00120640429799,0.00880727865883,0.0319707697374
4606,0.00669266073433,0.00579717420076,0.0316876389492
4607,0.00354936075903,0.00288036061976,0.0391279928672
4608,0.00353813298577,-0.000552586837914,0.0160244137723
4609,0.00713459619578,0.0130071017642,0.0515102528252
4610,0.00279935941182,0.0061006185657,0.0320298106193
4611,0.00491793961207,0.00398887773941,0.0262120201519
4612,0.0136715483598,0.00394785779773,0.0241268045097
4613,0.0136242152162,-0.00196724288089,0.0202269087302
4614,0.00846738037193,0.00684839765394,0.0292908426297
4615,0.00876922744199,-0.0012191279673,0.0186204484236
4616,-0.000792186683063,0.00518241593156,0.0268228406336
4617,0.00129510565834,0.00600605601658,0.0326696602194
4618,0.00828968769525,-0.00155590182445,0.0270791075534
4619,0.00121366199746,0.0113104644775,0.0580527075172
4620,-0.00325659524804,0.00870762888342,0.0351672140737
4621,0.00729693036759,0.00395216773391,0.0351817624049
4622,0.0086844525677,0.00273132346472,0.0275164540251
4623,0.0159454374952,-0.00417346850137,0.017183056162
4624,0.00678014072094,-0.00198676584781,0.0155375740525
4625,0.00334327403864,0.00291837855236,0.0190858242766
4626,0.00438045726371,0.0078639221667,0.040356738672
4627,0.00299615722497,0.00511105145714,0.0286594535519
4628,0.00424231229724,0.000972366397008,0.0170488969908
4629,-0.00168015660188,0.0106184383576,0.0337580393462
4630,0.00665938989024,0.000697646540309,0.0234002691924
4631,0.00123922172691,0.00922726978846,0.0383155419249
4632,0.000519813153744,0.00465977329247,0.02478385343
4633,0.00206557914257,0.0087515679836,0.0456354980702
4634,0.00830595589273,0.00866835302862,0.0418187009865
4635,0.00317016884768,0.00655044231301,0.0299138399755
4636,0.0136272996628,0.00326384363915,0.0205474665166
4637,-0.00545783775059,0.00925929576996,0.0359569136437
4638,0.0118791562025,-0.00232616097704,0.0181162226898
4639,0.00808688040184,0.0036213606348,0.0254529934091
4640,0.00835681820059,0.00788931881633,0.0474542378593
4641,0.0129012489904,-0.00290674412648,0.0147440989636
4642,0.00656157732962,0.000721858378013,0.0189775477854
4643,0.0104189941198,-0.00247628085919,0.013000366534
4644,-0.00438789176023,0.00723415740742,0.0304343725144
4645,0.00336478429113,9.86430749092e-05,0.0169768418694
4646,0.0115325393921,-0.00127631642708,0.0221775108471
4647,0.0132057618612,-0.00394620260382,0.00976046724298
4648,0.010807330513,0.00221669321836,0.0316336609226
4649,0.00405606865469,0.00321475169875,0.0347236173124
4650,0.0044866644931,0.00488903184563,0.0382303537564
4651,0.00144664156736,0.00374813307178,0.0270008000716
4652,0.00582333362503,0.000235509046291,0.0241196178504
4653,0.00384480948453,0.00433431090436,0.0159003519666
4654,0.0091788871771,-0.00169870366982,0.0158025125718
4655,0.00788552990943,0.00588301316531,0.0186329184053
4656,0.00681501108479,0.00159363375726,0.0284342164353
4657,0.00325878546536,0.00121088829169,0.0198221518134
4658,0.0143265611526,0.00240285524395,0.037730695089
4659,0.00448147281051,0.00835102796503,0.0474527742794
4660,0.00398286863911,0.00609417913725,0.0365475693826
4661,0.00720538283442,0.0021685895177,0.0277154969104
4662,0.00605554716796,0.0035184975012,0.0212624106408
4663,0.00875935137653,0.000783603728291,0.0294775930712
4664,0.000750783863646,0.0101321843067,0.0335499841278
4665,0.00786273706627,-1.75172940393e-05,0.0267759723914
4666,0.00350566502371,0.00777544909016,0.0369259300654
4667,0.00773440942003,0.00619755926286,0.0326594446302
4668,0.0074457187487,-0.00153524955317,0.017880984828
4669,-0.00292133034717,0.00503613044081,0.0315050563807
4670,-0.00160505450007,0.0106362787984,0.0300830939249
4671,0.00833809511001,0.00620102967185,0.0285317879964
4672,0.00289608605975,0.00208788240893,0.0245222639506
4673,-0.00403059125614,0.0122840151189,0.0522698212917
4674,0.0100106702775,0.00744434381042,0.0346180687248
4675,0.00585780655363,0.00755081380174,0.0310654518188
4676,0.00265427692045,0.00553458886786,0.0281006658485
4677,0.0124932623796,-0.00261897105868,0.0124685872007
4678,0.00563998311244,0.00921832580074,0.0452538110065
4679,0.0024197875437,0.0067688729966,0.0284141077701
4680,0.00670697988175,0.0017139067515,0.0281486611571
4681,0.000472931032656,0.00621589993213,0.0304649353136
4682,0.00486073913529,0.00700350889543,0.032548843931
4683,0.00564955264731,0.00281300162371,0.0227380490799
4684,0.00327073101977,0.00403221019027,0.0279614937291
4685,0.00710892947571,0.00667438562571,0.028529177494
4686,0.0041478791487,0.0117924379028,0.0442134583664
4687,0.0133210098413,0.00246640333328,0.0329870507187
4688,0.00234962148042,0.0161457230622,0.0421105288732
4689,0.00455358517415,0.00303661103387,0.0348883344596
4690,0.000513816169251,0.00759354774765,0.0299647816611
4691,0.00474892418822,0.0088690510418,0.0394679322024
4692,0.00793188267693,-0.00115872811096,0.0124416561152
4693,0.00610170760077,0.00261050013964,0.0291061869843
4694,0.00816798843372,0.00581704484301,0.0346665032565
4695,0.000882333180923,0.00916636067521,0.0325177292714
4696,0.0151737059238,-0.00741516921999,0.00903696811045
4697,0.00212034661944,0.00102253795018,0.0278186309624
4698,0.00264668149854,0.00261108240147,0.0209462341059
4699,0.00482397262678,0.00179804856055,0.0262585927314
4700,0.00604137542831,0.000250519613644,0.0224805979547
4701,0.000678025166689,0.00584630752359,0.033239613103
4702,0.00890776055373,0.00333732099222,0.0276460278442
4703,0.00267895255236,0.00873588415645,0.036967685505
4704,0.00291794903547,0.00347503702117,0.0163959837732
4705,0.00501973951653,0.00225460808398,0.0246474983043
4706,9.39877918543e-05,0.00576562616696,0.0303050245007
4707,0.00297555618143,0.00397768143706,0.0277171852833
4708,0.0133533781132,-0.00187103257297,0.0188326735236
4709,0.00473860856296,0.00783795319723,0.0447379642883
4710,-0.00141571712148,0.00378836840463,0.0284489804709
4711,-0.00367539186792,0.00773684877639,0.041766929369
4712,0.00634873277444,0.00415866570961,0.0287773984812
4713,-0.00558576962995,0.0155369014045,0.0462549703244
4714,0.00304844632972,0.0014342886261,0.0181769208918
4715,0.00646873617953,0.0075939962279,0.0397838290429
4716,0.0103922886577,0.00375348173861,0.0197181365439
4717,-0.00144506799656,0.0114112300523,0.034368168667
4718,0.00672609020977,0.00638854776769,0.0266037263734
4719,0.00628011014983,-0.000317302564768,0.0221429937213
4720,0.00416342964459,0.00400813803108,0.0199228274873
4721,-0.00341612078735,0.0131539503848,0.0357489104147
4722,0.0131873945796,0.00780211646421,0.0445929588897
4723,0.00664961141829,-0.00494537821258,0.0151231774455
4724,-0.000432012148291,0.00497149368854,0.0365718672954
4725,-0.00178168288033,0.00293673992315,0.0157579207202
4726,0.000234975506748,0.0065371849742,0.0338471769445
4727,0.00911021957827,-0.00587394399396,0.0101748462692
4728,0.00809719212138,-0.00135810320436,0.00963488412885
4729,0.0080948103612,0.00241888706768,0.0245496228553
4730,0.00740122694865,0.00672498646318,0.0354681742102
4731,0.00485763651497,0.00348016296133,0.0233970276034
4732,0.00386602100267,-0.000692929500557,0.0297533072274
4733,0.0137496857667,-0.00516348334489,0.0145385552609
4734,-0.00213577976064,0.00250650307152,0.0190973860267
4735,0.00610419031047,0.00117221422549,0.016901748322
4736,0.00602376491573,0.00647377309951,0.0438878711569
4737,0.000932574843371,0.00946503333182,0.046976173433
4738,0.00620108406442,0.00420719173447,0.0293129641112
4739,-0.00318123852529,0.00950069546927,0.0310476575984
4740,0.0100196899347,0.00161577985913,0.0281610419011
4741,0.00358968098766,0.0052666574433,0.0380059190462
4742,0.00887147819105,-0.0010249409544,0.0172931982823
4743,0.0029553572953,0.000737280811442,0.0204566854898
4744,-0.00236989331544,0.00320971225576,0.0283221119611
4745,0.00311775091327,0.00913476728559,0.0390548073309
4746,0.0109873776414,-0.00812703667205,0.0147524408391
4747,0.0110021426276,0.00448479653307,0.029767098302
4748,-0.00252561553766,0.00541873612006,0.0202406981554
4749,0.00392527523421,0.00532124486753,0.0307408537261
4750,0.00810708955268,0.00225838618911,0.0289145815456
4751,0.00662976088021,0.00455893126946,0.0288454818687
4752,0.0101083267763,-0.00542759969768,0.0119136958586
4753,0.0109242397079,0.00387462031444,0.0430301055431
4754,0.00286396714184,0.0120774510733,0.0508867696991
4755,0.00717245752601,0.00663334943367,0.0433010386074
4756,0.00541908539154,0.00527533079278,0.0331223028937
4757,0.00802828414875,0.00397153584764,0.0324948915432
4758,0.00138381024636,0.00707971732328,0.0220719589723
4759,0.00236049821066,0.0162643547669,0.0576829573765
4760,0.00905868149144,0.0122467581591,0.0482679967081
4761,0.00848998238648,0.0079961306864,0.026446387908
4762,0.00937086099605,0.00581659516741,0.0392998600812
4763,0.0104961012595,0.00244144372084,0.0304860826813
4764,0.0017617541897,0.00193909141136,0.0260477892668
4765,0.00614469675672,0.00487890517189,0.0397381639475
4766,-0.000861480718578,0.00766155353314,0.0429444790543
4767,0.0102231551674,0.000197180053734,0.0251458042612
4768,0.0137207912898,0.00207828336325,0.0236863935926
4769,0.00712788364685,-0.00103726246827,0.0172907610164
4770,-0.00153350143805,0.00957647576234,0.0282797459331
4771,0.00871732009797,-5.50443792625e-05,0.0222942513114
4772,0.00947108689424,0.00130906121671,0.0404506206132
4773,0.00408206693566,0.0080831396562,0.0354977397446
4774,0.0024054434131,0.0117365269828,0.05309942964
4775,0.00946901637036,-0.0037606124088,0.0049778591439
4776,0.0109938956937,0.00105524169372,0.029076071957
4777,0.00886319278619,0.00178117299127,0.018796909782
4778,-0.00069304581394,0.00609615360253,0.0401138587472
4779,0.00234294435814,0.00557901438978,0.0274789508636
4780,0.00792074329084,0.000154249868712,0.02933353164
4781,0.00370315987109,-0.000335010835939,0.0105554350294
4782,0.00354124265611,-0.0001254515573,0.0145037794056
4783,0.0112891547575,-0.0019079837336,0.014867591481
4784,0.00557085682504,0.0117012556573,0.053480454381
4785,-0.00268538604453,0.0109424583238,0.0507279433801
4786,0.00325567138713,0.0135597453661,0.044800939474
4787,0.00431611080864,0.00117465868653,0.0280223816419
4788,0.00961612772746,0.00373082110483,0.0303979257528
4789,0.0143014422328,-0.00150819477584,0.0255469191189
4790,0.00934861203978,0.0024440402584,0.0310708235142
4791,0.00385285584021,0.00534319779572,0.0291326272384
4792,0.0106796501585,0.00207051438288,0.0282409576018
4793,-0.00423370741291,0.00831089268391,0.0341762278541
4794,0.00981969433502,0.00220852405968,0.0293997077097
4795,0.00110925253878,0.00456762212652,0.0321775702747
4796,0.00259733309419,0.00613294020018,0.036315042915
4797,-0.00293876817721,0.00699048929316,0.0337694128847
4798,0.00422409915488,0.00517876527534,0.0277662910071
4799,-0.00181210467649,0.0176691503466,0.0464156681113
4800,0.0172084030439,1.60727211754e-05,0.0280520815215
4801,0.00234156929716,0.00897981091434,0.0381466791252
4802,0.00601621935205,0.000947586038633,0.0304847257936
4803,0.00486308976818,0.00949088270531,0.0432193788947
4804,0.00355009905589,0.0132168024653,0.0535517384534
4805,0.00855371058692,0.00436398078542,0.0299848786754
4806,0.0058416354549,0.00280784591804,0.0248753538143
4807,0.0160402265996,-0.00600296144478,0.0107006458777
4808,0.00112279051063,0.0109736737188,0.0454449986381
4809,0.00618710541511,-0.00194092104063,0.0151168921231
4810,0.00498254929878,0.00734765301673,0.0292549348553
4811,0.00143401197848,0.00844769284939,0.0382286601762
4812,0.0136541591927,-0.0133143003157,-0.00654962231545
4813,0.00539152400281,0.00839589466853,0.0385902669304
4814,0.00607876705481,-0.000349940769316,0.0243244372885
4815,0.00357803129111,0.00334421207503,0.0244604817356
4816,0.00942960539644,-0.0014887038047,0.0145840715145
4817,-0.000145856849461,0.00707934002179,0.0392341586938
4818,0.00985898241286,0.000390407888663,0.0207193806962
4819,0.00216159008534,0.013246944381,0.0551146864879
4820,0.00643116264429,0.00798017768208,0.0331560440381
4821,7.05004946056e-05,0.0101903096685,0.0437612824238
4822,0.0111358907745,-0.00596753874568,0.0059565175395
4823,0.00323251028388,0.00299404060877,0.0281634809724
4824,0.0106607411307,0.00181578626965,0.016154033648
4825,0.00182137597538,0.0105366860821,0.0464163032834
4826,0.00612602469203,0.00462103381836,0.0301488616492
4827,0.00980028678855,0.00271045762075,0.0282194880507
4828,0.000760827346636,0.00967587181479,0.0437273714687
4829,0.00322534348363,0.00482059118715,0.0242196669231
4830,0.0097822167857,0.00114562844195,0.0210056842666
4831,-0.00296719928138,0.00892562813412,0.0386099434601
4832,0.00775480629712,0.00229045401543,0.0229393167105
4833,0.00346866846549,0.00203298465475,0.0199430250453
4834,-0.00328567336607,0.00462690734839,0.0261454425838
4835,0.00793124742998,0.00945991491757,0.0487334432381
4836,0.010667360189,0.00368904810453,0.0297971687602
4837,0.00373621139205,-0.00280604524454,0.014126447952
4838,0.00751708798239,0.00687775528071,0.0394483139981
4839,0.00340599160709,0.00159271275799,0.0233291816245
4840,0.0069571959419,0.00423903475448,0.0251109727617
4841,0.00950384502414,0.00457166301829,0.0235854907428
4842,0.0102017781435,-0.00676774041813,0.00995067151119
4843,0.000786450691453,0.00614366176132,0.0330531757133
4844,0.00554639759006,0.0084517322144,0.0449596676892
4845,0.00978827683162,-0.00410868231661,0.0105036103405
4846,0.0013392727531,0.00594781319551,0.0389390570165
4847,0.0140973851626,0.00106984236669,0.0218749904467
4848,0.00946004853945,0.00280802094466,0.0237217598433
4849,0.00619249409383,0.00835194532777,0.0352899753417
4850,0.00491050281595,0.00207144181427,0.018473238347
4851,0.00154177666059,0.00648158957047,0.0375899609889
4852,0.0161798859775,0.000776274411395,0.0215994179365
4853,0.000837081491592,0.00665029009903,0.032390192729
4854,0.00502074635871,0.00854109845856,0.0441527993447
4855,0.00571607376503,0.00899162485637,0.030725211197
4856,0.0112707824407,0.000737502409402,0.0217142974595
4857,0.00103648265295,0.00157844025282,0.0127879322926
4858,0.000568937045134,0.00888303099947,0.0389007199788
4859,0.0105931190907,0.00296660979377,0.0345290346992
4860,0.0108417984792,0.00199335355509,0.0271228317604
4861,-0.00299783807087,0.00776831655721,0.0350352145101
4862,0.0024315656202,0.00262937791972,0.0188527992071
4863,0.00352149231229,0.0100531646646,0.0378024539802
4864,0.00750603549011,-0.00152117176882,0.0171733289167
4865,0.000542648476313,0.0104622212952,0.0392754975241
4866,0.00996901103581,-0.000160501465121,0.0170880163512
4867,-0.00272425439186,0.0116831870599,0.040270647232
4868,-0.0079982838925,0.00774347379479,0.0269462823891
4869,0.0113548603803,0.00102825529288,0.0200756860406
4870,-0.00457453468517,0.0126907307695,0.0447396063081
4871,0.00629077466117,0.00398340552649,0.026445435382
4872,0.00684994868059,-0.00129458851033,0.0236781771838
4873,-0.00355977905339,0.00948250239561,0.0415651297438
4874,0.0145592389295,-0.00129862257789,0.022751995269
4875,0.000693886574691,0.00792835685274,0.0430003030514
4876,-0.0010934141105,0.013248939425,0.04862784787
4877,0.00728702591126,0.00199716168513,0.0233935465454
4878,0.00531005558781,0.00475246550567,0.0248789527064
4879,0.0014149774857,0.0101267361728,0.0397139153529
4880,0.00643959956338,-0.00266770093176,0.0206661238264
4881,0.00787215618962,0.00620852179151,0.0301808416794
4882,-0.00633605130965,0.0178676291017,0.058755909296
4883,0.00351095706675,0.00366562883443,0.0300859466877
4884,0.0160410470869,0.000129004895768,0.0139906976071
4885,0.00180021957665,0.00880666123668,0.0478845510091
4886,-0.00256814570331,0.00433547720097,0.0380781658085
4887,0.000339971883022,0.0071993246716,0.0308241232751
4888,0.00725568817223,-0.00614965746428,0.00829331698321
4889,0.006439632869,0.00162151618765,0.0291538835502
4890,0.0122597347632,0.00024581165302,0.0204551047955
4891,0.0104096900364,0.00832109449097,0.0375147835099
4892,0.00854987877007,0.00188517014495,0.0325961921405
4893,0.00566605144606,0.00233285224143,0.0226253611083
4894,0.0101232768686,-0.0013287229151,0.0138815968776
4895,0.0108690468076,0.00159201085675,0.03004595111
4896,0.00480029666644,0.00385666320831,0.0326607764487
4897,-0.00103383148378,0.0116740740659,0.0492435107284
4898,0.00273559765708,0.00249699013829,0.0247297616732
4899,0.0170435763316,-0.00512377004584,0.00771296012215
4900,0.00473841106977,0.00600138671348,0.0324663646229
4901,0.00594529608992,-0.000445395794663,0.023591002458
4902,-0.00200589955658,0.00486724808458,0.0231551896565
4903,0.00911287969972,-0.00325010160336,0.0133344117499
4904,0.0140881817297,0.000443895145576,0.0195795640728
4905,0.00155441346574,0.00458422915769,0.0287230769725
4906,0.0114589390616,-0.00184695417564,0.01652922334
4907,0.0104704084867,0.00270517480409,0.0252236614551
4908,0.00428811863401,0.00389589641273,0.0391619470332
4909,0.0125790938264,-0.000816302462417,0.024920582851
4910,0.0124270849654,-0.00441501422195,0.0126781490876
4911,0.00457476234653,0.00539042197782,0.0320722005666
4912,0.0128755162611,0.00147130452569,0.0284363885837
4913,0.00801988174813,0.00476410882856,0.0327995990487
4914,0.00441393880705,0.00572998761625,0.0273643162942
4915,0.0013339824454,0.0121557772625,0.0400405596718
4916,-0.000168379829138,0.0151796885136,0.0524025494791
4917,0.00770945099097,-0.00219257427588,0.0155586623785
4918,0.00224936306958,-0.000438150107868,0.0236162970397
4919,0.0164612233488,-0.00414153808123,0.0144931623755
4920,0.00854518580984,0.00111701687654,0.0240527396434
4921,0.00585431238786,0.000358474469516,0.0270448674806
4922,0.00447351872829,0.0053788988249,0.0280184040409
4923,0.00264065104945,0.0067467776668,0.0318962522757
4924,0.00628607635309,-0.00386819729028,0.0123336995235
4925,0.000543323721132,0.00616312398692,0.0299845726091
4926,0.00488440292299,0.00651064857147,0.0372483274227
4927,0.00887342985966,-0.00359255809964,0.013751415929
4928,0.0034094176096,0.00843681336017,0.0342685938645
4929,0.00555135149847,0.00358674310284,0.0253695932621
4930,0.0121248061414,0.00529837822538,0.0311294583385
4931,0.003487955054,0.00379179636617,0.0242648060677
4932,0.00754835741789,0.00336200557019,0.0286707033073
4933,0.00469385610595,0.00371120552418,0.0285351115159
4934,-0.00122206626091,0.00493935161647,0.0266686729428
4935,-0.00348985840668,0.00803949261703,0.0323185385063
4936,0.000576289376735,0.0013351393061,0.0252236886332
4937,0.00252122370754,0.00875874314417,0.0426129167698
4938,0.0103710848286,-0.00134802352304,0.0248581408812
4939,0.00517164801838,0.0105994694129,0.0389893562454
4940,0.00434199495052,0.00607843919028,0.0290494174569
4941,0.00520293704973,0.0085045242304,0.0366628677281
4942,0.0082864389928,0.00269034723529,0.034242880789
4943,0.00588668987,-0.000417659685902,0.0256669035648
4944,0.00169164663476,0.007410982236,0.0435793254002
4945,0.0052532415455,0.0102320584102,0.0452537149504
4946,0.00409623621466,0.00236479609046,0.0219417548545
4947,0.00108995912075,0.011167923951,0.0497577520534
4948,0.00446222690208,0.00229743552881,0.0287672630245
4949,0.0083236181043,-0.00243158005828,0.0166729506367
4950,0.0140199463494,-0.00146059198567,0.0132757979168
4951,0.0168007051276,-0.00383165783716,0.0202302743435
4952,0.0104380696698,0.00160627632367,0.0329255685852
4953,0.0100348439294,-0.00334999852759,0.0184096769596
4954,0.00398314580962,0.00753727583479,0.0342151714874
4955,0.0109464239061,0.00619098447552,0.0416697058931
4956,0.00733170606248,0.00391746299952,0.0358036753502
4957,0.00389766829568,0.0110425112044,0.0351570618573
4958,-0.000577911461762,0.00376853041297,0.0313581039433
4959,0.00301345791125,0.00491714415445,0.0230476466272
4960,0.00757498075897,-0.000928540799799,0.0143188804341
4961,0.000433618924193,0.00121618004037,0.0158568379991
4962,0.0105544460961,0.00156811921445,0.0250130745141
4963,0.00262465165774,0.0141700961639,0.043322095454
4964,0.00568320718598,0.00246614602915,0.0285245922463
4965,-0.000253712249464,0.0062851056657,0.0304086098079
4966,0.0143301856867,0.00252899917654,0.0251961502088
4967,0.000162435244511,0.0144699891127,0.0616846196692
4968,0.0100234914239,0.000356288785731,0.0143723303902
4969,-0.00495154291984,0.0120451711438,0.037774628044
4970,0.00419976843206,0.00231162819409,0.020500257472
4971,0.00981841921928,0.00107820092259,0.0253448270236
4972,0.00841198017784,0.00734459541899,0.037340828359
4973,0.00124441097019,0.00335880373505,0.0384021566648
4974,8.01914229126e-05,0.00559678697022,0.0350659052844
4975,0.0046403199258,0.00521758360413,0.0409459138059
4976,0.0052659366913,0.00162215595261,0.0235956347173
4977,-8.83456009885e-05,0.00341346268141,0.0208886100884
4978,0.0201885194091,-0.00713145640448,0.0139487718088
4979,-0.0014434080577,0.0101810913344,0.0412817262797
4980,0.00391942745767,0.00519122449514,0.0325801870619
4981,0.00311362284405,0.0152976830676,0.0496266486711
4982,0.00661963947338,0.00978346984799,0.0317011681861
4983,-0.000527734103822,0.0131275488981,0.0523550752436
4984,-0.00142968986614,0.0133508274323,0.0535793167096
4985,-0.00240465348904,0.010244215834,0.0495783610604
4986,0.00102018565726,0.00196338836817,0.0232507398568
4987,0.00398677681563,0.00398542993379,0.0416827781383
4988,0.00677137673904,-0.00415557625018,0.013049745675
4989,0.00597736925996,-0.00221341395604,0.0220883839809
4990,0.0036964205953,0.00124942937124,0.0235118620443
4991,0.000193539641656,0.00781596404145,0.0403871071948
4992,0.0146931751965,-0.007208742792,-0.00273814011267
4993,0.010775139418,-0.00453493309228,0.0168253983395
4994,0.0119766036888,0.00164215914062,0.0277699706264
4995,0.00821611215858,0.00406038203065,0.0344946981633
4996,0.0100658287887,0.00170330651561,0.0270831891259
4997,0.0133099300898,-0.0026136885131,0.0192707779604
4998,0.00614594751757,0.0042786918285,0.0302156782996
4999,0.00456579124694,-0.00152486361594,0.0126851597884
5000,0.00843827260516,0.00163859573451,0.0294338254441
5001,0.00829895359051,0.00502681130463,0.038655810005
5002,0.0087832489608,0.00726128757134,0.0388490436756
5003,0.0016307431882,0.00858888782304,0.0425285435021
5004,-0.000276466984465,0.00624576922562,0.031594710014
5005,0.00973682469332,0.0043667770504,0.0226560794036
5006,0.0051541669594,0.0010481193601,0.0267882534577
5007,0.0140527451465,-0.00320011070063,0.0123203927653
5008,0.00405145370469,0.00273489617639,0.0221652214001
5009,0.0139948137651,0.000650762267799,0.0283849321486
5010,0.0112810894057,-0.00782324352234,0.00867559809896
5011,0.00119357523457,0.00593054151448,0.028237756337
5012,0.000197491085971,0.0103000953468,0.0399278031248
5013,0.000392383534096,0.00475149457706,0.0258894715876
5014,-0.00227558341746,0.00640795993733,0.0263360297178
5015,-0.00486743723313,0.00778322493501,0.0317514501303
5016,0.00583115621301,0.00021167807658,0.0136226765186
5017,0.00418593263513,0.00336498042732,0.0337387920257
5018,0.0170050220678,-0.00780507652535,-0.000246772593603
5019,0.00348512194038,0.00533249664937,0.0294893952511
5020,0.00287033783867,0.00833041930746,0.037807477265
5021,0.00204218026092,0.00107662812029,0.0174993825902
5022,0.00767690591825,0.00103217649675,0.0141837577544
5023,0.00145683084515,0.009376874691,0.0430004744556
5024,0.00807092299916,-0.00238236236363,0.0155409549849
5025,0.00733180799562,0.00667551535811,0.0330274189254
5026,0.0102205895226,-0.00308587618199,0.0236421396214
5027,0.00403427590044,0.00668003464719,0.034912118336
5028,-0.00256281719262,0.0116000778448,0.0411025448243
5029,0.0018489053376,0.0121725850905,0.0505192635601
5030,0.00529216157207,0.00355800586933,0.0285210175658
5031,0.00318354136409,0.00823451696452,0.0436348061075
5032,0.00734126307211,0.00137825694398,0.0208433203851
5033,0.00628213288312,0.00873137051075,0.0416805213508
5034,0.00257339249279,0.00324810903474,0.0242917278331
5035,0.00785567121069,0.00428784553124,0.0372209094241
5036,-0.00394549067933,0.00852250147992,0.0350264737799
5037,0.00355491257199,0.00333259158159,0.0296712696031
5038,0.00324435655982,0.00296432233305,0.0244583892724
5039,0.00187000183832,0.00203225988667,0.0184829967695
5040,0.00759703372361,0.00410721408306,0.0369708085606
5041,-0.00492244695772,0.0118558093842,0.0417481198141
5042,0.00343340493608,0.00385315235707,0.0282079767598
5043,0.00596942218824,0.0120185093617,0.0511989547022
5044,0.00477658007126,0.00722673110559,0.0286994753805
5045,0.00542702145112,-0.00250878701366,0.0202411179474
5046,0.0116520441966,0.000953594594095,0.0287624175954
5047,0.0085639272921,0.00209186933374,0.0296845806728
5048,0.00494770106989,0.00129886625347,0.0232818266587
5049,0.00337634066423,0.00477448730807,0.0311595612643
5050,-0.00263776770702,0.00862628457138,0.0382492726725
5051,0.00831371971853,0.00292756416337,0.0298320868189
5052,0.0118382455924,-0.00729276450659,0.0139326469597
5053,0.0102085021566,0.00493015662969,0.0280035824147
5054,-0.000769415173476,0.00457287731874,0.038036021248
5055,0.0115352390656,-0.00149591422719,0.0133301025465
5056,0.0107089509546,0.00638259500011,0.0316869526487
5057,0.00499234120237,-0.000537926063624,0.0143678975329
5058,0.00346033505142,0.00829324888323,0.0439468242694
5059,0.00648536789707,0.00690842020293,0.0302190087787
5060,0.00244675651414,0.00539095173457,0.0243869397553
5061,0.00670186143204,0.00864124386042,0.0356067928831
5062,3.99989072953e-05,0.00668761956892,0.0279326836747
5063,0.00685817753377,0.00535864748429,0.041379964339
5064,0.00626500441626,0.00586808547712,0.0224331229408
5065,0.00366246098325,0.0033780972063,0.0285450990393
5066,0.00837347362646,0.00616234708421,0.0292792094835
5067,0.0132411975771,-0.00193134695072,0.0196997474069
5068,0.00405443179648,0.0127713044215,0.0396465035444
5069,0.012485954957,-0.00264984199234,0.0141125660137
5070,0.0130999009356,0.00358027503211,0.0342036806941
5071,-0.00103068457146,0.00510170386748,0.0250502840067
5072,0.00512316106663,0.00588574615142,0.0422652861605
5073,0.00603696761185,0.00616313011975,0.0323841745063
5074,-0.000349658292959,0.00917514666793,0.0340843040067
5075,0.00647905159917,0.00278632931988,0.0285961692071
5076,0.00819330222359,-0.00362788106426,0.0129699907637
5077,0.00502372128435,0.00581603330947,0.0421439801244
5078,0.00564538145963,0.00232130449471,0.0320847734436
5079,0.0163565037487,-0.0104343470975,0.0036627336883
5080,0.00633408253745,0.00841064583968,0.0422291648136
5081,0.00907075650423,0.0079049725243,0.0379908104384
5082,0.00820302662439,0.00401474079182,0.0264849097262
5083,0.0131484517409,-0.0018189952236,0.018992379353
5084,-0.00300075892266,0.0160001721008,0.0516084036138
5085,0.00878965843686,-0.00186042194489,0.0169787371676
5086,0.00186885482909,0.00837316005954,0.036223586777
5087,-0.000104104427186,0.00521856077075,0.024039658699
5088,-0.00531810854538,0.0129815028854,0.0399372913134
5089,0.00949793579452,3.34464649887e-05,0.0211180092692
5090,0.00517090343818,0.00446095102042,0.038844766969
5091,0.0134161778523,-0.0019132553008,0.0157044568159
5092,0.00743304800823,0.00290832978615,0.0286604515802
5093,0.00332894131824,0.00475682292869,0.0341109583705
5094,0.0118739212889,0.00216651710723,0.0290336730834
5095,0.003054410771,-0.00313336448086,0.00481792039066
5096,0.00877975185745,0.00200436646954,0.0186296651156
5097,0.0036351836109,0.000834565551767,0.0232782392779
5098,0.0110726626142,-0.00330994171369,0.0188819759402
5099,0.00618419632737,0.00898323279145,0.0420596507929
5100,0.00637484475765,0.00681193775683,0.0293278811857
5101,0.0122114780859,-0.000912855863466,0.0220710422568
5102,-0.00102234255783,0.0118225444511,0.0424773354191
5103,0.00236026747153,-0.000823506839752,0.0185601035552
5104,0.00456582312001,0.00562427986395,0.0313302487109
5105,0.0104364293831,-0.00425139595765,0.010141977607
5106,0.00637003766015,0.00440339069542,0.027291281739
5107,0.018266849407,-0.000905981796488,0.020874766483
5108,0.000859497751572,0.00595155482968,0.0325854549348
5109,0.0106311884456,-0.00130503815528,0.0103558822861
5110,0.00580621418721,-0.00107418288231,0.0134493026803
5111,0.00622119528531,0.00654969678983,0.0275742221737
5112,0.0103599409918,0.000971817615451,0.0157970691496
5113,0.00837957733131,0.00807616594056,0.0421249821293
5114,0.00929102534838,-0.00494004554728,0.0104654892007
5115,0.0135951250331,-0.00334014801066,0.0210645374072
5116,0.0048165677221,0.00516448767244,0.0314755637687
5117,0.0136935470325,-0.00139692429669,0.0205939355736
5118,0.00689298009257,-0.00179519553872,0.024985613701
5119,0.00861428090928,-0.00141123147595,0.0188730189399
5120,0.00633304222093,0.00220013716839,0.0222082356775
5121,0.00536836363039,0.00369661338112,0.0246473489955
5122,0.00398218296793,-0.00183922106725,0.0144158594591
5123,0.00546578592832,0.00124185029449,0.0226880484001
5124,0.00591145868236,0.00202679655787,0.0301126050258
5125,0.00844343595917,0.00386566921867,0.0303745994636
5126,-0.00665007491623,0.0142155467592,0.0399278377899
5127,0.00968467396989,0.00103982521004,0.0161075524453
5128,0.00363453782716,0.00414461180286,0.0416299139961
5129,0.00484812594189,0.0120319120011,0.0419044188417
5130,0.00226039492468,0.00742913001276,0.0356417370733
5131,0.00120329350246,0.00575795639337,0.0295037893735
5132,0.00577894034211,0.00969950795237,0.0436067092062
5133,0.00317496312321,0.0079958660076,0.0430117834046
5134,0.00531668541166,0.00301466218066,0.0224320833585
5135,0.00521256963862,0.00331365715671,0.0249906410688
5136,0.00339197371581,0.00619664800634,0.0290571333604
5137,0.00377252722785,0.0067623900039,0.0310626726494
5138,0.00154675833668,0.00904627952678,0.0451090003263
5139,0.0124622911772,0.00249490681407,0.0242259129111
5140,-0.000823832646973,0.00681984184778,0.0385284375996
5141,0.00669857518739,0.00259225074125,0.02560462711
5142,0.00592627603868,0.00827085289431,0.0270355297444
5143,0.00479287450042,-0.0013463001755,0.0191811413708
5144,0.00295175897056,0.0104820196158,0.0491199422308
5145,0.013503094171,0.00353901652353,0.0363162984083
5146,-0.0035935675814,0.00719557240737,0.0277802467452
5147,0.00250584084622,0.00111806676941,0.0225012650283
5148,-0.000505561924471,0.00549484488276,0.0405855043424
5149,0.00726765794406,0.000434529062129,0.017353491645
5150,0.00925866717889,0.00341742428482,0.033278267767
5151,0.00697929319277,0.00415870756227,0.0276273514092
5152,0.00327716348744,0.00951727107945,0.0346107710214
5153,0.00735945855242,0.00391508358925,0.0306479425542
5154,0.00324169476434,0.009929915328,0.0290798735755
5155,0.00572106535095,-0.00212694561141,0.0147207058044
5156,0.00451702679509,0.00397198317955,0.0365482091348
5157,0.0138293840226,0.0006047893671,0.0351109011
5158,0.00543429268955,0.00435104078161,0.0278632423604
5159,0.00985967751996,0.0045448469656,0.0317795677594
5160,-0.000641003916669,0.0128587964615,0.0519261213442
5161,0.00892073282525,0.00332239056975,0.0184462516211
5162,0.0109736044222,0.00558402304746,0.0256011397649
5163,0.00152573426962,0.00616540745854,0.0372506363576
5164,0.00924601607726,0.00473986616454,0.0363104125892
5165,0.00101822529122,0.00380182050612,0.0312732063698
5166,0.00763565826352,0.00314121002744,0.0312240515714
5167,-0.000303816428991,0.00554932564723,0.0332923810124
5168,0.0059288304526,0.0011628640769,0.0227384433803
5169,0.00722765302831,0.00284733381301,0.0220939127265
5170,-0.00387075381685,0.00761602426159,0.0352065614464
5171,0.00445732996144,0.00561201900429,0.0437678426898
5172,-0.00058234002929,0.00865028820812,0.049581887854
5173,0.00615375451262,0.00545038416878,0.0453178406961
5174,0.00198755381417,0.00899470839262,0.04110434651
5175,0.00375186479441,0.000978377468627,0.0289080516619
5176,0.0141873790568,-0.00149766783226,0.0302739709715
5177,0.00262440834456,0.00808053872792,0.0427202310549
5178,0.000439926959658,0.0164624257809,0.0552441483929
5179,0.00209835794512,0.00456137308127,0.0331519487611
5180,0.00199943196152,0.00356068669798,0.0260130449856
5181,0.00963214907462,-0.00421438450785,0.0154046525737
5182,0.0207728224071,-0.000759273695236,0.0247369136419
5183,0.00195377484477,0.00529665470758,0.0250576403923
5184,0.00170083423826,0.00406978900578,0.0358800129811
5185,0.00483547384689,0.00628039307003,0.0378033106671
5186,0.0108644388808,0.00152562849882,0.0256520840385
5187,-0.00148685457997,0.00594048556388,0.0309904145546
5188,0.00075449420178,0.00996546743037,0.0418598763297
5189,0.000963460415839,0.00478274666703,0.0272886519959
5190,-0.000398147205913,0.00280036752139,0.0228851649912
5191,0.00489085458674,0.00632954683543,0.0350760741152
5192,0.00209870574725,0.00678466933297,0.0255824354674
5193,0.00272831709569,0.00825953226596,0.0450957278886
5194,0.0120824773555,-0.00674225945688,0.00711290786093
5195,0.0015864332925,0.00410933745378,0.0391770843206
5196,0.007835990117,-0.00334520445584,0.0149872111425
5197,0.00136684250521,0.0161169104506,0.046004094825
5198,0.00585938980664,0.00149675065265,0.0359503198283
5199,0.0112938809552,0.00446424509298,0.0248161417677
5200,0.0129024529679,-0.000536748299324,0.0195512948131
5201,0.0112004062468,0.00149599062105,0.0385974539091
5202,0.00428070623993,0.0050733394596,0.0260911912307
5203,-0.0075950899608,0.0115010255809,0.0351132003945
5204,0.00331015380801,0.0059146862231,0.0342660270954
5205,0.0016000011729,0.00783963818505,0.0293636843293
5206,0.00503302700304,0.0117414950516,0.0448932186158
5207,0.00574025344638,-8.48047966102e-05,0.0313787116165
5208,0.00538468126402,0.000161768147131,0.0185982943768
5209,0.0164218209128,-0.00490831694107,0.0136015935276
5210,0.00427434599313,0.00792377836085,0.0339548940359
5211,0.0100768569012,0.000749430826004,0.0159316859196
5212,-3.59261558452e-05,0.00710532036358,0.03664005228
5213,0.0127115718083,0.00137820128388,0.0349105440072
5214,0.00899835929215,0.00700640123458,0.040453273978
5215,0.00784022592592,0.00908338393933,0.0462354712306
5216,0.00629557613166,-0.00128057198663,0.00875130673362
5217,0.0074892156485,0.00732552848878,0.0401447886348
5218,0.00277052754315,0.00772993178053,0.0335020664409
5219,0.020589356143,0.00194558100384,0.0379644423118
5220,0.00441798788328,0.00149948069027,0.0245056717464
5221,0.00297204887242,0.0110464015878,0.0392257688701
5222,0.00366297210126,-0.000185773139736,0.0204255406928
5223,0.00464610520772,0.00520603087615,0.023766959382
5224,0.000463787158711,0.010140647835,0.044672500204
5225,0.00167347071701,0.0083847558359,0.0403945825237
5226,0.00505007237514,-2.56286027642e-05,0.0210587498944
5227,0.00891087777126,0.0027296294053,0.0281003828902
5228,-0.00131022948043,0.00391169075808,0.0309124971065
5229,0.00808228547255,-0.00355482260373,0.0113556040968
5230,0.00610316368205,0.00533187311403,0.0317439348145
5231,0.00156472905694,0.00463905195105,0.0330852900698
5232,-0.00172401237863,0.0110760121728,0.0508993216874
5233,0.00849431933179,0.00236075077997,0.036956413487
5234,0.00212803066236,0.00658651818926,0.0363229582318
5235,0.000963211002942,0.00971429529573,0.040090113832
5236,-0.00388744176491,0.0114326768537,0.0414035715869
5237,0.00536418075704,0.00749892411344,0.0459220859582
5238,0.00700028397711,-0.00438071379343,0.0130048209965
5239,0.00373746352172,0.00344261170901,0.0296793887663
5240,-0.00334472281288,0.0109765941591,0.0361556768875
5241,-0.00195727439468,0.00646522934818,0.0282536042141
5242,0.00708149547775,0.00438223879213,0.0192904086955
5243,0.00701474274347,0.000941248334518,0.0252228844148
5244,0.0032343033884,0.00928375230446,0.031606369149
5245,0.00524746257426,9.85978885775e-05,0.0183011145842
5246,0.0101970246458,0.00776429330233,0.0335597804534
5247,0.00942754212659,-0.00193178864728,0.0145869190677
5248,0.00265188642373,0.00719468621143,0.041019902974
5249,0.00639696129307,0.0119718879237,0.0532214948836
5250,0.00063314156161,0.0130364076318,0.038282007294
5251,-0.000132392106109,0.0107500743923,0.0404482046037
5252,0.0114233774118,0.00267834753716,0.0273543929162
5253,0.00828432562659,0.00409562908553,0.0300584596352
5254,0.0103464294274,0.00218277648137,0.0312503911876
5255,0.000610386704151,0.0103839412536,0.0274692375777
5256,0.014351382232,-0.000666580369117,0.0152786242925
5257,0.00284638466458,0.010095768262,0.0426137432289
5258,0.00352136160329,0.00514254826298,0.0354909802714
5259,0.00480708028838,0.00327502410021,0.0289839959683
5260,0.0031441975145,0.00597452220309,0.0256000725671
5261,0.0091992172893,-0.00071862581363,0.0246280919189
5262,0.00287354208169,0.00741250786364,0.0329069250211
5263,0.00398992345173,0.00767449262651,0.0407996687174
5264,0.0119822693773,-0.00185679749035,0.0290535822403
5265,0.00782401544881,-0.00187327001286,0.0156910297313
5266,0.00380935069198,0.00281489987585,0.0211581513824
5267,0.00515068982965,0.00250434265433,0.0240669979955
5268,0.00331400165476,0.0114423963441,0.0448480690445
5269,-0.00174619005543,0.00771286303148,0.0336489085913
5270,0.00672608274664,0.00752514948924,0.0422778786955
5271,0.00956984005435,-0.00349170519753,0.0239102794061
5272,-0.000814335630218,0.00611066011465,0.0339541794814
5273,0.0135716365,-0.00123171312375,0.0154349663117
5274,0.00698931460343,0.00301963346426,0.0319725279262
5275,0.0116081518816,0.00245264535842,0.0289534702957
5276,0.0147920990416,6.22733254594e-05,0.0287696395844
5277,0.00409651338944,0.00543667016688,0.025130090884
5278,0.00951677350609,0.00260774996391,0.0384464783536
5279,0.0106498025116,0.00154769632762,0.0280820496551
5280,0.00541488100398,0.00467958033155,0.0267626585372
5281,-0.00323077633433,0.0135266860516,0.0469211665182
5282,0.00183017767638,0.0099061360503,0.0452170472753
5283,-0.00249899421789,0.00850335697444,0.0488205474297
5284,0.014894387919,-0.000206759060627,0.0200610550669
5285,0.0119503433845,-0.00186324445431,0.0168448415605
5286,0.00566831483569,0.00888378218808,0.0372962330455
5287,-0.00285892228097,0.00915545365807,0.0314301489479
5288,0.00827642535398,-0.0038948475897,0.014048530132
5289,0.0191954768663,0.00143517567041,0.0322982585635
5290,0.00176908361218,0.000111287524918,0.0103420954012
5291,0.00522920529322,0.00243679108098,0.0302337262333
5292,-0.00147641056876,0.00700516389098,0.0381499046225
5293,0.00759003966459,0.012910484923,0.0432248920412
5294,0.00405851144453,0.00314341912636,0.0260535234021
5295,0.0060468556239,0.00485801955054,0.0232518110361
5296,0.00149806968681,0.00891182509463,0.0325914631819
5297,-0.00127105982551,0.00619362160661,0.0342137008891
5298,-0.00260054793349,0.00929993722534,0.0430742755796
5299,0.00501796237658,0.0027293389331,0.0229142601413
5300,0.00756217791934,0.0020577531462,0.0265639481359
5301,0.0132701311427,-0.00412758991307,0.00681868041666
5302,0.00571533524267,0.00146433306835,0.0307489949024
5303,0.0109175386726,0.00109387476857,0.0226017566141
5304,0.00299621725348,0.00605964905839,0.0303517003134
5305,0.00376525848704,0.00542315112707,0.0271067417005
5306,0.00395535279208,0.00609247608454,0.0351457153681
5307,0.00840438496933,0.00396455301905,0.0255678869915
5308,0.0175616482266,0.000934132126596,0.0191679123334
5309,0.0130041543445,-0.00063754207611,0.0183980348376
5310,0.011274340922,0.000775274642276,0.0282401884457
5311,0.00893023769324,-0.00212561659414,0.0170769887998
5312,0.00865422836054,0.000612623521766,0.0332803519419
5313,-0.00106550593371,0.0105524211451,0.0515032159585
5314,0.00129886827042,0.0140673107887,0.0374578896604
5315,0.00063185562096,0.0038804378251,0.0308566547159
5316,0.0034206392577,0.00677488291856,0.0347669570311
5317,0.00748352450384,0.00844968309278,0.0431883516198
5318,0.00555922675857,0.00514063347965,0.0278540272553
5319,0.00832250520809,-0.00110268415858,0.0202069952129
5320,0.00376372718755,0.00859013708874,0.0344489721132
5321,0.00641601239299,0.00606307705488,0.0398164757669
5322,0.00580490991242,0.00523640639062,0.0356839893653
5323,0.005088425247,0.00812080690766,0.0343841200267
5324,0.00394982897854,0.00794466102802,0.0353061436823
5325,0.00244963943238,0.00877572860666,0.025343407615
5326,0.00589598726591,0.00876432743086,0.0370898447713
5327,-0.00807314766285,0.0126855951807,0.0439018367723
5328,0.00885619472458,0.00730994339891,0.037912563749
5329,0.00413337301645,-0.00119050290574,0.0160073333278
5330,0.00705781378837,0.00733745337102,0.0306931676434
5331,0.00698696393012,-0.00344160920394,0.0113770725109
5332,0.00806468902817,-8.08800680865e-05,0.0254700063453
5333,0.00200343483429,0.0055713596508,0.0309304219951
5334,0.00191762074729,0.00560669762599,0.0316274245988
5335,0.00399687455998,0.00431026795804,0.0170538579605
5336,0.00342978542221,-6.97263704816e-05,0.0217668441155
5337,0.0124521155499,-0.000361480890271,0.0237160069831
5338,0.000812072744042,0.00826313824533,0.031145723826
5339,0.00658297702455,-0.000541305957322,0.0184559833467
5340,0.00256091220153,-0.000867476997388,0.0194935004553
5341,0.0089396986009,0.0044954423964,0.0341287154965
5342,0.00103789316491,0.0110244641949,0.038900362948
5343,0.0116390548535,-0.0019563106261,0.0157197545764
5344,0.00272005689289,0.0104270088069,0.0429771586052
5345,0.00143355983812,0.00170866163031,0.0264026970388
5346,0.0032327103341,0.00133908987641,0.024118542568
5347,0.00647036418981,0.0036304250289,0.0322381897295
5348,0.000678245485033,0.00602082106021,0.0394905542552
5349,0.00487553215348,0.000249194607859,0.018689338535
5350,0.00102056559384,0.00139060652233,0.0151775593816
5351,-0.00536390385274,0.013602347242,0.0460085478221
5352,0.0147156445,-2.11040593427e-05,0.0303272230878
5353,-0.00394101914953,0.0148969925448,0.0441129264534
5354,0.00978553333246,-0.00170255388077,0.0193513392856
5355,0.0015819278841,0.0103540682091,0.0353929862992
5356,0.00164615215493,0.00215424425261,0.019153009656
5357,0.00219800688198,0.00680195072482,0.0355161644925
5358,0.00666403922143,0.00175297064466,0.0207275805571
5359,0.00472279967611,0.0112904322486,0.0466842748723
5360,0.00218461359548,0.00234089856275,0.0243478444781
5361,0.00617949487359,0.00487049238161,0.0311120594403
5362,-0.00137393135977,0.00952741192725,0.0319871090729
5363,0.00239825611454,0.00495951950882,0.027064282826
5364,0.00939898397335,0.00532168647421,0.0283725782882
5365,0.00148768349713,0.00875152306418,0.0373305048438
5366,0.0101608639278,0.00546160686286,0.0319085529418
5367,0.00600968261129,0.00512088403445,0.0315861098485
5368,0.00679292355678,0.00385730775331,0.0268723098806
5369,0.00882055433285,-0.00162401193692,0.018910483238
5370,0.00946665876483,-0.00108017782418,0.0127823267938
5371,0.00476801622576,0.000499830919563,0.0279072915562
5372,0.00558198261645,0.00295439878636,0.0226711196191
5373,0.0110939528129,-0.000333908938197,0.0160170245191
5374,0.00805992108973,0.00851896745795,0.0490093858471
5375,0.00979758289057,0.00101395892216,0.0275674316299
5376,0.00228437853339,0.00941847276236,0.0591777537364
5377,0.0106730321309,0.000560508192689,0.0196283880678
5378,0.00392388141895,0.00952036605588,0.035450607414
5379,0.00361856521748,0.00667570424831,0.0345324221966
5380,0.00670154001574,0.00371474138406,0.0350504813689
5381,0.0064986675534,0.00709118246123,0.0372817931022
5382,0.00291067387103,0.00665648056334,0.0304124224446
5383,0.00890909365787,0.00354758435951,0.0362840393801
5384,0.00514647874327,0.00298744360162,0.0181737163655
5385,0.00216008761241,0.00806052968924,0.0401761847873
5386,0.00858658417321,0.00737170775243,0.0500746535782
5387,0.00982777089245,0.0021314680413,0.0309326975175
5388,0.018060758993,-0.00247134605261,0.027790437203
5389,0.00482264265715,0.00517948177241,0.0315309745628
5390,0.0170397102253,-0.00665150347712,0.0157869443357
5391,0.00456350159031,0.0020024328671,0.026900645905
5392,-0.00206774004962,0.00489626776787,0.0214940701088
5393,0.00423853244362,0.011925632814,0.0490095648486
5394,0.0129609517112,-0.00650393203762,0.0092564054666
5395,-0.00455255761303,0.00925932483664,0.0385619331104
5396,-0.000723735223003,0.0146339399372,0.0624581472979
5397,0.00231111019263,0.00538535360563,0.0427974150793
5398,0.0123613040921,0.000588169991448,0.0212009126395
5399,0.00250601261571,0.00647030846199,0.0405753623992
5400,-0.00265977100229,0.00702197758166,0.0378749048683
5401,0.0147566414019,-0.000292503874103,0.0195827754562
5402,0.000715667491362,0.00337723063043,0.0295671738537
5403,-0.000294854202521,0.0145092665414,0.0502919329078
5404,0.0104015067842,-0.00216612954281,0.0200613893689
5405,0.00793851528092,0.00755525903347,0.0464211214152
5406,-0.0105160366338,0.0162230878069,0.0598947741889
5407,0.00733109176505,-0.00246038397826,0.0218184738524
5408,0.00408122416108,0.000646697708291,0.0197223950302
5409,0.0104268396641,0.00583306849136,0.0373857461668
5410,0.014770573167,0.000233043757248,0.0164880033537
5411,0.00101635053729,0.00717800012568,0.0460726765186
5412,0.00136778661236,0.00721174992184,0.0299291770595
5413,0.00299953617217,0.0109098334515,0.0555091382506
5414,0.00300916826097,0.00971989386306,0.0392280196668
5415,0.0101652184004,-3.742638921e-05,0.0225529204956
5416,-0.00153082226069,0.00447788369563,0.0297031962881
5417,0.00994776250054,0.00407222811776,0.0359071208834
5418,0.00533052694606,0.00344516153868,0.0284331080563
5419,-0.00302703604782,0.0142408913873,0.044678594733
5420,0.00638235850751,0.000750428020853,0.0162679724638
5421,0.00375853286708,0.00769319572824,0.0417696300899
5422,0.0079172711858,0.00490598565941,0.0301210905012
5423,0.00442901080453,0.00433644445442,0.0327068092078
5424,2.40808063103e-05,0.00536547455077,0.0337113183596
5425,0.00207421075793,0.00766725010129,0.019142592594
5426,0.00721273765842,0.0132206123546,0.064308307043
5427,0.000945100907958,0.00539199315663,0.0381631257541
5428,-0.000254583918098,0.00621380050972,0.0272593482725
5429,-0.000739269595532,0.00578931903846,0.0398139768974
5430,0.012294362946,0.00878980984255,0.0420317890001
5431,-0.00158272629774,0.00906789638954,0.0403925149487
5432,0.00462706909336,0.00656857894403,0.0348690847513
5433,0.00812729858133,0.00300947004155,0.0179212152752
5434,0.00101240480791,0.00964982846807,0.0349689039119
5435,0.00537213110814,-0.00489759907115,0.0137911301232
5436,0.00672258590068,0.000846734249154,0.0326395976212
5437,0.00379170418447,0.0123899475167,0.0458545123938
5438,0.00351159153672,0.00946813693372,0.0478509637098
5439,0.00111419870219,0.00435193841393,0.0242715374649
5440,0.00617844258747,0.00144520231247,0.0267531322216
5441,0.00428078216979,0.00531526573309,0.031713056416
5442,0.00830150534239,0.00771786789113,0.0499759371853
5443,-0.00219767731735,0.00333910216837,0.0311456983854
5444,0.00562180879835,0.00657043180491,0.0246530066937
5445,-0.00364549069656,0.00833918530643,0.0384414229177
5446,0.00703265973584,-0.00430624483945,0.0172833015897
5447,0.00700602786013,0.00233714847051,0.0283573657116
5448,0.00453261622778,0.00519581553527,0.0336342053537
5449,0.00705848834542,0.00169544842606,0.0176426255395
5450,0.00814899502649,-0.00181434820575,0.0193170929721
5451,0.00548976645929,0.00377889092784,0.0350300490725
5452,-0.00367545622536,0.0102958122292,0.0317132216551
5453,0.00907634289425,0.00843631238542,0.0453381160247
5454,0.00588526795975,0.00414472796819,0.0217340014515
5455,0.0126335908316,-0.000386419023496,0.0183615762932
5456,0.0146381443409,0.00205737754762,0.0313344398386
5457,-0.000917681289633,0.00986021344838,0.0327464487874
5458,0.00588618936679,-0.00079660890826,0.0198279232816
5459,0.00374622013401,0.00718356897733,0.0420768715707
5460,0.00557187488041,0.00570813415314,0.0412764531214
5461,0.00351608030518,0.003003400926,0.0294786258719
5462,0.000485992453956,0.0141363405586,0.0456915182703
5463,0.00859181999203,0.00526418600772,0.0337706088684
5464,0.00213176200375,0.0069061733506,0.035347639948
5465,-0.00160934041189,0.00900320376147,0.0309378511206
5466,0.00998499435553,0.000824797722149,0.0265197160391
5467,0.00137801474821,0.00874255555491,0.0313972609209
5468,0.00362742364168,0.00317446672672,0.0316756254403
5469,0.0062445548759,0.00495427816863,0.0283911272791
5470,0.00301133150659,0.00676821083639,0.0429114429699
5471,0.00765817479474,0.00294142769353,0.0291513518804
5472,0.0117652783622,0.00198254380379,0.0267392849067
5473,0.0070503643888,-0.00105290632088,0.0281510370132
5474,0.00141743629703,0.00740257589111,0.0312972812948
5475,0.00631662272542,-0.00229610680516,0.0335503379535
5476,0.00138403631858,0.0130480515051,0.0466643479857
5477,0.00890778993751,-0.000553371609412,0.0299399560994
5478,0.0154609490832,-0.00559266249391,0.00605107274464
5479,0.00957725581055,0.00433654234305,0.0350987534362
5480,0.0061449095133,0.000590125189183,0.0250369813765
5481,0.0037383221792,0.0028106542928,0.0256980079044
5482,0.00180707207255,0.0126032689328,0.0539906122811
5483,0.00095672527753,0.00946326391016,0.0329663014317
5484,0.00154907281877,0.0106732969338,0.041972039494
5485,0.00988234869836,0.00161871423409,0.0211188761306
5486,0.00843858568128,0.00339527800133,0.0260997480652
5487,-0.00195174120917,0.0046551828032,0.0314863879974
5488,0.00404171377668,0.0057179911515,0.0335197224014
5489,0.0058733688723,0.0024588603612,0.0237700603496
5490,0.00362041534096,0.00692117693484,0.0257216023986
5491,0.0152132952384,-0.00595298702227,0.0100325006038
5492,0.00782140196247,0.0012708564246,0.0189391167075
5493,0.00618402446645,0.00220323892443,0.0170964607043
5494,0.00284008160044,0.0027961643386,0.0254064111814
5495,0.00109186476897,0.00373253378317,0.0223298405976
5496,0.000108670479333,0.0091792351039,0.0421401869199
5497,0.0146097055389,0.00187224738994,0.0253516325341
5498,0.00527006235521,-0.00410719933892,0.0167660732698
5499,0.00486672239939,0.00101754257258,0.016203280874
5500,-0.00488845391651,0.0142142194247,0.0597388133833
5501,0.000208962509159,0.00615600068733,0.0399002297313
5502,0.00941151303016,-0.000627583698176,0.0212904456613
5503,0.00560480005819,0.00423935764014,0.0290368822428
5504,0.00127537629958,0.00456932978645,0.0158422267278
5505,0.00444298247198,0.0052308549325,0.0221185360808
5506,0.00402002904626,0.000651905920327,0.0239141651603
5507,0.00422267530226,0.00707538506361,0.0210729730463
5508,0.00180155990176,0.00677448555822,0.0402326134343
5509,0.0131942526765,0.000738150206683,0.0309544262719
5510,0.00531225561146,0.00512493321921,0.0336659248061
5511,0.00439690585707,0.0100631204694,0.0507991165324
5512,0.00289696654972,0.00704390617465,0.0327354682023
5513,-0.00144027906799,0.0111029170229,0.0330388595111
5514,0.00544304118699,0.00542148165243,0.0272158485054
5515,0.00548447220382,0.00532156804424,0.0372840548085
5516,0.0119761974366,0.00222295605783,0.0342752710251
5517,0.0121630737102,-0.00665326304629,0.00876201698293
5518,0.0124907363777,-0.00120818093972,0.0217865896393
5519,0.00618240636634,0.00665648087673,0.0295185086044
5520,-0.00354239335156,0.0167890299416,0.0558670147781
5521,0.0099829615001,0.00216360961354,0.0239887165018
5522,0.00731372257481,0.0045035664985,0.0220001620743
5523,0.00863316647887,0.00321192267183,0.0325051566243
5524,0.00137878481551,0.00389245504218,0.0272441993641
5525,0.00290007331544,0.00238689190216,0.0328659044485
5526,0.0132879761905,0.00206825903899,0.0309669020612
5527,0.01284646339,-0.00404028335022,0.0126453715735
5528,0.00579439638883,0.00297864592659,0.0222440981354
5529,-0.00045465672318,0.0112370583204,0.0439928955119
5530,-0.00411097773909,0.0174261802803,0.0523053531098
5531,0.0154675492071,0.000787340456717,0.0176435080022
5532,0.010614353453,0.00195380987093,0.028951052908
5533,0.00059704116414,0.0107077820016,0.0437300216465
5534,0.00305018318567,0.00889106034418,0.0343151736043
5535,2.27315325851e-06,0.0153577444938,0.0526466991221
5536,0.0026215964031,0.0100521501169,0.0507063940172
5537,-0.00193533500751,0.00903221099184,0.0358281660122
5538,0.00563183559114,0.00321551725447,0.0253930955378
5539,0.00256828407284,0.00449255686158,0.0212806226382
5540,0.00855314592826,0.00318480588325,0.0181896351617
5541,0.00419807495074,0.00731857498807,0.031602827439
5542,0.015764483506,-0.00119219846169,0.0173208152996
5543,-0.00169208316902,0.00390491619784,0.0260581207434
5544,-0.000562354151601,0.00528147791732,0.0241469667397
5545,0.00361012512978,0.000976617897499,0.0139526064454
5546,0.00809098341302,0.0001326573002,0.0154866291661
5547,-0.0019924128832,0.00566174960593,0.0348727814232
5548,0.00549923823902,0.00291136796348,0.0229827536852
5549,0.0139324115658,-0.00136853926753,0.01371189216
5550,0.00435235843025,0.00379706990013,0.0267583104537
5551,0.0043560475241,0.00824529714484,0.0370224717876
5552,0.00557821364526,0.000181141728111,0.017268647261
5553,0.00729623772488,0.00172756755088,0.0293441577683
5554,0.00975936106559,-0.00444874873867,0.0106715025457
5555,0.0104365586613,-0.00310136359162,0.0186482105861
5556,0.00570683328815,0.00563466003062,0.0392308900051
5557,0.0101193205745,0.00105453127476,0.0387243766813
5558,0.0117445923394,-0.000248550478267,0.0245565197488
5559,0.00782686993385,0.00335747811192,0.0389516269019
5560,0.00561418938412,-0.00271076345635,0.0146271118525
5561,-0.00210544850284,0.00450204509236,0.028940248743
5562,0.012144801706,-0.00119808893435,0.0148978322243
5563,0.0114497455844,0.00332467018008,0.0348340150764
5564,0.0154892973939,-0.00110424093044,0.0199299876597
5565,0.00559357531754,0.00228834823746,0.0234207200034
5566,0.00809762656986,0.00409589542789,0.0226383392075
5567,0.00426192127079,0.00138828183282,0.0236025799335
5568,0.0053045087234,0.00946358762999,0.0334628435969
5569,0.0110413694015,-0.00115765781081,0.0202990849575
5570,0.00377906635985,0.00705945546133,0.0291882026876
5571,0.00844964086669,-0.00457108698211,0.00899673575486
5572,0.0164930427617,-0.0077447246992,0.0139803402483
5573,0.00588698758469,0.000441620954054,0.0146373216937
5574,-0.000968745874534,0.0111638383678,0.0444699111325
5575,0.000806438304207,0.0160884914148,0.0594246546707
5576,-0.00374952000747,0.00977847192311,0.0432587797042
5577,-0.00398492540658,0.00949380056701,0.0261841132865
5578,0.00179581468773,0.0110796259536,0.0457633831716
5579,0.00115683572684,0.0124245402059,0.0534810545054
5580,0.00533424395846,0.0141087467149,0.0520484809299
5581,0.00853315070086,0.0066514907183,0.0401303863575
5582,-0.00278650020767,0.0110572885641,0.0390610614748
5583,-0.00589798439287,0.00803489898402,0.0360259579521
5584,-0.00422678221375,0.00740846019227,0.0282876376537
5585,-0.00253948933026,0.00871186548655,0.0360254040336
5586,0.00128457901391,0.0115338672863,0.0469101262448
5587,0.000996113342939,0.00594527250914,0.0288221561002
5588,0.00553182408936,0.00888823875119,0.0448038849566
5589,0.00166080247067,0.00673115056267,0.0306534964279
5590,0.00513597193143,-0.000495977961795,0.0212250359664
5591,0.0028473943937,-0.000852529849631,0.0217952105718
5592,0.0101557545892,0.000309867531744,0.0165632216711
5593,0.0138947180098,-0.00186399097062,0.0182273827396
5594,0.0074641610652,0.00852249996177,0.0355666686816
5595,0.00656357932007,0.00087479443144,0.0185132270944
5596,-0.00215081305062,0.00699929553374,0.0290375476781
5597,0.00201950507409,0.00544716433912,0.0286557269063
5598,-0.0042128165596,0.013738397192,0.0398636208253
5599,0.00586007432622,0.00939622409113,0.0479098894184
5600,0.00578542506716,0.0101934479216,0.0333598908521
5601,0.00741416109221,0.00258276374071,0.0312686227194
5602,0.00280080357208,0.00973339001857,0.0449333305499
5603,0.0150866129815,-0.00578597763487,0.0110315410988
5604,9.03526338891e-05,0.00579268542495,0.0226581786327
5605,-0.00377487691078,0.00764922635626,0.0303815419355
5606,0.00152995260091,0.00988637911954,0.0404291272192
5607,0.000446193324703,0.0167229024252,0.0482045704368
5608,0.00169721541839,0.00589319942007,0.0390210586517
5609,0.0127726424446,-0.00189320823797,0.0172074820637
5610,0.00639776265063,0.00526741340064,0.0368124501377
5611,0.009162094618,0.00156414029569,0.023241346516
5612,0.00438111066221,0.00621978447108,0.0374405445624
5613,0.0136765579449,-0.0057325068361,0.0191080387138
5614,0.0080823170131,0.0011511622236,0.0118433795791
5615,0.00969484826339,0.000648459707117,0.0248733154813
5616,0.0145418599519,-0.00324839194572,0.0151055323475
5617,0.0124846266702,-0.00513788794475,0.00755215132442
5618,0.00954369210043,0.0012358641982,0.0247719326098
5619,0.00852085744102,0.00504376445334,0.0339428532515
5620,0.00526893006681,0.00517733941936,0.036146430099
5621,0.00508471258557,0.00128352321009,0.0166206142743
5622,0.000988093861853,0.00720652929328,0.0349190599815
5623,0.00265529822489,0.00532064323952,0.0377037756786
5624,0.00473836778826,0.00302543517651,0.0272189220097
5625,0.0103427835417,-0.00183545634422,0.019114320545
5626,0.00792674635415,0.00703825477753,0.041339230609
5627,0.00378279592105,0.00742225632422,0.034110641101
5628,0.00309249089864,0.00424940755446,0.0200838008148
5629,0.0056200039027,0.0021533313407,0.0264683444911
5630,0.00635506627726,0.00400425939534,0.0265344875561
5631,0.00591501941719,0.00779486804486,0.0388794271884
5632,-0.00504686032388,0.00847025478166,0.0339354816165
5633,0.010152288866,0.00253393182969,0.0321220294906
5634,0.0116403016903,0.0024483685211,0.0207606033873
5635,0.0129786052082,-0.000755529940127,0.0293106848922
5636,0.00124792560884,0.00401044402464,0.0192881397847
5637,0.00634502875226,0.00490723487987,0.0412558044089
5638,0.0182733958157,0.000831079405642,0.0293273445095
5639,-0.00168853473195,0.0158932907597,0.0471555747984
5640,0.00368819865212,0.00346335307906,0.022081771549
5641,0.00457710084989,-0.00234620757785,0.0122347455802
5642,-0.00220232589235,0.00715924755669,0.0264888343079
5643,1.91677515768e-05,0.00541598812687,0.0245837762486
5644,0.00227300114469,0.00810024822116,0.0368301372728
5645,0.00952221819381,0.00307113437896,0.0287786535603
5646,0.00211016712099,0.00584121930348,0.0374603482586
5647,0.0143517853037,-0.00161340642498,0.0224851279185
5648,0.00429177147086,0.000628158291954,0.0193490800491
5649,-0.00208044712613,0.012523714902,0.0392068594689
5650,0.00622920178068,0.0050200844858,0.0335762842855
5651,0.00367906004465,0.00804434016895,0.0543710014962
5652,0.00702099282582,0.00511127576105,0.0373752727976
5653,-0.0018523047265,0.01212296855,0.0455340857793
5654,0.00444293010031,0.000876917735487,0.0320029448073
5655,0.00484903428079,0.00454646894577,0.0285024448355
5656,0.00571044329858,0.00611087962131,0.0223538352016
5657,0.00212817664022,0.00969609459224,0.0414317646414
5658,0.00183034902052,0.00291052229548,0.020578461434
5659,-0.000285806895243,0.00426861336032,0.024968711094
5660,0.0151113133907,-0.00290880485503,0.0148975128226
5661,0.00658887418003,0.00686285540886,0.0324357944848
5662,-0.00690632981991,0.00852606726271,0.041452069259
5663,0.00851363782259,0.00287329783611,0.0169897335571
5664,0.0044415587215,0.0100059877961,0.0552029585185
5665,-0.00353308313801,0.00877296987975,0.0411270471903
5666,0.00542083281672,0.00419481431981,0.0332086162837
5667,0.00588135709196,0.00131791515573,0.0238749979458
5668,-0.00434223717945,0.00856080867037,0.0416084809982
5669,0.00360447609894,0.00119460926662,0.0217144346532
5670,0.00217171025515,0.00140641054409,0.0230039708548
5671,-0.00160155152284,0.0105784948442,0.0486254696916
5672,0.00784953304638,0.00658393444472,0.0281228916801
5673,-0.00358311323268,0.0134835624018,0.0449106375181
5674,0.00630792329796,0.00234112847632,0.0237449545573
5675,0.00535097582987,0.00607787557152,0.031115585732
5676,0.0104329357829,0.00139109390216,0.0360075260808
5677,0.000437903270104,0.00301508416684,0.0314686730469
5678,0.0101974056553,0.00259363033318,0.0329884953751
5679,0.0031166106646,0.00298412579265,0.0227341467108
5680,0.00484554914052,0.00335256235907,0.0299366253403
5681,0.00743902846388,0.000419616791225,0.0225646561391
5682,0.00570288460334,-0.00165165681064,0.0129062201823
5683,0.0097427461561,0.000917722928847,0.0219665820107
5684,0.00525023314537,0.00569454852664,0.0348541264188
5685,0.0104192181045,0.00189650816873,0.0349657784099
5686,0.00583625486869,0.00219221276504,0.0188633317398
5687,-0.000508190465451,0.0056745818763,0.02432983435
5688,-0.00126668095107,0.00683648513916,0.0388506152547
5689,0.00523018528502,0.00875420750018,0.0331864180936
5690,0.00875184415064,-0.00301576853466,0.0204977770839
5691,0.00468099730957,-0.000873598703015,0.0235259851234
5692,0.00518405566467,0.000120352136541,0.0227542351476
5693,0.00760340140349,0.0024203062814,0.0192030078465
5694,0.00936394631055,-0.00598424816792,0.00941379898421
5695,0.000846640952713,0.0114886346196,0.0546088769555
5696,0.00200320578393,0.0114906436913,0.0453354412372
5697,0.00251713914248,0.00545626094297,0.0265258333954
5698,0.00558306210921,0.00266417253352,0.0289426360028
5699,0.0042675572112,-0.000913137528264,0.0234085696778
5700,-0.0040574216212,0.0113137669202,0.0424362528173
5701,0.00300350485615,0.00518153026472,0.0401642396214
5702,0.000484517698522,0.0101171461035,0.0497863406721
5703,0.0169973873124,-0.00820830941577,0.00534174047143
5704,0.00559292457564,0.011352673864,0.044067992318
5705,0.00792216750785,0.00319179422784,0.0304144716995
5706,0.00727073543749,0.00240043921941,0.0277974669441
5707,0.00258898501564,0.00695941944558,0.0384950144923
5708,0.0134379779581,-0.00093369496763,0.0148357685475
5709,0.00324538551576,0.00281809993495,0.0333661635408
5710,0.0157156416011,-0.00602605887541,0.00463517914616
5711,0.0104496157698,0.00460805714621,0.0366093081313
5712,0.00917410196926,0.00365637797178,0.0178768852444
5713,0.00888306511052,1.15428428175e-05,0.0158051058542
5714,0.000399994032511,0.00447880174559,0.0250866606113
5715,0.00246218022731,0.008842495493,0.0335959273589
5716,0.0019728133972,0.00191551693594,0.0208859603117
5717,0.00869017446026,-0.00460917757699,0.00880565270508
5718,0.00381732347377,0.0131960122757,0.055204090986
5719,0.0182293727025,-0.00332135575636,0.0194382737315
5720,0.014562718572,0.00162284094022,0.024926039917
5721,0.0141359005019,0.00164386229283,0.026996501108
5722,0.00549508858035,0.00189147074906,0.0203291700313
5723,0.00187018113067,0.00314225637088,0.0303765144869
5724,-0.000850709204413,0.00639292976876,0.030234578981
5725,0.00828261007548,0.00478033226353,0.0365648336944
5726,0.0130668265902,-0.00587105620157,0.0137982234375
5727,0.00329255691971,-0.00189055168306,0.0162798876127
5728,0.004237959566,0.00334961235121,0.0225166123452
5729,0.00909503055206,-0.00166723958534,0.0120464621026
5730,0.0109761354561,-0.00329701431647,0.0139696953791
5731,0.00542262364219,0.00133666503478,0.020709474645
5732,0.0153824948617,-0.00178574146046,0.0328304004136
5733,0.00925447878528,0.00511906639323,0.0361104506302
5734,0.0109052289191,0.0039516509338,0.0308162932168
5735,0.00910994745608,0.00668500476971,0.0326129867014
5736,0.00579552410128,-0.00254774913735,0.0108199533172
5737,0.00513250517855,0.00462207565057,0.0246064694615
5738,0.0117129278763,-0.00354813438877,0.00750161083709
5739,0.00436203111312,0.00517932965756,0.0314862707002
5740,0.00325474760521,0.00837942253472,0.0476550578905
5741,0.000687976130694,0.00983409191455,0.0388685759595
5742,0.00898030526935,0.00984382732059,0.0419164514135
5743,0.00429348342821,0.00915251357013,0.0372532039072
5744,-0.00149193099039,0.01043071482,0.0437300945531
5745,0.00270268233205,0.0143056600822,0.063879189151
5746,0.00345817977712,0.00758918422205,0.0360483217403
5747,-0.00518070582134,0.0121617205702,0.0380824771681
5748,0.00926642466091,-0.00233033811501,0.0209321838387
5749,0.000348945783792,0.00351883726741,0.0334435602126
5750,0.00716614845089,0.00643575319817,0.0359003893112
5751,0.00266865537931,0.002196959167,0.0230874922096
5752,-0.00107140699389,0.00420396128491,0.029116643247
5753,0.00301764509091,0.00634520931961,0.0379673479508
5754,0.0143737813595,-0.00275953651728,0.0123195705096
5755,-0.00280786983655,0.00600815120959,0.0336128198322
5756,0.00309659096706,0.00663062074978,0.0398589756246
5757,0.00527574918738,-0.000589687434199,0.0212273321277
5758,0.0107683668897,0.00105016286928,0.0274284286933
5759,0.0112679415528,-0.00119748241756,0.0235189499257
5760,0.0113191961529,-0.00394338462293,0.0140335626326
5761,0.00316421977433,0.000844602622877,0.0174308332219
5762,0.00507646450547,0.00154888428022,0.0321238787029
5763,0.00384854640989,0.00021691704043,0.0118517599198
5764,-0.00279166709968,0.0161651974283,0.054578755382
5765,0.0100623710998,0.0064200407601,0.0351813852979
5766,0.000901274256011,0.00436903438438,0.022303824034
5767,0.00449172976582,0.00272900663559,0.022018389375
5768,0.00722156133416,0.0105797045612,0.0401177613849
5769,0.00573459034765,0.00689845691133,0.0360238520524
5770,0.0132089625844,0.000916494163251,0.0162599894249
5771,-0.00532304382783,0.0138056126331,0.0430475832675
5772,0.00698384617894,0.00626418245186,0.0339006582129
5773,0.00865236690434,0.00185915241284,0.0322407987797
5774,0.00656387481842,0.00126166324761,0.0328613775535
5775,0.00676294722997,0.00435666919824,0.0308220642872
5776,-0.00330176980835,0.0134009895767,0.0545722463736
5777,0.00182799431392,0.00898349747405,0.0391473055208
5778,0.00995913220571,-0.00236417350507,0.0142538467547
5779,0.00305980807296,0.00568469248762,0.0220358301392
5780,0.00943714582208,8.42040181488e-05,0.0222175947556
5781,-0.00652714194486,0.0140505768861,0.0511691849765
5782,0.00372728000859,0.00104399726963,0.0233028579543
5783,-0.00397616695552,0.00946584333648,0.0340632352674
5784,0.00980957991276,0.000262823238263,0.0257189619982
5785,0.00687532723557,0.00988071771286,0.0441140750076
5786,-0.00244639018203,0.00738803604017,0.0300047655627
5787,0.00839732182117,0.000679184895903,0.0174409494224
5788,0.0187358959358,-0.00554754033302,0.00452768848337
5789,0.00795172341855,0.00740721637304,0.0397500748013
5790,0.0147237480992,0.00498248618341,0.0275423684384
5791,0.00486782372259,0.00373595802447,0.0271335588415
5792,0.00401918275095,0.00443403061195,0.0345700683854
5793,0.00882770095325,0.000452782128514,0.0280691008951
5794,0.00472067961052,0.00701298074953,0.0451781289573
5795,0.0166775258121,-0.00439994613704,0.01937448338
5796,0.000725603588552,0.00850885447022,0.0327000168986
5797,-0.00175480751957,0.00968128401297,0.0355886837427
5798,0.00918246932382,0.00040409559774,0.0273880168595
5799,0.00657215252935,-4.30130533918e-06,0.0193423975001
5800,-0.00454978519335,0.00595624732182,0.0265674503708
5801,0.00274954277089,0.00406829280003,0.0326310043742
5802,0.00622031239605,-0.00174428167467,0.0163357044702
5803,-6.95501554778e-05,0.00935697300323,0.0464967061371
5804,0.00361046524722,0.00405632854399,0.0293264257446
5805,0.0104827014905,-0.00284985464696,0.0154853346325
5806,0.00634195425986,0.0019161182166,0.0283299842451
5807,0.0032147765492,0.0118724538795,0.0422735118192
5808,0.00453968222598,0.00554253899975,0.0339306201224
5809,0.00561280129687,0.00358295484519,0.022232058456
5810,0.00865636885416,0.00524026143139,0.0311930991783
5811,0.0101542862866,0.00318821070596,0.0235405101279
5812,0.00872660451545,0.00207792818847,0.0231197154857
5813,0.00248401851418,0.00737442653701,0.0281229170052
5814,-0.000614974185478,0.0113773853638,0.0395760790663
5815,0.0066028270358,0.00139956884353,0.0257849957165
5816,0.00342211805344,-0.000117596768846,0.0149266269946
5817,-0.00262630017617,0.00755221188731,0.0323958490724
5818,0.000284455991366,0.00725766219454,0.0427407478274
5819,0.00709152270633,-0.0068525064438,0.0154712178809
5820,0.00354867693893,0.00457284023101,0.0366021911921
5821,0.00917686929124,0.000915429153226,0.0257245621403
5822,0.0147866774445,-0.0041510008416,0.0205460750905
5823,-0.00444938000986,0.0107799802936,0.0441148302442
5824,0.0154259371068,-0.00302301468186,0.0178475596731
5825,0.00803114448017,0.000898943728971,0.0110321875535
5826,-0.000418576850038,0.0063903987308,0.0315024350898
5827,0.00848761524868,0.0062835932915,0.0335428230074
5828,0.00795488437003,0.00118564370541,0.0214353405892
5829,0.00881450780484,0.00276159102676,0.025324929766
5830,0.00142123403876,0.00516670837667,0.0247131631738
5831,0.012039509668,-0.00158424585187,0.0190678373761
5832,0.00635851072246,-0.00283223677936,0.0216238843098
5833,0.0124908525491,0.00298635839063,0.0231256955948
5834,0.00140513591599,0.00888467111367,0.0333166823649
5835,0.0102824300827,0.00158899275715,0.020157301675
5836,0.00979700857177,0.00279885688719,0.0288455043188
5837,0.00791086126152,0.00079278800499,0.0188758559348
5838,0.00379860267685,0.00387499620365,0.0299886935394
5839,0.0029063219954,0.00821472334044,0.0265294533161
5840,0.00724849047621,-0.000643559790379,0.0212147604949
5841,0.00479155392462,-0.000266924811092,0.0192689761571
5842,0.00936783481586,0.000197018157531,0.0207356267111
5843,0.0117298522694,-0.00136222702233,0.0244353144019
5844,0.00760972155869,0.00137629488673,0.0316800765601
5845,0.000228658140446,0.0109199858284,0.043028711634
5846,0.000501241362184,0.0152451743069,0.0466427103063
5847,0.00482756985433,0.0100510769209,0.0403110309983
5848,0.00598637633688,0.00510660009225,0.0287711345258
5849,0.00442281324169,0.00947392961305,0.0369302820913
5850,0.00255842151342,0.00446685624236,0.0189802278106
5851,0.00684810756327,0.00746370656593,0.0370187151737
5852,0.0117782118861,-0.0013126783062,0.0295227699509
5853,0.00492090779606,0.00543636362029,0.0276162178988
5854,0.00620404558707,0.00635156198312,0.0357363310314
5855,0.00870115023266,-0.000360409490587,0.0112543101073
5856,0.00397687849563,0.00445481792365,0.0345240035354
5857,0.0030736100151,0.00826576221551,0.0289412079182
5858,-1.84796459611e-05,0.00988719493515,0.0378484326137
5859,0.0116872920443,-0.000485635798101,0.0139432125481
5860,0.00931817619078,0.00770568423672,0.0318695609818
5861,0.00147154991551,0.00656746644593,0.0379078074514
5862,0.00198956476737,0.00469994355996,0.0217071846296
5863,0.0106978013123,-0.00365436089337,0.027633352195
5864,0.00738914320158,0.000677914368081,0.0151560844741
5865,0.00911929934868,0.00128363323709,0.0255929831413
5866,0.00784210109502,0.0041611969972,0.0351553860732
5867,-0.00190498572184,0.00410890045733,0.0244642326041
5868,0.0116165787943,-0.000398495008645,0.0156004928872
5869,0.00220212582984,0.00522799194764,0.0289774002121
5870,0.00670634632492,0.00135396539646,0.0161404471107
5871,0.0071667975335,0.00527910636294,0.0413050906896
5872,0.00607487277286,0.00463106717634,0.0224176582574
5873,-0.00722854327443,0.0119844642654,0.0437652646157
5874,0.00564901165517,0.00710466863554,0.0264564162204
5875,-0.00400512355112,0.00584007746816,0.0320812468305
5876,0.00627589435691,0.0101755989725,0.0420481073977
5877,0.00396193600567,0.0040144380317,0.0282564367976
5878,0.0109634520682,-0.00312863643916,0.0131990210261
5879,0.000711194278687,0.00832836699294,0.0301172602635
5880,0.00293409105484,0.00866128980669,0.0311602727801
5881,0.00474122516879,0.0106664833348,0.0420554796923
5882,0.00180530561823,0.00565939641046,0.0305445790967
5883,0.0107757939803,0.0045095775302,0.0304472648737
5884,0.00416565269091,0.00541603995487,0.0283721641411
5885,0.002163511608,0.00866552424678,0.0326473260895
5886,0.00145257294743,0.00802260698207,0.0369365762312
5887,0.0138410996596,-0.00133028695846,0.0213359665611
5888,0.00127528302996,-0.00152889655331,0.0156202042098
5889,0.0147402947256,0.00243753020152,0.0266497868471
5890,0.0134498904954,-0.00578985951921,0.00980038604085
5891,0.0150399728178,0.00264946610528,0.025511970747
5892,0.0134619561132,-0.00572117946063,0.00396654759614
5893,0.00600567334992,-3.29316637298e-05,0.0233925220786
5894,0.0118252742497,-0.00324409892845,0.0139892127364
5895,0.00967694325089,0.00419143056653,0.0338598801476
5896,0.00555198793518,0.0127844751162,0.0460068189763
5897,0.00787783666449,0.00348069644202,0.0290276016376
5898,0.00313713698221,0.0117713510543,0.0439818410287
5899,0.0137573264323,0.00167762881654,0.0155437592145
5900,0.00526227623285,0.00403151038108,0.0285903984065
5901,0.0150827297953,-0.000825368985502,0.03125179634
5902,0.00472567104389,0.00966586384053,0.0369963978891
5903,0.0086317660105,-0.00275852994995,0.00746623718534
5904,0.0223986423923,-0.00980817848562,0.0100914534708
5905,0.00342675378381,0.00727741350744,0.03051164677
5906,-0.0025302460304,0.0047855061844,0.0314218301245
5907,0.00300543227994,0.00805002417429,0.0459871688687
5908,0.000291688452261,0.00355810065956,0.0205977306195
5909,0.00731875123608,0.00337499815803,0.0308677456399
5910,0.0034410383364,0.00565007111552,0.0378879240618
5911,0.00451841593169,-0.00194171972694,0.0154990538007
5912,0.00207263181927,0.00563152235019,0.0348729675334
5913,0.0009453133195,0.0115333676366,0.0445491386909
5914,0.0041034885226,-0.00262044255287,0.00882802413064
5915,0.00372338028509,0.0053596052487,0.0214670331271
5916,0.00629232235313,0.00707704103818,0.0280991212801
5917,-0.000515361965563,0.00898771304897,0.0280679935633
5918,-0.00291649087435,0.00557525988752,0.0383979843891
5919,0.00389078199342,-0.000856389483164,0.0171878513655
5920,0.00721210082344,0.00310225060592,0.0259022292966
5921,0.00787748842103,0.00414981141986,0.0322417562478
5922,0.00757148127036,0.00702651996968,0.0392078726335
5923,0.00216807231327,0.0151659554797,0.052922256822
5924,0.0148734957929,0.00110591572539,0.0241091351224
5925,0.0119824066341,0.00066623644492,0.0309760762296
5926,-0.000618850293356,0.013406356928,0.0576113311939
5927,-0.00260811174734,0.0121437169446,0.0449301123622
5928,0.0149196448528,0.00221735597729,0.0259962322008
5929,0.00537678475396,0.00324780058102,0.026388593561
5930,0.00343923644829,0.00359066357941,0.0264614396811
5931,0.0079798516509,0.00809253409695,0.0505648638727
5932,0.000987195793681,0.00557376706817,0.0423539135472
5933,0.00793840950499,0.00685509410003,0.0347524323516
5934,0.0109253492007,0.00222028417395,0.0277366213023
5935,0.00100993174858,0.0042330889425,0.0346327252104
5936,0.0212597721757,-0.00869618950989,0.00175474826457
5937,0.00539111823814,0.000981314324635,0.018307757651
5938,0.00284207197466,-0.00143488932413,0.0237442184877
5939,0.00745539406217,0.00716094569061,0.0401285477386
5940,0.00589303624449,0.00561447376569,0.0325017152105
5941,0.00167949576001,0.00499059627525,0.0310183028521
5942,0.0022771488619,0.00101053831664,0.022952577887
5943,0.00539342293823,0.00554218564209,0.0298982570109
5944,0.000947074724002,0.00845703951828,0.0398053889364
5945,0.00130530132002,0.00536756259999,0.0250371220358
5946,0.00647854739069,0.00721070854575,0.0348820648985
5947,0.00597615521672,0.00230435913072,0.0198290915641
5948,0.00958778915026,0.0011441942255,0.0182741151636
5949,0.0074980490386,0.00873692268621,0.0316583678776
5950,0.00452172002702,0.00172005375538,0.0311521917926
5951,0.00672290807555,0.00221027817259,0.027899919302
5952,0.00317814995522,0.00223273279232,0.0295372042485
5953,0.0101433269749,0.000306054641458,0.028194138753
5954,0.00458711441285,0.00753442128877,0.0389570367312
5955,0.00796038670224,-0.0019842185998,0.0114794696225
5956,0.00387367011508,0.00554919129033,0.0317328136648
5957,-1.8838924376e-07,0.00777480847195,0.0323154817077
5958,0.014565761005,0.00224144418352,0.033288832109
5959,0.00712313563643,0.00504167823448,0.030758559226
5960,0.00751313769188,0.00479005407355,0.0229933877216
5961,0.0172039111035,0.00134102826736,0.0209739381344
5962,0.00202638420298,0.00588017600852,0.0349306654021
5963,0.0149838001661,-0.00263891576842,0.0183837793677
5964,0.00830991900692,-0.000891792680768,0.0388826120182
5965,0.00929752864977,-0.00215801707933,0.0335077559425
5966,0.00566904429359,0.0115791074104,0.0430334125208
5967,0.00632556477285,0.00754246296666,0.0360720872653
5968,0.011187722247,0.00212479886975,0.0191717554258
5969,0.00691400476799,-0.00030498028806,0.0139178078609
5970,0.00394088729561,0.00722247485373,0.0312326639721
5971,0.00961262909207,-0.00172227743979,0.0155690230053
5972,0.0135980195648,0.00363943517253,0.0257800310262
5973,0.00950199469622,-3.42976942884e-05,0.0197981235327
5974,0.000450403723327,0.00338394774648,0.0221668535475
5975,0.00562064473183,0.00142777903393,0.022573494499
5976,-0.00147192495405,0.0049498860546,0.0197976449553
5977,0.00589456675286,0.00723709325256,0.0313510363002
5978,0.0142143556807,0.00828032219323,0.036876236387
5979,0.00768714433751,0.00386042930095,0.0284936298684
5980,0.0062377609163,0.00234109206843,0.0239852012253
5981,0.000394153590216,0.0106893524283,0.0409318333834
5982,0.00139650132101,0.00831070275508,0.035703302826
5983,0.0152683674708,-0.00842972798144,0.00418534924282
5984,0.00140248704585,0.00689951443041,0.0322909348337
5985,0.00453262166017,-0.00120996762313,0.0182626265766
5986,0.00147336226669,0.00788121653628,0.0352625056214
5987,0.00428868637209,0.000913498811452,0.022621711112
5988,0.0041815388751,0.00957581753577,0.032844525881
5989,0.0102663099997,-0.00267424032132,0.0128402068135
5990,-0.00304517138258,0.0105022777824,0.0327361579948
5991,0.00641255712151,0.00202518254226,0.0270594167793
5992,-0.00706483435634,0.0172515992785,0.0558570474395
5993,0.00192592735435,0.00392161774152,0.0296237553989
5994,0.00404100856048,0.000492512015192,0.0291618930653
5995,0.00931288353054,-0.00126907343048,0.0172280693325
5996,0.00539766990667,0.00665098563,0.031645813186
5997,0.00986932511478,0.00699199748284,0.0386150437244
5998,0.0155756276486,-0.00263778528684,0.017775865
5999,0.0141361305286,-0.00513928924885,0.0181573393766
6000,0.000997255872986,0.0093725474365,0.0451612827273
6001,0.00420212907801,0.00321365199473,0.0329778309924
6002,0.00909851317255,-0.00349238263325,0.0112784669544
6003,0.00699014247892,0.00457772212486,0.0269148302789
6004,0.00674313262401,0.00461069629962,0.0313423825744
6005,0.00646612987278,0.00615563967626,0.0503475073021
6006,0.00414367381071,0.00332086389476,0.0292198725003
6007,0.00376357100736,0.00901315077419,0.0383931435986
6008,0.00013496022632,0.0116142263742,0.0428691743395
6009,0.005602106184,0.00663288609176,0.0481210167011
6010,0.00285533764418,0.00898057318993,0.0338897758148
6011,0.00139906033425,0.0073085114779,0.0416551820422
6012,0.000179674461831,0.00659001376731,0.0335618797509
6013,0.00923500036909,-0.00210492284133,0.00764697084335
6014,-0.00323772086999,0.00736519100394,0.0368768253685
6015,0.00591817967025,0.00181539325221,0.0203426606117
6016,0.00955777374423,0.00050388167039,0.0371992724296
6017,0.00631444507281,0.00524510524012,0.0294759087781
6018,-0.0017743844347,0.00485335409236,0.0256732800189
6019,0.0143210188152,0.00109567151351,0.0235844347065
6020,0.00982177202345,-0.000851028100408,0.0130657878793
6021,0.00645756946939,0.0109928137892,0.0405440534819
6022,0.00542681309863,0.00276031617153,0.0278455893537
6023,0.000763484359123,0.00913523106669,0.0349365154664
6024,0.00687704015074,0.00752352525312,0.037976833856
6025,0.00915406785619,-0.00192162256541,0.0121629547499
6026,-0.00190533358539,0.0073866737115,0.0380902737811
6027,0.00647076930826,0.00457796451716,0.0344889499232
6028,0.00670273398828,0.00726743029355,0.0411248751363
6029,-0.00105615812523,0.0102859674173,0.0428209979757
6030,-0.00825788157875,0.00614438860559,0.0261918442928
6031,0.00324563912236,0.00355508558894,0.0273869936658
6032,0.00551702949252,0.00817603046971,0.0310829161212
6033,0.0135890752361,0.000531045306878,0.0227785342779
6034,0.00821945467927,0.00618249237079,0.0358227028891
6035,0.00680889472901,0.00349386392079,0.029818411944
6036,0.00411660227459,0.00978334489093,0.0375044832814
6037,0.00618889687263,0.00206873059783,0.0189959252271
6038,0.010645990651,0.00163342009038,0.0288915496102
6039,0.00514457425344,-0.0015306229531,0.0155670737372
6040,-0.000344121325075,0.00738492076395,0.0339753928683
6041,0.00980471179854,-0.0012760861452,0.0199397694136
6042,0.0114247771087,0.00171701023384,0.030378243244
6043,0.00732098019563,0.00421298628464,0.025509783674
6044,0.00545735041015,0.00494508841402,0.043710735295
6045,0.00934663624914,-0.00106584923344,0.0192295021559
6046,0.00934906561339,0.00146703197081,0.0328014440796
6047,-0.000226949497306,0.00909236381085,0.0364855910925
6048,0.00801931147982,0.00116801418211,0.0148043753626
6049,-0.00373871541597,0.00649536254717,0.0327444256587
6050,0.000241905779349,0.00574846491468,0.0379787006227
6051,-0.002264667959,0.00697727385231,0.0333059275294
6052,0.00788758460922,0.00115398090545,0.0183492381066
6053,0.00621281303924,0.00664525027385,0.0362537429381
6054,0.00248690785398,0.00818753224821,0.0353868116862
6055,0.00713027436591,-0.00121759164523,0.0211364734153
6056,0.00166633680108,0.00772127038472,0.0412777137535
6057,0.005430239883,0.00734557210115,0.0322450576484
6058,-0.000267567356635,0.00308057386653,0.030149319131
6059,0.00703157581899,-0.00133059217415,0.0152735934695
6060,0.00437932544235,0.00975481608737,0.0450416966702
6061,0.0105502739796,-0.00264703708925,0.0129499858432
6062,0.012466601436,-0.00204035573937,0.025169250792
6063,0.0100178324529,0.00544855021716,0.0269697998923
6064,0.0114655615974,0.00234618442873,0.0293029628051
6065,0.0113475826171,-0.00200372707751,0.0153610409147
6066,0.00135105323243,0.0148868918252,0.0517998652978
6067,0.00531709122252,0.00419928300557,0.0295508571116
6068,-0.00293739137735,0.00694605538579,0.0270652510716
6069,0.00446234581007,0.00249596643729,0.0262629966572
6070,0.00365026061497,0.00114097495001,0.0217952342051
6071,0.00898048492925,-0.000657497844703,0.025847185945
6072,0.00417901603092,0.00878926255247,0.0337363774149
6073,0.00658635975499,0.00384204703309,0.0250411475217
6074,0.0139276321038,0.00140728187528,0.0272308136885
6075,0.0151566588837,0.00460724468814,0.0295053466946
6076,0.0139464355493,-0.00353010027658,0.012252550996
6077,0.00427981836629,0.00197991647162,0.0329750905901
6078,0.0068184629418,0.00232012918085,0.0258979668757
6079,0.00984899512404,0.00356025914535,0.0330327667009
6080,0.0137655346025,-0.002581095875,0.0133395732729
6081,0.00498400945175,0.0088793144729,0.0389392249565
6082,0.00350500708841,0.00701267938118,0.0251282178011
6083,0.0101644793844,-0.00144491169485,0.0237775766151
6084,0.0111407552132,0.00129647988669,0.0269090119816
6085,-0.00250171936151,0.00944934911204,0.042234500579
6086,0.00816450146686,-0.00114868674248,0.0149731937916
6087,0.0119140423871,-0.00327902755634,0.0192603135151
6088,0.00539512978867,0.000811144198613,0.04001810512
6089,0.0114661372918,0.00138103644793,0.01966558399
6090,-0.00398123292581,0.0141020035727,0.0440174187196
6091,-0.00195419522566,0.00950285279508,0.0324131074498
6092,0.00507524440134,0.00312772270534,0.0338069041056
6093,0.0180484010915,-0.00866611042477,0.0102447378119
6094,-0.000367434240986,0.00379649796645,0.0412739487006
6095,0.0158940083302,-0.00715305818866,0.0119805227063
6096,0.00451916831186,0.00323154978539,0.0185424887635
6097,0.00484313429086,0.00576164392312,0.0129455323761
6098,-0.00828571529732,0.00814733182875,0.0360757083163
6099,0.00556792093338,-0.00166152569543,0.0153347399613
6100,0.00581260012689,0.0103573870756,0.0406043344413
6101,0.00776508337317,-0.00278512927682,0.014358342225
6102,0.00084061810817,0.00544175771843,0.0366433186542
6103,0.00276501256155,0.00825563501259,0.0377932841266
6104,0.00740043005356,-0.00117603763612,0.0181340939391
6105,-4.42453431158e-05,0.0073742025902,0.0308491462154
6106,0.00380098783773,0.00797865122801,0.040524765729
6107,0.00768964127857,0.00918747689842,0.0336352612312
6108,0.00514481723434,0.00309529623046,0.0259375502964
6109,0.00311666491775,0.00272603951646,0.0221846549621
6110,0.00607542718297,0.00532493964373,0.0405537228737
6111,-0.0048186543927,0.0110281438879,0.0417524363663
6112,0.00864189831618,0.000612994478553,0.0215796449336
6113,0.000141224996555,0.0051071825065,0.0255114082502
6114,0.0131251203255,-0.00205887290679,0.00806112178717
6115,0.0024950959071,0.00833131551385,0.038890810929
6116,0.00864265722614,0.00554264141253,0.0345495973064
6117,0.0125824954973,-0.00208450869918,0.0163796485839
6118,0.00588765602934,0.00199748582927,0.0329238502885
6119,0.00101923763089,0.00815849452785,0.0346101028378
6120,0.00565788263463,0.00934289984793,0.04007841859
6121,0.00965595786552,0.00626905164915,0.0333040934873
6122,0.00643140909564,0.00495504132806,0.0315425427905
6123,0.00245748871638,0.0127079410368,0.0384615945175
6124,0.0059348860521,-0.00161586663031,0.0102296163836
6125,0.00816469322546,0.00192322577224,0.0245325315853
6126,0.00846964087753,0.00219065623723,0.0284095150109
6127,0.00731648194657,0.00302253998499,0.031910545501
6128,0.00789209885414,0.00913776806513,0.0330347256371
6129,0.0231951200028,-0.00491447048928,0.0151756386082
6130,0.00455915160312,0.00929884870081,0.0418216631301
6131,0.00522585815233,0.00336373387316,0.0279730149789
6132,-0.00425822607321,0.00310768264413,0.0352955012326
6133,0.00634456943332,-0.00122692929684,0.0203228035737
6134,0.00164716000875,0.00771760560167,0.0371916075693
6135,0.0113236597713,-0.00296822045358,0.0101645043481
6136,0.00697446468152,-3.70598832431e-05,0.020585908981
6137,0.00740234623389,0.00495771805782,0.0377270464999
6138,0.00151060426459,0.00893181214377,0.0441441346218
6139,0.000819196693335,0.0117546631598,0.0386559189167
6140,0.0039568439919,0.00640949434108,0.0428228577294
6141,0.00307586745023,0.00343297680552,0.0237192462439
6142,0.0071779557195,0.00957473470141,0.0411561358704
6143,0.00399251220205,0.00197939522642,0.0209772707289
6144,0.0154151835577,-0.00670150127793,0.0140718542486
6145,0.00726223944652,0.00950697158817,0.0439123309953
6146,-0.000770544269731,0.00430726901501,0.0328964385965
6147,0.000657150667151,0.0125075034087,0.0460246484978
6148,0.00959130322177,0.00702283225831,0.0309190235319
6149,0.00099403966152,0.00143940067507,0.0196814342263
6150,0.0068621604176,0.0101880136094,0.0522368634162
6151,0.00530865802253,0.00636012139492,0.0380246984314
6152,-0.00154715729731,0.00821488278396,0.0363512852159
6153,0.00167083248608,0.0134430198849,0.0538845032301
6154,0.00577781567711,0.00563557703893,0.0381649132984
6155,0.00284257408447,0.00534286328529,0.0300909735114
6156,0.00469712439264,0.00653212532537,0.0346591949235
6157,0.00481673626432,0.0125482881222,0.0472326330974
6158,0.0136224545349,-0.00195089756712,0.0175814778149
6159,0.00840796249178,-8.92838991849e-05,0.012557181706
6160,0.0104028911903,0.000543722006731,0.0175265095294
6161,0.0181495865193,-0.00595025348874,0.00986928018749
6162,0.00130425372806,0.00847109845224,0.0365647561941
6163,0.00806324798683,0.00310892158094,0.0283461431694
6164,0.012283946221,0.00586944198874,0.0311367891216
6165,0.00731159053392,0.000478437205796,0.0263961771793
6166,0.00419146374301,0.00859678531454,0.0470070371381
6167,0.00277159508942,0.0098926930484,0.0418691349231
6168,0.0179119311708,-0.00161152003183,0.0299761692326
6169,0.00692956460516,-0.00206061468407,0.0170609215974
6170,-0.00303050988513,0.00647734128033,0.0250783817792
6171,0.00735457929893,0.000515251821032,0.0266743647786
6172,0.00301473108858,0.00904775144407,0.0293740467869
6173,0.00219811973929,0.00175334141143,0.0275234386272
6174,0.0125052579972,-0.00562836414825,0.0138059781082
6175,0.000786218711828,0.0104331426708,0.0318690517214
6176,0.00934682911521,0.0034761268282,0.0240642395156
6177,0.0024347217359,0.0102419035266,0.0466883321525
6178,0.00504194011003,0.0100123430707,0.050967101262
6179,0.0078860544241,0.00359647163936,0.020237223666
6180,0.00850090048467,0.00503417812549,0.0354944777368
6181,0.00534841739753,0.00266839779894,0.0212861544204
6182,0.00909967396738,-5.79987679624e-05,0.0205078883645
6183,0.0110976792,0.00361796455077,0.0263345072548
6184,0.00636398552346,0.00217312039398,0.0272358887642
6185,0.00443226944309,0.00606744523603,0.0257850634737
6186,0.00582134575307,0.00125420214928,0.0271660404743
6187,0.0017252467668,0.00577063391821,0.0303117864394
6188,0.00799504256695,0.0075388336194,0.0349737864802
6189,0.00520971445854,0.00957805965403,0.0429738759336
6190,0.00320762265856,0.00113359242883,0.0209331398406
6191,0.00472835764694,0.00240535030356,0.0203642220029
6192,0.00285925990544,0.0016725151059,0.0303947627267
6193,0.010225246236,0.00195544579617,0.025484811748
6194,-0.00122678381733,0.00996888253897,0.0382720357348
6195,0.00764148072393,0.00480283773457,0.0343002305661
6196,-0.00852952792145,0.0208782623456,0.0645368565601
6197,-0.00238103763086,0.00559029071642,0.0228505322268
6198,0.0103868674661,0.00414805438477,0.0315679317346
6199,0.00161022293373,0.00953932510877,0.0348763127564
6200,4.52535433813e-05,0.00786446249294,0.0359510649156
6201,0.00330932579618,0.000724337343415,0.0155348984825
6202,0.00485288276875,-0.00133233238818,0.0240216604648
6203,0.000174504501395,0.00443959434655,0.0234188676464
6204,0.00091300039403,0.013699533148,0.0425507228555
6205,0.0112375097263,-0.00174305085606,0.0137752138727
6206,0.00741347886967,0.00194606451846,0.0338382321772
6207,0.00639853642704,-0.00247594262326,0.0094200962302
6208,0.00483739815047,0.0019388391102,0.0226923712655
6209,0.0155187845502,0.0103584263742,0.040813292639
6210,0.0094876802459,0.00805514423431,0.0387436915769
6211,0.00507286947838,0.00292875423768,0.0323668782482
6212,0.0162445112013,0.00109422510794,0.0268147101403
6213,0.00806644387076,0.00832048535646,0.0380668768727
6214,-0.0027029644751,0.0128464819785,0.0460461284937
6215,0.00487377982139,0.000741285718666,0.0236038714758
6216,0.00169338219033,0.00389134478447,0.0280920503514
6217,0.00605435938131,0.0038270051001,0.0294225352942
6218,0.00352232337379,0.0040046350378,0.0298151761006
6219,0.00779101721731,0.00273016900415,0.0200148556201
6220,0.0083907828542,0.000528766172566,0.0198100387815
6221,0.00597770495013,0.00549456415969,0.0335603207286
6222,0.00154915589258,0.00955924670329,0.0349155525129
6223,0.0101883432973,-0.000826658493608,0.0165394380275
6224,0.00799886019229,0.000880315489543,0.0299931905414
6225,0.000655763062965,0.00908250003046,0.0422562935432
6226,0.0019018513458,0.00892613460176,0.0363874337273
6227,0.00504098665031,0.00569763091438,0.0298277521614
6228,0.00198968258448,0.00215603674753,0.0206252992584
6229,0.00344853699586,0.0114515003153,0.0430808918947
6230,0.00345681769629,0.00457671541033,0.0344929929296
6231,-0.00249544924078,0.0122279024043,0.0455540458357
6232,0.00473013754438,0.00452057447004,0.023812925774
6233,0.00357811868286,0.00770503240226,0.042911083473
6234,0.0107376994513,-0.0025979068951,0.0118557327042
6235,-0.000258181102308,0.00478518982425,0.0334894623689
6236,0.013204854546,-0.000983817206576,0.0153929714725
6237,0.00858610441497,0.00809023108898,0.0528042399292
6238,0.00306446426481,0.00476558919353,0.0263395538215
6239,0.00733446314224,-0.00125701898188,0.0200459658514
6240,0.0101102043174,0.00537340906379,0.0357872615857
6241,0.00298448904209,0.00920785525292,0.0374441141534
6242,0.00120626260766,0.00532072577145,0.0269913625463
6243,0.00359687313713,0.00869816898494,0.0406329471105
6244,0.0119871083632,-7.93889163134e-05,0.0284628542314
6245,0.00801527311023,-0.00405969487319,0.0133958681895
6246,0.00716972679926,0.00340732240304,0.0291847434804
6247,-0.000599309268258,0.00810392329583,0.0399297029626
6248,0.0111672515735,0.00641319513063,0.0324630566563
6249,-0.00149143680384,0.00761620427558,0.0320056865193
6250,0.0106090057641,0.00551543976766,0.033005402881
6251,0.00382325757733,0.00874032789908,0.0296557768965
6252,0.00687019629077,0.0123427754991,0.0432879963032
6253,0.00978717256459,0.00224785397783,0.0250940020486
6254,-0.00119186022377,0.0123383245118,0.0464320879308
6255,0.00675309189229,0.00709665822317,0.0382086869234
6256,0.000295563728468,0.0150884632016,0.0517800125613
6257,-0.000922987554442,0.00811594154399,0.0387038798768
6258,0.0095307059525,-0.00463090519953,0.00762489684374
6259,0.0113092755633,-0.00324141282201,0.0091616131788
6260,0.0109790263541,0.00456816045093,0.0318013813798
6261,0.00588210886551,0.00260998584116,0.0240587714341
6262,0.00309966074757,0.00844758821582,0.0367624826603
6263,-0.00035692933025,0.00707963185235,0.0342696625519
6264,0.0117869833716,-0.00363081396661,0.0101734390581
6265,0.00469936035714,0.00428434548949,0.023863326126
6266,0.000449396797226,0.00937132041067,0.0402173475078
6267,0.00469712889464,0.0069206832429,0.0282605049391
6268,-0.00205377652046,0.0147111353962,0.0484508710268
6269,-9.1631714082e-06,0.0094829620145,0.0452219326946
6270,-0.000332577493207,0.00660711588873,0.032669087104
6271,0.00906067879738,-0.00105963442457,0.0284705967115
6272,0.00616512629928,0.00358991529607,0.0277265717233
6273,0.0113892400809,0.00855752277937,0.0412737023097
6274,-0.00508484016671,0.00694048642205,0.0327697273441
6275,0.0135711654146,-0.00567013578708,0.016075656218
6276,0.0143179014639,-0.0098512917468,-0.00239473921607
6277,0.0123168590715,-0.00655575966454,0.00773450516303
6278,0.007102187737,0.00224401653107,0.025452362806
6279,0.00061783990589,0.00866110394916,0.0411306962549
6280,0.00460065756904,0.00949979884752,0.0353478560421
6281,0.00539309915012,0.00822341315913,0.0455447910239
6282,0.0112855819569,0.00137637489255,0.0219313220638
6283,-0.00241815126984,0.011166939177,0.0388887656801
6284,0.0109187285348,-0.00366300136838,0.0231259145711
6285,0.0168568429921,-0.00488896005455,0.0331956513929
6286,0.00469639805588,0.00994152308187,0.0431466884775
6287,0.012875229797,0.000993565627861,0.0248910887538
6288,0.00620451896977,0.00419887908278,0.0290647253912
6289,0.00768522516269,0.00130809134533,0.0234394302638
6290,0.00909402881152,-0.00346079527803,0.0160100563201
6291,0.00827657091563,0.00567755677967,0.0353434275727
6292,0.00729751018657,0.0028366813913,0.0243604255279
6293,0.0015563741812,0.00514488067393,0.031047870739
6294,7.76835246017e-05,0.0112495498646,0.0521465743574
6295,0.00496380364517,0.000695771764292,0.0153684899078
6296,0.0106569587528,0.00173196637529,0.0306006695387
6297,0.00294542946263,0.00542405965704,0.0235831125895
6298,0.00767087390818,0.00171092889711,0.0404888124354
6299,0.00686322728342,0.00253368800636,0.0228599823783
6300,-0.00669794697047,0.0164726558531,0.0539045604225
6301,0.0120735180866,-0.00280230583858,0.0111391047667
6302,0.00398206102069,0.00766559524531,0.031942255717
6303,0.00679246692324,0.00116746578002,0.0247723188494
6304,0.00568061838329,0.00729666672689,0.0350177964481
6305,0.00350272816591,0.00340577531159,0.0265886909821
6306,0.00647411761865,0.0017261760616,0.0273234712542
6307,0.00156686740702,0.00635579915092,0.0258339968655
6308,0.00772537709197,0.00291660054255,0.0333802596426
6309,0.00430682323338,0.00839295004725,0.0418801330831
6310,0.00274916095683,0.00598373209042,0.0320777037607
6311,0.00504801702454,0.00768799728372,0.0310189183861
6312,-0.00221364455812,0.0135901042673,0.0433810401387
6313,0.00989677114167,0.00247173181758,0.0221737131477
6314,0.00592611388491,0.00163268719562,0.032517475018
6315,0.00546398499232,0.00401934479556,0.0369405244052
6316,0.00769630358324,-0.00204878565896,0.0147191172234
6317,-0.00235245554354,0.010420419714,0.0364939820812
6318,0.0133606672629,-0.0047540555636,0.0188534886355
6319,0.0128510340888,-0.00270561844758,0.0240298942355
6320,0.00267202656798,0.00660671060066,0.0340552043299
6321,0.00579212388721,-0.000173412239755,0.0134044415848
6322,0.0174944007996,-0.00592497556778,0.0052245720811
6323,0.00427306841765,0.00670594898892,0.0273888698469
6324,0.00549465300792,0.00578889542581,0.0321627051723
6325,-0.000777104002016,0.00890514559819,0.0322249422434
6326,0.00399099221581,0.00516768762166,0.0262045584121
6327,0.00315268065939,0.00686317042462,0.0389561080787
6328,0.0103769622223,-0.00460044559001,0.0188609284566
6329,0.0131236801309,-0.00204348594202,0.0191643338344
6330,0.00773521116062,0.00158600616874,0.0261682873872
6331,-0.000526944556103,0.00620699137717,0.0259715545321
6332,0.00866990207932,0.00730365103354,0.0377272795076
6333,0.00406957173323,0.00898018613389,0.0364316469387
6334,0.00235226961614,0.0107582813977,0.040052833023
6335,-0.00236158185736,0.00302975756856,0.0219734865398
6336,0.00296135109643,0.00688374839101,0.0427471186109
6337,-0.00278903789356,0.00663627483039,0.0312613036908
6338,0.00550271334706,0.00624266145126,0.0406676113916
6339,0.0119693211219,0.00336241733758,0.0248814286238
6340,0.00598611404761,0.00104254344517,0.01687840521
6341,0.0112798431803,0.00909761492076,0.0429746156609
6342,0.0156907023551,-0.00315026229748,0.0194701473277
6343,0.0109691971078,-0.00155410468377,0.0223130064813
6344,0.0196823252711,-0.00485509262213,0.00689450903638
6345,0.00406839301625,0.0014632169627,0.0198495369482
6346,-0.000137315492462,0.00565226765147,0.0263379203791
6347,0.0082035877864,-0.0025609998905,0.00907003802645
6348,0.00738133218866,-5.82070993214e-05,0.0167609897352
6349,0.00909815227935,0.00357378014606,0.028773177027
6350,0.00421732243463,0.00244133056104,0.0238371151532
6351,0.00531757308561,0.0042921137897,0.0262460562828
6352,0.00792300436926,-0.00381792231997,0.0117918968246
6353,0.00470389240372,0.00738116407657,0.0363904164667
6354,0.00440257122418,0.00503834062626,0.0312000241867
6355,0.00410499713588,0.00119378999186,0.0250327352322
6356,0.00226921555982,0.00695481801847,0.0432408374807
6357,0.0104866150002,0.00259334487055,0.0256510492731
6358,0.00197610249411,0.0108744227542,0.0423431257103
6359,0.00593189721558,-0.0038682783389,0.021514830725
6360,0.00359327052282,0.00875448356764,0.0330608486018
6361,0.00178753897803,0.0046297772166,0.0161919973536
6362,0.0029029248762,0.00244390039954,0.0208269517342
6363,0.00807639826008,-0.000193744400423,0.0179961634857
6364,0.00905778724497,0.000671026194223,0.0186330405713
6365,0.0139543235447,-0.000911110365348,0.0170891976666
6366,-0.000538246332882,0.00410333287412,0.0388335885263
6367,0.0103458051215,-0.000196410241332,0.0207357766508
6368,0.00560834394941,0.00679838562599,0.0339579885936
6369,0.0042106106587,0.00253705642373,0.0202735595633
6370,0.00757565363831,0.000170253176258,0.025418295131
6371,0.00113716010747,0.00247211829558,0.0301543903246
6372,-0.00683052202101,0.0118455649756,0.0448616808104
6373,0.00655679048301,0.00652599178445,0.0402007291264
6374,0.00802058886568,0.000318103778401,0.0285975635609
6375,0.000957828302097,0.00299192155104,0.0222040312302
6376,0.00262250333454,0.00572873345525,0.026812312644
6377,-0.00152001856639,0.00190933395283,0.0239659720786
6378,-0.00286385304419,0.00621638681999,0.0288094061096
6379,0.00823243307961,0.000745319665947,0.0194416839546
6380,0.0113217469015,0.00162731103156,0.0299329042043
6381,0.00403281389179,0.00867970867922,0.0405716611045
6382,0.00505126222162,0.00468982432893,0.0282948897097
6383,0.0144072863685,-0.00352373540313,0.014605239852
6384,0.0039641395323,0.00299409932105,0.0230443870412
6385,-0.00412685064259,0.013479068762,0.0578981965754
6386,0.00203372489668,0.00217784058196,0.0285084775789
6387,0.00556105863236,0.011059259485,0.0369143302978
6388,0.00476876345995,0.00254487020583,0.0321349729982
6389,0.00190731524609,0.00573049018265,0.0214090588134
6390,-0.00236169555056,0.0116426648971,0.036997317072
6391,0.00832236627055,0.00527323726076,0.0243050730209
6392,0.00712825753317,0.00912309030977,0.0478788257498
6393,0.00607480062369,0.00242752300705,0.0200517849961
6394,0.00697137822091,0.00046277819516,0.0287610979406
6395,0.00476780554796,0.00904616536824,0.0361576156197
6396,0.0073770659744,0.00438536426776,0.0280801226244
6397,0.00322111156511,0.00352427853288,0.0311328716834
6398,-0.000920772288146,0.00845363779522,0.0364748359125
6399,0.00177867095286,0.00918959319716,0.0318192392447
6400,0.00222814143615,0.00838258282172,0.0280786660487
6401,-0.00107749239858,0.0019744050064,0.0245050146635
6402,0.00937454376621,-4.55851188558e-05,0.0238366565492
6403,0.00321247613539,0.0030598299848,0.0304247152088
6404,0.00186204190871,0.0107562675261,0.0433289825966
6405,0.00165800500623,-0.000987341972301,0.0141267356468
6406,0.00665255402172,0.00494049739855,0.0363697453201
6407,0.00239085275035,0.00500559296651,0.0357134961107
6408,0.0118291634175,0.00123296787431,0.0274000576622
6409,0.0107885249273,0.00365765481296,0.0252020612205
6410,0.00587306996926,0.00112910128345,0.0167450837309
6411,0.0101238730619,0.00331254539131,0.0254923331089
6412,0.00787791134874,-0.00236135224607,0.0140593624852
6413,-0.00190304153996,0.0107950574489,0.0406304514975
6414,0.0113106303977,0.000581991857939,0.0275228595052
6415,-0.00395924474049,0.0148939145491,0.0556080530651
6416,0.0115983889844,0.00128978594783,0.025043375876
6417,0.00823363950955,0.00365252607081,0.018616175338
6418,0.00548769794865,0.000676901150052,0.0236605919321
6419,-0.00170448289414,0.00732731154931,0.0358342409568
6420,0.00540075842836,0.00154418624293,0.0216847494852
6421,0.0167307184929,0.0002994832066,0.0228203930955
6422,0.00653996020629,0.00350333340315,0.0300164809399
6423,0.00302283697861,1.47520804946e-05,0.0216507140867
6424,0.00174863804532,0.00157699244615,0.0187650413152
6425,0.00526104023484,0.00441579633338,0.0319421288275
6426,-0.00548936789026,0.00889680886908,0.0318481684727
6427,-0.000727842619798,0.00716405627682,0.0247011165339
6428,0.00416916850274,-0.00135923727119,0.0116990168792
6429,-0.000626565954733,0.00985638705917,0.0422027484511
6430,0.0106516387365,0.00137984715331,0.0330984713531
6431,0.0101902961253,0.00146458433072,0.0286400879742
6432,-0.00237249205795,0.0113875220838,0.0365977352335
6433,0.00689265616014,-0.00380734796582,0.0175476492315
6434,0.00313657421167,0.00755794940921,0.0378160856047
6435,0.00204348344566,0.00598464040961,0.0343983401854
6436,0.00853020068808,0.00477539109371,0.0338391051089
6437,0.00724746113205,-0.000759629510964,0.0169368812016
6438,-0.00533578865682,0.0143425977199,0.0437925946037
6439,-0.00246476318269,0.00134344851802,0.025900700723
6440,0.00151305812254,0.00793913959265,0.0410224789653
6441,0.00708350780391,0.0088721269147,0.0289060088812
6442,0.0159677183968,-0.000301165865238,0.0189360400211
6443,0.00351314675134,0.00852536905219,0.0383843255609
6444,0.00818733510691,0.00075170600052,0.0148349368625
6445,0.0112285920199,-0.0028226373842,0.0199364261484
6446,-4.51959836414e-05,0.00866992429734,0.0390868309192
6447,0.0118129158631,0.0045197154586,0.0349289671373
6448,0.00891684113991,0.00336006199293,0.0277547040656
6449,0.00955437845162,0.00949630513555,0.043707617598
6450,0.00521536401084,0.000149792480593,0.0230582770958
6451,0.00582071898318,0.00234095091076,0.024656566935
6452,0.00023521948668,0.0109907632957,0.0416334610495
6453,0.0153263758149,-0.00351997179992,0.0166575126198
6454,0.00469390051132,0.0121158070663,0.0604911768906
6455,0.00710592145062,0.00677033387034,0.0445790678919
6456,0.0176781953336,-0.00706550976867,0.0115688961529
6457,0.00240254451787,0.00465164278162,0.0226026666333
6458,0.00112512936701,-0.00145075099102,0.0198439473329
6459,0.00406489998122,0.00499708554409,0.0270857053383
6460,-0.000503910942833,0.015187562818,0.0445601143279
6461,0.00101386624911,0.00518408812113,0.0290925179662
6462,0.0121456633822,-0.00449897988363,0.0207748955723
6463,-0.000790029904591,0.00932471697779,0.0374986739782
6464,0.00148971012637,0.0132705142097,0.0479451115635
6465,-5.19313610344e-05,0.00440543777554,0.0349199336792
6466,-0.000494984816275,0.0105016305482,0.0403432378075
6467,0.00477340423048,0.0115766463766,0.0554066075773
6468,0.0052023757291,0.00765785691092,0.0294462341682
6469,2.63169004309e-05,0.008428238753,0.0282434416303
6470,0.00549751004306,0.00136369003323,0.020131846925
6471,-0.00271256598258,0.0119997472086,0.0371635551599
6472,0.00306160856376,0.000734220722248,0.0157900780216
6473,0.00392354978438,-0.00248507881339,0.0152586707786
6474,0.00337510352909,0.0132575691761,0.0450722582652
6475,-0.000423291253679,0.0128016504756,0.0482698869586
6476,0.00862668523246,0.000851519609645,0.0207754486892
6477,0.00108779667999,0.00202599227284,0.0270148586667
6478,0.00706367098824,0.010577215384,0.0406211133196
6479,0.00824259770715,0.0015657649951,0.0189073730837
6480,0.00485699020131,0.00706073441307,0.0264352134976
6481,0.0128926730835,-0.00456227782136,0.015833499118
6482,0.00765345245916,0.00417804705618,0.0260800466494
6483,0.0205695607167,-0.00627469154642,0.00479846421578
6484,0.00857825320563,4.33223357842e-05,0.021636094045
6485,0.00326164174994,0.00525028617512,0.0360561987248
6486,0.00831261208553,-0.00154759279798,0.021214045393
6487,0.00659316573785,0.00490917799075,0.0410870026581
6488,0.00662499366764,0.0057486528271,0.0343709751634
6489,0.00366404935917,0.00518716805668,0.0313926948464
6490,0.0200852740372,-0.00592104290666,0.00913228867125
6491,0.0115772817008,0.00581133057971,0.0238472040972
6492,0.00194010802802,0.00838983955081,0.0375154862892
6493,0.0026218183183,0.0104895679626,0.042620106894
6494,-0.00110994272141,0.00358330385113,0.0285264002125
6495,0.000204729710773,0.00862429098072,0.0341297831597
6496,0.000958570132383,0.0064865122616,0.0336502955081
6497,0.00910839449388,-0.0066351645442,0.0101376429356
6498,0.0132204494161,-0.000967816660097,0.0171374944768
6499,0.00834447904511,0.00700049158025,0.0456570008976
6500,0.00317063758417,0.006820396778,0.0358040023495
6501,-0.00117237299392,0.00185113312555,0.0244360511253
6502,-0.00293462673656,0.00886254828462,0.0447250942198
6503,0.00568919727063,0.00201609569299,0.0232354893362
6504,0.00460206860845,3.06108531671e-05,0.0112616048038
6505,-0.00161835163749,0.0134451458111,0.0437985722355
6506,0.00762513072732,-0.00241514298068,0.0195603583981
6507,0.0100833319443,-0.00317296332156,0.0171156963017
6508,-0.000374490519731,0.00709206965087,0.0365623654629
6509,0.00585062541024,0.00422717019838,0.0312513014981
6510,0.00605293796724,0.00304128470869,0.012380243113
6511,0.00796189288849,-0.00695482871654,-0.00334391205422
6512,0.00726300875922,0.000297855193263,0.01795162701
6513,0.0179630638984,-0.00577091879173,0.012635990446
6514,0.00407702124398,0.00600129818089,0.0288771037842
6515,0.00438481894564,0.00519909555021,0.0294960345706
6516,0.000345415510501,0.0077886333873,0.0339938764536
6517,0.00450775052625,0.00673496353141,0.0228300285512
6518,0.00907830868869,0.00277587854752,0.0249211933402
6519,0.000991768985144,0.0109233409033,0.0354327017245
6520,0.00928841207105,0.000702864578547,0.0286864098941
6521,0.00521911488015,0.0100621449026,0.0435456920665
6522,0.00804376459127,0.000781925225807,0.0292845489663
6523,0.00787216442874,-0.00232150403528,0.0111513635774
6524,0.00348387001715,0.00441388246515,0.0387938332885
6525,0.0121825134966,-0.00118179948806,0.0207595013001
6526,0.00559962802288,-0.000110853696979,0.018994271239
6527,-0.00376272725401,0.0105980668176,0.0395449753152
6528,-3.48289743393e-05,0.00820755034153,0.0322907005057
6529,0.013399362785,-0.00504859511343,0.0167156373822
6530,0.00743534866715,0.00820194839039,0.0335889219842
6531,0.00497147512001,0.0052784240567,0.0330532059974
6532,0.00377523146695,0.00688704281581,0.0355903649778
6533,0.00425836011459,0.00576927186031,0.0203578274638
6534,0.0119280248684,0.00342627039692,0.0295543326439
6535,0.0119047105973,-0.00275809452727,0.0147462852634
6536,0.0052322777922,0.00116490932076,0.0208263812649
6537,-0.000222398248283,0.0125238838436,0.0469766262774
6538,-0.00138798555576,0.00706333365268,0.0334417248391
6539,0.00445716585677,0.0038532041984,0.031722791967
6540,0.00151397717382,0.00904158384774,0.0502545238018
6541,0.0070264621589,0.00519892851729,0.0205038383183
6542,0.00387354209383,0.00418742891437,0.0223596082776
6543,0.00109205290768,0.00591831948052,0.034773807568
6544,-0.00201074442529,0.00946422758017,0.0348813512744
6545,0.00848114745985,0.00229428280263,0.0262807922177
6546,0.0179504381053,0.00117994335557,0.0200066472174
6547,0.00590988880114,0.0099127783583,0.0392747075779
6548,0.000112517155299,0.00947979232082,0.0370622081537
6549,0.00908625444532,0.000901134011658,0.0196822837479
6550,0.00124863145047,0.0143763796691,0.0504583165246
6551,9.11559810225e-05,0.00973291261478,0.0332416803561
6552,0.00505148354287,0.00487130833744,0.0302261621327
6553,-0.000326720650875,0.00529222883725,0.0319942995082
6554,0.0152925702014,0.00205244497916,0.0201208382796
6555,0.0146597816359,-0.00110509769519,0.0200782674686
6556,0.00302711426744,0.00240329641122,0.0357810465593
6557,0.00781272201761,0.000336774546321,0.0182156769237
6558,0.0105242915064,-0.0010716737041,0.0141471977756
6559,0.0101995556074,0.0007552769736,0.0280097547714
6560,-0.00137570701752,0.00737894888696,0.0435980195734
6561,0.00687815897476,-0.00474106644263,0.00603256837181
6562,0.00601913694212,0.000417281702416,0.0245298443979
6563,0.00282845165618,0.005966634138,0.0375174196233
6564,0.00508325669735,0.00330856982902,0.0327496438298
6565,0.00133192080662,0.00195075665962,0.0208872902155
6566,0.00582783256017,0.012124537274,0.0426962862282
6567,-0.0020782292619,0.0106606730345,0.0429220618769
6568,0.00567127383291,0.000776233931584,0.0226618322437
6569,0.000524518747411,0.00864536986496,0.0345649477973
6570,0.00678834267137,0.0104969250868,0.0371484688884
6571,0.00591070291299,0.0111492141172,0.0450874492945
6572,0.00342534322603,0.00563523921234,0.0289208510765
6573,0.00474000754813,0.00757520536229,0.0386344739515
6574,0.0104210066617,0.00522468273625,0.0435777590177
6575,0.00700797568077,0.00144817502829,0.0171730053288
6576,0.00818756471933,0.00784221978319,0.0291909750895
6577,0.00663670299081,0.00512991399083,0.0266767403989
6578,0.0104592360547,-0.00204086469452,0.0163398158474
6579,0.00980949431045,0.00345574040316,0.0360269097097
6580,0.00815358934751,0.000334336364799,0.0327272842831
6581,-0.00273299527858,0.00728386696613,0.0326943644928
6582,-0.00511904139277,0.00842132167544,0.0347471770461
6583,0.0107934587712,0.000519064096579,0.0316520005179
6584,0.0020151202592,0.00403573112323,0.0254067251917
6585,0.0148850901815,-0.00202892612485,0.0116252797655
6586,0.0067704485978,0.00624527310525,0.0365486656176
6587,0.00641245891309,0.0111911057508,0.0349259640912
6588,0.00496611889827,-0.00086474732975,0.0168609520531
6589,0.00836357588488,0.00504396392409,0.0330243519357
6590,0.00545298950938,0.00905782733254,0.0451099529456
6591,0.00755800561847,0.00465892461795,0.0372204181814
6592,-0.000722558956838,0.00389427475327,0.0253747104217
6593,0.00683933056364,-0.00544307062969,0.00995592395749
6594,0.00796822277797,-0.00225962446075,0.017339652844
6595,-0.000146311046958,0.01012132711,0.0423941331263
6596,0.00703695655522,0.0081491408025,0.0263917731198
6597,-0.000889263054976,0.00676365230578,0.0363793693229
6598,0.00946984968888,0.00279377702308,0.022084392796
6599,0.0146831552104,-0.00864506319018,-0.00646463491684
6600,0.000753121719618,0.00768102259671,0.0234110743149
6601,0.000579503839192,0.0121459389985,0.0575893779689
6602,0.00964287583235,0.00443740896829,0.0305432609926
6603,0.00173969483648,0.00233329596577,0.0192598140517
6604,-0.00329786709536,0.0109527308061,0.0389814365965
6605,0.000384200909004,0.0111585739788,0.0352559696582
6606,0.00400348659409,0.00710848579589,0.035463841336
6607,0.00265136505513,0.0134074965832,0.0552175484113
6608,0.00340616539265,0.00687054842556,0.0392163017331
6609,0.00743924921067,-0.00217565644203,0.023782519718
6610,0.0014381689648,0.00557107257656,0.0284672073562
6611,0.00716982598924,0.00786272886977,0.0400765489021
6612,0.00972595959368,0.000641320506595,0.023311703799
6613,0.00102576963637,0.00295525553021,0.0278268515641
6614,0.00746433813062,0.0031268325207,0.0226038076384
6615,0.00992876085153,0.00392096037705,0.0246582029868
6616,0.00358310133922,0.00561653725111,0.0349063827248
6617,0.00791803832709,0.00431825766422,0.03991987408
6618,0.00131263392957,0.00494034005771,0.0452542884858
6619,0.00542796799621,0.00578203171433,0.0270595076492
6620,0.00638024009045,-0.00238529494217,0.0100437860195
6621,0.00871872772697,0.00433136098883,0.0350613255342
6622,0.00483724264818,0.00186837561689,0.0195866758488
6623,0.0127881171835,0.00134992715839,0.0366794757005
6624,0.0108732365257,-0.00581674261619,0.0139248120452
6625,0.0106088716865,-0.000418844998616,0.0131271456134
6626,0.00850467311182,0.000879945910433,0.0213789913204
6627,0.0073880309338,0.00531391474756,0.0368874898538
6628,0.0058093465072,0.00323415226061,0.0252732072287
6629,0.0136707643926,0.00571560061596,0.0524341946182
6630,0.00984550081701,-0.00618801476777,0.0179611808077
6631,-0.00171208976617,0.00234527804446,0.0359072613927
6632,0.0115770374216,0.00577411234355,0.0214909020404
6633,-0.000505162586013,0.00635965193594,0.0253393338489
6634,0.00996082823913,0.000932546890739,0.0290815838567
6635,-0.0015429672525,0.00714729382512,0.0314507004604
6636,0.0120513871652,-0.000619865974205,0.0204039695331
6637,-0.000944864502437,0.00400553051539,0.0278532846039
6638,0.00986199871885,-0.000728978942225,0.013714849764
6639,0.00672521566232,0.00404346970195,0.0295271855781
6640,0.0142635501238,-0.00223087281428,0.0171525180891
6641,0.0020219812338,0.00747393496163,0.039413498079
6642,5.12489876894e-05,0.011927509093,0.0445574334433
6643,0.00490200755609,0.00227494361488,0.0235880154319
6644,0.00787376760695,0.00479089283017,0.0389510536903
6645,0.0133812996877,0.00194253200293,0.0251278634724
6646,0.00255927744323,0.0078953133961,0.0403356639847
6647,0.00428193352336,-0.00100096638315,0.0165509043839
6648,0.000914789086116,0.00895949007232,0.040715534917
6649,0.00238739648891,0.00577707363366,0.0352395896441
6650,0.00653354735619,0.00428364429402,0.0327759199226
6651,0.00760029492968,0.0123606487206,0.0519296142512
6652,0.0141759434093,0.00423038506616,0.039010524265
6653,0.00379505234852,0.00794583201869,0.0298110011488
6654,0.00625935279619,0.00926469354778,0.0422744302396
6655,0.00737598454296,2.43018015686e-05,0.0282659784441
6656,0.0138243564637,-0.00598904265944,0.0093725312731
6657,0.00341252311619,0.00689018205701,0.0340063253068
6658,0.00867131194193,0.00516240610608,0.0261490892503
6659,-0.00035768338973,0.00833780124069,0.0327402108671
6660,0.00428854770565,0.00492162116192,0.02653054099
6661,0.000419535755161,0.00567723099184,0.0330317967958
6662,-0.000783117146165,0.0046522791718,0.0187609042166
6663,0.00700814970759,0.00615841179513,0.0373141583483
6664,0.00646373805048,0.00447537209937,0.0265781571696
6665,0.0160701272491,-0.00216805737037,0.0243673147248
6666,0.0124149997196,0.00254059299169,0.0257445580954
6667,0.014530471888,-0.00124956119813,0.0191309152403
6668,0.00226103775508,0.0097653741225,0.0440693920577
6669,0.0144179469157,-0.00301287665022,0.0179870895793
6670,0.00385264173089,0.000872882156224,0.0318160053526
6671,-0.00765427354391,0.0136033458239,0.0519214163782
6672,0.00526495739657,0.012642664815,0.0462330777365
6673,0.014382523466,0.00357042575695,0.0361798277683
6674,0.00310222307313,0.00487403645181,0.0319425812247
6675,0.0138677184503,-0.00533780984732,0.0108081917903
6676,0.00399087213323,0.00149946843422,0.0214017974852
6677,0.00833191414826,0.00579189873511,0.0334031939787
6678,0.0126963631286,-0.00176409157858,0.0195175500584
6679,0.00558019961229,0.00111900002805,0.0227825024417
6680,0.00706180378274,0.00706366324305,0.0293211509599
6681,-0.00133760667193,0.00636126693698,0.0343190998904
6682,0.0135087356834,-0.00403046849045,0.0124233008932
6683,-0.00321826044523,0.00832782220076,0.0327926264226
6684,-0.00133791243811,0.0108059061245,0.0421309263753
6685,0.0115703509744,0.00102368645372,0.0205304400689
6686,0.0105696019672,0.00243082445034,0.0380487000037
6687,0.00626800918777,0.00142770648011,0.0281872728057
6688,0.00223956345959,0.00304438136205,0.0271367708663
6689,0.0178007965086,-0.00519436205995,0.0126549988078
6690,-0.00217248800666,0.00643473185897,0.0336503903395
6691,0.0101902302212,0.00544658044426,0.030833801039
6692,0.0111412364975,0.00284394151711,0.0258159488117
6693,0.00388192080409,0.00457484400123,0.037934480368
6694,0.00767223771396,0.0115671836481,0.0512624190974
6695,0.000603772940887,0.0108639545992,0.0397510018719
6696,0.0116476683344,-0.00143694738336,0.00194856253084
6697,0.0110916558605,0.00267843131463,0.0316567807221
6698,0.00584077380805,0.00568732449448,0.0286771631883
6699,0.00903034722837,-0.00274752800017,0.0139292645662
6700,0.0136075294654,-0.00180458393869,0.0144042658725
6701,0.0114248128032,-0.00495666947954,0.00802192992282
6702,0.00477209148401,0.0058642639629,0.0318480670751
6703,0.00712940803742,-0.000159450966179,0.0238189502222
6704,-0.00262894327884,0.00872088021065,0.0375365284256
6705,0.00499401647912,0.0022753831208,0.0265515772012
6706,0.000489021617593,0.0114457315785,0.0465596795803
6707,0.00832115811244,0.0034120178735,0.0315050804703
6708,0.0112932892894,-0.000369012865428,0.0208547899019
6709,0.00602162278133,0.00578973836595,0.0435946799379
6710,0.00713326723606,0.00200739801577,0.0303043188679
6711,0.00874246948323,0.00222057454481,0.0232113634137
6712,0.00186291042522,-0.0058883888803,0.00333890496728
6713,0.00540777162487,0.00601683197141,0.0408923557145
6714,0.00556465258889,0.00864530709756,0.0412793817128
6715,0.00404377416566,0.00349966511049,0.0341158647858
6716,0.015658009071,-0.00158955373518,0.0247751359744
6717,0.00213590124504,0.00517955838284,0.0322408894738
6718,0.0106816184384,0.00445650150243,0.0297906790409
6719,0.00406409192955,0.0031287617415,0.0240140149084
6720,-9.37957269542e-05,0.00519122108979,0.0321145047653
6721,0.00831955220289,0.0082010572525,0.0326611859604
6722,0.0090936945182,-0.00107507315448,0.0194164847087
6723,0.00883632135778,0.00432089148583,0.0386050699351
6724,0.00817951743306,-0.00564390401557,0.011092737445
6725,0.00291847260481,-0.00123111860294,0.0236168430316
6726,0.00747568448294,0.00349706636984,0.0281605728378
6727,0.00165168418937,0.00520840148879,0.032653271117
6728,0.00688857155116,0.0048573221908,0.0381359177226
6729,0.00642094175289,0.00723430491483,0.0385260370811
6730,0.00601291465701,0.000997092381367,0.0334491254748
6731,0.00632263717489,0.00269214174654,0.0304882432991
6732,0.0134821777802,0.00427701628388,0.0221832700207
6733,0.00128243529802,0.00673818113451,0.0306561244796
6734,0.00380596593833,0.00259713856889,0.0223943227918
6735,0.00141174573857,0.00726180727432,0.0306801533088
6736,0.00677360468554,0.0111526410385,0.0534428280036
6737,0.00586309481576,0.00475516040367,0.0361993326021
6738,0.00230397148853,0.00637735557773,0.0343371779288
6739,0.00259381666836,0.00655196873452,0.0332984326888
6740,0.00958454597868,-0.0056552792003,0.00549013838265
6741,-0.000920741482038,0.0113471917533,0.0471887866025
6742,-0.00720045747207,0.0120602345241,0.0498531555029
6743,0.00972280773363,0.00397244561926,0.030426283873
6744,0.0117909002945,0.00326354702629,0.0241823807347
6745,0.000129022775924,0.00849939356754,0.0415156097628
6746,0.000660300528915,0.00601617701395,0.0299480831019
6747,0.00236518479505,7.0301595016e-06,0.0208054277411
6748,0.00726671254224,-0.00102049513839,0.0133016737398
6749,0.0090407323554,0.00294578865247,0.0310675407235
6750,0.00545050613949,0.00362990092412,0.0194756750089
6751,-0.00325182788942,0.00801216150905,0.0337517070793
6752,-0.00219189842506,0.00812760260792,0.0344832410057
6753,0.00350693563812,0.00282978458676,0.0195730209063
6754,0.00461643089636,0.00350217222081,0.0318485833492
6755,0.013817476432,-0.00285540284,0.0127241633813
6756,0.00880967389889,-0.00115121376619,0.0162057658302
6757,0.00433375251567,0.0120181858002,0.0446401822516
6758,-0.00183825439523,0.00681855765391,0.0396671545012
6759,-0.000688622757517,0.0126879240999,0.042674588596
6760,0.00388639596183,0.00856283350861,0.048910242216
6761,0.0144279562526,0.000997509631452,0.0363493164104
6762,-0.00106556917383,0.00677197741542,0.0330602994972
6763,0.0020185162577,0.00803045647811,0.0330327686574
6764,0.00866570363402,-0.00147475614818,0.0110450991422
6765,-0.00229426710969,0.0130183780602,0.048498319143
6766,0.00873527406551,0.00405090872455,0.0230006031903
6767,0.00690860440922,-0.00501991425826,0.00578134422996
6768,0.0123403527354,0.00440249930003,0.030692175126
6769,0.00479466799955,0.00528914800448,0.0299844479164
6770,-0.00281961278979,0.00316841488228,0.0285479890741
6771,0.000535930752621,0.00604145609339,0.0208515311979
6772,0.00338695116881,0.00694381014612,0.0351556843604
6773,0.00378277513384,0.0111304499266,0.0513664083507
6774,0.0113536930317,-0.00351172064009,0.00788901877857
6775,0.00751230140311,0.00313037699133,0.0273881521264
6776,0.00167659579575,0.00604055893871,0.0180843528799
6777,0.0125990481533,0.0020500952232,0.0178024849679
6778,0.0037166245695,0.00461069802353,0.0349190167068
6779,-0.00279837896093,0.00806747435525,0.0351087783416
6780,0.0112161750059,0.00492496449807,0.0371701577789
6781,-0.000217241828449,0.00851928842664,0.0318757095095
6782,0.00613504571726,0.00420622105017,0.0213800428813
6783,-0.0001064944419,0.00833904477121,0.0414363653534
6784,0.00958238409644,0.00864446718812,0.0423476993195
6785,0.00316685506959,-0.000950018506809,0.0259120975522
6786,0.0145038680011,-0.00358687576359,0.0106259863737
6787,0.00679842700516,-0.000761792600058,0.0120865200124
6788,0.00513116804258,0.00349196324939,0.0235088525838
6789,0.00939879368605,0.00121537176572,0.0224984535684
6790,0.0119491465493,-0.000488480234192,0.0211268270082
6791,0.00821151275323,-0.00174146903432,0.0173969779944
6792,0.00910737237697,0.0068696149807,0.0369779268543
6793,0.00431401958474,0.00642030328999,0.0358625260393
6794,-0.00168318451705,0.00583098630295,0.030760004812
6795,0.00548087201982,0.00228416366612,0.0305845734009
6796,0.00211760900225,0.00604563888595,0.0381755855494
6797,0.00594822103431,0.00270905629709,0.0239944159806
6798,0.00892458281371,0.00246201170455,0.023811599995
6799,0.00541852155857,0.00438666379146,0.0339389416917
6800,0.000872459636469,0.00232885865309,0.0252125956578
6801,0.00294071459204,0.00800454582463,0.0414393041435
6802,0.0101411960049,0.00147470949312,0.0252382961757
6803,0.00329269331962,0.00611145611391,0.0226439373127
6804,0.00553182333553,0.00117423969149,0.0234049355319
6805,0.0145124987189,-0.00700504254624,0.0138144488741
6806,0.000620125839564,0.014828891683,0.0508758306863
6807,0.00188543574539,0.0108617708126,0.0403076928234
6808,0.000892743814822,0.012157810499,0.0487042505251
6809,0.0056959977818,0.00329559045041,0.030520813706
6810,0.00618683007911,0.000750744657095,0.0262006754605
6811,0.0125238170437,0.00172649327695,0.025709110654
6812,0.00798970791281,0.00347999798427,0.0190751528689
6813,0.0106070330979,-0.00351320349285,0.0186523525617
6814,0.00861341915287,0.0057200555794,0.0314374575447
6815,0.0107509026628,-0.00336307438451,0.0269931010569
6816,0.00490718370131,0.00484030447031,0.0380792961772
6817,-0.0022340794977,0.0120504672045,0.039372253754
6818,0.0145564686818,-0.00187269385738,0.0224344094411
6819,0.00797535594413,-0.000531933979586,0.0169855216226
6820,0.00445126856907,-0.000924068432602,0.0157839677473
6821,0.00518730293597,0.0118137891953,0.0559403333329
6822,0.00749298612736,0.00606075625662,0.0370658688863
6823,0.00310411151855,0.00905344343726,0.0382268775512
6824,0.00336325414919,0.00979055779371,0.0254973198519
6825,0.0100166670318,0.004235955595,0.036691351506
6826,0.00774872481641,-0.000191597464421,0.0221524421834
6827,0.0187307490764,-0.00374606996011,0.0165240690209
6828,0.0108977015884,-0.00129812610252,0.0136076393527
6829,0.00314319547018,-0.00267930821205,0.0113861273586
6830,0.00531737756978,0.008499793722,0.037061806619
6831,0.000130216267628,0.00832272281353,0.0371432693408
6832,0.00248295143841,0.00558921912489,0.0356040341649
6833,0.002691985493,0.0099300106927,0.0401891962232
6834,4.92385717373e-05,0.0092746346478,0.0385860228582
6835,0.00395472279859,0.00877945347829,0.0349264123785
6836,0.0040055425394,0.0115769163586,0.0460369603877
6837,0.00298531407712,0.00777453655179,0.0416221043519
6838,-0.00148568919017,0.00377055051122,0.0228425932159
6839,0.00379681446787,0.00389914976389,0.0270981811328
6840,0.0132525150246,-0.00239442862981,0.0285066614988
6841,0.0105188515875,-0.000180157858932,0.0327776680101
6842,0.0136030128443,-0.00498651156711,0.0147186749069
6843,0.00116434751172,0.00892355533988,0.0246837499052
6844,0.00632630248828,0.00235988104073,0.028345088522
6845,0.010967385741,0.00378568712638,0.0246212610474
6846,0.00861629465239,-0.00154631286335,0.0236866617648
6847,-0.00226814023701,0.00988643056414,0.0332612704176
6848,0.00608147233195,0.00453292825333,0.0215909698388
6849,0.013388179395,-0.00644164080403,0.00695372713145
6850,0.00616172325926,0.00718949483526,0.0423402054532
6851,0.0040494279884,0.00596570006916,0.0368035864601
6852,0.00805986595932,0.00621649748034,0.0436924555346
6853,0.00967705845111,0.00561542300841,0.036977855736
6854,0.0031688837894,0.0068840858918,0.0331983025774
6855,-0.000717084115636,0.00656766266135,0.0270193425219
6856,0.0112124805607,-0.00268269803902,0.0170097941967
6857,-0.00780779822206,0.0109402293711,0.0328079925273
6858,0.00559375189513,0.0010908118583,0.0396334344917
6859,0.0145685908269,-0.00270378199037,0.0260400322026
6860,-0.00121234159804,0.0113010248525,0.0367548327807
6861,0.0105366465644,0.00104865610259,0.0206410854073
6862,0.0023575537246,0.00510303703876,0.0257426200384
6863,0.00344391171751,0.000648937733032,0.019936582725
6864,0.00902564483154,0.00178598336345,0.0229332632532
6865,0.00278622850315,0.0052539485533,0.029602051756
6866,-0.00252870846235,0.00686816802553,0.0360955390215
6867,0.0170057260747,-0.00862388730879,0.00291185552849
6868,0.0127672812178,-0.000833443303919,0.0210975572177
6869,0.00534561854366,0.000937368063178,0.0229931598063
6870,0.00216482339674,0.0112202220059,0.0396901846103
6871,-0.00371505042945,0.00937525591977,0.0295492759341
6872,0.00210561528885,0.00134241805446,0.0214647532478
6873,0.00537318322611,0.0128860722756,0.0520057563635
6874,-0.00242806282207,0.00401514267773,0.0330036004476
6875,0.00304246097385,0.00689672202837,0.0363630623308
6876,0.0138170077113,0.00371663495777,0.0275898895231
6877,0.00587792299821,0.0034009403697,0.0298717958986
6878,0.00386438032969,0.00603114547004,0.037132608566
6879,0.00611285639321,0.00373189903056,0.0232795139256
6880,0.00675439196417,-0.000684761380562,0.0196914587835
6881,0.0105377259838,-0.0054067287107,0.00261867579377
6882,0.0103925198802,0.000658679300066,0.0282756753291
6883,0.004404745364,0.00339931507185,0.0223073771963
6884,-0.00160807527868,0.00960487298773,0.0427081726819
6885,0.000733955469738,0.00763311729581,0.031041008341
6886,0.00590366560017,0.0101140415087,0.0485501979631
6887,0.0111373356339,0.000850240120677,0.0235979323707
6888,0.00388286588034,0.00452635480906,0.0254587146115
6889,0.0126256370153,-0.00380212248658,0.00854221989237
6890,0.00791178484642,0.000215243779775,0.0145171461882
6891,0.00898485783161,-0.00482991994179,0.011229423426
6892,0.0082631755994,0.000887430091101,0.0178173001183
6893,0.00522745948419,0.00181129576232,0.0213743237634
6894,0.0108106884603,0.00122078733966,0.0315802627865
6895,0.00545107171104,-0.000882512641971,0.0187824660707
6896,-0.00303225317289,0.0100696216836,0.0428350942723
6897,0.00638752631924,0.00697524356817,0.0374353404831
6898,0.00758706580176,-0.00119891188813,0.0285999910747
6899,0.0087526288319,-0.00113277814293,0.0174670611339
6900,0.00696904339216,0.00703211259469,0.0309063908495
6901,0.00252731178243,0.00658803651113,0.0272787750801
6902,-0.0044698443891,0.0121818478017,0.0408349827771
6903,0.0113009784751,-0.00246162881772,0.0132972170152
6904,0.00264041601057,-0.000852516282607,0.0146238475703
6905,0.00198446548156,0.00514921200959,0.0366835866316
6906,0.00321617675099,0.00431357209836,0.0231082475704
6907,0.00314825276688,0.00546981305866,0.0253374438135
6908,0.00361494450335,0.00611448619405,0.0411153385229
6909,0.00969618537435,-0.00123966100735,0.016368042084
6910,0.0110436075062,0.0027414516212,0.0227869214036
6911,0.000665111271201,0.0065892256022,0.0281295713848
6912,0.00633141551211,0.00119931992961,0.0351825446563
6913,0.00712907132852,0.00494746636744,0.036865445073
6914,-0.00849249825692,0.00936248927253,0.0364779709735
6915,0.00919164802371,-0.00311639597641,0.0120365889941
6916,0.00187575800374,0.00644364694354,0.0300771702785
6917,0.0107040708411,0.00307916379165,0.0299652677068
6918,0.00993782885443,0.00642770964601,0.0315583287816
6919,0.016714676156,-4.30581297952e-05,0.0257256475489
6920,0.00194631739963,0.006040781242,0.031814755191
6921,0.00152396750835,0.00872852971162,0.0316171146087
6922,0.00535948040512,0.0075497812971,0.0337573269908
6923,0.00816798839495,-0.00551156020313,0.0083490145398
6924,0.000570241292756,0.0120575687481,0.042700836805
6925,0.00397775307042,0.00441247041769,0.029157177594
6926,-0.000584194518609,0.00629649629964,0.0383288287523
6927,0.00903233171268,0.00769809450114,0.0247874420412
6928,0.000134701442293,0.011804609476,0.0466374841567
6929,0.00395423078122,7.48727667853e-05,0.0133858132152
6930,0.0102213978225,-0.00736425049853,0.00476527717593
6931,0.00638996529022,0.000422604249112,0.0295778189457
6932,-0.000725824339535,0.00447053725919,0.0270228961712
6933,-0.0004967010712,0.00448288727869,0.0253274898671
6934,-0.00733493929691,0.0095847161621,0.0331421303182
6935,0.00289934325778,0.00491337511193,0.0350612596509
6936,0.0023224750844,0.00654205133197,0.0307597471113
6937,0.00940670172625,0.00426348791227,0.0258090698568
6938,0.0114035382444,-0.00720866585009,0.0165116174964
6939,0.0100236888638,-0.000479480302755,0.031849673717
6940,0.0112500708289,-0.00816560165598,0.000602464636625
6941,0.00465677891834,0.00854308751771,0.0323770680449
6942,-0.000476380029378,0.00519552064707,0.0331398890168
6943,0.00342546468237,0.00450450755703,0.0247688881191
6944,0.0059666381334,0.00748324457817,0.040216813148
6945,0.00100715677602,0.00391682076296,0.0323752533999
6946,0.0107347587079,0.00238499045835,0.0182397242017
6947,0.00732974009332,-0.00117647485419,0.0138349083378
6948,0.00650497713218,0.00635374534391,0.0350216582469
6949,0.007080135708,0.00345846570463,0.0223823394243
6950,0.0105464453005,0.00166693444645,0.0263306666539
6951,-0.00187805562284,0.0107752273904,0.038206580103
6952,0.0107125350313,-0.00199917757346,0.0196234293281
6953,-0.000888362499481,0.00572583278065,0.0321858707148
6954,-0.000429502763546,0.00304936913604,0.0235476733043
6955,0.00997075229016,0.00145515316048,0.0307566396031
6956,-0.00252734079707,0.0110058075324,0.0414086934309
6957,0.000597498436996,0.00572545235199,0.0343774261619
6958,0.00422027485209,0.00491926243572,0.0311097857254
6959,-0.00365510157593,0.00593792677525,0.0225228381891
6960,0.0052539923981,0.00328799299126,0.0340509312565
6961,0.0113390804996,0.00174428178497,0.0258361364366
6962,0.00680325552208,-0.000490956359267,0.021649033787
6963,0.00763617537467,-0.00308903944339,0.0161296142999
6964,0.0024383117434,0.0109291817428,0.0472104346847
6965,0.0019392444156,0.00925476252408,0.0468389464012
6966,-0.00640669176203,0.0093729831127,0.0390179376495
6967,0.0156809085818,-0.00316107025497,0.0195627351467
6968,0.010846946757,0.00395746198126,0.0254438281488
6969,0.0119285740087,-0.00202982959841,0.0205447417453
6970,0.00385360903264,0.000304684980009,0.0182374582896
6971,0.00493675396506,0.00784085920988,0.0274740967649
6972,-0.00449416639272,0.00784527410746,0.026821011602
6973,0.00222545825903,0.00226961821158,0.0262390255465
6974,0.00988679717496,0.00302608436794,0.0294597732303
6975,0.00761490370182,-0.00674934797136,0.00778517861535
6976,0.00649024498428,0.00100854849584,0.0246803882589
6977,0.0144898710508,0.00081166511243,0.0284869781865
6978,-0.000834538964343,0.000472428218891,0.0147392849939
6979,0.00845063471781,0.00652390106487,0.0359840514699
6980,-0.00213502202642,0.0118519849258,0.0496946800827
6981,0.00461861945886,0.00480882743776,0.0371263968987
6982,0.00951178467472,-0.000654771249317,0.0192468939771
6983,0.00141731483977,0.00666518859898,0.0261202549277
6984,0.00120462966764,0.00434290178872,0.0316709157047
6985,0.00854812174949,0.00427050138629,0.043060700995
6986,0.00329653558577,0.00221787958311,0.017860639324
6987,-0.00467700850466,0.0100121410386,0.0368315943179
6988,0.00119316574627,0.00770008202548,0.033577696869
6989,0.00607106820851,0.0118150826304,0.0445467102954
6990,0.00216496915287,0.00261983215061,0.027578766729
6991,0.0107391413302,0.00370253079699,0.0331276241381
6992,0.00206854141186,0.00305882022764,0.0269175434588
6993,0.0101248470864,0.00423851017997,0.0358725537594
6994,0.000307174442202,0.0110409893052,0.04789124885
6995,0.00499072684616,0.00644605938631,0.0339769464842
6996,0.00232676022904,0.00773167443229,0.0313339385838
6997,0.00997538188448,0.00262718515269,0.0254693019927
6998,0.0027517072209,0.00513329331491,0.0244578109936
6999,-0.000385782331951,0.00893067699935,0.0419495993265
7000,0.00323666216053,0.00514535580781,0.0284013365449
7001,0.00829107739245,0.00259157975353,0.0239557889116
7002,0.00327197823525,0.0075350885409,0.0401614532015
7003,0.00486737999685,0.00312498128114,0.0324723566734
7004,0.00654442692167,0.00567888924422,0.0334281291751
7005,0.00188682011356,0.0030082323571,0.0282432807936
7006,0.0203843071671,-0.00678128642436,0.0024330405141
7007,0.0102238300154,0.00317217476317,0.0313708197415
7008,0.00535837209565,0.0113449832582,0.050595194159
7009,-0.00307658522025,0.00968724565822,0.0403310660263
7010,0.00212416154878,0.00435489992313,0.020324585117
7011,0.0016529849763,0.00668175687106,0.0453884044658
7012,0.0114425423245,0.00096517715369,0.0168390056171
7013,0.00727007218509,0.00567103468048,0.0301446509572
7014,0.0055827327284,0.00270604036736,0.0212147403237
7015,-0.000241463357918,0.00516722904289,0.0226217481942
7016,0.008343406127,0.00435699970374,0.0296815939881
7017,0.00559556007854,0.00147269612175,0.0270229600242
7018,0.00895085916982,0.00371648192557,0.0279293999195
7019,-0.00286786176777,0.00858284802344,0.0298283844193
7020,0.00586558244603,-0.00291923647926,0.0154240143874
7021,4.21624936757e-05,0.00954759499214,0.0362404703436
7022,0.00713435296502,0.00682157123668,0.0305263481342
7023,0.00266921662133,0.007333213605,0.0424703664373
7024,-0.000792328919021,0.0038001827587,0.0294783046115
7025,0.00275409107036,0.00150458391006,0.0298971388747
7026,0.00122105470055,0.00960412186486,0.0382226445735
7027,0.0131499165487,-0.00550266607758,0.0147665105641
7028,-9.06401238419e-05,0.00723989295667,0.0360179541468
7029,-0.00157307740607,0.00655295005559,0.0297732279489
7030,-0.00457127222337,0.012590365744,0.0389863561633
7031,0.00657399594591,0.0100027828399,0.0495197745709
7032,-0.000555911748168,0.0106228409029,0.0405841600604
7033,0.00183925631107,-0.00326034886395,0.00831528118717
7034,-0.00307499029759,0.00948193419746,0.0308925513208
7035,0.00729638041351,0.00521987216334,0.02927403906
7036,0.00363097155126,0.00341945176229,0.0238177188115
7037,0.00893765906418,0.000637729438586,0.0216688703617
7038,0.0102712003739,0.00286359728652,0.0189897147286
7039,0.0124010077631,-0.00426972296127,0.016906982095
7040,0.000481492504096,0.00575963575848,0.0203984777088
7041,0.00421739913882,0.00511254824891,0.0379523602795
7042,0.00288235312255,0.00563922222243,0.0312364143176
7043,0.0145165534228,-0.00440253550227,0.0151351232312
7044,0.00712856117095,0.00610565826194,0.034660318241
7045,0.00922793015935,-0.00025619683494,0.0143221396803
7046,0.00867513311084,0.00097978798641,0.0295299372731
7047,0.0135708463218,0.000386262654494,0.0413142145921
7048,0.00419421610953,0.00185332433192,0.0237487325368
7049,0.0108683292772,0.00273598859613,0.0272051994579
7050,0.00328038556515,0.0081237686699,0.037741045531
7051,0.00492666980482,0.00973955079377,0.0291071925657
7052,-8.14263794439e-05,0.00498751048115,0.0372060771163
7053,0.00201153258993,0.00707486763582,0.0311095111489
7054,0.00360505885645,0.00648874984375,0.0399947356889
7055,0.00257071775109,0.0113717858797,0.0382064468084
7056,0.00487556990158,0.00505224558968,0.0287855854341
7057,0.00374405824964,0.00918929178605,0.036513770267
7058,0.0065676886463,0.00700943974583,0.0351446811713
7059,0.00476087169551,0.001644418247,0.026721567335
7060,0.00696772646512,0.00191060401217,0.0250046216527
7061,0.00145407641394,0.00774848565262,0.0318162291923
7062,0.00424407390728,-0.00124076248548,0.015691992262
7063,0.00236489514679,0.00982447708231,0.0422902083561
7064,0.0134877478634,-0.0037565475114,0.0126884632364
7065,0.000472675327327,0.0117006891153,0.0444774218083
7066,0.000583151849331,0.00888202949629,0.0359544476766
7067,0.00695050188035,0.00235968827089,0.0313388777593
7068,-0.000314935031321,0.0109998923446,0.0487476451668
7069,0.00073618629602,0.00212284705064,0.0219237200608
7070,0.006016590992,0.00323222608072,0.0263463971808
7071,0.0120316500714,-0.00076098179352,0.0284708900962
7072,0.00357984612787,0.00527941052692,0.0408404077133
7073,0.00413904442633,0.00330925554762,0.0299814361635
7074,-0.00148631142612,0.0113569414496,0.0502265290953
7075,-0.00129042376393,0.00834035202056,0.035901248848
7076,0.00244433665109,0.00375630829088,0.0236572870661
7077,0.00267760211852,0.00765471053344,0.0338905240397
7078,0.0134261766474,-0.000837535766663,0.0365766140916
7079,-0.00118703583367,0.00575622514234,0.0262806323023
7080,0.00658441117283,-0.000121209016131,0.0169038866242
7081,0.0103257030347,0.00505040516345,0.0386529018322
7082,0.00551861000509,-0.00187235695478,0.0065936970989
7083,0.00752227076236,0.00532853719414,0.0310897332464
7084,0.00365250714417,0.00907446810655,0.0419792092898
7085,0.00320119572801,0.00337990298624,0.0256353553841
7086,0.0104487786069,0.00834228176371,0.0470482221443
7087,0.00888064622671,0.000855039444359,0.0275552188411
7088,0.0113454481188,-0.00236210229677,0.0107746926251
7089,0.0176100066627,-0.00233720708012,0.018341293164
7090,0.00686276152772,0.00190181456173,0.0216099394835
7091,0.001286914224,0.0106883580461,0.0384973467083
7092,0.00577008870505,0.0031767850775,0.0281597059994
7093,0.0052703061137,0.00137146527165,0.020388526541
7094,0.00322861860638,0.00378523535599,0.0228386894221
7095,0.00288427905626,0.00767585169365,0.0355184989597
7096,0.000545206077014,0.0104799299998,0.0465236914639
7097,0.00682877200848,0.00509716758969,0.0280486284057
7098,0.00788250600166,0.00890493599604,0.0466887581855
7099,0.00936278242108,-0.00125575204976,0.0167192425146
7100,0.00950877954219,0.000531720464371,0.0242176074325
7101,0.000164655939422,0.00963005497556,0.041120301467
7102,-0.00174217499713,0.0104856156102,0.0432321099898
7103,2.20313012759e-05,0.0123752810434,0.0441652151264
7104,0.00449368692895,-0.000561649465421,0.0209141508598
7105,7.06917008089e-05,0.00186292342503,0.0214871592919
7106,0.0115307781656,-0.000429034536351,0.0278598792621
7107,0.0103665714184,0.00291408703817,0.0251604260312
7108,0.00833112422568,0.00720132406458,0.0263835169669
7109,0.00318183339922,0.00413081267083,0.0294078468754
7110,0.00404249576983,-0.00204380259265,0.0203158726031
7111,0.000105924378279,0.00781971542135,0.0322088918192
7112,0.00592849542896,0.00473636215896,0.0273082372572
7113,-0.00183552619966,0.00221139039878,0.021234816052
7114,0.013547024921,-0.00238154713923,0.0158037391072
7115,0.00352533530695,0.004532023826,0.034321692287
7116,0.00739162549711,0.00673685236841,0.0459948985137
7117,0.00841005995753,0.000857374175887,0.0285209031462
7118,-0.00386494646297,0.0101080176555,0.0429196450721
7119,0.0103355443186,0.00433789132059,0.0292088047695
7120,0.00704231248549,-0.00138802992298,0.0174321841543
7121,0.00354496186125,0.00164194348877,0.0241794510952
7122,0.00562282642082,0.00727010725334,0.0415607689006
7123,0.00483693014485,0.00162416371944,0.0287596521314
7124,0.00698582745409,0.0022782554113,0.0276533490715
7125,0.00651202950061,-0.00242803303878,0.0229770773244
7126,0.00846340943886,0.00137046762634,0.0157891496577
7127,0.00727346446912,0.0014776786928,0.0199119239203
7128,0.00217646955919,0.00786147087082,0.0305967850029
7129,-0.000258775529805,0.0129266931816,0.043228051816
7130,-0.00590178750299,0.0084601680934,0.0315760566713
7131,0.0128814609374,-0.0068809735534,0.00602649060486
7132,0.0119672072237,-0.00565310143849,0.00849566020967
7133,0.00227795213032,0.0090374966741,0.0331948881511
7134,0.00806984643403,-0.000551522522201,0.0220297125937
7135,0.00854754597655,-0.00330489382157,0.0166883039319
7136,0.00157020059872,0.0118357459142,0.042361668063
7137,0.00183518584452,0.00410927100043,0.0262536458797
7138,0.00793648801958,0.00203929879119,0.0235593352335
7139,-0.00228580063897,0.0114880324949,0.0477013557003
7140,0.00250621357753,-0.000340032706375,0.0266212649418
7141,-0.00284683296602,0.0097946282564,0.0313600383701
7142,0.00770786186215,0.00107603736499,0.0259428959963
7143,0.00984340729592,0.00289253933954,0.0300099345947
7144,0.000664285359681,0.0126678311382,0.0432110096411
7145,0.00370715311013,0.0109404682143,0.0337767576406
7146,0.00208836590776,0.0116090321375,0.049729015976
7147,-0.00782899175459,0.0132742022067,0.0434960686661
7148,0.00880029630952,0.000709607870613,0.0248989626034
7149,0.000414585038081,0.00872767498411,0.0434926012762
7150,0.0064174768321,0.00132561823217,0.0191859423935
7151,-0.00162763826926,0.0127784477025,0.0357256017805
7152,-0.0023179768046,0.0111282735086,0.0470334606172
7153,0.00495894004853,0.00698013706983,0.0404939546043
7154,0.00464894405572,0.00113540722243,0.0203969138238
7155,0.00135039468915,0.00308501828117,0.0329245159319
7156,0.000337118322993,0.00668914492052,0.0320036520748
7157,0.00920841163959,-0.00170371238256,0.0232421058876
7158,-0.00344707428124,0.00345882827592,0.0214562684426
7159,0.0142969726834,-0.00324430767157,0.0246199540401
7160,0.000160021512757,0.00645783748495,0.027041318687
7161,0.00416188002038,0.00793831008447,0.0369923558519
7162,5.92999606974e-06,0.00160657754142,0.0290022964084
7163,0.00822935412986,-0.00238827855533,0.0128521230219
7164,-0.0012142198354,0.0038271229733,0.0187100325337
7165,0.00528975837617,0.00101267883771,0.0217835311835
7166,0.0118266865746,-9.85139482333e-05,0.0187413064486
7167,0.0148817639633,0.00126915657594,0.0239138830321
7168,0.00447754915668,0.00419701791245,0.03065120428
7169,0.0161283477487,-0.00451249182422,0.018517619067
7170,0.00217196910126,0.00611094437314,0.0358935895577
7171,0.015569487806,0.00158887624276,0.0200588739353
7172,0.00289223682715,0.00870280882169,0.0384998259873
7173,0.0143221519977,-0.00238235789747,0.0206901135002
7174,0.00755599286647,0.0036067439959,0.0318426546661
7175,0.00541291097555,0.004510078526,0.0304963837467
7176,-0.00116041610077,0.0112947772202,0.0391878536192
7177,0.0194340609605,-0.00188809735882,0.0181320887579
7178,-0.00207572474795,0.00681074488338,0.040101553021
7179,0.000166625240148,0.0114015499124,0.0470110149455
7180,0.00234286969675,0.00745309429821,0.0363902172448
7181,0.00694521866423,0.00423597525709,0.0330384443771
7182,0.00910080958609,0.000958771686283,0.0232515000866
7183,0.00457617333758,0.00388823160879,0.029908498296
7184,0.009894373007,0.00505612400122,0.0362251842792
7185,0.00330440057246,0.0109305873011,0.045878520975
7186,0.000275561079841,0.00850359769789,0.0227147464593
7187,0.00317751907399,-0.000289721007527,0.0194476158211
7188,0.00284353969495,0.00491522045005,0.0290436106605
7189,0.00877170976547,0.000512953856364,0.0287467445346
7190,0.0110122289172,-0.000135514350983,0.018473202403
7191,0.0140862329881,-0.00586328763321,0.0159104979467
7192,-0.00530851780427,0.0100070940441,0.0397280982204
7193,0.00117031766748,0.0109250451568,0.0352565155724
7194,0.000819809515236,0.000334543746066,0.00884360826277
7195,0.00391691574445,0.0089609057096,0.0361639040031
7196,0.0103252735208,-0.00103886345452,0.0251823644303
7197,0.00709158074353,-0.0017718533955,0.0170260398054
7198,0.014405634125,-0.00141795415827,0.00937545314485
7199,0.013613384881,0.00382826307126,0.0312293460227
7200,0.00154547018906,0.00641812539796,0.0310725898005
7201,0.00318948214548,0.00499443585678,0.0266183985546
7202,0.00373228984551,0.00968538282233,0.0313896373926
7203,0.00153199991547,0.00814412972262,0.0353467277328
7204,0.00702253080445,-0.00190423014472,0.0162372962336
7205,0.0127470016361,0.000287503226282,0.0313094956729
7206,-0.0128885596884,0.0140989381153,0.0460552337637
7207,0.00670012766024,0.00258931354773,0.0254494747367
7208,0.011968604506,0.00516295779469,0.0387205725947
7209,0.00413197567546,0.00459392061644,0.0317804887612
7210,0.00773669065939,0.00126158350448,0.0178061049868
7211,0.00963175247904,0.000360071036742,0.0261741184495
7212,0.00450495041371,0.00673974638144,0.0330579015607
7213,0.000849151812229,0.00562784871331,0.0325822787581
7214,0.00427856314233,0.00453064860211,0.0307956958083
7215,0.00551924057424,0.00333509740037,0.022712136539
7216,0.00426915253657,0.00456566242432,0.0341850744712
7217,-0.0052276733589,0.0100461353052,0.0411666277954
7218,0.00645238940964,0.00703357866627,0.0386694871079
7219,0.00312059865553,0.00916241965692,0.0372510027073
7220,0.00482235664246,0.00529804049213,0.0395238679354
7221,-0.00171552759803,-7.77353818837e-05,0.0129592626297
7222,0.00740506943514,-0.000792527491016,0.0155438202885
7223,0.00250486064522,0.00671107815672,0.0375837211008
7224,0.00133014439216,0.000863412046167,0.0150944301738
7225,0.00541236834389,0.00482031496052,0.0294221013433
7226,0.0020706067851,0.0110097677872,0.0404451803848
7227,0.000736427973114,0.00740956285571,0.033029293922
7228,0.0164198746475,-0.00555931871739,0.00832249926869
7229,0.00581975667048,0.00217596256512,0.0312719192724
7230,0.000916787421117,0.00334184004807,0.0280024849848
7231,-0.00487837414471,0.0101112017315,0.0414258617105
7232,0.00322718178351,0.00725290122549,0.0331287329591
7233,0.00519186344804,0.00337636133086,0.0295137250466
7234,-0.00754796466315,0.0102717908186,0.04133286479
7235,-0.00178744188226,0.010349403193,0.0488580573923
7236,0.0141456738663,-0.00276603136849,0.0143955669368
7237,0.0134703654544,-0.00146753583392,0.0338774657475
7238,-0.00134790505099,0.0110964454379,0.0398871297864
7239,0.00992432822139,0.00353270083585,0.033401724643
7240,0.00425691887839,0.00514831969947,0.0294482394095
7241,0.00402288432629,0.00282245522302,0.0181151540116
7242,0.0152933983739,-0.00147754888817,0.0161462990407
7243,-0.00713019345838,0.0128311238999,0.0456515120172
7244,0.00274427738816,0.00427605172509,0.0341171150691
7245,0.00337344506702,0.0112781151587,0.0389496338943
7246,0.000798751843857,0.00770266708554,0.0423361650612
7247,-0.00342532176177,0.0121754347373,0.0367335309197
7248,0.00814502463936,0.00871412096184,0.0420091814275
7249,-0.000628217297869,0.012065788285,0.0568609664967
7250,0.00474233719094,0.00842616725429,0.0317973838555
7251,0.00179805970292,0.00713185396208,0.0353060520148
7252,0.00970335924859,0.00421981609867,0.0450640603666
7253,0.0156576555896,0.00434917217273,0.0343367345565
7254,0.0112441763755,-0.0022953578103,0.0236294361242
7255,0.00700422397007,-0.00240123829641,0.0169798823004
7256,0.00951856581858,0.00324782936667,0.0251177710591
7257,0.00556259593747,0.00963284946027,0.0397695791286
7258,0.000298391036486,0.00854514934494,0.0373016816707
7259,0.0016897809861,0.00702098458889,0.0300457444265
7260,0.00453445607492,0.00592176176507,0.0275027067136
7261,0.0113663148825,0.00173931406556,0.0208532877401
7262,0.0214474539032,-0.0111461245835,0.00239696576243
7263,0.00370532605695,0.00607416308312,0.0356661247552
7264,0.0065517361176,0.00474378959112,0.0337067623225
7265,0.00944315153463,-0.00191022231083,0.0198175020566
7266,0.00190437759998,0.0132015096196,0.0510728822092
7267,0.00231068559311,0.017919442303,0.0603596380329
7268,0.00621282264536,0.00117685275923,0.0247450295333
7269,0.00378257750952,0.00521453659158,0.0289390313861
7270,0.00838100227467,0.0013857966078,0.0209497576598
7271,0.00284880333338,0.00894195545197,0.0424483073763
7272,0.00404849181814,0.00338239314138,0.0294154115602
7273,0.013409181973,-0.00323897158545,0.0101783227441
7274,0.0128301745604,0.0033849982043,0.0266801840341
7275,0.00781448956912,-0.00109082457021,0.0124618173254
7276,0.0108088156969,0.0018376208194,0.0237815108677
7277,0.00258283274424,0.00809676797719,0.0423977658465
7278,0.00524989077648,0.00528120635629,0.0270423196738
7279,0.00643968140559,0.00171759838177,0.0263115353695
7280,0.0111544211848,-0.00124746924395,0.0223357676885
7281,0.00535370044173,0.000504527009489,0.021823241696
7282,0.00374412838833,0.00116908108753,0.0167962404122
7283,0.00663373252125,0.0028128895588,0.0229326515802
7284,0.00244417820149,0.00408403470001,0.0344598563737
7285,0.00662083886206,0.00588375610419,0.0379091837142
7286,0.00632938629261,-0.00155059652475,0.0185841713855
7287,0.000437412413589,0.00781575469262,0.0311032757044
7288,0.00677692764562,0.00245711374758,0.0340925533953
7289,0.0057426722218,0.0100437577669,0.0467109045825
7290,0.00958297682013,0.000806503749026,0.0187831146221
7291,0.0018218305005,0.0110035203652,0.0340843244488
7292,0.0045734185605,0.0022506979753,0.0236923711325
7293,0.010909690626,0.00131430383594,0.0282916459977
7294,0.00631001661888,0.00384790822485,0.0330319894827
7295,0.0100466920632,2.68556186909e-05,0.0171430893327
7296,0.0102723470043,0.00124116498418,0.0336778025708
7297,0.00529817682757,0.00120495694017,0.0215049607836
7298,-0.000138587862802,0.00198472230524,0.0244049257275
7299,0.00259377950452,0.00622074543303,0.0282910100135
7300,0.00373207856072,0.00316126961948,0.0227872594381
7301,0.00653339483916,0.00609083578462,0.0305211052828
7302,0.00534016531142,0.00682051109721,0.0370008645968
7303,0.00420507155156,0.00666964037073,0.0436469361226
7304,0.0102352238884,-0.00515745293159,0.0113112343985
7305,-0.00100895465948,0.00918817409093,0.0426528049211
7306,0.0101497255947,0.000784257753677,0.0316891311437
7307,0.00500541299134,0.0100831747978,0.042203095024
7308,0.00623724209455,0.00328526393209,0.0258400735347
7309,0.00740902715685,0.00739034916675,0.0348974117684
7310,0.00476056814779,0.0081721739057,0.0331405180618
7311,0.000746746061052,0.0080524560703,0.0409236580749
7312,-0.00215820585879,0.00905325421759,0.0327013421444
7313,0.00213158829666,0.00802143006551,0.0349537733874
7314,0.00652949333714,0.00814736861394,0.0376988098285
7315,0.0017618128603,0.00212107627338,0.0196729076924
7316,0.000673328477273,0.00869481386868,0.0350582842606
7317,-0.000752580936501,0.00219810470706,0.0233231405599
7318,0.00796844379327,0.00158523076326,0.0233204810981
7319,0.00267736327473,0.00326471371879,0.0224060728218
7320,0.0117300345991,0.00119814033002,0.0326158407038
7321,0.00416334481919,0.00403183156314,0.0316913753356
7322,0.00860676217662,0.000295211517957,0.0145753545002
7323,-0.00120840799462,0.00647479263077,0.0203001471123
7324,0.00979593310894,-0.00348517295256,0.0192790412939
7325,-0.00229104232661,0.0129743431588,0.0430503395551
7326,0.0103617183563,0.000832030898666,0.0215377552079
7327,0.00775549545261,-1.14270661441e-05,0.0161984159988
7328,0.00599756230585,0.00273010894209,0.0239565248884
7329,-0.00418182057189,0.0061461834413,0.0295702935469
7330,0.00133654939023,0.00855758610839,0.0346586782827
7331,0.00414088067673,-0.00168496063809,0.0163819408375
7332,0.0162975779829,-0.00461961542858,0.00150905915056
7333,0.0073038651213,0.00749909392134,0.0406279250529
7334,-0.00261769719842,0.00681898593594,0.0312916805533
7335,0.00931930529808,0.000272171771899,0.0225393367976
7336,0.0136792322298,0.00323677788857,0.0294169748201
7337,0.0111442369195,-0.00324099603551,0.0118443857919
7338,0.0135559417994,0.00277301235034,0.0232939502458
7339,0.0122176732916,0.00159035449599,0.0191306121399
7340,0.00719152092608,0.00271304850756,0.0311495119893
7341,0.0108940189427,0.00616313861647,0.0378380285007
7342,0.000449930305739,0.0094132446045,0.0346990325216
7343,0.00864345520378,-0.00242465532998,0.0198374424911
7344,0.013874266737,-0.00319178582479,0.0205267989913
7345,0.00502112886228,-0.00125365450671,0.0109956245186
7346,0.00159491189076,0.00249370564813,0.017367844973
7347,0.00934975806149,-0.000513566944145,0.0222749526985
7348,-0.000686203160044,0.00181327405394,0.024690877641
7349,0.010591127047,-0.0018216831614,0.0107623348448
7350,0.00657246327889,0.00156546876806,0.0250026838311
7351,0.01019992201,-0.00218681685406,0.0176312478288
7352,0.00340071943379,0.00960788615509,0.0454139613599
7353,0.00919804627471,0.00282470992318,0.0201523822802
7354,0.00336471089522,0.00135137584028,0.0251114898444
7355,4.7561004536e-05,0.00911388614009,0.0456377776096
7356,0.0110601268568,-0.0014310795198,0.0223933695473
7357,0.0120117621609,-0.00432358601171,0.0176512842068
7358,0.00322919320668,0.00259349989543,0.0226041465609
7359,0.00346903299595,0.0094930569508,0.0423991831779
7360,0.00924249963099,0.00309206275834,0.0243043716984
7361,0.00881659313285,0.00257634160155,0.032787743622
7362,0.00746413182645,0.00712334923679,0.0326062337466
7363,0.0018631057603,0.00397707116686,0.0237567739669
7364,0.00571396342408,0.00416570899514,0.0208199119957
7365,0.0047191287913,0.00496602122739,0.0317985703576
7366,-0.00062233971632,0.0104821335804,0.0406606057739
7367,0.00482811343174,0.00501292933501,0.0353690565201
7368,0.000925075168858,0.00339694487152,0.025122403951
7369,0.00266522070983,0.00787736533441,0.0401444456094
7370,0.00369378142576,0.00421998938392,0.0237017547029
7371,-0.00680106482831,0.0103034934151,0.038228306975
7372,0.00575666029721,0.00538519434931,0.0362215390616
7373,0.00769220470913,-0.00325374347558,0.0110359574631
7374,0.00259220196089,0.00973467659788,0.0424742616803
7375,8.67499346781e-05,0.00200809554776,0.0180493242011
7376,0.00674360149574,0.000221995184631,0.0227264327369
7377,-0.000774371274499,0.00456711576715,0.0286176632388
7378,0.00355834260443,0.012255792767,0.0470770881453
7379,0.00185638202261,0.00733922013247,0.0343080757496
7380,0.00749506106186,-0.00357895918446,0.0156927844336
7381,0.00487510632259,0.00384463961442,0.0301613806088
7382,0.00756419949594,0.00460805098375,0.033507639552
7383,0.00245360716778,0.0081304181125,0.028515441949
7384,0.00585050640794,-0.00183063782515,0.0205946674315
7385,0.00155382641377,0.00307144328023,0.0256093798982
7386,0.00135053698318,0.00929473315796,0.0355091632467
7387,0.00568200457145,0.0107112993066,0.0402438976904
7388,-0.000234216688981,0.00500263767728,0.0254550021211
7389,0.00481965120204,0.00464085626891,0.0231651138543
7390,0.011356171098,0.0035313843353,0.0279204326182
7391,0.0114742253417,0.00287586418035,0.0296012132228
7392,0.00204161749288,0.0160442997936,0.0496389462228
7393,0.00863232333508,-0.00175968417533,0.0115307180061
7394,0.0107128830246,0.0055974388783,0.022449786104
7395,0.0080012004989,0.00424806260507,0.0202266892964
7396,0.0106920490657,0.0013772815767,0.0164864402136
7397,0.00339852642135,0.00211223894698,0.0201833698004
7398,0.00381327863996,0.00503461464379,0.0302703698853
7399,0.0092596813871,0.00380528085819,0.0282265798368
7400,0.00258148475466,0.0089956231937,0.0447948288507
7401,0.00767454466959,-0.00236367579418,0.0164755871506
7402,0.0040500609763,0.0079336687003,0.0366042955019
7403,-0.00409337303062,0.00802452413414,0.0356523668194
7404,0.0128920081006,0.00833195412506,0.0425008751124
7405,0.00207691494987,0.00893412665001,0.0387577913385
7406,-0.00110000057855,0.00803157722198,0.0321431288233
7407,-0.00513451127903,0.0187616573535,0.0519777899554
7408,0.00937411714976,0.000696843507979,0.0204589139876
7409,0.00514709181292,0.00591890837059,0.0389101076907
7410,0.00568519978395,0.00640530916911,0.0250119014415
7411,0.00809343596863,0.00265146429283,0.0224505596211
7412,0.00224408756303,0.00547564747172,0.0242203485123
7413,0.0149365365986,-0.00275120034548,0.0130502621674
7414,0.0133709120848,-0.00330097476967,0.0186436195329
7415,0.00805803039875,0.00255252037304,0.0240795095035
7416,0.0058963264078,0.00188263640266,0.0143179187346
7417,0.00734061240496,-0.00294523405196,0.0194301424007
7418,0.0130231377029,-0.000894700244597,0.0175518693394
7419,0.00635654123659,0.0047647073458,0.0277441539358
7420,0.00827737863148,-0.00520632181714,0.00947449674057
7421,0.00369325589638,0.00591615760339,0.0427428065649
7422,-0.00174569572751,0.00930703943107,0.0398163684319
7423,0.0092256230262,-0.000386010329569,0.0195334240688
7424,0.00386741232452,0.000586227372577,0.0167073385713
7425,-0.000549416416545,0.00815725883297,0.0361204726684
7426,-0.00265850451353,0.0102914512195,0.0412564052691
7427,0.0104568528091,0.00398996614382,0.0288579434336
7428,0.00969452589509,-0.0017335721565,0.0244319549163
7429,0.00823621307018,0.00539313731399,0.038584096597
7430,0.00165663754602,-0.0004485348735,0.0191371012991
7431,-0.00203052483091,0.00975893990681,0.0349522447869
7432,0.00515865299122,0.00167161846018,0.028865287423
7433,0.00874447133963,0.00200358413661,0.0228311209348
7434,-0.0029432160247,0.00952731759857,0.0312033935754
7435,0.00723731268398,0.00543311405811,0.0377659340078
7436,0.0194927037695,-0.0100470701915,0.00773110888355
7437,0.0156674231421,-0.00425139075119,0.0108976149011
7438,0.00141575099087,0.00273070933894,0.0262953513693
7439,0.00734425234012,8.13367489455e-06,0.018137137061
7440,0.00125766051832,0.00554180891486,0.0258688453451
7441,0.0047488196793,0.00665749115723,0.0324556804483
7442,0.0132128462602,0.00212658172327,0.0253397731101
7443,0.00357164258247,0.00670511449341,0.0326408594048
7444,0.00556163328683,-0.00131738116109,0.00879488081994
7445,-0.000506958728432,0.00301075276784,0.021001806714
7446,0.00601861336537,0.00807433815313,0.0424752301645
7447,0.0123572030557,0.000535190006716,0.0208242422859
7448,0.0045540394597,0.00306553858865,0.0230540737402
7449,-0.000893152311002,0.00744665422967,0.0276627156714
7450,0.0104225563133,-0.00360409995658,0.0158759556248
7451,0.00949523151948,0.00402759665252,0.0300346183058
7452,-0.00193658293115,0.0131780574131,0.0374471866822
7453,0.00270342366984,0.00909113119999,0.0339930966424
7454,0.000125241641435,0.00445186251103,0.0181694818091
7455,0.00408530487458,0.00606615007027,0.030941892371
7456,0.00292709406291,0.00271038900358,0.0223979954855
7457,0.00475924408446,0.00349664986139,0.0230790725491
7458,0.0118807274164,-0.000374954567667,0.0235025521821
7459,0.0158338697582,-0.000469529556608,0.0291678869721
7460,-0.000390474279782,0.00576630197588,0.0315364912862
7461,0.00282615704203,0.00774642032996,0.0428520344244
7462,0.00354271366446,0.00197816768407,0.024629334375
7463,0.00369422889228,0.00559456483556,0.0312885822122
7464,0.00655801138865,0.00766091590032,0.0419816301657
7465,-0.00250186088175,0.00789414613285,0.0319578673664
7466,0.00408869616049,0.00475603608573,0.0326704272443
7467,0.0110736488482,-2.84603651962e-06,0.0168261945531
7468,0.00444802922504,0.00300461987235,0.0217323906615
7469,0.0111135636496,0.00685106855994,0.0389117924799
7470,0.0047552741907,0.000552569628883,0.0192827468738
7471,0.00433331588106,0.00587965006483,0.0318259327958
7472,-0.00331808088261,0.0123101741962,0.041613594027
7473,0.00756555936947,0.00231729476683,0.0223823877167
7474,0.00550812087361,-0.000234519781946,0.0246411882136
7475,0.00783197431246,0.00348516726127,0.0373543788385
7476,0.0118769460409,0.000800225057155,0.0208641764312
7477,0.00149344227851,0.00178984540727,0.0204273950509
7478,0.00159182609555,0.00361164565418,0.017238145247
7479,0.00405007227247,0.00145279657314,0.0308096142833
7480,0.00781872481838,0.00657065766546,0.0342615287316
7481,0.00666496135933,0.00156345456821,0.0317258616199
7482,0.00337389824455,0.0115622295818,0.0512082126301
7483,0.0143060836828,0.00248827132424,0.018914772581
7484,0.00958998869263,0.00139515727745,0.019744634184
7485,0.0119714684172,-0.00490297935286,0.0116396014803
7486,0.000352934906039,0.00229929322484,0.0301549684977
7487,-0.000227628910804,0.00319142452637,0.0308037584708
7488,0.00120805138536,0.00371872733128,0.0296809155533
7489,0.00192201911082,0.0062252856091,0.0381488201754
7490,-0.00317311235861,0.0151809170555,0.0474634678182
7491,0.00462780892838,0.00523771099482,0.0288515277522
7492,0.00528615778962,0.000885279164905,0.0203575348497
7493,0.0108701260582,0.0030908432403,0.0362782606672
7494,0.0171721490278,-0.00296222448012,0.0150881852044
7495,0.00765839591258,-0.00449399818423,0.0107327918676
7496,0.00649246700029,0.00175700345488,0.0235163615764
7497,0.00534665915493,0.00488117005737,0.0283168628858
7498,0.00486981877402,0.00492416114328,0.023955131171
7499,0.0122091247141,-0.00180034651779,0.0228903408874
7500,-0.00245600802418,0.00924142507118,0.0404297351687
7501,0.00660102041924,0.00483424322474,0.029086759615
7502,0.00483367031118,0.00922862018215,0.0337467208264
7503,0.00744763202393,0.00394132258537,0.027159613372
7504,0.0107049632231,-0.0036862227023,0.0165028733152
7505,0.00260523862728,0.0107792993476,0.0405685553866
7506,0.00433606834019,0.0079479871524,0.0399071181709
7507,0.00954828893675,0.000945567545138,0.0341530142263
7508,0.00902489721301,0.00331858419545,0.0194164090676
7509,0.0124658380332,-0.00225622493918,0.0182175882834
7510,0.00934307333217,0.00674071287043,0.0310723294233
7511,-0.00407871420396,0.00742983400563,0.0362035425038
7512,0.00379201748107,0.00675173420434,0.0318511520817
7513,0.0224855191699,-0.00590267655584,0.0212795259137
7514,0.00348025687762,0.00218943640901,0.028360249452
7515,0.0102342587444,0.00444699859429,0.0334598196144
7516,0.00166569470737,0.00334465185088,0.0286800348613
7517,0.00721465539028,0.00245374065052,0.0240959539701
7518,0.00947517872909,-0.00118731730266,0.0180468829365
7519,0.00713772090189,0.00332867655178,0.0270812299608
7520,0.010737669684,-0.00214332655077,0.00989021272699
7521,0.00303822153155,0.00653401453637,0.0338331893798
7522,0.000295034262328,0.0147732475374,0.0500602103927
7523,0.00775700104189,0.0043603563839,0.0362767069124
7524,0.0069808415595,0.00195989641147,0.0270124405368
7525,0.0101578075157,0.00726036740475,0.0334194257282
7526,0.000675858925934,0.00857601232647,0.0345742081367
7527,0.00447661019652,0.00820925611772,0.0306621574983
7528,0.0061615178288,0.0013489248781,0.0171619621954
7529,0.0100112188106,-0.00178089218294,0.0192158408981
7530,0.00969986652856,0.00164019617267,0.0291987137975
7531,-0.000488123500574,0.00821566189306,0.0377202211785
7532,-0.000739458367725,0.0138385702823,0.043222816455
7533,0.00770853405483,0.00867973531785,0.0346586962485
7534,0.00538661450639,0.00667483618543,0.0369330799863
7535,0.00977189949691,0.000821772113937,0.018292020959
7536,0.00113860662093,0.00567063514278,0.0390320699096
7537,0.00906248953097,0.00424204189255,0.0237923128349
7538,0.00154661492883,0.0103445006929,0.0334308824937
7539,0.00206759023704,0.00640379773705,0.0355589597508
7540,0.0076593217221,-0.00158971042904,0.0106629084186
7541,0.0034869905311,0.00356572542567,0.0314498725293
7542,0.00290840534696,0.00542767933412,0.0237988800018
7543,0.00353220071853,0.00199497981364,0.0152161452453
7544,0.00668742854645,0.00416672335733,0.024506027592
7545,0.00269000846197,0.00791630459455,0.04693739502
7546,0.0050851762789,0.00513533193519,0.0268290313214
7547,0.00547557746594,0.00432404943717,0.03097726385
7548,0.0137395653512,0.00128145484626,0.0247366173368
7549,0.0107055868021,0.00768076460242,0.0460320144974
7550,0.0102210640338,-0.0012334287802,0.0175514514531
7551,0.0138840444907,-0.000848990461967,0.0146063802146
7552,0.00413283310626,0.00268325908275,0.0294869772536
7553,0.00197983933955,0.00401354621372,0.0194985891568
7554,0.0103958394399,0.00720044990432,0.0361954978765
7555,0.0113606898647,0.00624541011564,0.0331792808868
7556,0.00275960455588,0.00499516831613,0.028493241444
7557,0.00637985731753,0.00186948248206,0.0156066366294
7558,-0.00227823588109,0.00485996238384,0.0261527372941
7559,0.00427078149664,0.00929259042396,0.040685700112
7560,0.000309805968,0.00244411865778,0.0262917879335
7561,0.0121842066001,-0.00356091886284,0.0151988143135
7562,0.00827243747876,0.000636835390954,0.0218888666356
7563,0.0130407245802,-0.00179300108662,0.0199138076033
7564,0.00159968458838,0.00943122911189,0.0353346377548
7565,0.00755767985275,0.00316820456537,0.0242871768404
7566,0.0101555844005,-0.00294801023665,0.023014063192
7567,0.0090848891133,0.00379009996546,0.0265224702787
7568,0.00262072347949,0.0111225855474,0.0403744868627
7569,0.00749714311799,0.000566631432562,0.0263838102601
7570,-0.00270717827108,0.0102632561141,0.0380385272126
7571,0.00791706237275,0.00127664381212,0.0265670631376
7572,0.000496176875262,0.00768573096996,0.0328709595106
7573,0.00441085917739,0.00327522326825,0.0295410645418
7574,0.00490882751947,0.00328447007087,0.0286399139779
7575,0.00578896938273,-0.000901018129813,0.0213806784747
7576,0.00906766393987,-0.00086713249677,0.0135107246425
7577,0.0080817077065,0.00308244746726,0.0243873483864
7578,0.000254364084608,0.0109219116276,0.0518014796477
7579,0.00346600444743,0.00566653880858,0.029625284153
7580,0.0116968995791,0.0027942721662,0.0287671522098
7581,9.10644320016e-05,0.00786547708078,0.0318415313306
7582,0.0214563877956,-0.00946882917216,-0.00342459317446
7583,0.00334454923628,0.00240920388586,0.0249038337771
7584,0.00926636876279,-0.00303692909103,0.0141076002174
7585,0.00213721648936,0.00489976796955,0.0300950485575
7586,0.00553048761361,0.00543362667858,0.0325842468704
7587,0.012380926762,0.00838787861665,0.0460426764799
7588,0.00531692188802,0.0100714464412,0.0471074810844
7589,0.00791543033761,0.00183380351793,0.0255746907961
7590,0.0108149433876,0.00411273640984,0.0318669804726
7591,0.0110293666986,0.00644942965187,0.037791071154
7592,-0.000198698981737,0.0119280570675,0.0395540399864
7593,0.00525267118122,0.00735375012933,0.0349923555551
7594,0.0030304173665,0.0114887994919,0.0472119641772
7595,0.00610793928173,0.00103052672779,0.0158374324757
7596,-0.000445402430726,0.0103995673582,0.0409294885113
7597,0.00551899837848,0.00308241204126,0.0286244841097
7598,0.00219382264465,0.00963681969555,0.0353327140787
7599,0.00572500274228,0.000164626472035,0.0230924189621
7600,0.00906078117178,-0.00175393035204,0.0260828613791
7601,-0.00370162490283,0.00846198734771,0.0386834919901
7602,0.00322816705656,0.0112255267124,0.0511168041652
7603,0.00864559185617,0.00970349775688,0.0539913260228
7604,0.007502690598,0.00621243786294,0.0366773294479
7605,0.0109659217042,0.00142594168859,0.0242192098194
7606,0.00489568768216,0.00873529454228,0.0273832445852
7607,0.00973288022975,0.00192222663695,0.0271715093903
7608,-0.00158209050593,0.00733872028819,0.0350843973195
7609,0.00769924082789,0.00972307329674,0.0431148517763
7610,0.00636086015491,-0.00100929844962,0.0158683227766
7611,0.00272440824126,0.0061567651496,0.0327949129018
7612,0.00543759733676,0.00201149952557,0.0237145832986
7613,0.00735378389461,0.00132480008304,0.0308067789315
7614,-0.00447218824522,0.00741585716354,0.0323164073107
7615,0.00120069159975,0.00907728630277,0.0352371072935
7616,0.0104679766954,0.00194808669206,0.0138144024828
7617,0.00881588296976,0.0103309465478,0.0464584387525
7618,0.00532263716776,0.0106903467612,0.0382068221269
7619,0.00192948885169,0.00864393337593,0.037403461517
7620,0.00252635907748,0.0113259829137,0.0433221368271
7621,-0.00304226396014,0.00364072341351,0.0275331708883
7622,0.01073440306,0.00167706219938,0.0286244847545
7623,0.0105317544371,-0.000429891221817,0.0169150571262
7624,0.00615827257386,0.00891512033513,0.0329646851621
7625,0.00500449677798,0.0127359513706,0.0337157481205
7626,0.00933649968207,0.00147588714313,0.0266676890148
7627,0.00145177796748,0.00832310334346,0.0392388395756
7628,0.00394466792627,0.00872852453098,0.04034927017
7629,0.0113994317337,0.00629761343303,0.0411443932138
7630,0.00981168706611,0.00550437819965,0.0315024768664
7631,0.00142353001573,0.0033102238713,0.0253649186242
7632,0.0130302699406,-0.0055065577824,0.0106292366515
7633,9.44626089896e-05,0.00743039111888,0.03154462256
7634,0.00116778659845,0.0088956730303,0.0299620005762
7635,0.0149878667623,-0.00256342300892,0.0165446385219
7636,0.0101822982157,0.00835332398648,0.0390643050299
7637,0.00268982953382,0.0106680991464,0.0393980165678
7638,0.00644321687064,0.0112641105201,0.0410869601081
7639,-0.00352075992351,0.012198983088,0.0379130117187
7640,0.00426387370048,0.00398201894613,0.0338470806357
7641,0.00316821952327,0.0059315032231,0.0228091493744
7642,0.00654071812228,-0.00418975937883,0.00729481905252
7643,0.00816694560165,0.00415938335581,0.0320196867068
7644,-0.000774867468573,0.00589940717986,0.0321256342755
7645,0.00284791262483,0.00217546484037,0.023358110955
7646,0.0102315776408,-0.00385559043615,0.0185457684332
7647,0.00848509468654,0.00384601486209,0.0302120721782
7648,0.00726082013453,0.00471028234302,0.033485909894
7649,0.0120471411369,0.00366541842606,0.0323430066841
7650,0.000484655823178,0.0107211994915,0.0423382137646
7651,0.00791205839224,0.00132896508843,0.0210737906942
7652,0.00357337993531,0.00657440217698,0.0362186379532
7653,0.00201326749908,0.00986413566716,0.0426901737937
7654,0.0106228677284,0.00602279000175,0.0370682317805
7655,0.00593404787915,0.00411119902982,0.0295639044968
7656,0.00082126927055,0.00675104459528,0.0267073622353
7657,0.00541787495392,0.00108231389498,0.0272024794411
7658,0.0039173736006,0.00465464807787,0.0293687622804
7659,0.00453665424279,0.00217293574968,0.0223517080769
7660,0.00404820111786,0.00270728278851,0.0230568643952
7661,0.00445251457877,0.00541734533739,0.0366066600135
7662,0.00719612205092,0.00272421894935,0.0206034679468
7663,0.00508439014493,0.00274017285906,0.0227014048347
7664,0.0061702728706,9.948215877e-05,0.0205107707446
7665,0.00859370153951,0.00231484298645,0.0315849451248
7666,0.00523832124303,0.00685383075663,0.0259960663742
7667,0.00257830833637,0.00450855380866,0.0314722811612
7668,-0.00498136841315,0.0128416867664,0.0415463019991
7669,0.00111882217536,0.00776264208578,0.0322933928325
7670,0.00408953920463,0.00659760178727,0.0347366107844
7671,-0.00184672390152,0.00464462220981,0.0296589421632
7672,0.0104982958086,0.00206221748128,0.0308228758269
7673,0.0159353701489,-0.00622713012021,0.0136250047223
7674,0.0145051594596,0.00121332146634,0.0203387437481
7675,0.00866556139019,0.00333972616056,0.0330875578305
7676,0.00252729683165,0.00853263215597,0.036836225451
7677,0.00677540081935,0.00491092127334,0.0211420962758
7678,0.00808210573848,0.00177870389967,0.0203337865242
7679,0.00344014093864,0.00407124607331,0.0371729279587
7680,0.00446120179144,0.00163579386789,0.0242114926385
7681,0.00778384716145,-0.00227658495284,0.0123439945025
7682,0.00535436602887,0.00226339567717,0.0173336298752
7683,0.00936931904542,0.00225932240373,0.0238620093503
7684,0.0158208385323,0.00259593410691,0.0289753325216
7685,0.00952125192101,-0.00246958876668,0.0157956056395
7686,0.00870926924147,0.00074789866357,0.0208898182559
7687,-0.0029161594482,0.01046745996,0.0388508499241
7688,0.000527549207431,0.00558905455304,0.0297902174438
7689,0.00493451402907,-0.000948351840701,0.0243779712097
7690,0.00195745845823,-0.00160058594011,0.015746157409
7691,0.0100434236007,-0.00187647360607,0.0269520274371
7692,0.00401714502739,0.00271396491973,0.0213209540902
7693,0.00188149392622,0.00529146918978,0.0242898752703
7694,0.0105386436327,-0.00246876991119,0.0117763804544
7695,0.00134576718463,0.00774824075702,0.0299132299256
7696,0.00448315260522,0.0028362217202,0.0250771855245
7697,0.000757913292715,0.0110580744056,0.0442642665777
7698,0.0047940456162,0.00342836857821,0.0233083292001
7699,0.00425504093239,0.00885249389676,0.0284077402394
7700,0.00767962910502,0.00301867055328,0.0277214826758
7701,0.00919807118908,-0.00106719240916,0.0119658518282
7702,0.00895527997205,0.00091244305142,0.0274875014642
7703,0.00332622884447,0.00965281228673,0.0425785229338
7704,0.00358712236946,0.00282185764983,0.0263653575135
7705,0.0112791366365,-0.00591821400358,0.00156767592074
7706,0.0139478752636,0.00247728125277,0.0359408440206
7707,0.00566590539037,-0.00174274701774,0.0249958084331
7708,0.0123841902741,-0.00142037970546,0.0246296821139
7709,0.0104447151557,0.00407109849795,0.0315245415394
7710,0.00548504071226,0.00547594104048,0.0362537431089
7711,0.00543613744065,6.58322794486e-05,0.0200018689352
7712,0.00620462540159,0.0049974913314,0.0294272258551
7713,0.00571693561242,0.00296541984409,0.0340150205165
7714,0.0116432257843,0.00670524159615,0.0416930220477
7715,0.00306085367088,0.00798506418225,0.0409781974333
7716,0.00892483816755,0.00111630651432,0.0244584827678
7717,-0.00346542491942,0.0110499725238,0.0452403508855
7718,0.0105957910061,0.000487973955668,0.0241104438441
7719,0.0109482736042,-0.00134072998687,0.0239988209815
7720,0.00239122798442,0.0119301864204,0.0482928768856
7721,0.00938160143638,-0.00273296604295,0.0153748594331
7722,-0.000242806890753,0.00833502267126,0.0350430811759
7723,0.00114900998524,0.00819430303213,0.0362958500975
7724,0.00128610331665,0.00666872505385,0.038519849378
7725,0.0105876203367,0.00183144497296,0.0249639411726
7726,0.00817747272269,0.00342824753507,0.0263940304638
7727,0.00538381155855,-0.00135901375355,0.0170492403462
7728,0.00464670457625,0.00552153618845,0.0337003448541
7729,0.00899404335292,0.000439630360001,0.018628990913
7730,0.0111751980228,-0.00373904124007,0.0103450779594
7731,0.00331228315912,0.00512237197171,0.0276162124576
7732,0.011408080227,0.003871418103,0.0320277650618
7733,-0.00138148091009,0.0151578333637,0.0575493122456
7734,0.00776002250635,0.00485885296594,0.039321415885
7735,0.0015671348359,0.00752774129876,0.029960509504
7736,0.00863658935249,0.00195426718788,0.0250423470918
7737,0.013973784615,-0.00786772646794,0.00233712370783
7738,0.00122833744789,0.0114498511757,0.0427696158924
7739,0.00654663546537,0.00900799475492,0.0391247370915
7740,0.00542893996088,0.00720607687609,0.0368220532499
7741,0.0109169366642,0.00266214327512,0.0213852336503
7742,0.00665307446276,0.00665456131522,0.0305710385171
7743,-0.000632375582387,0.020063631519,0.0561704133144
7744,0.00645848453659,0.00554073455601,0.0342314577974
7745,-0.00789574092581,0.0101973554002,0.0386940987926
7746,0.00047306708682,0.00787280387572,0.0355975277161
7747,0.0106275177757,-0.00504456076135,0.0163414214122
7748,0.00193973256586,0.00929876249151,0.0429441689284
7749,0.0107191332328,0.000838542538012,0.022217042963
7750,0.00940431377605,0.00468071520582,0.0306417177764
7751,-0.00163415406773,0.0116231910287,0.0454545458792
7752,0.00269270197619,0.0107394586653,0.0467868827582
7753,0.00962774656126,0.00450448247888,0.0293559124241
7754,0.0169540086127,-0.00151124368472,0.0214603261026
7755,0.0111452836371,-0.000962877825615,0.0252195677891
7756,0.00436748894054,0.00413291703128,0.0283684067448
7757,-0.000208559150232,0.00973468485771,0.0369464108693
7758,0.00307426308645,0.0102311295058,0.0438087331837
7759,0.00911632617518,-0.0054728742237,0.00984641466891
7760,0.00626698975561,-0.000744656949118,0.0294713110831
7761,0.000586898028129,0.00308600450576,0.0213562914116
7762,0.00690998704706,0.00261732962658,0.0271808882749
7763,0.00557507398164,0.00962171414369,0.0433675756957
7764,0.00346533798724,0.00515456995854,0.0248445566918
7765,-0.0013213243941,0.00418309456808,0.0236236169356
7766,0.00115040547696,-0.000406306558345,0.014405135633
7767,-0.000759415348587,0.0119812929808,0.0453372361763
7768,0.00527510588365,0.00858844348496,0.0353002958182
7769,0.0154690108905,-0.00514651033968,0.0173027749355
7770,0.000763401757383,0.00587274064407,0.0333352888912
7771,0.00591618978681,0.00223387674181,0.0300534844625
7772,0.00614267044163,0.00689685476979,0.0338164238091
7773,0.00853243404303,0.000977670593481,0.0224854207363
7774,-0.00344216944582,0.0154867346018,0.0537697401196
7775,0.00783357279538,0.00429160104138,0.0351286468099
7776,0.00210382170587,0.00539987618063,0.0277026364377
7777,0.00304137664337,0.0122124436648,0.0381456944383
7778,0.00239120607493,0.00716184751584,0.0285743575443
7779,0.0122569887196,0.00165172089279,0.0275702254902
7780,0.00159658206868,0.00625208616596,0.0330522831801
7781,0.00273409950228,0.00692420345438,0.0352003815863
7782,0.0104710992441,2.03315463496e-05,0.0220608093419
7783,0.00959488594911,0.00323040956436,0.0348326244375
7784,0.00812550029299,0.00475200943582,0.0311194977571
7785,0.00739969888468,0.00533817969646,0.0280844158328
7786,0.00132711586655,0.00709018770579,0.0373606229194
7787,0.00956866524288,3.16809991781e-05,0.0148546585125
7788,0.0047965585959,0.00195495030945,0.0219722068231
7789,0.00232412750178,0.00505716684939,0.0225644740851
7790,0.00742376791647,0.000415511762295,0.0161711915594
7791,0.0119829208257,0.00203289359663,0.0377788397642
7792,-0.00521225235522,0.00812348419575,0.0390518415485
7793,-0.00463339077028,0.016883985159,0.0548420214652
7794,0.00238945677598,0.00900988150599,0.0461902648568
7795,0.0043539649415,0.00649962813497,0.0360268348672
7796,0.00866046559812,-0.00242723203608,0.0180753859106
7797,0.00339797788088,0.00324625378628,0.0330343161081
7798,0.0109585640116,-0.00461573554999,0.00814889321798
7799,0.00491713886702,0.0087919799856,0.0377957502029
7800,0.00742012618453,0.00412275568722,0.0329009136465
7801,0.00628303627856,-0.00143280447042,0.0165329540251
7802,0.00280849974148,0.00842911620829,0.0331352016449
7803,0.00190799285918,0.0084077612382,0.0395570652604
7804,0.00248539516323,-0.00167831600871,0.0205897378786
7805,0.014158979821,-0.00530334298407,0.0165109131076
7806,-0.000518236683598,0.0043931895179,0.0250300225535
7807,-0.00314971341286,0.0102947370833,0.0406140444275
7808,0.00521627721384,0.00827730557705,0.033269408968
7809,-0.00593951160524,0.0114702948584,0.0467582043007
7810,0.0163085743454,0.000670019658767,0.0205412191959
7811,0.0105143124057,-0.000895859189027,0.0166903361375
7812,0.00751670573331,0.00124972020981,0.0293141469914
7813,-0.00191602021676,0.00597679733771,0.0352073543865
7814,0.00386551856727,0.00179108370006,0.0192816982686
7815,-0.00489918376386,0.0112420702353,0.045641663137
7816,0.00973115274966,0.00249526287831,0.0205514219735
7817,0.0105156202239,0.00348296871421,0.0428489923439
7818,0.00103638133703,0.0111736386146,0.0469069003037
7819,0.00191602171421,0.00950183057856,0.0387667577242
7820,0.00315323372073,0.00409487233796,0.0293820386876
7821,0.00487380362124,0.00393942038398,0.0258674471893
7822,0.00593530515297,0.00659171166234,0.0313840743322
7823,0.0011402583395,0.00750489837429,0.0488024167176
7824,0.0107634532045,0.00672119723828,0.0412979140824
7825,-0.000665680728426,0.00874222132052,0.0442073760141
7826,0.0107320683937,0.00774040343374,0.0338086177409
7827,0.017149948118,0.00480688923639,0.0382254691556
7828,0.00360023310178,0.00405476772418,0.0211998118977
7829,0.0100653725216,0.00467256940147,0.0363576423269
7830,0.00791564278721,-0.000664688003534,0.0142700793945
7831,0.00205581815857,0.00813744713433,0.025679217261
7832,0.0148576119064,-0.000558866353815,0.0229362337978
7833,-0.0105387590465,0.0149205893777,0.0419404800283
7834,0.00356198678637,0.00689197761055,0.0389620999844
7835,0.00409306982821,0.00273408059755,0.0213123732644
7836,0.0133838503443,-0.00759776871025,0.00589006430739
7837,0.0071302578467,-0.000605159085806,0.0114659623282
7838,0.00180978704991,0.0073783884681,0.0325864173635
7839,-0.000194519587575,0.00192275224974,0.0194462007514
7840,0.00559747824889,0.00362618566527,0.0275144726171
7841,0.000980920202811,0.00521168770609,0.0359430237744
7842,0.00810859550491,0.00420337593711,0.0315222062222
7843,-0.00314976229364,0.0151166232962,0.0556309732362
7844,-0.000186467195137,0.0105625931406,0.0346402760921
7845,0.00719999395395,0.0061938255165,0.0295882492231
7846,0.0087577575076,0.00408346120904,0.0315140573603
7847,0.00209798319439,0.0101180137505,0.0392257273395
7848,0.00025320702742,0.00757444513229,0.0325198913396
7849,0.00906245637956,-8.17552177692e-05,0.0194927119587
7850,-0.00699185777889,0.0217820019372,0.0644987225655
7851,0.00338037219493,0.00201139366054,0.0193512153094
7852,0.0092123912578,0.00253936733066,0.0244450187364
7853,0.00885404519809,-0.00226316988388,0.0127850769979
7854,-0.000190443681142,-0.000527790218025,0.0217814108905
7855,0.00863474312817,-0.00332831782514,0.0135151063963
7856,0.00342816849564,0.00761274994197,0.0326826037774
7857,0.00551964910982,7.91058964049e-05,0.0215522048517
7858,0.00393804069028,0.00357068496479,0.02855677073
7859,-0.000764450345763,0.0102810822158,0.0427932747381
7860,0.00516608173635,0.00212532574576,0.0242798503816
7861,0.0024623701806,0.00376338772402,0.0143489063917
7862,0.0102617663116,0.00476844816495,0.0240901887517
7863,0.00981695341446,0.00105553138955,0.0347514806073
7864,0.00508806660243,-0.00233742212283,0.0106231461992
7865,0.00581430032603,0.00982061538708,0.0361704262549
7866,0.0105233471444,-0.00124876543884,0.0341889252137
7867,0.00465684050858,-0.000547876568946,0.0218794132253
7868,0.0112605932525,-0.00660544220115,0.00451533332074
7869,0.013630422868,0.000943584795837,0.0160944267623
7870,0.00624994691603,0.00897812413734,0.0486436771356
7871,0.00694293956944,0.000358450909699,0.0314476285191
7872,0.0153171305282,0.0060604215231,0.0478374466106
7873,0.0123648773184,-0.00210182789238,0.00942336374638
7874,0.00561263202079,0.00365823151056,0.0323460230791
7875,0.00244550381187,0.0143567764877,0.0480877099761
7876,0.0035798315461,0.0106173818116,0.0522104202438
7877,0.00990726118783,0.00203922078102,0.0175002826635
7878,0.00363256601587,0.00164150742719,0.0201278480227
7879,0.00400332849936,0.00714894185884,0.0380369033531
7880,0.00382360854626,0.00462989704487,0.0221978511308
7881,0.00492158921116,0.000173054771225,0.0233269318403
7882,-0.00376517733954,0.0103348794234,0.0475891166747
7883,0.00963262401329,0.00253755745721,0.0285786768061
7884,0.00730257431538,0.00350829145882,0.0281190548971
7885,0.00154946530782,0.00543103841908,0.0313158556903
7886,0.000852084013696,0.0129414296663,0.0459495875981
7887,0.00349954091398,0.00487225952933,0.0296155234174
7888,0.0070332119431,0.00344182429487,0.0292426195805
7889,0.00790017825222,-0.000179072353108,0.0221038171461
7890,0.00727912448471,0.00280305472742,0.0310877881357
7891,0.00789751498755,0.00173559398034,0.026994391239
7892,0.0151122697026,-0.00866527375727,-0.00071524303467
7893,0.00396589796887,0.00185871648306,0.0237446018834
7894,0.00810118624598,0.0161187022962,0.0465667358073
7895,0.0119355394163,-3.97437156597e-05,0.0287050801234
7896,0.00653096001596,0.000662287387206,0.00907796302043
7897,0.0058352022905,0.00151145070884,0.023509453224
7898,-0.000330139089781,0.00860895166896,0.031911786301
7899,0.00445716292647,-0.00155447819617,0.0162217559691
7900,0.0111726944402,0.00173363348604,0.0278643146643
7901,0.0104534826475,0.00512239800249,0.0307265572671
7902,0.00192317060903,0.00193356720934,0.0201637069063
7903,0.00533718682726,0.00459815931748,0.0364143216797
7904,0.00430650216204,0.0111311533516,0.0392474163879
7905,0.000368662873216,0.00408322489423,0.0235631596261
7906,0.00295251117966,0.0013916055862,0.0155776627291
7907,0.010651260515,0.00290056247194,0.0291244988892
7908,0.0016937868751,0.00764813640943,0.0395369041288
7909,0.00414320966501,0.0129716603045,0.0482510375009
7910,0.0147361742187,-0.00160570872687,0.0211977544113
7911,0.00444423220815,-0.000971393733473,0.0136041931834
7912,-0.00266968561725,0.0089577881898,0.0368788992752
7913,0.00696462486394,0.0042847072436,0.0300610799109
7914,0.0061969538257,0.00402043757135,0.0336855661397
7915,0.00450915284354,0.000980997331841,0.0307178146862
7916,0.0140669400402,-0.00223116107639,0.0227812180877
7917,0.000280608271406,0.0115708968405,0.0351587122673
7918,0.0125072227026,0.00491163885878,0.0259067900042
7919,0.0014626562589,0.00898861812218,0.0349838890728
7920,0.00463728097818,0.00277515322489,0.0250569021783
7921,0.0037552500524,0.00608802241251,0.0280472105457
7922,0.0106628414888,-0.00352171966804,0.0139356949185
7923,0.00612890950432,0.00596861676261,0.0365513065793
7924,0.00974819081505,0.00474235958613,0.0367939731434
7925,-0.00210580674179,0.0100522073939,0.0396698441492
7926,0.000547701143524,0.00450543572754,0.0203831416134
7927,0.000760935189735,0.00800620952512,0.027856101907
7928,0.00266110379704,0.00786581419259,0.0362261830912
7929,0.00871552874422,0.0016804096712,0.0290931533096
7930,0.00101862165362,0.0061748016722,0.0289046610159
7931,0.0112221520197,0.00719022359216,0.0336227246309
7932,0.00539459186458,0.00197983547325,0.0282297855262
7933,-0.00313452152687,0.0132959934328,0.0436928467163
7934,0.00146444074569,0.00844189450573,0.0412247759439
7935,0.00943236215375,-0.00461720777281,0.0149827827237
7936,0.00365766233159,0.00113086761283,0.0281149816629
7937,0.00278913021387,-0.000326479492314,0.0167314935103
7938,0.000932270576518,0.00616392794292,0.0332473329416
7939,0.00910634576066,-0.00225565022764,0.0153816253849
7940,0.0150590028437,-0.00194407192975,0.027268379775
7941,0.0121677793509,-0.00743349141432,0.00950096703891
7942,0.00951777516084,0.00545714873078,0.0374452029982
7943,0.0028717892922,0.00687883701582,0.0378267862459
7944,-0.0118072561902,0.015947569389,0.0471221439825
7945,0.0112551819176,-0.00188154798944,0.025802564149
7946,0.0068646046131,0.0040366095763,0.0322276636275
7947,0.000825131427331,0.0143079577858,0.0396402947502
7948,-0.000803177957567,0.00623897536643,0.0405988306493
7949,0.00780629229754,0.00215204315633,0.0322942805971
7950,0.00213054670573,0.00507473259616,0.0271923827828
7951,0.00494548957086,0.00160796018767,0.0191976391933
7952,0.00790576987861,0.00697827347499,0.0326335069129
7953,0.00180091086781,0.0146052059099,0.0503521449166
7954,0.00542622949403,-0.00309914883121,0.0262323256723
7955,0.00499985931515,0.00743195129469,0.030843903569
7956,0.00628026230141,0.00182925879875,0.0215400627363
7957,0.00579305199175,0.00804883039743,0.0492119783803
7958,-0.00685174291344,0.0111818453312,0.0428028562766
7959,0.00756976566524,0.00499253093162,0.0258905781792
7960,0.00932838070086,0.00240926364773,0.0201996453839
7961,0.0037483658689,0.00748950178423,0.0353149158018
7962,0.00375711663461,0.00923038357158,0.046589288385
7963,-0.000551364499933,0.00867862246346,0.0463781831949
7964,0.00850425840373,0.00449629989989,0.0192161558834
7965,0.00324145317854,0.0103842486992,0.0392100373772
7966,0.0132498768111,0.00195451402062,0.0362747451166
7967,0.00838035331745,0.00120008029848,0.0201015023472
7968,0.0087852233407,-0.00383681679194,0.0131510164645
7969,0.00954719977201,-0.000615442567147,0.0282204360713
7970,0.00572229394558,-0.000344399314541,0.0183736448596
7971,0.00513324505308,0.00784574678098,0.0392628973397
7972,0.00810492693199,0.00166568475855,0.0314780958283
7973,0.00960257809778,0.00106517167104,0.0301357832352
7974,0.00909331224798,0.00321775025886,0.0241414040927
7975,-0.00334262538064,0.00889532649989,0.0217924603116
7976,0.00809279830385,0.00566982217047,0.0404219900963
7977,0.0148939956183,-0.00332563571862,0.0182625321632
7978,0.0110574701414,0.00219476591135,0.0309588036774
7979,0.00740415183936,0.00420464816498,0.032768153376
7980,0.00632992005974,0.00626635917142,0.0382301344718
7981,0.00879390325415,0.000317922588256,0.0216731608726
7982,0.0158782703076,-0.000955597630577,0.0198414529445
7983,0.00109730225162,0.0104756092789,0.0526092437618
7984,0.00695733452277,0.00408488735909,0.0367587183902
7985,0.000511158886946,0.00210143706755,0.0205203052499
7986,0.00594914017734,0.0119579456957,0.0465509505511
7987,0.00363232182154,0.00254539486624,0.0191621523384
7988,0.00136085375338,0.0110437933639,0.0337413919339
7989,0.0100533963179,0.00100620938679,0.0245155311658
7990,0.00523387381407,-0.0012988595252,0.0124218139407
7991,0.0112878579991,0.00316382467174,0.0298836000695
7992,0.0144605349634,0.000557532132357,0.0262710996038
7993,0.015239584833,-0.00307669487329,0.0170230656755
7994,0.0141608739789,-0.00521417528312,0.00967508426251
7995,-0.000219982951054,0.0107615133695,0.0426422942356
7996,0.00753678392985,0.000390249544788,0.0236164278743
7997,0.00601881258618,0.0040795746254,0.0290517086472
7998,0.00366958970811,0.00367922760778,0.0285537341309
7999,0.0102006438408,0.0046707681684,0.0392658995929
8000,0.00441571200009,0.00442893258197,0.0420267208479
8001,-0.000724246061659,0.00932190611171,0.0325869781236
8002,0.00387306962833,0.00656996190851,0.037626774859
8003,0.00295106063471,0.00269923104062,0.0329225736481
8004,0.0103610687511,0.00506885009957,0.0336604398278
8005,-0.000410167285487,0.00798767973615,0.0341597182004
8006,0.00144442980817,0.00521339629843,0.0320394084151
8007,0.0105608822647,-0.00132735219328,0.0207139780292
8008,0.00897564556758,0.00426645610736,0.0261033154152
8009,0.0174456475261,-0.00326869367731,0.0208633753838
8010,0.0018762748484,0.00243377412553,0.0240255803848
8011,0.00585631207593,0.00349213652066,0.0238040354405
8012,0.00919352231982,0.00330816633126,0.0245196829451
8013,0.00290204808989,0.00842380877137,0.0286181125964
8014,0.0123277002045,0.00421473820629,0.0452222061437
8015,0.00877554052711,0.00425699179817,0.025436307273
8016,-2.32348375164e-05,0.00537551374962,0.031207250928
8017,0.00964658166805,0.00645202763289,0.0313895425119
8018,0.00117005497255,0.0120708535479,0.0475572133637
8019,-0.00326884361764,0.00436437176631,0.0285540297627
8020,0.00399720171561,0.00285067445977,0.0272446774261
8021,0.000644005011268,0.00952800341845,0.0380012237317
8022,0.00529761185919,0.00437055124334,0.02025254137
8023,0.00431153533359,0.00732682539889,0.0380968423065
8024,0.00491518570302,0.00172606541783,0.0268571943983
8025,0.00212120122759,0.00426024835338,0.0272694167196
8026,0.0137101990701,-0.00256535055737,0.0138581447309
8027,0.00839771480667,-0.00258196916063,0.0162836354293
8028,-0.0018013244422,0.00809146363609,0.037897956678
8029,0.0019682234803,0.00768930375192,0.0342055397307
8030,0.00162861003599,0.00532592715182,0.0329708607401
8031,2.99719739999e-05,-0.0039488772259,0.0195562737396
8032,-0.00313413271711,0.0118007320186,0.0384473333159
8033,-0.00229357390129,0.0100509385226,0.0442460478394
8034,0.0148246892197,-0.005656540954,0.0103949457589
8035,0.00523494894296,0.00486050217777,0.0278321680618
8036,0.000947423329488,0.0126632423936,0.051069741458
8037,0.000503950062594,0.012894816498,0.0376813826032
8038,0.0011017889261,0.00390854036584,0.0245164619232
8039,0.000757686833128,0.00729265721263,0.0371422120177
8040,0.00385925619102,0.00749993948102,0.0370143945407
8041,0.00900541699775,3.5037271299e-05,0.0281236865988
8042,0.0174667431337,-0.0028449482727,0.00859631094431
8043,0.00591944991089,0.00168556682056,0.0184323932832
8044,0.00755000414893,0.00224991766761,0.0260108010734
8045,0.0126431865572,-0.00223917784666,0.0237353514871
8046,-0.00203390090599,0.00846600474993,0.0334519370341
8047,0.0131532078485,1.50838054114e-05,0.022780261035
8048,0.00740787110092,0.00610395827983,0.0413619972819
8049,0.00440415191762,0.00197180022689,0.0211768123291
8050,0.00412625115317,0.00144037956165,0.0234680675785
8051,0.0065314382701,0.00727067694878,0.0415826841105
8052,-0.000150881769602,0.0137108707867,0.0566477344298
8053,0.00335305346358,0.00071891680857,0.0197955130957
8054,0.00404496889962,0.00395068321847,0.0337141261493
8055,0.0114224040935,-0.00290669361463,0.0158911883277
8056,0.00392161480629,0.00671052275311,0.0300604257467
8057,0.0104316342958,-0.00178433276742,0.0168683169723
8058,0.00295343914686,0.000439693634995,0.0219279795759
8059,0.00631995119284,0.00636824383121,0.0325323876348
8060,0.0111696916244,-0.00293495739993,0.0188104988329
8061,0.0071501197826,0.00179737918714,0.0380319165169
8062,0.00509729410468,0.0058159963783,0.0269432072803
8063,0.0123909909568,0.0036401910014,0.0322024641556
8064,0.00183294965678,0.0104192606259,0.0460956693117
8065,0.0108512663016,0.0052580508247,0.0315803395817
8066,0.00628578802648,0.000956580895401,0.0124117778857
8067,0.0065331046804,0.00612021130471,0.0294828374005
8068,0.00751620072541,0.000622888998303,0.017175236442
8069,-0.00185931778632,0.00563508865461,0.0319871691995
8070,-0.00182739564701,0.0069771467715,0.0246818279087
8071,0.00757622875289,0.00552080972696,0.0262522470495
8072,0.00703564612018,0.00202171214416,0.0304765001231
8073,0.0108110109995,0.00388374018864,0.0275054187748
8074,0.00339011716848,0.00920738751389,0.0397392255346
8075,0.0131860384819,-4.95251912489e-05,0.0177628553918
8076,0.000349364202923,0.0102342002194,0.043090581419
8077,0.00438867297467,0.00701298055815,0.0336098407508
8078,0.0088897188133,-0.00248756242976,0.0146574383917
8079,0.0066043808368,0.000700341759723,0.0156991135639
8080,0.00831074930324,-0.00180191264413,0.0111747550514
8081,0.00153166646413,0.00453897637526,0.0342378812181
8082,0.0127383122107,0.00179741449659,0.0230814842312
8083,-0.000798264880561,0.00633224290408,0.0370492245693
8084,0.0059718197216,0.0019178675133,0.0265305541028
8085,-0.00133926801566,0.00746429412778,0.0416051198243
8086,0.00945062821032,0.00919372900451,0.0458671482189
8087,-0.000849870889491,0.00519127459318,0.0264652107208
8088,0.00852435955108,0.00249628980784,0.0295334851085
8089,-0.000631500249582,0.00229357057277,0.022949675577
8090,-0.00407984033698,0.014561860655,0.0522532201517
8091,0.00458585191222,0.010344013811,0.0507101173604
8092,0.00151123704616,0.0155945043071,0.0537067414419
8093,0.00303147866627,-0.00220408343604,0.0183013077936
8094,0.00897758167626,0.0024614319418,0.0250078371128
8095,-8.21621701753e-05,0.00803805687618,0.0405480176251
8096,0.00702667960466,0.00174764495908,0.0244979389738
8097,0.00146037191438,0.0105810093107,0.0392296235694
8098,0.00577876962857,-0.00292036301534,0.0155965631975
8099,0.0076290693662,0.00772550794222,0.0377876722229
8100,-0.00189148011943,0.00870321446672,0.038982400897
8101,0.00530326982939,0.00698157535165,0.0393718526071
8102,-0.00149211503535,0.004442948181,0.0336230495596
8103,0.0108154141039,0.00250508467158,0.020702573731
8104,-0.000699580949633,0.0109378578698,0.045665305424
8105,0.0110028985485,-0.00477393151489,0.00553307851108
8106,0.00139327996645,0.00805943552709,0.042506414872
8107,0.00510741778116,0.00625200292581,0.032339768468
8108,0.00369793777028,0.00519230991335,0.0285700121238
8109,0.00840657417266,0.000318441142027,0.0219296796637
8110,0.00472995444587,0.00460676641113,0.0360613497719
8111,0.00835625397688,0.00981770851705,0.0483954190093
8112,0.0102274458816,0.00459352486583,0.0387081293704
8113,0.00446431187942,0.00255067135737,0.0255063751667
8114,-0.0029237804048,0.00851235569896,0.0384135751047
8115,0.0103455234084,0.00225270219521,0.0282510467919
8116,0.0103816647018,0.00119946533773,0.0301210464821
8117,0.000798548018999,0.00593120924794,0.0226551350188
8118,0.00398786201531,0.00796176721308,0.030104276355
8119,0.00925348144901,0.000905321838286,0.0333446342321
8120,0.00472478577043,-0.00221661626054,0.0115461616888
8121,0.00491137029826,0.00791164217399,0.0397241611546
8122,0.0157575058401,-0.00331299675325,0.0161657508531
8123,0.00368171448479,-0.00161808436398,0.020878059636
8124,0.00293098376328,0.006093535155,0.0282861528695
8125,0.0068207733297,0.00381842943768,0.0416823777436
8126,0.00453560902853,0.00931968099589,0.0359586092135
8127,0.00343451871142,0.00721659246969,0.0396591898516
8128,0.00416752795855,0.00177374248557,0.0294473561794
8129,0.00661598896558,-0.000101311858277,0.0245736967654
8130,0.00171984594966,0.00225677960909,0.0194144751759
8131,0.00352310400397,0.00401328774359,0.0309119835204
8132,0.0131576014125,0.00453230913062,0.0358408423895
8133,0.0016121960093,0.00640987973341,0.0309091722382
8134,0.00694005390853,0.00844435696787,0.0493123308664
8135,0.00421982151328,0.00479685956151,0.0426220292649
8136,0.00781629240172,0.00075800348653,0.0209403681907
8137,0.0107470651654,0.00420144225687,0.0380149402697
8138,0.00294781263341,0.00786831176174,0.0300021981761
8139,0.00877259023929,-0.00176624909329,0.024861053683
8140,0.00756030193091,0.0013524998088,0.0230277020928
8141,0.00511643079446,0.00776922277028,0.0374308578391
8142,0.00473093983444,0.00131229990901,0.0263699027047
8143,0.00744965698949,-0.00277848362722,0.0123499087063
8144,-0.00238600690244,0.00413221595328,0.0195249090821
8145,0.00257076093101,0.000856766398862,0.0219072579719
8146,-0.0019359940569,0.0144543328152,0.0521138691308
8147,0.00820161034033,0.00673950089091,0.0244289707439
8148,0.00436628519195,0.0057469531855,0.035189504998
8149,-0.00162773715025,0.00676897212653,0.0295210382688
8150,0.00965815253886,0.00318858910282,0.0258727761569
8151,0.00772068789484,0.00157652048408,0.0263651701418
8152,0.0150267653179,-0.00489326974331,0.024778918692
8153,0.00735750353149,-0.00204562698137,0.0241452184881
8154,0.00253209173869,-0.00235968509673,0.0150515051311
8155,0.00896746219465,-0.000585694123892,0.0181149488885
8156,0.00511009132163,0.00253550755004,0.028748290113
8157,-0.00399875855052,-0.000617432667453,0.00957825993095
8158,0.00566123073994,0.00901572514408,0.0466835290171
8159,0.00688920798369,-0.000733607393501,0.0105448810021
8160,-0.00199342259824,0.00964105904324,0.0237736630977
8161,0.00388248813327,0.00457723358691,0.0336946038016
8162,0.00311848255986,0.00307243973906,0.0335650958438
8163,0.00692712360365,0.0084504074678,0.0520503891368
8164,0.0107447580043,0.00480798123873,0.0359433235209
8165,0.00725508820622,-0.00469358272776,0.00943337884392
8166,0.00292335999327,0.000809461768133,0.0206247055275
8167,0.00732973861098,-0.000632892274262,0.0135090933199
8168,0.0048204941014,0.00612818002594,0.0403536667039
8169,0.00790867783771,-0.00140456523751,0.0194576838099
8170,-0.00181179613438,0.0122747309002,0.0355186929278
8171,0.00256167945348,0.0123553303525,0.0485768881858
8172,0.00448742422642,0.00873898343676,0.0400043673991
8173,0.00458479287716,-9.16965943756e-05,0.0178376226438
8174,0.00890382303663,0.00119079171186,0.0270879714818
8175,0.00685339368799,0.0105555013706,0.0411319675809
8176,0.00857726222431,0.00361998167832,0.0308344547725
8177,0.0165609251932,-0.000362784073671,0.0298038472848
8178,0.00493504465462,0.00643312660437,0.0318842577473
8179,0.00874060246389,-0.00298575812774,0.0175606022153
8180,0.0193048334725,-0.00339788950283,0.0205714549192
8181,0.00579922720344,0.00169482653713,0.0171731156022
8182,-0.0025731213734,0.0101881025824,0.0487590154744
8183,0.0129389616553,-0.00515203851142,0.0160714688285
8184,0.00412131465405,0.0125431229056,0.045651474028
8185,0.00574323046861,0.0045413259974,0.0400428997046
8186,0.00654296655984,0.00843264247226,0.0334483900266
8187,0.00699586106563,0.00389913645769,0.0187992456579
8188,0.00970581086497,0.00284098017979,0.0347519284346
8189,0.0076565148128,0.00780351046495,0.0327127459568
8190,0.00164937683563,0.00764179249886,0.0364153786743
8191,0.00653438245178,0.000806474292024,0.0200052634407
8192,0.00782841176403,0.00144677951902,0.0243353914578
8193,0.0101733161019,2.51427294854e-05,0.0151485825532
8194,0.00164288333176,0.00439253210515,0.0305735576444
8195,0.0112127939554,0.000720124100583,0.022738048101
8196,0.00292420115251,0.00654818213978,0.0305414405116
8197,0.00970899690473,0.00595318988571,0.0319841526615
8198,-0.000939593398985,0.00929307697783,0.0442681157769
8199,0.0124867394214,-0.000295521519304,0.0273541178723
8200,0.00570995797059,0.00474277631982,0.0267067272507
8201,-0.00262716812158,0.0106832409555,0.0467376520129
8202,0.00538994071724,0.00599720324113,0.0255751874977
8203,0.00278655284286,0.000905211406045,0.0273583809859
8204,0.00776664246516,-0.000330982289465,0.0286306267333
8205,0.00438397597604,0.0040922110102,0.02059027875
8206,-0.000459313335364,0.00508432630513,0.0212766233583
8207,-0.0019677756036,0.00691753425767,0.0355666261867
8208,0.00586868854909,0.000103114902031,0.0172997619114
8209,-0.00103163930763,0.00619905392172,0.0272167291562
8210,0.00895894725914,0.00519321404094,0.0276043312497
8211,0.0122844490144,-0.00528030967343,0.00944924959004
8212,0.0175178669152,-0.00513928801135,0.0076939821858
8213,0.0079949743803,0.00064781155795,0.0241885719685
8214,0.00428270286976,0.005827908589,0.0363714948092
8215,0.00486427920324,0.00532287358079,0.0323892727984
8216,0.00725457862054,0.00448838358265,0.0372433966421
8217,0.0210964307112,-0.00982694908612,0.00625995875041
8218,0.00841783387317,-0.00185864940622,0.0233231769727
8219,0.00803746462871,0.0025592572449,0.0297417584586
8220,0.00525031799558,0.0060475262884,0.0359747990493
8221,0.0119869214472,0.00353089250466,0.0331139560594
8222,0.00537073442464,0.008316431748,0.0433021390022
8223,0.00283868228714,0.00845415038004,0.0404822429646
8224,0.00841204314861,0.000210798020728,0.0234776523986
8225,0.0149867411982,-0.00258813192545,0.0199614488838
8226,0.00676845999657,0.00389782011262,0.0294307823651
8227,0.00297960573826,0.00529745198501,0.0296357226906
8228,0.00703660241802,0.00293551223168,0.0326795461794
8229,0.0065109652838,0.00359795059992,0.0211894784477
8230,0.00811302244176,0.00258294348683,0.0243317154893
8231,0.0176981609399,-0.00765856861211,0.0128498566331
8232,0.0183852047591,-0.00596459041796,0.0185767783617
8233,-0.00290772573066,0.019381058548,0.078633328827
8234,0.0138659942093,0.00360739852325,0.031665026823
8235,-0.00265905775906,0.00971299067095,0.0393817608892
8236,0.00194615032886,0.0136676342647,0.0595878491746
8237,0.00594913658741,0.00263535940213,0.026825852557
8238,-0.00225498825882,0.0127127124956,0.0442107904779
8239,0.017442151527,-0.00931167352193,0.00545465332097
8240,0.00231002311796,0.0104508866146,0.0477916725746
8241,0.00239715740541,0.00720677702372,0.033279626257
8242,0.0139643679237,-0.00210837919655,0.0100080582068
8243,0.00426670488495,0.00379503978913,0.0311906291528
8244,0.00575907018116,0.00232721578297,0.0283462064436
8245,0.00228007592816,0.00507943698433,0.031555389046
8246,0.00823210159332,-0.000658778529509,0.029432598122
8247,0.00479210051478,-0.000302172508255,0.0185071029685
8248,-0.00471840869424,0.0130238847562,0.040118103348
8249,0.0039240921208,0.00227190234593,0.0238806302214
8250,0.00288637079616,0.00574739708029,0.0380530880012
8251,0.015437273009,0.000895834986699,0.0268144792364
8252,0.00574821013522,0.00506617509886,0.0390634441839
8253,0.00309753641045,0.00647006761724,0.0388164247773
8254,0.00529286889017,0.00396574096892,0.0334204577697
8255,-0.00533829610084,0.00902889983273,0.0362946058937
8256,0.00388653763327,0.00885647998931,0.0363830399676
8257,0.00190967134779,0.00317782887876,0.0188472372474
8258,0.000900651622561,0.0113198971215,0.043181056293
8259,0.0102005288687,-0.000284533663531,0.0288340427574
8260,0.0108953973225,-0.00223371267354,0.0194555861309
8261,0.00317102944924,0.00970410118969,0.0446558549391
8262,0.0109536222276,-0.000595418739703,0.0170592665777
8263,0.00892746030904,0.00945511947887,0.0482825585896
8264,0.00182521641601,0.00313826367453,0.0233499885452
8265,0.00431665107109,0.0119656197383,0.0481398708046
8266,0.00988130831474,-0.00198762648756,0.0197304989384
8267,-0.00385349994716,0.0116823406153,0.0423596243399
8268,0.0059394719575,0.00823679248744,0.0377925035496
8269,0.00108112814649,0.00671968251328,0.0367378235808
8270,0.00944456635616,0.000830246368492,0.0300352058921
8271,0.00361073788809,0.00286926825267,0.0237940342882
8272,0.00334927154511,0.00811324803573,0.0325522989757
8273,0.00629488581148,0.00593797945339,0.0361565288513
8274,0.0061183354678,0.00827152430032,0.0340226336773
8275,-0.00213816909664,0.0132510503953,0.0413121597868
8276,0.00143579745215,0.00801007804257,0.0381685907756
8277,0.0109511839266,-0.00211266278918,0.0170298279885
8278,0.00322257457767,0.00656794613261,0.0331118654347
8279,0.00629184222411,0.00671989786259,0.0393415639696
8280,0.0110165180329,0.00271059699778,0.0371162557825
8281,0.00920697029228,0.000680529470319,0.0176237220148
8282,0.00859521046743,0.00376742169134,0.0234584683419
8283,-0.000763387638075,0.00609590578974,0.0270182633879
8284,0.00738823532055,0.00654916465524,0.0322675621893
8285,-0.00877842303092,0.0084817423007,0.0394829293091
8286,0.00194510456451,0.00609602780645,0.0287261921757
8287,0.000128786047867,0.00589589412664,0.0401527330715
8288,-0.00115025994071,0.0097300233845,0.0319333022177
8289,0.000697089957317,0.00904039339082,0.0286638728306
8290,0.00507856229811,0.00624827404272,0.0307832787988
8291,0.0139557826741,-0.000282294575338,0.0180372475674
8292,0.00473946772207,0.00163054041087,0.0274194541967
8293,0.0169490362375,-0.00769842790209,0.0083443759406
8294,0.0108166715363,0.0101943766609,0.0396955726265
8295,0.00728386292805,0.00647668401054,0.0277749319529
8296,0.00294706322867,0.00608512815214,0.0359034803149
8297,-0.000834793134637,0.00330242086588,0.0222556282927
8298,0.0116110547923,0.0069860800478,0.0291469754242
8299,0.0123353180431,-0.0053501548625,0.0178150621513
8300,0.00320038874689,0.0100976736307,0.0472907499984
8301,0.0152237674317,0.00338527214114,0.0324135151971
8302,0.00249040988951,-0.000207801819979,0.0164547289684
8303,-0.000273438762441,0.0101307588695,0.0362073293503
8304,0.0107689057734,-0.00522233839161,0.00992704713141
8305,0.0025795263197,0.0103879657973,0.0399282009815
8306,0.0089823418311,0.00492761488325,0.037618053562
8307,0.00319713603837,0.00759214628781,0.0323660380329
8308,-0.00204682428999,0.00956222942545,0.045884557285
8309,0.000575258316467,0.00524840166079,0.0301746364023
8310,0.00500049223805,0.00203782567576,0.0189908471167
8311,0.00547655324143,0.00259748021451,0.0223588164618
8312,0.00368093144081,0.00495981281799,0.034996253671
8313,0.00514449572433,0.00478425954375,0.0315718926678
8314,0.0133551497331,-0.00253407636327,0.0145735162822
8315,0.0103542148595,-0.00373880805759,0.0152122178114
8316,0.00345133365988,0.0129922784037,0.0591047209462
8317,0.0013323074707,0.0078281513405,0.0384869535673
8318,0.00175907402271,0.00739047968525,0.0438269464996
8319,0.00839301351165,0.0022530117981,0.0344252180712
8320,-0.00518991985804,0.00988995080082,0.0299043565249
8321,0.00250933421276,0.0130475836919,0.0378102312693
8322,0.0118696019866,-0.00210790198836,0.0191989064825
8323,0.0142277215509,-0.00206398062657,0.018878189064
8324,0.00363686287376,0.00632168188244,0.02403339196
8325,0.00222528284078,0.00758611937277,0.0355469751105
8326,0.012202476969,-0.0012846207133,0.00924104729737
8327,0.00190516297086,-0.00164533248785,0.0172866101905
8328,-0.00291610968344,0.00650557196646,0.0371691359673
8329,0.00574327441304,0.00548953783419,0.0313971430466
8330,0.0128461395851,-0.00628636859888,0.0109511885855
8331,0.00148237028809,0.00304958877648,0.0241679261559
8332,-0.00417718480322,0.0131843072844,0.0504369228996
8333,0.00364645863055,0.00986894022733,0.0358400889154
8334,0.00588470268789,0.00524435620709,0.0389212927088
8335,0.000959612242615,0.008636902477,0.0445410637328
8336,0.0101385172025,0.00300154661477,0.0279011726311
8337,0.00483110034207,0.000561169910703,0.0075333132916
8338,0.0122659588316,-0.00464180809317,0.00364912350772
8339,0.00238200145849,0.00490252595272,0.0334988763915
8340,0.0117859245711,0.00314834253639,0.0286405801269
8341,4.8362058369e-05,0.0080020665889,0.0317604770286
8342,0.00435913001304,0.00443260526737,0.0246928578838
8343,0.00764379449622,0.00233973922272,0.0190366850877
8344,-0.00284878795636,0.00898573112895,0.0351180009718
8345,-0.00333267558711,0.00925806251995,0.0408186197293
8346,0.00515793028368,0.0119134935873,0.038155780372
8347,0.0119995217081,-0.000760796722343,0.0215749127826
8348,0.0062627941126,0.00405199716056,0.0305608286693
8349,0.00271113297437,0.00609110694704,0.0323391630187
8350,0.00252438875236,0.00480667670216,0.0278059075497
8351,0.00690619417282,-0.00101627794519,0.0163628256858
8352,0.00287709615152,0.0024131380985,0.0349644267795
8353,0.007940449413,-0.00426683422356,0.0100315996079
8354,0.00858847534222,0.00978414855008,0.0381990752979
8355,0.00731781392123,0.00698063955883,0.0342930504193
8356,0.00687356789015,-0.0025525884646,0.015851823114
8357,0.00620414644963,0.0021469025549,0.0277597146925
8358,0.00866495086733,0.00940634479013,0.0423857135475
8359,0.0142569534933,-0.00106674078752,0.0185767704441
8360,0.00694812560411,0.00738333060511,0.0379078451354
8361,0.00454836710338,0.00653052450712,0.0300240871153
8362,0.00585334230482,0.00622158456496,0.0363999727825
8363,0.0137807713831,-0.00159675797738,0.0266129222661
8364,0.00215372722866,0.0094679155311,0.0411373591812
8365,0.00868041571306,0.00327701888783,0.0261065402847
8366,0.0100991053138,0.000806715203835,0.0174371539391
8367,0.00723260771312,0.00424290928173,0.0403025384839
8368,0.00624392172053,0.00127118084891,0.0228780395813
8369,0.00857555418122,0.00262603631798,0.0317439378764
8370,0.00601503164207,0.0034258229643,0.0214019708191
8371,0.0131154815679,-0.00735665688027,0.011046667298
8372,0.00782072632657,0.00211996171528,0.0199977961712
8373,0.0151501313358,-0.00169719918103,0.0198793599088
8374,0.00645839808608,0.00205429943472,0.0242559976051
8375,-0.00584275500471,0.0136682455093,0.0429571167032
8376,0.00252154682561,0.00140107544804,0.0243962788052
8377,0.0132897826782,0.00332291929486,0.0282036097226
8378,0.00572455836943,0.000553958133298,0.0220900345504
8379,0.020289607039,-0.00681249667566,0.0163660566126
8380,0.001262222003,0.00919910897618,0.0402165308368
8381,-0.00231581736555,0.00653062158209,0.0294832086817
8382,-0.00335408610645,0.0108976613605,0.0421059618723
8383,0.00395372199832,0.00638690002637,0.0334946789227
8384,0.00465472286321,0.00712603864156,0.028845886042
8385,0.0078225744454,0.00281661867763,0.0227388158267
8386,0.00910782002582,-0.00100361371428,0.0177751396658
8387,0.0119732070816,0.00096455319718,0.0339600505672
8388,0.0134365004293,-0.00146374550648,0.0202841738641
8389,0.0036194656304,0.00117483206675,0.0104379176374
8390,0.00600012792462,-0.00344200212539,0.0145337188985
8391,0.0108737324251,0.00314459692455,0.0171546332004
8392,0.0101512004174,0.000308711978758,0.0223037319409
8393,0.000159479656259,0.0190842213071,0.0547423835106
8394,0.00402986647529,0.00970751791344,0.0430976505428
8395,0.00513258080823,0.00152235263459,0.0273203018663
8396,0.00982723458226,-0.00370820731772,0.0202384827113
8397,0.00639313895954,-0.000291677148964,0.0153469615711
8398,0.00106498342548,0.0116877723273,0.0459728676104
8399,0.0078631339431,0.00244901305711,0.0280490973017
8400,0.0104788160145,0.00700655791341,0.0422403619898
8401,0.00899994317956,0.00140636097683,0.0246445460871
8402,-0.00268089553212,0.00104828547382,0.0258357205618
8403,0.00699832328459,-0.00242686471552,0.0132029386978
8404,0.0157479204799,-0.00388015141189,0.019089422857
8405,0.003465085644,0.00713285974125,0.0389990895422
8406,-0.00470976327886,0.00753704901384,0.0294663678154
8407,0.00249236147889,0.0101587804371,0.0374991023461
8408,-0.00471314790284,0.0134996405173,0.0519156663448
8409,0.00339505531069,0.00103669622793,0.0161895936022
8410,0.00306717043584,0.00360108905697,0.0180061754746
8411,-0.0034275353941,0.013576130618,0.0435472412074
8412,-0.00466683601362,0.0135770174283,0.0443111923647
8413,0.012262392046,-0.00300845864043,0.0209465736893
8414,0.0177713557418,-0.005362810403,0.0103118062189
8415,0.0182510454723,-0.00607767757015,0.0229438155725
8416,0.0033870084904,0.00117856346051,0.00683971236743
8417,-0.0047888800907,0.0102273261656,0.0389194192052
8418,0.00549199871854,0.0037207872088,0.0223216657765
8419,0.0156979729489,0.00381518189171,0.0377502226909
8420,0.00201530968177,0.00793382605925,0.022546180396
8421,0.00502077337714,0.00284596324567,0.021333573709
8422,0.00995278056261,0.00216425196274,0.036033861217
8423,0.0138383572607,0.00411748752908,0.0306147002726
8424,0.0104017590947,0.00481046272839,0.0262441753176
8425,0.012088490343,0.000791462790493,0.0227830504004
8426,0.00615092723718,0.00118698240751,0.0194537028528
8427,0.002614863054,0.00960356069137,0.0453525428168
8428,0.0120356542762,0.00292873085676,0.0297527204303
8429,-0.00377790121346,0.00794240734561,0.0285288569877
8430,0.00725960995563,-0.00206885430124,0.0238865587705
8431,0.00197768900774,0.0117129240736,0.0432482256551
8432,0.00015016007451,0.0163328334659,0.0523705151269
8433,0.00521334379361,0.0106294080087,0.0494148721572
8434,0.00544028896517,0.00113328501726,0.025548499807
8435,0.00523339470759,0.00243714859262,0.026387045464
8436,0.0114477290078,0.00602191083765,0.0253716970877
8437,0.00873549540327,0.00194869480004,0.0197284009326
8438,0.00476614314775,0.00707878445381,0.0223903624651
8439,0.0162228054106,-0.00266982864465,0.0111401414383
8440,0.00469342593749,0.00731233090023,0.0307023066046
8441,0.00788647813862,-0.00403348143617,0.0104745807561
8442,0.00836783618252,-0.00812444792466,0.00731016363625
8443,0.00718365049496,0.00815266482358,0.0493283256079
8444,0.00644236950584,-0.00334127638876,0.00841737269776
8445,0.00708744289648,0.00551092053011,0.0461365348187
8446,0.0132461722885,-0.00333236854814,0.0183077617476
8447,0.00799888008343,0.00737295257674,0.0322695913985
8448,0.00210139793002,0.00674649926843,0.0340785524531
8449,0.0034716727162,0.0055711833596,0.0274099516145
8450,-0.00022610166005,-8.40703197824e-05,0.0132632848813
8451,0.00280475044468,0.00464142912184,0.0271320998865
8452,0.00415383320603,0.00113739562765,0.0153079477108
8453,0.00759936924471,0.00319044340485,0.0256659951629
8454,0.00980849800808,-0.00526633828353,0.00714488823981
8455,0.00631850139112,0.00523258084,0.0325955609086
8456,0.00711171900975,0.0112350272723,0.0408026634904
8457,-0.003920039162,0.010515053518,0.0442516139182
8458,0.00781352936094,0.00319085996986,0.0289812278892
8459,0.00282250868094,0.00478638117945,0.0215939504632
8460,0.000483181251198,0.00326048361925,0.0255340146794
8461,0.00567315385658,0.00855556706924,0.040103717988
8462,-0.000629391404293,0.00699195228181,0.0339385971459
8463,-0.00392711176878,0.01149424327,0.0333766627575
8464,0.0126647051136,0.00240086872949,0.0319111886255
8465,0.0121087360809,-0.00266270014074,0.0148307367712
8466,0.00777124559277,0.00896653252428,0.0453932294747
8467,0.00402794138527,0.0052312370824,0.0316752990595
8468,0.012420240434,-0.00384979680298,0.0104950153042
8469,0.00233980912111,0.00649189170421,0.0265244570272
8470,0.0149343661432,-1.06942135034e-05,0.015495899117
8471,-0.00263286077122,0.0127573122777,0.0491012500771
8472,0.0123461754937,-0.00536231910143,0.0197265647839
8473,0.00588500228323,0.00560443565225,0.0389838540688
8474,0.00927634152985,0.00686526616993,0.0351707812354
8475,0.00693661366449,0.00727179495949,0.0360111978907
8476,-0.000976950673559,0.00592240710437,0.0245988397589
8477,0.00879088438976,0.00580225949572,0.0294544028143
8478,0.00830331740892,0.00418966836439,0.0287676901127
8479,0.00986885843021,0.00188326563301,0.0318077181191
8480,0.00368317960881,0.00749850833269,0.0226776544006
8481,0.00554941741852,0.00414421885095,0.0380077181727
8482,-0.00141103749516,0.00896449234085,0.0339776025209
8483,0.00536622545041,0.00421845868708,0.0283174290442
8484,0.0155015576076,0.00247145827743,0.0272557409366
8485,0.00431954319216,0.00440623053402,0.027304364737
8486,-0.000792813466318,0.00492076384951,0.0297401839566
8487,-0.00110459203641,0.0066763668727,0.0308862737191
8488,0.000426320838444,0.00606817822268,0.0380499796047
8489,0.0120515089948,-0.00349095039925,0.0189903022566
8490,0.000231001547827,0.011830331492,0.0498024623915
8491,0.00244062911809,0.0053837591712,0.0213794707105
8492,0.0152376588383,-0.00742987464606,0.0111803457169
8493,0.00933563457626,-0.000948679720453,0.0171530912379
8494,0.00025233847604,0.0112028422808,0.0342318587843
8495,0.00899760395269,0.000559819423273,0.01927584783
8496,0.0156515569384,0.00226420625309,0.0261918073288
8497,0.000939717808908,0.0146095993286,0.0485186096944
8498,0.0123465826608,-0.00592829288006,0.012233650391
8499,0.00588635760372,0.00220231942854,0.0259756121819
8500,0.00981169585682,0.00173916134497,0.0313893536351
8501,0.00552135584388,0.000407369734011,0.016641199791
8502,0.0107952213493,0.00100178826285,0.0226167383648
8503,-0.00202959395245,0.00741052633213,0.0335330052014
8504,-0.0043578210944,0.0135020858388,0.0429219099169
8505,0.00185182725441,0.00244452454924,0.0201833805191
8506,0.0058997918794,0.00422585428205,0.0330046756553
8507,0.00985240374067,-0.00130884051138,0.0220518622352
8508,0.0048208213851,0.00861266693386,0.033286717539
8509,0.00752913830115,-0.00172682635712,0.0136853185593
8510,0.00970455193803,-0.00284980954256,0.0104150466185
8511,0.00791522306144,-0.00219856184345,0.0280509914954
8512,0.000985503832749,0.00516548661734,0.0328248836497
8513,0.000485906723088,0.00891989535835,0.0410586679855
8514,0.00790110874369,0.00992934755089,0.0422567506592
8515,0.0159764299648,0.00148583945325,0.0299036956205
8516,-0.00409623561028,0.0092052423346,0.035728713069
8517,0.0054721590776,0.0061293101269,0.0378977457299
8518,0.00323379358565,0.00486282072958,0.0331115272385
8519,0.00196357070062,0.00537660454066,0.0377283812775
8520,0.00749426930834,0.00156381136733,0.0276328238431
8521,0.00937625263652,-0.00555184012155,0.0110309118145
8522,0.00838989022439,0.00987459167239,0.0435222039033
8523,0.00377257586603,0.00267270959984,0.0303147283567
8524,0.00492298208672,-0.000944938116359,0.0130776406027
8525,0.00305391026643,0.00468944832669,0.028603230565
8526,0.00428803339407,0.00622433256393,0.036307206465
8527,-0.000951305595609,0.0149308478453,0.0452470024606
8528,0.00238636755926,0.00475216679374,0.0298869545793
8529,0.000750068485364,0.0119044415597,0.0404368331653
8530,-0.00106833202462,0.0109115636014,0.0560853503537
8531,0.00945536165957,0.0035934358848,0.0271039465548
8532,0.000831621955992,0.0115711361753,0.0378137765932
8533,-0.00192250397388,0.000240456785298,0.0175913328193
8534,0.00505569641203,0.00784950817021,0.0390716926575
8535,0.00364025780514,0.000716927263969,0.0300472844529
8536,0.0168559692597,-0.00085459444292,0.0220026629751
8537,0.00331804941408,0.00222959138008,0.032106159067
8538,0.00224984820395,0.00429993269638,0.0311707611852
8539,0.0103325476534,0.000791447305513,0.0213493786886
8540,0.00807951606161,0.00519836197722,0.0429599067493
8541,0.0109153545716,-0.00153543939715,0.0290409213094
8542,0.00653682339703,-0.00020100991783,0.0165100446555
8543,0.00798977965344,0.00157411227086,0.0150507346138
8544,0.00366310777203,0.00645768275654,0.0268922562739
8545,0.00294533053819,0.00962408834587,0.0383750998574
8546,0.00377838217625,0.00188068767164,0.024758535827
8547,0.00736033164073,0.00328970961932,0.0181548032281
8548,0.00636518948275,0.00646801752401,0.0320577280653
8549,0.00528489227028,0.00175897020761,0.0263924671184
8550,0.0035466813101,0.00387952113558,0.0205370137345
8551,0.0157747573046,-0.00521093988274,0.0173393119649
8552,0.0114023685694,0.00323213747126,0.0279693982852
8553,0.014983923781,-0.00276972514145,0.0184879598765
8554,0.0129064571244,0.00937878709083,0.0416889285177
8555,0.00580032229056,0.00275217510153,0.0266279981931
8556,0.00296594228802,0.00631331834133,0.0392237553185
8557,-0.000611978672337,0.00622845166487,0.0364485369942
8558,0.00146176502454,0.00157793529815,0.0247276643682
8559,0.00580887168043,0.00140390003297,0.0230711777183
8560,-0.00143336116266,0.00776503130759,0.0415557219007
8561,0.00754883502127,0.00543984226345,0.0302767495268
8562,0.00591243635852,0.00863912662158,0.0404289823999
8563,0.00224220178609,0.0109412775249,0.0468836948011
8564,0.00887068969161,0.00751744795387,0.0371920494901
8565,0.00874053912406,0.00122372714545,0.0260973675345
8566,0.000648708306635,0.0108588443713,0.0547230219695
8567,0.00418857566633,0.000224157765579,0.0244473002441
8568,0.00654968650709,0.0055172487958,0.0327314879447
8569,0.0111370961175,0.00185553275952,0.0229961251926
8570,0.00142754565422,0.00786699202856,0.0404390496284
8571,0.0030116282198,0.00220721384531,0.0274177205485
8572,-0.00202590980146,0.00673728660744,0.0255477270638
8573,0.0119562884556,0.00109192912037,0.0184526164883
8574,0.00726386116178,-0.000349284230506,0.0209192790745
8575,0.00710177815917,0.00519403655517,0.035971569552
8576,0.0116355551846,-0.00146265429169,0.0221148116938
8577,-0.0034262149273,0.00555001131379,0.0273613394629
8578,0.000244917861425,0.00334941890449,0.0228919198595
8579,0.000896187259399,0.00454733466806,0.0387887860181
8580,0.000701499330508,0.0024456797151,0.026421950776
8581,0.0133050933493,0.00131275390104,0.0230804765675
8582,0.00520858520121,0.00845295329382,0.0324259236671
8583,0.00900614557243,-0.000551317475778,0.0113489390576
8584,0.00600040343601,0.000665322017535,0.0239365355896
8585,-0.00775443640897,0.0129931715941,0.0479949205527
8586,0.00247852055988,0.00418533772549,0.0321103471628
8587,-0.000915209995135,0.00877690974949,0.0364290420882
8588,0.00131062068956,0.000893563216665,0.0276891614812
8589,0.00783856404702,-0.00340673008416,0.0113551189753
8590,0.00623707409784,0.00906016605825,0.0459597633348
8591,0.00647432626865,-0.0018698729798,0.0182421360908
8592,0.00277006665421,0.00693636396419,0.0408393061608
8593,0.0131553369854,-0.0037970725332,0.0209857720282
8594,0.00292541998773,0.0130349209399,0.0470263616463
8595,0.00255100243202,0.00335876441442,0.0327916223008
8596,0.00975248339581,0.00598606382891,0.0307769036892
8597,0.00715419998996,-0.000790392963964,0.0206778098922
8598,0.00177315527394,0.00775461487321,0.0389665371475
8599,0.00296571912269,-0.0010666891013,0.016023109966
8600,0.00436283099982,0.00472153043696,0.0317109664325
8601,0.0093916700967,0.00710678331609,0.0441535704729
8602,0.0127633115421,0.00737936496604,0.0373582710425
8603,0.0131357172067,0.000682449663844,0.0265572272504
8604,0.00609915024719,0.00718665183747,0.0274713866575
8605,0.000864320522968,0.0104761037685,0.0475825471609
8606,-0.00201840061762,0.0039889493104,0.0293540310412
8607,0.00359667095766,0.0063353330833,0.039350718075
8608,0.0074926886487,0.00295490749346,0.0351429818484
8609,0.00636656530214,0.00137956481378,0.0137210272579
8610,0.00925261776083,-0.00133906376354,0.021470470148
8611,0.00229428125222,0.00953635160708,0.0376489028088
8612,0.00479014795615,0.00475573900621,0.0320707389571
8613,0.010819310486,-0.00305412675784,0.018144401091
8614,0.00419061821337,0.00539107254524,0.0197881238561
8615,0.00574206471779,5.25807955136e-05,0.0333231625861
8616,0.00234285245502,0.00661811565587,0.0262174229246
8617,0.00739725105751,-0.00120386845578,0.0180121732862
8618,0.000367843221919,0.00442945921758,0.0352742474434
8619,0.00484645043472,-0.0014095525006,0.0229121918787
8620,0.00159854996028,0.0102568493769,0.0454414138735
8621,0.00904892346915,0.00365274912977,0.0238124176076
8622,0.00832310168797,0.00208610321158,0.022747534153
8623,-0.00162946577321,0.0105570434287,0.0397307297919
8624,0.00338006985925,0.0021096030724,0.0335389329237
8625,0.0024101579253,0.00738603875801,0.0398347534568
8626,0.0155074568887,0.00103583098204,0.0247114882025
8627,0.00140118708489,0.00362946032585,0.0290135862572
8628,0.00423240038829,0.00455032487725,0.031833100911
8629,0.0124452570879,0.000839239180804,0.0238321906955
8630,0.00405530938875,0.00267992606653,0.0319137661421
8631,-0.00151139932223,0.0088027814499,0.0412632987676
8632,0.00234860315954,0.00157051502753,0.0260132983234
8633,0.00868325093474,0.00386538269482,0.0281913766354
8634,0.00822214550639,-0.00437361378565,0.0189962823297
8635,0.00625238558577,0.0044112749508,0.022985563471
8636,0.0118189874112,0.00178699199283,0.0211902340877
8637,-0.00199878220231,0.0105302818099,0.0381602975389
8638,0.00853386034935,0.00525231979329,0.0273305684368
8639,0.00388620484355,0.00543969024409,0.0287818716886
8640,0.00225720361598,0.011921468949,0.0400610755548
8641,0.00551344926718,0.00101917952345,0.0132283438607
8642,0.0091010439746,-0.00510707770374,0.0114160537857
8643,0.00876869036853,-0.00574932710283,0.00688055959149
8644,0.0108249436309,0.00245796139962,0.022629594273
8645,-0.000549556070836,0.0077387091183,0.0377154684486
8646,0.00932302327187,0.00325711879347,0.0408786104094
8647,0.00442565010529,0.005880276784,0.0342757162045
8648,0.0189620023491,0.000700857232722,0.0235536826665
8649,0.00743014749714,0.0014814943183,0.028548058957
8650,-0.00019781915904,0.00445138791883,0.0327180561286
8651,0.00417595950482,0.00754236842803,0.0395742712119
8652,-0.00100415014416,0.0119707871514,0.0395234326687
8653,0.00253720922311,0.00460326302942,0.0256796870428
8654,0.00335246525028,0.008686341083,0.0528846420384
8655,0.00474542224068,0.00928701503307,0.0408928783052
8656,0.0219385582274,-0.00964419133215,0.00504144117404
8657,-0.0046273975199,0.0157798775969,0.0502161939789
8658,0.00613334698738,0.00543125694814,0.0305624173583
8659,-0.000159676722608,0.0105646142241,0.0476380928651
8660,0.0126420268952,-0.00218365852045,0.0171920878922
8661,0.00394269354155,0.00343453431622,0.0328017789541
8662,0.00356228754188,0.000556723741,0.0194957550574
8663,0.0117239999101,0.00263528180474,0.0240050136072
8664,0.0151180400425,0.00119796966685,0.0202762217635
8665,-0.00199261493561,0.00393015388046,0.0249105095049
8666,0.00539583943327,0.00674400586744,0.0380652270031
8667,-0.000468581806885,0.0119884787402,0.0454108248117
8668,0.0103767722158,0.00308690725339,0.0306262362114
8669,0.00151591982236,0.00632274418915,0.0258969202295
8670,0.0142596843376,-0.00122625449966,0.0218103719507
8671,0.00344076324795,0.0002967802362,0.0240557908179
8672,0.00979413719631,0.00267148730599,0.0224317345568
8673,0.00196254589237,0.0116909083329,0.0408595916233
8674,0.00122393479329,0.0061644850257,0.0366498127557
8675,0.00174117785031,0.004198245286,0.026557190715
8676,0.0087673018409,0.00316311698364,0.0178984652717
8677,0.0075240326857,0.000970477044718,0.0290216812615
8678,0.00645990538469,0.00204186564315,0.0242941893331
8679,0.00792391388166,0.00501755763931,0.0303286754348
8680,0.00082557369158,0.00619901445411,0.0295441780029
8681,0.00795078609286,0.00215826681491,0.0279317527916
8682,0.00319899417016,0.0056179082136,0.0325419629291
8683,0.00761047910267,0.00773298494126,0.03641527361
8684,0.00313372398571,0.00292599361307,0.0317597527421
8685,0.0075068097137,0.00284647402406,0.0263641277002
8686,0.00527829123286,0.000855710311795,0.0185677376874
8687,0.00905555845492,0.00697995017644,0.0415703429795
8688,0.00634220369119,0.00557465674454,0.0269360469674
8689,-0.00269413758638,0.00442327773101,0.0273912865822
8690,0.00245778892536,-0.000228952888417,0.0169459022519
8691,0.00669721824326,0.00807923194162,0.052297426314
8692,0.0130090116661,-0.00174083766955,0.0169212749997
8693,0.0122395127232,-0.00294808125513,0.020104403955
8694,0.000742293733073,0.00907735781651,0.0467684992247
8695,0.0124306469252,-0.00284182278649,0.0171775862433
8696,0.00466444337365,0.00738090014834,0.0430322320319
8697,0.0102219762614,0.00534504970215,0.0374427817543
8698,0.00247904026914,0.00867991136033,0.032835767961
8699,0.00293504075919,0.00109751967342,0.0241169566279
8700,0.00985417233375,0.00033413998533,0.0216381643348
8701,0.00740906990904,0.0012947145777,0.0208917632541
8702,-0.00102348683135,0.00627097731087,0.029764484554
8703,0.016169839079,-0.00722802025482,0.0157147034875
8704,0.00157527233209,0.00769753944665,0.048024347495
8705,0.00674216164512,-0.000169706710633,0.0147565137172
8706,0.00680634494605,0.00985472920452,0.0377376258395
8707,0.0051067426575,0.000631879856127,0.0273694635681
8708,0.0140257866846,0.00044313015903,0.025792134784
8709,0.000796027663812,0.00800681509199,0.0229292984452
8710,6.16085331833e-05,0.00730393654987,0.0365048892828
8711,0.00291553218199,0.00892364735879,0.037013490848
8712,-0.000200412085039,0.00951436586237,0.0402745041683
8713,0.00642812012886,0.00267239805759,0.0361881447983
8714,0.00108872369854,0.00182399617965,0.0242044790854
8715,0.0069986362481,0.00189105593459,0.0272951719033
8716,0.0080448601146,0.00507211091473,0.0347581613256
8717,0.00763818892144,0.00609468715781,0.0340468013113
8718,0.00462411431916,0.00139340553225,0.0174543914944
8719,0.00471091490762,0.00864497892231,0.0380776755871
8720,0.00968258154227,0.00719680177808,0.0375463215691
8721,0.00881473183903,0.00401512922213,0.0357368331662
8722,0.00644116824404,0.00313684799053,0.0182513442679
8723,-0.00189683509173,0.00461345222303,0.0285759320405
8724,0.0134608365354,-0.00507886089396,0.0110856662281
8725,0.00517057016505,0.00968556621575,0.0453372199744
8726,0.0105963817878,-0.00100213453147,0.026351832857
8727,0.00787395576186,0.00564838459104,0.0322870629018
8728,0.0102791639622,0.000877642026444,0.0336264229672
8729,-0.0052819195401,0.0148657251993,0.0469033845005
8730,-0.000548003123793,0.00946999194098,0.033302487985
8731,0.00710751455321,0.00732503779017,0.0299852322001
8732,0.0102961347929,0.00514781810569,0.0355807351005
8733,0.00534446445909,0.00257407731419,0.0311517317932
8734,0.00636275917661,-0.00274811008829,0.0111993991236
8735,0.00552824549081,0.00658458104995,0.0435182662052
8736,0.00649486340947,0.00958663188146,0.0407475646406
8737,0.0103288061599,-0.0014581355711,0.0270525287014
8738,0.00295790926228,0.00814325263554,0.0344635034954
8739,0.000302667759805,0.0112242026058,0.0355540349958
8740,0.00073446945279,0.00815248822328,0.0518315045227
8741,0.00127443270021,0.00643412623611,0.0406669992343
8742,-0.00262705529565,0.00555343853803,0.0240487507727
8743,0.00228082395878,0.00726039660976,0.0400676599911
8744,0.00377777585288,0.0048491637783,0.0350209813113
8745,-0.00604577548216,0.00741043986129,0.0311439950993
8746,0.00921923019875,-0.00275605368601,0.0103079784301
8747,0.00408361868583,0.00380686175821,0.0265398541885
8748,-0.00210584446519,0.0125097071482,0.0511877825745
8749,0.0136613148346,0.000317836746578,0.0355543921657
8750,0.00863181095512,0.00711205002253,0.0259697115231
8751,0.000643884004715,0.0114838520445,0.0418652605775
8752,0.010884401164,-0.00729604489279,0.000213123229885
8753,0.00526867993942,0.00461904889689,0.0253064615915
8754,0.00226167713602,0.00245954572213,0.0273500585248
8755,0.00543470465524,0.0102237391187,0.046423759747
8756,-0.00444153256139,0.0112040753075,0.0447565524197
8757,0.000785109411273,0.00944853529651,0.0334903323822
8758,-0.00164921011139,0.0100037945202,0.0440844356824
8759,0.00211247845212,0.00565716561116,0.0416866318618
8760,0.00343257882688,0.00788868736261,0.0352920275343
8761,0.00162320901149,0.00813036020336,0.0384504229414
8762,0.00823059505328,0.0012312731016,0.0259296016462
8763,0.00201711031885,0.0134040148774,0.0505486003245
8764,0.00275614949223,0.00252071782761,0.0232788747029
8765,0.00501644035426,-0.000643141190342,0.0159764252692
8766,0.00521026189373,0.00220904066091,0.0181471855304
8767,-0.0025267114375,0.00819383694929,0.0386629860573
8768,0.00852051840469,0.00446159493243,0.0267572372188
8769,-0.00176697594111,0.00517657707865,0.0346070343393
8770,0.00392498787869,0.00535142970354,0.0309109230821
8771,0.0147349939465,-0.00265926184641,0.0133584842349
8772,0.00827582541944,0.00600973200149,0.0417833784415
8773,0.00292524657807,0.00954782182039,0.0392481760634
8774,0.00797301144557,-0.00138381929527,0.0191282010534
8775,0.00339687733197,0.00511185966881,0.032503295292
8776,0.00834198339752,0.0018644179761,0.0186760273324
8777,0.0074517763034,0.00316028060251,0.0283846356207
8778,9.50016959034e-05,0.00895844300271,0.0334201746766
8779,0.00595150789802,0.00739175598445,0.0280673689776
8780,0.00111194676441,0.00741443712506,0.0384514404133
8781,0.00535564314595,0.0109134236695,0.0453728211907
8782,0.0152310879776,0.00706003359803,0.0508565298213
8783,-0.00394928677344,0.00803660159126,0.0258595626134
8784,0.00835018758607,0.00335210081791,0.0248784540137
8785,0.0118364599904,-0.00487035775577,0.0146344778718
8786,0.0129552008886,0.000469036768364,0.0256531013074
8787,0.00282939836626,0.00550735175113,0.0278016483637
8788,0.00865831693793,0.00228822025414,0.0227829724853
8789,-0.00206558419187,0.0106188759918,0.046803716752
8790,0.00712409921944,0.00362536235265,0.0320266265968
8791,0.0028881007879,0.00909937380849,0.0360288368562
8792,0.00462422185872,-0.00260858921507,0.0183794551263
8793,-0.00381748453925,0.0127231428911,0.0394680383286
8794,0.0059711353288,0.00159910070794,0.0230404962407
8795,0.0127190184614,0.00354382651779,0.0284521708367
8796,0.00736584678801,0.00412709506972,0.0257511051959
8797,0.00277829798023,0.0073099580277,0.0323730045865
8798,0.00603917624402,0.00623547917536,0.0366357619274
8799,0.00424231464858,0.00426201397426,0.0329862853642
8800,0.00575472912478,0.00398862277086,0.0218159685359
8801,0.00825762399981,0.0033399801039,0.0300625474355
8802,-0.00887650560094,0.0176899992955,0.054104165894
8803,0.0037790974369,0.00231295470372,0.0248844016139
8804,0.010848403941,-0.00403093634506,0.0084220370254
8805,0.00444885770019,0.00747393208081,0.0387837510402
8806,0.00100190618013,0.0104669582621,0.0332904804088
8807,0.0057087195756,0.00576867911143,0.0255646694855
8808,0.00883464526035,0.00389629027235,0.0295630009745
8809,0.00683151564216,0.00490643200153,0.0377576150525
8810,0.0084759139741,0.00142063736609,0.0205585929494
8811,0.00634636428717,0.0039412211057,0.0302442312287
8812,0.00500674145269,0.00383715820504,0.0326957870716
8813,0.00492785871684,0.00684884644891,0.0478083964513
8814,-0.00086727553236,0.0107120142408,0.0397931573323
8815,-0.00018526951743,0.00800787707286,0.0377798463887
8816,0.00874431973039,0.00355496129156,0.0272308756309
8817,0.00688662300222,0.00774640344203,0.0306500744489
8818,0.00190497016052,0.00603191871977,0.028813966196
8819,0.0042822492137,-0.00119512447151,0.0203854326538
8820,0.0103117510542,-0.00482928964755,0.0166853361835
8821,0.00558290324264,0.00666056624505,0.0298835642048
8822,0.0046482316793,0.0100775671574,0.0411066038179
8823,0.00317741766338,0.000509685425448,0.0255386820229
8824,0.00303580864795,0.00340046970782,0.0210478051625
8825,0.00216710984988,0.00296323138383,0.0341807037536
8826,0.00217317194876,0.00371666227597,0.0298853008
8827,0.0083669879092,0.00305276720788,0.0323959142089
8828,0.00149537584715,0.00511718403656,0.0336763233251
8829,0.00286926143734,0.0112109604966,0.0451791384505
8830,0.0130558072317,-0.00654775296172,0.00401883966355
8831,0.014036337514,0.00130153640236,0.0213550938891
8832,0.00361181294736,0.00663149235914,0.0248222241865
8833,0.00607606754189,0.0115555278293,0.0390721894093
8834,0.0190381785491,0.00154462627641,0.0216253090119
8835,0.0146853293854,0.00113435801246,0.0313932889999
8836,0.00448892962819,-0.00170594070393,0.00917978463406
8837,0.009088168539,-0.004407733248,0.016417043167
8838,0.00554850058769,0.00219823700389,0.0284379664057
8839,0.00716037179738,-0.000926026688702,0.0156841330814
8840,0.0150536182932,-0.00190274389617,0.0189412858534
8841,0.0118279314418,0.00231419886057,0.0284458796412
8842,0.00738663013446,0.00602068816665,0.0285523292274
8843,0.00409665598394,0.00681848354875,0.0334046490426
8844,0.00617065027797,0.00152939990537,0.0321579839857
8845,0.00158957777349,0.00623341309698,0.0347331153279
8846,0.00579124133796,0.00530748816129,0.0353832194136
8847,-0.00529984363673,0.0153670055641,0.0468369124941
8848,0.00520116718406,0.00450122577708,0.0257096205354
8849,0.00784218484842,0.00209095193183,0.0244624040175
8850,0.0141099229821,-0.00629931614488,0.0155121153721
8851,0.00911287716266,-0.000581096476378,0.0174380402881
8852,0.0130192572798,-0.00116107856248,0.0206083215335
8853,0.00155410929657,0.00302879810047,0.0280157174088
8854,0.00657086480084,0.0042920526217,0.026071557889
8855,0.00229330341617,0.00587948151542,0.0313318194922
8856,0.00486741966386,0.00917914692311,0.0461264454795
8857,0.0176539255743,0.00181865280554,0.0185559501021
8858,0.00300843421502,0.00528981546522,0.0247046002071
8859,0.00599046600027,0.00362105103371,0.0279791729851
8860,0.0130680645209,-0.0028358558581,0.0241813329009
8861,0.00858425928121,0.00118980458375,0.0269574710871
8862,0.000100326468299,0.00456329710926,0.0235505163944
8863,0.00973606278672,-0.000489289523521,0.0172964636749
8864,0.0041872444266,0.00658661775423,0.0335838320727
8865,0.00429962558928,-0.00327071757068,0.00998959647329
8866,0.0111170976105,0.00668244622499,0.0364028846772
8867,0.00174529332761,0.00808130286033,0.0369999768452
8868,0.00843843715187,-0.00266430776599,0.0308554385276
8869,0.00548539365599,0.00632624797469,0.038100436598
8870,0.00132230380454,0.0109229608939,0.037515664575
8871,0.016538877937,-0.00486344797988,0.0162293634366
8872,0.00754565228211,0.00122551602232,0.0211210376835
8873,-0.000250658148661,0.00930806920041,0.0375065918715
8874,0.00313686878765,0.00249178162125,0.0277822194082
8875,0.0130091253871,0.00133710128571,0.0363399776263
8876,0.0132476852475,5.71916598822e-05,0.0238392236465
8877,0.0086310332847,0.00267884608729,0.0269176410881
8878,0.00480153102481,0.00195728053933,0.0245199684708
8879,-0.00140954837678,0.0117062124592,0.0528587597389
8880,0.0110220740121,0.002334794044,0.031232602717
8881,0.00174917914659,0.00949770980242,0.0384859099702
8882,0.00689554137681,0.00284836081193,0.0185140030638
8883,0.00115132783384,0.00714618375179,0.038131783481
8884,0.00783521639799,0.00111203893462,0.019360580989
8885,-0.00168029859528,0.00207879269273,0.0236661307152
8886,0.00806178784966,0.000305596851882,0.0120824628909
8887,0.00528591648085,0.00132623919689,0.0278341968515
8888,0.00171113257474,0.00640323175148,0.0351944702655
8889,0.000527906097959,0.00992515465103,0.0340808213277
8890,0.00671532559636,0.00250710877112,0.0263962224626
8891,0.00905710051226,-0.000501042543808,0.0121752008438
8892,-0.00131689256789,0.000211039191439,0.0099462273962
8893,0.00163970330758,0.00785085087789,0.039125500105
8894,0.00775783280635,0.000427445607405,0.0299935632765
8895,0.00311697753157,0.00571071970241,0.0277527523749
8896,0.00665399512987,-0.00396914444949,0.0117010137274
8897,0.0126378213639,0.00410979569691,0.0393566444017
8898,0.00608164713861,0.000184281497193,0.0124323640141
8899,-0.00335877488209,0.0111142221862,0.0415080868655
8900,0.00515753572481,-0.00030808480112,0.0206612612647
8901,0.00201265503943,0.00289691280245,0.0264199046081
8902,0.00637789396362,0.00348639980676,0.0294477555758
8903,0.00381692919049,0.00884336790037,0.0432189318452
8904,0.000653590180394,0.00914892436495,0.0470493455598
8905,0.00577168679581,0.00609508378239,0.0303363857737
8906,-0.000599487867858,0.00325719277011,0.0337906296486
8907,0.00534089784098,0.00591083451535,0.035939928603
8908,0.00601791785722,0.00942388523184,0.0436571115711
8909,0.00278113976261,0.00803320290031,0.0429528430613
8910,0.00719356031467,0.00275347132653,0.0220114584882
8911,0.00220758102747,0.00604052586748,0.0364490662297
8912,0.00270409576293,0.00527461277752,0.0251627718329
8913,0.00196130402579,0.00692458136537,0.029876912469
8914,0.00447612242541,0.00656628690337,0.0287813980971
8915,0.00733580336029,0.00265288680053,0.031954739851
8916,-0.00210073028355,0.00515920478915,0.0245315980328
8917,0.00760929940189,-0.000441210538967,0.0137348609869
8918,0.010600383994,-0.0031265289559,0.0176888805432
8919,0.0121934082739,0.00236212664095,0.0262851921433
8920,0.00411980741965,0.00135027009681,0.0231999176468
8921,0.00746703100864,-0.00508433079658,0.00701928550523
8922,0.00475452594585,0.00930235500643,0.0379499265045
8923,0.00722835753292,0.0014396645398,0.0223689859554
8924,0.0097462472887,0.00279557674259,0.0269261562923
8925,0.00978656524839,0.00144150997442,0.0271393622888
8926,0.00633632682379,0.00551953585777,0.0336034370492
8927,0.00384042222092,0.00818408770117,0.0434178303405
8928,0.00316281831159,0.00617800357924,0.0307092534266
8929,0.00657350247572,-0.00403866717448,0.0105461982001
8930,0.00815970047331,0.0020163943436,0.0307020058924
8931,0.00663255116238,0.00680577670708,0.0376568571907
8932,0.00637426032627,0.00909465349637,0.0441910637378
8933,0.0105843281304,-0.00442543677147,0.00242464217412
8934,0.00871532960872,0.0024426405283,0.0199543428044
8935,0.0135937540062,-0.00226539695499,0.0094167394419
8936,0.000690021773178,0.010555348738,0.0434384246929
8937,0.0037611347962,0.00500467055259,0.0329506068066
8938,0.0134631999673,-0.00400130611637,0.0179639765685
8939,0.0100738187202,0.00374397839983,0.0269612128183
8940,0.0148656390219,0.000766320790186,0.0256715276324
8941,0.012439675704,0.00482052556517,0.0301835635471
8942,0.00270040635121,0.00955351787927,0.0543364577787
8943,0.00236285293915,0.00463212279822,0.0283313819653
8944,0.00335671393623,0.00650092271712,0.0361458509176
8945,0.00823892669707,0.00461169978259,0.0304903825972
8946,0.0135404187543,-0.00409452483554,0.0173538465255
8947,0.00468892170238,0.00641200245242,0.0257838516608
8948,0.00529477132093,-5.72928155652e-05,0.0147074467769
8949,0.0131659588961,-0.00212846865503,0.0185727969692
8950,0.00432322274983,0.00693742088371,0.0243950335816
8951,0.00642965377031,-0.000153639910973,0.00547481201649
8952,0.00647352575547,0.00125019949161,0.0153028370949
8953,0.00327546916378,0.00361152006485,0.0165749302992
8954,0.00872908338232,0.00835898293507,0.0424208644496
8955,0.00818373438446,-0.000952177350343,0.00997559164451
8956,0.00224528141317,0.00574322162328,0.0282682690832
8957,0.00553868144852,0.00604076942783,0.0240512408695
8958,-5.15486251762e-05,0.00581865075687,0.0280818377819
8959,0.00380793220436,0.00148792347896,0.0349156943249
8960,0.00235990161959,0.00317619085481,0.0262817868133
8961,0.00868755353064,-0.00130185178208,0.0258135069717
8962,0.0103422132427,0.00304993728491,0.0319294190556
8963,0.00513880207786,0.00668917317356,0.0225691095348
8964,-0.00754461461364,0.0103250489536,0.0403219695184
8965,-0.00385458805454,0.0116393228142,0.0358093791137
8966,0.00442808973448,0.00989498592449,0.0269454856048
8967,0.00981413890087,-0.00172423848975,0.0325018918458
8968,-0.000684889768743,0.00441376528162,0.0399968325268
8969,0.00477737993432,0.00399273195665,0.0275415139236
8970,-0.00467838142029,0.0132274633616,0.0488725089154
8971,0.00997458162449,-0.000720305079747,0.028792472676
8972,0.00702533415258,0.0025865981925,0.0323156177877
8973,0.0089113614366,-0.000351114946544,0.0202588599187
8974,0.0141856253323,-0.00182983696561,0.0142242521327
8975,0.00764109620738,0.00250274586438,0.0328280248789
8976,0.00789605041167,-3.62939436854e-05,0.0293582487113
8977,0.00389644462988,0.00739122042774,0.0379153687631
8978,-0.000906912342139,0.011574186584,0.0460395139521
8979,0.00391076348538,0.0083544174995,0.0361952219178
8980,0.0045752714233,0.00653875903475,0.0175586068903
8981,0.00334238146478,0.00906937082222,0.0367202894858
8982,0.00462778146753,0.00036734591371,0.0204449254897
8983,0.00419634162675,0.00404508450195,0.0275041414424
8984,0.00882590873978,-0.000210985905594,0.0234276124457
8985,-0.00471088308491,0.0100566322669,0.0287459082515
8986,0.012784047543,-0.00151072779508,0.0248431547646
8987,0.00130751660192,0.00756316373078,0.0418835323274
8988,-0.00190287620469,0.00863714887972,0.0392931430299
8989,0.00991283423236,-0.00432474100937,0.0124226581868
8990,0.00210779667464,0.00605523994633,0.0288773027063
8991,0.00275998993138,0.00786100603537,0.0367476911595
8992,0.00640113764707,0.00654001861579,0.0318045980967
8993,0.0121599702662,0.00311959013979,0.0224501890194
8994,0.0189690202766,0.00199707268926,0.0312974005328
8995,0.00530562134217,0.0035245015802,0.0384989520813
8996,0.00341527170732,0.00415359139164,0.0237049538546
8997,0.007877066211,0.00543722150456,0.0294602187856
8998,0.00336213249851,0.010256348545,0.0446502037851
8999,0.0124957633042,-0.00331415742172,0.0190199424335
9000,0.00422774690973,0.00432461494295,0.0344152009132
9001,0.0106105924653,0.00084659102277,0.0282833785829
9002,-0.00176778920452,0.0100253079739,0.0361479423967
9003,0.00955607635915,0.00411939629458,0.0335159807552
9004,0.00282271557465,0.0094350839885,0.037262377851
9005,0.00108842730572,0.00346190426588,0.0200137618043
9006,0.00573446940748,0.00476508695965,0.0221889591159
9007,0.0121780515216,-0.00182302014602,0.0190322473618
9008,-0.00332855954217,0.0116266461783,0.0387301332781
9009,0.00067948494056,0.0029812642498,0.0253879424478
9010,0.0122554313165,-0.00369291467222,0.0112063829545
9011,0.00468996927517,0.00716517898736,0.0401187629204
9012,0.00925221999308,0.00332659366368,0.0239777615933
9013,0.00142767241693,0.00684741554335,0.0358449569208
9014,0.00697717931083,-0.00266544900498,0.0260594213513
9015,0.00911536629428,0.00260830625144,0.0347548804024
9016,0.011830599838,0.000719115667585,0.0160955506411
9017,-0.000719710522574,0.00500684897786,0.0214949052063
9018,-0.000648587615668,0.00857646372709,0.0413715483304
9019,0.00836748625032,0.00311959375742,0.031308616568
9020,0.00282619189264,0.0100854938495,0.0412469844696
9021,0.0085595432449,0.00255926737341,0.0196581664701
9022,0.00426180178447,0.00643407230432,0.0274453452194
9023,0.00321174849201,0.00524332753668,0.0335466461751
9024,0.006056919712,0.00654084723484,0.0413978015951
9025,-0.00223779069869,0.0153328625803,0.0500925953438
9026,0.00356164336441,-0.000171114022567,0.0101375525874
9027,0.00885658793333,-0.000594227581568,0.0198760158529
9028,0.00189875037416,0.00783821744616,0.0366346613099
9029,0.0029278207062,0.00555587266442,0.0299185016144
9030,0.0117827704837,-0.00071998352436,0.0337856276084
9031,-0.000775850406223,0.00358262314698,0.0227512166494
9032,-0.00699337230018,0.0130867526924,0.0453246681331
9033,-0.00205843508572,0.00744803389978,0.032874915477
9034,0.00844899088447,-0.00375954333057,0.0138795499347
9035,-0.00181710867684,0.00731774893433,0.0435860494013
9036,0.00625061257413,0.00325504985107,0.0301108067852
9037,0.00263568662923,0.0110060473782,0.0381072406177
9038,0.00816850082633,0.0058340219344,0.0312618193803
9039,0.00996493568209,0.00398309206229,0.0335657082916
9040,0.00274487756963,0.00206449745725,0.0276655893511
9041,0.00328802172999,0.0124481832155,0.0446558448191
9042,0.00229147749978,0.00595854074751,0.0326556515741
9043,-0.0045242967718,0.0118690471002,0.0527294277364
9044,-0.00208673374644,0.00334350476729,0.0149969277959
9045,0.00947024434265,0.00304695862417,0.0320432114973
9046,0.00288558501378,0.00170071631626,0.0230210140988
9047,0.00617292213004,-0.000829478384204,0.0179483104611
9048,-0.00317023315657,0.00829934940462,0.0383607083728
9049,0.0116990198164,-0.00139858743767,0.021351302445
9050,0.00517732863407,0.00612501713356,0.0334270558477
9051,0.00568546258743,-0.00483139944395,0.0163689886083
9052,0.00626726229219,0.00770652828381,0.0426490997457
9053,0.00325567954172,0.0104526941035,0.0540274218682
9054,0.00929804093954,0.00723588776956,0.0377662732953
9055,0.0106871880131,-1.50264490984e-05,0.0269539037274
9056,0.00271021931503,0.00873975489849,0.0392435749425
9057,0.00736035874148,-0.00388934778931,0.00909902622499
9058,0.018797986698,-0.00094912144695,0.0231071313741
9059,0.0143489403868,-0.00237275706344,0.0200886328573
9060,0.00655710163176,0.00577200799781,0.043819843686
9061,0.000493891907694,0.00655157221512,0.0491590327212
9062,0.00861543296028,-0.0005094824759,0.0116801336945
9063,0.00989945093578,-0.00131757714695,0.0178061666324
9064,0.00314232706577,0.00167520924714,0.0269651977589
9065,0.0131031015481,-0.00725594220003,0.0163496852126
9066,0.00881356128062,0.00263109023779,0.0303382885318
9067,0.00445212973681,0.00863873459207,0.0440741961813
9068,0.0133499702479,-0.00253808886603,0.0195664053281
9069,0.0137867099717,-0.00281938404695,0.0181174128837
9070,0.0123239999112,0.00168219870482,0.0231851858606
9071,0.00771210521301,0.00289965929206,0.0173534881617
9072,0.00554404590505,0.00253725538608,0.0319766178763
9073,0.00351692888585,0.0110909623402,0.0403784474827
9074,0.00171192255202,0.010925390911,0.0456313045411
9075,0.00511546030025,0.0120619351748,0.0408025853907
9076,0.0127107697962,-0.00525642503964,0.0113349379235
9077,0.00171059263793,0.000785359222844,0.0319509269607
9078,0.00384144868779,0.00637382751385,0.0241289464755
9079,-0.00463391332607,0.00866939617722,0.0344697410897
9080,0.00933287505866,0.000399404747752,0.0203935261321
9081,0.00864449850312,0.000958008164989,0.0263999530954
9082,-0.00149101986686,0.00800154381573,0.0316164362049
9083,0.00624260007727,0.00516570632843,0.033803433452
9084,0.00259446354699,0.00667709270079,0.0280035885176
9085,0.0140871126074,-0.00689874379063,0.00587805648475
9086,0.00639233127688,0.00378722696643,0.0383560359399
9087,0.000944681936558,0.00813998024814,0.0343014522439
9088,-0.000709368749392,0.00456340796004,0.0289744829171
9089,0.00983208663258,0.00903506924437,0.0450554468947
9090,-0.0015853855205,0.0102143159716,0.0492099495052
9091,-0.00486129693894,0.014203879023,0.0428222446878
9092,0.00293778611526,0.00108732907587,0.0328079629872
9093,-0.00123138004256,0.0111846595622,0.031571404749
9094,0.00163853496568,0.00718955790505,0.026757182699
9095,-0.0089205853489,0.0132340827135,0.0408508873725
9096,0.0101131491968,-0.00270091127921,0.0112250759383
9097,0.00223789854865,0.00316421378829,0.0215113168969
9098,0.00854215388189,0.000699499696253,0.0205868461784
9099,-7.60668067019e-05,0.0133340411539,0.0345519690678
9100,0.00990270145784,0.00204917981886,0.0158348548768
9101,-0.00174933073664,0.0114224840321,0.0402127095227
9102,0.00761988579482,0.00096040000913,0.0256856789416
9103,0.0106216983254,-0.004634093501,-0.00167603323681
9104,0.0123428730445,-0.00817887647515,0.00103768234115
9105,0.00900150007794,0.00580818995781,0.0395112530026
9106,0.0102804248025,-0.000372233059863,0.0241829285604
9107,0.00299892154062,0.00242835962841,0.0351507376149
9108,0.00787899270851,0.00417806747431,0.0359667433004
9109,0.0058262934952,0.00683123559325,0.040847342399
9110,-0.000942135598272,0.00423201685175,0.0233358149104
9111,0.00201873443784,0.00756502328025,0.0326435437354
9112,0.00611726538212,0.00388943972149,0.0243921448202
9113,-0.00116726235414,0.00815356537823,0.0362396701424
9114,0.0100146030531,0.00287458082689,0.028832390636
9115,0.00631781721601,0.00511057959192,0.0289625359307
9116,0.00696921573882,-0.00028033377074,0.0221737860862
9117,-0.00284304246255,0.00221606489501,0.0273163238684
9118,0.0016653701466,0.00648062324372,0.0342667003688
9119,-0.00740276894747,0.0125431205173,0.0449808536164
9120,0.00510546847429,0.00509491898028,0.0366046722519
9121,0.00701587962109,0.00380209372454,0.0307834533285
9122,-0.00145256843251,0.00918965627803,0.036443683685
9123,0.00681342378845,0.00489152763191,0.0225078791375
9124,0.00266770222317,0.00850667946305,0.0387108294478
9125,0.0018804215813,0.000600539032537,0.0140314158446
9126,-0.00187007893636,0.0100865698886,0.0330179298177
9127,0.0120062138891,0.00385996938165,0.03126351637
9128,0.0210084730909,-0.00163856907091,0.0150503040029
9129,0.0031283879438,0.00594358396716,0.0297099292826
9130,0.00536349467108,0.00503063406894,0.0296149954126
9131,-0.00852540472645,0.0155513629625,0.0502436025546
9132,0.00559637939446,0.00247104871266,0.0175709373335
9133,0.0135415711476,-0.0026201679041,0.0188162167522
9134,0.00349773170515,0.00426675209286,0.0189977515648
9135,0.00757902027904,0.00308106402862,0.027636007697
9136,-0.00661253561541,0.0155524880624,0.0430881679842
9137,-0.00172960320017,0.0078682784354,0.0308554415837
9138,0.0143725440348,0.00137378803034,0.0245293248683
9139,0.0028234578914,0.00974619373434,0.0397206697995
9140,0.00295939544742,0.0099966761869,0.0478305401052
9141,0.00958751926136,0.00364661906894,0.0344833552443
9142,0.00524059302711,0.00022346389977,0.0121020959608
9143,0.000877681507473,0.0098524136238,0.0383037353974
9144,-0.00037864330369,0.00567044391427,0.031225228924
9145,0.0116199430371,-0.00381593195698,0.0100029746332
9146,0.000573853144179,0.00530795464252,0.0316704914634
9147,0.00634197508289,0.00401143716481,0.0296470816184
9148,0.00331930077126,0.00869049829489,0.0343833179945
9149,0.00569981396541,0.00454021610491,0.0399945549869
9150,0.0122808478977,-0.00235552801548,0.0183910043192
9151,-0.000639309247871,0.0109253329491,0.0483488282007
9152,-3.8687982055e-05,0.0131998030872,0.0462210909423
9153,0.00300899186342,0.00417137366277,0.0250760859501
9154,0.00675632208432,0.00270789312631,0.0130684740773
9155,0.00582488547328,0.00519020421196,0.0335558020509
9156,0.00795064570993,0.00273743816214,0.0283414712305
9157,0.00708969853613,0.00456728007302,0.0206110870905
9158,0.00246011284764,0.00809034611498,0.0357017217059
9159,-0.00273756340592,0.00758963313175,0.0339951262707
9160,0.0243389242124,-0.00787139885301,0.0114441402147
9161,0.00649891792941,0.00111344441524,0.0197479474613
9162,0.00205362940218,0.00828241161391,0.0373691556414
9163,0.00159534236741,0.00377718399403,0.0224497152245
9164,0.00524566769786,0.00788306414281,0.035268707024
9165,0.00712234677338,0.00397486628659,0.0233296542485
9166,0.00863746263658,0.000547459678501,0.0198441148029
9167,-0.00659309929764,0.0106974996056,0.0342010443616
9168,0.00643176702062,0.00420858114544,0.0386609149132
9169,0.00916721158322,0.000523003670572,0.0310108168524
9170,-0.00368641464794,0.010182745068,0.0423803366158
9171,0.00273788562969,0.00537187786107,0.0344107583053
9172,0.0185459186772,0.00260487831666,0.0282289897545
9173,0.00872914238749,0.00454343590016,0.0260865068225
9174,0.00281725687235,0.00285637366263,0.0244000624838
9175,0.0121828282903,0.00155487146433,0.0322709750588
9176,0.000935214754949,0.00226635295302,0.0273742014573
9177,0.00895387070579,-0.00223039186525,0.0206457131117
9178,0.0125852969413,0.003009178666,0.0208083641773
9179,0.0051525422055,0.0060004103394,0.028474091277
9180,0.00655536149514,0.00229399932603,0.0196879304366
9181,0.00127864843837,0.00365492290875,0.0224222077594
9182,-0.0031668434215,0.00293426684523,0.0254042993532
9183,0.0146292655186,-0.00573615988485,0.010241067035
9184,0.00974002031524,0.00130619841298,0.0207461675013
9185,0.00210225024975,-0.00229507976635,0.0109535410024
9186,0.00531475396242,0.0108234210817,0.0377766145873
9187,0.00117784276779,0.00475925832764,0.0398386396951
9188,0.00827929105356,0.0017769001431,0.0203835401023
9189,0.00494056783314,0.000627837486476,0.0255256605002
9190,0.00472078449227,0.00519477493137,0.0369975719304
9191,-0.000655275755046,0.00443043160516,0.0338147768854
9192,0.00864226612443,-0.00250554917581,0.0172713134996
9193,-0.00166174452092,0.00523205702008,0.0290715555353
9194,0.0140614958765,0.00145246098015,0.0269420667463
9195,0.016034405415,0.000611981173938,0.022587423234
9196,0.016106548153,-0.000143581377728,0.0189608229165
9197,0.00746563853157,0.000672964521144,0.029443085043
9198,0.00145166909405,0.00571684360814,0.0199991638948
9199,-0.00117402903059,0.0153537678089,0.0525089663177
9200,-0.00320068729999,0.0114127897082,0.043286478222
9201,-0.00263872357393,0.00506562178176,0.0269006344107
9202,0.00606293904613,0.00675272588979,0.027721063543
9203,0.00924434501574,0.00447509966057,0.0231188919726
9204,0.00145174407796,0.00418078785125,0.0392982166395
9205,0.00415022306562,0.00914407211098,0.0395648304977
9206,0.0127570226989,-0.00084650092721,0.0254512419184
9207,0.00430392017297,0.0083604460353,0.0365355195981
9208,0.00825282971113,-1.53037798877e-05,0.0276642204706
9209,0.00219771256326,0.00391284755483,0.0164934151565
9210,0.00468314957516,-0.00427468843103,0.0101745069378
9211,0.00156856846048,0.0121750762644,0.0357033384273
9212,-0.00170576722551,0.0103116002315,0.0501414379683
9213,0.0135886499637,-0.00922407613474,0.00659066564202
9214,0.00366929587005,0.00509657338221,0.0274020202784
9215,0.00816403086165,0.00398521714705,0.0289051961515
9216,-0.000335235007146,0.00414073593859,0.0314917992466
9217,0.00727264422528,0.00552128386877,0.0363672705923
9218,0.0238082653239,-0.00450345831305,0.0163067542312
9219,0.00179299972326,0.00771990816523,0.0454476211883
9220,0.00435008608949,0.00301359162041,0.0216642774043
9221,0.00408066307761,0.0010759105975,0.0234493836187
9222,0.00609453309022,-0.00490886680618,0.00788673807233
9223,-0.000901935897047,0.00611287429748,0.0286598327625
9224,0.00683567558169,-0.0036527123529,0.0118521101275
9225,0.00505803294964,-0.000582330247916,0.0131317806067
9226,0.00671390443247,0.00018113436272,0.0224070258988
9227,0.00738691586834,0.0059606429761,0.0385467469324
9228,0.00774523147309,0.00399847211359,0.0360407306604
9229,0.00870916186118,0.00451237449351,0.0279424850191
9230,0.00691306003602,0.00783686651232,0.041603730372
9231,-0.00033894177708,0.0106814079881,0.0493037584422
9232,0.0116173316548,-0.00114811673552,0.0183031065228
9233,0.00986999207279,0.00384172706124,0.0340323767166
9234,0.00762859723317,-0.00241070536667,0.0140516502306
9235,0.00708401317334,0.00595465847165,0.0279460662681
9236,0.0122054616805,0.00323939727358,0.027413021933
9237,0.00966722193959,0.00398560459229,0.0287167064373
9238,0.0165316415,-0.00735555500272,0.016650411197
9239,0.00778397933636,0.00462518079327,0.0222712325223
9240,0.00909484623561,-0.00208066401101,0.0167933068541
9241,0.0104949469785,-0.00686286389472,0.00966575756157
9242,0.0106138503727,0.00205657675933,0.030994345944
9243,-0.000259900724551,0.0101211294228,0.0306613951479
9244,0.00109113005991,0.0107762071626,0.039858649502
9245,0.0075542150509,0.00278952826093,0.027702161298
9246,0.00417566675343,0.00896727462624,0.0390764867876
9247,0.0104884593073,0.00131494900467,0.0300412175918
9248,-0.00593440356036,0.00897259727659,0.0385400886105
9249,0.00580618413884,0.00169582768455,0.0353198256844
9250,0.00970199857842,0.0040247256254,0.0346235829358
9251,0.00236648658885,0.00270788422706,0.0247044933255
9252,0.00614111321023,0.0105115741434,0.0470377359584
9253,0.00347997669717,0.00788418534435,0.0448736308521
9254,-0.00241409815861,0.00870212781103,0.0319229222767
9255,0.00263652387205,0.00985445902199,0.0376070860299
9256,0.00758583838845,0.0102264845481,0.0482323696271
9257,0.00420711067615,0.000488523909419,0.0235874340076
9258,0.00964241103161,0.00333035942084,0.03718790782
9259,0.00645894076657,-7.53481634775e-05,0.0181857310345
9260,0.00146069515031,0.0102334916199,0.052283786837
9261,0.002192550132,0.0056457361668,0.0301238845951
9262,0.00432258262959,0.00538261408344,0.0318140000508
9263,0.00516222977338,0.00571668366098,0.0354943692467
9264,0.0113437154826,0.000780205859059,0.0197961057508
9265,0.011067457909,0.00404187906347,0.0270344746685
9266,0.00366630964139,0.00286794458117,0.0356628220817
9267,0.014896973013,-0.00104365374386,0.0207061757093
9268,0.00214960878954,0.00687200531814,0.0389361257154
9269,0.00897442231078,-0.000342800666737,0.0102543942036
9270,0.00275237907478,0.00426491275261,0.0303941882904
9271,-0.00041535418857,0.00250466927696,0.0174836457854
9272,0.00802814114655,0.00296221149272,0.0404269872123
9273,0.00790656663897,0.00507428638677,0.0356267125608
9274,-0.000283515666632,0.00675711713009,0.0286937837507
9275,0.00463014599741,0.00538286690764,0.0368610287396
9276,-0.00404703197066,0.0161316993319,0.0619868472087
9277,0.00899091015476,-0.00591524635084,0.00969328588497
9278,0.00238725344602,0.00515586095428,0.044603089766
9279,0.010261533921,0.00359034922976,0.0206348741995
9280,0.000153982442322,0.00786585208214,0.0378581557432
9281,0.00153040319999,0.00676500579234,0.0442252923934
9282,0.00970520999661,0.00313783890531,0.0242695246277
9283,0.00327697237775,0.00316313202377,0.0224564915214
9284,0.00666193373503,0.00519840612206,0.0277746332728
9285,0.0091880953507,-0.00248029603395,0.00735209619925
9286,0.0094706100745,0.00908149906481,0.0427255296058
9287,0.00106855539228,0.0103674410904,0.0327938993299
9288,0.00261780255766,0.00953306649635,0.044306088906
9289,0.00890285682106,0.00341197353336,0.0182497821644
9290,0.00517517511451,0.00177354461527,0.0282152896339
9291,0.0130071787542,-0.000337808659595,0.0200444328175
9292,-0.00403687802051,0.00940531112364,0.0391237390996
9293,0.00849301911831,0.00303574719856,0.0359042145489
9294,-0.000881415492044,0.0102145569272,0.028773192256
9295,0.00340463401508,0.00983824697009,0.0354123981109
9296,0.00822956711321,-0.00568884065928,0.012746508992
9297,0.00587690809096,0.00918657020134,0.0326211772128
9298,0.0188605688847,0.00414221857165,0.0290325667411
9299,0.00189010001777,0.00736016297212,0.032472376495
9300,0.00742925011342,0.006630212316,0.0392289430866
9301,-0.00159752196861,0.0176097775573,0.051463608897
9302,-0.00158981995114,0.0129465774781,0.0424766970306
9303,0.00288106177843,0.00197869594738,0.0210298267847
9304,0.00737544757513,-0.00243416817906,0.0178151996924
9305,0.00507290308588,0.00401515420988,0.0204512643261
9306,0.0174704272791,-0.000689052196587,0.0172858467576
9307,0.00804111390428,0.00254810105288,0.0319784044303
9308,0.00769814345264,0.00705941128468,0.0292041820845
9309,0.00198839012375,0.00239678369171,0.0254880989372
9310,0.00816381340779,0.00305737050234,0.0325297873
9311,0.00880470127348,-0.00219431798604,0.0112007891926
9312,0.0058804445389,0.00594106096487,0.0353989402547
9313,-0.000535471565283,0.0138691044482,0.0426014096883
9314,0.0091303586797,0.00392833772631,0.0257282034591
9315,-0.00840191665522,0.0128082243133,0.0343781287994
9316,5.22766173248e-05,0.00867718518093,0.0426755913196
9317,0.00174314334164,0.00862524087298,0.0405862926556
9318,0.0124070181023,-0.00202105334599,0.0216426537114
9319,0.0119528689164,-0.00172720896139,0.0166208055049
9320,0.0118394483262,0.00237502904646,0.0289832122365
9321,0.010073196994,-0.000790535002585,0.0161340677416
9322,0.00664896231034,-0.00314500513486,0.0132289365223
9323,0.00624466735847,0.00594366244025,0.0296957788833
9324,0.00443704284727,0.00347928169463,0.029689509254
9325,0.00977940324421,0.00445693095324,0.0346511576031
9326,0.000568114242508,0.00696498168786,0.0339935048895
9327,-0.00292133549015,0.00777827990218,0.0306054428588
9328,-0.00282814696249,0.0179170926425,0.0528436588732
9329,-0.000198008826829,0.0068298031879,0.029111685959
9330,0.0153802421408,-0.00246284448192,0.0115837767109
9331,0.00881809984288,-2.88908977345e-05,0.0189371376547
9332,0.00426041454163,1.75815851725e-05,0.0128395334255
9333,0.00881723744935,-0.00206161575305,0.0163229868964
9334,0.00835617984935,0.00130594819037,0.0272647826132
9335,0.00784972212009,0.00785264132468,0.0348241543663
9336,0.0047842214744,0.00565363602301,0.0247167036115
9337,0.00140035321202,0.00512792677732,0.0282189429272
9338,0.00537120030316,-0.0011321774907,0.0252360637298
9339,0.0127288358929,0.00306071246309,0.0287014686467
9340,0.00896641649955,0.000829495906612,0.0234642331774
9341,0.0144099969061,-0.00167799145984,0.0185483198399
9342,0.00439318954273,0.00118251473599,0.0274648456206
9343,0.00381586561934,0.00290821408962,0.0254357783837
9344,0.0096497038068,0.0104316135193,0.0413798734405
9345,0.00781529908949,0.0017863251958,0.0368181373545
9346,0.00208185330424,0.00845640555219,0.0493118676431
9347,0.012978576883,-0.00575103981004,0.00772387101914
9348,0.00913689535395,0.00440377512727,0.0349018018849
9349,0.00134312164032,0.00373455665445,0.0341020728795
9350,0.00300345478111,0.00916265782763,0.0334857153988
9351,0.00820035672545,-0.000324135161533,0.00933167263527
9352,0.0039378872341,0.0039082322543,0.0340504513139
9353,0.00280530692627,0.00205520128205,0.0232583714048
9354,0.00999953389449,0.00134409042381,0.0208938670187
9355,0.00375346890934,0.000593988599546,0.0175858840751
9356,-0.00764884405966,0.0123055812971,0.038724935415
9357,0.00427161969708,0.00544204127182,0.031830889181
9358,0.00825074978747,-0.00297784916421,0.0157071652824
9359,0.00474677815162,0.0095884759489,0.0414637230513
9360,0.00657236778307,0.00880690979457,0.0432602984354
9361,0.0107212382273,0.00642091780179,0.0381222155663
9362,0.00675546299955,0.00427156450695,0.0311636848733
9363,0.00726873713854,0.00773059106768,0.0362120725619
9364,0.00748262478045,0.00142874158492,0.0169421535856
9365,0.00117085537828,0.00879432120526,0.0343626195213
9366,-0.00305543749245,0.011935301856,0.0499418911734
9367,0.00760395607929,0.00113449448078,0.023232319595
9368,-0.000348807928864,0.00398232784269,0.0166984303172
9369,0.0125960310721,0.00307025056167,0.0211986418112
9370,0.00510142891128,0.00432125725739,0.0322383751506
9371,0.00813693881019,0.00159429390949,0.0184031361072
9372,0.00571836241166,0.00818873918515,0.0358901879338
9373,0.00895736133616,-0.00414026214053,0.0190741422013
9374,0.00486381051861,0.00559742108638,0.0298289977379
9375,0.0133786821956,-0.00568436429007,0.00430721987021
9376,0.00106104231346,0.00429058445993,0.0250403438875
9377,0.00699670701389,-0.00147168176707,0.0167421533515
9378,0.0114812708247,0.000425003559749,0.0252280309755
9379,0.00806619786199,0.00345478744906,0.0323140794833
9380,0.00443888362946,0.000717471376766,0.0244661991703
9381,0.00443030894497,0.000582378616492,0.0224447991481
9382,0.00624475866804,-0.00545862848748,0.00992789906361
9383,0.00160976584707,0.00778170098191,0.0353424426174
9384,-0.00377047722056,0.0131448323007,0.044926469555
9385,-0.000322929053843,0.00521486863676,0.0276703695491
9386,0.0106253444516,0.0056942116837,0.0406622964438
9387,0.00600662024397,0.00341580072401,0.0302434115936
9388,0.00112493257988,0.00654907494147,0.0330325335183
9389,0.00637669650698,0.0095959797637,0.0341290899011
9390,0.0115856297888,0.00206545670296,0.0308818719092
9391,0.00241819305322,0.00409207679336,0.0287324859314
9392,0.00653264485337,0.0028190324405,0.0250337542552
9393,0.00829408158466,-0.000613882593225,0.0192024245693
9394,0.00742906736983,0.00493395108923,0.0293510391594
9395,0.000208417428522,0.00593423544607,0.0376458403884
9396,0.0071311949472,-0.00396178332601,0.0155450420782
9397,0.0125649204432,-0.000213597585283,0.0108695451812
9398,0.0145009319917,0.00320340358218,0.035653247921
9399,-0.0027370177535,0.0154740371577,0.0596701175716
9400,0.00423778423202,0.00864947912945,0.0319814607442
9401,0.00305643610103,0.0100723294743,0.0440202695797
9402,0.00560791656633,0.00422039944079,0.0339946394719
9403,0.00272372751457,0.00494514836746,0.0332160970055
9404,0.0108267210107,0.0018646356166,0.0345420470841
9405,0.000536265227458,0.00716766861009,0.038371154896
9406,0.0072498325061,-0.00225018244039,0.0185528240918
9407,0.00751244584242,0.00289767975768,0.0246987814586
9408,-0.000998112923646,0.00983491325636,0.0384187201484
9409,0.00207583132598,0.00907871758766,0.0467137001029
9410,0.00238230308313,0.00454524885586,0.0274497637185
9411,0.00469913967679,0.00714915394768,0.0369119962677
9412,-7.8453752843e-05,0.00538671735165,0.0311974621801
9413,0.00641654649965,0.00117531909241,0.0306585835506
9414,0.00431999195957,0.00322006882139,0.0254652887188
9415,0.00563770643252,0.00554724934941,0.0346680998826
9416,0.0102826870291,0.000574169840419,0.0261625246364
9417,0.007401145491,0.001994168559,0.031491694823
9418,-0.00558416893425,0.0132834790144,0.0386825326995
9419,0.00486083190237,0.00577810445295,0.0327636475456
9420,0.0158195612126,0.000171160478544,0.019185586051
9421,0.007116995146,0.00492774133205,0.0347444316928
9422,0.00916625836861,0.00738236739597,0.0372422277743
9423,-0.00301616344095,0.00953040339035,0.0480402620466
9424,0.00727376917412,0.00360952180896,0.0332270220239
9425,0.00668900646644,0.00418354909099,0.0359690233727
9426,0.00484144511044,0.0065438638568,0.0279809971697
9427,0.00942100712235,0.00443907639623,0.0271030235613
9428,0.00324681573903,0.00262899539719,0.022998243016
9429,0.00225827720172,0.0098091436757,0.0333998672808
9430,0.00514686175037,-0.00471644169762,0.00756692560662
9431,0.0159204317179,-0.00347012278692,0.0070211203457
9432,0.0094378628938,-0.0041678335444,0.0142839799301
9433,0.0089877736695,0.00166623421775,0.0320686319278
9434,0.00864474426866,9.45137850371e-05,0.0250398276713
9435,0.0109440540998,-0.00046643442623,0.0211533631511
9436,0.00584337108841,0.00673352109598,0.0307232966762
9437,0.000731885843521,0.00108875631424,0.0117549179747
9438,0.00484621488208,0.00944682912977,0.0449092097419
9439,0.00815698161472,-0.000326356706162,0.027360700265
9440,0.00245742754191,0.00599723382403,0.0375712218607
9441,0.00844862296173,0.00213152640276,0.0145078791664
9442,0.0137208297348,-0.00248930550131,0.0272156029756
9443,0.010836777025,0.00292500901855,0.0279835466678
9444,-0.000832921841207,0.00863703395553,0.0375775212995
9445,0.00108467206428,0.00297441845693,0.0178857332473
9446,0.00633640302739,-0.0074100856918,0.00377016719383
9447,0.00275918238079,0.00983130267845,0.0465656276966
9448,-0.00113535921234,0.00696525007923,0.0364209535011
9449,-8.10162304288e-06,0.0092646107813,0.0289906026181
9450,0.018172839577,-0.00203687461314,0.0174358157588
9451,0.0074130864381,0.010273548799,0.0544083113312
9452,0.0062811446805,0.00133468412408,0.0337547763865
9453,3.47007645608e-05,0.00770540509756,0.0388583826313
9454,0.00562664601474,0.00215378306386,0.0305497632603
9455,-0.00216100220298,0.00447273478968,0.0286536007531
9456,0.00613359136241,0.00576019798213,0.0353507606798
9457,-0.00172731608623,0.00110403043615,0.0170721228879
9458,0.000887320072528,0.0119175480561,0.0348291913094
9459,0.00279877747469,0.0127418587623,0.0378882023915
9460,-0.00585452712714,0.0169021513426,0.0523332710593
9461,0.00333451896434,0.00979767356804,0.0370234323725
9462,0.00382942012219,0.0064523043676,0.0393969668296
9463,-0.00130931364473,0.00891338399668,0.0350168651615
9464,0.00783510400628,0.00524421157159,0.0401681165778
9465,0.00405447989328,0.00615897031144,0.0218761192366
9466,0.00155742989341,0.0081490841285,0.039745905855
9467,0.00620427839411,0.0119809603777,0.0570280479898
9468,0.0127440218664,0.00115106784233,0.0248604756987
9469,0.00151053052836,0.00375272609425,0.0215218899362
9470,0.00352126563312,0.0019529137552,0.0296646232256
9471,0.00376983212939,0.00577595566621,0.0360298821881
9472,0.00924749486165,-0.00101729422176,0.0223813718604
9473,0.0178521939525,-0.00913700662833,0.00751328456598
9474,0.00308761608899,0.00972912015253,0.04351200948
9475,0.00814748023931,0.00328870099198,0.0315622141447
9476,0.00824992920274,-0.000840134693001,0.0237565732552
9477,0.00790237771103,0.0086324827635,0.0385436355362
9478,0.00819849331096,0.00488474791804,0.0360958961114
9479,0.00492601243576,0.00289893010302,0.0261034043817
9480,0.00242098874026,0.00598804392157,0.0362601054339
9481,0.00295992985465,0.0153738165247,0.0573050413271
9482,0.00706884602025,0.00371529239242,0.02718180398
9483,0.0100453096079,0.00769380203807,0.0419144398096
9484,0.0212060353972,-0.00557929651879,0.016809746909
9485,0.018844475534,-0.00408681126035,0.0111698899445
9486,-0.00179557713249,0.00640603946026,0.032497182974
9487,0.0154607076615,-0.00180318548429,0.015276523243
9488,0.00228589107312,0.00309430814081,0.0207026703158
9489,0.00915464996531,0.00143647747414,0.0243574431714
9490,0.00839678426977,0.00074427621751,0.0205346093836
9491,0.0242225180978,-0.00326878082579,0.00472671643006
9492,0.001520843447,0.00490797075278,0.037518671907
9493,0.00271391508988,0.00589322720841,0.0339603818655
9494,-0.00641027394898,0.0113547999985,0.0419276062151
9495,0.00918710167446,0.000281991374296,0.0266369256427
9496,0.00498783735201,0.0115893235578,0.0464876290026
9497,0.00576244350339,-0.00045922481904,0.023594502773
9498,-0.00642782916725,0.00878223025968,0.0343145155749
9499,0.0110521866473,-0.00353740243452,0.0113076428789
9500,0.00615098782066,0.007452791733,0.0390372445438
9501,9.35325219722e-05,0.00962324104778,0.043476756293
9502,0.00659572638001,0.00834987496415,0.0354854323701
9503,0.00594794406927,0.00442313868072,0.021231175359
9504,0.00556387196698,0.00859578939323,0.0394627391915
9505,0.00313631144618,0.00641468435142,0.0346781143488
9506,0.0016330711886,0.00593503566732,0.0290733984933
9507,-0.000234865907438,0.00380314006504,0.0224905652862
9508,0.00329060405897,0.00548399649961,0.0245606861505
9509,-0.00202584030024,0.00373047623974,0.020526463146
9510,0.0107966462351,0.00218691945034,0.0195341498951
9511,0.00726388136671,0.0011473291262,0.0248812561735
9512,0.0102102421582,0.00315542034794,0.0284244245335
9513,0.000659381730035,0.00648225586568,0.0339762000873
9514,0.0128267076252,-0.00247020941792,0.0159013188712
9515,0.00685987681227,-0.0036649742531,0.0189977757966
9516,0.000141155749126,0.00878623552461,0.0368133769999
9517,0.000350727150314,0.00588529489991,0.0248668664193
9518,0.0103288442276,-0.000728291465375,0.0261048620389
9519,0.00524452339761,-0.000465814945543,0.0161550647039
9520,0.0140987168598,-0.0041657742306,0.00699745290007
9521,0.00966433211641,0.00381767295781,0.026620323471
9522,0.00212416544361,0.00532978086137,0.0317088054707
9523,0.00193666010379,0.0140009249336,0.0565606956751
9524,0.00921045957792,0.00289545740587,0.0196312850371
9525,0.00615105709476,0.00557933056209,0.0345024041579
9526,0.00579285503446,0.00327147667471,0.0274226467211
9527,-0.000809437372083,0.00236139058334,0.02700038944
9528,0.00437242966497,0.00726022895306,0.0369424974559
9529,0.000145209570491,0.0096603914771,0.0328120214074
9530,0.00419025918761,0.00433378200489,0.0269215442578
9531,0.00493798717542,0.0045954403168,0.0149376113297
9532,0.0101628502339,-0.00284739811322,0.0224775925203
9533,-0.00096493499735,0.00904016429288,0.0384227262103
9534,0.00904443560947,0.00196033374126,0.0207127726946
9535,0.0044440864484,0.00479133255945,0.0219080038787
9536,-0.0051632878316,0.0147465655788,0.0495517475438
9537,0.0121125571051,-0.000239224114092,0.0203844071972
9538,0.000839741666963,0.00936850009539,0.039888833102
9539,0.00978388179342,0.00108790197576,0.031245936176
9540,0.0164844245048,-0.00424292468777,0.0204113137642
9541,0.00326238175884,-0.0012624205882,0.0172392657583
9542,0.0133574108406,0.00188375687457,0.0164401356551
9543,0.00532490005236,-0.0019082648437,0.0162202274792
9544,0.00772621389454,0.000579995507688,0.0243415885687
9545,0.00597429661813,0.00868794152397,0.0366847594954
9546,0.0103183284053,0.0025020715742,0.0283813011122
9547,0.00681172827592,0.00491019611735,0.0269791936684
9548,0.00107278974145,0.00612548539894,0.0306179861053
9549,0.0116981476111,-0.000405070204515,0.0245818637229
9550,0.000684108338115,-0.00263179966387,0.00938771076465
9551,0.00926999539636,0.00431280780114,0.0333203196529
9552,0.00389520544953,0.00535527048008,0.0364031626353
9553,-0.0024458306429,0.00883141251257,0.036109776898
9554,0.00168923056248,0.00236882417271,0.0207585486685
9555,0.00290779846778,0.00807506835822,0.0337311634565
9556,0.00737872454696,0.00220823997739,0.0175611966919
9557,0.00876717317262,0.00881379072779,0.0250831277883
9558,0.00556325061209,-0.00230438521622,0.0143511905567
9559,-0.00157569452337,0.00806150137136,0.0413540802462
9560,0.00413208376918,0.00148052685653,0.023865168952
9561,0.00255118988214,0.0022505854106,0.0185654179488
9562,0.0072570295298,0.00807285560163,0.0394490840477
9563,0.0135404159425,-0.00282274812354,0.0241394300481
9564,0.00309128320559,0.0105655538464,0.0412373569213
9565,0.00733991129679,0.00603617593578,0.0264090462403
9566,0.0111852077786,-0.00290725412711,0.0163388383711
9567,0.00850444798153,0.000884297181972,0.0203771787091
9568,-0.000659447378656,0.00913561222735,0.043360161736
9569,0.0136795809323,0.0021303383228,0.0268664417677
9570,-2.57213442251e-05,0.0044358081832,0.0334662857481
9571,0.00145156930429,0.00106438873422,0.014558915132
9572,0.00833964617873,0.00501313981403,0.0292109426019
9573,0.00384114647961,0.00324677760621,0.0181952016807
9574,0.00177114139016,0.0110537379392,0.0432086136315
9575,0.00318305036657,0.00851322006546,0.043380997339
9576,0.00542612381487,0.00223689613032,0.0261915344411
9577,0.00937165500496,-0.00438411373711,0.0160013205082
9578,0.0084228940229,0.00293150466375,0.026765144982
9579,0.00972061574647,0.00912144711826,0.0527348445817
9580,0.0101800561776,0.00232631181802,0.0308132365942
9581,0.0103580813174,0.00297772343706,0.0280150431344
9582,0.00983145036853,0.00088296493011,0.0205852409227
9583,0.00199779526522,0.00435261609118,0.0330774535236
9584,-0.00096936427043,0.0105695395659,0.0385290041295
9585,0.00432526785441,0.00575163074319,0.0308109341038
9586,0.0119409415319,-0.00173188803901,0.00923322937022
9587,-0.000534222587511,0.00833956811897,0.033964164623
9588,0.00426807526451,0.00774777251483,0.0406908359211
9589,0.0097003096821,0.00246897556564,0.0173000969878
9590,0.0109061487033,0.00631850332754,0.0446674987765
9591,0.00724268434619,0.0112371106118,0.0527675711549
9592,0.0145814972617,-0.00254432040164,0.0156927655434
9593,-0.00130726569141,0.00780400115078,0.0365762743985
9594,0.0184328327032,0.00166693804831,0.0249055843121
9595,0.00667987091611,0.00998426104553,0.047698465716
9596,0.0104070074506,-0.00686460187967,0.00809486262454
9597,0.00475438892415,0.00738284731426,0.0361732811255
9598,-0.000600604958409,0.00755369362627,0.032142095505
9599,0.012980943045,-0.00157046396725,0.0176978158129
9600,0.00531699533483,0.0061003898885,0.0385854335762
9601,0.0135445813975,-0.00187477545064,0.0124861620391
9602,-0.00202049929273,0.00628035102039,0.0322819286084
9603,0.00867702304755,0.00378990566773,0.0286233275339
9604,0.0162018329341,-0.00620247130819,0.00976343959753
9605,0.0075322776386,0.00073940029571,0.0235142805103
9606,0.00737431050131,-0.00626930213569,0.0135841163754
9607,0.00529599459128,0.00871753813799,0.0493139226321
9608,0.00314912807325,0.0040961716872,0.0209846281351
9609,0.00749936016083,-0.00238094522558,0.0189134053165
9610,0.0106235867922,-0.00921330635802,-0.00247771188567
9611,0.00583814237936,0.0105073218848,0.0483963065799
9612,-0.00105917423109,0.00935753923867,0.0350063611835
9613,0.00855834725488,0.000652481827035,0.0132356336599
9614,0.00459092306506,0.00136434369297,0.0204617942131
9615,0.00953037275343,-0.00400051005797,0.0130327489196
9616,0.00580522335498,0.00926447799907,0.0338497958186
9617,0.000183108119974,0.00341578186028,0.0219870744937
9618,0.002470673184,0.00308783112925,0.0273623466559
9619,0.00947660060658,0.00299787944571,0.0377166573672
9620,0.00337027234058,0.00587786639095,0.0391371938593
9621,0.00806387008495,-0.00428179841016,0.0135306744937
9622,0.0150586548254,-0.0002364072951,0.0183832511266
9623,0.00529650634116,0.0046111681492,0.0278536849399
9624,0.00537508395977,0.00834174512943,0.0570355430581
9625,0.00195018162462,0.00872339549475,0.0330262684158
9626,0.0039945027851,0.00529486410693,0.0290919858197
9627,0.00347574609702,0.00864772235564,0.0382860067018
9628,-0.000258103650052,0.0057558443441,0.033732262124
9629,0.00469319849921,0.0027826440967,0.0286164505819
9630,0.00535255824315,0.00629987993799,0.0356618943198
9631,0.00237100701528,0.00555542906349,0.0463627571044
9632,0.00551643157627,0.00448502160688,0.0300583964622
9633,0.002298778969,0.00526943367541,0.0396915858254
9634,0.0053521182298,0.00370891086229,0.0309743325109
9635,0.00176056950057,0.00924051497042,0.0291343676788
9636,0.0106687360764,0.00161115057099,0.034638408014
9637,0.00330904568309,0.00763563460752,0.0387162982065
9638,0.00900398742358,0.000244985335604,0.0200364013047
9639,0.0105794839336,0.00171239921213,0.0210507963221
9640,0.00731904910708,0.00242752752594,0.0257751642288
9641,0.000148254089626,0.00928372188796,0.0336298080677
9642,-0.00252879476864,0.00819170179592,0.0352381959876
9643,0.0100070742548,-0.00239486842796,0.0148908666939
9644,0.0172711665779,-0.0011185522277,0.0317349342104
9645,-0.000701038651913,0.008776271219,0.0363792921114
9646,-0.00149076241455,0.0127476699724,0.0479542897137
9647,0.00302410492263,0.00830561467827,0.0355392189373
9648,0.00414737747597,0.00451654855551,0.0341011749055
9649,0.0121659482193,0.000620911532058,0.0301649585524
9650,0.00232990340331,0.00336416083117,0.0245775578542
9651,0.00681636834036,0.00365726881356,0.0232930034759
9652,0.00845973838285,0.00728104277439,0.046781854693
9653,0.0051596552462,0.00431912340717,0.0332114545073
9654,0.00329681879081,0.00456765616543,0.0325904832252
9655,0.0065665413974,0.00534026864096,0.0328372868022
9656,0.0059859509816,0.00367864133946,0.0436392221135
9657,0.0027654910432,0.00767360181787,0.032178207641
9658,0.00624443757316,-0.00488382081621,0.0156502846747
9659,0.00524981038733,0.00784049100362,0.0369367715182
9660,0.00765063463482,0.00149924312023,0.0185425332374
9661,0.00180524560932,0.0059627688285,0.0273688695413
9662,0.00871098489145,0.00165941373695,0.0323065260688
9663,0.00955209683082,0.00512497331175,0.0379060162788
9664,0.00509698386297,0.00654684272699,0.0316684230528
9665,0.00948063030971,-0.00071898042382,0.0151394688102
9666,0.00350437292141,0.00270007209096,0.0243963176784
9667,0.0140605204409,-0.00141305365409,0.0156995373541
9668,0.00591804786653,0.00284822461356,0.0290785579785
9669,-0.000782250561579,0.00468267504376,0.0383385916516
9670,-0.00926880896841,0.0107473536639,0.0387589323489
9671,0.0129347184642,0.0017117733372,0.0333322915012
9672,0.00178926381895,0.00631108651686,0.0317620561878
9673,0.00517526383257,0.00594200851559,0.0309432557709
9674,0.00306880235262,0.00305867607641,0.0252629808053
9675,0.00165065918537,0.00394445539593,0.0244316658092
9676,0.00549938151254,-0.000136761437829,0.00838117494555
9677,0.00737024291436,-0.00458555164089,0.0106723530893
9678,0.00319040109413,0.00342643226209,0.0294437183823
9679,0.00928413951754,-0.00267931018397,0.0136873772913
9680,0.000161089592816,0.00116198500977,0.0300258960248
9681,0.00860657567421,0.00314693953894,0.0232622048502
9682,0.00540235513332,-0.00171114219177,0.0174347206666
9683,0.0113451176471,0.0043290505298,0.0256830863728
9684,0.0102050434615,0.00466306892084,0.0305345368206
9685,0.00769156149694,0.00790979535813,0.0301676261893
9686,0.00477786714249,0.00764492397592,0.0403739882918
9687,0.00842354340784,0.00222688595342,0.0286624089561
9688,0.0137924082682,-0.00251575718211,0.0194291852593
9689,-0.00206315953258,0.00820217317655,0.0419591690086
9690,0.0100108652332,0.00578346019272,0.0383821760944
9691,0.00257988866527,0.00725033197789,0.0432501431893
9692,-0.00581060606111,0.0166731693925,0.0550761286641
9693,0.00867713889783,0.00437571541409,0.0287866807849
9694,0.00270821769506,0.0058357535635,0.0424633786231
9695,0.00881928779954,0.000370117405854,0.0243638228156
9696,0.00303320908268,0.0100761156705,0.0372984498736
9697,0.00396503876767,8.39627767825e-05,0.023759865694
9698,0.0137740120027,0.00547869877324,0.0458829554837
9699,0.000965436850966,0.0062080117191,0.031010260831
9700,0.018696553584,-0.00315694672105,0.0275240462343
9701,0.00284524798372,0.000533971437062,0.0151199081515
9702,0.00416868043448,0.00661780176441,0.0362720718066
9703,-0.000896550570146,0.00593770039113,0.0260524557027
9704,0.000844462091209,0.00954324109919,0.0319836482341
9705,0.000420162854632,0.00399633899562,0.0280978628593
9706,0.013031444898,0.00372802970955,0.0306863518081
9707,0.00611080534293,0.00610714200414,0.0326436436948
9708,0.00775063048387,0.00865358719164,0.0407488809354
9709,0.00342097727791,0.000117125643802,0.0176174392241
9710,0.00765604595363,0.000893780646733,0.0338517271972
9711,0.00464733778427,0.00802631557713,0.0365016133698
9712,0.00877513131402,0.00347164215654,0.0265998400502
9713,0.0102763023722,-0.00663173551173,0.0071226667901
9714,0.00899301612693,0.00205631797306,0.0335777104566
9715,0.000757932341675,0.00615508291021,0.0401572704039
9716,0.00723605351451,0.0054983213726,0.0272969424249
9717,0.00981247096179,0.000199923865201,0.0243332117457
9718,0.00660584422964,-0.00070365901824,0.0249369983688
9719,0.00486119127874,-0.00369014051223,0.0224394406333
9720,0.00292759776765,-0.00165552444052,0.0161290096763
9721,0.00387272968092,0.00399112032992,0.0232395439485
9722,-0.00434941981704,0.00811663941231,0.0279394706787
9723,0.00416487460439,-0.00195013658755,0.0148228627639
9724,0.0107234239802,-0.00380077538857,0.00622721116557
9725,0.00451057063215,0.00639034369392,0.0330592526674
9726,-0.00466288412968,0.00976404025594,0.0404076322921
9727,0.00516061933508,0.00182517301107,0.0202442799656
9728,0.0058412364038,0.00405248934846,0.0195992675162
9729,-0.00125673994631,0.00472079657298,0.0316590765663
9730,0.000375619467869,0.000690052299979,0.0197111582296
9731,0.000351622050164,0.0070630723391,0.0241150778304
9732,0.00195608821979,0.00637792554502,0.0319851939054
9733,0.0105067986182,0.00403152240752,0.0438262297251
9734,0.00445029791832,0.00250633283237,0.0144265179252
9735,0.00584029006106,0.00120860479399,0.0267387451681
9736,0.00881353912308,0.000876444744181,0.0292876764854
9737,0.00890458555992,-0.00579355488335,0.00707436449951
9738,0.00779949211114,0.00436571040367,0.0273920143437
9739,0.00386602315778,0.00351237910456,0.0251230569296
9740,0.00741037930262,0.00521336262894,0.0287691238553
9741,-0.00395103043739,0.00658535679079,0.023988532767
9742,0.0146755330432,0.000898423198761,0.0200356081547
9743,0.00314228254556,0.00970820340367,0.045369781949
9744,0.00565633488203,0.00303289842209,0.032187401981
9745,0.00464448246373,0.00213433576909,0.0348966134879
9746,0.00257972803599,0.00457456574855,0.020582938172
9747,0.00629215383864,-0.00506437746488,0.0146002256459
9748,0.0054692464924,0.00654088911873,0.0300022257282
9749,0.00404804960865,0.00514825033844,0.0235579793756
9750,0.0093097947236,0.00405721246344,0.028112926438
9751,0.00477650099571,0.00915135428744,0.0422124011797
9752,0.00459796717059,0.00202350264073,0.027726874716
9753,0.00421891645745,0.000592298023338,0.0223654126293
9754,0.00510739032865,0.00703658500528,0.0309243773041
9755,0.00101156167382,0.0061957122215,0.0281003414999
9756,-0.00213915666966,0.00391514830273,0.0212392030023
9757,0.00435437660748,0.00310440835225,0.0299991582115
9758,-0.000161205555753,0.00578280891102,0.0297306781337
9759,0.0101062422117,0.00899557491496,0.0454426863542
9760,-8.12077532719e-06,0.00379278664642,0.0223343774031
9761,0.00355618916432,0.00572938655,0.0310724396105
9762,0.00250467437611,0.00678927392289,0.033426345003
9763,0.00994524376118,0.000896396155927,0.0189084500657
9764,0.00607892797219,0.00282573911806,0.0252331698075
9765,0.0085465993611,-0.00234511373243,0.0169959667707
9766,0.00889790768179,-0.00221508137505,0.0156201667759
9767,0.00244491374831,0.00741975965841,0.0461801441292
9768,-0.00029154803128,0.00919449735848,0.0389821397703
9769,0.00854298370411,0.00222786843666,0.0462321884783
9770,0.00310950197924,-0.00295434600458,0.00693792039376
9771,0.00908989532661,0.00919881628524,0.0361829626411
9772,0.00670578423766,0.00232644064521,0.0267934988229
9773,-0.000423151144705,0.00829521850609,0.0357257919327
9774,0.00917341335039,0.00535488506317,0.0248802912603
9775,0.00856470379371,0.000131349630227,0.0280968053516
9776,0.00746812201333,0.00532978163559,0.0285810903999
9777,0.0055570278653,-4.01563406108e-05,0.0217308354011
9778,0.00360501806215,-0.00240163285057,0.0220293273791
9779,0.0100602102973,0.00706873700259,0.0357794700412
9780,0.010717509869,-0.0042649973847,0.0183483379496
9781,0.0133428721411,-0.00169510451162,0.0136165516072
9782,0.00659196423686,0.00157260894642,0.0291496435734
9783,-0.000295713099786,0.00769712686553,0.0357677908629
9784,0.00374832321688,0.0126151251019,0.0441256983887
9785,0.0118047374545,0.00127013231396,0.031348184582
9786,0.00641708869391,0.004272292041,0.0257775467774
9787,0.0120165537277,-0.00676781860727,0.00614804471271
9788,0.00637762126068,0.00159357803711,0.034348669174
9789,0.00662334598147,0.00548938527448,0.0334286186312
9790,0.00701183450312,0.00759289387492,0.027987114063
9791,0.0140894811818,0.000254193503089,0.0227736885478
9792,0.00288032237202,0.0100728990502,0.0545672616922
9793,0.0209024695867,-0.00479486103959,0.00790712640618
9794,0.00543284681649,0.00440435170905,0.0476017938433
9795,0.00695331422563,0.000173517726294,0.0125267106922
9796,0.01262985806,-0.00071944928396,0.0208637149716
9797,0.00839412658883,0.00166967012156,0.0230273005718
9798,0.00349038744017,0.00212663140561,0.0261759549594
9799,0.000234065204976,0.00886851625179,0.0414579402721
9800,0.00367573607054,0.00285078839714,0.0137193215879
9801,0.00460205336242,0.0001862751702,0.0262291190374
9802,-0.00273389692922,0.0102487279932,0.0369957861389
9803,-0.000949628580299,0.0100609854084,0.0367175893671
9804,0.00744357587371,0.0013142428757,0.0275315561399
9805,0.0103216883839,-0.000270913092015,0.0180894110327
9806,0.0123684866348,0.00202619681639,0.0240541427227
9807,0.000264624825726,0.00714816513879,0.0239366373239
9808,0.00841142236829,0.00130403779369,0.0207312240111
9809,0.00297414617909,0.00144667332457,0.0259690655835
9810,-0.00317689691128,0.0112875853819,0.0388746665196
9811,0.00542762563955,0.00471166134864,0.0378690617496
9812,-0.000717294773831,0.0101993181735,0.0372349403869
9813,0.0105443618296,-0.00402815814499,0.0172291328817
9814,0.00551006928891,0.00182865651284,0.0287019034549
9815,0.0115679276974,0.00297951584559,0.0234246923018
9816,0.0143277014922,0.00383950191525,0.0410906355895
9817,0.00472652984447,0.00716675785079,0.039293639434
9818,0.00112185209253,0.0120716840677,0.0441637939101
9819,0.0118675680067,-0.000270772238142,0.023622088893
9820,0.00835564995191,-2.87135580843e-05,0.0115045420013
9821,0.00525362066942,0.00309746887575,0.0253777166359
9822,-0.0033862201665,0.0112168589472,0.0478180499713
9823,0.00511440795334,0.00234585491277,0.0366374390128
9824,0.00340995939214,0.00920020007579,0.0526019699951
9825,0.0154394797534,-0.00439858558743,0.0136243491976
9826,0.00326374559024,0.00401515464083,0.0198738694002
9827,0.00493526777839,0.00537531643884,0.0282828390824
9828,0.00767447456849,0.0142739124549,0.0571930420267
9829,0.00913381503911,0.00782756819904,0.0425718591903
9830,0.0014490418708,0.00892163559193,0.030965128953
9831,0.00446293097321,4.06250017795e-05,0.0246263363115
9832,0.00661572653403,0.00468865893079,0.0388140299695
9833,0.0110138098326,-0.00245121268315,0.0174191591705
9834,0.00915012730255,-5.76114496038e-05,0.0160830095901
9835,-0.00262893020959,0.0069616421702,0.0279329111868
9836,0.00460935112475,0.00683408315322,0.0340726511352
9837,0.0136574664925,0.00278579455204,0.0254039735604
9838,0.0079510741272,0.00570786818976,0.0381275454362
9839,0.00119367180096,0.00530232627407,0.0309191007519
9840,0.00506389762403,0.00393278620525,0.0258555160924
9841,-0.00228909431892,0.00803254572608,0.0378188650839
9842,0.00621097900597,0.00165116874322,0.0247465648521
9843,0.00490893463193,0.00539267061491,0.0348176907589
9844,0.0066156231308,-0.00374079659129,0.0138425767767
9845,-0.00133504584029,0.0064755354782,0.0266970805464
9846,0.0115121694417,-0.00283871087383,0.0185429820502
9847,0.00728317033809,0.00650645987521,0.031817674354
9848,0.00700851116697,0.00165603456796,0.0205297042053
9849,0.0177913451841,0.00122634797091,0.0252509408654
9850,0.00780598903126,0.00906547087682,0.0496352852313
9851,0.00665069324731,0.00251640914171,0.0267671080936
9852,0.00484751419534,0.00724572069818,0.0314851430911
9853,0.00254600409705,0.00671142733694,0.020938912466
9854,0.00575211884413,-0.00136393091367,0.0201716614149
9855,-0.00606829721168,0.00515746922837,0.0243762813778
9856,0.0105568600155,0.00184298618301,0.0254625033925
9857,0.00697574646043,0.0112462831773,0.0565954026809
9858,0.00396662384168,0.00880807919182,0.0355482051797
9859,0.00867394620558,0.000304813008835,0.019571111521
9860,0.0118125948583,0.00204487029059,0.0280558565854
9861,0.00862106862296,0.0067343884967,0.0346756372718
9862,0.0119263477184,-0.0037318579091,0.011947793975
9863,0.00474143994382,0.0031930104422,0.019910691734
9864,0.0069736748252,-0.00054477753692,0.0170863397543
9865,0.00466879754684,0.00204553708343,0.0222952889325
9866,0.0044918608944,0.0103213040451,0.0463051990139
9867,0.00903403718045,0.00190678802545,0.025689262153
9868,0.0121621410059,7.86363638804e-05,0.0200654585476
9869,0.010303609033,-0.000135418117153,0.0206620839666
9870,0.0172423893277,-0.00209204730462,0.0252922328092
9871,0.00696743183996,0.00797831316368,0.0389204015482
9872,0.00727283985704,-0.000154646417989,0.0154697700366
9873,0.00271753982267,0.00349303361229,0.0302612895901
9874,0.0057158302912,0.00762909234975,0.0340333068557
9875,0.00114832868903,0.00706193727434,0.0411282214925
9876,0.00583141983609,0.00719295851725,0.0367929240932
9877,0.00420635830489,0.00283165807573,0.0277158429414
9878,0.0109117901457,0.00815577123358,0.0352712289745
9879,0.0178408234947,-0.0021948948081,0.0133668962757
9880,0.00177198391625,0.00835000140437,0.0331816188386
9881,0.00771445058319,0.00135079947293,0.0277236545986
9882,-0.000188626811036,0.0106769321919,0.0493627297208
9883,0.0118083106661,0.00478616514893,0.0395968620587
9884,0.00203043495808,0.00171337692016,0.0272956502708
9885,0.00452901950969,-0.00560211601231,0.0174566077603
9886,0.0118918931103,-0.00345977175712,0.0124970106396
9887,0.00449177056105,0.00508275840327,0.0298499221791
9888,0.00749985579236,0.00132990746808,0.0133197062641
9889,0.00631408129305,0.00629205016722,0.0414823586736
9890,0.0152605367043,-0.00856801441756,0.00192380114732
9891,0.00112230176892,0.00545101960322,0.030730677999
9892,0.000422610282364,0.00837372435518,0.0392151150979
9893,0.00695485192835,0.00991015162498,0.0396596875295
9894,0.00263399447895,0.00350855753328,0.0344545347738
9895,0.00518051055302,-0.000739812042587,0.0327784295855
9896,-0.00346515680073,0.0143920068432,0.0454372363298
9897,0.00233836701729,0.00477175514621,0.0345315211917
9898,0.0127314471233,0.0059893608664,0.039533869981
9899,0.00859293150732,0.00891602690912,0.0426118827864
9900,0.00539479472481,0.00391724614801,0.0235173694553
9901,0.0083481996107,0.00446636008519,0.0428207855345
9902,0.00338562527545,0.00382373581714,0.0335392153548
9903,0.00819436512324,0.00619780797385,0.0315973214366
9904,-0.00090399171621,0.00685214778805,0.0306994482043
9905,0.00847612251714,0.00655270752561,0.0412925397712
9906,-0.0019854930198,0.00855009220743,0.0323124596212
9907,0.00310314192076,0.00899184595745,0.037861463933
9908,0.00309727662638,0.0150160807471,0.0481200477808
9909,0.00230041355704,0.00741439326491,0.0324032205341
9910,0.00166634476754,0.00540980503176,0.033210152835
9911,0.0146012413513,-0.000306753692262,0.0252480793683
9912,0.00996210870893,-0.00608113335948,0.00987908059183
9913,0.00613017835395,0.000692601807195,0.0254997341487
9914,-0.00364015621379,0.00984478874885,0.0352165615279
9915,0.000108156190452,0.00468003895662,0.0282473179077
9916,0.00922130310772,0.00219504584318,0.0312282376856
9917,0.00925702533694,-0.00139508061906,0.00921654419061
9918,0.00367567901366,0.0104538711959,0.0392878506337
9919,0.00455400097019,0.00261985013688,0.0176963307638
9920,0.00569404235735,0.00890868004115,0.0386924215618
9921,-0.00189748289293,0.0175981309905,0.061588633682
9922,0.00141611531047,0.0131887757561,0.0384427069222
9923,0.00232316103575,0.00660672815768,0.0462545173764
9924,-0.000114412360318,0.00367999542829,0.0258318873753
9925,-0.00315434677563,0.00750384423,0.0343424284349
9926,0.00955438787181,0.00104571085961,0.0169628234961
9927,-0.000506457698666,0.00897390381389,0.0309155817405
9928,0.0126827707892,0.000428482267348,0.0233583482714
9929,0.00637387700109,0.0043508224223,0.033400003731
9930,0.00660739995566,0.00894575866885,0.0358421404726
9931,0.000163780986557,0.00607779392658,0.0383249849875
9932,0.00608539376883,0.00843553279788,0.0318433468517
9933,0.00438228336024,0.00205020444989,0.0194582236277
9934,0.00794989237186,0.00249937363485,0.0275453340017
9935,0.0106559269038,-0.00107521708823,0.0145976128603
9936,0.00515309501241,0.00712575276589,0.0414873796618
9937,0.0100912893186,-0.00264124228654,0.0144511151771
9938,0.0111738756244,-0.00306673612248,0.00887023443248
9939,0.00755419262829,0.00230344107613,0.0262617763044
9940,0.0041302332477,0.00876450951639,0.0474902555462
9941,0.00291927777375,0.0100386779051,0.0391622836396
9942,1.86926088414e-05,0.00772048325125,0.0259405862936
9943,0.00752960779908,0.000648302330682,0.0281473753419
9944,0.00891804384675,0.000750948802562,0.0223355820739
9945,0.00720652973435,-0.00065233891811,0.0135814272821
9946,0.014918794034,-0.0059314141241,0.0105283072471
9947,0.0111618358381,0.0023425034198,0.0223154782479
9948,0.0134027383509,0.0028772184313,0.0325913035551
9949,0.00751428042598,0.00667489218638,0.0353847163607
9950,0.00413043344042,0.00142405306449,0.0203871255089
9951,0.00694607720476,0.00175237456004,0.0234617441375
9952,0.00952622491351,0.00523764350684,0.0350951716945
9953,0.00271083942133,0.0102812564505,0.033093965183
9954,0.00237446282126,0.0031285618072,0.0255096658004
9955,0.00116362288342,0.00315716083828,0.0284757663978
9956,0.0052304075405,0.00609634050711,0.0391063920289
9957,0.00698236693722,0.006880009733,0.0362778651971
9958,0.0164566398656,0.00203226526347,0.0275932295075
9959,-0.00438479651873,0.0091315502987,0.0324359676509
9960,0.0054063199912,0.00659717038765,0.0315967802321
9961,0.0021804248029,0.00597902389893,0.0343492691099
9962,0.0124918384655,-0.00843363714698,0.00174380868836
9963,0.00500301173057,0.00120622425499,0.0310309641957
9964,0.00364980841286,0.0050867963866,0.0365509203829
9965,0.00733522496381,0.00425546861684,0.0344763388084
9966,0.00246091719111,0.00585803773662,0.0328404260047
9967,0.00242065181103,0.00725254891772,0.0263978372005
9968,0.00732237160976,-0.00394470122612,0.0183901548343
9969,0.000421602812211,0.00625109444903,0.0374434155469
9970,0.00972053538695,0.008277840969,0.0515801304627
9971,0.0138552426581,0.00284688259448,0.0314539060786
9972,0.0101159775612,0.00559126826718,0.0359509534886
9973,0.00611856551567,-0.000223215083736,0.0261087438372
9974,-0.00552148516401,0.016954672763,0.0588419816081
9975,0.00129800710896,0.0062925496618,0.0329173825849
9976,0.0121923442388,0.00245093933071,0.024460991261
9977,0.00772681443756,0.00108066766251,0.0300134104872
9978,0.00753745035799,0.00347458308676,0.0278367088948
9979,0.015325840333,-0.00350612283627,0.00542503699088
9980,0.00672172760467,0.00124077890414,0.0289504149967
9981,0.0119338745974,0.000528950711719,0.0300390525357
9982,0.00726281569782,0.00591236103416,0.0234331046764
9983,0.00697941285936,0.00285908339027,0.0261364655832
9984,0.00557329906381,0.0061533449304,0.0372082836856
9985,0.00520415065839,0.00549059747031,0.0261641777766
9986,0.00918071151011,-0.00599820331641,0.00684996743024
9987,0.0107264612859,0.00174615707013,0.0391641981949
9988,0.00154005776123,0.0042652805433,0.0285513778872
9989,0.00741641038999,0.00325762774487,0.0200170812503
9990,0.00937187541732,0.00189076866872,0.0332558976748
9991,0.00142241360243,0.00332539821385,0.0267963698997
9992,-0.00766658435479,0.0121017061239,0.0408578782015
9993,0.00410535037941,0.00407848776904,0.0208653357598
9994,0.00163376512775,0.0098830983584,0.0492579745993
9995,0.00842714442153,0.00154964830979,0.0282907080904
9996,0.0029213922293,0.00542532701356,0.0308768696667
9997,0.00175664638371,0.0121468909837,0.053331639164
9998,0.0150960185461,-0.00303526854974,0.0139790824284
9999,-0.000705064362201,0.00227330319843,0.0152992380438
